dtp_id,temp_c,feels_like_c,precipitation_type,precipitation_mm,snow_depth_cm,wind_speed_ms,wind_gust_ms,humidity_pct,pressure_hpa,visibility_m,sunrise_ts,sunset_ts,daylight_minutes,is_twilight,is_dark,is_daylight,day_of_week,is_weekend,is_holiday,holiday_name,season,ice_risk,low_visibility_flag,bad_weather_flag,dark_without_lights_flag
556575827,3.5,-0.9549265,none,0.0,49.0,17.87718,31.319998,88.00407,991.48553,,2023-03-23 06:25:30.601376,2023-03-23 18:48:10.823009,742.67036055,0,0,1,3,0,0,,spring,0,0,1,0
556511427,6.9,2.862886,none,0.0,38.0,16.704155,28.8,73.29568,991.2475,,2023-03-23 06:24:38.696792,2023-03-23 18:47:17.808383,742.65185985,0,0,1,3,0,0,,spring,0,0,1,0
556557027,7.5,3.0318098,none,0.0,49.0,19.586119,29.519999,69.35448,993.8013,,2023-03-23 06:25:12.765399,2023-03-23 18:47:54.712780,742.6991230166666,0,0,1,3,0,0,,spring,0,0,1,0
556579827,6.25,1.8444791,none,0.0,42.0,16.904673,28.08,69.8461,989.91095,,2023-03-23 06:25:31.108817,2023-03-23 18:48:16.754602,742.7607630833334,0,0,1,3,0,0,,spring,0,0,1,0
556580227,5.95,1.2349501,none,0.0,34.0,17.555307,31.68,64.68167,990.17676,,2023-03-23 06:25:12.324089,2023-03-23 18:47:48.937054,742.6102160833333,0,1,0,3,0,0,,spring,0,0,1,1
560539827,2.2,-2.592049,none,0.0,41.0,18.079027,33.839996,84.14521,986.54816,,2023-03-23 06:27:08.314036,2023-03-23 18:50:03.756593,742.9240426166667,0,0,1,3,0,0,,spring,0,0,1,0
556485427,3.25,-0.9142506,none,0.0,42.0,15.077082,24.119999,85.184166,991.1967,,2023-03-23 06:25:58.502984,2023-03-23 18:48:47.478669,742.8162614166666,0,0,1,3,0,0,,spring,0,0,1,0
556579227,4.5,-0.27001262,none,0.0,42.0,19.008547,33.48,76.90663,989.67896,,2023-03-23 06:25:21.433703,2023-03-23 18:48:08.577670,742.7857327833334,0,1,0,3,0,0,,spring,0,0,1,1
559174627,4.7,-0.2640159,none,0.0,40.0,21.2522,32.039997,80.324036,988.0309,,2023-03-23 06:25:48.611461,2023-03-23 18:48:34.815455,742.7700665666667,0,1,0,3,0,0,,spring,0,0,1,1
556706427,7.0,3.4588685,none,0.0,29.0,13.339445,23.759998,76.22781,982.9941,,2023-03-24 06:22:47.973547,2023-03-24 18:50:18.139963,747.5027736,0,0,1,4,0,0,,spring,0,0,0,0
556716427,8.7,4.8679123,rain,0.2,35.0,18.0036,31.319998,77.85325,988.4677,,2023-03-24 06:22:14.681683,2023-03-24 18:49:32.567771,747.2981014666667,0,0,1,4,0,0,,spring,0,0,1,0
556724627,5.95,2.0962954,none,0.0,34.0,14.973576,30.960001,79.65011,985.349,,2023-03-24 06:22:06.550389,2023-03-24 18:49:28.409454,747.3643177499999,0,1,0,4,0,0,,spring,0,0,0,1
556730827,4.55,0.7239084,none,0.0,30.000002,13.684735,26.28,82.339195,980.9989,,2023-03-24 06:24:18.966762,2023-03-24 18:51:54.412136,747.5907562333334,0,1,0,4,0,0,,spring,0,0,0,1
556756227,0.45,-3.1751785,none,0.0,41.0,9.511088,14.4,91.65572,989.5795,,2023-03-24 06:22:46.825288,2023-03-24 18:50:08.055777,747.3538414833333,0,1,0,4,0,0,,spring,1,0,0,1
557484427,8.5,5.210183,none,0.0,21.0,15.937878,33.839996,85.163536,980.42004,,2023-03-24 06:23:37.843228,2023-03-24 18:50:53.942165,747.2683156166667,0,0,1,4,0,0,,spring,0,0,1,0
556705627,5.55,0.82093334,rain,0.1,24.0,21.67786,38.519997,85.1362,977.1068,,2023-03-24 06:23:26.846597,2023-03-24 18:50:43.015713,747.2694852666666,1,0,1,4,0,0,,spring,0,0,1,0
556733627,4.55,1.2378716,none,0.0,24.0,11.384199,18.72,88.41248,979.3263,,2023-03-24 06:23:06.393173,2023-03-24 18:50:21.355164,747.2493665166666,0,1,0,4,0,0,,spring,0,0,0,1
558973027,5.55,1.6692171,rain,1.4,32.0,17.339897,28.8,91.98139,987.36707,,2023-03-24 06:22:15.400369,2023-03-24 18:49:31.477199,747.2679471666667,0,0,1,4,0,0,,spring,0,0,1,0
557139627,5.95,0.9034729,none,0.0,39.0,23.469128,40.32,81.07373,987.71594,,2023-03-24 06:22:13.578184,2023-03-24 18:49:31.299437,747.2953542166667,0,1,0,4,0,0,,spring,0,0,1,1
556741827,1.7,-1.8931999,none,0.0,38.0,10.495713,16.199999,91.076904,985.71716,,2023-03-24 06:23:28.166098,2023-03-24 18:50:49.256030,747.3514988666667,0,1,0,4,0,0,,spring,1,0,0,1
556688027,4.3,0.8260536,rain,0.8,38.0,13.004922,24.119999,92.55517,981.0132,,2023-03-24 06:23:24.662050,2023-03-24 18:50:51.839139,747.4529514833333,0,0,1,4,0,0,,spring,0,0,0,0
556813827,9.25,5.057148,none,0.0,29.0,20.188908,39.239998,73.98037,983.9221,,2023-03-24 06:22:41.521949,2023-03-24 18:49:56.960814,747.2573144166666,0,0,1,4,0,0,,spring,0,0,1,0
556671827,6.35,2.688096,rain,0.2,23.0,16.1198,27.359999,88.26094,985.1471,,2023-03-24 06:23:56.951689,2023-03-24 18:51:22.344276,747.4232097833334,0,0,1,4,0,0,,spring,0,0,1,0
556668827,9.25,5.6143293,none,0.0,29.0,17.771753,33.48,79.0255,983.8532,,2023-03-24 06:23:37.843195,2023-03-24 18:50:58.616341,747.3462191,0,0,1,4,0,0,,spring,0,0,1,0
556727427,6.0,2.9397597,none,0.0,17.0,10.365251,23.759998,83.110825,984.22784,,2023-03-24 06:23:07.527296,2023-03-24 18:50:16.894168,747.1561145333333,1,0,0,4,0,0,,spring,0,0,0,0
557180227,6.8,3.0836945,none,0.0,35.0,14.799459,24.48,78.38007,984.54626,,2023-03-24 06:23:06.067451,2023-03-24 18:50:30.657860,747.4098401499999,0,0,1,4,0,0,,spring,0,0,0,0
556733827,6.3,3.1565251,none,0.0,24.0,10.805999,25.56,80.83588,983.1936,,2023-03-24 06:22:55.043789,2023-03-24 18:50:09.788147,747.2457393000001,0,1,0,4,0,0,,spring,0,0,0,1
562284427,4.6,1.1392498,rain,1.5,23.0,13.044722,25.919998,91.27585,978.9813,,2023-03-24 06:23:54.936732,2023-03-24 18:51:09.876999,747.2490044499999,0,0,1,4,0,0,,spring,0,0,0,0
556771827,7.7,4.375991,none,0.0,26.0,15.256526,30.239998,86.264366,981.4835,,2023-03-24 06:23:03.002068,2023-03-24 18:50:15.495515,747.2082241166667,0,0,1,4,0,0,,spring,0,0,1,0
556838827,6.3,3.2207775,none,0.0,22.0,12.984975,21.599998,92.34831,978.2165,,2023-03-25 06:20:18.396658,2023-03-25 18:52:28.612611,752.1702658833333,0,0,1,5,1,0,,spring,0,0,0,0
556843227,7.05,3.350574,none,0.0,30.000002,18.668005,31.319998,93.67754,986.0148,,2023-03-25 06:20:49.923101,2023-03-25 18:52:50.747908,752.0137467833333,1,0,0,5,1,0,,spring,0,0,1,0
556871827,6.35,2.9492006,none,0.0,21.0,15.484185,31.319998,93.31865,982.5873,,2023-03-25 06:21:06.744838,2023-03-25 18:53:04.943214,751.9699729333333,0,1,0,5,1,0,,spring,0,0,1,1
556977427,9.45,6.269101,none,0.0,21.0,17.377226,31.319998,87.630196,982.80914,,2023-03-25 06:19:59.293022,2023-03-25 18:52:06.640154,752.1224522,0,0,1,5,1,0,,spring,0,0,1,0
556839827,5.45,2.1183548,none,0.0,34.0,13.854155,27.0,93.92605,985.90186,,2023-03-25 06:20:36.120013,2023-03-25 18:52:34.979966,751.9809992166666,0,1,0,5,1,0,,spring,0,0,0,1
556860227,4.0,1.2910166,none,0.0,13.0,8.217153,16.199999,96.88525,983.3806,,2023-03-25 06:21:28.928570,2023-03-25 18:53:13.274091,751.7390920166667,0,1,0,5,1,0,,spring,0,0,0,1
557345827,7.95,5.1105824,none,0.0,23.0,13.004922,25.56,89.013306,985.9361,,2023-03-25 06:19:53.481591,2023-03-25 18:51:47.375889,751.8982383,0,0,1,5,1,0,,spring,0,0,0,0
556833027,7.25,3.0783215,rain,0.8,24.0,22.218153,38.88,93.68734,980.142,,2023-03-25 06:19:51.385311,2023-03-25 18:51:57.429086,752.1007295833333,0,0,1,5,1,0,,spring,0,0,1,0
556851027,6.5,2.8673787,none,0.0,38.0,17.673029,33.12,94.956795,984.1321,,2023-03-25 06:20:11.255802,2023-03-25 18:52:07.429156,751.9362225666666,0,1,0,5,1,0,,spring,0,0,1,1
557044827,8.25,5.255539,rain,0.2,28.0,15.349684,28.8,92.14626,979.51917,,2023-03-25 06:20:31.890959,2023-03-25 18:52:39.516202,752.1270873833333,0,0,1,5,1,0,,spring,0,0,1,0
558118827,9.5,5.8264112,rain,0.5,20.0,22.493519,45.36,93.47908,979.7619,,2023-03-25 06:20:17.709212,2023-03-25 18:52:09.052610,751.8557232999999,0,0,1,5,1,0,,spring,0,0,1,0
556789227,7.6,3.4207597,rain,0.2,25.0,21.42227,38.16,88.065865,983.7111,,2023-03-25 06:18:54.021435,2023-03-25 18:50:52.145124,751.96872815,0,0,1,5,1,0,,spring,0,0,1,0
556837227,7.25,3.6363406,none,0.0,29.0,18.391737,31.319998,93.68734,983.1773,,2023-03-25 06:19:31.098174,2023-03-25 18:51:29.522130,751.9737326,1,0,0,5,1,0,,spring,0,0,1,0
556796227,7.95,4.695635,rain,0.2,29.0,16.323528,31.319998,90.87087,976.81616,,2023-03-25 06:20:30.342293,2023-03-25 18:52:39.241595,752.1483217,0,0,1,5,1,0,,spring,0,0,1,0
556852227,4.95,1.8600183,none,0.0,34.0,11.503113,22.319998,93.90225,978.11584,,2023-03-25 06:20:36.846252,2023-03-25 18:52:31.624006,751.9129625666667,0,1,0,5,1,0,,spring,0,0,0,1
556934427,5.25,2.4425101,rain,0.1,19.0,10.829959,23.039999,97.93456,974.4649,,2023-03-26 06:18:22.553179,2023-03-26 18:54:54.775990,756.53704685,0,1,0,6,1,0,,spring,0,0,0,1
556983427,0.8,-1.5699847,none,0.0,13.0,2.5455842,2.8799999,100.0,980.7558,,2023-03-26 06:18:58.412429,2023-03-26 18:55:17.722903,756.3218412333333,0,1,0,6,1,0,,spring,1,0,0,1
557553027,3.35,0.6517544,rain,1.7,26.0,7.491114,12.959999,97.90291,977.63806,,2023-03-26 06:17:59.520873,2023-03-26 18:54:47.172211,756.7941889666668,0,0,1,6,1,0,,spring,0,0,0,0
556935427,4.85,2.004981,none,0.0,7.0,10.446206,19.8,97.58634,970.5837,,2023-03-26 06:17:58.387672,2023-03-26 18:54:26.577075,756.4698233833333,0,1,0,6,1,0,,spring,0,0,0,1
556869227,2.8,0.36492443,none,0.0,32.0,5.1165614,5.7599998,98.59133,983.65356,,2023-03-26 06:17:40.523228,2023-03-26 18:54:21.247528,756.6787383333334,0,1,0,6,1,0,,spring,0,0,0,1
556936627,1.4,-2.0284243,none,0.0,19.0,10.028439,16.919998,97.16853,976.10944,,2023-03-26 06:17:43.403180,2023-03-26 18:54:31.478765,756.80125975,0,1,0,6,1,0,,spring,1,0,0,1
556940027,3.55,0.17093849,none,0.0,5.0,12.224107,20.880001,96.87403,977.31226,,2023-03-26 06:17:58.181521,2023-03-26 18:54:19.016272,756.34724585,0,1,0,6,1,0,,spring,0,0,0,1
556869427,3.8,1.6314836,none,0.0,22.0,4.510787,4.68,98.25602,983.2158,,2023-03-26 06:17:27.504494,2023-03-26 18:53:52.889294,756.42308,0,1,0,6,1,0,,spring,0,0,0,1
556869627,3.2,1.211967,none,0.0,32.0,2.6208394,6.12,98.94525,981.69305,,2023-03-26 06:17:38.951272,2023-03-26 18:54:20.878302,756.6987838333333,0,1,0,6,1,0,,spring,0,0,0,1
556906627,5.25,3.4632545,rain,0.9,31.0,3.7585104,15.119999,97.594025,976.7084,,2023-03-26 06:17:41.707763,2023-03-26 18:54:26.446045,756.7456380333333,0,0,1,6,1,0,,spring,0,0,0,0
556943027,1.85,-1.3743739,none,0.0,27.000002,9.028754,15.84,96.484604,979.0072,,2023-03-27 06:15:19.052600,2023-03-27 18:56:40.518994,761.3577732333334,0,1,0,0,0,0,,spring,1,0,0,1
556987827,8.1,4.0311527,rain,0.1,26.0,18.218275,33.48,75.61086,979.83203,,2023-03-27 06:15:29.095109,2023-03-27 18:56:48.220948,761.3187639833334,0,0,1,0,0,0,,spring,0,0,1,0
557012827,7.75,3.9859123,rain,0.1,21.0,13.441071,30.960001,66.739876,979.2264,,2023-03-27 06:15:18.221164,2023-03-27 18:56:44.201037,761.4329978833333,0,0,1,0,0,0,,spring,0,0,0,0
557030227,4.15,0.47277164,none,0.0,24.0,12.72283,20.519999,84.97999,985.97296,,2023-03-27 06:15:27.815316,2023-03-27 18:56:46.664910,761.3141598999999,0,1,0,0,0,0,,spring,0,0,0,1
557084027,5.1,1.8313856,none,0.0,11.0,10.041354,21.96,80.09484,983.2177,,2023-03-27 06:15:09.996813,2023-03-27 18:56:11.551818,761.0259167500001,0,1,0,0,0,0,,spring,0,0,0,1
557243227,7.55,3.2655873,rain,0.1,12.0,17.555305,33.12,69.85991,978.78174,,2023-03-27 06:14:57.654162,2023-03-27 18:55:59.285812,761.0271941666667,0,0,1,0,0,0,,spring,0,0,1,0
557377227,4.95,1.550056,none,0.0,14.0,11.304229,21.24,82.68495,983.99646,,2023-03-27 06:14:50.599044,2023-03-27 18:56:19.410155,761.4801851833333,0,1,0,0,0,0,,spring,0,0,0,1
556944427,0.95,-2.0329316,none,0.0,29.0,6.638072,10.440001,98.215385,978.6734,,2023-03-27 06:15:02.834727,2023-03-27 18:56:21.450025,761.3102549666667,0,1,0,0,0,0,,spring,1,0,0,1
557018427,6.9,3.1535726,rain,0.1,11.0,14.618837,28.8,76.21113,984.9278,,2023-03-27 06:14:02.460922,2023-03-27 18:55:13.194530,761.1788934666668,0,0,1,0,0,0,,spring,0,0,0,0
557184627,8.6,4.809963,rain,0.1,12.0,16.375053,31.68,73.34809,978.7996,,2023-03-27 06:14:02.531140,2023-03-27 18:55:19.956962,761.2904303666667,0,0,1,0,0,0,,spring,0,0,1,0
557434227,3.35,0.1980257,none,0.0,20.0,8.766573,16.919998,87.990326,979.65924,,2023-03-27 06:15:08.842942,2023-03-27 18:56:38.170477,761.48879225,0,1,0,0,0,0,,spring,0,0,0,1
557028027,5.45,2.1700616,none,0.0,29.0,10.239453,19.08,78.73051,981.4652,,2023-03-27 06:15:26.914750,2023-03-27 18:56:39.368058,761.2075551333332,0,1,0,0,0,0,,spring,0,0,0,1
557021827,7.8,3.4336529,none,0.0,23.0,17.811815,30.960001,67.46846,983.8148,,2023-03-27 06:14:27.828892,2023-03-27 18:55:38.255606,761.1737785666667,0,0,1,0,0,0,,spring,0,0,1,0
557392627,6.65,2.9390078,none,0.0,24.0,14.05845,28.8,76.169334,983.0957,,2023-03-27 06:15:28.661906,2023-03-27 18:56:48.002082,761.3223362666666,0,0,1,0,0,0,,spring,0,0,0,0
556988227,8.75,5.0938063,rain,0.1,12.0,15.941944,34.92,74.409775,978.53345,,2023-03-27 06:14:09.915953,2023-03-27 18:55:30.460699,761.3424124333334,0,0,1,0,0,0,,spring,0,0,1,0
557222227,1.65,-1.4833579,none,0.0,27.000002,8.404285,15.4800005,97.87397,978.67584,,2023-03-27 06:15:33.445753,2023-03-27 18:56:54.628340,761.3530431166668,0,0,1,0,0,0,,spring,1,0,0,0
556953827,1.25,-1.6706419,none,0.0,26.0,6.489992,10.799999,97.86706,982.19867,,2023-03-27 06:14:21.230618,2023-03-27 18:55:31.002673,761.1628675833333,0,1,0,0,0,0,,spring,1,0,0,1
556984827,7.05,3.0861607,none,0.0,31.0,17.429354,31.319998,80.939575,977.9799,,2023-03-27 06:15:22.945518,2023-03-27 18:56:36.767747,761.2303704833333,0,0,1,0,0,0,,spring,0,0,1,0
557022827,6.9,3.042966,none,0.0,15.000001,14.934577,30.960001,74.3442,980.2277,,2023-03-27 06:14:39.980183,2023-03-27 18:55:44.303146,761.0720493833334,0,0,1,0,0,0,,spring,0,0,0,0
557522627,7.4,3.126544,rain,0.1,13.0,17.727943,29.16,71.58891,983.79095,,2023-03-27 06:14:39.343878,2023-03-27 18:55:56.548658,761.2867463333333,0,0,1,0,0,0,,spring,0,0,1,0
557314427,7.05,3.9544315,none,0.0,16.0,10.028439,22.68,74.89965,980.48566,,2023-03-27 06:15:04.178522,2023-03-27 18:56:30.372240,761.4365619666667,0,0,1,0,0,0,,spring,0,0,0,0
557021427,5.7,2.1095676,none,0.0,4.0,12.429127,25.199999,77.65452,972.9183,,2023-03-27 06:15:30.554064,2023-03-27 18:56:36.448100,761.0982339333333,1,0,0,0,0,0,,spring,0,0,0,0
557045627,-1.7,-4.4824677,none,0.0,4.0,2.52,6.4799995,97.81515,982.8707,,2023-03-28 06:12:46.615429,2023-03-28 18:58:26.561561,765.6657688666667,0,0,1,1,0,0,,spring,1,0,0,0
557049427,0.9,-2.1385748,none,0.0,6.0,6.3690495,12.959999,94.386,984.0909,,2023-03-28 06:14:16.572823,2023-03-28 18:59:54.883195,765.6385062,0,0,1,1,0,0,,spring,1,0,0,0
557095227,9.05,5.2096386,none,0.0,4.0,12.181624,27.359999,54.477074,986.7775,,2023-03-28 06:13:00.111816,2023-03-28 18:58:37.063293,765.6158579500001,0,0,1,1,0,0,,spring,0,0,0,0
557147027,5.35,0.9511299,none,0.0,1.0,15.596767,28.08,68.41215,987.7577,,2023-03-28 06:13:02.642317,2023-03-28 18:58:37.591676,765.5824893166666,0,1,0,1,0,0,,spring,0,0,1,1
557050027,0.7,-2.0516915,none,0.0,26.0,3.8268526,8.64,92.00645,988.31055,,2023-03-28 06:12:31.838731,2023-03-28 18:58:34.676847,766.0473019333333,0,0,1,1,0,0,,spring,1,0,0,0
557149827,6.25,1.5920849,none,0.0,9.0,17.533146,29.519999,64.98531,986.7431,,2023-03-28 06:12:28.282250,2023-03-28 18:58:07.488811,765.6534426833333,1,0,0,1,0,0,,spring,0,0,1,0
557154827,9.0,4.4761114,none,0.0,9.0,17.10284,34.56,55.657112,989.7745,,2023-03-28 06:11:59.761458,2023-03-28 18:58:04.027225,766.0710961166666,0,0,1,1,0,0,,spring,0,0,1,0
557108227,9.2,4.61763,none,0.0,17.0,17.339897,33.48,54.320587,988.7066,,2023-03-28 06:12:43.884268,2023-03-28 18:58:50.656566,766.1128716333334,0,0,1,1,0,0,,spring,0,0,1,0
557123827,9.3,4.33904,none,0.0,23.0,19.881649,33.12,53.76163,991.00964,,2023-03-28 06:12:21.895819,2023-03-28 18:58:17.141359,765.9207590000001,0,0,1,1,0,0,,spring,0,0,1,0
557361027,9.6,5.3817472,none,0.0,3.0,14.84318,32.399998,52.879494,982.8495,,2023-03-28 06:12:44.424995,2023-03-28 18:58:28.337866,765.7318811833334,0,0,1,1,0,0,,spring,0,0,0,0
557215227,-1.55,-4.2706947,none,0.0,14.0,2.1897945,7.2,97.458275,991.39075,,2023-03-28 06:12:10.003586,2023-03-28 18:57:53.637082,765.7272249333333,0,0,1,1,0,0,,spring,1,0,0,0
557251227,9.7,5.177084,none,0.0,10.0,17.31746,34.56,53.869186,991.79944,,2023-03-28 06:11:45.285925,2023-03-28 18:57:46.429668,766.0190623833333,0,0,1,1,0,0,,spring,0,0,1,0
557171827,9.25,5.1280966,none,0.0,21.0,14.291592,28.44,54.530476,992.21497,,2023-03-28 06:11:35.264271,2023-03-28 18:57:20.745509,765.7580206333333,0,0,1,1,0,0,,spring,0,0,0,0
557079227,7.95,4.3055325,none,0.0,11.0,12.031756,25.56,63.525078,991.7318,,2023-03-28 06:12:01.477781,2023-03-28 18:58:08.889412,766.1235271833334,0,0,1,1,0,0,,spring,0,0,0,0
557082627,9.0,5.1878624,none,0.0,14.0,12.287555,27.0,55.057545,986.17883,,2023-03-28 06:13:03.780225,2023-03-28 18:58:51.529245,765.795817,0,0,1,1,0,0,,spring,0,0,0,0
557187627,8.85,4.758088,none,0.0,10.0,13.493999,28.8,53.83515,990.1566,,2023-03-28 06:11:56.146929,2023-03-28 18:58:01.449026,766.0883682833334,0,0,1,1,0,0,,spring,0,0,0,0
557267227,7.55,4.1444654,none,0.0,14.0,10.685391,23.039999,66.45827,990.5044,,2023-03-28 06:12:14.193587,2023-03-28 18:57:54.541652,765.67246775,0,0,1,1,0,0,,spring,0,0,0,0
557045827,-1.5,-4.226554,none,0.0,11.0,2.2768397,7.92,97.45932,985.5999,,2023-03-28 06:12:31.479119,2023-03-28 18:58:16.141020,765.7443650166666,0,0,1,1,0,0,,spring,1,0,0,0
557047427,0.95,-1.7406423,none,0.0,9.0,3.8773184,9.36,93.3677,986.14844,,2023-03-28 06:13:08.097834,2023-03-28 18:59:03.844230,765.9291066000001,0,0,1,1,0,0,,spring,1,0,0,0
557153427,6.35,1.8162651,none,0.0,4.0,16.73516,30.239998,64.77321,983.22174,,2023-03-28 06:13:46.009176,2023-03-28 18:59:35.853906,765.8307454999999,1,0,0,1,0,0,,spring,0,0,1,0
557068227,7.25,3.9128408,none,0.0,25.0,11.183201,21.96,71.81467,993.4732,,2023-03-28 06:12:15.118908,2023-03-28 18:58:10.011707,765.9148799833333,0,0,1,1,0,0,,spring,0,0,0,0
557136627,8.0,3.4137955,none,0.0,21.0,17.58481,34.56,59.77086,993.1992,,2023-03-28 06:12:44.011129,2023-03-28 18:58:39.495779,765.9247441666666,0,0,1,1,0,0,,spring,0,0,1,0
557085627,7.1,3.8085213,none,0.0,25.0,11.119281,21.599998,73.59302,990.0908,,2023-03-28 06:12:20.628217,2023-03-28 18:58:18.133111,765.9584149,0,0,1,1,0,0,,spring,0,0,0,0
557036827,3.15,-0.41166615,none,0.0,12.0,11.928989,22.319998,91.1772,987.5464,,2023-03-28 06:12:04.042700,2023-03-28 18:58:09.588073,766.0924228833334,0,1,0,1,0,0,,spring,0,0,0,1
557125827,9.55,4.8228188,none,0.0,12.0,18.278645,33.839996,52.86591,990.74445,,2023-03-28 06:12:15.740894,2023-03-28 18:57:57.076154,765.688921,0,0,1,1,0,0,,spring,0,0,1,0
559920227,-2.65,-6.1376333,none,0.0,11.0,6.3690495,9.72,96.71327,985.70447,,2023-03-28 06:12:25.209098,2023-03-28 18:58:08.259604,765.7175084333334,0,0,1,1,0,0,,spring,0,0,0,0
557348827,0.2,-2.3448246,none,0.0,9.0,2.3051248,7.5599995,94.6989,992.6151,,2023-03-28 06:13:00.996734,2023-03-28 18:59:02.858565,766.0310305166666,0,0,1,1,0,0,,spring,1,0,0,0
557200227,6.6,1.1107326,rain,0.3,21.0,28.162954,45.0,84.65674,984.91345,,2023-03-29 06:09:41.268186,2023-03-29 19:00:18.565435,770.6216208166667,0,0,1,2,0,0,,spring,0,0,1,0
557303027,6.35,2.963058,rain,0.5,13.0,15.463246,30.960001,93.6431,991.04614,,2023-03-29 06:09:10.735020,2023-03-29 18:59:38.736795,770.4666962499999,0,1,0,2,0,0,,spring,0,0,1,1
557308027,6.55,2.264,none,0.0,17.0,20.969807,37.8,89.51803,986.9911,,2023-03-29 06:10:07.058777,2023-03-29 19:00:44.898522,770.6306624166666,0,1,0,2,0,0,,spring,0,0,1,1
557364027,3.75,-1.2159023,none,0.0,28.0,19.483284,33.12,76.50503,986.42004,,2023-03-29 06:09:46.528193,2023-03-29 19:00:08.924770,770.3732762833333,0,1,0,2,0,0,,spring,0,0,1,1
557170027,3.75,-1.1235566,none,0.0,18.0,18.692286,32.399998,75.67683,990.06757,,2023-03-29 06:09:11.736582,2023-03-29 18:59:43.281337,770.5257459166667,0,1,0,2,0,0,,spring,0,0,1,1
557272027,6.9,1.9503727,rain,0.2,5.0,25.305208,45.719997,86.48341,983.7399,,2023-03-29 06:09:54.168024,2023-03-29 19:00:11.454775,770.2881125166666,0,0,1,2,0,0,,spring,0,0,1,0
557277227,6.7,2.4050913,none,0.0,28.0,21.175837,37.8,89.21904,989.9637,,2023-03-29 06:09:18.325073,2023-03-29 18:59:45.222870,770.4482966166667,0,1,0,2,0,0,,spring,0,0,1,1
557357427,6.45,1.1013627,rain,0.3,20.0,27.475807,46.44,86.74086,988.18896,,2023-03-29 06:10:08.093229,2023-03-29 19:00:42.464749,770.5728586666667,0,0,1,2,0,0,,spring,0,0,1,0
557306027,6.65,1.9360151,rain,0.9,17.0,23.617756,40.32,87.67395,988.1677,,2023-03-29 06:10:00.906511,2023-03-29 19:00:35.181404,770.5712482166667,1,0,0,2,0,0,,spring,0,0,1,0
557311027,7.45,2.3031225,none,0.0,15.000001,26.729847,48.239998,83.580315,987.3684,,2023-03-29 06:09:05.983045,2023-03-29 18:59:34.111657,770.4688102,0,0,1,2,0,0,,spring,0,0,1,0
558036827,7.85,2.2867098,rain,0.5,26.0,29.088802,43.56,79.36926,988.481,,2023-03-29 06:09:45.633368,2023-03-29 19:00:15.707719,770.5012391833334,0,0,1,2,0,0,,spring,0,0,1,0
557381427,7.45,2.2487369,rain,0.2,29.0,27.757378,44.639996,86.23881,989.8428,,2023-03-29 06:09:36.798941,2023-03-29 19:00:05.760289,770.4826891333333,0,0,1,2,0,0,,spring,0,0,1,0
557303227,6.5,2.5939407,rain,0.4,6.0,18.875126,33.12,92.03998,988.8546,,2023-03-29 06:09:30.778987,2023-03-29 19:00:06.813957,770.6005828333333,0,1,0,2,0,0,,spring,0,0,1,1
557423827,0.1,-4.2092977,none,0.0,1.0,12.313894,26.28,81.14291,985.0003,,2023-03-30 06:07:46.794855,2023-03-30 19:02:41.416981,774.9103687666667,0,1,0,3,0,0,,spring,1,0,0,1
557349627,4.55,1.4381256,none,0.0,1.0,10.137692,18.0,89.04109,982.1205,,2023-03-30 06:07:48.231928,2023-03-30 19:02:44.897536,774.9444268000001,0,1,0,3,0,0,,spring,0,0,0,1
557313627,4.2,1.899292,none,0.0,6.0,5.3517847,8.28,95.19978,990.12134,,2023-03-30 06:06:43.956630,2023-03-30 19:01:53.629164,775.1612088999999,0,1,0,3,0,0,,spring,0,0,0,1
557364627,4.25,0.8154144,none,0.0,18.0,11.298495,20.519999,85.599724,991.71857,,2023-03-30 06:07:03.412833,2023-03-30 19:02:13.852408,775.1739929166666,0,0,1,3,0,0,,spring,0,0,0,0
557398027,3.05,-1.2973447,none,0.0,2.0,14.618837,27.72,76.94645,995.4145,,2023-03-30 06:05:54.687651,2023-03-30 19:00:58.509835,775.0637030666666,0,0,1,3,0,0,,spring,0,0,0,0
557422227,0.85,-3.6970427,none,0.0,3.0,14.76439,28.44,82.15066,989.1947,,2023-03-30 06:07:11.952291,2023-03-30 19:02:37.330522,775.4229705166667,0,0,1,3,0,0,,spring,1,0,0,0
557541827,0.2,-4.2517576,none,0.0,1.0,13.246826,28.44,80.25898,989.31116,,2023-03-30 06:08:16.213484,2023-03-30 19:03:09.107609,774.8815687499999,1,0,0,3,0,0,,spring,1,0,0,0
557320027,3.9,1.0861335,none,0.0,2.0,7.9036193,16.199999,92.2045,989.7678,,2023-03-30 06:06:12.127056,2023-03-30 19:01:25.242813,775.21859595,0,0,1,3,0,0,,spring,0,0,0,0
557396827,2.1,-2.6998632,none,0.0,16.0,16.831684,28.44,77.07131,990.49677,,2023-03-30 06:07:14.863004,2023-03-30 19:02:31.660162,775.2799526333333,0,0,1,3,0,0,,spring,0,0,1,0
558014827,0.1,-4.766062,none,0.0,8.0,16.08761,28.44,80.84241,996.42896,,2023-03-30 06:06:41.622151,2023-03-30 19:01:37.559274,774.9322853833334,0,1,0,3,0,0,,spring,1,0,1,1
557365027,4.75,1.1495924,none,0.0,0.0,11.901798,27.0,80.044266,992.1958,,2023-03-30 06:07:55.530918,2023-03-30 19:02:39.379675,774.7308126166666,0,0,1,3,0,0,,spring,0,0,0,0
557359827,5.85,2.4834948,rain,0.1,15.000001,10.182337,23.4,73.62739,991.1965,,2023-03-30 06:07:40.966640,2023-03-30 19:02:57.620296,775.2775609333333,0,0,1,3,0,0,,spring,0,0,0,0
557314227,3.7,0.40428114,none,0.0,27.000002,10.587918,16.199999,90.24648,992.09235,,2023-03-30 06:06:51.495582,2023-03-30 19:02:00.747885,775.15420505,0,0,1,3,0,0,,spring,0,0,0,0
557367827,3.45,-0.5408938,none,0.0,1.0,14.05845,29.16,84.900986,984.0651,,2023-03-30 06:08:32.126074,2023-03-30 19:03:23.898150,774.8628679333334,0,0,1,3,0,0,,spring,0,0,0,0
557389827,2.45,-2.0784054,none,0.0,6.0,15.408671,28.44,77.69545,988.93506,,2023-03-30 06:07:44.290725,2023-03-30 19:03:11.406667,775.4519323666666,0,0,1,3,0,0,,spring,0,0,1,0
557409427,2.2,-2.517488,none,0.0,3.0,16.363178,30.239998,77.0878,990.6268,,2023-03-30 06:07:14.326291,2023-03-30 19:02:06.595193,774.8711483666667,0,0,1,3,0,0,,spring,0,0,1,0
558249227,3.7,0.35474682,none,0.0,23.0,10.805998,19.8,89.606,988.4908,,2023-03-30 06:07:08.727247,2023-03-30 19:02:08.859465,775.0022036333334,0,0,1,3,0,0,,spring,0,0,0,0
557416627,-0.8,-4.7876115,none,0.0,6.0,9.931042,20.519999,85.354866,986.97565,,2023-03-30 06:08:45.083019,2023-03-30 19:04:22.692966,775.6268324499999,0,1,0,3,0,0,,spring,1,0,0,1
557479427,-0.8,-5.220394,none,0.0,3.0,12.768586,23.4,84.408134,989.4027,,2023-03-30 06:08:05.106289,2023-03-30 19:03:28.089948,775.3830609833333,0,1,0,3,0,0,,spring,1,0,0,1
557479627,3.85,-0.8206141,none,0.0,20.0,16.73516,32.039997,72.19828,980.6574,,2023-03-31 06:04:50.638628,2023-03-31 19:04:27.607917,779.6161548166667,0,0,1,4,0,0,,spring,0,0,1,0
557625627,2.55,-2.101661,none,0.0,16.0,15.484185,29.88,72.74629,986.567,,2023-03-31 06:04:27.770571,2023-03-31 19:04:20.871673,779.8850183666667,0,0,1,4,0,0,,spring,0,0,1,0
557857827,1.75,-1.4706368,rain,0.2,15.000001,8.049845,19.44,91.40995,983.95557,,2023-03-31 06:04:24.700583,2023-03-31 19:04:18.548382,779.8974633166667,0,1,0,4,0,0,,spring,1,0,0,1
557477027,3.65,-1.0846968,none,0.0,20.0,16.92383,32.039997,71.896614,984.0235,,2023-03-31 06:04:36.734888,2023-03-31 19:04:12.823399,779.6014751833334,0,0,1,4,0,0,,spring,0,0,1,0
557519827,4.9,0.6862774,none,0.0,3.0,13.755579,27.359999,67.82115,982.54346,,2023-03-31 06:04:41.803681,2023-03-31 19:04:09.879885,779.4679367333333,0,0,1,4,0,0,,spring,0,0,0,0
557823427,2.55,-2.101661,none,0.0,16.0,15.484185,29.88,72.74629,987.05396,,2023-03-31 06:04:31.576973,2023-03-31 19:04:24.637804,779.8843471833334,0,0,1,4,0,0,,spring,0,0,1,0
557446227,-0.25,-4.6875687,none,0.0,3.0,12.758432,27.0,80.193115,989.00385,,2023-03-31 06:05:20.348641,2023-03-31 19:05:15.552917,779.9200712666666,0,0,1,4,0,0,,spring,1,0,0,0
557523027,5.35,1.1084976,none,0.0,15.000001,13.493999,24.48,63.60753,983.99725,,2023-03-31 06:04:36.221266,2023-03-31 19:04:27.788975,779.8594618166667,0,0,1,4,0,0,,spring,0,0,0,0
559864227,5.35,1.1966977,none,0.0,1.0,13.392774,26.28,65.97107,986.3384,,2023-03-31 06:03:47.976477,2023-03-31 19:03:40.688941,779.8785410666666,0,0,1,4,0,0,,spring,0,0,0,0
557812427,4.55,0.09282637,none,0.0,8.0,15.629971,30.239998,70.51706,987.68445,,2023-03-31 06:05:26.247447,2023-03-31 19:05:07.086167,779.6806453333334,0,0,1,4,0,0,,spring,0,0,1,0
557447627,1.6,-3.3196151,none,0.0,1.0,16.904673,33.48,75.302376,980.4084,,2023-03-31 06:05:03.417952,2023-03-31 19:04:31.524838,779.4684481,0,0,1,4,0,0,,spring,1,0,1,0
558796627,4.45,0.5409112,none,0.0,5.0,10.630672,23.4,64.81028,979.3547,,2023-03-31 06:05:57.174836,2023-03-31 19:06:16.308683,780.31889745,0,0,1,4,0,0,,spring,0,0,0,0
562009427,0.8,-2.0758796,snow,0.3,10.0,5.95906,11.5199995,99.64036,986.5055,,2023-03-31 06:04:01.205691,2023-03-31 19:03:40.931712,779.6621003500001,0,1,0,4,0,0,,spring,1,0,0,1
557431227,-0.9,-5.2347226,none,0.0,5.0,11.966953,22.68,83.45821,992.15015,,2023-03-31 06:04:04.764252,2023-03-31 19:03:51.994236,779.7871663999999,0,1,0,4,0,0,,spring,1,0,0,1
557492027,5.3,1.1402555,none,0.0,4.0,13.18308,28.44,65.00505,987.6488,,2023-03-31 06:04:02.927836,2023-03-31 19:03:56.837631,779.8984965833333,0,0,1,4,0,0,,spring,0,0,0,0
557505827,2.55,-2.101661,none,0.0,16.0,15.484185,29.88,72.74629,987.6632,,2023-03-31 06:04:34.830718,2023-03-31 19:04:26.953189,779.8687078500001,0,0,1,4,0,0,,spring,0,0,1,0
557533627,0.95,-1.6554008,rain,0.2,17.0,4.1046314,14.4,98.57003,980.2887,,2023-03-31 06:05:10.560074,2023-03-31 19:04:46.318243,779.5959694833333,0,1,0,4,0,0,,spring,1,0,0,1
557582027,5.35,1.9448199,none,0.0,6.0,8.942214,21.96,69.15992,978.4189,,2023-04-01 06:03:23.333312,2023-04-01 19:08:19.909763,784.94294085,0,0,1,5,1,0,,spring,0,0,0,0
557635227,8.3,3.7316785,none,0.0,4.0,15.986595,32.399998,52.909466,983.492,,2023-04-01 06:02:39.024135,2023-04-01 19:07:28.723555,784.8283236666666,0,0,1,5,1,0,,spring,0,0,1,0
557653227,3.95,0.3005581,rain,0.1,4.0,12.413476,22.68,85.56723,987.4051,,2023-04-01 06:02:49.961572,2023-04-01 19:07:28.829001,784.6477904833333,0,1,0,5,1,0,,spring,0,0,0,1
557658027,4.25,0.5629988,none,0.0,1.0,12.849528,23.4,84.688416,987.456,,2023-04-01 06:02:53.043086,2023-04-01 19:06:49.868638,783.9470925333334,0,1,0,5,1,0,,spring,0,0,0,1
557705427,4.9,1.2398419,none,0.0,1.0,12.429127,28.8,79.780235,984.0928,,2023-04-01 06:02:15.690729,2023-04-01 19:06:11.693354,783.9333770833333,0,0,1,5,1,0,,spring,0,0,0,0
557965627,5.35,1.5201812,none,0.0,14.0,13.358861,28.44,76.22287,986.3416,,2023-04-01 06:02:02.181164,2023-04-01 19:06:34.995308,784.5469024,1,0,0,5,1,0,,spring,0,0,0,0
557610827,6.55,2.5627017,none,0.0,1.0,13.53236,28.44,66.23798,984.7902,,2023-04-01 06:02:21.389444,2023-04-01 19:06:12.669860,783.8546736000001,0,0,1,5,1,0,,spring,0,0,0,0
557543827,0.4,-2.1878743,snow,0.6,20.0,3.5455887,7.5599995,99.63918,982.8276,,2023-04-01 06:02:01.900568,2023-04-01 19:06:17.298473,784.25663175,0,1,0,5,1,0,,spring,1,0,0,1
557600627,7.2,3.142364,none,0.0,18.0,12.738099,26.28,58.074276,985.8917,,2023-04-01 06:02:25.319992,2023-04-01 19:06:46.524544,784.3534092000001,0,0,1,5,1,0,,spring,0,0,0,0
557633627,9.0,4.372175,none,0.0,16.0,16.394829,29.519999,50.46339,979.70496,,2023-04-01 06:02:21.710968,2023-04-01 19:06:34.236187,784.2087536500001,0,0,1,5,1,0,,spring,0,0,1,0
557621427,0.45,-1.9490676,snow,0.6,2.0,2.3051248,5.7599998,99.63932,982.19586,,2023-04-01 06:01:04.906283,2023-04-01 19:05:31.678398,784.4462019166666,0,1,0,5,1,0,,spring,1,0,0,1
557648027,7.9,2.6091404,none,0.0,14.0,20.991426,33.48,54.565212,986.4541,,2023-04-01 06:01:56.245442,2023-04-01 19:06:22.348995,784.4350592166667,0,0,1,5,1,0,,spring,0,0,1,0
557759827,8.25,3.8063745,none,0.0,3.0,16.171976,32.760002,57.090748,986.8662,,2023-04-01 06:01:45.790218,2023-04-01 19:06:29.980919,784.7365116833333,0,0,1,5,1,0,,spring,0,0,1,0
557616627,6.75,2.6917248,none,0.0,2.0,13.854155,30.599998,64.63076,980.4306,,2023-04-01 06:02:25.178136,2023-04-01 19:06:28.936087,784.0626325166667,0,0,1,5,1,0,,spring,0,0,0,0
557617627,7.95,3.7706528,none,0.0,3.0,13.779114,28.44,55.987217,984.5658,,2023-04-01 06:01:33.819633,2023-04-01 19:06:17.489285,784.7278275333333,0,0,1,5,1,0,,spring,0,0,0,0
557823627,4.45,0.9333744,none,0.0,4.0,12.287555,24.119999,86.54002,990.6988,,2023-04-01 06:01:42.265932,2023-04-01 19:05:50.323386,784.1342909,0,1,0,5,1,0,,spring,0,0,0,1
557639627,7.1,2.075369,none,0.0,16.0,19.523155,33.839996,59.11485,989.23364,,2023-04-01 06:02:23.795083,2023-04-01 19:06:42.905765,784.3185113666666,0,0,1,5,1,0,,spring,0,0,1,0
557624227,8.6,4.914316,none,0.0,3.0,10.239453,32.039997,52.991287,985.01154,,2023-04-01 06:01:51.065590,2023-04-01 19:06:34.554316,784.7248121,0,0,1,5,1,0,,spring,0,0,0,0
557630627,9.3,5.204772,none,0.0,2.0,13.202726,32.399998,51.101692,982.6903,,2023-04-01 06:04:03.407511,2023-04-01 19:08:05.002190,784.0265779833334,0,0,1,5,1,0,,spring,0,0,0,0
557622227,0.0,-2.5650277,snow,0.1,3.0,2.5455842,5.3999996,96.78346,983.01874,,2023-04-01 06:00:59.384475,2023-04-01 19:05:31.907676,784.5420533500001,0,1,0,5,1,0,,spring,1,0,0,1
557690827,8.55,3.7811508,none,0.0,3.0,17.462784,31.319998,52.4018,985.0779,,2023-04-01 06:02:01.526903,2023-04-01 19:06:09.357838,784.1305155833332,0,0,1,5,1,0,,spring,0,0,1,0
557717227,5.85,1.4119277,none,0.0,1.0,19.813087,38.16,83.97685,987.73987,,2023-04-02 05:59:50.251105,2023-04-02 19:08:27.559773,788.6218111333333,0,0,1,6,1,0,,spring,0,0,1,0
557728427,10.05,5.8342457,none,0.0,4.0,18.35647,32.399998,63.336273,997.0947,,2023-04-02 05:58:50.928722,2023-04-02 19:07:35.484697,788.7425995833333,0,0,1,6,1,0,,spring,0,0,1,0
557735227,9.0,5.22031,none,0.0,1.0,15.629972,33.12,68.928055,993.89355,,2023-04-02 05:59:04.268514,2023-04-02 19:08:20.444130,789.2695936,0,0,1,6,1,0,,spring,0,0,1,0
559319827,8.25,4.912958,none,0.0,0.0,7.145796,12.24,51.559563,1004.1951,,2023-04-17 05:23:30.694098,2023-04-17 19:40:11.267204,856.6762184333334,1,0,0,0,0,0,,spring,0,0,0,0
557749227,6.35,3.2644815,none,0.0,8.0,11.542478,20.880001,85.523834,995.9392,,2023-04-02 05:59:39.199470,2023-04-02 19:08:40.748625,789.02581925,0,1,0,6,1,0,,spring,0,0,0,1
558169627,9.9,5.4025364,none,0.0,11.0,20.288164,34.2,63.97519,991.7677,,2023-04-02 05:59:11.536631,2023-04-02 19:08:17.728185,789.1031925666666,0,0,1,6,1,0,,spring,0,0,1,0
557754627,6.95,2.097505,none,0.0,1.0,22.33161,43.92,76.489456,990.7611,,2023-04-02 06:00:35.191900,2023-04-02 19:09:08.432973,788.5540178833332,0,0,1,6,1,0,,spring,0,0,1,0
557756227,6.5,3.6628046,rain,0.1,16.0,10.464798,19.08,87.354355,994.47144,,2023-04-02 05:58:57.246149,2023-04-02 19:07:57.874332,789.0104697166666,0,1,0,6,1,0,,spring,0,0,0,1
559743227,9.4,5.1388063,none,0.0,1.0,18.998316,39.6,67.33319,991.0378,,2023-04-02 05:59:15.413448,2023-04-02 19:08:37.630252,789.3702800666667,0,0,1,6,1,0,,spring,0,0,1,0
557680227,3.45,-0.21620798,none,0.0,11.0,13.684735,22.68,94.834335,991.7662,,2023-04-02 05:59:52.263112,2023-04-02 19:08:57.211412,789.0824716666666,0,0,1,6,1,0,,spring,0,0,0,0
557704427,7.3,3.0974956,none,0.0,0.0,19.134262,41.760002,79.84656,989.6612,,2023-04-02 06:00:29.637121,2023-04-02 19:09:06.895032,788.6209651833334,0,0,1,6,1,0,,spring,0,0,1,0
557831427,3.55,-0.37431955,none,0.0,4.0,15.517629,25.919998,94.50285,992.0431,,2023-04-02 05:59:18.322257,2023-04-02 19:07:59.301298,788.6829840166666,0,0,1,6,1,0,,spring,0,0,1,0
557719827,9.8,5.3681765,none,0.0,11.0,19.64228,36.36,63.72692,994.2696,,2023-04-02 05:59:16.466984,2023-04-02 19:08:17.613833,789.01911415,0,0,1,6,1,0,,spring,0,0,1,0
557671827,3.5,-0.09536028,none,0.0,17.0,13.324863,23.759998,95.17312,993.96893,,2023-04-02 05:59:21.605733,2023-04-02 19:08:13.558596,788.86588105,0,1,0,6,1,0,,spring,0,0,0,1
557716627,8.3,3.9933405,none,0.0,8.0,19.917469,38.519997,74.85364,994.52594,,2023-04-02 05:58:31.220321,2023-04-02 19:07:27.482691,788.9377061666667,0,0,1,6,1,0,,spring,0,0,1,0
557723627,7.9,3.3933277,none,0.0,3.0,21.288757,41.399998,76.91503,991.1028,,2023-04-02 05:59:01.986155,2023-04-02 19:07:39.483023,788.6249478000001,0,0,1,6,1,0,,spring,0,0,1,0
557723827,7.65,3.205408,none,0.0,4.0,20.523155,38.16,76.87446,993.7973,,2023-04-02 05:58:43.892829,2023-04-02 19:07:52.300608,789.1401296500001,0,0,1,6,1,0,,spring,0,0,1,0
558301427,9.95,5.5137043,none,0.0,17.0,19.803272,33.48,63.536915,990.9161,,2023-04-02 05:59:14.197654,2023-04-02 19:08:02.740878,788.8090537333334,0,0,1,6,1,0,,spring,0,0,1,0
557998627,4.2,0.5622196,none,0.0,2.0,13.679999,22.68,90.92619,986.60925,,2023-04-02 05:59:34.984943,2023-04-02 19:08:11.290277,788.6050888999999,0,1,0,6,1,0,,spring,0,0,0,1
557785227,7.95,5.762126,none,0.0,16.0,6.439876,14.759999,80.78096,997.828,,2023-04-03 05:56:31.726404,2023-04-03 19:10:03.043163,793.5219459833334,0,0,1,0,0,0,,spring,0,0,0,0
557816427,13.05,9.9733925,none,0.0,1.0,9.028754,20.519999,47.709682,994.41327,,2023-04-03 05:57:11.392179,2023-04-03 19:11:07.838720,793.9407756833333,0,0,1,0,0,0,,spring,0,0,0,0
557830027,7.6,5.671424,rain,0.1,2.0,4.0249224,13.679999,80.16987,996.6353,,2023-04-03 05:56:32.738048,2023-04-03 19:10:10.889416,793.6358561333333,0,1,0,0,0,0,,spring,0,0,0,1
557818027,11.4,9.398474,none,0.0,2.0,5.0911684,16.56,63.869633,996.9155,,2023-04-03 05:56:23.370947,2023-04-03 19:10:06.863075,793.7248688,0,0,1,0,0,0,,spring,0,0,0,0
557842627,7.1,5.2123165,rain,0.3,0.0,4.0249224,6.4799995,84.12391,994.5236,,2023-04-03 05:55:55.617018,2023-04-03 19:09:41.531149,793.7652355166666,0,1,0,0,0,0,,spring,0,0,0,1
557774627,6.4,4.284172,none,0.0,10.0,5.5887027,14.04,88.26536,990.0839,,2023-04-03 05:57:07.631032,2023-04-03 19:10:36.414566,793.4797255666667,0,0,1,0,0,0,,spring,0,0,0,0
557854427,10.5,8.661338,none,0.0,1.0,4.5536795,14.759999,69.71774,996.06433,,2023-04-03 05:56:36.960791,2023-04-03 19:10:30.848453,793.8981277,0,0,1,0,0,0,,spring,0,0,0,0
557837027,11.35,9.482234,none,0.0,5.0,4.6800003,15.4800005,65.662415,994.88654,,2023-04-03 05:57:09.168757,2023-04-03 19:10:56.283600,793.7852473833334,0,0,1,0,0,0,,spring,0,0,0,0
557755227,5.0,2.5534368,none,0.0,0.0,6.6185193,11.159999,91.30278,987.4915,,2023-04-03 05:57:21.019168,2023-04-03 19:10:34.570596,793.2258571333333,0,1,0,0,0,0,,spring,0,0,0,1
557804227,10.15,8.175121,none,0.0,11.0,4.5536795,14.04,68.204346,998.63525,,2023-04-03 05:56:55.848164,2023-04-03 19:10:32.600760,793.6125432666666,0,0,1,0,0,0,,spring,0,0,0,0
557841427,6.45,4.476942,rain,0.2,9.0,5.3999996,8.28,91.39937,999.0345,,2023-04-03 05:56:45.864256,2023-04-03 19:10:19.787009,793.5653792166667,0,1,0,0,0,0,,spring,0,0,0,1
557769627,5.1,2.5419645,none,0.0,16.0,7.5170207,13.32,91.30949,998.8269,,2023-04-03 05:56:36.358722,2023-04-03 19:10:03.018732,793.4443335,0,0,1,0,0,0,,spring,0,0,0,0
557752027,5.8,3.2541656,none,0.0,1.0,7.6367526,14.759999,87.90289,993.8931,,2023-04-03 05:57:01.811280,2023-04-03 19:10:09.990479,793.1363199833334,0,1,0,0,0,0,,spring,0,0,0,1
557973627,12.2,9.913971,none,0.0,9.0,6.1305785,19.8,57.89487,997.742,,2023-04-03 05:56:46.070435,2023-04-03 19:10:14.372157,793.4716953666666,0,0,1,0,0,0,,spring,0,0,0,0
557892027,12.6,11.379741,none,0.0,1.0,2.4149535,17.64,60.68322,993.5159,,2023-04-04 05:54:16.440470,2023-04-04 19:12:54.539936,798.6349911,0,0,1,1,0,0,,spring,0,0,0,0
557909227,13.55,11.981659,none,0.0,9.0,2.6208394,13.679999,53.37476,998.5525,,2023-04-04 05:54:02.345194,2023-04-04 19:12:08.928095,798.1097150166667,0,0,1,1,0,0,,spring,0,0,0,0
557918627,6.9,4.718194,none,0.0,6.0,7.2,15.4800005,90.16974,995.221,,2023-04-04 05:53:59.947235,2023-04-04 19:12:20.649145,798.3450318333333,0,0,1,1,0,0,,spring,0,0,0,0
557924827,12.25,10.670151,none,0.0,0.0,2.4149535,6.4799995,61.0226,996.10504,,2023-04-04 05:54:29.127548,2023-04-04 19:12:59.920292,798.5132123999999,0,0,1,1,0,0,,spring,0,0,0,0
557855227,6.15,3.8159285,none,0.0,12.0,7.729527,13.679999,92.66138,997.8182,,2023-04-04 05:53:43.995959,2023-04-04 19:11:45.797139,798.0300196666667,0,0,1,1,0,0,,spring,0,0,0,0
557878827,13.1,11.790268,none,0.0,5.0,2.968636,18.359999,57.117355,988.7442,,2023-04-04 05:54:42.313584,2023-04-04 19:12:39.336344,797.9503793333333,0,0,1,1,0,0,,spring,0,0,0,0
557907627,13.0,10.795267,none,0.0,0.0,4.829907,12.959999,52.85477,996.73346,,2023-04-04 05:53:10.491739,2023-04-04 19:11:37.706593,798.4535809,0,0,1,1,0,0,,spring,0,0,0,0
557930627,13.55,11.981659,none,0.0,9.0,2.6208394,13.679999,53.37476,996.6567,,2023-04-04 05:53:55.211528,2023-04-04 19:12:07.263079,798.2008591833333,0,0,1,1,0,0,,spring,0,0,0,0
558070427,13.55,12.336872,none,0.0,4.0,1.2979984,16.56,55.66017,995.5919,,2023-04-04 05:54:17.128009,2023-04-04 19:12:36.612889,798.3247480000001,0,0,1,1,0,0,,spring,0,0,0,0
557867427,10.7,9.091741,none,0.0,0.0,5.1165614,17.64,75.78573,999.1121,,2023-04-04 05:54:46.870111,2023-04-04 19:13:12.461680,798.42652615,0,0,1,1,0,0,,spring,0,0,0,0
557948827,6.2,3.411819,none,0.0,4.0,9.3669195,16.199999,85.80834,996.7228,,2023-04-04 05:54:45.495678,2023-04-04 19:12:51.014070,798.0919732,0,1,0,1,0,0,,spring,0,0,0,1
558285027,11.8,10.24991,none,0.0,0.0,3.319036,15.119999,66.2182,996.30963,,2023-04-04 05:55:17.385986,2023-04-04 19:13:39.661273,798.3712547833333,0,0,1,1,0,0,,spring,0,0,0,0
557846427,4.85,2.1126013,none,0.0,0.0,9.360001,16.56,95.89399,996.8124,,2023-04-04 05:53:34.678977,2023-04-04 19:12:12.659390,798.6330068833333,0,1,0,1,0,0,,spring,0,0,0,1
558157027,6.8,3.7842522,none,0.0,0.0,10.390226,17.28,80.05554,991.715,,2023-04-04 05:54:43.978478,2023-04-04 19:12:31.278736,797.7883376333334,0,1,0,1,0,0,,spring,0,0,0,1
557852827,6.95,4.8205423,none,0.0,0.0,6.989936,16.199999,90.48674,994.4993,,2023-04-04 05:53:57.716950,2023-04-04 19:12:35.559998,798.6307174666667,0,0,1,1,0,0,,spring,0,0,0,0
557853427,5.75,3.2322664,none,0.0,0.0,8.699793,15.84,93.940254,996.43146,,2023-04-04 05:53:41.833276,2023-04-04 19:12:19.493062,798.6276631,0,0,1,1,0,0,,spring,0,0,0,0
557901227,13.55,11.778585,none,0.0,1.0,3.7585104,14.759999,53.00204,1000.09595,,2023-04-04 05:53:43.889188,2023-04-04 19:11:36.414701,797.8754252166667,0,0,1,1,0,0,,spring,0,0,0,0
557951827,11.3,9.406723,none,0.0,4.0,3.096837,3.2399998,60.368725,996.6898,,2023-04-04 05:54:09.372454,2023-04-04 19:12:25.801417,798.2738160499999,1,0,0,1,0,0,,spring,0,0,0,0
557942427,6.95,3.9430199,none,0.0,3.0,10.799999,19.08,81.21048,997.0417,,2023-04-04 05:53:32.373263,2023-04-04 19:11:43.802893,798.1904938333333,0,1,0,1,0,0,,spring,0,0,0,1
558092827,9.05,7.130664,none,0.0,6.0,6.696387,16.919998,82.6252,994.55054,,2023-04-04 05:54:13.506260,2023-04-04 19:12:34.124020,798.3436293333333,0,0,1,1,0,0,,spring,0,0,0,0
557896027,13.6,12.432026,none,0.0,0.0,1.2979984,15.4800005,56.062233,994.9267,,2023-04-04 05:55:31.321073,2023-04-04 19:13:12.690089,797.6894835999999,0,0,1,1,0,0,,spring,0,0,0,0
557897427,13.4,11.560125,none,0.0,0.0,1.609969,12.24,49.532845,998.7581,,2023-04-04 05:55:11.378137,2023-04-04 19:12:27.300753,797.2653769333334,0,0,1,1,0,0,,spring,0,0,0,0
558357627,11.2,9.396192,none,0.0,11.0,5.904439,17.28,71.56588,996.889,,2023-04-04 05:53:58.176246,2023-04-04 19:12:09.857111,798.1946810833334,0,0,1,1,0,0,,spring,0,0,0,0
557961227,3.15,0.35424328,none,0.0,4.0,7.342588,11.5199995,94.82204,996.7213,,2023-04-05 05:51:35.950689,2023-04-05 19:14:34.053486,802.96837995,0,1,0,2,0,0,,spring,0,0,0,1
558043227,13.3,10.357893,none,0.0,0.0,13.237038,28.08,56.180664,998.8549,,2023-04-05 05:52:09.920540,2023-04-05 19:15:18.516762,803.1432703666667,0,0,1,2,0,0,,spring,0,0,0,0
558033827,12.4,8.674401,none,0.0,0.0,15.192682,26.28,54.779915,999.1174,,2023-04-05 05:51:34.845155,2023-04-05 19:14:51.437290,803.2765355833333,0,0,1,2,0,0,,spring,0,0,1,0
558047227,13.1,9.062902,none,0.0,1.0,16.870138,28.8,51.049904,1002.78894,,2023-04-05 05:51:15.531674,2023-04-05 19:14:08.846650,802.8885829333334,0,0,1,2,0,0,,spring,0,0,1,0
558049427,10.45,6.9063854,none,0.0,0.0,12.599998,29.88,57.860775,995.9147,,2023-04-05 05:53:00.494227,2023-04-05 19:16:30.448911,803.4992447333333,0,0,1,2,0,0,,spring,0,0,0,0
557980027,9.7,6.7296267,none,0.0,3.0,12.313894,23.759998,73.547615,999.1012,,2023-04-05 05:51:44.200611,2023-04-05 19:14:42.336379,802.9689294666666,0,0,1,2,0,0,,spring,0,0,0,0
558149227,7.85,5.0761223,none,0.0,1.0,10.315115,21.24,80.76714,1003.47314,,2023-04-05 05:51:04.890588,2023-04-05 19:14:01.537420,802.9441138666666,0,0,1,2,0,0,,spring,0,0,0,0
558899627,12.45,8.844944,none,0.0,0.0,14.565548,29.519999,55.180096,1002.8058,,2023-04-05 05:50:28.937963,2023-04-05 19:13:12.303248,802.72275475,0,0,1,2,0,0,,spring,0,0,0,0
558029627,11.25,8.0655155,none,0.0,0.0,14.003028,28.08,67.02363,998.1836,,2023-04-05 05:52:15.610818,2023-04-05 19:15:24.708480,803.1516277,0,0,1,2,0,0,,spring,0,0,0,0
558019427,13.75,10.718271,none,0.0,1.0,12.7279215,27.72,54.55934,1000.56866,,2023-04-05 05:52:28.433938,2023-04-05 19:15:11.158260,802.7120720333334,0,0,1,2,0,0,,spring,0,0,0,0
558027027,14.2,11.016517,none,0.0,1.0,13.044722,26.28,51.71022,1002.4192,,2023-04-05 05:51:13.333192,2023-04-05 19:14:03.502228,802.8361506,0,0,1,2,0,0,,spring,0,0,0,0
557982627,10.05,7.137781,none,0.0,0.0,11.988594,24.84,72.09392,1001.67377,,2023-04-05 05:50:47.105310,2023-04-05 19:13:44.961769,802.9642743166667,0,0,1,2,0,0,,spring,0,0,0,0
558062027,7.3,3.5774379,none,0.0,0.0,13.276144,22.319998,69.313484,1002.361,,2023-04-05 05:51:50.433217,2023-04-05 19:14:59.039086,803.14343115,0,1,0,2,0,0,,spring,0,0,0,1
558062427,7.3,3.5774379,none,0.0,0.0,13.276144,22.319998,69.313484,1002.11774,,2023-04-05 05:51:46.211116,2023-04-05 19:14:57.334287,803.1853861833333,0,1,0,2,0,0,,spring,0,0,0,1
558024227,12.9,9.269344,none,0.0,1.0,15.281989,27.359999,55.10399,997.38043,,2023-04-05 05:52:22.438950,2023-04-05 19:14:57.287140,802.5808031666667,0,0,1,2,0,0,,spring,0,0,1,0
558005827,4.8,1.8530054,none,0.0,3.0,9.983106,20.880001,92.25888,1001.1298,,2023-04-05 05:52:04.570363,2023-04-05 19:15:04.972975,803.0067101999999,0,0,1,2,0,0,,spring,0,0,0,0
558926427,12.3,8.546018,none,0.0,0.0,15.124284,30.239998,54.368805,1002.65607,,2023-04-05 05:51:02.174271,2023-04-05 19:13:57.306455,802.9188697333334,0,0,1,2,0,0,,spring,0,0,1,0
557971027,4.55,1.5088425,none,0.0,0.0,10.495713,21.24,93.224335,997.9283,,2023-04-05 05:51:43.245795,2023-04-05 19:15:00.151344,803.2817591500001,0,0,1,2,0,0,,spring,0,0,0,0
558028027,12.9,9.269344,none,0.0,0.0,15.281989,27.359999,55.10399,995.01166,,2023-04-05 05:52:18.495721,2023-04-05 19:14:47.051158,802.47592395,0,0,1,2,0,0,,spring,0,0,1,0
558075827,11.0,7.870596,none,0.0,0.0,13.551501,29.519999,67.907776,998.64276,,2023-04-05 05:52:26.184167,2023-04-05 19:15:34.541125,803.1392826333333,0,0,1,2,0,0,,spring,0,0,0,0
558060827,7.2,2.9458437,none,0.0,0.0,17.10284,29.88,70.539116,999.2428,,2023-04-05 05:52:19.919654,2023-04-05 19:14:36.321101,802.2733574499999,0,1,0,2,0,0,,spring,0,0,1,1
558125027,9.55,5.3980293,none,0.0,4.0,17.873556,32.760002,64.348305,1006.41644,,2023-04-06 05:48:48.270538,2023-04-06 19:16:11.382268,807.3851954999999,0,0,1,3,0,0,,spring,0,0,1,0
558128227,9.6,5.460017,none,0.0,1.0,17.786331,32.399998,64.35968,1003.7346,,2023-04-06 05:49:06.044717,2023-04-06 19:16:47.611184,807.69277445,0,0,1,3,0,0,,spring,0,0,1,0
558131227,4.0,-0.37857413,none,0.0,0.0,16.831684,30.960001,82.267494,1004.8491,,2023-04-06 05:48:34.257881,2023-04-06 19:16:20.605267,807.7724564333333,0,0,1,3,0,0,,spring,0,0,1,0
558136027,11.0,7.1467314,none,0.0,0.0,18.374111,36.719997,59.242447,1005.9259,,2023-04-06 05:48:41.367819,2023-04-06 19:16:29.748776,807.8063492833334,0,0,1,3,0,0,,spring,0,0,1,0
558186827,7.2,2.0223246,none,0.0,1.0,17.713316,29.16,46.89891,1001.49426,,2023-04-06 05:49:20.318621,2023-04-06 19:16:33.827789,807.2251527999999,0,1,0,3,0,0,,spring,0,0,1,1
558188027,13.55,8.77774,none,0.0,2.0,18.971008,32.399998,41.622932,1007.93176,,2023-04-06 05:49:08.437788,2023-04-06 19:16:32.791677,807.40589815,0,0,1,3,0,0,,spring,0,0,1,0
558175827,12.25,7.489766,none,0.0,0.0,18.723461,34.92,44.82854,1004.71844,,2023-04-06 05:48:42.793847,2023-04-06 19:16:14.625357,807.5305251666667,0,0,1,3,0,0,,spring,0,0,1,0
558179827,12.65,7.7734146,none,0.0,1.0,19.576189,34.2,43.824932,1000.2726,,2023-04-06 05:49:20.722587,2023-04-06 19:16:34.289584,807.2261166166667,0,0,1,3,0,0,,spring,0,0,1,0
558179027,10.8,6.3237095,none,0.0,0.0,16.831684,33.48,49.516197,1005.5429,,2023-04-06 05:48:32.743331,2023-04-06 19:16:22.607481,807.8310691666667,0,0,1,3,0,0,,spring,0,0,1,0
558117627,5.6,1.2279873,none,0.0,0.0,17.429354,32.760002,76.537834,1000.62897,,2023-04-06 05:49:17.996650,2023-04-06 19:16:15.040402,806.9507292,0,0,1,3,0,0,,spring,0,0,1,0
558128427,9.35,5.3223076,none,0.0,1.0,17.148247,33.12,65.913536,1004.1774,,2023-04-06 05:49:19.858289,2023-04-06 19:16:58.989371,807.6521847,0,0,1,3,0,0,,spring,0,0,1,0
558200427,12.75,8.010892,none,0.0,1.0,19.08,33.48,44.81125,1006.3936,,2023-04-06 05:48:29.600779,2023-04-06 19:15:40.732898,807.1855353166667,0,0,1,3,0,0,,spring,0,0,1,0
558202227,5.9,0.66140795,none,0.0,0.0,17.673029,30.599998,49.21836,1005.4732,,2023-04-06 05:49:07.030349,2023-04-06 19:16:11.375977,807.0724271333333,0,1,0,3,0,0,,spring,0,0,1,1
558231227,13.1,8.518371,none,0.0,0.0,18.0,34.2,43.79747,1005.4906,,2023-04-06 05:48:36.608320,2023-04-06 19:16:19.764815,807.7192749166667,0,0,1,3,0,0,,spring,0,0,1,0
558216227,3.65,-1.018568,none,0.0,1.0,14.693999,23.759998,62.505913,1006.9656,,2023-04-06 05:49:11.643284,2023-04-06 19:16:41.470819,807.4971255833333,0,1,0,3,0,0,,spring,0,0,0,1
558287027,6.15,1.0686321,none,0.0,0.0,16.676977,30.599998,48.739704,1000.3839,,2023-04-06 05:50:38.957321,2023-04-06 19:17:37.158324,806.9700167166667,0,1,0,3,0,0,,spring,0,0,1,1
558143427,12.55,8.495908,none,0.0,0.0,19.486609,38.88,52.547802,1001.68567,,2023-04-06 05:49:49.803961,2023-04-06 19:17:12.299987,807.3749337666667,0,0,1,3,0,0,,spring,0,0,1,0
558098227,1.8,-2.502774,none,0.0,0.0,15.30741,25.56,90.101875,1000.4094,,2023-04-06 05:49:16.938005,2023-04-06 19:16:17.843588,807.01509305,0,0,1,3,0,0,,spring,0,0,1,0
558204827,5.7,0.72527504,none,0.0,1.0,15.986593,25.919998,50.467804,1007.96606,,2023-04-06 05:49:02.467191,2023-04-06 19:16:21.305877,807.3139781000001,0,1,0,3,0,0,,spring,0,0,1,1
560237027,11.2,6.6249924,none,0.0,1.0,17.786331,33.48,49.09537,1000.95135,,2023-04-06 05:49:23.636041,2023-04-06 19:16:41.835859,807.3033303,0,0,1,3,0,0,,spring,0,0,1,0
558095627,2.6,-1.3689761,none,0.0,4.0,13.513193,21.24,87.92124,1007.8414,,2023-04-06 05:48:35.030297,2023-04-06 19:15:52.637079,807.2934463666667,0,1,0,3,0,0,,spring,0,0,0,1
558146027,12.05,8.262205,none,0.0,0.0,19.694992,38.519997,58.06041,1005.6651,,2023-04-06 05:48:48.044160,2023-04-06 19:15:51.421475,807.0562885833333,0,0,1,3,0,0,,spring,0,0,1,0
558180427,11.25,6.735588,none,0.0,2.0,17.148247,32.760002,48.232975,1006.8204,,2023-04-06 05:49:09.068993,2023-04-06 19:16:32.295607,807.3871102333334,0,0,1,3,0,0,,spring,0,0,1,0
558669227,12.2,8.323042,none,0.0,0.0,19.164717,37.8,54.342373,1004.6281,,2023-04-06 05:48:13.651496,2023-04-06 19:15:39.585777,807.4322380166667,0,0,1,3,0,0,,spring,0,0,1,0
558213827,1.35,-2.8988202,none,0.0,1.0,11.681987,20.519999,72.78679,1007.93207,,2023-04-07 05:45:43.440620,2023-04-07 19:17:33.251125,811.8301750833333,0,1,0,4,0,0,,spring,1,0,0,1
558231827,4.4,-0.12176514,none,0.0,0.0,14.689589,29.519999,64.32396,1006.3414,,2023-04-07 05:45:42.974401,2023-04-07 19:17:44.004133,812.0171622,0,0,1,4,0,0,,spring,0,0,0,0
558269027,10.0,5.41251,none,0.0,0.0,14.587776,29.519999,41.95328,1003.1135,,2023-04-07 05:47:06.423243,2023-04-07 19:18:49.436563,811.7168886666666,0,0,1,4,0,0,,spring,0,0,0,0
558269827,10.15,5.644556,none,0.0,0.0,13.75558,28.44,40.622303,1005.515,,2023-04-07 05:47:13.061795,2023-04-07 19:19:11.462377,811.9733430333333,0,0,1,4,0,0,,spring,0,0,0,0
558285427,10.15,5.3673887,none,0.0,0.0,15.39184,29.519999,39.72781,997.5811,,2023-04-07 05:46:56.284140,2023-04-07 19:18:35.536266,811.6542021,0,0,1,4,0,0,,spring,0,0,1,0
558314227,9.7,5.2244434,none,0.0,0.0,13.684735,27.72,42.332382,1005.7245,,2023-04-07 05:47:11.405694,2023-04-07 19:19:31.051874,812.3274363333334,0,0,1,4,0,0,,spring,0,0,0,0
558283627,10.45,5.8572016,none,0.0,0.0,14.578888,28.08,40.561,1005.4617,,2023-04-07 05:46:11.609373,2023-04-07 19:17:45.934368,811.57208325,0,0,1,4,0,0,,spring,0,0,0,0
558291627,10.4,5.626137,none,0.0,1.0,15.158522,27.359999,38.49344,1009.98724,,2023-04-07 05:46:26.674276,2023-04-07 19:18:22.813796,811.9356586666667,0,0,1,4,0,0,,spring,0,0,1,0
558302627,4.25,-0.4635234,none,0.0,0.0,13.32,21.599998,51.398415,1008.005,,2023-04-07 05:46:52.097401,2023-04-07 19:19:05.766236,812.2278139166666,0,1,0,4,0,0,,spring,0,0,0,1
558281427,10.3,5.77359,none,0.0,0.0,13.722565,26.64,39.62508,1006.8322,,2023-04-07 05:46:39.224324,2023-04-07 19:19:04.297850,812.4178921,0,0,1,4,0,0,,spring,0,0,0,0
558367227,6.25,1.8706656,none,0.0,1.0,14.689589,29.88,60.869526,1007.263,,2023-04-07 05:45:40.258027,2023-04-07 19:17:34.477915,811.9036648,0,0,1,4,0,0,,spring,0,0,0,0
560526427,5.25,0.70292664,none,0.0,0.0,12.768586,21.24,50.719696,1009.03955,,2023-04-07 05:45:51.141219,2023-04-07 19:17:58.969016,812.1304632833333,0,1,0,4,0,0,,spring,0,0,0,1
558292627,6.55,2.7420268,none,0.0,0.0,9.47012,19.44,54.001915,1007.2103,,2023-04-07 05:46:54.865932,2023-04-07 19:19:07.491001,812.2104178166667,0,0,1,4,0,0,,spring,0,0,0,0
558236827,2.55,-1.9975951,none,0.0,1.0,14.039999,23.759998,68.57125,1005.48444,,2023-04-07 05:46:29.545126,2023-04-07 19:18:37.200819,812.1275948833334,0,0,1,4,0,0,,spring,0,0,0,0
558295427,7.05,2.3601723,none,0.0,0.0,14.241629,23.4,46.855377,1008.4936,,2023-04-07 05:46:12.088171,2023-04-07 19:18:14.095627,812.0334576,0,0,1,4,0,0,,spring,0,0,0,0
558288227,6.15,1.7706547,none,0.0,1.0,14.689589,29.16,61.290707,1008.50903,,2023-04-07 05:45:52.851485,2023-04-07 19:17:44.328490,811.8579500833333,0,0,1,4,0,0,,spring,0,0,0,0
558281027,9.4,5.1394215,none,0.0,0.0,16.981165,34.92,46.66956,1006.2909,,2023-04-07 05:46:39.689279,2023-04-07 19:18:54.954171,812.2544148666667,0,0,1,4,0,0,,spring,0,0,1,0
558288427,6.15,1.7706547,none,0.0,1.0,14.689589,29.16,61.290707,1009.24695,,2023-04-07 05:45:55.002749,2023-04-07 19:17:45.487000,811.8414041833333,0,0,1,4,0,0,,spring,0,0,0,0
558281827,10.1,5.730152,none,0.0,0.0,13.004921,25.919998,41.36652,1006.4327,,2023-04-07 05:46:25.123268,2023-04-07 19:18:48.451108,812.3887973333333,0,0,1,4,0,0,,spring,0,0,0,0
558285827,9.7,5.0293846,none,0.0,0.0,14.799459,28.8,41.555275,1008.85315,,2023-04-07 05:45:53.393657,2023-04-07 19:18:05.027806,812.1939024833333,0,0,1,4,0,0,,spring,0,0,0,0
558309227,10.5,5.765299,none,0.0,1.0,15.542662,33.12,38.237682,1008.66003,,2023-04-07 05:46:06.095585,2023-04-07 19:18:00.657850,811.9093710833333,0,0,1,4,0,0,,spring,0,0,1,0
558531227,10.2,5.39237,none,0.0,1.0,15.827721,29.88,40.486835,1005.30005,,2023-04-07 05:46:24.796750,2023-04-07 19:18:06.065262,811.6878085333334,0,0,1,4,0,0,,spring,0,0,1,0
558833627,10.25,5.5943584,none,0.0,0.0,14.830076,29.16,40.501675,1005.86194,,2023-04-07 05:45:34.049026,2023-04-07 19:17:35.733235,812.02807015,0,0,1,4,0,0,,spring,0,0,0,0
558374827,9.75,6.2504673,none,0.0,0.0,12.661564,25.199999,52.920235,1011.5056,,2023-04-08 05:43:34.652826,2023-04-08 19:20:13.099417,816.6407765166666,0,0,1,5,1,0,,spring,0,0,0,0
558384827,11.4,7.8425207,none,0.0,0.0,11.457958,26.64,42.988697,1007.41394,,2023-04-08 05:44:09.528973,2023-04-08 19:20:56.333593,816.780077,0,0,1,5,1,0,,spring,0,0,0,0
558350827,9.75,6.2504673,none,0.0,1.0,12.661564,25.199999,52.920235,1011.2621,,2023-04-08 05:43:40.417398,2023-04-08 19:20:05.731565,816.4219027833333,0,0,1,5,1,0,,spring,0,0,0,0
558382027,7.3,3.969613,none,0.0,0.0,8.699793,11.5199995,61.570263,1006.7714,,2023-04-08 05:43:00.587411,2023-04-08 19:19:36.123411,816.5922666666667,0,0,1,5,1,0,,spring,0,0,0,0
558385827,8.0,4.6428213,none,0.0,1.0,8.350138,11.879999,56.613747,1009.9949,,2023-04-08 05:43:30.880080,2023-04-08 19:19:52.593374,816.3618882333334,0,0,1,5,1,0,,spring,0,0,0,0
558415227,11.7,8.184541,none,0.0,0.0,11.709688,26.28,42.76382,1008.51953,,2023-04-08 05:43:00.678006,2023-04-08 19:19:36.228361,816.5925059166667,0,0,1,5,1,0,,spring,0,0,0,0
558457827,11.45,7.762373,none,0.0,0.0,12.229406,28.44,43.1604,1005.1543,,2023-04-08 05:44:24.230305,2023-04-08 19:20:48.095487,816.3977530333334,0,0,1,5,1,0,,spring,0,0,0,0
558564827,11.3,7.6990614,none,0.0,1.0,11.988594,28.44,44.070026,1012.0223,,2023-04-08 05:43:54.941620,2023-04-08 19:20:19.696595,816.4125829166667,0,0,1,5,1,0,,spring,0,0,0,0
559263427,7.3,3.9976635,none,0.0,0.0,8.891344,11.159999,63.14546,1005.67255,,2023-04-08 05:43:09.792859,2023-04-08 19:20:00.266281,816.8412237,0,0,1,5,1,0,,spring,0,0,0,0
558527027,5.95,2.3139315,none,0.0,0.0,9.0,14.4,59.474415,1006.4073,,2023-04-08 05:43:05.596257,2023-04-08 19:19:42.912719,816.6219410333334,0,1,0,5,1,0,,spring,0,0,0,1
558386227,7.1,4.060425,none,0.0,0.0,6.489992,9.72,61.52184,999.8405,,2023-04-08 05:45:14.596804,2023-04-08 19:22:41.401966,817.4467526999999,0,0,1,5,1,0,,spring,0,0,0,0
558356227,10.55,7.04467,none,0.0,0.0,13.53236,28.44,49.446163,1009.68176,,2023-04-08 05:44:11.776467,2023-04-08 19:20:45.396744,816.5603379500001,0,0,1,5,1,0,,spring,0,0,0,0
558369627,12.15,8.562277,none,0.0,0.0,8.669949,20.16,39.156586,1008.1475,,2023-04-08 05:43:14.817408,2023-04-08 19:19:52.024237,816.6201138166667,0,0,1,5,1,0,,spring,0,0,0,0
558371427,12.05,8.656513,none,0.0,0.0,7.386582,19.08,39.559853,1006.4579,,2023-04-08 05:42:55.814295,2023-04-08 19:19:41.018696,816.7534066833334,0,0,1,5,1,0,,spring,0,0,0,0
558367827,12.05,8.656513,none,0.0,0.0,7.386582,19.08,39.559853,1008.0208,,2023-04-08 05:42:53.316875,2023-04-08 19:19:41.812888,816.8082668833334,0,0,1,5,1,0,,spring,0,0,0,0
558368027,10.9,7.455722,none,0.0,0.0,11.304229,28.44,46.421307,1006.293,,2023-04-08 05:44:41.663987,2023-04-08 19:21:39.195067,816.9588513333333,0,0,1,5,1,0,,spring,0,0,0,0
558376027,11.95,8.21249,none,0.0,0.0,9.220499,20.16,38.244236,1006.6911,,2023-04-08 05:44:10.410894,2023-04-08 19:20:58.153978,816.7957180666667,0,0,1,5,1,0,,spring,0,0,0,0
558319427,-1.25,-5.1496654,none,0.0,0.0,7.172949,11.5199995,72.0099,1006.3744,,2023-04-08 05:44:16.086940,2023-04-08 19:21:19.322032,817.0539182,1,0,1,5,1,0,,spring,0,0,0,0
558349427,9.25,5.905466,none,0.0,0.0,10.703569,25.199999,54.727623,1007.65607,,2023-04-08 05:44:38.462317,2023-04-08 19:21:35.442465,816.9496691333334,0,0,1,5,1,0,,spring,0,0,0,0
558366427,11.4,8.05444,none,0.0,0.0,11.304229,27.0,45.564095,1006.3528,,2023-04-08 05:43:39.459193,2023-04-08 19:19:45.239437,816.0963374,0,0,1,5,1,0,,spring,0,0,0,0
558363627,9.85,6.553706,none,0.0,1.0,11.792404,25.56,53.7158,1012.2424,,2023-04-08 05:43:30.602991,2023-04-08 19:19:46.727051,816.2687343333333,0,0,1,5,1,0,,spring,0,0,0,0
558340827,8.45,5.053912,none,0.0,1.0,10.239453,21.96,58.81524,1011.3314,,2023-04-08 05:43:54.947984,2023-04-08 19:20:28.903235,816.56592085,0,0,1,5,1,0,,spring,0,0,0,0
558358827,10.4,7.0179462,none,0.0,0.0,12.24,27.359999,50.487076,1008.1956,,2023-04-08 05:43:33.823694,2023-04-08 19:20:40.867848,817.1174025666667,0,0,1,5,1,0,,spring,0,0,0,0
558406827,6.45,3.8942537,none,0.0,0.0,5.1544156,13.679999,72.95202,1011.3075,,2023-04-09 05:42:00.767203,2023-04-09 19:23:27.859014,821.4515301833333,0,0,1,6,1,0,,spring,0,0,0,0
558424227,12.05,9.141905,none,0.0,0.0,10.8955765,23.759998,53.5396,1004.87616,,2023-04-09 05:41:32.868734,2023-04-09 19:23:13.116402,821.6707944666667,0,0,1,6,1,0,,spring,0,0,0,0
558445627,12.5,8.868467,none,0.0,0.0,11.885453,24.48,46.710564,1006.7078,,2023-04-09 05:41:20.402871,2023-04-09 19:22:38.513675,821.3018467333334,0,0,1,6,1,0,,spring,0,0,0,0
558468427,11.25,8.375109,none,0.0,0.0,4.68,8.28,44.37745,1004.64594,,2023-04-09 05:41:28.851984,2023-04-09 19:22:20.908365,820.8676063500001,0,1,0,6,1,0,,spring,0,0,0,1
558443227,13.2,10.088274,none,0.0,0.0,7.69592,19.44,42.890854,1012.3449,,2023-04-09 05:40:52.660017,2023-04-09 19:21:38.314302,820.7609047499999,0,0,1,6,1,0,,spring,0,0,0,0
558489227,9.85,7.2085543,none,0.0,0.0,7.2359104,8.64,63.066692,1006.864,,2023-04-09 05:40:35.779658,2023-04-09 19:21:24.749236,820.8161596333333,0,0,1,6,1,0,,spring,0,0,0,0
558486227,11.2,8.513055,none,0.0,0.0,8.4042845,19.44,60.344395,1009.88245,,2023-04-09 05:40:49.573667,2023-04-09 19:21:43.912094,820.9056404500001,0,0,1,6,1,0,,spring,0,0,0,0
558432827,12.5,8.868467,none,0.0,0.0,11.885453,24.48,46.710564,1007.18787,,2023-04-09 05:41:16.179374,2023-04-09 19:22:30.329835,821.2358410166667,0,0,1,6,1,0,,spring,0,0,0,0
558463827,12.2,10.466541,none,0.0,0.0,3.396233,6.4799995,61.010624,1006.03406,,2023-04-09 05:40:57.282943,2023-04-09 19:21:36.977937,820.6615832333333,0,0,1,6,1,0,,spring,0,0,0,0
558500827,12.75,9.498107,none,0.0,0.0,8.825508,23.4,44.65042,1007.5103,,2023-04-09 05:41:13.852224,2023-04-09 19:22:45.434946,821.5263787,0,0,1,6,1,0,,spring,0,0,0,0
558533027,2.7,-0.40457392,none,0.0,0.0,6.87779,11.879999,83.29524,1005.58093,,2023-04-09 05:42:06.639894,2023-04-09 19:23:36.731945,821.5015341833333,0,1,0,6,1,0,,spring,0,0,0,1
558650427,1.95,-1.8933434,none,0.0,0.0,10.661107,12.959999,80.21819,1006.4069,,2023-04-09 05:41:17.211230,2023-04-09 19:22:30.750891,821.2256610166667,0,1,0,6,1,0,,spring,0,0,0,1
558466627,10.85,8.277091,none,0.0,0.0,5.1544156,6.8399997,53.791294,1004.15784,,2023-04-09 05:42:00.506054,2023-04-09 19:22:18.776558,820.3045084,0,0,1,6,1,0,,spring,0,0,0,0
558470827,11.9,9.447578,none,0.0,0.0,5.2416787,7.92,52.933167,1004.5954,,2023-04-09 05:41:38.857368,2023-04-09 19:23:11.150452,821.5382180666667,0,0,1,6,1,0,,spring,0,0,0,0
561054227,12.85,9.920738,none,0.0,0.0,6.8399997,19.44,45.001358,1004.4483,,2023-04-09 05:41:40.603262,2023-04-09 19:22:11.876693,820.5212238500001,0,0,1,6,1,0,,spring,0,0,0,0
558397427,1.45,-1.93535,none,0.0,0.0,8.12197,11.159999,86.86083,1011.0139,,2023-04-09 05:40:02.862906,2023-04-09 19:21:06.291618,821.0571452,0,1,0,6,1,0,,spring,0,0,0,1
558443627,12.95,9.853124,none,0.0,0.0,7.5942073,20.880001,43.596832,1004.6731,,2023-04-09 05:41:28.347388,2023-04-09 19:22:11.478646,820.7188543,0,0,1,6,1,0,,spring,0,0,0,0
558396027,2.4,-1.1424108,none,0.0,1.0,8.647496,12.599999,77.97212,1008.405,,2023-04-09 05:40:57.157038,2023-04-09 19:22:05.159490,821.1333742,0,1,0,6,1,0,,spring,0,0,0,1
558470027,9.8,6.6746025,none,0.0,0.0,6.193674,7.5599995,48.17147,1002.85,,2023-04-09 05:41:41.414177,2023-04-09 19:22:36.676924,820.9210457833334,0,1,0,6,1,0,,spring,0,0,0,1
558493627,4.4,0.9488554,none,0.0,0.0,10.1887,11.5199995,78.56943,998.048,,2023-04-09 05:41:50.492699,2023-04-09 19:22:27.024543,820.6088640666666,0,1,0,6,1,0,,spring,0,0,0,1
558395827,2.9,-0.6278653,none,0.0,0.0,8.647496,13.679999,75.80633,1008.78595,,2023-04-09 05:40:39.456382,2023-04-09 19:21:37.559206,820.9683804,0,1,0,6,1,0,,spring,0,0,0,1
559265427,8.95,6.389903,none,0.0,0.0,4.829907,7.92,60.221386,1008.58264,,2023-04-09 05:40:26.183736,2023-04-09 19:21:19.370040,820.8864384000001,0,1,0,6,1,0,,spring,0,0,0,1
558586627,10.9,8.5617,none,0.0,0.0,5.3517847,14.759999,59.427055,1006.0065,,2023-04-10 05:39:05.898578,2023-04-10 19:25:16.814801,826.18193705,0,0,1,0,0,0,,spring,0,0,0,0
558567827,12.75,10.384637,none,0.0,0.0,3.319036,11.5199995,46.281998,1003.9714,,2023-04-10 05:38:04.386183,2023-04-10 19:23:52.174514,825.7964721833334,0,0,1,0,0,0,,spring,0,0,0,0
558602427,8.55,5.9421673,none,0.0,0.0,7.5942082,8.28,71.055565,1006.7232,,2023-04-10 05:38:38.669973,2023-04-10 19:24:28.174248,825.82507125,0,0,1,0,0,0,,spring,0,0,0,0
558552027,12.6,9.904896,none,0.0,0.0,9.449572,22.319998,55.21928,1006.49744,,2023-04-10 05:38:05.163776,2023-04-10 19:23:48.095519,825.71552905,0,0,1,0,0,0,,spring,0,0,0,0
558582027,4.6,1.1797905,none,0.0,0.0,8.161764,14.4,68.502464,1003.99756,,2023-04-10 05:38:40.261933,2023-04-10 19:24:57.796268,826.2922389166666,0,1,0,0,0,0,,spring,0,0,0,1
558564227,10.85,8.319411,none,0.0,0.0,4.39436,11.5199995,52.273724,1000.0463,,2023-04-10 05:40:06.378305,2023-04-10 19:26:44.491406,826.6352183500001,0,0,1,0,0,0,,spring,0,0,0,0
558619427,10.75,8.584427,none,0.0,0.0,4.8965297,14.759999,62.39324,1006.0711,,2023-04-10 05:37:50.641966,2023-04-10 19:23:44.615178,825.8995535333332,0,0,1,0,0,0,,spring,0,0,0,0
558777427,3.3,-0.42947102,none,0.0,0.0,9.021574,14.759999,68.22577,1005.37787,,2023-04-10 05:39:01.856136,2023-04-10 19:24:04.827406,825.0495211666668,0,1,0,0,0,0,,spring,0,0,0,1
558786227,10.6,8.446056,none,0.0,0.0,4.3498964,14.4,61.485886,1006.0603,,2023-04-10 05:38:41.470350,2023-04-10 19:24:06.189437,825.4119847833333,0,0,1,0,0,0,,spring,0,0,0,0
558568427,2.0,-1.5633004,none,0.0,0.0,7.7879906,12.24,74.2694,1006.17706,,2023-04-10 05:38:46.777691,2023-04-10 19:23:56.615764,825.1639678833333,0,1,0,0,0,0,,spring,0,0,0,1
558554027,12.25,9.759288,none,0.0,0.0,5.692099,18.359999,52.28119,1010.6636,,2023-04-10 05:38:33.321579,2023-04-10 19:24:17.122367,825.7300131333334,0,0,1,0,0,0,,spring,0,0,0,0
558571227,10.85,8.799531,rain,0.1,0.0,3.7064266,14.04,60.685272,1005.3981,,2023-04-10 05:38:29.996824,2023-04-10 19:24:45.798198,826.2633562333334,0,0,1,0,0,0,,spring,0,0,0,0
558574227,10.2,8.17808,none,0.0,0.0,2.4149535,5.7599998,59.675426,999.2397,,2023-04-10 05:39:09.663601,2023-04-10 19:24:34.579199,825.4152599666667,0,0,1,0,0,0,,spring,0,0,0,0
558666027,7.85,5.840273,none,0.0,0.0,5.506941,7.5599995,82.47328,1006.4347,,2023-04-10 05:40:04.561751,2023-04-10 19:24:55.693656,824.8521984166667,0,0,1,0,0,0,,spring,0,0,0,0
558590427,9.4,6.7605762,none,0.0,0.0,5.315336,9.72,58.215233,1005.6857,,2023-04-10 05:38:47.737475,2023-04-10 19:24:38.400927,825.8443908666667,0,1,0,0,0,0,,spring,0,0,0,1
558614027,12.6,9.904896,none,0.0,0.0,9.449572,22.319998,55.21928,1006.97723,,2023-04-10 05:37:51.431803,2023-04-10 19:23:50.809947,825.9896357333333,0,0,1,0,0,0,,spring,0,0,0,0
558560627,12.15,9.831434,none,0.0,0.0,1.4399999,20.519999,43.52193,1005.2673,,2023-04-10 05:38:55.699295,2023-04-10 19:24:57.260343,826.0260174666668,0,0,1,0,0,0,,spring,0,0,0,0
558524827,8.5,6.405302,none,0.0,0.0,3.8773184,13.32,70.54688,1005.2772,,2023-04-10 05:38:31.136502,2023-04-10 19:23:42.974660,825.1973026333333,0,0,1,0,0,0,,spring,0,0,0,0
558549027,12.25,9.759288,none,0.0,0.0,5.692099,18.359999,52.28119,1007.4126,,2023-04-10 05:38:33.270251,2023-04-10 19:24:21.763119,825.8082144666666,0,0,1,0,0,0,,spring,0,0,0,0
558627827,11.1,9.004633,none,0.0,0.0,2.5455842,16.199999,55.020817,1006.3791,,2023-04-10 05:37:47.524346,2023-04-10 19:23:37.149697,825.8270891833333,0,0,1,0,0,0,,spring,0,0,0,0
558631427,10.6,7.8291044,none,0.0,0.0,10.799999,21.599998,68.77496,1007.2037,,2023-04-11 05:35:52.385233,2023-04-11 19:25:53.314212,830.0154829833333,0,0,1,1,0,0,,spring,0,0,0,0
558718427,7.15,4.283351,none,0.0,0.0,6.989936,9.72,68.29959,998.8386,,2023-04-11 05:36:54.995553,2023-04-11 19:27:24.697946,830.4950398833333,0,1,0,1,0,0,,spring,0,0,0,1
558654827,13.4,9.899279,none,0.0,0.0,10.587917,27.0,42.948936,999.5062,,2023-04-11 05:36:58.497019,2023-04-11 19:27:19.131020,830.3439000166667,0,0,1,1,0,0,,spring,0,0,0,0
558667027,13.95,10.516075,none,0.0,0.0,9.904906,23.039999,40.84856,1001.5886,,2023-04-11 05:37:02.150583,2023-04-11 19:27:29.255220,830.4517439499999,0,0,1,1,0,0,,spring,0,0,0,0
558712427,7.35,4.0166006,none,0.0,0.0,10.30883,11.5199995,67.85525,996.1668,,2023-04-11 05:36:12.825438,2023-04-11 19:27:02.087482,830.8210340666667,1,0,0,1,0,0,,spring,0,0,0,0
558699427,14.95,11.876446,none,0.0,0.0,4.0249224,13.32,29.872934,999.86523,,2023-04-11 05:35:58.873091,2023-04-11 19:26:22.648405,830.3962552333334,0,0,1,1,0,0,,spring,0,0,0,0
558700627,11.9,9.124232,none,0.0,0.0,4.8433046,6.4799995,45.052197,998.279,,2023-04-11 05:37:25.405611,2023-04-11 19:26:59.393291,829.5664613333333,1,0,0,1,0,0,,spring,0,0,0,0
558677027,14.85,11.58791,none,0.0,0.0,5.634891,15.119999,30.854298,998.5198,,2023-04-11 05:36:34.093320,2023-04-11 19:26:09.056745,829.58272375,0,0,1,1,0,0,,spring,0,0,0,0
558666627,12.25,8.801822,none,0.0,0.0,13.570615,27.359999,54.164043,1003.083,,2023-04-11 05:36:53.232272,2023-04-11 19:27:06.224615,830.2165390499999,0,0,1,1,0,0,,spring,0,0,0,0
558710227,6.9,3.7937298,none,0.0,0.0,8.225035,9.72,67.7594,995.62494,,2023-04-11 05:36:34.666832,2023-04-11 19:26:11.318556,829.6108620666668,0,1,0,1,0,0,,spring,0,0,0,1
558717027,7.85,4.564824,none,0.0,0.0,10.703569,11.879999,68.44647,1001.021,,2023-04-11 05:35:54.817552,2023-04-11 19:26:11.428105,830.27684255,0,1,0,1,0,0,,spring,0,0,0,1
558713827,8.35,5.2337437,none,0.0,0.0,7.8954163,8.64,59.857807,998.89716,,2023-04-11 05:36:41.964215,2023-04-11 19:27:08.657561,830.4448891,0,1,0,1,0,0,,spring,0,0,0,1
558734827,14.45,12.0435295,none,0.0,0.0,3.6,13.679999,41.437634,1001.3933,,2023-04-11 05:35:53.905889,2023-04-11 19:26:34.732901,830.6804502,0,0,1,1,0,0,,spring,0,0,0,0
558731827,6.85,3.5592127,none,0.0,0.0,9.957108,12.24,69.96769,996.8546,,2023-04-11 05:36:11.813241,2023-04-11 19:26:44.883428,830.5511697833333,0,1,0,1,0,0,,spring,0,0,0,1
558754827,13.1,9.771712,none,0.0,0.0,13.363711,27.359999,45.72331,1002.789,,2023-04-11 05:36:46.011556,2023-04-11 19:27:25.960889,830.6658222166666,0,0,1,1,0,0,,spring,0,0,0,0
558659427,13.2,9.858055,rain,0.1,0.0,11.726277,27.0,42.736656,998.4585,,2023-04-11 05:38:18.383805,2023-04-11 19:27:44.202876,829.4303178499999,0,0,1,1,0,0,,spring,0,0,0,0
558674427,15.25,11.789621,none,0.0,0.0,7.4128532,21.96,31.084938,999.6072,,2023-04-11 05:36:18.390907,2023-04-11 19:26:57.321620,830.6488452166667,0,0,1,1,0,0,,spring,0,0,0,0
560181627,8.0,4.9999094,none,0.0,0.0,7.7879906,11.159999,63.993282,999.8184,,2023-04-11 05:35:49.887657,2023-04-11 19:26:16.939526,830.4508644833334,0,1,0,1,0,0,,spring,0,0,0,1
562428227,13.8,12.304268,none,0.0,0.0,3.096837,8.28,58.497616,1001.2773,,2023-04-11 05:36:14.523597,2023-04-11 19:26:21.922215,830.1233103,0,0,1,1,0,0,,spring,0,0,0,0
558779827,16.2,13.490934,none,0.0,0.0,8.942214,21.96,33.970974,1002.27875,,2023-04-12 05:32:32.073187,2023-04-12 19:27:06.929553,834.5809394333334,0,0,1,2,0,0,,spring,0,0,0,0
558797227,16.05,13.127859,none,0.0,0.0,9.793059,24.119999,32.956738,997.444,,2023-04-12 05:33:39.061993,2023-04-12 19:28:48.904130,835.1640356166666,0,0,1,2,0,0,,spring,0,0,0,0
558730827,3.9,0.9710026,none,0.0,0.0,4.8433046,7.2,72.20789,999.42535,,2023-04-12 05:34:29.715161,2023-04-12 19:29:12.377679,834.7110419666666,0,1,0,2,0,0,,spring,0,0,0,1
558757027,14.55,11.70512,none,0.0,0.0,9.585739,20.880001,44.0585,1001.61847,,2023-04-12 05:33:18.832890,2023-04-12 19:27:47.787638,834.4825791333333,0,0,1,2,0,0,,spring,0,0,0,0
558764027,15.4,12.214191,none,0.0,0.0,11.720751,25.199999,35.36765,1000.54376,,2023-04-12 05:33:10.889405,2023-04-12 19:27:56.502406,834.7602166833333,0,0,1,2,0,0,,spring,0,0,0,0
558801827,16.0,12.107161,none,0.0,0.0,11.252519,22.319998,31.648085,994.9912,,2023-04-12 05:33:52.631582,2023-04-12 19:28:31.016637,834.6397509166667,0,0,1,2,0,0,,spring,0,0,0,0
558839827,6.85,3.4884262,none,0.0,0.0,9.746631,12.599999,67.023056,993.7737,,2023-04-12 05:33:44.787317,2023-04-12 19:28:47.862990,835.0512612166666,0,1,0,2,0,0,,spring,0,0,0,1
558845227,15.8,12.434006,none,0.0,0.0,9.605998,20.880001,36.654427,995.0755,,2023-04-12 05:34:22.970595,2023-04-12 19:29:35.831154,835.21434265,0,0,1,2,0,0,,spring,0,0,0,0
558882627,15.75,13.140463,none,0.0,0.0,8.209263,22.319998,35.47027,999.1691,,2023-04-12 05:32:49.294363,2023-04-12 19:28:09.457333,835.3360495,0,0,1,2,0,0,,spring,0,0,0,0
558823427,7.6,4.1309605,none,0.0,0.0,9.0645685,15.84,57.96584,994.67395,,2023-04-12 05:33:09.180535,2023-04-12 19:28:36.018002,835.4472911166666,0,1,0,2,0,0,,spring,0,0,0,1
558903427,7.75,4.7088566,none,0.0,0.0,7.9526596,12.599999,64.62669,996.39624,,2023-04-12 05:33:09.330673,2023-04-12 19:28:29.635012,835.33840565,0,1,0,2,0,0,,spring,0,0,0,1
559151427,16.65,13.17911,none,0.0,0.0,8.209263,18.0,30.033892,997.90485,,2023-04-12 05:33:02.428972,2023-04-12 19:28:08.656528,835.1037926,0,0,1,2,0,0,,spring,0,0,0,0
558805827,10.45,7.300256,none,0.0,0.0,8.64,11.159999,53.684113,997.6167,,2023-04-12 05:34:09.721188,2023-04-12 19:28:58.191745,834.8078426166667,1,0,0,2,0,0,,spring,0,0,0,0
558814427,7.55,3.8552818,none,0.0,0.0,11.252519,14.759999,60.747234,993.4353,,2023-04-12 05:34:48.268676,2023-04-12 19:29:09.316473,834.3507966166667,0,1,0,2,0,0,,spring,0,0,0,1
558830627,16.15,12.659788,none,0.0,0.0,9.0,18.0,32.509975,995.9193,,2023-04-12 05:33:49.355903,2023-04-12 19:29:09.271646,835.33192905,0,0,1,2,0,0,,spring,0,0,0,0
558731227,3.5,0.8295903,none,0.0,0.0,2.968636,6.4799995,73.729256,998.2435,,2023-04-12 05:34:24.792881,2023-04-12 19:29:31.158972,835.1061015166667,0,1,0,2,0,0,,spring,0,0,0,1
558763827,15.4,11.915865,none,0.0,0.0,12.88981,25.199999,33.370182,999.71765,,2023-04-12 05:33:27.698767,2023-04-12 19:28:11.382661,834.7280649,0,0,1,2,0,0,,spring,0,0,0,0
558779627,16.2,13.490934,none,0.0,0.0,8.942214,21.96,33.970974,999.9215,,2023-04-12 05:32:50.235583,2023-04-12 19:27:27.096912,834.6143554833333,0,0,1,2,0,0,,spring,0,0,0,0
558802427,10.6,7.257823,none,0.0,0.0,11.720751,12.959999,58.9341,995.27747,,2023-04-12 05:33:45.383372,2023-04-12 19:27:51.918019,834.1089107833334,0,0,1,2,0,0,,spring,0,0,0,0
558804627,14.9,13.001949,none,0.0,0.0,4.379589,16.919998,50.82584,997.54535,,2023-04-12 05:33:45.788901,2023-04-12 19:28:36.996806,834.8534650833334,0,0,1,2,0,0,,spring,0,0,0,0
558811227,9.95,6.7236423,none,0.0,0.0,8.707238,12.599999,53.93626,998.6675,,2023-04-12 05:34:17.736148,2023-04-12 19:29:22.280731,835.07574305,0,1,0,2,0,0,,spring,0,0,0,1
558821627,6.65,3.3725185,none,0.0,0.0,9.0,12.599999,67.22095,994.7259,,2023-04-12 05:33:57.656791,2023-04-12 19:29:05.039917,835.1230521,0,1,0,2,0,0,,spring,0,0,0,1
558762427,14.35,11.352408,none,0.0,0.0,10.383987,22.68,44.157883,997.1108,,2023-04-12 05:33:53.322511,2023-04-12 19:28:04.566996,834.1874080833334,0,0,1,2,0,0,,spring,0,0,0,0
558811627,10.45,7.300256,none,0.0,0.0,8.64,11.159999,53.684113,990.10443,,2023-04-12 05:34:18.936186,2023-04-12 19:28:45.522995,834.4431134833334,0,1,0,2,0,0,,spring,0,0,0,1
558871227,10.55,8.428069,none,0.0,0.0,5.3517847,14.04,65.71545,997.9888,,2023-04-12 05:34:21.576124,2023-04-12 19:29:04.319670,834.7123924333333,0,0,1,2,0,0,,spring,0,0,0,0
558769827,16.4,13.575079,none,0.0,0.0,9.504273,22.68,32.93925,996.7423,,2023-04-12 05:34:18.513834,2023-04-12 19:28:05.704091,833.7865042833333,0,0,1,2,0,0,,spring,0,0,0,0
558763227,15.4,12.373331,none,0.0,0.0,10.948973,23.759998,35.62464,997.8719,,2023-04-12 05:33:47.001562,2023-04-12 19:27:54.154309,834.11921245,0,0,1,2,0,0,,spring,0,0,0,0
558827627,7.55,4.3814974,none,0.0,0.0,9.178235,12.599999,66.93505,995.779,,2023-04-12 05:32:46.273482,2023-04-12 19:27:53.380476,835.1184499,0,1,0,2,0,0,,spring,0,0,0,1
559257627,11.85,8.544315,none,0.0,0.0,8.64,17.64,45.69357,990.64,,2023-04-12 05:34:14.142037,2023-04-12 19:28:18.259154,834.0686186166666,0,0,1,2,0,0,,spring,0,0,0,0
558860027,9.8,6.185568,none,0.0,0.0,13.779114,27.0,62.832474,993.38654,,2023-04-13 05:31:59.555671,2023-04-13 19:31:16.327283,839.2795268666666,0,0,1,3,0,0,,spring,0,0,0,0
558887627,15.35,9.997169,none,0.0,0.0,25.862436,45.36,40.38345,997.37537,,2023-04-13 05:31:35.992488,2023-04-13 19:31:04.448598,839.4742685,0,0,1,3,0,0,,spring,0,0,1,0
559033427,7.45,1.3882813,none,0.0,0.0,24.696104,47.519997,49.84356,998.6915,,2023-04-13 05:31:51.259627,2023-04-13 19:31:32.228737,839.6828184999999,0,1,0,3,0,0,,spring,0,0,1,1
558909827,13.25,7.1163483,none,0.0,0.0,27.07669,45.719997,39.052837,995.8294,,2023-04-13 05:31:46.820490,2023-04-13 19:30:59.144469,839.20539965,0,0,1,3,0,0,,spring,0,0,1,0
558928027,11.5,5.0041313,none,0.0,0.0,28.660158,47.519997,41.02162,994.5964,,2023-04-13 05:31:50.055366,2023-04-13 19:31:04.803601,839.2458039166667,0,0,1,3,0,0,,spring,0,0,1,0
558825027,6.2,2.8812685,none,0.0,0.0,8.350138,14.04,65.20972,996.559,,2023-04-13 05:31:51.888011,2023-04-13 19:31:33.008024,839.68533355,0,1,0,3,0,0,,spring,0,0,0,1
558892027,15.45,10.320883,none,0.0,0.0,24.033876,44.639996,38.71585,996.2841,,2023-04-13 05:30:36.459986,2023-04-13 19:29:53.537332,839.2846224333333,0,0,1,3,0,0,,spring,0,0,1,0
558989827,7.0,0.66644096,none,0.0,0.0,25.809765,44.28,48.259483,1001.1374,,2023-04-13 05:30:41.275542,2023-04-13 19:29:44.764837,839.0581549166667,0,1,0,3,0,0,,spring,0,0,1,1
558849227,5.8,1.8435383,none,0.0,0.0,12.72283,20.519999,67.036354,993.34894,,2023-04-13 05:31:29.582177,2023-04-13 19:30:12.373074,838.7131816166667,0,0,1,3,0,0,,spring,0,0,0,0
558859427,8.2,4.288418,none,0.0,0.0,13.979872,22.319998,62.90436,996.01105,,2023-04-13 05:30:50.885631,2023-04-13 19:30:21.764441,839.5146468333334,0,0,1,3,0,0,,spring,0,0,0,0
558910027,16.65,10.762244,none,0.0,0.0,24.1388,45.719997,26.697153,994.4471,,2023-04-13 05:30:59.361443,2023-04-13 19:30:29.372012,839.50017615,0,0,1,3,0,0,,spring,0,0,1,0
558911627,14.75,9.065506,none,0.0,0.0,23.893261,43.56,35.176716,994.8861,,2023-04-13 05:30:22.255252,2023-04-13 19:29:47.216403,839.4160191833333,0,0,1,3,0,0,,spring,0,0,1,0
558915227,12.9,6.9178658,none,0.0,0.0,26.089443,44.28,40.10131,993.7135,,2023-04-13 05:31:36.219804,2023-04-13 19:31:25.205752,839.8164324666667,0,0,1,3,0,0,,spring,0,0,1,0
558921027,9.8,3.6093273,none,0.0,0.0,25.809765,45.719997,43.3113,997.6755,,2023-04-13 05:31:31.799484,2023-04-13 19:31:07.853038,839.6008925666666,0,1,0,3,0,0,,spring,0,0,1,1
558882427,14.3,9.591847,none,0.0,0.0,21.99538,39.96,48.571297,996.15247,,2023-04-13 05:31:13.699812,2023-04-13 19:30:00.093014,838.7732200333334,0,0,1,3,0,0,,spring,0,0,1,0
559078427,12.4,8.427358,none,0.0,0.0,17.287498,31.68,55.9485,998.84595,,2023-04-13 05:30:37.941672,2023-04-13 19:29:39.854853,839.03188635,0,0,1,3,0,0,,spring,0,0,1,0
560410427,14.9,9.053264,none,0.0,0.0,24.651457,43.199997,33.960503,992.7234,,2023-04-13 05:31:41.676363,2023-04-13 19:30:50.864814,839.15314085,0,0,1,3,0,0,,spring,0,0,1,0
558850427,8.2,4.288418,none,0.0,0.0,13.979872,22.319998,62.90436,998.4245,,2023-04-13 05:30:46.020441,2023-04-13 19:30:00.323082,839.2383773500001,0,0,1,3,0,0,,spring,0,0,0,0
558929027,7.3,1.1718912,none,0.0,0.0,24.881702,46.44,49.25079,1001.3056,,2023-04-13 05:30:50.193092,2023-04-13 19:30:36.791510,839.7766403,0,1,0,3,0,0,,spring,0,0,1,1
558914427,13.3,7.0151377,none,0.0,0.0,27.959743,47.88,38.502953,993.1551,,2023-04-13 05:31:25.392310,2023-04-13 19:30:26.649732,839.0209570333334,0,0,1,3,0,0,,spring,0,0,1,0
558915027,11.5,5.2672663,none,0.0,0.0,26.758923,46.44,40.7219,996.81665,,2023-04-13 05:30:04.337650,2023-04-13 19:29:26.193084,839.3642572333333,0,0,1,3,0,0,,spring,0,0,1,0
559392627,15.9,10.163391,none,0.0,0.0,23.068108,42.839996,29.927294,997.38586,,2023-04-13 05:31:44.728043,2023-04-13 19:31:30.677080,839.7658172833333,0,0,1,3,0,0,,spring,0,0,1,0
559496627,8.5,1.9831109,none,0.0,0.0,27.908709,47.519997,46.753857,990.5795,,2023-04-13 05:31:44.682203,2023-04-13 19:30:40.721429,838.9339871,0,1,0,3,0,0,,spring,0,0,1,1
559022827,6.75,-0.19797707,none,0.0,0.0,25.959969,48.96,31.783377,1003.47266,,2023-04-14 05:28:22.127497,2023-04-14 19:32:34.587261,844.2076627333333,0,0,1,4,0,0,,spring,0,0,1,0
559038027,5.85,-0.5536516,none,0.0,0.0,22.768396,45.719997,36.270615,1000.8199,,2023-04-14 05:28:40.634397,2023-04-14 19:33:11.522283,844.5147980999999,0,0,1,4,0,0,,spring,0,0,1,0
559046627,3.95,-2.5319867,none,0.0,0.0,21.933426,38.88,34.308353,1006.94257,,2023-04-14 05:28:11.776672,2023-04-14 19:32:40.746608,844.4828322666667,1,0,0,4,0,0,,spring,0,0,1,0
559060027,2.45,-4.145793,none,0.0,0.0,22.206486,39.6,35.229015,1002.1447,,2023-04-14 05:28:52.083554,2023-04-14 19:32:19.421399,843.4556307500001,0,1,0,4,0,0,,spring,0,0,1,1
559071627,1.3,-5.654524,none,0.0,0.0,26.089447,50.76,47.141716,1000.04254,,2023-04-14 05:29:26.978976,2023-04-14 19:33:14.424562,843.7907597666667,0,0,1,4,0,0,,spring,0,0,1,0
558988627,0.75,-6.543734,none,0.0,0.0,28.503725,49.68,49.620674,996.8276,,2023-04-14 05:29:02.903089,2023-04-14 19:32:42.564973,843.6610314000001,0,0,1,4,0,0,,spring,0,0,1,0
559044027,7.55,0.5631552,none,0.0,0.0,27.859905,48.6,31.164846,1004.2311,,2023-04-14 05:28:16.280320,2023-04-14 19:32:11.180612,843.9150048666667,0,0,1,4,0,0,,spring,0,0,1,0
558977827,4.65,-1.2441318,none,0.0,0.0,24.696104,50.76,46.153442,1001.5841,,2023-04-14 05:30:11.325788,2023-04-14 19:33:02.283313,842.8492920833334,0,0,1,4,0,0,,spring,0,0,1,0
559017827,7.45,0.2133689,none,0.0,0.0,28.056913,49.68,30.772915,1003.6626,,2023-04-14 05:29:08.428950,2023-04-14 19:32:58.449142,843.8336698666667,0,0,1,4,0,0,,spring,0,0,1,0
559053027,4.05,-2.356681,none,0.0,0.0,21.603,36.719997,35.023872,1005.9605,,2023-04-14 05:29:03.890062,2023-04-14 19:33:21.315886,844.2904304,1,0,0,4,0,0,,spring,0,0,1,0
559064027,1.8,-4.5826874,none,0.0,0.0,20.696085,38.16,36.605816,1002.9943,,2023-04-14 05:29:23.761972,2023-04-14 19:33:21.232659,843.9578447833334,0,1,0,4,0,0,,spring,0,0,1,1
559065827,1.65,-4.675456,none,0.0,0.0,19.9954,32.399998,35.12278,1005.2188,,2023-04-14 05:28:40.366899,2023-04-14 19:32:45.027844,844.0776824166667,0,1,0,4,0,0,,spring,0,0,1,1
559648827,2.4,-4.16316,none,0.0,0.0,22.007162,38.16,35.49583,1004.964,,2023-04-14 05:29:13.954734,2023-04-14 19:32:52.354577,843.6399973833334,0,1,0,4,0,0,,spring,0,0,1,1
559114227,1.05,-5.6716576,none,0.0,0.0,24.20314,50.399998,46.15532,1001.9835,,2023-04-14 05:27:38.794659,2023-04-14 19:31:50.910360,844.20192835,0,0,1,4,0,0,,spring,0,0,1,0
559266427,6.1,0.22093773,none,0.0,0.0,25.683926,49.32,43.35151,1003.4021,,2023-04-14 05:27:55.317325,2023-04-14 19:31:53.978221,843.9776816,0,0,1,4,0,0,,spring,0,0,1,0
560069827,5.0,-1.3641746,none,0.0,0.0,21.897945,43.199997,35.591827,1004.03577,,2023-04-14 05:27:49.324251,2023-04-14 19:31:45.084100,843.9293308166667,0,0,1,4,0,0,,spring,0,0,1,0
558992827,6.3,0.13503885,none,0.0,0.0,27.475807,47.519997,42.11318,1005.7896,,2023-04-14 05:28:29.075829,2023-04-14 19:32:04.557468,843.59136065,0,0,1,4,0,0,,spring,0,0,1,0
559415027,7.05,-0.20027208,none,0.0,0.0,27.859905,46.44,30.413946,1006.0809,,2023-04-14 05:28:54.351910,2023-04-14 19:32:47.492272,843.8856727,0,0,1,4,0,0,,spring,0,0,1,0
559659827,6.9,-0.17295456,none,0.0,0.0,26.758923,49.32,31.213001,1004.9716,,2023-04-14 05:28:02.518983,2023-04-14 19:32:08.022706,844.0917287166667,0,0,1,4,0,0,,spring,0,0,1,0
561794827,5.8,0.07848644,none,0.0,0.0,24.696104,47.16,45.106255,1002.1831,,2023-04-14 05:28:38.396207,2023-04-14 19:33:04.715868,844.4386610166667,0,0,1,4,0,0,,spring,0,0,1,0
558989627,5.95,0.12779808,none,0.0,0.0,25.189713,49.68,43.471603,1005.0579,,2023-04-14 05:28:24.540353,2023-04-14 19:32:48.142691,844.3933722999999,0,0,1,4,0,0,,spring,0,0,1,0
558996427,7.15,0.5511594,none,0.0,0.0,26.260265,52.56,35.147366,999.19183,,2023-04-14 05:29:33.713072,2023-04-14 19:32:38.699625,843.0831092166667,0,0,1,4,0,0,,spring,0,0,1,0
559010827,7.2,0.79863167,none,0.0,0.0,24.962307,47.16,33.83147,1002.3842,,2023-04-14 05:28:30.544588,2023-04-14 19:33:00.160880,844.4936048666666,0,0,1,4,0,0,,spring,0,0,1,0
559019027,5.6,-0.9265528,none,0.0,0.0,26.302181,41.760002,49.317314,1002.27924,,2023-04-14 05:28:31.727398,2023-04-14 19:32:13.829723,843.7017054166666,0,1,0,4,0,0,,spring,0,0,1,1
559046227,4.9,-1.5312037,none,0.0,0.0,22.415602,44.639996,36.12186,994.2547,,2023-04-14 05:29:12.280774,2023-04-14 19:32:37.462408,843.4196939,0,0,1,4,0,0,,spring,0,0,1,0
559010627,7.55,0.69481754,none,0.0,0.0,27.362368,47.88,31.653381,1003.7204,,2023-04-14 05:28:48.231141,2023-04-14 19:32:32.578562,843.7391236833333,0,0,1,4,0,0,,spring,0,0,1,0
559017427,7.45,0.2133689,none,0.0,0.0,28.056913,49.68,30.772915,995.7853,,2023-04-14 05:29:04.757691,2023-04-14 19:32:37.635353,843.5479610333333,0,0,1,4,0,0,,spring,0,0,1,0
558989427,6.6,0.78300047,none,0.0,0.0,25.140787,51.839996,43.664913,999.63324,,2023-04-14 05:29:54.158023,2023-04-14 19:33:18.553253,843.4065871666667,0,0,1,4,0,0,,spring,0,0,1,0
559170627,6.1,-0.48117876,none,0.0,0.0,23.893261,49.32,35.2371,1004.08887,,2023-04-14 05:29:21.175919,2023-04-14 19:33:34.185788,844.2168311500001,0,0,1,4,0,0,,spring,0,0,1,0
566038227,7.3,0.80310965,none,0.0,0.0,25.264202,50.399998,32.702232,1004.1436,,2023-04-14 05:28:15.389712,2023-04-14 19:32:38.368192,844.3829746666667,0,0,1,4,0,0,,spring,0,0,1,0
559174827,7.65,1.9941854,none,0.0,0.0,16.563911,32.760002,27.739168,1007.22314,,2023-04-15 05:27:03.358092,2023-04-15 19:35:32.660718,848.4883771,0,0,1,5,1,0,,spring,0,0,1,0
559096427,1.7,-4.1560707,none,0.0,0.0,17.64,36.0,40.2388,1009.1881,,2023-04-15 05:27:23.150283,2023-04-15 19:35:18.595896,847.9240935500001,0,0,1,5,1,0,,spring,0,0,1,0
559142627,6.05,0.5318942,none,0.0,0.0,18.089775,38.16,37.327724,1009.59607,,2023-04-15 05:27:43.752616,2023-04-15 19:35:33.677183,847.8320761166667,0,0,1,5,1,0,,spring,0,0,1,0
559159227,4.35,-1.3552575,none,0.0,0.0,18.129137,34.56,36.80939,1013.0001,,2023-04-15 05:26:01.724735,2023-04-15 19:34:34.925929,848.5533532333334,0,0,1,5,1,0,,spring,0,0,1,0
559164827,3.55,-1.2347026,none,0.0,0.0,11.885453,20.16,43.756264,1010.19666,,2023-04-15 05:26:45.097247,2023-04-15 19:34:58.431421,848.2222362333334,0,1,0,5,1,0,,spring,0,0,0,1
559228827,6.0,1.6439557,none,0.0,0.0,9.47012,21.24,39.227497,1012.40497,,2023-04-15 05:25:33.011885,2023-04-15 19:33:45.952537,848.2156775333333,0,0,1,5,1,0,,spring,0,0,0,0
559305627,6.65,1.2816749,none,0.0,0.0,17.414476,35.64,34.86069,1010.8935,,2023-04-15 05:25:31.296968,2023-04-15 19:34:29.902808,848.9767639999999,0,0,1,5,1,0,,spring,0,0,1,0
559099827,1.85,-4.1979394,none,0.0,0.0,18.72346,36.36,38.414135,1012.64874,,2023-04-15 05:26:29.567980,2023-04-15 19:35:03.377545,848.56349275,0,0,1,5,1,0,,spring,0,0,1,0
559115227,3.15,-2.821127,none,0.0,0.0,18.806337,36.36,38.358757,1008.56146,,2023-04-15 05:26:44.936148,2023-04-15 19:34:51.373899,848.10729585,0,0,1,5,1,0,,spring,0,0,1,0
559157427,7.35,2.168809,none,0.0,0.0,14.081478,30.960001,31.470543,1006.881,,2023-04-15 05:26:27.004884,2023-04-15 19:34:25.245161,847.9706712833333,0,0,1,5,1,0,,spring,0,0,0,0
559185627,4.55,-0.17742157,none,0.0,0.0,11.367109,20.16,40.165096,1012.5547,,2023-04-15 05:25:14.799353,2023-04-15 19:33:35.235939,848.3406097666667,0,1,0,5,1,0,,spring,0,0,0,1
559136627,6.4,0.7450471,none,0.0,0.0,19.559633,37.44,35.879204,1007.85376,,2023-04-15 05:26:29.637069,2023-04-15 19:34:45.288224,848.2608525833333,0,0,1,5,1,0,,spring,0,0,1,0
559145027,4.4,-1.3206725,none,0.0,0.0,18.175545,34.2,37.259293,1013.6512,,2023-04-15 05:25:46.217367,2023-04-15 19:34:19.630133,848.5568794333334,0,0,1,5,1,0,,spring,0,0,1,0
559773027,3.85,-1.2448692,none,0.0,0.0,13.339445,23.759998,39.333923,1010.9116,,2023-04-15 05:25:12.155279,2023-04-15 19:33:55.966715,848.7301906,0,1,0,5,1,0,,spring,0,0,0,1
559118627,5.35,0.12409687,none,0.0,0.0,17.518356,36.719997,37.114742,1002.80817,,2023-04-15 05:26:41.156090,2023-04-15 19:34:34.839098,847.8947168,0,0,1,5,1,0,,spring,0,0,1,0
559134427,6.65,1.213079,none,0.0,0.0,17.873556,35.64,34.86069,1010.35333,,2023-04-15 05:25:57.512826,2023-04-15 19:33:46.912134,847.8233218,0,0,1,5,1,0,,spring,0,0,1,0
559593027,7.95,2.2950363,none,0.0,0.0,16.263872,37.44,26.023327,1010.5944,,2023-04-15 05:25:23.311094,2023-04-15 19:34:10.280055,848.7828160166666,0,0,1,5,1,0,,spring,0,0,1,0
559187227,2.75,-2.1818008,none,0.0,0.0,12.429127,21.24,43.68513,1014.3739,,2023-04-15 05:25:30.310845,2023-04-15 19:34:10.908450,848.6766267500001,0,1,0,5,1,0,,spring,0,0,0,1
559213827,12.05,7.102392,none,0.0,0.0,13.493999,28.08,25.986954,1009.9921,,2023-04-16 05:24:20.113884,2023-04-16 19:37:32.356229,853.2040390833333,0,0,1,6,1,0,,spring,0,0,0,0
559221627,8.6,4.9026785,none,0.0,0.0,7.9932966,18.359999,44.25538,1009.72675,,2023-04-16 05:24:23.202165,2023-04-16 19:37:32.224565,853.1503733333334,0,0,1,6,1,0,,spring,0,0,0,0
559201627,7.6,3.208187,none,0.0,0.0,12.031756,25.199999,44.457367,1010.4222,,2023-04-16 05:23:36.235599,2023-04-16 19:37:15.994077,853.6626413,0,0,1,6,1,0,,spring,0,0,0,0
559220827,11.1,7.191805,none,0.0,0.0,7.9932966,21.24,32.837708,1008.0559,,2023-04-16 05:24:19.576205,2023-04-16 19:36:03.684751,851.7351424333334,0,0,1,6,1,0,,spring,0,0,0,0
559226027,12.2,7.083845,none,0.0,0.0,14.003028,27.72,23.821312,1013.74554,,2023-04-16 05:23:59.282623,2023-04-16 19:36:59.927503,853.010748,0,0,1,6,1,0,,spring,0,0,0,0
559223027,8.85,4.7634287,none,0.0,0.0,9.693296,18.0,39.934788,1007.5285,,2023-04-16 05:23:40.690830,2023-04-16 19:36:51.344158,853.1775554666667,0,0,1,6,1,0,,spring,0,0,0,0
559376027,6.05,1.7906694,none,0.0,0.0,9.793059,17.64,43.501385,1008.9145,,2023-04-16 05:23:23.894363,2023-04-16 19:36:36.134380,853.2040002833332,0,1,0,6,1,0,,spring,0,0,0,1
559191427,7.9,3.4550323,none,0.0,0.0,12.313894,25.919998,43.233456,1007.8065,,2023-04-16 05:24:01.260866,2023-04-16 19:36:18.480911,852.2870007500001,0,0,1,6,1,0,,spring,0,0,0,0
559195827,9.1,4.3514576,none,0.0,0.0,13.755579,27.0,37.535027,1011.1425,,2023-04-16 05:23:35.267970,2023-04-16 19:36:40.537773,853.0878300500001,0,0,1,6,1,0,,spring,0,0,0,0
559271427,12.0,7.0738773,none,0.0,0.0,13.246826,27.0,25.77375,1011.87476,,2023-04-16 05:23:17.672753,2023-04-16 19:36:39.326529,853.3608962666666,0,0,1,6,1,0,,spring,0,0,0,0
559202027,11.0,7.0967064,none,0.0,0.0,12.88981,29.16,33.93867,1009.9796,,2023-04-16 05:25:24.736133,2023-04-16 19:38:14.360017,852.8270647333334,0,0,1,6,1,0,,spring,0,0,0,0
559224427,5.0,1.3736401,none,0.0,0.0,7.24486,12.959999,55.408222,1006.52216,,2023-04-16 05:24:28.956809,2023-04-16 19:37:24.177546,852.9203456166667,0,1,0,6,1,0,,spring,0,0,0,1
559205827,10.2,5.4548807,none,0.0,0.0,13.237038,27.0,33.06785,1013.13837,,2023-04-16 05:23:06.780843,2023-04-16 19:35:48.810409,852.7004927666666,0,0,1,6,1,0,,spring,0,0,0,0
559223827,5.5,1.6676908,none,0.0,0.0,7.628263,12.599999,48.73582,1003.7655,,2023-04-16 05:25:06.869838,2023-04-16 19:37:49.673468,852.7133938333334,0,1,0,6,1,0,,spring,0,0,0,1
559191027,6.4,2.1242728,none,0.0,0.0,10.948973,24.119999,47.01787,1010.79755,,2023-04-16 05:24:49.557999,2023-04-16 19:37:16.744802,852.4531133833333,0,0,1,6,1,0,,spring,0,0,0,0
559223227,7.25,3.4343433,none,0.0,0.0,7.5942082,12.959999,43.529156,1007.7764,,2023-04-16 05:23:27.472045,2023-04-16 19:35:43.783263,852.2718536333334,1,0,0,6,1,0,,spring,0,0,0,0
559224027,5.0,0.9909272,none,0.0,0.0,8.225035,12.959999,47.501183,1007.35895,,2023-04-16 05:24:21.595552,2023-04-16 19:36:07.031375,851.7572637166667,0,1,0,6,1,0,,spring,0,0,0,1
559403827,9.25,4.649843,none,0.0,0.0,12.738099,27.0,37.157803,1010.446,,2023-04-16 05:24:04.155593,2023-04-16 19:36:09.210283,852.0842448333333,0,0,1,6,1,0,,spring,0,0,0,0
559218427,12.05,6.9991837,none,0.0,0.0,14.003028,27.359999,25.394173,1007.6827,,2023-04-16 05:23:47.848984,2023-04-16 19:37:24.385603,853.60894365,0,0,1,6,1,0,,spring,0,0,0,0
559210427,12.05,7.255743,none,0.0,0.0,12.475961,28.08,26.086939,1009.5324,,2023-04-16 05:24:36.553821,2023-04-16 19:37:21.853696,852.7549979166666,0,0,1,6,1,0,,spring,0,0,0,0
559251427,6.1,3.529079,none,0.0,0.0,3.6,10.440001,67.34447,1005.0419,,2023-04-17 05:22:40.439518,2023-04-17 19:39:31.730203,856.85484475,0,0,1,0,0,0,,spring,0,0,0,0
559317027,9.45,6.5259323,none,0.0,0.0,6.4096174,10.440001,54.978466,1005.0141,,2023-04-17 05:21:55.888546,2023-04-17 19:38:58.832849,857.0490717166666,0,0,1,0,0,0,,spring,0,0,0,0
559318027,11.85,8.924737,none,0.0,0.0,5.6002855,16.56,44.39032,1008.85065,,2023-04-17 05:21:48.683350,2023-04-17 19:39:50.365400,858.0280341666668,0,0,1,0,0,0,,spring,0,0,0,0
559320027,8.35,5.218745,none,0.0,0.0,6.696387,9.72,54.88468,1004.9791,,2023-04-17 05:21:39.957029,2023-04-17 19:38:48.443285,857.1414375999999,1,0,0,0,0,0,,spring,0,0,0,0
559320627,6.5,2.7708454,none,0.0,0.0,10.587917,12.599999,61.376072,1006.6922,,2023-04-17 05:21:22.078765,2023-04-17 19:39:23.818802,858.0290006166667,1,0,0,0,0,0,,spring,0,0,0,0
559322227,13.5,9.588885,none,0.0,0.0,8.209263,19.8,28.580273,1008.2471,,2023-04-17 05:21:51.901053,2023-04-17 19:39:38.500236,857.7766530499999,0,0,1,0,0,0,,spring,0,0,0,0
559325627,7.75,4.7012253,none,0.0,0.0,6.87779,12.599999,60.141575,1005.68616,,2023-04-17 05:21:42.950299,2023-04-17 19:39:44.043075,858.0182129333333,0,1,0,0,0,0,,spring,0,0,0,1
559353227,12.4,7.9603443,none,0.0,0.0,12.738099,24.84,33.34744,1006.87244,,2023-04-17 05:21:42.901690,2023-04-17 19:38:54.453926,857.1925372666667,0,0,1,0,0,0,,spring,0,0,0,0
559621427,5.25,2.4056406,snow,0.3,0.0,4.2136917,12.959999,65.46962,1009.67334,,2023-04-17 05:20:42.575423,2023-04-17 19:38:36.733489,857.9026344333334,0,0,1,0,0,0,,spring,0,0,0,0
559674827,8.95,5.657028,none,0.0,0.0,7.342588,11.879999,51.004524,1008.69366,,2023-04-17 05:20:26.651803,2023-04-17 19:37:27.695974,857.01740285,0,1,0,0,0,0,,spring,0,0,0,1
559274227,12.15,8.096061,none,0.0,0.0,10.883676,24.48,36.242584,1001.185,,2023-04-17 05:21:57.202957,2023-04-17 19:38:39.495394,856.70487395,0,0,1,0,0,0,,spring,0,0,0,0
559275027,11.5,7.537203,none,0.0,0.0,9.726664,23.759998,36.183563,1006.8804,,2023-04-17 05:22:31.105787,2023-04-17 19:39:23.670931,856.8760857333333,0,0,1,0,0,0,,spring,0,0,0,0
559365027,7.0,4.0463905,none,0.0,0.0,5.634891,14.4,60.832394,1011.6835,,2023-04-17 05:20:21.221455,2023-04-17 19:37:29.073666,857.1308701833333,0,0,1,0,0,0,,spring,0,0,0,0
559249427,6.55,3.6260567,none,0.0,0.0,6.130579,13.32,65.76191,1007.1354,,2023-04-17 05:21:49.875192,2023-04-17 19:38:53.772187,857.0649499166667,0,0,1,0,0,0,,spring,0,0,0,0
559288027,13.85,9.611943,none,0.0,0.0,9.178235,25.199999,24.561481,1007.7492,,2023-04-17 05:21:03.199014,2023-04-17 19:38:52.453388,857.8209062333333,0,0,1,0,0,0,,spring,0,0,0,0
559309427,13.85,9.471384,none,0.0,0.0,9.726664,24.84,23.459667,1011.08044,,2023-04-17 05:20:44.146018,2023-04-17 19:37:58.546556,857.2400089666667,0,0,1,0,0,0,,spring,0,0,0,0
559326027,13.2,9.255656,none,0.0,0.0,7.8954163,20.16,27.645376,1002.94855,,2023-04-17 05:21:50.773688,2023-04-17 19:38:30.946400,856.6695452,0,0,1,0,0,0,,spring,0,0,0,0
559338027,8.55,5.469413,none,0.0,0.0,9.178235,10.440001,64.80835,1008.64056,,2023-04-17 05:20:20.816925,2023-04-17 19:38:28.998981,858.1363676,0,0,1,0,0,0,,spring,0,0,0,0
559371227,3.7,0.00034999847,none,0.0,0.0,8.4963045,15.4800005,64.63722,1007.0359,,2023-04-17 05:21:42.990497,2023-04-17 19:38:17.723377,856.5788813333334,0,0,1,0,0,0,,spring,0,0,0,0
559255427,6.45,3.456275,none,0.0,0.0,7.5685663,15.4800005,70.38953,1007.2256,,2023-04-17 05:21:05.187724,2023-04-17 19:39:12.207462,858.1169956333334,0,0,1,0,0,0,,spring,0,0,0,0
559276227,12.35,8.881382,none,0.0,0.0,8.699793,20.16,41.121727,1009.2497,,2023-04-17 05:20:52.007356,2023-04-17 19:38:57.404546,858.0899531666668,0,0,1,0,0,0,,spring,0,0,0,0
559319427,9.05,5.945031,none,0.0,0.0,8.217153,9.72,58.544937,1005.61224,,2023-04-17 05:21:24.344643,2023-04-17 19:39:28.215480,858.06451395,0,0,1,0,0,0,,spring,0,0,0,0
559331227,7.8,4.7283955,none,0.0,0.0,6.28713,11.5199995,56.974045,1007.0067,,2023-04-17 05:21:55.153429,2023-04-17 19:39:31.389615,857.6039364333334,0,1,0,0,0,0,,spring,0,0,0,1
559366227,10.25,7.4163036,none,0.0,0.0,5.6233797,10.440001,51.549828,1005.6795,,2023-04-17 05:21:14.722542,2023-04-17 19:38:13.243209,856.97534445,0,0,1,0,0,0,,spring,0,0,0,0
559413627,5.65,3.0448227,snow,0.5,0.0,2.8799999,14.759999,65.08483,1008.7401,,2023-04-17 05:21:52.041745,2023-04-17 19:39:03.425704,857.18973265,0,0,1,0,0,0,,spring,0,0,0,0
564082627,10.35,8.041655,none,0.0,0.0,12.864649,27.0,87.41591,985.87024,,2023-06-03 03:58:18.240080,2023-06-03 21:02:55.524016,1024.6213989333332,0,0,1,5,1,0,,summer,0,0,0,0
559328427,8.25,5.137456,none,0.0,0.0,6.725354,11.159999,55.863113,1008.8919,,2023-04-17 05:20:34.224537,2023-04-17 19:37:50.537103,857.2718761,0,1,0,0,0,0,,spring,0,0,0,1
559249627,5.8,3.5582533,none,0.0,0.0,1.0182338,11.159999,67.27952,1007.10394,,2023-04-17 05:21:57.165587,2023-04-17 19:39:54.726096,857.9593418166667,0,0,1,0,0,0,,spring,0,0,0,0
559288627,12.1,7.785285,none,0.0,0.0,11.966954,25.56,34.265835,1008.02966,,2023-04-17 05:21:25.039124,2023-04-17 19:38:12.269031,856.7871651166666,0,0,1,0,0,0,,spring,0,0,0,0
559312227,13.05,9.384543,none,0.0,0.0,7.386582,16.919998,31.838943,1004.35565,,2023-04-17 05:20:56.636503,2023-04-17 19:39:18.878727,858.3707037333334,0,0,1,0,0,0,,spring,0,0,0,0
559366627,1.15,-2.2984815,none,0.0,0.0,6.193674,11.5199995,73.83924,1010.36456,,2023-04-17 05:20:25.973926,2023-04-17 19:38:04.988386,857.6502409999999,0,0,1,0,0,0,,spring,0,0,0,0
559661027,2.85,-1.1468265,none,0.0,0.0,8.4042845,14.04,56.725994,1009.35724,,2023-04-17 05:21:21.134354,2023-04-17 19:38:34.563440,857.2238180999999,0,1,0,0,0,0,,spring,0,0,0,1
559261027,9.75,6.8223715,none,0.0,0.0,6.489992,15.84,54.076942,1012.7522,,2023-04-17 05:21:19.824703,2023-04-17 19:38:48.695036,857.4811722166667,0,0,1,0,0,0,,spring,0,0,0,0
559324627,12.65,8.917356,none,0.0,0.0,7.6367526,16.199999,32.078888,1008.7589,,2023-04-17 05:20:48.129042,2023-04-17 19:38:22.016635,857.5647932166667,0,0,1,0,0,0,,spring,0,0,0,0
559311427,9.45,6.5259323,none,0.0,0.0,6.4096174,10.440001,54.978466,1006.10376,,2023-04-17 05:22:14.485159,2023-04-17 19:39:12.236049,856.9625148333333,0,0,1,0,0,0,,spring,0,0,0,0
559272427,11.95,8.382151,none,0.0,0.0,9.227524,21.24,41.759132,1012.41486,,2023-04-17 05:20:27.517197,2023-04-17 19:37:36.456612,857.14899025,0,0,1,0,0,0,,spring,0,0,0,0
559330627,7.75,4.4660444,none,0.0,0.0,6.489992,12.24,52.181747,1008.1979,,2023-04-17 05:21:48.394014,2023-04-17 19:39:06.870771,857.30794595,0,1,0,0,0,0,,spring,0,0,0,1
559436627,8.9,7.208765,none,0.0,0.0,2.1897945,10.440001,72.63597,998.94525,,2023-04-18 05:19:14.115794,2023-04-18 19:40:36.061147,861.3657558833333,0,0,1,1,0,0,,spring,0,0,0,0
559359827,11.55,8.791831,none,0.0,0.0,8.825508,19.08,58.755775,1005.90094,,2023-04-18 05:18:23.275719,2023-04-18 19:41:04.946512,862.6945132166667,0,0,1,1,0,0,,spring,0,0,0,0
559443027,9.15,5.435154,none,0.0,0.0,11.720751,19.08,55.696583,1003.9323,,2023-04-18 05:19:01.083923,2023-04-18 19:41:35.095851,862.5668654666666,0,1,0,1,0,0,,spring,0,0,0,1
559449627,9.45,5.2956676,none,0.0,0.0,13.556282,20.880001,50.40534,1008.4161,,2023-04-18 05:18:43.436893,2023-04-18 19:40:29.681767,861.7707479000001,0,1,0,1,0,0,,spring,0,0,0,1
559450227,7.1,3.183267,none,0.0,0.0,11.874544,20.16,58.90023,1006.95245,,2023-04-18 05:18:25.383310,2023-04-18 19:40:42.503599,862.28533815,0,1,0,1,0,0,,spring,0,0,0,1
559618627,13.85,11.498917,rain,0.1,0.0,6.924738,18.72,45.44962,1007.0878,,2023-04-18 05:18:06.327056,2023-04-18 19:39:51.985910,861.7609809,0,0,1,1,0,0,,spring,0,0,0,0
559658027,10.8,8.97977,none,0.0,0.0,2.5959969,11.159999,62.405006,1003.4181,,2023-04-18 05:18:29.615329,2023-04-18 19:39:38.525986,861.1485109500001,0,0,1,1,0,0,,spring,0,0,0,0
559344827,7.65,5.7271414,none,0.0,0.0,3.096837,9.72,76.33589,1004.406,,2023-04-18 05:19:42.591452,2023-04-18 19:41:10.373649,861.4630366166667,0,0,1,1,0,0,,spring,0,0,0,0
559432627,11.4,8.178732,none,0.0,0.0,9.659814,16.919998,52.050373,1005.1948,,2023-04-18 05:20:51.832766,2023-04-18 19:42:35.494804,861.7277006333334,0,0,1,1,0,0,,spring,0,0,0,0
559439627,9.4,5.522732,none,0.0,0.0,12.181624,20.880001,52.444042,1005.5012,,2023-04-18 05:17:59.600152,2023-04-18 19:40:33.472296,862.5645357333334,0,0,1,1,0,0,,spring,0,0,0,0
559434627,11.3,8.446736,none,0.0,0.0,7.928177,12.24,54.878254,1007.2131,,2023-04-18 05:17:56.171299,2023-04-18 19:40:10.893383,862.2453680666666,0,0,1,1,0,0,,spring,0,0,0,0
559513827,13.3,10.457753,none,0.0,0.0,7.42159,18.359999,46.937706,1007.4987,,2023-04-18 05:18:24.152897,2023-04-18 19:40:52.079512,862.4654435833332,0,0,1,1,0,0,,spring,0,0,0,0
559522627,13.65,11.279382,none,0.0,0.0,4.6800003,12.959999,47.204037,1005.0745,,2023-04-18 05:19:37.810650,2023-04-18 19:41:17.191362,861.6563451999999,0,0,1,1,0,0,,spring,0,0,0,0
559601627,8.9,5.0440025,none,0.0,0.0,12.413476,20.519999,55.630787,1004.0347,,2023-04-18 05:18:41.746441,2023-04-18 19:39:53.272222,861.1920963499999,0,1,0,1,0,0,,spring,0,0,0,1
559795627,13.9,11.0949135,none,0.0,0.0,6.924738,14.4,44.50239,1009.3717,,2023-04-18 05:18:25.776715,2023-04-18 19:39:44.279815,861.308385,0,0,1,1,0,0,,spring,0,0,0,0
559424427,14.2,11.006353,none,0.0,0.0,7.386582,17.64,37.93489,1006.81506,,2023-04-18 05:17:44.287387,2023-04-18 19:40:03.126412,862.31398375,0,0,1,1,0,0,,spring,0,0,0,0
559428227,13.05,10.416402,none,0.0,0.0,6.6087217,15.84,49.435745,1004.35126,,2023-04-18 05:18:25.222300,2023-04-18 19:41:03.547234,862.6387489,0,0,1,1,0,0,,spring,0,0,0,0
559441427,8.8,4.850711,none,0.0,0.0,11.792404,19.44,51.33604,1005.193,,2023-04-18 05:18:31.281030,2023-04-18 19:40:57.666265,862.4397539166667,0,1,0,1,0,0,,spring,0,0,0,1
559447827,6.4,3.2174716,none,0.0,0.0,7.9036193,15.119999,66.44412,1005.1172,,2023-04-18 05:18:32.860944,2023-04-18 19:41:07.329551,862.5744767833334,0,1,0,1,0,0,,spring,0,0,0,1
559358027,11.55,8.809078,none,0.0,0.0,8.707238,18.72,58.755775,1003.37964,,2023-04-18 05:18:52.989220,2023-04-18 19:41:32.702810,862.6618931666667,0,0,1,1,0,0,,spring,0,0,0,0
559410227,13.85,11.498917,rain,0.1,0.0,6.924738,18.72,45.44962,1006.252,,2023-04-18 05:18:06.157134,2023-04-18 19:40:17.863300,862.1951027666668,0,0,1,1,0,0,,spring,0,0,0,0
559411827,14.75,11.805708,none,0.0,0.0,5.00128,14.759999,34.921387,1008.7357,,2023-04-18 05:19:04.581887,2023-04-18 19:41:02.397715,861.9635971333333,0,0,1,1,0,0,,spring,0,0,0,0
559413427,15.0,12.069635,none,0.0,0.0,4.5536795,13.679999,33.497013,1007.6772,,2023-04-18 05:18:27.457241,2023-04-18 19:40:22.794308,861.92228445,0,0,1,1,0,0,,spring,0,0,0,0
559393227,12.2,10.490976,none,0.0,0.0,3.319036,14.04,55.309284,1004.432,,2023-04-18 05:18:34.919117,2023-04-18 19:39:44.198875,861.1546626333333,0,0,1,1,0,0,,spring,0,0,0,0
559448827,8.8,4.850711,none,0.0,0.0,11.792404,19.44,51.33604,1006.77167,,2023-04-18 05:18:56.610592,2023-04-18 19:41:02.446834,862.0972707,0,1,0,1,0,0,,spring,0,0,0,1
559454827,9.55,5.9724293,none,0.0,0.0,11.457958,17.64,56.608467,1004.12915,,2023-04-18 05:19:17.584831,2023-04-18 19:41:07.028737,861.8240651,0,1,0,1,0,0,,spring,0,0,0,1
559554427,15.0,12.069635,none,0.0,0.0,4.5536795,13.679999,33.497013,1006.84393,,2023-04-18 05:18:17.215962,2023-04-18 19:40:13.511934,861.9382662,0,0,1,1,0,0,,spring,0,0,0,0
559455227,7.4,3.2656674,none,0.0,0.0,12.959999,24.119999,56.046402,999.5022,,2023-04-18 05:19:32.968391,2023-04-18 19:40:50.985744,861.3002892166667,0,1,0,1,0,0,,spring,0,0,0,1
559478427,7.95,4.2199354,none,0.0,0.0,10.390226,18.72,54.7779,1005.69293,,2023-04-18 05:17:39.569235,2023-04-18 19:39:46.682646,862.11855685,0,1,0,1,0,0,,spring,0,0,0,1
560079827,13.7,10.928232,none,0.0,0.0,6.696387,16.199999,45.084114,1005.99036,,2023-04-18 05:17:51.978876,2023-04-18 19:40:02.165119,862.1697707166666,0,0,1,1,0,0,,spring,0,0,0,0
559534027,15.75,11.827023,none,0.0,0.0,16.62249,30.960001,33.230045,1008.52856,,2023-04-19 05:16:18.488357,2023-04-19 19:42:40.136866,866.3608084833334,0,0,1,2,0,0,,spring,0,0,1,0
559519027,15.5,11.789801,none,0.0,0.0,15.978486,33.839996,34.136494,1009.5026,,2023-04-19 05:15:06.732266,2023-04-19 19:41:17.045882,866.1718936,0,0,1,2,0,0,,spring,0,0,1,0
559561627,11.7,7.9999666,none,0.0,0.0,11.019764,18.72,45.157673,1007.1933,,2023-04-19 05:16:37.795516,2023-04-19 19:43:25.419936,866.7937403333333,0,0,1,2,0,0,,spring,0,0,0,0
559622027,15.35,10.681708,none,0.0,0.0,14.693999,28.08,28.474312,1008.4327,,2023-04-19 05:16:31.757422,2023-04-19 19:42:56.551599,866.4132362833334,0,0,1,2,0,0,,spring,0,0,0,0
559734227,6.3,2.3581185,none,0.0,0.0,10.296251,17.28,54.53515,1006.3337,,2023-04-19 05:16:11.390440,2023-04-19 19:41:58.622447,865.7872001166667,0,1,0,2,0,0,,spring,0,0,0,1
559527827,15.2,11.426741,none,0.0,0.0,16.965895,34.92,36.346878,1004.77106,,2023-04-19 05:16:10.384304,2023-04-19 19:41:45.743940,865.5893272666667,0,0,1,2,0,0,,spring,0,0,1,0
559560427,15.55,10.825353,none,0.0,0.0,15.124284,27.72,28.216087,1004.46594,,2023-04-19 05:16:26.467999,2023-04-19 19:43:23.583225,866.9519204333334,0,0,1,2,0,0,,spring,0,0,1,0
559563627,14.3,10.346575,none,0.0,0.0,12.229406,25.919998,36.74465,1008.3309,,2023-04-19 05:16:22.046253,2023-04-19 19:42:42.829996,866.3463957166666,0,0,1,2,0,0,,spring,0,0,0,0
559571027,12.1,8.384388,none,0.0,0.0,11.019764,19.44,43.66533,1007.86383,,2023-04-19 05:16:33.413322,2023-04-19 19:43:00.149737,866.4456069166666,0,0,1,2,0,0,,spring,0,0,0,0
559591027,15.65,12.006983,none,0.0,0.0,15.141414,31.68,34.30468,1007.31415,,2023-04-19 05:15:30.306818,2023-04-19 19:42:17.579546,866.7878788,0,0,1,2,0,0,,spring,0,0,1,0
559468427,5.15,0.8068876,none,0.0,0.0,12.864649,19.44,58.187233,1005.90686,,2023-04-19 05:16:15.510850,2023-04-19 19:42:53.977373,866.6411087166667,0,0,1,2,0,0,,spring,0,0,0,0
559551427,14.85,10.493155,none,0.0,0.0,13.513193,28.08,31.777771,1005.3868,,2023-04-19 05:15:47.980929,2023-04-19 19:43:02.341153,867.2393370666666,0,0,1,2,0,0,,spring,0,0,0,0
559554827,13.9,10.084996,none,0.0,0.0,11.753876,25.919998,38.960953,1002.7039,,2023-04-19 05:17:00.878314,2023-04-19 19:43:26.113523,866.4205868166666,0,0,1,2,0,0,,spring,0,0,0,0
559588427,6.3,1.8571491,none,0.0,0.0,15.175612,23.4,60.881817,1011.6456,,2023-04-19 05:15:48.591308,2023-04-19 19:41:41.635712,865.8840734,0,0,1,2,0,0,,spring,0,0,1,0
559653227,14.1,10.459035,none,0.0,0.0,10.883676,27.359999,39.302773,1003.2573,,2023-04-19 05:16:57.570582,2023-04-19 19:42:14.493451,865.2820478166667,0,0,1,2,0,0,,spring,0,0,0,0
559577027,7.0,3.1000624,none,0.0,0.0,10.009036,18.72,51.97434,1007.43243,,2023-04-19 05:15:40.379607,2023-04-19 19:41:47.934446,866.1259139833332,0,1,0,2,0,0,,spring,0,0,0,1
559645827,10.1,6.2255955,none,0.0,0.0,13.207634,27.359999,53.590076,1005.3059,,2023-04-19 05:16:57.306991,2023-04-19 19:43:58.742244,867.0239208833334,0,0,1,2,0,0,,spring,0,0,0,0
559770827,7.85,3.8694496,none,0.0,0.0,13.1041975,24.119999,59.089523,1005.935,,2023-04-19 05:16:28.655860,2023-04-19 19:43:15.624499,866.78281065,0,0,1,2,0,0,,spring,0,0,0,0
560350827,15.05,11.175811,none,0.0,0.0,17.227419,36.719997,35.780525,1003.4356,,2023-04-19 05:17:01.030374,2023-04-19 19:42:57.901822,865.9478574666666,0,0,1,2,0,0,,spring,0,0,1,0
559718227,9.7,5.580058,none,0.0,0.0,12.031756,19.8,45.071934,1005.5224,,2023-04-19 05:15:54.047859,2023-04-19 19:43:05.717117,867.1944876333333,0,0,1,2,0,0,,spring,0,0,0,0
559906227,10.4,6.176036,none,0.0,0.0,15.379206,27.359999,51.777115,1007.18567,,2023-04-19 05:16:26.108139,2023-04-19 19:43:10.167598,866.7343243166666,0,0,1,2,0,0,,spring,0,0,1,0
559468627,6.1,1.5297451,none,0.0,0.0,16.09969,27.0,61.952747,1002.99115,,2023-04-19 05:16:51.028589,2023-04-19 19:42:10.378973,865.3225064,0,0,1,2,0,0,,spring,0,0,1,0
559524627,15.5,11.507502,none,0.0,0.0,17.555305,34.92,34.761673,1006.39575,,2023-04-19 05:16:28.021362,2023-04-19 19:42:29.651842,866.0271746666666,0,0,1,2,0,0,,spring,0,0,1,0
559558627,14.6,10.612405,none,0.0,0.0,11.753876,25.199999,34.24615,1009.8236,,2023-04-19 05:16:02.968712,2023-04-19 19:41:55.499428,865.8755119333333,0,0,1,2,0,0,,spring,0,0,0,0
559573827,12.1,8.45523,none,0.0,0.0,11.019764,19.44,45.10986,1002.15173,,2023-04-19 05:16:36.821104,2023-04-19 19:42:16.458611,865.6606251166667,0,0,1,2,0,0,,spring,0,0,0,0
559714227,5.85,2.018715,none,0.0,0.0,9.220499,14.4,54.818172,1005.5189,,2023-04-19 05:16:16.010852,2023-04-19 19:42:12.136136,865.9354214,0,1,0,2,0,0,,spring,0,0,0,1
561155827,6.35,2.4037666,none,0.0,0.0,10.009036,18.0,52.958897,1002.7655,,2023-04-19 05:16:36.345915,2023-04-19 19:42:37.291069,866.0157525666667,0,1,0,2,0,0,,spring,0,0,0,1
559563427,11.7,7.9999666,none,0.0,0.0,11.019764,18.72,45.157673,1004.429,,2023-04-19 05:16:22.032904,2023-04-19 19:43:13.255007,866.8537017166667,0,0,1,2,0,0,,spring,0,0,0,0
559473027,7.75,3.8864603,none,0.0,0.0,12.57426,23.759998,60.577316,1007.3671,,2023-04-19 05:16:07.600166,2023-04-19 19:43:08.756696,867.0192755,0,0,1,2,0,0,,spring,0,0,0,0
559478027,10.5,6.382921,none,0.0,0.0,15.042659,28.44,52.743504,1012.1852,,2023-04-19 05:15:56.974856,2023-04-19 19:41:50.709973,865.8955852833333,0,0,1,2,0,0,,spring,0,0,1,0
559573627,14.15,10.684816,none,0.0,0.0,10.514218,24.48,41.350254,1004.47107,,2023-04-19 05:16:14.800858,2023-04-19 19:41:55.350936,865.6758346333334,0,0,1,2,0,0,,spring,0,0,0,0
559569427,10.1,5.95,none,0.0,0.0,12.819235,21.599998,45.85468,1004.26776,,2023-04-19 05:16:57.550099,2023-04-19 19:43:17.220622,866.32784205,1,0,0,2,0,0,,spring,0,0,0,0
559667627,9.0,4.926321,none,0.0,0.0,11.525623,20.880001,46.554173,1004.47485,,2023-04-19 05:16:01.978220,2023-04-19 19:41:41.829018,865.6641799666667,0,1,0,2,0,0,,spring,0,0,0,1
559616827,7.9,4.8866873,none,0.0,0.0,8.473393,18.0,66.772514,995.11,,2023-04-20 05:14:26.427350,2023-04-20 19:44:43.656682,870.2871555333334,0,0,1,3,0,0,,spring,0,0,0,0
559685227,7.65,4.18316,none,0.0,0.0,8.534353,15.119999,55.704777,995.6512,,2023-04-20 05:14:40.154718,2023-04-20 19:45:02.679884,870.3754194333334,0,1,0,3,0,0,,spring,0,0,0,1
559693627,14.85,11.460922,none,0.0,0.0,11.457958,27.0,37.579556,1004.0103,,2023-04-20 05:14:44.992271,2023-04-20 19:45:20.500635,870.5918060666667,0,0,1,3,0,0,,spring,0,0,0,0
559951627,15.5,11.58105,none,0.0,0.0,12.096214,27.359999,34.260723,996.7204,,2023-04-20 05:17:16.415987,2023-04-20 19:46:34.601090,869.30308505,0,0,1,3,0,0,,spring,0,0,0,0
560377427,15.65,12.841833,none,0.0,0.0,10.00256,23.4,37.409046,1003.9016,,2023-04-20 05:13:14.259907,2023-04-20 19:44:17.644745,871.0564139666666,0,0,1,3,0,0,,spring,0,0,0,0
559613027,7.9,4.8353376,none,0.0,0.0,8.825508,19.8,66.772514,1002.8465,,2023-04-20 05:14:38.729614,2023-04-20 19:45:10.288090,870.5259745999999,0,0,1,3,0,0,,spring,0,0,0,0
559647827,15.5,12.255447,none,0.0,0.0,11.983188,24.84,36.042557,1003.0442,,2023-04-20 05:13:41.068707,2023-04-20 19:44:36.859396,870.9298448166667,0,0,1,3,0,0,,spring,0,0,0,0
562293827,7.95,3.807002,none,0.0,0.0,11.269782,16.56,47.115982,999.298,,2023-04-20 05:13:55.141149,2023-04-20 19:45:04.159441,871.1503048666667,0,1,0,3,0,0,,spring,0,0,0,1
559670427,15.2,10.131916,none,0.0,0.0,17.174677,33.12,28.115723,1004.2785,,2023-04-20 05:13:30.439858,2023-04-20 19:44:03.099947,870.5443348166666,0,0,1,3,0,0,,spring,0,0,1,0
559632227,15.1,11.795309,none,0.0,0.0,10.514218,24.84,37.92518,1002.12976,,2023-04-20 05:12:56.487599,2023-04-20 19:44:03.841903,871.1225717333333,0,0,1,3,0,0,,spring,0,0,0,0
559669827,14.55,10.573382,none,0.0,0.0,11.384198,31.319998,33.6105,997.80817,,2023-04-20 05:14:30.124762,2023-04-20 19:46:00.050482,871.4987619999999,0,0,1,3,0,0,,spring,0,0,0,0
563075227,7.9,4.4193993,none,0.0,0.0,8.427383,14.759999,53.971115,1003.17554,,2023-04-20 05:13:40.536587,2023-04-20 19:44:10.208221,870.4945272333333,0,1,0,3,0,0,,spring,0,0,0,1
560096827,11.2,8.521085,none,0.0,0.0,6.6087217,17.64,54.85189,1001.4307,,2023-04-20 05:13:16.645054,2023-04-20 19:44:46.228980,871.4930654333333,0,0,1,3,0,0,,spring,0,0,0,0
559622227,8.1,5.16963,none,0.0,0.0,8.209263,17.28,67.05409,1002.10944,,2023-04-20 05:13:41.355703,2023-04-20 19:45:02.891848,871.35893575,0,0,1,3,0,0,,spring,0,0,0,0
559641227,15.15,11.630692,none,0.0,0.0,10.97262,24.48,35.551254,1005.3338,,2023-04-20 05:13:25.869069,2023-04-20 19:44:07.321851,870.6908797,0,0,1,3,0,0,,spring,0,0,0,0
559847627,10.9,8.222082,none,0.0,0.0,7.42159,15.84,58.593296,999.494,,2023-04-20 05:14:07.266211,2023-04-20 19:45:15.286290,871.1336679833333,0,0,1,3,0,0,,spring,0,0,0,0
559681427,8.9,4.6385736,none,0.0,0.0,9.957108,25.199999,36.35827,995.18555,,2023-04-20 05:14:42.197998,2023-04-20 19:46:55.993555,872.2299259499999,0,1,0,3,0,0,,spring,0,0,0,1
559830027,15.75,10.8393955,none,0.0,0.0,15.546833,30.960001,25.85647,999.4642,,2023-04-20 05:14:01.994760,2023-04-20 19:45:34.104707,871.5351657833332,0,0,1,3,0,0,,spring,0,0,1,0
560015027,15.75,10.8393955,none,0.0,0.0,15.546833,30.960001,25.85647,1000.0529,,2023-04-20 05:14:07.686920,2023-04-20 19:45:21.969719,871.23804665,0,0,1,3,0,0,,spring,0,0,1,0
559697227,6.35,2.161724,none,0.0,0.0,10.1887,19.8,46.476757,1000.4486,,2023-04-21 05:10:54.675928,2023-04-21 19:46:14.701428,875.3337583333334,0,1,0,4,0,0,,spring,0,0,0,1
559757827,15.6,11.18055,none,0.0,0.0,13.570615,30.239998,29.4034,994.5887,,2023-04-21 05:12:15.179680,2023-04-21 19:47:12.600231,874.9570091833334,0,0,1,4,0,0,,spring,0,0,0,0
559777827,15.0,9.974631,none,0.0,0.0,17.771753,34.2,30.67084,982.5487,,2023-04-21 05:12:08.954514,2023-04-21 19:46:42.049629,874.5515852499999,0,0,1,4,0,0,,spring,0,0,1,0
559787227,9.6,5.091263,none,0.0,0.0,15.328561,24.84,47.59006,989.3665,,2023-04-21 05:11:43.235840,2023-04-21 19:46:46.387480,875.0525273333333,0,1,0,4,0,0,,spring,0,0,1,1
559788627,14.4,9.408152,none,0.0,0.0,18.345877,36.36,33.937748,988.95447,,2023-04-21 05:14:52.761566,2023-04-21 19:48:40.568517,873.7967825166667,0,0,1,4,0,0,,spring,0,0,1,0
559791427,14.3,10.854896,none,0.0,0.0,13.397612,28.8,33.169296,998.86786,,2023-04-21 05:10:39.505332,2023-04-21 19:45:34.328413,874.9137180166667,0,0,1,4,0,0,,spring,0,0,0,0
559796027,7.7,3.996767,none,0.0,0.0,10.514218,23.4,56.948067,991.8401,,2023-04-21 05:11:39.784274,2023-04-21 19:46:43.871471,875.06811995,0,1,0,4,0,0,,spring,0,0,0,1
559844027,11.65,7.372286,none,0.0,0.0,14.044615,24.119999,42.438656,995.46344,,2023-04-21 05:10:31.072965,2023-04-21 19:45:45.511397,875.2406405333334,1,0,0,4,0,0,,spring,0,0,0,0
559951827,7.25,3.634304,none,0.0,0.0,9.504273,19.8,57.03856,996.8269,,2023-04-21 05:11:15.745600,2023-04-21 19:45:43.658411,874.4652135166667,0,0,1,4,0,0,,spring,0,0,0,0
560115227,12.75,8.309801,none,0.0,0.0,15.158522,28.8,39.477547,998.4211,,2023-04-21 05:11:18.895585,2023-04-21 19:46:15.404960,874.9418229166666,0,0,1,4,0,0,,spring,0,0,1,0
559733627,13.5,9.54841,none,0.0,0.0,13.891522,27.0,33.54846,997.6326,,2023-04-21 05:11:14.015110,2023-04-21 19:47:07.755266,875.8956692666667,0,0,1,4,0,0,,spring,0,0,0,0
559737427,14.05,10.445109,none,0.0,0.0,14.182355,29.519999,33.09579,993.1481,,2023-04-21 05:11:47.159811,2023-04-21 19:46:44.879813,874.9620000333333,0,0,1,4,0,0,,spring,0,0,0,0
559797427,10.5,5.6819544,none,0.0,0.0,17.106628,26.28,43.676422,995.5342,,2023-04-21 05:11:01.065186,2023-04-21 19:46:28.516676,875.4575248333333,0,1,0,4,0,0,,spring,0,0,1,1
559760027,14.85,10.940566,none,0.0,0.0,13.661038,28.08,34.57087,994.7167,,2023-04-21 05:11:41.000170,2023-04-21 19:47:20.845184,875.6640835666666,0,0,1,4,0,0,,spring,0,0,0,0
559773227,14.65,9.529344,none,0.0,0.0,18.94024,32.039997,32.667072,994.4468,,2023-04-21 05:11:22.912852,2023-04-21 19:46:50.384506,875.4578609,0,0,1,4,0,0,,spring,0,0,1,0
559746627,14.7,11.268812,none,0.0,0.0,14.039999,28.44,32.561897,1000.0347,,2023-04-21 05:11:19.357230,2023-04-21 19:46:15.006266,874.9274839333334,0,0,1,4,0,0,,spring,0,0,0,0
559783427,11.95,8.22498,none,0.0,0.0,11.901798,25.56,46.55378,994.7272,,2023-04-21 05:12:00.054631,2023-04-21 19:47:38.529513,875.6412480333333,0,0,1,4,0,0,,spring,0,0,0,0
560378227,5.15,0.8836341,none,0.0,0.0,12.429127,19.8,58.61908,991.8867,,2023-04-21 05:12:06.476326,2023-04-21 19:46:47.847727,874.68952335,0,0,1,4,0,0,,spring,0,0,0,0
559776827,14.65,9.529344,none,0.0,0.0,18.94024,32.039997,32.667072,994.79974,,2023-04-21 05:11:22.696679,2023-04-21 19:46:44.779007,875.3680387999999,0,0,1,4,0,0,,spring,0,0,1,0
559777627,15.05,9.775929,none,0.0,0.0,19.523155,34.92,30.685389,995.509,,2023-04-21 05:11:32.319918,2023-04-21 19:46:35.659004,875.0556514333333,0,0,1,4,0,0,,spring,0,0,1,0
559787627,10.45,6.402446,none,0.0,0.0,12.979984,20.16,47.65905,994.0344,,2023-04-21 05:11:25.065148,2023-04-21 19:46:57.285320,875.5370028666667,0,0,1,4,0,0,,spring,0,0,0,0
559792627,8.4,4.236328,none,0.0,0.0,13.363711,25.56,53.13005,995.23206,,2023-04-21 05:11:28.560785,2023-04-21 19:46:44.005844,875.25741765,0,1,0,4,0,0,,spring,0,0,0,1
560561227,7.6,4.0718775,none,0.0,0.0,9.107359,19.08,56.509243,1000.05194,,2023-04-21 05:12:00.887436,2023-04-21 19:47:49.596165,875.8118121499999,0,0,1,4,0,0,,spring,0,0,0,0
560474627,15.3,10.494542,none,0.0,0.0,16.171976,32.039997,29.86389,984.9563,,2023-04-21 05:12:13.832015,2023-04-21 19:46:45.378023,874.5257667999999,0,0,1,4,0,0,,spring,0,0,1,0
559777427,15.4,10.557022,none,0.0,0.0,16.520823,31.319998,29.892845,992.6383,,2023-04-21 05:11:30.501436,2023-04-21 19:46:06.851204,874.6058294666667,0,0,1,4,0,0,,spring,0,0,1,0
559787827,12.7,8.056339,none,0.0,0.0,16.203999,32.399998,38.607273,992.37146,,2023-04-21 05:11:34.838518,2023-04-21 19:46:30.923035,874.9347419500001,0,0,1,4,0,0,,spring,0,0,1,0
559737827,14.1,10.568185,none,0.0,0.0,13.905509,27.72,33.60152,998.3428,,2023-04-21 05:11:27.443641,2023-04-21 19:46:50.099515,875.3775979,0,0,1,4,0,0,,spring,0,0,0,0
560655827,10.85,6.193014,none,0.0,0.0,16.394829,28.8,43.938976,993.0941,,2023-04-21 05:11:32.245300,2023-04-21 19:46:01.710198,874.4910816333334,0,1,0,4,0,0,,spring,0,0,1,1
559859827,14.75,10.427074,none,0.0,0.0,12.682018,24.84,30.485094,990.51843,,2023-04-22 05:09:39.331974,2023-04-22 19:48:59.183705,879.3308621833334,0,0,1,5,1,0,,spring,0,0,0,0
559865827,14.85,10.701095,none,0.0,0.0,12.324414,25.199999,32.36732,994.41583,,2023-04-22 05:08:33.694072,2023-04-22 19:48:46.570834,880.2146127,0,0,1,5,1,0,,spring,0,0,0,0
559867627,14.85,10.3749,none,0.0,0.0,14.044615,27.359999,31.082905,992.06757,,2023-04-22 05:09:12.721164,2023-04-22 19:48:32.699256,879.3329682,0,0,1,5,1,0,,spring,0,0,0,0
559875627,14.55,10.366787,none,0.0,0.0,12.849528,24.84,33.733883,992.83105,,2023-04-22 05:09:24.525730,2023-04-22 19:49:24.278245,879.99587525,0,0,1,5,1,0,,spring,0,0,0,0
559869627,14.45,10.2299595,none,0.0,0.0,13.004921,27.359999,33.704487,981.63806,,2023-04-22 05:09:44.587336,2023-04-22 19:48:41.871904,878.9547428000001,0,0,1,5,1,0,,spring,0,0,0,0
559879627,13.85,10.155749,none,0.0,0.0,9.693296,22.68,35.818275,990.4145,,2023-04-22 05:10:13.966230,2023-04-22 19:49:09.848684,878.9313742333333,0,0,1,5,1,0,,spring,0,0,0,0
560592427,13.25,9.139695,none,0.0,0.0,13.779114,29.88,40.643623,991.4884,,2023-04-22 05:08:52.306148,2023-04-22 19:47:45.271067,878.8827486499999,0,0,1,5,1,0,,spring,0,0,0,0
559814827,3.1,-0.1054821,none,0.0,0.0,7.5170207,10.799999,80.676056,992.6989,,2023-04-22 05:08:59.798287,2023-04-22 19:48:57.466823,879.9611422666666,1,0,1,5,1,0,,spring,0,0,0,0
559814427,4.65,1.4441314,none,0.0,0.0,7.628263,14.04,72.87748,990.3761,,2023-04-22 05:09:30.300553,2023-04-22 19:48:11.757384,878.6909471833334,0,1,0,5,1,0,,spring,0,0,0,1
559877427,15.05,10.771471,none,0.0,0.0,12.287555,23.4,29.681372,994.52576,,2023-04-22 05:09:09.042540,2023-04-22 19:48:47.566948,879.6420734666666,0,0,1,5,1,0,,spring,0,0,0,0
559892227,5.75,2.1942644,none,0.0,0.0,8.891343,10.440001,62.321968,992.79895,,2023-04-22 05:09:55.330938,2023-04-22 19:49:25.107849,879.4962818500001,0,1,0,5,1,0,,spring,0,0,0,1
559884227,10.55,7.655525,none,0.0,0.0,4.6102495,10.08,45.81726,991.7643,,2023-04-22 05:08:48.696355,2023-04-22 19:49:20.218455,880.5253683333334,0,1,0,5,1,0,,spring,0,0,0,1
559852027,13.2,8.918316,none,0.0,0.0,14.689589,30.960001,40.04394,989.5819,,2023-04-22 05:09:28.137181,2023-04-22 19:48:17.377421,878.8206706666666,0,0,1,5,1,0,,spring,0,0,0,0
559862227,14.6,10.886488,none,0.0,0.0,9.531505,23.759998,33.379616,986.6514,,2023-04-22 05:10:03.058051,2023-04-22 19:51:15.597957,881.2089984333332,0,0,1,5,1,0,,spring,0,0,0,0
559876227,11.8,8.832823,none,0.0,0.0,7.10031,15.84,48.214752,989.61115,,2023-04-22 05:09:30.933115,2023-04-22 19:48:51.561935,879.3438136666666,0,0,1,5,1,0,,spring,0,0,0,0
563746227,13.8,9.926797,none,0.0,0.0,12.313893,26.28,39.642776,997.54565,,2023-04-22 05:08:42.383377,2023-04-22 19:47:52.845007,879.1743604999999,0,0,1,5,1,0,,spring,0,0,0,0
559876027,13.8,10.402227,none,0.0,0.0,9.0,23.759998,39.499615,989.47186,,2023-04-22 05:09:22.106733,2023-04-22 19:49:44.460226,880.3725582166667,0,0,1,5,1,0,,spring,0,0,0,0
559858227,13.85,9.927821,none,0.0,0.0,12.224107,27.0,38.385456,992.43256,,2023-04-22 05:09:35.344178,2023-04-22 19:49:06.153078,879.5134816666667,0,0,1,5,1,0,,spring,0,0,0,0
559896427,4.1,0.8602009,none,0.0,0.0,8.4042845,13.32,78.52309,992.7675,,2023-04-22 05:08:19.092534,2023-04-22 19:47:30.306738,879.1869034,0,0,1,5,1,0,,spring,0,0,0,0
559826027,10.75,8.01836,none,0.0,0.0,8.311245,18.72,60.8752,996.68805,,2023-04-22 05:09:06.944607,2023-04-22 19:48:52.188797,879.7540698333333,0,0,1,5,1,0,,spring,0,0,0,0
559886027,12.95,9.094982,none,0.0,0.0,12.904882,27.0,43.91179,994.6372,,2023-04-22 05:08:09.613288,2023-04-22 19:47:39.645413,879.5005354166666,0,0,1,5,1,0,,spring,0,0,0,0
560999027,13.85,9.73947,none,0.0,0.0,13.358861,26.28,37.969574,996.81805,,2023-04-22 05:08:53.548101,2023-04-22 19:48:16.957460,879.3901559833333,0,0,1,5,1,0,,spring,0,0,0,0
564513427,12.15,8.644514,none,0.0,0.0,9.793059,16.199999,44.15671,992.61395,,2023-04-22 05:08:49.631942,2023-04-22 19:48:50.792585,880.0193440500001,0,0,1,5,1,0,,spring,0,0,0,0
559902827,7.3,4.3855457,none,0.0,0.0,6.28713,11.5199995,63.373375,996.97235,,2023-04-22 05:08:50.245538,2023-04-22 19:48:19.483845,879.4873051166667,0,1,0,5,1,0,,spring,0,0,0,1
559852427,13.85,9.927821,none,0.0,0.0,12.224107,27.0,38.385456,993.72797,,2023-04-22 05:09:27.906122,2023-04-22 19:48:59.418387,879.5252044166666,0,0,1,5,1,0,,spring,0,0,0,0
559890027,9.75,6.128195,none,0.0,0.0,8.759178,14.4,45.418873,995.8914,,2023-04-22 05:09:02.542349,2023-04-22 19:48:31.097220,879.4759145166666,0,1,0,5,1,0,,spring,0,0,0,1
559993627,9.05,5.508726,none,0.0,0.0,9.931042,16.919998,53.889015,996.57745,,2023-04-23 05:06:26.907186,2023-04-23 19:51:05.749441,884.6473709166668,0,1,0,6,1,0,,spring,0,0,0,1
560035627,18.3,14.525558,none,0.0,0.0,10.538843,25.199999,27.56218,996.2547,,2023-04-23 05:05:41.400009,2023-04-23 19:50:07.818087,884.4403013,0,0,1,6,1,0,,spring,0,0,0,0
560204627,14.4,11.624675,none,0.0,0.0,8.217153,16.56,46.915794,998.24396,,2023-04-23 05:06:33.671481,2023-04-23 19:50:15.017701,883.6891036666667,0,0,1,6,1,0,,spring,0,0,0,0
560472227,18.1,14.03583,none,0.0,0.0,13.246826,25.56,29.368671,998.3586,,2023-04-23 05:05:56.692967,2023-04-23 19:49:29.905783,883.5535469333333,0,0,1,6,1,0,,spring,0,0,0,0
559949227,17.5,14.01416,none,0.0,0.0,11.770403,24.119999,35.72602,996.1474,,2023-04-23 05:05:43.738952,2023-04-23 19:50:13.755954,884.5002833666666,0,0,1,6,1,0,,spring,0,0,0,0
559986427,11.05,7.1868305,none,0.0,0.0,12.031756,22.319998,46.802364,996.5746,,2023-04-23 05:07:17.816517,2023-04-23 19:51:39.264238,884.3574620166667,0,1,0,6,1,0,,spring,0,0,0,1
559984027,10.8,7.3316193,none,0.0,0.0,10.086427,15.84,50.05453,998.77454,,2023-04-23 05:06:09.763338,2023-04-23 19:50:29.333261,884.3261653833334,0,1,0,6,1,0,,spring,0,0,0,1
560676627,10.3,6.5580482,none,0.0,0.0,11.200571,17.64,49.197483,997.00116,,2023-04-23 05:06:32.461311,2023-04-23 19:50:45.284082,884.21371285,0,1,0,6,1,0,,spring,0,0,0,1
560566427,17.65,13.763113,none,0.0,0.0,11.770403,23.4,29.66857,994.2881,,2023-04-23 05:07:30.777209,2023-04-23 19:51:30.817813,884.0006767333333,0,0,1,6,1,0,,spring,0,0,0,0
559930627,17.05,13.531374,none,0.0,0.0,11.165805,23.759998,34.96354,1000.9635,,2023-04-23 05:06:27.384072,2023-04-23 19:50:29.850750,884.0411112999999,0,0,1,6,1,0,,spring,0,0,0,0
559950427,17.65,13.935255,none,0.0,0.0,10.383987,25.919998,29.239971,992.02545,,2023-04-23 05:09:01.801502,2023-04-23 19:51:58.491869,882.94483945,0,0,1,6,1,0,,spring,0,0,0,0
560021227,12.5,9.04304,none,0.0,0.0,10.630672,17.64,46.543396,995.7714,,2023-04-23 05:05:54.207445,2023-04-23 19:50:47.618401,884.8901826,0,0,1,6,1,0,,spring,0,0,0,0
560061627,12.3,8.937487,none,0.0,0.0,9.983106,15.119999,47.158535,997.3026,,2023-04-23 05:06:47.125158,2023-04-23 19:51:03.618914,884.2748959333334,0,1,0,6,1,0,,spring,0,0,0,1
560242427,16.55,13.31234,none,0.0,0.0,10.685391,24.48,39.31482,1000.6203,,2023-04-23 05:06:19.508089,2023-04-23 19:49:44.795584,883.42145825,0,0,1,6,1,0,,spring,0,0,0,0
559945827,17.7,14.005903,none,0.0,0.0,11.966953,24.119999,32.724728,1000.7197,,2023-04-23 05:06:51.698745,2023-04-23 19:50:48.230744,883.9421999833334,0,0,1,6,1,0,,spring,0,0,0,0
559955827,18.4,14.361885,none,0.0,0.0,11.609651,23.039999,25.926842,994.45636,,2023-04-23 05:06:30.978878,2023-04-23 19:51:01.282934,884.5050676,0,0,1,6,1,0,,spring,0,0,0,0
559930227,17.2,14.1310005,none,0.0,0.0,11.620809,25.199999,35.258606,996.3239,,2023-04-23 05:06:57.164630,2023-04-23 19:51:28.780149,884.5269253166666,0,0,1,6,1,0,,spring,0,0,0,0
559980027,13.1,11.200585,none,0.0,0.0,5.1165614,14.04,59.139935,999.0526,,2023-04-23 05:06:03.740986,2023-04-23 19:49:48.457533,883.7452757833333,0,0,1,6,1,0,,spring,0,0,0,0
559983627,16.65,13.376423,none,0.0,0.0,10.195057,24.48,37.433475,994.18,,2023-04-23 05:06:57.219544,2023-04-23 19:50:16.199851,883.31633845,0,0,1,6,1,0,,spring,0,0,0,0
559990627,18.35,14.341915,none,0.0,0.0,11.841756,22.319998,26.880236,997.8264,,2023-04-23 05:06:22.933582,2023-04-23 19:50:29.957435,884.1170642166667,0,0,1,6,1,0,,spring,0,0,0,0
560068027,19.45,14.570488,none,0.0,0.0,18.888851,30.960001,27.090734,991.02795,,2023-04-24 05:04:42.889915,2023-04-24 19:52:14.636215,887.529105,0,0,1,0,0,0,,spring,0,0,1,0
560061427,19.9,15.910137,none,0.0,0.0,12.287555,25.56,22.26189,999.0054,,2023-04-24 05:03:47.685274,2023-04-24 19:52:14.870731,888.45309095,0,0,1,0,0,0,,spring,0,0,0,0
560073027,13.25,9.814995,none,0.0,0.0,9.255571,23.039999,40.93895,993.2293,,2023-04-24 05:04:56.771871,2023-04-24 19:52:08.995977,887.2037351,0,0,1,0,0,0,,spring,0,0,0,0
560082227,14.5,9.880753,none,0.0,0.0,15.7908325,28.8,33.719185,993.04626,,2023-04-24 05:04:14.084770,2023-04-24 19:53:39.143577,889.4176467833333,1,0,0,0,0,0,,spring,0,0,1,0
560283027,16.8,13.787239,none,0.0,0.0,11.090103,22.319998,42.713306,999.09656,,2023-04-24 05:03:48.255940,2023-04-24 19:52:22.493690,888.5706291666667,0,0,1,0,0,0,,spring,0,0,0,0
560004027,14.9,12.840818,none,0.0,0.0,7.342588,16.56,55.430992,996.9944,,2023-04-24 05:04:15.509065,2023-04-24 19:53:21.126054,889.0936164833333,0,0,1,0,0,0,,spring,0,0,0,0
560014627,17.05,13.9821205,none,0.0,0.0,11.090103,21.96,41.31008,997.7442,,2023-04-24 05:04:14.256464,2023-04-24 19:53:03.807626,888.8258527,0,0,1,0,0,0,,spring,0,0,0,0
560059627,20.05,16.21416,none,0.0,0.0,10.365251,21.96,23.65389,992.71405,,2023-04-24 05:04:53.170341,2023-04-24 19:53:31.217609,888.6341211333333,0,0,1,0,0,0,,spring,0,0,0,0
560196827,16.45,11.992052,none,0.0,0.0,16.267857,36.36,33.31372,997.45483,,2023-04-24 05:03:50.310778,2023-04-24 19:52:17.523316,888.4535423,0,0,1,0,0,0,,spring,0,0,1,0
560283827,19.9,15.910137,none,0.0,0.0,12.287555,25.56,22.26189,999.23773,,2023-04-24 05:03:43.105864,2023-04-24 19:52:02.239718,888.3188975666667,0,0,1,0,0,0,,spring,0,0,0,0
560205427,11.95,9.340465,none,0.0,0.0,9.6932955,18.359999,62.8925,996.43384,,2023-04-24 05:04:32.584411,2023-04-24 19:52:17.192325,887.7434652333334,0,0,1,0,0,0,,spring,0,0,0,0
560353827,14.55,11.77783,none,0.0,0.0,9.531505,20.519999,49.85035,997.06854,,2023-04-24 05:05:09.738537,2023-04-24 19:53:27.407215,888.2944779666667,0,0,1,0,0,0,,spring,0,0,0,0
560077427,8.65,5.6212635,none,0.0,0.0,7.6367526,13.679999,59.932144,991.9379,,2023-04-24 05:06:11.595797,2023-04-24 19:53:00.619393,886.8170599333333,0,1,0,0,0,0,,spring,0,0,0,1
560067427,19.15,15.476685,none,0.0,0.0,13.049689,28.8,29.561975,991.1842,,2023-04-24 05:04:57.044398,2023-04-24 19:55:06.177305,890.1522151166666,0,0,1,0,0,0,,spring,0,0,0,0
560068427,19.45,14.570488,none,0.0,0.0,18.888851,30.960001,27.090734,992.4117,,2023-04-24 05:04:38.538815,2023-04-24 19:52:37.961832,887.9903836166667,0,0,1,0,0,0,,spring,0,0,1,0
560071827,20.1,16.3348,none,0.0,0.0,10.483357,25.919998,22.898066,996.5203,,2023-04-24 05:04:32.405712,2023-04-24 19:53:20.945318,888.8089934333333,0,0,1,0,0,0,,spring,0,0,0,0
560056827,19.05,15.232979,none,0.0,0.0,10.829959,26.64,26.299248,994.8489,,2023-04-24 05:03:08.814492,2023-04-24 19:52:02.662709,888.8974702833333,0,0,1,0,0,0,,spring,0,0,0,0
560068627,19.85,16.448751,none,0.0,0.0,12.641076,25.919998,27.89879,995.02856,,2023-04-24 05:03:59.918297,2023-04-24 19:53:24.069360,889.4025177166666,0,0,1,0,0,0,,spring,0,0,0,0
560070427,17.7,12.801794,none,0.0,0.0,18.448023,36.0,29.042019,993.6606,,2023-04-24 05:05:02.184208,2023-04-24 19:53:05.383578,888.0533228333334,0,0,1,0,0,0,,spring,0,0,1,0
560683827,19.9,16.772305,none,0.0,0.0,12.864649,25.919998,26.632557,999.0507,,2023-04-24 05:03:59.132331,2023-04-24 19:52:26.935730,888.4633899833333,0,0,1,0,0,0,,spring,0,0,0,0
560255427,6.5,3.3644238,none,0.0,0.0,7.6367526,13.32,66.22691,998.68744,,2023-04-24 05:03:35.944513,2023-04-24 19:51:59.192202,888.3874614833334,0,1,0,0,0,0,,spring,0,0,0,1
560678827,16.4,11.749957,none,0.0,0.0,16.645864,38.16,31.304945,997.35364,,2023-04-24 05:04:27.951084,2023-04-24 19:53:04.398945,888.60746435,0,0,1,0,0,0,,spring,0,0,1,0
560005827,14.85,12.346777,none,0.0,0.0,9.255571,18.72,52.795326,999.2127,,2023-04-24 05:03:45.175207,2023-04-24 19:52:21.003375,888.5971361333334,0,0,1,0,0,0,,spring,0,0,0,0
560058627,19.75,16.876347,none,0.0,0.0,12.144331,25.919998,26.590712,996.68677,,2023-04-24 05:04:08.971253,2023-04-24 19:53:16.396241,889.1237497999999,0,0,1,0,0,0,,spring,0,0,0,0
560042427,19.75,16.698301,none,0.0,0.0,12.413476,27.0,26.302855,994.4089,,2023-04-24 05:04:37.026730,2023-04-24 19:52:17.136754,887.6685004,0,0,1,0,0,0,,spring,0,0,0,0
560161427,20.05,16.258524,none,0.0,0.0,11.5199995,25.56,22.384256,998.9329,,2023-04-24 05:04:29.713108,2023-04-24 19:52:55.346098,888.4272165,0,0,1,0,0,0,,spring,0,0,0,0
560066827,19.8,15.802057,none,0.0,0.0,11.525623,22.68,24.11128,994.6231,,2023-04-24 05:03:49.281780,2023-04-24 19:53:15.214370,889.4322098333333,0,0,1,0,0,0,,spring,0,0,0,0
560080227,11.7,9.696079,none,0.0,0.0,6.130579,13.32,65.73924,996.8154,,2023-04-24 05:04:12.516341,2023-04-24 19:53:35.312593,889.3799375333333,0,0,1,0,0,0,,spring,0,0,0,0
560055827,19.85,16.288261,none,0.0,0.0,12.879752,25.919998,26.426348,996.76404,,2023-04-24 05:04:20.662766,2023-04-24 19:53:18.246687,888.9597320166666,0,0,1,0,0,0,,spring,0,0,0,0
560066227,20.6,16.915556,none,0.0,0.0,11.298495,27.0,22.780233,994.7573,,2023-04-24 05:06:27.047452,2023-04-24 19:53:55.997033,887.4824930166667,0,0,1,0,0,0,,spring,0,0,0,0
560067027,19.55,16.841774,none,0.0,0.0,4.32,21.96,27.514309,989.4594,,2023-04-24 05:05:03.849091,2023-04-24 19:55:13.007732,890.1526440166667,0,0,1,0,0,0,,spring,0,0,0,0
560073827,12.2,8.646967,none,0.0,0.0,9.904906,22.319998,43.379055,998.4359,,2023-04-24 05:04:37.262640,2023-04-24 19:53:08.258300,888.5165943333334,0,1,0,0,0,0,,spring,0,0,0,1
560091227,13.65,11.864288,none,0.0,0.0,5.6233797,15.84,60.51615,995.99506,,2023-04-25 05:02:28.984337,2023-04-25 19:55:43.788264,893.2467321166666,0,0,1,1,0,0,,spring,0,0,0,0
560178227,13.2,10.666779,none,0.0,0.0,8.311245,8.64,55.56953,989.3086,,2023-04-25 05:01:48.916529,2023-04-25 19:54:57.045203,893.1354779,1,0,0,1,0,0,,spring,0,0,0,0
560229227,5.35,2.4261212,none,0.0,0.0,8.534353,11.879999,82.735825,1000.5086,,2023-04-25 05:01:33.937682,2023-04-25 19:53:45.021544,892.1847310333334,0,1,0,1,0,0,,spring,0,0,0,1
560098227,13.25,11.344273,none,0.0,0.0,6.3690495,16.56,61.899082,994.05835,,2023-04-25 05:02:00.473659,2023-04-25 19:55:24.881696,893.4068006166667,0,0,1,1,0,0,,spring,0,0,0,0
560114227,17.05,14.063936,rain,0.1,0.0,13.684735,28.44,42.486332,994.2854,,2023-04-25 05:02:15.222437,2023-04-25 19:54:59.307447,892.7347501666667,0,0,1,1,0,0,,spring,0,0,0,0
560098627,15.85,13.93141,none,0.0,0.0,5.692099,16.919998,50.5557,992.69183,,2023-04-25 05:03:15.537426,2023-04-25 19:55:30.139080,892.2433609,0,0,1,1,0,0,,spring,0,0,0,0
560154227,16.95,14.02471,none,0.0,0.0,12.387348,27.359999,42.45762,991.1531,,2023-04-25 05:02:59.886584,2023-04-25 19:55:09.322536,892.1572658666666,0,0,1,1,0,0,,spring,0,0,0,0
560175827,15.0,12.601486,none,0.0,0.0,5.95906,17.28,45.93871,983.58234,,2023-04-25 05:02:26.614565,2023-04-25 19:54:46.587030,892.3328744166666,0,0,1,1,0,0,,spring,0,0,0,0
560352027,17.1,13.38773,none,0.0,0.0,13.202726,25.56,36.380455,989.717,,2023-04-25 05:01:56.778980,2023-04-25 19:54:15.661866,892.3147147666666,0,0,1,1,0,0,,spring,0,0,0,0
560471427,15.55,13.609974,none,0.0,0.0,6.489992,18.0,52.98148,989.7314,,2023-04-25 05:02:23.142631,2023-04-25 19:54:42.431087,892.3214742666667,0,0,1,1,0,0,,spring,0,0,0,0
560499827,17.75,13.998339,none,0.0,0.0,13.53236,26.64,35.042267,990.42975,,2023-04-25 05:02:05.249773,2023-04-25 19:55:42.549241,893.6216578,0,0,1,1,0,0,,spring,0,0,0,0
560082627,6.05,3.045508,none,0.0,0.0,7.9932966,13.32,73.92772,988.02936,,2023-04-25 05:02:39.030228,2023-04-25 19:57:15.131387,894.6016859833333,0,0,1,1,0,0,,spring,0,0,0,0
560086027,6.8,4.210227,none,0.0,0.0,6.12,10.440001,74.3264,998.07086,,2023-04-25 05:01:46.405777,2023-04-25 19:54:24.397909,892.6332022,0,1,0,1,0,0,,spring,0,0,0,1
560178027,11.3,9.996217,rain,0.2,0.0,5.6233797,12.24,80.96095,984.6631,,2023-04-25 05:02:34.194940,2023-04-25 19:55:30.754196,892.9426542666666,0,1,0,1,0,0,,spring,0,0,0,1
560160627,17.2,14.196318,rain,0.1,0.0,13.830749,29.88,42.232597,990.6637,,2023-04-25 05:02:40.370281,2023-04-25 19:54:16.529197,891.6026486,0,0,1,1,0,0,,spring,0,0,0,0
560154827,17.2,13.417704,none,0.0,0.0,13.324863,26.64,35.384884,988.99225,,2023-04-25 05:02:30.773356,2023-04-25 19:54:55.977554,892.4200699666667,0,0,1,1,0,0,,spring,0,0,0,0
560167627,16.95,14.045734,none,0.0,0.0,8.587338,21.599998,38.739193,989.4851,,2023-04-25 05:02:02.798728,2023-04-25 19:55:23.366666,893.3427989666667,0,0,1,1,0,0,,spring,0,0,0,0
560171027,14.6,12.765528,none,0.0,0.0,6.0347,11.159999,57.10123,990.31696,,2023-04-25 05:01:13.226726,2023-04-25 19:53:32.730568,892.3250640333333,0,0,1,1,0,0,,spring,0,0,0,0
560181427,13.8,10.877817,none,0.0,0.0,13.493999,22.68,60.136246,992.2883,,2023-04-25 05:01:02.472032,2023-04-25 19:53:39.301058,892.6138171,1,0,0,1,0,0,,spring,0,0,0,0
560811027,14.75,11.594161,none,0.0,0.0,10.1887,21.599998,44.2727,986.37256,,2023-04-25 05:02:55.913819,2023-04-25 19:55:12.248607,892.2722464666666,0,0,1,1,0,0,,spring,0,0,0,0
560865827,11.45,10.084233,rain,0.2,0.0,6.489992,10.08,81.532,987.9968,,2023-04-25 05:01:39.913003,2023-04-25 19:54:39.577976,892.9944162166667,0,1,0,1,0,0,,spring,0,0,0,1
560437227,15.2,13.19639,none,0.0,0.0,6.696387,18.359999,53.62565,991.6517,,2023-04-25 05:01:43.910074,2023-04-25 19:55:31.732619,893.7970424166667,0,0,1,1,0,0,,spring,0,0,0,0
560098827,15.85,14.0847645,none,0.0,0.0,4.802999,17.28,50.731117,990.8425,,2023-04-25 05:03:51.327177,2023-04-25 19:54:59.931593,891.1434069333334,0,0,1,1,0,0,,spring,0,0,0,0
560468027,17.75,13.990343,none,0.0,0.0,13.708391,27.72,35.292847,992.0258,,2023-04-25 05:02:05.338144,2023-04-25 19:54:33.213448,892.4645884,0,0,1,1,0,0,,spring,0,0,0,0
560500027,16.85,14.140865,none,0.0,0.0,12.599998,25.56,46.78401,997.7443,,2023-04-25 05:01:39.189884,2023-04-25 19:53:50.320698,892.1855135666666,0,0,1,1,0,0,,spring,0,0,0,0
560729827,15.4,13.385252,none,0.0,0.0,6.696387,18.0,52.758907,996.7286,,2023-04-25 05:01:58.044509,2023-04-25 19:54:48.482514,892.8406334166667,0,0,1,1,0,0,,spring,0,0,0,0
560180427,11.4,10.126054,rain,0.3,0.0,5.8603754,9.72,81.802124,987.18463,,2023-04-25 05:02:44.563409,2023-04-25 19:54:03.905220,891.3223635166667,0,1,0,1,0,0,,spring,0,0,0,1
560318827,11.15,9.2506895,none,0.0,0.0,5.1165614,13.679999,67.23543,993.7524,,2023-04-25 05:02:34.344373,2023-04-25 19:55:23.651494,892.8217853499999,0,0,1,1,0,0,,spring,0,0,0,0
562239027,17.3,14.056055,none,0.0,0.0,11.298495,24.48,38.70384,993.2794,,2023-04-25 05:01:04.889611,2023-04-25 19:54:27.276991,893.373123,0,0,1,1,0,0,,spring,0,0,0,0
560086227,11.15,9.2506895,none,0.0,0.0,5.1165614,13.679999,67.23543,991.25824,,2023-04-25 05:02:41.889210,2023-04-25 19:55:41.972852,893.0013940333333,0,0,1,1,0,0,,spring,0,0,0,0
560176227,12.65,9.6472025,none,0.0,0.0,11.183201,16.56,56.605145,985.0613,,2023-04-25 05:02:09.625375,2023-04-25 19:56:06.114570,893.9414865833334,0,1,0,1,0,0,,spring,0,0,0,1
560086427,10.9,8.722177,none,0.0,0.0,6.9527545,16.199999,68.12315,994.07104,,2023-04-25 05:02:31.024967,2023-04-25 19:55:16.988546,892.7660596500001,0,0,1,1,0,0,,spring,0,0,0,0
560153627,17.4,14.167303,none,0.0,0.0,10.587918,23.759998,37.121536,991.79095,,2023-04-25 05:00:41.954107,2023-04-25 19:54:06.794534,893.4140071166668,0,0,1,1,0,0,,spring,0,0,0,0
560528427,10.6,8.615589,none,0.0,0.0,6.297428,15.84,71.69926,994.1268,,2023-04-25 05:00:52.075520,2023-04-25 19:54:05.192978,893.2186243,0,0,1,1,0,0,,spring,0,0,0,0
560798227,15.35,14.220886,none,0.0,0.0,4.3349743,13.32,61.966354,988.49506,,2023-04-25 05:01:34.687994,2023-04-25 19:54:45.041293,893.1725549833334,0,0,1,1,0,0,,spring,0,0,0,0
560256627,14.65,10.6370325,none,0.0,0.0,20.972897,42.12,56.917324,976.90656,,2023-04-26 05:00:09.271001,2023-04-26 19:59:11.537226,899.0377704166666,0,0,1,2,0,0,,spring,0,0,1,0
560239827,11.1,8.06226,rain,0.3,0.0,18.584509,33.12,85.443695,979.6613,,2023-04-26 04:59:49.843090,2023-04-26 19:56:41.437878,896.8599131333334,0,0,1,2,0,0,,spring,0,0,1,0
560370427,10.55,7.732212,none,0.0,0.0,17.076298,35.28,88.62501,979.30615,,2023-04-26 04:59:11.693319,2023-04-26 19:57:32.984129,898.3548468333333,0,0,1,2,0,0,,spring,0,0,1,0
560596827,9.75,6.9070272,rain,0.7,0.0,17.339897,30.599998,93.807884,980.77716,,2023-04-26 04:59:29.916149,2023-04-26 19:55:45.651395,896.2622541,0,0,1,2,0,0,,spring,0,0,1,0
560683027,11.35,8.40192,rain,0.3,0.0,18.335276,29.88,85.18249,984.6542,,2023-04-26 04:59:17.684050,2023-04-26 19:56:36.607857,897.3153967833333,0,0,1,2,0,0,,spring,0,0,1,0
560209827,10.45,7.214943,rain,0.1,0.0,19.486609,33.12,87.721725,983.086,,2023-04-26 04:59:41.356551,2023-04-26 19:57:09.727933,897.4728563666666,0,0,1,2,0,0,,spring,0,0,1,0
560252227,10.55,8.098363,rain,0.2,0.0,14.565548,30.599998,88.62501,976.5311,,2023-04-26 05:00:08.762636,2023-04-26 19:59:17.257971,899.1415889166667,0,0,1,2,0,0,,spring,0,0,0,0
560268827,13.9,11.593951,none,0.0,0.0,10.464797,29.88,62.908638,985.88165,,2023-04-26 04:58:51.975352,2023-04-26 19:57:07.761302,898.2630991666666,0,0,1,2,0,0,,spring,0,0,0,0
560335627,11.2,8.778395,rain,0.2,0.0,15.1884165,30.239998,87.494736,982.01575,,2023-04-26 04:58:40.303543,2023-04-26 19:56:03.986644,897.3947183500001,0,0,1,2,0,0,,spring,0,0,1,0
560380627,11.1,8.152708,rain,0.1,0.0,17.873556,33.12,85.155464,983.10754,,2023-04-26 04:59:50.832517,2023-04-26 19:57:19.075723,897.4707201,0,0,1,2,0,0,,spring,0,0,1,0
560438627,11.25,8.650042,rain,0.2,0.0,15.856354,28.8,85.45962,983.70593,,2023-04-26 04:59:38.210342,2023-04-26 19:57:20.246526,897.7006030666666,0,0,1,2,0,0,,spring,0,0,1,0
560190227,9.5,7.0401316,rain,0.7,0.0,14.081477,23.759998,93.16312,983.11786,,2023-04-26 04:59:47.575479,2023-04-26 19:57:24.817914,897.62070725,0,0,1,2,0,0,,spring,0,0,0,0
560186227,10.45,8.563939,rain,0.7,0.0,11.609651,20.519999,92.276924,980.5029,,2023-04-26 05:00:21.170831,2023-04-26 19:56:36.282530,896.25186165,0,1,0,2,0,0,,spring,0,0,0,1
560205827,10.4,7.6712008,rain,0.1,0.0,16.92383,32.399998,91.038864,982.8863,,2023-04-26 04:58:50.520681,2023-04-26 19:56:15.106524,897.40976405,0,0,1,2,0,0,,spring,0,0,1,0
560321427,10.55,8.544572,none,0.0,0.0,7.208994,11.5199995,74.4671,990.3973,,2023-04-26 04:59:32.606991,2023-04-26 19:56:32.814294,897.0034550500001,0,1,0,2,0,0,,spring,0,0,0,1
560677427,14.75,10.536619,rain,0.2,0.0,24.20314,32.399998,61.196278,986.2494,,2023-04-26 04:59:39.986443,2023-04-26 19:56:50.616010,897.1771594500001,0,0,1,2,0,0,,spring,0,0,1,0
560257427,14.75,10.401398,rain,0.2,0.0,24.798225,32.760002,60.365074,987.53357,,2023-04-26 04:59:31.159602,2023-04-26 19:56:34.072468,897.0485477666666,0,0,1,2,0,0,,spring,0,0,1,0
560376427,9.7,6.636841,rain,0.8,0.0,18.668005,32.039997,93.48907,979.94794,,2023-04-26 04:59:53.694280,2023-04-26 19:56:15.412740,896.3619743333333,0,0,1,2,0,0,,spring,0,0,1,0
560380827,10.05,7.8992844,none,0.0,0.0,8.049845,10.799999,76.46477,983.2538,,2023-04-26 05:00:25.479805,2023-04-26 19:57:39.822342,897.2390422833333,0,1,0,2,0,0,,spring,0,0,0,1
560260227,15.5,11.699184,none,0.0,0.0,20.46941,46.44,56.16099,986.8283,,2023-04-26 04:58:58.707703,2023-04-26 19:55:56.230367,896.9587110666666,0,0,1,2,0,0,,spring,0,0,1,0
560269827,14.9,11.744673,none,0.0,0.0,14.4,38.16,54.293373,979.65356,,2023-04-26 05:00:30.971612,2023-04-26 19:59:20.816938,898.8307554333334,0,0,1,2,0,0,,spring,0,0,0,0
560183827,10.7,9.27434,rain,0.2,0.0,6.9899354,12.24,85.981705,985.03424,,2023-04-26 05:01:31.018894,2023-04-26 19:57:38.911499,896.1315434166667,0,1,0,2,0,0,,spring,0,0,0,1
560494427,15.2,10.8446,none,0.0,0.0,24.27265,41.039997,57.252438,989.2544,,2023-04-26 04:59:28.973241,2023-04-26 19:56:20.370766,896.8566254166667,0,0,1,2,0,0,,spring,0,0,1,0
560349427,15.35,11.208846,none,0.0,0.0,22.322903,41.399998,55.54694,981.91626,,2023-04-26 04:59:54.832516,2023-04-26 19:56:45.314653,896.84136895,0,0,1,2,0,0,,spring,0,0,1,0
560395827,14.05,12.791943,none,0.0,0.0,6.379216,16.56,70.41817,991.5228,,2023-04-27 04:56:34.823705,2023-04-27 19:59:18.968642,902.7357489499999,0,0,1,3,0,0,,spring,0,0,0,0
560415427,19.05,15.719915,none,0.0,0.0,14.408997,33.839996,39.48423,986.55914,,2023-04-27 05:00:15.095419,2023-04-27 19:58:46.865908,898.5295081500001,0,0,1,3,0,0,,spring,0,0,0,0
560823627,19.6,17.946453,none,0.0,0.0,11.770403,26.64,42.33127,989.1284,,2023-04-27 04:58:01.780207,2023-04-27 19:58:14.306145,900.2087656333333,0,0,1,3,0,0,,spring,0,0,0,0
560908627,17.95,16.683928,none,0.0,0.0,9.360001,23.039999,52.354828,988.87726,,2023-04-27 04:57:26.321072,2023-04-27 20:00:28.876560,903.0425914666666,0,0,1,3,0,0,,spring,0,0,0,0
560430627,13.95,12.092466,none,0.0,0.0,8.217153,12.599999,64.88671,992.1643,,2023-04-27 04:56:13.866862,2023-04-27 19:58:14.542737,902.0112645833334,1,0,0,3,0,0,,spring,0,0,0,0
560423427,15.9,14.830643,none,0.0,0.0,6.28713,13.679999,65.31463,996.622,,2023-04-27 04:56:56.046184,2023-04-27 19:57:51.090045,900.9173976833333,0,0,1,3,0,0,,spring,0,0,0,0
560450027,19.45,15.548002,rain,0.3,0.0,18.043148,35.64,37.979767,995.64764,,2023-04-27 04:57:16.372069,2023-04-27 19:58:55.581103,901.6534839,0,0,1,3,0,0,,spring,0,0,1,0
560427627,18.65,15.786118,none,0.0,0.0,13.009903,28.08,43.99449,993.8833,,2023-04-27 04:56:19.743879,2023-04-27 19:58:17.529391,901.9630918666667,0,0,1,3,0,0,,spring,0,0,0,0
560408627,18.6,15.520676,none,0.0,0.0,13.797913,28.8,42.78098,989.8646,,2023-04-27 04:56:54.682739,2023-04-27 19:59:27.934551,902.5541968666668,0,0,1,3,0,0,,spring,0,0,0,0
560344027,12.0,10.701241,none,0.0,0.0,5.5887027,14.759999,77.30367,986.16064,,2023-04-27 04:57:46.974295,2023-04-27 20:01:07.743896,903.3461600166667,0,0,1,3,0,0,,spring,0,0,0,0
560364827,19.75,18.119108,none,0.0,0.0,11.631956,26.28,42.08354,988.3518,,2023-04-27 04:58:01.958382,2023-04-27 19:59:07.991273,901.1005481833333,0,0,1,3,0,0,,spring,0,0,0,0
560806827,10.85,8.828584,none,0.0,0.0,9.511088,18.72,80.07685,988.14264,,2023-04-27 04:57:41.784362,2023-04-27 19:58:13.523813,900.52899085,0,1,0,3,0,0,,spring,0,0,0,1
560431427,12.0,10.191641,rain,0.2,0.0,8.049845,16.919998,74.210846,994.0065,,2023-04-27 04:57:01.185276,2023-04-27 19:57:46.919685,900.7622401499999,0,1,0,3,0,0,,spring,0,0,0,1
560344827,11.45,10.271022,none,0.0,0.0,4.68,12.959999,79.88955,992.18353,,2023-04-27 04:56:18.918202,2023-04-27 19:57:52.388952,901.5578458333333,0,0,1,3,0,0,,spring,0,0,0,0
560639627,8.2,6.0706787,none,0.0,0.0,6.989936,14.4,83.09223,989.86224,,2023-04-27 04:57:15.012509,2023-04-27 19:57:44.918429,900.498432,0,0,1,3,0,0,,spring,0,0,0,0
560656827,18.3,16.488451,none,0.0,0.0,8.4042845,23.4,50.18198,991.562,,2023-04-27 04:57:02.499248,2023-04-27 19:57:47.004603,900.7417559166666,0,0,1,3,0,0,,spring,0,0,0,0
560789627,6.7,4.3479166,none,0.0,0.0,7.6367526,12.24,88.29192,990.5311,,2023-04-27 04:57:00.332676,2023-04-27 19:58:46.207952,901.7645879333334,0,1,0,3,0,0,,spring,0,0,0,1
560411227,14.5,12.144991,none,0.0,0.0,10.315115,16.919998,59.27903,988.27527,,2023-04-27 04:58:02.793245,2023-04-27 19:59:45.151242,901.7059666166666,1,0,0,3,0,0,,spring,0,0,0,0
560367227,14.5,13.286629,none,0.0,0.0,5.00128,15.119999,65.67389,992.86273,,2023-04-27 04:57:43.134576,2023-04-27 19:59:46.153009,902.0503072166666,0,0,1,3,0,0,,spring,0,0,0,0
560411827,14.15,12.019669,none,0.0,0.0,9.178235,14.04,61.68558,992.31445,,2023-04-27 04:57:21.766373,2023-04-27 19:58:44.113771,901.3724566333333,0,0,1,3,0,0,,spring,0,0,0,0
560336627,7.2,4.9691715,none,0.0,0.0,6.87779,10.799999,85.61499,986.68787,,2023-04-27 04:57:39.151814,2023-04-27 19:58:03.696228,900.4090735666667,0,1,0,3,0,0,,spring,0,0,0,1
560398627,19.3,15.8305,none,0.0,0.0,15.509274,33.48,39.145626,993.50885,,2023-04-27 04:57:34.058198,2023-04-27 19:59:44.598931,902.1756788833334,0,0,1,3,0,0,,spring,0,0,1,0
560340827,8.35,6.633174,none,0.0,0.0,5.8603754,12.599999,88.74091,991.8334,,2023-04-27 04:56:26.080999,2023-04-27 19:58:54.512841,902.4738640333333,0,0,1,3,0,0,,spring,0,0,0,0
560495427,12.15,10.609047,rain,0.7,0.0,9.904906,19.44,84.41489,990.9204,,2023-04-28 04:55:02.965079,2023-04-28 20:01:56.565176,906.89333495,0,0,1,4,0,0,,spring,0,0,0,0
560461827,11.6,10.211173,rain,0.1,0.0,8.766573,21.96,87.23829,989.4612,,2023-04-28 04:55:01.309316,2023-04-28 20:02:06.292944,907.0830604666667,0,0,1,4,0,0,,spring,0,0,0,0
560522827,9.7,5.9333563,none,0.0,0.0,18.899143,34.92,77.47153,991.1522,,2023-04-28 04:55:19.146086,2023-04-28 20:00:58.664112,905.6586337666666,0,0,1,4,0,0,,spring,0,0,1,0
560734227,14.3,11.779739,none,0.0,0.0,15.034041,26.64,69.28751,998.91187,,2023-04-28 04:54:31.540132,2023-04-28 19:59:34.090825,905.04251155,0,0,1,4,0,0,,spring,0,0,1,0
560745427,8.8,5.1378374,none,0.0,0.0,17.057314,31.68,78.14,998.0338,,2023-04-28 04:55:04.491515,2023-04-28 20:01:04.501871,906.0001725999999,1,0,0,4,0,0,,spring,0,0,1,0
560516427,14.2,11.578552,none,0.0,0.0,15.546833,32.039997,69.26753,992.8481,,2023-04-28 04:54:57.205505,2023-04-28 20:01:12.752711,906.2591201,0,0,1,4,0,0,,spring,0,0,1,0
560527227,7.5,3.8162918,rain,0.3,0.0,16.199999,30.960001,81.28509,991.2583,,2023-04-28 04:55:37.948225,2023-04-28 20:00:17.285318,904.6556182166667,0,1,0,4,0,0,,spring,0,0,1,1
560489027,14.9,12.435108,rain,0.6,0.0,16.62249,30.599998,71.53559,997.7184,,2023-04-28 04:54:34.987026,2023-04-28 19:59:36.430900,905.0240645666667,0,0,1,4,0,0,,spring,0,0,1,0
560505027,11.0,9.249044,rain,0.1,0.0,9.220499,17.64,84.284546,992.3822,,2023-04-28 04:54:15.545826,2023-04-28 20:00:20.791843,906.0874336166667,0,0,1,4,0,0,,spring,0,0,0,0
560601027,11.35,7.6409855,none,0.0,0.0,19.681828,33.48,73.08663,991.00726,,2023-04-28 04:55:25.102050,2023-04-28 20:00:53.490729,905.4731446500001,0,0,1,4,0,0,,spring,0,0,1,0
560733027,14.2,11.578552,none,0.0,0.0,15.546833,32.039997,69.26753,995.2034,,2023-04-28 04:54:54.236741,2023-04-28 20:00:55.656164,906.02365705,0,0,1,4,0,0,,spring,0,0,1,0
560722027,11.35,9.657577,none,0.0,0.0,9.178235,17.64,83.4739,988.0441,,2023-04-28 04:55:29.029572,2023-04-28 20:00:13.540920,904.7418558,0,0,1,4,0,0,,spring,0,0,0,0
560524627,10.4,8.499598,none,0.0,0.0,9.021574,16.919998,83.644516,991.5924,,2023-04-28 04:54:45.893423,2023-04-28 20:01:33.829316,906.79893155,0,0,1,4,0,0,,spring,0,0,0,0
560526227,8.8,5.311468,none,0.0,0.0,16.08761,33.48,78.95853,992.14716,,2023-04-28 04:55:41.821091,2023-04-28 20:00:07.232178,904.4235181166666,1,0,0,4,0,0,,spring,0,0,1,0
560541827,7.1,3.3235245,rain,0.4,0.0,16.418526,28.8,81.80234,994.9407,,2023-04-28 04:54:51.380696,2023-04-28 20:01:04.558828,906.2196355333333,0,1,0,4,0,0,,spring,0,0,1,1
560526027,8.55,4.934762,none,0.0,0.0,16.299694,31.68,77.829834,993.18494,,2023-04-28 04:55:04.229435,2023-04-28 20:01:46.269678,906.7006707166668,1,0,0,4,0,0,,spring,0,0,1,0
560726027,14.05,12.226059,rain,1.1,0.0,14.118243,27.72,80.52108,991.23145,,2023-04-28 04:54:58.708206,2023-04-28 20:00:14.219930,905.2585287333334,0,0,1,4,0,0,,spring,0,0,0,0
561872827,13.05,11.172158,none,0.0,0.0,11.928989,22.68,78.78155,996.3035,,2023-04-28 04:54:43.550048,2023-04-28 20:00:34.438870,905.8481470333334,0,0,1,4,0,0,,spring,0,0,0,0
560450627,13.05,11.172158,none,0.0,0.0,11.928989,22.68,78.78155,996.54083,,2023-04-28 04:54:42.550058,2023-04-28 20:00:29.374595,905.78040895,0,0,1,4,0,0,,spring,0,0,0,0
560442427,11.0,9.249044,rain,0.1,0.0,9.220499,17.64,84.284546,993.33356,,2023-04-28 04:54:13.415786,2023-04-28 20:00:14.815633,906.0233307833333,0,0,1,4,0,0,,spring,0,0,0,0
560575027,10.1,6.269334,none,0.0,0.0,19.95972,36.36,77.53446,989.67944,,2023-04-28 04:55:18.222822,2023-04-28 20:00:36.139090,905.2986044666667,0,0,1,4,0,0,,spring,0,0,1,0
560587427,11.1,6.2885256,none,0.0,1.0,18.218275,32.399998,45.643093,996.8422,,2023-04-29 04:52:32.537926,2023-04-29 20:03:22.844643,910.8384452833333,0,0,1,5,1,0,,spring,0,0,1,0
560596227,10.5,5.7773514,rain,0.1,1.0,18.35647,34.2,49.970898,1000.35065,,2023-04-29 04:52:00.630813,2023-04-29 20:01:49.666187,909.8172562333333,0,0,1,5,1,0,,spring,0,0,1,0
560621427,5.3,1.8720255,none,0.0,1.0,9.585739,14.4,71.69541,1000.3554,,2023-04-29 04:51:37.775353,2023-04-29 20:01:57.766234,910.33318135,0,1,0,5,1,0,,spring,0,0,0,1
560675427,4.8,1.1888018,none,0.0,1.0,10.195057,12.959999,71.08106,997.7029,,2023-04-29 04:53:31.181586,2023-04-29 20:03:36.778648,910.0932843666667,0,1,0,5,1,0,,spring,0,0,0,1
560614227,12.95,8.387829,none,0.0,1.0,12.594856,23.039999,29.40212,998.23804,,2023-04-29 04:52:27.966104,2023-04-29 20:03:35.059432,911.1182221333333,0,0,1,5,1,0,,spring,0,0,0,0
560636027,11.8,8.502447,none,0.0,1.0,7.072878,20.16,41.260536,998.9533,,2023-04-29 04:51:35.961783,2023-04-29 20:01:57.665384,910.3617266833334,0,0,1,5,1,0,,spring,0,0,0,0
560674427,5.45,2.0745502,none,0.0,1.0,6.924738,12.24,60.227932,997.8752,,2023-04-29 04:53:10.574475,2023-04-29 20:04:10.059629,910.9914192333333,0,1,0,5,1,0,,spring,0,0,0,1
560807627,6.05,1.3997221,none,0.0,1.0,20.12461,37.8,77.71009,998.701,,2023-04-29 04:52:49.423533,2023-04-29 20:03:05.148668,910.2620855833334,0,0,1,5,1,0,,spring,0,0,1,0
560540027,3.7,-0.17608643,rain,1.5,0.0,15.124284,34.92,93.17911,992.91956,,2023-04-29 04:52:15.422465,2023-04-29 20:03:40.541044,911.4186429833334,0,1,0,5,1,0,,spring,0,0,1,1
560607827,12.7,8.582863,none,0.0,1.0,10.315115,21.599998,32.093636,996.63605,,2023-04-29 04:53:10.218352,2023-04-29 20:04:08.046678,910.9638054333334,0,0,1,5,1,0,,spring,0,0,0,0
560610827,12.3,8.240744,none,0.0,1.0,10.829958,22.68,35.622364,999.7992,,2023-04-29 04:51:55.123456,2023-04-29 20:02:23.286923,910.4693911166667,0,0,1,5,1,0,,spring,0,0,0,0
560616827,8.5,3.748639,rain,0.1,1.0,19.855558,34.92,62.080902,1001.83997,,2023-04-29 04:52:24.854416,2023-04-29 20:02:35.680846,910.1804405,0,0,1,5,1,0,,spring,0,0,1,0
560617627,12.2,8.333736,none,0.0,1.0,10.483357,20.880001,38.742775,1002.86536,,2023-04-29 04:52:39.892711,2023-04-29 20:02:28.056935,909.8027370666666,0,0,1,5,1,0,,spring,0,0,0,0
560630627,11.85,8.392836,none,0.0,1.0,8.217153,20.16,41.275246,998.02356,,2023-04-29 04:52:25.306212,2023-04-29 20:01:42.378248,909.2845339333333,0,0,1,5,1,0,,spring,0,0,0,0
560900627,12.5,8.5402155,none,0.0,1.0,9.793058,33.839996,34.130135,997.2153,,2023-04-29 04:54:41.852412,2023-04-29 20:03:02.329191,908.3412796499999,0,0,1,5,1,0,,spring,0,0,0,0
560558827,6.2,2.2283425,rain,1.6,0.0,18.59845,32.399998,90.74802,995.046,,2023-04-29 04:51:58.058238,2023-04-29 20:02:17.664557,910.3267719833333,0,1,0,5,1,0,,spring,0,0,1,1
560560027,4.5,-0.42333722,rain,0.2,2.0,22.057161,36.0,86.85315,998.3318,,2023-04-29 04:52:28.329071,2023-04-29 20:02:25.349107,909.9503339333334,0,0,1,5,1,0,,spring,0,0,1,0
560611027,12.2,8.057466,none,0.0,1.0,11.090103,22.319998,34.93875,999.19684,,2023-04-29 04:52:22.867948,2023-04-29 20:03:23.265459,911.0066251833334,0,0,1,5,1,0,,spring,0,0,0,0
560532827,6.3,2.8120089,rain,0.9,0.0,15.281989,27.72,90.12465,991.04565,,2023-04-29 04:53:28.758484,2023-04-29 20:03:36.430721,910.1278706166667,0,1,0,5,1,0,,spring,0,0,1,1
560616427,10.35,7.0662346,none,0.0,1.0,7.9526596,19.08,48.67946,998.9772,,2023-04-29 04:52:30.926463,2023-04-29 20:02:57.696213,910.4461625,0,0,1,5,1,0,,spring,0,0,0,0
561222827,2.5,-1.7405005,snow,2.1,0.0,17.309975,29.16,99.64531,997.44617,,2023-04-29 04:52:08.123087,2023-04-29 20:02:35.537254,910.4569027833334,0,0,1,5,1,0,,spring,0,0,1,0
560541427,3.45,-0.6289644,rain,1.9,0.0,16.704155,32.760002,95.848145,995.6904,,2023-04-29 04:53:11.668841,2023-04-29 20:03:52.140294,910.6745242166667,0,0,1,5,1,0,,spring,0,0,1,0
560604427,11.95,7.876377,none,0.0,1.0,10.883676,23.039999,36.31743,1000.59216,,2023-04-29 04:52:06.221762,2023-04-29 20:02:38.010834,910.5298178666667,0,0,1,5,1,0,,spring,0,0,0,0
561293027,11.2,6.384103,none,0.0,1.0,18.043148,34.2,44.362934,993.2778,,2023-04-29 04:53:13.356239,2023-04-29 20:02:54.900110,909.69239785,0,0,1,5,1,0,,spring,0,0,1,0
560661227,12.0,8.4651985,none,0.0,1.0,8.4042845,20.880001,39.836006,998.74896,,2023-04-29 04:51:41.821235,2023-04-29 20:02:21.597504,910.6629378166667,0,0,1,5,1,0,,spring,0,0,0,0
560618427,10.15,6.687806,none,0.0,1.0,8.707238,19.44,47.74703,993.81836,,2023-04-29 04:53:41.374953,2023-04-29 20:02:46.819825,909.0907478666667,0,0,1,5,1,0,,spring,0,0,0,0
560566827,8.8,4.3253536,rain,0.1,1.0,17.551615,34.92,59.327682,993.5451,,2023-04-29 04:53:39.029724,2023-04-29 20:02:59.010130,909.3330067666667,0,0,1,5,1,0,,spring,0,0,1,0
560741227,3.85,-0.23600006,rain,1.5,0.0,16.563911,33.12,92.201454,997.3087,,2023-04-29 04:52:47.548966,2023-04-29 20:03:05.884357,910.30558985,0,1,0,5,1,0,,spring,0,0,1,1
560532627,6.3,2.8120089,rain,0.9,0.0,15.281989,27.72,90.12465,996.97644,,2023-04-29 04:53:06.494565,2023-04-29 20:03:47.390968,910.6816067166667,0,1,0,5,1,0,,spring,0,0,1,1
560599227,12.45,8.320065,none,0.0,0.0,10.195057,33.839996,32.019875,992.2774,,2023-04-29 04:53:32.468822,2023-04-29 20:05:26.728327,911.9043250833333,0,0,1,5,1,0,,spring,0,0,0,0
560629227,8.0,3.5701284,rain,0.1,1.0,17.709658,35.64,64.45276,991.98566,,2023-04-29 04:53:27.953738,2023-04-29 20:03:44.456780,910.2750507,0,0,1,5,1,0,,spring,0,0,1,0
560610627,11.6,7.4955378,none,0.0,1.0,11.27553,23.039999,37.71993,998.16,,2023-04-29 04:52:41.477109,2023-04-29 20:02:18.820554,909.62239075,0,0,1,5,1,0,,spring,0,0,0,0
560669627,11.55,6.635743,none,0.0,1.0,19.453327,37.44,45.938553,991.55005,,2023-04-30 04:50:45.157588,2023-04-30 20:04:33.772031,913.8102407166666,0,0,1,6,1,0,,spring,0,0,1,0
560668827,10.65,5.9237385,none,0.0,1.0,18.218275,38.519997,48.940796,994.33435,,2023-04-30 04:52:54.449180,2023-04-30 20:03:51.428013,910.9496472166667,0,0,1,6,1,0,,spring,0,0,1,0
560678027,6.65,3.1177025,rain,0.9,0.0,15.021105,28.8,85.556114,992.6995,,2023-04-30 04:49:19.549163,2023-04-30 20:04:19.605456,915.0009382166667,0,0,1,6,1,0,,spring,0,0,1,0
560679427,6.55,2.6837215,rain,1.0,0.0,17.10284,30.239998,85.24633,997.00006,,2023-04-30 04:50:10.538040,2023-04-30 20:03:54.491375,913.7325555833334,1,0,0,6,1,0,,spring,0,0,1,0
560636427,3.25,0.10694361,none,0.0,1.0,6.87779,9.72,78.676056,996.66864,,2023-04-30 04:51:05.246652,2023-04-30 20:05:41.582348,914.6055949333334,0,1,0,6,1,0,,spring,0,0,0,1
560672827,9.55,5.7221355,none,0.0,1.0,14.24163,29.519999,60.368633,996.5414,,2023-04-30 04:51:02.562465,2023-04-30 20:04:17.404141,913.2473612666666,0,0,1,6,1,0,,spring,0,0,0,0
560989427,6.5,3.1727567,rain,0.5,0.0,13.684735,22.68,86.74581,993.3091,,2023-04-30 04:50:06.167182,2023-04-30 20:04:50.480296,914.7385519,0,1,0,6,1,0,,spring,0,0,0,1
560691427,6.25,2.9196405,rain,0.5,0.0,14.05845,23.4,89.807,993.8694,,2023-04-30 04:49:59.032284,2023-04-30 20:04:31.385156,914.5392145333334,0,1,0,6,1,0,,spring,0,0,0,1
560679627,6.3,2.9949498,rain,0.6,0.0,13.53236,26.28,87.94848,993.4175,,2023-04-30 04:49:51.404183,2023-04-30 20:04:56.546739,915.0857092666666,0,1,0,6,1,0,,spring,0,0,0,1
560673227,11.55,6.635743,none,0.0,1.0,19.453327,37.44,45.938553,1000.2413,,2023-04-30 04:50:23.014870,2023-04-30 20:04:31.887915,914.1478840833333,0,0,1,6,1,0,,spring,0,0,1,0
560679027,6.25,2.6899414,rain,0.5,0.0,15.141414,29.16,87.63677,989.9562,,2023-04-30 04:50:38.699310,2023-04-30 20:04:35.845997,913.9524447833334,0,1,0,6,1,0,,spring,0,0,1,1
560813227,6.55,2.7389355,rain,1.0,0.0,17.072504,30.239998,86.75078,988.7832,,2023-04-30 04:51:13.063207,2023-04-30 20:04:13.165867,913.001711,0,0,1,6,1,0,,spring,0,0,1,0
560638427,3.9,1.2061658,none,0.0,1.0,2.8799999,5.3999996,70.38601,997.6307,,2023-04-30 04:51:01.595760,2023-04-30 20:04:16.440037,913.2474046166666,0,1,0,6,1,0,,spring,0,0,0,1
560638827,0.55,-2.590105,none,0.0,1.0,6.489992,6.12,93.00756,1001.52527,,2023-04-30 04:49:13.026048,2023-04-30 20:03:55.853199,914.7137858499999,0,1,0,6,1,0,,spring,1,0,0,1
560773027,6.2,2.8347187,rain,1.9,0.0,14.440443,24.84,90.74802,992.29956,,2023-04-30 04:49:07.457871,2023-04-30 20:03:17.123809,914.1610989666666,0,1,0,6,1,0,,spring,0,0,0,1
561009227,11.15,6.3623085,none,0.0,1.0,19.022177,38.519997,48.553684,987.44525,,2023-04-30 04:51:01.590522,2023-04-30 20:04:40.985498,913.6565829333334,0,0,1,6,1,0,,spring,0,0,1,0
560640427,2.35,-0.27155733,none,0.0,1.0,4.5536795,5.7599998,91.12208,999.7443,,2023-04-30 04:50:20.679196,2023-04-30 20:05:22.845696,915.0361083333333,0,1,0,6,1,0,,spring,0,0,0,1
560689627,6.3,3.02733,rain,0.5,0.0,13.450708,21.96,88.56545,990.94006,,2023-04-30 04:50:04.284916,2023-04-30 20:04:55.220686,914.8489294999999,0,1,0,6,1,0,,spring,0,0,0,1
561239827,10.15,6.352669,none,0.0,0.0,12.397806,22.319998,52.459274,996.09393,,2023-04-30 04:50:56.225532,2023-04-30 20:05:37.540094,914.6885760333333,0,0,1,6,1,0,,spring,0,0,0,0
560723627,10.8,6.916445,none,0.0,0.0,16.676977,32.399998,62.186153,990.1227,,2023-05-01 04:47:00.130183,2023-05-01 20:06:15.141454,919.2501878500001,0,0,1,0,0,1,Праздник Весны и Труда,spring,0,0,1,0
560734627,10.55,6.1430197,rain,0.1,0.0,20.46941,38.16,63.898983,991.07074,,2023-05-01 04:47:07.565441,2023-05-01 20:06:19.573445,919.2001334,0,0,1,0,0,1,Праздник Весны и Труда,spring,0,0,1,0
560740227,8.5,3.5343852,rain,0.2,0.0,22.104116,45.0,65.02805,994.1237,,2023-05-01 04:47:11.301163,2023-05-01 20:06:16.110745,919.0801597000001,0,0,1,0,0,1,Праздник Весны и Труда,spring,0,0,1,0
560771827,3.4,0.58846235,none,0.0,0.0,7.145796,14.4,91.51987,998.9502,,2023-05-01 04:48:10.262320,2023-05-01 20:06:22.330510,918.2011365,0,1,0,0,0,1,Праздник Весны и Труда,spring,0,0,0,1
560774427,3.3,-0.5405998,none,0.0,0.0,12.303366,20.519999,81.8795,997.88293,,2023-05-01 04:48:28.112699,2023-05-01 20:06:14.167559,917.767581,0,1,0,0,0,1,Праздник Весны и Труда,spring,0,0,0,1
560892027,3.0,-1.0489578,none,0.0,0.0,13.089354,21.96,80.078804,1000.69055,,2023-05-01 04:47:24.527252,2023-05-01 20:07:01.130150,919.6100482999999,0,1,0,0,0,1,Праздник Весны и Труда,spring,0,0,0,1
560715627,9.5,5.829048,none,0.0,0.0,15.696165,31.319998,69.51634,992.72955,,2023-05-01 04:48:32.855722,2023-05-01 20:07:32.541384,918.9947610333334,0,0,1,0,0,1,Праздник Весны и Труда,spring,0,0,1,0
560769027,7.3,4.6909933,none,0.0,0.0,9.255571,20.16,84.147255,990.3376,,2023-05-01 04:47:25.994488,2023-05-01 20:05:56.620790,918.5104383666666,0,0,1,0,0,1,Праздник Весны и Труда,spring,0,0,0,0
560706427,6.1,3.2555385,none,0.0,0.0,10.514218,20.16,89.79534,989.1362,,2023-05-01 04:47:27.950841,2023-05-01 20:06:01.015172,918.5510721833333,0,0,1,0,0,1,Праздник Весны и Труда,spring,0,0,0,0
560726827,9.35,4.5128717,rain,0.1,0.0,22.682856,42.48,66.61473,992.1523,,2023-05-01 04:48:51.340253,2023-05-01 20:07:23.347123,918.5334478333333,0,0,1,0,0,1,Праздник Весны и Труда,spring,0,0,1,0
560718427,10.85,7.0086737,none,0.0,0.0,15.986593,33.48,60.685272,991.9437,,2023-05-01 04:50:09.873820,2023-05-01 20:06:07.115414,915.9540265666667,0,0,1,0,0,1,Праздник Весны и Труда,spring,0,0,1,0
560778627,1.35,-2.1857212,none,0.0,0.0,9.255571,19.44,88.12489,1003.40643,,2023-05-02 04:46:35.721264,2023-05-02 20:09:54.887689,923.3194404166667,0,1,0,1,0,0,,spring,0,0,0,1
560850227,7.3,2.7945313,none,0.0,0.0,14.345898,25.56,51.67519,995.77594,,2023-05-02 04:46:13.031550,2023-05-02 20:11:04.077434,924.8507647333333,0,1,0,1,0,0,,spring,0,0,0,1
561101627,14.1,11.144131,none,0.0,0.0,5.3999996,15.119999,34.098995,1008.4458,,2023-05-02 04:45:39.074682,2023-05-02 20:07:48.913919,922.1639872833333,0,0,1,1,0,0,,spring,0,0,0,0
560830227,14.15,10.51328,none,0.0,0.0,8.669949,19.44,33.492878,999.82477,,2023-05-02 04:48:29.290183,2023-05-02 20:08:05.906867,919.6102780666666,0,0,1,1,0,0,,spring,0,0,0,0
560836627,11.5,8.480572,none,0.0,0.0,8.759178,16.919998,53.20278,1002.64075,,2023-05-02 04:45:07.260306,2023-05-02 20:08:10.842039,923.05969555,0,0,1,1,0,0,,spring,0,0,0,0
560843627,10.15,6.309758,none,0.0,0.0,11.874544,20.16,49.692787,1003.899,,2023-05-02 04:46:14.916827,2023-05-02 20:09:30.488862,923.2595339166667,0,0,1,1,0,0,,spring,0,0,0,0
560844427,11.4,8.817964,none,0.0,0.0,6.130579,13.679999,54.7101,991.6713,,2023-05-02 04:46:37.254754,2023-05-02 20:08:39.080868,922.0304352333334,0,0,1,1,0,0,,spring,0,0,0,0
560827227,10.0,6.9393206,none,0.0,0.0,7.9932976,20.519999,49.291687,1005.40845,,2023-05-02 04:45:11.212345,2023-05-02 20:09:20.497756,924.1547568499999,0,0,1,1,0,0,,spring,0,0,0,0
560836027,14.05,10.392954,none,0.0,0.0,9.0,16.919998,34.209652,1006.2571,,2023-05-02 04:45:47.913544,2023-05-02 20:08:36.650057,922.8122752166668,0,0,1,1,0,0,,spring,0,0,0,0
560847427,9.1,5.8924217,none,0.0,0.0,9.3876505,14.04,60.04331,1004.3935,,2023-05-02 04:45:36.616858,2023-05-02 20:08:28.562783,922.8657654166667,1,0,0,1,0,0,,spring,0,0,0,0
560906627,13.0,10.050538,none,0.0,0.0,7.5685663,20.880001,37.034245,1004.80084,,2023-05-02 04:46:23.080890,2023-05-02 20:10:05.271901,923.7031835166667,0,0,1,1,0,0,,spring,0,0,0,0
560920027,6.7,4.012742,none,0.0,0.0,4.896529,14.04,66.74992,998.67993,,2023-05-02 04:46:41.223393,2023-05-02 20:11:33.383338,924.8693324166667,0,0,1,1,0,0,,spring,0,0,0,0
560818027,12.1,9.062577,none,0.0,0.0,8.209263,21.24,39.141796,1006.7931,,2023-05-02 04:46:06.395311,2023-05-02 20:09:00.254209,922.8976483,0,0,1,1,0,0,,spring,0,0,0,0
565937227,12.05,8.751198,none,0.0,0.0,9.72,16.199999,48.45849,1002.3829,,2023-05-02 04:46:22.968746,2023-05-02 20:10:05.162330,923.7032264000001,0,0,1,1,0,0,,spring,0,0,0,0
564488227,11.75,8.7203455,none,0.0,0.0,8.707238,17.28,51.960247,1004.45654,,2023-05-02 04:45:24.328441,2023-05-02 20:08:34.176055,923.1641268999999,0,0,1,1,0,0,,spring,0,0,0,0
560800627,11.35,8.622817,none,0.0,0.0,8.473393,20.880001,41.127995,1002.9759,,2023-05-02 04:46:34.449210,2023-05-02 20:09:19.520073,922.75118105,0,0,1,1,0,0,,spring,0,0,0,0
560829227,14.1,11.037422,none,0.0,0.0,6.193674,15.4800005,33.97402,1002.5071,,2023-05-02 04:46:14.963088,2023-05-02 20:08:11.535731,921.9428773833333,0,0,1,1,0,0,,spring,0,0,0,0
560845027,9.15,5.9214525,none,0.0,0.0,9.0645685,15.119999,58.1518,1005.94995,,2023-05-02 04:45:55.089433,2023-05-02 20:08:30.609820,922.59200645,1,0,0,1,0,0,,spring,0,0,0,0
560834427,13.15,9.836306,none,0.0,0.0,8.64,20.880001,41.807182,1002.1331,,2023-05-02 04:44:51.236913,2023-05-02 20:08:49.943689,923.9784462666667,0,0,1,1,0,0,,spring,0,0,0,0
560791027,8.5,5.4447327,none,0.0,0.0,8.049845,19.44,61.417828,1005.574,,2023-05-02 04:44:46.976565,2023-05-02 20:07:41.329358,922.9058798833333,0,0,1,1,0,0,,spring,0,0,0,0
560834627,13.25,9.638534,none,0.0,0.0,10.041354,21.96,39.768948,1000.418,,2023-05-02 04:46:22.200326,2023-05-02 20:10:12.872583,923.8445376166667,0,0,1,1,0,0,,spring,0,0,0,0
561718427,14.1,11.037422,none,0.0,0.0,6.193674,15.4800005,33.97402,1002.5071,,2023-05-02 04:46:00.667484,2023-05-02 20:08:21.702467,922.35058305,0,0,1,1,0,0,,spring,0,0,0,0
560829827,13.95,10.689789,none,0.0,0.0,6.6185193,16.199999,35.327156,1003.03455,,2023-05-02 04:45:07.497488,2023-05-02 20:08:01.251157,922.8958944833333,0,0,1,1,0,0,,spring,0,0,0,0
560828027,12.9,9.616402,none,0.0,0.0,6.87779,18.72,38.105244,1003.1433,,2023-05-02 04:46:16.836476,2023-05-02 20:08:14.455560,921.9603180666667,0,0,1,1,0,0,,spring,0,0,0,0
560794827,8.75,5.697278,none,0.0,0.0,7.2359104,18.72,57.426468,1005.7121,,2023-05-02 04:46:21.948814,2023-05-02 20:09:46.250424,923.4050268333334,0,0,1,1,0,0,,spring,0,0,0,0
560802627,5.8,3.0363264,none,0.0,0.0,6.519877,15.4800005,76.02644,1005.90826,,2023-05-02 04:46:03.423343,2023-05-02 20:09:12.437447,923.1502350666667,0,0,1,1,0,0,,spring,0,0,0,0
560913627,14.1,9.693384,rain,0.1,0.0,20.808498,38.88,51.5025,999.5867,,2023-05-03 04:44:36.128669,2023-05-03 20:11:30.798776,926.91116845,0,0,1,2,0,0,,spring,0,0,1,0
560943227,11.8,8.160613,none,0.0,0.0,18.335276,33.48,68.30987,999.06024,,2023-05-03 04:44:04.066193,2023-05-03 20:10:21.029259,926.2827177666666,0,0,1,2,0,0,,spring,0,0,1,0
560955027,12.2,8.74384,none,0.0,0.0,16.92383,30.960001,66.07636,1001.42,,2023-05-03 04:44:13.276640,2023-05-03 20:11:09.654467,926.93963045,0,0,1,2,0,0,,spring,0,0,1,0
560962827,10.25,7.0909204,none,0.0,0.0,9.114471,18.72,55.785046,1002.2628,,2023-05-03 04:43:19.578783,2023-05-03 20:10:36.647374,927.2844765166667,0,1,0,2,0,0,,spring,0,0,0,1
561074027,12.15,8.558593,rain,0.6,0.0,18.875126,36.0,69.32861,997.88947,,2023-05-03 04:44:31.664954,2023-05-03 20:11:02.073937,926.5068163833333,0,0,1,2,0,0,,spring,0,0,1,0
561091427,8.95,4.7318573,rain,1.8,0.0,18.971008,34.2,70.387955,1001.186,,2023-05-03 04:42:56.936844,2023-05-03 20:09:34.832612,926.6315961333333,0,0,1,2,0,0,,spring,0,0,1,0
560865627,8.35,4.061845,rain,2.0,0.0,19.586119,34.2,73.8192,992.04047,,2023-05-03 04:44:11.168606,2023-05-03 20:10:41.165433,926.4999471166667,0,0,1,2,0,0,,spring,0,0,1,0
560969427,10.85,7.457653,none,0.0,0.0,16.563911,29.519999,72.49369,1002.1185,,2023-05-03 04:43:16.396826,2023-05-03 20:09:27.839379,926.1907092166667,0,0,1,2,0,0,,spring,0,0,1,0
560920827,13.95,9.251434,none,0.0,0.0,20.767975,39.96,46.62305,998.59216,,2023-05-03 04:43:18.119819,2023-05-03 20:11:27.428090,928.1551378500001,0,0,1,2,0,0,,spring,0,0,1,0
560938427,13.25,8.974175,none,0.0,0.0,21.485697,37.8,58.767597,1004.2297,,2023-05-03 04:43:30.099781,2023-05-03 20:10:07.708338,926.6268092833333,0,0,1,2,0,0,,spring,0,0,1,0
560972627,9.25,4.16195,none,0.0,0.0,17.974781,27.72,43.955738,1003.02594,,2023-05-03 04:43:33.736101,2023-05-03 20:10:55.482602,927.3624416833334,0,1,0,2,0,0,,spring,0,0,1,1
560963427,10.1,6.9328737,none,0.0,0.0,8.759178,17.64,54.95317,1000.95135,,2023-05-03 04:42:36.280005,2023-05-03 20:10:08.266464,927.53310765,0,1,0,2,0,0,,spring,0,0,0,1
560966627,13.6,9.221412,none,0.0,0.0,21.67786,37.8,56.062233,1000.7189,,2023-05-03 04:43:25.976642,2023-05-03 20:10:50.174670,927.4033004666667,0,0,1,2,0,0,,spring,0,0,1,0
561256627,14.25,10.269579,rain,0.2,0.0,18.947083,42.12,53.747406,1002.54114,,2023-05-03 04:42:57.246415,2023-05-03 20:10:23.245492,927.4333179500001,0,0,1,2,0,0,,spring,0,0,1,0
560942227,12.95,9.205801,rain,0.1,0.0,18.668005,37.44,62.25752,1001.17316,,2023-05-03 04:43:05.537586,2023-05-03 20:10:21.107315,927.2594954833334,0,0,1,2,0,0,,spring,0,0,1,0
561013227,12.15,8.392883,rain,0.1,0.0,19.376562,37.8,67.446976,996.5603,,2023-05-03 04:44:00.283237,2023-05-03 20:10:38.664995,926.6396959666667,0,0,1,2,0,0,,spring,0,0,1,0
561091827,8.2,4.2799225,none,0.0,0.0,14.81259,30.960001,65.89311,1001.8677,,2023-05-03 04:42:58.013106,2023-05-03 20:09:32.380869,926.5727960500001,0,0,1,2,0,0,,spring,0,0,0,0
561092827,6.4,2.392209,rain,0.3,0.0,14.007655,26.64,68.38674,994.4676,,2023-05-03 04:43:48.123592,2023-05-03 20:12:32.743560,928.7436661333334,0,0,1,2,0,0,,spring,0,0,0,0
560851627,7.45,2.788208,none,0.0,0.0,15.937878,28.08,53.26019,995.8813,,2023-05-03 04:44:33.845696,2023-05-03 20:11:37.757832,927.0652022666667,0,1,0,2,0,0,,spring,0,0,1,1
560930427,12.9,8.81332,none,0.0,0.0,20.188908,39.239998,60.126274,998.5882,,2023-05-03 04:43:55.582133,2023-05-03 20:10:23.410460,926.46380545,0,0,1,2,0,0,,spring,0,0,1,0
561032027,8.75,3.8360453,none,0.0,0.0,16.645864,29.88,44.96105,1002.9465,,2023-05-03 04:43:44.556826,2023-05-03 20:11:22.173497,927.6269445166668,0,1,0,2,0,0,,spring,0,0,1,1
560932627,13.85,9.538981,none,0.0,0.0,19.878391,39.6,51.615456,1001.4886,,2023-05-03 04:44:02.846297,2023-05-03 20:11:26.618097,927.3961966666667,0,0,1,2,0,0,,spring,0,0,1,0
561034027,13.85,10.636399,none,0.0,0.0,4.896529,16.199999,31.837343,1001.28094,,2023-05-04 04:42:18.187102,2023-05-04 20:12:06.238604,929.8008583666667,0,0,1,3,0,0,,spring,0,0,0,0
561050627,12.6,9.38649,none,0.0,0.0,5.815978,16.919998,37.188293,999.7964,,2023-05-04 04:42:52.647466,2023-05-04 20:13:16.855892,930.4034737666666,0,0,1,3,0,0,,spring,0,0,0,0
561114427,7.2,4.658597,none,0.0,0.0,5.1165614,14.759999,69.54062,1005.9537,,2023-05-04 04:42:25.672831,2023-05-04 20:13:18.568116,930.8815880833333,0,0,1,3,0,0,,spring,0,0,0,0
561140427,13.1,8.98047,none,0.0,0.0,10.041354,19.44,30.457203,997.572,,2023-05-04 04:42:04.864920,2023-05-04 20:12:43.658795,930.6465645833334,0,0,1,3,0,0,,spring,0,0,0,0
561162827,10.25,7.7949877,none,0.0,0.0,4.2136917,15.119999,47.08505,1005.37994,,2023-05-04 04:41:56.623625,2023-05-04 20:13:05.949067,931.1554240333334,0,0,1,3,0,0,,spring,0,0,0,0
561004627,10.25,7.7949877,none,0.0,0.0,4.2136917,15.119999,47.08505,1002.6073,,2023-05-04 04:41:52.782554,2023-05-04 20:12:39.772631,930.78316795,0,0,1,3,0,0,,spring,0,0,0,0
561143027,13.65,10.056567,none,0.0,0.0,7.2805495,17.28,31.660862,999.5903,,2023-05-04 04:42:28.038637,2023-05-04 20:12:07.667523,929.6604814333333,0,0,1,3,0,0,,spring,0,0,0,0
561018427,4.8,2.129325,none,0.0,0.0,5.3517847,14.04,78.9133,1005.8155,,2023-05-04 04:41:58.620574,2023-05-04 20:13:44.429520,931.7634824333333,0,0,1,3,0,0,,spring,0,0,0,0
561067427,11.85,8.7357645,none,0.0,0.0,4.3498964,7.5599995,36.69318,1003.6542,,2023-05-04 04:40:37.497438,2023-05-04 20:12:23.907635,931.7735032833333,0,0,1,3,0,0,,spring,0,0,0,0
561084827,8.4,4.35546,none,0.0,0.0,11.753877,24.119999,50.111324,1006.11676,,2023-05-04 04:41:09.893432,2023-05-04 20:11:42.211495,930.5386343833333,0,1,0,3,0,0,,spring,0,0,0,1
561148427,7.55,5.2054825,none,0.0,0.0,3.8268526,12.959999,68.1403,1001.30396,,2023-05-04 04:40:50.305258,2023-05-04 20:13:45.376275,932.9178502833333,0,0,1,3,0,0,,spring,0,0,0,0
561014227,11.2,9.413911,none,0.0,0.0,4.829907,16.56,46.67601,1009.39417,,2023-05-04 04:41:10.269623,2023-05-04 20:11:40.716834,930.5074535166666,0,0,1,3,0,0,,spring,0,0,0,0
561018227,13.15,11.414038,none,0.0,0.0,5.8603754,18.72,35.74264,1003.506,,2023-05-04 04:44:06.815288,2023-05-04 20:13:37.944400,929.5188185333334,0,0,1,3,0,0,,spring,0,0,0,0
561025827,13.65,9.924874,none,0.0,0.0,6.1305785,16.919998,26.144314,1004.7951,,2023-05-04 04:41:28.147714,2023-05-04 20:12:50.205840,931.3676354333334,0,0,1,3,0,0,,spring,0,0,0,0
560999427,13.0,9.289292,none,0.0,0.0,8.350138,16.199999,33.774372,1001.3658,,2023-05-04 04:42:02.236847,2023-05-04 20:12:06.154117,930.0652878333333,0,0,1,3,0,0,,spring,0,0,0,0
560993627,9.05,6.609976,none,0.0,0.0,3.6,15.119999,58.335327,1007.947,,2023-05-04 04:41:54.603357,2023-05-04 20:12:58.181154,931.0596299499999,0,0,1,3,0,0,,spring,0,0,0,0
561009827,10.55,8.030622,none,0.0,0.0,4.2136917,15.119999,44.98886,1005.1816,,2023-05-04 04:41:43.851603,2023-05-04 20:13:22.575279,931.6453946,0,0,1,3,0,0,,spring,0,0,0,0
561078627,14.0,9.550087,none,0.0,0.0,11.983188,24.119999,27.875687,1000.9417,,2023-05-04 04:41:35.811661,2023-05-04 20:13:49.851772,932.23400185,0,0,1,3,0,0,,spring,0,0,0,0
561100027,6.7,2.4521446,none,0.0,0.0,14.404499,24.119999,61.648193,1005.6354,,2023-05-04 04:41:06.084581,2023-05-04 20:12:05.190977,930.9851066,0,1,0,3,0,0,,spring,0,0,0,1
561079427,12.2,9.361716,none,0.0,0.0,1.8,5.04,33.914646,1004.416,,2023-05-04 04:41:27.928270,2023-05-04 20:12:35.638164,931.1284982333333,0,0,1,3,0,0,,spring,0,0,0,0
561065627,11.75,8.60992,none,0.0,0.0,3.8268526,7.92,34.805027,1000.9153,,2023-05-04 04:40:51.111168,2023-05-04 20:13:19.913410,932.4800373666666,0,0,1,3,0,0,,spring,0,0,0,0
561102427,6.55,2.2349677,rain,0.1,0.0,16.862455,29.519999,70.91529,1004.1321,,2023-05-05 04:39:28.310392,2023-05-05 20:14:42.041759,935.2288561166666,0,0,1,4,0,0,,spring,0,0,1,0
561116627,7.7,2.749463,none,0.0,0.0,22.545315,44.639996,58.83832,1000.73206,,2023-05-05 04:39:35.225585,2023-05-05 20:14:24.663122,934.82395895,0,0,1,4,0,0,,spring,0,0,1,0
561167827,7.45,2.3192024,none,0.0,0.0,15.021105,33.12,36.475708,1000.79236,,2023-05-05 04:40:48.578675,2023-05-05 20:16:08.525722,935.3324507833333,0,0,1,4,0,0,,spring,0,0,1,0
561309427,6.6,1.1568627,rain,0.1,0.0,23.132626,39.96,64.36335,1003.065,,2023-05-05 04:39:18.903868,2023-05-05 20:14:48.501479,935.4932935166667,0,0,1,4,0,0,,spring,0,0,1,0
561108027,6.55,2.2349677,rain,0.1,0.0,16.862455,29.519999,70.91529,1003.6431,,2023-05-05 04:39:18.484796,2023-05-05 20:14:42.538740,935.4008990666666,0,0,1,4,0,0,,spring,0,0,1,0
561140027,7.45,2.9484825,none,0.0,0.0,16.870138,37.44,46.79685,1000.3817,,2023-05-05 04:40:44.160520,2023-05-05 20:15:14.374684,934.5035694,0,0,1,4,0,0,,spring,0,0,1,0
561118027,6.5,1.4061289,none,0.0,0.0,19.191748,45.0,58.10677,1003.4272,,2023-05-05 04:38:45.439344,2023-05-05 20:15:10.414286,936.4162490333333,0,0,1,4,0,0,,spring,0,0,1,0
561630027,5.35,1.7738171,none,0.0,0.0,12.57426,23.759998,80.70336,995.3151,,2023-05-05 04:40:13.040050,2023-05-05 20:14:46.453705,934.5568942499999,0,0,1,4,0,0,,spring,0,0,0,0
562316427,7.05,2.038055,none,0.0,0.0,19.881649,36.36,46.160122,1007.744,,2023-05-05 04:39:22.621276,2023-05-05 20:14:48.666809,935.4340922166666,0,0,1,4,0,0,,spring,0,0,1,0
561114827,5.75,0.62763596,none,0.0,0.0,19.386593,41.039997,61.19285,1000.101,,2023-05-05 04:39:48.322514,2023-05-05 20:16:10.942907,936.3770065499999,0,0,1,4,0,0,,spring,0,0,1,0
561130027,8.25,4.2935057,none,0.0,0.0,18.089775,38.519997,49.15718,999.7356,,2023-05-05 04:40:36.116045,2023-05-05 20:14:54.857665,934.3123603333333,0,0,1,4,0,0,,spring,0,0,1,0
564866827,7.65,2.9901595,none,0.0,0.0,20.46941,39.96,54.299282,1003.71857,,2023-05-05 04:39:01.172226,2023-05-05 20:14:20.706955,935.3255788166666,0,0,1,4,0,0,,spring,0,0,1,0
561126227,6.95,2.1863928,none,0.0,0.0,18.25026,39.239998,53.713673,1003.7485,,2023-05-05 04:38:47.311538,2023-05-05 20:14:34.197942,935.7814400666666,0,0,1,4,0,0,,spring,0,0,1,0
561186227,3.25,-1.269309,none,0.0,0.0,10.587918,17.64,47.533375,1002.19214,,2023-05-05 04:39:00.270985,2023-05-05 20:15:26.848523,936.4429589666667,1,0,0,4,0,0,,spring,0,0,0,0
561182027,2.4,-2.2028208,none,0.0,0.0,10.829958,18.72,48.57896,1001.68085,,2023-05-05 04:41:06.631819,2023-05-05 20:14:56.679331,933.8341251999999,0,1,0,4,0,0,,spring,0,0,0,1
561190027,7.05,1.7623777,none,0.0,0.0,16.199999,31.319998,37.91984,1003.1218,,2023-05-05 04:39:40.602809,2023-05-05 20:15:19.334386,935.6455262833333,0,0,1,4,0,0,,spring,0,0,1,0
561197827,7.15,1.8713722,none,0.0,0.0,17.826363,36.36,44.658672,1004.1543,,2023-05-05 04:38:43.887178,2023-05-05 20:13:43.772561,934.9980897166666,0,0,1,4,0,0,,spring,0,0,1,0
561119627,7.35,2.9755712,none,0.0,0.0,17.072504,38.16,51.12048,996.57,,2023-05-05 04:40:03.300502,2023-05-05 20:15:30.829312,935.4588135,0,0,1,4,0,0,,spring,0,0,1,0
561186027,4.4,0.3593216,none,0.0,0.0,7.7879906,19.44,46.25598,1003.85223,,2023-05-05 04:39:28.071400,2023-05-05 20:15:07.047544,935.6496024,0,0,1,4,0,0,,spring,0,0,0,0
561117027,8.15,3.4667406,rain,0.1,0.0,21.53089,42.48,59.164917,1003.6236,,2023-05-05 04:38:14.682193,2023-05-05 20:13:21.995472,935.1218879833334,0,0,1,4,0,0,,spring,0,0,1,0
561179827,3.35,-1.187748,none,0.0,0.0,10.883676,18.0,48.112858,1002.5951,,2023-05-05 04:38:48.715944,2023-05-05 20:15:17.168080,936.4742022666667,0,1,0,4,0,0,,spring,0,0,0,1
561192227,2.0,-2.5279303,none,0.0,0.0,10.883676,19.44,53.35619,1003.33984,,2023-05-05 04:38:18.562334,2023-05-05 20:13:56.233051,935.6278452833334,0,1,0,4,0,0,,spring,0,0,0,1
563505827,6.65,1.5910935,none,0.0,0.0,18.057508,36.719997,51.87718,1000.14734,,2023-05-05 04:38:57.445657,2023-05-05 20:15:28.289918,936.5140710166667,0,0,1,4,0,0,,spring,0,0,1,0
561289027,4.4,-0.8544874,none,0.0,0.0,15.629971,34.56,43.842304,1002.928,,2023-05-06 04:38:15.635163,2023-05-06 20:17:01.113005,938.7579640333333,0,0,1,5,1,0,,spring,0,0,1,0
561292227,1.75,-2.8342772,none,0.0,0.0,10.799999,19.08,51.474815,998.4898,,2023-05-06 04:37:56.958817,2023-05-06 20:16:20.636542,938.39462875,0,1,0,5,1,0,,spring,0,0,0,1
561244227,5.0,-0.4925599,none,0.0,0.0,18.472595,38.519997,47.862247,999.9176,,2023-05-06 04:37:59.266744,2023-05-06 20:16:43.946501,938.7446626166667,0,0,1,5,1,0,,spring,0,0,1,0
561704227,0.95,-3.384086,none,0.0,0.0,9.726664,18.72,58.635418,1008.76324,,2023-05-06 04:37:24.963186,2023-05-06 20:16:51.235859,939.4378778833333,0,1,0,5,1,0,,spring,0,0,0,1
562309027,6.1,1.2721815,snow,0.2,0.0,18.875126,37.8,41.73414,1002.99,,2023-05-06 04:37:43.961050,2023-05-06 20:15:56.135799,938.2029124833333,0,0,1,5,1,0,,spring,0,0,1,0
561299827,6.5,0.80078316,none,0.0,0.0,19.09358,36.0,37.75333,1008.7762,,2023-05-06 04:36:46.343874,2023-05-06 20:15:39.283372,938.8823249666667,0,0,1,5,1,0,,spring,0,0,1,0
561218827,-1.15,-5.670199,none,0.0,0.0,12.496718,27.0,79.461494,1001.04846,,2023-05-06 04:38:43.991554,2023-05-06 20:16:59.001544,938.2501665,0,0,1,5,1,0,,spring,0,0,0,0
561277427,6.15,0.86659956,snow,0.1,0.0,20.304129,36.36,42.068237,1006.5689,,2023-05-06 04:37:21.351377,2023-05-06 20:17:02.409894,939.6843086166666,0,0,1,5,1,0,,spring,0,0,1,0
561310627,1.75,-2.8342772,none,0.0,0.0,10.799999,19.08,51.474815,1006.5513,,2023-05-06 04:37:57.670966,2023-05-06 20:15:55.361499,937.9615088833333,0,1,0,5,1,0,,spring,0,0,0,1
561204827,0.35,-4.3908887,none,0.0,0.0,13.276144,23.039999,66.31937,1007.3717,,2023-05-06 04:37:37.767327,2023-05-06 20:17:51.497726,940.2288399833334,0,1,0,5,1,0,,spring,0,0,0,1
561299227,0.95,-3.384086,none,0.0,0.0,9.726664,18.72,58.635418,1007.0109,,2023-05-06 04:37:32.384648,2023-05-06 20:16:57.548774,939.4194021000001,0,1,0,5,1,0,,spring,0,0,0,1
561285027,4.5,-0.9241071,none,0.0,0.0,16.79314,34.56,43.536766,1007.61865,,2023-05-06 04:37:25.948761,2023-05-06 20:17:06.048696,939.6683322499999,0,0,1,5,1,0,,spring,0,0,1,0
561310027,-0.55,-4.7366753,none,0.0,0.0,8.404285,14.759999,63.148884,1002.62634,,2023-05-06 04:39:29.714713,2023-05-06 20:16:37.756060,937.13402245,0,1,0,5,1,0,,spring,0,0,0,1
561606827,3.1,-1.3661876,none,0.0,0.0,10.495713,25.919998,49.535717,1004.2027,,2023-05-06 04:37:32.905276,2023-05-06 20:15:38.743219,938.09729905,1,0,0,5,1,0,,spring,0,0,0,0
561361027,6.9,1.8839359,none,0.0,0.0,14.799459,29.88,40.258385,1006.5999,,2023-05-07 04:35:48.322137,2023-05-07 20:17:53.808032,942.0914315833332,0,0,1,6,1,0,,spring,0,0,0,0
561373827,3.85,0.18333626,none,0.0,0.0,8.0899935,15.4800005,63.01936,1011.8534,,2023-05-07 04:35:41.471174,2023-05-07 20:19:40.068814,943.9766273333333,0,0,1,6,1,0,,spring,0,0,0,0
561374827,3.75,-0.05948782,none,0.0,0.0,8.891343,14.4,62.530037,1008.8661,,2023-05-07 04:35:49.468540,2023-05-07 20:18:52.336620,943.0478013333334,0,0,1,6,1,0,,spring,0,0,0,0
561378227,3.25,-0.5201273,none,0.0,0.0,6.1094027,10.08,51.115456,1008.97217,,2023-05-07 04:37:18.834622,2023-05-07 20:18:33.908086,941.2512244000001,0,1,0,6,1,0,,spring,0,0,0,1
561362627,2.6,-1.6856728,none,0.0,0.0,11.720751,24.119999,65.34859,1012.54974,,2023-05-07 04:35:21.247620,2023-05-07 20:19:44.464435,944.3869469166667,0,0,1,6,1,0,,spring,0,0,0,0
561386227,-0.05,-3.9429774,none,0.0,0.0,7.386582,11.879999,67.75363,1006.61566,,2023-05-07 04:37:34.822461,2023-05-07 20:17:48.187492,940.2227505166667,0,1,0,6,1,0,,spring,0,0,0,1
561346027,6.45,1.4912157,none,0.0,0.0,14.88242,29.88,42.158085,1013.5729,,2023-05-07 04:35:04.989997,2023-05-07 20:18:04.487076,942.9916179833333,0,0,1,6,1,0,,spring,0,0,0,0
561357427,8.25,3.4925137,none,0.0,0.0,13.246826,29.88,37.5634,1009.53564,,2023-05-07 04:34:38.290539,2023-05-07 20:17:15.886198,942.6265943166667,0,0,1,6,1,0,,spring,0,0,0,0
561364227,7.65,3.2718134,none,0.0,0.0,9.826088,24.48,35.843945,1007.12384,,2023-05-07 04:37:30.555547,2023-05-07 20:17:52.110774,940.3592537833333,0,0,1,6,1,0,,spring,0,0,0,0
561394027,2.65,-0.9436581,none,0.0,0.0,6.638072,11.159999,63.202126,1008.9083,,2023-05-07 04:33:55.422665,2023-05-07 20:18:04.306544,944.14806465,0,1,0,6,1,0,,spring,0,0,0,1
561500827,-1.15,-5.648232,none,0.0,0.0,10.990322,18.72,69.34011,1008.7361,,2023-05-07 04:34:34.283103,2023-05-07 20:17:48.586675,943.2383928666666,0,1,0,6,1,0,,spring,0,0,0,1
572781227,7.35,2.5078945,none,0.0,0.0,12.904882,24.84,36.167156,1008.59155,,2023-05-07 04:35:28.160437,2023-05-07 20:17:43.136303,942.2495977666666,0,0,1,6,1,0,,spring,0,0,0,0
561412427,6.15,1.5228333,none,0.0,0.0,14.81259,31.68,41.749146,1010.61975,,2023-05-07 04:34:38.297452,2023-05-07 20:18:35.746002,943.9574758333333,0,0,1,6,1,0,,spring,0,0,0,0
561597827,1.15,-2.7681556,none,0.0,0.0,8.654987,11.879999,69.04303,1011.0953,,2023-05-07 04:34:39.348779,2023-05-07 20:19:09.456841,944.5018010333333,0,1,0,6,1,0,,spring,0,0,0,1
561374027,3.5,-0.31224632,none,0.0,0.0,8.647496,11.5199995,62.237858,1006.8384,,2023-05-07 04:37:25.837713,2023-05-07 20:17:40.955666,940.2519658833334,0,0,1,6,1,0,,spring,0,0,0,0
561384427,0.55,-3.4332926,none,0.0,0.0,7.8954163,11.159999,64.1408,1006.35956,,2023-05-07 04:35:59.343495,2023-05-07 20:18:08.337057,942.1498927,0,1,0,6,1,0,,spring,0,0,0,1
561352227,7.65,2.8545113,none,0.0,0.0,14.05845,29.88,35.981445,1011.4784,,2023-05-07 04:35:23.762342,2023-05-07 20:19:40.593121,944.2805129833334,0,0,1,6,1,0,,spring,0,0,0,0
561379627,1.75,-2.355104,none,0.0,0.0,10.144082,12.599999,67.38614,1008.4398,,2023-05-07 04:35:15.109281,2023-05-07 20:17:57.332854,942.7037262166667,0,1,0,6,1,0,,spring,0,0,0,1
561359627,8.3,3.3800683,none,0.0,0.0,13.783817,28.08,35.224873,1011.73956,,2023-05-07 04:35:17.209908,2023-05-07 20:19:02.843575,943.7605611166667,0,0,1,6,1,0,,spring,0,0,0,0
561364627,7.4,2.397027,none,0.0,0.0,14.529915,28.8,38.170784,1009.2315,,2023-05-07 04:34:46.266296,2023-05-07 20:18:38.905982,943.8773281,0,0,1,6,1,0,,spring,0,0,0,0
561451827,6.8,1.9240704,none,0.0,0.0,14.021525,29.519999,41.312656,1008.30585,,2023-05-07 04:35:19.434247,2023-05-07 20:17:26.777172,942.1223820833333,0,0,1,6,1,0,,spring,0,0,0,0
561452027,1.35,-2.6174881,none,0.0,0.0,7.7879906,12.959999,60.55283,1008.59436,,2023-05-07 04:36:56.857792,2023-05-07 20:20:19.184937,943.3721190833334,0,1,0,6,1,0,,spring,0,0,0,1
561655027,8.7,6.142541,none,0.0,0.0,3.563818,12.599999,56.59128,1010.1619,,2023-05-08 04:33:08.795289,2023-05-08 20:19:19.904135,946.1851474333333,0,0,1,0,0,1,Выходной (перенесено с 08.01.2023),spring,0,0,0,0
564495027,-0.8,-4.5130663,none,0.0,0.0,7.7043357,11.5199995,82.85095,1009.33264,,2023-05-08 04:33:12.886478,2023-05-08 20:21:41.302486,948.4736001333333,0,1,0,0,0,1,Выходной (перенесено с 08.01.2023),spring,0,0,0,1
561462027,4.75,1.6257687,none,0.0,0.0,6.489992,16.56,69.53917,1012.9177,,2023-05-08 04:33:31.201643,2023-05-08 20:19:49.713275,946.3085272000001,0,0,1,0,0,1,Выходной (перенесено с 08.01.2023),spring,0,0,0,0
561444227,9.1,5.690236,none,0.0,0.0,6.1094027,17.64,43.105286,1009.9481,,2023-05-08 04:33:46.369255,2023-05-08 20:21:16.683741,947.5052414333334,0,0,1,0,0,1,Выходной (перенесено с 08.01.2023),spring,0,0,0,0
561443227,10.9,6.7086983,none,0.0,0.0,9.779817,23.039999,32.77823,1014.59955,,2023-05-08 04:33:17.969375,2023-05-08 20:21:40.480637,948.3751877,0,0,1,0,0,1,Выходной (перенесено с 08.01.2023),spring,0,0,0,0
561483627,8.3,4.745454,none,0.0,0.0,8.669949,20.519999,46.523533,1012.7511,,2023-05-08 04:32:45.537232,2023-05-08 20:20:45.705021,948.0027964833333,0,0,1,0,0,1,Выходной (перенесено с 08.01.2023),spring,0,0,0,0
561417427,9.95,5.9911957,none,0.0,0.0,10.538843,24.84,40.56292,1011.7911,,2023-05-08 04:32:00.147212,2023-05-08 20:20:42.130282,948.6997178333334,0,0,1,0,0,1,Выходной (перенесено с 08.01.2023),spring,0,0,0,0
561432627,10.9,6.7086983,none,0.0,0.0,9.779817,23.039999,32.77823,1010.1111,,2023-05-08 04:33:10.440789,2023-05-08 20:21:40.284081,948.4973881999999,0,0,1,0,0,1,Выходной (перенесено с 08.01.2023),spring,0,0,0,0
561491827,4.8,2.0634518,none,0.0,0.0,1.9386592,5.7599998,60.065395,1013.96606,,2023-05-08 04:32:22.712993,2023-05-08 20:19:42.121366,947.3234728833334,0,1,0,0,0,1,Выходной (перенесено с 08.01.2023),spring,0,0,0,1
561442627,10.05,6.048956,none,0.0,0.0,8.905908,19.8,36.156174,1010.0699,,2023-05-08 04:33:09.738102,2023-05-08 20:19:24.719357,946.2496875833333,0,0,1,0,0,1,Выходной (перенесено с 08.01.2023),spring,0,0,0,0
561499427,12.55,9.034445,none,0.0,0.0,4.510787,10.440001,27.56263,1009.90875,,2023-05-09 04:30:40.679424,2023-05-09 20:22:18.788010,951.6351431,0,0,1,1,0,1,День Победы,spring,0,0,0,0
561510827,8.35,4.794194,none,0.0,0.0,7.7879906,11.5199995,47.933834,1010.6851,,2023-05-09 04:30:45.495482,2023-05-09 20:22:30.688825,951.7532223833333,0,0,1,1,0,1,День Победы,spring,0,0,0,0
561526827,6.8,2.8432317,none,0.0,0.0,8.209263,15.119999,43.395638,1008.30676,,2023-05-09 04:31:18.045686,2023-05-09 20:23:14.600041,951.9425725833333,0,1,0,1,0,1,День Победы,spring,0,0,0,1
561497827,12.6,9.833602,none,0.0,0.0,0.8049845,12.959999,27.787392,1012.2202,,2023-05-09 04:31:13.922692,2023-05-09 20:22:42.296469,951.4728962833334,0,0,1,1,0,1,День Победы,spring,0,0,0,0
561504827,7.65,4.123829,none,0.0,0.0,8.64,11.159999,54.498123,1010.6179,,2023-05-09 04:30:38.642632,2023-05-09 20:21:35.418520,950.9462648,0,0,1,1,0,1,День Победы,spring,0,0,0,0
561514427,5.85,2.0571208,none,0.0,0.0,8.473393,12.24,52.625072,1002.5767,,2023-05-09 04:31:48.152380,2023-05-09 20:22:29.902241,950.6958310166666,0,1,0,1,0,1,День Победы,spring,0,0,0,1
561499027,12.75,8.97542,none,0.0,0.0,6.2145634,13.679999,26.997631,1008.3818,,2023-05-09 04:30:32.832798,2023-05-09 20:23:01.706369,952.4812261833333,0,0,1,1,0,1,День Победы,spring,0,0,0,0
561514227,3.75,-0.54774237,none,0.0,0.0,11.384198,14.4,58.040947,1007.00464,,2023-05-09 04:31:57.705621,2023-05-09 20:22:57.464334,950.99597855,0,1,0,1,0,1,День Победы,spring,0,0,0,1
561537027,11.95,8.832601,none,0.0,0.0,4.1046314,14.4,35.65047,1014.527,,2023-05-09 04:31:02.819988,2023-05-09 20:22:13.546339,951.1787725166666,0,0,1,1,0,1,День Победы,spring,0,0,0,0
561514827,3.8,0.04812908,none,0.0,0.0,8.4963045,12.599999,62.310574,1007.13196,,2023-05-09 04:32:13.861659,2023-05-09 20:21:34.179271,949.3386268666667,0,1,0,1,0,1,День Победы,spring,0,0,0,1
561560627,5.5,1.5983124,none,0.0,0.0,8.587338,14.759999,50.980877,1007.1587,,2023-05-09 04:31:18.086540,2023-05-09 20:21:40.532917,950.3741062833334,0,1,0,1,0,1,День Победы,spring,0,0,0,1
561509027,13.05,9.730757,none,0.0,0.0,4.5536795,14.04,30.556814,1011.66675,,2023-05-09 04:30:35.330335,2023-05-09 20:21:32.113920,950.9463930833333,0,0,1,1,0,1,День Победы,spring,0,0,0,0
561514627,5.85,1.9356141,none,0.0,0.0,9.220499,13.32,52.23481,1010.43256,,2023-05-09 04:30:42.456296,2023-05-09 20:21:59.744532,951.2881372666667,0,1,0,1,0,1,День Победы,spring,0,0,0,1
561535627,15.15,11.924479,none,0.0,0.0,7.289445,19.08,34.911877,1004.4833,,2023-05-10 04:27:46.264798,2023-05-10 20:23:49.449053,956.0530709166667,0,0,1,2,0,0,,spring,0,0,0,0
561537427,15.15,11.891603,none,0.0,0.0,7.729527,18.359999,33.418777,1007.07556,,2023-05-10 04:28:20.839922,2023-05-10 20:23:21.815513,955.01625985,0,0,1,2,0,0,,spring,0,0,0,0
561517227,3.0,-0.5430317,none,0.0,0.0,7.42159,11.5199995,67.909966,1006.45905,,2023-05-10 04:27:52.494428,2023-05-10 20:23:58.614885,956.1020076166666,1,0,1,2,0,0,,spring,0,0,0,0
561552827,15.25,11.990065,none,0.0,0.0,6.763786,16.199999,32.84283,1001.62024,,2023-05-10 04:29:33.194763,2023-05-10 20:24:36.859585,955.0610803666666,0,0,1,2,0,0,,spring,0,0,0,0
561552027,15.85,12.234615,none,0.0,0.0,8.287822,18.359999,29.475533,1005.22687,,2023-05-10 04:28:10.314885,2023-05-10 20:24:53.574436,956.7209925166667,0,0,1,2,0,0,,spring,0,0,0,0
561582627,12.25,9.837827,none,0.0,0.0,6.519877,8.64,56.30427,1005.5559,,2023-05-10 04:29:09.083946,2023-05-10 20:24:40.574662,955.5248452666667,0,0,1,2,0,0,,spring,0,0,0,0
561536227,14.7,12.594982,none,0.0,0.0,3.396233,17.64,31.384838,1007.4775,,2023-05-10 04:28:24.954398,2023-05-10 20:24:52.558213,956.4600635833334,0,0,1,2,0,0,,spring,0,0,0,0
561546427,13.65,11.108216,none,0.0,0.0,7.2805495,19.08,44.43053,1007.82733,,2023-05-10 04:28:33.977831,2023-05-10 20:25:04.439333,956.5076917,0,0,1,2,0,0,,spring,0,0,0,0
561692227,14.95,12.652941,none,0.0,0.0,2.2768397,11.879999,38.70848,1002.05536,,2023-05-10 04:29:42.920555,2023-05-10 20:23:35.408254,953.8747949833333,0,0,1,2,0,0,,spring,0,0,0,0
561614027,13.8,11.379815,none,0.0,0.0,5.506941,19.8,40.365486,1010.4714,,2023-05-10 04:29:24.543553,2023-05-10 20:25:11.638145,955.7849098666667,0,0,1,2,0,0,,spring,0,0,0,0
561811427,13.65,11.108216,none,0.0,0.0,7.2805495,19.08,44.43053,1005.5568,,2023-05-10 04:28:39.020419,2023-05-10 20:24:34.479513,955.9243182333333,0,0,1,2,0,0,,spring,0,0,0,0
562004627,6.9,3.9169827,none,0.0,0.0,6.9247384,14.759999,65.840034,1006.1335,,2023-05-10 04:28:13.112701,2023-05-10 20:25:07.780277,956.9111262666667,0,0,1,2,0,0,,spring,0,0,0,0
561996827,11.35,8.363521,none,0.0,0.0,8.049845,19.08,52.22289,1000.60895,,2023-05-10 04:29:45.849634,2023-05-10 20:24:22.411878,954.6093707333333,0,0,1,2,0,0,,spring,0,0,0,0
561797427,16.05,12.328503,none,0.0,0.0,8.557102,18.359999,28.046488,1003.2299,,2023-05-10 04:28:53.498892,2023-05-10 20:25:07.552993,956.2342350166667,0,0,1,2,0,0,,spring,0,0,0,0
561519427,9.85,7.0746765,none,0.0,0.0,6.130579,14.4,56.080723,1005.6206,,2023-05-10 04:30:09.069316,2023-05-10 20:23:39.424444,953.5059188,0,0,1,2,0,0,,spring,0,0,0,0
561529427,13.55,11.576414,none,0.0,0.0,5.2416787,16.56,47.85039,1007.02637,,2023-05-10 04:27:49.035899,2023-05-10 20:24:34.425582,956.7564947166667,0,0,1,2,0,0,,spring,0,0,0,0
562408227,13.2,10.6278,none,0.0,0.0,7.6367526,18.72,47.922054,1008.1593,,2023-05-10 04:28:31.215827,2023-05-10 20:24:04.414797,955.5533161666666,0,0,1,2,0,0,,spring,0,0,0,0
561558227,13.85,11.710861,none,0.0,0.0,1.1384199,2.52,41.411484,1000.6521,,2023-05-10 04:30:06.136058,2023-05-10 20:24:46.083672,954.6657935666666,0,0,1,2,0,0,,spring,0,0,0,0
561522827,12.05,9.173799,none,0.0,0.0,7.5942073,18.72,50.761845,1004.7802,,2023-05-10 04:29:06.168877,2023-05-10 20:25:32.491284,956.4387067833334,0,0,1,2,0,0,,spring,0,0,0,0
561533027,14.55,12.729496,none,0.0,0.0,2.5455842,18.359999,30.426878,1003.87805,,2023-05-10 04:29:46.648018,2023-05-10 20:24:32.263276,954.7602542999999,0,0,1,2,0,0,,spring,0,0,0,0
561557027,15.7,12.319294,none,0.0,0.0,6.725354,16.199999,29.869473,1003.918,,2023-05-10 04:28:35.294707,2023-05-10 20:24:22.701937,955.7901205,0,0,1,2,0,0,,spring,0,0,0,0
561534627,14.9,12.157648,none,0.0,0.0,6.618519,18.0,31.675629,1002.46674,,2023-05-10 04:29:50.079656,2023-05-10 20:24:33.359793,954.7213356166667,0,0,1,2,0,0,,spring,0,0,0,0
561635627,10.25,8.166319,none,0.0,0.0,4.3349743,4.68,64.50711,1003.1768,,2023-05-10 04:28:33.376979,2023-05-10 20:24:29.504453,955.9354579,0,1,0,2,0,0,,spring,0,0,0,1
561620427,15.85,13.818123,rain,0.1,0.0,7.5942082,29.519999,48.8308,1004.4186,,2023-05-11 04:26:38.779536,2023-05-11 20:26:59.049371,960.3378305833334,0,0,1,3,0,0,,spring,0,0,0,0
561606627,13.75,11.883486,none,0.0,0.0,6.489992,16.919998,60.958733,1000.1222,,2023-05-11 04:27:41.870474,2023-05-11 20:25:40.571442,957.9783494666666,0,0,1,3,0,0,,spring,0,0,0,0
561610427,16.25,14.016119,none,0.0,0.0,9.957108,23.759998,42.40557,993.27423,,2023-05-11 04:27:49.058621,2023-05-11 20:26:06.067661,958.2834839999999,0,0,1,3,0,0,,spring,0,0,0,0
561599427,11.95,10.09606,none,0.0,0.0,5.937272,14.759999,67.172585,1005.7793,,2023-05-11 04:26:21.859121,2023-05-11 20:26:50.052562,960.4698906833333,0,0,1,3,0,0,,spring,0,0,0,0
561627427,17.15,13.104006,none,0.0,0.0,17.25373,38.16,40.050274,1000.62177,,2023-05-11 04:27:21.076142,2023-05-11 20:26:26.314473,959.0873055166667,0,0,1,3,0,0,,spring,0,0,1,0
561640627,14.75,13.872343,rain,0.1,0.0,3.319036,18.72,66.174805,1004.6148,,2023-05-11 04:26:16.537926,2023-05-11 20:26:01.033453,959.7415921166667,0,0,1,3,0,0,,spring,0,0,0,0
561663227,15.8,12.940496,rain,0.2,0.0,15.141414,28.44,45.522198,1003.99976,,2023-05-11 04:26:48.320095,2023-05-11 20:26:25.998100,959.62796675,0,0,1,3,0,0,,spring,0,0,1,0
561729027,8.6,6.19785,none,0.0,0.0,9.085988,10.440001,81.7156,1003.4501,,2023-05-11 04:27:00.177372,2023-05-11 20:26:58.295833,959.9686410166667,0,1,0,3,0,0,,spring,0,0,0,1
561634827,14.9,12.473618,none,0.0,0.0,8.654986,29.88,52.44315,1000.9296,,2023-05-11 04:28:09.314013,2023-05-11 20:25:33.128148,957.39690225,0,0,1,3,0,0,,spring,0,0,0,0
561601827,15.65,13.348009,none,0.0,0.0,9.422101,21.24,47.26713,1005.07587,,2023-05-11 04:27:36.984633,2023-05-11 20:26:45.724365,959.1456622000001,0,0,1,3,0,0,,spring,0,0,0,0
561622027,16.8,15.578758,none,0.0,0.0,5.6920996,24.48,46.12457,1006.23096,,2023-05-11 04:27:10.704283,2023-05-11 20:26:32.320072,959.36026315,0,0,1,3,0,0,,spring,0,0,0,0
561638627,15.7,13.859848,none,0.0,0.0,5.1544156,27.72,51.042984,1004.4744,,2023-05-11 04:26:40.596648,2023-05-11 20:25:25.571851,958.7495867166667,0,0,1,3,0,0,,spring,0,0,0,0
561827027,6.35,3.985588,none,0.0,0.0,5.0142193,9.0,78.5885,1005.7214,,2023-05-11 04:26:14.217260,2023-05-11 20:26:17.899194,960.0613655666667,0,0,1,3,0,0,,spring,0,0,0,0
563146427,16.55,13.407953,none,0.0,0.0,10.990322,28.44,41.45721,1006.2975,,2023-05-11 04:27:07.844355,2023-05-11 20:26:25.892477,959.3008020333333,0,0,1,3,0,0,,spring,0,0,0,0
562102227,14.55,13.474916,none,0.0,0.0,3.6179552,12.599999,64.35945,999.7009,,2023-05-11 04:27:18.927917,2023-05-11 20:26:07.163303,958.8039231,0,0,1,3,0,0,,spring,0,0,0,0
577482027,16.1,13.537764,rain,0.2,0.0,9.220499,29.519999,47.72423,1003.90686,,2023-05-11 04:25:53.795864,2023-05-11 20:26:33.518456,960.6620432,0,0,1,3,0,0,,spring,0,0,0,0
561624827,16.85,12.530048,none,0.0,0.0,20.774214,23.039999,40.81867,999.7201,,2023-05-11 04:27:24.456058,2023-05-11 20:26:14.274554,958.8303082666666,0,0,1,3,0,0,,spring,0,0,1,0
561660227,9.6,7.680209,none,0.0,0.0,7.172949,10.440001,81.28619,997.3112,,2023-05-11 04:27:51.068041,2023-05-11 20:26:14.931945,958.3977317333333,0,1,0,3,0,0,,spring,0,0,0,1
561625227,14.7,11.7787285,rain,0.5,0.0,18.359999,34.56,52.75534,999.9769,,2023-05-11 04:27:21.213269,2023-05-11 20:25:50.505422,958.48820255,0,0,1,3,0,0,,spring,0,0,1,0
561576627,10.25,6.963217,none,0.0,0.0,9.178235,14.759999,53.055725,1004.50323,,2023-05-11 04:26:31.037806,2023-05-11 20:24:55.865911,958.4138017500001,0,1,0,3,0,0,,spring,0,0,0,1
561657227,11.05,9.468513,none,0.0,0.0,5.991594,11.159999,77.41787,1005.59375,,2023-05-11 04:26:43.022542,2023-05-11 20:25:58.595462,959.2595486666667,1,0,0,3,0,0,,spring,0,0,0,0
561580227,8.35,6.0141764,none,0.0,0.0,4.379589,5.3999996,66.870186,1000.35913,,2023-05-11 04:30:52.237391,2023-05-11 20:27:12.079969,956.3307096333334,0,1,0,3,0,0,,spring,0,0,0,1
561593627,6.75,4.684045,none,0.0,0.0,3.8773184,8.64,80.330765,1002.4253,,2023-05-11 04:27:42.235055,2023-05-11 20:26:56.647100,959.24020075,0,0,1,3,0,0,,spring,0,0,0,0
561602427,15.9,13.439756,none,0.0,0.0,9.504272,22.319998,44.288948,1004.0266,,2023-05-11 04:27:36.117414,2023-05-11 20:27:27.787898,959.8611747333333,0,0,1,3,0,0,,spring,0,0,0,0
562413627,17.1,13.29821,none,0.0,0.0,15.1884165,32.760002,39.33533,1005.46094,,2023-05-11 04:27:31.405305,2023-05-11 20:27:09.793040,959.6397955833332,0,0,1,3,0,0,,spring,0,0,1,0
561641027,11.85,10.000504,none,0.0,0.0,5.4477882,14.04,66.22904,1006.9754,,2023-05-11 04:26:57.921278,2023-05-11 20:26:11.603379,959.2280350166667,0,0,1,3,0,0,,spring,0,0,0,0
561603027,11.75,9.880133,none,0.0,0.0,5.815978,14.4,67.36258,1006.4881,,2023-05-11 04:26:37.762173,2023-05-11 20:25:45.756818,959.1332440833334,0,0,1,3,0,0,,spring,0,0,0,0
561605627,16.0,13.568142,none,0.0,0.0,9.585739,21.96,44.007004,1003.9352,,2023-05-11 04:25:58.033130,2023-05-11 20:25:54.440091,959.9401160166667,0,0,1,3,0,0,,spring,0,0,0,0
561620827,14.15,11.4527,rain,1.5,0.0,17.309973,32.760002,59.602432,1008.33636,,2023-05-11 04:26:45.088562,2023-05-11 20:26:09.468289,959.4063287833334,0,0,1,3,0,0,,spring,0,0,1,0
561601027,6.55,4.345645,none,0.0,0.0,4.6938257,7.5599995,80.87054,1002.6543,,2023-05-11 04:26:48.929214,2023-05-11 20:26:40.681187,959.8625328833333,0,0,1,3,0,0,,spring,0,0,0,0
561619627,15.95,13.416367,none,0.0,0.0,10.009036,21.24,43.838184,1005.6867,,2023-05-11 04:26:45.108358,2023-05-11 20:26:20.348317,959.58733265,0,0,1,3,0,0,,spring,0,0,0,0
561655627,15.3,14.112972,none,0.0,0.0,3.6179552,19.8,59.47404,1005.5968,,2023-05-11 04:27:09.374225,2023-05-11 20:26:40.787595,959.5235561666667,0,0,1,3,0,0,,spring,0,0,0,0
561658027,9.35,7.6632853,none,0.0,0.0,5.495161,9.72,82.37911,1005.6112,,2023-05-11 04:25:52.382641,2023-05-11 20:24:59.937528,959.1259147833333,0,1,0,3,0,0,,spring,0,0,0,1
561694627,11.6,9.650328,none,0.0,0.0,6.439876,15.84,68.2685,1002.39685,,2023-05-11 04:27:44.447694,2023-05-11 20:25:28.386640,957.7323157666667,0,0,1,3,0,0,,spring,0,0,0,0
561711627,14.3,12.847862,none,0.0,0.0,5.8603754,16.56,64.523094,1007.36566,,2023-05-12 04:24:47.736245,2023-05-12 20:27:29.326062,962.6931636166667,0,0,1,4,0,0,,spring,0,0,0,0
561725027,16.0,15.162758,none,0.0,0.0,4.6938257,16.199999,59.643673,1006.38495,,2023-05-12 04:24:57.024501,2023-05-12 20:27:45.754185,962.8121613999999,0,0,1,4,0,0,,spring,0,0,0,0
561724227,17.2,16.878012,none,0.0,0.0,4.896529,16.56,55.452713,1007.1983,,2023-05-12 04:25:09.621362,2023-05-12 20:27:49.853534,962.6705362,0,0,1,4,0,0,,spring,0,0,0,0
561751627,18.85,18.205584,none,0.0,0.0,5.937272,20.880001,44.661545,1002.8044,,2023-05-12 04:24:50.845607,2023-05-12 20:28:10.319017,963.3245568333333,0,0,1,4,0,0,,spring,0,0,0,0
561755427,20.95,17.395653,none,0.0,0.0,10.446206,22.319998,25.787003,1003.8133,,2023-05-12 04:25:06.955763,2023-05-12 20:28:05.914366,962.9826433833333,0,0,1,4,0,0,,spring,0,0,0,0
561762227,19.5,16.826641,none,0.0,0.0,9.904906,24.84,38.393467,997.2266,,2023-05-12 04:25:33.683097,2023-05-12 20:27:56.129818,962.3741120166667,0,0,1,4,0,0,,spring,0,0,0,0
561784027,13.55,10.286891,none,0.0,0.0,10.799999,17.64,47.51203,996.16656,,2023-05-12 04:25:37.661742,2023-05-12 20:28:01.576509,962.39857945,0,1,0,4,0,0,,spring,0,0,0,1
561786827,12.0,8.901571,none,0.0,0.0,8.404285,13.679999,48.792694,1001.01843,,2023-05-12 04:25:03.273068,2023-05-12 20:28:55.742200,963.8744855333333,0,1,0,4,0,0,,spring,0,0,0,1
561792227,10.85,7.7126102,none,0.0,0.0,8.78872,12.599999,53.027702,1000.9619,,2023-05-12 04:24:53.562022,2023-05-12 20:28:23.607831,963.5007634833333,0,1,0,4,0,0,,spring,0,0,0,1
561810827,13.65,10.869862,none,0.0,0.0,7.9932966,12.24,48.561447,997.57294,,2023-05-12 04:26:04.704799,2023-05-12 20:28:18.666526,962.23269545,0,1,0,4,0,0,,spring,0,0,0,1
561834227,20.15,17.082867,none,0.0,0.0,9.826088,21.599998,31.932163,999.12897,,2023-05-12 04:24:50.226479,2023-05-12 20:29:12.959069,964.3788765,0,0,1,4,0,0,,spring,0,0,0,0
561852827,14.5,13.255102,none,0.0,0.0,4.6102495,15.119999,64.12967,1005.728,,2023-05-12 04:24:24.608704,2023-05-12 20:28:35.145646,964.1756157,0,0,1,4,0,0,,spring,0,0,0,0
561872627,19.65,17.10368,none,0.0,0.0,9.178235,19.08,38.3032,1003.186,,2023-05-12 04:24:19.176313,2023-05-12 20:26:55.030538,962.5975704166667,0,0,1,4,0,0,,spring,0,0,0,0
561897427,13.25,10.1556635,none,0.0,0.0,9.957108,15.4800005,49.316284,1004.2229,,2023-05-12 04:25:03.415274,2023-05-12 20:27:59.021303,962.92676715,0,1,0,4,0,0,,spring,0,0,0,1
561740827,20.75,17.264671,none,0.0,0.0,10.587917,23.759998,27.160753,998.58405,,2023-05-12 04:25:29.771740,2023-05-12 20:28:09.485687,962.6618991166666,0,0,1,4,0,0,,spring,0,0,0,0
561763427,21.0,17.210133,none,0.0,0.0,14.494192,25.56,26.081299,1002.59204,,2023-05-12 04:24:49.655845,2023-05-12 20:28:12.689851,963.3839001,0,0,1,4,0,0,,spring,0,0,0,0
561739827,16.65,15.844601,none,0.0,0.0,3.8268526,14.759999,55.311764,1002.1925,,2023-05-12 04:25:01.453087,2023-05-12 20:29:05.127149,964.0612343666667,0,0,1,4,0,0,,spring,0,0,0,0
561822627,14.8,11.563784,none,0.0,0.0,10.739832,17.28,44.130276,1002.5703,,2023-05-12 04:24:26.594288,2023-05-12 20:28:26.402742,963.9968075666667,1,0,0,4,0,0,,spring,0,0,0,0
561794627,14.15,11.4088955,none,0.0,0.0,8.707237,12.24,49.5656,1000.84875,,2023-05-12 04:24:47.718036,2023-05-12 20:28:11.990641,963.4045434166667,0,1,0,4,0,0,,spring,0,0,0,1
565433627,17.65,17.365347,none,0.0,0.0,4.198285,15.119999,52.63243,1003.2378,,2023-05-12 04:24:59.831231,2023-05-12 20:28:35.934795,963.6017260666666,0,0,1,4,0,0,,spring,0,0,0,0
565690227,19.9,16.757677,none,0.0,0.0,11.384199,24.48,34.31422,1003.415,,2023-05-12 04:25:05.894549,2023-05-12 20:27:57.219684,962.8554189166666,0,0,1,4,0,0,,spring,0,0,0,0
561816427,12.45,9.46145,none,0.0,0.0,8.669949,13.32,50.332417,1000.83154,,2023-05-12 04:24:59.811541,2023-05-12 20:28:47.025407,963.7868977666666,0,1,0,4,0,0,,spring,0,0,0,1
561756227,20.6,17.377932,none,0.0,0.0,9.9571085,18.72,29.445953,1005.16486,,2023-05-12 04:24:52.963866,2023-05-12 20:26:50.505508,961.9590273666666,0,0,1,4,0,0,,spring,0,0,0,0
562010427,20.3,16.469772,none,0.0,0.0,13.708391,24.84,29.256226,998.17737,,2023-05-12 04:25:30.319155,2023-05-12 20:27:34.157716,962.0639760166666,0,0,1,4,0,0,,spring,0,0,0,0
562449427,19.5,17.083368,none,0.0,0.0,8.654986,18.359999,39.339592,1000.4787,,2023-05-12 04:25:33.473253,2023-05-12 20:27:08.576027,961.5850462333333,0,0,1,4,0,0,,spring,0,0,0,0
562167627,15.2,12.795095,none,0.0,0.0,9.178235,11.159999,53.071964,1003.7997,,2023-05-12 04:25:09.305805,2023-05-12 20:28:23.820507,963.2419117000001,0,0,1,4,0,0,,spring,0,0,0,0
561701627,15.95,15.145298,none,0.0,0.0,3.9763298,14.4,59.026817,992.4867,,2023-05-12 04:25:58.948159,2023-05-12 20:27:56.305808,961.9559608166667,0,0,1,4,0,0,,spring,0,0,0,0
561709027,19.05,18.223879,none,0.0,0.0,5.771239,20.519999,42.761253,1003.888,,2023-05-12 04:24:13.192519,2023-05-12 20:28:27.029072,964.2306092166667,0,0,1,4,0,0,,spring,0,0,0,0
561713827,17.2,16.878012,none,0.0,0.0,4.896529,16.56,55.452713,1000.01984,,2023-05-12 04:25:26.501619,2023-05-12 20:27:47.371221,962.3478266999999,0,0,1,4,0,0,,spring,0,0,0,0
561722227,12.95,11.216474,none,0.0,0.0,7.2,16.56,68.7809,1007.29565,,2023-05-12 04:24:59.075617,2023-05-12 20:27:15.329110,962.27089155,0,0,1,4,0,0,,spring,0,0,0,0
561723827,12.6,10.87359,none,0.0,0.0,6.4096174,15.84,68.24027,1002.705,,2023-05-12 04:25:17.042977,2023-05-12 20:27:20.731573,962.0614766,0,0,1,4,0,0,,spring,0,0,0,0
561747227,19.2,17.921173,none,0.0,0.0,9.0645685,21.96,44.606815,1004.40204,,2023-05-12 04:24:27.279795,2023-05-12 20:27:15.459377,962.8029930333333,0,0,1,4,0,0,,spring,0,0,0,0
561700427,12.95,11.216474,none,0.0,0.0,7.2,16.56,68.7809,1008.01575,,2023-05-12 04:24:49.450971,2023-05-12 20:27:05.901260,962.2741714833334,0,0,1,4,0,0,,spring,0,0,0,0
561746427,12.95,11.257982,none,0.0,0.0,6.9153743,16.919998,68.7809,1004.66125,,2023-05-12 04:24:08.065906,2023-05-12 20:26:58.151003,962.8347516166667,0,0,1,4,0,0,,spring,0,0,0,0
561771027,14.45,11.359785,none,0.0,0.0,9.0,14.4,43.252865,1000.35443,,2023-05-12 04:26:24.485066,2023-05-12 20:29:25.056469,963.0095233833333,0,1,0,4,0,0,,spring,0,0,0,1
561798827,8.7,5.399225,none,0.0,0.0,11.246759,19.8,66.238075,1004.9404,,2023-05-13 04:22:45.166823,2023-05-13 20:29:05.182758,966.3335989166667,1,0,1,5,1,0,,spring,0,0,0,0
561865427,20.75,17.947613,none,0.0,0.0,18.35647,36.0,35.53693,1001.9073,,2023-05-13 04:23:51.889192,2023-05-13 20:30:36.943566,966.7509062333334,0,0,1,5,1,0,,spring,0,0,1,0
561867427,19.8,16.754637,none,0.0,0.0,18.998316,38.519997,35.387157,1005.2359,,2023-05-13 04:23:39.560654,2023-05-13 20:31:04.168201,967.4101257833333,0,0,1,5,1,0,,spring,0,0,1,0
561876827,21.55,18.020676,none,0.0,0.0,14.512064,30.960001,27.383955,997.24963,,2023-05-13 04:25:36.680855,2023-05-13 20:29:54.810972,964.3021686166667,0,0,1,5,1,0,,spring,0,0,0,0
561882427,21.45,17.899464,none,0.0,0.0,15.273505,29.88,28.856789,998.0661,,2023-05-13 04:23:34.817094,2023-05-13 20:29:54.860769,966.33406125,0,0,1,5,1,0,,spring,0,0,1,0
561884227,19.05,15.510632,none,0.0,0.0,15.84409,33.48,39.48423,1002.2787,,2023-05-13 04:25:05.766667,2023-05-13 20:29:51.959378,964.7698785166667,0,0,1,5,1,0,,spring,0,0,1,0
561886027,16.65,14.362921,none,0.0,0.0,7.771331,27.72,47.05385,996.03394,,2023-05-13 04:23:42.068680,2023-05-13 20:33:06.206960,969.4023046666666,0,0,1,5,1,0,,spring,0,0,0,0
561853427,19.5,16.788544,none,0.0,0.0,18.359999,36.719997,38.393467,1004.2228,,2023-05-13 04:22:06.675320,2023-05-13 20:28:50.027014,966.7225282333333,0,0,1,5,1,0,,spring,0,0,1,0
561891827,13.15,9.746611,none,0.0,0.0,14.48972,30.599998,56.338455,999.13904,,2023-05-13 04:24:00.988640,2023-05-13 20:30:58.533943,966.9590883833333,0,1,0,5,1,0,,spring,0,0,0,1
562026827,19.0,15.697681,none,0.0,0.0,19.770523,36.719997,38.65232,1000.9652,,2023-05-13 04:23:49.364449,2023-05-13 20:30:14.115565,966.4125186,0,0,1,5,1,0,,spring,0,0,1,0
561885027,20.0,16.106771,none,0.0,0.0,17.698677,32.760002,36.196667,998.4048,,2023-05-13 04:22:28.371497,2023-05-13 20:31:06.720479,968.6391497000001,0,0,1,5,1,0,,spring,0,0,1,0
561922827,22.1,19.089771,none,0.0,0.0,12.397806,29.16,27.8321,1001.7383,,2023-05-13 04:22:19.790232,2023-05-13 20:29:40.720816,967.3488430666667,0,0,1,5,1,0,,spring,0,0,0,0
561933627,10.5,7.14779,none,0.0,0.0,10.086427,15.119999,53.697525,1000.3379,,2023-05-13 04:23:14.195711,2023-05-13 20:29:28.031610,966.2305983166666,0,1,0,5,1,0,,spring,0,0,0,1
561865827,21.0,18.381643,none,0.0,0.0,16.87398,36.0,34.15074,1000.97833,,2023-05-13 04:23:48.156516,2023-05-13 20:30:43.234735,966.9179703166667,0,0,1,5,1,0,,spring,0,0,1,0
561866227,20.35,17.733343,none,0.0,0.0,17.555305,36.0,35.545742,1000.9346,,2023-05-13 04:22:28.218105,2023-05-13 20:30:49.574187,968.3559346999999,0,0,1,5,1,0,,spring,0,0,1,0
561870227,20.55,17.845339,none,0.0,0.0,17.902534,36.0,34.743656,1000.9481,,2023-05-13 04:22:52.865477,2023-05-13 20:30:53.077818,968.0035390166667,0,0,1,5,1,0,,spring,0,0,1,0
561871227,21.1,18.37278,none,0.0,0.0,17.163355,34.92,33.470394,1002.41095,,2023-05-13 04:22:38.451660,2023-05-13 20:30:48.741780,968.1715019999999,0,0,1,5,1,0,,spring,0,0,1,0
561874227,20.35,17.733343,none,0.0,0.0,17.555305,36.0,35.545742,999.54297,,2023-05-13 04:22:24.456548,2023-05-13 20:31:14.240664,968.8297352666667,0,0,1,5,1,0,,spring,0,0,1,0
562089227,21.0,18.096653,none,0.0,0.0,18.782204,34.56,34.510223,1005.2923,,2023-05-13 04:23:07.416257,2023-05-13 20:29:58.718287,966.8550338333333,0,0,1,5,1,0,,spring,0,0,1,0
561886227,18.9,15.222643,none,0.0,0.0,16.93531,30.960001,40.133976,1000.8132,,2023-05-13 04:23:02.016670,2023-05-13 20:31:01.398598,967.9896988,0,0,1,5,1,0,,spring,0,0,1,0
561868827,19.7,16.513384,none,0.0,0.0,20.608229,36.36,36.747375,1003.9822,,2023-05-13 04:22:42.215418,2023-05-13 20:29:17.649815,966.5905732833332,0,0,1,5,1,0,,spring,0,0,1,0
561873227,20.05,17.136675,none,0.0,0.0,19.386593,38.519997,35.833443,998.4601,,2023-05-13 04:23:35.289544,2023-05-13 20:29:40.530685,966.08735235,0,0,1,5,1,0,,spring,0,0,1,0
565068827,14.05,10.992115,none,0.0,0.0,13.207634,20.880001,55.983234,998.9211,,2023-05-13 04:23:44.756027,2023-05-13 20:29:24.521265,965.6627539666666,0,1,0,5,1,0,,spring,0,0,0,1
567056827,21.4,18.365599,none,0.0,0.0,14.458382,36.0,28.638514,1004.5076,,2023-05-13 04:23:15.723441,2023-05-13 20:29:50.890454,966.5861168833333,0,0,1,5,1,0,,spring,0,0,0,0
561901627,9.4,6.5871506,none,0.0,0.0,9.47012,19.08,68.7684,1002.5373,,2023-05-14 04:21:54.815420,2023-05-14 20:33:05.676543,971.1810187166667,0,1,0,6,1,0,,spring,0,0,0,1
561909027,15.05,12.191689,none,0.0,0.0,14.986553,31.319998,52.848614,1004.0274,,2023-05-14 04:20:05.620825,2023-05-14 20:31:32.772707,971.4525313666667,0,0,1,6,1,0,,spring,0,0,0,0
561940027,16.45,12.589592,none,0.0,0.0,13.979872,28.08,37.375103,1000.4716,,2023-05-14 04:21:37.517872,2023-05-14 20:31:30.434042,969.8819361666666,0,0,1,6,1,0,,spring,0,0,0,0
561934627,17.2,13.268925,none,0.0,0.0,14.168641,30.239998,35.00725,1005.6639,,2023-05-14 04:21:03.555576,2023-05-14 20:31:58.433375,970.9146299833334,0,0,1,6,1,0,,spring,0,0,0,0
562143027,16.25,13.583025,none,0.0,0.0,14.707222,32.760002,44.07841,1000.33734,,2023-05-14 04:22:59.461015,2023-05-14 20:32:47.229690,969.7961445833333,0,0,1,6,1,0,,spring,0,0,0,0
562188627,17.1,13.111137,none,0.0,0.0,14.33234,27.359999,34.728348,1003.5566,,2023-05-14 04:20:56.735206,2023-05-14 20:32:13.410301,971.27791825,0,0,1,6,1,0,,spring,0,0,0,0
561928427,16.25,12.676691,none,0.0,0.0,16.179985,32.399998,42.10753,1002.4362,,2023-05-14 04:21:10.259204,2023-05-14 20:33:14.555802,972.0716099666666,0,0,1,6,1,0,,spring,0,0,1,0
562019027,16.4,12.453066,none,0.0,0.0,14.336861,28.08,36.961956,1002.97833,,2023-05-14 04:21:07.843600,2023-05-14 20:32:54.903464,971.7843310666667,0,0,1,6,1,0,,spring,0,0,0,0
562347027,13.9,11.36798,none,0.0,0.0,11.609651,25.56,61.838776,1006.05273,,2023-05-14 04:20:25.192125,2023-05-14 20:31:38.116943,971.2154136333334,0,0,1,6,1,0,,spring,0,0,0,0
561903427,9.45,6.5546656,none,0.0,0.0,10.308831,15.84,69.50622,1003.9681,,2023-05-14 04:21:14.215867,2023-05-14 20:32:23.839584,971.1603952833334,0,1,0,6,1,0,,spring,0,0,0,1
561904227,9.55,6.621292,none,0.0,0.0,12.10157,20.519999,74.55021,1001.81586,,2023-05-14 04:22:08.841970,2023-05-14 20:32:48.044267,970.6533716166667,0,0,1,6,1,0,,spring,0,0,0,0
561923427,16.05,12.442621,none,0.0,0.0,14.512064,30.960001,43.559235,1003.0916,,2023-05-14 04:20:04.500212,2023-05-14 20:31:23.543222,971.3173835,0,0,1,6,1,0,,spring,0,0,0,0
561942227,16.15,12.443411,none,0.0,0.0,13.0447235,28.44,38.369064,1000.81976,,2023-05-14 04:21:10.359136,2023-05-14 20:34:02.841054,972.8746986333333,0,0,1,6,1,0,,spring,0,0,0,0
561942627,16.65,12.614918,none,0.0,0.0,14.88242,26.28,36.24917,1005.5324,,2023-05-14 04:21:01.227272,2023-05-14 20:31:29.856823,970.4771591833334,0,0,1,6,1,0,,spring,0,0,0,0
561907427,12.15,9.385411,none,0.0,0.0,12.7279215,25.919998,67.9131,1002.5896,,2023-05-14 04:21:44.751940,2023-05-14 20:31:17.098228,969.5391048,0,0,1,6,1,0,,spring,0,0,0,0
561956027,10.2,7.3439903,none,0.0,0.0,8.707237,20.880001,61.60742,1003.055,,2023-05-14 04:21:06.314234,2023-05-14 20:33:17.180413,972.1811029833333,0,1,0,6,1,0,,spring,0,0,0,1
561934827,17.0,13.15456,none,0.0,0.0,14.480773,29.88,37.40225,1006.7543,,2023-05-14 04:20:41.262245,2023-05-14 20:30:58.605611,970.2890561,0,0,1,6,1,0,,spring,0,0,0,0
561956627,16.3,12.498417,none,0.0,0.0,14.05845,27.0,38.8255,1006.5765,,2023-05-14 04:20:28.892573,2023-05-14 20:30:38.198334,970.1550960166667,0,0,1,6,1,0,,spring,0,0,0,0
561919427,15.15,12.114834,none,0.0,0.0,13.797913,31.319998,49.149807,1005.396,,2023-05-14 04:19:59.374342,2023-05-14 20:32:13.469561,972.2349203166667,0,0,1,6,1,0,,spring,0,0,0,0
561970027,15.45,11.967152,none,0.0,0.0,15.725037,30.960001,48.044277,1004.1116,,2023-05-14 04:20:55.672429,2023-05-14 20:32:24.923481,971.4875175333333,0,0,1,6,1,0,,spring,0,0,1,0
561902427,9.45,6.5546656,none,0.0,0.0,10.308831,15.84,69.50622,1002.3973,,2023-05-14 04:21:10.590299,2023-05-14 20:32:32.428881,971.3639763666666,0,1,0,6,1,0,,spring,0,0,0,1
561937427,17.5,13.810101,none,0.0,0.0,12.397806,32.399998,34.10493,997.6491,,2023-05-14 04:23:16.880422,2023-05-14 20:32:18.258205,969.02296305,0,0,1,6,1,0,,spring,0,0,0,0
561941227,17.1,13.278542,none,0.0,0.0,12.7279215,28.08,33.745026,1001.83215,,2023-05-14 04:23:53.766224,2023-05-14 20:32:53.519046,968.9958803666667,0,0,1,6,1,0,,spring,0,0,0,0
561949827,15.75,11.874872,none,0.0,0.0,14.081477,27.0,39.081783,1001.8324,,2023-05-14 04:22:34.287730,2023-05-14 20:32:18.883600,969.7432645,0,0,1,6,1,0,,spring,0,0,0,0
561974827,11.95,9.772093,none,0.0,0.0,7.928177,18.0,66.480125,1002.7046,,2023-05-15 04:20:00.661477,2023-05-15 20:32:48.264331,972.7933809,0,0,1,0,0,0,,spring,0,0,0,0
562037627,18.4,16.228516,none,0.0,0.0,2.16,12.959999,32.576206,1003.6371,,2023-05-15 04:19:26.711084,2023-05-15 20:34:12.474543,974.7627243166667,0,0,1,0,0,0,,spring,0,0,0,0
562043227,13.75,11.839203,none,0.0,0.0,7.754637,9.0,63.524254,996.5071,,2023-05-15 04:19:51.229966,2023-05-15 20:36:49.229331,976.9666560833334,0,0,1,0,0,0,,spring,0,0,0,0
562044627,18.4,16.213173,none,0.0,0.0,2.6208394,10.08,33.282074,1006.94434,,2023-05-15 04:18:53.963842,2023-05-15 20:33:34.320611,974.6726128166666,0,0,1,0,0,0,,spring,0,0,0,0
562048227,18.4,16.0199,none,0.0,0.0,3.8268526,11.879999,33.045296,1000.8481,,2023-05-15 04:18:56.652789,2023-05-15 20:34:51.458054,975.9134210833333,0,0,1,0,0,0,,spring,0,0,0,0
562052827,18.4,16.228516,none,0.0,0.0,2.16,12.959999,32.576206,1004.106,,2023-05-15 04:19:25.595694,2023-05-15 20:34:07.230258,974.6939094,0,0,1,0,0,0,,spring,0,0,0,0
561983627,16.1,14.610981,none,0.0,0.0,7.928178,20.16,44.346,1005.7108,,2023-05-15 04:19:08.881846,2023-05-15 20:33:55.922947,974.78401835,0,0,1,0,0,0,,spring,0,0,0,0
562039027,18.4,16.276684,none,0.0,0.0,1.1384199,11.5199995,31.204115,1001.685,,2023-05-15 04:19:36.606836,2023-05-15 20:32:29.879889,972.8878842166666,0,0,1,0,0,0,,spring,0,0,0,0
562055227,11.3,8.697436,none,0.0,0.0,8.647496,11.5199995,62.52231,1001.28705,,2023-05-15 04:19:05.041722,2023-05-15 20:34:14.227542,975.153097,0,1,0,0,0,0,,spring,0,0,0,1
562012227,18.9,16.820572,none,0.0,0.0,7.69592,23.039999,35.00303,1004.49536,,2023-05-15 04:19:06.068346,2023-05-15 20:34:45.710167,975.6606970166666,0,0,1,0,0,0,,spring,0,0,0,0
562056627,12.4,9.785074,none,0.0,0.0,8.942214,11.159999,58.761395,1003.20026,,2023-05-15 04:18:58.273699,2023-05-15 20:33:41.070089,974.7132731666667,1,0,0,0,0,0,,spring,0,0,0,0
562000027,7.75,5.0089684,none,0.0,0.0,8.707237,11.5199995,75.817566,1007.15717,,2023-05-15 04:19:07.327376,2023-05-15 20:33:18.973909,974.1941088833333,0,1,0,0,0,0,,spring,0,0,0,1
566335227,18.85,16.193068,none,0.0,0.0,6.4096174,19.8,30.998508,1004.9195,,2023-05-15 04:19:30.800516,2023-05-15 20:34:53.050814,975.3708383,0,0,1,0,0,0,,spring,0,0,0,0
561966027,12.75,10.664383,none,0.0,0.0,6.9153743,16.919998,61.995712,1007.79364,,2023-05-15 04:18:33.860915,2023-05-15 20:34:22.220076,975.8059860166667,0,0,1,0,0,0,,spring,0,0,0,0
561991027,9.45,7.532277,none,0.0,0.0,5.991594,14.04,77.96979,1006.52026,,2023-05-15 04:18:47.140091,2023-05-15 20:32:53.386493,974.1041067,0,0,1,0,0,0,,spring,0,0,0,0
562061227,18.2,17.130133,none,0.0,0.0,9.3669195,23.039999,40.778645,1005.99915,,2023-05-15 04:18:46.183360,2023-05-15 20:33:01.604928,974.2570261333333,0,0,1,0,0,0,,spring,0,0,0,0
562170427,11.9,9.421829,none,0.0,0.0,7.5170207,9.36,59.25689,1002.44965,,2023-05-15 04:19:59.625171,2023-05-15 20:34:43.543246,974.7319679166667,1,0,0,0,0,0,,spring,0,0,0,0
561972027,11.95,9.772093,none,0.0,0.0,7.928177,18.0,66.480125,1003.90173,,2023-05-15 04:19:40.283241,2023-05-15 20:33:21.503137,973.6869982666667,0,0,1,0,0,0,,spring,0,0,0,0
562120027,18.1,16.101,none,0.0,0.0,2.1897945,13.679999,35.646736,1007.4987,,2023-05-15 04:19:36.265043,2023-05-15 20:34:05.419396,974.4859058833333,0,0,1,0,0,0,,spring,0,0,0,0
561957827,8.05,5.620167,none,0.0,0.0,6.439876,11.5199995,73.76515,1005.3241,,2023-05-15 04:20:07.452400,2023-05-15 20:34:53.026319,974.7595653166667,0,1,0,0,0,0,,spring,0,0,0,1
565683427,18.2,15.880133,none,0.0,0.0,4.8965297,15.4800005,36.441837,1001.2823,,2023-05-15 04:19:46.391011,2023-05-15 20:35:21.005791,975.5769130000001,0,0,1,0,0,0,,spring,0,0,0,0
561959627,7.05,4.4099436,none,0.0,0.0,8.557102,15.119999,81.79572,995.8848,,2023-05-15 04:20:09.701498,2023-05-15 20:33:34.594891,973.4148898833333,0,0,1,0,0,0,,spring,0,0,0,0
562049027,18.45,16.258152,none,0.0,0.0,3.8268526,10.440001,35.496166,1006.7306,,2023-05-15 04:19:10.406150,2023-05-15 20:32:46.185152,973.5963167000001,0,0,1,0,0,0,,spring,0,0,0,0
562187427,10.45,8.123993,none,0.0,0.0,7.24486,10.440001,67.7924,1006.6496,,2023-05-15 04:19:17.817721,2023-05-15 20:33:05.381358,973.7927272833333,0,1,0,0,0,0,,spring,0,0,0,1
562060827,11.9,9.623698,none,0.0,0.0,6.4799995,11.5199995,60.303085,1006.3656,,2023-05-15 04:19:07.837300,2023-05-15 20:33:39.193279,974.52259965,0,1,0,0,0,0,,spring,0,0,0,1
562423827,12.5,10.468378,none,0.0,0.0,6.696387,16.56,63.457592,1004.42126,,2023-05-15 04:18:10.633245,2023-05-15 20:33:22.036215,975.1900495000001,0,0,1,0,0,0,,spring,0,0,0,0
562145027,18.85,15.967056,none,0.0,0.0,19.61587,36.0,39.70252,1005.3656,,2023-05-16 04:17:08.394072,2023-05-16 20:34:51.813891,977.72366365,0,0,1,1,0,0,,spring,0,0,1,0
562149827,19.35,15.202055,none,0.0,0.0,17.238699,33.12,33.55669,1001.37585,,2023-05-16 04:17:35.305268,2023-05-16 20:36:45.347957,979.16737815,0,0,1,1,0,0,,spring,0,0,1,0
562160827,17.55,15.163628,none,0.0,0.0,14.480773,29.519999,42.48108,1007.2372,,2023-05-16 04:17:20.654801,2023-05-16 20:34:37.938015,977.2880535666667,0,0,1,1,0,0,,spring,0,0,0,0
562212427,11.5,9.018689,none,0.0,0.0,9.107359,12.24,65.69537,1004.71423,,2023-05-16 04:17:14.005147,2023-05-16 20:35:06.715003,977.8784976000001,0,1,0,1,0,0,,spring,0,0,0,1
562067427,8.4,5.5226946,none,0.0,0.0,8.28,13.32,67.35732,1003.5294,,2023-05-16 04:19:36.612505,2023-05-16 20:35:42.754781,976.1023712666666,0,1,0,1,0,0,,spring,0,0,0,1
562098227,17.3,14.418066,none,0.0,0.0,14.512064,30.960001,43.763355,1005.218,,2023-05-16 04:16:40.722016,2023-05-16 20:35:55.283472,979.2426909333334,0,0,1,1,0,0,,spring,0,0,0,0
562118627,19.7,16.286081,none,0.0,0.0,18.440998,38.519997,32.951256,1000.3591,,2023-05-16 04:18:09.357826,2023-05-16 20:35:47.247882,977.6315009333333,0,0,1,1,0,0,,spring,0,0,1,0
562171027,13.6,11.044274,none,0.0,0.0,9.178235,14.4,56.062233,1000.8144,,2023-05-16 04:17:58.220195,2023-05-16 20:35:45.869936,977.79416235,1,0,0,1,0,0,,spring,0,0,0,0
562146027,13.45,11.014546,none,0.0,0.0,8.209263,13.32,56.219208,1002.0907,,2023-05-16 04:19:01.085094,2023-05-16 20:34:34.705270,975.5603362666666,1,0,0,1,0,0,,spring,0,0,0,0
562310227,18.65,15.905594,none,0.0,0.0,19.453327,37.8,40.7659,1003.2638,,2023-05-16 04:17:44.918699,2023-05-16 20:35:02.366885,977.2908031000001,0,0,1,1,0,0,,spring,0,0,1,0
564713427,9.55,6.725174,none,0.0,0.0,10.594036,12.959999,71.748825,1001.9145,,2023-05-16 04:18:26.205099,2023-05-16 20:35:50.256231,977.4008522,0,1,0,1,0,0,,spring,0,0,0,1
562093827,15.95,13.126764,none,0.0,0.0,13.684735,26.64,54.380337,998.08203,,2023-05-16 04:18:23.990816,2023-05-16 20:35:33.595530,977.1600785666667,0,0,1,1,0,0,,spring,0,0,0,0
562095627,13.55,11.791128,none,0.0,0.0,8.049845,17.64,67.971146,1001.62933,,2023-05-16 04:18:11.345138,2023-05-16 20:34:53.992683,976.7107924166667,0,0,1,1,0,0,,spring,0,0,0,0
562145427,18.95,15.938889,none,0.0,0.0,20.150354,37.079998,39.18123,1004.10175,,2023-05-16 04:17:36.018974,2023-05-16 20:36:17.399950,978.6896829333333,0,0,1,1,0,0,,spring,0,0,1,0
562078827,14.0,12.229969,none,0.0,0.0,6.9527545,16.56,62.931633,1002.7733,,2023-05-16 04:20:01.856885,2023-05-16 20:35:28.542173,975.4447548,0,0,1,1,0,0,,spring,0,0,0,0
562111627,18.9,16.375696,none,0.0,0.0,17.373497,36.719997,38.220337,1003.378,,2023-05-16 04:18:04.171009,2023-05-16 20:36:47.527385,978.7226062666667,0,0,1,1,0,0,,spring,0,0,1,0
562134027,19.7,16.336594,none,0.0,0.0,13.237039,27.359999,35.358288,1004.1788,,2023-05-16 04:16:39.257769,2023-05-16 20:34:24.018077,977.7460051333333,0,0,1,1,0,0,,spring,0,0,0,0
562137227,19.8,15.9357395,none,0.0,0.0,15.807239,30.599998,33.56782,1004.4181,,2023-05-16 04:17:20.099468,2023-05-16 20:35:17.048080,977.9491435333333,0,0,1,1,0,0,,spring,0,0,1,0
562139027,18.05,14.899145,none,0.0,0.0,12.682018,28.44,41.02113,1005.197,,2023-05-16 04:18:04.423770,2023-05-16 20:35:52.751713,977.8054657166666,0,0,1,1,0,0,,spring,0,0,0,0
562191427,17.0,14.4181385,none,0.0,0.0,13.392774,29.16,46.34132,994.22284,,2023-05-16 04:18:39.293076,2023-05-16 20:35:23.310321,976.73362075,0,0,1,1,0,0,,spring,0,0,0,0
562164627,17.1,14.1418495,none,0.0,0.0,15.9134655,31.319998,46.369366,1007.35077,,2023-05-16 04:17:48.584054,2023-05-16 20:35:49.379813,978.01326265,0,0,1,1,0,0,,spring,0,0,1,0
562126827,19.8,15.744843,none,0.0,0.0,16.79314,32.760002,32.980045,1005.37115,,2023-05-16 04:17:36.084338,2023-05-16 20:35:38.972789,978.04814085,0,0,1,1,0,0,,spring,0,0,1,0
562364027,18.05,15.369917,none,0.0,0.0,15.696165,30.599998,39.889065,1003.89294,,2023-05-16 04:17:14.811989,2023-05-16 20:35:53.671801,978.6476635333333,0,0,1,1,0,0,,spring,0,0,1,0
564808827,16.5,13.864424,none,0.0,0.0,11.681987,25.199999,50.90717,1002.16187,,2023-05-16 04:18:02.675462,2023-05-16 20:37:08.684356,979.1001482333334,0,0,1,1,0,0,,spring,0,0,0,0
562131427,19.45,15.8725395,none,0.0,0.0,16.78156,34.56,34.548164,1002.3946,,2023-05-16 04:18:33.008998,2023-05-16 20:36:14.752099,977.69571835,0,0,1,1,0,0,,spring,0,0,1,0
562292827,11.4,9.074088,none,0.0,0.0,7.172949,12.599999,63.4256,1000.63043,,2023-05-16 04:18:00.942578,2023-05-16 20:35:25.320897,977.4063053166667,0,1,0,1,0,0,,spring,0,0,0,1
562145227,19.8,16.559292,none,0.0,0.0,14.689588,31.68,34.16485,1001.11865,,2023-05-16 04:17:43.980428,2023-05-16 20:34:26.821778,976.7140225,0,0,1,1,0,0,,spring,0,0,0,0
562147827,16.3,13.388756,none,0.0,0.0,10.483357,22.68,44.558895,1003.9587,,2023-05-16 04:16:53.745589,2023-05-16 20:36:09.641048,979.2649243166667,0,0,1,1,0,0,,spring,0,0,0,0
562125827,19.9,16.02107,none,0.0,0.0,17.595861,36.36,31.522915,1000.5445,,2023-05-16 04:16:54.062201,2023-05-16 20:36:42.131163,979.8011493666667,0,0,1,1,0,0,,spring,0,0,1,0
562134427,19.85,16.154371,none,0.0,0.0,17.0763,33.12,33.11126,1003.54913,,2023-05-16 04:17:02.733266,2023-05-16 20:35:34.309656,978.5262731666667,0,0,1,1,0,0,,spring,0,0,1,0
562153027,19.8,15.744843,none,0.0,0.0,16.79314,32.760002,32.980045,1003.9697,,2023-05-16 04:17:40.476007,2023-05-16 20:36:02.751894,978.3712647833333,0,0,1,1,0,0,,spring,0,0,1,0
562171627,10.2,7.631345,none,0.0,0.0,8.766573,11.5199995,68.45338,1004.6123,,2023-05-17 04:16:15.848385,2023-05-17 20:37:50.673243,981.5804143,0,1,0,2,0,0,,spring,0,0,0,1
562214427,22.15,20.001633,none,0.0,0.0,15.517629,29.88,32.05376,1004.8048,,2023-05-17 04:15:40.913028,2023-05-17 20:37:32.509305,981.8599379499999,0,0,1,2,0,0,,spring,0,0,1,0
562222027,22.3,20.762932,none,0.0,0.0,12.605142,28.8,33.93116,1004.3681,,2023-05-17 04:15:56.284678,2023-05-17 20:37:17.338135,981.35089095,0,0,1,2,0,0,,spring,0,0,0,0
562232627,22.75,20.072752,none,0.0,0.0,11.720751,23.039999,34.177315,1004.5045,,2023-05-17 04:14:41.084485,2023-05-17 20:36:09.527523,981.4740506333333,0,0,1,2,0,0,,spring,0,0,0,0
562238027,22.2,19.133877,none,0.0,0.0,13.324863,25.56,33.66829,1001.3871,,2023-05-17 04:16:16.851088,2023-05-17 20:37:39.335005,981.37473195,0,0,1,2,0,0,,spring,0,0,0,0
562230827,22.2,19.133877,none,0.0,0.0,13.324863,25.56,33.66829,1005.8998,,2023-05-17 04:16:03.357198,2023-05-17 20:37:54.432345,981.8512524500001,0,0,1,2,0,0,,spring,0,0,0,0
562243627,16.05,13.981285,none,0.0,0.0,8.350138,14.04,53.664474,996.94025,,2023-05-17 04:16:48.474280,2023-05-17 20:36:56.986924,980.1418774,0,1,0,2,0,0,,spring,0,0,0,1
562191227,20.4,17.919014,none,0.0,0.0,14.081478,32.039997,33.978306,998.12683,,2023-05-17 04:15:52.867640,2023-05-17 20:40:21.145677,984.4713006166666,0,0,1,2,0,0,,spring,0,0,0,0
562218627,23.25,20.991215,none,0.0,0.0,12.224107,31.68,28.152786,1003.73785,,2023-05-17 04:16:22.894299,2023-05-17 20:38:37.727846,982.2472257833334,0,0,1,2,0,0,,spring,0,0,0,0
562269627,22.45,20.687794,none,0.0,0.0,13.324863,28.08,33.16015,1007.85486,,2023-05-17 04:15:38.611394,2023-05-17 20:37:12.535843,981.5654074833333,0,0,1,2,0,0,,spring,0,0,0,0
562248427,14.95,13.231775,none,0.0,0.0,8.287822,12.24,63.364155,1006.8897,,2023-05-17 04:15:35.561475,2023-05-17 20:36:16.300009,980.6789755666666,0,1,0,2,0,0,,spring,0,0,0,1
562276627,15.9,13.183151,none,0.0,0.0,11.165805,19.44,50.394447,997.4165,,2023-05-17 04:17:33.647633,2023-05-17 20:38:00.616286,980.4494775500001,0,1,0,2,0,0,,spring,0,0,0,1
562308027,20.7,19.053305,none,0.0,0.0,8.225035,19.44,44.874866,1000.8424,,2023-05-17 04:16:13.343890,2023-05-17 20:37:04.968052,980.8604027,0,0,1,2,0,0,,spring,0,0,0,0
562958027,15.15,13.722265,none,0.0,0.0,5.6920996,14.759999,61.08238,1005.29785,,2023-05-17 04:16:13.076405,2023-05-17 20:36:25.256446,980.2030006833334,0,0,1,2,0,0,,spring,0,0,0,0
562198827,21.45,19.87132,none,0.0,0.0,11.928989,27.0,34.042004,1002.95154,,2023-05-17 04:17:06.179128,2023-05-17 20:36:14.800436,979.1436884666667,0,0,1,2,0,0,,spring,0,0,0,0
562219827,21.5,19.415516,none,0.0,0.0,14.440443,28.8,33.11947,1004.6943,,2023-05-17 04:15:37.430505,2023-05-17 20:37:42.545806,982.0852550166667,0,0,1,2,0,0,,spring,0,0,0,0
562231427,9.9,7.709345,none,0.0,0.0,8.557102,12.24,78.03931,1008.5605,,2023-05-17 04:15:34.038867,2023-05-17 20:36:21.189558,980.78584485,0,0,1,2,0,0,,spring,0,0,0,0
562233827,22.6,19.309433,none,0.0,0.0,14.05845,24.84,31.626598,1000.7219,,2023-05-17 04:15:34.233824,2023-05-17 20:37:52.940751,982.3117821166667,0,0,1,2,0,0,,spring,0,0,0,0
562234627,20.5,20.35064,none,0.0,0.0,4.510787,16.199999,56.847595,1005.71466,,2023-05-17 04:14:43.129044,2023-05-17 20:35:57.044131,981.2319181166666,0,0,1,2,0,0,,spring,0,0,0,0
562248627,14.55,12.638622,none,0.0,0.0,8.669949,12.599999,62.629124,1005.342,,2023-05-17 04:15:42.903381,2023-05-17 20:36:31.585879,980.8113749666667,0,1,0,2,0,0,,spring,0,0,0,1
562270227,16.5,14.310427,none,0.0,0.0,9.178235,14.04,52.147964,1002.98785,,2023-05-17 04:15:48.463207,2023-05-17 20:37:55.680788,982.1202930166667,0,1,0,2,0,0,,spring,0,0,0,1
562239627,8.9,6.841941,none,0.0,0.0,6.8777895,11.159999,80.63222,1003.75226,,2023-05-17 04:15:20.020393,2023-05-17 20:37:04.811021,981.7465104666667,0,1,0,2,0,0,,spring,0,0,0,1
562338227,22.95,19.900602,none,0.0,0.0,12.620554,23.039999,31.28772,1006.2504,,2023-05-17 04:15:43.894352,2023-05-17 20:36:56.140323,981.2040995166666,0,0,1,2,0,0,,spring,0,0,0,0
562418827,23.1,19.636375,none,0.0,0.0,13.849476,27.72,28.60954,1001.5609,,2023-05-17 04:15:44.765238,2023-05-17 20:38:17.512922,982.5457947333333,0,0,1,2,0,0,,spring,0,0,0,0
563191227,17.95,15.5989895,none,0.0,0.0,10.931203,24.119999,48.90252,1003.79016,,2023-05-17 04:16:33.345826,2023-05-17 20:38:01.743150,981.4732887333333,0,0,1,2,0,0,,spring,0,0,0,0
562192427,17.45,15.704674,none,0.0,0.0,8.557102,20.16,54.214287,1004.8742,,2023-05-17 04:14:56.847881,2023-05-17 20:36:52.168537,981.9220109333334,0,0,1,2,0,0,,spring,0,0,0,0
562199627,21.35,19.507174,none,0.0,0.0,13.684735,30.599998,34.73127,1004.5689,,2023-05-17 04:14:53.118576,2023-05-17 20:38:17.130077,983.4001916833333,0,0,1,2,0,0,,spring,0,0,0,0
562287627,22.75,19.47705,none,0.0,0.0,13.722565,26.64,31.014025,997.1548,,2023-05-17 04:16:38.427460,2023-05-17 20:37:24.670953,980.7707248833334,0,0,1,2,0,0,,spring,0,0,0,0
562190227,17.45,15.551548,none,0.0,0.0,9.346143,20.519999,53.664455,1003.60004,,2023-05-17 04:16:09.694882,2023-05-17 20:36:34.873728,980.4196474333334,0,0,1,2,0,0,,spring,0,0,0,0
562183027,8.45,6.1101007,none,0.0,0.0,7.771331,12.599999,79.181335,1001.0461,,2023-05-17 04:16:45.055880,2023-05-17 20:36:43.608473,979.97587655,0,0,1,2,0,0,,spring,0,0,0,0
562205227,20.7,18.20272,none,0.0,0.0,14.404499,30.239998,33.59047,1003.21326,,2023-05-17 04:15:20.052566,2023-05-17 20:38:21.091108,983.0173090333334,0,0,1,2,0,0,,spring,0,0,0,0
562182227,8.9,6.5104084,none,0.0,0.0,7.8954163,11.879999,76.01054,1001.7928,,2023-05-17 04:16:07.251052,2023-05-17 20:36:08.250862,980.0166635,0,1,0,2,0,0,,spring,0,0,0,1
562259627,12.7,10.929093,none,0.0,0.0,6.8777895,15.119999,68.260895,1003.0311,,2023-05-17 04:15:20.500563,2023-05-17 20:38:37.390224,983.28149435,0,0,1,2,0,0,,spring,0,0,0,0
562249627,16.1,13.325298,none,0.0,0.0,10.8955765,20.880001,48.22496,995.36334,,2023-05-17 04:16:12.121567,2023-05-17 20:40:33.570901,984.3574888999999,0,1,0,2,0,0,,spring,0,0,0,1
562413427,21.9,19.431364,none,0.0,0.0,10.1376915,24.84,35.74345,999.6189,,2023-05-17 04:16:44.576940,2023-05-17 20:36:42.963518,979.9731096333333,0,0,1,2,0,0,,spring,0,0,0,0
562334027,24.75,21.421438,none,0.0,0.0,11.928989,22.68,24.57485,1004.1236,,2023-05-18 04:14:01.730401,2023-05-18 20:38:37.417804,984.59479005,0,0,1,3,0,0,,spring,0,0,0,0
562351227,23.65,20.60476,none,0.0,0.0,14.24163,20.880001,32.368126,1000.25494,,2023-05-18 04:13:43.813429,2023-05-18 20:39:52.549153,986.1455953999999,0,0,1,3,0,0,,spring,0,0,0,0
562420627,24.2,22.408754,none,0.0,0.0,11.525623,24.48,30.886196,996.55365,,2023-05-18 04:14:53.858907,2023-05-18 20:39:09.578461,984.2619925666667,0,0,1,3,0,0,,spring,0,0,0,0
563284627,24.25,21.392998,none,0.0,0.0,11.885453,28.08,29.745983,995.0936,,2023-05-18 04:14:08.989829,2023-05-18 20:42:14.144289,988.0859076666667,0,0,1,3,0,0,,spring,0,0,0,0
562380227,24.85,23.237772,none,0.0,0.0,11.165805,26.28,28.997225,998.68744,,2023-05-18 04:13:17.625529,2023-05-18 20:40:22.658434,987.08388175,0,0,1,3,0,0,,spring,0,0,0,0
563004627,24.35,21.807268,none,0.0,0.0,8.287822,21.24,27.578804,1002.167,,2023-05-18 04:13:32.568068,2023-05-18 20:39:11.147925,985.6429976166667,0,0,1,3,0,0,,spring,0,0,0,0
562298027,23.1,21.537634,none,0.0,0.0,11.620809,27.0,34.395187,998.8679,,2023-05-18 04:14:34.280416,2023-05-18 20:39:10.506959,984.6037757166666,0,0,1,3,0,0,,spring,0,0,0,0
562328627,24.1,23.186033,none,0.0,0.0,8.707237,22.319998,32.272896,1004.6967,,2023-05-18 04:12:47.585744,2023-05-18 20:37:43.709072,984.9353888,0,0,1,3,0,0,,spring,0,0,0,0
562325227,24.95,22.059345,none,0.0,0.0,10.086427,23.759998,25.511208,1003.05347,,2023-05-18 04:14:24.292768,2023-05-18 20:39:42.218528,985.2987626666667,0,0,1,3,0,0,,spring,0,0,0,0
562325427,24.3,22.627333,none,0.0,0.0,8.905908,21.24,30.384829,999.5948,,2023-05-18 04:15:35.545827,2023-05-18 20:38:55.350352,983.3300754166667,0,0,1,3,0,0,,spring,0,0,0,0
562340227,21.2,17.51493,none,0.0,0.0,23.557316,39.96,45.78012,1000.4839,,2023-05-18 04:13:17.910504,2023-05-18 20:40:04.912742,986.7833706333333,0,0,1,3,0,0,,spring,0,0,1,0
562342827,20.25,17.394424,none,0.0,0.0,17.595861,38.88,48.049187,998.9565,,2023-05-18 04:15:17.305549,2023-05-18 20:39:27.000923,984.1615895666667,0,0,1,3,0,0,,spring,0,0,1,0
562343627,18.7,16.290161,none,0.0,0.0,15.379206,41.760002,54.537354,1002.92664,,2023-05-18 04:13:33.994120,2023-05-18 20:38:20.596091,984.7766995166666,0,0,1,3,0,0,,spring,0,0,1,0
562311627,10.95,8.615642,none,0.0,0.0,10.823973,18.0,76.87406,1001.58966,,2023-05-18 04:15:02.108499,2023-05-18 20:39:54.130273,984.8670295666667,0,0,1,3,0,0,,spring,0,0,0,0
562312227,24.45,22.076159,none,0.0,0.0,11.384199,24.84,30.321983,995.1752,,2023-05-18 04:14:47.909698,2023-05-18 20:39:03.818294,984.2651432666667,0,0,1,3,0,0,,spring,0,0,0,0
562405827,24.8,22.296204,none,0.0,0.0,9.3876505,23.759998,28.683332,999.4493,,2023-05-18 04:14:24.619792,2023-05-18 20:40:47.428352,986.3801426666666,0,0,1,3,0,0,,spring,0,0,0,0
562416227,24.5,21.404947,none,0.0,0.0,12.074766,20.880001,27.332205,1000.458,,2023-05-18 04:14:13.363116,2023-05-18 20:40:09.590744,985.9371271333333,0,0,1,3,0,0,,spring,0,0,0,0
562416827,9.1,7.0845366,none,0.0,0.0,8.473393,12.599999,86.406235,998.88324,,2023-05-18 04:13:51.198978,2023-05-18 20:40:58.521768,987.1220465,0,0,1,3,0,0,,spring,0,0,0,0
562507427,23.9,22.313404,none,0.0,0.0,10.105681,24.48,31.995012,1001.1389,,2023-05-18 04:12:29.249572,2023-05-18 20:38:35.881832,986.1105376666667,0,0,1,3,0,0,,spring,0,0,0,0
564604427,22.05,20.210106,none,0.0,0.0,12.864649,25.56,41.172657,999.08234,,2023-05-18 04:14:50.888877,2023-05-18 20:38:23.465084,983.5429367833333,0,0,1,3,0,0,,spring,0,0,0,0
565626027,23.5,22.619476,none,0.0,0.0,9.6932955,24.119999,33.229626,1001.8813,,2023-05-18 04:14:38.275729,2023-05-18 20:38:21.417025,983.7190216,0,0,1,3,0,0,,spring,0,0,0,0
562413827,24.55,22.115164,none,0.0,0.0,9.220499,21.24,25.85397,1002.09674,,2023-05-18 04:14:13.021609,2023-05-18 20:38:08.928325,983.9317785999999,0,0,1,3,0,0,,spring,0,0,0,0
562350627,25.45,22.421982,none,0.0,0.0,10.587917,22.68,24.5032,1000.7152,,2023-05-18 04:13:55.092346,2023-05-18 20:40:07.851253,986.2126484500001,0,0,1,3,0,0,,spring,0,0,0,0
562352627,23.6,22.501617,none,0.0,0.0,10.703569,26.64,33.258034,1002.23267,,2023-05-18 04:12:58.131746,2023-05-18 20:38:46.028717,985.7982828500001,0,0,1,3,0,0,,spring,0,0,0,0
562331827,24.35,21.489792,none,0.0,0.0,10.464798,23.039999,27.578804,1000.75885,,2023-05-18 04:12:53.533989,2023-05-18 20:38:41.636450,985.8017076833333,0,0,1,3,0,0,,spring,0,0,0,0
562344827,20.05,17.63544,none,0.0,0.0,14.480773,41.399998,48.483257,1001.7099,,2023-05-18 04:14:09.633283,2023-05-18 20:40:31.062811,986.3571588,0,0,1,3,0,0,,spring,0,0,0,0
562292627,20.35,19.082354,none,0.0,0.0,10.086427,20.880001,53.69575,1005.2111,,2023-05-18 04:13:36.837518,2023-05-18 20:38:44.959656,985.1353689666666,0,0,1,3,0,0,,spring,0,0,0,0
562326427,24.5,21.569572,none,0.0,0.0,10.805999,21.599998,26.391125,1004.1924,,2023-05-18 04:14:13.373978,2023-05-18 20:38:51.079707,984.6284288166667,0,0,1,3,0,0,,spring,0,0,0,0
562303027,23.8,22.571583,none,0.0,0.0,11.440978,27.72,32.859985,1002.6234,,2023-05-18 04:13:24.426666,2023-05-18 20:39:58.979072,986.5758734333334,0,0,1,3,0,0,,spring,0,0,0,0
563133427,24.35,21.514637,none,0.0,0.0,9.605998,18.0,26.62923,1004.2994,,2023-05-18 04:13:47.430635,2023-05-18 20:38:17.867174,984.50727565,0,0,1,3,0,0,,spring,0,0,0,0
562353227,23.65,20.60476,none,0.0,0.0,14.24163,20.880001,32.368126,1005.31683,,2023-05-18 04:14:11.899981,2023-05-18 20:39:30.104673,985.3034115333334,0,0,1,3,0,0,,spring,0,0,0,0
563755227,22.3,20.218111,none,0.0,0.0,13.1041975,26.28,38.533222,999.2335,,2023-05-18 04:14:31.236083,2023-05-18 20:39:09.709564,984.6412246833333,0,0,1,3,0,0,,spring,0,0,0,0
562401027,16.7,13.693237,none,0.0,0.0,17.015474,35.28,41.94109,1004.1567,,2023-05-19 04:11:08.745946,2023-05-19 20:40:27.251064,989.3084186333333,0,0,1,4,0,0,,spring,0,0,1,0
562451027,16.05,11.957117,none,0.0,0.0,14.759999,28.08,36.464825,1004.9368,,2023-05-19 04:11:46.276192,2023-05-19 20:41:53.554952,990.1213126666667,0,0,1,4,0,0,,spring,0,0,0,0
562461427,12.9,9.171134,none,0.0,0.0,13.684735,27.359999,48.69686,1005.0697,,2023-05-19 04:10:56.505488,2023-05-19 20:40:49.672962,989.8861245666667,0,1,0,4,0,0,,spring,0,0,0,1
562439027,16.55,12.496786,none,0.0,0.0,15.124284,30.239998,36.74217,1003.7127,,2023-05-19 04:13:17.872941,2023-05-19 20:40:11.441498,986.8928092833333,0,0,1,4,0,0,,spring,0,0,1,0
562375027,11.35,8.410238,rain,0.1,0.0,18.0036,32.399998,84.32438,1006.92145,,2023-05-19 04:12:42.413187,2023-05-19 20:41:23.126896,988.6785618166667,0,0,1,4,0,0,,spring,0,0,1,0
562422427,16.7,12.881603,none,0.0,0.0,17.283749,34.92,39.49811,999.8054,,2023-05-19 04:13:05.342234,2023-05-19 20:40:50.866911,987.7587446166667,0,0,1,4,0,0,,spring,0,0,1,0
562435827,17.2,13.025597,none,0.0,0.0,15.546833,29.519999,34.3858,1003.85706,,2023-05-19 04:12:14.284577,2023-05-19 20:42:28.101414,990.2302806166666,0,0,1,4,0,0,,spring,0,0,1,0
562447027,16.5,12.399189,none,0.0,0.0,15.158522,30.239998,36.20535,1006.87897,,2023-05-19 04:11:26.100711,2023-05-19 20:41:35.771467,990.1611792666666,0,0,1,4,0,0,,spring,0,0,1,0
562463427,11.85,7.7566233,none,0.0,0.0,16.93531,30.960001,54.44211,1004.5134,,2023-05-19 04:13:05.262277,2023-05-19 20:41:40.046405,988.5797354666666,0,1,0,4,0,0,,spring,0,0,1,1
562367027,13.3,10.527591,none,0.0,0.0,19.914217,33.48,82.59582,1006.8615,,2023-05-19 04:11:44.161895,2023-05-19 20:39:55.284460,988.1853760833333,1,0,1,4,0,0,,spring,0,0,1,0
562392027,11.35,8.554993,rain,0.1,0.0,16.919998,30.239998,84.04003,1004.75494,,2023-05-19 04:12:05.276601,2023-05-19 20:41:11.280263,989.1000610333334,0,0,1,4,0,0,,spring,0,0,1,0
562425227,17.15,13.271067,none,0.0,0.0,15.629972,29.16,34.12541,1007.3911,,2023-05-19 04:12:12.279151,2023-05-19 20:41:02.034655,988.8292584,0,0,1,4,0,0,,spring,0,0,1,0
562433027,12.35,9.651923,rain,0.4,0.0,17.935081,30.960001,83.59246,1005.9018,,2023-05-19 04:12:15.915123,2023-05-19 20:41:05.291899,988.8229462666666,1,0,1,4,0,0,,spring,0,0,1,0
562451827,15.9,12.395254,none,0.0,0.0,11.901798,27.72,39.54622,1004.92676,,2023-05-19 04:13:06.322667,2023-05-19 20:41:17.572010,988.1874890500001,0,0,1,4,0,0,,spring,0,0,0,0
562697227,13.0,9.468477,none,0.0,0.0,16.981165,34.56,61.41395,1006.1197,,2023-05-19 04:11:42.492106,2023-05-19 20:41:44.178728,990.0281103666667,0,0,1,4,0,0,,spring,0,0,1,0
562837027,14.2,13.115513,none,0.0,0.0,10.829958,21.24,84.3643,1003.1548,,2023-05-19 04:11:01.053989,2023-05-19 20:40:30.988596,989.4989101166667,0,1,0,4,0,0,,spring,0,0,0,1
563025827,16.45,12.458233,none,0.0,0.0,15.119999,30.599998,37.912415,1009.9797,,2023-05-19 04:12:21.180527,2023-05-19 20:39:57.083867,987.598389,0,0,1,4,0,0,,spring,0,0,1,0
562958227,17.0,12.847218,none,0.0,0.0,15.226764,30.239998,34.451023,1005.02106,,2023-05-19 04:11:31.251243,2023-05-19 20:41:50.358304,990.3184510166667,0,0,1,4,0,0,,spring,0,0,1,0
562663427,16.85,12.60339,none,0.0,0.0,16.215992,28.8,35.536568,1005.50256,,2023-05-19 04:12:17.918407,2023-05-19 20:41:42.062953,989.4024091,0,0,1,4,0,0,,spring,0,0,1,0
562458227,12.9,9.171134,none,0.0,0.0,13.684735,27.359999,48.69686,1006.02716,,2023-05-19 04:11:05.154082,2023-05-19 20:40:38.110639,989.5492759499999,1,0,0,4,0,0,,spring,0,0,0,0
562445427,16.8,12.609709,none,0.0,0.0,15.484185,29.519999,34.89062,1006.1879,,2023-05-19 04:12:00.012384,2023-05-19 20:41:58.120547,989.9684693833333,0,0,1,4,0,0,,spring,0,0,1,0
562406227,16.6,13.335131,none,0.0,0.0,18.014393,34.56,41.18017,1004.69995,,2023-05-19 04:12:04.249206,2023-05-19 20:41:22.998085,989.3124813166667,0,0,1,4,0,0,,spring,0,0,1,0
562415627,16.75,12.81954,none,0.0,0.0,18.416384,34.2,39.65277,1008.0793,,2023-05-19 04:12:14.826189,2023-05-19 20:40:33.484938,988.31097915,0,0,1,4,0,0,,spring,0,0,1,0
562436427,17.1,13.148775,none,0.0,0.0,16.039202,29.88,34.23356,1008.5909,,2023-05-19 04:11:58.809882,2023-05-19 20:40:18.220385,988.3235083833333,0,0,1,4,0,0,,spring,0,0,1,0
562410627,16.75,13.153915,none,0.0,0.0,16.65754,35.28,39.65277,1005.59564,,2023-05-19 04:11:37.043344,2023-05-19 20:40:24.885620,988.7973712666667,0,0,1,4,0,0,,spring,0,0,1,0
562462827,12.7,8.763559,none,0.0,0.0,15.4800005,24.84,50.401367,1010.2603,,2023-05-19 04:12:03.477970,2023-05-19 20:39:51.571013,987.8015507166667,1,0,0,4,0,0,,spring,0,0,1,0
562572627,11.5,9.064671,rain,0.7,0.0,17.106628,27.359999,91.41779,1007.4915,,2023-05-19 04:12:19.015774,2023-05-19 20:40:35.154466,988.2689782,0,0,1,4,0,0,,spring,0,0,1,0
562844027,17.05,13.619205,none,0.0,0.0,15.137133,34.2,38.22259,1002.6509,,2023-05-19 04:13:07.577313,2023-05-19 20:42:02.900451,988.9220523,0,0,1,4,0,0,,spring,0,0,1,0
562739227,13.3,9.419426,rain,0.1,0.0,18.998314,38.88,59.18917,1000.0253,,2023-05-20 04:11:20.616129,2023-05-20 20:42:22.286973,991.0278474,0,0,1,5,1,0,,spring,0,0,1,0
562472227,8.8,6.0491295,none,0.0,0.0,8.311245,21.96,68.88687,1006.97644,,2023-05-20 04:11:08.329414,2023-05-20 20:41:44.532437,990.6033837166667,0,1,0,5,1,0,,spring,0,0,0,1
562511427,13.0,8.851875,rain,0.1,0.0,20.907913,36.0,60.569096,1010.01483,,2023-05-20 04:10:44.209446,2023-05-20 20:42:30.386847,991.76962335,0,0,1,5,1,0,,spring,0,0,1,0
562558627,13.05,10.136358,rain,0.1,0.0,10.365251,36.0,54.56643,1002.7937,,2023-05-20 04:13:01.500021,2023-05-20 20:43:36.774737,990.5879119333333,0,0,1,5,1,0,,spring,0,0,0,0
562876627,10.4,8.485415,none,0.0,0.0,9.290511,15.4800005,84.215904,996.8666,,2023-05-20 04:11:37.624605,2023-05-20 20:42:12.967782,990.58905295,0,1,0,5,1,0,,spring,0,0,0,1
562476627,8.65,5.8422947,none,0.0,0.0,8.766573,10.08,69.83452,1008.2577,,2023-05-20 04:10:38.363786,2023-05-20 20:43:08.429314,992.5010921333334,0,1,0,5,1,0,,spring,0,0,0,1
562578427,11.25,8.767051,none,0.0,0.0,10.483357,16.56,71.083725,1008.2823,,2023-05-20 04:10:40.712290,2023-05-20 20:42:52.506951,992.1965776833333,0,1,0,5,1,0,,spring,0,0,0,1
562564227,11.8,9.549315,rain,0.1,0.0,10.086427,19.8,72.17289,1008.7937,,2023-05-20 04:09:55.028639,2023-05-20 20:41:44.267424,991.8206464166667,0,0,1,5,1,0,,spring,0,0,0,0
562644827,13.05,9.612249,none,0.0,0.0,15.226764,30.599998,58.108353,1000.9863,,2023-05-20 04:11:33.718275,2023-05-20 20:42:16.542604,990.7137388166667,0,0,1,5,1,0,,spring,0,0,1,0
562478227,8.35,5.8017845,none,0.0,0.0,7.928178,10.440001,74.86234,1006.0189,,2023-05-20 04:10:23.460373,2023-05-20 20:43:04.900016,992.6906607166667,0,1,0,5,1,0,,spring,0,0,0,1
562519827,13.95,10.060982,rain,0.1,0.0,19.011953,38.519997,54.99329,1007.2188,,2023-05-20 04:09:39.828750,2023-05-20 20:43:37.008970,993.9530036666667,0,0,1,5,1,0,,spring,0,0,1,0
562530027,14.45,10.35869,rain,0.1,0.0,19.562946,38.16,52.68857,1007.78467,,2023-05-20 04:11:24.236231,2023-05-20 20:43:49.077585,992.4140225666666,0,0,1,5,1,0,,spring,0,0,1,0
562544427,14.3,10.340129,none,0.0,0.0,18.733839,36.36,53.387608,1008.71674,,2023-05-20 04:10:03.208758,2023-05-20 20:42:36.543346,992.5555764666666,0,0,1,5,1,0,,spring,0,0,1,0
562560227,11.65,8.065718,none,0.0,0.0,15.379206,31.68,61.091877,1007.30273,,2023-05-20 04:12:54.741709,2023-05-20 20:42:29.145617,989.5733984666666,0,0,1,5,1,0,,spring,0,0,1,0
562561027,10.2,7.210085,none,0.0,0.0,9.885262,27.72,62.483707,1006.25055,,2023-05-20 04:10:23.110560,2023-05-20 20:43:04.528708,992.6903024666666,0,1,0,5,1,0,,spring,0,0,0,1
562585627,10.6,8.064863,none,0.0,0.0,11.874544,20.16,77.6128,1005.26855,,2023-05-20 04:10:59.538867,2023-05-20 20:42:35.739943,991.6033512666667,0,1,0,5,1,0,,spring,0,0,0,1
562528227,14.15,10.041219,none,0.0,0.0,20.192118,39.96,55.045357,1008.6227,,2023-05-20 04:09:46.724931,2023-05-20 20:43:13.044678,993.43866245,0,0,1,5,1,0,,spring,0,0,1,0
562524427,13.75,9.809099,none,0.0,0.0,18.532133,37.44,55.13294,1004.74225,,2023-05-20 04:10:57.136933,2023-05-20 20:41:27.961887,990.5137492333334,0,0,1,5,1,0,,spring,0,0,1,0
562520227,13.5,9.760045,none,0.0,0.0,17.298738,37.44,56.428177,1004.7577,,2023-05-20 04:12:12.479390,2023-05-20 20:43:09.493510,990.9502353333334,0,0,1,5,1,0,,spring,0,0,1,0
562518227,13.75,9.774969,none,0.0,0.0,19.201874,36.36,56.296158,1009.5564,,2023-05-20 04:10:58.261405,2023-05-20 20:43:08.234940,992.1662255833332,0,0,1,5,1,0,,spring,0,0,1,0
562488827,10.2,6.7785645,none,0.0,0.0,14.685176,29.519999,68.69272,1007.9045,,2023-05-20 04:12:33.124218,2023-05-20 20:44:28.704865,991.9263441166667,0,0,1,5,1,0,,spring,0,0,0,0
562584827,11.1,9.249271,none,0.0,0.0,9.726664,16.56,83.161804,1009.22565,,2023-05-20 04:10:15.355153,2023-05-20 20:42:16.913083,992.0259655000001,0,1,0,5,1,0,,spring,0,0,0,1
562869827,10.4,8.485415,none,0.0,0.0,9.290511,15.4800005,84.215904,1003.94336,,2023-05-20 04:11:45.939585,2023-05-20 20:42:09.451291,990.3918617666666,0,1,0,5,1,0,,spring,0,0,0,1
562606027,11.15,8.785624,none,0.0,0.0,10.703569,18.359999,74.82786,1006.75256,,2023-05-20 04:10:04.402115,2023-05-20 20:42:08.944305,992.0757031666667,0,1,0,5,1,0,,spring,0,0,0,1
566900427,19.8,16.744585,none,0.0,0.0,19.803272,36.36,50.927055,986.1552,,2023-06-28 03:49:42.683671,2023-06-28 21:17:01.541384,1047.3142952166666,0,0,1,2,0,0,,summer,0,0,1,0
562599827,10.95,8.982327,rain,0.1,0.0,10.440001,21.96,83.70952,1001.73956,,2023-05-21 04:09:48.209439,2023-05-21 20:45:10.449252,995.37066355,0,0,1,6,1,0,,spring,0,0,0,0
562648427,16.95,14.113125,rain,0.1,0.0,12.594856,24.84,48.29307,1003.4287,,2023-05-21 04:08:41.052816,2023-05-21 20:45:02.203921,996.3525184166666,0,0,1,6,1,0,,spring,0,0,0,0
562660827,15.5,12.564589,none,0.0,0.0,13.661038,28.8,54.076263,1007.0263,,2023-05-21 04:08:59.521138,2023-05-21 20:44:18.827611,995.32177455,0,0,1,6,1,0,,spring,0,0,0,0
562682427,11.2,9.945776,none,0.0,0.0,4.3349743,9.36,78.50563,1005.15314,,2023-05-21 04:08:14.590003,2023-05-21 20:44:48.751932,996.5693654833334,0,1,0,6,1,0,,spring,0,0,0,1
562735227,15.0,12.135281,none,0.0,0.0,13.570615,32.039997,56.810116,1005.5716,,2023-05-21 04:09:25.016763,2023-05-21 20:45:39.862049,996.2474214333334,0,0,1,6,1,0,,spring,0,0,0,0
562743027,11.95,10.588647,none,0.0,0.0,6.638072,10.799999,79.42103,1007.1013,,2023-05-21 04:09:08.074140,2023-05-21 20:43:52.044840,994.732845,0,1,0,6,1,0,,spring,0,0,0,1
562817027,16.75,13.464111,none,0.0,0.0,14.4,29.16,46.271137,1005.06604,,2023-05-21 04:07:51.314630,2023-05-21 20:45:05.139308,997.2304112999999,0,0,1,6,1,0,,spring,0,0,0,0
562843827,9.35,7.8854904,none,0.0,0.0,5.6920996,6.12,88.52269,1003.3637,,2023-05-21 04:09:31.704663,2023-05-21 20:43:28.105291,993.9400104666668,0,1,0,6,1,0,,spring,0,0,0,1
562589427,10.35,7.89839,none,0.0,0.0,10.661107,17.28,76.777504,1008.1979,,2023-05-21 04:09:01.947421,2023-05-21 20:44:29.401427,995.4575667666667,0,1,0,6,1,0,,spring,0,0,0,1
562590027,10.35,7.89839,none,0.0,0.0,10.661107,17.28,76.777504,1006.26215,,2023-05-21 04:08:53.401420,2023-05-21 20:44:44.949315,995.8591315833334,0,1,0,6,1,0,,spring,0,0,0,1
562719027,17.1,14.624527,none,0.0,0.0,10.990322,28.08,46.853916,1003.20355,,2023-05-21 04:07:59.588797,2023-05-21 20:45:08.653242,997.1510740833334,0,0,1,6,1,0,,spring,0,0,0,0
562676227,16.05,12.548384,none,0.0,0.0,15.807239,30.960001,48.211094,1000.12756,,2023-05-21 04:08:50.737895,2023-05-21 20:46:38.207534,997.79116065,0,0,1,6,1,0,,spring,0,0,1,0
562586227,10.1,7.654722,none,0.0,0.0,11.177405,19.08,79.97064,1005.5433,,2023-05-21 04:07:55.795161,2023-05-21 20:44:11.921694,996.26877555,0,1,0,6,1,0,,spring,0,0,0,1
563221427,8.6,7.0184402,rain,1.4,0.0,5.991594,10.08,91.22732,1003.7266,,2023-05-21 04:08:56.160932,2023-05-21 20:44:58.596843,996.0405985166667,0,0,1,6,1,0,,spring,0,0,0,0
562691827,13.3,10.797903,rain,0.2,0.0,12.303366,24.84,66.76932,1007.2846,,2023-05-21 04:08:43.992409,2023-05-21 20:43:53.260716,995.1544717833333,0,0,1,6,1,0,,spring,0,0,0,0
562695427,10.0,8.649756,none,0.0,0.0,5.506941,6.4799995,86.79107,1006.4069,,2023-05-21 04:08:38.101259,2023-05-21 20:44:00.209059,995.3684633333334,0,1,0,6,1,0,,spring,0,0,0,1
562587027,10.15,7.5962105,none,0.0,0.0,11.440978,19.08,78.07779,1001.64465,,2023-05-21 04:10:09.438692,2023-05-21 20:44:40.710079,994.5211897833334,0,1,0,6,1,0,,spring,0,0,0,1
562677227,15.25,13.305664,none,0.0,0.0,8.311245,22.319998,58.45424,1005.5662,,2023-05-21 04:08:10.698073,2023-05-21 20:43:25.315149,995.2436179333333,0,0,1,6,1,0,,spring,0,0,0,0
562685227,9.0,7.342099,none,0.0,0.0,6.849467,8.28,90.01743,1000.8994,,2023-05-21 04:08:41.594609,2023-05-21 20:45:49.705205,997.1351766,0,1,0,6,1,0,,spring,0,0,0,1
562677427,13.0,11.537849,none,0.0,0.0,5.7599998,13.32,69.73639,1004.3102,,2023-05-21 04:08:42.756806,2023-05-21 20:45:30.248686,996.7915313333334,0,0,1,6,1,0,,spring,0,0,0,0
562853027,16.6,13.596334,none,0.0,0.0,12.538134,26.28,46.87669,1005.17505,,2023-05-21 04:07:42.586644,2023-05-21 20:44:48.601789,997.1002524166666,0,0,1,6,1,0,,spring,0,0,0,0
563212627,15.95,12.342833,none,0.0,0.0,16.75064,31.319998,49.028496,1004.9384,,2023-05-21 04:09:19.042917,2023-05-21 20:45:13.696446,995.91089215,0,0,1,6,1,0,,spring,0,0,1,0
564766427,10.9,9.376927,none,0.0,0.0,6.519877,10.799999,81.182655,1002.58575,,2023-05-21 04:08:07.174777,2023-05-21 20:43:42.202252,995.58379125,0,1,0,6,1,0,,spring,0,0,0,1
562735827,13.75,13.42268,rain,0.6,0.0,6.618519,14.759999,89.47873,1001.8817,,2023-05-22 04:09:02.453548,2023-05-22 20:45:28.287892,996.4305724000001,0,0,1,0,0,0,,spring,0,0,0,0
562711227,10.4,8.5629015,none,0.0,0.0,8.759178,16.199999,84.215904,1003.97186,,2023-05-22 04:06:05.182199,2023-05-22 20:45:38.354910,999.5528785166666,0,0,1,0,0,0,,spring,0,0,0,0
562790627,14.65,13.66968,none,0.0,0.0,8.435069,10.799999,77.715034,1002.7374,,2023-05-22 04:06:56.085564,2023-05-22 20:45:12.458999,998.2728905833334,1,0,0,0,0,0,,spring,0,0,0,0
562811427,20.55,20.359312,none,0.0,0.0,9.339208,25.199999,62.333668,1003.7702,,2023-05-22 04:07:24.503999,2023-05-22 20:46:19.277799,998.9128966666667,0,0,1,0,0,0,,spring,0,0,0,0
562836827,13.9,13.295858,rain,0.5,0.0,7.968939,20.16,87.16381,1007.8657,,2023-05-22 04:07:42.201932,2023-05-22 20:46:07.898733,998.4282800166667,0,0,1,0,0,0,,spring,0,0,0,0
562972427,19.5,18.733591,none,0.0,0.0,7.7879906,21.599998,58.70445,1000.8589,,2023-05-22 04:06:56.476358,2023-05-22 20:47:21.320942,1000.4140764,0,0,1,0,0,0,,spring,0,0,0,0
563099627,17.55,17.499817,none,0.0,0.0,6.28713,8.28,73.45733,1002.05347,,2023-05-22 04:07:18.913055,2023-05-22 20:46:29.154206,999.17068585,0,0,1,0,0,0,,spring,0,0,0,0
562733027,14.05,13.645359,rain,0.5,0.0,5.634891,18.359999,83.79122,1002.2599,,2023-05-22 04:09:09.359697,2023-05-22 20:46:40.544671,997.5197495666667,0,0,1,0,0,0,,spring,0,0,0,0
562770827,13.85,13.426569,rain,0.8,0.0,6.297428,17.28,86.30019,1001.51196,,2023-05-22 04:08:24.319701,2023-05-22 20:46:23.244360,997.98207765,0,0,1,0,0,0,,spring,0,0,0,0
562787227,21.25,19.893028,none,0.0,0.0,13.441071,24.84,55.3699,1004.2685,,2023-05-22 04:07:14.277610,2023-05-22 20:45:57.297829,998.7170036499999,0,0,1,0,0,0,,spring,0,0,0,0
562740827,14.25,13.945713,rain,0.4,0.0,7.127636,15.4800005,88.35029,1003.95825,,2023-05-22 04:08:03.145474,2023-05-22 20:44:53.635340,996.8414977666667,0,0,1,0,0,0,,spring,0,0,0,0
562780227,18.55,19.177916,none,0.0,0.0,3.8773184,19.08,73.39325,1005.37915,,2023-05-22 04:07:42.212206,2023-05-22 20:46:18.964728,998.6125420333334,0,0,1,0,0,0,,spring,0,0,0,0
562848427,18.4,17.901442,none,0.0,0.0,7.127636,21.599998,65.20489,1007.2616,,2023-05-22 04:07:44.705132,2023-05-22 20:47:13.438505,999.4788895500001,0,0,1,0,0,0,,spring,0,0,0,0
562810027,17.35,17.369942,none,0.0,0.0,5.6920996,7.92,74.14748,1004.6473,,2023-05-22 04:07:40.387229,2023-05-22 20:46:34.190595,998.8967227666667,0,0,1,0,0,0,,spring,0,0,0,0
562736227,14.35,14.16555,rain,0.7,0.0,6.193674,13.32,87.492805,1006.5214,,2023-05-22 04:06:45.816134,2023-05-22 20:45:57.928792,999.2018776333333,0,0,1,0,0,0,,spring,0,0,0,0
562780827,19.35,18.890932,none,0.0,0.0,6.638072,24.119999,61.045033,1003.18097,,2023-05-22 04:06:33.895411,2023-05-22 20:46:38.956805,1000.0843565666667,0,0,1,0,0,0,,spring,0,0,0,0
562755627,14.2,13.908966,rain,1.1,0.0,6.9247384,14.759999,88.34601,1004.24945,,2023-05-22 04:07:24.532383,2023-05-22 20:46:42.262114,999.2954955166666,0,0,1,0,0,0,,spring,0,0,0,0
565829827,21.2,20.419928,none,0.0,0.0,10.823973,24.84,57.773994,1004.4979,,2023-05-22 04:07:35.181399,2023-05-22 20:46:37.426070,999.0374111833333,0,0,1,0,0,0,,spring,0,0,0,0
562772627,16.25,15.813059,none,0.0,0.0,8.942214,20.16,79.76776,1003.7173,,2023-05-22 04:08:06.705314,2023-05-22 20:46:31.034583,998.4054878166667,0,0,1,0,0,0,,spring,0,0,0,0
562695027,8.25,6.472677,none,0.0,0.0,6.8399997,11.159999,91.51708,997.70026,,2023-05-22 04:07:28.773424,2023-05-22 20:49:11.086355,1001.7052155166667,0,1,0,0,0,0,,spring,0,0,0,1
562756827,14.4,13.6508465,rain,2.5,0.0,8.209263,20.16,82.45829,1003.1103,,2023-05-22 04:06:55.757987,2023-05-22 20:47:14.123037,1000.3060841666667,0,0,1,0,0,0,,spring,0,0,0,0
565230627,14.65,13.523947,none,0.0,0.0,8.225035,12.24,74.66911,1003.44965,,2023-05-22 04:07:41.589565,2023-05-22 20:45:44.988044,998.0566413166667,0,1,0,0,0,0,,spring,0,0,0,1
562850427,14.5,13.1725025,rain,0.2,0.0,9.904906,20.880001,76.1543,1004.88434,,2023-05-22 04:07:43.378389,2023-05-22 20:46:53.225203,999.1641135666666,0,0,1,0,0,0,,spring,0,0,0,0
562814427,16.5,14.956312,none,0.0,0.0,11.384199,21.599998,66.993195,1001.0428,,2023-05-23 04:06:49.706033,2023-05-23 20:48:26.565440,1001.61432345,0,0,1,1,0,0,,spring,0,0,0,0
562850227,18.55,17.348999,none,0.0,0.0,12.599998,28.08,65.88504,998.5027,,2023-05-23 04:06:18.318644,2023-05-23 20:47:39.067060,1001.3458069333334,0,0,1,1,0,0,,spring,0,0,0,0
562866627,19.4,17.419191,rain,0.2,0.0,18.837322,27.359999,64.14623,997.99866,,2023-05-23 04:05:42.963823,2023-05-23 20:48:21.850380,1002.6481092833333,0,0,1,1,0,0,,spring,0,0,1,0
562898627,15.75,16.201721,rain,0.2,0.0,4.6102495,9.72,86.487236,997.9151,,2023-05-23 04:05:24.408884,2023-05-23 20:48:53.040896,1003.4772002000001,0,0,1,1,0,0,,spring,0,0,0,0
563091427,17.5,15.922012,none,0.0,0.0,13.0447235,24.119999,65.87876,1002.1408,,2023-05-23 04:05:00.267664,2023-05-23 20:46:31.695101,1001.5237906166666,0,0,1,1,0,0,,spring,0,0,0,0
563734227,15.75,15.953674,none,0.0,0.0,4.896529,9.36,83.16718,999.013,,2023-05-23 04:05:19.739747,2023-05-23 20:47:04.978591,1001.7539807333334,0,0,1,1,0,0,,spring,0,0,0,0
563826827,14.6,14.266115,none,0.0,0.0,7.8954163,13.679999,87.802925,997.8581,,2023-05-23 04:05:32.689035,2023-05-23 20:49:01.261054,1003.4762003166667,0,1,0,1,0,0,,spring,0,0,0,1
566868227,14.95,13.89189,none,0.0,0.0,11.298495,17.64,81.98453,1000.38165,,2023-05-23 04:06:01.221730,2023-05-23 20:47:35.254737,1001.5672167833333,0,1,0,1,0,0,,spring,0,0,0,1
562906227,15.05,14.751263,none,0.0,0.0,7.653705,14.04,85.29414,997.84845,,2023-05-23 04:05:34.240076,2023-05-23 20:48:07.456498,1002.5536070333333,0,1,0,1,0,0,,spring,0,0,0,1
562894227,18.25,17.553286,none,0.0,0.0,10.948973,27.0,70.75414,1002.5732,,2023-05-23 04:05:41.579047,2023-05-23 20:46:56.454088,1001.24791735,0,0,1,1,0,0,,spring,0,0,0,0
563002427,14.85,14.640362,none,0.0,0.0,8.78872,15.4800005,90.73955,996.3033,,2023-05-23 04:06:14.019362,2023-05-23 20:49:30.990323,1003.28284935,0,1,0,1,0,0,,spring,0,0,0,1
562826827,17.0,15.214554,none,0.0,0.0,13.849477,22.68,66.653046,1002.48413,,2023-05-23 04:05:39.904598,2023-05-23 20:47:19.785402,1001.6646800666666,0,0,1,1,0,0,,spring,0,0,0,0
562916227,14.9,13.862581,none,0.0,0.0,11.4862,18.0,83.0655,1000.24054,,2023-05-23 04:06:07.957337,2023-05-23 20:48:05.550399,1001.9598843666666,0,1,0,1,0,0,,spring,0,0,0,1
562979227,18.0,16.305767,none,0.0,0.0,15.0038395,29.519999,66.203766,999.02966,,2023-05-23 04:06:13.008182,2023-05-23 20:47:41.785353,1001.4796195166667,0,0,1,1,0,0,,spring,0,0,1,0
562983427,19.0,18.029966,rain,0.1,0.0,12.475961,25.56,66.85129,1003.18085,,2023-05-23 04:06:02.526358,2023-05-23 20:47:12.614301,1001.1681323833333,0,0,1,1,0,0,,spring,0,0,0,0
563298027,15.3,15.229315,none,0.0,0.0,7.24486,11.159999,86.726,999.6529,,2023-05-23 04:06:01.852100,2023-05-23 20:48:24.403004,1002.3758484000001,1,0,0,1,0,0,,spring,0,0,0,0
562897027,15.75,16.166843,rain,0.1,0.0,4.6102495,9.72,85.92592,999.71985,,2023-05-23 04:05:58.648700,2023-05-23 20:47:56.329851,1001.9613525166666,0,0,1,1,0,0,,spring,0,0,0,0
562943627,15.75,16.201721,rain,0.2,0.0,4.6102495,9.72,86.487236,997.9151,,2023-05-23 04:05:24.398593,2023-05-23 20:48:53.004461,1003.4767644666666,0,0,1,1,0,0,,spring,0,0,0,0
562886227,18.5,17.425587,none,0.0,0.0,12.287555,34.92,67.18721,1000.6733,,2023-05-23 04:06:30.416246,2023-05-23 20:48:49.750489,1002.3222373833333,0,0,1,1,0,0,,spring,0,0,0,0
562878427,17.85,17.36171,none,0.0,0.0,9.290511,25.199999,72.08185,1002.7252,,2023-05-23 04:05:39.237257,2023-05-23 20:47:40.241945,1002.0167448,0,0,1,1,0,0,,spring,0,0,0,0
562918827,15.3,15.2204075,none,0.0,0.0,6.6087217,10.08,85.04185,999.5347,,2023-05-23 04:05:30.033152,2023-05-23 20:47:50.043519,1002.3335061166667,0,1,0,1,0,0,,spring,0,0,0,1
562988827,17.9,18.276321,none,0.0,0.0,5.4833565,15.84,76.20083,992.08124,,2023-05-24 04:07:26.545404,2023-05-24 20:48:10.489929,1000.73240875,0,0,1,2,0,0,,spring,0,0,0,0
563021427,20.3,20.697142,none,0.0,0.0,3.096837,9.72,61.66843,995.0944,,2023-05-24 04:03:50.654916,2023-05-24 20:50:41.012425,1006.8392918166667,0,0,1,2,0,0,,spring,0,0,0,0
563032427,15.8,15.855413,none,0.0,0.0,6.379216,9.72,83.99219,999.17145,,2023-05-24 04:03:34.796404,2023-05-24 20:49:10.592419,1005.59660025,0,1,0,2,0,0,,spring,0,0,0,1
563113627,18.1,18.956547,none,0.0,0.0,2.1897945,16.56,75.248764,996.0091,,2023-05-24 04:04:43.462661,2023-05-24 20:50:59.581905,1006.2686540666667,0,0,1,2,0,0,,spring,0,0,0,0
563635427,20.25,20.83167,none,0.0,0.0,3.7064266,10.440001,65.176155,997.0556,,2023-05-24 04:04:37.928815,2023-05-24 20:50:17.097717,1005.6528150333332,0,0,1,2,0,0,,spring,0,0,0,0
562926827,13.15,12.366999,rain,0.2,0.0,7.289444,16.56,86.23035,1001.1395,,2023-05-24 04:04:25.808574,2023-05-24 20:48:00.751026,1003.5823742,0,0,1,2,0,0,,spring,0,0,0,0
563024827,21.55,20.844185,rain,0.1,0.0,8.647496,15.119999,53.82679,998.50183,,2023-05-24 04:04:28.462146,2023-05-24 20:49:33.828199,1005.0894342166666,0,0,1,2,0,0,,spring,0,0,0,0
563020827,21.35,20.69828,none,0.0,0.0,7.9526596,20.16,53.953266,995.0507,,2023-05-24 04:03:55.590158,2023-05-24 20:50:40.716310,1006.7521025333333,0,0,1,2,0,0,,spring,0,0,0,0
563013027,20.95,20.003819,none,0.0,0.0,11.177405,20.16,57.334858,999.1616,,2023-05-24 04:04:01.229095,2023-05-24 20:48:58.909752,1004.9613442833332,0,0,1,2,0,0,,spring,0,0,0,0
563302427,17.5,18.069874,none,0.0,0.0,3.319036,4.32,76.385284,997.3994,,2023-05-24 04:04:44.142264,2023-05-24 20:50:15.938234,1005.5299328333333,0,1,0,2,0,0,,spring,0,0,0,1
563804027,21.9,21.49709,none,0.0,0.0,7.5599995,17.64,54.272255,998.6535,,2023-05-24 04:03:31.093388,2023-05-24 20:48:10.110180,1004.6502798666667,0,0,1,2,0,0,,spring,0,0,0,0
562979627,17.55,17.774069,rain,1.6,0.0,6.28713,17.64,77.3946,997.70544,,2023-05-24 04:04:37.421595,2023-05-24 20:50:28.539606,1005.8519668499999,0,0,1,2,0,0,,spring,0,0,0,0
563867627,21.65,20.907545,rain,0.1,0.0,9.007196,18.0,53.675266,997.58527,,2023-05-24 04:03:56.121201,2023-05-24 20:49:05.847138,1005.1620989500001,0,0,1,2,0,0,,spring,0,0,0,0
564764027,21.55,20.844185,rain,0.1,0.0,8.647496,15.119999,53.82679,1000.00305,,2023-05-24 04:04:22.726335,2023-05-24 20:49:23.281246,1005.0092485166666,0,0,1,2,0,0,,spring,0,0,0,0
562951227,16.3,16.275408,rain,0.5,0.0,7.5170207,19.44,82.69214,998.1001,,2023-05-24 04:03:25.150733,2023-05-24 20:50:03.991434,1006.6473450166667,0,0,1,2,0,0,,spring,0,0,0,0
562964427,17.95,18.692783,none,0.0,0.0,4.072935,15.119999,78.21262,996.8331,,2023-05-24 04:03:18.383697,2023-05-24 20:49:09.733503,1005.8558300999999,0,0,1,2,0,0,,spring,0,0,0,0
563019627,20.6,20.219215,none,0.0,0.0,7.6367526,18.72,59.163654,996.3841,,2023-05-24 04:04:20.940966,2023-05-24 20:50:08.541090,1005.7933353999999,0,0,1,2,0,0,,spring,0,0,0,0
563031827,20.15,20.436289,none,0.0,0.0,6.2145634,13.679999,66.43891,995.31537,,2023-05-24 04:05:59.666886,2023-05-24 20:48:08.615274,1002.1491398,0,0,1,2,0,0,,spring,0,0,0,0
563092427,20.2,19.653427,none,0.0,0.0,9.0,19.8,61.041958,995.99426,,2023-05-24 04:05:27.807813,2023-05-24 20:50:07.414300,1004.6601081166666,0,0,1,2,0,0,,spring,0,0,0,0
565614827,20.65,20.9314,none,0.0,0.0,4.3498964,18.72,61.146362,994.3289,,2023-05-24 04:05:03.616920,2023-05-24 20:48:14.665178,1003.1841376333334,0,0,1,2,0,0,,spring,0,0,0,0
562922427,14.25,13.24301,none,0.0,0.0,10.948973,19.44,85.77294,992.8492,,2023-05-24 04:05:39.551190,2023-05-24 20:48:22.056997,1002.7084301166667,0,1,0,2,0,0,,spring,0,0,0,1
562969627,18.95,19.53831,none,0.0,0.0,3.5455887,15.4800005,70.426384,987.43915,,2023-05-24 04:05:33.507325,2023-05-24 20:49:12.328869,1003.6470257333333,0,0,1,2,0,0,,spring,0,0,0,0
563017427,20.05,20.609922,none,0.0,0.0,3.9763298,13.32,66.20233,994.5001,,2023-05-24 04:05:12.973686,2023-05-24 20:50:07.263258,1004.9048262,0,0,1,2,0,0,,spring,0,0,0,0
563178627,20.3,20.697142,none,0.0,0.0,3.096837,9.72,61.66843,995.4409,,2023-05-24 04:03:39.932419,2023-05-24 20:50:22.133917,1006.7033583,0,0,1,2,0,0,,spring,0,0,0,0
563580027,15.75,15.805042,none,0.0,0.0,7.0911775,16.199999,85.92592,995.8354,,2023-05-24 04:04:39.972704,2023-05-24 20:48:05.938182,1003.4327579666666,0,0,1,2,0,0,,spring,0,0,0,0
563132427,16.5,16.813229,none,0.0,0.0,6.162207,16.56,83.799,993.35236,,2023-05-24 04:05:26.799521,2023-05-24 20:48:31.548656,1003.07915225,0,0,1,2,0,0,,spring,0,0,0,0
563142027,20.4,20.410189,none,0.0,0.0,8.350138,18.359999,65.84699,993.597,,2023-05-25 04:02:57.642452,2023-05-25 20:52:24.449648,1009.4467866,0,0,1,3,0,0,,spring,0,0,0,0
563090427,20.5,21.614752,rain,0.4,0.0,4.198285,14.04,71.40501,998.67993,,2023-05-25 04:02:14.348037,2023-05-25 20:51:33.767347,1009.3236551666666,0,0,1,3,0,0,,spring,0,0,0,0
563107627,18.05,19.705418,none,0.0,0.0,1.835647,10.799999,85.880646,995.0017,,2023-05-25 04:03:05.568996,2023-05-25 20:52:33.991711,1009.4737119166667,0,0,1,3,0,0,,spring,0,0,0,0
563090627,19.25,20.827755,rain,0.4,0.0,3.8773184,14.04,82.51894,999.7221,,2023-05-25 04:02:42.798150,2023-05-25 20:50:54.486957,1008.19481345,0,0,1,3,0,0,,spring,0,0,0,0
563124427,19.85,19.961102,rain,0.9,0.0,10.041354,22.319998,72.443954,995.6142,,2023-05-25 04:02:31.969642,2023-05-25 20:51:25.374946,1008.8900884,0,0,1,3,0,0,,spring,0,0,0,0
563143027,19.6,19.963156,none,0.0,0.0,7.42159,17.64,71.932785,996.5222,,2023-05-25 04:02:02.309721,2023-05-25 20:51:35.572157,1009.5543739333333,0,0,1,3,0,0,,spring,0,0,0,0
565236227,19.75,21.378942,rain,0.2,0.0,2.968636,12.959999,78.980194,995.4566,,2023-05-25 04:02:36.873832,2023-05-25 20:51:21.189255,1008.7385903833333,0,0,1,3,0,0,,spring,0,0,0,0
563526227,14.85,15.050539,rain,0.1,0.0,6.2145634,16.56,91.332535,997.5417,,2023-05-25 04:02:37.552379,2023-05-25 20:52:07.928258,1009.5062646499999,0,1,0,3,0,0,,spring,0,0,0,1
563148427,14.75,14.460432,none,0.0,0.0,8.39657,9.72,88.97278,992.5951,,2023-05-25 04:06:00.737002,2023-05-25 20:51:38.201405,1005.6244067166666,0,1,0,3,0,0,,spring,0,0,0,1
563085027,19.65,21.384043,rain,0.1,0.0,1.835647,15.84,78.71403,995.4326,,2023-05-25 04:02:59.672017,2023-05-25 20:52:33.715846,1009.56739715,0,0,1,3,0,0,,spring,0,0,0,0
563462027,20.55,20.75633,none,0.0,0.0,10.823973,23.4,71.87426,995.49774,,2023-05-25 04:03:31.741931,2023-05-25 20:50:01.440293,1006.4949727000001,0,0,1,3,0,0,,spring,0,0,0,0
563881427,18.8,20.526318,rain,0.2,0.0,3.563818,14.4,86.229706,993.8689,,2023-05-25 04:03:24.510052,2023-05-25 20:50:34.494749,1007.1664116166667,0,0,1,3,0,0,,spring,0,0,0,0
563152427,20.1,20.094706,rain,0.7,0.0,12.144331,23.759998,73.662895,998.89014,,2023-05-25 04:02:36.795420,2023-05-25 20:50:27.269516,1007.8412349333333,0,0,1,3,0,0,,spring,0,0,0,0
564314027,15.25,15.561609,none,0.0,0.0,5.692099,10.440001,89.59439,995.7209,,2023-05-25 04:02:04.315208,2023-05-25 20:51:39.832406,1009.5919533,0,1,0,3,0,0,,spring,0,0,0,1
563306627,20.5,21.614752,rain,0.4,0.0,4.198285,14.04,71.40501,997.985,,2023-05-25 04:02:12.364383,2023-05-25 20:51:36.152809,1009.3964737666666,0,0,1,3,0,0,,spring,0,0,0,0
563169227,15.05,15.213732,none,0.0,0.0,6.1094027,9.72,89.28764,998.2807,,2023-05-25 04:03:18.971228,2023-05-25 20:52:26.164214,1009.1198831,0,1,0,3,0,0,,spring,0,0,0,1
563150027,18.2,18.937374,rain,1.2,0.0,9.504273,14.759999,87.83685,995.9105,,2023-05-25 04:02:31.818279,2023-05-25 20:50:44.516799,1008.211642,0,0,1,3,0,0,,spring,0,0,0,0
563104027,17.55,18.586395,rain,0.3,0.0,2.8116899,22.68,81.78035,990.1989,,2023-05-25 04:03:00.671642,2023-05-25 20:54:20.930855,1011.3376535499999,0,0,1,3,0,0,,spring,0,0,0,0
563111827,20.55,22.080694,rain,0.3,0.0,2.2768397,11.879999,72.80212,999.0298,,2023-05-25 04:03:04.977654,2023-05-25 20:51:18.219557,1008.2206983833333,0,0,1,3,0,0,,spring,0,0,0,0
563053227,12.95,12.983015,none,0.0,0.0,5.1544156,6.12,97.09628,994.8511,,2023-05-25 04:03:31.214816,2023-05-25 20:50:51.748719,1007.3422317166667,0,1,0,3,0,0,,spring,0,0,0,1
563094027,19.55,20.893158,rain,0.2,0.0,4.379589,13.679999,78.95161,992.4393,,2023-05-25 04:03:45.053809,2023-05-25 20:51:04.814449,1007.329344,0,0,1,3,0,0,,spring,0,0,0,0
563230427,23.75,23.483223,none,0.0,0.0,10.182337,23.4,45.11824,994.1476,,2023-05-26 04:00:39.757079,2023-05-26 20:53:35.826848,1012.93449615,0,0,1,4,0,0,,spring,0,0,0,0
563172427,10.3,9.339281,none,0.0,0.0,6.2145634,10.440001,96.38804,990.8553,,2023-05-26 04:02:36.677042,2023-05-26 20:52:34.631576,1009.9659088999999,0,0,1,4,0,0,,spring,0,0,0,0
563274627,14.6,13.899582,none,0.0,0.0,6.6185193,10.799999,78.22568,996.97705,,2023-05-26 04:01:35.527531,2023-05-26 20:51:58.747285,1010.3869959,0,1,0,4,0,0,,spring,0,0,0,1
563281227,15.85,14.769493,none,0.0,0.0,8.209263,11.5199995,69.82758,992.80853,,2023-05-26 04:00:50.684484,2023-05-26 20:54:00.572133,1013.1647941499999,0,1,0,4,0,0,,spring,0,0,0,1
563244827,24.1,23.583775,none,0.0,0.0,10.948973,23.039999,42.31101,993.25977,,2023-05-26 04:01:36.861571,2023-05-26 20:54:04.404651,1012.4590513333334,0,0,1,4,0,0,,spring,0,0,0,0
563274227,17.05,16.264992,none,0.0,0.0,8.557102,12.959999,69.83018,999.20374,,2023-05-26 04:01:26.717764,2023-05-26 20:51:32.829404,1010.1018606666668,0,1,0,4,0,0,,spring,0,0,0,1
563218027,23.4,22.750973,none,0.0,0.0,10.661107,24.84,41.41455,989.3146,,2023-05-26 04:01:30.705546,2023-05-26 20:55:54.635422,1014.3988312666667,0,0,1,4,0,0,,spring,0,0,0,0
563252627,21.85,21.80153,none,0.0,0.0,5.8048253,12.959999,55.52091,995.1741,,2023-05-26 04:02:32.408525,2023-05-26 20:53:15.254311,1010.7140964333333,0,0,1,4,0,0,,spring,0,0,0,0
563259227,20.45,19.696898,none,0.0,0.0,7.172949,10.799999,54.440346,995.7154,,2023-05-26 04:01:00.324686,2023-05-26 20:51:48.032750,1010.7951343999999,0,0,1,4,0,0,,spring,0,0,0,0
563377627,16.9,15.9537735,none,0.0,0.0,7.386582,16.56,65.53137,996.1502,,2023-05-26 04:01:01.524171,2023-05-26 20:52:39.369627,1011.6307576,0,1,0,4,0,0,,spring,0,0,0,1
563460427,19.5,19.794107,none,0.0,0.0,7.8954163,9.0,72.38105,994.38605,,2023-05-26 04:02:13.157459,2023-05-26 20:51:17.421896,1009.0710739499999,0,0,1,4,0,0,,spring,0,0,0,0
563552427,24.15,23.058132,none,0.0,0.0,6.6087217,14.4,39.454426,993.30994,,2023-05-26 04:02:06.838643,2023-05-26 20:51:45.329792,1009.64151915,0,0,1,4,0,0,,spring,0,0,0,0
563207027,22.8,23.06307,none,0.0,0.0,7.6367526,20.880001,48.25999,996.5237,,2023-05-26 04:00:39.080607,2023-05-26 20:53:22.250073,1012.7194911,0,0,1,4,0,0,,spring,0,0,0,0
563224827,23.25,23.200577,none,0.0,0.0,9.605998,21.599998,45.280388,994.7363,,2023-05-26 04:02:04.200624,2023-05-26 20:52:51.662918,1010.7910382333333,0,0,1,4,0,0,,spring,0,0,0,0
563323227,20.15,20.65612,none,0.0,0.0,5.937272,16.199999,68.62884,996.58246,,2023-05-26 04:00:30.370702,2023-05-26 20:51:59.343358,1011.4828775999999,0,0,1,4,0,0,,spring,0,0,0,0
563302227,24.5,23.571655,none,0.0,0.0,7.5685663,16.919998,37.23135,986.85333,,2023-05-26 04:02:48.223516,2023-05-26 20:52:25.676780,1009.6242210666667,0,0,1,4,0,0,,spring,0,0,0,0
563534227,24.7,23.849617,none,0.0,0.0,7.771331,24.119999,34.731842,993.08844,,2023-05-26 04:01:12.650481,2023-05-26 20:53:50.497694,1012.6307868833334,0,0,1,4,0,0,,spring,0,0,0,0
564699027,23.25,23.25291,none,0.0,0.0,9.531505,22.68,46.038776,994.39355,,2023-05-26 04:03:16.264695,2023-05-26 20:53:09.927814,1009.8943853166667,0,0,1,4,0,0,,spring,0,0,0,0
563279027,16.2,15.209066,none,0.0,0.0,7.8954163,12.959999,68.971405,996.2075,,2023-05-26 04:01:18.794496,2023-05-26 20:52:47.426325,1011.4771971499999,0,1,0,4,0,0,,spring,0,0,0,1
563238227,23.5,23.410818,none,0.0,0.0,9.826088,21.96,44.454227,994.2136,,2023-05-26 04:01:04.374983,2023-05-26 20:53:45.007207,1012.6772037333334,0,0,1,4,0,0,,spring,0,0,0,0
563334627,20.2,20.723122,none,0.0,0.0,5.4477882,15.84,67.75549,996.70087,,2023-05-26 04:00:41.969156,2023-05-26 20:53:03.549419,1012.3596710500001,0,0,1,4,0,0,,spring,0,0,0,0
563504427,24.0,23.033192,none,0.0,0.0,5.00128,12.959999,38.754333,993.83777,,2023-05-26 04:01:53.382476,2023-05-26 20:51:28.183247,1009.58001285,0,0,1,4,0,0,,spring,0,0,0,0
563246227,23.95,22.62387,none,0.0,0.0,7.2805495,19.08,38.609802,990.7815,,2023-05-26 04:03:26.748701,2023-05-26 20:52:47.845223,1009.3516087,0,0,1,4,0,0,,spring,0,0,0,0
563250027,24.2,23.686964,none,0.0,0.0,5.5887027,17.28,39.072826,997.1406,,2023-05-26 04:00:58.846105,2023-05-26 20:51:19.998182,1010.3525346166666,0,0,1,4,0,0,,spring,0,0,0,0
563274427,15.0,14.17247,none,0.0,0.0,6.8777895,11.5199995,74.728775,994.60736,,2023-05-26 04:00:52.630557,2023-05-26 20:53:31.329682,1012.6449854166666,0,1,0,4,0,0,,spring,0,0,0,1
563279827,23.6,22.213337,none,0.0,0.0,10.587917,16.199999,43.602566,994.3632,,2023-05-26 04:01:38.805841,2023-05-26 20:53:09.637966,1011.51386875,0,0,1,4,0,0,,spring,0,0,0,0
563612227,18.2,19.000574,none,0.0,0.0,4.6800003,14.04,79.01185,998.54755,,2023-05-26 04:00:25.058379,2023-05-26 20:51:06.961421,1010.6983840333334,0,0,1,4,0,0,,spring,0,0,0,0
563285027,20.45,20.03422,none,0.0,0.0,6.989936,9.72,58.162796,997.33356,,2023-05-26 04:01:30.768253,2023-05-26 20:52:12.429413,1010.6943526666668,0,0,1,4,0,0,,spring,0,0,0,0
563267827,20.25,19.10045,none,0.0,0.0,8.473393,18.359999,52.606808,992.5895,,2023-05-26 04:01:30.908579,2023-05-26 20:53:57.077887,1012.4361551333333,0,0,1,4,0,0,,spring,0,0,0,0
563186627,20.05,20.439281,none,0.0,0.0,6.489992,15.84,68.60897,998.41266,,2023-05-26 04:01:18.398267,2023-05-26 20:51:54.127098,1010.5954805166667,0,0,1,4,0,0,,spring,0,0,0,0
563248827,24.0,23.428604,none,0.0,0.0,10.661107,23.759998,41.58323,997.1137,,2023-05-26 04:01:53.978467,2023-05-26 20:53:35.299804,1011.68868895,0,0,1,4,0,0,,spring,0,0,0,0
563613227,24.55,23.107548,none,0.0,0.0,6.28713,13.679999,34.807438,997.1079,,2023-05-26 04:01:11.664815,2023-05-26 20:51:52.070203,1010.6734231333334,0,0,1,4,0,0,,spring,0,0,0,0
563274827,23.45,21.95283,none,0.0,0.0,8.64,18.72,40.058826,991.13275,,2023-05-26 04:04:25.116512,2023-05-26 20:53:43.211660,1009.3015858,0,0,1,4,0,0,,spring,0,0,0,0
563494827,16.6,15.817858,none,0.0,0.0,7.072878,10.799999,68.59388,996.36694,,2023-05-26 04:00:46.511244,2023-05-26 20:51:18.494916,1010.5330612,0,1,0,4,0,0,,spring,0,0,0,1
567801627,15.75,14.857265,none,0.0,0.0,7.628263,13.32,71.933426,994.4021,,2023-05-26 04:01:59.855888,2023-05-26 20:53:54.026337,1011.9028408166666,0,1,0,4,0,0,,spring,0,0,0,1
563345827,20.7,17.416014,none,0.0,0.0,17.709658,39.6,33.006073,997.8806,,2023-05-27 03:59:24.339424,2023-05-27 20:54:35.835416,1015.1915998666666,0,0,1,5,1,0,,spring,0,0,1,0
563346627,20.85,17.53024,none,0.0,0.0,18.193361,36.36,32.817852,995.3502,,2023-05-27 03:59:55.666569,2023-05-27 20:54:33.982159,1014.6385931666666,0,0,1,5,1,0,,spring,0,0,1,0
563348627,20.5,16.910837,none,0.0,0.0,18.388212,33.48,34.97299,998.0023,,2023-05-27 03:59:58.966820,2023-05-27 20:53:14.062415,1013.2515932499999,0,0,1,5,1,0,,spring,0,0,1,0
563352227,21.05,16.563913,none,0.0,0.0,19.681828,32.039997,30.42384,996.3533,,2023-05-27 04:00:34.050919,2023-05-27 20:54:30.498436,1013.9407919500001,0,0,1,5,1,0,,spring,0,0,1,0
563374627,13.9,9.683853,none,0.0,0.0,16.78156,33.839996,44.980877,996.92847,,2023-05-27 03:59:08.051899,2023-05-27 20:53:23.587389,1014.2589248333334,0,1,0,5,1,0,,spring,0,0,1,1
563529027,17.85,15.966383,none,0.0,0.0,13.513193,26.64,61.10005,997.28094,,2023-05-27 03:59:41.886418,2023-05-27 20:53:08.618722,1013.4455383999999,0,0,1,5,1,0,,spring,0,0,0,0
563327027,20.1,18.002195,none,0.0,0.0,17.581125,34.2,41.750973,996.3305,,2023-05-27 04:00:29.653425,2023-05-27 20:54:03.441432,1013.56313345,0,0,1,5,1,0,,spring,0,0,1,0
563435427,13.55,12.835197,none,0.0,0.0,6.924738,10.440001,84.29119,994.6706,,2023-05-27 04:00:16.543581,2023-05-27 20:54:42.117072,1014.42622485,0,1,0,5,1,0,,spring,0,0,0,1
563379227,12.8,7.949705,none,0.0,0.0,21.2522,36.719997,48.668884,997.24713,,2023-05-27 04:00:48.326766,2023-05-27 20:53:07.815133,1012.3248061166667,0,1,0,5,1,0,,spring,0,0,1,1
563809027,16.25,12.130535,none,0.0,0.0,19.826164,36.0,47.10573,996.12476,,2023-05-27 03:59:06.352461,2023-05-27 20:53:45.468048,1014.65192645,0,0,1,5,1,0,,spring,0,0,1,0
565272027,17.75,13.795731,none,0.0,0.0,19.201874,40.32,43.89136,999.2371,,2023-05-27 03:59:26.697777,2023-05-27 20:54:46.662515,1015.3327456333334,0,0,1,5,1,0,,spring,0,0,1,0
563366827,17.55,13.453899,none,0.0,0.0,19.881649,42.839996,43.83451,996.13214,,2023-05-27 04:00:28.531741,2023-05-27 20:55:46.852776,1015.3053505833334,0,0,1,5,1,0,,spring,0,0,1,0
563370227,14.9,10.458692,none,0.0,0.0,19.255793,34.92,44.472935,997.62384,,2023-05-27 03:59:37.334276,2023-05-27 20:53:20.803894,1013.7244936333334,1,0,0,5,1,0,,spring,0,0,1,0
563456027,16.15,13.992931,none,0.0,0.0,10.948973,24.119999,57.883186,989.74677,,2023-05-27 04:02:19.931935,2023-05-27 20:54:36.092270,1012.2693389166667,0,0,1,5,1,0,,spring,0,0,0,0
563295227,17.85,15.966383,none,0.0,0.0,13.513193,26.64,61.10005,993.55457,,2023-05-27 04:00:28.724780,2023-05-27 20:52:43.827143,1012.2517060499999,0,0,1,5,1,0,,spring,0,0,0,0
563297827,18.05,16.168577,none,0.0,0.0,13.004922,27.0,59.336636,995.6793,,2023-05-27 03:59:41.797324,2023-05-27 20:53:46.966345,1014.08615035,0,0,1,5,1,0,,spring,0,0,0,0
563375627,13.25,9.386511,none,0.0,0.0,13.708391,29.88,45.11624,996.09314,,2023-05-27 03:59:53.335849,2023-05-27 20:55:12.966130,1015.32717135,0,1,0,5,1,0,,spring,0,0,0,1
563276427,14.05,13.168264,none,0.0,0.0,7.8625183,11.879999,81.05816,995.54834,,2023-05-27 03:59:57.238439,2023-05-27 20:53:56.491279,1013.9875473333334,0,1,0,5,1,0,,spring,0,0,0,1
563361827,19.05,14.264883,none,0.0,0.0,26.339111,43.56,43.205933,999.80176,,2023-05-27 04:00:18.824311,2023-05-27 20:52:59.514074,1012.6781627166667,0,0,1,5,1,0,,spring,0,0,1,0
563361227,18.0,13.87652,none,0.0,0.0,20.288164,39.96,43.0565,996.02094,,2023-05-27 03:59:18.818220,2023-05-27 20:53:26.481528,1014.1277218,0,0,1,5,1,0,,spring,0,0,1,0
563426027,12.35,8.034569,none,0.0,0.0,17.10284,29.16,48.716476,1000.82654,,2023-05-27 04:00:39.756369,2023-05-27 20:55:20.005449,1014.670818,0,1,0,5,1,0,,spring,0,0,1,1
563392427,8.15,4.3436203,none,0.0,0.0,16.418526,30.960001,75.35459,990.4494,,2023-05-28 03:59:03.417624,2023-05-28 20:58:57.187538,1019.8961652333332,0,1,0,6,1,0,,spring,0,0,1,1
563419227,13.75,11.056599,rain,0.1,0.0,13.202726,30.599998,63.742287,995.6358,,2023-05-28 04:01:52.105853,2023-05-28 20:55:24.671353,1013.5427583333333,0,0,1,6,1,0,,spring,0,0,0,0
563444227,16.4,13.49556,rain,0.1,0.0,15.815435,38.519997,49.152386,1001.1099,,2023-05-28 03:58:41.675270,2023-05-28 20:54:40.132906,1015.9742939333333,0,0,1,6,1,0,,spring,0,0,1,0
563378827,11.75,7.360016,none,0.0,0.0,19.161337,34.56,55.387047,997.9473,,2023-05-28 03:58:13.578724,2023-05-28 20:56:35.115335,1018.3589435166667,0,1,0,6,1,0,,spring,0,0,1,1
563461827,11.25,8.392604,none,0.0,0.0,10.464797,18.359999,62.94946,998.6563,,2023-05-28 03:57:51.354928,2023-05-28 20:54:52.857502,1017.0250429,0,1,0,6,1,0,,spring,0,0,0,1
575472827,9.3,5.358329,none,0.0,0.0,16.87398,30.239998,68.02645,999.5134,,2023-05-28 03:59:04.669652,2023-05-28 20:57:25.122184,1018.3408755333334,0,1,0,6,1,0,,spring,0,0,1,1
573162227,11.25,8.352031,none,0.0,0.0,10.464797,19.44,62.07442,998.157,,2023-05-28 03:57:47.661536,2023-05-28 20:55:15.874810,1017.4702212333334,0,1,0,6,1,0,,spring,0,0,0,1
563517027,16.1,11.583204,none,0.0,0.0,21.980644,38.519997,46.249527,997.9363,,2023-05-28 03:59:03.811341,2023-05-28 20:56:44.791334,1017.6829998833333,0,0,1,6,1,0,,spring,0,0,1,0
563435827,15.5,12.475128,rain,0.1,0.0,16.311613,36.36,50.988792,992.65704,,2023-05-28 03:58:44.608856,2023-05-28 20:58:51.630915,1020.1170343166667,0,0,1,6,1,0,,spring,0,0,1,0
563466627,16.1,11.583204,none,0.0,0.0,21.980644,38.519997,46.249527,996.5281,,2023-05-28 03:58:48.169758,2023-05-28 20:56:47.647329,1017.99129285,0,0,1,6,1,0,,spring,0,0,1,0
563468427,12.1,9.335191,none,0.0,0.0,10.182337,18.0,60.562645,1000.7069,,2023-05-28 03:58:32.233672,2023-05-28 20:55:14.019206,1016.6964255666667,1,0,0,6,1,0,,spring,0,0,0,0
563380227,12.25,7.5347395,none,0.0,0.0,20.326454,36.719997,50.45651,986.5137,,2023-05-28 04:00:05.826860,2023-05-28 20:55:20.105547,1015.2379781166667,0,1,0,6,1,0,,spring,0,0,1,1
563468627,13.85,10.913361,none,0.0,0.0,12.599998,27.359999,57.307293,1000.13745,,2023-05-28 03:58:37.361501,2023-05-28 20:54:21.088631,1015.7287855,0,0,1,6,1,0,,spring,0,0,0,0
563443227,10.45,6.4068336,none,0.0,0.0,17.238699,32.760002,61.884937,994.3187,,2023-05-28 04:00:00.075712,2023-05-28 20:55:37.357092,1015.6213563333333,0,1,0,6,1,0,,spring,0,0,1,1
563551227,13.95,10.938549,rain,0.1,0.0,15.629971,30.960001,63.569733,997.36456,,2023-05-28 03:59:36.023790,2023-05-28 20:54:19.268817,1014.72075045,0,0,1,6,1,0,,spring,0,0,1,0
563729627,16.65,12.188004,none,0.0,0.0,21.533897,37.8,44.502605,997.5219,,2023-05-28 03:58:52.635001,2023-05-28 20:56:19.137324,1017.4417053833333,0,0,1,6,1,0,,spring,0,0,1,0
563871027,16.7,13.377241,none,0.0,0.0,14.799459,36.36,46.742023,993.9612,,2023-05-28 03:59:47.395118,2023-05-28 20:55:36.153016,1015.8126316333334,0,0,1,6,1,0,,spring,0,0,0,0
563447827,17.15,13.556162,none,0.0,0.0,15.580141,37.8,43.114086,995.1994,,2023-05-28 03:58:40.594501,2023-05-28 20:57:48.876224,1019.1380287166667,0,0,1,6,1,0,,spring,0,0,1,0
563457827,13.85,11.004144,none,0.0,0.0,11.753876,26.28,56.71417,997.90625,,2023-05-28 03:58:00.874666,2023-05-28 20:54:56.215894,1016.9223538,0,0,1,6,1,0,,spring,0,0,0,0
563450827,15.75,11.44206,none,0.0,0.0,20.26899,38.88,46.638218,997.56104,,2023-05-28 03:59:18.289229,2023-05-28 20:54:52.537377,1015.5708024666667,0,0,1,6,1,0,,spring,0,0,1,0
563465827,10.15,7.6104364,none,0.0,0.0,8.14587,18.359999,67.25702,999.7933,,2023-05-28 03:59:13.464323,2023-05-28 20:55:23.651829,1016.1697917666667,0,1,0,6,1,0,,spring,0,0,0,1
563473627,8.75,5.9668827,none,0.0,0.0,9.885262,15.4800005,74.149994,998.3069,,2023-05-29 03:58:25.258978,2023-05-29 20:57:39.053833,1019.22991425,0,1,0,0,0,0,,spring,0,0,0,1
563540427,19.65,17.934992,none,0.0,0.0,12.10157,27.0,35.343857,999.7474,,2023-05-29 03:57:35.989975,2023-05-29 20:58:10.012030,1020.56703425,0,0,1,0,0,0,,spring,0,0,0,0
563569627,19.65,16.323727,none,0.0,0.0,11.988594,25.199999,33.643246,1001.65607,,2023-05-29 03:57:57.693943,2023-05-29 20:58:07.085010,1020.1565177833332,0,0,1,0,0,0,,spring,0,0,0,0
563578027,14.25,11.54374,none,0.0,0.0,10.137692,16.199999,53.56058,1000.37195,,2023-05-29 03:58:25.144637,2023-05-29 20:57:35.421364,1019.1712787833333,1,0,0,0,0,0,,spring,0,0,0,0
563605027,20.25,16.699974,none,0.0,0.0,13.979872,24.84,33.226334,1003.39996,,2023-05-29 03:57:28.447258,2023-05-29 20:56:20.300262,1018.8642167333333,0,0,1,0,0,0,,spring,0,0,0,0
563653827,20.5,17.111887,none,0.0,0.0,12.475961,22.68,32.03246,998.90356,,2023-05-29 03:57:15.353609,2023-05-29 20:57:31.491375,1020.2689627666666,0,0,1,0,0,0,,spring,0,0,0,0
563531027,18.6,17.064518,none,0.0,0.0,10.787993,23.759998,36.4292,1001.88214,,2023-05-29 03:57:31.379329,2023-05-29 20:57:30.715192,1019.98893105,0,0,1,0,0,0,,spring,0,0,0,0
563576027,16.75,14.331362,none,0.0,0.0,9.346143,16.919998,48.237755,996.5023,,2023-05-29 04:00:00.000000,2023-05-29 20:00:00.000000,960.0,0,0,1,0,0,0,,spring,0,0,0,0
563541227,18.5,17.409601,none,0.0,0.0,9.021574,21.599998,38.373055,999.65643,,2023-05-29 03:58:32.881077,2023-05-29 20:56:20.165955,1017.7880812999999,0,0,1,0,0,0,,spring,0,0,0,0
563581827,16.15,14.272209,none,0.0,0.0,7.771331,14.04,54.994602,1000.0398,,2023-05-29 03:57:49.188928,2023-05-29 20:57:52.987498,1020.0633095,0,0,1,0,0,0,,spring,0,0,0,0
563558827,20.65,18.084097,none,0.0,0.0,10.691453,21.599998,31.071552,999.1451,,2023-05-29 03:57:33.423450,2023-05-29 20:57:55.038666,1020.3602536,0,0,1,0,0,0,,spring,0,0,0,0
563639427,18.45,17.295094,none,0.0,0.0,9.085988,22.319998,37.690693,997.65356,,2023-05-29 03:59:05.259361,2023-05-29 20:56:10.161896,1017.0817089166667,0,0,1,0,0,0,,spring,0,0,0,0
563546627,20.4,18.465342,none,0.0,0.0,9.957108,26.28,31.000187,995.24365,,2023-05-29 03:58:27.848706,2023-05-29 20:57:05.648151,1018.6299907499999,0,0,1,0,0,0,,spring,0,0,0,0
563570227,18.5,16.40903,none,0.0,0.0,7.7879906,20.16,44.562862,999.6413,,2023-05-29 04:00:00.000000,2023-05-29 20:00:00.000000,960.0,0,0,1,0,0,0,,spring,0,0,0,0
563603827,19.85,16.261873,none,0.0,0.0,13.783817,24.119999,33.228447,1000.83484,,2023-05-29 03:57:43.344440,2023-05-29 20:57:38.246072,1019.9150272,0,0,1,0,0,0,,spring,0,0,0,0
563580827,18.9,16.376688,none,0.0,0.0,9.387651,23.4,40.83767,998.83307,,2023-05-29 03:57:24.925391,2023-05-29 20:57:42.709465,1020.2964012333334,0,0,1,0,0,0,,spring,0,0,0,0
564717027,18.1,15.992231,none,0.0,0.0,7.5942082,20.880001,45.0686,993.5251,,2023-05-29 03:58:55.423286,2023-05-29 20:57:00.663157,1018.0873311833333,0,0,1,0,0,0,,spring,0,0,0,0
563777227,19.7,16.13572,none,0.0,0.0,14.277983,27.0,34.74239,998.5818,,2023-05-29 03:58:16.468537,2023-05-29 20:56:47.668553,1018.5200002666667,0,0,1,0,0,0,,spring,0,0,0,0
563486827,11.25,8.955329,none,0.0,0.0,8.049845,18.359999,67.490395,999.2589,,2023-05-29 03:57:28.082783,2023-05-29 20:58:15.693664,1020.7935146833333,0,0,1,0,0,0,,spring,0,0,0,0
563496627,15.45,13.941999,none,0.0,0.0,5.1544156,16.199999,57.315235,1002.157,,2023-05-29 03:56:43.560585,2023-05-29 20:57:48.688591,1021.0854667666666,0,0,1,0,0,0,,spring,0,0,0,0
563518227,17.9,16.34787,none,0.0,0.0,8.707238,20.519999,37.66399,1004.24567,,2023-05-29 03:57:39.755112,2023-05-29 20:56:58.813326,1019.3176368999999,0,0,1,0,0,0,,spring,0,0,0,0
563519027,17.05,15.342924,none,0.0,0.0,6.763786,18.0,41.02056,991.91406,,2023-05-29 03:58:42.875415,2023-05-29 20:56:53.989718,1018.1852383833334,0,0,1,0,0,0,,spring,0,0,0,0
563536227,19.35,17.75869,none,0.0,0.0,11.592894,27.72,36.262714,996.22644,,2023-05-29 03:59:35.632754,2023-05-29 20:57:39.228175,1018.0599236833333,0,0,1,0,0,0,,spring,0,0,0,0
563570627,19.25,16.07699,none,0.0,0.0,13.044722,24.119999,38.45532,1003.7971,,2023-05-29 03:56:36.842229,2023-05-29 20:55:37.361325,1019.0086516,0,0,1,0,0,0,,spring,0,0,0,0
563581227,16.15,14.272209,none,0.0,0.0,7.771331,14.04,54.994602,1001.6888,,2023-05-29 03:57:51.577431,2023-05-29 20:57:40.493563,1019.8152688666667,0,0,1,0,0,0,,spring,0,0,0,0
563558427,20.5,18.568153,none,0.0,0.0,9.686609,24.48,30.375143,999.06415,,2023-05-29 03:57:27.133024,2023-05-29 20:57:42.409781,1020.2546126166667,0,0,1,0,0,0,,spring,0,0,0,0
563749027,19.7,16.266682,none,0.0,0.0,13.246826,25.56,34.498695,997.52014,,2023-05-29 03:58:34.267967,2023-05-29 20:55:58.138988,1017.39785035,0,0,1,0,0,0,,spring,0,0,0,0
563532827,18.5,17.488876,none,0.0,0.0,8.854829,20.880001,39.051373,1004.90314,,2023-05-29 03:57:48.903160,2023-05-29 20:55:52.227042,1018.0553980333333,0,0,1,0,0,0,,spring,0,0,0,0
563666627,21.25,19.571545,none,0.0,0.0,6.849467,19.08,33.396484,998.7967,,2023-05-30 04:00:00.000000,2023-05-30 20:00:00.000000,960.0,0,0,1,1,0,0,,spring,0,0,0,0
563683627,21.0,18.64225,none,0.0,0.0,4.3349743,12.599999,29.245842,997.0377,,2023-05-30 04:00:00.000000,2023-05-30 20:00:00.000000,960.0,0,0,1,1,0,0,,spring,0,0,0,0
563706427,20.95,18.75601,none,0.0,0.0,4.6800003,14.4,31.823418,995.6459,,2023-05-30 03:58:07.556343,2023-05-30 20:57:16.109164,1019.1425470166666,0,0,1,1,0,0,,spring,0,0,0,0
563732827,20.8,17.96741,none,0.0,0.0,8.089993,16.199999,30.460539,995.5603,,2023-05-30 03:55:27.576843,2023-05-30 20:59:47.423524,1024.3307780166667,0,0,1,1,0,0,,spring,0,0,0,0
563681227,20.95,18.56366,none,0.0,0.0,5.4119864,12.959999,30.828629,994.02216,,2023-05-30 03:56:57.083828,2023-05-30 20:58:05.566233,1021.1413734166667,0,0,1,1,0,0,,spring,0,0,0,0
563660427,20.2,20.379677,none,0.0,0.0,3.319036,14.4,37.408436,995.73157,,2023-05-30 03:56:53.784441,2023-05-30 20:58:28.889476,1021.5850839166667,0,0,1,1,0,0,,spring,0,0,0,0
563642827,21.0,20.92755,none,0.0,0.0,3.671294,14.4,35.239223,997.85284,,2023-05-30 04:00:00.000000,2023-05-30 20:00:00.000000,960.0,0,0,1,1,0,0,,spring,0,0,0,0
563707027,17.5,14.973078,none,0.0,0.0,11.013882,18.359999,47.947216,993.4568,,2023-05-30 03:57:52.187023,2023-05-30 20:58:52.344401,1021.0026229666668,0,0,1,1,0,0,,spring,0,0,0,0
563711227,12.9,10.495209,none,0.0,0.0,8.435069,12.599999,59.502975,990.2985,,2023-05-30 03:58:24.650980,2023-05-30 20:58:43.172373,1020.3086898833334,0,1,0,1,0,0,,spring,0,0,0,1
563721227,14.85,12.523788,none,0.0,0.0,8.714677,17.28,54.468452,994.81305,,2023-05-30 04:00:00.000000,2023-05-30 20:00:00.000000,960.0,0,1,0,1,0,0,,spring,0,0,0,1
564038227,21.05,18.315739,none,0.0,0.0,7.289445,15.119999,29.784027,997.0409,,2023-05-30 04:00:00.000000,2023-05-30 20:00:00.000000,960.0,0,0,1,1,0,0,,spring,0,0,0,0
564466027,15.95,12.826332,none,0.0,0.0,12.287555,21.96,46.36915,994.3396,,2023-05-30 03:57:15.096683,2023-05-30 20:57:37.034516,1020.3656305500001,1,0,0,1,0,0,,spring,0,0,0,0
566628627,20.1,18.054918,none,0.0,0.0,5.95906,12.599999,37.640484,995.7459,,2023-05-30 03:57:05.487098,2023-05-30 20:57:31.629885,1020.4357131166666,0,0,1,1,0,0,,spring,0,0,0,0
563684427,21.5,19.930777,none,0.0,0.0,5.0911684,15.84,32.205467,995.1419,,2023-05-30 04:00:00.000000,2023-05-30 20:00:00.000000,960.0,0,0,1,1,0,0,,spring,0,0,0,0
566627827,20.55,18.752928,none,0.0,0.0,3.8939953,11.159999,35.977497,997.658,,2023-05-30 04:00:00.000000,2023-05-30 20:00:00.000000,960.0,0,0,1,1,0,0,,spring,0,0,0,0
563650827,19.6,18.35222,none,0.0,0.0,3.7585104,14.4,35.329403,996.64136,,2023-05-30 03:57:26.159059,2023-05-30 20:59:16.182311,1021.8337208666667,0,0,1,1,0,0,,spring,0,0,0,0
563674627,20.5,18.541191,none,0.0,0.0,2.5455842,10.799999,31.80696,994.3473,,2023-05-30 03:56:57.979178,2023-05-30 20:58:01.721709,1021.0623755166667,0,0,1,1,0,0,,spring,0,0,0,0
563708227,19.4,16.64083,none,0.0,0.0,11.525623,24.48,40.557644,995.2377,,2023-05-30 03:58:16.598803,2023-05-30 20:57:21.680984,1019.0847030166666,0,0,1,1,0,0,,spring,0,0,0,0
563727627,21.0,18.64225,none,0.0,0.0,4.3349743,12.599999,29.245842,992.5492,,2023-05-30 03:57:03.586434,2023-05-30 20:58:32.514258,1021.4821304,0,0,1,1,0,0,,spring,0,0,0,0
563611827,8.75,6.854824,none,0.0,0.0,5.0142193,10.440001,78.6773,998.37427,,2023-05-30 03:57:33.051511,2023-05-30 20:59:13.619678,1021.6761361166666,0,0,1,1,0,0,,spring,0,0,0,0
564561027,21.05,20.96048,none,0.0,0.0,3.2599385,15.119999,32.87516,996.0565,,2023-05-30 03:57:27.827237,2023-05-30 20:59:27.122055,1021.9882469666667,0,0,1,1,0,0,,spring,0,0,0,0
563650227,20.6,20.293495,none,0.0,0.0,5.0528407,16.199999,35.49377,998.1856,,2023-05-30 04:00:00.000000,2023-05-30 20:00:00.000000,960.0,0,0,1,1,0,0,,spring,0,0,0,0
563625827,18.0,17.102602,none,0.0,0.0,2.7416782,12.24,52.368065,1000.30615,,2023-05-30 04:00:00.000000,2023-05-30 20:00:00.000000,960.0,0,0,1,1,0,0,,spring,0,0,0,0
563623627,18.25,17.385708,none,0.0,0.0,1.484318,10.08,49.48892,996.3564,,2023-05-30 03:57:10.580084,2023-05-30 20:58:02.575845,1020.8665960166667,0,0,1,1,0,0,,spring,0,0,0,0
563707227,14.85,12.523788,none,0.0,0.0,8.714677,17.28,54.468452,993.0513,,2023-05-30 03:55:30.811814,2023-05-30 20:59:44.580011,1024.22946995,0,1,0,1,0,0,,spring,0,0,0,1
563817827,17.85,15.75069,none,0.0,0.0,8.557102,13.679999,47.879192,993.53625,,2023-05-30 04:00:00.000000,2023-05-30 20:00:00.000000,960.0,0,1,0,1,0,0,,spring,0,0,0,1
563801027,11.4,6.739971,rain,0.4,0.0,24.195107,37.44,66.59206,996.00214,,2023-05-31 03:55:21.134830,2023-05-31 21:00:12.129506,1024.8499112666666,0,0,1,2,0,0,,spring,0,0,1,0
563782027,10.45,7.453411,rain,1.0,0.0,18.668005,34.2,90.4304,994.23846,,2023-05-31 03:55:37.251932,2023-05-31 21:00:46.165513,1025.1485596833334,0,0,1,2,0,0,,spring,0,0,1,0
563792827,11.4,8.935749,rain,0.4,0.0,15.856354,33.12,87.51317,993.99915,,2023-05-31 03:58:24.896765,2023-05-31 20:59:03.671558,1020.64624655,0,0,1,2,0,0,,spring,0,0,1,0
563794827,13.15,9.608717,none,0.0,0.0,16.375053,34.2,58.947227,995.04224,,2023-05-31 03:55:08.398491,2023-05-31 20:59:47.691211,1024.6548786666667,0,0,1,2,0,0,,spring,0,0,1,0
563831627,8.3,5.686224,none,0.0,0.0,7.5685663,12.959999,72.0151,989.9347,,2023-05-31 03:54:52.344368,2023-05-31 21:01:27.948430,1026.5934010333333,0,1,0,2,0,0,,spring,0,0,0,1
563917627,8.4,5.8599834,none,0.0,0.0,8.854829,13.679999,78.350876,994.59845,,2023-05-31 03:55:04.139651,2023-05-31 20:59:12.777198,1024.1439591166666,0,1,0,2,0,0,,spring,0,0,0,1
563758627,11.3,8.072884,rain,0.3,0.0,19.164717,34.56,82.06685,991.8807,,2023-05-31 03:55:08.733811,2023-05-31 21:01:14.430487,1026.0949446,0,0,1,2,0,0,,spring,0,0,1,0
564090827,10.25,7.7179604,rain,1.6,0.0,16.039202,36.719997,93.51643,995.08325,,2023-05-31 04:00:00.000000,2023-05-31 20:00:00.000000,960.0,0,0,1,2,0,0,,spring,0,0,1,0
563750227,10.5,8.677198,rain,2.4,0.0,11.457958,24.48,92.90247,993.3931,,2023-05-31 03:54:39.204185,2023-05-31 20:59:03.182446,1024.3996376833334,0,0,1,2,0,0,,spring,0,0,0,0
563801227,11.85,9.406209,none,0.0,0.0,9.904906,23.4,67.3837,989.53375,,2023-05-31 03:56:44.478436,2023-05-31 20:58:56.442534,1022.1994016333333,0,0,1,2,0,0,,spring,0,0,0,0
563812827,10.25,7.8249435,rain,1.0,0.0,14.565548,24.48,91.02872,994.52814,,2023-05-31 03:55:11.722749,2023-05-31 20:59:32.979627,1024.3542813,0,0,1,2,0,0,,spring,0,0,0,0
563739627,11.45,8.255203,rain,2.3,0.0,20.304129,33.839996,85.48083,996.8874,,2023-05-31 03:55:13.975318,2023-05-31 20:59:55.479873,1024.6917425833333,0,0,1,2,0,0,,spring,0,0,1,0
563725027,9.9,7.7910156,none,0.0,0.0,13.0447235,25.199999,95.40899,992.0448,,2023-05-31 03:55:36.546604,2023-05-31 21:01:44.543933,1026.1332888166667,0,0,1,2,0,0,,spring,0,0,0,0
563725627,9.9,7.7259617,none,0.0,0.0,13.397612,20.16,95.08829,992.68384,,2023-05-31 03:54:54.512823,2023-05-31 21:00:32.159981,1025.6274526333334,0,0,1,2,0,0,,spring,0,0,0,0
563754827,12.05,9.410575,rain,2.4,0.0,17.057314,28.8,83.83838,994.2223,,2023-05-31 03:54:57.348433,2023-05-31 21:00:04.247305,1025.1149811999999,0,0,1,2,0,0,,spring,0,0,1,0
563777827,11.7,7.488385,rain,0.1,0.0,20.898613,41.039997,64.60827,995.1094,,2023-05-31 03:54:21.863639,2023-05-31 20:59:52.423798,1025.5093359833334,0,0,1,2,0,0,,spring,0,0,1,0
563839427,10.15,7.424576,rain,1.4,0.0,16.80857,35.64,92.25929,997.4084,,2023-05-31 03:55:31.148156,2023-05-31 21:01:15.572848,1025.7404115333334,0,0,1,2,0,0,,spring,0,0,1,0
563762027,11.6,9.127147,none,0.0,0.0,9.346143,12.24,66.1748,995.1446,,2023-05-31 03:54:27.248108,2023-05-31 20:59:01.049056,1024.5633491333333,0,1,0,2,0,0,,spring,0,0,0,1
563713627,12.45,10.087245,none,0.0,0.0,8.891344,13.679999,63.44614,993.06354,,2023-05-31 04:00:00.000000,2023-05-31 20:00:00.000000,960.0,0,1,0,2,0,0,,spring,0,0,0,1
563807427,9.6,7.045971,none,0.0,0.0,9.605998,18.72,74.55895,996.4706,,2023-05-31 03:55:05.534892,2023-05-31 20:58:52.732116,1023.7866204000001,0,1,0,2,0,0,,spring,0,0,0,1
563844027,15.9,13.493597,none,0.0,0.0,13.979872,28.44,61.884518,995.0817,,2023-06-01 03:53:20.023629,2023-06-01 21:01:15.482240,1027.9243101833333,0,0,1,3,0,0,,summer,0,0,0,0
563883027,19.6,15.046612,none,0.0,0.0,23.233252,45.719997,38.960396,991.9605,,2023-06-01 03:53:39.093306,2023-06-01 21:01:04.264333,1027.4195171166666,0,0,1,3,0,0,,summer,0,0,1,0
563884227,19.2,14.80946,none,0.0,0.0,22.26477,45.36,40.22018,989.9404,,2023-06-01 04:00:00.000000,2023-06-01 20:00:00.000000,960.0,0,0,1,3,0,0,,summer,0,0,1,0
563887427,21.15,17.538528,none,0.0,0.0,16.992609,40.68,35.77586,986.36725,,2023-06-01 03:57:17.022780,2023-06-01 21:00:50.033360,1023.5501763333334,0,0,1,3,0,0,,summer,0,0,1,0
563906627,20.85,17.621725,none,0.0,0.0,14.291592,32.039997,36.315155,989.25116,,2023-06-01 03:53:50.196243,2023-06-01 21:01:58.230024,1028.13389635,0,0,1,3,0,0,,summer,0,0,0,0
563927827,19.35,14.89386,none,0.0,0.0,22.493519,43.92,39.433285,989.75464,,2023-06-01 03:55:21.206049,2023-06-01 21:01:47.310043,1026.4350665666666,0,0,1,3,0,0,,summer,0,0,1,0
563945227,19.0,15.860907,none,0.0,0.0,21.67487,43.56,42.599686,988.9011,,2023-06-01 03:57:10.292983,2023-06-01 21:00:51.335792,1023.6840468166666,0,0,1,3,0,0,,summer,0,0,1,0
564057227,12.85,11.154137,none,0.0,0.0,8.311245,12.599999,73.108925,990.26654,,2023-06-01 03:53:58.727231,2023-06-01 21:02:29.582135,1028.5142484,0,1,0,3,0,0,,summer,0,0,0,1
563852627,13.7,11.355694,none,0.0,0.0,11.304229,22.68,65.27617,991.1674,,2023-06-01 03:54:16.597184,2023-06-01 21:02:21.183871,1028.0764447833333,0,0,1,3,0,0,,summer,0,0,0,0
563907627,20.35,17.41832,none,0.0,0.0,13.783817,33.839996,40.133034,990.6763,,2023-06-01 03:53:03.644698,2023-06-01 21:01:07.405457,1028.0626793166666,0,0,1,3,0,0,,summer,0,0,0,0
566463427,18.8,15.584139,none,0.0,0.0,22.691423,42.12,44.341263,989.2672,,2023-06-01 03:55:24.771116,2023-06-01 21:01:39.152532,1026.2396902666667,0,0,1,3,0,0,,summer,0,0,1,0
563929227,13.15,11.3116865,none,0.0,0.0,8.766573,12.959999,70.24272,993.3533,,2023-06-01 03:54:28.499519,2023-06-01 21:01:38.448317,1027.1658132999999,0,1,0,3,0,0,,summer,0,0,0,1
564624027,19.05,17.449272,none,0.0,0.0,9.085988,18.0,51.94004,986.0755,,2023-06-01 03:54:50.059614,2023-06-01 21:01:19.961263,1026.4983608166667,0,0,1,3,0,0,,summer,0,0,0,0
564400827,19.75,18.066273,none,0.0,0.0,9.47012,24.84,49.392845,990.1476,,2023-06-01 03:53:27.041196,2023-06-01 21:00:44.316324,1027.2879188,0,0,1,3,0,0,,summer,0,0,0,0
563872427,19.9,15.983599,none,0.0,0.0,24.122686,44.28,38.91155,989.1194,,2023-06-01 03:54:08.541708,2023-06-01 21:02:46.050098,1028.6251398333334,0,0,1,3,0,0,,summer,0,0,1,0
563876627,19.95,15.474035,none,0.0,0.0,22.26477,44.639996,37.33642,993.5491,,2023-06-01 03:53:29.186501,2023-06-01 21:01:42.341315,1028.2192469,0,0,1,3,0,0,,summer,0,0,1,0
563922027,17.7,16.399836,none,0.0,0.0,8.534353,18.359999,59.650833,993.2131,,2023-06-01 03:53:54.539597,2023-06-01 21:00:54.644250,1027.0017442166668,0,0,1,3,0,0,,summer,0,0,0,0
563999227,22.3,20.814934,none,0.0,0.0,14.759999,41.039997,43.972538,987.6819,,2023-06-02 03:53:26.386573,2023-06-02 21:04:28.053915,1031.0277890333334,0,0,1,4,0,0,,summer,0,0,0,0
564011227,22.45,20.391039,none,0.0,0.0,16.199999,35.28,44.014397,990.9328,,2023-06-02 03:52:20.955381,2023-06-02 21:02:30.195918,1030.15400895,0,0,1,4,0,0,,summer,0,0,1,0
564015827,23.3,20.913645,none,0.0,0.0,16.65754,35.28,38.165665,987.21234,,2023-06-02 03:52:29.612196,2023-06-02 21:04:02.978324,1031.5561021333333,0,0,1,4,0,0,,summer,0,0,1,0
563989827,18.65,16.990099,none,0.0,0.0,7.968939,18.72,50.27651,989.8748,,2023-06-02 03:52:52.781678,2023-06-02 21:03:36.215016,1030.7238889666667,0,0,1,4,0,0,,summer,0,0,0,0
564194627,20.1,18.991634,none,0.0,0.0,11.304229,25.919998,58.655582,990.40625,,2023-06-02 03:52:34.255177,2023-06-02 21:01:16.122795,1028.6977936333333,0,0,1,4,0,0,,summer,0,0,0,0
563960227,16.65,14.843393,none,0.0,0.0,8.373386,20.16,55.689907,988.97784,,2023-06-02 03:54:07.167079,2023-06-02 21:03:30.432346,1029.38775445,0,0,1,4,0,0,,summer,0,0,0,0
564041827,18.85,17.298477,rain,0.3,0.0,15.782622,26.28,66.16567,988.6819,,2023-06-02 03:54:45.306021,2023-06-02 21:03:00.280676,1028.2495775833333,0,0,1,4,0,0,,summer,0,0,1,0
564043827,19.4,18.477245,none,0.0,0.0,10.799999,17.64,62.68772,985.84955,,2023-06-02 03:52:17.422207,2023-06-02 21:03:55.463448,1031.6340206833333,0,0,1,4,0,0,,summer,0,0,0,0
564146027,20.45,19.546537,none,0.0,0.0,13.493999,27.359999,48.42895,988.7341,,2023-06-02 03:52:36.497268,2023-06-02 21:03:55.699453,1031.3200364166667,0,0,1,4,0,0,,summer,0,0,0,0
563990227,19.7,19.484177,none,0.0,0.0,7.42159,20.16,50.2193,986.6484,,2023-06-02 03:56:57.732209,2023-06-02 21:02:11.393589,1025.2276896666667,0,0,1,4,0,0,,summer,0,0,0,0
563996827,18.55,17.393309,none,0.0,0.0,4.6938257,16.199999,50.936733,991.81647,,2023-06-02 03:51:45.441702,2023-06-02 21:03:06.936664,1031.3582493666665,0,0,1,4,0,0,,summer,0,0,0,0
564027827,21.7,19.652027,none,0.0,0.0,13.363711,43.56,46.072937,987.00323,,2023-06-02 03:51:58.017500,2023-06-02 21:03:34.870716,1031.6142202666667,0,0,1,4,0,0,,summer,0,0,0,0
564028627,17.55,17.282232,rain,0.1,0.0,7.208994,30.960001,72.26365,987.609,,2023-06-02 03:51:59.976287,2023-06-02 21:02:25.491853,1030.4252594333334,0,0,1,4,0,0,,summer,0,0,0,0
564065627,22.5,20.515661,none,0.0,0.0,14.404499,32.399998,42.860764,991.3765,,2023-06-02 03:52:25.205398,2023-06-02 21:01:29.371794,1029.0694399333333,0,0,1,4,0,0,,summer,0,0,0,0
563972027,17.6,16.36251,none,0.0,0.0,4.2136917,19.44,51.90705,993.3143,,2023-06-02 03:53:19.749495,2023-06-02 21:02:31.728656,1029.1996526833334,0,0,1,4,0,0,,summer,0,0,0,0
563948227,13.15,12.334673,none,0.0,0.0,3.6179552,12.24,75.42309,993.54834,,2023-06-02 03:52:13.515019,2023-06-02 21:02:33.083876,1030.3261476166667,0,0,1,4,0,0,,summer,0,0,0,0
564032827,21.9,18.32152,rain,0.1,0.0,21.734581,38.16,42.11817,991.7643,,2023-06-02 03:53:29.847864,2023-06-02 21:02:42.610803,1029.21271565,0,0,1,4,0,0,,summer,0,0,1,0
564016027,23.95,20.456064,none,0.0,0.0,19.083395,33.48,34.283855,986.48663,,2023-06-02 03:52:56.697815,2023-06-02 21:03:15.827161,1030.3188224333333,0,0,1,4,0,0,,summer,0,0,1,0
564025427,23.95,20.456064,none,0.0,0.0,19.083395,33.48,34.283855,991.9285,,2023-06-02 03:53:05.314165,2023-06-02 21:02:37.850447,1029.5422713666667,0,0,1,4,0,0,,summer,0,0,1,0
564496827,14.75,14.488638,none,0.0,0.0,6.6087217,11.159999,84.98271,987.4929,,2023-06-02 03:53:21.799909,2023-06-02 21:03:27.504828,1030.0950819833333,1,0,0,4,0,0,,summer,0,0,0,0
564139427,15.0,14.964735,none,0.0,0.0,5.506941,11.5199995,84.73121,985.33325,,2023-06-02 03:52:24.888592,2023-06-02 21:03:59.239348,1031.5725126,0,1,0,4,0,0,,summer,0,0,0,1
564186627,12.75,12.109844,none,0.0,0.0,6.725354,11.5199995,89.6976,989.69147,,2023-06-02 03:52:35.612981,2023-06-02 21:01:30.019223,1028.9067707,0,1,0,4,0,0,,summer,0,0,0,1
564083227,9.15,5.556223,rain,0.5,0.0,19.296133,38.16,86.11569,989.58417,,2023-06-03 03:55:00.200916,2023-06-03 21:04:25.019715,1029.41364665,0,0,1,5,1,0,,summer,0,0,1,0
564096227,10.65,7.2499275,rain,0.6,0.0,19.562946,32.399998,83.10708,994.3409,,2023-06-03 03:51:57.910458,2023-06-03 21:03:49.390647,1031.85800315,0,0,1,5,1,0,,summer,0,0,1,0
564115227,7.35,2.5185595,rain,0.1,0.0,21.868332,45.0,73.11881,989.47534,,2023-06-03 03:52:19.843659,2023-06-03 21:07:14.108866,1034.9044201166666,0,0,1,5,1,0,,summer,0,0,1,0
564147827,7.75,4.6151514,none,0.0,0.0,11.609651,17.28,76.62118,997.8159,,2023-06-03 03:51:41.432202,2023-06-03 21:03:40.856486,1031.9904047333334,0,1,0,5,1,0,,summer,0,0,0,1
567453027,18.95,15.331203,none,0.0,0.0,22.19773,43.199997,50.871433,992.94507,,2023-07-10 04:02:10.695430,2023-07-10 21:08:12.156843,1026.0243568833332,0,0,1,0,0,0,,summer,0,0,1,0
564082427,10.8,7.873501,none,0.0,0.0,16.75064,29.16,83.69182,993.33856,,2023-06-03 03:51:41.741734,2023-06-03 21:03:47.335828,1032.0932349,0,0,1,5,1,0,,summer,0,0,1,0
564369027,10.15,7.385294,rain,0.1,0.0,14.77755,29.519999,84.47465,989.8039,,2023-06-03 03:54:17.653837,2023-06-03 21:04:07.294606,1029.82734615,0,0,1,5,1,0,,summer,0,0,0,0
564127227,8.05,3.3233423,none,0.0,0.0,21.533897,44.639996,71.2091,997.01953,,2023-06-03 03:51:22.026089,2023-06-03 21:02:56.181876,1031.5692631166667,0,0,1,5,1,0,,summer,0,0,1,0
564135427,7.35,3.8486319,none,0.0,0.0,11.5199995,18.72,68.09807,997.25946,,2023-06-03 03:52:16.140042,2023-06-03 21:05:01.337087,1032.7532840833333,0,1,0,5,1,0,,summer,0,0,0,1
564135827,8.1,4.59593,rain,1.1,0.0,17.87718,41.039997,89.332634,993.2565,,2023-06-03 03:52:45.817018,2023-06-03 21:05:14.512112,1032.4782515666668,0,0,1,5,1,0,,summer,0,0,1,0
564128227,8.05,3.3233423,none,0.0,0.0,21.533897,44.639996,71.2091,999.3161,,2023-06-03 03:51:10.870298,2023-06-03 21:02:23.488341,1031.2103007166668,0,0,1,5,1,0,,summer,0,0,1,0
564136427,7.5,3.9488926,none,0.0,0.0,13.797913,21.599998,75.24297,1000.51874,,2023-06-03 03:51:58.658857,2023-06-03 21:03:22.380093,1031.3953539333334,0,1,0,5,1,0,,summer,0,0,0,1
564162827,9.65,6.297118,rain,0.8,0.0,18.556595,39.239998,86.46139,990.6933,,2023-06-03 03:50:53.120824,2023-06-03 21:03:30.224280,1032.6183909333333,0,0,1,5,1,0,,summer,0,0,1,0
564197027,14.1,9.478167,none,0.0,0.0,17.555305,34.56,39.161015,1001.90826,,2023-06-04 03:50:40.514324,2023-06-04 21:05:31.407147,1034.8482137166668,0,0,1,6,1,0,,summer,0,0,1,0
564209827,9.5,6.637763,none,0.0,0.0,8.557102,13.679999,63.883457,1002.2498,,2023-06-04 03:51:23.083538,2023-06-04 21:05:45.768186,1034.3780774666668,1,0,0,6,1,0,,summer,0,0,0,0
564145827,5.8,2.4427366,none,0.0,0.0,11.885453,20.880001,81.91887,1002.3955,,2023-06-04 03:51:47.758461,2023-06-04 21:05:27.272477,1033.6585669333333,0,0,1,6,1,0,,summer,0,0,0,0
564225227,13.8,9.768444,none,0.0,0.0,14.003029,29.519999,41.248146,998.79895,,2023-06-04 03:54:53.599258,2023-06-04 21:04:17.788768,1029.4031585,0,0,1,6,1,0,,summer,0,0,0,0
564311627,5.8,2.524047,none,0.0,0.0,11.5199995,19.44,82.792816,1000.8306,,2023-06-04 03:50:39.205295,2023-06-04 21:06:01.206955,1035.3666943333333,0,0,1,6,1,0,,summer,0,0,0,0
564324627,8.45,5.5684423,none,0.0,0.0,8.435069,13.679999,67.60724,998.6295,,2023-06-04 03:51:50.632984,2023-06-04 21:04:31.150640,1032.6752942666667,0,1,0,6,1,0,,summer,0,0,0,1
564592427,14.35,9.791512,none,0.0,0.0,17.727943,32.760002,40.09158,1002.8332,,2023-06-04 03:51:26.808133,2023-06-04 21:05:52.185071,1034.4229489666666,0,0,1,6,1,0,,summer,0,0,1,0
564180827,13.95,9.808472,none,0.0,0.0,15.03835,33.48,41.58987,1001.3411,,2023-06-04 03:53:22.752311,2023-06-04 21:05:19.939889,1031.9531263,0,0,1,6,1,0,,summer,0,0,1,0
564239227,13.95,9.484065,none,0.0,0.0,16.595179,34.92,39.830395,1000.87146,,2023-06-04 03:50:14.885833,2023-06-04 21:06:13.951192,1035.98442265,0,0,1,6,1,0,,summer,0,0,1,0
564254227,11.2,7.6479816,rain,0.1,0.0,14.440443,29.16,60.556847,999.57074,,2023-06-04 03:51:16.616725,2023-06-04 21:06:35.087989,1035.3078544,0,0,1,6,1,0,,summer,0,0,0,0
564270827,13.3,10.558977,none,0.0,0.0,8.707237,25.56,52.379982,1002.96985,,2023-06-04 03:50:57.227964,2023-06-04 21:03:39.888206,1032.7110040333332,0,0,1,6,1,0,,summer,0,0,0,0
564210827,9.0,5.977951,none,0.0,0.0,8.654987,13.679999,62.4219,1005.1015,,2023-06-04 03:51:34.870099,2023-06-04 21:05:43.581211,1034.1451852,0,1,0,6,1,0,,summer,0,0,0,1
564211427,12.45,9.971098,none,0.0,0.0,7.729527,16.199999,57.755367,1002.1021,,2023-06-04 03:50:52.067576,2023-06-04 21:04:48.802335,1033.9455793166667,0,0,1,6,1,0,,summer,0,0,0,0
564221427,8.4,4.951288,none,0.0,0.0,12.387348,19.8,68.07739,1006.3833,,2023-06-04 03:51:22.043495,2023-06-04 21:03:52.068268,1032.5004128833332,0,1,0,6,1,0,,summer,0,0,0,1
564169027,13.45,9.890677,none,0.0,0.0,16.954432,32.760002,49.197475,1002.02637,,2023-06-04 03:51:33.388661,2023-06-04 21:05:00.176625,1033.4464660666667,0,0,1,6,1,0,,summer,0,0,1,0
564405427,8.45,5.5684423,none,0.0,0.0,8.435069,13.679999,67.60724,1000.8038,,2023-06-04 03:51:43.600034,2023-06-04 21:04:41.265976,1032.9610990333333,0,1,0,6,1,0,,summer,0,0,0,1
564270227,13.15,10.012168,none,0.0,0.0,9.693296,27.0,48.078667,1001.39044,,2023-06-04 03:52:30.377800,2023-06-04 21:04:02.345805,1031.5328000833333,0,0,1,6,1,0,,summer,0,0,0,0
564137627,3.8,0.50519276,none,0.0,0.0,9.746631,21.96,85.24527,999.54126,,2023-06-04 03:50:15.045745,2023-06-04 21:05:12.620501,1034.9595792666667,0,1,0,6,1,0,,summer,0,0,0,1
564146227,7.55,4.3498487,none,0.0,0.0,12.261158,23.759998,78.49509,1002.53357,,2023-06-04 03:51:49.684689,2023-06-04 21:05:23.592840,1033.5651358500002,0,0,1,6,1,0,,summer,0,0,0,0
565071227,12.9,9.969759,rain,0.2,0.0,15.4800005,32.039997,53.955345,1002.6506,,2023-06-04 03:50:30.804857,2023-06-04 21:05:05.145516,1034.5723443166667,0,0,1,6,1,0,,summer,0,0,1,0
568412827,13.95,9.484065,none,0.0,0.0,16.595179,34.92,39.830395,1003.2477,,2023-06-04 03:50:24.852024,2023-06-04 21:05:54.428372,1035.4929391333333,0,0,1,6,1,0,,summer,0,0,1,0
564207027,13.25,10.210992,none,0.0,0.0,9.83268,27.0,50.01947,998.44794,,2023-06-04 03:51:51.302706,2023-06-04 21:04:30.351107,1032.6508066833333,0,0,1,6,1,0,,summer,0,0,0,0
564167627,13.4,10.232474,rain,0.1,0.0,16.299694,32.760002,51.6749,1001.92505,,2023-06-04 03:50:08.672800,2023-06-04 21:04:07.730437,1033.98429395,0,0,1,6,1,0,,summer,0,0,1,0
564293627,15.5,12.384768,rain,0.4,0.0,16.923828,35.64,58.916767,998.7796,,2023-06-05 03:50:54.577700,2023-06-05 21:04:48.173177,1033.8932579500001,0,0,1,0,0,0,,summer,0,0,1,0
564316227,14.7,11.652792,rain,0.1,0.0,17.64,41.399998,62.8776,997.58093,,2023-06-05 03:52:58.449061,2023-06-05 21:06:40.476161,1033.7004516666666,0,0,1,0,0,0,,summer,0,0,1,0
564329827,11.85,9.989864,none,0.0,0.0,6.763786,10.799999,69.98676,996.9574,,2023-06-05 03:53:07.481044,2023-06-05 21:06:53.533306,1033.7675377,0,0,1,0,0,0,,summer,0,0,0,0
564335227,16.7,13.949791,none,0.0,0.0,10.799999,27.359999,46.579876,999.1932,,2023-06-05 03:50:22.695931,2023-06-05 21:07:58.728502,1037.60054285,0,0,1,0,0,0,,summer,0,0,0,0
564243027,9.55,6.924673,none,0.0,0.0,11.304229,21.96,79.06998,998.46643,,2023-06-05 03:51:25.614904,2023-06-05 21:06:25.744907,1035.0021667166666,0,0,1,0,0,0,,summer,0,0,0,0
564285827,14.4,11.107937,none,0.0,0.0,16.343367,39.96,58.646183,996.20337,,2023-06-05 03:52:14.764916,2023-06-05 21:07:33.575661,1035.3135124166668,0,0,1,0,0,0,,summer,0,0,1,0
564224427,7.8,4.0558796,none,0.0,0.0,12.88981,22.319998,64.86986,999.85767,,2023-06-05 03:51:43.004977,2023-06-05 21:05:15.763256,1033.5459713166667,0,1,0,0,0,0,,summer,0,0,0,1
564294227,16.3,13.119358,rain,0.1,0.0,20.523155,37.8,54.285248,998.91376,,2023-06-05 03:50:02.619637,2023-06-05 21:07:07.070687,1037.0741841666668,0,0,1,0,0,0,,summer,0,0,1,0
564286827,17.45,14.291666,rain,0.3,0.0,16.923828,38.16,42.156685,999.4795,,2023-06-05 03:49:58.763432,2023-06-05 21:07:00.801876,1037.0339740666666,0,0,1,0,0,0,,summer,0,0,1,0
564353027,9.75,7.6159773,none,0.0,0.0,8.404285,13.32,79.64622,1005.05023,,2023-06-05 03:50:28.948060,2023-06-05 21:05:12.749506,1034.7300241,0,1,0,0,0,0,,summer,0,0,0,1
564320827,11.3,9.252613,none,0.0,0.0,8.287822,10.440001,73.32897,996.8175,,2023-06-05 03:51:56.242027,2023-06-05 21:06:32.081307,1034.5973213333334,1,0,0,0,0,0,,summer,0,0,0,0
564327427,15.9,13.906738,none,0.0,0.0,9.826088,25.199999,58.814194,995.5796,,2023-06-05 03:51:14.710057,2023-06-05 21:05:33.625606,1034.31525915,0,0,1,0,0,0,,summer,0,0,0,0
564371227,17.45,14.291666,rain,0.3,0.0,16.923828,38.16,42.156685,999.94794,,2023-06-05 03:50:17.432448,2023-06-05 21:06:50.141367,1036.5451486499999,0,0,1,0,0,0,,summer,0,0,1,0
564487827,14.4,10.830914,rain,0.1,0.0,19.45333,37.8,61.744305,1003.857,,2023-06-05 03:50:24.798654,2023-06-05 21:06:17.625803,1035.8804524833333,0,0,1,0,0,0,,summer,0,0,1,0
564688427,15.65,12.808834,none,0.0,0.0,17.811815,40.32,57.365402,1000.1253,,2023-06-05 03:49:03.018568,2023-06-05 21:05:58.334962,1036.9219399,0,0,1,0,0,0,,summer,0,0,1,0
565087227,14.8,11.442709,none,0.0,0.0,18.584509,37.8,61.627403,1001.66583,,2023-06-05 03:50:10.742868,2023-06-05 21:06:01.549136,1035.8467711333333,0,0,1,0,0,0,,summer,0,0,1,0
564369227,11.8,9.860668,none,0.0,0.0,7.386582,11.879999,70.459694,999.8707,,2023-06-05 03:50:17.483888,2023-06-05 21:06:50.787348,1036.5550576666667,0,1,0,0,0,0,,summer,0,0,0,1
565486827,6.9,3.1588993,none,0.0,0.0,13.104198,23.4,69.97778,999.1843,,2023-06-05 03:51:13.000628,2023-06-05 21:05:01.431092,1033.8071744,0,1,0,0,0,0,,summer,0,0,0,1
564329427,14.4,13.113483,none,0.0,0.0,5.1544156,15.84,65.20745,1001.86487,,2023-06-05 03:51:39.285695,2023-06-05 21:07:57.779390,1036.30822825,0,0,1,0,0,0,,summer,0,0,0,0
564226027,8.55,4.7015104,none,0.0,0.0,14.20062,21.96,63.89172,1002.80994,,2023-06-05 03:50:31.344890,2023-06-05 21:06:25.929542,1035.9097442,0,1,0,0,0,0,,summer,0,0,0,1
564336827,14.25,12.307779,none,0.0,0.0,6.618519,19.08,58.005886,994.88086,,2023-06-05 03:50:15.480661,2023-06-05 21:09:36.171001,1039.344839,0,0,1,0,0,0,,summer,0,0,0,0
564327827,11.8,9.860668,none,0.0,0.0,7.386582,11.879999,70.459694,998.67694,,2023-06-05 03:49:48.502903,2023-06-05 21:07:09.100669,1037.3432961,0,1,0,0,0,0,,summer,0,0,0,1
564263227,14.55,11.228586,rain,0.1,0.0,18.0036,40.32,61.779472,997.0978,,2023-06-05 03:51:39.402265,2023-06-05 21:06:33.193618,1034.89652255,0,0,1,0,0,0,,summer,0,0,1,0
564326627,16.1,13.852322,none,0.0,0.0,10.805998,24.48,56.31367,1001.8235,,2023-06-05 03:49:34.069371,2023-06-05 21:04:37.556708,1035.0581222833332,0,0,1,0,0,0,,summer,0,0,0,0
564327027,14.05,13.007992,none,0.0,0.0,5.4477882,16.199999,71.858376,997.2041,,2023-06-05 03:51:09.582644,2023-06-05 21:05:35.002414,1034.4236628333333,0,0,1,0,0,0,,summer,0,0,0,0
564320627,11.3,9.252613,none,0.0,0.0,8.287822,10.440001,73.32897,997.7718,,2023-06-05 03:51:47.215209,2023-06-05 21:06:34.177231,1034.7827003666666,1,0,0,0,0,0,,summer,0,0,0,0
564469827,17.95,14.218872,none,0.0,0.0,18.0,32.760002,39.1667,999.2179,,2023-06-05 03:50:16.212558,2023-06-05 21:06:20.787677,1036.0762519833333,0,0,1,0,0,0,,summer,0,0,1,0
564380627,18.05,14.543697,none,0.0,0.0,16.954432,32.399998,44.744164,1002.72125,,2023-06-06 03:49:01.412304,2023-06-06 21:07:29.094681,1038.46137295,0,0,1,1,0,0,,summer,0,0,1,0
564352227,16.3,14.726654,none,0.0,0.0,10.182337,23.039999,53.179943,1001.0313,,2023-06-06 03:49:59.173700,2023-06-06 21:06:09.137195,1036.16605825,0,0,1,1,0,0,,summer,0,0,0,0
564417027,16.65,14.693344,none,0.0,0.0,9.746631,21.599998,56.45305,1002.18884,,2023-06-06 03:49:36.296275,2023-06-06 21:07:21.796563,1037.7583381333334,0,0,1,1,0,0,,summer,0,0,0,0
564484627,18.55,15.778109,none,0.0,0.0,12.849528,27.0,45.195255,999.7794,,2023-06-06 03:49:52.639229,2023-06-06 21:07:20.914134,1037.4712484166666,0,0,1,1,0,0,,summer,0,0,0,0
564529227,18.4,15.055288,none,0.0,0.0,14.081478,30.239998,40.270332,1003.2516,,2023-06-06 03:49:15.919334,2023-06-06 21:07:00.591195,1037.7445310166668,0,0,1,1,0,0,,summer,0,0,0,0
564600627,19.75,15.760931,none,0.0,0.0,17.731598,29.519999,35.62177,999.488,,2023-06-06 03:49:32.328732,2023-06-06 21:08:16.948882,1038.7436691666667,0,0,1,1,0,0,,summer,0,0,1,0
565054027,10.0,7.5782976,none,0.0,0.0,9.220499,15.4800005,74.3708,1002.36224,,2023-06-06 03:50:05.594721,2023-06-06 21:06:32.878390,1036.4547278166667,0,1,0,1,0,0,,summer,0,0,0,1
565497227,19.5,15.67408,none,0.0,0.0,16.75064,32.039997,36.433525,997.46204,,2023-06-06 03:50:05.614679,2023-06-06 21:07:34.273856,1037.47765295,0,0,1,1,0,0,,summer,0,0,1,0
576036027,19.5,15.835163,none,0.0,0.0,16.203999,29.519999,37.467518,999.8208,,2023-06-06 03:48:56.811583,2023-06-06 21:06:45.990769,1037.8196531,0,0,1,1,0,0,,summer,0,0,1,0
564342427,8.9,6.543765,none,0.0,0.0,9.227524,14.04,81.75511,1001.66705,,2023-06-06 03:50:00.920085,2023-06-06 21:06:26.183798,1036.4210618833333,0,1,0,1,0,0,,summer,0,0,0,1
564418427,17.1,14.323952,none,0.0,0.0,12.72283,20.16,49.174797,1000.80396,,2023-06-06 03:49:51.210143,2023-06-06 21:08:18.704487,1038.4582390666667,0,0,1,1,0,0,,summer,0,0,0,0
564425227,14.15,11.843456,none,0.0,0.0,9.983106,23.759998,60.636105,1000.40295,,2023-06-06 03:48:13.865668,2023-06-06 21:07:11.547372,1038.9613617333334,0,1,0,1,0,0,,summer,0,0,0,1
564732427,18.1,15.320221,none,0.0,0.0,15.034041,29.88,45.694965,999.2368,,2023-06-06 03:50:20.076209,2023-06-06 21:06:39.340306,1036.3210682833333,0,0,1,1,0,0,,summer,0,0,1,0
566802427,17.7,14.822458,none,0.0,0.0,14.205182,28.44,47.673424,1003.01855,,2023-06-06 03:48:48.742192,2023-06-06 21:07:17.789733,1038.4841256833333,0,0,1,1,0,0,,summer,0,0,0,0
564425027,16.5,14.603355,none,0.0,0.0,9.422101,21.96,57.187855,1002.9073,,2023-06-06 03:48:41.221638,2023-06-06 21:05:57.249220,1037.2671263666666,0,0,1,1,0,0,,summer,0,0,0,0
564345427,11.45,9.337189,none,0.0,0.0,10.1376915,19.8,76.95408,1000.3075,,2023-06-06 03:50:14.595025,2023-06-06 21:07:35.876221,1037.3546866000002,0,0,1,1,0,0,,summer,0,0,0,0
564351227,15.5,13.153185,none,0.0,0.0,11.570515,25.56,58.71604,1002.43463,,2023-06-06 03:49:04.908687,2023-06-06 21:07:37.911966,1038.55005465,0,0,1,1,0,0,,summer,0,0,0,0
564349627,13.55,11.487127,none,0.0,0.0,10.739833,22.319998,69.60855,1000.99835,,2023-06-06 03:50:01.952982,2023-06-06 21:06:53.574209,1036.8603537833335,0,0,1,1,0,0,,summer,0,0,0,0
564383827,10.4,8.176284,none,0.0,0.0,8.089993,13.679999,73.16581,1001.76276,,2023-06-06 03:50:05.055302,2023-06-06 21:08:41.330416,1038.6045852333332,0,1,0,1,0,0,,summer,0,0,0,1
564410227,18.8,15.6733055,none,0.0,0.0,15.281989,28.8,44.49413,999.6786,,2023-06-06 03:50:13.817530,2023-06-06 21:07:54.385287,1037.6761292833332,0,0,1,1,0,0,,summer,0,0,1,0
564454027,18.2,14.790594,none,0.0,0.0,15.986595,32.039997,43.715355,1001.7735,,2023-06-06 03:48:33.306251,2023-06-06 21:08:18.675559,1039.7561551333333,0,0,1,1,0,0,,summer,0,0,1,0
564400027,17.75,14.536741,none,0.0,0.0,14.869351,30.960001,45.43924,997.32544,,2023-06-06 03:52:16.753660,2023-06-06 21:08:10.579787,1035.8971021166667,0,0,1,1,0,0,,summer,0,0,0,0
564407427,19.4,15.697079,none,0.0,0.0,16.394829,29.519999,37.569717,1001.97327,,2023-06-06 03:49:56.485168,2023-06-06 21:05:54.104921,1035.9603292166667,0,0,1,1,0,0,,summer,0,0,1,0
564366827,17.4,14.323238,none,0.0,0.0,14.471821,31.319998,47.59026,995.43243,,2023-06-06 03:49:45.479431,2023-06-06 21:10:51.642133,1041.1027117,0,0,1,1,0,0,,summer,0,0,0,0
564347027,11.5,9.448101,none,0.0,0.0,9.72,18.72,76.700066,1001.0507,,2023-06-06 03:49:19.927875,2023-06-06 21:08:04.726577,1038.7466450333334,0,0,1,1,0,0,,summer,0,0,0,0
564353827,16.6,14.647062,none,0.0,0.0,12.287555,26.28,53.076935,1002.032,,2023-06-06 03:49:04.978890,2023-06-06 21:06:51.736132,1037.7792873666667,0,0,1,1,0,0,,summer,0,0,0,0
564414627,17.95,15.6034355,none,0.0,0.0,12.245294,21.96,51.64764,999.00336,,2023-06-06 03:49:58.073342,2023-06-06 21:06:09.599475,1036.1921022166666,0,0,1,1,0,0,,summer,0,0,0,0
564476627,8.6,6.701048,none,0.0,0.0,7.92,11.5199995,90.295845,999.90924,,2023-06-07 03:48:20.335729,2023-06-07 21:09:22.339438,1041.03339515,0,0,1,2,0,0,,summer,0,0,0,0
564483827,21.05,18.562977,none,0.0,0.0,21.647945,42.48,46.515965,999.70374,,2023-06-07 03:47:35.513988,2023-06-07 21:08:18.483055,1040.7161511166667,0,0,1,2,0,0,,summer,0,0,1,0
564494427,21.55,18.589897,none,0.0,0.0,23.535301,45.36,42.162193,997.1861,,2023-06-07 03:49:49.266191,2023-06-07 21:07:29.068711,1037.6633753333333,0,0,1,2,0,0,,summer,0,0,1,0
564524027,21.35,17.5906,none,0.0,0.0,21.077686,39.239998,40.41841,1001.209,,2023-06-07 03:48:48.117715,2023-06-07 21:08:27.045414,1039.6487949833333,0,0,1,2,0,0,,summer,0,0,1,0
564554627,22.1,17.687124,none,0.0,0.0,23.469128,40.68,35.31017,999.8791,,2023-06-07 03:48:29.001431,2023-06-07 21:08:22.365177,1039.8893957666667,0,0,1,2,0,0,,summer,0,0,1,0
566745227,21.85,17.33732,none,0.0,0.0,23.469128,47.16,34.75401,995.7709,,2023-06-07 03:47:17.870535,2023-06-07 21:08:03.590745,1040.7620035,0,0,1,2,0,0,,summer,0,0,1,0
564552427,18.65,16.435888,none,0.0,0.0,11.681987,29.88,50.106033,997.69446,,2023-06-07 03:48:35.320843,2023-06-07 21:08:34.819740,1039.9916482833332,0,0,1,2,0,0,,summer,0,0,0,0
564531427,16.0,14.954178,none,0.0,0.0,5.937272,20.880001,64.46388,997.7351,,2023-06-07 03:47:36.383258,2023-06-07 21:08:15.122083,1040.6456470833334,0,0,1,2,0,0,,summer,0,0,0,0
564511827,21.2,17.86346,none,0.0,0.0,18.94024,41.039997,42.063198,993.9333,,2023-06-07 03:49:37.406466,2023-06-07 21:08:05.780176,1038.4728951666666,0,0,1,2,0,0,,summer,0,0,1,0
564569827,21.15,18.331882,none,0.0,0.0,22.7057,41.399998,44.245964,1000.0395,,2023-06-07 03:49:25.577918,2023-06-07 21:08:54.006954,1039.4738172666666,0,0,1,2,0,0,,summer,0,0,1,0
564976027,21.85,17.959488,none,0.0,0.0,20.991426,41.399998,37.62281,997.7901,,2023-06-07 03:47:48.355399,2023-06-07 21:07:48.911289,1040.0092648333334,0,0,1,2,0,0,,summer,0,0,1,0
564515227,22.4,18.15459,none,0.0,0.0,24.72495,46.079998,32.01321,998.03485,,2023-06-07 03:48:38.002137,2023-06-07 21:08:47.247185,1040.1540841333333,0,0,1,2,0,0,,summer,0,0,1,0
564473827,20.8,18.429262,none,0.0,0.0,20.892412,38.16,47.07757,1003.0169,,2023-06-07 03:49:03.079168,2023-06-07 21:08:44.256298,1039.6862855,0,0,1,2,0,0,,summer,0,0,1,0
564490427,11.8,9.476181,none,0.0,0.0,10.587917,19.08,72.17289,1000.5788,,2023-06-07 03:47:35.883284,2023-06-07 21:09:09.675775,1041.5632081833332,0,1,0,2,0,0,,summer,0,0,0,1
564541227,14.45,13.07555,none,0.0,0.0,6.193674,13.32,66.11034,997.0798,,2023-06-07 03:51:51.132348,2023-06-07 21:07:59.328264,1036.1365985999998,1,0,0,2,0,0,,summer,0,0,0,0
564485227,21.35,18.546146,none,0.0,0.0,23.411074,41.399998,43.85475,999.95355,,2023-06-07 03:48:19.804673,2023-06-07 21:09:00.283407,1040.6746455666666,0,0,1,2,0,0,,summer,0,0,1,0
564517227,20.4,18.036203,none,0.0,0.0,19.164719,36.719997,48.090218,1004.2412,,2023-06-07 03:49:02.721827,2023-06-07 21:07:27.672547,1038.4158453333334,0,0,1,2,0,0,,summer,0,0,1,0
564513627,21.35,17.990866,none,0.0,0.0,17.673029,40.68,39.327034,995.8816,,2023-06-07 03:50:34.568577,2023-06-07 21:07:24.387411,1036.8303139,0,0,1,2,0,0,,summer,0,0,1,0
564522827,20.15,16.947397,none,0.0,0.0,16.766108,34.92,42.633263,995.1857,,2023-06-07 03:50:34.039499,2023-06-07 21:08:49.701932,1038.26104055,0,0,1,2,0,0,,summer,0,0,1,0
564529427,22.25,17.47817,none,0.0,0.0,24.216522,44.639996,32.306644,998.81696,,2023-06-07 03:48:52.641867,2023-06-07 21:09:47.032590,1040.90651205,0,0,1,2,0,0,,summer,0,0,1,0
564541427,18.45,16.632313,none,0.0,0.0,13.358861,25.199999,59.432884,1003.9154,,2023-06-07 03:49:08.343788,2023-06-07 21:08:32.117944,1039.3962359333334,0,0,1,2,0,0,,summer,0,0,0,0
564457427,13.75,12.48296,none,0.0,0.0,8.217153,16.919998,76.54382,997.9815,,2023-06-07 03:48:29.447503,2023-06-07 21:10:23.986040,1041.9089756166666,0,0,1,2,0,0,,summer,0,0,0,0
564510827,21.85,17.969961,none,0.0,0.0,18.391735,39.96,33.568245,996.55493,,2023-06-07 03:52:46.515885,2023-06-07 21:06:31.912729,1033.7566140666668,0,0,1,2,0,0,,summer,0,0,1,0
564467627,11.85,9.551347,none,0.0,0.0,10.661107,18.0,72.67827,1003.4336,,2023-06-07 03:48:56.396487,2023-06-07 21:07:29.379892,1038.5497234166667,0,1,0,2,0,0,,summer,0,0,0,1
564458827,18.3,16.712816,none,0.0,0.0,12.181625,25.56,60.799255,1000.99817,,2023-06-07 03:48:12.846540,2023-06-07 21:08:51.811204,1040.6494110666667,0,0,1,2,0,0,,summer,0,0,0,0
564545427,13.65,12.337738,none,0.0,0.0,7.208994,11.159999,73.50037,995.251,,2023-06-07 03:47:46.508184,2023-06-07 21:10:08.662230,1042.3692341,0,1,0,2,0,0,,summer,0,0,0,1
564581227,12.3,11.895618,none,0.0,0.0,4.6938257,12.24,91.16603,999.6309,,2023-06-08 03:47:18.840521,2023-06-08 21:09:10.712675,1041.8645359,0,0,1,3,0,0,,summer,0,0,0,0
564650027,22.7,20.435379,none,0.0,0.0,10.24578,22.319998,36.344078,1000.9464,,2023-06-08 03:48:42.439152,2023-06-08 21:10:31.010761,1041.8095268166667,0,0,1,3,0,0,,summer,0,0,0,0
564607627,20.55,20.013634,none,0.0,0.0,9.19939,27.72,45.445343,996.3112,,2023-06-08 03:52:54.353044,2023-06-08 21:10:09.163435,1037.24683985,0,0,1,3,0,0,,summer,0,0,0,0
564671627,20.15,18.841228,none,0.0,0.0,8.587338,19.44,51.191685,997.0525,,2023-06-08 03:47:34.778931,2023-06-08 21:10:18.853918,1042.7345831166667,0,0,1,3,0,0,,summer,0,0,0,0
564698827,22.2,20.756226,none,0.0,0.0,6.130579,17.64,39.839558,1003.29553,,2023-06-08 03:48:12.557750,2023-06-08 21:08:20.601548,1040.1340633,0,0,1,3,0,0,,summer,0,0,0,0
564706827,21.6,21.022326,none,0.0,0.0,4.3498964,13.32,48.09467,999.14154,,2023-06-08 03:47:11.294787,2023-06-08 21:10:04.356855,1042.8843678,0,0,1,3,0,0,,summer,0,0,0,0
564930227,21.3,20.035757,none,0.0,0.0,7.8954163,18.359999,47.05672,997.935,,2023-06-08 03:48:26.703551,2023-06-08 21:10:16.754849,1041.8341883,0,0,1,3,0,0,,summer,0,0,0,0
564612427,20.1,20.062128,none,0.0,0.0,6.151683,18.72,44.252098,994.909,,2023-06-08 03:47:55.551612,2023-06-08 21:12:54.309488,1044.9792979333333,0,0,1,3,0,0,,summer,0,0,0,0
564615827,21.15,21.649086,none,0.0,0.0,4.8433046,17.28,42.91598,1000.1202,,2023-06-08 03:47:25.045399,2023-06-08 21:10:31.828489,1043.1130515,0,0,1,3,0,0,,summer,0,0,0,0
564628027,21.85,21.85618,none,0.0,0.0,4.829907,16.919998,40.148434,999.0322,,2023-06-08 03:46:50.598824,2023-06-08 21:09:18.205178,1042.4601059000001,0,0,1,3,0,0,,summer,0,0,0,0
564770627,19.5,19.334717,none,0.0,0.0,5.495161,13.679999,62.094517,1001.75903,,2023-06-08 03:48:22.703107,2023-06-08 21:09:13.392401,1040.8448215666667,0,0,1,3,0,0,,summer,0,0,0,0
564632027,22.45,21.875912,none,0.0,0.0,7.072878,21.24,36.397354,996.8056,,2023-06-08 03:48:23.176043,2023-06-08 21:11:28.170931,1043.0832481333334,0,0,1,3,0,0,,summer,0,0,0,0
564583627,17.55,17.967644,none,0.0,0.0,1.835647,12.959999,70.853806,995.24585,,2023-06-08 03:49:06.665670,2023-06-08 21:09:24.175550,1040.2918313333332,0,0,1,3,0,0,,summer,0,0,0,0
564653827,21.8,21.377947,none,0.0,0.0,9.0,21.96,41.947502,1002.5244,,2023-06-08 03:48:14.758941,2023-06-08 21:08:30.642403,1040.2647243666665,0,0,1,3,0,0,,summer,0,0,0,0
564654227,22.25,21.991526,none,0.0,0.0,7.289444,20.16,36.969395,998.4311,,2023-06-08 03:48:16.417424,2023-06-08 21:10:31.887617,1042.25783655,0,0,1,3,0,0,,summer,0,0,0,0
564705827,22.75,20.813131,none,0.0,0.0,6.87779,20.16,34.532585,999.91296,,2023-06-08 03:47:25.708741,2023-06-08 21:10:27.941690,1043.0372158166667,0,0,1,3,0,0,,summer,0,0,0,0
564689027,20.9,20.421429,none,0.0,0.0,2.0364676,5.04,47.423153,996.73804,,2023-06-08 03:49:41.841872,2023-06-08 21:09:45.713644,1040.0645295333334,0,0,1,3,0,0,,summer,0,0,0,0
564667027,22.25,20.151937,none,0.0,0.0,10.1887,18.0,39.048065,1002.3083,,2023-06-08 03:47:57.110107,2023-06-08 21:08:50.874484,1040.89607295,0,0,1,3,0,0,,summer,0,0,0,0
564756827,22.4,19.914692,none,0.0,0.0,11.841756,23.039999,37.13926,996.4772,,2023-06-08 03:48:25.048530,2023-06-08 21:11:15.011593,1042.8327177166668,0,0,1,3,0,0,,summer,0,0,0,0
564907427,22.85,20.552748,none,0.0,0.0,9.983106,21.599998,35.28148,997.5063,,2023-06-08 03:47:36.427237,2023-06-08 21:10:17.598011,1042.6861795666666,0,0,1,3,0,0,,summer,0,0,0,0
565063227,21.4,22.062387,none,0.0,0.0,4.39436,18.72,42.986435,999.61005,,2023-06-08 03:46:47.450556,2023-06-08 21:09:12.135083,1042.4114087833334,0,0,1,3,0,0,,summer,0,0,0,0
565384427,19.2,18.32816,none,0.0,0.0,7.172949,14.04,57.282475,997.6684,,2023-06-08 03:47:06.345745,2023-06-08 21:08:46.291579,1041.6657639,0,0,1,3,0,0,,summer,0,0,0,0
564670627,22.75,20.147753,none,0.0,0.0,12.074766,20.880001,35.49598,997.1891,,2023-06-08 03:48:00.558220,2023-06-08 21:09:49.321320,1041.8127183333334,0,0,1,3,0,0,,summer,0,0,0,0
564706427,22.85,20.552748,none,0.0,0.0,9.983106,21.599998,35.28148,997.73584,,2023-06-08 03:47:36.452987,2023-06-08 21:10:16.487013,1042.6672337666666,0,0,1,3,0,0,,summer,0,0,0,0
564957627,21.5,21.678072,none,0.0,0.0,6.9527545,20.16,41.016678,1000.6217,,2023-06-08 03:48:10.877639,2023-06-08 21:10:11.498181,1042.0103423666667,0,0,1,3,0,0,,summer,0,0,0,0
564682627,22.25,20.151937,none,0.0,0.0,10.1887,18.0,39.048065,1000.80676,,2023-06-08 03:47:46.421470,2023-06-08 21:08:59.880475,1041.2243167499998,0,0,1,3,0,0,,summer,0,0,0,0
564821227,18.8,19.071602,none,0.0,0.0,2.5455842,12.24,57.18331,1004.304,,2023-06-08 03:48:09.007909,2023-06-08 21:09:13.958777,1041.0825144666667,0,0,1,3,0,0,,summer,0,0,0,0
564669027,21.5,20.124899,none,0.0,0.0,8.654987,18.0,46.483723,999.679,,2023-06-08 03:47:39.657493,2023-06-08 21:09:21.502396,1041.69741505,0,0,1,3,0,0,,summer,0,0,0,0
564723227,16.1,15.469265,none,0.0,0.0,4.3349743,5.04,66.909325,997.2513,,2023-06-08 03:47:00.569636,2023-06-08 21:10:05.349438,1043.0796633666666,0,1,0,3,0,0,,summer,0,0,0,1
564718027,21.6,18.57392,none,0.0,0.0,20.393293,39.96,40.07728,997.5349,,2023-06-09 03:46:32.187155,2023-06-09 21:11:22.342385,1044.8359205,0,0,1,4,0,0,,summer,0,0,1,0
564726427,22.5,20.120893,none,0.0,0.0,17.399586,38.519997,34.81972,993.9837,,2023-06-09 03:48:29.784434,2023-06-09 21:11:21.107520,1042.8553847666667,0,0,1,4,0,0,,summer,0,0,1,0
564760227,19.5,15.139729,none,0.0,0.0,29.035288,55.079998,52.41001,998.58105,,2023-06-09 03:46:47.107972,2023-06-09 21:10:57.464221,1044.1726041499999,0,0,1,4,0,0,,summer,0,0,1,0
564764227,22.75,17.781322,none,0.0,0.0,27.511158,42.48,34.29538,999.7205,,2023-06-09 03:47:20.499831,2023-06-09 21:09:56.218280,1042.5953074833333,0,0,1,4,0,0,,summer,0,0,1,0
564788827,17.4,15.328312,none,0.0,0.0,14.408997,32.039997,62.02381,995.72125,,2023-06-09 03:46:19.306978,2023-06-09 21:10:15.423491,1043.9352752166667,0,0,1,4,0,0,,summer,0,0,0,0
564816027,12.9,11.092065,none,0.0,0.0,9.255571,17.64,73.366425,1000.0276,,2023-06-09 03:46:30.951539,2023-06-09 21:09:52.333245,1043.3563617666666,0,1,0,4,0,0,,summer,0,0,0,1
564847627,14.0,12.876513,none,0.0,0.0,10.990322,18.359999,85.1826,992.753,,2023-06-09 03:47:04.709269,2023-06-09 21:13:06.808822,1046.03499255,0,0,1,4,0,0,,summer,0,0,0,0
565364427,23.05,20.16032,none,0.0,0.0,16.923828,33.839996,33.910797,987.2796,,2023-06-09 03:48:42.237846,2023-06-09 21:10:09.714598,1041.4579458666667,0,0,1,4,0,0,,summer,0,0,1,0
564692427,13.95,12.320328,none,0.0,0.0,10.703569,17.64,75.55656,990.71075,,2023-06-09 03:48:33.367549,2023-06-09 21:10:02.613370,1041.4874303499998,0,1,0,4,0,0,,summer,0,0,0,1
564793827,23.05,21.271238,none,0.0,0.0,17.114204,37.079998,36.072144,998.94727,,2023-06-09 03:46:30.627069,2023-06-09 21:08:59.615841,1042.4831462,0,0,1,4,0,0,,summer,0,0,1,0
564782027,18.6,15.879477,none,0.0,0.0,17.698677,44.639996,55.2497,994.9676,,2023-06-09 03:48:08.644400,2023-06-09 21:09:04.577952,1040.9322258666666,0,0,1,4,0,0,,summer,0,0,1,0
564784427,18.75,17.792133,none,0.0,0.0,13.32,24.48,69.70267,998.8072,,2023-06-09 03:47:45.245099,2023-06-09 21:10:35.831225,1042.8431021000001,0,0,1,4,0,0,,summer,0,0,0,0
564905627,22.0,17.347446,none,0.0,0.0,25.501621,45.0,36.143932,994.9321,,2023-06-09 03:48:42.410101,2023-06-09 21:10:57.170456,1042.2460059166667,0,0,1,4,0,0,,summer,0,0,1,0
565402027,17.25,15.136324,none,0.0,0.0,14.113653,31.68,61.369343,999.3354,,2023-06-09 03:47:52.783850,2023-06-09 21:09:19.438090,1041.4442373333334,0,0,1,4,0,0,,summer,0,0,0,0
565791427,15.9,14.429087,none,0.0,0.0,10.587917,20.16,68.91137,995.0317,,2023-06-09 03:48:32.747888,2023-06-09 21:09:39.479146,1041.1121876333334,1,0,0,4,0,0,,summer,0,0,0,0
564807627,23.5,21.468857,none,0.0,0.0,15.509274,35.28,32.325596,995.3584,,2023-06-09 03:47:23.906354,2023-06-09 21:11:30.164338,1044.1042997333334,0,0,1,4,0,0,,summer,0,0,1,0
564733827,22.6,20.041506,none,0.0,0.0,18.193361,38.16,34.134506,995.4953,,2023-06-09 03:47:26.679250,2023-06-09 21:11:31.223381,1044.0757355166668,0,0,1,4,0,0,,summer,0,0,1,0
564743227,22.6,20.041506,none,0.0,0.0,18.193361,38.16,34.134506,995.6099,,2023-06-09 03:47:29.712515,2023-06-09 21:11:50.375049,1044.3443755666667,0,0,1,4,0,0,,summer,0,0,1,0
564813027,16.0,14.119646,none,0.0,0.0,11.659777,20.519999,64.46388,997.59937,,2023-06-09 03:47:18.980472,2023-06-09 21:11:26.461513,1044.1246840166666,0,0,1,4,0,0,,summer,0,0,0,0
564813827,14.4,12.711901,none,0.0,0.0,9.693296,18.72,69.7768,999.1601,,2023-06-09 03:47:29.550210,2023-06-09 21:11:08.838492,1043.6548047,0,1,0,4,0,0,,summer,0,0,0,1
565222827,17.35,14.670975,none,0.0,0.0,16.946787,41.760002,58.770615,996.941,,2023-06-09 03:47:00.021820,2023-06-09 21:10:52.294009,1043.8712031500002,0,0,1,4,0,0,,summer,0,0,1,0
565225627,21.55,18.424202,none,0.0,0.0,19.813087,38.519997,38.187668,993.50757,,2023-06-09 03:46:39.112086,2023-06-09 21:11:53.082718,1045.2328438666666,0,0,1,4,0,0,,summer,0,0,1,0
564703627,14.65,13.769379,none,0.0,0.0,11.304229,18.359999,86.66337,1001.35394,,2023-06-09 03:47:43.534967,2023-06-09 21:09:04.695140,1041.35266955,0,0,1,4,0,0,,summer,0,0,0,0
564717427,21.55,18.72827,none,0.0,0.0,20.620806,39.96,42.883167,995.6899,,2023-06-09 03:46:21.533766,2023-06-09 21:10:12.899182,1043.8560902666666,0,0,1,4,0,0,,summer,0,0,1,0
564756027,21.1,18.31082,rain,0.3,0.0,19.61587,41.399998,43.636375,996.433,,2023-06-09 03:46:15.194310,2023-06-09 21:10:09.936643,1043.9123722166667,0,0,1,4,0,0,,summer,0,0,1,0
564806827,17.45,15.348469,none,0.0,0.0,13.5515,31.319998,59.59075,995.9394,,2023-06-09 03:48:31.216862,2023-06-09 21:10:34.454565,1042.0539617166667,0,0,1,4,0,0,,summer,0,0,0,0
564809027,19.25,15.772654,none,0.0,0.0,21.407139,48.96,50.267838,998.92395,,2023-06-09 03:47:36.717615,2023-06-09 21:12:00.840536,1044.4020486833333,0,0,1,4,0,0,,summer,0,0,1,0
564820427,13.15,11.380974,none,0.0,0.0,9.793058,17.28,74.41113,1002.16583,,2023-06-09 03:47:49.640073,2023-06-09 21:12:05.647098,1044.26678375,0,1,0,4,0,0,,summer,0,0,0,1
564913027,23.3,21.199139,none,0.0,0.0,18.03237,35.28,33.63308,996.32556,,2023-06-09 03:47:08.882256,2023-06-09 21:11:28.339775,1044.3242919833333,0,0,1,4,0,0,,summer,0,0,1,0
564750427,23.2,21.794918,none,0.0,0.0,14.039999,33.48,34.542118,986.9874,,2023-06-09 03:48:44.480276,2023-06-09 21:10:05.351321,1041.34785075,0,0,1,4,0,0,,summer,0,0,0,0
567914627,18.6,15.787443,none,0.0,0.0,17.581125,42.12,53.782246,995.0474,,2023-06-09 03:48:35.667967,2023-06-09 21:10:32.626979,1041.9493168666665,0,0,1,4,0,0,,summer,0,0,1,0
564801027,14.2,12.38818,none,0.0,0.0,9.904906,21.599998,69.03369,999.8577,,2023-06-09 03:47:01.271486,2023-06-09 21:10:40.477422,1043.6534322666666,0,1,0,4,0,0,,summer,0,0,0,1
564742427,23.2,21.298065,none,0.0,0.0,16.267857,35.64,33.37378,996.4336,,2023-06-09 03:47:56.434032,2023-06-09 21:11:51.667530,1043.9205583,0,0,1,4,0,0,,summer,0,0,1,0
564808627,16.65,15.022579,rain,0.1,0.0,11.659777,23.759998,65.69644,999.18524,,2023-06-09 03:47:52.336145,2023-06-09 21:11:20.036539,1043.4616732333334,0,0,1,4,0,0,,summer,0,0,0,0
564802427,18.65,15.641584,none,0.0,0.0,19.296133,40.68,54.34137,999.49005,,2023-06-09 03:47:20.672057,2023-06-09 21:09:59.816104,1042.6524007833334,0,0,1,4,0,0,,summer,0,0,1,0
564852627,13.25,11.76289,none,0.0,0.0,9.726664,14.759999,79.07582,999.2211,,2023-06-09 03:47:15.305590,2023-06-09 21:10:03.251705,1042.7991019166666,1,0,1,4,0,0,,summer,0,0,0,0
564816627,13.0,11.318397,none,0.0,0.0,8.654986,15.119999,73.63341,1001.8203,,2023-06-09 03:47:19.687105,2023-06-09 21:10:39.675507,1043.3331400333334,0,1,0,4,0,0,,summer,0,0,0,1
564824427,8.85,5.9626074,none,0.0,0.0,12.413476,20.16,80.34662,1000.6268,,2023-06-10 03:47:44.600106,2023-06-10 21:10:36.644705,1042.8674099833333,0,0,1,5,1,0,,summer,0,0,0,0
564883027,14.4,9.5954075,none,0.0,0.0,19.813087,36.719997,40.979935,1009.8342,,2023-06-10 03:46:58.657380,2023-06-10 21:10:35.630669,1043.6162214833334,0,0,1,5,1,0,,summer,0,0,1,0
564893827,13.9,9.1905,none,0.0,0.0,19.161337,33.12,42.328556,1006.1782,,2023-06-10 03:46:26.916520,2023-06-10 21:11:29.286008,1045.0394914666665,0,0,1,5,1,0,,summer,0,0,1,0
564902227,9.55,4.733633,none,0.0,0.0,18.35647,34.92,50.985634,1006.71674,,2023-06-10 03:48:59.433645,2023-06-10 21:10:47.065546,1041.7938650166666,0,1,0,5,1,0,,summer,0,0,1,1
564903027,9.35,4.641202,none,0.0,0.0,17.566378,34.2,51.4882,1007.14124,,2023-06-10 03:49:09.045608,2023-06-10 21:11:33.870506,1042.4137483,0,1,0,5,1,0,,summer,0,0,1,1
564823827,10.65,7.5599117,none,0.0,0.0,14.336861,28.08,72.95893,1001.7082,,2023-06-10 03:46:01.311071,2023-06-10 21:10:51.455291,1044.835737,0,0,1,5,1,0,,summer,0,0,0,0
564877427,15.3,10.671499,none,0.0,0.0,17.873554,38.519997,36.90525,1005.463,,2023-06-10 03:45:36.613372,2023-06-10 21:11:11.714306,1045.5850155666667,0,0,1,5,1,0,,summer,0,0,1,0
564888227,15.0,9.869634,none,0.0,0.0,21.096123,41.399998,37.084267,995.3097,,2023-06-10 03:48:23.184817,2023-06-10 21:10:59.054111,1042.5978215666667,0,0,1,5,1,0,,summer,0,0,1,0
564815827,10.45,7.195924,none,0.0,0.0,13.608762,27.72,67.7924,1001.6557,,2023-06-10 03:45:54.906913,2023-06-10 21:12:02.914883,1046.1334661666667,0,1,0,5,1,0,,summer,0,0,0,1
564867227,10.7,7.791189,none,0.0,0.0,12.261157,26.64,70.00025,997.5105,,2023-06-10 03:48:17.794701,2023-06-10 21:11:30.250363,1043.2075943666666,0,1,0,5,1,0,,summer,0,0,0,1
564866427,15.6,12.699562,none,0.0,0.0,15.990646,36.719997,40.02602,996.506,,2023-06-10 03:48:08.973563,2023-06-10 21:10:49.508538,1042.6755829166666,0,0,1,5,1,0,,summer,0,0,1,0
564887827,15.0,9.869634,none,0.0,0.0,21.096123,41.399998,37.084267,1003.0915,,2023-06-10 03:48:53.944667,2023-06-10 21:10:08.272839,1041.2388028666667,0,0,1,5,1,0,,summer,0,0,1,0
564919027,13.9,9.800713,none,0.0,0.0,19.008545,39.6,43.714935,999.15546,,2023-06-11 03:47:44.361841,2023-06-11 21:11:40.478097,1043.9352709333334,0,0,1,6,1,0,,summer,0,0,1,0
565950027,12.5,8.619487,none,0.0,0.0,14.480773,27.359999,49.282738,1004.17096,,2023-06-11 03:47:26.516040,2023-06-11 21:11:01.213152,1043.5782852,0,0,1,6,1,0,,summer,0,0,0,0
564905027,8.1,4.0315,none,0.0,0.0,13.979872,25.919998,59.15236,1009.4953,,2023-06-11 03:46:55.014894,2023-06-11 21:11:09.523642,1044.2418124666667,0,1,0,6,1,0,,summer,0,0,0,1
564952827,17.0,12.769726,none,0.0,0.0,19.453327,37.8,30.688503,1011.5382,,2023-06-11 03:46:34.532849,2023-06-11 21:12:12.104206,1045.6261892833334,0,0,1,6,1,0,,summer,0,0,1,0
564954027,11.75,8.396018,none,0.0,0.0,10.931203,19.8,51.960247,1008.54504,,2023-06-11 03:46:20.879507,2023-06-11 21:12:42.572076,1046.3615428166665,0,1,0,6,1,0,,summer,0,0,0,1
564968227,14.95,10.126774,none,0.0,0.0,19.319628,36.36,38.017963,1008.42706,,2023-06-11 03:46:51.737741,2023-06-11 21:13:03.481755,1046.1957335666668,0,0,1,6,1,0,,summer,0,0,1,0
565058827,10.6,7.4339314,none,0.0,0.0,9.826088,18.0,56.677773,1010.0192,,2023-06-11 03:47:51.925686,2023-06-11 21:13:54.490281,1046.04274325,0,1,0,6,1,0,,summer,0,0,0,1
564934227,14.9,10.668853,none,0.0,0.0,20.111729,39.239998,41.86608,1007.2956,,2023-06-11 03:47:00.954929,2023-06-11 21:10:54.693055,1043.8956354333334,0,0,1,6,1,0,,summer,0,0,1,0
564940027,16.8,12.884439,none,0.0,0.0,18.35647,39.96,31.535284,1009.96356,,2023-06-11 03:45:36.217599,2023-06-11 21:12:57.156813,1047.3489869,0,0,1,6,1,0,,summer,0,0,1,0
565030227,12.8,8.905506,none,0.0,0.0,14.693999,29.88,47.30025,1008.5791,,2023-06-11 03:45:24.811657,2023-06-11 21:13:34.222411,1048.1568459,0,0,1,6,1,0,,summer,0,0,0,0
567100427,14.85,10.794513,none,0.0,0.0,15.141414,34.56,40.9643,1009.5712,,2023-06-11 03:45:00.564960,2023-06-11 21:12:59.650269,1047.98475515,0,0,1,6,1,0,,summer,0,0,1,0
564953627,11.75,8.396018,none,0.0,0.0,10.931203,19.8,51.960247,1008.6655,,2023-06-11 03:46:20.911498,2023-06-11 21:12:43.872110,1046.3826768666668,1,0,0,6,1,0,,summer,0,0,0,0
566590827,16.25,12.417341,none,0.0,0.0,18.089775,37.44,35.10754,1008.0064,,2023-06-11 03:46:22.879673,2023-06-11 21:13:45.953799,1047.3845687666667,0,0,1,6,1,0,,summer,0,0,1,0
564905827,7.45,4.346961,none,0.0,0.0,10.464797,21.24,74.441795,1007.81647,,2023-06-11 03:48:39.801364,2023-06-11 21:12:25.028345,1043.7537830166666,0,0,1,6,1,0,,summer,0,0,0,0
564935027,15.3,10.968306,none,0.0,0.0,18.089775,36.719997,37.03857,1006.4099,,2023-06-11 03:45:33.821716,2023-06-11 21:13:39.577903,1048.09593645,0,0,1,6,1,0,,summer,0,0,1,0
564953827,11.1,7.662838,none,0.0,0.0,11.440979,18.0,54.050385,1013.0805,,2023-06-11 03:46:34.018035,2023-06-11 21:12:31.256725,1045.9539781666667,0,1,0,6,1,0,,summer,0,0,0,1
564905227,6.5,2.992385,none,0.0,0.0,11.983188,20.519999,74.00894,1005.638,,2023-06-11 03:47:52.190242,2023-06-11 21:11:25.639663,1043.5574903499999,0,0,1,6,1,0,,summer,0,0,0,0
565087427,6.55,3.0923367,none,0.0,0.0,11.885453,19.44,74.81214,1007.5033,,2023-06-11 03:47:16.930503,2023-06-11 21:10:47.869297,1043.5156465666666,0,0,1,6,1,0,,summer,0,0,0,0
564998027,15.95,12.233963,none,0.0,0.0,14.408997,34.92,41.8726,999.6774,,2023-06-12 03:46:00.293557,2023-06-12 21:16:35.965576,1050.59453365,0,0,1,0,0,1,День России,summer,0,0,0,0
565228027,10.7,7.300811,none,0.0,0.0,11.609651,20.519999,56.905407,1007.72675,,2023-06-12 03:46:19.842385,2023-06-12 21:14:48.392880,1048.4758415833335,0,1,0,0,0,1,День России,summer,0,0,0,1
565097027,18.05,13.265745,none,0.0,0.0,21.288757,38.519997,35.758896,1009.0954,,2023-06-12 03:45:38.270916,2023-06-12 21:12:55.155811,1047.2814149166668,0,0,1,0,0,1,День России,summer,0,0,1,0
565060027,11.3,8.389021,none,0.0,0.0,10.97262,22.68,63.18149,1010.584,,2023-06-12 03:45:01.173727,2023-06-12 21:13:39.171881,1048.6333025666668,0,0,1,0,0,1,День России,summer,0,0,0,0
564981627,17.4,14.3792,none,0.0,0.0,20.774214,41.760002,39.701134,1009.43024,,2023-06-12 03:44:58.391168,2023-06-12 21:12:58.809576,1048.0069734666665,0,0,1,0,0,1,День России,summer,0,0,1,0
564982427,18.15,14.71697,none,0.0,0.0,21.578989,42.12,34.171787,1006.76556,,2023-06-12 03:45:47.686704,2023-06-12 21:14:12.037560,1048.4058476,0,0,1,0,0,1,День России,summer,0,0,1,0
564994027,18.7,13.749695,none,0.0,0.0,21.629978,43.199997,32.199593,1006.4865,,2023-06-12 03:46:13.402079,2023-06-12 21:14:37.956061,1048.4092330333333,0,0,1,0,0,1,День России,summer,0,0,1,0
565004627,13.35,9.7041855,none,0.0,0.0,14.186923,27.0,50.224194,1005.0246,,2023-06-12 03:47:27.800516,2023-06-12 21:11:50.553202,1044.3792114333332,0,1,0,0,0,1,День России,summer,0,0,0,1
564999427,16.65,12.550482,none,0.0,0.0,16.595179,35.64,39.065796,1004.26776,,2023-06-12 03:47:04.955187,2023-06-12 21:13:49.144074,1046.73648145,0,0,1,0,0,1,День России,summer,0,0,1,0
565097827,18.2,13.653954,none,0.0,0.0,20.523157,40.68,36.830303,1007.98413,,2023-06-12 03:45:25.481788,2023-06-12 21:12:02.917082,1046.6239215666667,0,0,1,0,0,1,День России,summer,0,0,1,0
564993627,18.25,13.594978,none,0.0,0.0,20.948164,40.68,36.071526,1007.61456,,2023-06-12 03:45:08.443811,2023-06-12 21:13:08.394659,1047.9991808,0,0,1,0,0,1,День России,summer,0,0,1,0
564993427,17.95,13.102102,none,0.0,0.0,21.868332,42.839996,35.603153,1004.1067,,2023-06-12 03:47:34.377058,2023-06-12 21:13:12.700994,1045.6387322666667,0,0,1,0,0,1,День России,summer,0,0,1,0
564990227,18.25,14.016966,none,0.0,0.0,22.104116,46.079998,34.445152,1005.10706,,2023-06-12 03:47:18.660065,2023-06-12 21:11:55.471245,1044.6135196666667,0,0,1,0,0,1,День России,summer,0,0,1,0
564991027,18.55,14.291319,none,0.0,0.0,21.749483,43.199997,32.97085,1008.77094,,2023-06-12 03:45:53.284614,2023-06-12 21:12:44.775929,1046.8581885833332,0,0,1,0,0,1,День России,summer,0,0,1,0
564980827,16.8,13.356998,none,0.0,0.0,22.238562,42.12,40.660545,1009.8688,,2023-06-12 03:45:43.098002,2023-06-12 21:12:13.235691,1046.5022948166668,0,0,1,0,0,1,День России,summer,0,0,1,0
565018227,18.45,13.641399,none,0.0,0.0,21.194187,41.760002,33.8951,1007.86194,,2023-06-12 03:44:50.414735,2023-06-12 21:13:46.077980,1048.9277207500002,0,0,1,0,0,1,День России,summer,0,0,1,0
565036627,18.25,15.213976,none,0.0,0.0,19.559633,39.6,39.94677,1006.7885,,2023-06-13 03:44:44.498172,2023-06-13 21:13:57.997826,1049.2249942333333,0,0,1,1,0,0,,summer,0,0,1,0
565053427,19.65,17.069311,none,0.0,0.0,19.70815,37.8,37.77331,1007.4865,,2023-06-13 03:45:24.669260,2023-06-13 21:13:39.059004,1048.2398290666667,0,0,1,1,0,0,,summer,0,0,1,0
565079427,20.7,17.41492,none,0.0,0.0,13.039754,27.359999,33.826786,1002.86884,,2023-06-13 03:44:25.807713,2023-06-13 21:14:31.356785,1050.0924845333334,0,0,1,1,0,0,,summer,0,0,0,0
565080227,21.1,17.544922,none,0.0,0.0,13.684735,28.44,30.980516,999.9965,,2023-06-13 03:45:02.904621,2023-06-13 21:15:19.534130,1050.2771584833333,0,0,1,1,0,0,,summer,0,0,0,0
565085227,20.7,17.411043,none,0.0,0.0,12.758432,28.8,32.77484,995.1813,,2023-06-13 03:45:36.820815,2023-06-13 21:17:18.347288,1051.6921078833334,0,0,1,1,0,0,,summer,0,0,0,0
565094827,21.4,18.141384,none,0.0,0.0,15.517629,30.239998,29.254988,1003.1522,,2023-06-13 03:45:37.474609,2023-06-13 21:14:05.074619,1048.4600001666668,0,0,1,1,0,0,,summer,0,0,1,0
565106027,12.7,10.586058,none,0.0,0.0,7.4128532,13.32,63.065903,994.6811,,2023-06-13 03:47:04.035069,2023-06-13 21:13:34.873695,1046.5139771,0,1,0,1,0,0,,summer,0,0,0,1
565980427,20.55,17.234972,none,0.0,0.0,13.039754,27.72,33.783684,1003.7906,,2023-06-13 03:44:52.930226,2023-06-13 21:12:53.357472,1048.0071207666667,0,0,1,1,0,0,,summer,0,0,0,0
565067227,21.05,17.737473,none,0.0,0.0,16.09969,30.960001,30.316368,1005.59033,,2023-06-13 03:45:43.321548,2023-06-13 21:13:40.990042,1047.9611415666666,0,0,1,1,0,0,,summer,0,0,1,0
565102827,13.85,11.870262,none,0.0,0.0,8.14587,12.959999,62.89712,1002.9104,,2023-06-13 03:45:03.515022,2023-06-13 21:13:47.196669,1048.72802745,1,0,0,1,0,0,,summer,0,0,0,0
565014827,12.55,9.235664,none,0.0,0.0,14.021525,24.48,59.00415,1009.21277,,2023-06-13 03:45:48.556399,2023-06-13 21:13:54.612925,1048.1009421,0,0,1,1,0,0,,summer,0,0,0,0
565106227,16.2,13.872276,none,0.0,0.0,7.9036193,15.84,48.085308,999.8088,,2023-06-13 03:44:56.731968,2023-06-13 21:15:02.341400,1050.0934905333334,0,0,1,1,0,0,,summer,0,0,0,0
565090427,12.15,9.070771,none,0.0,0.0,13.281023,25.199999,63.157764,1005.6271,,2023-06-13 03:46:13.166108,2023-06-13 21:13:03.095312,1046.8321534,0,0,1,1,0,0,,summer,0,0,0,0
565037027,14.3,11.020609,none,0.0,0.0,15.175612,29.88,56.241833,1008.20404,,2023-06-13 03:45:08.548819,2023-06-13 21:13:36.175596,1048.4604462833333,0,0,1,1,0,0,,summer,0,0,1,0
565056627,18.9,16.41499,none,0.0,0.0,17.935081,39.6,37.820934,1002.2735,,2023-06-13 03:49:20.194261,2023-06-13 21:12:09.797859,1042.8267266333335,0,0,1,1,0,0,,summer,0,0,1,0
565057027,21.25,18.444557,none,0.0,0.0,15.84409,34.2,29.212637,1002.20715,,2023-06-13 03:45:13.912926,2023-06-13 21:14:25.796841,1049.19806525,0,0,1,1,0,0,,summer,0,0,1,0
565061627,18.8,15.995911,none,0.0,0.0,20.478907,40.32,39.688126,1002.0743,,2023-06-13 03:46:48.504773,2023-06-13 21:12:50.382866,1046.03130155,0,0,1,1,0,0,,summer,0,0,1,0
565083627,20.8,17.262821,none,0.0,0.0,13.627795,28.08,31.668644,998.45447,,2023-06-13 03:44:50.514384,2023-06-13 21:15:14.711633,1050.4032874833333,0,0,1,1,0,0,,summer,0,0,0,0
567687027,18.2,16.369755,none,0.0,0.0,6.9527545,20.16,47.322372,1002.1894,,2023-06-13 03:44:32.327611,2023-06-13 21:14:45.609356,1050.2213624166666,0,0,1,1,0,0,,summer,0,0,0,0
565091227,17.85,15.339533,none,0.0,0.0,10.587918,20.519999,46.259106,999.0649,,2023-06-13 03:46:13.031414,2023-06-13 21:12:32.899328,1046.3311319,0,0,1,1,0,0,,summer,0,0,0,0
565054627,20.05,17.5113,none,0.0,0.0,18.709612,38.16,36.592262,1000.3912,,2023-06-13 03:46:20.430847,2023-06-13 21:13:42.002824,1047.35953295,0,0,1,1,0,0,,summer,0,0,1,0
565095627,13.75,11.7525425,none,0.0,0.0,7.7043357,11.879999,61.803547,1000.904,,2023-06-13 03:44:47.092135,2023-06-13 21:13:04.489043,1048.2899484666666,0,1,0,1,0,0,,summer,0,0,0,1
565191427,15.85,12.39749,none,0.0,0.0,17.114204,33.48,51.260593,1006.44293,,2023-06-13 03:46:09.050570,2023-06-13 21:12:34.346911,1046.4216056833334,0,0,1,1,0,0,,summer,0,0,1,0
565093227,20.7,17.020771,none,0.0,0.0,14.471821,28.08,31.640057,1006.0124,,2023-06-13 03:45:37.626499,2023-06-13 21:13:04.475332,1047.44748055,0,0,1,1,0,0,,summer,0,0,0,0
565032227,15.95,12.599768,none,0.0,0.0,16.1198,32.760002,50.23375,1004.59546,,2023-06-13 03:47:33.106816,2023-06-13 21:12:11.648045,1044.6423538166666,0,0,1,1,0,0,,summer,0,0,1,0
565175027,17.95,14.803354,none,0.0,0.0,19.959719,40.32,40.00017,1001.5454,,2023-06-13 03:47:16.795283,2023-06-13 21:13:44.490909,1046.4615937666667,0,0,1,1,0,0,,summer,0,0,1,0
565178627,23.6,20.405415,none,0.0,0.0,13.18308,26.28,29.460882,998.8962,,2023-06-14 03:45:20.439285,2023-06-14 21:15:59.854774,1050.6569248166666,0,0,1,2,0,0,,summer,0,0,0,0
565190427,22.65,19.759733,none,0.0,0.0,13.104198,24.48,34.266846,1002.7529,,2023-06-14 03:44:26.995085,2023-06-14 21:12:58.630729,1048.5272607333334,0,0,1,2,0,0,,summer,0,0,0,0
565200227,15.8,13.877197,none,0.0,0.0,9.085988,14.4,58.589787,998.36957,,2023-06-14 03:44:11.027750,2023-06-14 21:14:12.576061,1050.0258051833332,0,1,0,2,0,0,,summer,0,0,0,1
565201427,23.05,21.26727,none,0.0,0.0,13.281023,29.519999,32.309692,996.3212,,2023-06-14 03:46:10.116088,2023-06-14 21:14:03.362953,1047.88744775,0,0,1,2,0,0,,summer,0,0,0,0
565179227,23.0,19.712727,none,0.0,0.0,13.891522,27.0,30.654585,999.8921,,2023-06-14 03:46:05.515927,2023-06-14 21:14:46.817807,1048.6883646666668,0,0,1,2,0,0,,summer,0,0,0,0
565179027,23.6,20.405415,none,0.0,0.0,13.18308,26.28,29.460882,1000.04266,,2023-06-14 03:45:31.365926,2023-06-14 21:15:18.279387,1049.7818910166666,0,0,1,2,0,0,,summer,0,0,0,0
565266827,23.15,20.385805,none,0.0,0.0,12.313894,24.84,33.130135,1002.74457,,2023-06-14 03:44:21.913416,2023-06-14 21:12:56.290307,1048.5729481833334,0,0,1,2,0,0,,summer,0,0,0,0
565246227,23.0,19.712727,none,0.0,0.0,13.891522,27.0,30.654585,1001.04236,,2023-06-14 03:45:51.888428,2023-06-14 21:14:57.868366,1049.0996656333332,0,0,1,2,0,0,,summer,0,0,0,0
566478227,19.75,18.42597,none,0.0,0.0,11.165805,24.48,47.750145,997.4593,,2023-06-14 03:46:29.264466,2023-06-14 21:13:34.628966,1047.0894083333335,0,0,1,2,0,0,,summer,0,0,0,0
567654827,23.6,21.22462,none,0.0,0.0,12.783802,27.359999,29.770615,995.64484,,2023-06-14 03:46:21.738362,2023-06-14 21:14:20.598716,1047.9810059,0,0,1,2,0,0,,summer,0,0,0,0
565816627,22.25,19.623219,none,0.0,0.0,11.298495,24.84,35.110046,1000.2737,,2023-06-14 03:44:31.687634,2023-06-14 21:15:10.142425,1050.6409131833332,0,0,1,2,0,0,,summer,0,0,0,0
565156027,22.1,20.864044,none,0.0,0.0,13.891522,29.519999,36.422348,1001.23016,,2023-06-14 03:45:39.171527,2023-06-14 21:14:18.960411,1048.6631480666667,0,0,1,2,0,0,,summer,0,0,0,0
565185227,20.8,19.190321,none,0.0,0.0,13.570615,28.44,39.712368,1003.93024,,2023-06-14 03:45:38.577858,2023-06-14 21:14:12.446130,1048.5644712,0,0,1,2,0,0,,summer,0,0,0,0
565193427,22.85,19.624924,none,0.0,0.0,13.608762,25.56,31.150696,997.7985,,2023-06-14 03:44:59.525164,2023-06-14 21:15:58.992934,1050.9911295,0,0,1,2,0,0,,summer,0,0,0,0
565206627,16.2,14.257284,none,0.0,0.0,8.714677,13.679999,55.955746,999.92535,,2023-06-14 03:45:57.866001,2023-06-14 21:15:02.560253,1049.0782375333333,0,1,0,2,0,0,,summer,0,0,0,1
565539027,18.55,16.306105,none,0.0,0.0,9.387651,17.28,45.50723,1000.9897,,2023-06-14 03:45:26.971071,2023-06-14 21:16:00.837839,1050.5644461333334,0,0,1,2,0,0,,summer,0,0,0,0
565186427,23.15,20.385805,none,0.0,0.0,12.313894,24.84,33.130135,1001.70795,,2023-06-14 03:44:20.642998,2023-06-14 21:12:58.778239,1048.6355873500002,0,0,1,2,0,0,,summer,0,0,0,0
565195027,21.25,18.722656,none,0.0,0.0,10.464797,24.48,37.065197,999.4679,,2023-06-14 03:45:28.022336,2023-06-14 21:15:23.374230,1049.9225315666667,0,0,1,2,0,0,,summer,0,0,0,0
565165427,22.3,21.246048,none,0.0,0.0,13.281023,28.08,36.85709,1003.55273,,2023-06-14 03:45:13.588671,2023-06-14 21:13:23.471965,1048.1647215666667,0,0,1,2,0,0,,summer,0,0,0,0
565358027,23.45,20.220444,none,0.0,0.0,13.684735,27.0,29.72849,1001.49414,,2023-06-14 03:45:35.684684,2023-06-14 21:15:05.188981,1049.4917382833332,0,0,1,2,0,0,,summer,0,0,0,0
565135827,18.7,17.004759,none,0.0,0.0,9.339208,21.24,51.84723,1002.58966,,2023-06-14 03:45:42.936890,2023-06-14 21:14:48.921743,1049.09974755,0,0,1,2,0,0,,summer,0,0,0,0
565185827,19.6,17.709005,none,0.0,0.0,9.290511,19.44,46.905537,989.46344,,2023-06-14 03:46:35.474801,2023-06-14 21:14:03.711689,1047.4706148,0,0,1,2,0,0,,summer,0,0,0,0
565170427,23.45,21.533176,none,0.0,0.0,13.217443,28.44,30.041035,998.6397,,2023-06-14 03:46:24.048948,2023-06-14 21:14:37.902689,1048.2308956833333,0,0,1,2,0,0,,summer,0,0,0,0
565194427,23.15,20.24783,none,0.0,0.0,13.104198,25.56,32.902107,1002.0532,,2023-06-14 03:45:17.750492,2023-06-14 21:13:24.815698,1048.1177534333333,0,0,1,2,0,0,,summer,0,0,0,0
565227827,22.85,20.031944,none,0.0,0.0,17.208603,31.68,33.970783,1000.78394,,2023-06-15 03:45:08.373663,2023-06-15 21:15:44.267743,1050.5982346666667,0,0,1,3,0,0,,summer,0,0,1,0
565247027,24.85,24.143505,none,0.0,0.0,12.57426,28.8,34.189007,1000.06665,,2023-06-15 03:43:59.435023,2023-06-15 21:15:50.864918,1051.8571649166668,0,0,1,3,0,0,,summer,0,0,0,0
565280027,23.65,22.197218,none,0.0,0.0,7.42159,21.24,38.265106,996.1033,,2023-06-15 03:47:59.217187,2023-06-15 21:15:14.204421,1047.2497872333333,0,0,1,3,0,0,,summer,0,0,0,0
565295027,23.05,23.018604,none,0.0,0.0,4.896529,16.56,50.443306,995.5251,,2023-06-15 03:44:57.723944,2023-06-15 21:15:43.911397,1050.7697908833334,0,0,1,3,0,0,,summer,0,0,0,0
565299227,16.8,14.762127,none,0.0,0.0,11.631956,12.959999,58.834793,997.211,,2023-06-15 03:45:13.425508,2023-06-15 21:15:45.540072,1050.5352427333335,0,1,0,3,0,0,,summer,0,0,0,1
565398427,24.65,23.741488,none,0.0,0.0,13.608762,29.519999,35.192276,997.8349,,2023-06-15 03:45:57.674877,2023-06-15 21:13:49.422074,1047.8624532833333,0,0,1,3,0,0,,summer,0,0,0,0
565423227,24.5,22.42503,none,0.0,0.0,8.534353,20.16,32.054386,1000.1702,,2023-06-15 03:45:19.054908,2023-06-15 21:14:52.170476,1049.5519261333334,0,0,1,3,0,0,,summer,0,0,0,0
565522027,24.8,22.337662,none,0.0,0.0,10.086427,22.319998,30.003347,995.9647,,2023-06-15 03:44:57.254111,2023-06-15 21:15:43.382124,1050.7688002166667,0,0,1,3,0,0,,summer,0,0,0,0
565270827,24.2,23.377602,none,0.0,0.0,12.522619,29.88,35.30401,999.1466,,2023-06-15 03:44:03.549064,2023-06-15 21:16:13.294701,1052.1624272833333,0,0,1,3,0,0,,summer,0,0,0,0
565238427,23.9,22.527798,none,0.0,0.0,14.332341,32.399998,33.34321,990.4708,,2023-06-15 03:46:11.699253,2023-06-15 21:14:46.681322,1048.5830344833332,0,0,1,3,0,0,,summer,0,0,0,0
565291827,22.3,19.885157,none,0.0,0.0,15.716793,30.599998,36.605022,1003.5403,,2023-06-15 03:45:06.233132,2023-06-15 21:13:59.957060,1048.8953988,0,0,1,3,0,0,,summer,0,0,1,0
565297427,18.05,16.455067,none,0.0,0.0,7.7879906,13.32,52.737984,994.0106,,2023-06-15 03:46:28.653533,2023-06-15 21:14:06.099685,1047.6241025333334,0,1,0,3,0,0,,summer,0,0,0,1
565287227,24.25,23.481873,none,0.0,0.0,5.3517847,18.72,40.55522,1001.20526,,2023-06-15 03:45:22.498996,2023-06-15 21:13:55.995386,1048.5582731666666,0,0,1,3,0,0,,summer,0,0,0,0
565213827,11.9,10.105204,none,0.0,0.0,7.7043357,12.24,73.94045,1002.9746,,2023-06-15 03:45:22.360719,2023-06-15 21:14:28.591356,1049.10384395,0,1,0,3,0,0,,summer,0,0,0,1
565228827,23.25,21.090855,none,0.0,0.0,16.167967,34.2,33.044373,1001.3179,,2023-06-15 03:45:40.411955,2023-06-15 21:15:36.755746,1049.9390631833332,0,0,1,3,0,0,,summer,0,0,1,0
565280627,24.8,22.337662,none,0.0,0.0,10.086427,22.319998,30.003347,996.4201,,2023-06-15 03:44:34.848488,2023-06-15 21:15:57.470530,1051.3770340333333,0,0,1,3,0,0,,summer,0,0,0,0
566015227,17.2,15.14344,none,0.0,0.0,10.086427,15.4800005,53.78194,996.39856,,2023-06-15 03:45:17.653641,2023-06-15 21:15:59.472138,1050.69697495,0,1,0,3,0,0,,summer,0,0,0,1
565242027,24.45,23.90262,none,0.0,0.0,12.55879,28.08,36.224407,999.259,,2023-06-15 03:44:15.503413,2023-06-15 21:14:17.748278,1050.0374144166667,0,0,1,3,0,0,,summer,0,0,0,0
565242227,24.85,24.143505,none,0.0,0.0,12.57426,28.8,34.189007,999.9523,,2023-06-15 03:44:06.272792,2023-06-15 21:15:22.891172,1051.276973,0,0,1,3,0,0,,summer,0,0,0,0
565277827,25.2,22.509604,none,0.0,0.0,11.726277,23.759998,29.397547,993.09283,,2023-06-15 03:45:59.447480,2023-06-15 21:14:58.486199,1048.98397865,0,0,1,3,0,0,,summer,0,0,0,0
565251227,24.55,23.66,none,0.0,0.0,13.32,29.88,33.98802,994.1221,,2023-06-15 03:45:55.288420,2023-06-15 21:14:59.021865,1049.0622240833334,0,0,1,3,0,0,,summer,0,0,0,0
565275427,24.4,22.291096,none,0.0,0.0,10.00256,23.039999,33.945503,993.1463,,2023-06-15 03:47:11.201625,2023-06-15 21:15:09.143539,1047.9656985666668,0,0,1,3,0,0,,summer,0,0,0,0
565298227,19.95,17.696077,none,0.0,0.0,9.693296,16.919998,42.140427,995.7466,,2023-06-15 03:45:01.845530,2023-06-15 21:16:07.380691,1051.0922526833333,0,1,0,3,0,0,,summer,0,0,0,1
565274827,23.65,21.285751,none,0.0,0.0,11.090103,23.759998,34.5518,990.8488,,2023-06-15 03:44:52.666309,2023-06-15 21:18:44.798699,1053.8688731666666,0,0,1,3,0,0,,summer,0,0,0,0
565287827,24.5,22.42503,none,0.0,0.0,8.534353,20.16,32.054386,997.42737,,2023-06-15 03:44:46.120580,2023-06-15 21:14:47.287580,1050.01945,0,0,1,3,0,0,,summer,0,0,0,0
565365427,25.85,25.567759,none,0.0,0.0,6.297428,17.28,31.243004,997.7213,,2023-06-16 03:44:37.658594,2023-06-16 21:15:13.535579,1050.59794975,0,0,1,4,0,0,,summer,0,0,0,0
565321827,21.6,21.607012,none,0.0,0.0,3.219938,11.159999,52.78391,995.7604,,2023-06-16 03:43:39.317816,2023-06-16 21:16:15.605167,1052.6047891833334,0,0,1,4,0,0,,summer,0,0,0,0
565406227,19.2,17.819897,none,0.0,0.0,11.269782,16.56,58.43729,990.73615,,2023-06-16 03:45:50.910118,2023-06-16 21:14:22.510183,1048.52666775,0,0,1,4,0,0,,summer,0,0,0,0
565421827,19.5,17.988783,none,0.0,0.0,8.287822,12.24,50.165493,993.3872,,2023-06-16 03:44:47.043244,2023-06-16 21:15:52.697803,1051.09424265,0,1,0,4,0,0,,summer,0,0,0,1
565411027,19.05,17.706919,none,0.0,0.0,8.825508,11.879999,54.810757,997.2218,,2023-06-16 03:45:07.760068,2023-06-16 21:14:41.642564,1049.5647082666667,0,1,0,4,0,0,,summer,0,0,0,1
565413427,25.75,24.121864,none,0.0,0.0,7.9932976,18.359999,32.96148,995.7179,,2023-06-16 03:44:37.231908,2023-06-16 21:14:12.818351,1049.5931073833333,0,0,1,4,0,0,,summer,0,0,0,0
565417427,13.4,11.8886795,none,0.0,0.0,8.759178,11.879999,75.21115,994.32007,,2023-06-16 03:45:49.383691,2023-06-16 21:14:47.913705,1048.9755002333334,0,1,0,4,0,0,,summer,0,0,0,1
565425827,19.8,18.235691,none,0.0,0.0,8.287822,12.24,48.579014,994.1974,,2023-06-16 03:45:42.363200,2023-06-16 21:16:50.053418,1051.1281703,0,1,0,4,0,0,,summer,0,0,0,1
565586227,25.4,23.459229,none,0.0,0.0,10.315115,26.64,33.882523,994.49585,,2023-06-16 03:43:52.245765,2023-06-16 21:16:34.788846,1052.70905135,0,0,1,4,0,0,,summer,0,0,0,0
565398827,27.25,23.95657,none,0.0,0.0,13.70839,26.28,23.55037,993.58734,,2023-06-16 03:45:08.096679,2023-06-16 21:16:34.755887,1051.4443201333333,0,0,1,4,0,0,,summer,0,0,0,0
565372627,27.8,24.726252,none,0.0,0.0,12.413477,26.64,23.044464,995.50287,,2023-06-16 03:45:54.908638,2023-06-16 21:16:18.578590,1050.3944992,0,0,1,4,0,0,,summer,0,0,0,0
565383427,26.65,23.622053,none,0.0,0.0,14.113653,26.28,27.072062,992.64484,,2023-06-16 03:46:11.237945,2023-06-16 21:14:27.157376,1048.26532385,0,0,1,4,0,0,,summer,0,0,0,0
565336227,22.6,22.036705,none,0.0,0.0,6.489992,16.919998,48.68753,994.8089,,2023-06-16 03:46:55.389244,2023-06-16 21:14:13.504683,1047.3019239833334,0,0,1,4,0,0,,summer,0,0,0,0
565477427,20.7,19.11067,none,0.0,0.0,10.799999,12.599999,49.9831,992.43115,,2023-06-16 03:44:50.570247,2023-06-16 21:16:28.914371,1051.6390687333335,1,0,0,4,0,0,,summer,0,0,0,0
565444227,20.4,18.418863,none,0.0,0.0,13.584932,23.039999,51.08689,992.45514,,2023-06-16 03:44:47.916817,2023-06-16 21:17:03.076187,1052.2526561666666,0,1,0,4,0,0,,summer,0,0,0,1
565421627,23.3,22.20537,none,0.0,0.0,7.5942082,22.319998,42.94101,992.79285,,2023-06-16 03:44:39.415542,2023-06-16 21:15:41.036494,1051.0270158666667,0,0,1,4,0,0,,summer,0,0,0,0
565312027,16.1,14.448782,none,0.0,0.0,8.891343,13.32,61.306393,995.5073,,2023-06-16 03:44:32.880684,2023-06-16 21:15:55.211589,1051.37218175,0,1,0,4,0,0,,summer,0,0,0,1
565349027,24.8,25.058184,none,0.0,0.0,6.0347,19.08,38.33289,994.4313,,2023-06-16 03:45:24.982854,2023-06-16 21:14:21.491860,1048.9418167666668,0,0,1,4,0,0,,summer,0,0,0,0
565416627,26.1,25.522537,none,0.0,0.0,6.4096174,18.0,29.851818,991.0767,,2023-06-16 03:46:03.805748,2023-06-16 21:15:34.433640,1049.5104648666666,0,0,1,4,0,0,,summer,0,0,0,0
565421427,18.35,16.716366,none,0.0,0.0,8.766573,11.879999,53.17545,991.3087,,2023-06-16 03:47:00.195866,2023-06-16 21:16:02.505810,1049.0384990666666,0,1,0,4,0,0,,summer,0,0,0,1
565299427,15.7,14.042837,none,0.0,0.0,9.387651,12.959999,63.96442,992.9034,,2023-06-16 03:46:36.662082,2023-06-16 21:14:29.474824,1047.8802123666667,0,1,0,4,0,0,,summer,0,0,0,1
565583427,23.35,22.808178,none,0.0,0.0,4.8965297,15.119999,44.412624,996.9163,,2023-06-16 03:44:12.245717,2023-06-16 21:16:39.960499,1052.4619130333333,0,0,1,4,0,0,,summer,0,0,0,0
565389227,27.05,23.899115,none,0.0,0.0,14.417988,26.64,25.811003,995.7298,,2023-06-16 03:44:46.550577,2023-06-16 21:15:19.571253,1050.5503446,0,0,1,4,0,0,,summer,0,0,0,0
565395227,26.4,23.903618,none,0.0,0.0,11.177405,27.0,28.33864,990.8551,,2023-06-16 03:45:34.107929,2023-06-16 21:15:25.870278,1049.8627058166667,0,0,1,4,0,0,,summer,0,0,0,0
565410027,27.1,24.377228,none,0.0,0.0,10.009036,25.919998,24.008509,995.2118,,2023-06-16 03:45:11.667923,2023-06-16 21:16:30.638717,1051.3161799,0,0,1,4,0,0,,summer,0,0,0,0
565499427,25.95,23.089832,none,0.0,0.0,11.753877,23.039999,26.694859,995.3065,,2023-06-17 03:44:01.220084,2023-06-17 21:17:14.178252,1053.2159694666666,0,0,1,5,1,0,,summer,0,0,0,0
565549627,26.55,24.833202,none,0.0,0.0,10.233123,22.68,28.772041,996.5723,,2023-06-17 03:43:21.134749,2023-06-17 21:16:47.290173,1053.4359237333333,0,0,1,5,1,0,,summer,0,0,0,0
565553227,26.6,23.981825,none,0.0,0.0,10.315115,19.44,25.958279,994.3729,,2023-06-17 03:44:27.661760,2023-06-17 21:16:45.307897,1052.2941022833334,0,0,1,5,1,0,,summer,0,0,0,0
565502227,26.15,24.134483,none,0.0,0.0,7.172949,20.880001,27.882639,993.31305,,2023-06-17 03:45:56.798148,2023-06-17 21:15:08.963753,1049.2027600833333,0,0,1,5,1,0,,summer,0,0,0,0
565454227,18.3,18.060848,none,0.0,0.0,7.69592,16.919998,70.30221,992.9439,,2023-06-17 03:46:46.681631,2023-06-17 21:15:08.807170,1048.3687589833332,0,0,1,5,1,0,,summer,0,0,0,0
565503427,20.85,20.535412,none,0.0,0.0,8.089993,18.359999,59.808254,988.97577,,2023-06-17 03:46:02.105451,2023-06-17 21:15:53.184186,1049.85131225,0,0,1,5,1,0,,summer,0,0,0,0
565458027,21.0,20.686579,none,0.0,0.0,8.427383,18.0,59.84374,993.114,,2023-06-17 03:44:37.830240,2023-06-17 21:16:47.894258,1052.1677336333332,0,0,1,5,1,0,,summer,0,0,0,0
565486427,25.3,23.593048,none,0.0,0.0,11.435313,26.64,37.583508,993.98883,,2023-06-17 03:45:35.111963,2023-06-17 21:15:29.979460,1049.9144582833333,0,0,1,5,1,0,,summer,0,0,0,0
565509227,25.3,23.18882,none,0.0,0.0,9.931042,27.72,32.060455,989.5053,,2023-06-17 03:50:09.397097,2023-06-17 21:14:25.377721,1044.2663437333333,0,0,1,5,1,0,,summer,0,0,0,0
565972827,18.95,16.373314,none,0.0,0.0,15.778518,26.64,52.26506,997.86115,,2023-06-17 03:45:08.852744,2023-06-17 21:15:53.262697,1050.7401658833335,0,1,0,5,1,0,,summer,0,0,1,1
568870627,22.2,19.75284,none,0.0,0.0,17.068707,32.399998,46.21083,991.8575,,2023-06-17 03:46:21.032751,2023-06-17 21:16:19.635753,1049.9767167,0,0,1,5,1,0,,summer,0,0,1,0
565666027,26.4,25.046097,none,0.0,0.0,9.0,24.119999,28.63215,998.4768,,2023-06-17 03:45:10.909496,2023-06-17 21:16:43.117880,1051.5368064,0,0,1,5,1,0,,summer,0,0,0,0
565428227,18.85,17.48027,none,0.0,0.0,10.086427,23.039999,57.57888,996.38916,,2023-06-17 03:44:57.874340,2023-06-17 21:16:16.783623,1051.3151547166667,0,1,0,5,1,0,,summer,0,0,0,1
571585627,22.6,20.370695,none,0.0,0.0,13.570615,24.84,42.03126,993.63214,,2023-06-17 03:47:45.002855,2023-06-17 21:15:32.667865,1047.7944168333333,0,0,1,5,1,0,,summer,0,0,0,0
565493627,26.75,25.548023,none,0.0,0.0,7.172949,20.880001,28.144089,996.2589,,2023-06-17 03:44:01.208299,2023-06-17 21:16:06.171452,1052.0827192166666,0,0,1,5,1,0,,summer,0,0,0,0
565427627,14.5,14.223551,none,0.0,0.0,6.489992,12.24,85.7986,996.9121,,2023-06-17 03:45:01.163434,2023-06-17 21:15:55.879605,1050.9119361833334,0,1,0,5,1,0,,summer,0,0,0,1
565517227,20.7,20.503895,none,0.0,0.0,8.089993,17.64,61.760185,997.1455,,2023-06-17 03:44:38.704423,2023-06-17 21:15:39.809244,1051.0184136833334,0,0,1,5,1,0,,summer,0,0,0,0
565664427,26.55,24.17354,none,0.0,0.0,8.287822,20.16,25.586979,991.5508,,2023-06-17 03:45:50.574161,2023-06-17 21:16:01.006910,1050.17387915,0,0,1,5,1,0,,summer,0,0,0,0
565560827,21.5,20.847414,none,0.0,0.0,7.2805495,20.16,37.393642,999.5239,,2023-06-18 03:44:35.575037,2023-06-18 21:16:38.479941,1052.0484150666666,0,0,1,6,1,0,,summer,0,0,0,0
565757627,24.15,22.633839,none,0.0,0.0,7.6367526,18.359999,29.71798,1000.0235,,2023-06-18 03:45:07.021219,2023-06-18 21:16:13.822576,1051.11335595,0,0,1,6,1,0,,summer,0,0,0,0
565833227,18.7,16.073317,none,0.0,0.0,15.03835,31.68,50.97692,996.626,,2023-06-18 03:45:18.379916,2023-06-18 21:15:18.470739,1050.0015137166668,1,0,0,6,1,0,,summer,0,0,1,0
568093227,19.1,16.782848,none,0.0,0.0,12.738099,24.119999,49.38366,996.6168,,2023-06-18 03:44:42.802138,2023-06-18 21:17:40.846008,1052.9673978333333,1,0,0,6,1,0,,summer,0,0,0,0
565561427,24.0,22.66334,none,0.0,0.0,7.172949,18.359999,30.829876,995.6553,,2023-06-18 03:45:20.644114,2023-06-18 21:15:13.501750,1049.8809606,0,0,1,6,1,0,,summer,0,0,0,0
565566827,20.4,17.606794,none,0.0,0.0,16.08761,39.239998,45.712593,1001.06165,,2023-06-18 03:45:04.628359,2023-06-18 21:17:50.597620,1052.76615435,0,0,1,6,1,0,,summer,0,0,1,0
565590827,23.05,21.221981,none,0.0,0.0,6.130579,21.24,33.910797,997.73376,,2023-06-18 03:43:36.461859,2023-06-18 21:15:58.064198,1052.3600389833332,0,0,1,6,1,0,,summer,0,0,0,0
565574227,15.6,12.831177,none,0.0,0.0,13.392774,24.48,55.802376,998.8072,,2023-06-18 03:43:23.861702,2023-06-18 21:16:24.448321,1053.0097769833333,0,1,0,6,1,0,,summer,0,0,0,1
565520227,16.85,14.334063,none,0.0,0.0,13.237039,24.48,54.987446,994.16113,,2023-06-18 03:46:42.830161,2023-06-18 21:16:55.607536,1050.21295625,0,1,0,6,1,0,,summer,0,0,0,1
565541827,21.45,20.549047,none,0.0,0.0,8.647496,22.319998,37.250736,993.99445,,2023-06-18 03:45:41.188855,2023-06-18 21:16:28.028217,1050.7806560333333,0,0,1,6,1,0,,summer,0,0,0,0
565554227,23.7,21.551853,none,0.0,0.0,8.089993,19.8,32.270813,996.7445,,2023-06-18 03:43:16.317186,2023-06-18 21:16:37.962504,1053.3607553,0,0,1,6,1,0,,summer,0,0,0,0
565560027,23.35,21.350391,none,0.0,0.0,5.8603754,18.72,31.183773,999.2424,,2023-06-18 03:44:35.241294,2023-06-18 21:16:22.952875,1051.7951930166666,0,0,1,6,1,0,,summer,0,0,0,0
565567027,18.75,16.476053,none,0.0,0.0,13.246826,31.68,52.0361,1002.09045,,2023-06-18 03:44:38.520913,2023-06-18 21:16:32.926115,1051.9067533666666,0,0,1,6,1,0,,summer,0,0,0,0
565567827,18.55,16.557285,none,0.0,0.0,10.691453,23.759998,51.457577,996.9097,,2023-06-18 03:43:58.267803,2023-06-18 21:17:48.741365,1053.8412260333332,1,0,0,6,1,0,,summer,0,0,0,0
565559027,23.3,22.352367,none,0.0,0.0,7.5685663,19.44,34.334095,1000.9134,,2023-06-18 03:45:20.103700,2023-06-18 21:15:26.816403,1050.1118783833333,0,0,1,6,1,0,,summer,0,0,0,0
565540427,21.9,21.05786,none,0.0,0.0,7.69592,22.319998,35.252907,994.7343,,2023-06-18 03:45:31.994727,2023-06-18 21:17:31.929219,1051.9989082,0,0,1,6,1,0,,summer,0,0,0,0
565567627,20.4,17.505589,none,0.0,0.0,16.870138,35.28,45.86781,996.4456,,2023-06-18 03:44:36.978561,2023-06-18 21:17:06.693419,1052.4952476333333,0,0,1,6,1,0,,summer,0,0,1,0
565782227,16.15,13.985704,none,0.0,0.0,12.229406,19.44,60.69921,998.27423,,2023-06-18 03:44:42.363149,2023-06-18 21:17:29.548092,1052.7864157166666,0,1,0,6,1,0,,summer,0,0,0,1
565519627,16.8,13.969807,none,0.0,0.0,13.570615,22.319998,51.16368,995.7355,,2023-06-18 03:44:13.020429,2023-06-18 21:17:16.891698,1053.06452115,0,1,0,6,1,0,,summer,0,0,0,1
565563227,23.15,20.557495,none,0.0,0.0,10.829959,23.4,32.902107,999.6418,,2023-06-18 03:44:19.014439,2023-06-18 21:15:14.875018,1050.93100965,0,0,1,6,1,0,,summer,0,0,0,0
565538827,20.55,19.620216,none,0.0,0.0,5.771239,17.64,40.190228,999.0836,,2023-06-18 03:43:51.149047,2023-06-18 21:15:43.827125,1051.8779679666666,0,0,1,6,1,0,,summer,0,0,0,0
565835427,20.65,18.754194,none,0.0,0.0,10.739832,16.56,46.40545,995.3776,,2023-06-18 03:46:08.099281,2023-06-18 21:15:33.176475,1049.4179532333333,0,0,1,6,1,0,,summer,0,0,0,0
567066027,23.0,20.712294,none,0.0,0.0,8.209263,23.039999,32.407585,997.48486,,2023-06-18 03:45:08.344687,2023-06-18 21:15:10.274127,1050.0321573333333,0,0,1,6,1,0,,summer,0,0,0,0
565558427,23.75,21.625654,none,0.0,0.0,6.1305785,18.0,29.605865,997.43353,,2023-06-18 03:44:37.330253,2023-06-18 21:17:27.382860,1052.8342101166666,0,0,1,6,1,0,,summer,0,0,0,0
565597827,17.55,14.637377,none,0.0,0.0,11.212135,23.759998,42.185383,999.91296,,2023-06-19 03:44:42.787874,2023-06-19 21:17:17.699944,1052.5818678333333,0,0,1,0,0,0,,summer,0,0,0,0
565634027,21.4,18.390759,none,0.0,0.0,8.4963045,19.08,28.033573,989.11383,,2023-06-19 03:45:49.823412,2023-06-19 21:16:32.444459,1050.7103507833333,0,0,1,0,0,0,,summer,0,0,0,0
565639027,21.35,20.199463,none,0.0,0.0,8.669949,23.4,30.187544,993.6297,,2023-06-19 03:46:01.206187,2023-06-19 21:16:44.208700,1050.71670855,0,0,1,0,0,0,,summer,0,0,0,0
565691627,17.05,14.535267,none,0.0,0.0,8.534353,11.879999,44.152023,995.4544,,2023-06-19 03:44:56.400104,2023-06-19 21:18:04.950200,1053.1425016,0,0,1,0,0,0,,summer,0,0,0,0
566358827,17.25,14.571695,none,0.0,0.0,10.948973,23.039999,45.77242,1002.7119,,2023-06-19 03:44:58.358949,2023-06-19 21:16:16.405350,1051.30077335,0,0,1,0,0,0,,summer,0,0,0,0
565630427,21.7,19.348778,none,0.0,0.0,8.891344,23.4,26.749048,1001.8743,,2023-06-19 03:44:50.797459,2023-06-19 21:15:47.226356,1050.9404816166666,0,0,1,0,0,0,,summer,0,0,0,0
565689227,17.55,14.731447,none,0.0,0.0,10.538843,24.48,42.038216,1001.0657,,2023-06-19 03:43:53.066975,2023-06-19 21:17:49.358125,1053.9381858333334,0,0,1,0,0,0,,summer,0,0,0,0
565724627,20.05,18.993818,none,0.0,0.0,8.669949,23.4,33.639835,1000.9101,,2023-06-19 03:44:10.660596,2023-06-19 21:15:51.200322,1051.6756621,0,0,1,0,0,0,,summer,0,0,0,0
565577027,15.45,12.692532,none,0.0,0.0,14.386494,25.199999,58.904522,995.662,,2023-06-19 03:45:30.374388,2023-06-19 21:17:56.395216,1052.4336804666666,0,1,0,0,0,0,,summer,0,0,0,1
565677027,20.75,18.08744,none,0.0,0.0,7.69592,15.4800005,31.878496,998.87286,,2023-06-19 03:44:20.159465,2023-06-19 21:15:43.989135,1051.3971611666666,0,0,1,0,0,0,,summer,0,0,0,0
565600027,19.35,17.861797,none,0.0,0.0,9.585739,24.48,36.51803,1003.16766,,2023-06-19 03:44:46.356749,2023-06-19 21:16:46.592211,1052.0039243666665,0,0,1,0,0,0,,summer,0,0,0,0
565607227,19.95,19.009966,none,0.0,0.0,8.669949,24.48,35.43044,1001.25336,,2023-06-19 03:45:06.625643,2023-06-19 21:16:37.849129,1051.5203914333333,0,0,1,0,0,0,,summer,0,0,0,0
565989227,22.25,18.581495,none,0.0,0.0,10.739833,24.119999,23.053644,994.73444,,2023-06-19 03:44:15.161630,2023-06-19 21:18:33.635465,1054.30789725,0,0,1,0,0,0,,summer,0,0,0,0
566031027,14.3,11.798918,none,0.0,0.0,10.296251,11.879999,57.420753,998.8095,,2023-06-19 03:45:24.627043,2023-06-19 21:17:17.989341,1051.8893716333334,0,1,0,0,0,0,,summer,0,0,0,1
566321827,20.15,19.020731,none,0.0,0.0,8.942214,23.759998,33.197586,1003.4943,,2023-06-19 03:44:47.602388,2023-06-19 21:15:47.358566,1050.9959363,0,0,1,0,0,0,,summer,0,0,0,0
565597027,18.0,14.925301,none,0.0,0.0,10.853866,25.199999,38.09382,999.1233,,2023-06-19 03:44:35.556145,2023-06-19 21:18:05.018294,1053.4910358166667,0,0,1,0,0,0,,summer,0,0,0,0
565607627,18.6,16.433825,none,0.0,0.0,10.464797,24.84,38.401978,1001.4174,,2023-06-19 03:43:48.851654,2023-06-19 21:15:40.634291,1051.86304395,0,0,1,0,0,0,,summer,0,0,0,0
565647427,18.75,16.712645,none,0.0,0.0,9.107359,24.84,37.12003,997.7939,,2023-06-19 03:44:58.679595,2023-06-19 21:18:49.023614,1053.8390669833332,0,0,1,0,0,0,,summer,0,0,0,0
565608627,20.0,19.024448,none,0.0,0.0,7.928177,22.68,33.271626,1000.0757,,2023-06-19 03:43:17.704361,2023-06-19 21:17:32.710664,1054.25010505,0,0,1,0,0,0,,summer,0,0,0,0
565614427,20.95,19.817478,none,0.0,0.0,9.1641035,22.68,30.719814,1001.86066,,2023-06-19 03:44:52.542732,2023-06-19 21:17:00.616103,1052.1345561833334,0,0,1,0,0,0,,summer,0,0,0,0
565601027,19.5,17.973919,none,0.0,0.0,9.726664,25.199999,35.926052,1001.0936,,2023-06-19 03:44:34.104409,2023-06-19 21:15:44.463504,1051.1726515833334,0,0,1,0,0,0,,summer,0,0,0,0
565629427,22.05,19.698246,none,0.0,0.0,8.891344,21.96,26.371445,996.4735,,2023-06-19 03:43:33.198340,2023-06-19 21:17:56.597341,1054.38998335,0,0,1,0,0,0,,summer,0,0,0,0
565835227,21.4,18.390759,none,0.0,0.0,8.4963045,19.08,28.033573,997.4891,,2023-06-19 03:45:10.136389,2023-06-19 21:16:50.150434,1051.66690075,0,0,1,0,0,0,,summer,0,0,0,0
565637827,19.95,17.162436,none,0.0,0.0,7.10031,19.8,30.871601,997.1706,,2023-06-19 03:45:08.678328,2023-06-19 21:18:26.330642,1053.2942052333333,0,0,1,0,0,0,,summer,0,0,0,0
566101427,18.4,16.128885,none,0.0,0.0,11.503113,26.28,39.850517,998.60364,,2023-06-19 03:45:15.017192,2023-06-19 21:16:17.347992,1051.0388466666668,0,0,1,0,0,0,,summer,0,0,0,0
565595227,17.35,14.781065,none,0.0,0.0,10.390226,23.039999,45.800552,1003.0699,,2023-06-19 03:44:40.233711,2023-06-19 21:15:48.587735,1051.1392337333334,0,0,1,0,0,0,,summer,0,0,0,0
565646627,15.75,13.825754,none,0.0,0.0,6.1094027,10.440001,51.768097,994.5268,,2023-06-19 03:44:25.633977,2023-06-19 21:18:35.169228,1054.15892085,0,1,0,0,0,0,,summer,0,0,0,1
567510427,13.6,10.407299,none,0.0,0.0,13.0447235,22.68,54.7107,997.09357,,2023-06-19 03:45:45.447285,2023-06-19 21:15:36.585355,1049.8523011666666,0,1,0,0,0,0,,summer,0,0,0,1
565691227,22.7,19.627304,none,0.0,0.0,20.969807,44.639996,40.11722,992.0379,,2023-06-20 03:44:09.141157,2023-06-20 21:18:30.331718,1054.3531760166668,0,0,1,1,0,0,,summer,0,0,1,0
565717827,19.05,16.74053,none,0.0,0.0,13.854155,24.84,51.765106,997.52734,,2023-06-20 03:44:26.323921,2023-06-20 21:17:16.871299,1052.8424563,0,0,1,1,0,0,,summer,0,0,0,0
565722627,20.75,17.769953,none,0.0,0.0,18.448023,45.0,46.59007,997.2726,,2023-06-20 03:44:47.979003,2023-06-20 21:16:06.324541,1051.3057589666666,0,0,1,1,0,0,,summer,0,0,1,0
565748827,18.75,16.369623,rain,0.2,0.0,17.518356,46.44,58.913647,994.9185,,2023-06-20 03:45:41.230360,2023-06-20 21:18:26.863656,1052.7605549333334,0,0,1,1,0,0,,summer,0,0,1,0
565860827,23.65,19.539307,none,0.0,0.0,22.7057,45.36,31.26856,994.41077,,2023-06-20 03:44:14.464076,2023-06-20 21:17:08.918657,1052.90757635,0,0,1,1,0,0,,summer,0,0,1,0
567852627,20.4,17.026417,none,0.0,0.0,19.803272,39.96,45.249714,995.12256,,2023-06-20 03:47:04.227924,2023-06-20 21:16:27.330325,1049.3850400166666,0,0,1,1,0,0,,summer,0,0,1,0
565692827,24.45,19.666164,none,0.0,0.0,24.651457,44.28,27.127882,995.4813,,2023-06-20 03:45:08.357929,2023-06-20 21:17:23.504307,1052.2524396333333,0,0,1,1,0,0,,summer,0,0,1,0
565713027,21.5,18.45385,none,0.0,0.0,17.81909,41.399998,42.724014,994.31757,,2023-06-20 03:44:57.387077,2023-06-20 21:18:04.374442,1053.1164560833333,0,0,1,1,0,0,,summer,0,0,1,0
565719827,22.8,18.548096,none,0.0,0.0,21.980644,44.28,33.259914,987.5593,,2023-06-20 03:51:16.776383,2023-06-20 21:15:56.695961,1044.6653263,0,0,1,1,0,0,,summer,0,0,1,0
565724427,20.75,18.284847,none,0.0,0.0,15.941944,43.56,48.347954,996.1174,,2023-06-20 03:44:20.253276,2023-06-20 21:15:57.760454,1051.6251196333333,0,0,1,1,0,0,,summer,0,0,1,0
565776227,19.0,16.681767,rain,1.5,0.0,18.430452,38.519997,60.56081,992.78687,,2023-06-20 03:45:29.862778,2023-06-20 21:15:42.380059,1050.20862135,0,0,1,1,0,0,,summer,0,0,1,0
566085427,21.1,18.119637,none,0.0,0.0,18.175545,42.839996,45.138767,995.90576,,2023-06-20 03:44:23.075088,2023-06-20 21:17:13.043317,1052.8328038166667,0,0,1,1,0,0,,summer,0,0,1,0
586909827,23.0,18.105854,none,0.0,0.0,26.081993,45.0,32.407585,995.8283,,2023-06-20 03:44:55.999749,2023-06-20 21:17:12.010260,1052.26684185,0,0,1,1,0,0,,summer,0,0,1,0
566580227,22.75,18.45624,none,0.0,0.0,23.86341,43.92,34.177315,992.4655,,2023-06-20 03:45:55.180320,2023-06-20 21:16:18.231795,1050.38419125,0,0,1,1,0,0,,summer,0,0,1,0
565656627,14.35,11.9667225,none,0.0,0.0,12.245293,20.16,64.31479,993.8782,,2023-06-20 03:45:52.979162,2023-06-20 21:16:07.267345,1050.2381363833333,0,0,1,1,0,0,,summer,0,0,0,0
565687227,22.1,18.080944,none,0.0,0.0,21.599998,42.12,36.04823,995.9766,,2023-06-20 03:43:47.801555,2023-06-20 21:15:49.252352,1052.02417995,0,0,1,1,0,0,,summer,0,0,1,0
565699627,21.4,17.914183,none,0.0,0.0,17.581125,36.36,37.623325,992.7164,,2023-06-20 03:46:30.062693,2023-06-20 21:18:25.498379,1051.9239281,0,0,1,1,0,0,,summer,0,0,1,0
565713827,21.25,17.425787,none,0.0,0.0,21.605999,43.92,40.80609,985.05634,,2023-06-20 03:46:13.135893,2023-06-20 21:16:32.617084,1050.3246865166666,0,0,1,1,0,0,,summer,0,0,1,0
565748427,17.7,16.524117,rain,0.1,0.0,10.495713,40.68,65.486046,990.4222,,2023-06-20 03:47:12.438613,2023-06-20 21:18:26.198676,1051.2293343833333,0,0,1,1,0,0,,summer,0,0,0,0
566351427,23.0,18.105854,none,0.0,0.0,26.081993,45.0,32.407585,997.31866,,2023-06-20 03:44:52.480335,2023-06-20 21:17:17.855633,1052.4229216333333,0,0,1,1,0,0,,summer,0,0,1,0
565650227,10.1,8.4083,none,0.0,0.0,6.830519,11.159999,82.75659,994.6029,,2023-06-20 03:44:04.999290,2023-06-20 21:18:27.067424,1054.3678022333334,0,0,1,1,0,0,,summer,0,0,0,0
565792027,16.0,13.761803,none,0.0,0.0,14.77755,27.72,65.99755,991.8508,,2023-06-20 03:46:39.428776,2023-06-20 21:16:12.351444,1049.5487111333334,0,1,0,1,0,0,,summer,0,0,0,1
565833427,21.9,17.904284,none,0.0,0.0,20.150354,37.8,35.00988,991.75433,,2023-06-20 03:44:38.540085,2023-06-20 21:19:07.573036,1054.4838825166667,0,0,1,1,0,0,,summer,0,0,1,0
570745427,23.0,18.898708,none,0.0,0.0,24.162947,44.28,33.896538,994.5375,,2023-06-20 03:45:18.542925,2023-06-20 21:17:29.573019,1052.1838349,0,0,1,1,0,0,,summer,0,0,1,0
565754027,13.05,10.728371,none,0.0,0.0,8.913181,20.519999,61.85204,996.28314,,2023-06-21 03:44:38.234804,2023-06-21 21:17:58.636937,1053.34003555,0,1,0,2,0,0,,summer,0,0,0,1
565803627,18.75,15.797033,none,0.0,0.0,13.441071,26.64,37.91027,998.9882,,2023-06-21 03:44:38.033851,2023-06-21 21:17:50.689298,1053.2109241166665,0,0,1,2,0,0,,summer,0,0,0,0
565768027,13.85,12.674883,none,0.0,0.0,3.7064266,11.879999,65.75629,996.08905,,2023-06-21 03:44:30.017441,2023-06-21 21:19:10.596719,1054.6763213,0,0,1,2,0,0,,summer,0,0,0,0
565788827,18.7,15.99515,none,0.0,0.0,13.202726,29.16,37.630753,1000.50134,,2023-06-21 03:43:53.816615,2023-06-21 21:18:19.592942,1054.42960545,0,0,1,2,0,0,,summer,0,0,0,0
565853027,19.95,16.541826,none,0.0,0.0,12.10157,28.8,32.21555,1002.9918,,2023-06-21 03:44:56.393920,2023-06-21 21:17:21.999800,1052.4267646666667,0,0,1,2,0,0,,summer,0,0,0,0
565806827,10.3,9.522603,none,0.0,0.0,2.1897945,9.72,87.11532,997.25195,,2023-06-21 03:44:35.377423,2023-06-21 21:18:07.031564,1053.5275690166666,1,0,1,2,0,0,,summer,0,0,0,0
565868827,21.0,19.169254,none,0.0,0.0,9.746631,27.72,29.66439,998.47046,,2023-06-21 03:46:44.975929,2023-06-21 21:19:03.723636,1052.3124617833334,0,0,1,2,0,0,,summer,0,0,0,0
565870427,22.35,18.459997,none,0.0,0.0,11.27553,23.039999,21.384405,998.2951,,2023-06-21 03:45:04.844429,2023-06-21 21:18:35.513580,1053.5111525166667,0,0,1,2,0,0,,summer,0,0,0,0
565879027,13.35,11.248359,none,0.0,0.0,6.725354,10.08,58.79235,993.68896,,2023-06-21 03:49:58.269075,2023-06-21 21:16:04.892702,1046.1103937833334,0,1,0,2,0,0,,summer,0,0,0,1
565876627,16.85,15.314234,none,0.0,0.0,2.5455842,3.96,46.29922,996.488,,2023-06-21 03:46:20.440496,2023-06-21 21:16:22.085379,1050.0274147166667,0,1,0,2,0,0,,summer,0,0,0,1
566023427,18.75,15.797033,none,0.0,0.0,13.441071,26.64,37.91027,1000.62115,,2023-06-21 03:45:11.626089,2023-06-21 21:17:26.488058,1052.2476994833332,0,0,1,2,0,0,,summer,0,0,0,0
565846227,21.7,17.744503,none,0.0,0.0,12.496719,20.880001,23.496965,998.468,,2023-06-21 03:45:35.697986,2023-06-21 21:18:03.615567,1052.4652930166667,0,0,1,2,0,0,,summer,0,0,0,0
565872627,18.4,17.70832,none,0.0,0.0,4.5536795,18.359999,57.467636,1000.44135,,2023-06-21 03:44:40.490395,2023-06-21 21:17:19.114837,1052.6437407,0,0,1,2,0,0,,summer,0,0,0,0
565782827,17.8,15.125248,none,0.0,0.0,11.043261,23.039999,42.85005,999.04504,,2023-06-21 03:44:59.371558,2023-06-21 21:17:47.964205,1052.80987745,0,0,1,2,0,0,,summer,0,0,0,0
565807227,20.3,17.121096,none,0.0,0.0,14.917212,31.68,31.19219,999.35284,,2023-06-21 03:45:14.419977,2023-06-21 21:18:33.740336,1053.3220059833334,0,0,1,2,0,0,,summer,0,0,0,0
565844427,20.45,17.857994,none,0.0,0.0,10.661107,25.199999,30.468979,995.64417,,2023-06-21 03:45:36.423278,2023-06-21 21:17:24.887492,1051.8077369,0,0,1,2,0,0,,summer,0,0,0,0
565874027,20.6,17.37959,none,0.0,0.0,9.885262,27.72,29.341211,999.6732,,2023-06-21 03:45:00.028486,2023-06-21 21:17:40.704004,1052.6779253,0,0,1,2,0,0,,summer,0,0,0,0
565780827,16.8,14.585417,none,0.0,0.0,8.14587,20.16,48.2516,998.8263,,2023-06-21 03:44:01.509033,2023-06-21 21:18:38.977817,1054.6244797333334,0,0,1,2,0,0,,summer,0,0,0,0
565825227,20.2,17.941525,none,0.0,0.0,13.084402,33.48,33.80169,996.1232,,2023-06-21 03:46:54.254447,2023-06-21 21:16:47.955020,1049.89500955,0,0,1,2,0,0,,summer,0,0,0,0
565849427,22.35,18.459997,none,0.0,0.0,11.27553,23.039999,21.384405,996.1131,,2023-06-21 03:45:00.541398,2023-06-21 21:19:08.738869,1054.1366245166666,0,0,1,2,0,0,,summer,0,0,0,0
565858827,20.4,18.053364,none,0.0,0.0,11.570515,30.239998,30.890408,995.8713,,2023-06-21 03:46:09.176606,2023-06-21 21:17:27.903014,1051.3121068,0,0,1,2,0,0,,summer,0,0,0,0
565789227,17.7,15.096064,none,0.0,0.0,10.829958,23.759998,43.271126,1002.4181,,2023-06-21 03:45:21.331907,2023-06-21 21:18:02.973707,1052.6940299999999,0,0,1,2,0,0,,summer,0,0,0,0
565970427,18.6,16.652502,none,0.0,0.0,12.303366,20.16,55.06435,989.2575,,2023-06-22 03:45:07.021395,2023-06-22 21:21:24.213942,1056.28654245,0,0,1,3,0,0,,summer,0,0,0,0
575778027,9.2,6.4190454,none,0.0,0.0,11.384198,21.24,77.3925,995.9938,,2023-10-02 06:34:38.436225,2023-10-02 18:04:24.700777,689.7710758666667,0,1,0,0,0,0,,autumn,0,0,0,1
565992427,24.85,23.149626,none,0.0,0.0,9.659814,21.96,36.337822,996.25903,,2023-06-22 03:45:12.663049,2023-06-22 21:17:51.069724,1052.64011125,0,0,1,3,0,0,,summer,0,0,0,0
566097027,18.3,17.050655,none,0.0,0.0,5.1544156,15.4800005,51.390842,997.7756,,2023-06-22 03:44:17.684640,2023-06-22 21:17:09.473355,1052.8631452500001,0,0,1,3,0,0,,summer,0,0,0,0
565968227,24.95,22.183578,none,0.0,0.0,15.277749,29.16,33.870285,993.8837,,2023-06-22 03:44:03.405414,2023-06-22 21:17:25.286255,1053.3646806833333,0,0,1,3,0,0,,summer,0,0,1,0
566003827,19.2,18.301388,none,0.0,0.0,8.905908,10.440001,60.208,991.2188,,2023-06-22 03:48:22.219149,2023-06-22 21:18:32.760172,1050.1756837166665,0,0,1,3,0,0,,summer,0,0,0,0
565972627,15.65,13.11496,none,0.0,0.0,16.62249,31.319998,67.03936,997.29004,,2023-06-22 03:45:23.276251,2023-06-22 21:17:58.432690,1052.5859406499999,0,1,0,3,0,0,,summer,0,0,1,1
566980227,16.3,14.779886,none,0.0,0.0,5.154415,13.679999,54.099632,999.2445,,2023-06-22 03:45:12.100398,2023-06-22 21:18:21.530475,1053.15716795,0,0,1,3,0,0,,summer,0,0,0,0
565972227,18.55,16.086405,none,0.0,0.0,18.59845,27.359999,60.656055,995.83594,,2023-06-22 03:45:01.706317,2023-06-22 21:16:51.381037,1051.827912,1,0,0,3,0,0,,summer,0,0,1,0
565885027,8.5,6.4151993,none,0.0,0.0,7.289445,7.5599995,83.705956,999.83563,,2023-06-22 03:45:47.877942,2023-06-22 21:18:07.276328,1052.3233064333333,1,0,1,3,0,0,,summer,0,0,0,0
565883827,12.05,9.741158,none,0.0,0.0,7.7043357,9.0,62.697357,1001.55426,,2023-06-22 03:45:35.995463,2023-06-22 21:17:17.715021,1051.6953259666666,0,1,0,3,0,0,,summer,0,0,0,1
565926427,24.05,23.516956,none,0.0,0.0,10.464798,25.56,35.98839,998.70856,,2023-06-22 03:44:30.376194,2023-06-22 21:18:13.967444,1053.7265208333333,0,0,1,3,0,0,,summer,0,0,0,0
565934227,23.25,22.385979,none,0.0,0.0,10.823973,25.199999,41.7913,993.69525,,2023-06-22 03:46:49.737174,2023-06-22 21:17:32.723682,1050.7164418,0,0,1,3,0,0,,summer,0,0,0,0
565966427,23.9,23.836319,none,0.0,0.0,4.452954,15.4800005,46.98558,994.51135,,2023-06-22 03:45:54.433710,2023-06-22 21:18:46.559353,1052.8687607166667,0,0,1,3,0,0,,summer,0,0,0,0
565972427,23.15,21.50076,none,0.0,0.0,10.495713,25.199999,36.973473,998.21454,,2023-06-22 03:45:37.087958,2023-06-22 21:19:01.472533,1053.4064095833332,0,0,1,3,0,0,,summer,0,0,0,0
565965427,24.4,24.03854,none,0.0,0.0,7.342588,28.08,35.60168,997.3549,,2023-06-22 03:45:38.776836,2023-06-22 21:17:35.388696,1051.943531,0,0,1,3,0,0,,summer,0,0,0,0
566032427,22.2,21.958326,none,0.0,0.0,2.7416782,10.440001,47.461124,990.9767,,2023-06-22 03:46:28.581049,2023-06-22 21:17:28.268005,1050.9947826,0,0,1,3,0,0,,summer,0,0,0,0
565922627,23.6,22.731892,none,0.0,0.0,11.5199995,25.919998,39.29879,995.20355,,2023-06-22 03:46:04.296357,2023-06-22 21:17:49.541037,1051.7540780000002,0,0,1,3,0,0,,summer,0,0,0,0
565881027,15.25,13.970047,none,0.0,0.0,0.71999997,2.8799999,51.098297,999.8655,,2023-06-22 03:45:41.495872,2023-06-22 21:18:05.607277,1052.40185675,0,1,0,3,0,0,,summer,0,0,0,1
565946027,9.35,7.6854753,none,0.0,0.0,5.904439,9.36,84.38374,1000.63806,,2023-06-22 03:44:15.520047,2023-06-22 21:18:16.319810,1054.0133293833335,0,0,1,3,0,0,,summer,0,0,0,0
565903827,19.25,17.571838,none,0.0,0.0,5.506941,16.56,43.561287,995.09247,,2023-06-22 03:45:03.826993,2023-06-22 21:19:29.745999,1054.4319834333332,0,0,1,3,0,0,,summer,0,0,0,0
565960627,25.55,22.628635,none,0.0,0.0,14.658676,31.319998,30.52549,996.6754,,2023-06-22 03:43:53.020472,2023-06-22 21:18:32.965928,1054.6657576,0,0,1,3,0,0,,summer,0,0,0,0
565971427,15.55,13.36219,none,0.0,0.0,14.241629,30.599998,67.47002,992.59174,,2023-06-22 03:44:56.616140,2023-06-22 21:19:28.158562,1054.5257070333332,0,1,0,3,0,0,,summer,0,0,0,1
566896627,23.75,23.23466,none,0.0,0.0,10.8955765,25.199999,37.65119,996.3716,,2023-06-22 03:44:01.173307,2023-06-22 21:17:24.793656,1053.3936724833334,0,0,1,3,0,0,,summer,0,0,0,0
566029427,18.8,19.053064,rain,0.9,0.0,9.72,22.319998,78.5907,988.66815,,2023-06-23 03:44:43.234739,2023-06-23 21:19:04.356661,1054.3520320333332,0,0,1,4,0,0,,summer,0,0,0,0
566052627,22.5,23.722755,none,0.0,0.0,1.1384199,20.16,59.615242,993.4558,,2023-06-23 03:46:44.709074,2023-06-23 21:19:29.386229,1052.74461925,0,0,1,4,0,0,,summer,0,0,0,0
566018227,18.25,18.744665,rain,1.1,0.0,9.255571,20.519999,83.72925,992.0301,,2023-06-23 03:45:53.094252,2023-06-23 21:16:25.758139,1050.5443981166668,0,0,1,4,0,0,,summer,0,0,0,0
566055027,19.15,20.274027,rain,2.7,0.0,6.849467,20.16,82.770294,994.5836,,2023-06-23 03:45:18.763748,2023-06-23 21:17:09.762968,1051.849987,0,0,1,4,0,0,,summer,0,0,0,0
566078827,19.7,20.419163,rain,0.1,0.0,6.130579,16.199999,73.59368,994.2592,,2023-06-23 03:45:20.097902,2023-06-23 21:17:03.883915,1051.7297668833332,0,0,1,4,0,0,,summer,0,0,0,0
566079227,19.1,21.101995,rain,0.1,0.0,2.0991426,14.759999,85.44126,989.6224,,2023-06-23 03:47:28.386769,2023-06-23 21:16:53.567724,1049.4196825833335,0,0,1,4,0,0,,summer,0,0,0,0
566144627,14.5,13.672434,rain,0.2,0.0,8.534353,16.199999,81.38695,992.7261,,2023-06-23 03:44:32.188035,2023-06-23 21:17:56.301629,1053.4018932333333,0,0,1,4,0,0,,summer,0,0,0,0
566265427,16.1,16.899576,none,0.0,0.0,6.638072,9.36,94.70549,989.3729,,2023-06-23 03:45:06.647178,2023-06-23 21:18:12.830493,1053.1030552500001,0,1,0,4,0,0,,summer,0,0,0,1
565991227,13.8,12.0806465,none,0.0,0.0,8.913181,20.16,69.89459,991.99774,,2023-06-23 03:45:43.917653,2023-06-23 21:19:30.563183,1053.7774255,0,1,0,4,0,0,,summer,0,0,0,1
566018427,18.8,19.445826,rain,0.3,0.0,8.217153,21.96,80.89506,989.8041,,2023-06-23 03:46:19.141668,2023-06-23 21:18:19.910106,1052.0128073,0,0,1,4,0,0,,summer,0,0,0,0
566061427,22.6,22.839676,rain,0.1,0.0,8.891343,21.24,60.805584,986.42926,,2023-06-23 03:50:16.266850,2023-06-23 21:16:48.082787,1046.5302656166666,0,0,1,4,0,0,,summer,0,0,0,0
565999427,17.55,17.98954,rain,1.1,0.0,8.707238,20.16,85.55485,983.7619,,2023-06-23 03:46:33.489474,2023-06-23 21:17:22.237504,1050.8124671666667,0,0,1,4,0,0,,summer,0,0,0,0
566041027,19.85,20.589184,rain,0.2,0.0,7.172949,22.319998,75.05262,980.43085,,2023-06-23 03:46:52.466844,2023-06-23 21:17:19.797803,1050.4555159833333,0,0,1,4,0,0,,summer,0,0,0,0
566050827,19.05,20.331688,rain,0.2,0.0,4.802999,16.919998,81.44726,992.4245,,2023-06-23 03:44:44.130449,2023-06-23 21:17:39.484163,1052.9225619,0,0,1,4,0,0,,summer,0,0,0,0
566052827,20.7,21.4314,none,0.0,0.0,5.3999996,15.119999,68.07601,990.9928,,2023-06-23 03:45:19.095798,2023-06-23 21:18:06.154133,1052.7843055833334,0,0,1,4,0,0,,summer,0,0,0,0
566021827,17.2,17.356846,rain,0.4,0.0,8.217153,16.919998,82.267044,993.7942,,2023-06-23 03:45:33.227762,2023-06-23 21:17:42.438369,1052.1535101166667,0,0,1,4,0,0,,summer,0,0,0,0
565993827,13.7,12.738813,rain,0.4,0.0,6.4096174,14.4,77.56879,995.9832,,2023-06-23 03:45:41.560172,2023-06-23 21:16:43.733053,1051.0362146833334,0,0,1,4,0,0,,summer,0,0,0,0
566244027,16.8,16.396446,rain,0.1,0.0,9.290511,20.16,78.29647,993.3239,,2023-06-23 03:44:38.799094,2023-06-23 21:18:21.677408,1053.7146385666667,0,0,1,4,0,0,,summer,0,0,0,0
566965627,20.7,21.631933,rain,0.2,0.0,4.0249224,21.96,68.07601,988.84784,,2023-06-23 03:45:02.945753,2023-06-23 21:19:12.968213,1054.167041,0,0,1,4,0,0,,summer,0,0,0,0
566001627,15.7,15.6666355,rain,0.1,0.0,6.638072,14.4,83.70683,989.5837,,2023-06-23 03:45:20.528393,2023-06-23 21:18:29.238262,1053.1451644833332,0,0,1,4,0,0,,summer,0,0,0,0
565997627,16.95,17.060246,rain,0.6,0.0,9.290511,19.08,85.2172,989.3223,,2023-06-23 03:47:20.281559,2023-06-23 21:18:10.338160,1050.8342766833332,0,0,1,4,0,0,,summer,0,0,0,0
566040227,20.85,21.305067,rain,0.2,0.0,6.4096174,23.759998,65.942,985.2202,,2023-06-23 03:45:11.910129,2023-06-23 21:21:21.288614,1056.1563080833334,0,0,1,4,0,0,,summer,0,0,0,0
566326027,14.65,12.12701,none,0.0,0.0,14.512064,25.56,66.377785,991.6255,,2023-06-23 03:46:24.778010,2023-06-23 21:16:55.397729,1050.51032865,0,1,0,4,0,0,,summer,0,0,0,1
569292427,20.95,21.540619,rain,0.2,0.0,6.8777895,14.759999,67.90708,990.84546,,2023-06-23 03:45:49.919532,2023-06-23 21:18:39.957686,1052.8339692333334,0,0,1,4,0,0,,summer,0,0,0,0
566228227,14.45,14.089916,none,0.0,0.0,6.9527545,11.159999,85.79348,993.5913,,2023-06-24 03:47:52.701567,2023-06-24 21:16:44.553398,1048.8641971833333,0,1,0,5,1,0,,summer,0,0,0,1
566124627,18.45,16.256346,rain,0.1,0.0,18.0,34.56,63.514923,996.7884,,2023-06-24 03:45:59.045316,2023-06-24 21:17:53.865013,1051.9136616166666,0,0,1,5,1,0,,summer,0,0,1,0
566385027,18.55,17.28053,none,0.0,0.0,12.413477,29.88,64.595146,990.85205,,2023-06-24 03:47:17.357161,2023-06-24 21:17:00.542555,1049.7197565666668,0,0,1,5,1,0,,summer,0,0,0,0
572634427,16.35,13.89369,rain,0.1,0.0,21.434364,37.8,76.20114,991.2836,,2023-06-24 03:45:50.394211,2023-06-24 21:19:23.438969,1053.5507459666667,0,0,1,5,1,0,,summer,0,0,1,0
566157827,17.85,17.63531,none,0.0,0.0,6.618519,21.24,70.44671,996.4759,,2023-06-24 03:45:12.590467,2023-06-24 21:16:34.973475,1051.3730501333332,0,0,1,5,1,0,,summer,0,0,0,0
566077627,14.6,13.064318,none,0.0,0.0,17.174677,30.239998,90.42665,991.02673,,2023-06-24 03:46:24.040878,2023-06-24 21:19:12.691938,1052.810851,0,0,1,5,1,0,,summer,0,0,1,0
566096427,15.75,13.76618,none,0.0,0.0,19.09358,36.36,81.28277,992.3659,,2023-06-24 03:45:22.299119,2023-06-24 21:16:51.604914,1051.4884299166667,0,0,1,5,1,0,,summer,0,0,1,0
566151827,14.3,14.180515,none,0.0,0.0,5.8603754,10.799999,88.06496,996.2317,,2023-06-24 03:46:09.790657,2023-06-24 21:18:50.378992,1052.67647225,0,1,0,5,1,0,,summer,0,0,0,1
566154627,13.2,12.508755,none,0.0,0.0,8.350138,10.799999,90.62537,993.32605,,2023-06-24 03:46:48.384104,2023-06-24 21:16:56.308258,1050.1320692333334,0,1,0,5,1,0,,summer,0,0,0,1
566102627,15.95,13.6347885,none,0.0,0.0,21.252197,34.56,79.98767,991.0983,,2023-06-24 03:45:41.422876,2023-06-24 21:18:23.681341,1052.70430775,0,0,1,5,1,0,,summer,0,0,1,0
566155027,13.45,12.877737,none,0.0,0.0,7.968939,9.72,90.34466,994.288,,2023-06-24 03:45:40.327362,2023-06-24 21:18:37.642516,1052.9552525666668,0,1,0,5,1,0,,summer,0,0,0,1
566438427,17.35,15.2851925,rain,0.1,0.0,21.26744,40.32,76.86119,994.5423,,2023-06-24 03:45:41.748730,2023-06-24 21:17:29.169378,1051.7903441333333,0,0,1,5,1,0,,summer,0,0,1,0
566158027,14.1,13.691765,none,0.0,0.0,7.172949,10.440001,87.469986,996.633,,2023-06-24 03:45:44.569629,2023-06-24 21:16:47.498290,1051.0488110166666,0,1,0,5,1,0,,summer,0,0,0,1
566154827,16.65,16.579174,none,0.0,0.0,5.634891,16.199999,75.999565,994.1108,,2023-06-24 03:45:41.224672,2023-06-24 21:18:57.925859,1053.2783531166667,1,0,0,5,1,0,,summer,0,0,0,0
566086027,15.15,13.364792,none,0.0,0.0,17.057314,34.2,82.82292,985.6998,,2023-06-24 03:48:12.785259,2023-06-24 21:18:01.605210,1049.81366585,0,0,1,5,1,0,,summer,0,0,1,0
566123427,17.2,15.066032,rain,0.1,0.0,21.38897,42.839996,76.83769,993.0368,,2023-06-24 03:46:13.842937,2023-06-24 21:16:27.000191,1050.2192875666667,0,0,1,5,1,0,,summer,0,0,1,0
566139427,19.5,17.40349,none,0.0,0.0,16.595179,35.64,58.123447,992.0762,,2023-06-24 03:45:42.371913,2023-06-24 21:19:26.076536,1053.7284103833333,0,0,1,5,1,0,,summer,0,0,1,0
566157627,17.65,17.186785,none,0.0,0.0,7.653705,23.039999,69.94683,999.03577,,2023-06-24 03:44:49.226964,2023-06-24 21:16:13.222348,1051.3999230666666,0,0,1,5,1,0,,summer,0,0,0,0
566126827,17.75,16.101562,rain,0.1,0.0,18.175545,41.039997,74.45873,993.75085,,2023-06-24 03:44:57.578082,2023-06-24 21:18:49.779699,1053.87002695,0,0,1,5,1,0,,summer,0,0,1,0
566216827,20.3,18.84204,none,0.0,0.0,8.942214,18.0,49.541588,993.42303,,2023-06-25 03:47:04.176176,2023-06-25 21:17:47.662024,1050.7247641333333,0,0,1,6,1,0,,summer,0,0,0,0
566158627,11.9,11.059261,none,0.0,0.0,6.5693827,9.36,90.23249,994.5896,,2023-06-25 03:47:26.453567,2023-06-25 21:18:17.438911,1050.8497557333333,0,1,0,6,1,0,,summer,0,0,0,1
566203027,22.8,22.123814,none,0.0,0.0,8.4963045,21.24,38.544407,997.96594,,2023-06-25 03:46:00.555599,2023-06-25 21:18:02.427307,1052.0311951333333,0,0,1,6,1,0,,summer,0,0,0,0
566235427,23.15,22.058037,none,0.0,0.0,8.049845,18.72,38.12301,992.54663,,2023-06-25 03:45:16.795379,2023-06-25 21:19:22.256520,1054.0910190166667,0,0,1,6,1,0,,summer,0,0,0,0
566194227,21.6,21.646568,none,0.0,0.0,7.9036193,22.319998,44.07336,992.5608,,2023-06-25 03:47:44.771275,2023-06-25 21:17:57.735805,1050.2160755,0,0,1,6,1,0,,summer,0,0,0,0
566209627,21.65,21.519112,none,0.0,0.0,2.9024127,11.879999,50.572224,995.35425,,2023-06-25 03:45:01.896032,2023-06-25 21:18:49.386764,1053.7915122,0,0,1,6,1,0,,summer,0,0,0,0
566210827,22.35,20.498198,none,0.0,0.0,8.161764,15.84,38.28531,1001.34924,,2023-06-25 03:46:29.310930,2023-06-25 21:16:32.802593,1050.0581943833333,0,0,1,6,1,0,,summer,0,0,0,0
566163827,13.5,13.564865,none,0.0,0.0,3.6,8.28,90.051056,994.0857,,2023-06-25 03:47:17.708416,2023-06-25 21:16:56.262927,1049.6425751833333,0,0,1,6,1,0,,summer,0,0,0,0
566203827,22.2,22.00279,none,0.0,0.0,8.854829,21.96,42.776493,994.3391,,2023-06-25 03:47:04.181504,2023-06-25 21:17:47.661982,1050.7246746333333,0,0,1,6,1,0,,summer,0,0,0,0
566237427,22.5,20.954075,none,0.0,0.0,5.3999996,19.08,36.914234,996.75146,,2023-06-25 03:45:01.425772,2023-06-25 21:19:00.615482,1053.9864951666666,0,0,1,6,1,0,,summer,0,0,0,0
566158427,13.6,13.391422,none,0.0,0.0,5.04,7.2,88.294586,999.444,,2023-06-25 03:46:29.637777,2023-06-25 21:18:00.574534,1051.5156126166667,0,1,0,6,1,0,,summer,0,0,0,1
566201827,22.5,22.072668,none,0.0,0.0,7.145796,19.8,39.38616,997.0298,,2023-06-25 03:45:51.849246,2023-06-25 21:17:30.718941,1051.64782825,0,0,1,6,1,0,,summer,0,0,0,0
566168027,17.15,16.974556,none,0.0,0.0,5.2416787,14.759999,71.24614,999.81757,,2023-06-25 03:45:28.330813,2023-06-25 21:18:16.745849,1052.8069172666667,0,0,1,6,1,0,,summer,0,0,0,0
566209827,20.0,18.573881,none,0.0,0.0,9.585739,16.919998,52.01639,993.05597,,2023-06-25 03:48:02.025394,2023-06-25 21:18:07.024716,1050.0833220333334,0,0,1,6,1,0,,summer,0,0,0,0
566181227,17.0,16.938635,none,0.0,0.0,4.0249224,12.599999,70.98335,1003.0823,,2023-06-25 03:46:25.730424,2023-06-25 21:16:14.805895,1049.8179245166666,0,0,1,6,1,0,,summer,0,0,0,0
566240427,18.55,18.268772,none,0.0,0.0,7.072878,16.919998,67.41855,997.21954,,2023-06-26 03:47:07.491404,2023-06-26 21:17:15.784982,1050.1382263,0,0,1,0,0,0,,summer,0,0,0,0
566219627,14.75,13.600353,none,0.0,0.0,8.287822,10.440001,73.941765,1000.3731,,2023-06-26 03:46:43.040537,2023-06-26 21:17:45.151876,1051.0351889833335,0,1,0,0,0,0,,summer,0,0,0,1
566228027,18.85,18.734375,none,0.0,0.0,6.162207,15.4800005,66.6013,997.58673,,2023-06-26 03:45:48.943064,2023-06-26 21:18:36.901648,1052.7993097333333,0,0,1,0,0,0,,summer,0,0,0,0
566250827,20.15,19.707026,none,0.0,0.0,7.9526596,19.08,60.630836,995.1717,,2023-06-26 03:47:33.212350,2023-06-26 21:17:05.023704,1049.5301892333332,0,0,1,0,0,0,,summer,0,0,0,0
566251827,21.4,20.765541,none,0.0,0.0,10.105681,24.119999,53.61091,990.8308,,2023-06-26 03:48:03.542483,2023-06-26 21:17:36.385155,1049.5473778666667,0,0,1,0,0,0,,summer,0,0,0,0
566292627,21.3,19.704638,none,0.0,0.0,9.693296,27.0,46.27271,995.78467,,2023-06-26 03:46:59.921178,2023-06-26 21:19:09.608143,1052.1614494166668,0,0,1,0,0,0,,summer,0,0,0,0
566293827,12.7,12.054247,none,0.0,0.0,6.763786,9.0,89.99177,1000.6656,,2023-06-26 03:46:51.248258,2023-06-26 21:16:36.728729,1049.75800785,1,0,1,0,0,0,,summer,0,0,0,0
566284827,23.3,20.978903,none,0.0,0.0,11.885453,25.199999,36.890385,993.0873,,2023-06-26 03:46:09.921475,2023-06-26 21:18:08.133978,1051.9702083833333,0,0,1,0,0,0,,summer,0,0,0,0
566300027,24.55,22.449959,none,0.0,0.0,12.413476,30.960001,30.87811,992.5728,,2023-06-26 03:46:20.725633,2023-06-26 21:19:29.088870,1053.1393872833332,0,0,1,0,0,0,,summer,0,0,0,0
566504827,13.15,12.371925,none,0.0,0.0,6.439876,10.799999,83.96578,994.08606,,2023-06-26 03:47:35.966575,2023-06-26 21:16:25.331301,1048.8227454333332,1,0,1,0,0,0,,summer,0,0,0,0
566541027,23.85,21.388664,none,0.0,0.0,13.276144,24.119999,36.299965,996.5788,,2023-06-26 03:46:56.091640,2023-06-26 21:17:30.596794,1050.5750859,0,0,1,0,0,0,,summer,0,0,0,0
566285027,22.9,20.167316,none,0.0,0.0,15.226764,27.359999,38.572865,992.36127,,2023-06-26 03:47:29.569763,2023-06-26 21:17:55.599477,1050.4338285666665,0,0,1,0,0,0,,summer,0,0,1,0
566299827,19.05,18.261284,none,0.0,0.0,5.4119864,17.28,55.54994,989.7264,,2023-06-26 03:49:00.410644,2023-06-26 21:19:22.420092,1050.3668241333332,0,0,1,0,0,0,,summer,0,0,0,0
566252827,21.85,21.578787,none,0.0,0.0,7.928178,22.319998,51.983685,996.3509,,2023-06-26 03:46:00.338435,2023-06-26 21:17:12.200262,1051.1976971166666,0,0,1,0,0,0,,summer,0,0,0,0
566233027,19.0,18.47655,none,0.0,0.0,7.9526596,18.72,64.05808,995.98724,,2023-06-26 03:47:48.116514,2023-06-26 21:18:57.652341,1051.15893045,0,0,1,0,0,0,,summer,0,0,0,0
566282227,24.05,21.507639,none,0.0,0.0,12.641076,25.56,34.19523,992.29175,,2023-06-26 03:47:21.885785,2023-06-26 21:16:13.839444,1048.8658943166668,0,0,1,0,0,0,,summer,0,0,0,0
566255227,22.65,21.720219,none,0.0,0.0,12.371645,24.84,45.873703,995.107,,2023-06-26 03:46:19.952331,2023-06-26 21:18:07.932277,1051.7996657666667,0,0,1,0,0,0,,summer,0,0,0,0
566221427,14.0,12.952295,none,0.0,0.0,7.491114,10.799999,77.35617,994.73627,,2023-06-26 03:46:35.154152,2023-06-26 21:18:00.488702,1051.4222425,0,1,0,0,0,0,,summer,0,0,0,1
566265027,23.5,22.673897,none,0.0,0.0,12.783802,29.16,44.159332,997.61066,,2023-06-26 03:46:06.918595,2023-06-26 21:16:28.305023,1050.3564404666665,0,0,1,0,0,0,,summer,0,0,0,0
566277427,24.35,22.462252,rain,0.1,0.0,11.966953,32.399998,32.01203,994.96265,,2023-06-26 03:47:01.265848,2023-06-26 21:18:43.255455,1051.6998267833335,0,0,1,0,0,0,,summer,0,0,0,0
566222427,13.35,12.536968,none,0.0,0.0,7.289444,10.440001,84.549225,993.60815,,2023-06-26 03:47:17.232852,2023-06-26 21:17:31.120088,1050.2314539333333,0,1,0,0,0,0,,summer,0,0,0,1
566285227,24.05,21.507639,none,0.0,0.0,12.641076,25.56,34.19523,992.6329,,2023-06-26 03:47:19.889779,2023-06-26 21:16:10.666579,1048.84628,0,0,1,0,0,0,,summer,0,0,0,0
566277227,23.75,22.36881,none,0.0,0.0,13.084402,31.68,40.686516,991.8395,,2023-06-26 03:46:19.760197,2023-06-26 21:20:14.698585,1053.9156398,0,0,1,0,0,0,,summer,0,0,0,0
570203627,23.65,21.190695,none,0.0,0.0,12.661564,25.56,35.87463,995.01636,,2023-06-26 03:45:34.684475,2023-06-26 21:18:30.548291,1052.9310636,0,0,1,0,0,0,,summer,0,0,0,0
566363027,21.55,20.056553,none,0.0,0.0,14.241629,26.64,49.546745,994.3725,,2023-06-27 03:47:21.306411,2023-06-27 21:17:29.704577,1050.1399694333334,0,0,1,1,0,0,,summer,0,0,0,0
566331827,21.25,19.039862,none,0.0,0.0,14.003029,28.44,46.571133,992.6489,,2023-06-27 03:47:41.830577,2023-06-27 21:16:06.967613,1048.4189506,0,0,1,1,0,0,,summer,0,0,0,0
566332627,21.35,19.971384,none,0.0,0.0,12.371645,25.199999,50.998665,990.90234,,2023-06-27 03:46:36.126316,2023-06-27 21:18:51.289276,1052.252716,0,0,1,1,0,0,,summer,0,0,0,0
566388627,18.9,16.849453,none,0.0,0.0,16.595179,34.2,60.93995,991.6064,,2023-06-27 03:46:56.420614,2023-06-27 21:17:33.899758,1050.6246524,0,0,1,1,0,0,,summer,0,0,1,0
566422227,15.55,15.49614,rain,0.2,0.0,3.9763298,10.799999,77.852325,993.31824,,2023-06-27 03:46:58.623742,2023-06-27 21:16:04.842109,1049.10363945,0,1,0,1,0,0,,summer,0,0,0,1
566308427,14.2,12.98756,none,0.0,0.0,10.44,17.28,81.07813,994.3777,,2023-06-27 03:47:38.644958,2023-06-27 21:17:08.235117,1049.4931693166666,1,0,1,1,0,0,,summer,0,0,0,0
566361627,21.95,19.519192,none,0.0,0.0,13.246826,28.44,41.004864,982.16785,,2023-06-27 03:48:20.433958,2023-06-27 21:17:15.307448,1048.9145581666667,0,0,1,1,0,0,,summer,0,0,0,0
566363227,22.7,19.589388,none,0.0,0.0,14.154915,33.12,33.462196,986.2764,,2023-06-27 03:46:48.526789,2023-06-27 21:20:56.642821,1054.1352672,0,0,1,1,0,0,,summer,0,0,0,0
566379427,18.25,16.0123,none,0.0,0.0,17.462784,32.760002,62.633835,991.7629,,2023-06-27 03:47:56.675652,2023-06-27 21:16:28.850563,1048.5362485166668,0,0,1,1,0,0,,summer,0,0,1,0
566483827,18.55,16.775682,none,0.0,0.0,15.124284,34.56,63.11844,992.2444,,2023-06-27 03:46:12.661202,2023-06-27 21:18:11.242052,1051.9763475,0,0,1,1,0,0,,summer,0,0,1,0
569493827,16.35,15.621664,none,0.0,0.0,5.495161,18.0,66.96178,987.01886,,2023-06-27 03:48:03.734459,2023-06-27 21:17:29.798769,1049.4344051666667,1,0,0,1,0,0,,summer,0,0,0,0
566298627,16.45,15.03162,none,0.0,0.0,9.931042,15.119999,65.873276,995.8199,,2023-06-27 03:47:22.628123,2023-06-27 21:17:51.736127,1050.4851334,0,1,0,1,0,0,,summer,0,0,0,1
566403427,14.9,14.575268,rain,0.1,0.0,6.379216,10.799999,82.52026,990.3686,,2023-06-27 03:47:49.691202,2023-06-27 21:16:20.540240,1048.5141506333334,0,1,0,1,0,0,,summer,0,0,0,1
566588627,14.85,14.408134,rain,0.1,0.0,6.638072,11.159999,81.4327,994.1184,,2023-06-27 03:47:34.858456,2023-06-27 21:17:20.961921,1049.7683910833334,0,1,0,1,0,0,,summer,0,0,0,1
566328627,21.55,20.056553,none,0.0,0.0,14.241629,26.64,49.546745,992.8798,,2023-06-27 03:46:54.914552,2023-06-27 21:17:41.681123,1050.77944285,0,0,1,1,0,0,,summer,0,0,0,0
566364827,19.3,16.632957,none,0.0,0.0,18.0,34.92,54.144817,988.7325,,2023-06-27 03:48:55.861807,2023-06-27 21:16:21.465951,1047.4267357333333,0,0,1,1,0,0,,summer,0,0,1,0
566594027,21.1,18.205221,none,0.0,0.0,17.31746,29.88,44.68333,994.70996,,2023-06-27 03:47:23.638333,2023-06-27 21:17:25.836325,1050.0366332,0,0,1,1,0,0,,summer,0,0,1,0
566350427,21.5,17.98424,none,0.0,0.0,20.082708,36.0,41.156612,994.4028,,2023-06-27 03:47:53.211449,2023-06-27 21:17:51.492757,1049.9713551333332,0,0,1,1,0,0,,summer,0,0,1,0
566376427,23.7,20.20742,none,0.0,0.0,16.92383,33.12,31.718494,993.7476,,2023-06-27 03:46:57.746017,2023-06-27 21:17:10.725840,1050.2163303833333,0,0,1,1,0,0,,summer,0,0,1,0
566395427,23.15,19.85117,none,0.0,0.0,15.596767,27.359999,32.78861,989.54974,,2023-06-27 03:47:04.335600,2023-06-27 21:18:48.537808,1051.7367034666668,0,0,1,1,0,0,,summer,0,0,1,0
566395827,18.8,17.10074,none,0.0,0.0,12.6462,33.48,58.339806,987.56287,,2023-06-27 03:46:47.422175,2023-06-27 21:19:49.919314,1053.0416189833334,0,0,1,1,0,0,,summer,0,0,0,0
566399827,15.95,15.51721,none,0.0,0.0,5.0911684,11.5199995,72.44987,989.04285,,2023-06-27 03:46:10.592081,2023-06-27 21:19:13.812144,1053.0536677166667,0,1,0,1,0,0,,summer,0,0,0,1
566471427,18.65,16.236319,none,0.0,0.0,16.071491,29.88,56.00922,992.1359,,2023-06-28 03:48:11.768159,2023-06-28 21:16:58.809276,1048.7840186166666,0,0,1,2,0,0,,summer,0,0,1,0
566737427,17.0,15.406612,none,0.0,0.0,10.739833,20.880001,62.767204,990.66797,,2023-06-28 03:48:14.137665,2023-06-28 21:17:43.379169,1049.4873584,0,0,1,2,0,0,,summer,0,0,0,0
567049027,14.9,14.284424,none,0.0,0.0,6.763786,12.24,78.53052,993.48987,,2023-06-28 03:48:04.026973,2023-06-28 21:17:49.943665,1049.7652782,0,0,1,2,0,0,,summer,0,0,0,0
566721627,20.35,17.36465,none,0.0,0.0,18.947083,42.839996,48.564995,983.7649,,2023-06-28 03:47:25.576511,2023-06-28 21:20:48.440502,1053.3810665166666,0,0,1,2,0,0,,summer,0,0,1,0
566967027,18.55,17.056252,none,0.0,0.0,14.277983,30.599998,65.23729,987.993,,2023-06-28 03:47:43.756979,2023-06-28 21:18:14.299351,1050.5090395333334,0,0,1,2,0,0,,summer,0,0,0,0
568827627,19.45,16.610935,rain,0.1,0.0,21.479664,41.760002,57.91866,985.853,,2023-06-28 03:48:44.405955,2023-06-28 21:18:10.467183,1049.4343538,0,0,1,2,0,0,,summer,0,0,1,0
566442027,19.9,16.942856,none,0.0,0.0,22.288042,38.88,56.32346,991.28265,,2023-06-28 03:47:39.267596,2023-06-28 21:16:37.619936,1048.9725389999999,0,0,1,2,0,0,,summer,0,0,1,0
566421827,14.9,14.284424,none,0.0,0.0,6.763786,12.24,78.53052,987.054,,2023-06-28 03:48:51.552811,2023-06-28 21:17:13.535590,1048.36637965,0,0,1,2,0,0,,summer,0,0,0,0
566447827,19.95,17.300299,none,0.0,0.0,17.399586,33.839996,51.13848,990.05054,,2023-06-28 03:48:09.894356,2023-06-28 21:18:50.388677,1050.67490535,0,0,1,2,0,0,,summer,0,0,1,0
566502827,20.8,17.508955,none,0.0,0.0,23.78453,45.36,49.67636,989.47833,,2023-06-28 03:48:14.647392,2023-06-28 21:17:02.487759,1048.79733945,0,0,1,2,0,0,,summer,0,0,1,0
566553627,20.8,17.508955,none,0.0,0.0,23.78453,45.36,49.67636,986.16156,,2023-06-28 03:48:30.292403,2023-06-28 21:16:40.498935,1048.1701088666666,0,0,1,2,0,0,,summer,0,0,1,0
578284227,2.6,-1.527431,rain,0.1,1.0,13.891522,28.44,83.888435,994.2217,,2023-10-22 07:14:51.171118,2023-10-22 17:15:31.900807,600.67882815,0,0,1,6,1,0,,autumn,0,0,0,0
566645227,18.0,17.157352,none,0.0,0.0,10.587918,24.119999,69.100945,987.9463,,2023-06-28 03:47:59.230250,2023-06-28 21:18:29.806244,1050.5095999,0,0,1,2,0,0,,summer,0,0,0,0
566429827,16.95,15.406771,rain,0.2,0.0,14.512064,22.68,71.91675,990.62225,,2023-06-28 03:47:52.548790,2023-06-28 21:17:20.819488,1049.4711783,1,0,0,2,0,0,,summer,0,0,0,0
566577227,20.15,17.116634,none,0.0,0.0,20.316889,34.2,51.020367,986.9815,,2023-06-28 03:48:20.967983,2023-06-28 21:16:39.172203,1048.3034036666666,0,0,1,2,0,0,,summer,0,0,1,0
566922427,17.0,15.703032,none,0.0,0.0,8.707238,16.919998,62.767204,989.8188,,2023-06-28 03:47:22.184457,2023-06-28 21:18:43.094268,1051.34849685,0,0,1,2,0,0,,summer,0,0,0,0
566434227,16.95,15.406771,rain,0.2,0.0,14.512064,22.68,71.91675,987.48773,,2023-06-28 03:47:41.694272,2023-06-28 21:17:48.250250,1050.1092663,0,1,0,2,0,0,,summer,0,0,0,1
566504027,13.65,13.460461,rain,0.1,0.0,4.6938257,7.2,87.42875,989.5767,,2023-06-28 03:46:44.175720,2023-06-28 21:18:42.631411,1051.9742615166667,0,1,0,2,0,0,,summer,0,0,0,1
566966427,17.35,15.8161335,none,0.0,0.0,10.041354,19.08,60.77862,990.9041,,2023-06-28 03:47:52.525666,2023-06-28 21:17:56.310589,1050.06308205,0,0,1,2,0,0,,summer,0,0,0,0
568916627,18.95,16.365356,none,0.0,0.0,16.766108,31.319998,54.054398,989.13226,,2023-06-28 03:48:12.369296,2023-06-28 21:17:43.655401,1049.5214350833332,0,0,1,2,0,0,,summer,0,0,1,0
566563027,19.7,17.364357,none,0.0,0.0,15.629971,28.8,52.638752,990.7912,,2023-06-28 03:46:57.227966,2023-06-28 21:16:24.525976,1049.4549668333334,0,0,1,2,0,0,,summer,0,0,1,0
566742227,16.0,14.9739,none,0.0,0.0,7.6367526,12.959999,68.7017,992.7498,,2023-06-28 03:47:37.031005,2023-06-28 21:17:32.624166,1049.9265526833333,0,0,1,2,0,0,,summer,0,0,0,0
566600027,18.0,17.464794,none,0.0,0.0,11.252519,27.359999,74.744156,985.6283,,2023-06-29 03:48:55.971515,2023-06-29 21:16:00.403439,1047.0738654,0,0,1,3,0,0,,summer,0,0,0,0
572266227,16.75,16.394625,rain,0.1,0.0,10.990322,35.64,83.0159,982.1693,,2023-06-29 03:47:32.291247,2023-06-29 21:16:18.937335,1048.7774348,0,0,1,3,0,0,,summer,0,0,0,0
566437827,15.75,15.029465,none,0.0,0.0,13.009903,24.48,87.33524,986.7365,,2023-06-29 03:48:23.953242,2023-06-29 21:16:00.893990,1047.6156791333333,0,0,1,3,0,0,,summer,0,0,0,0
566645427,20.3,17.408966,rain,0.3,0.0,23.419376,40.32,57.744022,986.36426,,2023-06-29 03:48:22.824985,2023-06-29 21:16:49.793603,1048.4494769666667,0,0,1,3,0,0,,summer,0,0,1,0
566491227,16.45,16.723934,rain,3.4,0.0,5.5887027,29.88,82.173584,977.6772,,2023-06-29 03:48:02.682568,2023-06-29 21:20:31.038017,1052.4725908166668,0,0,1,3,0,0,,summer,0,0,0,0
566578627,18.4,16.321798,rain,2.0,0.0,21.120682,36.719997,71.4793,983.8334,,2023-06-29 03:48:00.939738,2023-06-29 21:16:25.384893,1048.40741925,0,0,1,3,0,0,,summer,0,0,1,0
566572627,14.9,14.834026,rain,0.1,0.0,8.161764,18.0,91.33578,983.0128,,2023-06-29 03:47:28.620906,2023-06-29 21:16:05.239388,1048.6103080333332,0,1,0,3,0,0,,summer,0,0,0,1
566933427,20.65,20.432686,none,0.0,0.0,11.440979,31.319998,56.510654,977.34973,,2023-06-29 03:49:58.579207,2023-06-29 21:17:00.730886,1047.0358613166668,0,0,1,3,0,0,,summer,0,0,0,0
567293427,19.3,16.533344,rain,0.4,0.0,23.686249,42.48,61.844494,983.2825,,2023-06-29 03:49:30.025978,2023-06-29 21:17:44.009436,1048.2330576333334,0,0,1,3,0,0,,summer,0,0,1,0
567304227,19.8,18.667845,rain,0.2,0.0,12.429127,25.919998,54.6369,982.1409,,2023-06-29 03:49:20.483700,2023-06-29 21:17:39.486330,1048.3167105,0,0,1,3,0,0,,summer,0,0,0,0
566463627,14.45,13.776964,none,0.0,0.0,11.966954,20.519999,93.1114,981.7882,,2023-06-29 03:48:05.987610,2023-06-29 21:18:54.155407,1050.8027966166667,0,0,1,3,0,0,,summer,0,0,0,0
567761227,16.5,15.828037,rain,0.1,0.0,12.313894,31.319998,82.44778,984.3834,,2023-06-29 03:48:53.091191,2023-06-29 21:16:50.917795,1047.9637767333334,0,0,1,3,0,0,,summer,0,0,0,0
569117227,20.3,17.705519,rain,0.4,0.0,19.8,47.519997,54.94682,983.7508,,2023-06-29 03:49:30.813707,2023-06-29 21:17:42.854864,1048.20068595,0,0,1,3,0,0,,summer,0,0,1,0
566584827,19.8,18.667845,rain,0.2,0.0,12.429127,25.919998,54.6369,987.2908,,2023-06-29 03:48:59.519660,2023-06-29 21:17:49.327634,1048.8301329,0,0,1,3,0,0,,summer,0,0,0,0
567308227,21.1,19.75517,rain,0.2,0.0,14.4,27.359999,49.757023,984.07745,,2023-06-29 03:47:49.425779,2023-06-29 21:18:01.698816,1050.2045506166667,0,0,1,3,0,0,,summer,0,0,0,0
566440827,19.85,17.49301,rain,0.2,0.0,20.633371,34.2,60.960503,984.4761,,2023-06-29 03:48:05.604285,2023-06-29 21:16:14.884838,1048.1546758833333,0,0,1,3,0,0,,summer,0,0,1,0
566461827,19.0,18.16755,rain,0.1,0.0,13.527572,42.12,70.66547,981.9555,,2023-06-29 03:48:56.429723,2023-06-29 21:16:25.631054,1047.4866888499998,0,0,1,3,0,0,,summer,0,0,0,0
566964427,19.1,16.194906,rain,0.3,0.0,25.376808,42.48,60.78523,985.51416,,2023-06-29 03:48:38.209257,2023-06-29 21:17:40.210739,1049.0333580333333,0,0,1,3,0,0,,summer,0,0,1,0
567279427,21.35,20.592958,none,0.0,0.0,13.324863,28.44,53.068996,982.8573,,2023-06-29 03:49:23.328617,2023-06-29 21:15:35.262409,1046.1988965333335,0,0,1,3,0,0,,summer,0,0,0,0
567391427,18.45,17.372606,rain,0.4,0.0,10.028439,19.44,62.8873,979.0422,,2023-06-30 03:48:54.534801,2023-06-30 21:16:53.164902,1047.97716835,0,0,1,4,0,0,,summer,0,0,0,0
566629427,15.3,14.418516,rain,3.0,0.0,13.276144,28.08,87.86501,982.45404,,2023-06-30 03:49:22.747548,2023-06-30 21:16:28.644532,1047.0982830666667,0,0,1,4,0,0,,summer,0,0,0,0
566662027,17.25,17.061865,rain,0.1,0.0,9.114471,22.319998,78.87486,978.5206,,2023-06-30 03:49:03.986671,2023-06-30 21:18:08.617943,1049.0771878666667,0,0,1,4,0,0,,summer,0,0,0,0
566977427,17.9,17.535442,rain,0.2,0.0,7.42159,21.24,69.76574,982.6788,,2023-06-30 03:49:33.833314,2023-06-30 21:16:49.770896,1047.2656263666665,0,0,1,4,0,0,,summer,0,0,0,0
567011827,16.4,16.28069,rain,0.4,0.0,6.193674,26.64,77.7256,978.0876,,2023-06-30 03:48:33.076792,2023-06-30 21:18:03.824170,1049.5124563,0,0,1,4,0,0,,summer,0,0,0,0
569383027,14.05,13.555145,none,0.0,0.0,9.0,15.119999,90.9822,977.49805,,2023-06-30 03:50:36.611186,2023-06-30 21:16:58.675742,1046.3677426,0,1,0,4,0,0,,summer,0,0,0,1
569515027,17.85,16.92564,rain,0.2,0.0,9.83268,20.519999,67.052414,973.41144,,2023-06-30 03:49:57.376841,2023-06-30 21:16:29.274034,1046.5316198833332,0,0,1,4,0,0,,summer,0,0,0,0
567442627,18.25,18.30255,none,0.0,0.0,5.3517847,19.08,69.83374,981.6802,,2023-06-30 03:48:43.877535,2023-06-30 21:16:44.272263,1048.0065788,0,0,1,4,0,0,,summer,0,0,0,0
569510027,18.0,17.630314,none,0.0,0.0,7.5685663,20.880001,69.55644,978.3596,,2023-06-30 03:50:32.563586,2023-06-30 21:15:40.676652,1045.1352177666665,0,0,1,4,0,0,,summer,0,0,0,0
566451827,13.85,13.625359,none,0.0,0.0,7.9526596,16.199999,94.30607,977.8912,,2023-06-30 03:48:45.557440,2023-06-30 21:18:50.960926,1050.0900581,0,0,1,4,0,0,,summer,0,0,0,0
567900427,18.35,17.98332,rain,0.1,0.0,6.9899354,20.519999,66.935616,978.3501,,2023-06-30 03:48:55.033121,2023-06-30 21:17:13.420937,1048.3064636000001,0,0,1,4,0,0,,summer,0,0,0,0
569200627,17.9,17.290672,rain,0.3,0.0,8.654986,21.24,68.8543,977.17694,,2023-06-30 03:49:48.618441,2023-06-30 21:15:18.619356,1045.50001525,0,0,1,4,0,0,,summer,0,0,0,0
566492827,15.4,14.654646,rain,2.7,0.0,12.224107,28.8,87.018936,978.7746,,2023-06-30 03:49:47.132541,2023-06-30 21:15:30.910399,1045.7296309666667,0,0,1,4,0,0,,summer,0,0,0,0
566567627,18.45,18.075794,none,0.0,0.0,8.049845,21.599998,68.513016,978.6994,,2023-06-30 03:49:53.455928,2023-06-30 21:15:44.035782,1045.8429975666668,0,0,1,4,0,0,,summer,0,0,0,0
566634027,18.4,17.580175,rain,1.2,0.0,9.114471,21.24,64.77589,978.46765,,2023-06-30 03:48:17.660719,2023-06-30 21:16:13.468193,1047.9301245666668,0,0,1,4,0,0,,summer,0,0,0,0
566616627,16.65,16.401081,rain,0.1,0.0,6.519877,17.64,75.2544,981.3949,,2023-06-30 03:48:34.913903,2023-06-30 21:15:33.517720,1046.9767302833334,0,0,1,4,0,0,,summer,0,0,0,0
567895227,16.5,16.128265,none,0.0,0.0,10.495713,21.24,82.98595,982.6011,,2023-06-30 03:49:21.247359,2023-06-30 21:16:53.030795,1047.5297239333333,0,0,1,4,0,0,,summer,0,0,0,0
567905027,14.65,14.987799,none,0.0,0.0,4.68,7.2,91.022316,979.5072,,2023-06-30 03:49:08.981809,2023-06-30 21:17:04.605357,1047.9270591333334,0,1,0,4,0,0,,summer,0,0,0,1
566434027,23.85,22.450144,none,0.0,0.0,13.397612,29.88,46.817337,974.2906,,2023-07-01 03:51:06.885514,2023-07-01 21:16:11.550128,1045.0777435666666,0,0,1,5,1,0,,summer,0,0,0,0
566486027,23.05,22.621159,none,0.0,0.0,18.775303,38.88,57.660244,981.1966,,2023-07-01 03:50:16.445917,2023-07-01 21:14:59.560237,1044.718572,0,0,1,5,1,0,,summer,0,0,1,0
566497027,23.05,22.550213,none,0.0,0.0,19.469976,37.44,57.660244,979.50574,,2023-07-01 03:49:32.404829,2023-07-01 21:16:01.581261,1046.4862738666666,0,0,1,5,1,0,,summer,0,0,1,0
566643027,13.75,13.079773,rain,0.6,0.0,10.661107,19.8,93.99375,977.7903,,2023-07-01 03:49:11.431129,2023-07-01 21:15:44.265421,1046.5472382,0,1,0,5,1,0,,summer,0,0,0,1
566652027,16.9,15.508888,rain,0.1,0.0,17.84816,41.760002,81.69754,976.9305,,2023-07-01 03:48:48.661934,2023-07-01 21:16:11.055443,1047.37322515,0,0,1,5,1,0,,summer,0,0,1,0
566513227,19.75,18.789955,none,0.0,0.0,14.4,28.08,67.44434,973.14777,,2023-07-01 03:49:37.503997,2023-07-01 21:19:57.569944,1050.3344324500001,0,0,1,5,1,0,,summer,0,0,0,0
566668227,20.1,19.025003,none,0.0,0.0,14.471821,30.239998,64.72065,978.5125,,2023-07-01 03:49:22.161598,2023-07-01 21:15:36.052565,1046.2315161166666,0,0,1,5,1,0,,summer,0,0,0,0
568043827,24.35,22.42402,none,0.0,0.0,17.727943,31.68,41.404476,976.6847,,2023-07-01 03:50:40.337917,2023-07-01 21:15:54.627039,1045.2381520333333,0,0,1,5,1,0,,summer,0,0,1,0
567069627,19.25,18.55205,none,0.0,0.0,12.245294,26.64,68.89688,979.486,,2023-07-01 03:51:01.765861,2023-07-01 21:16:39.270084,1045.6250703833334,1,0,0,5,1,0,,summer,0,0,0,0
566919027,16.0,13.852428,rain,0.1,0.0,22.915916,37.8,86.23097,976.62415,,2023-07-01 03:49:40.840113,2023-07-01 21:16:48.818255,1047.1329690333334,0,0,1,5,1,0,,summer,0,0,1,0
568842427,17.3,16.627728,none,0.0,0.0,13.039754,22.319998,79.914055,983.1396,,2023-07-01 03:50:34.762014,2023-07-01 21:17:09.493735,1046.5788620166666,0,1,0,5,1,0,,summer,0,0,0,1
566662227,23.65,22.355968,none,0.0,0.0,13.441071,30.960001,48.48934,978.31915,,2023-07-01 03:49:02.859939,2023-07-01 21:15:34.370108,1046.5251694833335,0,0,1,5,1,0,,summer,0,0,0,0
568049227,19.15,18.480865,none,0.0,0.0,11.928989,25.199999,69.10192,978.90936,,2023-07-01 03:51:54.841331,2023-07-01 21:14:56.340843,1043.0249918666666,0,1,0,5,1,0,,summer,0,0,0,1
568057027,24.2,21.76295,none,0.0,0.0,18.193361,32.039997,42.62172,980.8069,,2023-07-01 03:50:12.857221,2023-07-01 21:15:40.899203,1045.4673663666667,0,0,1,5,1,0,,summer,0,0,1,0
566666427,17.2,16.538668,none,0.0,0.0,12.964998,21.96,80.420906,981.20984,,2023-07-01 03:48:58.681755,2023-07-01 21:16:13.882605,1047.2533475,0,1,0,5,1,0,,summer,0,0,0,1
569403027,13.45,12.945833,none,0.0,0.0,9.0645685,16.199999,94.59838,978.94037,,2023-07-01 03:50:22.782103,2023-07-01 21:17:46.052476,1047.38783955,0,1,0,5,1,0,,summer,0,0,0,1
577000827,24.2,21.856,none,0.0,0.0,17.555307,32.760002,42.62172,978.22723,,2023-07-01 03:50:23.015409,2023-07-01 21:14:48.290073,1044.4212444,0,0,1,5,1,0,,summer,0,0,1,0
566467427,17.5,16.726898,none,0.0,0.0,13.004921,21.599998,77.38692,979.8158,,2023-07-02 03:51:12.002781,2023-07-02 21:15:06.543880,1043.9090183166668,0,1,0,6,1,0,,summer,0,0,0,1
566504427,18.45,17.57957,none,0.0,0.0,8.714677,17.64,63.095894,982.1485,,2023-07-02 03:50:48.272853,2023-07-02 21:16:55.665800,1046.1232157833333,0,0,1,6,1,0,,summer,0,0,0,0
567420027,16.15,15.470171,none,0.0,0.0,7.4128532,13.32,72.968025,980.2942,,2023-07-02 03:52:48.977166,2023-07-02 21:15:50.300982,1043.0220636,0,1,0,6,1,0,,summer,0,0,0,1
567815827,16.85,16.37276,none,0.0,0.0,7.8625183,12.24,73.81819,982.9433,,2023-07-02 03:52:56.368890,2023-07-02 21:15:01.312830,1042.082399,0,1,0,6,1,0,,summer,0,0,0,1
568101427,23.4,20.980022,none,0.0,0.0,17.373497,36.36,43.692383,973.5936,,2023-07-02 03:52:11.852613,2023-07-02 21:15:26.152684,1043.2383345166666,0,0,1,6,1,0,,summer,0,0,1,0
566547627,23.2,20.069824,none,0.0,0.0,19.469976,41.039997,40.123253,984.9597,,2023-07-02 03:51:10.490293,2023-07-02 21:16:50.245605,1045.6625885333333,0,0,1,6,1,0,,summer,0,0,1,0
566553227,15.4,14.666044,none,0.0,0.0,14.081478,22.68,91.664474,977.7471,,2023-07-02 03:50:30.319622,2023-07-02 21:17:30.926489,1047.01011445,0,0,1,6,1,0,,summer,0,0,0,0
566619827,16.3,15.759678,none,0.0,0.0,12.015589,20.880001,84.87244,980.2001,,2023-07-02 03:50:59.466186,2023-07-02 21:17:25.204733,1046.4289757833333,0,1,0,6,1,0,,summer,0,0,0,1
566491627,16.75,16.151793,none,0.0,0.0,7.491114,11.159999,71.642876,986.5744,,2023-07-02 03:51:01.229518,2023-07-02 21:16:01.636945,1045.00679045,1,0,0,6,1,0,,summer,0,0,0,0
569414227,23.45,20.800663,none,0.0,0.0,17.673029,38.16,41.707474,980.22107,,2023-07-02 03:51:51.613002,2023-07-02 21:16:04.388156,1044.2129192333334,0,0,1,6,1,0,,summer,0,0,1,0
566711027,20.3,19.462055,none,0.0,0.0,9.885262,18.0,58.703903,984.3376,,2023-07-02 03:50:03.868506,2023-07-02 21:16:30.708869,1046.4473393833334,0,0,1,6,1,0,,summer,0,0,0,0
566429427,20.4,19.831656,none,0.0,0.0,8.699793,16.56,59.50574,984.78436,,2023-07-02 03:50:35.852967,2023-07-02 21:15:57.204109,1045.3558523666666,0,0,1,6,1,0,,summer,0,0,0,0
566435427,20.3,19.321466,none,0.0,0.0,10.739832,17.28,58.510815,982.0562,,2023-07-02 03:50:39.770951,2023-07-02 21:16:53.885247,1046.2352382666666,0,0,1,6,1,0,,summer,0,0,0,0
566437027,21.5,20.563686,none,0.0,0.0,10.446206,22.319998,54.348904,982.3607,,2023-07-02 03:50:37.962034,2023-07-02 21:16:04.337170,1045.4395856,0,0,1,6,1,0,,summer,0,0,0,0
567260627,23.25,20.057554,none,0.0,0.0,20.172853,37.44,40.408985,982.6034,,2023-07-02 03:50:37.395902,2023-07-02 21:15:59.727521,1045.3721936499999,0,0,1,6,1,0,,summer,0,0,1,0
567536827,16.6,16.086205,none,0.0,0.0,6.379216,10.08,71.14271,981.923,,2023-07-02 03:52:33.781622,2023-07-02 21:16:15.859809,1043.7013031166666,0,1,0,6,1,0,,summer,0,0,0,1
566494227,15.45,14.311468,none,0.0,0.0,15.876775,26.28,89.02921,978.3273,,2023-07-02 03:51:15.785340,2023-07-02 21:15:09.320092,1043.8922458666666,1,0,1,6,1,0,,summer,0,0,1,0
568109027,23.15,20.551695,none,0.0,0.0,18.0036,36.719997,43.477116,981.43976,,2023-07-02 03:51:11.180835,2023-07-02 21:15:42.774796,1044.5265660166667,0,0,1,6,1,0,,summer,0,0,1,0
566931427,21.25,20.327019,none,0.0,0.0,10.1376915,24.48,54.825104,984.17957,,2023-07-02 03:50:06.588541,2023-07-02 21:16:18.711168,1046.2020437833332,0,0,1,6,1,0,,summer,0,0,0,0
567096227,22.45,20.309225,none,0.0,0.0,20.957443,40.68,44.908474,984.1716,,2023-07-02 03:50:49.843651,2023-07-02 21:17:33.087374,1046.7207287166666,0,0,1,6,1,0,,summer,0,0,1,0
566432427,21.85,20.18539,none,0.0,0.0,14.044615,34.92,50.961994,981.1675,,2023-07-02 03:50:24.349703,2023-07-02 21:17:33.253627,1047.1483987333334,0,0,1,6,1,0,,summer,0,0,0,0
566465827,21.8,19.945925,none,0.0,0.0,13.698934,35.64,48.47123,981.16406,,2023-07-02 03:49:42.823465,2023-07-02 21:17:07.591079,1047.4127935666666,0,0,1,6,1,0,,summer,0,0,0,0
566445627,21.8,19.923544,none,0.0,0.0,22.782625,43.56,55.873524,988.1864,,2023-07-03 03:51:08.025393,2023-07-03 21:13:52.730270,1042.7450812833333,0,0,1,0,0,0,,summer,0,0,1,0
566475627,23.3,19.808464,none,0.0,0.0,20.907913,43.92,35.65288,986.3215,,2023-07-03 03:53:23.325010,2023-07-03 21:15:34.317646,1042.1832106,0,0,1,0,0,0,,summer,0,0,1,0
566715827,14.9,14.239775,none,0.0,0.0,7.2805495,11.159999,79.05247,980.73663,,2023-07-03 03:50:42.659515,2023-07-03 21:16:52.602261,1046.1657124333333,0,1,0,0,0,0,,summer,0,0,0,1
567112227,20.7,18.545881,rain,0.1,0.0,22.505037,45.0,59.18759,985.3328,,2023-07-03 03:53:19.619608,2023-07-03 21:16:50.440438,1043.5136805,0,0,1,0,0,0,,summer,0,0,1,0
566582427,22.1,20.098064,none,0.0,0.0,23.491207,45.719997,49.03895,989.00543,,2023-07-03 03:51:57.688610,2023-07-03 21:16:33.147838,1044.5909871333333,0,0,1,0,0,0,,summer,0,0,1,0
566432027,22.65,19.516285,none,0.0,0.0,18.86139,35.28,40.51245,991.204,,2023-07-03 03:51:57.385934,2023-07-03 21:15:37.321653,1043.6655953166667,0,0,1,0,0,0,,summer,0,0,1,0
566599627,23.15,19.745981,none,0.0,0.0,19.829433,39.6,37.993744,988.43475,,2023-07-03 03:50:23.956602,2023-07-03 21:15:04.781371,1044.6804128166666,0,0,1,0,0,0,,summer,0,0,1,0
566629027,21.6,19.58541,none,0.0,0.0,13.039754,25.199999,46.20017,989.3327,,2023-07-03 03:52:06.703349,2023-07-03 21:14:27.249603,1042.3424375666666,0,0,1,0,0,0,,summer,0,0,0,0
566914427,19.95,18.395706,none,0.0,0.0,10.464797,19.44,52.177692,991.6565,,2023-07-03 03:51:56.424129,2023-07-03 21:16:13.677676,1044.2875591166667,0,0,1,0,0,0,,summer,0,0,0,0
566951027,22.7,19.282568,none,0.0,0.0,19.319628,36.719997,38.12454,987.53253,,2023-07-03 03:53:26.543662,2023-07-03 21:14:32.513055,1041.0994898833333,0,0,1,0,0,0,,summer,0,0,1,0
567050827,20.0,18.394775,rain,0.1,0.0,22.19773,41.760002,72.47084,989.1718,,2023-07-03 03:51:46.402740,2023-07-03 21:14:10.412927,1042.4001697833332,0,0,1,0,0,0,,summer,0,0,1,0
568217227,23.15,20.921524,none,0.0,0.0,22.148045,44.639996,42.32774,984.2314,,2023-07-03 03:53:12.820282,2023-07-03 21:14:00.034207,1040.7868987499999,0,0,1,0,0,0,,summer,0,0,1,0
566617827,23.0,20.675156,none,0.0,0.0,24.503809,44.639996,44.6123,985.51086,,2023-07-03 03:51:08.704707,2023-07-03 21:16:50.639863,1045.6989192666667,0,0,1,0,0,0,,summer,0,0,1,0
566450627,20.05,18.852545,none,0.0,0.0,9.605998,19.08,54.700836,993.0117,,2023-07-03 03:51:39.243065,2023-07-03 21:13:54.323241,1042.2513362666666,0,0,1,0,0,0,,summer,0,0,0,0
568894027,21.65,19.128267,none,0.0,0.0,15.119999,32.399998,43.79072,990.9369,,2023-07-03 03:52:28.979875,2023-07-03 21:15:41.606805,1043.2104488333332,0,0,1,0,0,0,,summer,0,0,1,0
567340027,21.45,19.01926,none,0.0,0.0,14.044615,37.079998,43.58693,989.8131,,2023-07-03 03:50:44.251119,2023-07-03 21:16:19.693491,1045.5907061999999,0,0,1,0,0,0,,summer,0,0,0,0
566432627,16.8,14.999762,none,0.0,0.0,8.587338,19.8,55.728214,994.8483,,2023-07-03 03:51:40.411727,2023-07-03 21:15:17.268100,1043.6142728833333,0,1,0,0,0,0,,summer,0,0,0,1
566494627,22.4,20.56908,none,0.0,0.0,23.441502,41.399998,50.437084,988.79346,,2023-07-03 03:51:15.197960,2023-07-03 21:14:46.884444,1043.5281080666666,0,0,1,0,0,0,,summer,0,0,1,0
566562627,15.55,14.122398,none,0.0,0.0,8.0899935,11.879999,65.238335,991.60034,,2023-07-03 03:52:20.736626,2023-07-03 21:14:34.397292,1042.2276777666668,0,1,0,0,0,0,,summer,0,0,0,1
567105627,22.2,18.930552,none,0.0,0.0,18.391735,38.16,39.434868,982.7527,,2023-07-03 03:57:04.543313,2023-07-03 21:13:57.789267,1036.8874325666666,0,0,1,0,0,0,,summer,0,0,1,0
567385627,21.1,19.00108,none,0.0,0.0,24.29133,41.760002,61.650654,984.9334,,2023-07-03 03:51:32.811401,2023-07-03 21:15:31.634821,1043.9803903333334,0,0,1,0,0,0,,summer,0,0,1,0
568919427,15.45,14.559305,none,0.0,0.0,9.178235,14.04,77.06917,979.9312,,2023-07-03 03:52:37.238886,2023-07-03 21:15:15.086562,1042.6307946,0,1,0,0,0,0,,summer,0,0,0,1
566569427,22.75,18.940283,none,0.0,0.0,23.051247,40.32,39.591248,991.0128,,2023-07-03 03:51:42.332115,2023-07-03 21:16:28.740985,1044.7734811666667,0,0,1,0,0,0,,summer,0,0,1,0
566619227,24.05,21.353323,none,0.0,0.0,21.897945,41.760002,36.728577,986.2226,,2023-07-03 03:52:14.724743,2023-07-03 21:13:53.658540,1041.6488966166667,0,0,1,0,0,0,,summer,0,0,1,0
566906627,22.65,19.516285,none,0.0,0.0,18.86139,35.28,40.51245,989.1526,,2023-07-03 03:52:37.847798,2023-07-03 21:15:38.752602,1043.0150800666665,0,0,1,0,0,0,,summer,0,0,1,0
567383027,16.05,14.013556,none,0.0,0.0,9.107359,16.919998,55.917473,991.4653,,2023-07-03 03:53:46.129709,2023-07-03 21:15:00.231396,1041.2350281166666,0,1,0,0,0,0,,summer,0,0,0,1
566445427,21.6,19.868103,none,0.0,0.0,12.661564,27.359999,48.741215,991.63715,,2023-07-03 03:51:28.360483,2023-07-03 21:14:56.628888,1043.4711400833335,0,0,1,0,0,0,,summer,0,0,0,0
566436427,21.35,19.43072,rain,0.1,0.0,22.782625,42.12,60.712494,987.7685,,2023-07-03 03:51:11.891725,2023-07-03 21:14:14.430812,1043.0423181166666,0,0,1,0,0,0,,summer,0,0,1,0
566595227,22.9,19.476372,none,0.0,0.0,22.91026,41.760002,38.311565,987.2471,,2023-07-03 03:52:00.375315,2023-07-03 21:17:03.456819,1045.0513584,0,0,1,0,0,0,,summer,0,0,1,0
566649027,23.4,20.466938,none,0.0,0.0,23.40277,41.399998,38.453754,991.0585,,2023-07-03 03:51:44.229547,2023-07-03 21:15:09.476697,1043.4207858333334,0,0,1,0,0,0,,summer,0,0,1,0
567268627,20.1,18.677313,none,0.0,0.0,7.8625183,22.68,48.66077,986.4497,,2023-07-03 03:53:42.263814,2023-07-03 21:15:22.445933,1041.6697019833332,0,0,1,0,0,0,,summer,0,0,0,0
567332227,20.0,18.548647,none,0.0,0.0,9.565437,25.199999,51.66901,990.2952,,2023-07-03 03:50:27.988639,2023-07-03 21:16:27.347187,1045.9893091333333,0,0,1,0,0,0,,summer,0,0,0,0
566835027,21.25,21.749195,none,0.0,0.0,6.6087217,11.879999,65.17915,999.0328,,2023-07-04 03:52:18.040295,2023-07-04 21:14:02.622550,1041.7430375833333,0,0,1,1,0,0,,summer,0,0,0,0
566769027,25.2,22.385328,none,0.0,0.0,12.88981,24.84,29.805784,994.9323,,2023-07-04 03:53:28.570987,2023-07-04 21:14:48.597868,1041.33378135,0,0,1,1,0,0,,summer,0,0,0,0
566772227,24.8,22.12838,none,0.0,0.0,14.113652,25.199999,33.48395,996.2238,,2023-07-04 03:52:33.365143,2023-07-04 21:13:10.131106,1040.61276605,0,0,1,1,0,0,,summer,0,0,0,0
566963427,22.0,20.297638,none,0.0,0.0,14.973577,28.44,46.155716,997.5245,,2023-07-04 03:52:13.251314,2023-07-04 21:15:58.916613,1043.7610883166667,0,0,1,1,0,0,,summer,0,0,0,0
566992427,25.15,23.496483,none,0.0,0.0,10.495713,23.039999,32.347984,995.8066,,2023-07-04 03:52:17.612905,2023-07-04 21:16:00.630208,1043.71695505,0,0,1,1,0,0,,summer,0,0,0,0
567975227,19.05,18.221954,none,0.0,0.0,9.931042,19.8,63.648746,990.3597,,2023-07-04 03:53:27.928584,2023-07-04 21:14:19.250890,1040.8553717666666,0,0,1,1,0,0,,summer,0,0,0,0
568542227,23.3,23.36412,none,0.0,0.0,5.4833565,21.599998,51.512547,994.13776,,2023-07-04 03:53:03.146049,2023-07-04 21:14:24.954522,1041.3634745499999,0,0,1,1,0,0,,summer,0,0,0,0
569709627,19.4,18.428001,none,0.0,0.0,9.726664,19.8,60.056393,989.48566,,2023-07-04 03:53:42.846275,2023-07-04 21:14:26.567725,1040.7286908333333,0,0,1,1,0,0,,summer,0,0,0,0
566444827,23.0,21.138569,none,0.0,0.0,14.512064,28.44,39.261383,998.02606,,2023-07-04 03:52:26.603196,2023-07-04 21:13:42.816868,1041.2702278666666,0,0,1,1,0,0,,summer,0,0,0,0
566649427,22.2,20.637094,none,0.0,0.0,13.708391,27.72,44.24098,998.6705,,2023-07-04 03:51:48.075081,2023-07-04 21:14:32.674344,1042.7433210499998,0,0,1,1,0,0,,summer,0,0,0,0
566625027,22.85,20.205362,none,0.0,0.0,14.973577,30.960001,39.218777,997.5585,,2023-07-04 03:52:52.524238,2023-07-04 21:15:30.721775,1042.6366256166666,0,0,1,1,0,0,,summer,0,0,0,0
566975427,22.6,20.715784,none,0.0,0.0,15.617529,32.039997,42.74483,997.21564,,2023-07-04 03:51:11.894273,2023-07-04 21:15:17.999818,1044.1017590833333,0,0,1,1,0,0,,summer,0,0,1,0
568812227,24.2,21.533218,none,0.0,0.0,16.65754,27.72,38.291874,996.6078,,2023-07-04 03:53:13.346499,2023-07-04 21:15:16.883106,1042.05894345,0,0,1,1,0,0,,summer,0,0,1,0
569556627,25.25,23.26238,none,0.0,0.0,11.304229,22.319998,31.503315,995.81287,,2023-07-04 03:52:17.548515,2023-07-04 21:15:13.797058,1042.9374757166668,0,0,1,1,0,0,,summer,0,0,0,0
568830227,23.6,21.257885,none,0.0,0.0,12.984975,28.08,37.60857,996.116,,2023-07-04 03:53:40.328799,2023-07-04 21:15:09.819612,1041.49151355,0,0,1,1,0,0,,summer,0,0,0,0
566650827,23.1,20.81477,none,0.0,0.0,13.584932,31.319998,40.23055,996.67285,,2023-07-04 03:51:47.515690,2023-07-04 21:14:03.476111,1042.2660070166667,0,0,1,1,0,0,,summer,0,0,0,0
566570427,18.95,18.334435,none,0.0,0.0,8.14587,18.72,63.41711,993.3367,,2023-07-04 03:53:50.191066,2023-07-04 21:13:38.024686,1039.797227,0,0,1,1,0,0,,summer,0,0,0,0
566889827,22.3,20.793772,none,0.0,0.0,13.37825,26.28,43.972538,998.6594,,2023-07-04 03:52:08.093539,2023-07-04 21:13:42.270911,1041.5696228666666,0,0,1,1,0,0,,summer,0,0,0,0
569233227,19.0,17.711748,none,0.0,0.0,8.161764,12.599999,54.431557,999.75323,,2023-07-04 03:53:13.169737,2023-07-04 21:15:01.075131,1041.7984232333333,0,0,1,1,0,0,,summer,0,0,0,0
568829027,23.75,21.42195,none,0.0,0.0,13.513193,26.64,38.164253,998.4291,,2023-07-04 03:52:58.527324,2023-07-04 21:15:09.177736,1042.1775068666668,0,0,1,1,0,0,,summer,0,0,0,0
566867227,12.9,11.810453,none,0.0,0.0,6.6185193,9.72,79.82534,992.82214,,2023-07-04 03:51:48.682883,2023-07-04 21:15:42.266981,1043.8930683,0,1,0,1,0,0,,summer,0,0,0,1
566979427,21.5,20.821901,none,0.0,0.0,7.386582,23.039999,52.236786,996.1638,,2023-07-04 03:52:14.387579,2023-07-04 21:15:04.477122,1042.8348257166667,0,0,1,1,0,0,,summer,0,0,0,0
567962427,24.95,22.201097,none,0.0,0.0,14.255272,27.359999,31.635138,995.17865,,2023-07-04 03:53:58.973509,2023-07-04 21:13:38.312052,1039.6556423833333,0,0,1,1,0,0,,summer,0,0,0,0
566464627,25.45,23.5137,none,0.0,0.0,18.0,33.839996,43.253628,999.4958,,2023-07-05 03:52:49.160230,2023-07-05 21:14:50.248759,1042.01814215,0,0,1,2,0,0,,summer,0,0,1,0
566987427,18.0,18.29071,none,0.0,0.0,7.42159,11.5199995,78.47368,999.80554,,2023-07-05 03:53:04.135526,2023-07-05 21:15:20.319227,1042.26972835,0,1,0,2,0,0,,summer,0,0,0,1
566472427,23.85,23.806501,none,0.0,0.0,9.565437,26.64,54.589413,1002.5511,,2023-07-05 03:53:24.362823,2023-07-05 21:14:00.414673,1040.6008641666667,0,0,1,2,0,0,,summer,0,0,0,0
566896227,24.45,22.880674,none,0.0,0.0,16.45007,35.28,47.75724,996.5996,,2023-07-05 03:52:19.832015,2023-07-05 21:13:42.527958,1041.3782657166666,0,0,1,2,0,0,,summer,0,0,1,0
566554627,23.25,22.649977,none,0.0,0.0,12.88981,27.72,55.870792,998.7768,,2023-07-05 03:53:57.503052,2023-07-05 21:15:21.632889,1041.40216395,0,0,1,2,0,0,,summer,0,0,0,0
566498427,24.3,23.135077,none,0.0,0.0,14.021525,25.56,48.663944,1000.4429,,2023-07-05 03:54:11.493541,2023-07-05 21:14:17.152069,1040.0943088,0,0,1,2,0,0,,summer,0,0,0,0
566660827,23.9,23.110765,none,0.0,0.0,12.261158,27.0,50.99983,998.30927,,2023-07-05 03:53:39.557252,2023-07-05 21:14:58.577871,1041.3170103166667,0,0,1,2,0,0,,summer,0,0,0,0
568843227,23.85,23.039848,none,0.0,0.0,12.287555,29.519999,50.986694,998.74774,,2023-07-05 03:54:17.135490,2023-07-05 21:15:12.392027,1040.9209422833333,0,0,1,2,0,0,,summer,0,0,0,0
566949827,20.75,20.57148,rain,0.5,0.0,15.496736,35.28,74.4848,996.24255,,2023-07-05 03:54:46.154223,2023-07-05 21:12:58.590959,1038.2072789333333,0,0,1,2,0,0,,summer,0,0,1,0
567457227,20.25,21.343515,none,0.0,0.0,6.638072,15.84,76.5728,990.82935,,2023-07-05 03:55:14.485845,2023-07-05 21:13:30.434563,1038.2658119666667,0,0,1,2,0,0,,summer,0,0,0,0
566531027,15.5,14.1830635,none,0.0,0.0,8.557102,13.679999,68.3712,997.11334,,2023-07-05 03:52:55.487449,2023-07-05 21:14:53.726996,1041.9706591166666,0,1,0,2,0,0,,summer,0,0,0,1
566629627,18.0,18.29071,none,0.0,0.0,7.42159,11.5199995,78.47368,998.6375,,2023-07-05 03:53:31.417034,2023-07-05 21:15:21.155083,1041.8289674833334,0,1,0,2,0,0,,summer,0,0,0,1
566670027,17.4,17.915369,none,0.0,0.0,6.638072,10.799999,83.093414,999.1627,,2023-07-05 03:52:34.248695,2023-07-05 21:13:16.924291,1040.7112599333334,0,1,0,2,0,0,,summer,0,0,0,1
566674227,21.75,22.920307,none,0.0,0.0,5.692099,15.4800005,69.165115,998.1085,,2023-07-05 03:52:42.607687,2023-07-05 21:13:16.982788,1040.57291835,0,0,1,2,0,0,,summer,0,0,0,0
566677427,21.75,22.920307,none,0.0,0.0,5.692099,15.4800005,69.165115,997.8779,,2023-07-05 03:52:40.706227,2023-07-05 21:13:11.141195,1040.5072494666667,0,0,1,2,0,0,,summer,0,0,0,0
568056027,23.5,23.209585,none,0.0,0.0,9.793059,28.44,53.622543,996.53546,,2023-07-05 03:54:58.728734,2023-07-05 21:12:50.423423,1037.86157815,0,0,1,2,0,0,,summer,0,0,0,0
566464427,24.55,22.785734,none,0.0,0.0,17.786331,34.92,47.4723,996.6565,,2023-07-05 03:54:27.564481,2023-07-05 21:13:12.260829,1038.7449391333332,0,0,1,2,0,0,,summer,0,0,1,0
566543427,24.8,22.934704,none,0.0,0.0,19.171478,39.6,43.64654,993.31287,,2023-07-05 03:53:42.047731,2023-07-05 21:17:35.770165,1043.8953739,0,0,1,2,0,0,,summer,0,0,1,0
567989027,16.95,17.121466,none,0.0,0.0,7.9932966,9.36,83.309265,999.7383,,2023-07-05 03:53:25.798099,2023-07-05 21:14:22.181106,1040.9397167833333,0,1,0,2,0,0,,summer,0,0,0,1
566489027,25.7,26.71045,none,0.0,0.0,10.661107,23.759998,52.13624,1002.0179,,2023-07-06 03:54:26.629414,2023-07-06 21:13:41.495248,1039.2477638999999,0,0,1,3,0,0,,summer,0,0,0,0
566484427,25.0,26.11946,none,0.0,0.0,10.703569,22.68,55.76523,1004.6942,,2023-07-06 03:54:35.954042,2023-07-06 21:13:10.363521,1038.5734913166666,0,0,1,3,0,0,,summer,0,0,0,0
566549227,26.9,27.24362,none,0.0,0.0,8.669949,19.08,47.641438,999.5338,,2023-07-06 03:54:26.668575,2023-07-06 21:13:39.752489,1039.2180652333334,0,0,1,3,0,0,,summer,0,0,0,0
567387827,24.4,25.427511,none,0.0,0.0,8.217153,21.24,57.064518,999.7488,,2023-07-06 03:57:13.354270,2023-07-06 21:13:54.969672,1036.6935900333333,0,0,1,3,0,0,,summer,0,0,0,0
571428627,26.8,27.134039,none,0.0,0.0,9.387651,16.919998,48.69955,1000.4362,,2023-07-06 03:55:00.077392,2023-07-06 21:12:17.181888,1037.2850749333334,0,0,1,3,0,0,,summer,0,0,0,0
566491027,25.6,26.956612,none,0.0,0.0,8.766573,23.039999,53.12435,1002.1262,,2023-07-06 03:54:54.516037,2023-07-06 21:13:10.926551,1038.2735085666668,0,0,1,3,0,0,,summer,0,0,0,0
566568627,26.7,27.44645,none,0.0,0.0,8.161764,15.84,50.908752,1000.7717,,2023-07-06 03:54:54.875264,2023-07-06 21:13:08.535411,1038.2276691166667,0,0,1,3,0,0,,summer,0,0,0,0
566738427,26.5,28.428997,none,0.0,0.0,7.172949,20.519999,50.36987,1003.1686,,2023-07-06 03:54:01.943639,2023-07-06 21:11:56.064904,1037.9020210833335,0,0,1,3,0,0,,summer,0,0,0,0
566784027,23.0,24.93415,none,0.0,0.0,5.4833565,15.84,71.63475,1002.8938,,2023-07-06 03:53:24.988658,2023-07-06 21:13:14.940007,1039.8325224833334,0,0,1,3,0,0,,summer,0,0,0,0
566858627,27.7,27.023794,none,0.0,0.0,10.883676,20.519999,40.055294,997.8707,,2023-07-06 03:54:14.055457,2023-07-06 21:13:53.856628,1039.66335285,0,0,1,3,0,0,,summer,0,0,0,0
569308627,27.15,26.755276,none,0.0,0.0,8.4963045,18.72,40.828445,991.87744,,2023-07-06 03:54:35.190602,2023-07-06 21:16:43.304658,1042.1352342666667,0,0,1,3,0,0,,summer,0,0,0,0
566549427,26.8,27.799324,none,0.0,0.0,7.386582,14.4,51.754665,999.98193,,2023-07-06 03:54:17.744790,2023-07-06 21:13:15.308038,1038.9593874666666,0,0,1,3,0,0,,summer,0,0,0,0
566707427,26.6,27.2566,none,0.0,0.0,6.9153743,18.0,48.96048,999.3877,,2023-07-06 03:53:25.234285,2023-07-06 21:14:24.824910,1040.9931770833332,0,0,1,3,0,0,,summer,0,0,0,0
568119827,27.85,28.052185,none,0.0,0.0,7.8625183,18.72,39.83591,991.11816,,2023-07-06 03:55:37.854376,2023-07-06 21:12:59.235811,1037.35635725,0,0,1,3,0,0,,summer,0,0,0,0
566476627,22.95,24.947784,none,0.0,0.0,4.896529,15.4800005,71.62567,1002.891,,2023-07-06 03:53:42.347374,2023-07-06 21:14:14.064225,1040.5286141833333,0,0,1,3,0,0,,summer,0,0,0,0
566493627,26.45,28.069756,none,0.0,0.0,9.107359,22.68,50.034473,1000.7899,,2023-07-06 03:54:16.296739,2023-07-06 21:13:36.989552,1039.3448802166668,0,0,1,3,0,0,,summer,0,0,0,0
566854427,23.15,23.515553,none,0.0,0.0,8.669949,13.679999,59.768257,998.3933,,2023-07-06 03:55:05.479602,2023-07-06 21:12:28.674642,1037.386584,0,0,1,3,0,0,,summer,0,0,0,0
566741027,26.55,27.863438,none,0.0,0.0,6.638072,12.599999,54.22166,1002.0001,,2023-07-06 03:53:58.530941,2023-07-06 21:12:10.893470,1038.20604215,0,0,1,3,0,0,,summer,0,0,0,0
566804427,22.15,22.22253,none,0.0,0.0,10.296251,16.919998,62.896683,1000.387,,2023-07-06 03:53:45.261112,2023-07-06 21:13:24.028272,1039.6461193333334,0,1,0,3,0,0,,summer,0,0,0,1
567424227,23.05,24.871447,none,0.0,0.0,5.8048253,15.4800005,70.74567,1004.62787,,2023-07-06 03:54:36.128073,2023-07-06 21:13:22.271510,1038.7690572833333,0,0,1,3,0,0,,summer,0,0,0,0
566778827,24.6,26.07421,none,0.0,0.0,6.4096174,10.440001,62.04723,999.5125,,2023-07-06 03:53:59.843653,2023-07-06 21:12:27.845484,1038.4666971833333,0,0,1,3,0,0,,summer,0,0,0,0
566959627,26.5,26.958607,none,0.0,0.0,8.404285,19.8,49.408535,997.12897,,2023-07-06 03:54:20.061744,2023-07-06 21:14:33.219327,1040.21929305,0,0,1,3,0,0,,summer,0,0,0,0
567426227,28.2,28.012733,none,0.0,0.0,9.565437,20.16,37.40361,1002.85645,,2023-07-06 03:54:43.769953,2023-07-06 21:13:21.227491,1038.6242923,0,0,1,3,0,0,,summer,0,0,0,0
568115827,23.2,24.755396,none,0.0,0.0,6.297428,16.56,68.14,995.56177,,2023-07-06 03:55:39.274177,2023-07-06 21:13:09.060316,1037.49643565,0,0,1,3,0,0,,summer,0,0,0,0
566495227,25.7,26.71045,none,0.0,0.0,10.661107,23.759998,52.13624,1004.53326,,2023-07-06 03:54:39.556712,2023-07-06 21:13:33.586458,1038.9004957666666,0,0,1,3,0,0,,summer,0,0,0,0
566573627,24.8,25.614847,none,0.0,0.0,7.7043357,16.199999,56.979256,997.92664,,2023-07-06 03:55:03.004315,2023-07-06 21:11:52.106151,1036.8183639333333,0,0,1,3,0,0,,summer,0,0,0,0
566469827,21.5,23.366943,none,0.0,0.0,5.3517847,14.4,77.49839,999.7302,,2023-07-06 03:55:12.573402,2023-07-06 21:12:21.125017,1037.1425269166666,0,0,1,3,0,0,,summer,0,0,0,0
566915227,28.0,28.91515,none,0.0,0.0,7.628263,17.28,40.1388,1002.62805,,2023-07-06 03:53:59.923522,2023-07-06 21:12:16.264615,1038.27235155,0,0,1,3,0,0,,summer,0,0,0,0
566602227,24.25,25.602373,none,0.0,0.0,8.350138,20.16,60.40976,998.8238,,2023-07-06 03:53:35.262837,2023-07-06 21:14:52.203355,1041.2823419666668,0,0,1,3,0,0,,summer,0,0,0,0
566938027,27.55,26.940285,none,0.0,0.0,11.246759,20.16,41.34238,998.5391,,2023-07-06 03:54:28.630543,2023-07-06 21:14:20.595803,1039.8660876666665,0,0,1,3,0,0,,summer,0,0,0,0
567385827,28.1,28.665401,none,0.0,0.0,7.9526596,20.880001,39.387814,999.25494,,2023-07-06 03:56:27.297704,2023-07-06 21:11:46.865947,1035.3261373833334,0,0,1,3,0,0,,summer,0,0,0,0
566608027,25.55,26.867504,rain,1.0,0.0,12.4811535,31.319998,65.05739,988.3985,,2023-07-07 03:57:02.184144,2023-07-07 21:12:14.057813,1035.1978944833334,0,0,1,4,0,0,,summer,0,0,0,0
568224427,20.7,23.348185,none,0.0,0.0,4.0249224,14.4,88.32867,990.0365,,2023-07-07 03:56:25.485968,2023-07-07 21:12:20.198386,1035.9118736333335,0,0,1,4,0,0,,summer,0,0,0,0
567825427,24.3,25.738728,rain,1.6,0.0,13.1041975,30.599998,72.09405,988.7797,,2023-07-07 04:00:58.782682,2023-07-07 21:13:23.658384,1032.4145950333334,0,0,1,4,0,0,,summer,0,0,0,0
567388627,24.9,26.202774,rain,0.6,0.0,12.904882,32.399998,68.04839,993.52985,,2023-07-07 03:57:11.989364,2023-07-07 21:12:43.973824,1035.5330743333334,0,0,1,4,0,0,,summer,0,0,0,0
568697427,22.6,24.02522,rain,0.7,0.0,12.24,32.760002,78.39565,993.28925,,2023-07-07 03:57:29.381683,2023-07-07 21:12:51.730649,1035.3724827666667,0,0,1,4,0,0,,summer,0,0,0,0
566608827,26.1,26.211708,rain,0.1,0.0,16.766108,32.760002,58.02432,998.69653,,2023-07-07 03:56:19.939544,2023-07-07 21:14:00.304733,1037.6727531499998,0,0,1,4,0,0,,summer,0,0,1,0
566617227,24.85,26.750492,rain,0.4,0.0,10.587918,24.84,70.63647,994.2229,,2023-07-07 03:56:08.254156,2023-07-07 21:11:54.096477,1035.7640386833332,0,0,1,4,0,0,,summer,0,0,0,0
566858827,21.5,23.60176,rain,0.1,0.0,7.928178,23.759998,84.35835,993.22723,,2023-07-07 03:56:51.554429,2023-07-07 21:12:29.277674,1035.62872075,0,0,1,4,0,0,,summer,0,0,0,0
566874627,25.2,26.630602,none,0.0,0.0,13.479583,34.56,68.74809,990.68207,,2023-07-07 03:55:26.391082,2023-07-07 21:15:52.919305,1040.44213705,0,0,1,4,0,0,,summer,0,0,0,0
566962827,20.65,23.183088,none,0.0,0.0,4.3349743,16.56,87.77352,992.67206,,2023-07-07 03:56:37.590680,2023-07-07 21:13:30.348357,1036.8792946166666,0,0,1,4,0,0,,summer,0,0,0,0
567007827,22.9,24.507698,rain,2.0,0.0,13.1041975,28.44,80.16885,994.1753,,2023-07-07 03:54:39.082340,2023-07-07 21:13:42.810668,1039.0621388,0,0,1,4,0,0,,summer,0,0,0,0
567061027,25.55,27.145233,rain,0.1,0.0,15.192682,34.56,70.985405,998.8551,,2023-07-07 03:55:13.367701,2023-07-07 21:11:56.872785,1036.7250847333332,0,0,1,4,0,0,,summer,0,0,1,0
568514427,25.25,27.436634,none,0.0,0.0,7.968939,31.319998,68.117546,995.27057,,2023-07-07 03:54:49.342714,2023-07-07 21:11:56.961270,1037.1269759333334,0,0,1,4,0,0,,summer,0,0,0,0
567577227,20.4,21.080774,none,0.0,0.0,13.0447235,21.599998,82.13726,999.7393,,2023-07-07 03:55:54.237820,2023-07-07 21:12:59.114512,1037.0812782,0,0,1,4,0,0,,summer,0,0,0,0
567908827,21.4,22.959585,rain,0.1,0.0,11.165805,29.16,84.08401,990.2256,,2023-07-07 03:55:44.163720,2023-07-07 21:15:58.524352,1040.2393438666668,0,0,1,4,0,0,,summer,0,0,0,0
566588227,21.15,22.474722,none,0.0,0.0,13.905509,28.08,87.270905,996.59827,,2023-07-07 03:54:28.361441,2023-07-07 21:13:34.456103,1039.1015777,0,0,1,4,0,0,,summer,0,0,0,0
566610827,18.95,21.003813,none,0.0,0.0,6.2145634,9.0,94.817215,995.90375,,2023-07-07 03:55:33.223358,2023-07-07 21:13:07.749206,1037.5754308,0,1,0,4,0,0,,summer,0,0,0,1
566966027,21.5,22.905039,none,0.0,0.0,14.336861,26.28,87.03112,997.7726,,2023-07-07 03:55:08.725643,2023-07-07 21:13:28.393929,1038.3278047666668,0,0,1,4,0,0,,summer,0,0,0,0
566612227,19.7,21.983934,none,0.0,0.0,6.849467,12.24,94.55025,996.299,,2023-07-07 03:54:35.004286,2023-07-07 21:13:40.393152,1039.0898144333335,0,0,1,4,0,0,,summer,0,0,0,0
566622227,18.95,21.115519,none,0.0,0.0,5.7599998,9.72,95.41445,989.79285,,2023-07-07 03:55:41.268010,2023-07-07 21:15:58.673611,1040.29009335,0,1,0,4,0,0,,summer,0,0,0,1
566841627,27.65,29.549149,none,0.0,0.0,10.739832,30.239998,60.055046,992.8176,,2023-07-07 03:56:18.771466,2023-07-07 21:12:26.210919,1036.1239908833334,0,0,1,4,0,0,,summer,0,0,0,0
566598427,25.3,25.773018,rain,0.2,0.0,15.7908325,32.399998,62.795055,996.5598,,2023-07-07 03:56:04.275763,2023-07-07 21:12:52.625780,1036.8058336166666,0,0,1,4,0,0,,summer,0,0,1,0
566895427,26.3,27.761833,none,0.0,0.0,13.584932,30.960001,64.81025,994.68036,,2023-07-07 03:55:16.419722,2023-07-07 21:13:49.891043,1038.55785535,0,0,1,4,0,0,,summer,0,0,0,0
567390827,21.15,21.26885,rain,0.2,0.0,12.904882,25.919998,71.75352,996.2779,,2023-07-08 03:55:58.560001,2023-07-08 21:12:37.333494,1036.6462248833334,0,0,1,5,1,0,,summer,0,0,0,0
567845427,21.25,21.232368,none,0.0,0.0,12.224107,27.0,68.625626,989.44666,,2023-07-08 04:02:06.093732,2023-07-08 21:12:33.904432,1030.4635116666666,0,0,1,5,1,0,,summer,0,0,0,0
567843627,20.25,20.497208,rain,1.2,0.0,12.303366,27.0,76.32872,989.7064,,2023-07-08 04:01:23.558243,2023-07-08 21:12:35.321334,1031.1960515166668,0,0,1,5,1,0,,summer,0,0,0,0
566651827,21.2,19.710945,none,0.0,0.0,11.298495,20.16,50.45233,997.35297,,2023-07-08 03:58:08.978994,2023-07-08 21:13:01.753574,1034.8795763333333,0,0,1,5,1,0,,summer,0,0,0,0
566659027,20.6,21.151012,none,0.0,0.0,0.35999998,5.04,57.62729,996.75867,,2023-07-08 03:55:57.215138,2023-07-08 21:10:42.680974,1034.7577639333333,1,0,0,5,1,0,,summer,0,0,0,0
567417827,17.7,17.5671,none,0.0,0.0,7.2,10.799999,73.48363,991.83844,,2023-07-08 03:57:23.325824,2023-07-08 21:11:27.836383,1034.0751759833333,0,1,0,5,1,0,,summer,0,0,0,1
566614427,17.3,18.314417,none,0.0,0.0,9.1641035,18.359999,96.270515,991.87585,,2023-07-08 03:58:04.961132,2023-07-08 21:11:47.876548,1033.7152569333334,0,1,0,5,1,0,,summer,0,0,0,1
566805827,19.95,20.502764,none,0.0,0.0,11.183201,23.4,79.513725,996.4656,,2023-07-08 03:56:53.598831,2023-07-08 21:12:15.850595,1035.3708627333333,0,0,1,5,1,0,,summer,0,0,0,0
567000027,22.0,21.120428,none,0.0,0.0,12.074766,26.64,55.92349,995.53955,,2023-07-08 03:56:34.844106,2023-07-08 21:11:59.414139,1035.40950055,0,0,1,5,1,0,,summer,0,0,0,0
566888227,18.5,19.987728,none,0.0,0.0,9.021574,15.119999,95.39901,995.4101,,2023-07-08 03:57:55.183483,2023-07-08 21:12:18.040754,1034.3809545166666,0,1,0,5,1,0,,summer,0,0,0,1
567394827,20.8,21.172808,rain,0.8,0.0,12.413477,25.919998,75.4489,996.7529,,2023-07-08 03:55:58.318295,2023-07-08 21:12:26.954909,1036.4772769,0,0,1,5,1,0,,summer,0,0,0,0
568383827,22.5,20.683178,none,0.0,0.0,13.441071,28.44,46.44798,1000.0218,,2023-07-08 03:57:05.688967,2023-07-08 21:12:01.434817,1034.9290975,0,0,1,5,1,0,,summer,0,0,0,0
566626427,19.95,20.502764,none,0.0,0.0,11.183201,23.4,79.513725,996.6971,,2023-07-08 03:56:44.570574,2023-07-08 21:11:51.839830,1035.1211542666667,0,0,1,5,1,0,,summer,0,0,0,0
566627027,21.7,21.977139,rain,0.2,0.0,14.48972,29.519999,73.70314,997.3806,,2023-07-08 03:56:12.181155,2023-07-08 21:10:36.672167,1034.4081835333334,0,0,1,5,1,0,,summer,0,0,0,0
566650227,21.35,21.415657,rain,0.1,0.0,11.91812,24.48,68.64539,993.8409,,2023-07-08 03:57:03.149088,2023-07-08 21:13:20.990182,1036.2973515666667,0,0,1,5,1,0,,summer,0,0,0,0
566968227,22.65,22.50763,none,0.0,0.0,2.16,13.32,46.33462,995.8432,,2023-07-08 03:56:50.452528,2023-07-08 21:12:13.375312,1035.3820464,0,0,1,5,1,0,,summer,0,0,0,0
566967427,21.7,22.10844,none,0.0,0.0,0.35999998,4.32,52.289066,995.4414,,2023-07-08 03:56:45.857092,2023-07-08 21:12:18.559736,1035.5450440666666,0,0,1,5,1,0,,summer,0,0,0,0
566885427,19.85,20.467024,none,0.0,0.0,10.883676,24.48,80.26306,997.98364,,2023-07-08 03:55:48.572152,2023-07-08 21:12:24.860415,1036.6048043833334,0,0,1,5,1,0,,summer,0,0,0,0
566864627,21.65,21.93945,rain,0.1,0.0,14.986553,29.519999,74.8721,995.63464,,2023-07-08 03:57:31.822506,2023-07-08 21:10:29.950035,1032.96879215,0,0,1,5,1,0,,summer,0,0,0,0
568919027,22.4,20.550772,none,0.0,0.0,13.363711,29.88,46.265892,990.95905,,2023-07-08 03:58:08.270080,2023-07-08 21:11:57.377616,1033.8184589333334,0,0,1,5,1,0,,summer,0,0,0,0
566742027,16.85,17.93248,none,0.0,0.0,7.42159,14.759999,96.2578,997.0363,,2023-07-08 03:55:29.084306,2023-07-08 21:12:30.198955,1037.0185774833333,0,0,1,5,1,0,,summer,0,0,0,0
568012227,21.7,22.10844,none,0.0,0.0,0.35999998,4.32,52.289066,994.6372,,2023-07-08 03:56:37.008890,2023-07-08 21:11:55.706800,1035.3116318333334,0,0,1,5,1,0,,summer,0,0,0,0
566659427,15.35,14.684132,none,0.0,0.0,7.6367526,11.879999,77.56503,993.24207,,2023-07-09 03:57:43.182015,2023-07-09 21:12:12.328834,1034.4857803166667,0,1,0,6,1,0,,summer,0,0,0,1
566683427,23.2,22.186663,none,0.0,0.0,12.245294,25.199999,47.733192,994.4774,,2023-07-09 03:57:14.257442,2023-07-09 21:10:50.804246,1033.6091134,0,0,1,6,1,0,,summer,0,0,0,0
566730427,23.85,21.457363,none,0.0,0.0,16.263872,30.599998,38.973763,988.61176,,2023-07-09 03:59:27.838640,2023-07-09 21:10:54.894314,1031.4509279000001,0,0,1,6,1,0,,summer,0,0,1,0
566682427,15.65,14.877434,none,0.0,0.0,7.42159,13.679999,73.852936,997.25183,,2023-07-09 03:58:10.623506,2023-07-09 21:11:03.511037,1032.88145885,0,1,0,6,1,0,,summer,0,0,0,1
567010627,23.2,21.853437,none,0.0,0.0,13.441071,25.919998,46.79467,991.2674,,2023-07-09 03:57:58.219789,2023-07-09 21:11:42.907409,1033.7447936666665,0,0,1,6,1,0,,summer,0,0,0,0
566966827,22.45,22.094355,none,0.0,0.0,11.183201,25.56,50.28402,992.0199,,2023-07-09 03:56:50.951750,2023-07-09 21:11:21.823827,1034.5145346166667,0,0,1,6,1,0,,summer,0,0,0,0
567166027,22.75,20.6742,none,0.0,0.0,14.618837,24.84,44.841633,993.5169,,2023-07-09 03:58:15.791227,2023-07-09 21:10:49.636522,1032.56408825,0,0,1,6,1,0,,summer,0,0,0,0
567388827,20.9,19.884405,none,0.0,0.0,11.542478,25.56,57.322582,988.4807,,2023-07-09 03:59:54.207232,2023-07-09 21:10:35.347105,1030.68566455,0,0,1,6,1,0,,summer,0,0,0,0
566929427,22.9,21.600668,none,0.0,0.0,12.979984,26.64,47.651745,992.14435,,2023-07-09 03:57:19.250877,2023-07-09 21:11:47.931308,1034.4780071833334,0,0,1,6,1,0,,summer,0,0,0,0
566967227,17.15,15.458443,none,0.0,0.0,16.299694,26.28,72.667145,988.8384,,2023-07-09 03:57:40.372851,2023-07-09 21:11:24.636802,1033.7377325166667,0,1,0,6,1,0,,summer,0,0,1,1
566660427,13.4,12.767048,none,0.0,0.0,6.9899354,10.799999,86.82887,996.4555,,2023-07-09 03:58:42.415625,2023-07-09 21:12:21.905422,1033.6581632833334,0,0,1,6,1,0,,summer,0,0,0,0
567226027,19.5,17.863152,none,0.0,0.0,12.620554,26.28,56.598804,984.48706,,2023-07-09 03:57:59.472272,2023-07-09 21:14:07.345502,1036.1312205,0,0,1,6,1,0,,summer,0,0,0,0
566693427,22.5,20.899445,none,0.0,0.0,13.708391,24.119999,49.14658,992.0173,,2023-07-09 03:57:55.357374,2023-07-09 21:10:20.678359,1032.4220164166666,0,0,1,6,1,0,,summer,0,0,0,0
566680427,23.35,22.80511,none,0.0,0.0,13.75558,27.359999,47.302704,991.1319,,2023-07-09 03:58:56.658390,2023-07-09 21:09:51.050145,1030.90652925,0,0,1,6,1,0,,summer,0,0,0,0
566689227,23.75,21.654194,none,0.0,0.0,13.684735,25.56,40.686516,994.61597,,2023-07-09 03:58:12.142671,2023-07-09 21:11:53.990769,1033.6974683,0,0,1,6,1,0,,summer,0,0,0,0
566690227,22.65,21.177883,none,0.0,0.0,11.177405,27.359999,46.180527,990.6249,,2023-07-09 03:56:41.660106,2023-07-09 21:10:27.954308,1033.7715700333333,0,0,1,6,1,0,,summer,0,0,0,0
566697827,19.85,18.28577,none,0.0,0.0,13.679999,22.68,58.20882,991.92865,,2023-07-09 03:58:03.008821,2023-07-09 21:11:53.985731,1033.8496151666666,0,0,1,6,1,0,,summer,0,0,0,0
566665827,20.5,20.343746,none,0.0,0.0,10.853866,20.880001,67.816246,995.8257,,2023-07-09 03:57:38.812204,2023-07-09 21:10:01.830020,1032.3836302666666,0,0,1,6,1,0,,summer,0,0,0,0
568073227,19.0,16.984112,none,0.0,0.0,15.629972,27.0,59.170406,988.48615,,2023-07-09 03:59:18.956210,2023-07-09 21:09:42.346560,1030.3898391666667,0,0,1,6,1,0,,summer,0,0,1,0
566713827,16.5,14.638029,none,0.0,0.0,17.581125,28.8,75.975235,984.7916,,2023-07-10 04:00:10.198619,2023-07-10 21:09:42.378604,1029.5363330833334,0,1,0,0,0,0,,summer,0,0,1,1
566760627,20.4,17.401165,rain,0.1,0.0,24.64094,46.44,53.175037,987.9287,,2023-07-10 03:59:52.555615,2023-07-10 21:09:25.506276,1029.5491776833335,0,0,1,0,0,0,,summer,0,0,1,0
566771427,18.5,14.737057,none,0.0,0.0,25.420181,45.0,56.72735,991.37823,,2023-07-10 03:59:56.422667,2023-07-10 21:08:45.279071,1028.8142734,0,0,1,0,0,0,,summer,0,0,1,0
566780827,16.1,12.6443615,none,0.0,0.0,27.086262,46.079998,74.66804,995.43994,,2023-07-10 03:59:20.060694,2023-07-10 21:09:05.234831,1029.7529022833335,0,0,1,0,0,0,,summer,0,0,1,0
566783427,15.7,12.8243065,none,0.0,0.0,22.682856,45.36,75.594536,995.029,,2023-07-10 03:59:24.822727,2023-07-10 21:08:36.479760,1029.1942838833334,0,0,1,0,0,0,,summer,0,0,1,0
566784627,16.45,13.311075,none,0.0,0.0,25.346148,45.0,73.99212,990.96454,,2023-07-10 03:59:31.323888,2023-07-10 21:10:34.894131,1031.05950405,0,0,1,0,0,0,,summer,0,0,1,0
566791427,14.95,11.8046,none,0.0,0.0,21.288757,37.079998,71.30572,992.83527,,2023-07-10 03:59:33.106799,2023-07-10 21:09:30.423320,1029.95527535,0,1,0,0,0,0,,summer,0,0,1,1
566814427,16.05,12.355206,rain,0.1,0.0,28.19285,48.96,73.67847,991.0916,,2023-07-10 03:59:39.562179,2023-07-10 21:09:38.540942,1029.9829793833333,0,0,1,0,0,0,,summer,0,0,1,0
566817627,18.65,15.115484,none,0.0,0.0,23.565567,41.039997,55.634735,990.67676,,2023-07-10 03:58:48.506092,2023-07-10 21:10:01.308205,1031.21336855,0,0,1,0,0,0,,summer,0,0,1,0
566804027,16.3,13.176931,none,0.0,0.0,23.023119,46.44,69.6835,986.3865,,2023-07-10 03:58:59.969173,2023-07-10 21:13:14.092470,1034.2353882833334,0,0,1,0,0,0,,summer,0,0,1,0
566797227,17.0,13.722322,none,0.0,0.0,23.675303,46.8,65.77166,993.81555,,2023-07-10 04:00:38.137093,2023-07-10 21:11:04.343024,1030.4367655166666,0,0,1,0,0,0,,summer,0,0,1,0
566812227,16.05,12.355206,rain,0.1,0.0,28.19285,48.96,73.67847,989.34393,,2023-07-10 03:59:49.260690,2023-07-10 21:09:38.208032,1029.8157890333334,0,0,1,0,0,0,,summer,0,0,1,0
566819627,15.35,12.089436,none,0.0,0.0,24.482647,50.76,75.28651,990.98773,,2023-07-10 04:01:04.029652,2023-07-10 21:08:51.053020,1027.7837228,0,0,1,0,0,0,,summer,0,0,1,0
566734227,17.4,14.109304,none,0.0,0.0,24.29133,48.96,64.772095,987.72473,,2023-07-10 03:58:47.412384,2023-07-10 21:12:22.106209,1033.5782304166667,0,0,1,0,0,0,,summer,0,0,1,0
566770027,14.3,12.273033,none,0.0,0.0,18.94024,33.839996,88.06496,990.615,,2023-07-10 03:59:39.190077,2023-07-10 21:11:09.509865,1031.5053298,0,0,1,0,0,0,,summer,0,0,1,0
566772427,17.6,14.19776,none,0.0,0.0,25.346148,47.16,65.031425,993.01,,2023-07-10 03:58:22.634204,2023-07-10 21:10:41.670461,1032.31727095,0,0,1,0,0,0,,summer,0,0,1,0
566772827,17.25,13.939795,none,0.0,0.0,24.923338,45.0,66.927315,990.04736,,2023-07-10 03:58:14.160374,2023-07-10 21:11:01.140718,1032.7830057333333,0,0,1,0,0,0,,summer,0,0,1,0
566783027,16.05,12.355206,rain,0.1,0.0,28.19285,48.96,73.67847,990.6252,,2023-07-10 03:59:36.708957,2023-07-10 21:09:09.555553,1029.5474432666667,0,0,1,0,0,0,,summer,0,0,1,0
567234427,19.05,16.5117,rain,0.1,0.0,20.393293,43.199997,56.486267,991.4306,,2023-07-10 03:57:44.963579,2023-07-10 21:09:34.621042,1031.8276243833334,0,0,1,0,0,0,,summer,0,0,1,0
567247827,17.35,14.333481,none,0.0,0.0,22.805367,45.719997,66.28536,993.1295,,2023-07-10 03:58:22.609699,2023-07-10 21:09:52.483823,1031.4979020666667,0,0,1,0,0,0,,summer,0,0,1,0
566755027,19.15,16.24384,none,0.0,0.0,25.455843,45.719997,60.79695,994.50226,,2023-07-10 03:59:24.072356,2023-07-10 21:08:49.935532,1029.4310529333334,0,0,1,0,0,0,,summer,0,0,1,0
566763827,19.45,16.391924,none,0.0,0.0,22.26477,42.12,56.58632,989.4034,,2023-07-10 03:59:11.685120,2023-07-10 21:11:12.205691,1032.0086761833334,0,0,1,0,0,0,,summer,0,0,1,0
566794427,17.05,13.735853,none,0.0,0.0,24.74329,47.88,67.331276,988.93494,,2023-07-10 04:00:11.541752,2023-07-10 21:10:30.516141,1030.3162398166667,0,0,1,0,0,0,,summer,0,0,1,0
566810227,17.6,14.212469,none,0.0,0.0,27.595823,48.239998,69.937126,992.8139,,2023-07-10 03:58:45.492117,2023-07-10 21:09:44.323003,1030.9805147666668,0,0,1,0,0,0,,summer,0,0,1,0
566811027,15.45,12.447617,none,0.0,0.0,21.288757,36.0,71.39993,995.84106,,2023-07-10 03:59:24.480421,2023-07-10 21:10:13.772027,1030.8215267666667,1,0,0,0,0,0,,summer,0,0,1,0
579950427,5.3,1.1371613,rain,0.4,0.0,19.483284,35.64,94.57803,992.8359,,2023-11-04 07:40:56.922549,2023-11-04 16:45:07.933426,544.1835146166667,0,1,0,5,1,1,День народного единства,autumn,0,0,1,1
566702827,16.5,14.663481,none,0.0,0.0,17.518356,28.08,76.22527,992.22485,,2023-07-10 03:59:18.527857,2023-07-10 21:09:55.177361,1030.6108250666666,0,1,0,0,0,0,,summer,0,0,1,1
566780227,17.25,14.121141,none,0.0,0.0,24.098497,46.079998,67.82064,990.3517,,2023-07-10 03:59:30.429904,2023-07-10 21:08:24.761992,1028.9055348,0,0,1,0,0,0,,summer,0,0,1,0
567188227,19.1,16.020002,none,0.0,0.0,26.042212,47.519997,58.218987,985.48895,,2023-07-10 04:00:04.196188,2023-07-10 21:09:49.016318,1029.7470021666666,0,0,1,0,0,0,,summer,0,0,1,0
567080227,15.5,12.698053,none,0.0,0.0,23.584808,41.399998,79.92504,989.85443,,2023-07-10 03:59:23.643733,2023-07-10 21:10:40.363686,1031.2786658833334,0,0,1,0,0,0,,summer,0,0,1,0
567165627,15.3,12.369308,none,0.0,0.0,20.598795,35.28,71.61052,990.053,,2023-07-10 03:59:06.835383,2023-07-10 21:11:15.402769,1032.1427897666667,1,0,0,0,0,0,,summer,0,0,1,0
566717427,15.85,13.003067,none,0.0,0.0,24.448214,42.12,79.450264,991.5482,,2023-07-10 03:59:19.787441,2023-07-10 21:10:23.757035,1031.0661599,0,0,1,0,0,0,,summer,0,0,1,0
566752627,18.9,15.662077,none,0.0,0.0,23.499481,45.719997,58.55888,988.98627,,2023-07-10 03:59:02.238112,2023-07-10 21:11:22.246652,1032.3334756666668,0,0,1,0,0,0,,summer,0,0,1,0
566708227,16.05,13.42038,none,0.0,0.0,23.749088,45.0,80.26414,989.9826,,2023-07-10 03:58:32.154465,2023-07-10 21:09:08.327683,1030.6028869666668,0,0,1,0,0,0,,summer,0,0,1,0
566824227,13.65,10.517386,none,0.0,0.0,20.532627,38.16,75.76079,992.1442,,2023-07-11 03:59:29.480042,2023-07-11 21:09:02.549389,1029.5511557833333,0,0,1,1,0,0,,summer,0,0,1,0
566880827,14.2,10.704218,none,0.0,0.0,23.499481,38.519997,74.34247,990.7473,,2023-07-11 04:00:07.512110,2023-07-11 21:08:47.283415,1028.6628550833334,0,0,1,1,0,0,,summer,0,0,1,0
566887827,16.95,13.606092,none,0.0,0.0,19.694992,34.92,56.33738,990.745,,2023-07-11 04:00:44.816247,2023-07-11 21:09:44.426560,1028.9935052166666,0,0,1,1,0,0,,summer,0,0,1,0
566903827,18.0,15.004501,none,0.0,0.0,16.267857,37.44,50.61616,988.3814,,2023-07-11 04:02:04.563244,2023-07-11 21:10:18.718136,1028.2359148666667,0,0,1,1,0,0,,summer,0,0,1,0
566923027,13.4,11.030149,none,0.0,0.0,16.263872,27.72,79.62906,989.3043,,2023-07-11 04:01:15.439701,2023-07-11 21:07:29.507101,1026.2344566666666,0,0,1,1,0,0,,summer,0,0,1,0
567078627,16.45,13.642952,none,0.0,0.0,19.45333,36.36,65.873276,989.50635,,2023-07-11 04:00:23.344201,2023-07-11 21:07:17.526935,1026.9030455666666,0,0,1,1,0,0,,summer,0,0,1,0
567083827,13.15,10.860918,none,0.0,0.0,14.654254,26.28,78.006294,991.8773,,2023-07-11 03:59:59.058504,2023-07-11 21:08:10.498106,1028.1906600333334,0,1,0,1,0,0,,summer,0,0,0,1
567059627,14.2,11.067184,rain,0.2,0.0,20.06334,36.0,71.88634,991.64996,,2023-07-11 04:00:46.473340,2023-07-11 21:08:42.175420,1027.928368,0,0,1,1,0,0,,summer,0,0,1,0
566854827,16.55,13.60384,none,0.0,0.0,20.211363,39.96,65.01927,991.20386,,2023-07-11 03:59:24.767700,2023-07-11 21:09:38.035003,1030.2211217166666,0,0,1,1,0,0,,summer,0,0,1,0
566861827,15.55,12.14551,none,0.0,0.0,22.68,38.519997,67.696846,992.42914,,2023-07-11 04:00:06.263151,2023-07-11 21:08:06.865879,1028.0100454666667,0,0,1,1,0,0,,summer,0,0,1,0
566890627,13.85,11.843945,rain,0.1,0.0,14.658676,30.599998,79.693,992.8823,,2023-07-11 03:59:31.446921,2023-07-11 21:08:47.619812,1029.2695481833334,0,0,1,1,0,0,,summer,0,0,0,0
566869027,16.3,13.382442,rain,0.2,0.0,20.211363,38.88,66.50525,991.09033,,2023-07-11 03:59:14.882361,2023-07-11 21:08:36.943577,1029.3676869333333,0,0,1,1,0,0,,summer,0,0,1,0
566902027,15.65,12.515974,none,0.0,0.0,20.163212,39.239998,65.70101,992.84717,,2023-07-11 04:00:37.741088,2023-07-11 21:10:14.266221,1029.6087522166667,0,0,1,1,0,0,,summer,0,0,1,0
567093027,17.0,14.22463,none,0.0,0.0,18.36353,36.36,61.7239,988.7924,,2023-07-11 04:00:54.144747,2023-07-11 21:08:46.391084,1027.8707722833333,0,0,1,1,0,0,,summer,0,0,1,0
567235027,13.0,10.586985,none,0.0,0.0,15.315873,25.56,78.246216,989.90314,,2023-07-11 04:00:12.522149,2023-07-11 21:10:06.464493,1029.8990390666668,0,1,0,1,0,0,,summer,0,0,1,1
567399227,15.1,11.783501,none,0.0,0.0,21.602999,39.239998,68.51974,993.656,,2023-07-11 04:00:39.534840,2023-07-11 21:09:11.772949,1028.5373018166667,0,0,1,1,0,0,,summer,0,0,1,0
568059427,16.75,13.262472,none,0.0,0.0,20.945072,39.239998,57.63993,992.49744,,2023-07-11 03:59:44.891427,2023-07-11 21:08:48.806373,1029.0652490999998,0,0,1,1,0,0,,summer,0,0,1,0
566822427,13.85,10.663811,none,0.0,0.0,20.523155,41.039997,73.783806,988.5158,,2023-07-11 04:01:32.194844,2023-07-11 21:09:02.913159,1027.5119719166667,0,0,1,1,0,0,,summer,0,0,1,0
567281227,17.05,14.133415,none,0.0,0.0,19.813087,37.44,62.568768,993.68024,,2023-07-11 04:00:41.452068,2023-07-11 21:09:54.076247,1029.2104029833333,0,0,1,1,0,0,,summer,0,0,1,0
566806227,13.95,11.413207,none,0.0,0.0,16.923828,31.319998,75.55656,993.30194,,2023-07-11 03:59:47.632077,2023-07-11 21:09:15.169608,1029.45895885,0,1,0,1,0,0,,summer,0,0,1,1
566863027,13.95,10.958645,none,0.0,0.0,19.09358,38.16,73.06032,993.43823,,2023-07-11 04:02:10.946390,2023-07-11 21:10:34.325627,1028.38965395,0,0,1,1,0,0,,summer,0,0,1,0
566910027,17.0,13.288116,none,0.0,0.0,22.218153,37.44,56.159184,994.37756,,2023-07-11 04:00:23.019568,2023-07-11 21:08:13.363143,1027.8390595833332,0,0,1,1,0,0,,summer,0,0,1,0
567279627,16.55,13.179825,rain,0.1,0.0,20.140705,38.519997,58.376846,991.8849,,2023-07-11 03:59:26.197710,2023-07-11 21:09:25.662699,1029.99108315,0,0,1,1,0,0,,summer,0,0,1,0
566833227,14.8,11.20133,none,0.0,0.0,23.444265,39.239998,69.621,992.31006,,2023-07-11 04:00:19.222796,2023-07-11 21:08:53.623163,1028.57333945,0,0,1,1,0,0,,summer,0,0,1,0
567286827,15.5,12.101929,rain,0.1,0.0,20.780453,37.44,63.488827,988.88873,,2023-07-11 03:59:29.711232,2023-07-11 21:09:58.595905,1030.4814112166666,0,0,1,1,0,0,,summer,0,0,1,0
569860027,15.3,11.954765,none,0.0,0.0,21.611998,42.48,67.19159,988.5387,,2023-07-11 04:01:46.968380,2023-07-11 21:07:46.225774,1025.9876232333334,0,0,1,1,0,0,,summer,0,0,1,0
567683627,13.95,10.5805855,none,0.0,0.0,22.346113,39.6,74.79991,991.0255,,2023-07-11 04:01:00.597790,2023-07-11 21:07:50.738606,1026.8356802666667,0,0,1,1,0,0,,summer,0,0,1,0
566970227,14.3,11.886318,none,0.0,0.0,13.32,29.519999,66.75452,992.17474,,2023-07-12 04:00:57.903796,2023-07-12 21:07:47.781154,1026.8312893,0,0,1,2,0,0,,summer,0,0,0,0
566976827,16.25,12.65896,none,0.0,0.0,18.0,32.399998,51.19161,988.38873,,2023-07-12 04:01:20.975402,2023-07-12 21:07:57.876589,1026.6150197833333,0,0,1,2,0,0,,summer,0,0,1,0
566979827,13.9,11.215155,none,0.0,0.0,14.917212,24.119999,67.81275,990.83997,,2023-07-12 04:01:57.400754,2023-07-12 21:07:50.598735,1025.8866330166666,0,0,1,2,0,0,,summer,0,0,0,0
567014027,14.9,11.665569,rain,0.1,0.0,17.826363,31.68,61.441,988.208,,2023-07-12 04:01:31.930169,2023-07-12 21:08:10.384275,1026.6409017666667,0,0,1,2,0,0,,summer,0,0,1,0
566897227,12.35,10.186767,none,0.0,0.0,12.496718,22.68,78.41234,990.2929,,2023-07-12 04:01:12.820859,2023-07-12 21:07:50.812667,1026.6331968,0,1,0,2,0,0,,summer,0,0,0,1
566942827,15.2,11.386478,none,0.0,0.0,18.837324,34.92,53.071964,986.909,,2023-07-12 04:02:21.960954,2023-07-12 21:07:26.899304,1025.0823058333333,0,0,1,2,0,0,,summer,0,0,1,0
566984027,13.1,10.255173,none,0.0,0.0,15.496736,27.359999,69.99422,989.1059,,2023-07-12 04:02:11.469139,2023-07-12 21:08:59.722106,1026.8042161166666,0,1,0,2,0,0,,summer,0,0,1,1
567723427,15.1,11.376878,none,0.0,0.0,19.61587,39.6,56.83543,982.9078,,2023-07-12 04:01:52.431559,2023-07-12 21:11:07.343315,1029.2485292666668,0,0,1,2,0,0,,summer,0,0,1,0
566965827,14.15,10.776981,none,0.0,0.0,18.947083,40.68,64.93092,983.02277,,2023-07-12 04:01:47.601579,2023-07-12 21:11:16.109214,1029.47512725,0,0,1,2,0,0,,summer,0,0,1,0
568562627,12.5,10.20784,none,0.0,0.0,14.021525,25.919998,79.50029,992.3112,,2023-07-12 04:01:23.608635,2023-07-12 21:06:52.846341,1025.4872951,0,1,0,2,0,0,,summer,0,0,0,1
566925627,16.05,12.297401,none,0.0,0.0,17.238699,33.12,47.544415,987.2749,,2023-07-12 04:02:31.742318,2023-07-12 21:08:20.901060,1025.8193123666667,0,0,1,2,0,0,,summer,0,0,1,0
566965227,16.05,12.748423,none,0.0,0.0,15.629971,28.8,50.961235,986.82837,,2023-07-12 04:02:14.203880,2023-07-12 21:06:24.151079,1024.16578665,0,0,1,2,0,0,,summer,0,0,1,0
566980427,14.55,11.854433,none,0.0,0.0,14.386494,31.319998,63.489086,983.60046,,2023-07-12 04:02:29.717665,2023-07-12 21:07:36.589420,1025.11452925,0,0,1,2,0,0,,summer,0,0,0,0
566990227,13.8,11.195626,none,0.0,0.0,12.429127,23.039999,63.101635,988.01904,,2023-07-12 04:04:40.164400,2023-07-12 21:07:18.596771,1022.6405395166668,1,0,0,2,0,0,,summer,0,0,0,0
567740827,16.3,12.782429,none,0.0,0.0,17.49615,31.319998,51.028828,990.73804,,2023-07-12 04:01:46.739944,2023-07-12 21:06:48.904139,1025.0360699166665,0,0,1,2,0,0,,summer,0,0,1,0
568013627,13.7,10.731636,none,0.0,0.0,16.343367,27.359999,67.31141,993.538,,2023-07-12 04:01:51.700770,2023-07-12 21:06:39.187008,1024.7914372999999,0,1,0,2,0,0,,summer,0,0,1,1
566963027,16.0,12.883179,none,0.0,0.0,15.778516,32.039997,54.393364,990.2546,,2023-07-12 04:01:00.837099,2023-07-12 21:07:44.137589,1026.7216748333333,0,0,1,2,0,0,,summer,0,0,1,0
566967827,16.35,12.562504,none,0.0,0.0,17.477621,32.399998,46.643913,992.10406,,2023-07-12 04:02:07.234514,2023-07-12 21:07:49.756363,1025.7086974833333,0,0,1,2,0,0,,summer,0,0,1,0
566916827,13.9,10.367718,none,0.0,0.0,20.12461,41.760002,66.21697,990.8997,,2023-07-12 04:01:23.057955,2023-07-12 21:06:51.900230,1025.4807045833334,0,0,1,2,0,0,,summer,0,0,1,0
567206227,14.3,10.767082,none,0.0,0.0,18.472595,34.92,60.256893,990.82513,,2023-07-12 04:01:03.099965,2023-07-12 21:08:10.036363,1027.1156066333333,0,0,1,2,0,0,,summer,0,0,1,0
567072027,15.2,12.718212,none,0.0,0.0,19.66536,32.399998,77.285614,986.5608,,2023-07-13 04:03:00.955948,2023-07-13 21:07:10.177406,1024.1536909666668,0,0,1,3,0,0,,summer,0,0,1,0
567119227,13.4,12.222395,rain,1.8,0.0,11.901798,20.16,90.04368,989.4129,,2023-07-13 04:02:26.508854,2023-07-13 21:06:27.589900,1024.0180174333334,0,0,1,3,0,0,,summer,0,0,0,0
567126427,13.6,12.4687195,rain,2.9,0.0,11.367109,18.359999,88.294586,980.0388,,2023-07-13 04:04:07.723768,2023-07-13 21:06:22.615413,1022.2481940833334,0,0,1,3,0,0,,summer,0,0,0,0
567127827,13.65,12.49913,rain,2.0,0.0,11.609651,18.0,88.2989,989.99585,,2023-07-13 04:03:09.966158,2023-07-13 21:06:13.141521,1023.0529227166667,0,0,1,3,0,0,,summer,0,0,0,0
567130627,16.3,13.608364,rain,0.2,0.0,20.892412,38.88,71.55911,985.3946,,2023-07-13 04:02:30.649280,2023-07-13 21:07:58.349159,1025.46166465,0,0,1,3,0,0,,summer,0,0,1,0
567135827,13.4,12.160614,none,0.0,0.0,12.43434,22.319998,90.34107,988.27844,,2023-07-13 04:02:31.447438,2023-07-13 21:06:19.881736,1023.8072383,0,1,0,3,0,0,,summer,0,0,0,1
567101827,13.9,10.95553,rain,1.0,0.0,22.007162,40.68,81.85047,988.83856,,2023-07-13 04:03:27.762647,2023-07-13 21:06:49.746424,1023.3663962833333,0,0,1,3,0,0,,summer,0,0,1,0
566989427,12.3,9.7104,none,0.0,0.0,15.876775,28.44,80.00965,984.6428,,2023-07-13 04:04:04.712855,2023-07-13 21:07:32.661394,1023.4658089833333,0,1,0,3,0,0,,summer,0,0,1,1
567120827,13.5,12.590595,rain,1.9,0.0,10.390226,18.0,90.34823,983.52386,,2023-07-13 04:04:04.412465,2023-07-13 21:07:33.230626,1023.4803026833334,0,0,1,3,0,0,,summer,0,0,0,0
567129827,13.45,12.443148,rain,0.3,0.0,10.948973,18.72,90.34466,986.60156,,2023-07-13 04:04:55.062671,2023-07-13 21:05:36.568223,1020.6917592000001,0,1,0,3,0,0,,summer,0,0,0,1
567261027,14.5,11.726023,rain,0.2,0.0,20.12461,28.08,76.91976,982.114,,2023-07-13 04:04:24.712326,2023-07-13 21:06:31.607570,1022.1149207333333,0,0,1,3,0,0,,summer,0,0,1,0
567394227,13.5,12.876827,rain,2.3,0.0,8.647496,18.359999,90.94519,985.49133,,2023-07-13 04:03:24.586913,2023-07-13 21:08:16.793693,1024.870113,1,0,0,3,0,0,,summer,0,0,0,0
567644027,13.6,13.266674,rain,2.7,0.0,6.439876,11.159999,89.762314,977.5656,,2023-07-13 04:04:16.752812,2023-07-13 21:05:58.760704,1021.7001315333333,0,0,1,3,0,0,,summer,0,0,0,0
567140427,13.55,12.598965,rain,3.0,0.0,10.239453,20.880001,88.87502,989.40247,,2023-07-13 04:03:09.533913,2023-07-13 21:06:38.838000,1023.48840145,0,0,1,3,0,0,,summer,0,0,0,0
567156427,13.3,12.254793,rain,0.9,0.0,11.212135,20.880001,91.23189,987.7429,,2023-07-13 04:02:36.225865,2023-07-13 21:05:51.006881,1023.2463502666667,0,0,1,3,0,0,,summer,0,0,0,0
567125627,13.4,11.642575,rain,2.7,0.0,15.124284,34.56,87.98599,988.0437,,2023-07-13 04:02:37.030273,2023-07-13 21:06:14.358634,1023.62213935,0,0,1,3,0,0,,summer,0,0,1,0
567129627,16.6,14.235878,rain,0.5,0.0,19.493261,35.64,72.090034,989.40424,,2023-07-13 04:03:17.105570,2023-07-13 21:07:09.369597,1023.8710671166666,0,0,1,3,0,0,,summer,0,0,1,0
567537227,16.35,13.955761,rain,0.2,0.0,19.48661,35.64,72.76283,986.9852,,2023-07-13 04:03:08.527442,2023-07-13 21:07:32.314882,1024.3964573333333,0,0,1,3,0,0,,summer,0,0,1,0
567055827,15.2,12.718212,none,0.0,0.0,19.66536,32.399998,77.285614,990.8809,,2023-07-13 04:03:06.022726,2023-07-13 21:06:34.014631,1023.4665317500001,0,0,1,3,0,0,,summer,0,0,1,0
567138627,13.5,12.624727,rain,2.7,0.0,9.72,19.44,89.16467,986.3298,,2023-07-13 04:03:57.982583,2023-07-13 21:06:57.142598,1022.9860002500001,1,0,0,3,0,0,,summer,0,0,0,0
567141427,13.2,11.058966,rain,0.1,0.0,16.808569,28.44,86.52207,985.39124,,2023-07-13 04:02:51.049044,2023-07-13 21:08:08.453931,1025.29008145,0,0,1,3,0,0,,summer,0,0,1,0
567109827,13.55,12.121201,rain,2.7,0.0,13.084402,28.44,87.70895,986.27606,,2023-07-13 04:02:43.384739,2023-07-13 21:07:13.300694,1024.4985992499999,0,0,1,3,0,0,,summer,0,0,0,0
567177027,15.35,14.278078,none,0.0,0.0,12.7279215,25.919998,83.11944,991.1951,,2023-07-14 04:04:24.855082,2023-07-14 21:04:27.606581,1020.0458583166667,0,0,1,4,0,0,,summer,0,0,0,0
567242827,13.45,12.454512,none,0.0,0.0,11.200571,18.72,91.24171,984.32367,,2023-07-14 04:03:48.761528,2023-07-14 21:06:49.984175,1023.0203774500001,0,0,1,4,0,0,,summer,0,0,0,0
567245827,16.8,16.58854,rain,0.4,0.0,8.0899935,27.0,78.55265,993.3602,,2023-07-14 04:04:32.206775,2023-07-14 21:05:16.688478,1020.7413617166666,0,0,1,4,0,0,,summer,0,0,0,0
567221227,18.15,17.71779,rain,0.1,0.0,10.1887,21.599998,73.32302,991.6911,,2023-07-14 04:03:33.601147,2023-07-14 21:06:04.524005,1022.5153809666666,0,0,1,4,0,0,,summer,0,0,0,0
567200027,17.75,17.349009,rain,0.1,0.0,9.504272,19.8,74.21611,988.789,,2023-07-14 04:04:09.881194,2023-07-14 21:05:43.771266,1021.5648345333334,0,0,1,4,0,0,,summer,0,0,0,0
567261227,16.35,16.801756,none,0.0,0.0,5.0911684,14.759999,84.328224,986.83527,,2023-07-14 04:05:09.371000,2023-07-14 21:05:14.432350,1020.0843558333333,0,0,1,4,0,0,,summer,0,0,0,0
567266627,17.8,17.298208,none,0.0,0.0,8.587338,18.359999,70.668785,984.6589,,2023-07-14 04:04:40.188435,2023-07-14 21:08:46.644755,1024.1076053333334,0,0,1,4,0,0,,summer,0,0,0,0
567268027,14.6,15.074921,none,0.0,0.0,4.6938252,7.5599995,93.72697,986.04126,,2023-07-14 04:05:07.007994,2023-07-14 21:05:27.598326,1020.3431722,0,1,0,4,0,0,,summer,0,0,0,1
567240627,18.2,17.871319,none,0.0,0.0,9.007196,19.8,72.14569,991.5006,,2023-07-14 04:04:44.967257,2023-07-14 21:05:14.884292,1020.4986172499999,0,0,1,4,0,0,,summer,0,0,0,0
567191827,13.55,12.469383,none,0.0,0.0,11.019764,19.08,88.58224,984.8344,,2023-07-14 04:05:26.899080,2023-07-14 21:04:10.698749,1018.7299944833334,0,1,0,4,0,0,,summer,0,0,0,1
567768427,18.35,17.833645,none,0.0,0.0,9.3669195,18.72,69.624794,994.2761,,2023-07-14 04:04:50.516497,2023-07-14 21:05:36.118228,1020.76002885,0,0,1,4,0,0,,summer,0,0,0,0
567260027,16.95,17.011562,none,0.0,0.0,6.924738,18.72,79.34693,991.5048,,2023-07-14 04:03:39.020289,2023-07-14 21:06:17.580197,1022.6426651333334,0,0,1,4,0,0,,summer,0,0,0,0
567134627,13.55,12.228737,none,0.0,0.0,12.24,21.96,87.41954,986.68713,,2023-07-14 04:05:35.051132,2023-07-14 21:05:47.508486,1020.2076225666666,0,1,0,4,0,0,,summer,0,0,0,1
567149827,13.9,12.857401,none,0.0,0.0,11.966954,21.24,89.78503,989.99603,,2023-07-14 04:03:53.071198,2023-07-14 21:04:22.302537,1020.4871889833333,0,0,1,4,0,0,,summer,0,0,0,0
567406027,17.25,16.57396,rain,0.2,0.0,10.464797,21.96,74.61758,987.1885,,2023-07-14 04:04:48.834643,2023-07-14 21:07:08.766946,1022.33220505,0,0,1,4,0,0,,summer,0,0,0,0
567269627,13.45,13.07258,rain,0.2,0.0,7.072878,12.959999,91.54246,987.19635,,2023-07-15 04:07:55.497721,2023-07-15 21:04:59.032459,1017.0589123000001,0,0,1,5,1,0,,summer,0,0,0,0
567358627,16.4,15.844101,rain,0.5,0.0,14.113652,33.48,88.818054,990.76575,,2023-07-15 04:07:26.822966,2023-07-15 21:05:40.412924,1018.2264993,0,0,1,5,1,0,,summer,0,0,0,0
567390227,13.5,13.27533,none,0.0,0.0,7.491114,11.5199995,95.222046,993.4089,,2023-07-15 04:05:37.034231,2023-07-15 21:04:18.433234,1018.6899833833334,0,1,0,5,1,0,,summer,0,0,0,1
567394027,18.75,17.79377,rain,0.3,0.0,12.496719,27.359999,68.12576,991.566,,2023-07-15 04:04:55.679214,2023-07-15 21:03:33.332262,1018.6275508,0,0,1,5,1,0,,summer,0,0,0,0
567757227,16.55,15.193211,rain,0.3,0.0,18.847641,37.44,86.28532,989.16644,,2023-07-15 04:06:43.572407,2023-07-15 21:03:25.871255,1016.7049807999999,0,0,1,5,1,0,,summer,0,0,1,0
567325227,14.75,14.260128,rain,0.1,0.0,10.948973,19.44,91.92293,990.4316,,2023-07-15 04:05:20.485202,2023-07-15 21:03:16.749081,1017.9377313166666,0,0,1,5,1,0,,summer,0,0,0,0
567268227,14.4,14.82242,rain,0.1,0.0,4.6938252,7.92,94.02319,990.11676,,2023-07-15 04:06:36.886110,2023-07-15 21:04:40.509062,1018.0603825333333,0,1,0,5,1,0,,summer,0,0,0,1
567349027,16.95,15.836525,rain,0.3,0.0,17.555307,38.16,84.94229,990.4727,,2023-07-15 04:07:37.610671,2023-07-15 21:03:13.723957,1015.6018881,0,0,1,5,1,0,,summer,0,0,1,0
567579427,17.25,16.851046,none,0.0,0.0,10.44,20.880001,78.618645,995.32294,,2023-07-15 04:05:08.180925,2023-07-15 21:04:34.174153,1019.4332204666666,0,0,1,5,1,0,,summer,0,0,0,0
567360427,18.75,17.07497,none,0.0,0.0,15.629971,32.039997,64.63883,989.0087,,2023-07-15 04:06:31.590526,2023-07-15 21:04:05.856060,1017.5710922333333,0,0,1,5,1,0,,summer,0,0,1,0
567365027,17.8,16.837563,none,0.0,0.0,13.237038,30.599998,73.741646,990.53,,2023-07-15 04:06:45.302357,2023-07-15 21:05:01.951096,1018.2774789833333,0,0,1,5,1,0,,summer,0,0,0,0
567513227,14.35,14.948076,rain,0.4,0.0,4.3349743,9.72,96.498924,993.42096,,2023-07-15 04:05:15.793580,2023-07-15 21:04:02.662138,1018.7811426333334,0,1,0,5,1,0,,summer,0,0,0,1
567686027,15.55,14.242624,rain,0.5,0.0,16.79314,34.2,87.88706,988.0631,,2023-07-15 04:05:38.304712,2023-07-15 21:06:29.493128,1020.8531402666666,0,0,1,5,1,0,,summer,0,0,1,0
567370627,19.05,17.572556,rain,0.1,0.0,14.494192,29.16,63.85863,993.0887,,2023-07-15 04:05:51.027045,2023-07-15 21:04:28.599358,1018.6262052166666,0,0,1,5,1,0,,summer,0,0,0,0
567410227,13.5,13.27533,none,0.0,0.0,7.491114,11.5199995,95.222046,996.00806,,2023-07-15 04:06:09.198059,2023-07-15 21:04:16.603961,1018.1234317,0,1,0,5,1,0,,summer,0,0,0,1
571956627,16.0,14.870411,rain,0.4,0.0,16.79314,38.519997,88.21204,991.4755,,2023-07-15 04:06:45.685743,2023-07-15 21:04:33.661924,1017.7996030166667,0,0,1,5,1,0,,summer,0,0,1,0
568465027,14.9,14.417223,none,0.0,0.0,10.1887,19.8,89.27583,994.81537,,2023-07-15 04:06:15.800965,2023-07-15 21:03:43.553407,1017.4625407,0,1,0,5,1,0,,summer,0,0,0,1
567577027,15.55,14.085064,rain,0.5,0.0,17.873556,33.48,87.88706,989.5964,,2023-07-15 04:05:22.472028,2023-07-15 21:05:21.974885,1019.9917142833333,0,0,1,5,1,0,,summer,0,0,1,0
567521227,16.6,15.203804,rain,0.3,0.0,18.25026,34.92,84.08286,993.3804,,2023-07-15 04:04:41.074960,2023-07-15 21:04:51.254278,1020.1696553,0,0,1,5,1,0,,summer,0,0,1,0
567315827,15.15,14.226912,rain,1.0,0.0,14.4,27.359999,90.7601,989.91833,,2023-07-15 04:06:12.871500,2023-07-15 21:05:56.359662,1019.7248027,0,0,1,5,1,0,,summer,0,0,0,0
567401827,19.0,18.361565,none,0.0,0.0,14.039999,36.0,74.18866,991.89087,,2023-07-16 04:11:32.983282,2023-07-16 21:00:58.453688,1009.4245067666667,0,0,1,6,1,0,,summer,0,0,0,0
567402627,19.7,18.97099,none,0.0,0.0,14.658676,34.92,71.026924,992.4508,,2023-07-16 04:11:52.326903,2023-07-16 21:03:47.212841,1011.9147656333333,0,0,1,6,1,0,,summer,0,0,0,0
567407227,14.9,13.945391,none,0.0,0.0,14.255272,22.68,91.33578,995.4444,,2023-07-16 04:07:15.536319,2023-07-16 21:03:12.730397,1015.9532346333333,0,0,1,6,1,0,,summer,0,0,0,0
567413227,21.2,20.76586,rain,0.2,0.0,17.551615,34.92,64.748436,995.58984,,2023-07-16 04:06:44.123155,2023-07-16 21:02:33.859946,1015.8289465166667,0,0,1,6,1,0,,summer,0,0,1,0
567413627,20.8,20.487137,rain,0.1,0.0,15.778518,30.239998,68.09609,994.57465,,2023-07-16 04:07:09.814679,2023-07-16 21:04:08.518121,1016.9783907,0,0,1,6,1,0,,summer,0,0,1,0
567430627,21.3,20.324461,none,0.0,0.0,12.620554,26.28,58.17819,995.1831,,2023-07-16 04:06:31.187526,2023-07-16 21:03:55.595470,1017.4067990666666,0,0,1,6,1,0,,summer,0,0,0,0
567432027,22.0,20.41204,none,0.0,0.0,15.463244,28.44,53.58866,996.4436,,2023-07-16 04:07:40.645260,2023-07-16 21:02:21.011230,1014.6727661666666,0,0,1,6,1,0,,summer,0,0,1,0
567432227,22.0,20.41204,none,0.0,0.0,15.463244,28.44,53.58866,994.2625,,2023-07-16 04:07:46.924612,2023-07-16 21:02:11.255533,1014.40551535,0,0,1,6,1,0,,summer,0,0,1,0
567448227,19.2,19.514072,none,0.0,0.0,6.638072,17.28,71.62714,997.69684,,2023-07-16 04:07:29.925141,2023-07-16 21:03:58.318349,1016.4732201333334,0,0,1,6,1,0,,summer,0,0,0,0
567395227,14.9,13.945391,none,0.0,0.0,14.255272,22.68,91.33578,993.09454,,2023-07-16 04:07:03.587211,2023-07-16 21:03:27.689001,1016.4016965,0,0,1,6,1,0,,summer,0,0,0,0
567542427,21.55,20.372019,none,0.0,0.0,13.324863,28.8,56.17857,998.65497,,2023-07-16 04:07:41.624060,2023-07-16 21:04:18.119206,1016.6082524333334,0,0,1,6,1,0,,summer,0,0,0,0
568506827,19.2,18.494024,rain,0.1,0.0,15.646544,32.760002,75.42967,989.8491,,2023-07-16 04:08:23.168142,2023-07-16 21:02:47.038283,1014.3978356833334,0,0,1,6,1,0,,summer,0,0,1,0
567858027,22.05,21.436523,rain,0.1,0.0,14.003029,35.64,55.753284,992.6462,,2023-07-16 04:08:07.569658,2023-07-16 21:02:09.409141,1014.03065805,0,0,1,6,1,0,,summer,0,0,0,0
567438027,20.95,20.458912,none,0.0,0.0,10.464798,26.64,61.415714,999.3169,,2023-07-16 04:07:43.126866,2023-07-16 21:02:59.110873,1015.2664001166667,0,0,1,6,1,0,,summer,0,0,0,0
567524027,15.4,15.110718,none,0.0,0.0,8.161764,14.04,84.77487,995.04956,,2023-07-16 04:07:39.134675,2023-07-16 21:04:31.347649,1016.8702162333334,0,1,0,6,1,0,,summer,0,0,0,1
567425427,22.3,20.756721,none,0.0,0.0,14.934577,27.0,52.273224,995.06805,,2023-07-16 04:06:57.738016,2023-07-16 21:03:15.880114,1016.3023682999999,0,0,1,6,1,0,,summer,0,0,0,0
567429227,21.3,20.119373,none,0.0,0.0,13.797912,28.08,57.7984,996.4665,,2023-07-16 04:06:08.670049,2023-07-16 21:03:26.682923,1017.3002145666667,0,0,1,6,1,0,,summer,0,0,0,0
567441827,17.8,17.573149,none,0.0,0.0,8.427383,15.119999,74.22467,993.3685,,2023-07-16 04:07:59.731751,2023-07-16 21:02:42.496735,1014.7127497333333,0,0,1,6,1,0,,summer,0,0,0,0
567442427,16.45,16.222517,none,0.0,0.0,8.435069,12.599999,80.84497,999.655,,2023-07-16 04:07:25.627349,2023-07-16 21:02:33.837596,1015.13683745,0,1,0,6,1,0,,summer,0,0,0,1
567441627,17.8,17.573149,none,0.0,0.0,8.427383,15.119999,74.22467,993.83356,,2023-07-16 04:08:05.315215,2023-07-16 21:02:20.145046,1014.24716385,1,0,0,6,1,0,,summer,0,0,0,0
567428827,21.6,20.28498,none,0.0,0.0,14.264361,27.0,56.006985,994.8748,,2023-07-16 04:06:52.921984,2023-07-16 21:03:58.632973,1017.09518315,0,0,1,6,1,0,,summer,0,0,0,0
567417227,21.25,20.789513,rain,0.1,0.0,17.388409,32.399998,64.133835,995.1968,,2023-07-16 04:07:31.446040,2023-07-16 21:03:46.477812,1016.2505295333334,0,0,1,6,1,0,,summer,0,0,1,0
567459027,19.5,20.002531,none,0.0,0.0,10.144082,20.880001,79.19726,998.0986,,2023-07-17 04:08:09.195490,2023-07-17 21:02:10.976097,1014.0296767833333,0,0,1,0,0,0,,summer,0,0,0,0
567472427,21.35,21.541273,none,0.0,0.0,11.457958,22.68,69.30883,995.1319,,2023-07-17 04:08:39.239258,2023-07-17 21:02:40.034750,1014.0132582,0,0,1,0,0,0,,summer,0,0,0,0
567493827,23.35,23.98359,none,0.0,0.0,8.089993,22.319998,54.818142,995.4306,,2023-07-17 04:08:57.436114,2023-07-17 21:02:55.980159,1013.9757340833334,0,0,1,0,0,0,,summer,0,0,0,0
567518227,24.95,26.448267,none,0.0,0.0,6.618519,16.919998,48.520775,994.2965,,2023-07-17 04:08:55.790532,2023-07-17 21:02:59.881108,1014.0681762666667,0,0,1,0,0,0,,summer,0,0,0,0
567556627,26.55,26.087555,none,0.0,0.0,5.0528407,17.64,37.559887,994.72345,,2023-07-17 04:09:38.556555,2023-07-17 21:00:16.056686,1010.6250021833333,0,0,1,0,0,0,,summer,0,0,0,0
567613627,26.35,25.495872,none,0.0,0.0,5.4477882,17.64,35.198177,998.5647,,2023-07-17 04:08:57.327569,2023-07-17 21:01:30.856669,1012.5588183333333,0,0,1,0,0,0,,summer,0,0,0,0
567575627,25.85,25.311466,none,0.0,0.0,9.3669195,21.599998,41.139732,997.55493,,2023-07-17 04:08:12.470356,2023-07-17 21:00:16.030418,1012.0593343666666,0,0,1,0,0,0,,summer,0,0,0,0
567584227,25.25,25.7867,none,0.0,0.0,7.42159,17.64,44.350765,994.68774,,2023-07-17 04:08:29.076410,2023-07-17 21:02:10.661513,1013.6930850499999,0,0,1,0,0,0,,summer,0,0,0,0
567585427,25.25,25.7867,none,0.0,0.0,7.42159,17.64,44.350765,994.68774,,2023-07-17 04:08:30.839940,2023-07-17 21:01:51.833583,1013.34989405,0,0,1,0,0,0,,summer,0,0,0,0
567540227,25.55,25.162552,none,0.0,0.0,8.654987,19.8,41.055874,990.5386,,2023-07-17 04:10:34.821391,2023-07-17 21:02:33.505852,1011.9780743499999,0,0,1,0,0,0,,summer,0,0,0,0
567559227,25.25,25.370872,none,0.0,0.0,5.315336,15.84,46.13045,992.9071,,2023-07-17 04:07:41.310746,2023-07-17 21:01:14.233869,1013.5487187166667,0,0,1,0,0,0,,summer,0,0,0,0
567572227,21.25,21.940287,none,0.0,0.0,3.319036,3.96,61.885887,992.8902,,2023-07-17 04:08:51.196973,2023-07-17 21:03:04.387038,1014.2198344166667,0,1,0,0,0,0,,summer,0,0,0,1
570808827,17.25,17.64718,none,0.0,0.0,8.217153,16.199999,85.523895,995.17883,,2023-07-17 04:09:16.733218,2023-07-17 21:00:14.235116,1010.9583649666667,0,0,1,0,0,0,,summer,0,0,0,0
567449627,14.75,14.172852,none,0.0,0.0,9.449572,15.119999,86.67303,994.9056,,2023-07-17 04:09:33.233064,2023-07-17 21:00:58.914505,1011.4280240166667,0,1,0,0,0,0,,summer,0,0,0,1
567487427,21.0,21.098555,none,0.0,0.0,13.044722,24.48,72.41749,999.72565,,2023-07-17 04:08:32.907751,2023-07-17 21:00:53.072378,1012.3360771166666,0,0,1,0,0,0,,summer,0,0,0,0
567559827,23.55,25.181278,none,0.0,0.0,4.3349743,14.759999,64.63183,993.88525,,2023-07-17 04:08:04.763354,2023-07-17 21:00:53.640956,1012.8146267,0,0,1,0,0,0,,summer,0,0,0,0
567560227,25.35,25.971813,none,0.0,0.0,1.08,7.92,44.817406,994.07666,,2023-07-17 04:08:48.080413,2023-07-17 21:01:47.036879,1012.9826077666668,0,0,1,0,0,0,,summer,0,0,0,0
567553227,26.35,25.495872,none,0.0,0.0,5.4477882,17.64,35.198177,995.05054,,2023-07-17 04:09:10.377694,2023-07-17 21:01:27.568108,1012.2865069,0,0,1,0,0,0,,summer,0,0,0,0
567732827,22.2,23.55496,none,0.0,0.0,6.379216,7.92,70.363,993.9175,,2023-07-17 04:07:58.859126,2023-07-17 21:02:03.979161,1014.0853339166666,0,0,1,0,0,0,,summer,0,0,0,0
567552827,25.9,25.000223,none,0.0,0.0,9.346143,19.8,39.290363,993.3644,,2023-07-17 04:09:16.175129,2023-07-17 21:00:18.176170,1011.0333506833334,0,0,1,0,0,0,,summer,0,0,0,0
567820227,24.0,25.66701,none,0.0,0.0,5.0911684,12.599999,64.31911,995.3626,,2023-07-17 04:09:20.507460,2023-07-17 21:00:30.552969,1011.1674251500001,0,0,1,0,0,0,,summer,0,0,0,0
567782627,26.1,25.800749,none,0.0,0.0,5.1919937,17.64,38.57109,992.7152,,2023-07-17 04:08:29.507937,2023-07-17 21:02:59.570935,1014.5010499666666,0,0,1,0,0,0,,summer,0,0,0,0
567452827,15.0,14.641081,none,0.0,0.0,9.339208,15.84,88.703094,998.6327,,2023-07-17 04:09:58.407276,2023-07-17 21:02:06.638853,1012.13719295,0,0,1,0,0,0,,summer,0,0,0,0
567763827,20.95,20.974457,none,0.0,0.0,12.738099,24.84,71.259254,995.1043,,2023-07-17 04:09:17.196477,2023-07-17 21:00:16.476425,1010.9879991333333,0,0,1,0,0,0,,summer,0,0,0,0
568509627,25.2,25.5278,none,0.0,0.0,9.178235,16.199999,53.193027,993.7953,,2023-07-17 04:09:17.923110,2023-07-17 21:01:13.771884,1011.9308129,0,0,1,0,0,0,,summer,0,0,0,0
567568027,20.35,20.829863,none,0.0,0.0,6.618519,7.5599995,68.668495,987.45416,,2023-07-17 04:09:31.410762,2023-07-17 21:01:20.123760,1011.8118833000001,1,0,0,0,0,0,,summer,0,0,0,0
567607427,25.45,27.210241,none,0.0,0.0,10.587917,23.759998,65.65015,985.8594,,2023-07-18 04:10:12.058514,2023-07-18 21:01:33.203857,1011.3524223833333,0,0,1,1,0,0,,summer,0,0,0,0
567682427,18.1,17.664501,rain,0.3,0.0,18.532133,32.399998,90.3822,975.6109,,2023-07-18 04:12:37.742726,2023-07-18 21:01:43.477479,1009.0955792166666,0,0,1,1,0,0,,summer,0,0,1,0
567662227,22.85,25.444551,none,0.0,0.0,0.8049845,13.679999,72.06081,983.8714,,2023-07-18 04:09:11.205558,2023-07-18 21:00:51.736132,1011.6755095666666,0,0,1,1,0,0,,summer,0,0,0,0
567663227,22.4,23.118708,rain,0.3,0.0,10.883676,21.24,69.733246,982.0255,,2023-07-18 04:10:42.929567,2023-07-18 21:01:41.880945,1010.9825229666666,0,0,1,1,0,0,,summer,0,0,0,0
567676427,17.85,18.184212,rain,2.2,0.0,14.404499,32.399998,94.175804,979.0007,,2023-07-18 04:11:16.940325,2023-07-18 20:59:15.585113,1007.9774131333332,0,0,1,1,0,0,,summer,0,0,0,0
567681827,18.4,18.368366,rain,0.4,0.0,16.766108,25.56,90.69042,980.5105,,2023-07-18 04:10:17.505447,2023-07-18 21:00:32.153657,1010.2441368333333,0,0,1,1,0,0,,summer,0,0,1,0
567699427,18.2,18.244558,rain,2.6,0.0,16.09969,28.8,91.54434,983.38196,,2023-07-18 04:10:10.797003,2023-07-18 20:59:43.023976,1009.5371162166666,0,0,1,1,0,0,,summer,0,0,1,0
567709827,17.75,17.535242,none,0.0,0.0,16.595179,28.8,91.51637,984.3487,,2023-07-18 04:10:18.617917,2023-07-18 20:58:57.755314,1008.65228995,0,1,0,1,0,0,,summer,0,0,1,1
567685627,18.1,18.874859,rain,1.4,0.0,12.261158,27.72,94.48505,971.2781,,2023-07-18 04:11:30.367827,2023-07-18 20:59:50.969908,1008.3433680166667,0,0,1,1,0,0,,summer,0,0,0,0
567606827,24.9,27.528528,none,0.0,0.0,9.449572,24.84,70.64576,987.4515,,2023-07-18 04:09:16.775216,2023-07-18 21:00:52.221871,1011.5907775833333,0,0,1,1,0,0,,summer,0,0,0,0
567695827,17.6,17.356445,none,0.0,0.0,16.79314,30.239998,92.38557,974.074,,2023-07-18 04:11:09.820175,2023-07-18 21:00:05.690030,1008.9311642499999,0,1,0,1,0,0,,summer,0,0,1,1
567814227,17.85,18.184212,rain,2.2,0.0,14.404499,32.399998,94.175804,981.6377,,2023-07-18 04:10:59.484297,2023-07-18 20:59:30.383601,1008.5149884,0,0,1,1,0,0,,summer,0,0,0,0
567860227,17.45,16.925219,none,0.0,0.0,18.440998,29.519999,92.67192,978.9955,,2023-07-18 04:10:17.916003,2023-07-18 21:00:36.153759,1010.3039626000001,0,1,0,1,0,0,,summer,0,0,1,1
568573827,24.95,26.91964,rain,0.1,0.0,10.440001,26.64,69.12986,987.52057,,2023-07-18 04:09:26.424450,2023-07-18 20:59:06.670023,1009.67075955,0,0,1,1,0,0,,summer,0,0,0,0
567729027,23.15,25.158066,none,0.0,0.0,2.9024127,23.759998,67.91449,984.1263,,2023-07-18 04:09:32.307828,2023-07-18 21:01:12.229074,1011.6653541,0,0,1,1,0,0,,summer,0,0,0,0
567773627,24.55,26.113398,rain,3.5,0.0,3.671294,35.28,59.334087,986.50024,,2023-07-18 04:09:36.692920,2023-07-18 21:00:33.717987,1010.9504177833334,0,0,1,1,0,0,,summer,0,0,0,0
567690027,25.9,28.012897,none,0.0,0.0,10.495713,25.919998,64.32204,985.55225,,2023-07-18 04:09:50.894128,2023-07-18 20:59:16.742381,1009.4308042166666,0,0,1,1,0,0,,summer,0,0,0,0
567708427,18.45,18.437244,rain,0.1,0.0,16.78156,27.359999,90.69379,982.2815,,2023-07-18 04:10:01.897414,2023-07-18 20:59:16.936195,1009.25064635,1,0,0,1,0,0,,summer,0,0,1,0
567608427,24.95,26.473215,none,0.0,0.0,11.792404,25.919998,66.582504,985.42773,,2023-07-18 04:10:56.837224,2023-07-18 20:59:57.263743,1009.00710865,0,0,1,1,0,0,,summer,0,0,0,0
567808827,18.8,17.85604,none,0.0,0.0,12.0694,23.4,67.24918,991.25055,,2023-07-18 04:11:25.317203,2023-07-18 20:59:08.011412,1007.7115701500001,0,1,0,1,0,0,,summer,0,0,0,1
567658627,22.6,23.825447,none,0.0,0.0,12.031756,23.759998,75.977196,987.7845,,2023-07-18 04:10:12.163370,2023-07-18 20:59:32.313459,1009.3358348166668,0,0,1,1,0,0,,summer,0,0,0,0
567844227,16.45,13.326698,none,0.0,0.0,19.44,35.28,60.975777,981.342,,2023-07-19 04:12:15.226770,2023-07-19 21:00:13.716230,1007.9748243333332,0,0,1,2,0,0,,summer,0,0,1,0
567825627,18.7,14.3218155,none,0.0,0.0,27.766712,63.0,52.375683,982.8527,,2023-07-19 04:11:26.583129,2023-07-19 20:58:24.380611,1006.9632913666667,0,0,1,2,0,0,,summer,0,0,1,0
567829827,14.95,12.291208,rain,3.3,0.0,26.544964,43.92,92.53436,975.2667,,2023-07-19 04:11:34.166314,2023-07-19 20:59:24.535439,1007.8394854166667,0,0,1,2,0,0,,summer,0,0,1,0
567940827,19.1,14.149715,none,0.0,0.0,31.796375,59.039997,50.739803,980.2801,,2023-07-19 04:11:58.949935,2023-07-19 21:00:03.316525,1008.0727764999999,0,0,1,2,0,0,,summer,0,0,1,0
567830627,16.3,13.450478,none,0.0,0.0,17.654688,34.56,61.768803,981.97217,,2023-07-19 04:13:59.069158,2023-07-19 21:00:29.704938,1006.5105963333333,0,0,1,2,0,0,,summer,0,0,1,0
567854227,15.7,12.709806,none,0.0,0.0,19.083395,33.12,65.27106,978.14026,,2023-07-19 04:12:59.730658,2023-07-19 20:58:40.459232,1005.6788095666667,0,1,0,2,0,0,,summer,0,0,1,1
567862627,18.9,14.591246,none,0.0,0.0,31.786186,57.6,57.208134,982.73364,,2023-07-19 04:11:10.547054,2023-07-19 20:59:07.210590,1007.9443922666667,0,0,1,2,0,0,,summer,0,0,1,0
567819627,18.9,14.083298,none,0.0,0.0,29.96662,58.32,50.17353,983.1432,,2023-07-19 04:12:36.210091,2023-07-19 20:59:17.463530,1006.6875573166667,0,0,1,2,0,0,,summer,0,0,1,0
567828227,17.25,13.958683,none,0.0,0.0,20.316889,34.56,57.375156,980.0343,,2023-07-19 04:12:24.770446,2023-07-19 20:58:29.202017,1006.0738595166666,0,0,1,2,0,0,,summer,0,0,1,0
567725427,14.55,10.310749,rain,1.7,0.0,35.364388,64.799995,89.833954,977.40466,,2023-07-19 04:11:03.676958,2023-07-19 20:57:57.407701,1006.8955123833333,0,0,1,2,0,0,,summer,0,0,1,0
567782027,15.3,11.500128,rain,0.2,0.0,31.09575,55.44,82.56962,982.96375,,2023-07-19 04:11:32.137521,2023-07-19 20:58:08.642903,1006.6084230333333,0,0,1,2,0,0,,summer,0,0,1,0
567831827,15.2,12.281555,none,0.0,0.0,19.443333,32.039997,69.466576,977.426,,2023-07-19 04:12:56.020858,2023-07-19 20:58:39.953247,1005.7322064833334,0,1,0,2,0,0,,summer,0,0,1,1
567923027,14.55,10.298899,rain,0.4,0.0,35.09954,63.0,88.95657,976.55347,,2023-07-19 04:12:20.912866,2023-07-19 20:57:28.155632,1005.1207127666668,0,0,1,2,0,0,,summer,0,0,1,0
568162227,17.4,14.391964,none,0.0,0.0,18.374111,35.28,56.833916,985.6064,,2023-07-19 04:12:35.506098,2023-07-19 20:59:30.635273,1006.9188195833334,0,0,1,2,0,0,,summer,0,0,1,0
568698227,17.35,14.540913,none,0.0,0.0,17.283749,34.56,57.594105,984.0047,,2023-07-19 04:11:09.660711,2023-07-19 20:57:48.561217,1006.6483417666666,0,0,1,2,0,0,,summer,0,0,1,0
568001427,14.85,12.094194,rain,4.0,0.0,27.210379,52.92,93.13203,976.5751,,2023-07-19 04:12:40.545993,2023-07-19 20:59:00.871695,1006.3387617000001,0,0,1,2,0,0,,summer,0,0,1,0
567841427,18.3,15.143391,none,0.0,0.0,18.94024,39.239998,52.80381,980.27356,,2023-07-19 04:12:18.234368,2023-07-19 21:00:25.477594,1008.1207204333333,0,0,1,2,0,0,,summer,0,0,1,0
567859627,17.2,14.527782,none,0.0,0.0,22.253124,48.96,70.78744,984.5293,,2023-07-20 04:12:49.703414,2023-07-20 20:56:52.030365,1004.0387825166667,0,0,1,3,0,0,,summer,0,0,1,0
567910427,19.7,17.275394,none,0.0,0.0,23.0653,46.8,59.73181,984.7142,,2023-07-20 04:13:45.542702,2023-07-20 20:58:01.662833,1004.26866885,0,0,1,3,0,0,,summer,0,0,1,0
567919027,19.7,17.144382,rain,0.1,0.0,25.6233,48.239998,58.947495,982.7703,,2023-07-20 04:13:13.108114,2023-07-20 20:58:08.236793,1004.9188113166667,0,0,1,3,0,0,,summer,0,0,1,0
567955627,19.3,16.340475,rain,0.1,0.0,25.6233,48.239998,58.461624,987.13306,,2023-07-20 04:13:26.243761,2023-07-20 20:56:19.470592,1002.88711385,0,0,1,3,0,0,,summer,0,0,1,0
570751227,18.3,15.027462,rain,0.1,0.0,25.2924,43.56,63.903145,986.6694,,2023-07-20 04:13:43.701417,2023-07-20 20:57:28.167968,1003.7411091833333,0,0,1,3,0,0,,summer,0,0,1,0
567930227,18.3,15.027462,rain,0.1,0.0,25.2924,43.56,63.903145,986.2082,,2023-07-20 04:13:34.047611,2023-07-20 20:57:28.475457,1003.9071307666667,0,0,1,3,0,0,,summer,0,0,1,0
567966427,15.45,13.504211,none,0.0,0.0,12.015589,19.8,66.54817,987.36035,,2023-07-20 04:13:26.230577,2023-07-20 20:55:50.839087,1002.4101418333333,0,1,0,3,0,0,,summer,0,0,0,1
567888627,18.25,15.057333,none,0.0,0.0,24.162945,46.079998,62.426273,983.7716,,2023-07-20 04:13:50.235178,2023-07-20 20:58:45.612792,1004.9229602333332,0,0,1,3,0,0,,summer,0,0,1,0
567909027,16.35,13.060787,none,0.0,0.0,26.052162,43.199997,73.73097,987.1266,,2023-07-20 04:13:35.454846,2023-07-20 20:56:36.136627,1003.0113630166667,0,0,1,3,0,0,,summer,0,0,1,0
567970627,13.75,12.248539,none,0.0,0.0,9.0645685,17.28,74.514755,989.7822,,2023-07-20 04:13:36.526050,2023-07-20 20:55:49.436418,1002.2151728,0,1,0,3,0,0,,summer,0,0,0,1
567866027,17.3,14.921787,none,0.0,0.0,19.803272,45.36,69.419106,983.0145,,2023-07-20 04:16:17.499692,2023-07-20 20:56:59.741138,1000.7040241,0,0,1,3,0,0,,summer,0,0,1,0
567964227,15.65,13.555889,none,0.0,0.0,11.928989,21.599998,63.09483,976.237,,2023-07-20 04:14:48.168575,2023-07-20 20:56:56.745837,1002.1429543666667,0,1,0,3,0,0,,summer,0,0,0,1
568025627,20.6,16.873375,rain,0.3,0.0,24.693481,43.92,45.45925,985.6513,,2023-07-20 04:12:34.273340,2023-07-20 20:57:11.561339,1004.62146665,0,0,1,3,0,0,,summer,0,0,1,0
569946227,20.2,16.412504,none,0.0,0.0,23.803596,43.56,47.873608,985.66095,,2023-07-20 04:13:05.258387,2023-07-20 20:57:14.394949,1004.1522760333334,0,0,1,3,0,0,,summer,0,0,1,0
568536827,19.75,16.694746,rain,0.1,0.0,25.929996,48.96,55.72707,983.75336,,2023-07-20 04:13:56.664106,2023-07-20 20:56:42.085876,1002.7570295,0,0,1,3,0,0,,summer,0,0,1,0
568837627,19.3,16.235031,rain,0.1,0.0,25.959969,48.6,57.881893,981.27423,,2023-07-20 04:14:28.583454,2023-07-20 20:56:20.324589,1001.86235225,0,0,1,3,0,0,,summer,0,0,1,0
567859427,16.1,13.186422,none,0.0,0.0,23.584808,44.28,75.16274,984.38116,,2023-07-20 04:12:34.092734,2023-07-20 20:57:58.604998,1005.4085377333333,0,0,1,3,0,0,,summer,0,0,1,0
567850627,14.3,11.503616,none,0.0,0.0,18.416384,30.239998,73.12327,982.93884,,2023-07-20 04:13:36.449654,2023-07-20 20:57:34.589622,1003.9689994666667,0,1,0,3,0,0,,summer,0,0,1,1
570814227,19.3,16.235031,rain,0.1,0.0,25.959969,48.6,57.881893,981.27423,,2023-07-20 04:14:21.924461,2023-07-20 20:56:30.583643,1002.1443197000001,0,0,1,3,0,0,,summer,0,0,1,0
567993027,19.45,16.458277,rain,0.1,0.0,24.57511,49.68,51.8711,982.9985,,2023-07-20 04:13:52.651609,2023-07-20 20:58:57.020133,1005.0728087333333,0,0,1,3,0,0,,summer,0,0,1,0
567954027,20.0,16.37477,none,0.0,0.0,22.691425,47.519997,48.469604,984.6517,,2023-07-20 04:12:28.291888,2023-07-20 20:56:48.253177,1004.33268815,0,0,1,3,0,0,,summer,0,0,1,0
567925627,20.2,17.954195,none,0.0,0.0,23.42491,46.8,57.719517,983.0986,,2023-07-20 04:13:55.243759,2023-07-20 20:56:00.137931,1002.0815695333333,0,0,1,3,0,0,,summer,0,0,1,0
567963827,19.0,16.733406,none,0.0,0.0,16.23596,31.68,57.04229,985.17834,,2023-07-20 04:13:29.202646,2023-07-20 20:57:22.962968,1003.8960053666667,0,0,1,3,0,0,,summer,0,0,1,0
567956627,20.65,17.73146,none,0.0,0.0,23.469128,45.0,52.71138,986.6989,,2023-07-20 04:13:47.765073,2023-07-20 20:57:45.600948,1003.96393125,0,0,1,3,0,0,,summer,0,0,1,0
568038027,16.2,13.235088,none,0.0,0.0,23.936617,42.12,74.68501,981.4794,,2023-07-20 04:13:32.755376,2023-07-20 20:58:51.341652,1005.3097712666666,0,0,1,3,0,0,,summer,0,0,1,0
567858627,16.2,13.142744,none,0.0,0.0,24.569832,45.719997,74.68501,982.74976,,2023-07-20 04:12:21.477371,2023-07-20 20:56:54.063331,1004.5430993333333,0,0,1,3,0,0,,summer,0,0,1,0
567957427,20.05,16.452648,none,0.0,0.0,22.682856,42.839996,48.64716,984.88354,,2023-07-20 04:13:41.560273,2023-07-20 20:58:02.576759,1004.3502747666666,0,0,1,3,0,0,,summer,0,0,1,0
568079627,19.8,16.26551,none,0.0,0.0,21.349546,41.760002,47.76388,983.05505,,2023-07-20 04:13:00.848049,2023-07-20 20:58:21.411251,1005.3427200333333,0,0,1,3,0,0,,summer,0,0,1,0
567972427,11.75,10.378066,none,0.0,0.0,9.227524,17.64,88.13394,988.1777,,2023-07-21 04:15:34.884252,2023-07-21 20:56:35.042776,1001.0026420666667,1,0,1,4,0,0,,summer,0,0,0,0
568015627,18.05,16.543814,rain,0.1,0.0,11.525623,25.919998,61.555695,981.8087,,2023-07-21 04:15:29.916282,2023-07-21 20:58:45.427779,1003.25852495,0,0,1,4,0,0,,summer,0,0,0,0
568026027,19.95,18.135038,rain,0.1,0.0,15.978486,30.960001,50.455853,988.16693,,2023-07-21 04:15:31.569408,2023-07-21 20:56:03.776034,1000.5367771,0,0,1,4,0,0,,summer,0,0,1,0
568048027,20.65,18.353653,rain,0.1,0.0,16.981165,32.760002,46.562458,985.8235,,2023-07-21 04:15:56.100605,2023-07-21 20:56:02.350391,1000.1041631,0,0,1,4,0,0,,summer,0,0,1,0
568193627,20.65,18.353653,rain,0.1,0.0,16.981165,32.760002,46.562458,986.50885,,2023-07-21 04:15:56.067806,2023-07-21 20:56:12.495672,1000.2737977666667,0,0,1,4,0,0,,summer,0,0,1,0
567967227,13.45,11.70628,none,0.0,0.0,10.538843,18.0,75.47326,988.15906,,2023-07-21 04:14:27.035249,2023-07-21 20:56:16.223945,1001.8198116,0,1,0,4,0,0,,summer,0,0,0,1
568089227,14.3,12.849499,none,0.0,0.0,10.948973,26.64,77.6613,987.1946,,2023-07-21 04:14:44.469547,2023-07-21 20:56:53.388643,1002.1486516,0,1,0,4,0,0,,summer,0,0,0,1
568090027,18.05,16.572407,none,0.0,0.0,9.3669195,20.519999,57.573833,986.968,,2023-07-21 04:17:51.884160,2023-07-21 20:54:38.664768,996.7796768000001,0,0,1,4,0,0,,summer,0,0,0,0
568106427,14.05,12.507469,none,0.0,0.0,12.496719,19.44,81.32788,988.1536,,2023-07-21 04:14:52.960959,2023-07-21 20:56:12.731372,1001.3295068833334,0,1,0,4,0,0,,summer,0,0,0,1
568089627,13.45,11.8139305,none,0.0,0.0,13.138765,20.519999,84.56034,990.73706,,2023-07-21 04:14:54.837322,2023-07-21 20:55:51.707356,1000.9478339,0,1,0,4,0,0,,summer,0,0,0,1
568337627,20.7,18.529928,none,0.0,0.0,16.78156,32.039997,46.262745,983.4323,,2023-07-21 04:16:04.008982,2023-07-21 20:54:51.212153,998.7867195166667,0,0,1,4,0,0,,summer,0,0,1,0
568378427,13.8,12.52594,none,0.0,0.0,10.24578,20.880001,81.56588,983.1748,,2023-07-21 04:14:58.251834,2023-07-21 20:57:55.212725,1002.9493481833334,0,0,1,4,0,0,,summer,0,0,0,0
567983627,13.3,11.218217,none,0.0,0.0,13.70839,23.039999,78.55456,986.7253,,2023-07-21 04:15:54.010578,2023-07-21 20:54:52.368468,998.9726315,0,0,1,4,0,0,,summer,0,0,0,0
568069627,20.45,17.952501,none,0.0,0.0,14.685176,31.68,46.6647,986.54486,,2023-07-21 04:13:58.149832,2023-07-21 20:56:05.924712,1002.1295813333332,0,0,1,4,0,0,,summer,0,0,0,0
568082427,19.4,17.553923,none,0.0,0.0,12.661564,25.56,54.35222,989.5464,,2023-07-21 04:15:17.840995,2023-07-21 20:55:49.794156,1000.5325526833333,0,0,1,4,0,0,,summer,0,0,0,0
568086027,20.85,18.237833,none,0.0,0.0,15.111424,30.239998,44.916756,988.4333,,2023-07-21 04:15:27.557152,2023-07-21 20:55:37.829593,1000.17120735,0,0,1,4,0,0,,summer,0,0,1,0
568087027,14.2,12.519032,none,0.0,0.0,12.429127,20.16,77.90532,984.0593,,2023-07-21 04:15:49.694509,2023-07-21 20:55:31.157301,999.6910465333333,0,1,0,4,0,0,,summer,0,0,0,1
568871227,13.15,11.494381,none,0.0,0.0,10.028439,16.919998,77.22327,990.1036,,2023-07-21 04:14:06.465047,2023-07-21 20:54:10.987161,1000.0753685666666,0,1,0,4,0,0,,summer,0,0,0,1
568103227,19.6,17.884594,none,0.0,0.0,11.570515,25.56,53.322624,985.5388,,2023-07-21 04:15:43.753725,2023-07-21 20:55:32.909461,999.8192622666667,0,0,1,4,0,0,,summer,0,0,0,0
568360427,18.85,16.944773,none,0.0,0.0,14.05845,27.0,58.157867,985.25964,,2023-07-21 04:14:52.081830,2023-07-21 20:56:51.782784,1001.9950159,0,0,1,4,0,0,,summer,0,0,0,0
568544227,20.85,18.132149,none,0.0,0.0,16.418526,32.760002,43.714367,988.1061,,2023-07-21 04:15:29.084073,2023-07-21 20:55:38.394333,1000.155171,0,0,1,4,0,0,,summer,0,0,1,0
568097427,19.35,18.03847,none,0.0,0.0,10.390226,23.759998,57.12919,988.5243,,2023-07-21 04:14:07.954724,2023-07-21 20:54:39.614199,1000.5276579166667,0,0,1,4,0,0,,summer,0,0,0,0
568093027,12.45,11.035537,none,0.0,0.0,10.703569,17.64,87.609344,989.296,,2023-07-22 04:18:31.755687,2023-07-22 20:52:54.807265,994.3841929666667,0,1,0,5,1,0,,summer,0,0,0,1
568181227,16.5,15.283617,none,0.0,0.0,8.350138,14.4,65.22629,990.30084,,2023-07-22 04:16:10.239978,2023-07-22 20:55:06.141185,998.9316867833334,1,0,0,5,1,0,,summer,0,0,0,0
568181627,16.0,14.804289,none,0.0,0.0,8.209263,17.28,67.337654,989.5862,,2023-07-22 04:16:46.924158,2023-07-22 20:55:04.737866,998.2968951333334,0,1,0,5,1,0,,summer,0,0,0,1
568161227,22.5,19.155252,none,0.0,0.0,19.493261,34.2,39.52022,992.21606,,2023-07-22 04:16:25.512918,2023-07-22 20:54:10.423937,997.7485169833333,0,0,1,5,1,0,,summer,0,0,1,0
568168827,20.0,18.197699,none,0.0,0.0,11.304229,28.8,50.469246,986.37537,,2023-07-22 04:17:11.498141,2023-07-22 20:57:14.475301,1000.0496193333333,0,0,1,5,1,0,,summer,0,0,0,0
568213627,22.65,19.697943,none,0.0,0.0,19.0392,39.6,37.593884,989.29517,,2023-07-22 04:17:50.831839,2023-07-22 20:53:17.313937,995.4413683,0,0,1,5,1,0,,summer,0,0,1,0
569002627,13.1,11.50072,none,0.0,0.0,12.783802,20.880001,86.22533,988.79333,,2023-07-22 04:16:31.352658,2023-07-22 20:54:38.959246,998.1267764666667,0,1,0,5,1,0,,summer,0,0,0,1
569523227,20.75,18.834593,none,0.0,0.0,19.829433,39.6,51.694477,992.29114,,2023-07-22 04:17:24.257089,2023-07-22 20:55:23.518987,997.9876982999999,0,0,1,5,1,0,,summer,0,0,1,0
568092827,12.4,10.873632,none,0.0,0.0,12.181625,19.08,89.96939,987.5076,,2023-07-22 04:16:25.141614,2023-07-22 20:55:30.001644,999.0810005000001,0,1,0,5,1,0,,summer,0,0,0,1
568093427,12.5,10.865566,none,0.0,0.0,12.413476,20.880001,87.90625,990.43933,,2023-07-22 04:15:50.268047,2023-07-22 20:53:23.025576,997.5459588166667,0,0,1,5,1,0,,summer,0,0,0,0
568181027,15.3,14.030334,none,0.0,0.0,8.913181,15.84,70.89621,987.1308,,2023-07-22 04:18:37.050713,2023-07-22 20:54:36.102738,995.9842004166666,0,1,0,5,1,0,,summer,0,0,0,1
568144427,20.65,18.839582,none,0.0,0.0,19.8,34.92,54.49151,991.186,,2023-07-22 04:16:45.125776,2023-07-22 20:54:46.471964,998.0224364666667,0,0,1,5,1,0,,summer,0,0,1,0
568381027,19.3,17.533962,none,0.0,0.0,12.015589,18.72,54.508694,989.84937,,2023-07-22 04:16:32.499678,2023-07-22 20:54:35.867172,998.0561249,0,0,1,5,1,0,,summer,0,0,0,0
568145827,21.55,19.3124,none,0.0,0.0,21.602999,39.96,47.12532,991.1936,,2023-07-22 04:17:12.411015,2023-07-22 20:54:00.522861,996.8018641,0,0,1,5,1,0,,summer,0,0,1,0
568146227,21.3,19.4402,none,0.0,0.0,21.288757,37.8,52.184444,994.75397,,2023-07-22 04:16:48.970397,2023-07-22 20:53:56.912404,997.1323667833333,0,0,1,5,1,0,,summer,0,0,1,0
568158427,21.55,19.3124,none,0.0,0.0,21.602999,39.96,47.12532,991.88104,,2023-07-22 04:17:22.012244,2023-07-22 20:53:30.467767,996.1409253833333,0,0,1,5,1,0,,summer,0,0,1,0
568166427,22.3,19.225985,none,0.0,0.0,18.36353,34.92,41.243423,993.8711,,2023-07-22 04:16:02.517341,2023-07-22 20:53:57.287517,997.9128362666667,0,0,1,5,1,0,,summer,0,0,1,0
568182027,15.6,14.109236,none,0.0,0.0,10.233123,16.919998,69.08198,985.7792,,2023-07-22 04:17:26.304365,2023-07-22 20:53:58.299358,996.5332498833334,0,1,0,5,1,0,,summer,0,0,0,1
568233227,19.75,18.77771,none,0.0,0.0,16.87398,35.28,64.22311,993.08923,,2023-07-22 04:16:56.998136,2023-07-22 20:55:11.796481,998.2466390833334,0,0,1,5,1,0,,summer,0,0,1,0
568493627,12.1,10.320774,none,0.0,0.0,12.904882,20.880001,88.75521,988.4257,,2023-07-22 04:17:36.046753,2023-07-22 20:52:59.147982,995.3850204833333,1,0,1,5,1,0,,summer,0,0,0,0
577470827,21.3,19.312637,none,0.0,0.0,13.722565,37.079998,48.49751,992.3416,,2023-07-22 04:16:11.327988,2023-07-22 20:54:29.064711,998.29561205,0,0,1,5,1,0,,summer,0,0,0,0
568094027,13.35,11.613647,none,0.0,0.0,14.241629,24.119999,86.25035,991.65405,,2023-07-22 04:16:19.227229,2023-07-22 20:54:16.272546,997.9507552833333,0,0,1,5,1,0,,summer,0,0,0,0
568197627,15.6,14.146444,none,0.0,0.0,9.686609,16.56,68.391525,987.3873,,2023-07-22 04:18:00.010006,2023-07-22 20:54:11.193708,996.1863950333334,0,1,0,5,1,0,,summer,0,0,0,1
568311427,20.2,19.005653,rain,0.1,0.0,17.731598,37.8,60.443684,993.46106,,2023-07-22 04:16:09.456651,2023-07-22 20:54:48.647217,998.6531761,0,0,1,5,1,0,,summer,0,0,1,0
568191027,15.0,13.659668,none,0.0,0.0,9.793059,15.4800005,73.24854,994.81305,,2023-07-23 04:18:17.272700,2023-07-23 20:52:30.230781,994.2159680166666,0,1,0,6,1,0,,summer,0,0,0,1
568246427,21.6,20.702023,none,0.0,0.0,18.11841,35.28,59.79033,992.5219,,2023-07-23 04:18:13.650446,2023-07-23 20:51:33.397042,993.3291099333333,0,0,1,6,1,0,,summer,0,0,1,0
568255427,19.6,17.353773,rain,8.3,0.0,20.883102,37.079998,63.77082,994.293,,2023-07-23 04:18:21.129935,2023-07-23 20:51:24.029476,993.0483256833334,0,0,1,6,1,0,,summer,0,0,1,0
568262227,20.25,17.24177,rain,0.1,0.0,21.218632,42.839996,52.606808,986.644,,2023-07-23 04:19:31.126025,2023-07-23 20:52:31.249259,993.0020539,0,0,1,6,1,0,,summer,0,0,1,0
572604027,15.15,14.223814,none,0.0,0.0,9.422101,19.08,78.56753,986.04443,,2023-07-23 04:20:31.888985,2023-07-23 20:52:55.599004,992.3951669833333,0,1,0,6,1,0,,summer,0,0,0,1
568261027,20.1,17.195433,none,0.0,0.0,22.238562,38.16,56.186874,992.8852,,2023-07-23 04:18:16.346896,2023-07-23 20:51:42.656742,993.4384974333333,0,0,1,6,1,0,,summer,0,0,1,0
568314027,14.75,13.719547,none,0.0,0.0,10.1376915,17.64,80.616356,988.43945,,2023-07-23 04:17:43.434229,2023-07-23 20:53:31.974670,995.80900735,0,1,0,6,1,0,,summer,0,0,0,1
568286227,14.35,13.227781,none,0.0,0.0,10.661107,18.0,82.45206,988.31616,,2023-07-23 04:20:03.621407,2023-07-23 20:52:42.758848,992.6522906833333,0,1,0,6,1,0,,summer,0,0,0,1
571485627,17.55,16.42633,none,0.0,0.0,12.964998,29.88,72.02698,989.783,,2023-07-23 04:17:53.509584,2023-07-23 20:52:54.675663,995.01943465,0,0,1,6,1,0,,summer,0,0,0,0
568359627,21.75,20.701937,none,0.0,0.0,16.610792,34.56,56.597843,991.1216,,2023-07-23 04:17:39.203558,2023-07-23 20:53:13.270924,995.5677894333334,0,0,1,6,1,0,,summer,0,0,1,0
568216627,15.55,15.4960785,none,0.0,0.0,5.8603754,13.679999,82.33005,991.14734,,2023-07-23 04:18:26.888253,2023-07-23 20:52:57.874085,994.5164305333333,0,0,1,6,1,0,,summer,0,0,0,0
568231827,21.65,20.28466,rain,0.2,0.0,18.864824,37.8,57.318726,986.40344,,2023-07-23 04:19:34.219205,2023-07-23 20:52:33.706665,992.9914576666666,0,0,1,6,1,0,,summer,0,0,1,0
568237427,19.1,18.605938,rain,4.8,0.0,13.049689,39.96,73.727455,987.06635,,2023-07-23 04:20:11.466095,2023-07-23 20:52:55.898439,992.7405390666667,0,0,1,6,1,0,,summer,0,0,0,0
568622227,21.65,20.536226,none,0.0,0.0,18.671474,34.2,58.836002,991.8693,,2023-07-23 04:18:23.443230,2023-07-23 20:52:06.975133,993.7255317166668,0,0,1,6,1,0,,summer,0,0,1,0
569565827,19.15,18.797043,none,0.0,0.0,11.212135,21.96,71.85062,995.2271,,2023-07-23 04:18:41.860636,2023-07-23 20:51:43.235842,993.0229201,0,0,1,6,1,0,,summer,0,0,0,0
568192427,14.1,12.983717,none,0.0,0.0,8.557102,16.199999,78.41145,994.5672,,2023-07-23 04:17:42.993317,2023-07-23 20:52:32.141782,994.8191410833333,0,1,0,6,1,0,,summer,0,0,0,1
569099427,17.6,16.595022,none,0.0,0.0,12.605142,28.8,72.74802,989.65283,,2023-07-23 04:17:22.928723,2023-07-23 20:52:24.081242,995.01920865,0,0,1,6,1,0,,summer,0,0,0,0
568511827,21.45,20.963198,none,0.0,0.0,15.530151,30.960001,59.949947,994.95984,,2023-07-23 04:18:24.550316,2023-07-23 20:51:31.270421,993.11200175,0,0,1,6,1,0,,summer,0,0,1,0
568303827,17.45,16.186502,none,0.0,0.0,13.363711,24.84,71.30232,992.16156,,2023-07-24 04:20:19.260233,2023-07-24 20:50:54.559907,990.5883279000001,0,0,1,0,0,0,,summer,0,0,0,0
568294627,13.95,12.411245,none,0.0,0.0,12.57426,20.519999,82.12916,981.9484,,2023-07-24 04:21:03.574057,2023-07-24 20:50:41.615476,989.63402365,0,1,0,0,0,0,,summer,0,0,0,1
568324827,17.3,14.614973,rain,0.5,0.0,23.000591,39.6,71.74482,981.5585,,2023-07-24 04:20:22.429012,2023-07-24 20:53:59.895269,993.6244376166667,0,0,1,0,0,0,,summer,0,0,1,0
568328627,19.65,17.624634,none,0.0,0.0,18.359999,38.519997,61.72148,991.4291,,2023-07-24 04:19:27.477267,2023-07-24 20:49:49.051924,990.3595776166666,0,0,1,0,0,0,,summer,0,0,1,0
568349627,17.35,15.791531,rain,0.1,0.0,17.208603,51.48,75.617035,988.4742,,2023-07-24 04:19:16.911814,2023-07-24 20:51:18.060427,992.01914355,0,0,1,0,0,0,,summer,0,0,1,0
568350027,17.45,16.518661,rain,0.1,0.0,14.693999,35.28,78.903824,985.0364,,2023-07-24 04:20:11.708224,2023-07-24 20:52:14.479007,992.0461797166666,0,0,1,0,0,0,,summer,0,0,0,0
568354827,18.25,16.796902,rain,0.2,0.0,17.906157,37.44,74.30154,986.99725,,2023-07-24 04:19:47.630325,2023-07-24 20:50:55.394584,991.1294043166668,0,0,1,0,0,0,,summer,0,0,1,0
568357027,16.85,14.94434,rain,0.4,0.0,16.563911,33.839996,71.42527,990.20374,,2023-07-24 04:21:00.556867,2023-07-24 20:52:23.908511,991.3891940666667,0,0,1,0,0,0,,summer,0,0,1,0
568351027,17.9,17.23409,none,0.0,0.0,13.608762,34.2,78.20522,985.7874,,2023-07-24 04:20:20.284236,2023-07-24 20:49:37.601448,989.2886202000001,0,0,1,0,0,0,,summer,0,0,0,0
568353227,16.35,15.013393,rain,0.3,0.0,16.394829,27.0,82.16107,989.0381,,2023-07-24 04:19:49.863372,2023-07-24 20:51:40.867240,991.8500644666667,0,0,1,0,0,0,,summer,0,0,1,0
568306427,17.45,16.186502,none,0.0,0.0,13.363711,24.84,71.30232,988.7965,,2023-07-24 04:19:57.205382,2023-07-24 20:51:13.018372,991.2635498333333,0,0,1,0,0,0,,summer,0,0,0,0
568279627,14.05,13.128384,none,0.0,0.0,9.605998,16.919998,84.906975,994.7398,,2023-07-24 04:19:04.666292,2023-07-24 20:49:18.956211,990.2381653166667,0,1,0,0,0,0,,summer,0,0,0,1
568321627,17.9,15.70237,rain,0.3,0.0,18.671474,39.96,67.06283,994.7446,,2023-07-24 04:20:09.901115,2023-07-24 20:49:50.014545,989.6685571666666,0,0,1,0,0,0,,summer,0,0,1,0
568304627,18.8,17.117506,none,0.0,0.0,15.7908325,34.56,64.649765,991.8088,,2023-07-24 04:19:17.410029,2023-07-24 20:50:38.251859,991.3473638333332,0,0,1,0,0,0,,summer,0,0,1,0
568342027,18.35,15.327444,none,0.0,0.0,26.552288,47.88,69.624794,989.0417,,2023-07-24 04:20:16.582856,2023-07-24 20:50:57.582592,990.6833289333333,0,0,1,0,0,0,,summer,0,0,1,0
568508827,19.55,17.143364,none,0.0,0.0,20.316889,38.88,60.890526,994.41064,,2023-07-24 04:20:06.600760,2023-07-24 20:49:47.577462,989.6829450333333,0,0,1,0,0,0,,summer,0,0,1,0
569119827,15.95,14.770304,none,0.0,0.0,12.24,23.039999,77.14725,990.7004,,2023-07-24 04:20:27.500477,2023-07-24 20:50:46.344933,990.3140742666667,0,0,1,0,0,0,,summer,0,0,0,0
568392827,14.3,14.098551,none,0.0,0.0,8.4963045,15.84,93.40777,978.7852,,2023-07-24 04:21:03.927906,2023-07-24 20:50:42.978090,989.6508364,0,1,0,0,0,0,,summer,0,0,0,1
568291227,17.65,16.195475,none,0.0,0.0,13.684735,26.28,68.35211,989.25525,,2023-07-24 04:21:00.106631,2023-07-24 20:51:07.809439,990.1283801333334,0,0,1,0,0,0,,summer,0,0,0,0
568310827,17.45,16.186502,none,0.0,0.0,13.363711,24.84,71.30232,989.3758,,2023-07-24 04:20:02.549358,2023-07-24 20:51:04.755726,991.0367728,0,0,1,0,0,0,,summer,0,0,0,0
568342827,17.45,16.121313,rain,0.1,0.0,16.575644,42.839996,77.12768,986.8776,,2023-07-24 04:20:23.806686,2023-07-24 20:51:46.152752,991.3724344333333,0,0,1,0,0,0,,summer,0,0,1,0
568336227,16.05,14.189171,rain,0.2,0.0,17.462782,35.28,77.928085,985.7225,,2023-07-24 04:19:59.503597,2023-07-24 20:52:31.709764,992.53676945,0,0,1,0,0,0,,summer,0,0,1,0
568350427,16.8,15.801538,rain,0.1,0.0,15.277749,38.16,82.484726,983.7139,,2023-07-24 04:19:33.012461,2023-07-24 20:51:59.149656,992.4356199166667,0,0,1,0,0,0,,summer,0,0,1,0
568381827,12.95,11.915199,none,0.0,0.0,9.9571085,16.56,90.010345,989.4884,,2023-07-24 04:20:01.899018,2023-07-24 20:52:09.422266,992.1253874666667,0,1,0,0,0,0,,summer,0,0,0,1
568425427,22.15,22.173632,rain,0.1,0.0,12.6462,28.44,60.505154,985.5571,,2023-07-25 04:21:45.488711,2023-07-25 20:49:22.926457,987.6239624333334,0,0,1,1,0,0,,summer,0,0,0,0
568435827,23.2,23.048018,rain,0.1,0.0,9.220499,21.599998,51.82465,984.7628,,2023-07-25 04:21:42.379864,2023-07-25 20:49:35.235252,987.8809231333333,0,0,1,1,0,0,,summer,0,0,0,0
568449027,23.1,22.72002,none,0.0,0.0,9.931042,21.24,54.22279,982.5267,,2023-07-25 04:22:36.165316,2023-07-25 20:50:01.598424,987.4238851333333,0,0,1,1,0,0,,summer,0,0,0,0
568396027,19.45,18.855843,none,0.0,0.0,15.137133,29.519999,74.745346,983.84674,,2023-07-25 04:22:26.961982,2023-07-25 20:48:33.678982,986.11195,0,0,1,1,0,0,,summer,0,0,1,0
568463627,22.35,22.696667,none,0.0,0.0,7.9036193,24.119999,61.33918,981.62964,,2023-07-25 04:21:18.460331,2023-07-25 20:50:17.097297,988.9772827666667,0,0,1,1,0,0,,summer,0,0,0,0
568675627,21.9,22.746773,none,0.0,0.0,7.6367526,14.4,68.09775,988.8877,,2023-07-25 04:21:29.559541,2023-07-25 20:49:00.380326,987.51367975,0,0,1,1,0,0,,summer,0,0,0,0
568391027,16.0,15.717007,rain,0.2,0.0,10.495713,17.64,87.07517,985.1608,,2023-07-25 04:21:49.763069,2023-07-25 20:49:36.181896,987.7736471166667,0,0,1,1,0,0,,summer,0,0,0,0
568451627,21.65,21.654215,rain,0.1,0.0,14.471821,29.519999,62.17811,986.8605,,2023-07-25 04:21:54.773026,2023-07-25 20:49:31.981962,987.6201489333333,0,0,1,1,0,0,,summer,0,0,0,0
568471627,21.8,22.506922,none,0.0,0.0,7.92,15.84,67.42685,984.68286,,2023-07-25 04:21:28.202110,2023-07-25 20:49:21.185477,987.8830561166667,0,0,1,1,0,0,,summer,0,0,0,0
568412027,16.2,16.50061,rain,0.6,0.0,8.4963045,15.119999,90.539024,988.1566,,2023-07-25 04:20:52.492928,2023-07-25 20:47:48.806052,986.9385520666667,0,0,1,1,0,0,,summer,0,0,0,0
568463027,21.8,22.506922,none,0.0,0.0,7.92,15.84,67.42685,985.2514,,2023-07-25 04:21:36.384852,2023-07-25 20:49:17.047689,987.6777139500001,0,0,1,1,0,0,,summer,0,0,0,0
568472427,21.8,22.506922,none,0.0,0.0,7.92,15.84,67.42685,984.3421,,2023-07-25 04:21:48.642088,2023-07-25 20:49:37.446353,987.8134044166667,0,0,1,1,0,0,,summer,0,0,0,0
568461627,21.7,22.106983,none,0.0,0.0,9.178235,16.56,66.54677,984.12396,,2023-07-25 04:22:42.016098,2023-07-25 20:49:47.965864,987.0991627666666,0,0,1,1,0,0,,summer,0,0,0,0
568470827,20.5,20.891125,none,0.0,0.0,9.9571085,17.28,72.79324,983.1029,,2023-07-25 04:22:35.307447,2023-07-25 20:49:52.665426,987.28929965,0,0,1,1,0,0,,summer,0,0,0,0
568477027,18.9,19.493496,none,0.0,0.0,9.114471,14.04,81.427986,988.1635,,2023-07-25 04:21:59.320544,2023-07-25 20:49:26.933801,987.46022095,0,1,0,1,0,0,,summer,0,0,0,1
568400827,19.3,18.754135,none,0.0,0.0,16.1198,33.839996,77.91038,989.46436,,2023-07-25 04:21:46.677292,2023-07-25 20:48:13.148839,986.44119245,0,0,1,1,0,0,,summer,0,0,1,0
568475627,22.65,22.72913,none,0.0,0.0,8.854829,19.44,58.883915,983.8145,,2023-07-25 04:22:36.032802,2023-07-25 20:49:56.353512,987.3386785,0,0,1,1,0,0,,summer,0,0,0,0
568372827,13.25,12.88723,none,0.0,0.0,8.209263,13.679999,96.15387,988.07056,,2023-07-25 04:21:16.559254,2023-07-25 20:49:30.578148,988.2336482333334,0,1,0,1,0,0,,summer,0,0,0,1
568472227,20.5,21.103058,none,0.0,0.0,9.178235,14.04,73.96816,986.85504,,2023-07-25 04:21:55.271048,2023-07-25 20:49:21.967093,987.4449340833332,0,0,1,1,0,0,,summer,0,0,0,0
568461827,22.6,22.495378,rain,0.1,0.0,10.365251,21.24,59.44629,979.828,,2023-07-25 04:22:38.579878,2023-07-25 20:49:08.242505,986.4943771166667,0,0,1,1,0,0,,summer,0,0,0,0
568501427,17.55,18.305475,none,0.0,0.0,8.28,15.119999,89.196045,983.49194,,2023-07-25 04:22:42.761617,2023-07-25 20:48:10.303243,985.4590271,0,1,0,1,0,0,,summer,0,0,0,1
568593227,19.35,20.322105,none,0.0,0.0,6.924738,13.32,79.93941,983.31805,,2023-07-25 04:22:54.221945,2023-07-25 20:48:26.142697,985.5320125333333,0,0,1,1,0,0,,summer,0,0,0,0
568535227,18.45,19.1599,none,0.0,0.0,9.0,15.84,85.1018,980.7519,,2023-07-25 04:23:30.687182,2023-07-25 20:49:24.910115,985.9037155499999,0,1,0,1,0,0,,summer,0,0,0,1
568408227,20.45,20.28592,none,0.0,0.0,12.57426,33.12,70.93814,984.6994,,2023-07-25 04:22:08.586034,2023-07-25 20:48:00.738359,985.8692054166667,0,0,1,1,0,0,,summer,0,0,0,0
568454427,23.0,22.5153,none,0.0,0.0,9.826088,23.4,53.320065,987.37256,,2023-07-25 04:21:16.767771,2023-07-25 20:49:31.431273,988.2443917,0,0,1,1,0,0,,summer,0,0,0,0
568471827,18.9,19.493496,none,0.0,0.0,9.114471,14.04,81.427986,984.3688,,2023-07-25 04:21:33.293814,2023-07-25 20:49:27.216517,987.8987117166666,0,1,0,1,0,0,,summer,0,0,0,1
568535627,22.5,22.950768,rain,0.1,0.0,10.829958,26.28,58.8481,985.2233,,2023-07-25 04:22:27.988364,2023-07-25 20:48:01.490253,985.5583648166667,0,0,1,1,0,0,,summer,0,0,0,0
568485227,16.9,17.340044,none,0.0,0.0,10.308831,15.84,92.641975,984.2626,,2023-07-26 04:23:37.663119,2023-07-26 20:47:58.861151,984.3533005333334,0,1,0,2,0,0,,summer,0,0,0,1
568627027,19.9,21.142006,none,0.0,0.0,5.4833565,15.119999,77.99977,983.86145,,2023-07-27 04:26:27.969737,2023-07-27 20:44:48.969100,978.3499893833334,0,0,1,3,0,0,,summer,0,0,0,0
568708827,20.05,20.56008,rain,9.5,0.0,14.81259,33.12,85.000626,982.6446,,2023-07-27 04:26:12.122099,2023-07-27 20:46:18.028470,980.0984395166666,0,1,0,3,0,0,,summer,0,0,1,1
568702827,24.45,24.879463,none,0.0,0.0,12.287555,20.519999,60.842117,984.2074,,2023-07-27 04:26:03.223899,2023-07-27 20:44:38.452266,978.5871394500001,0,0,1,3,0,0,,summer,0,0,0,0
568703627,23.95,24.02104,none,0.0,0.0,10.685391,19.44,56.95471,988.9303,,2023-07-27 04:25:26.071068,2023-07-27 20:45:35.826691,980.1625937166666,0,0,1,3,0,0,,summer,0,0,0,0
568833627,16.65,17.380789,none,0.0,0.0,9.0,15.84,95.63966,982.52527,,2023-07-27 04:24:39.066405,2023-07-27 20:46:55.522996,982.2742765166666,0,1,0,3,0,0,,summer,0,0,0,1
569016827,24.1,24.806458,none,0.0,0.0,10.390226,26.64,62.132133,986.4305,,2023-07-27 04:26:18.272619,2023-07-27 20:46:19.128589,980.0142661666666,0,0,1,3,0,0,,summer,0,0,0,0
569172427,24.75,25.100145,none,0.0,0.0,13.397612,24.84,60.52524,982.9805,,2023-07-27 04:25:55.941632,2023-07-27 20:45:03.991895,979.13417105,0,0,1,3,0,0,,summer,0,0,0,0
568590627,17.2,18.065784,none,0.0,0.0,9.47012,22.319998,95.35396,978.9897,,2023-07-27 04:26:15.058774,2023-07-27 20:46:41.512481,980.4408951166666,0,1,0,3,0,0,,summer,0,0,0,1
568698627,23.65,24.089773,none,0.0,0.0,11.659777,25.56,63.028214,983.7911,,2023-07-27 04:25:46.837686,2023-07-27 20:47:18.808571,981.5328480833334,0,0,1,3,0,0,,summer,0,0,0,0
568708027,22.65,22.993135,none,0.0,0.0,15.496736,25.56,71.79771,981.7189,,2023-07-27 04:25:56.829479,2023-07-27 20:44:34.272694,978.6240535833333,0,0,1,3,0,0,,summer,0,0,1,0
568600427,16.8,17.565273,none,0.0,0.0,9.178235,15.4800005,95.64459,984.9609,,2023-07-27 04:25:20.863349,2023-07-27 20:45:51.974920,980.5185261833334,0,1,0,3,0,0,,summer,0,0,0,1
568645627,22.35,24.052141,none,0.0,0.0,8.534353,20.16,66.256195,985.9209,,2023-07-27 04:25:24.450743,2023-07-27 20:46:46.141285,981.3615090333333,0,0,1,3,0,0,,summer,0,0,0,0
568712027,18.9,19.211424,rain,3.9,0.0,17.698677,42.48,94.22115,974.8994,,2023-07-27 04:29:55.745020,2023-07-27 20:46:59.785082,977.0673343666666,0,1,0,3,0,0,,summer,0,0,1,1
568669427,22.9,24.556808,none,0.0,0.0,8.534353,20.880001,64.90536,986.6225,,2023-07-27 04:25:06.555484,2023-07-27 20:46:44.480376,981.6320815333333,0,0,1,3,0,0,,summer,0,0,0,0
568751227,23.25,24.234533,none,0.0,0.0,11.542478,20.16,69.89544,987.3482,,2023-07-27 04:24:32.544276,2023-07-27 20:44:30.407384,979.9643851333333,0,0,1,3,0,0,,summer,0,0,0,0
568679027,24.35,25.021225,none,0.0,0.0,9.085988,21.96,55.0693,987.1967,,2023-07-27 04:24:30.809168,2023-07-27 20:46:32.355690,982.0257753666666,0,0,1,3,0,0,,summer,0,0,0,0
568782027,20.5,20.417439,rain,0.9,0.0,17.106628,33.12,79.59031,984.30133,,2023-07-27 04:24:43.121001,2023-07-27 20:46:12.339175,981.4869695666667,0,1,0,3,0,0,,summer,0,0,1,1
569233027,22.95,23.5965,none,0.0,0.0,12.24,20.16,68.74123,983.5099,,2023-07-27 04:25:19.657459,2023-07-27 20:46:36.319790,981.2777055166666,0,0,1,3,0,0,,summer,0,0,0,0
568599427,15.55,16.263983,none,0.0,0.0,6.830519,16.56,97.153595,987.71576,,2023-07-27 04:26:02.470238,2023-07-27 20:46:52.330527,980.8310048166666,0,1,0,3,0,0,,summer,0,0,0,1
568624627,19.85,21.39935,none,0.0,0.0,4.3498964,12.599999,80.007904,991.5463,,2023-07-27 04:25:07.716188,2023-07-27 20:45:32.216933,980.40834575,0,0,1,3,0,0,,summer,0,0,0,0
568705827,23.45,24.113937,none,0.0,0.0,13.441071,23.039999,68.62195,983.55786,,2023-07-27 04:25:40.998292,2023-07-27 20:45:10.131533,979.4855540166667,0,0,1,3,0,0,,summer,0,0,0,0
568706027,20.35,20.437395,rain,7.1,0.0,16.965895,32.039997,82.13105,983.7379,,2023-07-27 04:25:05.911648,2023-07-27 20:45:45.913641,980.6666998833333,0,1,0,3,0,0,,summer,0,0,1,1
568709627,24.0,23.68089,none,0.0,0.0,14.145756,28.8,57.889996,988.3725,,2023-07-27 04:26:45.822828,2023-07-27 20:47:14.287112,980.4744047333334,0,0,1,3,0,0,,summer,0,0,0,0
568978427,22.15,23.458317,none,0.0,0.0,10.00256,21.599998,68.14767,989.9924,,2023-07-27 04:25:13.134494,2023-07-27 20:45:21.776578,980.1440347333333,0,0,1,3,0,0,,summer,0,0,0,0
569125227,19.85,21.39935,none,0.0,0.0,4.3498964,12.599999,80.007904,990.5092,,2023-07-27 04:25:28.456271,2023-07-27 20:45:26.979595,979.9753887333334,0,0,1,3,0,0,,summer,0,0,0,0
568709027,19.65,20.530138,rain,13.4,0.0,13.18308,32.760002,88.798325,983.3379,,2023-07-27 04:26:10.263257,2023-07-27 20:46:01.284110,979.85034755,0,1,0,3,0,0,,summer,0,0,1,1
568705227,23.85,24.57871,none,0.0,0.0,12.0694,27.359999,62.075928,984.3478,,2023-07-27 04:28:21.501661,2023-07-27 20:45:33.617485,977.2019304,0,0,1,3,0,0,,summer,0,0,0,0
568685827,23.3,24.353113,none,0.0,0.0,10.829959,22.319998,64.78416,991.8231,,2023-07-27 04:25:26.724516,2023-07-27 20:45:09.630897,979.71510635,0,0,1,3,0,0,,summer,0,0,0,0
568626227,20.8,22.22091,none,0.0,0.0,3.8773184,14.04,72.38169,990.80536,,2023-07-27 04:25:59.378062,2023-07-27 20:46:26.552730,980.4529111333334,0,0,1,3,0,0,,summer,0,0,0,0
568834227,24.05,23.841335,rain,0.2,0.0,14.186923,24.48,58.83811,985.39136,,2023-07-27 04:25:21.139329,2023-07-27 20:46:36.461700,981.2553728500001,0,0,1,3,0,0,,summer,0,0,0,0
568701227,21.7,22.171837,rain,3.6,0.0,14.917212,34.2,76.556145,984.4442,,2023-07-27 04:26:07.055419,2023-07-27 20:46:53.964024,980.7818100833333,0,0,1,3,0,0,,summer,0,0,0,0
568800227,19.85,21.39935,none,0.0,0.0,4.3498964,12.599999,80.007904,987.2914,,2023-07-27 04:25:05.344407,2023-07-27 20:45:36.073595,980.5121531333333,0,0,1,3,0,0,,summer,0,0,0,0
575440627,21.15,23.0465,rain,10.2,0.0,7.5942073,32.760002,83.26905,983.55316,,2023-07-27 04:27:52.924125,2023-07-27 20:44:31.696321,976.6462032666666,0,1,0,3,0,0,,summer,0,0,1,1
568817227,17.15,17.20646,rain,0.8,0.0,10.296251,23.759998,85.51357,985.6634,,2023-07-28 04:28:47.957278,2023-07-28 20:45:23.992193,976.6005819166666,1,0,0,4,0,0,,summer,0,0,0,0
569485027,22.25,23.856253,none,0.0,0.0,13.450708,28.08,83.91648,980.40314,,2023-07-28 04:28:03.756524,2023-07-28 20:43:03.566091,974.9968261166666,0,0,1,4,0,0,,summer,0,0,0,0
568793427,21.35,20.554289,none,0.0,0.0,17.294992,30.599998,67.7695,983.94073,,2023-07-28 04:27:01.908064,2023-07-28 20:44:46.009460,977.7350232666666,0,0,1,4,0,0,,summer,0,0,1,0
568810627,16.85,17.031563,rain,0.6,0.0,9.826088,19.8,88.000824,985.0583,,2023-07-28 04:29:38.341919,2023-07-28 20:42:58.290181,973.3324710333333,0,1,0,4,0,0,,summer,0,0,0,1
568811227,17.15,16.953367,rain,0.2,0.0,12.031756,20.16,85.51357,989.1659,,2023-07-28 04:27:40.448036,2023-07-28 20:44:09.623091,976.4862509166667,0,1,0,4,0,0,,summer,0,0,0,1
568787227,21.6,21.210642,none,0.0,0.0,15.978486,30.960001,69.13586,983.0127,,2023-07-28 04:27:17.106928,2023-07-28 20:45:10.437266,977.8888389666666,0,0,1,4,0,0,,summer,0,0,1,0
568800627,19.9,20.01756,rain,0.1,0.0,11.435313,22.319998,74.82045,985.1849,,2023-07-28 04:27:08.366920,2023-07-28 20:44:23.161069,977.24656915,0,0,1,4,0,0,,summer,0,0,0,0
568822227,18.5,17.67543,rain,0.2,0.0,15.192682,25.199999,76.296585,984.81647,,2023-07-28 04:26:51.187902,2023-07-28 20:45:00.419025,978.15385205,0,0,1,4,0,0,,summer,0,0,1,0
568805027,19.3,20.669731,rain,0.8,0.0,10.44,22.319998,91.90084,984.6241,,2023-07-28 04:26:40.741832,2023-07-28 20:43:02.445797,976.36173275,0,1,0,4,0,0,,summer,0,0,0,1
568809827,16.6,16.428627,rain,0.2,0.0,11.988594,20.16,88.83432,988.3852,,2023-07-28 04:26:18.007735,2023-07-28 20:44:16.396642,977.97314845,0,1,0,4,0,0,,summer,0,0,0,1
568816827,18.15,17.466055,rain,0.4,0.0,13.979872,24.119999,77.48637,984.6618,,2023-07-28 04:28:05.718868,2023-07-28 20:45:24.685749,977.3161146833334,0,0,1,4,0,0,,summer,0,0,0,0
568926827,22.35,22.4691,rain,1.1,0.0,15.281989,27.359999,70.39127,981.75085,,2023-07-28 04:28:04.694339,2023-07-28 20:43:05.387115,975.0115462666668,0,0,1,4,0,0,,summer,0,0,1,0
572089027,24.1,25.618288,none,0.0,0.0,12.72283,29.16,73.19205,981.3308,,2023-07-28 04:27:57.028416,2023-07-28 20:43:00.690719,975.0610383833333,0,0,1,4,0,0,,summer,0,0,0,0
568770427,22.55,23.901941,rain,0.1,0.0,15.192682,27.0,82.39984,982.118,,2023-07-28 04:26:46.256203,2023-07-28 20:44:24.696564,977.6406726833334,0,0,1,4,0,0,,summer,0,0,1,0
569253427,16.7,16.365334,rain,0.5,0.0,13.237038,23.4,88.55674,984.18585,,2023-07-28 04:28:21.040147,2023-07-28 20:43:01.021582,974.66635725,0,1,0,4,0,0,,summer,0,0,0,1
568797827,19.7,19.552301,rain,0.1,0.0,12.074766,24.84,73.59368,975.25287,,2023-07-28 04:27:56.551537,2023-07-28 20:43:40.516496,975.7327493166666,0,0,1,4,0,0,,summer,0,0,0,0
569866627,22.45,24.04382,rain,0.1,0.0,14.205182,32.039997,83.93878,983.9229,,2023-07-28 04:26:11.308464,2023-07-28 20:44:17.155477,978.0974502166666,0,0,1,4,0,0,,summer,0,0,0,0
568785427,23.55,25.149565,none,0.0,0.0,11.681987,23.039999,74.948845,980.88434,,2023-07-28 04:26:55.348662,2023-07-28 20:45:02.892934,978.1257378666667,0,0,1,4,0,0,,summer,0,0,0,0
568729427,21.4,23.96208,none,0.0,0.0,7.2359104,18.0,88.938095,981.42554,,2023-07-28 04:27:30.608189,2023-07-28 20:43:36.648154,976.1006660833334,0,0,1,4,0,0,,summer,0,0,0,0
568815627,16.45,16.526373,rain,0.4,0.0,11.200571,22.68,91.72909,991.4841,,2023-07-28 04:27:08.087563,2023-07-28 20:42:54.634930,975.7757894499999,0,1,0,4,0,0,,summer,0,0,0,1
568785227,23.8,25.177372,rain,0.1,0.0,14.182355,35.28,75.22373,982.08417,,2023-07-28 04:26:57.392170,2023-07-28 20:44:12.106001,977.2452305166667,0,0,1,4,0,0,,summer,0,0,0,0
568820027,15.65,15.596996,rain,0.9,0.0,9.659814,19.08,90.79419,985.14233,,2023-07-29 04:28:49.211446,2023-07-29 20:43:30.613994,974.6900424666667,0,1,0,5,1,0,,summer,0,0,0,1
568824027,16.0,15.633478,rain,1.0,0.0,11.808878,20.519999,88.78536,986.38184,,2023-07-29 04:28:55.729327,2023-07-29 20:43:00.711902,974.0830429166667,0,1,0,5,1,0,,summer,0,0,0,1
568825627,14.95,14.313623,rain,0.1,0.0,12.43434,22.319998,91.934944,990.7082,,2023-07-29 04:28:45.994632,2023-07-29 20:40:39.752631,971.89596665,0,1,0,5,1,0,,summer,0,0,0,1
568893827,16.2,15.311951,rain,1.2,0.0,15.509274,30.960001,87.94413,986.4048,,2023-07-29 04:28:40.058795,2023-07-29 20:41:57.348676,973.2881646833333,0,0,1,5,1,0,,summer,0,0,1,0
568880827,17.3,15.808954,rain,1.2,0.0,16.167967,24.84,74.62606,987.5271,,2023-07-29 04:28:56.426243,2023-07-29 20:42:20.531351,973.4017518,0,0,1,5,1,0,,summer,0,0,1,0
568868227,16.8,15.789524,rain,0.2,0.0,13.1041975,27.72,77.53237,980.67316,,2023-07-29 04:29:21.627816,2023-07-29 20:45:00.519924,975.6482018,0,0,1,5,1,0,,summer,0,0,0,0
569022227,14.1,13.848574,none,0.0,0.0,6.87779,11.159999,89.50589,986.80035,,2023-07-29 04:27:51.364372,2023-07-29 20:42:16.588855,974.42040805,0,1,0,5,1,0,,summer,0,0,0,1
569051627,16.1,15.313343,rain,0.4,0.0,14.689589,28.8,88.220604,987.2474,,2023-07-29 04:29:37.402620,2023-07-29 20:43:11.817327,973.57357845,0,0,1,5,1,0,,summer,0,0,0,0
568880627,16.15,15.465059,rain,1.1,0.0,14.24163,26.64,88.51088,988.0101,,2023-07-29 04:29:09.596586,2023-07-29 20:42:26.841416,973.2874138333334,0,0,1,5,1,0,,summer,0,0,0,0
568908227,14.3,14.11717,none,0.0,0.0,6.519877,12.24,88.645004,985.9775,,2023-07-29 04:29:11.867078,2023-07-29 20:40:47.588428,971.5953558333333,0,1,0,5,1,0,,summer,0,0,0,1
568888427,16.95,15.526287,rain,0.1,0.0,14.241629,28.08,73.1108,985.9199,,2023-07-29 04:30:28.917397,2023-07-29 20:41:06.991644,970.6345707833333,0,0,1,5,1,0,,summer,0,0,0,0
569008227,15.65,14.462677,rain,0.5,0.0,17.313717,33.12,90.50063,987.1215,,2023-07-29 04:27:53.277075,2023-07-29 20:42:30.299819,974.6170457333334,0,0,1,5,1,0,,summer,0,0,1,0
568885427,14.45,13.642231,rain,2.3,0.0,13.009903,24.119999,93.41519,986.6415,,2023-07-29 04:27:45.867820,2023-07-29 20:41:16.880162,973.5168723666667,0,0,1,5,1,0,,summer,0,0,0,0
568909827,14.1,13.740799,none,0.0,0.0,7.2805495,11.5199995,88.628296,987.8533,,2023-07-29 04:28:11.535955,2023-07-29 20:41:37.365178,973.43048705,0,1,0,5,1,0,,summer,0,0,0,1
568909027,14.1,13.848574,none,0.0,0.0,6.87779,11.159999,89.50589,988.6734,,2023-07-29 04:28:16.234479,2023-07-29 20:42:39.199566,974.38275145,0,1,0,5,1,0,,summer,0,0,0,1
568887627,16.75,15.55718,none,0.0,0.0,13.441071,29.16,75.76678,987.6443,,2023-07-29 04:27:56.548453,2023-07-29 20:42:25.144212,974.4765959833334,0,0,1,5,1,0,,summer,0,0,0,0
568865227,15.6,14.951509,rain,0.7,0.0,14.118243,29.88,91.973854,980.97296,,2023-07-29 04:32:48.712399,2023-07-29 20:41:22.693049,968.5663441666667,0,0,1,5,1,0,,summer,0,0,0,0
568960427,22.6,21.057182,rain,0.1,0.0,14.05845,34.2,49.992798,986.28326,,2023-07-30 04:29:33.459235,2023-07-30 20:39:34.929542,970.0245051166668,0,0,1,6,1,0,,summer,0,0,0,0
568937427,19.35,18.36165,none,0.0,0.0,16.563911,30.960001,72.82357,984.2444,,2023-07-30 04:31:29.730731,2023-07-30 20:39:30.440348,968.01182695,0,0,1,6,1,0,,summer,0,0,1,0
568967627,22.25,20.641384,none,0.0,0.0,14.618837,27.0,51.236626,986.76514,,2023-07-30 04:31:22.583267,2023-07-30 20:39:04.311031,967.6954627333333,0,0,1,6,1,0,,summer,0,0,0,0
568999227,21.9,21.000505,none,0.0,0.0,11.753876,24.119999,55.533466,986.85516,,2023-07-30 04:30:42.027790,2023-07-30 20:41:07.363897,970.42226845,0,0,1,6,1,0,,summer,0,0,0,0
568980027,17.25,16.6214,none,0.0,0.0,8.78872,14.04,71.73556,990.684,,2023-07-30 04:30:13.250600,2023-07-30 20:39:14.975626,969.0287504333334,1,0,0,6,1,0,,summer,0,0,0,0
569000427,20.95,20.355406,none,0.0,0.0,10.587918,20.16,60.42157,988.35895,,2023-07-30 04:30:20.740832,2023-07-30 20:40:47.750231,970.45015665,0,0,1,6,1,0,,summer,0,0,0,0
568914427,12.05,11.643992,none,0.0,0.0,6.28713,12.599999,97.39716,987.70337,,2023-07-30 04:31:01.337328,2023-07-30 20:40:55.917831,969.9096750499999,0,1,0,6,1,0,,summer,0,0,0,1
568968427,22.6,20.990692,none,0.0,0.0,12.7279215,29.16,47.25508,987.32526,,2023-07-30 04:33:14.181967,2023-07-30 20:40:05.180816,966.8499808166667,0,0,1,6,1,0,,summer,0,0,0,0
568925227,19.65,18.878952,none,0.0,0.0,15.072783,31.319998,71.47845,987.88605,,2023-07-30 04:29:27.300325,2023-07-30 20:40:06.188528,970.6481367166667,0,0,1,6,1,0,,summer,0,0,1,0
568943827,21.65,20.64535,rain,0.1,0.0,16.992609,35.28,55.836014,986.9523,,2023-07-30 04:31:49.355057,2023-07-30 20:40:52.113199,969.0459690333333,0,0,1,6,1,0,,summer,0,0,1,0
568977827,15.8,15.001474,none,0.0,0.0,8.12197,12.959999,74.37033,989.4389,,2023-07-30 04:31:45.196637,2023-07-30 20:40:42.246731,968.9508349,0,1,0,6,1,0,,summer,0,0,0,1
568956627,22.8,21.393421,rain,0.1,0.0,14.529915,34.2,49.064766,989.675,,2023-07-30 04:31:19.764668,2023-07-30 20:41:19.538848,969.9962363333333,0,0,1,6,1,0,,summer,0,0,0,0
569011427,18.8,18.807627,none,0.0,0.0,7.289445,14.759999,70.6276,988.6662,,2023-07-30 04:29:45.754189,2023-07-30 20:39:12.723414,969.4494870833333,0,0,1,6,1,0,,summer,0,0,0,0
569106427,21.7,20.121567,rain,0.1,0.0,18.0,33.12,56.58547,988.1435,,2023-07-30 04:30:48.837763,2023-07-30 20:39:00.884047,968.2007713999999,0,0,1,6,1,0,,summer,0,0,1,0
568965227,22.35,20.706558,none,0.0,0.0,14.003028,28.8,49.596725,988.9182,,2023-07-30 04:31:14.919451,2023-07-30 20:41:14.411737,969.9915381,0,0,1,6,1,0,,summer,0,0,0,0
569031027,15.95,15.470175,none,0.0,0.0,7.771331,12.959999,77.91296,987.7214,,2023-07-30 04:31:07.271137,2023-07-30 20:41:38.592471,970.5220222333334,0,1,0,6,1,0,,summer,0,0,0,1
568940027,21.05,19.469831,rain,0.2,0.0,19.171478,36.0,59.660217,990.5075,,2023-07-30 04:30:55.540829,2023-07-30 20:39:49.217530,968.8946116833333,0,0,1,6,1,0,,summer,0,0,1,0
568964627,22.25,20.641384,none,0.0,0.0,14.618837,27.0,51.236626,986.31036,,2023-07-30 04:30:55.175349,2023-07-30 20:39:01.900183,968.1120805666667,0,0,1,6,1,0,,summer,0,0,0,0
569071627,23.4,22.7308,none,0.0,0.0,12.10157,24.119999,48.262676,989.1066,,2023-07-31 04:32:59.624290,2023-07-31 20:37:40.773664,964.6858229000001,0,0,1,0,0,0,,summer,0,0,0,0
569086427,21.7,21.827105,none,0.0,0.0,8.654986,18.0,62.5933,991.16864,,2023-07-31 04:31:45.343274,2023-07-31 20:38:43.777766,966.9739082,0,0,1,0,0,0,,summer,0,0,0,0
569028827,22.1,22.26747,none,0.0,0.0,7.771331,19.44,58.561703,986.89105,,2023-07-31 04:34:41.991950,2023-07-31 20:39:05.904958,964.3985501333334,0,0,1,0,0,0,,summer,0,0,0,0
570824627,24.05,23.478718,none,0.0,0.0,10.948973,23.759998,45.200947,988.5669,,2023-07-31 04:32:54.272009,2023-07-31 20:37:55.505227,965.0205536333334,0,0,1,0,0,0,,summer,0,0,0,0
569087427,21.75,21.822567,none,0.0,0.0,8.654986,16.199999,61.79923,982.8269,,2023-07-31 04:33:23.568482,2023-07-31 20:38:07.649088,964.7346767666667,0,0,1,0,0,0,,summer,0,0,0,0
569094227,17.35,17.196436,none,0.0,0.0,8.161764,13.679999,76.86119,988.55756,,2023-07-31 04:33:01.686810,2023-07-31 20:38:08.972183,965.1214228833334,0,1,0,0,0,0,,summer,0,0,0,1
569134427,24.25,23.198648,none,0.0,0.0,10.829959,21.599998,44.809654,992.19305,,2023-07-31 04:31:46.701102,2023-07-31 20:36:57.252308,965.1758534333333,0,0,1,0,0,0,,summer,0,0,0,0
569020627,17.5,17.737238,none,0.0,0.0,6.924738,15.4800005,79.167625,988.22925,,2023-07-31 04:32:28.053344,2023-07-31 20:39:02.173848,966.5686750666666,0,0,1,0,0,0,,summer,0,0,0,0
569088827,21.35,21.718273,none,0.0,0.0,6.8777895,15.119999,63.741875,985.407,,2023-07-31 04:36:23.620369,2023-07-31 20:37:48.124294,961.40839875,0,0,1,0,0,0,,summer,0,0,0,0
569054627,24.0,23.62483,none,0.0,0.0,12.496719,25.56,46.55039,988.028,,2023-07-31 04:31:57.414624,2023-07-31 20:39:10.228199,967.2135595833333,0,0,1,0,0,0,,summer,0,0,0,0
569040627,22.8,22.612036,none,0.0,0.0,11.620809,22.319998,52.921036,992.51917,,2023-07-31 04:32:07.361942,2023-07-31 20:37:29.568656,965.3701119,0,0,1,0,0,0,,summer,0,0,0,0
569029827,21.6,21.593021,none,0.0,0.0,9.028754,19.08,61.16666,990.6389,,2023-07-31 04:32:28.978795,2023-07-31 20:38:16.750597,965.7961967,0,0,1,0,0,0,,summer,0,0,0,0
569055427,24.3,23.143677,none,0.0,0.0,11.874544,22.68,43.220047,989.42114,,2023-07-31 04:32:32.361999,2023-07-31 20:38:36.288388,966.0654398166666,0,0,1,0,0,0,,summer,0,0,0,0
569078827,24.25,23.198648,none,0.0,0.0,10.829959,21.599998,44.809654,992.0793,,2023-07-31 04:31:54.350762,2023-07-31 20:37:01.952849,965.12670145,0,0,1,0,0,0,,summer,0,0,0,0
569096627,17.4,17.29143,none,0.0,0.0,8.209263,14.04,77.37157,994.1365,,2023-07-31 04:32:30.693059,2023-07-31 20:37:48.738067,965.3007501333334,0,1,0,0,0,0,,summer,0,0,0,1
569090627,23.95,22.593485,none,0.0,0.0,11.609651,22.68,44.431286,990.14716,,2023-07-31 04:32:12.720586,2023-07-31 20:38:17.547865,966.08045465,0,0,1,0,0,0,,summer,0,0,0,0
569115627,23.4,22.94873,none,0.0,0.0,12.015589,25.199999,48.74207,991.1836,,2023-07-31 04:31:54.663752,2023-07-31 20:38:40.527603,966.7643975166667,0,0,1,0,0,0,,summer,0,0,0,0
569340627,24.45,23.152527,none,0.0,0.0,10.787993,23.4,42.549965,987.9152,,2023-07-31 04:32:03.211023,2023-07-31 20:39:08.158805,967.0824630333334,0,0,1,0,0,0,,summer,0,0,0,0
569087027,21.75,21.822567,none,0.0,0.0,8.654986,16.199999,61.79923,989.8814,,2023-07-31 04:33:08.597825,2023-07-31 20:38:41.450558,965.54754555,0,0,1,0,0,0,,summer,0,0,0,0
569085627,23.4,22.94873,none,0.0,0.0,12.015589,25.199999,48.74207,989.2509,,2023-07-31 04:32:05.486125,2023-07-31 20:38:24.933369,966.3241207333334,0,0,1,0,0,0,,summer,0,0,0,0
569154027,23.8,22.537645,none,0.0,0.0,11.384199,24.48,45.432014,985.0456,,2023-07-31 04:33:37.115132,2023-07-31 20:37:48.966656,964.1975254,0,0,1,0,0,0,,summer,0,0,0,0
569438827,19.9,19.966043,none,0.0,0.0,7.968939,14.759999,67.91477,986.51825,,2023-07-31 04:32:31.137443,2023-07-31 20:40:16.982210,967.76407945,0,0,1,0,0,0,,summer,0,0,0,0
569070627,24.3,23.143677,none,0.0,0.0,11.874544,22.68,43.220047,991.4615,,2023-07-31 04:32:26.774159,2023-07-31 20:38:15.676510,965.8150391833333,0,0,1,0,0,0,,summer,0,0,0,0
569077827,24.35,23.082003,none,0.0,0.0,10.483357,22.319998,42.663593,989.575,,2023-07-31 04:33:14.803849,2023-07-31 20:38:46.847893,965.5340674,0,0,1,0,0,0,,summer,0,0,0,0
569056027,23.9,23.491116,none,0.0,0.0,11.440978,26.64,45.45953,991.1966,,2023-07-31 04:32:51.742640,2023-07-31 20:39:45.586909,966.8974044833334,0,0,1,0,0,0,,summer,0,0,0,0
569137427,24.15,23.118073,none,0.0,0.0,12.287555,26.28,43.90089,991.1126,,2023-07-31 04:31:42.488921,2023-07-31 20:38:17.597450,966.5851421499999,0,0,1,0,0,0,,summer,0,0,0,0
569089627,20.1,20.077168,none,0.0,0.0,8.699793,14.4,67.297134,990.4332,,2023-07-31 04:32:28.352000,2023-07-31 20:38:36.016221,966.1277370166666,0,0,1,0,0,0,,summer,0,0,0,0
569098827,15.9,15.832785,none,0.0,0.0,6.638072,11.879999,82.104614,987.4847,,2023-07-31 04:33:31.185970,2023-07-31 20:38:15.744296,964.7426387666667,0,1,0,0,0,0,,summer,0,0,0,1
569015627,19.95,20.272438,none,0.0,0.0,7.9526596,18.0,70.84451,987.98083,,2023-07-31 04:32:52.381529,2023-07-31 20:37:58.384083,965.1000425666666,0,0,1,0,0,0,,summer,0,0,0,0
569043827,24.05,23.519838,none,0.0,0.0,10.931203,24.119999,45.350643,987.4507,,2023-07-31 04:33:26.922222,2023-07-31 20:39:02.985235,965.6010502166666,0,0,1,0,0,0,,summer,0,0,0,0
569109027,17.55,18.240715,none,0.0,0.0,4.68,10.440001,80.72922,983.7537,,2023-08-01 04:35:11.941396,2023-08-01 20:36:10.336798,960.9732567,0,0,1,1,0,0,,summer,0,0,0,0
569127027,21.4,22.786148,none,0.0,0.0,4.2136917,12.599999,70.66202,992.5102,,2023-08-01 04:34:20.991386,2023-08-01 20:36:30.235966,962.1540763333334,0,0,1,1,0,0,,summer,0,0,0,0
569138827,22.55,24.018768,none,0.0,0.0,4.39436,14.04,66.086395,994.4764,,2023-08-01 04:33:36.015892,2023-08-01 20:35:11.958470,961.5990429666667,0,0,1,1,0,0,,summer,0,0,0,0
569184227,24.8,26.221148,none,0.0,0.0,7.2,18.72,52.749138,992.5635,,2023-08-01 04:34:29.336397,2023-08-01 20:36:48.933150,962.3266125499999,0,0,1,1,0,0,,summer,0,0,0,0
569186427,24.8,26.221148,none,0.0,0.0,7.2,18.72,52.749138,991.8832,,2023-08-01 04:34:17.108955,2023-08-01 20:36:23.195273,962.1014386333334,0,0,1,1,0,0,,summer,0,0,0,0
569189227,15.1,15.210524,none,0.0,0.0,6.12,11.159999,88.13451,990.828,,2023-08-01 04:35:01.198631,2023-08-01 20:37:26.631568,962.4238822833333,0,1,0,1,0,0,,summer,0,0,0,1
569216027,23.2,23.78148,none,0.0,0.0,9.585739,19.08,63.12996,992.4031,,2023-08-01 04:34:47.029815,2023-08-01 20:36:45.273719,961.9707317333334,0,0,1,1,0,0,,summer,0,0,0,0
569222627,19.55,20.512484,none,0.0,0.0,6.9899354,12.24,78.95161,992.43146,,2023-08-01 04:33:17.058872,2023-08-01 20:35:55.809258,962.6458397666667,0,1,0,1,0,0,,summer,0,0,0,1
569223827,23.6,24.460855,none,0.0,0.0,8.217153,18.72,62.41694,992.0535,,2023-08-01 04:36:44.010052,2023-08-01 20:35:17.006607,958.5499425833333,0,0,1,1,0,0,,summer,0,0,0,0
569226027,18.05,19.09342,none,0.0,0.0,6.9899354,11.5199995,87.82374,993.0991,,2023-08-01 04:33:30.797042,2023-08-01 20:35:22.493038,961.8615999333334,0,1,0,1,0,0,,summer,0,0,0,1
569190627,25.55,25.326918,none,0.0,0.0,7.7879906,17.28,45.46353,990.02356,,2023-08-01 04:35:48.254958,2023-08-01 20:35:48.137575,959.9980436166667,0,0,1,1,0,0,,summer,0,0,0,0
569183427,26.1,26.716589,none,0.0,0.0,5.8603754,16.919998,42.867794,992.3002,,2023-08-01 04:33:28.270299,2023-08-01 20:35:58.699953,962.5071609,0,0,1,1,0,0,,summer,0,0,0,0
569183827,24.5,25.920168,none,0.0,0.0,8.0899935,18.72,53.877296,992.04626,,2023-08-01 04:34:22.401242,2023-08-01 20:36:40.447340,962.3007683,0,0,1,1,0,0,,summer,0,0,0,0
569219627,25.35,25.054094,none,0.0,0.0,8.404285,17.28,46.157696,989.02466,,2023-08-01 04:35:37.686676,2023-08-01 20:36:36.255866,960.9761531666667,0,0,1,1,0,0,,summer,0,0,0,0
569226227,17.8,19.111315,none,0.0,0.0,6.8399997,12.959999,92.69089,984.2983,,2023-08-01 04:35:13.935095,2023-08-01 20:35:55.787892,960.6975466166666,0,1,0,1,0,0,,summer,0,0,0,1
569230427,25.4,25.045906,none,0.0,0.0,9.387651,16.56,46.77819,994.10126,,2023-08-01 04:34:21.519848,2023-08-01 20:36:09.983345,961.80772495,0,0,1,1,0,0,,summer,0,0,0,0
578022227,18.0,19.069633,none,0.0,0.0,7.928178,13.32,90.37516,992.9799,,2023-08-01 04:34:37.274062,2023-08-01 20:36:12.267928,961.5832310999999,0,1,0,1,0,0,,summer,0,0,0,1
569388827,22.7,23.853985,none,0.0,0.0,5.634891,14.759999,64.24288,991.6437,,2023-08-01 04:34:07.149999,2023-08-01 20:36:38.932708,962.5297118166667,0,0,1,1,0,0,,summer,0,0,0,0
570570627,25.7,25.805065,none,0.0,0.0,6.12,13.32,45.802593,991.5301,,2023-08-01 04:33:52.999116,2023-08-01 20:36:16.728884,962.3954961333333,0,0,1,1,0,0,,summer,0,0,0,0
569171227,23.5,24.80321,none,0.0,0.0,6.792466,16.919998,59.08608,993.7297,,2023-08-01 04:33:56.258701,2023-08-01 20:36:01.199606,962.0823484166667,0,0,1,1,0,0,,summer,0,0,0,0
569223427,18.65,19.640436,none,0.0,0.0,7.628263,11.879999,85.122925,991.6824,,2023-08-01 04:35:01.389201,2023-08-01 20:36:50.323353,961.8155692,0,1,0,1,0,0,,summer,0,0,0,1
569303227,25.4,25.379986,none,0.0,0.0,8.049845,15.84,48.013027,993.09607,,2023-08-01 04:33:31.382810,2023-08-01 20:36:00.924456,962.4923607666666,0,0,1,1,0,0,,summer,0,0,0,0
569313227,18.2,19.413353,none,0.0,0.0,6.519877,10.440001,88.398506,993.0274,,2023-08-01 04:34:27.624716,2023-08-01 20:35:19.293728,960.8611502,0,1,0,1,0,0,,summer,0,0,0,1
569279227,25.45,25.113762,none,0.0,0.0,8.913181,16.56,46.18493,991.2889,,2023-08-01 04:35:09.759450,2023-08-01 20:36:37.319361,961.4593318499999,0,0,1,1,0,0,,summer,0,0,0,0
569391227,21.2,22.2406,none,0.0,0.0,7.4128532,15.84,72.91684,987.1043,,2023-08-01 04:35:06.014715,2023-08-01 20:36:22.611164,961.2766074833332,0,0,1,1,0,0,,summer,0,0,0,0
569399627,22.7,23.853985,none,0.0,0.0,5.634891,14.759999,64.24288,994.38635,,2023-08-01 04:34:26.511087,2023-08-01 20:36:22.889721,961.9396439,0,0,1,1,0,0,,summer,0,0,0,0
569169027,24.6,25.898916,none,0.0,0.0,7.729527,20.519999,53.55595,988.2499,,2023-08-01 04:34:28.779893,2023-08-01 20:37:53.198954,963.40698435,0,0,1,1,0,0,,summer,0,0,0,0
569108827,13.45,13.182678,none,0.0,0.0,7.10031,10.799999,93.67232,987.2359,,2023-08-01 04:35:14.272934,2023-08-01 20:37:17.729370,962.0576072666667,0,0,1,1,0,0,,summer,0,0,0,0
569144627,23.65,24.968845,none,0.0,0.0,4.3349743,14.4,54.89368,991.4926,,2023-08-01 04:37:50.383612,2023-08-01 20:36:40.034422,958.8275135,0,0,1,1,0,0,,summer,0,0,0,0
569202627,23.5,24.80321,none,0.0,0.0,6.792466,16.919998,59.08608,994.0721,,2023-08-01 04:33:53.669697,2023-08-01 20:36:08.567497,962.2482966666666,0,0,1,1,0,0,,summer,0,0,0,0
571650227,24.4,24.163557,none,0.0,0.0,10.514218,20.519999,52.30612,984.2227,,2023-08-01 04:35:28.158531,2023-08-01 20:36:10.495858,960.7056221166666,0,0,1,1,0,0,,summer,0,0,0,0
569891427,18.65,19.405306,none,0.0,0.0,8.825508,10.440001,84.31186,991.43353,,2023-08-01 04:33:21.763042,2023-08-01 20:35:24.734637,962.0495265833334,1,0,0,1,0,0,,summer,0,0,0,0
569212227,24.4,24.73113,none,0.0,0.0,9.290511,17.28,55.97541,989.05707,,2023-08-01 04:34:48.508519,2023-08-01 20:36:01.114528,961.21010015,0,0,1,1,0,0,,summer,0,0,0,0
569215827,23.3,24.512499,none,0.0,0.0,6.9247384,16.56,65.197914,990.81464,,2023-08-01 04:33:31.408182,2023-08-01 20:35:36.382780,962.0829099666666,0,0,1,1,0,0,,summer,0,0,0,0
569225627,18.05,18.848476,none,0.0,0.0,7.172949,12.599999,84.78738,989.7914,,2023-08-01 04:33:42.121427,2023-08-01 20:37:09.429131,963.4551284,0,1,0,1,0,0,,summer,0,0,0,1
569187627,24.05,25.14654,none,0.0,0.0,7.7043357,18.72,54.287567,988.1183,,2023-08-01 04:34:51.601923,2023-08-01 20:36:18.646350,961.45074045,0,0,1,1,0,0,,summer,0,0,0,0
569459027,23.25,23.544655,none,0.0,0.0,10.739832,19.8,61.74244,988.7815,,2023-08-01 04:35:12.772837,2023-08-01 20:37:02.226828,961.8242331833334,0,0,1,1,0,0,,summer,0,0,0,0
569330827,23.5,25.163837,none,0.0,0.0,7.6367526,16.919998,69.94292,990.2796,,2023-08-02 04:35:52.123686,2023-08-02 20:34:25.998343,958.5645776166667,0,0,1,2,0,0,,summer,0,0,0,0
569348227,21.35,23.259804,none,0.0,0.0,8.287822,19.8,83.55359,993.9834,,2023-08-02 04:35:09.025506,2023-08-02 20:34:40.017236,959.5165288333334,0,0,1,2,0,0,,summer,0,0,0,0
569340427,19.7,21.249933,none,0.0,0.0,6.792466,11.879999,85.23288,991.3129,,2023-08-02 04:36:27.970069,2023-08-02 20:34:13.280598,957.7551754833333,0,1,0,2,0,0,,summer,0,0,0,1
569940627,21.65,23.059086,none,0.0,0.0,11.090103,23.4,81.01112,993.09875,,2023-08-02 04:35:52.126419,2023-08-02 20:34:57.415999,959.0881596666666,0,0,1,2,0,0,,summer,0,0,0,0
569379427,24.85,25.257196,none,0.0,0.0,12.475961,26.64,59.404564,989.4939,,2023-08-02 04:36:47.516861,2023-08-02 20:33:48.793027,957.0212694333334,0,0,1,2,0,0,,summer,0,0,0,0
569879427,18.95,20.391308,none,0.0,0.0,7.10031,13.32,88.46108,989.78485,,2023-08-02 04:36:54.124012,2023-08-02 20:34:53.037100,957.9818848,0,1,0,2,0,0,,summer,0,0,0,1
569319027,24.95,24.943722,rain,0.2,0.0,13.755579,27.359999,56.833824,986.68036,,2023-08-02 04:36:43.375472,2023-08-02 20:34:17.876796,957.5750220666666,0,0,1,2,0,0,,summer,0,0,0,0
569320227,25.4,25.871237,none,0.0,0.0,13.276144,23.4,56.762268,992.21094,,2023-08-02 04:36:01.351734,2023-08-02 20:34:05.899114,958.0757896666668,0,0,1,2,0,0,,summer,0,0,0,0
569305827,25.35,25.885405,none,0.0,0.0,12.599998,26.28,58.771225,991.6868,,2023-08-02 04:35:21.827146,2023-08-02 20:34:10.153783,958.8054439499999,0,0,1,2,0,0,,summer,0,0,0,0
569315427,25.15,25.794573,none,0.0,0.0,12.261157,22.68,58.35147,992.97565,,2023-08-02 04:35:56.824682,2023-08-02 20:33:23.785657,957.4493495833334,0,0,1,2,0,0,,summer,0,0,0,0
569324627,21.65,23.920794,none,0.0,0.0,5.495161,12.24,81.520805,991.6239,,2023-08-02 04:36:38.500910,2023-08-02 20:34:44.100150,958.0933206666667,0,0,1,2,0,0,,summer,0,0,0,0
569322027,24.8,25.25209,none,0.0,0.0,12.413477,25.56,59.96241,993.63043,,2023-08-02 04:36:33.408832,2023-08-02 20:34:24.235796,957.8471160666667,0,0,1,2,0,0,,summer,0,0,0,0
569579627,23.6,26.020315,rain,0.1,0.0,5.0911684,17.64,73.33472,994.15753,,2023-08-02 04:36:01.565554,2023-08-02 20:33:12.395196,957.1804940333333,0,0,1,2,0,0,,summer,0,0,0,0
570139027,23.3,25.456882,none,0.0,0.0,6.1094027,15.84,73.513214,990.36597,,2023-08-02 04:35:29.149335,2023-08-02 20:34:05.782428,958.61055155,0,0,1,2,0,0,,summer,0,0,0,0
570301427,20.6,22.186865,none,0.0,0.0,7.127636,11.879999,81.64465,988.646,,2023-08-02 04:36:20.795793,2023-08-02 20:33:15.235751,956.9073326333333,0,1,0,2,0,0,,summer,0,0,0,1
569248427,20.9,22.271568,none,0.0,0.0,10.883676,22.319998,84.02845,990.3973,,2023-08-02 04:36:04.193869,2023-08-02 20:34:44.041173,958.6641217333333,0,0,1,2,0,0,,summer,0,0,0,0
569259227,20.7,21.833559,none,0.0,0.0,11.592894,23.4,83.479095,994.63824,,2023-08-02 04:35:52.067459,2023-08-02 20:33:50.749378,957.9780319833334,0,0,1,2,0,0,,summer,0,0,0,0
569334627,19.7,21.463192,none,0.0,0.0,7.127636,11.159999,88.52318,989.701,,2023-08-02 04:36:51.158385,2023-08-02 20:34:46.999251,957.9306811,0,1,0,2,0,0,,summer,0,0,0,1
569305427,25.1,25.487825,none,0.0,0.0,12.287555,22.68,58.154083,990.59503,,2023-08-02 04:37:38.167050,2023-08-02 20:33:38.269311,956.00170435,0,0,1,2,0,0,,summer,0,0,0,0
569378627,20.7,21.833559,none,0.0,0.0,11.592894,23.4,83.479095,995.90753,,2023-08-02 04:36:12.512600,2023-08-02 20:33:58.014686,957.7583681,0,0,1,2,0,0,,summer,0,0,0,0
569575827,18.8,20.179703,none,0.0,0.0,8.854829,17.64,91.871086,993.51917,,2023-08-02 04:35:41.087844,2023-08-02 20:33:28.194228,957.7851064,0,0,1,2,0,0,,summer,0,0,0,0
569251827,21.6,23.050278,none,0.0,0.0,10.495713,24.119999,80.750725,991.3767,,2023-08-02 04:37:12.728132,2023-08-02 20:35:04.311351,957.8597203166667,0,0,1,2,0,0,,summer,0,0,0,0
569294627,24.8,25.427286,rain,0.1,0.0,11.212135,26.28,59.96241,988.03705,,2023-08-02 04:37:43.742774,2023-08-02 20:34:49.139845,957.0899511833334,0,0,1,2,0,0,,summer,0,0,0,0
569324827,24.05,24.79483,none,0.0,0.0,11.269782,23.039999,63.923203,988.5447,,2023-08-02 04:37:15.061952,2023-08-02 20:34:46.502904,957.5240158666667,0,0,1,2,0,0,,summer,0,0,0,0
569328227,19.8,21.281605,none,0.0,0.0,7.7043357,12.599999,85.513145,987.6402,,2023-08-02 04:37:10.501873,2023-08-02 20:34:24.601674,957.2349966833333,0,1,0,2,0,0,,summer,0,0,0,1
569331827,18.85,20.58081,none,0.0,0.0,6.297428,10.799999,91.29588,989.53046,,2023-08-02 04:35:04.890931,2023-08-02 20:33:49.629950,958.7456503166667,0,1,0,2,0,0,,summer,0,0,0,1
569903027,21.6,23.151558,none,0.0,0.0,9.957108,23.4,81.00461,992.85004,,2023-08-02 04:35:19.986123,2023-08-02 20:33:22.882863,958.048279,0,0,1,2,0,0,,summer,0,0,0,0
569436427,20.7,21.833559,none,0.0,0.0,11.592894,23.4,83.479095,995.09973,,2023-08-02 04:35:58.883114,2023-08-02 20:34:07.241369,958.13930425,0,0,1,2,0,0,,summer,0,0,0,0
569321427,23.35,25.179295,rain,0.3,0.0,7.42159,19.08,71.92394,990.04333,,2023-08-02 04:36:54.192498,2023-08-02 20:34:52.698249,957.97509585,0,0,1,2,0,0,,summer,0,0,0,0
569267427,22.4,23.717667,none,0.0,0.0,11.090103,22.68,76.424385,992.5868,,2023-08-02 04:35:57.253637,2023-08-02 20:34:59.690453,959.0406136,0,0,1,2,0,0,,summer,0,0,0,0
569325627,21.35,22.91282,none,0.0,0.0,6.696387,13.679999,76.98732,982.8087,,2023-08-02 04:36:34.322905,2023-08-02 20:37:08.774573,960.5741944666667,0,0,1,2,0,0,,summer,0,0,0,0
569328627,19.8,21.509598,none,0.0,0.0,7.342588,12.24,87.69912,991.5324,,2023-08-02 04:35:10.438328,2023-08-02 20:34:44.415201,959.5662812166667,0,1,0,2,0,0,,summer,0,0,0,1
569517627,21.75,23.699623,none,0.0,0.0,5.991594,11.159999,78.27211,987.40356,,2023-08-02 04:36:40.375908,2023-08-02 20:35:52.826229,959.2075053499999,0,0,1,2,0,0,,summer,0,0,0,0
569406627,27.9,27.89418,none,0.0,0.0,12.371645,23.039999,46.398884,988.0915,,2023-08-03 04:38:22.525972,2023-08-03 20:32:06.418218,953.7315374333334,0,0,1,3,0,0,,summer,0,0,0,0
571528427,28.3,28.230156,none,0.0,0.0,12.964998,29.88,44.179707,990.25366,,2023-08-03 04:38:18.184494,2023-08-03 20:32:50.577554,954.5398843333334,0,0,1,3,0,0,,summer,0,0,0,0
569454027,21.3,22.587217,none,0.0,0.0,10.08,16.199999,79.700966,991.40753,,2023-08-03 04:38:30.327155,2023-08-03 20:31:45.481572,953.2525736166666,0,1,0,3,0,0,,summer,0,0,0,1
569344027,19.1,20.8314,none,0.0,0.0,7.653705,19.44,92.46929,991.474,,2023-08-03 04:37:27.142151,2023-08-03 20:32:51.631416,955.4081544166667,0,0,1,3,0,0,,summer,0,0,0,0
569364627,20.7,22.421028,none,0.0,0.0,9.585739,19.8,86.95739,992.2751,,2023-08-03 04:37:34.965412,2023-08-03 20:31:41.125658,954.1026707666666,0,0,1,3,0,0,,summer,0,0,0,0
569470427,22.5,24.179005,none,0.0,0.0,12.783802,24.119999,82.3938,989.9124,,2023-08-03 04:37:48.132101,2023-08-03 20:32:29.751369,954.6936544666667,0,0,1,3,0,0,,summer,0,0,0,0
569459627,25.45,27.479166,none,0.0,0.0,7.92,14.759999,65.85593,989.25226,,2023-08-03 04:38:45.841218,2023-08-03 20:32:50.952569,954.0851891833333,0,0,1,3,0,0,,summer,0,0,0,0
569486827,24.15,26.16501,none,0.0,0.0,11.983188,25.199999,76.695366,991.2787,,2023-08-03 04:37:21.414098,2023-08-03 20:32:35.414578,955.2333413333333,0,0,1,3,0,0,,summer,0,0,0,0
569428627,23.4,25.14807,none,0.0,0.0,8.287822,15.119999,72.15927,990.52167,,2023-08-03 04:37:51.595415,2023-08-03 20:32:12.637191,954.3506962666667,0,0,1,3,0,0,,summer,0,0,0,0
569481627,26.65,29.198883,none,0.0,0.0,12.72283,27.0,64.48206,993.6914,,2023-08-03 04:37:42.128222,2023-08-03 20:31:16.922636,953.5799069000001,0,0,1,3,0,0,,summer,0,0,0,0
569497427,26.65,27.88161,none,0.0,0.0,9.826088,20.16,57.065598,992.60583,,2023-08-03 04:37:29.795577,2023-08-03 20:32:39.412191,955.1602769,0,0,1,3,0,0,,summer,0,0,0,0
569395027,27.1,28.910633,none,0.0,0.0,14.003029,30.239998,61.253006,991.37726,,2023-08-03 04:37:34.570224,2023-08-03 20:32:39.576581,955.0834392833333,0,0,1,3,0,0,,summer,0,0,0,0
569422027,21.35,22.666656,none,0.0,0.0,9.726665,14.759999,79.207016,993.36096,,2023-08-03 04:37:51.174878,2023-08-03 20:31:59.222437,954.1341259833333,0,1,0,3,0,0,,summer,0,0,0,1
569557827,22.5,24.179005,none,0.0,0.0,12.783802,24.119999,82.3938,989.4569,,2023-08-03 04:37:56.485446,2023-08-03 20:32:37.704243,954.68697995,0,0,1,3,0,0,,summer,0,0,0,0
571327827,22.85,24.949274,none,0.0,0.0,10.233123,23.4,81.16586,983.19336,,2023-08-03 04:42:29.521541,2023-08-03 20:33:47.542943,951.3003567,0,0,1,3,0,0,,summer,0,0,0,0
569374227,24.2,26.223255,none,0.0,0.0,12.783802,24.84,77.659035,990.9413,,2023-08-03 04:37:39.816039,2023-08-03 20:32:52.447067,955.2105171333334,0,0,1,3,0,0,,summer,0,0,0,0
569417427,23.3,25.332397,none,0.0,0.0,7.5942073,11.879999,74.440445,989.3943,,2023-08-03 04:38:02.336863,2023-08-03 20:33:12.240884,955.1650670166667,0,0,1,3,0,0,,summer,0,0,0,0
569394427,28.45,28.79205,none,0.0,0.0,11.542478,29.519999,45.66219,991.7034,,2023-08-03 04:37:22.134806,2023-08-03 20:32:05.588045,954.72422065,0,0,1,3,0,0,,summer,0,0,0,0
569376827,19.25,20.870403,none,0.0,0.0,7.653705,19.8,90.177734,990.21375,,2023-08-03 04:36:48.972363,2023-08-03 20:31:40.711144,954.8623130166667,0,0,1,3,0,0,,summer,0,0,0,0
569406227,28.5,28.406754,none,0.0,0.0,12.7279215,29.519999,43.809692,991.27167,,2023-08-03 04:37:56.747556,2023-08-03 20:32:18.376516,954.3604826666667,0,0,1,3,0,0,,summer,0,0,0,0
569609627,20.55,22.51933,none,0.0,0.0,9.1641035,18.72,89.98844,989.41187,,2023-08-03 04:38:07.349194,2023-08-03 20:33:06.381644,954.9838741666666,0,0,1,3,0,0,,summer,0,0,0,0
569951627,22.3,24.177671,none,0.0,0.0,11.923557,23.759998,84.18331,983.198,,2023-08-03 04:38:48.037642,2023-08-03 20:32:04.050593,953.2668825166667,0,0,1,3,0,0,,summer,0,0,0,0
569404627,28.2,28.466957,none,0.0,0.0,11.304229,21.24,46.47962,994.15906,,2023-08-03 04:38:02.480433,2023-08-03 20:31:22.886017,953.3400930666667,0,0,1,3,0,0,,summer,0,0,0,0
569355027,20.7,22.060001,none,0.0,0.0,12.538134,23.4,87.77789,992.4069,,2023-08-03 04:38:20.214004,2023-08-03 20:32:35.426091,954.2535347833333,0,0,1,3,0,0,,summer,0,0,0,0
569423827,27.75,28.188137,none,0.0,0.0,11.090103,21.24,48.795177,993.3368,,2023-08-03 04:37:30.094783,2023-08-03 20:32:05.964159,954.5978229333334,0,0,1,3,0,0,,summer,0,0,0,0
569470227,24.0,26.464705,none,0.0,0.0,9.585739,22.68,78.35409,991.9175,,2023-08-04 04:41:48.478635,2023-08-04 20:30:15.309519,948.4471814000001,0,0,1,4,0,0,,summer,0,0,0,0
569514027,18.95,20.611324,none,0.0,0.0,8.905908,15.4800005,94.817215,995.5131,,2023-08-04 04:39:49.051832,2023-08-04 20:29:07.829153,949.31295535,0,0,1,4,0,0,,summer,0,0,0,0
569539427,26.95,26.260145,rain,0.1,0.0,19.107151,46.079998,51.464134,989.9727,,2023-08-04 04:41:39.597648,2023-08-04 20:30:45.480642,949.0980499,0,0,1,4,0,0,,summer,0,0,1,0
569546827,25.9,26.344149,rain,0.1,0.0,13.32,39.239998,57.246094,991.10065,,2023-08-04 04:39:58.011179,2023-08-04 20:31:17.112215,951.3183506,0,0,1,4,0,0,,summer,0,0,0,0
569548627,21.6,22.689274,none,0.0,0.0,7.92,14.04,72.52447,991.5868,,2023-08-04 04:40:30.942340,2023-08-04 20:29:23.371850,948.8738251666667,1,0,0,4,0,0,,summer,0,0,0,0
569445427,19.55,21.049374,none,0.0,0.0,11.269782,18.0,93.66079,990.8684,,2023-08-04 04:40:18.193092,2023-08-04 20:29:27.102225,949.14848555,0,0,1,4,0,0,,summer,0,0,0,0
569509027,19.65,21.59045,none,0.0,0.0,7.928178,16.199999,92.49966,986.1691,,2023-08-04 04:40:49.296629,2023-08-04 20:31:14.128477,950.4138641333334,0,1,0,4,0,0,,summer,0,0,0,1
569511827,26.65,26.638662,none,0.0,0.0,20.150354,36.719997,53.903145,993.1766,,2023-08-04 04:40:08.975297,2023-08-04 20:29:32.567370,949.3932012166666,0,0,1,4,0,0,,summer,0,0,1,0
569545027,24.95,25.555454,none,0.0,0.0,11.503113,29.16,59.61724,987.2315,,2023-08-04 04:43:52.556279,2023-08-04 20:31:41.618122,947.8176973833334,0,0,1,4,0,0,,summer,0,0,0,0
569556027,26.7,26.321955,none,0.0,0.0,16.418526,40.32,51.563908,994.2353,,2023-08-04 04:41:00.368007,2023-08-04 20:30:53.174710,949.8801117166666,0,0,1,4,0,0,,summer,0,0,1,0
569550227,20.95,21.762573,none,0.0,0.0,8.699793,15.119999,73.574066,993.7363,,2023-08-04 04:38:57.028179,2023-08-04 20:29:31.402886,950.5729117833333,0,1,0,4,0,0,,summer,0,0,0,1
569551227,19.0,20.383657,none,0.0,0.0,5.771239,11.5199995,84.88919,999.50354,,2023-08-04 04:40:27.212378,2023-08-04 20:31:02.885374,950.5945499333334,0,1,0,4,0,0,,summer,0,0,0,1
569552027,21.0,21.844395,none,0.0,0.0,8.759178,16.199999,73.81772,995.5473,,2023-08-04 04:40:45.931467,2023-08-04 20:29:27.048566,948.6852849833334,0,1,0,4,0,0,,summer,0,0,0,1
569680627,25.7,26.983086,rain,0.1,0.0,17.057314,32.760002,67.572464,995.9106,,2023-08-04 04:39:37.864309,2023-08-04 20:29:41.186883,950.0553762333333,0,0,1,4,0,0,,summer,0,0,1,0
570664827,20.7,21.781368,none,0.0,0.0,7.69592,13.32,76.15688,992.19086,,2023-08-04 04:40:32.385428,2023-08-04 20:29:37.411834,949.0837734333332,0,1,0,4,0,0,,summer,0,0,0,1
569488627,25.6,26.83312,rain,0.1,0.0,16.800856,36.0,66.923676,993.8941,,2023-08-04 04:38:58.540850,2023-08-04 20:30:37.779973,951.6539853833333,0,0,1,4,0,0,,summer,0,0,1,0
569504627,26.45,27.223793,none,0.0,0.0,18.59845,36.36,59.966057,994.1816,,2023-08-04 04:38:55.495838,2023-08-04 20:28:54.934110,949.9906378666667,0,0,1,4,0,0,,summer,0,0,1,0
569532027,27.2,26.358763,rain,0.1,0.0,20.421871,36.719997,51.038692,986.21356,,2023-08-04 04:40:30.094954,2023-08-04 20:29:58.561504,949.4744425,0,0,1,4,0,0,,summer,0,0,1,0
569542027,27.1,26.054691,none,0.0,0.0,20.991426,36.0,50.365566,993.38434,,2023-08-04 04:40:00.123981,2023-08-04 20:30:29.779469,950.4942581333332,0,0,1,4,0,0,,summer,0,0,1,0
569817427,26.7,26.321955,none,0.0,0.0,16.418526,40.32,51.563908,990.1801,,2023-08-04 04:41:11.624796,2023-08-04 20:30:35.214016,949.3931536666666,0,0,1,4,0,0,,summer,0,0,1,0
570130427,19.1,20.656336,none,0.0,0.0,9.47012,15.4800005,93.63964,995.4395,,2023-08-04 04:39:49.380910,2023-08-04 20:29:13.582219,949.4033551499999,0,1,0,4,0,0,,summer,0,0,0,1
570349627,27.35,27.281446,none,0.0,0.0,20.633371,37.079998,50.75331,995.93634,,2023-08-04 04:39:47.661121,2023-08-04 20:30:07.599241,950.332302,0,0,1,4,0,0,,summer,0,0,1,0
569468227,25.4,27.889683,rain,0.1,0.0,11.681987,25.919998,75.01754,992.22906,,2023-08-04 04:38:50.533586,2023-08-04 20:29:11.569081,950.3505915833333,0,0,1,4,0,0,,summer,0,0,0,0
569480227,22.5,25.13963,none,0.0,0.0,8.39657,17.28,85.78564,990.94415,,2023-08-04 04:39:37.885582,2023-08-04 20:30:30.685466,950.8799980666666,0,0,1,4,0,0,,summer,0,0,0,0
569547827,23.4,24.366764,none,0.0,0.0,10.041354,17.28,66.896736,993.43567,,2023-08-04 04:39:32.528730,2023-08-04 20:30:20.197985,950.7944875833333,0,0,1,4,0,0,,summer,0,0,0,0
569553427,18.6,19.665009,none,0.0,0.0,6.8399997,10.799999,84.84644,995.45264,,2023-08-04 04:39:02.800510,2023-08-04 20:30:42.538077,951.6622927833333,0,1,0,4,0,0,,summer,0,0,0,1
574528627,23.4,24.385544,none,0.0,0.0,8.905908,22.68,65.42679,994.34863,,2023-08-04 04:40:20.801125,2023-08-04 20:31:36.825096,951.2670661833333,0,0,1,4,0,0,,summer,0,0,0,0
569539227,26.4,25.947119,rain,0.2,0.0,21.650938,42.48,55.578842,986.96155,,2023-08-04 04:43:54.194710,2023-08-04 20:31:49.035453,947.9140123833333,0,0,1,4,0,0,,summer,0,0,1,0
569428027,19.9,21.536943,none,0.0,0.0,8.759178,14.04,88.81845,991.15546,,2023-08-04 04:39:41.943005,2023-08-04 20:30:34.799421,950.8809402666667,0,1,0,4,0,0,,summer,0,0,0,1
569535227,27.25,26.414734,none,0.0,0.0,20.380579,37.44,50.88925,992.8874,,2023-08-04 04:39:12.442619,2023-08-04 20:30:32.286260,951.33072735,0,0,1,4,0,0,,summer,0,0,1,0
569619827,24.1,26.778582,none,0.0,0.0,9.511088,19.44,79.834816,989.8141,,2023-08-04 04:39:51.422480,2023-08-04 20:30:41.624371,950.8366981833333,0,0,1,4,0,0,,summer,0,0,0,0
569477027,24.25,26.771755,none,0.0,0.0,9.885262,20.880001,78.14823,991.7363,,2023-08-04 04:40:18.895896,2023-08-04 20:30:56.244539,950.6224773833333,0,0,1,4,0,0,,summer,0,0,0,0
569878027,27.4,26.47113,none,0.0,0.0,20.466246,36.36,49.804443,989.7242,,2023-08-04 04:40:47.214172,2023-08-04 20:30:21.511554,949.5716230333333,0,0,1,4,0,0,,summer,0,0,1,0
569465627,22.35,24.827223,none,0.0,0.0,9.339208,20.16,86.30375,989.5337,,2023-08-04 04:40:47.367337,2023-08-04 20:29:36.674192,948.8217809166667,0,0,1,4,0,0,,summer,0,0,0,0
569491027,25.5,26.598558,rain,0.4,0.0,17.581125,34.2,67.5325,991.8659,,2023-08-04 04:38:54.856277,2023-08-04 20:29:41.614737,950.7793076666666,0,0,1,4,0,0,,summer,0,0,1,0
569545827,22.15,22.87054,none,0.0,0.0,10.163227,16.56,69.685326,993.83215,,2023-08-04 04:38:41.290911,2023-08-04 20:29:41.644395,951.0058914,1,0,0,4,0,0,,summer,0,0,0,0
569549027,23.4,24.385544,none,0.0,0.0,8.905908,22.68,65.42679,993.54974,,2023-08-04 04:40:44.355544,2023-08-04 20:31:15.552747,950.5199533833334,0,0,1,4,0,0,,summer,0,0,0,0
569554227,18.55,19.819944,none,0.0,0.0,6.130579,11.159999,86.48029,995.33344,,2023-08-05 04:40:49.992343,2023-08-05 20:27:16.168793,946.4362741666666,0,1,0,5,1,0,,summer,0,0,0,1
569564627,17.15,17.7602,none,0.0,0.0,7.145796,11.879999,86.90193,995.8054,,2023-08-05 04:45:02.589383,2023-08-05 20:28:23.194883,943.3434249999999,0,0,1,5,1,0,,summer,0,0,0,0
569609827,25.55,27.13866,none,0.0,0.0,7.2359104,19.08,60.709118,1000.5318,,2023-08-05 04:40:48.786898,2023-08-05 20:27:53.552908,947.0794334999999,0,0,1,5,1,0,,summer,0,0,0,0
569614827,27.35,28.424866,none,0.0,0.0,5.634891,15.4800005,48.68927,998.63306,,2023-08-05 04:43:18.708197,2023-08-05 20:27:15.758428,943.9508371833333,0,0,1,5,1,0,,summer,0,0,0,0
569620427,21.4,22.516027,none,0.0,0.0,5.1165614,8.28,69.09684,996.5313,,2023-08-05 04:44:19.213062,2023-08-05 20:27:23.739686,943.0754437333333,0,1,0,5,1,0,,summer,0,0,0,1
569925827,26.2,26.835724,none,0.0,0.0,10.587918,24.48,49.96875,997.7489,,2023-08-05 04:43:18.067551,2023-08-05 20:28:44.180925,945.4352229,0,0,1,5,1,0,,summer,0,0,0,0
569615227,23.35,24.999773,none,0.0,0.0,7.2805495,10.440001,69.91442,997.40704,,2023-08-05 04:41:39.428549,2023-08-05 20:29:06.976948,947.4591399833333,0,0,1,5,1,0,,summer,0,0,0,0
569620027,19.8,20.530762,none,0.0,0.0,8.714677,10.08,77.98491,999.7595,,2023-08-05 04:41:44.718597,2023-08-05 20:28:26.525571,946.6967829,0,1,0,5,1,0,,summer,0,0,0,1
569795427,26.9,28.15181,none,0.0,0.0,10.44,21.96,49.83243,997.47186,,2023-08-05 04:42:15.410683,2023-08-05 20:27:12.259368,944.9474780833333,0,0,1,5,1,0,,summer,0,0,0,0
569983027,26.3,27.011898,none,0.0,0.0,10.514218,22.319998,50.317482,999.01935,,2023-08-05 04:42:06.768835,2023-08-05 20:27:38.656077,945.5314540333333,0,0,1,5,1,0,,summer,0,0,0,0
569589227,19.3,20.62162,none,0.0,0.0,6.763786,12.959999,84.38347,1000.8419,,2023-08-05 04:41:55.720507,2023-08-05 20:28:24.984033,946.4877254333334,0,0,1,5,1,0,,summer,0,0,0,0
569590027,17.4,18.360031,none,0.0,0.0,6.87779,11.5199995,90.04451,997.3276,,2023-08-05 04:41:38.331518,2023-08-05 20:28:09.498758,946.519454,0,1,0,5,1,0,,summer,0,0,0,1
569558627,17.1,18.11303,none,0.0,0.0,6.379216,10.08,91.47565,998.93335,,2023-08-05 04:41:47.136835,2023-08-05 20:28:13.294547,946.4359618666666,0,1,0,5,1,0,,summer,0,0,0,1
569682027,27.75,28.051899,none,0.0,0.0,10.739832,22.68,45.61924,1004.6823,,2023-08-05 04:41:44.294931,2023-08-05 20:27:14.717558,945.5070437833333,0,0,1,5,1,0,,summer,0,0,0,0
569842227,24.3,25.429245,none,0.0,0.0,4.6102495,10.440001,57.40743,998.00995,,2023-08-05 04:41:52.407173,2023-08-05 20:27:03.745394,945.18897035,1,0,0,5,1,0,,summer,0,0,0,0
569731027,19.9,20.702347,none,0.0,0.0,8.913181,10.08,78.75011,1000.34674,,2023-08-05 04:41:22.969428,2023-08-05 20:27:47.842915,946.4145581166666,0,1,0,5,1,0,,summer,0,0,0,1
569594227,26.75,27.634193,none,0.0,0.0,11.298495,25.919998,48.529938,992.8643,,2023-08-05 04:42:23.717677,2023-08-05 20:30:55.802305,948.5347438,0,0,1,5,1,0,,summer,0,0,0,0
569571227,24.2,25.694168,none,0.0,0.0,6.1305785,14.759999,63.35033,998.6233,,2023-08-05 04:42:45.848467,2023-08-05 20:28:37.164282,945.8552635833333,0,0,1,5,1,0,,summer,0,0,0,0
569622627,20.7,21.402353,none,0.0,0.0,7.289445,11.5199995,70.984795,998.40894,,2023-08-05 04:44:16.735968,2023-08-05 20:28:30.517350,944.2296897,0,1,0,5,1,0,,summer,0,0,0,1
569635627,26.4,28.490845,none,0.0,0.0,12.475961,23.759998,68.34336,1002.9306,,2023-08-06 04:43:40.538585,2023-08-06 20:25:30.431612,941.83155045,0,0,1,6,1,0,,summer,0,0,0,0
569654827,30.3,31.56081,none,0.0,0.0,14.003028,28.8,47.33824,997.9797,,2023-08-06 04:43:17.053226,2023-08-06 20:26:43.076111,943.4337147499999,0,0,1,6,1,0,,summer,0,0,0,0
569655227,29.8,30.305061,none,0.0,0.0,15.072783,30.599998,47.35476,995.3172,,2023-08-06 04:43:52.979665,2023-08-06 20:27:59.368271,944.1064767666667,0,0,1,6,1,0,,summer,0,0,1,0
570161027,24.35,26.683266,none,0.0,0.0,9.290511,19.44,75.0792,998.2103,,2023-08-06 04:43:34.637848,2023-08-06 20:27:08.939089,943.57168735,0,0,1,6,1,0,,summer,0,0,0,0
569681627,23.8,24.102789,none,0.0,0.0,12.738099,21.96,62.661034,996.7176,,2023-08-06 04:44:21.057316,2023-08-06 20:26:26.043060,942.0830957333333,0,1,0,6,1,0,,summer,0,0,0,1
569696627,27.3,28.487946,none,0.0,0.0,12.10157,22.319998,57.222267,997.4887,,2023-08-06 04:42:50.208368,2023-08-06 20:25:15.325986,942.4186269666666,0,0,1,6,1,0,,summer,0,0,0,0
569777427,29.6,31.554054,none,0.0,0.0,14.186923,28.8,51.173836,1000.05554,,2023-08-06 04:43:38.789258,2023-08-06 20:24:49.975905,941.1864441166667,0,0,1,6,1,0,,summer,0,0,0,0
569695027,29.6,30.231289,none,0.0,0.0,13.324863,27.359999,47.451397,999.70575,,2023-08-06 04:43:11.256571,2023-08-06 20:26:10.647441,942.9898478333333,0,0,1,6,1,0,,summer,0,0,0,0
569648627,30.0,31.585892,none,0.0,0.0,15.629971,28.8,50.48129,998.5778,,2023-08-06 04:43:28.235937,2023-08-06 20:26:24.686974,942.9408506166667,0,0,1,6,1,0,,summer,0,0,1,0
569654627,30.0,31.585892,none,0.0,0.0,15.629971,28.8,50.48129,999.8122,,2023-08-06 04:43:22.195781,2023-08-06 20:26:40.098132,943.2983725166666,0,0,1,6,1,0,,summer,0,0,1,0
569623227,19.3,19.994343,none,0.0,0.0,8.557102,11.159999,79.67726,999.44086,,2023-08-06 04:43:36.339733,2023-08-06 20:26:10.044983,942.5617541666667,0,1,0,6,1,0,,summer,0,0,0,1
569761227,29.45,30.403568,none,0.0,0.0,12.768586,25.919998,49.553623,996.553,,2023-08-06 04:43:04.224450,2023-08-06 20:26:49.659699,943.75725415,0,0,1,6,1,0,,summer,0,0,0,0
569678827,23.55,23.888191,none,0.0,0.0,12.496718,21.599998,63.61147,994.4017,,2023-08-06 04:44:16.780820,2023-08-06 20:25:29.606330,941.2137585,0,1,0,6,1,0,,summer,0,0,0,1
569669827,27.25,28.365711,none,0.0,0.0,13.37825,22.319998,58.297707,996.72437,,2023-08-06 04:43:36.378676,2023-08-06 20:26:55.442378,943.3177283666666,0,0,1,6,1,0,,summer,0,0,0,0
569795627,29.0,29.981182,none,0.0,0.0,13.661038,28.8,51.99072,994.8146,,2023-08-06 04:44:33.363197,2023-08-06 20:27:04.929685,942.5261081333333,0,0,1,6,1,0,,summer,0,0,0,0
570962827,29.55,31.475338,none,0.0,0.0,13.246826,27.72,51.48251,1000.88306,,2023-08-06 04:42:45.533895,2023-08-06 20:25:03.878167,942.3057378666667,0,0,1,6,1,0,,summer,0,0,0,0
569647427,29.75,31.444817,none,0.0,0.0,15.1884165,29.88,49.944504,995.4678,,2023-08-06 04:44:10.832954,2023-08-06 20:25:56.721189,941.7648039166667,0,0,1,6,1,0,,summer,0,0,1,0
569679227,24.45,24.91673,none,0.0,0.0,12.599998,20.880001,61.620872,995.8633,,2023-08-06 04:43:46.064525,2023-08-06 20:26:47.184704,943.01866965,0,1,0,6,1,0,,summer,0,0,0,1
569937827,25.5,26.483223,none,0.0,0.0,11.090103,19.8,60.50618,998.1434,,2023-08-06 04:42:47.808371,2023-08-06 20:25:11.456217,942.3941307666666,1,0,0,6,1,0,,summer,0,0,0,0
570202427,25.65,26.458447,none,0.0,0.0,12.287555,21.24,59.969765,1001.4726,,2023-08-06 04:43:33.724778,2023-08-06 20:25:48.383348,942.2443095,0,0,1,6,1,0,,summer,0,0,0,0
569814827,29.15,27.356724,none,0.0,0.0,24.735432,48.239998,39.808537,994.1619,,2023-08-07 04:45:51.102504,2023-08-07 20:24:29.346077,938.6373928833333,0,0,1,0,0,0,,summer,0,0,1,0
569945227,25.35,23.312664,none,0.0,0.0,24.36325,41.399998,51.378983,990.76227,,2023-08-07 04:45:56.960262,2023-08-07 20:23:38.024290,937.6844004666667,0,0,1,0,0,0,,summer,0,0,1,0
569699227,24.0,23.95488,none,0.0,0.0,18.59845,35.64,66.80789,993.4679,,2023-08-07 04:46:40.858346,2023-08-07 20:23:18.665677,936.6301221833334,0,0,1,0,0,0,,summer,0,0,1,0
569770227,26.25,24.879467,none,0.0,0.0,22.007162,38.88,51.447426,990.24036,,2023-08-07 04:45:31.130165,2023-08-07 20:24:37.838899,939.1118122333334,0,0,1,0,0,0,,summer,0,0,1,0
569779227,25.15,23.458956,none,0.0,0.0,21.862406,38.519997,51.82664,992.06256,,2023-08-07 04:45:08.909809,2023-08-07 20:24:31.156676,939.3707811166666,0,0,1,0,0,0,,summer,0,0,1,0
569786027,23.45,21.088285,none,0.0,0.0,24.48,42.48,54.48836,986.9617,,2023-08-07 04:46:04.727623,2023-08-07 20:23:53.849361,937.8186956333334,0,1,0,0,0,0,,summer,0,0,1,1
569775027,24.35,22.592165,none,0.0,0.0,21.194187,38.88,52.804115,990.1858,,2023-08-07 04:44:10.472196,2023-08-07 20:23:12.139172,939.0277829333334,1,0,0,0,0,0,,summer,0,0,1,0
569769827,28.6,26.242462,none,0.0,0.0,25.282152,44.639996,41.097424,990.0704,,2023-08-07 04:46:04.785998,2023-08-07 20:23:33.578375,937.47987295,0,0,1,0,0,0,,summer,0,0,1,0
569908227,25.1,23.433445,none,0.0,0.0,22.206486,37.079998,52.656193,989.26306,,2023-08-07 04:45:31.047506,2023-08-07 20:25:00.175151,939.48546075,0,0,1,0,0,0,,summer,0,0,1,0
570908827,25.7,25.492249,none,0.0,0.0,20.60823,38.88,61.514065,997.3265,,2023-08-07 04:45:01.995806,2023-08-07 20:24:18.281555,939.27142915,0,0,1,0,0,0,,summer,0,0,1,0
579019827,21.35,21.725697,none,0.0,0.0,14.689589,28.44,76.744095,993.82074,,2023-08-07 04:46:11.231866,2023-08-07 20:24:08.812700,937.9596805666666,0,0,1,0,0,0,,summer,0,0,0,0
569760827,29.1,26.872307,none,0.0,0.0,25.20257,41.399998,40.313423,995.4745,,2023-08-07 04:45:12.793804,2023-08-07 20:23:24.253468,938.1909944,0,0,1,0,0,0,,summer,0,0,1,0
569761627,28.2,26.17689,none,0.0,0.0,24.248613,48.239998,43.446472,983.19214,,2023-08-07 04:49:47.787242,2023-08-07 20:23:56.575975,934.1464788833333,0,0,1,0,0,0,,summer,0,0,1,0
569748427,26.85,26.23431,none,0.0,0.0,24.86868,44.28,55.689724,993.1187,,2023-08-07 04:45:48.661057,2023-08-07 20:23:25.930996,937.62116565,0,0,1,0,0,0,,summer,0,0,1,0
570121427,25.2,23.546124,none,0.0,0.0,21.862406,38.16,52.00709,992.51855,,2023-08-07 04:44:57.624676,2023-08-07 20:23:06.147154,938.1420413,0,0,1,0,0,0,,summer,0,0,1,0
569763227,27.4,25.97577,none,0.0,0.0,22.101183,42.839996,47.77515,993.95154,,2023-08-07 04:44:58.245966,2023-08-07 20:23:49.797198,938.8591872,0,0,1,0,0,0,,summer,0,0,1,0
569785027,23.5,21.85014,none,0.0,0.0,21.461555,41.399998,57.028465,986.31134,,2023-08-07 04:48:50.424076,2023-08-07 20:24:00.599585,935.1695918166666,0,1,0,0,0,0,,summer,0,0,1,1
569798827,26.45,24.8544,none,0.0,0.0,22.884789,37.8,50.034473,991.49133,,2023-08-07 04:45:17.155155,2023-08-07 20:23:50.166106,938.5501825166666,0,0,1,0,0,0,,summer,0,0,1,0
569805027,27.55,26.125122,none,0.0,0.0,21.9718,38.88,47.2058,992.2868,,2023-08-07 04:45:02.269639,2023-08-07 20:22:38.906040,937.6106066833333,0,0,1,0,0,0,,summer,0,0,1,0
569741627,29.25,28.046936,none,0.0,0.0,21.461555,45.719997,40.35494,994.9243,,2023-08-07 04:44:51.792172,2023-08-07 20:23:36.081746,938.7381595666667,0,0,1,0,0,0,,summer,0,0,1,0
569768827,26.4,24.903362,none,0.0,0.0,22.206486,38.519997,50.18229,989.70184,,2023-08-07 04:45:41.747142,2023-08-07 20:22:54.584904,937.2139627,0,0,1,0,0,0,,summer,0,0,1,0
569731227,26.9,26.110254,none,0.0,0.0,24.490585,45.719997,53.795105,994.8822,,2023-08-07 04:44:39.840691,2023-08-07 20:24:21.388392,939.6924616833334,0,0,1,0,0,0,,summer,0,0,1,0
569782027,29.15,27.356724,none,0.0,0.0,24.735432,48.239998,39.808537,996.6289,,2023-08-07 04:45:53.012275,2023-08-07 20:24:10.262707,938.2875072,0,0,1,0,0,0,,summer,0,0,1,0
571891827,29.1,27.750145,none,0.0,0.0,22.66857,44.639996,40.838123,993.26355,,2023-08-07 04:45:46.405412,2023-08-07 20:22:48.917829,937.0418736166666,0,0,1,0,0,0,,summer,0,0,1,0
569811827,20.75,21.151848,rain,5.6,0.0,13.783817,29.16,78.37368,989.21313,,2023-08-08 04:48:23.777670,2023-08-08 20:22:21.669538,933.9648644666667,0,0,1,1,0,0,,summer,0,0,1,0
569830227,21.35,21.470171,rain,1.4,0.0,14.003028,28.08,72.71127,990.08453,,2023-08-08 04:47:49.657413,2023-08-08 20:22:23.250299,934.5598814333333,0,0,1,1,0,0,,summer,0,0,0,0
569846227,25.75,27.463398,rain,0.1,0.0,6.379216,18.72,59.99294,991.5523,,2023-08-08 04:48:01.881274,2023-08-08 20:22:48.334329,934.7742175833333,0,0,1,1,0,0,,summer,0,0,0,0
569847027,23.25,23.333197,none,0.0,0.0,13.276144,25.919998,63.343063,990.81805,,2023-08-08 04:47:39.527706,2023-08-08 20:22:15.506602,934.5996482666667,0,0,1,1,0,0,,summer,0,0,0,0
569847227,24.45,24.790598,none,0.0,0.0,11.91812,25.199999,59.5001,990.631,,2023-08-08 04:47:17.080043,2023-08-08 20:22:25.065122,935.13308465,0,0,1,1,0,0,,summer,0,0,0,0
569902227,19.95,20.955225,none,0.0,0.0,10.086427,21.599998,83.12891,992.28503,,2023-08-08 04:46:31.447375,2023-08-08 20:21:03.824916,934.5396256833334,0,1,0,1,0,0,,summer,0,0,0,1
569909027,24.5,26.424992,rain,0.5,0.0,9.605998,23.039999,71.01363,989.84863,,2023-08-08 04:48:41.448737,2023-08-08 20:20:52.735252,932.1881085833334,0,0,1,1,0,0,,summer,0,0,0,0
569909227,23.55,25.214264,none,0.0,0.0,4.6800003,16.199999,65.45844,991.5643,,2023-08-08 04:50:19.466838,2023-08-08 20:21:00.339105,930.68120445,0,0,1,1,0,0,,summer,0,0,0,0
569909427,21.35,22.066505,none,0.0,0.0,8.39657,12.959999,70.202156,990.5095,,2023-08-08 04:48:53.911192,2023-08-08 20:21:39.740010,932.7638136333334,0,1,0,1,0,0,,summer,0,0,0,1
569909627,20.6,19.399143,none,0.0,0.0,12.9249525,24.48,58.583336,987.15155,,2023-08-08 04:52:08.944361,2023-08-08 20:22:03.960483,929.9169353666667,0,1,0,1,0,0,,summer,0,0,0,1
569880827,24.75,26.22828,none,0.0,0.0,5.8048253,14.4,60.717796,990.5966,,2023-08-08 04:47:05.466523,2023-08-08 20:21:59.917186,934.90751105,0,0,1,1,0,0,,summer,0,0,0,0
569896027,24.8,25.85301,rain,0.1,0.0,8.435069,17.64,60.153324,990.26025,,2023-08-08 04:47:35.323294,2023-08-08 20:22:29.123325,934.8966671833333,0,0,1,1,0,0,,summer,0,0,0,0
569900027,20.75,19.475595,none,0.0,0.0,16.79314,28.44,63.816597,992.6087,,2023-08-08 04:47:43.593901,2023-08-08 20:21:49.074235,934.0913389,0,0,1,1,0,0,,summer,0,0,1,0
569904827,21.35,21.470171,rain,1.4,0.0,14.003028,28.08,72.71127,985.6323,,2023-08-08 04:47:53.734487,2023-08-08 20:21:50.247046,933.9418759833334,0,0,1,1,0,0,,summer,0,0,0,0
569920627,25.45,26.851212,none,0.0,0.0,7.928177,19.44,60.303707,991.49084,,2023-08-08 04:46:52.707105,2023-08-08 20:22:05.085145,935.2063006666667,0,0,1,1,0,0,,summer,0,0,0,0
569829827,24.6,24.877356,none,0.0,0.0,12.074766,26.64,58.59324,990.9798,,2023-08-08 04:47:03.683651,2023-08-08 20:21:47.605319,934.7320278000001,0,0,1,1,0,0,,summer,0,0,0,0
569908827,25.7,27.45125,rain,0.2,0.0,6.12,17.28,60.171085,987.42346,,2023-08-08 04:48:22.240949,2023-08-08 20:21:54.029825,933.5298146,0,0,1,1,0,0,,summer,0,0,0,0
569840627,24.4,24.775501,none,0.0,0.0,12.096214,27.0,60.252174,992.7842,,2023-08-08 04:46:22.285754,2023-08-08 20:20:22.014309,933.9954759166667,0,0,1,1,0,0,,summer,0,0,0,0
569868427,25.65,27.18658,none,0.0,0.0,4.829907,20.519999,56.823147,991.81213,,2023-08-08 04:46:50.443760,2023-08-08 20:20:52.802908,934.0393191333334,0,0,1,1,0,0,,summer,0,0,0,0
569804227,20.75,19.475595,none,0.0,0.0,16.79314,28.44,63.816597,990.7699,,2023-08-08 04:47:28.586403,2023-08-08 20:21:50.963946,934.3729590500001,0,0,1,1,0,0,,summer,0,0,1,0
569971627,20.2,21.164965,none,0.0,0.0,10.948973,19.08,82.89571,992.00653,,2023-08-08 04:46:28.028726,2023-08-08 20:21:53.945487,935.4319460166666,0,1,0,1,0,0,,summer,0,0,0,1
569847427,24.45,25.182076,none,0.0,0.0,10.495713,24.48,61.23041,988.4353,,2023-08-08 04:47:24.096053,2023-08-08 20:22:45.792606,935.3616092166667,0,0,1,1,0,0,,summer,0,0,0,0
569912427,25.15,26.412746,rain,0.1,0.0,6.5693827,14.4,58.35147,991.881,,2023-08-08 04:47:15.105909,2023-08-08 20:22:30.496611,935.2565116999999,0,0,1,1,0,0,,summer,0,0,0,0
569834027,24.25,24.87063,none,0.0,0.0,11.119281,26.28,61.77176,991.5794,,2023-08-08 04:46:25.664202,2023-08-08 20:21:53.665554,935.4666892,0,0,1,1,0,0,,summer,0,0,0,0
569825427,24.5,24.793638,none,0.0,0.0,12.10157,27.0,59.133293,990.52045,,2023-08-08 04:46:45.517074,2023-08-08 20:21:05.210337,934.32822105,0,0,1,1,0,0,,summer,0,0,0,0
569885227,24.75,26.020187,none,0.0,0.0,7.9526596,16.56,61.688717,993.9992,,2023-08-08 04:47:28.049353,2023-08-08 20:21:38.964418,934.18191775,0,0,1,1,0,0,,summer,0,0,0,0
569949827,23.85,24.927044,none,0.0,0.0,9.72,15.84,65.72941,994.80237,,2023-08-08 04:47:44.197228,2023-08-08 20:21:49.481462,934.0880705666666,0,0,1,1,0,0,,summer,0,0,0,0
570035027,25.45,26.878397,rain,0.1,0.0,4.452954,19.8,56.055,989.3159,,2023-08-08 04:47:18.038527,2023-08-08 20:22:51.607425,935.5594816333333,0,0,1,1,0,0,,summer,0,0,0,0
569924227,20.5,21.443249,none,0.0,0.0,10.948973,17.64,81.11732,990.6642,,2023-08-08 04:47:54.358220,2023-08-08 20:20:50.080052,932.9286972000001,0,1,0,1,0,0,,summer,0,0,0,1
570014827,23.5,21.939194,none,0.0,0.0,14.830076,28.44,48.289642,988.0288,,2023-08-09 04:50:25.121534,2023-08-09 20:19:30.821263,929.0949954833334,0,0,1,2,0,0,,summer,0,0,0,0
570016227,22.3,20.47481,none,0.0,0.0,19.137648,32.760002,55.815784,994.7727,,2023-08-09 04:50:11.126355,2023-08-09 20:19:49.358194,929.6371973166666,0,0,1,2,0,0,,summer,0,0,1,0
570027427,18.75,18.113754,none,0.0,0.0,12.303366,22.319998,72.01111,997.541,,2023-08-09 04:49:06.973973,2023-08-09 20:19:38.765425,930.5298575333333,0,1,0,2,0,0,,summer,0,0,0,1
570096227,21.25,21.73153,none,0.0,0.0,11.525623,23.759998,73.158394,988.19855,,2023-08-09 04:49:56.566915,2023-08-09 20:19:30.331936,929.56275035,0,0,1,2,0,0,,summer,0,0,0,0
569956827,22.75,23.59715,rain,0.1,0.0,10.144082,23.4,68.484184,991.89484,,2023-08-09 04:50:06.971029,2023-08-09 20:20:20.518986,930.2257992833333,0,0,1,2,0,0,,summer,0,0,0,0
570004627,22.6,23.808157,rain,0.1,0.0,9.565437,20.880001,72.01591,993.5986,,2023-08-09 04:49:38.250259,2023-08-09 20:20:13.860238,930.59349965,0,0,1,2,0,0,,summer,0,0,0,0
570038027,18.55,17.75579,none,0.0,0.0,11.043261,22.319998,68.308876,992.9464,,2023-08-09 04:50:27.313496,2023-08-09 20:19:46.270327,929.3159471833334,0,1,0,2,0,0,,summer,0,0,0,1
570097627,22.35,23.287653,none,0.0,0.0,9.957108,22.68,70.83945,993.59937,,2023-08-09 04:50:12.797138,2023-08-09 20:20:14.161955,930.02274695,0,0,1,2,0,0,,summer,0,0,0,0
570202227,21.15,19.848776,none,0.0,0.0,16.854767,30.239998,62.06462,998.06836,,2023-08-09 04:48:32.370080,2023-08-09 20:18:24.523501,929.8692236833334,0,0,1,2,0,0,,summer,0,0,1,0
571626627,24.35,24.545893,rain,0.1,0.0,9.957108,24.84,55.78327,992.67267,,2023-08-09 04:50:01.201136,2023-08-09 20:19:00.716157,928.9919170166667,0,0,1,2,0,0,,summer,0,0,0,0
570092227,22.6,23.687315,rain,0.2,0.0,10.24578,21.96,71.788666,996.46277,,2023-08-09 04:49:26.838458,2023-08-09 20:19:43.059624,930.2703527666667,0,0,1,2,0,0,,summer,0,0,0,0
569911427,17.1,16.870062,none,0.0,0.0,11.119281,17.28,83.326904,990.98016,,2023-08-09 04:50:03.830342,2023-08-09 20:19:51.555207,929.7954144166666,0,0,1,2,0,0,,summer,0,0,0,0
569919227,18.35,18.456684,none,0.0,0.0,10.464797,19.44,80.31699,992.3773,,2023-08-09 04:49:24.999629,2023-08-09 20:18:29.531448,929.0755303166667,0,0,1,2,0,0,,summer,0,0,0,0
569958627,22.9,23.592106,rain,0.1,0.0,10.636766,23.759998,67.007164,997.28143,,2023-08-09 04:49:38.381036,2023-08-09 20:19:52.840260,930.2409870666667,0,0,1,2,0,0,,summer,0,0,0,0
570029627,17.9,17.352657,none,0.0,0.0,10.041354,18.359999,72.564156,999.0091,,2023-08-09 04:49:27.593241,2023-08-09 20:18:41.461525,929.2311380666666,0,1,0,2,0,0,,summer,0,0,0,1
570011627,24.65,24.793446,none,0.0,0.0,10.315115,22.319998,54.79071,998.613,,2023-08-09 04:49:25.707543,2023-08-09 20:19:35.462634,930.16258485,0,0,1,2,0,0,,summer,0,0,0,0
569995827,23.6,25.633621,none,0.0,0.0,6.9527545,20.16,72.194916,994.36017,,2023-08-09 04:48:53.792245,2023-08-09 20:19:11.178574,930.28977215,0,0,1,2,0,0,,summer,0,0,0,0
570007427,24.55,24.163109,none,0.0,0.0,11.792404,21.96,52.17565,995.8228,,2023-08-09 04:49:29.948403,2023-08-09 20:19:07.629871,929.6280244666667,0,0,1,2,0,0,,summer,0,0,0,0
570024027,18.7,17.956589,none,0.0,0.0,11.966953,22.68,70.14946,992.86096,,2023-08-09 04:50:00.567810,2023-08-09 20:19:30.428132,929.4976720333333,0,1,0,2,0,0,,summer,0,0,0,1
570039427,14.2,13.363781,none,0.0,0.0,11.113451,20.880001,89.51363,1001.2238,,2023-08-10 04:52:17.051975,2023-08-10 20:17:59.579390,925.70879025,0,0,1,3,0,0,,summer,0,0,0,0
570069427,22.35,22.570171,none,0.0,0.0,10.041354,23.4,58.621723,1004.9043,,2023-08-10 04:50:43.248201,2023-08-10 20:17:26.664520,926.7236053166667,0,0,1,3,0,0,,summer,0,0,0,0
570102027,24.45,24.510551,none,0.0,0.0,5.7599998,20.880001,46.367287,1006.3529,,2023-08-10 04:50:38.413141,2023-08-10 20:17:14.138531,926.5954231666667,0,0,1,3,0,0,,summer,0,0,0,0
570129427,24.05,23.386868,none,0.0,0.0,6.439876,12.24,43.582783,1003.7331,,2023-08-10 04:51:38.778786,2023-08-10 20:16:38.027017,924.9874705166666,0,0,1,3,0,0,,summer,0,0,0,0
570132827,22.6,23.258728,none,0.0,0.0,3.8939953,11.159999,57.55083,1001.2009,,2023-08-10 04:52:47.697276,2023-08-10 20:18:00.939209,925.2206988833333,0,0,1,3,0,0,,summer,0,0,0,0
570148827,18.65,18.535297,none,0.0,0.0,7.42159,11.5199995,69.91123,1002.37286,,2023-08-10 04:51:46.062365,2023-08-10 20:16:32.783091,924.7786787666666,0,1,0,3,0,0,,summer,0,0,0,1
570063427,19.75,19.614614,none,0.0,0.0,10.587918,23.039999,70.80693,1002.39557,,2023-08-10 04:51:20.783364,2023-08-10 20:17:50.369808,926.4931074,0,0,1,3,0,0,,summer,0,0,0,0
570143427,24.0,23.529932,none,0.0,0.0,6.162207,13.32,45.18716,1004.19006,,2023-08-10 04:51:03.878601,2023-08-10 20:17:18.170073,926.2381912,0,0,1,3,0,0,,summer,0,0,0,0
570133627,24.1,24.139643,none,0.0,0.0,9.504273,20.880001,50.226578,1006.6657,,2023-08-10 04:50:57.601416,2023-08-10 20:16:59.231230,926.0271635666667,0,0,1,3,0,0,,summer,0,0,0,0
570139427,24.0,23.529932,none,0.0,0.0,6.162207,13.32,45.18716,1003.95996,,2023-08-10 04:51:04.726472,2023-08-10 20:17:18.638247,926.2318629166667,0,0,1,3,0,0,,summer,0,0,0,0
570140027,19.6,19.486282,none,0.0,0.0,9.693296,23.4,70.09412,1001.0681,,2023-08-10 04:52:29.919843,2023-08-10 20:16:47.122410,924.28670945,0,0,1,3,0,0,,summer,0,0,0,0
570048627,16.4,15.979774,none,0.0,0.0,10.587918,19.8,82.97395,999.7644,,2023-08-10 04:50:49.332423,2023-08-10 20:18:11.599870,927.3711241166667,0,0,1,3,0,0,,summer,0,0,0,0
570071027,18.0,17.494585,none,0.0,0.0,12.261157,24.48,77.21271,1006.17645,,2023-08-10 04:50:59.510864,2023-08-10 20:16:28.902892,925.4898671333334,0,0,1,3,0,0,,summer,0,0,0,0
570125827,23.9,23.705896,none,0.0,0.0,6.12,12.24,48.08049,1006.73645,,2023-08-10 04:51:08.785603,2023-08-10 20:16:12.049937,925.0544055666667,0,0,1,3,0,0,,summer,0,0,0,0
570147027,24.4,24.326307,none,0.0,0.0,5.04,20.880001,45.297253,1006.3503,,2023-08-10 04:51:08.341335,2023-08-10 20:17:02.762149,925.9070135666666,0,0,1,3,0,0,,summer,0,0,0,0
570229627,23.9,23.705896,none,0.0,0.0,6.12,12.24,48.08049,1008.4698,,2023-08-10 04:51:11.880828,2023-08-10 20:16:33.614362,925.3622255666667,0,0,1,3,0,0,,summer,0,0,0,0
575497427,17.6,17.110886,none,0.0,0.0,11.177405,19.44,77.15092,1003.25415,,2023-08-10 04:50:05.833075,2023-08-10 20:15:52.780989,925.7824652333333,0,1,0,3,0,0,,summer,0,0,0,1
570082227,23.55,23.993603,rain,0.1,0.0,8.0899935,21.24,53.287502,1005.3834,,2023-08-10 04:50:43.758593,2023-08-10 20:17:14.797923,926.5173221666666,0,0,1,3,0,0,,summer,0,0,0,0
570140427,24.15,23.954191,none,0.0,0.0,6.130579,14.759999,47.36397,1004.94,,2023-08-10 04:50:35.628096,2023-08-10 20:16:26.334036,925.845099,0,0,1,3,0,0,,summer,0,0,0,0
570122627,23.4,23.93721,none,0.0,0.0,8.0899935,21.599998,55.187813,1006.06793,,2023-08-10 04:50:03.192868,2023-08-10 20:15:55.879545,925.8781112833333,0,0,1,3,0,0,,summer,0,0,0,0
570152627,20.1,19.750082,none,0.0,0.0,8.913181,10.08,63.67301,1002.29706,,2023-08-10 04:51:48.835878,2023-08-10 20:17:37.023563,925.8031280833333,0,0,1,3,0,0,,summer,0,0,0,0
570227427,19.7,19.473785,none,0.0,0.0,10.587918,23.759998,69.8865,1004.70734,,2023-08-10 04:51:38.894590,2023-08-10 20:17:43.940522,926.0840988666666,0,0,1,3,0,0,,summer,0,0,0,0
570198227,23.9,23.87898,none,0.0,0.0,4.379589,11.5199995,47.296146,1005.56586,,2023-08-10 04:50:49.276930,2023-08-10 20:17:33.899691,926.7437126833333,0,0,1,3,0,0,,summer,0,0,0,0
570101227,24.65,24.851734,none,0.0,0.0,5.4119864,20.880001,46.117958,1006.72614,,2023-08-10 04:50:11.544626,2023-08-10 20:16:01.276744,925.8288686333333,0,0,1,3,0,0,,summer,0,0,0,0
570132427,20.1,20.202196,none,0.0,0.0,8.707237,10.08,68.84139,1003.69385,,2023-08-10 04:51:29.243025,2023-08-10 20:18:03.882660,926.5773272499999,0,0,1,3,0,0,,summer,0,0,0,0
570183027,18.5,18.11872,none,0.0,0.0,8.669949,12.959999,69.42653,1007.6223,,2023-08-10 04:51:31.055627,2023-08-10 20:17:43.198846,926.2023869833333,0,1,0,3,0,0,,summer,0,0,0,1
570120627,24.25,23.976295,none,0.0,0.0,5.2416787,15.84,45.10678,1002.74567,,2023-08-10 04:52:26.079140,2023-08-10 20:16:31.097733,924.0836432166667,0,0,1,3,0,0,,summer,0,0,0,0
570116027,24.65,24.246567,none,0.0,0.0,4.5536795,15.119999,41.904476,1005.3625,,2023-08-10 04:51:46.859039,2023-08-10 20:17:50.325621,926.0577763666666,0,0,1,3,0,0,,summer,0,0,0,0
570142227,22.65,23.099537,none,0.0,0.0,4.8433046,10.08,56.63556,1000.62915,,2023-08-10 04:52:16.546128,2023-08-10 20:16:49.858264,924.5552022666667,0,0,1,3,0,0,,summer,0,0,0,0
570087027,23.1,23.076931,none,0.0,0.0,9.0,23.039999,53.171864,1004.5665,,2023-08-10 04:51:27.120325,2023-08-10 20:17:17.198531,925.8346367666667,0,0,1,3,0,0,,summer,0,0,0,0
570162827,15.35,14.884632,none,0.0,0.0,11.019764,19.08,89.02119,1002.1172,,2023-08-11 04:54:06.625405,2023-08-11 20:15:51.538152,921.7485457833334,0,1,0,4,0,0,,summer,0,0,0,1
570174427,16.0,15.826372,none,0.0,0.0,11.620809,18.0,91.40613,1007.98334,,2023-08-11 04:53:06.993629,2023-08-11 20:14:54.169899,921.7862711666668,0,0,1,4,0,0,,summer,0,0,0,0
570190027,22.5,22.479465,rain,0.1,0.0,19.803272,35.28,75.24829,1004.80316,,2023-08-11 04:52:56.548820,2023-08-11 20:14:49.163518,921.8769116333333,0,0,1,4,0,0,,summer,0,0,1,0
570235227,25.85,25.977522,none,0.0,0.0,19.694992,39.6,62.71921,1001.19666,,2023-08-11 04:53:02.042372,2023-08-11 20:15:08.053771,922.1001899833334,0,0,1,4,0,0,,summer,0,0,1,0
570182427,20.95,21.114727,rain,0.2,0.0,17.026896,32.760002,80.157455,1003.89276,,2023-08-11 04:52:33.037937,2023-08-11 20:14:39.011809,922.0995645333334,0,0,1,4,0,0,,summer,0,0,1,0
570183627,16.6,16.40271,none,0.0,0.0,7.9932966,11.879999,79.55652,998.52765,,2023-08-11 04:53:53.905803,2023-08-11 20:15:12.367517,921.3076952333333,0,1,0,4,0,0,,summer,0,0,0,1
570206027,22.5,22.479465,rain,0.1,0.0,19.803272,35.28,75.24829,1005.6137,,2023-08-11 04:53:11.240485,2023-08-11 20:14:39.048921,921.4634739333334,0,0,1,4,0,0,,summer,0,0,1,0
570185827,20.65,20.452934,rain,0.3,0.0,19.06301,34.92,80.88074,1002.2837,,2023-08-11 04:53:45.619248,2023-08-11 20:14:37.426288,920.8634506666666,0,0,1,4,0,0,,summer,0,0,1,0
570235627,23.65,23.8468,none,0.0,0.0,18.0,36.36,69.75147,1003.0408,,2023-08-11 04:52:27.705351,2023-08-11 20:15:18.241895,922.8422757333334,0,0,1,4,0,0,,summer,0,0,1,0
570239627,24.3,24.714584,none,0.0,0.0,14.113652,25.919998,63.775173,1002.9019,,2023-08-11 04:52:36.317534,2023-08-11 20:15:22.996189,922.7779775833334,0,0,1,4,0,0,,summer,0,0,0,0
570239227,24.25,24.89749,none,0.0,0.0,13.104198,24.48,64.78154,1003.1453,,2023-08-11 04:53:07.328570,2023-08-11 20:14:49.674601,921.7057671833334,0,0,1,4,0,0,,summer,0,0,0,0
570262227,24.35,24.643097,none,0.0,0.0,15.978484,25.919998,65.00793,995.73535,,2023-08-11 04:53:51.781374,2023-08-11 20:15:14.315790,921.3755736,0,0,1,4,0,0,,summer,0,0,1,0
570156627,16.8,16.256279,none,0.0,0.0,9.673221,15.4800005,77.02663,1005.2261,,2023-08-11 04:52:46.561235,2023-08-11 20:15:20.867364,922.5717688166666,0,1,0,4,0,0,,summer,0,0,0,1
570166627,16.65,16.776453,none,0.0,0.0,7.2,11.159999,82.46627,1002.8187,,2023-08-11 04:53:33.801481,2023-08-11 20:16:23.545012,922.82905885,0,1,0,4,0,0,,summer,0,0,0,1
570225627,26.1,25.557524,rain,0.2,0.0,19.083395,34.2,55.328487,1001.21576,,2023-08-11 04:53:13.507062,2023-08-11 20:14:05.557947,920.8675147499999,0,0,1,4,0,0,,summer,0,0,1,0
570240027,22.2,23.042826,none,0.0,0.0,11.043261,26.28,72.172226,999.5188,,2023-08-11 04:54:02.636949,2023-08-11 20:14:36.206851,920.5594983666667,0,0,1,4,0,0,,summer,0,0,0,0
570210627,25.4,25.854221,none,0.0,0.0,18.720001,36.719997,66.05193,1000.4839,,2023-08-11 04:53:50.267975,2023-08-11 20:15:39.871983,921.8267334666667,0,0,1,4,0,0,,summer,0,0,1,0
570542427,25.2,25.17509,rain,0.2,0.0,17.414474,41.039997,60.821033,998.8424,,2023-08-11 04:54:16.682821,2023-08-11 20:14:41.916824,920.4205667166666,0,0,1,4,0,0,,summer,0,0,1,0
570332627,24.95,24.570633,rain,0.1,0.0,18.39878,41.399998,59.806995,996.873,,2023-08-11 04:54:16.004659,2023-08-11 20:15:19.408026,921.0567227833333,0,0,1,4,0,0,,summer,0,0,1,0
570237227,24.1,24.72323,none,0.0,0.0,15.379206,27.0,68.31812,1001.66077,,2023-08-11 04:53:39.400179,2023-08-11 20:15:55.228039,922.2637976666666,0,0,1,4,0,0,,summer,0,0,1,0
570215427,25.7,26.089182,none,0.0,0.0,18.214718,39.96,63.677643,1002.99805,,2023-08-11 04:52:41.097438,2023-08-11 20:15:34.248620,922.8858530333333,0,0,1,4,0,0,,summer,0,0,1,0
570215827,25.95,25.572666,rain,0.4,0.0,19.826164,35.64,58.172348,994.8498,,2023-08-11 04:53:57.972478,2023-08-11 20:15:08.731184,921.1793117666667,0,0,1,4,0,0,,summer,0,0,1,0
570300627,25.55,25.672804,none,0.0,0.0,17.287498,37.8,60.709118,1002.36975,,2023-08-11 04:53:18.934961,2023-08-11 20:14:28.516912,921.1596991833334,0,0,1,4,0,0,,summer,0,0,1,0
570269027,21.35,22.733,none,0.0,0.0,9.726665,19.44,79.95931,1000.676,,2023-08-11 04:53:34.716823,2023-08-11 20:15:47.611349,922.2149087666666,0,1,0,4,0,0,,summer,0,0,0,1
570152827,17.35,17.247866,none,0.0,0.0,6.9899354,13.679999,75.12436,999.48816,,2023-08-11 04:54:12.774084,2023-08-11 20:15:20.878734,921.1350775,0,1,0,4,0,0,,summer,0,0,0,1
570155027,16.55,16.135942,none,0.0,0.0,8.669949,12.599999,78.00348,1004.38385,,2023-08-11 04:53:06.102726,2023-08-11 20:15:17.537840,922.1905852333333,0,1,0,4,0,0,,summer,0,0,0,1
570250227,21.65,23.848713,none,0.0,0.0,5.0528407,16.919998,80.000114,1002.4409,,2023-08-11 04:52:53.673053,2023-08-11 20:14:20.508792,921.4472623166668,0,1,0,4,0,0,,summer,0,0,0,1
571333627,21.9,23.363224,none,0.0,0.0,7.968939,15.119999,75.388306,1001.8072,,2023-08-11 04:52:31.254033,2023-08-11 20:14:43.406485,922.2025408666667,0,1,0,4,0,0,,summer,0,0,0,1
571382027,25.8,25.956648,none,0.0,0.0,16.904673,39.96,59.626797,1003.29865,,2023-08-11 04:52:13.806456,2023-08-11 20:14:25.187677,922.1896870166668,0,0,1,4,0,0,,summer,0,0,1,0
572885227,26.15,26.090694,rain,0.2,0.0,18.532135,31.68,58.58896,1005.6553,,2023-08-11 04:53:00.047435,2023-08-11 20:14:16.943509,921.2816012333333,0,0,1,4,0,0,,summer,0,0,1,0
570246827,21.2,23.236267,rain,0.3,0.0,5.8603754,17.28,81.72026,998.82764,,2023-08-11 04:53:16.812780,2023-08-11 20:14:13.762365,920.94915975,0,1,0,4,0,0,,summer,0,0,0,1
570243627,20.9,21.894604,rain,0.3,0.0,10.009036,24.84,78.14759,1003.7031,,2023-08-11 04:54:31.153297,2023-08-11 20:16:41.126293,922.1662166,0,1,0,4,0,0,,summer,0,0,0,1
570221227,25.55,25.827415,rain,0.1,0.0,16.676977,37.44,61.286606,1002.84503,,2023-08-11 04:52:35.153603,2023-08-11 20:15:46.809793,923.1942698333334,0,0,1,4,0,0,,summer,0,0,1,0
570360227,20.25,20.34734,rain,1.6,0.0,16.75064,32.399998,82.37895,996.68024,,2023-08-12 04:54:17.816036,2023-08-12 20:13:12.724805,918.91514615,0,1,0,5,1,0,,summer,0,0,1,1
570360427,21.9,21.05237,none,0.0,0.0,22.057161,39.96,72.57776,993.0435,,2023-08-12 04:56:13.545491,2023-08-12 20:12:30.041996,916.27494175,0,0,1,5,1,0,,summer,0,0,1,0
570344027,23.8,22.230394,none,0.0,0.0,26.282463,31.68,63.666145,1000.7918,,2023-08-12 04:54:04.871901,2023-08-12 20:11:21.979579,917.2851279666667,0,0,1,5,1,0,,summer,0,0,1,0
570323227,22.25,21.887846,rain,0.4,0.0,17.727943,30.960001,69.48307,996.79456,,2023-08-12 04:55:20.489652,2023-08-12 20:14:03.841332,918.722528,0,0,1,5,1,0,,summer,0,0,1,0
570363027,20.65,20.529167,rain,0.1,0.0,18.837324,31.319998,81.393524,996.25995,,2023-08-12 04:54:50.542708,2023-08-12 20:12:47.710948,917.952804,0,1,0,5,1,0,,summer,0,0,1,1
570361827,19.1,19.941544,rain,0.8,0.0,13.755579,29.519999,92.46929,989.22034,,2023-08-12 04:58:10.809548,2023-08-12 20:12:09.610578,913.9800171666667,0,1,0,5,1,0,,summer,0,0,0,1
570261627,21.2,21.668077,none,0.0,0.0,13.910169,21.599998,77.20836,999.8178,,2023-08-12 04:54:59.082368,2023-08-12 20:12:53.429878,917.9057918333333,0,1,0,5,1,0,,summer,0,0,0,1
570308627,23.2,22.675482,none,0.0,0.0,17.581125,29.88,63.737953,996.5809,,2023-08-12 04:55:52.654311,2023-08-12 20:13:15.894596,917.3873380833334,0,0,1,5,1,0,,summer,0,0,1,0
570354627,22.1,21.434948,none,0.0,0.0,21.09305,36.36,72.1543,995.31635,,2023-08-12 04:55:33.402070,2023-08-12 20:12:01.323715,916.4653607500001,0,0,1,5,1,0,,summer,0,0,1,0
570333627,22.6,21.105173,none,0.0,0.0,25.071098,45.719997,67.37387,994.80743,,2023-08-12 04:54:45.084597,2023-08-12 20:13:50.949803,919.0977534333334,0,0,1,5,1,0,,summer,0,0,1,0
572176427,21.65,20.88011,none,0.0,0.0,16.203999,26.64,65.05471,1000.8086,,2023-08-12 04:55:08.670174,2023-08-12 20:12:56.522520,917.7975391,0,0,1,5,1,0,,summer,0,0,1,0
570362427,19.8,20.90944,rain,0.5,0.0,11.457958,27.72,87.69912,999.1872,,2023-08-12 04:55:21.727544,2023-08-12 20:12:56.076414,917.5724811666666,0,1,0,5,1,0,,summer,0,0,0,1
570353227,22.85,21.152525,none,0.0,0.0,26.459387,51.12,66.36006,998.1811,,2023-08-12 04:54:34.800494,2023-08-12 20:12:14.165107,917.6560768833333,0,0,1,5,1,0,,summer,0,0,1,0
570262627,19.3,20.977545,none,0.0,0.0,6.2145634,24.84,87.93264,997.53827,,2023-08-12 04:54:54.728797,2023-08-12 20:13:51.778533,918.9508289333334,0,1,0,5,1,0,,summer,0,0,0,1
570290627,22.5,22.379223,none,0.0,0.0,12.661564,24.84,63.17735,999.83386,,2023-08-12 04:55:32.650240,2023-08-12 20:13:31.986265,917.98893375,0,0,1,5,1,0,,summer,0,0,0,0
570335427,22.15,21.593555,rain,0.4,0.0,18.919704,32.039997,69.685326,997.82263,,2023-08-12 04:55:01.792207,2023-08-12 20:13:01.106478,917.9885711833334,0,0,1,5,1,0,,summer,0,0,1,0
570340627,22.0,20.76067,none,0.0,0.0,23.042812,54.36,69.43481,997.2775,,2023-08-12 04:55:51.047654,2023-08-12 20:12:16.383654,916.4222666666667,0,0,1,5,1,0,,summer,0,0,1,0
570313827,23.5,23.405087,none,0.0,0.0,16.171976,29.16,64.82692,998.5139,,2023-08-12 04:54:01.540739,2023-08-12 20:11:51.311036,917.82950495,0,0,1,5,1,0,,summer,0,0,1,0
570324827,23.2,23.021862,none,0.0,0.0,16.039202,27.359999,64.96941,1002.88257,,2023-08-12 04:54:54.997109,2023-08-12 20:11:57.807454,917.0468390833333,0,0,1,5,1,0,,summer,0,0,1,0
570332227,23.4,22.863216,none,0.0,0.0,18.079027,29.519999,63.578613,1001.6252,,2023-08-12 04:55:01.359779,2023-08-12 20:12:45.489605,917.7354971,0,0,1,5,1,0,,summer,0,0,1,0
570369427,19.3,20.395231,rain,2.3,0.0,11.709688,30.239998,90.75133,995.7925,,2023-08-12 04:55:38.651689,2023-08-12 20:14:13.394783,918.5790515666666,0,1,0,5,1,0,,summer,0,0,0,1
578095027,21.0,20.488415,rain,0.3,0.0,19.469976,34.56,76.20438,992.60016,,2023-08-12 04:56:04.848696,2023-08-12 20:13:50.137245,917.7548091499999,0,1,0,5,1,0,,summer,0,0,1,1
570298827,22.9,22.583334,none,0.0,0.0,14.799459,26.64,62.86173,997.2318,,2023-08-12 04:55:20.961486,2023-08-12 20:12:17.006953,916.9340911166668,0,0,1,5,1,0,,summer,0,0,0,0
570327227,22.3,22.03408,rain,0.3,0.0,16.645864,32.399998,68.6135,994.7171,,2023-08-12 04:55:20.674343,2023-08-12 20:14:21.144110,919.00782945,0,0,1,5,1,0,,summer,0,0,1,0
570355027,22.2,21.169382,none,0.0,0.0,23.023117,38.16,70.811516,998.39215,,2023-08-12 04:55:12.274210,2023-08-12 20:12:27.708759,917.2572424833332,0,0,1,5,1,0,,summer,0,0,1,0
570366027,18.25,19.09884,none,0.0,0.0,10.296251,17.64,90.6802,992.96606,,2023-08-13 04:57:38.173962,2023-08-13 20:12:06.638150,914.4744031333333,0,1,0,6,1,0,,summer,0,0,0,1
570392427,19.9,18.333935,none,0.0,0.0,21.41319,38.88,71.98743,996.22687,,2023-08-13 04:56:50.913888,2023-08-13 20:10:42.683367,913.86282465,0,0,1,6,1,0,,summer,0,0,1,0
570399027,18.4,17.524105,rain,0.4,0.0,17.462784,35.28,80.58264,992.8429,,2023-08-13 04:57:56.362042,2023-08-13 20:10:50.991978,912.9104989333333,0,0,1,6,1,0,,summer,0,0,1,0
570368627,18.45,19.510757,none,0.0,0.0,11.043261,21.96,93.90495,996.9913,,2023-08-13 04:56:54.245198,2023-08-13 20:10:35.236178,913.683183,0,1,0,6,1,0,,summer,0,0,0,1
570402627,17.55,17.504307,none,0.0,0.0,13.910169,26.64,89.481705,995.2864,,2023-08-13 04:57:11.903285,2023-08-13 20:09:58.263533,912.7726707999999,0,1,0,6,1,0,,summer,0,0,0,1
570368227,18.9,19.693068,none,0.0,0.0,13.479583,22.319998,92.458206,998.14496,,2023-08-13 04:57:11.287931,2023-08-13 20:10:40.405390,913.4852909833334,0,1,0,6,1,0,,summer,0,0,0,1
570403227,18.3,17.724403,rain,0.4,0.0,15.273505,33.12,80.828964,993.3537,,2023-08-13 04:58:43.827752,2023-08-13 20:11:23.738554,912.6651800333333,0,0,1,6,1,0,,summer,0,0,1,0
570404627,18.45,18.305088,rain,0.4,0.0,15.137133,32.039997,85.64703,990.8616,,2023-08-13 04:59:30.669725,2023-08-13 20:10:27.427145,910.945957,0,0,1,6,1,0,,summer,0,0,1,0
570400427,18.4,17.524105,rain,0.4,0.0,17.462784,35.28,80.58264,993.3067,,2023-08-13 04:58:25.194431,2023-08-13 20:11:03.403327,912.6368149333333,0,0,1,6,1,0,,summer,0,0,1,0
570386027,20.3,18.822899,none,0.0,0.0,21.9718,42.12,72.29195,995.68945,,2023-08-13 04:56:30.227515,2023-08-13 20:09:58.173870,913.4657725833333,0,0,1,6,1,0,,summer,0,0,1,0
570363227,19.45,20.188513,none,0.0,0.0,14.003028,23.4,89.62572,998.3902,,2023-08-13 04:57:17.106598,2023-08-13 20:10:53.232540,913.6020990333333,0,1,0,6,1,0,,summer,0,0,0,1
570364827,19.05,19.662642,none,0.0,0.0,14.113652,25.919998,90.44858,996.39246,,2023-08-13 04:56:23.569761,2023-08-13 20:10:05.860745,913.7048497333333,0,1,0,6,1,0,,summer,0,0,0,1
570398627,19.2,17.980652,none,0.0,0.0,18.782204,46.079998,74.70347,994.102,,2023-08-13 04:57:24.566442,2023-08-13 20:09:46.820876,912.3709072333334,0,0,1,6,1,0,,summer,0,0,1,0
570406827,17.05,16.888079,none,0.0,0.0,13.627795,22.68,90.019,992.2425,,2023-08-13 04:57:52.710549,2023-08-13 20:10:52.295755,912.9930867666667,0,1,0,6,1,0,,summer,0,0,0,1
570477827,23.55,22.188093,rain,0.1,0.0,21.829777,39.239998,60.247353,999.5816,,2023-08-14 04:59:27.833158,2023-08-14 20:08:41.239632,909.2234412333333,0,0,1,0,0,0,,summer,0,0,1,0
570489627,22.9,22.629028,none,0.0,0.0,15.844089,34.56,64.90536,999.8378,,2023-08-14 04:58:27.416846,2023-08-14 20:07:40.551586,909.2189123333334,0,0,1,0,0,0,,summer,0,0,1,0
570506227,18.05,18.771275,none,0.0,0.0,7.5685663,12.599999,84.51597,1003.8529,,2023-08-14 04:58:36.358463,2023-08-14 20:07:26.061248,908.8283797500001,0,1,0,0,0,0,,summer,0,0,0,1
570490427,22.4,22.578938,none,0.0,0.0,11.269782,28.44,64.59081,998.0485,,2023-08-14 04:59:23.607790,2023-08-14 20:07:52.270209,908.4777069833333,0,0,1,0,0,0,,summer,0,0,0,0
570408827,16.3,16.216446,none,0.0,0.0,12.429127,20.880001,92.907196,996.65125,,2023-08-14 04:58:19.865721,2023-08-14 20:07:30.751185,909.1814244,0,1,0,0,0,0,,summer,0,0,0,1
570472627,19.0,18.110004,rain,0.2,0.0,22.505037,37.079998,87.07447,994.7919,,2023-08-14 04:59:05.697094,2023-08-14 20:09:29.712566,910.4002578666666,0,0,1,0,0,0,,summer,0,0,1,0
570441627,20.1,19.280478,rain,0.1,0.0,20.172853,42.48,78.02943,997.48456,,2023-08-14 04:59:06.979193,2023-08-14 20:07:41.610292,908.5771849833333,0,0,1,0,0,0,,summer,0,0,1,0
570497027,18.3,19.213137,none,0.0,0.0,6.924738,11.159999,84.543304,1000.8578,,2023-08-14 04:58:20.615981,2023-08-14 20:08:00.388344,909.6628727166666,0,1,0,0,0,0,,summer,0,0,0,1
570511027,22.1,22.557217,none,0.0,0.0,11.269782,27.0,68.793144,1001.62024,,2023-08-14 04:58:20.436980,2023-08-14 20:07:21.928330,909.0248558333333,0,0,1,0,0,0,,summer,0,0,0,0
570594027,18.8,17.967205,rain,0.1,0.0,20.268991,35.64,84.597755,993.50366,,2023-08-14 04:59:36.408172,2023-08-14 20:07:48.329235,908.1986843833333,0,0,1,0,0,0,,summer,0,0,1,0
581300027,22.25,21.37116,rain,0.3,0.0,21.129885,41.039997,69.2623,1002.1622,,2023-08-14 04:58:46.854597,2023-08-14 20:07:29.698158,908.7140593500001,0,0,1,0,0,0,,summer,0,0,1,0
570464827,21.9,21.105854,rain,0.1,0.0,20.833395,40.32,71.20733,995.59204,,2023-08-14 04:59:13.212796,2023-08-14 20:10:03.003447,910.8298441833334,0,0,1,0,0,0,,summer,0,0,1,0
570439627,19.5,19.201653,rain,0.2,0.0,18.014393,42.12,83.60547,991.99347,,2023-08-14 04:59:54.317058,2023-08-14 20:11:06.025039,911.1951330166667,0,0,1,0,0,0,,summer,0,0,1,0
570502027,18.55,19.548721,none,0.0,0.0,6.6087217,12.24,83.76355,1001.04565,,2023-08-14 04:58:15.598566,2023-08-14 20:07:24.436221,909.1472942500001,0,1,0,0,0,0,,summer,0,0,0,1
570437427,20.5,19.380678,rain,0.2,0.0,22.366402,38.88,76.368164,996.44104,,2023-08-14 04:59:04.520483,2023-08-14 20:07:19.179317,908.2443139000001,0,0,1,0,0,0,,summer,0,0,1,0
570461027,18.85,17.869568,rain,0.9,0.0,22.55106,35.64,86.7845,997.50653,,2023-08-14 04:58:49.536649,2023-08-14 20:08:22.130936,909.5432381166667,0,0,1,0,0,0,,summer,0,0,1,0
570458627,22.3,21.362347,none,0.0,0.0,20.418695,38.16,67.31297,995.4883,,2023-08-14 04:59:44.098269,2023-08-14 20:08:57.246036,909.2191294500001,0,0,1,0,0,0,,summer,0,0,1,0
570467227,23.55,22.188093,rain,0.1,0.0,21.829777,39.239998,60.247353,998.89343,,2023-08-14 04:59:19.634519,2023-08-14 20:08:56.204429,909.6094985,0,0,1,0,0,0,,summer,0,0,1,0
570409627,15.95,15.773474,none,0.0,0.0,12.413476,21.24,93.48885,997.9214,,2023-08-14 04:58:33.000088,2023-08-14 20:08:13.791214,909.6798521,0,1,0,0,0,0,,summer,0,0,0,1
570488827,20.1,20.935785,none,0.0,0.0,7.9932966,19.44,76.5493,999.3498,,2023-08-14 04:58:11.376508,2023-08-14 20:08:29.532422,910.3025985666667,0,0,1,0,0,0,,summer,0,0,0,0
570540427,22.5,23.39635,none,0.0,0.0,10.966713,23.759998,71.31768,1000.3917,,2023-08-15 05:00:44.625812,2023-08-15 20:06:23.957567,905.65552925,0,0,1,1,0,0,,summer,0,0,0,0
570590827,23.55,23.06685,none,0.0,0.0,11.841756,27.0,54.51367,1002.44556,,2023-08-15 04:59:59.852849,2023-08-15 20:05:33.410797,905.5592991333334,0,0,1,1,0,0,,summer,0,0,0,0
570608227,21.35,21.259527,none,0.0,0.0,8.311245,19.8,60.910435,1005.848,,2023-08-15 05:00:24.245013,2023-08-15 20:06:10.136430,905.76485695,0,0,1,1,0,0,,summer,0,0,0,0
570543827,19.2,20.553738,rain,0.1,0.0,6.830519,15.84,85.45156,996.66675,,2023-08-15 05:01:48.853350,2023-08-15 20:08:34.929389,906.7679339833334,0,0,1,1,0,0,,summer,0,0,0,0
570571827,25.05,24.199926,none,0.0,0.0,15.844089,33.839996,49.988518,1003.7305,,2023-08-15 05:01:01.408986,2023-08-15 20:05:41.382345,904.66622265,0,0,1,1,0,0,,summer,0,0,1,0
570573627,25.0,24.245907,none,0.0,0.0,15.175612,34.2,49.330204,1001.0786,,2023-08-15 05:01:38.911833,2023-08-15 20:06:24.628171,904.7619389666667,0,0,1,1,0,0,,summer,0,0,1,0
570590427,24.7,23.78916,none,0.0,0.0,15.137133,29.519999,51.375755,1003.9571,,2023-08-15 05:00:27.421331,2023-08-15 20:05:07.601364,904.6696672166667,0,0,1,1,0,0,,summer,0,0,1,0
570570227,24.2,24.12697,none,0.0,0.0,16.79314,34.2,57.938175,1002.91205,,2023-08-15 05:00:29.097663,2023-08-15 20:06:17.136761,905.8006516333334,0,0,1,1,0,0,,summer,0,0,1,0
570617427,23.95,23.57967,rain,0.4,0.0,16.489416,31.319998,60.72712,999.3253,,2023-08-15 05:01:10.483763,2023-08-15 20:05:40.513687,904.5004987333334,0,0,1,1,0,0,,summer,0,0,1,0
570567427,24.45,24.068867,none,0.0,0.0,17.906157,32.760002,55.987762,1000.2914,,2023-08-15 05:00:47.948903,2023-08-15 20:06:20.586282,905.5439563166667,0,0,1,1,0,0,,summer,0,0,1,0
570604627,21.35,21.05798,none,0.0,0.0,9.6932955,18.359999,60.910435,1002.0176,,2023-08-15 05:01:07.942013,2023-08-15 20:05:23.194164,904.2542025166666,0,0,1,1,0,0,,summer,0,0,0,0
570529027,22.5,23.39635,none,0.0,0.0,10.966713,23.759998,71.31768,1003.6227,,2023-08-15 05:00:57.989101,2023-08-15 20:06:04.925677,905.1156096,0,0,1,1,0,0,,summer,0,0,0,0
573628827,20.7,22.081562,none,0.0,0.0,8.0899935,19.08,80.377464,995.30475,,2023-08-15 05:01:33.946946,2023-08-15 20:08:36.264228,907.0386213666667,0,0,1,1,0,0,,summer,0,0,0,0
570536827,17.4,18.589226,none,0.0,0.0,6.130579,13.679999,91.78693,998.9374,,2023-08-15 05:02:44.307853,2023-08-15 20:06:07.417000,903.3851524500001,0,0,1,1,0,0,,summer,0,0,0,0
570595627,22.3,22.153864,none,0.0,0.0,10.028439,19.44,59.56802,1001.8033,,2023-08-15 05:01:15.854612,2023-08-15 20:06:49.817377,905.5660460833333,0,0,1,1,0,0,,summer,0,0,0,0
570642027,23.05,22.719402,none,0.0,0.0,11.043261,24.119999,56.550423,1002.4961,,2023-08-15 05:00:32.771691,2023-08-15 20:06:33.941585,906.0194982333334,0,0,1,1,0,0,,summer,0,0,0,0
571281427,23.05,22.485434,none,0.0,0.0,11.435313,26.28,54.742462,999.4887,,2023-08-15 05:01:12.940803,2023-08-15 20:07:28.891127,906.2658387333333,0,0,1,1,0,0,,summer,0,0,0,0
570614827,17.3,17.43412,none,0.0,0.0,7.145796,11.159999,79.139,1002.7647,,2023-08-15 05:01:11.487923,2023-08-15 20:06:49.551309,905.6343897666667,0,1,0,1,0,0,,summer,0,0,0,1
570615227,19.25,19.55554,none,0.0,0.0,6.696387,12.599999,71.40445,1002.42395,,2023-08-15 05:00:41.509375,2023-08-15 20:06:10.588814,905.4846573166667,0,1,0,1,0,0,,summer,0,0,0,1
570528427,17.5,18.016493,none,0.0,0.0,8.311245,14.04,86.10139,1002.98224,,2023-08-15 05:00:22.976894,2023-08-15 20:06:10.072558,905.7849277333333,0,1,0,1,0,0,,summer,0,0,0,1
571052027,18.4,18.623255,none,0.0,0.0,7.386582,10.799999,75.542854,1001.7642,,2023-08-15 05:00:59.998300,2023-08-15 20:06:52.940486,905.8823697666667,0,1,0,1,0,0,,summer,0,0,0,1
570578227,24.45,24.068867,none,0.0,0.0,17.906157,32.760002,55.987762,1003.27075,,2023-08-15 05:01:09.340469,2023-08-15 20:06:31.697808,905.3726223166667,0,0,1,1,0,0,,summer,0,0,1,0
570502627,16.75,17.390547,none,0.0,0.0,7.2,11.879999,89.708176,999.6483,,2023-08-15 05:00:39.531515,2023-08-15 20:06:12.854667,905.5553858666666,0,1,0,1,0,0,,summer,0,0,0,1
570790427,24.0,23.74215,none,0.0,0.0,16.489416,33.12,59.015045,1003.01544,,2023-08-15 05:00:28.677487,2023-08-15 20:06:10.353207,905.6945953333333,0,0,1,1,0,0,,summer,0,0,1,0
570533827,22.45,23.455494,none,0.0,0.0,10.365251,24.48,71.76149,1000.61884,,2023-08-15 05:01:53.520531,2023-08-15 20:06:51.260116,904.9623264166668,0,0,1,1,0,0,,summer,0,0,0,0
570581627,24.75,23.626852,none,0.0,0.0,15.617529,28.44,49.90918,1000.39276,,2023-08-15 05:00:58.664979,2023-08-15 20:05:33.727835,904.5843809333333,0,0,1,1,0,0,,summer,0,0,1,0
570616027,17.3,17.178934,none,0.0,0.0,8.534353,14.759999,78.37057,1001.0437,,2023-08-15 04:59:47.454066,2023-08-15 20:05:16.870879,905.4902802166667,0,1,0,1,0,0,,summer,0,0,0,1
570804427,19.8,20.142672,none,0.0,0.0,6.439876,14.4,69.00551,1005.2604,,2023-08-15 05:00:31.001677,2023-08-15 20:05:35.523530,905.0753642166667,0,1,0,1,0,0,,summer,0,0,0,1
570665427,24.25,23.203806,none,0.0,0.0,14.021525,28.8,49.93936,994.83386,,2023-08-15 05:01:51.533384,2023-08-15 20:06:05.909801,904.2396069499999,0,0,1,1,0,0,,summer,0,0,0,0
570626227,15.3,15.07037,none,0.0,0.0,10.009036,16.919998,90.77035,1007.38416,,2023-08-16 05:02:17.696090,2023-08-16 20:03:30.906684,901.2201765666666,0,0,1,2,0,0,,summer,0,0,0,0
570712027,25.5,24.770172,none,0.0,0.0,10.587917,29.519999,41.5886,1007.2805,,2023-08-16 05:02:31.960886,2023-08-16 20:02:54.078460,900.3686262333334,0,0,1,2,0,0,,summer,0,0,0,0
570715427,24.7,24.3277,none,0.0,0.0,8.699793,19.8,47.668545,1002.9882,,2023-08-16 05:03:04.590387,2023-08-16 20:03:22.536846,900.29910765,0,0,1,2,0,0,,summer,0,0,0,0
570716427,20.3,20.409979,none,0.0,0.0,8.404285,11.159999,67.55663,1004.0562,,2023-08-16 05:03:34.942311,2023-08-16 20:04:08.478840,900.55894215,1,0,0,2,0,0,,summer,0,0,0,0
570661427,15.85,15.665419,none,0.0,0.0,8.4963045,14.04,84.823746,1002.0576,,2023-08-16 05:02:22.193403,2023-08-16 20:04:19.491907,901.9549750666666,0,1,0,2,0,0,,summer,0,0,0,1
570714227,24.85,24.603136,none,0.0,0.0,8.891343,18.0,48.652344,1004.9476,,2023-08-16 05:03:02.554681,2023-08-16 20:04:03.930409,901.0229287999999,0,0,1,2,0,0,,summer,0,0,0,0
570718427,25.6,25.15903,none,0.0,0.0,8.707238,18.72,44.593037,1005.4669,,2023-08-16 05:03:34.552290,2023-08-16 20:04:44.567447,901.1669192833334,0,0,1,2,0,0,,summer,0,0,0,0
570720627,17.65,17.5441,none,0.0,0.0,8.669949,11.5199995,77.158676,1001.8523,,2023-08-16 05:03:57.158412,2023-08-16 20:03:24.699383,899.4590161833333,0,1,0,2,0,0,,summer,0,0,0,1
571686827,16.4,16.964954,none,0.0,0.0,4.072935,9.72,83.515564,1005.6156,,2023-08-16 05:02:00.471786,2023-08-16 20:03:12.342866,901.1978513333332,0,1,0,2,0,0,,summer,0,0,0,1
571140227,22.6,23.505554,none,0.0,0.0,5.6233797,13.679999,62.794846,1000.4298,,2023-08-16 05:03:42.304152,2023-08-16 20:03:14.361264,899.5342852,0,0,1,2,0,0,,summer,0,0,0,0
570716227,25.4,24.976355,none,0.0,0.0,8.350138,25.56,44.39211,1003.91656,,2023-08-16 05:02:49.270915,2023-08-16 20:04:22.007265,901.5456058333333,0,0,1,2,0,0,,summer,0,0,0,0
571040627,22.2,21.951078,none,0.0,0.0,12.758432,24.48,63.110786,1005.568,,2023-08-16 05:02:51.976550,2023-08-16 20:04:01.040335,901.1510630833333,0,0,1,2,0,0,,summer,0,0,0,0
570619427,15.95,15.700619,none,0.0,0.0,9.178235,15.119999,84.83458,1003.7579,,2023-08-16 05:01:45.522131,2023-08-16 20:02:39.133940,900.8935301500001,0,1,0,2,0,0,,summer,0,0,0,1
570652627,22.2,21.951078,none,0.0,0.0,12.758432,24.48,63.110786,1004.75714,,2023-08-16 05:02:37.175955,2023-08-16 20:04:08.346763,901.5195134666667,0,0,1,2,0,0,,summer,0,0,0,0
570666627,23.2,22.65024,none,0.0,0.0,13.450708,26.28,53.720623,1005.22046,,2023-08-16 05:02:52.236728,2023-08-16 20:04:02.563078,901.1721058333334,0,0,1,2,0,0,,summer,0,0,0,0
570703027,25.45,24.612701,none,0.0,0.0,10.08,20.519999,43.253628,1006.8843,,2023-08-16 05:02:55.254589,2023-08-16 20:03:51.906929,900.9442056666667,0,0,1,2,0,0,,summer,0,0,0,0
570752627,24.45,24.046526,none,0.0,0.0,13.849476,30.239998,46.980583,1003.5748,,2023-08-16 05:04:07.067038,2023-08-16 20:04:15.196066,900.1354838000001,0,0,1,2,0,0,,summer,0,0,0,0
571064427,17.75,17.457893,none,0.0,0.0,9.826088,12.959999,76.42506,1006.2261,,2023-08-16 05:02:41.925715,2023-08-16 20:03:43.540326,901.0269101833333,0,1,0,2,0,0,,summer,0,0,0,1
570812627,23.2,22.65024,none,0.0,0.0,13.450708,26.28,53.720623,1006.37573,,2023-08-16 05:02:55.742443,2023-08-16 20:03:53.503478,900.9626839166667,0,0,1,2,0,0,,summer,0,0,0,0
570871627,23.1,23.521555,none,0.0,0.0,7.386582,14.4,58.611637,1002.88293,,2023-08-16 05:02:52.472573,2023-08-16 20:04:09.160400,901.27813045,0,0,1,2,0,0,,summer,0,0,0,0
570698027,24.05,23.297607,none,0.0,0.0,14.618837,28.08,47.336857,1005.29,,2023-08-16 05:02:56.124300,2023-08-16 20:04:06.355231,901.1705155166667,0,0,1,2,0,0,,summer,0,0,0,0
570700027,24.5,23.793581,none,0.0,0.0,14.934577,29.519999,45.77476,1007.17633,,2023-08-16 05:02:32.955001,2023-08-16 20:02:56.774508,900.3969917833333,0,0,1,2,0,0,,summer,0,0,0,0
570727427,20.2,20.111332,none,0.0,0.0,9.028754,11.5199995,66.66549,1007.8051,,2023-08-16 05:02:43.865471,2023-08-16 20:02:58.655610,900.2465023166666,1,0,0,2,0,0,,summer,0,0,0,0
570728627,23.35,23.845575,none,0.0,0.0,6.8777895,14.04,57.732964,999.453,,2023-08-16 05:03:19.037521,2023-08-16 20:03:51.313467,900.5379324333334,0,0,1,2,0,0,,summer,0,0,0,0
570668227,20.6,20.833511,none,0.0,0.0,11.440979,22.319998,73.044495,1006.38226,,2023-08-16 05:02:41.381685,2023-08-16 20:03:45.899078,901.0752898833333,0,0,1,2,0,0,,summer,0,0,0,0
570634227,16.85,16.94009,none,0.0,0.0,10.195057,17.28,87.435616,1007.2167,,2023-08-16 05:01:55.764577,2023-08-16 20:03:18.609833,901.3807542666667,0,0,1,2,0,0,,summer,0,0,0,0
570741027,23.95,23.538807,none,0.0,0.0,13.493999,28.08,49.211166,1006.76575,,2023-08-16 05:03:29.751700,2023-08-16 20:04:33.351081,901.0599896833334,0,0,1,2,0,0,,summer,0,0,0,0
570653027,20.5,20.930763,none,0.0,0.0,10.495713,21.24,74.205154,1003.7947,,2023-08-16 05:03:05.449803,2023-08-16 20:04:48.412571,901.7160461333333,0,0,1,2,0,0,,summer,0,0,0,0
570674827,24.25,24.145264,none,0.0,0.0,12.371645,27.359999,49.776638,1006.0745,,2023-08-16 05:05:00.883863,2023-08-16 20:05:36.491663,900.5934633333333,0,0,1,2,0,0,,summer,0,0,0,0
570730227,16.05,16.305794,none,0.0,0.0,6.193674,10.08,85.39925,1004.2932,,2023-08-16 05:03:06.573770,2023-08-16 20:02:49.203458,899.7104948,0,1,0,2,0,0,,summer,0,0,0,1
570876827,14.3,13.867622,none,0.0,0.0,9.726664,16.56,92.49796,1002.9429,,2023-08-16 05:04:28.849912,2023-08-16 20:04:20.555645,899.8617622166668,0,0,1,2,0,0,,summer,0,0,0,0
570708027,25.15,24.427067,none,0.0,0.0,13.979871,29.519999,44.17764,1003.0987,,2023-08-16 05:03:16.258228,2023-08-16 20:03:54.589289,900.6388510166666,0,0,1,2,0,0,,summer,0,0,0,0
570877827,24.3,24.470886,none,0.0,0.0,7.968939,18.72,52.962578,1004.91534,,2023-08-16 05:02:11.710428,2023-08-16 20:03:52.570641,901.68100355,0,0,1,2,0,0,,summer,0,0,0,0
570711827,24.8,25.610453,none,0.0,0.0,5.3517847,15.84,53.779892,1003.46954,,2023-08-16 05:03:21.371569,2023-08-16 20:04:52.344383,901.5162135666667,0,0,1,2,0,0,,summer,0,0,0,0
570806027,25.25,27.099,none,0.0,0.0,5.2416787,15.84,53.548904,1004.65985,,2023-08-17 05:04:35.282103,2023-08-17 20:01:27.558958,896.8712809166666,0,0,1,3,0,0,,summer,0,0,0,0
570819827,21.3,22.722681,none,0.0,0.0,3.8268526,12.24,70.86949,1005.0832,,2023-08-17 05:06:05.646900,2023-08-17 20:00:40.809086,894.5860364333333,0,0,1,3,0,0,,summer,0,0,0,0
570847427,26.45,27.332653,none,0.0,0.0,3.8268526,11.879999,47.52072,1007.32904,,2023-08-17 05:04:43.730387,2023-08-17 20:01:12.572438,896.48070085,0,0,1,3,0,0,,summer,0,0,0,0
570803627,24.7,26.514017,none,0.0,0.0,4.198285,14.4,54.803257,1004.26514,,2023-08-17 05:04:49.635398,2023-08-17 20:01:39.964032,896.8388105666667,0,0,1,3,0,0,,summer,0,0,0,0
570817627,25.15,27.072433,none,0.0,0.0,4.829907,15.119999,53.868664,1005.93225,,2023-08-17 05:04:20.847214,2023-08-17 20:01:08.790397,896.79905305,0,0,1,3,0,0,,summer,0,0,0,0
570835227,25.8,27.299093,none,0.0,0.0,4.1046314,12.959999,55.078148,1006.558,,2023-08-17 05:06:05.595690,2023-08-17 20:02:51.678223,896.7680422166667,0,0,1,3,0,0,,summer,0,0,0,0
570857027,21.45,22.109194,none,0.0,0.0,6.924738,7.92,66.70917,1006.50665,,2023-08-17 05:04:33.559929,2023-08-17 20:00:35.011116,896.02418645,1,0,0,3,0,0,,summer,0,0,0,0
570858427,19.45,20.213264,none,0.0,0.0,8.905908,10.440001,80.46537,1002.7924,,2023-08-17 05:04:58.149921,2023-08-17 20:01:58.927448,897.0129587833333,0,1,0,3,0,0,,summer,0,0,0,1
570795027,25.75,27.169697,none,0.0,0.0,6.489992,19.08,49.85018,999.11786,,2023-08-17 05:06:31.086276,2023-08-17 20:02:08.320923,895.6205774499999,0,0,1,3,0,0,,summer,0,0,0,0
570825027,26.3,27.52216,none,0.0,0.0,2.968636,15.4800005,46.415768,1004.5597,,2023-08-17 05:04:28.010600,2023-08-17 20:01:34.685698,897.1112516333334,0,0,1,3,0,0,,summer,0,0,0,0
570843627,26.5,27.451284,none,0.0,0.0,4.510787,17.64,45.42669,1006.85754,,2023-08-17 05:05:04.247984,2023-08-17 20:01:43.565637,896.6552942166667,0,0,1,3,0,0,,summer,0,0,0,0
571141427,20.95,21.83181,none,0.0,0.0,8.225035,9.72,73.574066,1000.8852,,2023-08-17 05:05:16.931774,2023-08-17 20:00:55.943532,895.6501959666667,1,0,0,3,0,0,,summer,0,0,0,0
571688027,25.95,27.37392,none,0.0,0.0,1.5273507,8.28,50.713108,1004.2764,,2023-08-17 05:04:12.048565,2023-08-17 20:00:56.528438,896.7413312166666,0,0,1,3,0,0,,summer,0,0,0,0
570857627,20.8,21.88114,none,0.0,0.0,6.0347,9.36,72.84632,999.966,,2023-08-17 05:05:09.889257,2023-08-17 20:01:27.020081,896.2855137333333,0,1,0,3,0,0,,summer,0,0,0,1
570877227,26.25,27.133732,none,0.0,0.0,3.319036,11.159999,47.466995,1003.56134,,2023-08-17 05:04:06.126872,2023-08-17 20:01:41.214388,897.5847919333333,0,0,1,3,0,0,,summer,0,0,0,0
571690227,23.8,25.232336,none,0.0,0.0,4.8433046,15.119999,58.967636,1006.97504,,2023-08-17 05:03:42.713286,2023-08-17 20:00:02.649934,896.3322774666667,0,0,1,3,0,0,,summer,0,0,0,0
570754227,22.85,24.257359,none,0.0,0.0,4.198285,13.679999,64.894646,1005.67847,,2023-08-17 05:03:49.797731,2023-08-17 20:00:35.968699,896.7695161333334,0,0,1,3,0,0,,summer,0,0,0,0
570847027,25.15,27.072433,none,0.0,0.0,4.829907,15.119999,53.868664,1007.4267,,2023-08-17 05:04:44.535564,2023-08-17 20:01:14.885529,896.50583275,0,0,1,3,0,0,,summer,0,0,0,0
570849427,26.45,26.989262,none,0.0,0.0,4.6938257,13.32,45.709015,1004.1442,,2023-08-17 05:04:48.591809,2023-08-17 20:01:41.256737,896.8777488,0,0,1,3,0,0,,summer,0,0,0,0
570864827,18.85,19.414661,none,0.0,0.0,8.373386,10.08,79.870544,1004.85913,,2023-08-17 05:04:06.285523,2023-08-17 20:00:55.941950,896.8276071166667,0,1,0,3,0,0,,summer,0,0,0,1
570941627,25.15,26.850042,none,0.0,0.0,5.8048253,17.28,53.180267,1003.27893,,2023-08-17 05:04:54.949633,2023-08-17 20:00:53.727834,895.9796366833333,0,0,1,3,0,0,,summer,0,0,0,0
572791227,26.25,27.323046,none,0.0,0.0,2.9024127,10.08,48.553226,1005.961,,2023-08-17 05:04:17.462176,2023-08-17 20:00:44.860202,896.4566337666668,0,0,1,3,0,0,,summer,0,0,0,0
570828227,26.55,27.097431,none,0.0,0.0,5.6233797,14.4,46.63418,1001.4172,,2023-08-17 05:05:34.928285,2023-08-17 20:02:02.964602,896.4672719499999,0,0,1,3,0,0,,summer,0,0,0,0
570740627,17.1,18.077032,none,0.0,0.0,5.154415,10.440001,88.30582,1002.90936,,2023-08-17 05:05:05.364937,2023-08-17 20:01:17.863679,896.2083123666667,0,0,1,3,0,0,,summer,0,0,0,0
570834027,26.7,27.093475,none,0.0,0.0,5.692099,15.119999,45.04057,996.76556,,2023-08-17 05:05:23.154555,2023-08-17 20:01:20.054034,895.94832465,0,0,1,3,0,0,,summer,0,0,0,0
570860227,18.1,18.79818,none,0.0,0.0,6.4096174,9.36,81.587,1004.9912,,2023-08-17 05:05:29.163542,2023-08-17 20:02:26.350061,896.95310865,0,1,0,3,0,0,,summer,0,0,0,1
570935427,21.1,22.643957,none,0.0,0.0,3.5455887,11.879999,72.66698,1008.43066,,2023-08-17 05:04:20.136717,2023-08-17 20:00:40.337237,896.3366753333333,0,0,1,3,0,0,,summer,0,0,0,0
570847627,26.0,27.072395,none,0.0,0.0,2.2768397,10.08,48.48656,1007.1253,,2023-08-17 05:04:36.923776,2023-08-17 20:01:15.514754,896.6431829666667,0,0,1,3,0,0,,summer,0,0,0,0
570845827,26.25,27.074963,none,0.0,0.0,4.3498964,12.599999,48.240665,1004.1319,,2023-08-17 05:04:58.151937,2023-08-17 20:01:56.814884,896.9777157833333,0,0,1,3,0,0,,summer,0,0,0,0
570832027,26.2,26.666815,none,0.0,0.0,5.1919937,13.679999,46.388653,1002.8577,,2023-08-17 05:04:48.495890,2023-08-17 20:00:23.139625,895.5773955833333,0,0,1,3,0,0,,summer,0,0,0,0
570848627,22.6,23.758587,none,0.0,0.0,5.495161,5.7599998,65.25735,1007.72864,,2023-08-17 05:05:04.196730,2023-08-17 20:01:33.613958,896.4902871333333,1,0,0,3,0,0,,summer,0,0,0,0
570863027,19.35,19.538557,none,0.0,0.0,9.0,10.799999,73.770676,1002.16534,,2023-08-17 05:05:51.164547,2023-08-17 20:00:55.154862,895.0665052500001,0,1,0,3,0,0,,summer,0,0,0,1
571016627,23.55,26.005138,none,0.0,0.0,4.6938252,5.7599998,73.32614,1003.76965,,2023-08-17 05:03:44.699550,2023-08-17 20:00:20.248055,896.5924750833333,0,0,1,3,0,0,,summer,0,0,0,0
570812427,23.95,25.43406,none,0.0,0.0,4.3349743,14.4,58.25092,1005.2537,,2023-08-17 05:03:56.016854,2023-08-17 20:01:01.652940,897.0939347666666,0,0,1,3,0,0,,summer,0,0,0,0
571028827,24.7,26.562845,none,0.0,0.0,3.8939953,14.4,54.803257,1006.10333,,2023-08-17 05:04:13.334035,2023-08-17 20:01:29.658021,897.2720664333334,0,0,1,3,0,0,,summer,0,0,0,0
570846227,26.15,26.961494,none,0.0,0.0,3.319036,11.5199995,47.13365,1002.6901,,2023-08-17 05:04:30.443072,2023-08-17 20:01:39.469184,897.1504352,0,0,1,3,0,0,,summer,0,0,0,0
570863227,20.25,20.927336,none,0.0,0.0,8.669949,10.08,75.11861,1000.4858,,2023-08-17 05:05:31.494884,2023-08-17 20:00:50.411509,895.3152770833333,1,0,0,3,0,0,,summer,0,0,0,0
570941227,21.45,21.902325,none,0.0,0.0,5.8048253,7.92,62.53705,1007.08875,,2023-08-17 05:04:37.224448,2023-08-17 20:00:27.906908,895.8447076666667,0,1,0,3,0,0,,summer,0,0,0,1
570870627,17.7,18.128878,none,0.0,0.0,6.725354,10.440001,80.48852,1001.38727,,2023-08-18 05:06:48.776959,2023-08-18 20:00:26.291709,893.6252458333333,0,1,0,4,0,0,,summer,0,0,0,1
570963427,25.1,26.476034,none,0.0,0.0,14.512064,24.48,70.02605,1007.2246,,2023-08-18 05:06:31.829892,2023-08-18 19:59:02.382396,892.5092084,0,0,1,4,0,0,,summer,0,0,0,0
570977627,20.4,22.86089,none,0.0,0.0,6.6087217,10.799999,92.25286,1001.09705,,2023-08-18 05:07:04.999357,2023-08-18 19:58:43.749315,891.6458326333334,0,1,0,4,0,0,,summer,0,0,0,1
570993427,27.1,29.402458,none,0.0,0.0,6.297428,16.56,55.225647,1007.05786,,2023-08-18 05:05:47.797114,2023-08-18 19:57:50.283945,892.0414471833334,0,0,1,4,0,0,,summer,0,0,0,0
570963227,20.4,22.884842,none,0.0,0.0,6.6087217,11.159999,92.54077,1009.8603,,2023-08-18 05:06:27.668948,2023-08-18 19:58:04.705286,891.6172723,0,1,0,4,0,0,,summer,0,0,0,1
570961027,20.45,22.864445,none,0.0,0.0,7.0911775,11.5199995,92.25565,1004.82043,,2023-08-18 05:07:23.229326,2023-08-18 20:00:18.353676,892.9187391666667,0,1,0,4,0,0,,summer,0,0,0,1
571128027,25.9,27.53879,none,0.0,0.0,11.720751,23.039999,65.539055,1004.7988,,2023-08-18 05:05:58.160824,2023-08-18 19:59:14.314079,893.2692209166667,0,0,1,4,0,0,,summer,0,0,0,0
570929827,27.7,29.110344,none,0.0,0.0,9.346143,19.08,54.50914,1006.02997,,2023-08-18 05:05:51.236829,2023-08-18 19:57:59.125834,892.1314834166666,0,0,1,4,0,0,,summer,0,0,0,0
570963027,20.3,22.619804,none,0.0,0.0,7.4128532,11.5199995,92.5353,1004.7919,,2023-08-18 05:06:42.160029,2023-08-18 19:59:40.436509,892.9712746666667,0,1,0,4,0,0,,summer,0,0,0,1
571019427,25.9,27.53879,none,0.0,0.0,11.720751,23.039999,65.539055,1006.17255,,2023-08-18 05:06:22.162950,2023-08-18 19:58:58.398017,892.6039177833334,0,0,1,4,0,0,,summer,0,0,0,0
570915627,23.05,25.750206,rain,0.6,0.0,8.4963045,22.319998,83.74608,1006.67285,,2023-08-18 05:06:18.305336,2023-08-18 19:59:16.810103,892.97507945,0,0,1,4,0,0,,summer,0,0,0,0
570927627,27.05,29.203926,none,0.0,0.0,5.692099,15.84,53.32309,1007.5123,,2023-08-18 05:06:06.388499,2023-08-18 19:58:06.299352,891.9985142166666,0,0,1,4,0,0,,summer,0,0,0,0
570992627,20.5,23.092493,none,0.0,0.0,6.0347,11.5199995,92.25849,1000.60486,,2023-08-18 05:07:21.547261,2023-08-18 19:59:03.992158,891.70741495,0,1,0,4,0,0,,summer,0,0,0,1
570950027,28.25,29.226124,none,0.0,0.0,7.9526596,17.64,48.0016,1006.6296,,2023-08-18 05:06:51.524707,2023-08-18 19:58:18.773558,891.4541475166666,0,0,1,4,0,0,,summer,0,0,0,0
570963627,20.4,22.76531,none,0.0,0.0,7.10031,13.679999,91.9657,1003.07135,,2023-08-18 05:07:42.424753,2023-08-18 19:58:39.670021,890.9540878,0,1,0,4,0,0,,summer,0,0,0,1
570886027,23.85,25.139475,none,0.0,0.0,5.00128,13.679999,61.09328,1005.1495,,2023-08-18 05:07:23.953170,2023-08-18 19:59:25.972683,892.03365855,0,0,1,4,0,0,,summer,0,0,0,0
570964627,19.6,21.531876,none,0.0,0.0,8.942214,14.759999,94.54621,1006.6579,,2023-08-18 05:06:37.089946,2023-08-18 19:59:38.726922,893.0272829333334,0,1,0,4,0,0,,summer,0,0,0,1
570871227,18.75,19.23468,none,0.0,0.0,3.5455887,4.32,69.930534,1002.08594,,2023-08-18 05:07:38.524803,2023-08-18 19:58:34.094716,890.9261652166666,0,1,0,4,0,0,,summer,0,0,0,1
570897427,26.25,27.597645,rain,0.1,0.0,13.896187,26.64,60.10858,1006.81494,,2023-08-18 05:05:59.022512,2023-08-18 19:59:06.212085,893.1198262166668,0,0,1,4,0,0,,summer,0,0,0,0
570870427,17.0,16.989084,none,0.0,0.0,7.42159,8.64,79.095955,1001.68774,,2023-08-18 05:06:57.616497,2023-08-18 19:58:38.388448,891.6795325166667,0,1,0,4,0,0,,summer,0,0,0,1
570972427,18.8,20.786245,none,0.0,0.0,6.989936,12.959999,96.31238,1004.1085,,2023-08-19 05:08:55.008383,2023-08-19 19:56:13.979027,887.3161774,0,1,0,5,1,0,,summer,0,0,0,1
570990027,21.1,22.618973,none,0.0,0.0,7.145796,17.64,78.424644,1010.36926,,2023-08-19 05:08:25.586236,2023-08-19 19:55:41.715503,887.2688211166666,0,0,1,5,1,0,,summer,0,0,0,0
571039227,20.5,22.030117,none,0.0,0.0,6.924738,7.92,81.11732,999.4541,,2023-08-19 05:10:20.216180,2023-08-19 19:57:23.463762,887.0541263666668,0,1,0,5,1,0,,summer,0,0,0,1
571043427,21.0,21.92468,none,0.0,0.0,7.5170207,10.799999,72.64921,1006.9407,,2023-08-19 05:08:15.708970,2023-08-19 19:55:43.918721,887.4701625166667,0,1,0,5,1,0,,summer,0,0,0,1
570989027,19.7,21.253828,none,0.0,0.0,5.6002855,14.04,83.09951,1002.6945,,2023-08-19 05:10:56.172284,2023-08-19 19:57:32.500451,886.60546945,0,0,1,5,1,0,,summer,0,0,0,0
571059227,26.85,28.161922,none,0.0,0.0,2.16,10.08,47.93577,1004.4947,,2023-08-19 05:09:09.800866,2023-08-19 19:57:01.457523,887.8609442833333,0,0,1,5,1,0,,summer,0,0,0,0
571018027,22.45,24.176577,none,0.0,0.0,6.6087217,17.28,73.59878,1006.1018,,2023-08-19 05:08:33.203189,2023-08-19 19:57:09.390624,888.6031239166666,0,0,1,5,1,0,,summer,0,0,0,0
571038827,24.85,27.355282,none,0.0,0.0,4.0249224,7.92,67.40223,1003.2601,,2023-08-19 05:08:28.282222,2023-08-19 19:57:03.193269,888.5818507833334,0,0,1,5,1,0,,summer,0,0,0,0
571040027,21.95,22.978321,none,0.0,0.0,6.12,10.799999,67.45728,1003.45557,,2023-08-19 05:08:10.888544,2023-08-19 19:57:02.794846,888.8651050333334,1,0,0,5,1,0,,summer,0,0,0,0
571060227,26.75,27.195114,none,0.0,0.0,9.021574,19.08,49.315994,1007.4457,,2023-08-19 05:08:38.893443,2023-08-19 19:56:09.021618,887.5021362499999,0,0,1,5,1,0,,summer,0,0,0,0
570969627,19.6,21.766932,none,0.0,0.0,7.491114,11.5199995,94.84221,1007.84845,,2023-08-19 05:08:29.104507,2023-08-19 19:56:18.604373,887.8249977666667,0,1,0,5,1,0,,summer,0,0,0,1
571165227,26.45,27.313866,none,0.0,0.0,6.9527545,18.0,51.170517,1006.90546,,2023-08-19 05:07:54.522081,2023-08-19 19:55:28.070752,887.5591445166666,0,0,1,5,1,0,,summer,0,0,0,0
571424827,26.0,27.206106,none,0.0,0.0,5.0142193,20.519999,53.056282,1002.5846,,2023-08-19 05:08:57.043046,2023-08-19 19:55:52.371603,886.9221426166666,0,0,1,5,1,0,,summer,0,0,0,0
571661427,26.85,27.75367,none,0.0,0.0,4.829907,18.359999,47.78169,1005.8988,,2023-08-19 05:08:20.163584,2023-08-19 19:56:27.151191,888.1164601166668,0,0,1,5,1,0,,summer,0,0,0,0
571293827,19.8,20.536797,none,0.0,0.0,9.085988,10.440001,78.73568,1007.0152,,2023-08-19 05:08:32.393243,2023-08-19 19:56:31.583286,887.9865007166667,0,1,0,5,1,0,,summer,0,0,0,1
571040427,24.85,27.355282,none,0.0,0.0,4.0249224,7.92,67.40223,1003.8334,,2023-08-19 05:08:33.438413,2023-08-19 19:56:44.211258,888.1795474166667,0,0,1,5,1,0,,summer,0,0,0,0
571033427,25.9,27.202414,none,0.0,0.0,6.151683,11.879999,55.63208,1004.4214,,2023-08-19 05:08:19.360079,2023-08-19 19:56:51.512148,888.5358678166667,0,0,1,5,1,0,,summer,0,0,0,0
571248027,23.5,25.65202,none,0.0,0.0,5.495161,18.359999,69.94292,1008.5796,,2023-08-19 05:08:01.727351,2023-08-19 19:56:47.969957,888.7707101,0,0,1,5,1,0,,summer,0,0,0,0
570994427,19.3,21.282665,none,0.0,0.0,8.435069,14.4,96.02542,1004.53265,,2023-08-19 05:09:18.989175,2023-08-19 19:56:05.360663,886.7728581333333,0,1,0,5,1,0,,summer,0,0,0,1
571015627,25.45,26.775555,none,0.0,0.0,7.5685663,18.72,59.168934,1003.1354,,2023-08-19 05:09:40.409837,2023-08-19 19:57:05.065943,887.4109351000001,0,0,1,5,1,0,,summer,0,0,0,0
571042027,21.0,21.92468,none,0.0,0.0,7.5170207,10.799999,72.64921,1003.1009,,2023-08-19 05:08:12.334057,2023-08-19 19:55:26.544944,887.2368481166667,0,1,0,5,1,0,,summer,0,0,0,1
570978227,17.2,18.200138,none,0.0,0.0,7.289444,11.159999,92.65834,1010.9843,,2023-08-19 05:08:21.231535,2023-08-19 19:55:31.146478,887.16524905,0,0,1,5,1,0,,summer,0,0,0,0
571005427,19.65,21.577984,none,0.0,0.0,9.290511,15.119999,94.84413,1006.21173,,2023-08-19 05:07:54.811461,2023-08-19 19:55:59.188406,888.0729490833334,0,1,0,5,1,0,,summer,0,0,0,1
571001027,21.0,22.520262,none,0.0,0.0,6.989936,16.56,78.6586,1007.3271,,2023-08-19 05:08:15.697901,2023-08-19 19:56:26.409415,888.1785252333334,0,0,1,5,1,0,,summer,0,0,0,0
570965027,19.6,21.629272,none,0.0,0.0,8.435069,13.32,94.84221,1006.073,,2023-08-19 05:08:22.521695,2023-08-19 19:56:38.728829,888.2701188999999,0,1,0,5,1,0,,summer,0,0,0,1
571284627,24.4,26.853052,none,0.0,0.0,3.7585104,8.28,68.37725,1005.85846,,2023-08-19 05:08:46.495374,2023-08-19 19:55:56.179191,887.1613969499999,0,0,1,5,1,0,,summer,0,0,0,0
571034027,24.0,25.015783,none,0.0,0.0,7.5685663,12.959999,61.518787,1005.49023,,2023-08-19 05:08:00.370330,2023-08-19 19:56:20.252606,888.3313712666666,0,0,1,5,1,0,,summer,0,0,0,0
571048627,21.05,21.95372,none,0.0,0.0,7.386582,9.72,71.96503,1003.4522,,2023-08-19 05:08:53.025254,2023-08-19 19:57:02.997648,888.1662065666666,0,1,0,5,1,0,,summer,0,0,0,1
571070627,25.55,27.297226,rain,0.3,0.0,9.6932955,25.919998,65.26135,995.0389,,2023-08-20 05:11:07.151222,2023-08-20 19:53:49.271886,882.7020110666667,0,0,1,6,1,0,,summer,0,0,0,0
571075227,25.6,27.292059,rain,0.3,0.0,10.390226,26.28,65.47636,1002.913,,2023-08-20 05:10:13.930946,2023-08-20 19:53:15.608359,883.0279568833333,0,0,1,6,1,0,,summer,0,0,0,0
571082427,24.75,26.555513,rain,4.7,0.0,7.42159,33.12,65.91718,991.02454,,2023-08-20 05:11:18.406283,2023-08-20 19:54:03.361748,882.74925775,0,0,1,6,1,0,,summer,0,0,0,0
571118427,21.75,23.104626,rain,1.2,0.0,8.12197,23.759998,75.12593,998.9026,,2023-08-20 05:09:42.182371,2023-08-20 19:54:09.531146,884.4558129166667,0,0,1,6,1,0,,summer,0,0,0,0
571405427,24.7,27.079208,rain,1.4,0.0,6.489992,24.48,70.16937,1000.62506,,2023-08-20 05:10:25.624637,2023-08-20 19:53:20.621505,882.9166144666667,0,0,1,6,1,0,,summer,0,0,0,0
571611627,25.1,26.389038,rain,4.0,0.0,7.10031,26.64,59.46318,995.92615,,2023-08-20 05:11:04.672499,2023-08-20 19:54:26.792877,883.3686729666666,0,0,1,6,1,0,,summer,0,0,0,0
571075027,24.5,26.077291,rain,1.0,0.0,10.233123,23.4,68.61167,1001.5152,,2023-08-20 05:10:24.747131,2023-08-20 19:53:30.707709,883.0993429666667,0,0,1,6,1,0,,summer,0,0,0,0
571078827,25.2,26.755129,rain,2.1,0.0,6.28713,28.08,60.43712,997.99554,,2023-08-20 05:10:45.641852,2023-08-20 19:54:40.695854,883.9175667,0,0,1,6,1,0,,summer,0,0,0,0
571378827,24.8,26.373783,rain,0.1,0.0,11.367109,27.359999,68.88531,996.5307,,2023-08-20 05:11:27.199204,2023-08-20 19:53:50.609229,882.3901670833333,0,0,1,6,1,0,,summer,0,0,0,0
571402227,24.8,26.373783,rain,0.1,0.0,11.367109,27.359999,68.88531,996.18945,,2023-08-20 05:11:22.648614,2023-08-20 19:54:01.840968,882.6532059,0,0,1,6,1,0,,summer,0,0,0,0
571050227,17.7,18.556944,none,0.0,0.0,9.387651,15.4800005,92.0977,999.8537,,2023-08-20 05:09:51.965494,2023-08-20 19:53:37.638043,883.76120915,0,0,1,6,1,0,,summer,0,0,0,0
571209427,20.9,22.807169,rain,0.2,0.0,6.28713,14.759999,82.458015,1000.6759,,2023-08-20 05:10:23.326053,2023-08-20 19:53:45.620862,883.37158015,0,0,1,6,1,0,,summer,0,0,0,0
571099627,18.0,17.961788,none,0.0,0.0,13.584932,23.759998,86.42705,992.92004,,2023-08-20 05:11:05.599884,2023-08-20 19:54:17.432481,883.19720995,0,1,0,6,1,0,,summer,0,0,0,1
571906627,22.05,24.04306,rain,0.9,0.0,4.3349743,19.08,74.70175,996.9805,,2023-08-20 05:09:36.031290,2023-08-20 19:53:38.661396,884.0438350999999,0,0,1,6,1,0,,summer,0,0,0,0
571070027,25.1,27.01653,rain,0.4,0.0,9.659814,24.84,68.51448,997.962,,2023-08-20 05:10:21.301642,2023-08-20 19:54:34.969647,884.2278000833334,0,0,1,6,1,0,,summer,0,0,0,0
571081827,24.75,26.555513,rain,4.7,0.0,7.42159,33.12,65.91718,995.6747,,2023-08-20 05:11:27.307086,2023-08-20 19:53:48.918867,882.36019635,0,0,1,6,1,0,,summer,0,0,0,0
571098827,24.85,26.441471,rain,0.1,0.0,11.928989,27.72,69.54358,1002.02924,,2023-08-20 05:10:13.989065,2023-08-20 19:53:45.204138,883.5202512166667,0,0,1,6,1,0,,summer,0,0,0,0
571066427,24.4,26.369705,rain,0.1,0.0,8.654986,26.28,70.55293,996.14246,,2023-08-20 05:10:16.170020,2023-08-20 19:54:51.095196,884.5820862666666,0,0,1,6,1,0,,summer,0,0,0,0
571071827,24.65,26.629772,rain,0.3,0.0,8.905908,25.56,69.9412,998.1082,,2023-08-20 05:09:26.497769,2023-08-20 19:53:34.911444,884.1402279166667,0,0,1,6,1,0,,summer,0,0,0,0
571094827,18.0,17.83282,none,0.0,0.0,13.527572,23.039999,84.51048,994.99207,,2023-08-20 05:10:17.397539,2023-08-20 19:54:58.926325,884.6921464333334,0,1,0,6,1,0,,summer,0,0,0,1
571244027,25.1,26.389038,rain,4.0,0.0,7.10031,26.64,59.46318,993.2033,,2023-08-20 05:11:11.321370,2023-08-20 19:54:20.308513,883.1497857166667,0,0,1,6,1,0,,summer,0,0,0,0
571100227,18.05,18.097624,rain,0.1,0.0,14.654254,26.64,89.519875,996.33075,,2023-08-20 05:11:32.458142,2023-08-20 19:54:45.166027,883.2117980833334,0,1,0,6,1,0,,summer,0,0,0,1
571073427,24.2,25.876352,rain,0.3,0.0,10.1887,24.119999,70.736755,997.1353,,2023-08-20 05:10:23.035413,2023-08-20 19:54:31.937464,884.1483675166667,0,0,1,6,1,0,,summer,0,0,0,0
571267227,14.9,13.763592,none,0.0,0.0,11.726277,22.319998,81.978195,1002.50775,,2023-08-21 05:12:16.291532,2023-08-21 19:51:18.826831,879.0422549833334,0,0,1,0,0,0,,summer,0,0,0,0
571411827,14.9,13.763592,none,0.0,0.0,11.726277,22.319998,81.978195,1000.2582,,2023-08-21 05:12:30.763966,2023-08-21 19:51:31.315547,879.0091930166667,0,0,1,0,0,0,,summer,0,0,0,0
571129427,16.4,16.507236,none,0.0,0.0,8.435069,20.519999,86.27053,999.13184,,2023-08-21 05:11:41.300002,2023-08-21 19:51:48.846711,880.1257784833334,0,1,0,0,0,0,,summer,0,0,0,1
571156227,18.6,16.631992,none,0.0,0.0,13.783817,29.519999,57.325077,999.2672,,2023-08-21 05:13:11.409348,2023-08-21 19:52:21.460049,879.1675116833334,0,0,1,0,0,0,,summer,0,0,0,0
571190827,20.65,19.526136,none,0.0,0.0,6.638072,24.119999,43.65811,995.55634,,2023-08-21 05:13:03.926209,2023-08-21 19:52:04.174866,879.0041442833333,0,0,1,0,0,0,,summer,0,0,0,0
572218227,18.95,17.883278,none,0.0,0.0,11.525623,26.28,56.839737,998.50995,,2023-08-21 05:12:54.048108,2023-08-21 19:52:40.507458,879.7743224999999,0,0,1,0,0,0,,summer,0,0,0,0
571109627,13.4,12.160833,none,0.0,0.0,11.570515,20.880001,87.98599,997.161,,2023-08-21 05:12:11.832056,2023-08-21 19:52:20.847274,880.1502536333334,0,0,1,0,0,0,,summer,0,0,0,0
571479827,18.7,18.632034,none,0.0,0.0,4.6102495,10.440001,64.841194,999.86475,,2023-08-21 05:12:15.178040,2023-08-21 19:51:13.223045,878.96741675,0,0,1,0,0,0,,summer,0,0,0,0
571143227,16.25,14.70369,none,0.0,0.0,13.779114,26.64,73.470245,999.2995,,2023-08-21 05:13:13.176560,2023-08-21 19:52:06.710645,878.89223475,0,0,1,0,0,0,,summer,0,0,0,0
571354427,17.25,15.626766,none,0.0,0.0,13.044722,26.64,66.26415,995.3875,,2023-08-21 05:12:12.257080,2023-08-21 19:52:34.056562,880.3633247,0,0,1,0,0,0,,summer,0,0,0,0
571105227,17.4,17.137098,none,0.0,0.0,12.229406,24.119999,83.63158,998.6084,,2023-08-21 05:11:49.661511,2023-08-21 19:51:57.600762,880.13232085,0,1,0,0,0,0,,summer,0,0,0,1
571162427,17.15,15.119301,none,0.0,0.0,15.124284,31.319998,65.150024,992.2928,,2023-08-21 05:13:08.663127,2023-08-21 19:51:41.679518,878.5502731833333,0,0,1,0,0,0,,summer,0,0,1,0
572433827,18.45,18.568092,none,0.0,0.0,4.3349743,9.36,67.84204,995.6576,,2023-08-21 05:12:12.218789,2023-08-21 19:51:50.772566,879.6425629500001,0,0,1,0,0,0,,summer,0,0,0,0
571146027,19.15,17.77377,none,0.0,0.0,11.753876,27.72,55.204735,999.8393,,2023-08-21 05:11:57.512758,2023-08-21 19:51:31.376572,879.5643968999999,0,0,1,0,0,0,,summer,0,0,0,0
571147227,14.8,13.705219,none,0.0,0.0,11.440978,21.96,82.5079,1000.1138,,2023-08-21 05:12:26.439248,2023-08-21 19:51:46.615884,879.3362772666666,0,0,1,0,0,0,,summer,0,0,0,0
571217027,20.25,18.68218,none,0.0,0.0,7.072878,15.119999,45.054417,993.85706,,2023-08-21 05:13:00.721245,2023-08-21 19:52:01.311049,879.0098300666667,0,0,1,0,0,0,,summer,0,0,0,0
571209027,16.3,15.428633,none,0.0,0.0,7.7879906,9.0,70.14829,1000.5859,,2023-08-21 05:12:11.881770,2023-08-21 19:50:52.401025,878.6753209166667,0,0,1,0,0,0,,summer,0,0,0,0
571440427,20.25,19.351164,none,0.0,0.0,10.703569,25.199999,50.70594,994.588,,2023-08-21 05:13:04.427704,2023-08-21 19:51:56.947377,878.8753278833334,0,0,1,0,0,0,,summer,0,0,0,0
571162027,18.15,16.25688,none,0.0,0.0,12.88981,30.960001,58.571762,996.09216,,2023-08-21 05:13:51.915722,2023-08-21 19:52:28.615976,878.6116709,0,0,1,0,0,0,,summer,0,0,0,0
571125227,14.95,13.578461,none,0.0,0.0,12.904882,24.48,80.643456,998.7256,,2023-08-21 05:12:47.534005,2023-08-21 19:51:24.983781,878.6241629333333,0,0,1,0,0,0,,summer,0,0,0,0
571131427,16.1,14.904293,none,0.0,0.0,12.24,25.919998,76.16084,996.92175,,2023-08-21 05:13:27.668184,2023-08-21 19:52:34.715943,879.11746265,0,0,1,0,0,0,,summer,0,0,0,0
571212227,20.25,19.405626,none,0.0,0.0,4.452954,11.879999,49.19601,997.33954,,2023-08-21 05:12:00.665222,2023-08-21 19:51:26.885763,879.4370090166667,0,0,1,0,0,0,,summer,0,0,0,0
571325027,15.1,14.682329,none,0.0,0.0,7.5685663,12.599999,82.816826,993.34894,,2023-08-22 05:13:57.405066,2023-08-22 19:49:16.147623,875.3123759499999,0,1,0,1,0,0,,summer,0,0,0,1
571350227,18.85,18.411087,none,0.0,0.0,5.8603754,15.119999,61.740845,993.726,,2023-08-22 05:13:53.220170,2023-08-22 19:49:03.023037,875.1633811166666,0,0,1,1,0,0,,summer,0,0,0,0
571283227,19.1,18.276844,rain,0.1,0.0,7.968939,15.4800005,59.78666,990.52167,,2023-08-22 05:14:18.948212,2023-08-22 19:49:58.864808,875.6652766000001,0,0,1,1,0,0,,summer,0,0,0,0
571284227,18.7,18.20176,rain,0.1,0.0,6.4799995,18.72,62.736034,993.38727,,2023-08-22 05:13:42.267598,2023-08-22 19:48:50.814283,875.14244475,0,0,1,1,0,0,,summer,0,0,0,0
571276827,19.15,18.301235,rain,0.2,0.0,8.669949,16.919998,60.59611,992.4705,,2023-08-22 05:13:54.049542,2023-08-22 19:48:56.930581,875.0480173166667,0,0,1,1,0,0,,summer,0,0,0,0
571256427,15.5,15.682156,none,0.0,0.0,2.9024127,9.72,79.40042,992.1106,,2023-08-22 05:14:22.005954,2023-08-22 19:49:25.527023,875.0586844833334,0,0,1,1,0,0,,summer,0,0,0,0
571261627,17.95,16.740583,none,0.0,0.0,10.308831,20.16,63.61381,994.97156,,2023-08-22 05:14:25.946146,2023-08-22 19:49:15.983343,874.8339532833332,0,0,1,1,0,0,,summer,0,0,0,0
571264427,17.95,16.850826,rain,0.1,0.0,9.449572,18.72,63.40292,992.682,,2023-08-22 05:13:28.298558,2023-08-22 19:48:48.309252,875.3335115666666,0,0,1,1,0,0,,summer,0,0,0,0
571295427,17.95,16.740583,none,0.0,0.0,10.308831,20.16,63.61381,993.4594,,2023-08-22 05:14:24.761552,2023-08-22 19:49:21.029210,874.9377943,0,0,1,1,0,0,,summer,0,0,0,0
571387427,17.9,17.164818,none,0.0,0.0,5.937272,14.759999,61.520855,990.0216,,2023-08-22 05:14:42.939216,2023-08-22 19:49:07.535458,874.4099373666667,0,0,1,1,0,0,,summer,0,0,0,0
571245827,18.95,18.192608,none,0.0,0.0,6.489992,15.4800005,58.376385,991.9783,,2023-08-22 05:14:28.737193,2023-08-22 19:49:37.174298,875.1406184166666,0,0,1,1,0,0,,summer,0,0,0,0
571290827,17.55,16.95219,rain,0.2,0.0,7.5942082,17.28,68.331924,990.76404,,2023-08-22 05:14:12.743241,2023-08-22 19:49:18.678069,875.0989138,0,0,1,1,0,0,,summer,0,0,0,0
571322627,15.75,15.452703,none,0.0,0.0,6.4096174,9.0,78.65598,993.5038,,2023-08-22 05:13:44.642243,2023-08-22 19:48:15.923481,874.5213539666668,0,0,1,1,0,0,,summer,0,0,0,0
571360227,18.85,18.701725,none,0.0,0.0,2.4149535,9.0,58.93784,984.16254,,2023-08-22 05:15:00.795593,2023-08-22 19:49:19.031090,874.30392495,0,0,1,1,0,0,,summer,0,0,0,0
571390827,18.85,18.746387,none,0.0,0.0,2.4149535,10.440001,59.528854,990.3721,,2023-08-22 05:15:24.244017,2023-08-22 19:49:03.329192,873.6514195833333,0,0,1,1,0,0,,summer,0,0,0,0
571328827,15.0,14.403259,none,0.0,0.0,9.47012,15.119999,85.00963,984.64496,,2023-08-22 05:14:55.150468,2023-08-22 19:49:14.448740,874.3216378666667,0,1,0,1,0,0,,summer,0,0,0,1
572005827,15.25,14.760075,none,0.0,0.0,7.9526596,12.24,81.7533,990.76245,,2023-08-22 05:14:26.068354,2023-08-22 19:49:28.535678,875.0411220666666,0,1,0,1,0,0,,summer,0,0,0,1
571217427,15.75,15.279032,none,0.0,0.0,3.2399998,4.32,68.422,994.6965,,2023-08-22 05:15:02.797267,2023-08-22 19:49:49.829247,874.7838663333333,0,1,0,1,0,0,,summer,0,0,0,1
571284827,18.85,18.396683,rain,0.1,0.0,6.924738,16.56,63.604206,992.4522,,2023-08-22 05:15:21.256499,2023-08-22 19:50:20.900860,874.9940726833333,0,0,1,1,0,0,,summer,0,0,0,0
572720627,19.4,18.061264,none,0.0,0.0,8.891343,19.44,53.808987,988.78107,,2023-08-22 05:14:47.946316,2023-08-22 19:49:18.969760,874.5170574,0,0,1,1,0,0,,summer,0,0,0,0
571245627,18.55,18.232407,none,0.0,0.0,5.2416787,13.679999,63.32756,988.71796,,2023-08-22 05:14:17.366892,2023-08-22 19:50:01.633803,875.73778185,0,0,1,1,0,0,,summer,0,0,0,0
571328027,15.25,14.760075,none,0.0,0.0,7.9526596,12.24,81.7533,992.2836,,2023-08-22 05:14:34.974397,2023-08-22 19:49:34.322315,874.9891319666666,0,1,0,1,0,0,,summer,0,0,0,1
571310227,19.4,18.962885,rain,0.2,0.0,4.802999,11.879999,57.714367,988.70044,,2023-08-22 05:15:16.111038,2023-08-22 19:49:37.543660,874.3572103666667,0,0,1,1,0,0,,summer,0,0,0,0
571319427,14.55,14.25699,none,0.0,0.0,6.162207,10.08,84.40345,988.45294,,2023-08-22 05:15:17.759811,2023-08-22 19:49:01.584691,873.7304146666667,0,1,0,1,0,0,,summer,0,0,0,1
571394627,19.2,17.512598,none,0.0,0.0,18.792551,36.719997,68.66286,989.801,,2023-08-23 05:16:46.577633,2023-08-23 19:47:27.387355,870.6801620333333,0,0,1,2,0,0,,summer,0,0,1,0
571451427,19.6,17.731411,rain,0.1,0.0,17.174677,32.760002,61.70996,988.0852,,2023-08-23 05:16:43.903299,2023-08-23 19:46:55.425376,870.1920346166667,0,0,1,2,0,0,,summer,0,0,1,0
571448027,14.0,13.822468,none,0.0,0.0,7.8625183,14.04,94.005104,993.3234,,2023-08-23 05:15:57.716130,2023-08-23 19:46:52.963915,870.9207964166667,0,1,0,2,0,0,,summer,0,0,0,1
571497827,18.9,17.41982,rain,0.1,0.0,18.331741,34.92,71.80482,989.5509,,2023-08-23 05:16:12.177753,2023-08-23 19:47:04.067677,870.8648320666667,0,0,1,2,0,0,,summer,0,0,1,0
571426627,19.35,17.729397,rain,0.3,0.0,15.696165,34.92,63.09019,980.0267,,2023-08-23 05:17:04.347870,2023-08-23 19:46:55.643842,869.8549328666667,0,0,1,2,0,0,,summer,0,0,1,0
571445627,15.15,15.110184,none,0.0,0.0,7.386582,20.519999,88.42677,993.29156,,2023-08-23 05:16:25.435004,2023-08-23 19:46:55.866450,870.5071907666667,1,0,0,2,0,0,,summer,0,0,0,0
571376627,16.4,15.773087,none,0.0,0.0,11.885453,22.68,82.704315,994.483,,2023-08-23 05:16:19.461691,2023-08-23 19:46:49.476832,870.5002523500001,0,0,1,2,0,0,,summer,0,0,0,0
571397027,19.65,17.872862,none,0.0,0.0,17.10284,37.8,62.538506,987.7138,,2023-08-23 05:16:49.714149,2023-08-23 19:46:28.960139,869.6540998333334,0,0,1,2,0,0,,summer,0,0,1,0
571394027,18.5,17.070913,rain,0.1,0.0,18.1041,34.2,73.86292,994.3893,,2023-08-23 05:16:19.737782,2023-08-23 19:46:32.330352,870.2098761666667,0,0,1,2,0,0,,summer,0,0,1,0
571459427,17.45,16.56058,rain,0.1,0.0,13.089354,34.92,76.12863,990.62463,,2023-08-23 05:16:26.038678,2023-08-23 19:47:09.130105,870.71819045,0,0,1,2,0,0,,summer,0,0,0,0
571441027,13.95,13.732492,none,0.0,0.0,7.9036193,14.04,93.69616,986.107,,2023-08-23 05:17:33.249963,2023-08-23 19:49:23.712918,871.8410492500001,0,1,0,2,0,0,,summer,0,0,0,1
574568227,17.2,16.659142,rain,0.7,0.0,10.464797,35.28,76.83769,993.7502,,2023-08-23 05:15:53.595253,2023-08-23 19:46:36.199251,870.7100666333333,0,0,1,2,0,0,,summer,0,0,0,0
571896627,15.65,15.365145,none,0.0,0.0,9.422101,19.08,86.47749,992.3835,,2023-08-23 05:15:57.332337,2023-08-23 19:46:35.299736,870.6327899833334,1,0,0,2,0,0,,summer,0,0,0,0
571349027,14.95,14.274355,none,0.0,0.0,11.159999,21.24,88.12151,988.7473,,2023-08-23 05:16:23.095540,2023-08-23 19:47:36.649906,871.2259061,0,0,1,2,0,0,,summer,0,0,0,0
571362227,15.2,14.562006,none,0.0,0.0,11.252519,21.24,87.56999,993.0749,,2023-08-23 05:16:15.592722,2023-08-23 19:46:32.720516,870.2854632333333,0,0,1,2,0,0,,summer,0,0,0,0
571436027,17.15,16.068771,rain,0.1,0.0,15.4800005,28.8,79.89324,992.9497,,2023-08-23 05:16:25.222333,2023-08-23 19:46:49.842406,870.41033455,0,0,1,2,0,0,,summer,0,0,1,0
571512427,18.5,17.070913,rain,0.1,0.0,18.1041,34.2,73.86292,993.57666,,2023-08-23 05:16:03.948059,2023-08-23 19:46:23.633342,870.32808805,0,0,1,2,0,0,,summer,0,0,1,0
571516427,17.4,16.442137,rain,0.1,0.0,15.119999,28.08,79.66899,994.14655,,2023-08-23 05:16:03.135985,2023-08-23 19:46:22.312682,870.3196116166667,0,0,1,2,0,0,,summer,0,0,1,0
571413027,19.9,18.217514,rain,0.2,0.0,15.459054,32.399998,59.779392,994.094,,2023-08-23 05:16:33.765546,2023-08-23 19:47:06.549636,870.5464015,0,0,1,2,0,0,,summer,0,0,1,0
571396427,19.4,17.763496,rain,0.1,0.0,18.919704,36.0,68.70266,987.8923,,2023-08-23 05:16:28.556327,2023-08-23 19:47:15.980818,870.7904081833333,0,0,1,2,0,0,,summer,0,0,1,0
571618027,17.05,16.119265,rain,0.1,0.0,12.904882,37.8,77.065575,989.2857,,2023-08-23 05:16:44.927290,2023-08-23 19:46:28.054955,869.7187944166667,0,0,1,2,0,0,,summer,0,0,0,0
571471227,16.4,15.945488,none,0.0,0.0,10.464798,22.319998,82.16735,990.29913,,2023-08-23 05:16:07.576844,2023-08-23 19:47:03.128583,870.9258623166667,0,0,1,2,0,0,,summer,0,0,0,0
571484627,19.9,18.217514,rain,0.2,0.0,15.459054,32.399998,59.779392,992.0165,,2023-08-23 05:16:19.607665,2023-08-23 19:46:53.575280,870.5661269166667,0,0,1,2,0,0,,summer,0,0,1,0
571365027,16.1,15.524006,rain,0.5,0.0,11.298495,25.56,83.753006,989.3362,,2023-08-23 05:18:41.210742,2023-08-23 19:49:05.855357,870.4107435833333,0,0,1,2,0,0,,summer,0,0,0,0
571594427,19.5,17.990389,rain,0.1,0.0,15.94601,31.319998,64.3789,989.3599,,2023-08-23 05:16:29.958025,2023-08-23 19:47:35.230786,871.08787935,0,0,1,2,0,0,,summer,0,0,1,0
571532227,19.2,17.512598,none,0.0,0.0,18.792551,36.719997,68.66286,989.801,,2023-08-23 05:16:42.224299,2023-08-23 19:46:57.423442,870.25331905,0,0,1,2,0,0,,summer,0,0,1,0
571697227,19.45,17.782549,rain,0.1,0.0,15.575981,32.760002,61.87895,993.93823,,2023-08-23 05:16:13.416495,2023-08-23 19:46:22.834644,870.15696915,0,0,1,2,0,0,,summer,0,0,1,0
571662827,14.9,13.954983,none,0.0,0.0,5.815978,14.4,70.58258,992.60364,,2023-08-24 05:18:41.719084,2023-08-24 19:43:50.698340,865.1496542666666,0,0,1,3,0,0,,summer,0,0,0,0
571505627,15.4,14.461651,rain,0.5,0.0,9.826088,20.519999,78.08709,993.085,,2023-08-24 05:18:58.345913,2023-08-24 19:45:37.136058,866.6465024166666,0,0,1,3,0,0,,summer,0,0,0,0
571509827,16.65,15.70842,none,0.0,0.0,8.891343,24.48,69.98371,989.19214,,2023-08-24 05:18:43.583346,2023-08-24 19:44:19.871875,865.6048088166666,0,0,1,3,0,0,,summer,0,0,0,0
571619827,16.5,15.048592,none,0.0,0.0,8.905908,20.519999,62.863934,992.11273,,2023-08-24 05:19:04.025782,2023-08-24 19:43:50.531639,864.7750976166666,0,0,1,3,0,0,,summer,0,0,0,0
571569627,13.4,11.938295,none,0.0,0.0,7.2359104,11.879999,71.980125,989.8305,,2023-08-24 05:18:46.784239,2023-08-24 19:44:25.086936,865.6383782833333,1,0,0,3,0,0,,summer,0,0,0,0
571564427,15.85,14.61459,none,0.0,0.0,5.8603754,19.08,61.872864,994.52277,,2023-08-24 05:17:42.844284,2023-08-24 19:43:44.821177,866.0329482166667,0,0,1,3,0,0,,summer,0,0,0,0
571571027,16.8,15.102673,none,0.0,0.0,12.738099,24.84,66.38939,992.65546,,2023-08-24 05:18:20.491942,2023-08-24 19:44:39.389328,866.3149564333332,0,0,1,3,0,0,,summer,0,0,0,0
572619627,15.7,15.011654,rain,0.2,0.0,8.435069,18.72,77.36313,991.4681,,2023-08-24 05:18:14.106315,2023-08-24 19:43:32.940500,865.3139030833333,0,0,1,3,0,0,,summer,0,0,0,0
571828827,16.95,15.347847,none,0.0,0.0,9.47012,20.16,60.07445,994.3217,,2023-08-24 05:18:19.701812,2023-08-24 19:45:03.500138,866.7299720999999,0,0,1,3,0,0,,summer,0,0,0,0
571472227,13.1,12.95463,none,0.0,0.0,6.151683,12.24,95.520546,992.69714,,2023-08-24 05:18:06.678574,2023-08-24 19:44:27.249076,866.3428417,0,0,1,3,0,0,,summer,0,0,0,0
571862627,15.7,14.556282,none,0.0,0.0,5.0528407,20.16,62.04774,996.6258,,2023-08-24 05:18:44.220620,2023-08-24 19:44:51.419738,866.1199852999999,0,0,1,3,0,0,,summer,0,0,0,0
571511627,14.75,14.241995,rain,0.1,0.0,7.2,16.919998,82.229996,995.4901,,2023-08-24 05:17:32.551032,2023-08-24 19:43:23.127509,865.8429412833334,0,0,1,3,0,0,,summer,0,0,0,0
571482827,15.1,14.639896,rain,0.1,0.0,6.439876,15.119999,79.34325,991.346,,2023-08-24 05:18:16.321552,2023-08-24 19:43:37.275608,865.3492342666667,0,0,1,3,0,0,,summer,0,0,0,0
571540027,16.6,15.060534,none,0.0,0.0,9.227524,25.919998,61.838562,994.29913,,2023-08-24 05:18:31.628822,2023-08-24 19:44:56.718086,866.4181544,0,0,1,3,0,0,,summer,0,0,0,0
571548427,16.7,14.673693,none,0.0,0.0,10.1376915,21.24,56.083027,991.8571,,2023-08-24 05:18:04.537119,2023-08-24 19:44:55.093381,866.8426043666666,0,0,1,3,0,0,,summer,0,0,0,0
571572427,12.85,11.557974,none,0.0,0.0,6.162207,11.5199995,74.86442,989.31506,,2023-08-24 05:19:19.187087,2023-08-24 19:44:25.890534,865.1117241166667,1,0,0,3,0,0,,summer,0,0,0,0
571586227,14.95,14.485596,rain,0.1,0.0,6.792466,15.84,80.91011,996.8164,,2023-08-24 05:18:03.693086,2023-08-24 19:43:35.924728,865.5371940333333,0,0,1,3,0,0,,summer,0,0,0,0
571618827,16.1,14.814339,none,0.0,0.0,9.021574,18.359999,67.35845,993.0182,,2023-08-24 05:19:15.239990,2023-08-24 19:44:02.865399,864.7937568166667,0,0,1,3,0,0,,summer,0,0,0,0
571621627,14.75,14.349062,rain,0.1,0.0,6.0347,15.119999,81.15111,987.87085,,2023-08-24 05:18:49.411828,2023-08-24 19:44:32.948934,865.7256184333334,0,0,1,3,0,0,,summer,0,0,0,0
571769427,14.5,13.353889,none,0.0,0.0,6.439876,8.64,70.505356,994.8494,,2023-08-24 05:18:16.300623,2023-08-24 19:44:54.510798,866.63683625,1,0,0,3,0,0,,summer,0,0,0,0
571490427,13.0,12.908731,none,0.0,0.0,6.12,13.679999,97.097404,995.88477,,2023-08-24 05:17:58.562910,2023-08-24 19:43:45.708150,865.785754,0,0,1,3,0,0,,summer,0,0,0,0
571481227,15.05,14.249296,rain,0.1,0.0,7.928177,18.359999,77.51886,992.7101,,2023-08-24 05:17:22.434164,2023-08-24 19:43:52.117954,866.4947298333334,0,0,1,3,0,0,,summer,0,0,0,0
571563627,17.15,15.6239605,none,0.0,0.0,8.669949,20.16,58.72183,996.473,,2023-08-24 05:17:56.826067,2023-08-24 19:44:12.617736,866.2631944833333,0,0,1,3,0,0,,summer,0,0,0,0
571522627,16.25,14.94055,none,0.0,0.0,8.891344,27.359999,66.0511,997.65607,,2023-08-24 05:18:58.465834,2023-08-24 19:45:30.004760,866.5256487666667,0,0,1,3,0,0,,summer,0,0,0,0
571470627,12.85,12.356699,none,0.0,0.0,8.089993,14.04,95.82655,989.0684,,2023-08-24 05:18:59.865843,2023-08-24 19:44:58.841461,865.9829269666666,0,1,0,3,0,0,,summer,0,0,0,1
571585427,16.55,15.128229,none,0.0,0.0,9.178235,24.84,63.725307,998.4326,,2023-08-24 05:18:03.090227,2023-08-24 19:43:37.923992,865.58056275,0,0,1,3,0,0,,summer,0,0,0,0
571544627,16.6,14.930599,none,0.0,0.0,9.47012,20.880001,60.397022,991.5003,,2023-08-24 05:19:13.651424,2023-08-24 19:45:11.442972,865.9631924666667,0,0,1,3,0,0,,summer,0,0,0,0
571814027,15.6,14.49365,rain,0.2,0.0,10.233123,20.16,75.32816,992.72815,,2023-08-24 05:18:29.550785,2023-08-24 19:44:56.186378,866.44392655,0,0,1,3,0,0,,summer,0,0,0,0
571703227,14.85,13.707092,none,0.0,0.0,5.5887027,8.28,66.87095,994.3625,,2023-08-24 05:18:21.906973,2023-08-24 19:44:39.869625,866.2993775333333,0,1,0,3,0,0,,summer,0,0,0,1
571735427,12.5,11.924795,none,0.0,0.0,2.9024127,10.799999,81.395485,998.1891,,2023-08-25 05:20:05.192893,2023-08-25 19:41:37.898962,861.54510115,0,0,1,4,0,0,,summer,0,0,0,0
571683627,12.45,10.849713,none,0.0,0.0,7.5685663,10.08,74.795944,999.5267,,2023-08-25 05:20:09.389312,2023-08-25 19:41:57.230245,861.7973488833334,0,1,0,4,0,0,,summer,0,0,0,1
571660027,18.5,16.882994,none,0.0,0.0,2.3051248,5.7599998,40.15876,995.1128,,2023-08-25 05:20:45.081939,2023-08-25 19:43:05.086586,862.3334107833333,0,0,1,4,0,0,,summer,0,0,0,0
571694427,17.1,16.952814,none,0.0,0.0,3.7585104,4.68,68.69438,996.1025,,2023-08-25 05:20:43.085099,2023-08-25 19:43:00.924465,862.2973227666666,0,0,1,4,0,0,,summer,0,0,0,0
571622027,16.3,15.155609,none,0.0,0.0,2.4149535,11.879999,53.730087,996.1854,,2023-08-25 05:20:07.548035,2023-08-25 19:42:05.465247,861.9652868666667,0,0,1,4,0,0,,summer,0,0,0,0
571652427,18.45,17.51173,none,0.0,0.0,1.1384199,10.440001,43.937847,993.09406,,2023-08-25 05:22:14.576718,2023-08-25 19:42:29.275919,860.2449866833334,0,0,1,4,0,0,,summer,0,0,0,0
571653027,18.5,16.630753,none,0.0,0.0,4.6102495,14.4,41.293823,996.6966,,2023-08-25 05:20:28.655699,2023-08-25 19:42:24.048084,861.9232064166666,0,0,1,4,0,0,,summer,0,0,0,0
571643627,18.5,16.630753,none,0.0,0.0,4.6102495,14.4,41.293823,998.67664,,2023-08-25 05:20:21.788137,2023-08-25 19:42:03.769470,861.6996888833334,0,0,1,4,0,0,,summer,0,0,0,0
571974827,16.25,14.604021,none,0.0,0.0,4.8965297,8.64,51.72374,1000.1175,,2023-08-25 05:20:18.652969,2023-08-25 19:41:53.865183,861.5868702333333,1,0,0,4,0,0,,summer,0,0,0,0
571704427,17.1,16.952814,none,0.0,0.0,3.7585104,4.68,68.69438,995.5184,,2023-08-25 05:20:31.366831,2023-08-25 19:42:47.727459,862.2726771333333,0,0,1,4,0,0,,summer,0,0,0,0
571736427,12.7,12.0864315,none,0.0,0.0,3.2599385,11.5199995,80.60583,994.9764,,2023-08-25 05:20:36.241207,2023-08-25 19:42:51.650285,862.2568179666666,0,0,1,4,0,0,,summer,0,0,0,0
571670827,18.25,16.611391,none,0.0,0.0,2.8116899,11.879999,41.51031,993.5862,,2023-08-25 05:21:02.170453,2023-08-25 19:42:44.374746,861.7034048833334,0,0,1,4,0,0,,summer,0,0,0,0
571606627,12.5,11.983486,none,0.0,0.0,2.8799999,11.5199995,82.49626,995.5548,,2023-08-25 05:21:14.607576,2023-08-25 19:42:46.735204,861.5354604666667,0,0,1,4,0,0,,summer,0,0,0,0
571662227,17.9,16.081562,none,0.0,0.0,3.7585104,12.959999,41.845734,1001.3209,,2023-08-25 05:19:56.128765,2023-08-25 19:41:02.091186,861.0993736833333,0,0,1,4,0,0,,summer,0,0,0,0
571683427,12.2,10.515564,none,0.0,0.0,7.2,7.92,73.24058,997.8645,,2023-08-25 05:19:57.455904,2023-08-25 19:41:53.491190,861.9339214333334,0,1,0,4,0,0,,summer,0,0,0,1
571620027,12.45,11.725741,none,0.0,0.0,2.9024127,12.959999,78.69262,991.40924,,2023-08-25 05:21:17.706940,2023-08-25 19:44:17.556189,862.9974874833333,0,0,1,4,0,0,,summer,0,0,0,0
571741027,18.75,16.913357,none,0.0,0.0,4.0249224,13.32,39.95135,999.175,,2023-08-25 05:20:07.868264,2023-08-25 19:41:36.705380,861.4806186000001,0,0,1,4,0,0,,summer,0,0,0,0
572003627,18.3,17.059649,none,0.0,0.0,2.5455842,13.679999,42.84384,992.967,,2023-08-25 05:20:54.437763,2023-08-25 19:41:43.994735,860.8259495333333,0,0,1,4,0,0,,summer,0,0,0,0
571655227,18.3,16.709257,none,0.0,0.0,4.829907,14.759999,46.067,993.5466,,2023-08-25 05:23:44.212721,2023-08-25 19:43:55.637215,860.1904082333333,0,0,1,4,0,0,,summer,0,0,0,0
571673227,18.85,17.0326,none,0.0,0.0,3.396233,12.24,38.744236,996.7366,,2023-08-25 05:19:26.474572,2023-08-25 19:41:07.337223,861.6810441833334,0,0,1,4,0,0,,summer,0,0,0,0
571670627,18.85,17.0326,none,0.0,0.0,3.396233,12.24,38.744236,996.8528,,2023-08-25 05:19:27.614747,2023-08-25 19:41:06.076023,861.6410212666667,0,0,1,4,0,0,,summer,0,0,0,0
571672827,18.5,16.600065,none,0.0,0.0,3.5455887,9.0,38.77879,997.4385,,2023-08-25 05:20:32.401378,2023-08-25 19:42:26.455578,861.9009033333333,0,0,1,4,0,0,,summer,0,0,0,0
571784627,17.9,16.223246,none,0.0,0.0,1.1384199,10.440001,38.469433,997.46204,,2023-08-25 05:20:26.620026,2023-08-25 19:41:54.902309,861.4713713833333,0,0,1,4,0,0,,summer,0,0,0,0
572059427,17.1,16.952814,none,0.0,0.0,3.7585104,4.68,68.69438,996.80347,,2023-08-25 05:20:28.282087,2023-08-25 19:42:29.812655,862.0255094666667,0,0,1,4,0,0,,summer,0,0,0,0
571676827,13.3,11.582997,none,0.0,0.0,9.255571,10.799999,73.19005,995.78595,,2023-08-25 05:20:15.625122,2023-08-25 19:42:41.895189,862.43783445,1,0,0,4,0,0,,summer,0,0,0,0
571654827,18.3,16.073915,none,0.0,0.0,6.8399997,16.56,41.380325,986.9081,,2023-08-25 05:20:57.182243,2023-08-25 19:42:00.605163,861.0570486666667,0,0,1,4,0,0,,summer,0,0,0,0
571703627,12.35,11.649984,none,0.0,0.0,1.835647,7.5599995,76.576546,999.73804,,2023-08-26 05:21:21.217749,2023-08-26 19:38:26.830183,857.0935405666667,0,1,0,5,1,0,,summer,0,0,0,1
571760627,12.65,12.153259,none,0.0,0.0,7.342588,9.72,94.87774,992.6013,,2023-08-26 05:23:43.056593,2023-08-26 19:40:55.620681,857.2094014666667,0,1,0,5,1,0,,summer,0,0,0,1
571764827,13.1,12.93182,none,0.0,0.0,5.8603754,9.0,94.27359,991.3562,,2023-08-26 05:22:29.553567,2023-08-26 19:38:56.170639,856.4436178666667,0,1,0,5,1,0,,summer,0,0,0,1
571760427,16.9,16.628536,none,0.0,0.0,7.2359104,21.599998,75.2959,994.20166,,2023-08-26 05:22:12.340109,2023-08-26 19:39:32.455964,857.3352642499999,0,0,1,5,1,0,,summer,0,0,0,0
571750827,17.75,16.271046,none,0.0,0.0,12.261157,27.359999,64.63377,995.14624,,2023-08-26 05:22:17.762292,2023-08-26 19:39:59.341206,857.6929819,0,0,1,5,1,0,,summer,0,0,0,0
571815227,17.75,16.393257,none,0.0,0.0,12.475961,24.84,66.81043,993.67053,,2023-08-26 05:22:54.385299,2023-08-26 19:40:06.859579,857.2079046666666,0,0,1,5,1,0,,summer,0,0,0,0
571751027,18.0,16.357178,none,0.0,0.0,12.261157,27.0,61.339314,995.0284,,2023-08-26 05:22:13.107757,2023-08-26 19:39:40.945226,857.4639578166666,0,0,1,5,1,0,,summer,0,0,0,0
571724827,18.6,15.878695,none,0.0,0.0,14.386494,27.0,48.746815,993.00745,,2023-08-26 05:22:32.467947,2023-08-26 19:39:19.943912,856.7912660833333,0,0,1,5,1,0,,summer,0,0,0,0
571977427,18.1,15.4758415,none,0.0,0.0,15.379206,27.0,53.652107,997.7752,,2023-08-26 05:21:52.017009,2023-08-26 19:39:04.559421,857.2090402,0,0,1,5,1,0,,summer,0,0,1,0
571757227,16.75,16.287222,none,0.0,0.0,8.435069,27.0,75.76678,991.768,,2023-08-26 05:23:14.873607,2023-08-26 19:40:01.381643,856.7751339333333,0,0,1,5,1,0,,summer,0,0,0,0
571764627,13.05,12.912716,none,0.0,0.0,5.7599998,9.0,94.89332,998.3546,,2023-08-26 05:21:52.346505,2023-08-26 19:38:34.149855,856.6967225000001,0,1,0,5,1,0,,summer,0,0,0,1
571741627,17.5,15.477102,none,0.0,0.0,13.202726,28.08,59.803158,997.8754,,2023-08-26 05:23:02.562649,2023-08-26 19:40:31.593030,857.4838396833333,0,0,1,5,1,0,,summer,0,0,0,0
571871227,16.5,16.33383,none,0.0,0.0,7.2,23.039999,78.76582,991.38135,,2023-08-26 05:23:38.086878,2023-08-26 19:40:10.054068,856.5327865,0,0,1,5,1,0,,summer,0,0,0,0
571688627,12.25,11.680012,none,0.0,0.0,2.3051248,3.6,81.088875,997.9658,,2023-08-26 05:22:10.226673,2023-08-26 19:38:53.035006,856.7134722166667,0,1,0,5,1,0,,summer,0,0,0,1
571746827,11.2,9.857138,none,0.0,0.0,3.6179552,5.7599998,74.32486,995.7503,,2023-08-26 05:22:23.442694,2023-08-26 19:39:13.250445,856.8301291833334,0,1,0,5,1,0,,summer,0,0,0,1
571867427,19.0,16.179964,none,0.0,0.0,15.575981,27.72,48.525047,994.90765,,2023-08-26 05:22:02.153603,2023-08-26 19:39:46.831399,857.7446299333334,0,0,1,5,1,0,,summer,0,0,1,0
571695427,13.5,12.35029,none,0.0,0.0,7.4128532,14.4,77.798294,996.66516,,2023-08-26 05:22:19.950963,2023-08-26 19:39:50.713000,857.5127006166666,0,0,1,5,1,0,,summer,0,0,0,0
571982827,17.15,15.782473,none,0.0,0.0,13.089354,29.16,70.54485,997.72797,,2023-08-26 05:21:28.831329,2023-08-26 19:38:22.627672,856.8966057166667,0,0,1,5,1,0,,summer,0,0,0,0
572087027,17.25,15.3324795,rain,0.1,0.0,12.768586,24.84,61.369343,995.0574,,2023-08-26 05:23:28.349269,2023-08-26 19:40:15.681160,856.78886485,0,0,1,5,1,0,,summer,0,0,0,0
571699627,13.15,12.041307,none,0.0,0.0,7.42159,15.119999,80.39759,999.56744,,2023-08-26 05:21:46.989935,2023-08-26 19:38:40.142267,856.8858722,0,0,1,5,1,0,,summer,0,0,0,0
571869027,13.5,12.35029,none,0.0,0.0,7.4128532,14.4,77.798294,995.60077,,2023-08-26 05:22:01.494381,2023-08-26 19:39:41.110416,857.66026725,0,0,1,5,1,0,,summer,0,0,0,0
571779027,13.95,13.832928,none,0.0,0.0,6.4096174,11.159999,91.57399,991.7532,,2023-08-26 05:22:29.553923,2023-08-26 19:39:21.623646,856.8678287166666,1,0,0,5,1,0,,summer,0,0,0,0
571789227,18.1,18.329498,none,0.0,0.0,4.829907,15.4800005,71.89216,991.4069,,2023-08-27 05:24:12.918763,2023-08-27 19:36:13.440513,852.0086958333334,0,0,1,6,1,0,,summer,0,0,0,0
571812827,18.65,18.905323,rain,0.1,0.0,5.00128,14.4,70.13987,989.0083,,2023-08-27 05:24:35.457044,2023-08-27 19:38:09.999699,853.5757109166666,0,0,1,6,1,0,,summer,0,0,0,0
571788227,14.05,14.570581,none,0.0,0.0,3.5455887,12.24,94.93202,996.57263,,2023-08-27 05:23:38.367953,2023-08-27 19:36:01.411706,852.38406255,0,0,1,6,1,0,,summer,0,0,0,0
571800627,19.75,20.061264,none,0.0,0.0,4.802999,15.4800005,62.97305,990.3357,,2023-08-27 05:25:43.548374,2023-08-27 19:36:51.214388,851.1277669,0,0,1,6,1,0,,summer,0,0,0,0
571814427,18.7,18.33749,none,0.0,0.0,7.968939,12.599999,67.44936,990.2593,,2023-08-27 05:23:58.090171,2023-08-27 19:37:04.416085,853.1054319,0,0,1,6,1,0,,summer,0,0,0,0
572014027,20.85,20.17664,none,0.0,0.0,7.145796,18.359999,54.003403,985.95245,,2023-08-27 05:25:38.493398,2023-08-27 19:38:09.398683,852.5150880833334,0,0,1,6,1,0,,summer,0,0,0,0
571819427,14.0,13.534088,none,0.0,0.0,7.5685663,11.159999,88.03871,989.5625,,2023-08-27 05:24:53.239270,2023-08-27 19:38:12.633498,853.3232371333332,0,1,0,6,1,0,,summer,0,0,0,1
571844627,12.95,12.148357,none,0.0,0.0,9.107359,10.799999,92.11705,992.8483,,2023-08-27 05:24:36.821005,2023-08-27 19:37:33.229837,852.9401472000001,0,1,0,6,1,0,,summer,0,0,0,1
571825427,14.3,14.43379,none,0.0,0.0,4.802999,10.440001,89.815186,986.4668,,2023-08-27 05:25:05.010023,2023-08-27 19:37:56.108982,852.8516493166667,0,1,0,6,1,0,,summer,0,0,0,1
572227827,11.55,11.190431,none,0.0,0.0,5.1165614,12.24,98.0346,992.9043,,2023-08-27 05:24:15.474253,2023-08-27 19:36:27.741364,852.20445185,0,1,0,6,1,0,,summer,0,0,0,1
571767427,12.3,11.976522,none,0.0,0.0,5.937272,9.36,96.44346,994.14,,2023-08-27 05:24:13.085492,2023-08-27 19:37:09.209749,852.9354042833334,0,1,0,6,1,0,,summer,0,0,0,1
571809627,20.95,19.606873,none,0.0,0.0,10.805998,22.68,52.092644,995.5593,,2023-08-27 05:23:57.567906,2023-08-27 19:36:26.765260,852.4866225666667,0,0,1,6,1,0,,summer,0,0,0,0
571791227,13.5,13.748503,none,0.0,0.0,5.4119864,14.759999,98.38442,995.6758,,2023-08-27 05:25:02.767184,2023-08-27 19:38:06.883199,853.06860025,0,0,1,6,1,0,,summer,0,0,0,0
571899427,18.6,18.153774,none,0.0,0.0,9.0,15.4800005,68.767845,989.8889,,2023-08-27 05:25:06.808480,2023-08-27 19:37:47.117390,852.6718151666666,0,0,1,6,1,0,,summer,0,0,0,0
571800227,18.25,18.635324,none,0.0,0.0,3.8773184,14.4,71.45145,986.5853,,2023-08-27 05:24:53.821517,2023-08-27 19:36:58.048317,852.0704466666666,0,0,1,6,1,0,,summer,0,0,0,0
571799427,19.7,19.670622,rain,0.1,0.0,7.42159,17.28,66.5613,990.1532,,2023-08-27 05:24:24.692404,2023-08-27 19:37:41.858817,853.2861068833333,0,0,1,6,1,0,,summer,0,0,0,0
571778627,16.7,17.1556,none,0.0,0.0,4.1046314,14.759999,80.35295,990.4069,,2023-08-27 05:24:40.521312,2023-08-27 19:36:40.838804,852.0052915333333,0,0,1,6,1,0,,summer,0,0,0,0
571781827,15.8,16.02538,none,0.0,0.0,6.162207,16.199999,86.211136,991.1396,,2023-08-27 05:24:29.920206,2023-08-27 19:37:57.158004,853.4539633,0,0,1,6,1,0,,summer,0,0,0,0
571808027,20.8,19.838404,none,0.0,0.0,9.227524,20.880001,54.349552,990.868,,2023-08-27 05:24:29.919248,2023-08-27 19:37:43.783319,853.23106785,0,0,1,6,1,0,,summer,0,0,0,0
571815627,18.95,18.75274,none,0.0,0.0,5.937272,11.879999,64.682465,989.69867,,2023-08-27 05:24:10.972989,2023-08-27 19:36:35.625637,852.4108774666668,0,0,1,6,1,0,,summer,0,0,0,0
572273627,20.1,19.660727,none,0.0,0.0,7.7043357,20.519999,60.420193,992.9126,,2023-08-27 05:23:11.301406,2023-08-27 19:35:49.613195,852.6385298166666,0,0,1,6,1,0,,summer,0,0,0,0
571834227,20.45,19.889664,none,0.0,0.0,7.653705,18.72,57.590523,991.20685,,2023-08-27 05:23:54.304540,2023-08-27 19:36:51.966692,852.9610358666666,0,0,1,6,1,0,,summer,0,0,0,0
571821627,15.8,15.359617,none,0.0,0.0,7.2805495,14.759999,78.147194,983.8997,,2023-08-27 05:24:50.091806,2023-08-27 19:36:57.399502,852.1217949333334,0,1,0,6,1,0,,summer,0,0,0,1
571822027,14.6,14.12051,none,0.0,0.0,7.771331,14.4,84.96653,986.8195,,2023-08-27 05:25:43.898621,2023-08-27 19:38:03.758445,852.3309970666667,0,1,0,6,1,0,,summer,0,0,0,1
571939427,13.95,12.718029,none,0.0,0.0,7.5942073,11.5199995,74.54918,993.0082,,2023-08-28 05:27:15.448522,2023-08-28 19:34:35.981230,847.3422118,0,1,0,0,0,0,,summer,0,0,0,1
571941627,13.15,10.588157,none,0.0,0.0,12.879752,21.599998,67.888245,988.304,,2023-08-28 05:26:29.325865,2023-08-28 19:34:32.504295,848.0529738333333,0,1,0,0,0,0,,summer,0,0,0,1
571875827,17.65,16.470034,none,0.0,0.0,7.9036193,19.44,60.241413,994.40704,,2023-08-28 05:25:52.451584,2023-08-28 19:33:42.983826,847.8422040333334,0,0,1,0,0,0,,summer,0,0,0,0
572206227,11.3,10.914105,none,0.0,0.0,5.1919937,11.5199995,99.33974,993.88495,,2023-08-28 05:26:33.120084,2023-08-28 19:35:12.592078,848.6578665666667,0,0,1,0,0,0,,summer,0,0,0,0
572114627,19.75,18.34203,none,0.0,0.0,6.151683,16.56,46.78784,990.62463,,2023-08-28 05:26:10.502579,2023-08-28 19:34:08.143815,847.9606872666667,0,0,1,0,0,0,,summer,0,0,0,0
572163827,19.35,18.17746,none,0.0,0.0,5.154415,16.919998,49.117702,994.2748,,2023-08-28 05:25:29.415541,2023-08-28 19:34:07.407629,848.6332014666666,0,0,1,0,0,0,,summer,0,0,0,0
571828227,13.5,13.295197,none,0.0,0.0,5.0142193,6.12,88.870926,991.2516,,2023-08-28 05:25:06.811747,2023-08-28 19:34:00.048915,848.8872861333333,0,1,0,0,0,0,,summer,0,0,0,1
571905027,19.7,18.346241,none,0.0,0.0,6.1305785,18.72,47.574802,993.30756,,2023-08-28 05:26:05.799902,2023-08-28 19:34:36.966631,848.5194454833332,0,0,1,0,0,0,,summer,0,0,0,0
571940027,16.15,16.064949,none,0.0,0.0,4.8433046,14.04,76.42019,991.7848,,2023-08-28 05:26:46.188513,2023-08-28 19:35:01.659731,848.2578536333333,0,0,1,0,0,0,,summer,0,0,0,0
572103827,19.95,18.548557,none,0.0,0.0,6.193674,20.16,46.368656,995.4022,,2023-08-28 05:26:09.761862,2023-08-28 19:34:15.414556,848.0942115666666,0,0,1,0,0,0,,summer,0,0,0,0
571932827,15.35,13.900646,none,0.0,0.0,9.178235,14.04,68.340675,995.1332,,2023-08-28 05:25:45.763694,2023-08-28 19:34:05.546296,848.3297100333333,0,1,0,0,0,0,,summer,0,0,0,1
572788027,17.6,16.483074,none,0.0,0.0,7.5685663,19.08,60.634274,994.6367,,2023-08-28 05:25:32.287105,2023-08-28 19:34:08.725971,848.6073144333333,0,0,1,0,0,0,,summer,0,0,0,0
571937227,15.3,13.6464405,none,0.0,0.0,10.105681,16.199999,67.41802,995.1304,,2023-08-28 05:25:23.164769,2023-08-28 19:33:18.936004,847.9295205833333,0,1,0,0,0,0,,summer,0,0,0,1
571925227,17.1,16.52282,none,0.0,0.0,6.28713,7.2,67.78991,992.43024,,2023-08-28 05:26:16.153951,2023-08-28 19:34:54.564453,848.6401750333333,0,0,1,0,0,0,,summer,0,0,0,0
571924827,19.9,18.697401,none,0.0,0.0,7.42159,19.08,48.11586,992.4483,,2023-08-28 05:25:21.859073,2023-08-28 19:33:45.692577,848.3972250666667,0,0,1,0,0,0,,summer,0,0,0,0
571954027,13.1,10.525998,none,0.0,0.0,12.879752,22.68,67.87786,985.13617,,2023-08-28 05:26:51.025485,2023-08-28 19:34:38.959421,847.7988989333334,0,1,0,0,0,0,,summer,0,0,0,1
571870227,18.45,17.850168,none,0.0,0.0,4.829907,19.08,56.14687,993.4447,,2023-08-28 05:25:15.749929,2023-08-28 19:33:54.455628,848.6450949833333,0,0,1,0,0,0,,summer,0,0,0,0
571884027,19.8,19.217743,none,0.0,0.0,7.42159,20.16,49.573353,990.5009,,2023-08-28 05:27:23.509530,2023-08-28 19:35:16.404134,847.8815767333333,0,0,1,0,0,0,,summer,0,0,0,0
571945627,13.4,11.195943,none,0.0,0.0,11.620809,20.16,70.05327,989.4987,,2023-08-28 05:26:37.886111,2023-08-28 19:35:42.167959,849.0713641333333,0,1,0,0,0,0,,summer,0,0,0,1
571940227,12.6,10.022297,none,0.0,0.0,12.57426,21.24,69.18181,993.64514,,2023-08-28 05:25:48.216638,2023-08-28 19:34:29.267986,848.6841891333333,0,1,0,0,0,0,,summer,0,0,0,1
571943627,11.85,9.76172,none,0.0,0.0,8.891344,19.44,71.68915,996.10675,,2023-08-28 05:25:12.834875,2023-08-28 19:33:22.520523,848.1614274666666,0,1,0,0,0,0,,summer,0,0,0,1
571937027,17.15,16.412756,none,0.0,0.0,7.072878,11.5199995,66.90642,987.51666,,2023-08-28 05:29:49.746499,2023-08-28 19:36:40.697505,846.8491834333333,0,0,1,0,0,0,,summer,0,0,0,0
571836427,10.05,9.647765,none,0.0,0.0,2.968636,7.5599995,100.0,993.406,,2023-08-28 05:25:50.455396,2023-08-28 19:34:18.055915,848.46000865,0,0,1,0,0,0,,summer,0,0,0,0
571864027,16.65,16.86838,none,0.0,0.0,4.1046314,12.959999,77.00321,984.53046,,2023-08-28 05:26:41.871760,2023-08-28 19:34:24.649063,847.71295505,0,0,1,0,0,0,,summer,0,0,0,0
571888827,10.65,10.155089,none,0.0,0.0,4.198285,5.04,98.020744,992.0227,,2023-08-28 05:25:08.260218,2023-08-28 19:33:31.084122,848.3803984,0,1,0,0,0,0,,summer,0,0,0,1
571936827,14.45,12.460529,none,0.0,0.0,10.853866,18.359999,67.24037,995.1205,,2023-08-28 05:26:02.488373,2023-08-28 19:34:27.280708,848.4132055833333,0,1,0,0,0,0,,summer,0,0,0,1
572224427,14.3,14.401974,none,0.0,0.0,4.6800003,9.0,88.93628,991.40247,,2023-08-28 05:26:26.448640,2023-08-28 19:35:00.889683,848.5740173833333,0,1,0,0,0,0,,summer,0,0,0,1
572076627,19.7,18.375156,none,0.0,0.0,7.491114,16.919998,48.224133,981.51434,,2023-08-28 05:26:48.239929,2023-08-28 19:34:34.323270,847.7680556833333,0,0,1,0,0,0,,summer,0,0,0,0
571901227,20.75,20.830275,none,0.0,0.0,3.5455887,18.72,51.350876,988.08014,,2023-08-28 05:29:49.223052,2023-08-28 19:35:41.019043,845.8632665166666,0,0,1,0,0,0,,summer,0,0,0,0
571861827,16.15,15.8913,none,0.0,0.0,4.8433046,13.679999,73.695984,992.3681,,2023-08-28 05:25:11.782798,2023-08-28 19:33:36.674481,848.4148613833333,0,0,1,0,0,0,,summer,0,0,0,0
571924027,19.15,18.168047,none,0.0,0.0,3.319036,11.879999,48.73133,991.9671,,2023-08-28 05:25:55.864020,2023-08-28 19:34:42.993458,848.7854906333334,0,0,1,0,0,0,,summer,0,0,0,0
571948827,19.6,18.343496,none,0.0,0.0,7.289445,15.84,48.85404,989.153,,2023-08-28 05:26:18.310121,2023-08-28 19:35:20.391190,849.0346844833333,0,0,1,0,0,0,,summer,0,0,0,0
572318427,20.25,19.214142,none,0.0,0.0,7.42159,18.72,47.564957,994.92615,,2023-08-28 05:25:42.575396,2023-08-28 19:34:10.998941,848.47372575,0,0,1,0,0,0,,summer,0,0,0,0
572050427,15.45,15.448427,none,0.0,0.0,3.6179552,6.4799995,78.35284,996.3806,,2023-08-29 05:27:33.027100,2023-08-29 19:31:29.669417,843.9440386166666,0,1,0,1,0,0,,summer,0,0,0,1
572093427,14.7,13.242796,rain,0.2,0.0,10.495713,19.08,74.42871,994.0396,,2023-08-29 05:28:00.884556,2023-08-29 19:32:13.911986,844.2171238333334,0,0,1,1,0,0,,summer,0,0,0,0
572043427,12.0,10.321986,rain,0.2,0.0,10.464797,19.8,84.11484,993.28613,,2023-08-29 05:28:43.420831,2023-08-29 19:33:04.858943,844.3573018666667,0,0,1,1,0,0,,summer,0,0,0,0
572056027,15.45,15.431669,none,0.0,0.0,5.0528407,6.4799995,81.51078,988.36835,,2023-08-29 05:28:59.849600,2023-08-29 19:32:07.776996,843.1321232666667,0,1,0,1,0,0,,summer,0,0,0,1
572023227,17.2,16.226673,none,0.0,0.0,6.87779,18.359999,62.812775,991.26324,,2023-08-29 05:28:20.360230,2023-08-29 19:31:49.423099,843.48438115,0,0,1,1,0,0,,summer,0,0,0,0
571957827,13.65,11.745569,none,0.0,0.0,10.630672,21.599998,71.78361,997.3571,,2023-08-29 05:27:47.487255,2023-08-29 19:31:38.253516,843.8461043499999,0,0,1,1,0,0,,summer,0,0,0,0
572121627,16.9,16.32421,none,0.0,0.0,5.7599998,16.919998,67.52419,993.9177,,2023-08-29 05:28:47.616524,2023-08-29 19:31:37.351893,842.8289228166667,0,0,1,1,0,0,,summer,0,0,0,0
572042427,14.65,12.943657,none,0.0,0.0,10.00256,21.24,69.124016,997.3734,,2023-08-29 05:27:30.245086,2023-08-29 19:31:15.855961,843.76018125,0,0,1,1,0,0,,summer,0,0,0,0
571979027,14.7,13.2185135,rain,0.1,0.0,10.464797,19.44,73.93303,993.80457,,2023-08-29 05:28:11.530041,2023-08-29 19:31:47.592040,843.6010333166666,0,0,1,1,0,0,,summer,0,0,0,0
571996227,16.6,15.709061,none,0.0,0.0,7.208994,16.199999,67.237816,993.21576,,2023-08-29 05:27:46.198994,2023-08-29 19:32:23.437965,844.6206495166666,0,0,1,1,0,0,,summer,0,0,0,0
571941827,12.25,10.0138,none,0.0,0.0,10.315115,21.24,71.03218,992.02185,,2023-08-29 05:28:22.922898,2023-08-29 19:32:00.469103,843.6257700833334,0,1,0,1,0,0,,summer,0,0,0,1
572021627,16.9,16.32421,none,0.0,0.0,5.7599998,16.919998,67.52419,987.52856,,2023-08-29 05:28:40.371546,2023-08-29 19:32:05.564066,843.4198753333333,0,0,1,1,0,0,,summer,0,0,0,0
572054827,12.1,10.1251,rain,0.3,0.0,11.753876,20.880001,81.34261,992.3251,,2023-08-29 05:28:33.061757,2023-08-29 19:32:26.631523,843.8928294333333,0,0,1,1,0,0,,summer,0,0,0,0
572047427,12.15,9.952918,none,0.0,0.0,10.799999,20.519999,73.73281,996.71436,,2023-08-29 05:27:19.898397,2023-08-29 19:30:48.289943,843.4731924333333,0,0,1,1,0,0,,summer,0,0,0,0
572054427,11.7,9.8415985,rain,0.6,0.0,9.957108,19.44,80.468346,990.9313,,2023-08-29 05:29:02.076484,2023-08-29 19:32:25.364072,843.3881264666667,0,0,1,1,0,0,,summer,0,0,0,0
572052627,17.05,16.533695,none,0.0,0.0,5.3517847,15.119999,66.8855,993.1126,,2023-08-29 05:28:28.622594,2023-08-29 19:32:58.723141,844.5016757833333,0,0,1,1,0,0,,summer,0,0,0,0
572731227,10.4,7.9394608,none,0.0,0.0,11.525623,19.8,79.195274,995.5754,,2023-08-29 05:28:08.136243,2023-08-29 19:31:48.283880,843.6691272833334,0,0,1,1,0,0,,summer,0,0,0,0
571941027,12.15,9.913805,none,0.0,0.0,10.315115,20.880001,71.50077,992.2512,,2023-08-29 05:28:06.715757,2023-08-29 19:31:40.305781,843.5598337333333,0,1,0,1,0,0,,summer,0,0,0,1
571957027,11.7,9.445901,none,0.0,0.0,10.028439,21.24,72.40209,993.4819,,2023-08-29 05:27:45.616588,2023-08-29 19:31:56.950928,844.1889056666666,0,1,0,1,0,0,,summer,0,0,0,1
571957227,12.35,10.11878,none,0.0,0.0,11.720751,20.519999,74.778786,993.7634,,2023-08-29 05:28:14.402402,2023-08-29 19:32:24.934056,844.1755275666667,0,0,1,1,0,0,,summer,0,0,0,0
572031227,16.05,16.194624,none,0.0,0.0,3.6,10.08,77.672264,992.26135,,2023-08-29 05:27:55.390176,2023-08-29 19:31:10.522177,843.2522000166666,0,0,1,1,0,0,,summer,0,0,0,0
572105427,14.15,12.927725,none,0.0,0.0,9.585739,19.08,78.94323,993.90405,,2023-08-29 05:28:58.187568,2023-08-29 19:32:42.109109,843.7320256833334,0,0,1,1,0,0,,summer,0,0,0,0
572051827,15.45,15.300018,none,0.0,0.0,5.3999996,7.2,80.1816,998.9901,,2023-08-29 05:27:33.895926,2023-08-29 19:31:04.516764,843.5103473,0,1,0,1,0,0,,summer,0,0,0,1
572050827,14.5,14.362181,none,0.0,0.0,4.5536795,7.5599995,83.29182,993.8104,,2023-08-29 05:28:44.983742,2023-08-29 19:32:22.786138,843.6300399333334,0,1,0,1,0,0,,summer,0,0,0,1
577976227,17.0,16.315933,none,0.0,0.0,5.5887027,15.4800005,65.11739,991.9452,,2023-08-29 05:28:21.604760,2023-08-29 19:31:40.890917,843.32143595,0,0,1,1,0,0,,summer,0,0,0,0
571975227,11.7,9.732109,none,0.0,0.0,8.891344,18.359999,74.92232,991.4871,,2023-08-29 05:28:35.634695,2023-08-29 19:32:58.493379,844.3809780666667,0,1,0,1,0,0,,summer,0,0,0,1
571964027,11.6,9.904032,rain,0.5,0.0,8.225035,15.119999,79.10133,994.12573,,2023-08-29 05:29:29.677358,2023-08-29 19:33:21.877364,843.8700001,0,0,1,1,0,0,,summer,0,0,0,0
571969227,14.4,13.008593,rain,0.1,0.0,10.144082,19.08,76.13806,993.31335,,2023-08-29 05:27:44.574426,2023-08-29 19:32:21.513802,844.6156562666667,0,0,1,1,0,0,,summer,0,0,0,0
578150627,14.45,13.081865,rain,0.2,0.0,10.383987,19.08,76.91187,992.27936,,2023-08-29 05:28:29.599290,2023-08-29 19:32:13.115350,843.7252676666667,0,0,1,1,0,0,,summer,0,0,0,0
572052427,14.2,14.399916,none,0.0,0.0,4.6938252,5.3999996,91.29054,996.99255,,2023-08-29 05:29:43.468705,2023-08-29 19:33:37.711445,843.9040456666667,0,1,0,1,0,0,,summer,0,0,0,1
572163627,15.45,15.484301,none,0.0,0.0,5.4833565,6.12,83.404236,995.1868,,2023-08-29 05:27:19.311574,2023-08-29 19:31:06.168273,843.7809449833334,0,1,0,1,0,0,,summer,0,0,0,1
572151027,18.65,17.599903,none,0.0,0.0,9.422101,16.199999,61.286854,996.8506,,2023-08-30 05:29:29.751107,2023-08-30 19:28:56.230438,839.4413221833333,0,0,1,2,0,0,,summer,0,0,0,0
572165027,15.85,15.117975,none,0.0,0.0,7.771331,14.759999,74.37891,994.43604,,2023-08-30 05:30:03.298073,2023-08-30 19:29:07.617584,839.07199185,0,1,0,2,0,0,,summer,0,0,0,1
572195427,18.2,17.77688,none,0.0,0.0,6.28713,17.64,65.37726,996.8922,,2023-08-30 05:29:34.814727,2023-08-30 19:29:35.777545,840.0160469666666,0,0,1,2,0,0,,summer,0,0,0,0
572270027,13.4,12.560753,none,0.0,0.0,8.089993,12.959999,85.96986,996.3267,,2023-08-30 05:29:30.613223,2023-08-30 19:29:38.516697,840.1317245666667,0,1,0,2,0,0,,summer,0,0,0,1
572066427,15.55,15.389429,none,0.0,0.0,5.8048253,16.199999,80.459526,994.6683,,2023-08-30 05:30:31.509964,2023-08-30 19:29:02.206011,838.5116007833333,0,0,1,2,0,0,,summer,0,0,0,0
572166827,13.5,12.844437,none,0.0,0.0,7.5685663,12.24,87.41495,994.8171,,2023-08-30 05:30:09.592705,2023-08-30 19:29:55.544017,839.7658551999999,0,1,0,2,0,0,,summer,0,0,0,1
572170827,14.4,13.932737,none,0.0,0.0,6.489992,10.799999,83.00526,998.7952,,2023-08-30 05:29:06.901461,2023-08-30 19:28:22.172300,839.2545139833333,0,1,0,2,0,0,,summer,0,0,0,1
572261627,15.6,15.453934,none,0.0,0.0,5.4833565,15.4800005,79.676445,996.432,,2023-08-30 05:29:10.308450,2023-08-30 19:28:30.398806,839.3348392666667,0,0,1,2,0,0,,summer,0,0,0,0
572122027,14.75,15.132614,none,0.0,0.0,3.671294,5.7599998,88.6824,996.1415,,2023-08-30 05:30:22.918404,2023-08-30 19:30:00.972187,839.6342297166667,0,1,0,2,0,0,,summer,0,0,0,1
572122627,20.2,21.00213,none,0.0,0.0,2.0364676,13.679999,59.458042,995.4057,,2023-08-30 05:30:00.762150,2023-08-30 19:29:36.832289,839.6011689833334,0,0,1,2,0,0,,summer,0,0,0,0
572158227,15.35,14.633591,none,0.0,0.0,8.089993,14.04,77.82191,990.09106,,2023-08-30 05:31:07.982015,2023-08-30 19:31:35.603326,840.4603551833334,0,1,0,2,0,0,,summer,0,0,0,1
572111227,19.75,20.353477,none,0.0,0.0,3.396233,14.759999,60.139225,994.38116,,2023-08-30 05:30:12.440637,2023-08-30 19:29:24.028653,839.1931336,0,0,1,2,0,0,,summer,0,0,0,0
572252427,17.4,16.679068,none,0.0,0.0,8.654986,15.4800005,69.438774,999.0161,,2023-08-30 05:30:42.665804,2023-08-30 19:30:31.338804,839.8112166666667,0,0,1,2,0,0,,summer,0,0,0,0
572173627,18.65,17.599903,none,0.0,0.0,9.422101,16.199999,61.286854,996.8506,,2023-08-30 05:29:43.690928,2023-08-30 19:29:10.043272,839.4392057333333,0,0,1,2,0,0,,summer,0,0,0,0
572163427,19.4,18.453629,none,0.0,0.0,8.089993,18.72,57.33196,992.79175,,2023-08-30 05:30:28.007222,2023-08-30 19:29:37.464189,839.1576161166666,0,0,1,2,0,0,,summer,0,0,0,0
572166227,15.1,14.352577,none,0.0,0.0,8.0899935,12.959999,78.56013,998.0095,,2023-08-30 05:30:26.018906,2023-08-30 19:29:50.595951,839.4096174166666,0,1,0,2,0,0,,summer,0,0,0,1
572408027,15.35,15.36281,none,0.0,0.0,4.39436,14.04,80.96349,997.4553,,2023-08-30 05:29:33.136598,2023-08-30 19:29:28.367826,839.9205204666666,0,0,1,2,0,0,,summer,0,0,0,0
572570027,14.05,13.872808,none,0.0,0.0,5.5887027,14.759999,87.75384,994.16895,,2023-08-30 05:30:00.631176,2023-08-30 19:29:03.994847,839.0560611833333,0,0,1,2,0,0,,summer,0,0,0,0
572198027,16.8,16.630695,none,0.0,0.0,5.0911684,15.4800005,72.604034,996.00336,,2023-08-30 05:29:48.518564,2023-08-30 19:29:27.795161,839.6546099499999,0,0,1,2,0,0,,summer,0,0,0,0
572054027,14.65,14.726006,none,0.0,0.0,4.072935,5.7599998,84.97193,994.48724,,2023-08-30 05:29:54.636702,2023-08-30 19:29:33.778241,839.6523589833333,0,1,0,2,0,0,,summer,0,0,0,1
572522227,19.3,18.236805,none,0.0,0.0,8.891344,20.16,57.689777,998.81146,,2023-08-30 05:30:03.496614,2023-08-30 19:29:18.540528,839.2507319,0,0,1,2,0,0,,summer,0,0,0,0
572540427,18.4,17.728863,none,0.0,0.0,7.5599995,16.199999,63.714237,998.4489,,2023-08-30 05:29:12.045527,2023-08-30 19:28:28.117840,839.2678718833333,0,0,1,2,0,0,,summer,0,0,0,0
572085627,18.2,17.811245,none,0.0,0.0,5.8603754,18.0,64.305336,990.0479,,2023-08-30 05:30:35.186277,2023-08-30 19:29:38.809381,839.0603850666666,0,0,1,2,0,0,,summer,0,0,0,0
572169227,13.3,12.5385475,none,0.0,0.0,7.24486,11.879999,85.6748,995.03925,,2023-08-30 05:29:43.930343,2023-08-30 19:29:46.081985,840.0358607,0,1,0,2,0,0,,summer,0,0,0,1
572171227,15.9,15.158115,none,0.0,0.0,7.628263,16.199999,73.65214,993.85443,,2023-08-30 05:30:23.283648,2023-08-30 19:29:39.688512,839.2734144,0,1,0,2,0,0,,summer,0,0,0,1
572159827,18.6,17.6911,none,0.0,0.0,8.350138,17.64,61.2752,1000.2283,,2023-08-30 05:29:36.878747,2023-08-30 19:28:40.256411,839.0562944,0,0,1,2,0,0,,summer,0,0,0,0
572584427,18.85,17.86716,none,0.0,0.0,9.0645685,15.84,60.726574,994.0776,,2023-08-30 05:30:03.990318,2023-08-30 19:29:44.283335,839.6715502833334,0,0,1,2,0,0,,summer,0,0,0,0
572082827,12.75,12.24209,none,0.0,0.0,6.87779,14.04,92.71592,997.1348,,2023-08-30 05:29:23.786098,2023-08-30 19:28:52.933531,839.4857905499999,0,0,1,2,0,0,,summer,0,0,0,0
572475027,18.5,17.705702,none,0.0,0.0,8.4042845,15.84,63.31633,998.4543,,2023-08-30 05:29:28.380693,2023-08-30 19:29:05.028700,839.6108001166667,0,0,1,2,0,0,,summer,0,0,0,0
572205427,15.1,14.13983,none,0.0,0.0,9.021574,15.119999,77.27005,994.128,,2023-08-30 05:30:45.369282,2023-08-30 19:29:51.788820,839.1069923,0,1,0,2,0,0,,summer,0,0,0,1
572053427,14.75,14.603878,none,0.0,0.0,4.6102495,7.2,81.9591,994.6117,,2023-08-30 05:30:04.190598,2023-08-30 19:29:11.483362,839.1215460666666,0,1,0,2,0,0,,summer,0,0,0,1
572154627,18.85,17.86716,none,0.0,0.0,9.0645685,15.84,60.726574,997.2116,,2023-08-30 05:30:06.855569,2023-08-30 19:29:36.976178,839.5020101499999,0,0,1,2,0,0,,summer,0,0,0,0
572107827,19.75,20.359003,none,0.0,0.0,3.319036,14.759999,60.139225,989.8878,,2023-08-30 05:30:28.319772,2023-08-30 19:29:31.919251,839.0599913166666,0,0,1,2,0,0,,summer,0,0,0,0
572110427,20.2,21.099463,none,0.0,0.0,2.0364676,13.679999,60.642532,997.60315,,2023-08-30 05:29:11.768295,2023-08-30 19:28:50.428722,839.6443404500001,0,0,1,2,0,0,,summer,0,0,0,0
572167027,14.45,13.748272,none,0.0,0.0,7.145796,12.959999,80.30891,995.1002,,2023-08-30 05:30:09.636278,2023-08-30 19:29:04.062542,838.9071044,0,1,0,2,0,0,,summer,0,0,0,1
572119627,12.0,11.568296,none,0.0,0.0,6.0347,11.879999,96.43523,992.7917,,2023-08-30 05:29:47.369294,2023-08-30 19:30:02.129746,840.2460075333333,0,0,1,2,0,0,,summer,0,0,0,0
572218027,21.25,20.338531,none,0.0,0.0,15.778516,29.88,64.34171,999.5715,,2023-08-31 05:32:04.594791,2023-08-31 19:26:58.154135,834.8926557333333,0,0,1,3,0,0,,summer,0,0,1,0
572280227,18.95,18.008944,none,0.0,0.0,12.738099,20.16,67.94367,996.931,,2023-08-31 05:31:45.143271,2023-08-31 19:26:50.373570,835.0871716500001,0,1,0,3,0,0,,summer,0,0,0,1
572286427,21.25,20.522182,none,0.0,0.0,12.682018,21.599998,61.284985,999.3323,,2023-08-31 05:31:47.133480,2023-08-31 19:26:42.363290,834.9204968333332,0,0,1,3,0,0,,summer,0,0,0,0
572279627,21.0,20.232063,none,0.0,0.0,12.599998,22.68,61.62774,997.9148,,2023-08-31 05:31:25.663802,2023-08-31 19:26:56.323426,835.5109937333333,0,0,1,3,0,0,,summer,0,0,0,0
572339627,24.45,23.124954,none,0.0,0.0,15.815435,28.08,49.18375,990.4883,,2023-08-31 05:32:23.433826,2023-08-31 19:26:58.713405,834.5879929833334,0,0,1,3,0,0,,summer,0,0,1,0
572192427,17.35,16.429731,none,0.0,0.0,12.599998,25.199999,75.12436,996.5486,,2023-08-31 05:31:55.423561,2023-08-31 19:26:21.092379,834.4278136333334,0,0,1,3,0,0,,summer,0,0,0,0
572261227,23.9,23.839054,none,0.0,0.0,15.141414,30.599998,57.86591,995.2384,,2023-08-31 05:32:28.079967,2023-08-31 19:27:13.437315,834.7559557999999,0,0,1,3,0,0,,summer,0,0,1,0
572272627,23.0,22.487751,none,0.0,0.0,12.783802,26.28,57.46176,997.7151,,2023-08-31 05:32:40.776800,2023-08-31 19:27:51.415725,835.1773154166666,0,0,1,3,0,0,,summer,0,0,0,0
572211027,21.25,20.631449,none,0.0,0.0,14.4,29.88,65.390015,997.7575,,2023-08-31 05:32:40.986681,2023-08-31 19:27:52.045630,835.1843158166666,0,0,1,3,0,0,,summer,0,0,0,0
572279827,19.65,18.846132,none,0.0,0.0,12.261157,20.519999,65.902664,1000.34247,,2023-08-31 05:31:33.763357,2023-08-31 19:26:04.256683,834.5082221,0,1,0,3,0,0,,summer,0,0,0,1
572314627,23.1,23.083359,none,0.0,0.0,9.885262,23.759998,57.859154,992.1355,,2023-08-31 05:33:41.229551,2023-08-31 19:27:30.488126,833.82097625,0,0,1,3,0,0,,summer,0,0,0,0
572646427,24.55,24.383797,none,0.0,0.0,15.0038395,30.239998,55.47509,995.98016,,2023-08-31 05:32:01.832552,2023-08-31 19:26:41.063865,834.6538552166666,0,0,1,3,0,0,,summer,0,0,1,0
572411427,24.35,23.315228,none,0.0,0.0,14.773164,26.28,50.786358,996.5029,,2023-08-31 05:32:08.136820,2023-08-31 19:27:21.747752,835.2268488666667,0,0,1,3,0,0,,summer,0,0,0,0
572274227,21.05,20.32376,none,0.0,0.0,12.313894,21.96,61.438744,995.8409,,2023-08-31 05:31:01.196158,2023-08-31 19:26:11.019930,835.1637295333334,0,0,1,3,0,0,,summer,0,0,0,0
572283827,18.15,17.33866,none,0.0,0.0,11.966954,19.8,71.66677,997.7783,,2023-08-31 05:31:54.146267,2023-08-31 19:26:54.056962,834.9985115833333,0,1,0,3,0,0,,summer,0,0,0,1
572797027,24.25,22.902502,none,0.0,0.0,16.08761,28.08,49.93936,997.0514,,2023-08-31 05:32:01.327774,2023-08-31 19:27:03.714239,835.0397744166668,0,0,1,3,0,0,,summer,0,0,1,0
572278227,20.95,20.332548,none,0.0,0.0,12.287555,21.599998,63.036297,994.8319,,2023-08-31 05:32:11.990084,2023-08-31 19:27:40.510479,835.4753399166667,0,0,1,3,0,0,,summer,0,0,0,0
572321227,17.8,17.089186,none,0.0,0.0,12.218805,21.599998,75.19913,994.27997,,2023-08-31 05:32:50.272324,2023-08-31 19:27:44.249049,834.8996120833333,0,1,0,3,0,0,,summer,0,0,0,1
582282827,-4.85,-9.398843,snow,0.1,7.0,10.948973,22.68,87.53715,949.2416,,2023-11-24 08:22:21.905172,2023-11-24 16:13:04.381911,470.70794565,0,0,1,4,0,0,,autumn,0,0,0,0
572281027,19.4,18.493105,none,0.0,0.0,14.76439,28.08,70.28354,997.47644,,2023-08-31 05:31:55.136638,2023-08-31 19:26:59.178778,835.067369,0,0,1,3,0,0,,summer,0,0,0,0
572347227,19.7,18.896109,none,0.0,0.0,12.261157,19.8,65.698456,999.0833,,2023-08-31 05:31:29.735958,2023-08-31 19:26:11.999622,834.7043944,0,1,0,3,0,0,,summer,0,0,0,1
572277427,24.25,22.902502,none,0.0,0.0,16.08761,28.08,49.93936,995.79694,,2023-08-31 05:31:50.825551,2023-08-31 19:27:09.645285,835.3136622333333,0,0,1,3,0,0,,summer,0,0,1,0
572428627,24.2,23.505072,none,0.0,0.0,11.966954,26.28,50.581814,992.75275,,2023-08-31 05:33:21.241258,2023-08-31 19:27:41.774339,834.3422180166667,0,0,1,3,0,0,,summer,0,0,0,0
572280427,19.55,18.74618,none,0.0,0.0,12.261157,19.8,66.31318,995.265,,2023-08-31 05:32:08.680682,2023-08-31 19:27:34.966959,835.4381046166667,0,1,0,3,0,0,,summer,0,0,0,1
575479627,21.05,20.32376,none,0.0,0.0,12.313894,21.96,61.438744,997.6866,,2023-08-31 05:31:21.954046,2023-08-31 19:26:32.765874,835.1801971333333,1,0,0,3,0,0,,summer,0,0,0,0
572219027,20.9,20.09103,none,0.0,0.0,15.077082,31.319998,65.739555,998.1471,,2023-08-31 05:31:21.550435,2023-08-31 19:26:55.799706,835.5708211833334,0,0,1,3,0,0,,summer,0,0,1,0
572258027,24.85,24.008785,none,0.0,0.0,12.768586,29.88,48.336094,994.87805,,2023-08-31 05:32:55.387445,2023-08-31 19:27:29.237510,834.56416775,0,0,1,3,0,0,,summer,0,0,0,0
572174227,12.1,10.879273,none,0.0,0.0,10.1887,16.919998,92.06646,991.00525,,2023-08-31 05:32:26.206845,2023-08-31 19:26:43.256923,834.2841679666667,0,1,0,3,0,0,,summer,0,0,0,1
572280027,19.6,18.978737,none,0.0,0.0,11.480557,18.72,66.97576,997.5505,,2023-08-31 05:31:43.822626,2023-08-31 19:26:11.520282,834.4616275999999,0,1,0,3,0,0,,summer,0,0,0,1
572287027,18.65,17.85226,none,0.0,0.0,11.988594,19.8,69.683235,995.30396,,2023-08-31 05:32:09.237167,2023-08-31 19:27:22.015484,835.21297195,0,1,0,3,0,0,,summer,0,0,0,1
572233227,22.8,22.42431,none,0.0,0.0,15.1884165,30.960001,59.685963,994.88715,,2023-08-31 05:32:07.856426,2023-08-31 19:26:51.521778,834.7277558666667,0,0,1,3,0,0,,summer,0,0,1,0
572356827,26.4,25.463833,none,0.0,0.0,10.315115,28.08,40.35248,996.2707,,2023-09-01 05:33:07.841201,2023-09-01 19:23:37.033271,830.4865345,0,0,1,4,0,0,,autumn,0,0,0,0
572335627,17.0,16.395971,none,0.0,0.0,11.966954,20.880001,80.13271,1000.4113,,2023-09-01 05:33:36.008516,2023-09-01 19:23:49.860264,830.2308624666667,0,0,1,4,0,0,,autumn,0,0,0,0
572337027,22.8,22.582792,none,0.0,0.0,12.538134,24.84,60.85183,1000.5281,,2023-09-01 05:34:01.783973,2023-09-01 19:24:24.171677,830.3731284,0,0,1,4,0,0,,autumn,0,0,0,0
572388227,25.35,24.717175,none,0.0,0.0,8.78872,19.8,43.654934,993.9465,,2023-09-01 05:34:40.702151,2023-09-01 19:24:19.403609,829.6450243,0,0,1,4,0,0,,autumn,0,0,0,0
572390827,24.5,24.204067,none,0.0,0.0,9.826088,19.08,50.49628,999.773,,2023-09-01 05:33:35.941675,2023-09-01 19:23:48.534064,830.2098731499999,0,0,1,4,0,0,,autumn,0,0,0,0
572391627,22.3,21.737667,none,0.0,0.0,10.829958,16.56,56.364994,996.44476,,2023-09-01 05:33:49.939549,2023-09-01 19:24:21.744428,830.5300813166667,1,0,0,4,0,0,,autumn,0,0,0,0
572394227,22.1,21.648249,none,0.0,0.0,10.30883,15.84,57.428867,999.54126,,2023-09-01 05:33:40.837985,2023-09-01 19:24:03.725878,830.3814648833334,1,0,0,4,0,0,,autumn,0,0,0,0
572391827,23.95,23.67232,none,0.0,0.0,10.30883,19.8,53.044544,996.86914,,2023-09-01 05:33:12.242856,2023-09-01 19:23:45.664867,830.5570335166667,0,0,1,4,0,0,,autumn,0,0,0,0
572401427,20.3,19.372805,none,0.0,0.0,11.609651,18.72,60.66594,993.4057,,2023-09-01 05:33:42.083163,2023-09-01 19:24:49.210637,831.1187912333334,1,0,0,4,0,0,,autumn,0,0,0,0
572385627,25.5,25.138678,none,0.0,0.0,14.345898,27.359999,48.82594,995.71515,,2023-09-01 05:33:59.221125,2023-09-01 19:24:41.654314,830.7072198166667,0,0,1,4,0,0,,autumn,0,0,0,0
572393427,21.8,21.690912,none,0.0,0.0,8.557102,14.04,59.44962,996.6789,,2023-09-01 05:34:33.309556,2023-09-01 19:25:08.321146,830.5835265000001,0,0,1,4,0,0,,autumn,0,0,0,0
572335427,19.1,18.74212,none,0.0,0.0,10.514218,21.96,70.68438,997.1271,,2023-09-01 05:33:47.966522,2023-09-01 19:23:36.276706,829.8051697333334,0,0,1,4,0,0,,autumn,0,0,0,0
572438427,21.5,21.46489,none,0.0,0.0,7.10031,11.5199995,58.992245,995.0505,,2023-09-01 05:34:46.046870,2023-09-01 19:25:06.050967,830.3334016166666,0,0,1,4,0,0,,autumn,0,0,0,0
572449827,21.15,20.824923,none,0.0,0.0,11.384198,24.48,64.11198,994.9689,,2023-09-01 05:34:10.437527,2023-09-01 19:24:04.905017,829.9077915,0,0,1,4,0,0,,autumn,0,0,0,0
572456427,25.25,24.621742,none,0.0,0.0,10.799999,23.039999,46.58508,994.8163,,2023-09-01 05:32:57.104815,2023-09-01 19:23:40.179920,830.7179184166667,0,0,1,4,0,0,,autumn,0,0,0,0
572917427,16.1,15.343403,none,0.0,0.0,11.480557,20.16,81.32853,996.42596,,2023-09-01 05:33:10.979075,2023-09-01 19:23:40.374785,830.4899284999999,0,1,0,4,0,0,,autumn,0,0,0,1
572368827,25.8,24.916666,none,0.0,0.0,10.948973,21.24,43.06677,995.81067,,2023-09-01 05:32:57.552338,2023-09-01 19:23:27.068367,830.4919338166667,0,0,1,4,0,0,,autumn,0,0,0,0
572385827,26.15,25.136444,none,0.0,0.0,14.759999,27.72,43.163647,996.92017,,2023-09-01 05:34:01.818707,2023-09-01 19:24:40.875343,830.6509439333333,0,0,1,4,0,0,,autumn,0,0,0,0
572393627,22.0,21.21814,none,0.0,0.0,12.10157,19.8,57.030987,995.49133,,2023-09-01 05:33:18.048768,2023-09-01 19:24:22.071081,831.06703855,1,0,0,4,0,0,,autumn,0,0,0,0
572417027,26.45,24.887747,none,0.0,0.0,12.594856,22.68,37.781986,997.46655,,2023-09-01 05:33:41.111889,2023-09-01 19:24:18.339345,830.6204576,0,0,1,4,0,0,,autumn,0,0,0,0
572307227,16.9,16.47619,none,0.0,0.0,10.97262,21.599998,81.16833,997.4551,,2023-09-01 05:33:11.478604,2023-09-01 19:23:43.828456,830.5391642,0,0,1,4,0,0,,autumn,0,0,0,0
572341227,25.1,25.146765,none,0.0,0.0,13.32,27.72,52.31774,998.5199,,2023-09-01 05:33:23.637390,2023-09-01 19:24:23.664438,831.0004508000001,0,0,1,4,0,0,,autumn,0,0,0,0
572392827,20.6,19.698645,none,0.0,0.0,11.885453,18.72,60.33949,999.0847,,2023-09-01 05:33:42.327462,2023-09-01 19:24:08.443586,830.4352687333334,0,1,0,4,0,0,,autumn,0,0,0,1
572467827,15.65,14.976658,none,0.0,0.0,11.966954,19.44,86.19626,997.6312,,2023-09-01 05:33:59.107149,2023-09-01 19:24:02.085178,830.0496338166666,0,0,1,4,0,0,,autumn,0,0,0,0
572621627,16.65,16.555584,none,0.0,0.0,9.693296,18.72,84.635475,994.65094,,2023-09-01 05:33:48.365012,2023-09-01 19:24:47.495536,830.9855087333333,0,0,1,4,0,0,,autumn,0,0,0,0
572312827,18.7,18.311409,none,0.0,0.0,11.457958,23.759998,73.897415,999.04474,,2023-09-01 05:32:43.220048,2023-09-01 19:23:04.244923,830.3504145833334,0,0,1,4,0,0,,autumn,0,0,0,0
572401227,15.3,14.729105,none,0.0,0.0,11.384198,19.8,88.43944,997.806,,2023-09-01 05:32:52.220733,2023-09-01 19:23:39.586747,830.7894335666666,0,0,1,4,0,0,,autumn,0,0,0,0
572590227,20.85,19.613337,none,0.0,0.0,13.281023,21.96,57.87843,997.2476,,2023-09-01 05:33:29.337767,2023-09-01 19:24:16.945696,830.7934654833333,0,1,0,4,0,0,,autumn,0,0,0,1
573652227,19.8,18.639652,none,0.0,0.0,12.984975,21.24,62.16305,990.39294,,2023-09-01 05:34:27.123013,2023-09-01 19:24:33.838308,830.1119215833334,0,1,0,4,0,0,,autumn,0,0,0,1
572393227,25.8,24.660883,none,0.0,0.0,11.709688,21.599998,41.80995,997.02167,,2023-09-01 05:33:26.310512,2023-09-01 19:24:02.810372,830.608331,0,0,1,4,0,0,,autumn,0,0,0,0
573165627,23.95,23.67232,none,0.0,0.0,10.30883,19.8,53.044544,997.55493,,2023-09-01 05:33:16.112105,2023-09-01 19:23:57.559846,830.6907956833334,0,0,1,4,0,0,,autumn,0,0,0,0
572387427,24.85,24.88277,none,0.0,0.0,8.913181,20.880001,51.248634,994.2229,,2023-09-01 05:33:53.186413,2023-09-01 19:24:55.790012,831.0433933166667,0,0,1,4,0,0,,autumn,0,0,0,0
572466227,25.7,24.629911,none,0.0,0.0,10.163227,21.96,40.692017,993.2603,,2023-09-01 05:35:44.274516,2023-09-01 19:25:35.349195,829.85124465,0,0,1,4,0,0,,autumn,0,0,0,0
572681827,25.3,24.971476,none,0.0,0.0,9.686609,21.24,47.67473,994.268,,2023-09-01 05:34:09.767977,2023-09-01 19:25:10.418518,831.0108423500001,0,0,1,4,0,0,,autumn,0,0,0,0
572643027,22.0,21.21814,none,0.0,0.0,12.10157,19.8,57.030987,998.0211,,2023-09-01 05:33:27.341242,2023-09-01 19:24:17.757416,830.8402695666666,0,0,1,4,0,0,,autumn,0,0,0,0
572298427,15.2,15.078703,none,0.0,0.0,9.511088,17.64,91.94997,995.5046,,2023-09-01 05:35:53.410433,2023-09-01 19:25:26.512786,829.5517058833334,0,1,0,4,0,0,,autumn,0,0,0,1
572410827,20.5,19.65643,none,0.0,0.0,12.413477,20.880001,62.32231,994.14514,,2023-09-01 05:34:33.439236,2023-09-01 19:25:27.897761,830.9076420833334,0,1,0,4,0,0,,autumn,0,0,0,1
572710427,26.4,24.809504,none,0.0,0.0,12.074766,23.4,37.021576,996.4437,,2023-09-01 05:34:14.155380,2023-09-01 19:24:50.332596,830.6029536,0,0,1,4,0,0,,autumn,0,0,0,0
572391027,22.4,22.493326,none,0.0,0.0,11.457958,23.4,63.97207,995.6783,,2023-09-01 05:34:23.709996,2023-09-01 19:25:21.622844,830.9652141333333,0,0,1,4,0,0,,autumn,0,0,0,0
572622027,18.4,18.356865,none,0.0,0.0,10.464797,21.599998,78.026955,997.89825,,2023-09-01 05:33:51.554094,2023-09-01 19:24:47.507698,830.9325600666667,0,0,1,4,0,0,,autumn,0,0,0,0
572469827,19.2,20.670813,rain,2.1,0.0,0.71999997,10.08,75.42967,1000.0387,,2023-09-02 05:36:50.644071,2023-09-02 19:21:48.458387,824.9635719333334,0,0,1,5,1,0,,autumn,0,0,0,0
572411027,17.8,16.775972,none,0.0,0.0,11.720751,19.08,69.746254,995.14294,,2023-09-02 05:36:09.222476,2023-09-02 19:22:19.320019,826.1682923833334,0,1,0,5,1,0,,autumn,0,0,0,1
572411627,17.5,16.48205,none,0.0,0.0,11.457958,19.44,70.611664,998.7072,,2023-09-02 05:35:13.079069,2023-09-02 19:20:44.668268,825.52648665,0,1,0,5,1,0,,autumn,0,0,0,1
572493227,18.6,18.679016,none,0.0,0.0,5.8603754,13.32,69.67349,997.20447,,2023-09-02 05:35:22.055108,2023-09-02 19:21:22.143371,826.00147105,0,0,1,5,1,0,,autumn,0,0,0,0
572410227,16.85,15.874327,none,0.0,0.0,10.948973,18.359999,73.09301,997.16785,,2023-09-02 05:35:53.617506,2023-09-02 19:21:50.855991,825.95397475,0,1,0,5,1,0,,autumn,0,0,0,1
572489627,17.4,18.454386,rain,2.0,0.0,5.95906,12.599999,89.470184,996.4213,,2023-09-02 05:37:19.719936,2023-09-02 19:22:21.763102,825.0340527666667,0,0,1,5,1,0,,autumn,0,0,0,0
572493027,15.85,16.233421,rain,0.5,0.0,9.360001,14.759999,95.92083,1000.64935,,2023-09-02 05:35:53.604308,2023-09-02 19:21:43.754447,825.8358356499999,0,1,0,5,1,0,,autumn,0,0,0,1
572543227,18.6,18.679016,none,0.0,0.0,5.8603754,13.32,69.67349,998.8351,,2023-09-02 05:35:22.343783,2023-09-02 19:21:17.296064,825.91587135,0,0,1,5,1,0,,autumn,0,0,0,0
572459227,18.5,19.277918,rain,0.4,0.0,3.7064266,11.879999,75.31477,996.74695,,2023-09-02 05:35:40.851126,2023-09-02 19:22:09.060619,826.4701582166667,0,0,1,5,1,0,,autumn,0,0,0,0
573155627,18.55,19.005358,none,0.0,0.0,3.396233,13.32,70.12065,993.4411,,2023-09-02 05:35:56.022086,2023-09-02 19:21:15.633060,825.3268495666667,0,0,1,5,1,0,,autumn,0,0,0,0
572464427,18.35,19.55456,rain,0.4,0.0,2.0364676,11.5199995,78.52497,997.1842,,2023-09-02 05:35:45.389469,2023-09-02 19:21:06.428108,825.3506439833333,0,0,1,5,1,0,,autumn,0,0,0,0
572488427,17.1,17.405699,rain,0.7,0.0,8.587338,22.319998,85.784584,999.4505,,2023-09-02 05:36:49.362960,2023-09-02 19:23:01.293141,826.1988363500001,0,0,1,5,1,0,,autumn,0,0,0,0
573877627,14.8,14.420084,none,0.0,0.0,7.42159,12.24,84.70932,995.06573,,2023-09-02 05:35:56.999656,2023-09-02 19:21:24.081669,825.4513668833333,1,0,1,5,1,0,,autumn,0,0,0,0
572487027,16.1,16.721922,rain,0.8,0.0,8.12197,13.32,95.3153,998.8799,,2023-09-02 05:35:48.727344,2023-09-02 19:21:20.616879,825.53149225,0,1,0,5,1,0,,autumn,0,0,0,1
573058227,18.5,19.450937,rain,0.4,0.0,2.52,10.440001,75.31477,998.9415,,2023-09-02 05:35:20.315443,2023-09-02 19:21:45.317545,826.4167017,0,0,1,5,1,0,,autumn,0,0,0,0
572485627,16.2,17.304024,rain,1.0,0.0,5.3517847,11.879999,95.93164,999.1412,,2023-09-02 05:35:29.116939,2023-09-02 19:22:01.684934,826.5427999166666,0,1,0,5,1,0,,autumn,0,0,0,1
572412027,16.8,15.876192,none,0.0,0.0,10.703569,18.0,73.56701,998.55286,,2023-09-02 05:35:45.059705,2023-09-02 19:21:35.048217,825.8331418666668,0,1,0,5,1,0,,autumn,0,0,0,1
572491027,15.9,16.293324,rain,0.2,0.0,8.766573,18.0,94.393486,997.41724,,2023-09-02 05:37:24.517066,2023-09-02 19:21:55.678366,824.519355,0,1,0,5,1,0,,autumn,0,0,0,1
572418027,15.65,15.606821,none,0.0,0.0,7.172949,14.04,85.07929,994.3408,,2023-09-02 05:36:41.920927,2023-09-02 19:22:34.518778,825.87663085,0,0,1,5,1,0,,autumn,0,0,0,0
572502427,14.0,13.916378,none,0.0,0.0,8.4042845,15.119999,97.11963,1000.86755,,2023-09-03 05:38:05.146292,2023-09-03 19:19:40.490756,821.5890744000001,0,1,0,6,1,0,,autumn,0,0,0,1
572565227,21.55,20.547419,none,0.0,0.0,5.815978,14.04,45.87707,1002.76514,,2023-09-03 05:37:19.755162,2023-09-03 19:18:57.993161,821.6372999833333,0,0,1,6,1,0,,autumn,0,0,0,0
572578827,16.1,15.196085,none,0.0,0.0,7.7043357,11.5199995,70.343124,999.09644,,2023-09-03 05:38:33.528772,2023-09-03 19:20:23.386281,821.8309584833333,0,1,0,6,1,0,,autumn,0,0,0,1
572625027,21.55,20.547419,none,0.0,0.0,5.815978,14.04,45.87707,1000.1043,,2023-09-03 05:37:25.538282,2023-09-03 19:19:26.996993,822.02431185,0,0,1,6,1,0,,autumn,0,0,0,0
572678827,21.65,20.423702,none,0.0,0.0,7.729527,19.08,46.21398,1004.4574,,2023-09-03 05:37:38.778464,2023-09-03 19:18:58.069344,821.3215146666666,0,0,1,6,1,0,,autumn,0,0,0,0
572570827,21.25,20.344978,none,0.0,0.0,5.6233797,13.32,47.51904,997.7578,,2023-09-03 05:38:25.700274,2023-09-03 19:19:55.798444,821.5016361666666,0,0,1,6,1,0,,autumn,0,0,0,0
572715027,17.1,16.54102,none,0.0,0.0,7.653705,9.0,71.00225,998.6196,,2023-09-03 05:38:59.824267,2023-09-03 19:20:04.822953,821.0833114333333,0,0,1,6,1,0,,autumn,0,0,0,0
572506827,16.55,16.861073,none,0.0,0.0,7.7879906,18.359999,87.126396,1002.45984,,2023-09-03 05:36:47.821474,2023-09-03 19:18:11.581461,821.3959997833333,0,0,1,6,1,0,,autumn,0,0,0,0
572581427,15.2,14.269255,none,0.0,0.0,7.7879906,12.599999,74.26704,997.26587,,2023-09-03 05:37:39.954926,2023-09-03 19:19:41.630436,822.0279251666667,0,1,0,6,1,0,,autumn,0,0,0,1
572571427,18.8,18.179924,none,0.0,0.0,6.162207,7.5599995,60.113228,998.75854,,2023-09-03 05:37:52.590877,2023-09-03 19:19:08.835912,821.2707505833333,0,0,1,6,1,0,,autumn,0,0,0,0
572635427,21.7,20.365114,none,0.0,0.0,6.439876,14.4,42.780365,999.8656,,2023-09-03 05:37:39.324447,2023-09-03 19:19:19.206539,821.6647015333333,0,0,1,6,1,0,,autumn,0,0,0,0
572564827,21.55,20.547419,none,0.0,0.0,5.815978,14.04,45.87707,1001.72284,,2023-09-03 05:37:18.102569,2023-09-03 19:19:11.555782,821.8908868833333,0,0,1,6,1,0,,autumn,0,0,0,0
572588227,13.25,12.57114,none,0.0,0.0,5.8603754,9.72,83.69812,998.9491,,2023-09-03 05:39:35.010675,2023-09-03 19:20:30.598784,820.9264684833332,0,1,0,6,1,0,,autumn,0,0,0,1
572546827,21.55,20.726646,none,0.0,0.0,6.0347,18.0,48.242012,1000.0693,,2023-09-03 05:36:43.384477,2023-09-03 19:18:25.662081,821.7046267333334,0,0,1,6,1,0,,autumn,0,0,0,0
572567227,20.55,20.439932,none,0.0,0.0,3.7064266,12.24,55.74377,991.6384,,2023-09-03 05:38:09.919189,2023-09-03 19:19:17.499841,821.1263442,0,0,1,6,1,0,,autumn,0,0,0,0
572583227,14.85,13.8294525,none,0.0,0.0,8.404285,13.679999,75.95789,1002.61395,,2023-09-03 05:37:47.560606,2023-09-03 19:19:07.640280,821.3346612333333,0,1,0,6,1,0,,autumn,0,0,0,1
572501827,14.1,14.0149765,none,0.0,0.0,8.654986,14.759999,97.121826,993.80646,,2023-09-03 05:38:26.979201,2023-09-03 19:19:30.750499,821.0628549666667,0,1,0,6,1,0,,autumn,0,0,0,1
572507227,16.1,16.302673,none,0.0,0.0,5.95906,15.84,83.753006,998.8614,,2023-09-03 05:38:42.695234,2023-09-03 19:19:50.701355,821.13343535,0,0,1,6,1,0,,autumn,0,0,0,0
572544627,21.6,20.772343,none,0.0,0.0,7.127636,20.16,46.355488,999.87665,,2023-09-03 05:38:16.150789,2023-09-03 19:18:51.876219,820.5954238333333,0,0,1,6,1,0,,autumn,0,0,0,0
572550227,21.75,20.60609,none,0.0,0.0,6.1305785,18.359999,44.26428,999.719,,2023-09-03 05:37:49.133794,2023-09-03 19:19:30.727374,821.6932263333333,0,0,1,6,1,0,,autumn,0,0,0,0
572553427,21.4,20.401436,none,0.0,0.0,7.42159,19.8,46.456165,998.8068,,2023-09-03 05:38:36.355700,2023-09-03 19:19:46.505343,821.1691607166666,0,0,1,6,1,0,,autumn,0,0,0,0
572645027,21.35,20.392706,none,0.0,0.0,8.435069,20.880001,49.32811,1001.24774,,2023-09-03 05:37:17.232714,2023-09-03 19:18:47.289198,821.5009414,0,0,1,6,1,0,,autumn,0,0,0,0
572499827,14.35,14.470858,none,0.0,0.0,7.729527,14.04,96.812706,993.9657,,2023-09-03 05:39:14.111717,2023-09-03 19:20:08.991547,820.9146638333333,0,1,0,6,1,0,,autumn,0,0,0,1
572516627,15.05,15.157759,none,0.0,0.0,9.693296,15.119999,97.142715,1003.8767,,2023-09-03 05:37:26.642426,2023-09-03 19:18:33.996121,821.1225615833333,0,1,0,6,1,0,,autumn,0,0,0,1
572526627,20.3,19.929949,none,0.0,0.0,6.8777895,19.08,53.504383,998.8718,,2023-09-03 05:39:30.630963,2023-09-03 19:19:32.107349,820.0246064333334,0,0,1,6,1,0,,autumn,0,0,0,0
576530627,12.8,12.273331,none,0.0,0.0,8.766573,14.759999,97.41222,1001.40234,,2023-09-03 05:37:50.496624,2023-09-03 19:19:11.684625,821.35313335,1,0,1,6,1,0,,autumn,0,0,0,0
572719627,20.3,19.434483,none,0.0,0.0,9.793059,22.319998,57.36396,1000.8972,,2023-09-03 05:36:38.899427,2023-09-03 19:18:08.473711,821.4929047333334,0,0,1,6,1,0,,autumn,0,0,0,0
572589427,10.5,9.57666,none,0.0,0.0,6.151683,9.36,95.75042,1000.6978,,2023-09-04 05:39:48.633844,2023-09-04 19:16:59.412676,817.1796472000001,0,1,0,0,0,0,,autumn,0,0,0,1
572593027,12.6,11.258033,none,0.0,0.0,11.019764,17.28,89.09233,1001.592,,2023-09-04 05:39:35.280358,2023-09-04 19:16:17.266104,816.6997624333333,0,0,1,0,0,0,,autumn,0,0,0,0
572609427,20.9,19.477867,none,0.0,0.0,10.44,20.880001,50.709694,1001.2386,,2023-09-04 05:40:27.654376,2023-09-04 19:17:47.517228,817.3310475333333,0,0,1,0,0,0,,autumn,0,0,0,0
572604227,20.6,19.66143,none,0.0,0.0,10.464797,23.4,57.43774,1000.9239,,2023-09-04 05:40:35.268573,2023-09-04 19:17:15.072307,816.6633955666667,0,0,1,0,0,0,,autumn,0,0,0,0
572606227,21.1,20.054342,rain,0.1,0.0,10.44,22.68,54.42624,1002.26855,,2023-09-04 05:39:42.541078,2023-09-04 19:16:19.390282,816.6141534,0,0,1,0,0,0,,autumn,0,0,0,0
572611827,21.1,19.404675,none,0.0,0.0,11.525623,20.519999,48.768734,1006.24646,,2023-09-04 05:39:13.252483,2023-09-04 19:16:00.608827,816.7892724,0,0,1,0,0,0,,autumn,0,0,0,0
572606827,21.25,20.48746,none,0.0,0.0,10.703569,22.68,57.59709,1002.3942,,2023-09-04 05:39:43.702560,2023-09-04 19:16:51.012229,817.1218278166667,0,0,1,0,0,0,,autumn,0,0,0,0
572608427,21.55,20.06271,none,0.0,0.0,10.195057,26.28,47.601078,1003.5996,,2023-09-04 05:39:23.913417,2023-09-04 19:16:36.810722,817.2149550833333,0,0,1,0,0,0,,autumn,0,0,0,0
572605827,20.55,19.950462,rain,0.1,0.0,8.913181,21.24,58.957664,1000.12695,,2023-09-04 05:40:12.153223,2023-09-04 19:16:28.671262,816.2753006500001,0,0,1,0,0,0,,autumn,0,0,0,0
572621827,21.15,19.907053,rain,0.1,0.0,8.913181,24.119999,49.43913,1002.24506,,2023-09-04 05:41:41.002293,2023-09-04 19:18:04.286034,816.38806235,0,0,1,0,0,0,,autumn,0,0,0,0
572638227,14.4,14.275467,none,0.0,0.0,6.12,14.4,88.0737,999.08636,,2023-09-04 05:39:56.485365,2023-09-04 19:17:24.812646,817.47212135,0,0,1,0,0,0,,autumn,0,0,0,0
572824027,21.35,19.717737,none,0.0,0.0,10.514218,21.96,47.070442,1006.0449,,2023-09-04 05:39:40.523895,2023-09-04 19:16:27.160804,816.7772818166667,0,0,1,0,0,0,,autumn,0,0,0,0
572610027,21.25,19.640928,none,0.0,0.0,10.739832,21.96,47.999348,995.72595,,2023-09-04 05:40:10.178953,2023-09-04 19:16:47.925838,816.62911475,0,0,1,0,0,0,,autumn,0,0,0,0
572628827,19.75,18.852852,none,0.0,0.0,9.0,20.16,58.377377,1003.8007,,2023-09-04 05:39:22.004198,2023-09-04 19:16:34.960607,817.2159401499999,0,0,1,0,0,0,,autumn,0,0,0,0
573916027,21.5,19.897871,none,0.0,0.0,10.691453,25.919998,47.269737,1004.27466,,2023-09-04 05:40:06.032024,2023-09-04 19:17:11.328986,817.0882827,0,0,1,0,0,0,,autumn,0,0,0,0
572606427,21.25,20.48746,none,0.0,0.0,10.703569,22.68,57.59709,1005.2967,,2023-09-04 05:39:45.128324,2023-09-04 19:16:40.171829,816.91739175,0,0,1,0,0,0,,autumn,0,0,0,0
572801827,17.95,17.182484,none,0.0,0.0,8.435069,15.84,65.97475,1004.88416,,2023-09-04 05:39:54.330573,2023-09-04 19:17:00.400681,817.1011684666666,0,0,1,0,0,0,,autumn,0,0,0,0
572586827,13.2,12.455154,none,0.0,0.0,6.9247384,12.24,85.664406,1002.53516,,2023-09-04 05:38:51.343515,2023-09-04 19:15:30.608603,816.6544181333334,0,1,0,0,0,0,,autumn,0,0,0,1
572616427,17.75,17.078226,none,0.0,0.0,7.9932966,16.199999,67.25344,1004.8913,,2023-09-04 05:39:03.604551,2023-09-04 19:16:20.481729,817.2812863,0,0,1,0,0,0,,autumn,0,0,0,0
573062027,21.05,19.67792,none,0.0,0.0,9.504272,20.880001,49.247204,1000.5545,,2023-09-04 05:40:27.143431,2023-09-04 19:16:47.878784,816.3455892166666,0,0,1,0,0,0,,autumn,0,0,0,0
572621427,13.2,11.876963,none,0.0,0.0,8.891343,14.759999,80.135704,998.76526,,2023-09-04 05:40:43.367359,2023-09-04 19:18:34.688127,817.8553461333333,0,1,0,0,0,0,,autumn,0,0,0,1
572612827,19.95,18.749832,none,0.0,0.0,9.726664,20.16,55.223965,1004.96124,,2023-09-04 05:39:59.467202,2023-09-04 19:17:04.217228,817.0791671000001,0,0,1,0,0,0,,autumn,0,0,0,0
572607227,21.2,20.542517,none,0.0,0.0,10.44,23.4,58.536053,1003.8994,,2023-09-04 05:39:04.877039,2023-09-04 19:16:34.399298,817.4920376499999,0,0,1,0,0,0,,autumn,0,0,0,0
572596827,16.8,16.708187,none,0.0,0.0,7.386582,17.64,78.809555,1001.33984,,2023-09-04 05:39:51.780861,2023-09-04 19:16:20.357608,816.4762791166667,0,0,1,0,0,0,,autumn,0,0,0,0
572622427,18.0,16.900808,none,0.0,0.0,9.449572,16.919998,63.203915,999.7511,,2023-09-04 05:39:50.674575,2023-09-04 19:16:29.662101,816.6497920999999,0,0,1,0,0,0,,autumn,0,0,0,0
573036827,12.6,11.258033,none,0.0,0.0,11.019764,17.28,89.09233,1000.0423,,2023-09-04 05:39:35.767778,2023-09-04 19:16:15.787846,816.6670011333333,0,0,1,0,0,0,,autumn,0,0,0,0
572609627,20.25,19.940742,none,0.0,0.0,9.220499,20.16,64.12319,1005.9972,,2023-09-04 05:39:24.625844,2023-09-04 19:16:23.873657,816.98746355,0,0,1,0,0,0,,autumn,0,0,0,0
572652227,21.15,19.18943,none,0.0,0.0,7.2805495,20.16,38.46841,1002.0755,,2023-09-05 05:41:51.035516,2023-09-05 19:14:37.555958,812.7753407,0,0,1,1,0,0,,autumn,0,0,0,0
572672627,21.5,19.51598,none,0.0,0.0,6.1305785,14.4,35.505592,1002.2315,,2023-09-05 05:41:20.678823,2023-09-05 19:13:57.165562,812.6081123166666,0,0,1,1,0,0,,autumn,0,0,0,0
572688227,15.25,13.214657,none,0.0,0.0,10.636766,21.96,62.57745,1001.45685,,2023-09-05 05:41:17.344755,2023-09-05 19:14:01.041316,812.7282760166667,0,1,0,1,0,0,,autumn,0,0,0,1
572689027,16.0,13.287685,none,0.0,0.0,13.493999,21.599998,55.523422,1004.53534,,2023-09-05 05:41:46.736137,2023-09-05 19:14:15.445660,812.47849205,0,1,0,1,0,0,,autumn,0,0,0,1
572683227,20.0,18.417852,none,0.0,0.0,7.69592,11.879999,46.69835,1006.3101,,2023-09-05 05:41:22.519140,2023-09-05 19:13:31.564869,812.15076215,0,0,1,1,0,0,,autumn,0,0,0,0
572662627,21.45,19.4738,none,0.0,0.0,6.379216,17.28,36.111015,1005.2363,,2023-09-05 05:41:49.873211,2023-09-05 19:14:18.179729,812.4717753,0,0,1,1,0,0,,autumn,0,0,0,0
572685827,17.55,15.768141,none,0.0,0.0,8.287822,14.04,52.785416,999.7074,,2023-09-05 05:42:13.447846,2023-09-05 19:14:36.800326,812.389208,1,0,0,1,0,0,,autumn,0,0,0,0
572684027,12.05,11.139305,none,0.0,0.0,7.653705,11.159999,91.149445,1003.12616,,2023-09-05 05:41:48.508206,2023-09-05 19:14:45.235076,812.9454478333333,0,0,1,1,0,0,,autumn,0,0,0,0
573201427,16.1,16.06395,none,0.0,0.0,5.6233797,15.119999,79.22554,1008.5766,,2023-09-05 05:41:06.140571,2023-09-05 19:13:42.235243,812.6015778666666,0,0,1,1,0,0,,autumn,0,0,0,0
572645427,20.15,19.060415,none,0.0,0.0,9.290511,20.880001,52.75657,1007.5371,,2023-09-05 05:41:26.926909,2023-09-05 19:13:46.604978,812.3279678166667,0,0,1,1,0,0,,autumn,0,0,0,0
572688027,15.45,13.145042,none,0.0,0.0,11.792404,21.599998,60.1219,1001.8037,,2023-09-05 05:41:18.602930,2023-09-05 19:13:49.397993,812.51325105,0,1,0,1,0,0,,autumn,0,0,0,1
572646027,20.2,18.942139,none,0.0,0.0,9.449572,21.599998,50.692585,1003.33875,,2023-09-05 05:41:46.889694,2023-09-05 19:13:46.411432,811.9920289666667,0,0,1,1,0,0,,autumn,0,0,0,0
572624227,13.8,13.415777,none,0.0,0.0,5.495161,13.679999,85.16123,1006.2354,,2023-09-05 05:42:01.071222,2023-09-05 19:14:34.504415,812.5572198833332,0,0,1,1,0,0,,autumn,0,0,0,0
572702027,17.55,15.550678,none,0.0,0.0,9.693296,15.4800005,52.606003,1001.69904,,2023-09-05 05:41:04.915381,2023-09-05 19:13:33.917665,812.4833714,0,0,1,1,0,0,,autumn,0,0,0,0
574120427,17.55,15.550678,none,0.0,0.0,9.693296,15.4800005,52.606003,1004.9904,,2023-09-05 05:41:17.399518,2023-09-05 19:13:36.591095,812.3198596166666,0,0,1,1,0,0,,autumn,0,0,0,0
573550627,19.75,17.798046,none,0.0,0.0,9.449572,15.4800005,45.999043,996.27313,,2023-09-05 05:41:51.374576,2023-09-05 19:14:04.897554,812.2253829666666,0,0,1,1,0,0,,autumn,0,0,0,0
573819427,21.0,19.451466,none,0.0,0.0,4.6938257,15.84,39.226982,1001.9501,,2023-09-05 05:40:47.421813,2023-09-05 19:13:17.085444,812.49439385,0,0,1,1,0,0,,autumn,0,0,0,0
572625227,18.05,18.063717,none,0.0,0.0,6.193674,16.919998,71.882996,1006.32513,,2023-09-05 05:40:41.896271,2023-09-05 19:13:24.708491,812.713537,0,0,1,1,0,0,,autumn,0,0,0,0
572637827,11.8,10.7378845,none,0.0,0.0,8.287822,13.32,91.43714,1004.40424,,2023-09-05 05:42:12.067771,2023-09-05 19:14:35.674185,812.3934402333333,0,0,1,1,0,0,,autumn,0,0,0,0
572674027,20.9,18.830359,none,0.0,0.0,6.5693827,16.56,36.582436,1006.7927,,2023-09-05 05:41:11.801178,2023-09-05 19:13:22.212301,812.1735187166666,0,0,1,1,0,0,,autumn,0,0,0,0
572663427,19.1,17.557497,none,0.0,0.0,8.049845,14.4,50.568504,999.1038,,2023-09-05 05:42:20.313382,2023-09-05 19:14:12.692734,811.8729892,0,0,1,1,0,0,,autumn,0,0,0,0
572637027,20.2,19.237745,none,0.0,0.0,8.707237,21.599998,53.300476,1005.6885,,2023-09-05 05:40:44.446268,2023-09-05 19:13:23.998281,812.6592002166667,0,0,1,1,0,0,,autumn,0,0,0,0
573028827,21.25,19.76157,none,0.0,0.0,9.178235,21.24,43.09016,1002.876,,2023-09-05 05:41:17.327762,2023-09-05 19:13:20.373611,812.0507641500001,0,0,1,1,0,0,,autumn,0,0,0,0
572639627,20.05,19.128315,none,0.0,0.0,8.217153,20.880001,53.618168,1004.29785,,2023-09-05 05:40:36.213920,2023-09-05 19:13:17.761462,812.6924590333333,0,0,1,1,0,0,,autumn,0,0,0,0
577222027,13.9,13.552139,none,0.0,0.0,5.3517847,14.04,84.89067,1002.90686,,2023-09-05 05:41:19.678451,2023-09-05 19:13:20.762818,812.0180727833334,0,0,1,1,0,0,,autumn,0,0,0,0
572789027,15.35,13.029737,none,0.0,0.0,11.983188,21.96,60.71509,998.8273,,2023-09-05 05:41:40.790323,2023-09-05 19:13:45.987518,812.0866199166667,0,1,0,1,0,0,,autumn,0,0,0,1
573238227,20.2,19.320387,none,0.0,0.0,8.587338,20.880001,54.73914,1005.2217,,2023-09-05 05:40:32.176192,2023-09-05 19:13:07.003883,812.5804615166667,0,0,1,1,0,0,,autumn,0,0,0,0
572733027,15.3,12.85346,none,0.0,0.0,11.183201,19.44,56.886005,1000.04114,,2023-09-05 05:42:05.608985,2023-09-05 19:13:44.300539,811.6448592333332,0,1,0,1,0,0,,autumn,0,0,0,1
572696027,21.3,19.180742,none,0.0,0.0,7.208994,16.919998,36.193077,1006.1585,,2023-09-05 05:41:28.782312,2023-09-05 19:13:53.856496,812.4179030666667,0,0,1,1,0,0,,autumn,0,0,0,0
572624827,16.05,16.087875,none,0.0,0.0,5.1165614,14.759999,79.47869,1007.74274,,2023-09-05 05:40:44.104997,2023-09-05 19:13:03.968432,812.33105725,0,0,1,1,0,0,,autumn,0,0,0,0
572692227,14.15,12.667318,none,0.0,0.0,8.654987,14.4,71.87702,994.06616,,2023-09-05 05:42:58.019335,2023-09-05 19:16:14.530985,813.2751941666667,0,1,0,1,0,0,,autumn,0,0,0,1
572790827,18.6,13.148352,none,0.0,0.0,28.528723,55.8,39.769104,992.04596,,2023-09-06 05:43:46.870536,2023-09-06 19:11:27.078932,807.6701399333334,0,0,1,2,0,0,,autumn,0,0,1,0
572793827,14.5,10.521868,none,0.0,0.0,18.218275,34.56,51.072758,998.16345,,2023-09-06 05:42:39.801216,2023-09-06 19:10:38.579344,807.9796354666667,0,1,0,2,0,0,,autumn,0,0,1,1
572791627,15.35,10.777449,none,0.0,0.0,21.94524,43.199997,47.514847,993.8948,,2023-09-06 05:43:58.757681,2023-09-06 19:11:39.741014,807.68305555,1,0,0,2,0,0,,autumn,0,0,1,0
572785227,21.2,16.382072,rain,0.1,0.0,28.757215,48.96,41.4939,996.4605,,2023-09-06 05:43:28.949562,2023-09-06 19:11:46.077396,808.2854639,0,0,1,2,0,0,,autumn,0,0,1,0
572790027,16.65,12.157898,none,0.0,0.0,22.45315,46.079998,46.08237,997.24634,,2023-09-06 05:43:20.409502,2023-09-06 19:11:37.200852,808.2798558333333,0,0,1,2,0,0,,autumn,0,0,1,0
572923227,15.55,11.067636,none,0.0,0.0,21.67487,42.48,47.737373,999.47144,,2023-09-06 05:43:13.881589,2023-09-06 19:11:07.273652,807.8898677166667,1,0,0,2,0,0,,autumn,0,0,1,0
573322427,19.25,16.352283,rain,0.1,0.0,27.210379,47.88,68.67282,993.20605,,2023-09-06 05:43:56.913732,2023-09-06 19:12:18.941781,808.36713415,0,0,1,2,0,0,,autumn,0,0,1,0
573610627,20.6,15.744152,none,0.0,0.0,28.348713,50.039997,41.8931,994.4461,,2023-09-06 05:43:13.133425,2023-09-06 19:10:44.293840,807.51934025,0,0,1,2,0,0,,autumn,0,0,1,0
573054627,16.55,14.547209,none,0.0,0.0,17.555307,32.039997,73.523094,992.4564,,2023-09-06 05:43:25.472846,2023-09-06 19:11:55.750593,808.5046291166667,0,0,1,2,0,0,,autumn,0,0,1,0
572698027,12.4,10.424368,none,0.0,0.0,12.599998,20.880001,82.20717,995.20197,,2023-09-06 05:43:54.541954,2023-09-06 19:12:19.007081,808.4077521166668,1,0,1,2,0,0,,autumn,0,0,0,0
572754227,20.55,17.063509,none,0.0,0.0,27.609911,46.8,57.04794,997.5652,,2023-09-06 05:43:28.325824,2023-09-06 19:11:18.533308,807.8367913999999,0,0,1,2,0,0,,autumn,0,0,1,0
572691427,14.75,12.8864,none,0.0,0.0,10.44,19.44,67.07619,997.6871,,2023-09-06 05:43:44.103230,2023-09-06 19:11:08.512404,807.4068195666666,0,1,0,2,0,0,,autumn,0,0,0,1
572830227,19.85,16.8933,rain,0.2,0.0,24.967499,48.6,61.362804,994.6679,,2023-09-06 05:42:29.173449,2023-09-06 19:10:42.645499,808.2245341666666,0,0,1,2,0,0,,autumn,0,0,1,0
573483627,18.05,13.363033,none,0.0,0.0,24.522314,49.32,43.672756,995.3141,,2023-09-06 05:44:19.075459,2023-09-06 19:12:35.580699,808.2750873333333,0,0,1,2,0,0,,autumn,0,0,1,0
573922827,20.45,17.704931,none,0.0,0.0,25.922499,48.6,63.336197,994.82153,,2023-09-06 05:42:41.300669,2023-09-06 19:10:33.323065,807.8670399333333,0,0,1,2,0,0,,autumn,0,0,1,0
577818627,14.1,11.972147,none,0.0,0.0,14.799459,27.0,76.59995,993.2496,,2023-09-06 05:45:20.558458,2023-09-06 19:12:36.891296,807.2722139666668,0,0,1,2,0,0,,autumn,0,0,0,0
572939827,19.5,16.431944,rain,0.3,0.0,26.405453,50.399998,63.958138,995.4029,,2023-09-06 05:43:32.311503,2023-09-06 19:11:50.330304,808.30031335,0,0,1,2,0,0,,autumn,0,0,1,0
572790227,18.75,13.369051,none,0.0,0.0,28.257132,53.28,39.812317,999.8566,,2023-09-06 05:43:19.786384,2023-09-06 19:11:16.601415,807.9469171833333,0,0,1,2,0,0,,autumn,0,0,1,0
572799827,12.45,9.019857,none,0.0,0.0,14.113652,23.039999,57.352375,999.7949,,2023-09-06 05:43:35.909774,2023-09-06 19:11:39.699594,808.0631636666666,0,1,0,2,0,0,,autumn,0,0,0,1
572791027,14.35,9.929651,none,0.0,0.0,20.696087,36.719997,50.14589,997.9748,,2023-09-06 05:44:06.007074,2023-09-06 19:11:52.854357,807.7807880500001,0,1,0,2,0,0,,autumn,0,0,1,1
573280227,16.85,11.998758,none,0.0,0.0,24.627789,44.639996,44.871384,998.50995,,2023-09-06 05:43:43.762343,2023-09-06 19:11:47.534429,808.0628681,0,0,1,2,0,0,,autumn,0,0,1,0
572755227,20.2,17.12096,none,0.0,0.0,24.066206,47.519997,56.96132,991.9536,,2023-09-06 05:44:16.497146,2023-09-06 19:11:55.963099,807.6577658833334,0,0,1,2,0,0,,autumn,0,0,1,0
572825227,11.75,7.606161,none,0.0,0.0,22.26477,39.96,69.96695,1003.8132,,2023-09-07 05:45:41.721721,2023-09-07 19:09:16.780906,803.58431975,0,0,1,3,0,0,,autumn,0,0,1,0
572872827,15.55,10.545165,none,0.0,0.0,25.11758,45.0,47.404697,1003.2562,,2023-09-07 05:45:34.461223,2023-09-07 19:09:18.931479,803.7411709333334,0,0,1,3,0,0,,autumn,0,0,1,0
572926627,15.55,10.545405,none,0.0,0.0,22.553934,40.68,41.314358,1005.90283,,2023-09-07 05:45:18.642453,2023-09-07 19:08:47.395395,803.4792156999999,0,0,1,3,0,0,,autumn,0,0,1,0
572930827,11.4,8.065427,none,0.0,0.0,12.979984,21.599998,59.97045,1000.8696,,2023-09-07 05:45:32.615656,2023-09-07 19:08:36.110587,803.05824885,0,1,0,3,0,0,,autumn,0,0,0,1
572915227,14.9,10.712172,none,0.0,0.0,18.03237,38.88,45.748646,1004.71796,,2023-09-07 05:45:05.550594,2023-09-07 19:08:29.840251,803.4048276166667,0,0,1,3,0,0,,autumn,0,0,1,0
572819227,10.4,6.272149,none,0.0,0.0,22.553934,37.079998,77.848434,1003.602,,2023-09-07 05:45:36.067158,2023-09-07 19:09:21.039002,803.7495307333334,0,0,1,3,0,0,,autumn,0,0,1,0
572886827,16.15,10.496837,none,0.0,0.0,27.691935,49.32,41.341602,1000.8808,,2023-09-07 05:45:38.985176,2023-09-07 19:08:38.135300,802.9858354,0,0,1,3,0,0,,autumn,0,0,1,0
572877427,14.8,10.005501,none,0.0,0.0,24.312662,45.0,51.33289,1008.5584,,2023-09-07 05:44:59.411382,2023-09-07 19:08:08.853786,803.1573734,0,0,1,3,0,0,,autumn,0,0,1,0
572917827,15.9,10.589684,none,0.0,0.0,23.686249,45.0,38.159355,1008.0994,,2023-09-07 05:44:58.636004,2023-09-07 19:08:04.922895,803.1047815166668,0,0,1,3,0,0,,autumn,0,0,1,0
573257027,14.55,10.779802,none,0.0,0.0,15.629971,36.719997,47.961452,1005.1721,,2023-09-07 05:45:02.371014,2023-09-07 19:08:46.623259,803.7375374166667,0,0,1,3,0,0,,autumn,0,0,1,0
572813827,10.35,6.247758,none,0.0,0.0,22.218153,37.079998,77.57368,998.4109,,2023-09-07 05:45:44.854731,2023-09-07 19:08:58.161407,803.2217779333333,0,0,1,3,0,0,,autumn,0,0,1,0
572880627,15.55,10.545165,none,0.0,0.0,25.11758,45.0,47.404697,1003.2562,,2023-09-07 05:45:43.011638,2023-09-07 19:09:22.175154,803.6527252666667,0,0,1,3,0,0,,autumn,0,0,1,0
573611427,13.75,10.201397,none,0.0,0.0,13.584932,30.239998,49.107098,1002.7624,,2023-09-07 05:45:23.909592,2023-09-07 19:08:19.513744,802.9267358666667,0,0,1,3,0,0,,autumn,0,0,0,0
572934427,13.15,10.010778,none,0.0,0.0,11.304229,25.919998,52.524124,1002.7003,,2023-09-07 05:45:51.515194,2023-09-07 19:09:28.023785,803.6084765166667,0,0,1,3,0,0,,autumn,0,0,0,0
572819827,11.4,7.3255453,none,0.0,0.0,21.868332,42.839996,71.85065,1003.88794,,2023-09-07 05:45:43.071169,2023-09-07 19:08:36.799638,802.8954744833334,0,0,1,3,0,0,,autumn,0,0,1,0
572833027,10.1,6.113821,none,0.0,0.0,21.42227,38.519997,78.87967,1001.4891,,2023-09-07 05:46:20.892001,2023-09-07 19:09:28.233178,803.12235295,0,0,1,3,0,0,,autumn,0,0,1,0
573024827,10.7,6.302517,none,0.0,0.0,24.162947,41.039997,75.52567,1007.06616,,2023-09-07 05:44:50.829516,2023-09-07 19:08:02.440486,803.1935161666667,0,0,1,3,0,0,,autumn,0,0,1,0
573010227,9.15,5.701601,none,0.0,0.0,17.654688,29.88,83.78304,1002.9052,,2023-09-07 05:44:52.239911,2023-09-07 19:08:20.955000,803.4785848166666,0,0,1,3,0,0,,autumn,0,0,1,0
572916227,14.9,10.883351,none,0.0,0.0,16.923828,36.719997,45.910366,1004.1039,,2023-09-07 05:45:30.314128,2023-09-07 19:09:00.534442,803.5036719,0,0,1,3,0,0,,autumn,0,0,1,0
572930427,11.15,7.7435255,none,0.0,0.0,13.608762,23.039999,61.401333,1001.8757,,2023-09-07 05:45:36.451469,2023-09-07 19:08:41.645818,803.0865724833333,0,1,0,3,0,0,,autumn,0,0,0,1
572797427,11.0,7.3609066,none,0.0,0.0,15.546833,27.359999,63.112034,998.96857,,2023-09-07 05:44:31.992910,2023-09-07 19:08:08.241512,803.6041433666667,0,1,0,3,0,0,,autumn,0,0,1,1
572897827,15.45,10.384464,none,0.0,0.0,24.312662,49.32,44.787685,998.7451,,2023-09-07 05:46:49.864575,2023-09-07 19:10:57.566053,804.1283579666667,0,0,1,3,0,0,,autumn,0,0,1,0
572965227,14.6,10.808399,none,0.0,0.0,16.179987,36.36,48.825928,1005.7078,,2023-09-07 05:46:11.682423,2023-09-07 19:09:45.605154,803.56537885,0,0,1,3,0,0,,autumn,0,0,1,0
572892427,16.4,11.391217,none,0.0,0.0,22.7057,46.079998,39.41092,1003.39154,,2023-09-07 05:45:30.792334,2023-09-07 19:09:03.148508,803.5392695666667,0,0,1,3,0,0,,autumn,0,0,1,0
573354027,13.95,9.236755,none,0.0,0.0,24.633049,44.28,56.543205,1004.632,,2023-09-07 05:45:30.007889,2023-09-07 19:08:48.232919,803.3037505,0,0,1,3,0,0,,autumn,0,0,1,0
572920027,15.7,10.410997,none,0.0,0.0,23.83624,44.639996,39.347237,1002.9519,,2023-09-07 05:45:20.568460,2023-09-07 19:08:28.286651,803.1286365166667,0,0,1,3,0,0,,autumn,0,0,1,0
572917027,13.8,9.341514,none,0.0,0.0,23.18579,44.639996,57.893387,1001.96246,,2023-09-07 05:46:12.942598,2023-09-07 19:09:35.070262,803.3687944,0,0,1,3,0,0,,autumn,0,0,1,0
572931227,10.9,7.501626,none,0.0,0.0,13.896187,23.4,63.532497,1004.3067,,2023-09-07 05:44:49.187975,2023-09-07 19:08:07.652052,803.3077346166666,0,1,0,3,0,0,,autumn,0,0,0,1
573235427,15.9,11.27078,none,0.0,0.0,20.799152,43.92,42.304726,1003.5941,,2023-09-07 05:45:22.087844,2023-09-07 19:09:09.006748,803.7819817333333,0,0,1,3,0,0,,autumn,0,0,1,0
572946427,10.0,6.2848616,none,0.0,0.0,18.089775,29.519999,74.3708,997.99243,,2023-09-08 05:48:00.494059,2023-09-08 19:06:51.606049,798.8518664999999,0,0,1,4,0,0,,autumn,0,0,1,0
572979027,10.65,7.672682,none,0.0,0.0,14.8257065,29.88,77.08997,997.70276,,2023-09-08 05:48:55.249907,2023-09-08 19:07:05.010876,798.1626828166667,0,0,1,4,0,0,,autumn,0,0,0,0
573068227,14.65,9.94869,none,0.0,0.0,26.807312,52.56,59.723984,990.69385,,2023-09-08 05:47:52.763983,2023-09-08 19:06:30.827908,798.6343987500001,0,0,1,4,0,0,,autumn,0,0,1,0
573081227,14.55,9.819265,none,0.0,0.0,26.208395,49.32,58.080677,993.7942,,2023-09-08 05:47:19.463752,2023-09-08 19:06:36.006775,799.27571705,0,0,1,4,0,0,,autumn,0,0,1,0
572931827,11.15,7.8961897,none,0.0,0.0,13.18308,20.880001,63.368023,1005.3728,,2023-09-08 05:47:31.827056,2023-09-08 19:06:21.649110,798.8303675666666,0,1,0,4,0,0,,autumn,0,0,0,1
573062427,13.1,7.9843197,none,0.0,0.0,25.671307,47.88,54.963387,996.2622,,2023-09-08 05:47:59.348235,2023-09-08 19:06:50.590507,798.8540378666668,0,0,1,4,0,0,,autumn,0,0,1,0
573076627,13.1,7.9843197,none,0.0,0.0,25.671307,47.88,54.963387,996.97296,,2023-09-08 05:47:53.030917,2023-09-08 19:06:39.797337,798.7794403333334,0,0,1,4,0,0,,autumn,0,0,1,0
573925427,12.55,8.076986,none,0.0,0.0,21.542923,46.44,57.780575,998.95764,,2023-09-08 05:46:30.221450,2023-09-08 19:05:18.101078,798.7979938000001,0,0,1,4,0,0,,autumn,0,0,1,0
572942027,10.0,6.4731693,none,0.0,0.0,16.87398,29.16,74.62873,1001.18286,,2023-09-08 05:46:58.808493,2023-09-08 19:05:59.576233,799.0127956666668,0,0,1,4,0,0,,autumn,0,0,1,0
573280027,13.25,9.114839,none,0.0,0.0,24.344624,43.56,69.31246,997.8499,,2023-09-08 05:47:29.923070,2023-09-08 19:06:29.366620,798.9907258333334,0,0,1,4,0,0,,autumn,0,0,1,0
573138027,14.65,10.18668,none,0.0,0.0,25.338476,52.92,60.13475,994.3304,,2023-09-08 05:48:09.014227,2023-09-08 19:07:19.963612,799.18248975,0,0,1,4,0,0,,autumn,0,0,1,0
573074427,11.65,8.205504,none,0.0,0.0,14.84318,30.960001,62.38608,998.3121,,2023-09-08 05:47:42.723779,2023-09-08 19:06:44.484385,799.0293434333333,1,0,0,4,0,0,,autumn,0,0,0,0
572968027,11.95,8.070013,none,0.0,0.0,21.096123,38.16,70.97442,998.88605,,2023-09-08 05:47:17.210160,2023-09-08 19:05:48.245907,798.51726245,0,0,1,4,0,0,,autumn,0,0,1,0
573062827,9.6,6.3271837,none,0.0,0.0,14.241629,25.919998,73.52956,999.5608,,2023-09-08 05:47:17.602125,2023-09-08 19:05:49.217986,798.5269310166666,0,1,0,4,0,0,,autumn,0,0,0,1
573041427,14.4,10.022013,none,0.0,0.0,24.18707,48.6,59.663273,991.0634,,2023-09-08 05:47:49.420449,2023-09-08 19:06:17.213298,798.46321415,0,0,1,4,0,0,,autumn,0,0,1,0
573010427,10.7,7.286974,none,0.0,0.0,17.174677,31.68,74.750206,998.46765,,2023-09-08 05:48:01.116329,2023-09-08 19:06:42.447960,798.6888605166666,0,0,1,4,0,0,,autumn,0,0,1,0
573344027,12.55,7.963702,none,0.0,0.0,22.180206,47.16,57.377743,998.202,,2023-09-08 05:47:10.629143,2023-09-08 19:06:24.290839,799.2276949333334,0,0,1,4,0,0,,autumn,0,0,1,0
573176027,10.95,7.263521,none,0.0,0.0,18.971008,32.039997,73.26568,1002.7254,,2023-09-08 05:47:51.476910,2023-09-08 19:06:47.817908,798.9390166333334,0,0,1,4,0,0,,autumn,0,0,1,0
573075027,10.65,7.421961,none,0.0,0.0,14.007655,27.359999,68.78523,997.0389,,2023-09-08 05:48:15.271175,2023-09-08 19:07:05.267674,798.8332749833334,1,0,0,4,0,0,,autumn,0,0,0,0
573124827,14.2,9.82111,rain,0.1,0.0,25.759504,53.28,64.50082,996.3018,,2023-09-08 05:46:22.453866,2023-09-08 19:05:16.590506,798.9022773333332,0,0,1,4,0,0,,autumn,0,0,1,0
573022827,13.8,8.917759,rain,0.3,0.0,28.62396,49.68,64.632195,994.58026,,2023-09-08 05:47:47.842936,2023-09-08 19:06:33.790287,798.7657891833334,0,0,1,4,0,0,,autumn,0,0,1,0
572936027,9.7,6.4046154,none,0.0,0.0,14.689588,25.56,74.06044,998.8162,,2023-09-08 05:47:46.917329,2023-09-08 19:07:04.939298,799.3003661500001,0,1,0,4,0,0,,autumn,0,0,0,1
573063427,14.7,9.39174,none,0.0,0.0,27.059933,49.32,49.717262,994.52985,,2023-09-08 05:47:32.698294,2023-09-08 19:06:18.681730,798.7663906,0,0,1,4,0,0,,autumn,0,0,1,0
573020427,14.45,9.787951,none,0.0,0.0,25.346148,45.0,57.45849,999.68616,,2023-09-08 05:47:28.467190,2023-09-08 19:06:22.270153,798.89671605,0,0,1,4,0,0,,autumn,0,0,1,0
573113627,10.05,6.345867,none,0.0,0.0,18.089775,28.44,74.37956,998.25775,,2023-09-08 05:47:16.784396,2023-09-08 19:06:22.196841,799.0902074166667,0,0,1,4,0,0,,autumn,0,0,1,0
573141427,14.0,11.063494,none,0.0,0.0,16.039202,32.760002,65.78887,1004.08765,,2023-09-09 05:49:36.859713,2023-09-09 19:04:04.869176,794.4668243833333,0,0,1,5,1,0,,autumn,0,0,1,0
573170427,15.85,12.293121,none,0.0,0.0,21.599998,37.079998,61.4554,1007.1873,,2023-09-09 05:49:24.836789,2023-09-09 19:03:42.067892,794.28718505,0,0,1,5,1,0,,autumn,0,0,1,0
573188427,13.35,11.741235,none,0.0,0.0,10.464798,18.0,78.29897,1003.8986,,2023-09-09 05:48:30.097082,2023-09-09 19:02:54.460977,794.4060649166667,0,1,0,5,1,0,,autumn,0,0,0,1
573087427,6.3,3.5698328,none,0.0,0.0,11.183201,19.8,94.9489,999.554,,2023-09-09 05:49:59.603009,2023-09-09 19:03:49.800999,793.8366331666667,0,1,0,5,1,0,,autumn,0,0,0,1
573173827,15.65,12.234283,none,0.0,0.0,20.991426,40.32,63.09483,1002.77246,,2023-09-09 05:48:51.666602,2023-09-09 19:03:36.567041,794.7483406499999,0,0,1,5,1,0,,autumn,0,0,1,0
573120227,11.1,8.852085,none,0.0,0.0,10.8955765,23.759998,78.22315,1003.87006,,2023-09-09 05:48:48.055214,2023-09-09 19:03:14.251415,794.4366033499999,0,0,1,5,1,0,,autumn,0,0,0,0
573097227,10.95,8.526939,none,0.0,0.0,11.928989,23.039999,78.46795,1002.5161,,2023-09-09 05:49:25.159038,2023-09-09 19:03:54.839338,794.4946716666667,0,0,1,5,1,0,,autumn,0,0,0,0
573183827,15.25,11.782013,none,0.0,0.0,20.5484,41.399998,62.790188,1003.2191,,2023-09-09 05:49:04.037006,2023-09-09 19:03:33.281193,794.4874031166667,0,0,1,5,1,0,,autumn,0,0,1,0
573195827,13.2,11.380966,none,0.0,0.0,11.525623,18.72,78.013916,1003.6075,,2023-09-09 05:49:22.897842,2023-09-09 19:03:50.418896,794.4586842333333,0,1,0,5,1,0,,autumn,0,0,0,1
577588227,7.2,4.390193,none,0.0,0.0,12.413476,22.68,92.08274,998.2796,,2023-09-09 05:49:25.056396,2023-09-09 19:03:28.639237,794.0597140166667,0,1,0,5,1,0,,autumn,0,0,0,1
573180027,15.8,12.271431,none,0.0,0.0,21.67487,36.719997,62.281284,1002.66437,,2023-09-09 05:49:14.334508,2023-09-09 19:03:39.697745,794.4227206166667,0,0,1,5,1,0,,autumn,0,0,1,0
573167027,15.15,11.9615135,none,0.0,0.0,18.72,42.839996,63.40956,1001.6537,,2023-09-09 05:50:00.630712,2023-09-09 19:04:20.419887,794.3298195833333,0,0,1,5,1,0,,autumn,0,0,1,0
573186827,14.3,12.252573,none,0.0,0.0,12.620554,19.8,71.422676,1008.75146,,2023-09-09 05:49:24.296441,2023-09-09 19:03:45.773815,794.3579562333333,0,1,0,5,1,0,,autumn,0,0,0,1
573178627,15.5,12.690561,none,0.0,0.0,17.015474,38.16,64.13594,1000.2829,,2023-09-09 05:49:51.509330,2023-09-09 19:03:59.412125,794.1317132500001,0,0,1,5,1,0,,autumn,0,0,1,0
573252627,15.35,12.652868,none,0.0,0.0,16.981165,39.6,66.52693,1007.916,,2023-09-09 05:48:45.574262,2023-09-09 19:02:52.197360,794.1103849666666,0,0,1,5,1,0,,autumn,0,0,1,0
573177027,15.75,12.243864,none,0.0,0.0,21.2522,37.8,61.849583,1007.6194,,2023-09-09 05:48:53.405458,2023-09-09 19:03:00.209362,794.1133984,0,0,1,5,1,0,,autumn,0,0,1,0
573532627,14.0,11.847782,none,0.0,0.0,13.339445,23.759998,72.82381,1003.94183,,2023-09-09 05:49:31.120563,2023-09-09 19:03:24.683839,793.8927212666666,0,1,0,5,1,0,,autumn,0,0,0,1
573248427,17.15,16.283121,none,0.0,0.0,4.3349743,22.68,59.11898,1003.8723,,2023-09-10 05:51:01.119440,2023-09-10 19:01:08.584626,790.1244197666667,0,0,1,6,1,0,,autumn,0,0,0,0
573190427,12.2,10.60467,none,0.0,0.0,10.182337,18.0,83.85585,1002.02747,,2023-09-10 05:51:19.179252,2023-09-10 19:00:58.051372,789.6478686666667,0,1,0,6,1,0,,autumn,0,0,0,1
573248027,17.15,16.283121,none,0.0,0.0,4.3349743,22.68,59.11898,1004.1078,,2023-09-10 05:50:58.828333,2023-09-10 19:01:04.810665,790.0997055333333,0,0,1,6,1,0,,autumn,0,0,0,0
573207627,10.95,9.18857,none,0.0,0.0,9.83268,18.359999,86.29847,1003.6487,,2023-09-10 05:51:20.045917,2023-09-10 19:01:16.565796,789.9419979833333,0,0,1,6,1,0,,autumn,0,0,0,0
573249827,17.35,16.647099,none,0.0,0.0,3.396233,20.16,58.770615,1002.8262,,2023-09-10 05:51:39.944048,2023-09-10 19:01:36.912114,789.9494677666667,0,0,1,6,1,0,,autumn,0,0,0,0
573272427,10.5,9.003082,none,0.0,0.0,7.928177,9.36,88.62077,999.4761,,2023-09-10 05:51:47.225032,2023-09-10 19:01:55.482623,790.1376265166667,0,1,0,6,1,0,,autumn,0,0,0,1
573273627,15.9,15.087872,none,0.0,0.0,4.3349743,5.7599998,64.87689,1001.8495,,2023-09-10 05:50:07.049606,2023-09-10 18:59:56.827637,789.82963385,0,0,1,6,1,0,,autumn,0,0,0,0
573238027,17.45,16.241087,none,0.0,0.0,9.3876505,23.039999,63.713787,1002.38367,,2023-09-10 05:52:05.733956,2023-09-10 19:01:51.102422,789.7561411,0,0,1,6,1,0,,autumn,0,0,0,0
573205227,12.75,10.903467,none,0.0,0.0,11.525623,21.24,79.8041,1006.3076,,2023-09-10 05:51:51.592087,2023-09-10 19:01:53.831422,790.03732225,0,1,0,6,1,0,,autumn,0,0,0,1
573251027,17.9,16.73175,none,0.0,0.0,9.007196,21.599998,61.726288,1000.7334,,2023-09-10 05:51:36.741497,2023-09-10 19:01:46.541800,790.1633383833334,0,0,1,6,1,0,,autumn,0,0,0,0
573260627,16.25,16.532177,none,0.0,0.0,2.5455842,10.799999,76.43616,1005.4939,,2023-09-10 05:50:36.027485,2023-09-10 19:00:14.794047,789.6461093666666,0,0,1,6,1,0,,autumn,0,0,0,0
573272627,16.1,16.285583,none,0.0,0.0,3.319036,10.440001,77.424866,1002.0588,,2023-09-10 05:50:09.931200,2023-09-10 18:59:59.545647,789.82690745,0,0,1,6,1,0,,autumn,0,0,0,0
573631227,14.1,13.183945,none,0.0,0.0,6.489992,11.159999,76.59995,1001.3974,,2023-09-10 05:51:59.332837,2023-09-10 19:02:02.923817,790.0598496666667,0,0,1,6,1,0,,autumn,0,0,0,0
573338227,9.4,7.651908,none,0.0,0.0,8.669949,10.08,91.902534,999.7784,,2023-09-10 05:51:07.792201,2023-09-10 19:01:04.119417,789.9387869333333,0,1,0,6,1,0,,autumn,0,0,0,1
573256627,17.65,17.220417,none,0.0,0.0,2.2768397,9.0,59.24009,1001.7489,,2023-09-10 05:51:55.312714,2023-09-10 19:01:58.094645,790.0463655166666,0,0,1,6,1,0,,autumn,0,0,0,0
573266227,16.5,16.054213,none,0.0,0.0,2.968636,9.36,65.00834,1004.3448,,2023-09-10 05:51:24.130095,2023-09-10 19:01:15.328868,789.8533128833333,0,0,1,6,1,0,,autumn,0,0,0,0
573339227,13.95,13.029146,none,0.0,0.0,3.9763298,6.4799995,70.63712,1001.03125,,2023-09-10 05:50:59.254935,2023-09-10 19:00:59.841493,790.0097759666667,0,1,0,6,1,0,,autumn,0,0,0,1
573746227,17.75,17.348309,none,0.0,0.0,1.8,10.799999,58.278008,1001.9899,,2023-09-10 05:51:55.810112,2023-09-10 19:01:54.192926,789.9730469,0,0,1,6,1,0,,autumn,0,0,0,0
573255427,18.55,16.917295,none,0.0,0.0,10.239453,23.039999,55.42288,1003.6239,,2023-09-10 05:50:30.961575,2023-09-10 19:00:14.847459,789.7314314,0,0,1,6,1,0,,autumn,0,0,0,0
573272827,10.5,9.003082,none,0.0,0.0,7.928177,9.36,88.62077,999.956,,2023-09-10 05:51:33.720575,2023-09-10 19:01:38.560303,790.0806621333334,0,1,0,6,1,0,,autumn,0,0,0,1
573475827,17.4,16.440681,none,0.0,0.0,5.154415,14.4,58.585304,1002.5349,,2023-09-10 05:50:32.524550,2023-09-10 19:00:20.803384,789.8046472333333,0,0,1,6,1,0,,autumn,0,0,0,0
573259027,18.5,17.105673,none,0.0,0.0,9.178235,21.96,56.72735,1005.1454,,2023-09-10 05:50:20.001969,2023-09-10 19:00:02.437727,789.7072626333334,0,0,1,6,1,0,,autumn,0,0,0,0
573776427,17.15,16.237719,none,0.0,0.0,4.5536795,12.599999,58.920105,1006.4071,,2023-09-10 05:50:40.368806,2023-09-10 19:00:13.426902,789.5509682666667,0,0,1,6,1,0,,autumn,0,0,0,0
573196427,8.8,6.86954,none,0.0,0.0,9.83268,16.199999,95.36969,1001.82733,,2023-09-10 05:51:23.757873,2023-09-10 19:01:35.712488,790.1992435833333,0,1,0,6,1,0,,autumn,0,0,0,1
573384227,18.55,17.199581,none,0.0,0.0,6.28713,13.679999,51.457577,1002.4862,,2023-09-11 05:52:51.766771,2023-09-11 18:58:00.043599,785.1379471333333,0,0,1,0,0,0,,autumn,0,0,0,0
573418627,14.4,13.170973,none,0.0,0.0,6.9153743,10.440001,70.72384,998.62933,,2023-09-11 05:52:56.273547,2023-09-11 18:57:57.740529,785.0244497,1,0,0,0,0,0,,autumn,0,0,0,0
573307627,15.4,15.101473,none,0.0,0.0,4.379589,14.04,75.545006,997.9099,,2023-09-11 05:52:46.272853,2023-09-11 18:57:44.606021,784.9722194666666,0,0,1,0,0,0,,autumn,0,0,0,0
573741827,9.8,9.304461,none,0.0,0.0,1.609969,8.64,94.76453,995.39514,,2023-09-11 05:53:24.672724,2023-09-11 18:58:13.954940,784.8213702666667,0,0,1,0,0,0,,autumn,0,0,0,0
573383827,9.5,9.1218405,none,0.0,0.0,0.8049845,7.5599995,96.69105,997.4086,,2023-09-11 05:53:41.534436,2023-09-11 18:58:47.149294,785.0935809666667,0,0,1,0,0,0,,autumn,0,0,0,0
573319027,15.15,15.621574,none,0.0,0.0,1.1384199,11.159999,81.74048,999.3262,,2023-09-11 05:53:22.703021,2023-09-11 18:58:57.696294,785.5832212166666,0,0,1,0,0,0,,autumn,0,0,0,0
573282627,8.9,8.519944,none,0.0,0.0,0.35999998,7.2,98.99222,1001.5613,,2023-09-11 05:53:39.004133,2023-09-11 18:59:01.929745,785.3820935333333,0,0,1,0,0,0,,autumn,0,0,0,0
574315227,15.1,13.6558,none,0.0,0.0,7.928177,12.599999,66.47376,1001.53094,,2023-09-11 05:53:25.333320,2023-09-11 18:58:43.461268,785.3021324666666,1,0,0,0,0,0,,autumn,0,0,0,0
574924827,9.8,9.304461,none,0.0,0.0,1.609969,8.64,94.76453,995.5148,,2023-09-11 05:53:29.023020,2023-09-11 18:58:20.927187,784.86506945,0,0,1,0,0,0,,autumn,0,0,0,0
573608227,13.1,12.754076,none,0.0,0.0,3.0758414,11.5199995,83.12416,1000.67096,,2023-09-11 05:52:49.193604,2023-09-11 18:57:49.261736,785.0011355333334,0,0,1,0,0,0,,autumn,0,0,0,0
573427027,17.7,17.869398,none,0.0,0.0,1.08,13.679999,64.40857,1001.66077,,2023-09-11 05:52:50.536212,2023-09-11 18:58:03.538604,785.2167065333334,0,0,1,0,0,0,,autumn,0,0,0,0
573452827,18.75,17.729788,none,0.0,0.0,5.0142193,11.5199995,52.743763,1002.7677,,2023-09-11 05:53:44.759234,2023-09-11 18:59:01.993676,785.2872407,0,0,1,0,0,0,,autumn,0,0,0,0
573405027,13.55,12.155243,none,0.0,0.0,8.14587,12.959999,74.98362,1000.529,,2023-09-11 05:52:31.693854,2023-09-11 18:57:54.518822,785.3804161333334,0,1,0,0,0,0,,autumn,0,0,0,1
573389027,18.4,17.276089,none,0.0,0.0,5.0911684,14.04,52.651684,1004.218,,2023-09-11 05:52:38.890119,2023-09-11 18:57:42.165456,785.05458895,0,0,1,0,0,0,,autumn,0,0,0,0
573425627,10.9,9.633362,none,0.0,0.0,6.989936,11.5199995,88.356384,1001.41254,,2023-09-11 05:52:35.025201,2023-09-11 18:57:45.471399,785.1741033,0,1,0,0,0,0,,autumn,0,0,0,1
578477627,17.85,18.003756,none,0.0,0.0,1.2979984,14.04,63.170105,1001.3368,,2023-09-11 05:53:05.403865,2023-09-11 18:58:15.198766,785.16324835,0,0,1,0,0,0,,autumn,0,0,0,0
573276827,10.0,9.161191,none,0.0,0.0,4.3349743,6.4799995,94.77258,998.5137,,2023-09-11 05:53:44.692608,2023-09-11 18:59:18.747327,785.56757865,0,1,0,0,0,0,,autumn,0,0,0,1
573496427,18.4,17.447947,none,0.0,0.0,5.1165614,17.28,54.09408,1004.1787,,2023-09-12 05:57:10.467578,2023-09-12 18:57:50.600207,780.66887715,0,0,1,1,0,0,,autumn,0,0,0,0
573530627,18.5,16.821562,none,0.0,0.0,7.491114,15.84,49.55691,1002.46497,,2023-09-12 05:55:31.944160,2023-09-12 18:56:21.853991,780.8318305166666,0,0,1,1,0,0,,autumn,0,0,0,0
573538627,16.45,15.8890705,none,0.0,0.0,5.3517847,12.24,68.79214,999.47424,,2023-09-12 05:55:06.815258,2023-09-12 18:56:09.247590,781.0405388666666,0,0,1,1,0,0,,autumn,0,0,0,0
573546427,9.55,8.597001,none,0.0,0.0,4.198285,12.24,94.43477,993.258,,2023-09-12 05:55:25.434667,2023-09-12 18:55:55.784253,780.5058264333333,0,0,1,1,0,0,,autumn,0,0,0,0
573552227,16.7,16.24025,none,0.0,0.0,5.692099,12.959999,69.993416,1002.66644,,2023-09-12 05:54:17.494423,2023-09-12 18:54:58.920181,780.6904293,0,0,1,1,0,0,,autumn,0,0,0,0
573557027,12.3,10.228475,none,0.0,0.0,10.799999,13.32,75.53628,1000.65094,,2023-09-12 05:55:13.676578,2023-09-12 18:56:10.002292,780.9387619,0,1,0,1,0,0,,autumn,0,0,0,1
573609427,12.25,10.335007,none,0.0,0.0,9.726664,11.159999,75.784874,1003.7339,,2023-09-12 05:54:32.756078,2023-09-12 18:55:36.473758,781.0619613333333,0,1,0,1,0,0,,autumn,0,0,0,1
573592827,16.75,16.131077,none,0.0,0.0,4.8433046,13.32,65.49896,1000.4547,,2023-09-12 05:55:31.041755,2023-09-12 18:56:29.062774,780.9670169833333,0,0,1,1,0,0,,autumn,0,0,0,0
573553827,17.1,16.487717,none,0.0,0.0,4.8965297,12.959999,64.2761,1006.34534,,2023-09-12 05:54:37.297854,2023-09-12 18:55:14.336905,780.6173175166666,0,0,1,1,0,0,,autumn,0,0,0,0
573555827,18.9,17.148664,none,0.0,0.0,8.161764,15.84,48.663002,1003.5235,,2023-09-12 05:54:50.648893,2023-09-12 18:55:34.291721,780.7273804666667,0,0,1,1,0,0,,autumn,0,0,0,0
573571227,12.15,10.363702,none,0.0,0.0,8.669949,11.879999,75.768265,1002.172,,2023-09-12 05:55:03.957965,2023-09-12 18:55:52.357559,780.8066599,0,1,0,1,0,0,,autumn,0,0,0,1
573587427,18.35,17.368528,none,0.0,0.0,4.0249224,12.959999,52.6385,999.31915,,2023-09-12 05:56:14.129332,2023-09-12 18:56:17.491826,780.0560415666666,0,0,1,1,0,0,,autumn,0,0,0,0
573576627,18.3,16.91735,none,0.0,0.0,5.634891,15.119999,50.524776,997.3158,,2023-09-12 05:55:46.450501,2023-09-12 18:56:08.363478,780.3652162833333,0,0,1,1,0,0,,autumn,0,0,0,0
573479827,15.85,14.573738,none,0.0,0.0,7.8954163,19.44,65.96537,1006.97235,,2023-09-12 05:54:52.251030,2023-09-12 18:55:35.446798,780.7199294666666,0,0,1,1,0,0,,autumn,0,0,0,0
573545427,13.3,11.668401,none,0.0,0.0,8.669949,10.799999,73.19005,999.8133,,2023-09-12 05:56:02.145570,2023-09-12 18:56:32.624924,780.5079892333334,1,0,0,1,0,0,,autumn,0,0,0,0
573454227,12.2,11.5192175,none,0.0,0.0,4.198285,12.599999,84.70411,1001.4369,,2023-09-12 05:55:24.080422,2023-09-12 18:56:16.829245,780.87914705,0,0,1,1,0,0,,autumn,0,0,0,0
573565027,11.95,10.214529,none,0.0,0.0,8.759178,14.4,78.08681,1004.2286,,2023-09-12 05:54:05.676677,2023-09-12 18:54:46.150833,780.6745692666666,0,1,0,1,0,0,,autumn,0,0,0,1
573520827,18.65,17.364357,none,0.0,0.0,5.315336,14.759999,50.106033,1002.4554,,2023-09-12 05:53:59.852469,2023-09-12 18:54:43.679805,780.7304556,0,0,1,1,0,0,,autumn,0,0,0,0
573590227,12.4,10.86447,none,0.0,0.0,7.653705,11.5199995,76.5846,1002.0906,,2023-09-12 05:56:10.710398,2023-09-12 18:56:43.211202,780.5416800666667,0,1,0,1,0,0,,autumn,0,0,0,1
573514227,19.05,17.465004,none,0.0,0.0,6.763786,16.919998,47.719772,1002.032,,2023-09-12 05:54:10.370401,2023-09-12 18:54:54.691433,780.7386838666666,0,0,1,1,0,0,,autumn,0,0,0,0
573454427,12.45,11.893642,none,0.0,0.0,4.0249224,12.599999,85.30051,1004.5628,,2023-09-12 05:55:42.071332,2023-09-12 18:56:37.730353,780.92765035,0,0,1,1,0,0,,autumn,0,0,0,0
573463427,9.75,8.769759,none,0.0,0.0,4.0249224,12.599999,91.924065,1000.18164,,2023-09-12 05:55:31.285616,2023-09-12 18:56:30.133560,780.9807990666667,0,0,1,1,0,0,,autumn,0,0,0,0
573525027,18.85,17.394955,none,0.0,0.0,6.9153743,16.919998,50.330418,1003.9092,,2023-09-12 05:55:36.508311,2023-09-12 18:56:25.542428,780.8172352833334,0,0,1,1,0,0,,autumn,0,0,0,0
573578827,13.15,11.383631,none,0.0,0.0,9.504273,11.159999,73.66004,997.6664,,2023-09-12 05:55:42.461713,2023-09-12 18:56:03.476589,780.3502479333333,1,0,0,1,0,0,,autumn,0,0,0,0
573470627,12.25,11.317835,none,0.0,0.0,5.634891,15.119999,83.580666,1004.3881,,2023-09-12 05:54:04.998707,2023-09-12 18:54:41.586103,780.6097899333333,0,0,1,1,0,0,,autumn,0,0,0,0
573490427,17.65,16.851795,none,0.0,0.0,5.8048253,19.08,57.66849,1002.6488,,2023-09-12 05:54:23.085590,2023-09-12 18:55:09.250318,780.7694121333334,0,0,1,1,0,0,,autumn,0,0,0,0
573566427,11.8,10.26644,none,0.0,0.0,6.763786,11.5199995,77.009865,1003.68445,,2023-09-12 05:54:47.275712,2023-09-12 18:55:41.372688,780.9016162666667,0,1,0,1,0,0,,autumn,0,0,0,1
573559827,12.65,10.959723,none,0.0,0.0,8.714677,11.879999,75.33914,1003.66016,,2023-09-12 05:55:21.955290,2023-09-12 18:56:08.471372,780.7752680333334,0,1,0,1,0,0,,autumn,0,0,0,1
573706227,18.5,16.821562,none,0.0,0.0,7.491114,15.84,49.55691,1000.94507,,2023-09-12 05:55:21.937537,2023-09-12 18:56:18.478755,780.9423536333333,0,0,1,1,0,0,,autumn,0,0,0,0
573761827,10.2,8.99482,none,0.0,0.0,6.1094027,14.759999,91.02532,1001.34125,,2023-09-12 05:56:01.019847,2023-09-12 18:56:32.859370,780.5306587166667,0,0,1,1,0,0,,autumn,0,0,0,0
573575027,18.75,17.160913,none,0.0,0.0,6.792466,16.56,48.621952,996.0928,,2023-09-12 05:55:40.340724,2023-09-12 18:56:05.601398,780.4210112333333,0,0,1,1,0,0,,autumn,0,0,0,0
573517427,18.45,17.009,none,0.0,0.0,6.0347,16.56,50.051937,1002.3259,,2023-09-12 05:54:10.141968,2023-09-12 18:55:03.893671,780.8958617166667,0,0,1,1,0,0,,autumn,0,0,0,0
573483027,16.8,15.809938,none,0.0,0.0,6.8777895,19.44,60.853115,999.6376,,2023-09-12 05:55:14.285260,2023-09-12 18:55:37.291522,780.3834377000001,0,0,1,1,0,0,,autumn,0,0,0,0
573530427,18.25,17.313274,none,0.0,0.0,5.0911684,16.919998,55.72028,1006.5807,,2023-09-12 05:53:44.028557,2023-09-12 18:54:22.307832,780.6379879166667,0,0,1,1,0,0,,autumn,0,0,0,0
573569427,12.15,10.328445,none,0.0,0.0,9.085988,12.959999,76.28481,1004.68677,,2023-09-12 05:54:31.983296,2023-09-12 18:55:15.056557,780.7178876833333,0,1,0,1,0,0,,autumn,0,0,0,1
573600227,10.9,9.83788,none,0.0,0.0,5.495161,12.599999,88.059044,1005.6605,,2023-09-13 05:56:42.370264,2023-09-13 18:53:06.539165,776.4028150166666,0,0,1,2,0,0,,autumn,0,0,0,0
573620827,17.15,15.735514,none,0.0,0.0,8.0899935,20.519999,59.11898,1003.14813,,2023-09-13 05:56:06.744990,2023-09-13 18:52:24.904613,776.3026603833333,0,0,1,2,0,0,,autumn,0,0,0,0
573624827,8.65,7.0143967,none,0.0,0.0,6.696387,10.799999,92.17026,998.3033,,2023-09-13 05:59:55.696768,2023-09-13 18:55:33.923172,775.6371067333333,0,0,1,2,0,0,,autumn,0,0,0,0
573636627,18.15,16.724058,none,0.0,0.0,9.659814,23.759998,55.134724,997.9912,,2023-09-13 05:58:16.958791,2023-09-13 18:54:56.374264,776.65692455,0,0,1,2,0,0,,autumn,0,0,0,0
573653827,19.25,17.43433,none,0.0,0.0,9.693296,21.24,47.937565,1002.97046,,2023-09-13 05:57:05.356621,2023-09-13 18:53:21.583959,776.2704556333333,0,0,1,2,0,0,,autumn,0,0,0,0
573673227,19.75,17.597628,none,0.0,0.0,9.565437,19.8,43.702625,1003.30975,,2023-09-13 05:57:06.356752,2023-09-13 18:53:19.908755,776.2258667166666,0,0,1,2,0,0,,autumn,0,0,0,0
573680827,19.1,17.255583,none,0.0,0.0,8.287822,18.359999,47.087242,1005.2769,,2023-09-13 05:56:28.945744,2023-09-13 18:52:44.522151,776.2596067833333,0,0,1,2,0,0,,autumn,0,0,0,0
573683627,19.3,17.470491,none,0.0,0.0,7.5170207,17.28,45.250553,1000.63666,,2023-09-13 05:57:07.528779,2023-09-13 18:53:00.874991,775.8891035333332,0,0,1,2,0,0,,autumn,0,0,0,0
573769227,10.95,8.83918,none,0.0,0.0,10.8955765,13.679999,82.021866,998.28,,2023-09-13 05:57:30.374315,2023-09-13 18:53:54.531919,776.4026267333334,0,1,0,2,0,0,,autumn,0,0,0,1
573796227,11.05,8.846952,none,0.0,0.0,10.587917,14.04,78.48303,999.2443,,2023-09-13 05:56:59.428653,2023-09-13 18:53:29.113036,776.4947397166667,0,1,0,2,0,0,,autumn,0,0,0,1
573678427,19.55,17.469612,none,0.0,0.0,9.904906,19.08,45.786945,1005.4188,,2023-09-13 05:57:29.708380,2023-09-13 18:53:49.696029,776.3331274833333,0,0,1,2,0,0,,autumn,0,0,0,0
573694627,9.4,7.7080135,none,0.0,0.0,7.42159,11.5199995,88.82928,1001.7378,,2023-09-13 05:57:00.843038,2023-09-13 18:53:26.753728,776.4318448333332,0,1,0,2,0,0,,autumn,0,0,0,1
573725827,8.6,6.975568,none,0.0,0.0,7.386582,10.440001,95.36249,1007.9008,,2023-09-13 05:56:20.611354,2023-09-13 18:52:21.481405,776.01450085,0,0,1,2,0,0,,autumn,0,0,0,0
573696027,19.35,17.206669,none,0.0,0.0,9.178235,19.08,44.19222,1001.9216,,2023-09-13 05:56:55.002027,2023-09-13 18:53:09.548206,776.2424363166666,0,0,1,2,0,0,,autumn,0,0,0,0
573685227,10.8,9.779462,none,0.0,0.0,4.8433046,12.24,87.457726,1008.31177,,2023-09-13 05:56:28.612134,2023-09-13 18:52:28.653129,776.0006832500001,0,0,1,2,0,0,,autumn,0,0,0,0
573681627,19.55,17.469612,none,0.0,0.0,9.904906,19.08,45.786945,1002.3827,,2023-09-13 05:57:13.338251,2023-09-13 18:53:39.389230,776.4341829833334,0,0,1,2,0,0,,autumn,0,0,0,0
573749627,18.9,17.523884,none,0.0,0.0,7.628263,19.44,50.514763,1000.8462,,2023-09-13 05:57:28.212919,2023-09-13 18:53:15.486185,775.7878877666666,0,0,1,2,0,0,,autumn,0,0,0,0
573586227,7.45,5.7641706,none,0.0,0.0,6.1305785,10.08,96.306854,1002.74005,,2023-09-13 05:55:57.113902,2023-09-13 18:52:17.093938,776.3330006,0,0,1,2,0,0,,autumn,0,0,0,0
573613027,9.3,7.5413465,none,0.0,0.0,7.289445,10.799999,87.317535,999.1698,,2023-09-13 05:57:34.909949,2023-09-13 18:53:36.408191,776.0249707,0,1,0,2,0,0,,autumn,0,0,0,1
573705627,12.0,10.1426525,none,0.0,0.0,8.217153,13.32,73.70614,999.41486,,2023-09-13 05:57:17.109211,2023-09-13 18:53:04.113630,775.7834069833333,0,1,0,2,0,0,,autumn,0,0,0,1
573823427,10.95,9.3839855,none,0.0,0.0,7.42159,12.959999,82.86189,1005.5363,,2023-09-13 05:56:23.647964,2023-09-13 18:52:25.966237,776.0386378833333,0,1,0,2,0,0,,autumn,0,0,0,1
573686427,11.8,10.048544,none,0.0,0.0,7.491114,11.879999,74.68411,1002.5295,,2023-09-13 05:56:28.732935,2023-09-13 18:52:55.015004,776.4380344833334,0,1,0,2,0,0,,autumn,0,0,0,1
573685427,14.35,12.752123,none,0.0,0.0,8.891343,10.799999,69.53187,1004.9323,,2023-09-13 05:57:05.987429,2023-09-13 18:53:15.077231,776.1514967,1,0,0,2,0,0,,autumn,0,0,0,0
573704627,13.85,11.969248,none,0.0,0.0,8.714677,14.04,66.2062,995.02313,,2023-09-13 05:57:25.031604,2023-09-13 18:53:19.501125,775.9078253499999,0,1,0,2,0,0,,autumn,0,0,0,1
573694827,13.3,11.783031,none,0.0,0.0,7.7043357,11.159999,72.69642,1001.73016,,2023-09-13 05:56:59.332054,2023-09-13 18:53:20.687576,776.3559253666666,0,1,0,2,0,0,,autumn,0,0,0,1
573570027,9.65,8.027728,none,0.0,0.0,7.2,11.5199995,88.247574,1001.36414,,2023-09-13 05:57:33.250812,2023-09-13 18:53:41.946048,776.1449206,0,1,0,2,0,0,,autumn,0,0,0,1
573658627,19.8,17.740929,none,0.0,0.0,9.255571,21.24,44.167717,1003.4907,,2023-09-13 05:57:07.867951,2023-09-13 18:53:23.016399,776.2524741333333,0,0,1,2,0,0,,autumn,0,0,0,0
573728227,13.8,12.7660885,none,0.0,0.0,6.618519,15.4800005,76.29566,1000.345,,2023-09-14 05:59:01.446802,2023-09-14 18:50:45.599181,771.7358729833334,0,0,1,3,0,0,,autumn,0,0,0,0
573779027,19.5,17.682291,none,0.0,0.0,12.72283,27.359999,51.536465,1000.6932,,2023-09-14 05:58:06.274706,2023-09-14 18:49:46.141621,771.6644485833333,0,0,1,3,0,0,,autumn,0,0,0,0
573817627,17.85,16.006794,none,0.0,0.0,9.227524,22.68,52.86449,1001.98346,,2023-09-14 05:58:57.485705,2023-09-14 18:50:35.853478,771.6394628833333,0,0,1,3,0,0,,autumn,0,0,0,0
573833427,14.05,12.187578,none,0.0,0.0,9.983106,16.199999,69.00351,1002.13586,,2023-09-14 05:58:16.551939,2023-09-14 18:49:50.988513,771.5739429,0,1,0,3,0,0,,autumn,0,0,0,1
573810427,19.7,17.31218,none,0.0,0.0,12.783802,25.919998,46.774002,1003.1087,,2023-09-14 05:57:55.250834,2023-09-14 18:49:26.148374,771.514959,0,0,1,3,0,0,,autumn,0,0,0,0
573773027,19.2,17.358965,none,0.0,0.0,12.768586,27.359999,52.50744,991.3071,,2023-09-14 05:59:15.689022,2023-09-14 18:50:42.288072,771.4433174999999,0,0,1,3,0,0,,autumn,0,0,0,0
573812027,18.95,16.754818,none,0.0,0.0,11.726277,25.919998,49.510708,998.7996,,2023-09-14 05:59:03.805232,2023-09-14 18:50:51.780953,771.79959535,0,0,1,3,0,0,,autumn,0,0,0,0
573753827,17.75,16.135756,none,0.0,0.0,10.495713,23.039999,59.065823,997.0955,,2023-09-14 05:59:12.993839,2023-09-14 18:50:44.793395,771.5299926,0,0,1,3,0,0,,autumn,0,0,0,0
573755027,17.65,16.18853,none,0.0,0.0,10.028439,21.24,60.646095,1004.4478,,2023-09-14 05:58:50.937241,2023-09-14 18:50:24.592421,771.5609196666667,0,0,1,3,0,0,,autumn,0,0,0,0
573728427,13.45,12.590893,none,0.0,0.0,5.904439,14.759999,79.37018,1001.7257,,2023-09-14 05:59:08.775735,2023-09-14 18:50:58.415710,771.8273329166666,0,0,1,3,0,0,,autumn,0,0,0,0
573825227,14.2,12.247496,none,0.0,0.0,10.24578,17.64,67.41619,1001.3547,,2023-09-14 05:59:24.591850,2023-09-14 18:51:05.936313,771.6890743833334,0,1,0,3,0,0,,autumn,0,0,0,1
573832427,13.25,11.27125,none,0.0,0.0,10.163227,17.28,70.98218,1000.5411,,2023-09-14 05:57:55.203910,2023-09-14 18:49:41.790239,771.7764388166667,0,1,0,3,0,0,,autumn,0,0,0,1
573920427,14.05,12.165247,none,0.0,0.0,9.693296,14.759999,67.843834,999.1912,,2023-09-14 05:58:54.763869,2023-09-14 18:50:39.628955,771.7477514333333,0,1,0,3,0,0,,autumn,0,0,0,1
574198627,14.8,13.133339,none,0.0,0.0,8.373386,13.32,65.074104,999.9715,,2023-09-14 05:58:42.802341,2023-09-14 18:50:02.931458,771.3354852833332,1,0,0,3,0,0,,autumn,0,0,0,0
573705027,8.55,6.7320175,none,0.0,0.0,7.69592,10.440001,91.84991,1005.42395,,2023-09-14 05:58:50.153705,2023-09-14 18:50:24.473034,771.5719888166666,0,1,0,3,0,0,,autumn,0,0,0,1
573798627,13.65,12.678066,none,0.0,0.0,6.193674,15.4800005,77.042885,1001.0677,,2023-09-14 06:00:02.763809,2023-09-14 18:51:15.725523,771.2160285666666,0,0,1,3,0,0,,autumn,0,0,0,0
573729227,13.8,12.7660885,none,0.0,0.0,6.618519,15.4800005,76.29566,1001.4136,,2023-09-14 05:59:09.618147,2023-09-14 18:50:53.859214,771.7373511166667,0,0,1,3,0,0,,autumn,0,0,0,0
573775827,19.25,16.981565,none,0.0,0.0,12.758432,28.08,49.59206,997.0668,,2023-09-14 05:59:27.366938,2023-09-14 18:50:55.480945,771.4685667833332,0,0,1,3,0,0,,autumn,0,0,0,0
573829827,15.0,13.419764,none,0.0,0.0,8.587338,13.679999,66.228386,1002.33057,,2023-09-14 05:57:58.518346,2023-09-14 18:49:29.750101,771.52052925,1,0,0,3,0,0,,autumn,0,0,0,0
573960227,17.65,16.18853,none,0.0,0.0,10.028439,21.24,60.646095,1004.33014,,2023-09-14 05:58:24.179521,2023-09-14 18:49:58.615716,771.5739365833334,0,0,1,3,0,0,,autumn,0,0,0,0
573869027,13.2,11.158001,none,0.0,0.0,10.163227,15.119999,70.013916,999.60754,,2023-09-14 05:59:08.470185,2023-09-14 18:50:52.670873,771.7366781333333,0,1,0,3,0,0,,autumn,0,0,0,1
573747027,18.6,16.905367,none,0.0,0.0,11.384199,25.199999,55.06435,1001.76495,,2023-09-14 05:58:41.382734,2023-09-14 18:50:35.580995,771.90330435,0,0,1,3,0,0,,autumn,0,0,0,0
573837827,18.75,16.3751,none,0.0,0.0,11.841756,25.199999,47.963364,999.23376,,2023-09-14 05:59:45.794211,2023-09-14 18:51:19.514785,771.5620095666667,0,0,1,3,0,0,,autumn,0,0,0,0
574004427,15.85,14.859598,none,0.0,0.0,7.9932966,18.359999,70.76481,1002.6528,,2023-09-14 05:59:22.967400,2023-09-14 18:51:06.427371,771.72433285,0,0,1,3,0,0,,autumn,0,0,0,0
574038827,12.45,10.437885,none,0.0,0.0,9.531505,16.56,72.29375,998.9401,,2023-09-14 05:58:44.514146,2023-09-14 18:50:06.011310,771.3582860666667,0,1,0,3,0,0,,autumn,0,0,0,1
574614027,17.7,16.446522,none,0.0,0.0,8.699793,20.16,60.657894,1000.9293,,2023-09-14 05:58:33.739766,2023-09-14 18:49:58.086747,771.4057830166668,0,0,1,3,0,0,,autumn,0,0,0,0
573724827,11.2,9.629549,none,0.0,0.0,8.161764,15.84,83.73893,999.61475,,2023-09-14 05:59:00.275040,2023-09-14 18:50:22.184975,771.3651655833334,0,0,1,3,0,0,,autumn,0,0,0,0
575489427,11.25,9.885766,none,0.0,0.0,7.2,15.119999,84.884605,1001.0332,,2023-09-14 05:58:02.262932,2023-09-14 18:49:47.505199,771.7540377833334,0,0,1,3,0,0,,autumn,0,0,0,0
573837427,19.45,17.118084,none,0.0,0.0,13.1041975,28.08,48.81317,999.7704,,2023-09-14 05:59:45.946971,2023-09-14 18:51:19.733562,771.5631098499999,0,0,1,3,0,0,,autumn,0,0,0,0
577869427,11.2,9.6357355,none,0.0,0.0,8.209263,15.84,84.022705,1001.89044,,2023-09-14 05:58:57.285733,2023-09-14 18:50:39.029851,771.6957353,0,0,1,3,0,0,,autumn,0,0,0,0
573991627,19.6,17.257994,none,0.0,0.0,13.441071,28.44,48.85404,1002.3048,,2023-09-14 05:58:36.632870,2023-09-14 18:50:21.778603,771.7524288833333,0,0,1,3,0,0,,autumn,0,0,0,0
573908627,19.55,17.04877,none,0.0,0.0,11.631956,25.919998,43.64614,1003.24835,,2023-09-15 06:01:12.174661,2023-09-15 18:48:16.198693,767.0670672,0,0,1,4,0,0,,autumn,0,0,0,0
573928227,19.7,17.609306,none,0.0,0.0,8.654987,20.880001,42.94581,999.9609,,2023-09-15 06:01:34.405893,2023-09-15 18:48:40.633558,767.1037944166667,0,0,1,4,0,0,,autumn,0,0,0,0
573934427,16.15,14.659706,none,0.0,0.0,7.968939,11.879999,61.525684,1001.452,,2023-09-15 06:00:51.759211,2023-09-15 18:48:02.542684,767.1797245500001,0,0,1,4,0,0,,autumn,0,0,0,0
574121827,14.0,12.954138,none,0.0,0.0,6.9899354,16.199999,76.07289,1000.1839,,2023-09-15 06:00:42.025797,2023-09-15 18:47:37.840400,766.9302433833333,0,0,1,4,0,0,,autumn,0,0,0,0
573845227,11.5,9.920853,none,0.0,0.0,8.311245,15.84,82.37067,999.25555,,2023-09-15 06:01:15.062905,2023-09-15 18:47:56.989653,766.6987791333333,0,0,1,4,0,0,,autumn,0,0,0,0
573929227,19.2,17.506607,none,0.0,0.0,7.42159,18.359999,47.114918,1003.0367,,2023-09-15 06:00:50.224018,2023-09-15 18:47:49.529502,766.9884247333333,0,0,1,4,0,0,,autumn,0,0,0,0
573946027,15.35,13.695757,none,0.0,0.0,8.913181,12.599999,64.31957,1002.0253,,2023-09-15 06:00:57.064634,2023-09-15 18:48:06.178133,767.15189165,0,1,0,4,0,0,,autumn,0,0,0,1
573951227,18.1,16.954487,none,0.0,0.0,5.6920996,12.599999,54.566628,1003.1053,,2023-09-15 06:00:47.334250,2023-09-15 18:47:52.757861,767.0903935166666,0,0,1,4,0,0,,autumn,0,0,0,0
573950227,13.2,12.835266,rain,0.1,0.0,3.7064266,8.28,83.971535,997.9081,,2023-09-15 06:01:13.813878,2023-09-15 18:48:10.644261,766.9471730500001,0,1,0,4,0,0,,autumn,0,0,0,1
573842427,11.2,9.893064,none,0.0,0.0,6.989936,12.599999,85.74321,1000.0277,,2023-09-15 06:00:47.215626,2023-09-15 18:48:07.574544,767.3393153,0,0,1,4,0,0,,autumn,0,0,0,0
573884427,19.5,17.003489,none,0.0,0.0,12.758432,25.199999,45.92941,1003.811,,2023-09-15 06:00:49.560870,2023-09-15 18:47:54.936332,767.0895910333334,0,0,1,4,0,0,,autumn,0,0,0,0
573877027,15.95,15.28961,none,0.0,0.0,6.0347,14.759999,71.019806,1002.79694,,2023-09-15 06:01:18.419035,2023-09-15 18:48:29.988991,767.1928326,0,0,1,4,0,0,,autumn,0,0,0,0
574425227,19.8,17.54014,none,0.0,0.0,9.178235,20.519999,41.522327,1000.76324,,2023-09-15 06:01:17.494543,2023-09-15 18:48:31.680372,767.2364304833334,0,0,1,4,0,0,,autumn,0,0,0,0
573932027,19.8,17.54014,none,0.0,0.0,9.178235,20.519999,41.522327,1000.29816,,2023-09-15 06:01:23.335557,2023-09-15 18:48:39.210838,767.2645880166667,0,0,1,4,0,0,,autumn,0,0,0,0
574298627,20.25,17.943333,none,0.0,0.0,10.296251,21.24,41.793648,999.9814,,2023-09-15 06:00:58.045204,2023-09-15 18:47:47.874009,766.8304800833333,0,0,1,4,0,0,,autumn,0,0,0,0
574165627,19.4,17.105753,none,0.0,0.0,11.119281,26.28,45.74509,1002.07245,,2023-09-15 06:00:33.519160,2023-09-15 18:47:52.871681,767.3225420166667,0,0,1,4,0,0,,autumn,0,0,0,0
574213427,14.6,13.160999,none,0.0,0.0,6.9899354,11.5199995,66.36708,1003.10284,,2023-09-15 06:00:57.947774,2023-09-15 18:47:45.110906,766.7860522,1,0,0,4,0,0,,autumn,0,0,0,0
573833227,10.1,8.220547,none,0.0,0.0,8.707238,13.32,84.75741,1000.5531,,2023-09-15 06:00:51.168263,2023-09-15 18:47:58.864793,767.1282755,0,1,0,4,0,0,,autumn,0,0,0,1
573896227,19.5,17.003489,none,0.0,0.0,12.758432,25.199999,45.92941,1002.17694,,2023-09-15 06:00:49.693026,2023-09-15 18:47:55.694915,767.1000314833333,0,0,1,4,0,0,,autumn,0,0,0,0
574042627,9.25,7.626398,none,0.0,0.0,7.208994,12.599999,90.65155,1000.407,,2023-09-15 06:00:39.172651,2023-09-15 18:47:26.906074,766.79555705,0,1,0,4,0,0,,autumn,0,0,0,1
573945427,14.65,12.366009,none,0.0,0.0,13.779114,23.039999,68.65946,1000.04285,,2023-09-15 06:00:56.511547,2023-09-15 18:48:20.624048,767.4018750166667,0,1,0,4,0,0,,autumn,0,0,0,1
573919227,19.8,17.54014,none,0.0,0.0,9.178235,20.519999,41.522327,1002.8584,,2023-09-15 06:01:08.956647,2023-09-15 18:48:18.382074,767.15709045,0,0,1,4,0,0,,autumn,0,0,0,0
574179827,17.55,16.799355,none,0.0,0.0,5.154415,10.08,61.029713,1002.2498,,2023-09-15 06:00:41.208607,2023-09-15 18:47:53.370492,767.2026980833333,0,0,1,4,0,0,,autumn,0,0,0,0
574002227,15.85,13.035494,none,0.0,0.0,14.77755,31.319998,55.105732,1009.21326,,2023-09-16 06:03:21.326732,2023-09-16 18:45:51.039362,762.4952105,0,0,1,5,1,0,,autumn,0,0,0,0
574051427,7.05,4.5281754,none,0.0,0.0,9.605998,11.159999,89.55776,1011.29315,,2023-09-16 06:02:27.616554,2023-09-16 18:44:58.257324,762.5106794999999,0,1,0,5,1,0,,autumn,0,0,0,1
574025827,14.4,11.57894,none,0.0,0.0,10.495713,23.759998,51.945335,1006.9019,,2023-09-16 06:03:18.395569,2023-09-16 18:45:59.193457,762.6799648,0,0,1,5,1,0,,autumn,0,0,0,0
574023427,16.3,13.279049,none,0.0,0.0,14.799459,29.88,52.634792,1009.1433,,2023-09-16 06:02:32.300636,2023-09-16 18:45:05.604787,762.5550691833333,0,0,1,5,1,0,,autumn,0,0,0,0
574017427,16.2,13.188417,none,0.0,0.0,14.417988,29.519999,52.24742,1007.93005,,2023-09-16 06:02:40.308441,2023-09-16 18:45:15.638016,762.58882625,0,0,1,5,1,0,,autumn,0,0,0,0
573999427,14.05,11.765755,none,0.0,0.0,12.964998,28.8,69.237526,1009.1635,,2023-09-16 06:03:39.151179,2023-09-16 18:45:39.713919,762.009379,0,0,1,5,1,0,,autumn,0,0,0,0
573984027,12.55,9.842378,none,0.0,0.0,18.289274,31.319998,83.33641,1008.56757,,2023-09-16 06:02:23.294022,2023-09-16 18:44:56.811823,762.5586300166667,0,0,1,5,1,0,,autumn,0,0,1,0
574045227,13.35,11.030406,none,0.0,0.0,7.2,18.359999,55.997875,1010.39636,,2023-09-16 06:02:39.233092,2023-09-16 18:45:12.337958,762.5517477666667,0,0,1,5,1,0,,autumn,0,0,0,0
574054227,9.6,7.281766,none,0.0,0.0,7.69592,10.440001,73.52956,1006.18134,,2023-09-16 06:02:53.809218,2023-09-16 18:45:18.586288,762.4129511666666,0,1,0,5,1,0,,autumn,0,0,0,1
574025027,14.4,11.1196165,none,0.0,0.0,13.363711,26.64,51.22441,1008.2346,,2023-09-16 06:02:34.122018,2023-09-16 18:44:55.389914,762.3544649333332,0,0,1,5,1,0,,autumn,0,0,0,0
574021427,16.15,13.099426,none,0.0,0.0,14.764389,31.319998,52.59493,1006.64355,,2023-09-16 06:02:41.925618,2023-09-16 18:45:06.460539,762.40891535,0,0,1,5,1,0,,autumn,0,0,0,0
574556427,14.3,11.564336,none,0.0,0.0,17.339897,33.839996,71.422676,1011.65845,,2023-09-16 06:02:07.884130,2023-09-16 18:44:32.311748,762.4071269666667,0,0,1,5,1,0,,autumn,0,0,1,0
574028427,14.6,11.323132,none,0.0,0.0,13.339445,29.519999,50.567013,1004.73395,,2023-09-16 06:02:59.972999,2023-09-16 18:45:27.001203,762.4504700666668,0,0,1,5,1,0,,autumn,0,0,0,0
573993227,13.05,12.612785,none,0.0,0.0,4.6102495,7.5599995,85.93414,1000.3676,,2023-09-16 06:02:47.986135,2023-09-16 18:45:32.614487,762.7438058666667,0,1,0,5,1,0,,autumn,0,0,0,1
574102227,17.5,14.585522,none,0.0,0.0,13.358861,26.64,47.29077,1009.33936,,2023-09-17 06:04:44.538872,2023-09-17 18:42:43.311549,757.9795446166667,0,0,1,6,1,0,,autumn,0,0,0,0
574093427,16.0,14.376162,none,0.0,0.0,8.64,20.519999,58.63893,1005.9588,,2023-09-17 06:04:35.634252,2023-09-17 18:42:19.767237,757.7355497499999,0,0,1,6,1,0,,autumn,0,0,0,0
574198427,10.75,8.565741,none,0.0,0.0,11.4862,20.16,83.40217,1003.7997,,2023-09-17 06:04:03.389028,2023-09-17 18:42:00.810604,757.9570262666667,0,1,0,6,1,0,,autumn,0,0,0,1
574093027,12.55,11.233924,none,0.0,0.0,5.0142193,15.119999,72.55899,1007.88477,,2023-09-17 06:05:08.432530,2023-09-17 18:43:01.795595,757.8893844166666,0,0,1,6,1,0,,autumn,0,0,0,0
574122027,15.9,14.119551,none,0.0,0.0,9.36,22.319998,58.415154,1007.0794,,2023-09-17 06:05:24.649761,2023-09-17 18:43:20.126190,757.92460715,0,0,1,6,1,0,,autumn,0,0,0,0
574093627,14.95,13.330627,none,0.0,0.0,7.208994,20.16,60.827045,1005.0838,,2023-09-17 06:05:40.179075,2023-09-17 18:43:27.263486,757.7847401833334,0,0,1,6,1,0,,autumn,0,0,0,0
574091227,14.1,12.4012985,none,0.0,0.0,7.6367526,18.359999,65.58688,1012.2972,,2023-09-17 06:04:28.051235,2023-09-17 18:42:20.139902,757.86814445,0,0,1,6,1,0,,autumn,0,0,0,0
574095827,16.5,14.2138,none,0.0,0.0,11.901798,25.199999,56.41509,1007.1045,,2023-09-17 06:04:30.443350,2023-09-17 18:42:18.885196,757.8073641,0,0,1,6,1,0,,autumn,0,0,0,0
574110227,17.45,14.402378,none,0.0,0.0,14.039999,25.56,46.95159,1009.6142,,2023-09-17 06:04:48.679007,2023-09-17 18:42:43.988353,757.9218224333333,0,0,1,6,1,0,,autumn,0,0,0,0
574403027,14.8,12.456623,none,0.0,0.0,11.631956,24.48,61.627403,1003.1956,,2023-09-17 06:05:36.158321,2023-09-17 18:43:41.480990,758.08871115,0,0,1,6,1,0,,autumn,0,0,0,0
574085227,15.0,13.352211,none,0.0,0.0,7.2359104,19.8,60.218975,1007.3661,,2023-09-17 06:06:38.838393,2023-09-17 18:44:24.181551,757.7557193,0,0,1,6,1,0,,autumn,0,0,0,0
574100427,16.3,14.207489,none,0.0,0.0,11.212135,24.84,58.315285,1006.3808,,2023-09-17 06:04:50.676557,2023-09-17 18:42:33.540058,757.7143916833334,0,0,1,6,1,0,,autumn,0,0,0,0
574446227,8.65,7.119528,none,0.0,0.0,3.2599385,6.8399997,82.005516,1008.9776,,2023-09-17 06:04:55.832458,2023-09-17 18:42:57.729674,758.0316202666667,0,1,0,6,1,0,,autumn,0,0,0,1
574122827,11.9,9.920967,none,0.0,0.0,9.904906,16.919998,76.76439,1005.20807,,2023-09-17 06:04:29.936495,2023-09-17 18:42:33.301517,758.0560836999999,0,1,0,6,1,0,,autumn,0,0,0,1
574357227,6.2,4.777075,none,0.0,0.0,2.9024127,10.08,98.62925,1012.5437,,2023-09-17 06:04:14.564211,2023-09-17 18:42:15.961836,758.02329375,0,0,1,6,1,0,,autumn,0,0,0,0
574056827,4.9,3.2691512,none,0.0,0.0,2.5455842,3.6,99.30533,1009.12164,,2023-09-17 06:04:39.338780,2023-09-17 18:42:40.485975,758.0191199166667,1,0,1,6,1,0,,autumn,0,0,0,0
574063027,6.6,5.2230988,none,0.0,0.0,2.7416782,9.36,96.61497,1007.4321,,2023-09-17 06:05:36.219549,2023-09-17 18:43:42.511427,758.1048646333334,0,0,1,6,1,0,,autumn,0,0,0,0
574111227,17.4,14.641689,none,0.0,0.0,12.758432,25.919998,48.584194,1010.6158,,2023-09-17 06:04:22.960432,2023-09-17 18:42:15.549111,757.8764779833333,0,0,1,6,1,0,,autumn,0,0,0,0
574137827,11.05,8.940633,none,0.0,0.0,10.97262,16.919998,81.75658,1006.7642,,2023-09-17 06:04:44.007876,2023-09-17 18:42:40.998935,757.9498509833334,0,1,0,6,1,0,,autumn,0,0,0,1
574083027,14.1,12.464993,none,0.0,0.0,7.2,18.72,65.58688,1010.6184,,2023-09-17 06:04:06.626625,2023-09-17 18:42:09.790393,758.0527294666666,0,0,1,6,1,0,,autumn,0,0,0,0
574584427,16.0,14.044006,none,0.0,0.0,10.08,23.039999,56.867992,1012.4163,,2023-09-17 06:04:53.741320,2023-09-17 18:42:49.843873,757.9350425499999,0,0,1,6,1,0,,autumn,0,0,0,0
583159427,7.95,6.334033,none,0.0,0.0,4.6938252,2.8799999,89.32056,1014.07495,,2023-09-17 06:04:49.547216,2023-09-17 18:42:44.693786,757.9191095,0,1,0,6,1,0,,autumn,0,0,0,1
574229027,17.0,15.562954,none,0.0,0.0,13.783817,28.44,71.68928,1000.45294,,2023-09-18 06:06:36.498970,2023-09-18 18:39:50.999788,753.2416803,0,0,1,0,0,0,,autumn,0,0,0,0
574255027,15.05,14.293774,none,0.0,0.0,6.489992,18.0,74.73729,996.9547,,2023-09-18 06:06:53.620406,2023-09-18 18:40:04.617233,753.1832804500001,0,0,1,0,0,0,,autumn,0,0,0,0
574155227,10.1,7.683367,none,0.0,0.0,12.475961,21.599998,85.0467,999.4602,,2023-09-18 06:08:03.903696,2023-09-18 18:41:16.494821,753.2098520833333,0,1,0,0,0,0,,autumn,0,0,0,1
574164827,12.05,10.276179,none,0.0,0.0,11.983188,21.96,86.40846,998.9507,,2023-09-18 06:06:55.551214,2023-09-18 18:40:27.099823,753.52581015,0,0,1,0,0,0,,autumn,0,0,0,0
574211627,16.35,14.939697,none,0.0,0.0,13.276144,28.44,73.97477,1000.7797,,2023-09-18 06:06:34.842963,2023-09-18 18:40:03.015309,753.4695391,0,0,1,0,0,0,,autumn,0,0,0,0
574232227,16.95,15.573265,none,0.0,0.0,13.044722,26.28,71.20858,1002.7016,,2023-09-18 06:05:56.308134,2023-09-18 18:39:18.639644,753.3721918333334,0,0,1,0,0,0,,autumn,0,0,0,0
574157227,9.15,6.830429,none,0.0,0.0,12.24,20.519999,92.2001,999.8207,,2023-09-18 06:06:48.495641,2023-09-18 18:40:22.960326,753.5744114166666,0,1,0,0,0,0,,autumn,0,0,0,1
574309627,12.55,11.315046,none,0.0,0.0,8.287822,9.72,83.61603,1001.52496,,2023-09-18 06:07:23.207293,2023-09-18 18:40:51.459595,753.4708717,0,1,0,0,0,0,,autumn,0,0,0,1
574251427,12.55,11.315046,none,0.0,0.0,8.287822,9.72,83.61603,1000.6902,,2023-09-18 06:07:23.623635,2023-09-18 18:40:53.429537,753.4967650333333,0,1,0,0,0,0,,autumn,0,0,0,1
574259427,8.75,6.8264027,none,0.0,0.0,8.587338,11.5199995,91.237335,1000.0093,,2023-09-18 06:07:07.421584,2023-09-18 18:40:37.875970,753.5075731,0,1,0,0,0,0,,autumn,0,0,0,1
574215427,16.7,14.470448,none,0.0,0.0,18.25026,32.399998,70.92655,1004.47424,,2023-09-18 06:06:32.950761,2023-09-18 18:39:55.425256,753.3745749166667,0,0,1,0,0,0,,autumn,0,0,1,0
574256627,15.35,14.607651,none,0.0,0.0,5.6920996,19.08,71.619865,1006.79065,,2023-09-18 06:06:42.010772,2023-09-18 18:40:05.618489,753.39346195,0,0,1,0,0,0,,autumn,0,0,0,0
574238227,15.45,13.971973,none,0.0,0.0,10.44,26.64,70.45244,1006.6157,,2023-09-18 06:06:16.107652,2023-09-18 18:39:35.316953,753.3201550166667,0,0,1,0,0,0,,autumn,0,0,0,0
574182427,15.15,13.732481,none,0.0,0.0,13.004921,25.199999,79.08869,1001.0916,,2023-09-18 06:07:30.555042,2023-09-18 18:41:00.515283,753.49933735,0,0,1,0,0,0,,autumn,0,0,0,0
574247227,16.4,15.423325,none,0.0,0.0,11.177405,24.48,75.70956,1003.0016,,2023-09-18 06:07:34.817288,2023-09-18 18:40:43.586649,753.1461560166666,0,0,1,0,0,0,,autumn,0,0,0,0
574266427,8.65,6.5884504,none,0.0,0.0,9.449572,11.879999,91.54291,1003.8743,,2023-09-18 06:06:04.830241,2023-09-18 18:39:26.209167,753.3563154333333,0,1,0,0,0,0,,autumn,0,0,0,1
574166027,12.0,10.192631,none,0.0,0.0,11.923557,23.4,85.82624,1001.45355,,2023-09-18 06:06:09.998721,2023-09-18 18:39:41.559203,753.5260080333334,0,0,1,0,0,0,,autumn,0,0,0,0
574285227,11.25,10.015436,none,0.0,0.0,7.2359104,11.879999,87.79421,1006.10114,,2023-09-18 06:07:37.873174,2023-09-18 18:41:05.080717,753.45345905,0,1,0,0,0,0,,autumn,0,0,0,1
574159627,11.0,8.762996,none,0.0,0.0,13.5515,23.759998,87.47626,1000.6451,,2023-09-18 06:06:05.778926,2023-09-18 18:39:37.924429,753.5357583833334,0,0,1,0,0,0,,autumn,0,0,0,0
574182227,15.05,13.53002,none,0.0,0.0,13.493999,24.119999,79.07421,1001.1049,,2023-09-18 06:07:01.784619,2023-09-18 18:40:29.880863,753.4682707333334,0,0,1,0,0,0,,autumn,0,0,0,0
574526827,20.1,19.519672,none,0.0,0.0,12.522619,26.64,67.297134,1002.51495,,2023-09-19 06:08:00.346928,2023-09-19 18:36:44.081450,748.7289087,0,0,1,1,0,0,,autumn,0,0,0,0
574655827,18.8,18.450855,none,0.0,0.0,9.028754,20.880001,69.25872,997.1411,,2023-09-19 06:08:32.068791,2023-09-19 18:37:14.759801,748.7115168333333,0,0,1,1,0,0,,autumn,0,0,0,0
574382227,14.75,12.403137,none,0.0,0.0,15.716793,24.48,71.98855,1000.8426,,2023-09-19 06:08:26.790135,2023-09-19 18:37:15.493948,748.8117302166667,0,1,0,1,0,0,,autumn,0,0,1,1
574613427,20.65,19.708307,none,0.0,0.0,14.512064,26.64,64.210815,999.0721,,2023-09-19 06:08:03.714114,2023-09-19 18:36:46.653993,748.71566465,0,0,1,1,0,0,,autumn,0,0,0,0
574271827,9.3,7.277768,none,0.0,0.0,10.028439,17.28,90.65507,1002.4932,,2023-09-19 06:09:21.105090,2023-09-19 18:38:14.425335,748.8886707500001,0,1,0,1,0,0,,autumn,0,0,0,1
574343627,8.75,6.5652447,none,0.0,0.0,10.630672,17.28,92.17624,1007.11456,,2023-09-19 06:07:08.275060,2023-09-19 18:35:55.280871,748.7834301833334,0,0,1,1,0,0,,autumn,0,0,0,0
574379627,14.9,12.542574,none,0.0,0.0,15.596767,24.48,70.81977,997.9374,,2023-09-19 06:08:35.782032,2023-09-19 18:37:31.569948,748.9297986,0,1,0,1,0,0,,autumn,0,0,1,1
574352427,16.7,16.11608,none,0.0,0.0,9.605998,14.759999,76.75907,997.79736,,2023-09-19 06:08:50.829115,2023-09-19 18:37:44.016160,748.88645075,0,1,0,1,0,0,,autumn,0,0,0,1
574352827,16.35,14.650515,none,0.0,0.0,13.363711,22.319998,69.6933,993.8362,,2023-09-19 06:09:14.081804,2023-09-19 18:37:58.916228,748.7472404,0,1,0,1,0,0,,autumn,0,0,0,1
574332427,20.15,20.033321,none,0.0,0.0,11.090103,25.199999,70.199326,995.76306,,2023-09-19 06:09:29.882788,2023-09-19 18:38:26.006520,748.9353955333333,0,0,1,1,0,0,,autumn,0,0,0,0
574345427,8.85,6.6880035,none,0.0,0.0,10.390226,16.919998,91.24398,999.82794,,2023-09-19 06:09:06.234167,2023-09-19 18:38:04.101389,748.9644537,0,1,0,1,0,0,,autumn,0,0,0,1
578968827,14.75,12.403137,none,0.0,0.0,15.716793,24.48,71.98855,1001.198,,2023-09-19 06:08:17.829521,2023-09-19 18:37:05.291385,748.7910310666666,0,1,0,1,0,0,,autumn,0,0,1,1
574280627,11.95,10.089496,none,0.0,0.0,12.096214,24.48,85.53363,996.0318,,2023-09-19 06:09:26.961602,2023-09-19 18:38:17.099598,748.8356332666666,0,0,1,1,0,0,,autumn,0,0,0,0
574781427,18.75,17.70207,none,0.0,0.0,14.408997,27.0,70.6181,997.8183,,2023-09-19 06:08:03.790060,2023-09-19 18:36:45.621355,748.6971882500001,0,0,1,1,0,0,,autumn,0,0,0,0
574324027,17.4,16.28049,rain,0.5,0.0,15.141414,29.88,77.37157,999.1248,,2023-09-19 06:09:30.505211,2023-09-19 18:38:21.062451,748.8426206666667,0,0,1,1,0,0,,autumn,0,0,1,0
575492627,8.85,6.702285,none,0.0,0.0,9.9571085,17.28,90.006134,1002.705,,2023-09-19 06:07:33.152796,2023-09-19 18:36:24.406682,748.8542314333333,0,1,0,1,0,0,,autumn,0,0,0,1
574355427,15.9,14.804678,none,0.0,0.0,12.661564,20.880001,79.71869,998.1587,,2023-09-19 06:08:21.262250,2023-09-19 18:37:19.944925,748.9780445833333,0,1,0,1,0,0,,autumn,0,0,0,1
574437427,18.75,17.824293,none,0.0,0.0,14.408997,29.88,72.2456,996.69275,,2023-09-19 06:08:44.147678,2023-09-19 18:37:30.926048,748.7796395,0,0,1,1,0,0,,autumn,0,0,0,0
578769427,15.65,13.8279,none,0.0,0.0,13.797912,21.24,71.91493,998.8294,,2023-09-19 06:08:35.884945,2023-09-19 18:37:25.809960,748.8320835833333,0,1,0,1,0,0,,autumn,0,0,0,1
574323627,20.1,19.495535,none,0.0,0.0,11.720751,29.16,65.56966,997.30884,,2023-09-19 06:08:20.808606,2023-09-19 18:37:01.729426,748.6820136666666,0,0,1,1,0,0,,autumn,0,0,0,0
579249427,12.05,10.003499,none,0.0,0.0,13.276144,24.48,84.687485,1003.175,,2023-09-19 06:08:47.815594,2023-09-19 18:37:38.021035,748.83675735,0,0,1,1,0,0,,autumn,0,0,0,0
574548027,13.9,11.683679,none,0.0,0.0,13.779114,23.759998,73.29768,995.1371,,2023-09-20 06:10:34.253175,2023-09-20 18:34:56.982974,744.3788299833334,0,1,0,2,0,0,,autumn,0,0,0,1
574452627,20.75,17.792843,none,0.0,0.0,20.570463,39.239998,50.50067,993.5648,,2023-09-20 06:11:15.903913,2023-09-20 18:35:30.482155,744.2429707,0,0,1,2,0,0,,autumn,0,0,1,0
574833227,23.5,20.610851,none,0.0,0.0,21.09305,44.28,44.159332,996.4203,,2023-09-20 06:10:11.503004,2023-09-20 18:34:29.171274,744.2944711666667,0,0,1,2,0,0,,autumn,0,0,1,0
574395627,16.5,13.886602,none,0.0,0.0,18.919704,32.760002,67.44146,994.2331,,2023-09-20 06:10:39.202864,2023-09-20 18:34:52.604771,744.2233651166666,0,0,1,2,0,0,,autumn,0,0,1,0
574462827,23.15,19.639046,none,0.0,0.0,24.066206,41.039997,43.187218,999.62573,,2023-09-20 06:10:45.038139,2023-09-20 18:35:01.105600,744.2677910166666,0,0,1,2,0,0,,autumn,0,0,1,0
574490827,14.35,11.641577,none,0.0,0.0,18.58451,32.760002,74.867966,999.0856,,2023-09-20 06:10:26.304003,2023-09-20 18:34:40.576978,744.2378829166666,0,0,1,2,0,0,,autumn,0,0,1,0
574454427,18.05,15.947105,none,0.0,0.0,14.917212,27.0,60.135265,997.1341,,2023-09-20 06:10:56.164731,2023-09-20 18:35:13.940949,744.2962703,0,1,0,2,0,0,,autumn,0,0,0,1
574392427,14.15,11.884314,none,0.0,0.0,15.646544,31.319998,76.09736,995.13544,,2023-09-20 06:10:41.213106,2023-09-20 18:34:47.630859,744.10696255,0,0,1,2,0,0,,autumn,0,0,1,0
574453427,19.5,17.054718,none,0.0,0.0,16.575644,34.2,53.654915,995.75244,,2023-09-20 06:10:33.442717,2023-09-20 18:34:52.358718,744.3152666833333,1,0,0,2,0,0,,autumn,0,0,1,0
574455227,19.05,16.857264,none,0.0,0.0,15.629971,32.039997,56.675198,994.27844,,2023-09-20 06:10:32.696742,2023-09-20 18:34:44.997568,744.2050137666666,1,0,0,2,0,0,,autumn,0,0,1,0
574401227,18.4,15.58157,none,0.0,0.0,20.929594,36.0,61.025387,997.5919,,2023-09-20 06:10:32.959342,2023-09-20 18:34:50.493048,744.2922284333333,0,0,1,2,0,0,,autumn,0,0,1,0
574452227,22.2,19.294292,none,0.0,0.0,20.808498,40.68,47.145794,995.74634,,2023-09-20 06:10:21.930782,2023-09-20 18:34:34.322008,744.2065204333334,0,0,1,2,0,0,,autumn,0,0,1,0
574498427,17.8,15.339205,none,0.0,0.0,17.076298,29.16,60.47899,997.352,,2023-09-20 06:10:21.637385,2023-09-20 18:34:43.629033,744.3665274666668,0,1,0,2,0,0,,autumn,0,0,1,1
574439427,23.3,19.64534,none,0.0,0.0,24.567198,41.039997,42.08677,996.19507,,2023-09-20 06:10:31.873352,2023-09-20 18:34:49.839753,744.2994400166666,0,0,1,2,0,0,,autumn,0,0,1,0
574384227,14.15,11.709411,none,0.0,0.0,14.578888,24.84,70.200165,996.6668,,2023-09-20 06:10:22.941754,2023-09-20 18:34:30.770892,744.1304856333334,0,1,0,2,0,0,,autumn,0,0,0,1
574937627,16.25,13.548666,none,0.0,0.0,19.523155,33.48,68.52325,995.346,,2023-09-20 06:10:22.899925,2023-09-20 18:34:31.324422,744.1404082833334,0,0,1,2,0,0,,autumn,0,0,1,0
574462027,22.35,19.12342,none,0.0,0.0,21.924562,45.0,45.031303,990.61255,,2023-09-20 06:12:04.952607,2023-09-20 18:36:31.635800,744.4447198833333,0,0,1,2,0,0,,autumn,0,0,1,0
574388227,14.55,12.215879,none,0.0,0.0,16.311613,29.16,74.65202,996.20593,,2023-09-20 06:10:07.803783,2023-09-20 18:34:30.672007,744.3811370666666,0,0,1,2,0,0,,autumn,0,0,1,0
574433027,23.15,20.4196,none,0.0,0.0,20.929594,42.12,46.471786,995.2705,,2023-09-20 06:10:35.110950,2023-09-20 18:34:56.721360,744.3601735,0,0,1,2,0,0,,autumn,0,0,1,0
574757227,14.2,11.467552,none,0.0,0.0,16.854767,29.16,70.68534,996.12225,,2023-09-20 06:11:14.662515,2023-09-20 18:35:31.766307,744.2850632000001,0,1,0,2,0,0,,autumn,0,0,1,1
574602027,20.45,17.747547,none,0.0,0.0,19.022177,36.36,51.78794,993.3304,,2023-09-20 06:10:37.090472,2023-09-20 18:35:00.383259,744.3882131166666,0,0,1,2,0,0,,autumn,0,0,1,0
574512427,15.85,15.864101,none,0.0,0.0,7.491114,18.0,85.65676,1002.5176,,2023-09-21 06:12:21.489134,2023-09-21 18:32:01.478630,739.6664916000001,0,0,1,3,0,0,,autumn,0,0,0,0
574576027,16.05,16.156837,none,0.0,0.0,6.379216,9.72,83.474686,1000.32684,,2023-09-21 06:11:56.572031,2023-09-21 18:31:33.131214,739.6093197166666,0,1,0,3,0,0,,autumn,0,0,0,1
574463427,15.7,12.979771,none,0.0,0.0,19.453327,33.839996,70.500626,1001.3679,,2023-09-21 06:12:14.154298,2023-09-21 18:31:54.424790,739.6711748666668,0,1,0,3,0,0,,autumn,0,0,1,1
574674227,19.7,18.80165,none,0.0,0.0,11.753876,21.599998,63.58427,1002.8207,,2023-09-21 06:12:02.860385,2023-09-21 18:31:44.064245,739.686731,0,0,1,3,0,0,,autumn,0,0,0,0
574563427,19.8,18.96198,none,0.0,0.0,12.261157,22.68,64.867134,1000.4001,,2023-09-21 06:12:22.100006,2023-09-21 18:32:05.021178,739.7153528666666,0,0,1,3,0,0,,autumn,0,0,0,0
574564427,18.15,18.36454,none,0.0,0.0,5.991594,12.599999,73.802376,1000.2579,,2023-09-21 06:12:26.306481,2023-09-21 18:32:10.578575,739.7378682333333,1,0,0,3,0,0,,autumn,0,0,0,0
574572427,16.55,17.319668,none,0.0,0.0,4.8965297,6.4799995,87.69115,1003.40356,,2023-09-21 06:12:24.896816,2023-09-21 18:32:10.715587,739.7636461833333,0,1,0,3,0,0,,autumn,0,0,0,1
574640027,19.1,18.622154,none,0.0,0.0,11.457958,23.039999,70.91448,998.39417,,2023-09-21 06:13:07.390533,2023-09-21 18:32:54.091849,739.7783552666666,0,0,1,3,0,0,,autumn,0,0,0,0
574502427,16.7,16.19906,none,0.0,0.0,11.988594,22.68,83.279816,999.64526,,2023-09-21 06:12:51.280376,2023-09-21 18:32:34.548628,739.7211375333334,0,0,1,3,0,0,,autumn,0,0,0,0
574466027,14.2,13.098656,none,0.0,0.0,12.4811535,32.039997,88.34601,998.7171,,2023-09-21 06:12:25.484896,2023-09-21 18:32:04.820730,739.6555972333333,0,1,0,3,0,0,,autumn,0,0,0,1
574527827,20.35,20.010023,none,0.0,0.0,11.988594,23.759998,68.22594,998.60846,,2023-09-21 06:12:58.272376,2023-09-21 18:32:43.638312,739.7560989333334,0,0,1,3,0,0,,autumn,0,0,0,0
575228627,20.35,20.010023,none,0.0,0.0,11.988594,23.759998,68.22594,998.26117,,2023-09-21 06:12:58.740653,2023-09-21 18:32:44.475697,739.7622507333333,0,0,1,3,0,0,,autumn,0,0,0,0
574560827,19.4,19.323942,none,0.0,0.0,10.182337,21.24,72.36305,999.2405,,2023-09-21 06:12:49.817612,2023-09-21 18:32:33.480405,739.7277132166668,0,0,1,3,0,0,,autumn,0,0,0,0
574488027,16.65,16.225536,none,0.0,0.0,11.709688,23.759998,84.08852,999.9941,,2023-09-21 06:11:46.274043,2023-09-21 18:31:32.869744,739.7765950166666,0,0,1,3,0,0,,autumn,0,0,0,0
574570427,17.65,17.597652,none,0.0,0.0,6.763786,13.679999,73.95692,997.633,,2023-09-21 06:12:25.612472,2023-09-21 18:32:03.986510,739.6395673000001,1,0,0,3,0,0,,autumn,0,0,0,0
574536427,19.8,19.29136,none,0.0,0.0,10.00256,23.039999,64.867134,1002.7097,,2023-09-21 06:11:44.418498,2023-09-21 18:31:28.569000,739.7358416999999,0,0,1,3,0,0,,autumn,0,0,0,0
574675027,16.35,16.785286,none,0.0,0.0,5.6920996,7.5599995,85.430534,1001.1323,,2023-09-21 06:12:20.824401,2023-09-21 18:31:58.571865,739.6291244,0,1,0,3,0,0,,autumn,0,0,0,1
574518627,18.0,18.068388,none,0.0,0.0,6.638072,16.919998,73.77636,1001.6821,,2023-09-21 06:13:19.127902,2023-09-21 18:32:52.666626,739.5589787333333,0,0,1,3,0,0,,autumn,0,0,0,0
574479627,14.9,14.644852,none,0.0,0.0,9.339208,16.199999,91.03896,997.65955,,2023-09-21 06:12:56.995774,2023-09-21 18:32:43.492588,739.7749468999999,0,0,1,3,0,0,,autumn,0,0,0,0
575117427,19.6,18.968266,none,0.0,0.0,10.383987,21.24,64.82379,1003.7303,,2023-09-21 06:12:08.256977,2023-09-21 18:31:48.532881,739.6712650666667,0,0,1,3,0,0,,autumn,0,0,0,0
574644827,17.35,17.868372,none,0.0,0.0,4.510787,9.36,78.889336,1003.3141,,2023-09-21 06:12:37.512447,2023-09-21 18:32:20.075346,739.70938165,0,1,0,3,0,0,,autumn,0,0,0,1
578459627,16.0,16.124115,none,0.0,0.0,6.379216,9.0,84.01492,1001.5012,,2023-09-21 06:12:28.047980,2023-09-21 18:32:03.181331,739.58555585,0,1,0,3,0,0,,autumn,0,0,0,1
574652827,23.8,20.98197,none,0.0,0.0,16.071491,30.960001,36.907234,1006.78674,,2023-09-22 06:14:14.922233,2023-09-22 18:29:25.606774,735.1780756833334,0,0,1,4,0,0,,autumn,0,0,1,0
574578227,13.35,13.020624,none,0.0,0.0,8.209263,9.36,96.15681,1001.4887,,2023-09-22 06:15:03.841161,2023-09-22 18:30:14.586724,735.1790927166666,0,1,0,4,0,0,,autumn,0,0,0,1
574595227,16.75,17.298967,none,0.0,0.0,5.904439,14.4,85.47213,1005.73395,,2023-09-22 06:14:21.116299,2023-09-22 18:29:31.513270,735.1732828500001,0,0,1,4,0,0,,autumn,0,0,0,0
574600627,11.65,10.934176,none,0.0,0.0,7.24486,10.799999,96.42559,1000.17145,,2023-09-22 06:15:59.658511,2023-09-22 18:30:57.239338,734.95968045,0,0,1,4,0,0,,autumn,0,0,0,0
574620827,18.7,19.471123,none,0.0,0.0,7.0911775,16.919998,80.88184,1001.56506,,2023-09-22 06:14:29.730523,2023-09-22 18:29:41.633823,735.1983883333334,0,0,1,4,0,0,,autumn,0,0,0,0
574698627,14.9,12.44574,none,0.0,0.0,12.224107,20.880001,60.815163,1006.6262,,2023-09-22 06:14:37.553917,2023-09-22 18:29:45.851220,735.1382883833334,0,1,0,4,0,0,,autumn,0,0,0,1
574694027,14.7,12.798206,none,0.0,0.0,9.028754,13.32,63.09212,1003.7816,,2023-09-22 06:14:45.787165,2023-09-22 18:29:55.693120,735.16509925,0,1,0,4,0,0,,autumn,0,0,0,1
574663627,23.85,21.189365,none,0.0,0.0,13.039754,31.319998,34.02173,1001.5647,,2023-09-22 06:15:08.847313,2023-09-22 18:30:20.186434,735.1889853499999,0,0,1,4,0,0,,autumn,0,0,0,0
574618227,16.15,16.7958,none,0.0,0.0,5.1165614,12.959999,88.51088,1005.45953,,2023-09-22 06:14:48.575157,2023-09-22 18:29:57.241627,735.1444411666666,0,0,1,4,0,0,,autumn,0,0,0,0
574690627,15.15,13.052723,none,0.0,0.0,10.028439,14.759999,60.460922,1004.5041,,2023-09-22 06:14:17.215357,2023-09-22 18:29:26.091805,735.1479408,0,1,0,4,0,0,,autumn,0,0,0,1
575193827,22.2,20.05293,none,0.0,0.0,10.440001,24.84,39.033817,996.98914,,2023-09-22 06:14:40.572107,2023-09-22 18:29:45.515391,735.0823880666667,0,0,1,4,0,0,,autumn,0,0,0,0
574692627,16.0,13.720488,none,0.0,0.0,12.397806,21.599998,59.846436,1002.3577,,2023-09-22 06:16:08.900666,2023-09-22 18:31:05.450442,734.9424962666667,0,1,0,4,0,0,,autumn,0,0,0,1
574661627,23.65,21.694942,none,0.0,0.0,13.1041975,25.199999,41.484894,1005.14526,,2023-09-22 06:13:45.125921,2023-09-22 18:28:49.405225,735.0713217333334,0,0,1,4,0,0,,autumn,0,0,0,0
575030627,22.05,21.872057,none,0.0,0.0,10.495713,22.319998,60.87496,1003.5366,,2023-09-22 06:14:32.112761,2023-09-22 18:29:43.190510,735.18462915,0,0,1,4,0,0,,autumn,0,0,0,0
575470627,17.15,17.57957,none,0.0,0.0,7.10031,16.199999,84.144775,1005.1692,,2023-09-22 06:13:34.273508,2023-09-22 18:28:42.036170,735.1293777,0,0,1,4,0,0,,autumn,0,0,0,0
575152427,24.05,21.003775,none,0.0,0.0,17.026896,30.239998,35.502274,1005.1882,,2023-09-22 06:14:22.136637,2023-09-22 18:29:31.007996,735.1478559833333,0,0,1,4,0,0,,autumn,0,0,1,0
574616627,15.15,14.935074,none,0.0,0.0,8.587338,15.4800005,88.42677,997.99,,2023-09-22 06:14:40.303382,2023-09-22 18:29:45.401357,735.08496625,0,0,1,4,0,0,,autumn,0,0,0,0
574664027,23.45,20.397331,none,0.0,0.0,13.75558,25.56,31.978065,1002.5864,,2023-09-22 06:14:16.125481,2023-09-22 18:29:21.335050,735.08682615,0,0,1,4,0,0,,autumn,0,0,0,0
577886827,15.55,13.007368,none,0.0,0.0,12.413476,19.08,57.340324,1009.0228,,2023-09-22 06:14:10.357085,2023-09-22 18:29:16.796214,735.1073188166666,0,1,0,4,0,0,,autumn,0,0,0,1
574577827,14.6,14.921949,none,0.0,0.0,4.5536795,9.72,90.72239,1002.763,,2023-09-22 06:13:21.280056,2023-09-22 18:28:29.034619,735.1292427166667,0,1,0,4,0,0,,autumn,0,0,0,1
574658827,23.65,21.606325,none,0.0,0.0,14.003029,26.28,41.903706,1007.7198,,2023-09-22 06:14:26.067733,2023-09-22 18:29:33.409570,735.12236395,0,0,1,4,0,0,,autumn,0,0,0,0
575980227,19.2,17.637188,none,0.0,0.0,7.92,16.56,49.746723,1002.53235,,2023-09-22 06:14:20.001248,2023-09-22 18:29:24.179113,735.0696310833333,0,0,1,4,0,0,,autumn,0,0,0,0
574836427,22.2,20.086998,none,0.0,0.0,10.805999,23.759998,39.97526,1004.8455,,2023-09-22 06:14:09.886790,2023-09-22 18:29:21.236793,735.1891667166667,0,0,1,4,0,0,,autumn,0,0,0,0
574696027,14.75,12.505306,none,0.0,0.0,10.703569,17.28,61.196278,1003.64594,,2023-09-22 06:14:34.956667,2023-09-22 18:29:45.941436,735.1830794833334,0,1,0,4,0,0,,autumn,0,0,0,1
574745827,23.2,20.309309,none,0.0,0.0,20.008356,36.0,43.345905,1010.5247,,2023-09-23 06:16:29.578080,2023-09-23 18:27:02.566016,730.5497989333332,0,0,1,5,1,0,,autumn,0,0,1,0
574922227,14.95,12.165421,none,0.0,0.0,16.394829,25.199999,65.327835,1006.0857,,2023-09-23 06:16:20.393867,2023-09-23 18:26:55.396464,730.5833766166667,0,0,1,5,1,0,,autumn,0,0,1,0
574764227,22.5,18.988426,none,0.0,0.0,17.057314,38.519997,34.10596,1004.49255,,2023-09-23 06:16:34.585488,2023-09-23 18:27:04.506945,730.49869095,0,0,1,5,1,0,,autumn,0,0,1,0
574801227,15.85,12.259386,none,0.0,0.0,15.629972,24.84,46.993702,1004.5544,,2023-09-23 06:16:16.324113,2023-09-23 18:26:50.136660,730.56354245,0,1,0,5,1,0,,autumn,0,0,1,1
574756227,16.95,14.734701,none,0.0,0.0,14.618837,24.48,62.12783,1007.23944,,2023-09-23 06:15:59.922650,2023-09-23 18:26:33.734767,730.5635352833334,0,0,1,5,1,0,,autumn,0,0,0,0
574752827,23.35,19.093401,none,0.0,0.0,24.648829,45.719997,36.03446,1007.76685,,2023-09-23 06:16:00.964615,2023-09-23 18:26:35.893901,730.5821547666667,0,0,1,5,1,0,,autumn,0,0,1,0
574729027,18.45,16.793447,none,0.0,0.0,12.758432,24.119999,60.43108,1006.54767,,2023-09-23 06:16:22.227290,2023-09-23 18:26:57.484587,730.5876216166666,0,0,1,5,1,0,,autumn,0,0,0,0
574793827,21.9,18.84265,none,0.0,0.0,14.799459,32.760002,36.742653,1009.2342,,2023-09-23 06:15:51.820698,2023-09-23 18:26:25.778804,730.5659684333333,0,0,1,5,1,0,,autumn,0,0,0,0
574735827,20.7,18.711704,none,0.0,0.0,15.745627,28.8,53.78608,1004.9781,,2023-09-23 06:16:46.495390,2023-09-23 18:27:20.790514,730.5715853999999,0,0,1,5,1,0,,autumn,0,0,1,0
574795227,16.9,13.406099,none,0.0,0.0,15.39184,25.199999,44.885563,1006.19586,,2023-09-23 06:16:38.881678,2023-09-23 18:27:12.718812,730.5639522333333,0,1,0,5,1,0,,autumn,0,0,1,1
575063427,20.15,18.398401,none,0.0,0.0,14.332341,29.16,56.01339,1002.2816,,2023-09-23 06:17:05.429510,2023-09-23 18:27:41.086940,730.5942904999999,0,0,1,5,1,0,,autumn,0,0,0,0
574871827,23.25,19.431814,none,0.0,0.0,22.065973,43.199997,36.87614,1004.606,,2023-09-23 06:15:24.082034,2023-09-23 18:25:58.595440,730.5752234333333,0,0,1,5,1,0,,autumn,0,0,1,0
574708427,12.7,10.356987,none,0.0,0.0,12.313893,19.44,72.586555,1005.1639,,2023-09-23 06:16:23.214721,2023-09-23 18:26:57.310689,730.5682661333334,0,1,0,5,1,0,,autumn,0,0,0,1
574798227,19.0,16.637756,none,0.0,0.0,16.299694,29.88,55.910183,1001.43713,,2023-09-23 06:16:31.189727,2023-09-23 18:27:03.102232,730.5318750833334,0,0,1,5,1,0,,autumn,0,0,1,0
574749827,22.2,20.026527,none,0.0,0.0,17.114204,32.039997,49.22895,1006.68396,,2023-09-23 06:16:02.350490,2023-09-23 18:26:34.080070,730.5288263333333,0,0,1,5,1,0,,autumn,0,0,1,0
574750627,22.2,20.026527,none,0.0,0.0,17.114204,32.039997,49.22895,1007.6128,,2023-09-23 06:16:10.390344,2023-09-23 18:26:42.806361,730.54026695,0,0,1,5,1,0,,autumn,0,0,1,0
574780827,21.7,18.266891,none,0.0,0.0,15.546833,32.039997,34.232384,1003.2982,,2023-09-23 06:16:13.765676,2023-09-23 18:26:45.387594,730.5270319666666,0,0,1,5,1,0,,autumn,0,0,1,0
575550627,16.6,12.992491,none,0.0,0.0,15.815435,26.28,44.957245,1004.89764,,2023-09-23 06:15:31.624884,2023-09-23 18:26:05.325267,730.5616730500001,0,1,0,5,1,0,,autumn,0,0,1,1
575302427,23.7,19.223896,none,0.0,0.0,25.325686,43.199997,34.09577,1006.4001,,2023-09-23 06:16:22.600916,2023-09-23 18:26:56.606128,730.5667535333333,0,0,1,5,1,0,,autumn,0,0,1,0
579513427,22.35,20.173151,none,0.0,0.0,17.555305,30.960001,49.43276,1010.29614,,2023-09-23 06:16:07.749020,2023-09-23 18:26:41.267119,730.5586349833334,0,0,1,5,1,0,,autumn,0,0,1,0
574790227,17.3,13.909067,none,0.0,0.0,15.192682,25.56,44.84269,1004.2172,,2023-09-23 06:17:07.972515,2023-09-23 18:27:40.791234,730.54697865,0,1,0,5,1,0,,autumn,0,0,1,1
575830627,15.55,12.003355,none,0.0,0.0,15.188415,26.28,47.570774,995.4238,,2023-09-23 06:16:34.298171,2023-09-23 18:27:05.999532,730.5283560166666,0,1,0,5,1,0,,autumn,0,0,1,1
574733027,20.7,19.039145,none,0.0,0.0,13.708391,28.08,54.144135,1005.02106,,2023-09-23 06:16:17.824201,2023-09-23 18:26:47.364095,730.4923315666667,0,0,1,5,1,0,,autumn,0,0,0,0
574779227,22.1,18.641424,none,0.0,0.0,15.941944,33.48,33.756676,1005.3123,,2023-09-23 06:16:14.809690,2023-09-23 18:26:48.524670,730.5619163333333,0,0,1,5,1,0,,autumn,0,0,1,0
574802427,15.7,12.028439,none,0.0,0.0,15.905319,26.28,46.78764,1005.8071,,2023-09-23 06:16:05.937237,2023-09-23 18:26:38.274531,730.5389548999999,0,1,0,5,1,0,,autumn,0,0,1,1
574819227,23.9,19.191484,none,0.0,0.0,22.862125,43.199997,27.939896,1007.9304,,2023-09-23 06:16:30.913574,2023-09-23 18:27:04.551721,730.5606357833333,0,0,1,5,1,0,,autumn,0,0,1,0
574795427,16.7,13.1339245,none,0.0,0.0,15.815435,24.84,45.30053,1003.8824,,2023-09-23 06:16:23.154852,2023-09-23 18:26:57.251883,730.56828385,0,1,0,5,1,0,,autumn,0,0,1,1
574801427,15.2,11.597105,none,0.0,0.0,15.158522,24.48,47.63959,1009.149,,2023-09-23 06:16:21.303604,2023-09-23 18:26:54.694364,730.5565126666667,0,1,0,5,1,0,,autumn,0,0,1,1
574912227,20.85,18.748587,none,0.0,0.0,16.520823,29.519999,53.29181,1010.1844,,2023-09-23 06:15:55.386692,2023-09-23 18:26:28.247708,730.5476836,0,0,1,5,1,0,,autumn,0,0,1,0
574963827,22.6,19.138075,none,0.0,0.0,17.651016,37.44,35.331432,1006.50214,,2023-09-23 06:16:23.629987,2023-09-23 18:26:58.798851,730.5861477333333,0,0,1,5,1,0,,autumn,0,0,1,0
574795027,16.55,13.2332325,none,0.0,0.0,14.685176,23.759998,47.02589,1001.90906,,2023-09-23 06:16:53.588114,2023-09-23 18:27:29.201899,730.5935630833334,0,1,0,5,1,0,,autumn,0,0,0,1
574807027,13.0,9.823154,none,0.0,0.0,14.77755,23.4,62.05441,1006.51917,,2023-09-24 06:17:34.715645,2023-09-24 18:23:33.773444,725.98429665,1,0,1,6,1,0,,autumn,0,0,0,0
574838627,21.6,18.7243,none,0.0,0.0,19.813087,35.28,47.61473,1003.4604,,2023-09-24 06:18:24.797103,2023-09-24 18:24:24.509034,725.99519885,0,0,1,6,1,0,,autumn,0,0,1,0
574856827,20.85,18.459475,none,0.0,0.0,16.981165,35.28,50.696365,1003.0453,,2023-09-24 06:19:15.525261,2023-09-24 18:25:13.098659,725.9595566333334,0,0,1,6,1,0,,autumn,0,0,1,0
574866227,22.35,19.67408,none,0.0,0.0,17.193533,35.64,43.54529,996.2923,,2023-09-24 06:18:27.357132,2023-09-24 18:24:25.652738,725.9715934333333,0,0,1,6,1,0,,autumn,0,0,1,0
574870627,21.0,18.285456,none,0.0,0.0,16.171976,31.68,45.11091,1003.02924,,2023-09-24 06:17:57.710602,2023-09-24 18:23:56.342321,725.9771953166667,0,0,1,6,1,0,,autumn,0,0,1,0
574803027,13.9,10.27774,none,0.0,0.0,16.563911,27.0,55.17196,1003.5924,,2023-09-24 06:18:46.185358,2023-09-24 18:24:44.991234,725.9800979333334,0,1,0,6,1,0,,autumn,0,0,1,1
575023227,21.5,18.614859,none,0.0,0.0,20.172853,35.28,48.38985,1007.2523,,2023-09-24 06:17:43.257409,2023-09-24 18:23:42.402571,725.9857527,0,0,1,6,1,0,,autumn,0,0,1,0
575121827,15.0,11.247454,none,0.0,0.0,15.84409,26.28,47.41681,1001.3984,,2023-09-24 06:18:08.357659,2023-09-24 18:24:06.998669,725.9773501666666,0,1,0,6,1,0,,autumn,0,0,1,1
574845027,22.45,19.703396,none,0.0,0.0,19.917469,37.8,46.74482,997.82623,,2023-09-24 06:18:42.529663,2023-09-24 18:24:40.995796,725.9744355500001,0,0,1,6,1,0,,autumn,0,0,1,0
574802227,15.05,11.705931,none,0.0,0.0,14.081478,23.4,49.813503,1003.5735,,2023-09-24 06:18:36.521669,2023-09-24 18:24:36.373409,725.997529,0,1,0,6,1,0,,autumn,0,0,0,1
574849627,17.85,15.530098,none,0.0,0.0,14.764389,29.88,57.52427,1001.02783,,2023-09-24 06:19:04.429693,2023-09-24 18:25:04.525120,726.00159045,0,0,1,6,1,0,,autumn,0,0,0,0
575121427,15.0,11.247454,none,0.0,0.0,15.84409,26.28,47.41681,1002.58154,,2023-09-24 06:18:08.411857,2023-09-24 18:24:07.002826,725.97651615,0,1,0,6,1,0,,autumn,0,0,1,1
574876027,18.45,15.6718235,none,0.0,0.0,15.725037,27.359999,51.083035,1001.4803,,2023-09-24 06:18:27.522010,2023-09-24 18:24:25.465544,725.9657255666666,0,1,0,6,1,0,,autumn,0,0,1,1
574840827,22.4,19.685995,none,0.0,0.0,19.493261,37.079998,46.575592,1005.46204,,2023-09-24 06:17:38.400126,2023-09-24 18:23:37.915828,725.9919283666666,0,0,1,6,1,0,,autumn,0,0,1,0
574876227,18.65,15.848341,none,0.0,0.0,16.595179,28.08,51.83396,1002.211,,2023-09-24 06:18:50.155020,2023-09-24 18:24:49.769150,725.9935688333334,0,1,0,6,1,0,,autumn,0,0,1,1
574876627,19.2,16.79481,none,0.0,0.0,14.145756,25.919998,50.59535,1000.7747,,2023-09-24 06:19:13.007519,2023-09-24 18:25:11.108774,725.9683542500001,0,1,0,6,1,0,,autumn,0,0,0,1
574918827,14.75,11.080919,none,0.0,0.0,15.137133,24.48,47.848896,1004.6008,,2023-09-24 06:18:09.484575,2023-09-24 18:24:08.781688,725.9882852166667,0,1,0,6,1,0,,autumn,0,0,1,1
574865227,21.15,18.47628,none,0.0,0.0,16.62249,32.039997,45.920803,1002.7088,,2023-09-24 06:18:41.263698,2023-09-24 18:24:40.096237,725.9805423166667,0,0,1,6,1,0,,autumn,0,0,1,0
574915627,22.8,19.863617,none,0.0,0.0,17.418196,35.28,40.00994,1005.6531,,2023-09-24 06:17:04.356614,2023-09-24 18:23:03.508685,725.98586785,0,0,1,6,1,0,,autumn,0,0,1,0
576153027,16.7,13.694992,none,0.0,0.0,17.283749,29.88,57.043976,1004.86554,,2023-09-24 06:18:30.050638,2023-09-24 18:24:29.014301,725.9827277166667,0,0,1,6,1,0,,autumn,0,0,1,0
574906227,14.2,13.220127,none,0.0,0.0,12.783802,23.039999,91.29054,1009.7708,,2023-09-25 06:19:58.834774,2023-09-25 18:21:23.431469,721.4099449166666,0,0,1,0,0,0,,autumn,0,0,0,0
574985827,17.7,15.591839,none,0.0,0.0,11.841756,21.96,55.01936,1012.23816,,2023-09-25 06:20:23.356417,2023-09-25 18:21:48.106379,721.4124993666667,0,0,1,0,0,0,,autumn,0,0,0,0
574952627,18.2,17.057688,none,0.0,0.0,10.685391,24.119999,64.305336,1007.06274,,2023-09-25 06:20:27.311620,2023-09-25 18:21:53.072001,721.4293396833333,0,0,1,0,0,0,,autumn,0,0,0,0
575009027,17.6,15.5349655,none,0.0,0.0,11.726277,22.68,55.74307,1010.90894,,2023-09-25 06:20:30.643346,2023-09-25 18:21:55.615945,721.4162099833334,0,0,1,0,0,0,,autumn,0,0,0,0
574941427,18.25,16.75394,none,0.0,0.0,12.4811535,26.64,62.842007,1009.8935,,2023-09-25 06:20:05.762430,2023-09-25 18:21:30.188919,721.40710815,0,0,1,0,0,0,,autumn,0,0,0,0
575000627,16.7,14.7354145,none,0.0,0.0,10.948973,24.119999,58.810364,1008.82874,,2023-09-25 06:20:22.058453,2023-09-25 18:21:46.268223,721.4034961666667,0,0,1,0,0,0,,autumn,0,0,0,0
575030427,14.2,12.8681755,none,0.0,0.0,7.342588,12.959999,70.92412,1015.8128,,2023-09-25 06:18:50.402453,2023-09-25 18:20:15.797282,721.42324715,0,1,0,0,0,0,,autumn,0,0,0,1
574930827,16.35,15.150028,none,0.0,0.0,13.37825,27.0,77.46334,1005.7893,,2023-09-25 06:20:09.544663,2023-09-25 18:21:34.880279,721.4222602666666,0,0,1,0,0,0,,autumn,0,0,0,0
574938827,16.4,15.23031,none,0.0,0.0,12.72283,25.199999,76.2092,1008.8711,,2023-09-25 06:20:16.271545,2023-09-25 18:21:40.679932,721.4068064500001,0,0,1,0,0,0,,autumn,0,0,0,0
574996027,17.2,14.881737,none,0.0,0.0,12.661564,23.039999,55.452713,1016.24835,,2023-09-25 06:20:18.676976,2023-09-25 18:21:43.600775,721.4153966499999,0,0,1,0,0,0,,autumn,0,0,0,0
575008027,16.15,14.708149,none,0.0,0.0,7.6367526,21.599998,61.525684,1015.37933,,2023-09-25 06:19:59.520113,2023-09-25 18:21:24.504614,721.41640835,0,0,1,0,0,0,,autumn,0,0,0,0
574936627,17.0,16.071365,none,0.0,0.0,10.1887,24.119999,71.45328,1011.1008,,2023-09-25 06:21:31.863991,2023-09-25 18:22:56.373447,721.4084909333334,0,0,1,0,0,0,,autumn,0,0,0,0
574949027,18.85,17.088133,none,0.0,0.0,13.479583,26.64,58.93784,1010.34283,,2023-09-25 06:20:15.483076,2023-09-25 18:21:40.277052,721.4132329333333,0,0,1,0,0,0,,autumn,0,0,0,0
575029627,10.45,9.071195,none,0.0,0.0,7.208994,13.32,89.21756,1015.2097,,2023-09-25 06:18:45.983558,2023-09-25 18:20:11.265477,721.4213653166667,0,1,0,0,0,0,,autumn,0,0,0,1
574895027,13.95,13.327532,none,0.0,0.0,9.085988,21.24,89.49427,1006.71484,,2023-09-25 06:19:55.154580,2023-09-25 18:21:19.878571,721.4120665166666,0,1,0,0,0,0,,autumn,0,0,0,1
575238427,13.95,12.734425,none,0.0,0.0,6.638072,13.679999,72.325775,1012.6718,,2023-09-25 06:19:32.486405,2023-09-25 18:20:58.083602,721.42661995,1,0,0,0,0,0,,autumn,0,0,0,0
574921227,15.5,14.377939,none,0.0,0.0,14.336861,27.359999,85.34157,1010.424,,2023-09-25 06:19:33.669589,2023-09-25 18:20:58.979532,721.4218323833334,0,0,1,0,0,0,,autumn,0,0,0,0
574968827,18.8,17.20462,none,0.0,0.0,11.435313,25.919998,57.37464,1007.57544,,2023-09-25 06:21:14.722849,2023-09-25 18:22:39.878714,721.4192644166667,0,0,1,0,0,0,,autumn,0,0,0,0
574901627,15.15,14.479471,rain,0.4,0.0,10.661107,24.48,85.86503,997.3009,,2023-09-25 06:20:37.611838,2023-09-25 18:22:03.133818,721.4253663333333,0,1,0,0,0,0,,autumn,0,0,0,1
576808827,14.85,13.974827,none,0.0,0.0,5.2416787,19.08,70.57292,1010.02203,,2023-09-25 06:21:07.329012,2023-09-25 18:22:31.650334,721.4053553666668,0,0,1,0,0,0,,autumn,0,0,0,0
574895827,15.45,15.02206,none,0.0,0.0,11.246759,20.880001,89.60968,1008.997,,2023-09-25 06:19:57.448722,2023-09-25 18:21:22.355541,721.4151136500001,0,1,0,0,0,0,,autumn,0,0,0,1
574936227,15.2,14.212412,none,0.0,0.0,13.53236,25.199999,87.284645,1006.3173,,2023-09-25 06:20:08.234023,2023-09-25 18:21:33.749068,721.42525075,0,0,1,0,0,0,,autumn,0,0,0,0
575004227,13.15,11.877596,none,0.0,0.0,6.5693827,11.5199995,74.91561,1005.40466,,2023-09-25 06:20:41.213419,2023-09-25 18:22:06.479421,721.4211000333332,1,0,0,0,0,0,,autumn,0,0,0,0
575028827,12.1,10.80321,none,0.0,0.0,7.5685663,10.440001,82.72413,1013.5745,,2023-09-25 06:20:23.587232,2023-09-25 18:21:48.453976,721.4144457333333,0,1,0,0,0,0,,autumn,0,0,0,1
574888227,18.85,15.906874,none,0.0,0.0,17.654688,29.88,51.363503,993.64764,,2023-09-25 06:20:26.013492,2023-09-25 18:21:51.293349,721.42133095,0,1,0,0,0,0,,autumn,0,0,1,1
575113827,11.8,10.619748,none,0.0,0.0,6.489992,10.440001,83.527405,1011.3105,,2023-09-25 06:19:54.455249,2023-09-25 18:21:19.940108,721.42474765,0,1,0,0,0,0,,autumn,0,0,0,1
575023427,11.55,9.975409,none,0.0,0.0,8.28,12.959999,82.09888,1009.8957,,2023-09-25 06:20:48.742466,2023-09-25 18:22:13.041995,721.4049921500001,0,1,0,0,0,0,,autumn,0,0,0,1
575155827,14.3,13.402544,none,0.0,0.0,12.682018,22.68,91.89577,1005.8174,,2023-09-25 06:20:33.544900,2023-09-25 18:21:58.683891,721.4189831833334,0,0,1,0,0,0,,autumn,0,0,0,0
575031627,6.05,4.3474827,none,0.0,0.0,4.896529,5.7599998,100.0,1014.1184,,2023-09-26 06:21:27.414706,2023-09-26 18:18:17.926772,716.8418677666667,0,1,0,1,0,0,,autumn,0,0,0,1
575142427,10.1,8.192256,none,0.0,0.0,8.14587,10.08,82.192635,1010.2461,,2023-09-26 06:22:20.067643,2023-09-26 18:19:11.049412,716.84969615,0,1,0,1,0,0,,autumn,0,0,0,1
575204627,14.05,12.82918,none,0.0,0.0,5.0528407,7.5599995,67.613976,1013.60583,,2023-09-26 06:21:53.855831,2023-09-26 18:18:43.468484,716.82687755,0,0,1,1,0,0,,autumn,0,0,0,0
575096027,16.65,15.710962,none,0.0,0.0,2.5959969,13.679999,56.070328,1010.64276,,2023-09-26 06:22:07.677819,2023-09-26 18:18:59.539615,716.8643632666666,0,0,1,1,0,0,,autumn,0,0,0,0
575232227,10.45,8.80138,none,0.0,0.0,6.3690495,9.72,80.294525,1013.9166,,2023-09-26 06:21:30.635357,2023-09-26 18:18:21.292122,716.8442794166666,0,1,0,1,0,0,,autumn,0,0,0,1
575119027,17.05,16.094612,none,0.0,0.0,1.609969,12.959999,52.294445,1011.13184,,2023-09-26 06:22:01.757614,2023-09-26 18:18:53.593080,716.8639244333333,0,0,1,1,0,0,,autumn,0,0,0,0
575125427,14.2,12.649845,none,0.0,0.0,5.6920996,9.36,62.762592,1016.26135,,2023-09-26 06:22:00.979569,2023-09-26 18:18:51.667333,716.8447960666667,1,0,0,1,0,0,,autumn,0,0,0,0
575141827,9.3,7.49438,none,0.0,0.0,7.8625183,11.159999,88.21683,1014.4049,,2023-09-26 06:22:51.475059,2023-09-26 18:19:40.624622,716.8191593833333,0,1,0,1,0,0,,autumn,0,0,0,1
575107627,16.95,15.594683,none,0.0,0.0,2.9024127,15.119999,49.473503,1015.1249,,2023-09-26 06:22:25.697365,2023-09-26 18:19:15.754893,716.8342921333333,0,0,1,1,0,0,,autumn,0,0,0,0
575538827,17.0,15.767952,none,0.0,0.0,3.2599385,15.84,51.924442,1015.247,,2023-09-26 06:21:33.386070,2023-09-26 18:18:23.474797,716.8348121166667,0,0,1,1,0,0,,autumn,0,0,0,0
575376427,10.35,8.646928,none,0.0,0.0,7.4128532,10.440001,83.07045,1012.572,,2023-09-26 06:21:12.307604,2023-09-26 18:18:02.980549,716.8445490833333,0,1,0,1,0,0,,autumn,0,0,0,1
575129827,16.8,15.311031,none,0.0,0.0,3.9763298,10.799999,50.291485,1005.63196,,2023-09-26 06:22:32.570963,2023-09-26 18:19:24.754533,716.8697261666667,0,0,1,1,0,0,,autumn,0,0,0,0
576170227,16.9,15.635021,none,0.0,0.0,5.3517847,15.4800005,56.324734,1012.9021,,2023-09-26 06:22:29.016840,2023-09-26 18:19:18.076592,716.8176625333333,0,0,1,1,0,0,,autumn,0,0,0,0
575141427,11.5,9.922287,none,0.0,0.0,6.638072,10.799999,77.22486,1011.1976,,2023-09-26 06:23:04.624451,2023-09-26 18:19:54.799147,716.8362449333333,0,1,0,1,0,0,,autumn,0,0,0,1
575300427,10.2,9.785647,none,0.0,0.0,1.8,10.799999,94.780624,1015.8659,,2023-09-26 06:21:34.231071,2023-09-26 18:18:24.885746,716.8442445833333,0,0,1,1,0,0,,autumn,0,0,0,0
575060827,10.15,9.510673,none,0.0,0.0,2.5959969,10.799999,92.570946,1014.7407,,2023-09-26 06:22:23.923918,2023-09-26 18:19:14.858508,716.8489098333333,0,0,1,1,0,0,,autumn,0,0,0,0
578630227,15.1,14.648853,none,0.0,0.0,2.6208394,12.24,70.149254,1015.113,,2023-09-26 06:21:26.026419,2023-09-26 18:18:16.669946,716.8440587833334,0,0,1,1,0,0,,autumn,0,0,0,0
575118427,15.65,14.687231,none,0.0,0.0,3.5455887,12.24,61.617065,1006.40405,,2023-09-26 06:23:37.950532,2023-09-26 18:20:24.534652,716.776402,0,0,1,1,0,0,,autumn,0,0,0,0
576018027,14.2,12.649845,none,0.0,0.0,5.6920996,9.36,62.762592,1012.17523,,2023-09-26 06:22:04.874537,2023-09-26 18:18:55.215871,716.8390222333333,0,0,1,1,0,0,,autumn,0,0,0,0
575270627,13.95,12.547756,none,0.0,0.0,4.1046314,4.68,62.276417,1010.19684,,2023-09-26 06:22:01.173333,2023-09-26 18:18:52.981169,716.8634639333334,0,1,0,1,0,0,,autumn,0,0,0,1
575174827,11.0,9.67849,none,0.0,0.0,6.725354,15.84,85.72234,1011.7617,,2023-09-27 06:24:50.133843,2023-09-27 18:17:04.877925,712.2457347,0,0,1,2,0,0,,autumn,0,0,0,0
575181227,13.55,12.38028,none,0.0,0.0,7.072878,17.64,76.255104,1011.5209,,2023-09-27 06:23:19.006946,2023-09-27 18:15:35.811789,712.2800807166666,0,0,1,2,0,0,,autumn,0,0,0,0
575171227,11.95,10.598663,none,0.0,0.0,6.5693827,15.4800005,79.42103,1009.89606,,2023-09-27 06:24:06.129166,2023-09-27 18:16:24.478847,712.3058280166666,0,0,1,2,0,0,,autumn,0,0,0,0
575191227,15.5,14.261911,none,0.0,0.0,8.209263,19.08,68.83105,1010.93677,,2023-09-27 06:24:18.752301,2023-09-27 18:16:32.558712,712.23010685,0,0,1,2,0,0,,autumn,0,0,0,0
575202027,18.4,16.91083,none,0.0,0.0,9.255571,23.039999,55.946037,1013.3452,,2023-09-27 06:25:00.848708,2023-09-27 18:17:15.829954,712.2496874333334,0,0,1,2,0,0,,autumn,0,0,0,0
575211627,18.85,17.551533,none,0.0,0.0,6.28713,21.24,51.19003,1009.97015,,2023-09-27 06:24:06.170694,2023-09-27 18:16:21.149027,712.2496388833333,0,0,1,2,0,0,,autumn,0,0,0,0
575249827,18.45,16.602093,none,0.0,0.0,10.966713,23.759998,54.28972,1015.48126,,2023-09-27 06:23:31.751315,2023-09-27 18:15:49.468044,712.2952788166666,0,0,1,2,0,0,,autumn,0,0,0,0
575225827,18.6,17.507984,none,0.0,0.0,5.506941,14.759999,53.240875,1012.86487,,2023-09-27 06:23:38.366817,2023-09-27 18:15:53.515634,712.2524802833334,0,0,1,2,0,0,,autumn,0,0,0,0
575200227,17.9,16.264065,none,0.0,0.0,9.793058,23.759998,56.76774,1004.56805,,2023-09-27 06:25:50.666657,2023-09-27 18:18:00.620048,712.1658898500001,0,0,1,2,0,0,,autumn,0,0,0,0
575222827,18.7,17.641933,none,0.0,0.0,5.0911684,14.04,52.552895,1012.75244,,2023-09-27 06:23:50.630240,2023-09-27 18:16:03.808967,712.21964545,0,0,1,2,0,0,,autumn,0,0,0,0
575271627,9.55,7.808155,none,0.0,0.0,8.891343,11.879999,91.91177,1011.596,,2023-09-27 06:23:12.084745,2023-09-27 18:15:29.511304,712.29044265,0,1,0,2,0,0,,autumn,0,0,0,1
575296227,17.8,18.022503,none,0.0,0.0,2.6208394,11.879999,68.60803,1010.6299,,2023-09-27 06:23:58.086687,2023-09-27 18:16:10.594959,712.2084712,0,0,1,2,0,0,,autumn,0,0,0,0
575178627,14.35,12.928478,none,0.0,0.0,8.049845,18.359999,70.47633,1010.2371,,2023-09-27 06:23:55.902555,2023-09-27 18:16:15.033200,712.3188440833333,0,0,1,2,0,0,,autumn,0,0,0,0
575467627,18.55,17.291075,none,0.0,0.0,6.28713,15.119999,52.691185,1011.8967,,2023-09-27 06:23:08.514139,2023-09-27 18:15:25.693382,712.2863207166666,0,0,1,2,0,0,,autumn,0,0,0,0
575422827,15.7,14.258495,none,0.0,0.0,9.028754,19.8,66.60119,1013.93365,,2023-09-27 06:24:01.320318,2023-09-27 18:16:18.213061,712.2815457166666,0,0,1,2,0,0,,autumn,0,0,0,0
575386227,18.85,17.705416,none,0.0,0.0,5.4119864,20.16,51.53749,1009.14667,,2023-09-27 06:24:35.908172,2023-09-27 18:16:48.888622,712.2163408333333,0,0,1,2,0,0,,autumn,0,0,0,0
575170227,11.5,10.142872,none,0.0,0.0,6.519877,14.759999,81.53859,1015.0689,,2023-09-27 06:23:54.417469,2023-09-27 18:16:11.399402,712.2830322166667,0,0,1,2,0,0,,autumn,0,0,0,0
575251027,15.15,14.536547,none,0.0,0.0,2.8799999,3.2399998,67.84198,1007.64264,,2023-09-27 06:24:15.879414,2023-09-27 18:16:28.264369,712.2064159166667,0,1,0,2,0,0,,autumn,0,0,0,1
575268427,11.55,10.221666,none,0.0,0.0,7.4128532,8.64,84.63189,1005.90765,,2023-09-27 06:24:39.081606,2023-09-27 18:16:58.195316,712.3185618333333,0,1,0,2,0,0,,autumn,0,0,0,1
575320227,8.75,6.904787,none,0.0,0.0,8.049845,14.04,91.237335,1012.0946,,2023-09-27 06:24:30.535766,2023-09-27 18:16:45.759152,712.2537231,0,0,1,2,0,0,,autumn,0,0,0,0
575255027,18.1,16.200577,none,0.0,0.0,12.0694,24.119999,57.009056,1011.0398,,2023-09-27 06:24:18.454292,2023-09-27 18:16:33.336228,712.2480322666667,0,0,1,2,0,0,,autumn,0,0,0,0
575282027,10.8,9.162618,none,0.0,0.0,8.891344,9.72,86.86879,1010.657,,2023-09-27 06:23:18.555731,2023-09-27 18:15:33.546816,712.2498514166667,0,1,0,2,0,0,,autumn,0,0,0,1
575275427,9.1,7.2945366,none,0.0,0.0,8.714677,9.72,92.51118,1006.697,,2023-09-27 06:24:15.794028,2023-09-27 18:16:28.832834,712.2173134333333,0,1,0,2,0,0,,autumn,0,0,0,1
575688627,13.6,12.222351,none,0.0,0.0,8.12197,18.0,74.992096,1010.5643,,2023-09-27 06:24:06.514019,2023-09-27 18:16:21.289702,712.2462613833334,0,0,1,2,0,0,,autumn,0,0,0,0
575991827,12.3,11.196193,none,0.0,0.0,6.151683,8.64,81.36908,1013.19104,,2023-09-27 06:24:28.865334,2023-09-27 18:16:44.620196,712.2625810333334,0,1,0,2,0,0,,autumn,0,0,0,1
576195627,8.75,6.904787,none,0.0,0.0,8.049845,14.04,91.237335,1009.4102,,2023-09-27 06:24:49.405660,2023-09-27 18:17:02.905615,712.22499925,0,0,1,2,0,0,,autumn,0,0,0,0
575216227,18.1,16.737808,none,0.0,0.0,8.766573,20.16,57.779716,1009.05347,,2023-09-27 06:24:25.656972,2023-09-27 18:16:46.603080,712.3491018,0,0,1,2,0,0,,autumn,0,0,0,0
575218427,18.1,16.737808,none,0.0,0.0,8.766573,20.16,57.779716,1001.6588,,2023-09-27 06:24:12.943459,2023-09-27 18:16:32.551629,712.3268028333333,0,0,1,2,0,0,,autumn,0,0,0,0
575685027,9.45,7.4014254,none,0.0,0.0,9.028754,15.84,85.55911,1008.49255,,2023-09-27 06:24:00.348233,2023-09-27 18:16:20.637535,712.3381550333332,0,0,1,2,0,0,,autumn,0,0,0,0
575275827,9.85,8.496532,none,0.0,0.0,6.763786,10.440001,91.93019,1009.7628,,2023-09-27 06:23:54.659623,2023-09-27 18:16:10.699403,712.2673296666667,0,1,0,2,0,0,,autumn,0,0,0,1
575250827,12.75,11.672627,none,0.0,0.0,5.506941,6.4799995,77.682816,1009.60266,,2023-09-27 06:23:12.166099,2023-09-27 18:15:28.426859,712.2710126666666,0,1,0,2,0,0,,autumn,0,0,0,1
575262427,17.35,16.850332,none,0.0,0.0,2.1897945,3.96,59.16747,1007.6857,,2023-09-27 06:24:18.626588,2023-09-27 18:16:31.590000,712.2160568666666,0,0,1,2,0,0,,autumn,0,0,0,0
