dtp_id,temp_c,feels_like_c,precipitation_type,precipitation_mm,snow_depth_cm,wind_speed_ms,wind_gust_ms,humidity_pct,pressure_hpa,visibility_m,sunrise_ts,sunset_ts,daylight_minutes,is_twilight,is_dark,is_daylight,day_of_week,is_weekend,is_holiday,holiday_name,season,ice_risk,low_visibility_flag,bad_weather_flag,dark_without_lights_flag
603188027,-1.35,-6.791624,none,0.0,1.0,17.782686,33.48,72.81584,1004.8125,,2024-05-09 04:29:50.546566,2024-05-09 20:25:11.191012,955.3440741,0,0,1,3,0,1,День Победы,spring,1,0,1,0
603014027,0.4,-6.7635336,snow,0.1,1.0,28.006056,54.0,53.52713,999.3422,,2024-05-09 04:28:10.678754,2024-05-09 20:23:45.686105,955.58345585,0,0,1,3,0,1,День Победы,spring,1,0,1,0
603172027,2.05,-2.2792482,none,0.0,1.0,10.086427,19.8,56.51266,998.15063,,2024-05-09 04:28:31.879305,2024-05-09 20:24:22.836138,955.8492805499999,0,1,0,3,0,1,День Победы,spring,0,0,0,1
603844827,-1.65,-7.1396995,none,0.0,1.0,18.075441,33.839996,74.15523,999.376,,2024-05-09 04:30:11.416742,2024-05-09 20:25:01.735083,954.8386390166667,0,0,1,3,0,1,День Победы,spring,1,0,1,0
603004427,-1.15,-6.771725,none,0.0,1.0,19.734436,37.44,77.10536,997.6654,,2024-05-09 04:31:10.408027,2024-05-09 20:24:22.002224,953.1932366166667,1,0,1,3,0,1,День Победы,spring,1,0,1,0
603013427,-1.6,-7.2203894,none,0.0,1.0,18.899143,37.8,73.3235,1000.73126,,2024-05-09 04:31:20.765421,2024-05-09 20:23:46.289621,952.4254033333333,0,0,1,3,0,1,День Победы,spring,1,0,1,0
603487027,-1.35,-6.8738933,none,0.0,1.0,18.947083,34.2,77.363365,997.3016,,2024-05-09 04:30:15.687840,2024-05-09 20:24:57.591457,954.6983936166667,0,1,0,3,0,1,День Победы,spring,1,0,1,1
603152027,8.8,5.0501785,none,0.0,0.0,16.167967,32.039997,72.617355,986.04694,,2024-05-10 04:27:52.258082,2024-05-10 20:27:24.990675,959.5455432166667,0,0,1,4,0,1,Выходной (перенесено с 06.01.2024),spring,0,0,1,0
603150627,10.85,6.4681168,none,0.0,0.0,18.72346,35.64,57.552948,984.9346,,2024-05-10 04:28:43.692650,2024-05-10 20:25:28.348913,956.74427105,0,0,1,4,0,1,Выходной (перенесено с 06.01.2024),spring,0,0,1,0
603399027,9.25,5.5919857,none,0.0,0.0,15.745627,32.039997,71.19158,989.3295,,2024-05-10 04:27:26.092532,2024-05-10 20:24:42.783791,957.27818765,1,0,0,4,0,1,Выходной (перенесено с 06.01.2024),spring,0,0,1,0
603100827,9.2,3.7672024,none,0.0,1.0,25.364037,48.6,50.33552,991.6421,,2024-05-10 04:26:23.863047,2024-05-10 20:26:02.765137,959.6483681666667,0,0,1,4,0,1,Выходной (перенесено с 06.01.2024),spring,0,0,1,0
603635827,10.15,4.5353127,rain,0.1,0.0,25.60053,48.96,54.966396,992.4659,,2024-05-10 04:26:39.069318,2024-05-10 20:24:34.067513,957.9166365833333,0,0,1,4,0,1,Выходной (перенесено с 06.01.2024),spring,0,0,1,0
603191427,8.4,3.653656,none,0.0,1.0,20.780453,40.68,56.71795,993.16656,,2024-05-10 04:26:35.207215,2024-05-10 20:26:26.132612,959.8487566166666,0,0,1,4,0,1,Выходной (перенесено с 06.01.2024),spring,0,0,1,0
603884627,7.75,2.1279454,none,0.0,1.0,24.798223,46.079998,61.236176,989.0972,,2024-05-10 04:28:09.410614,2024-05-10 20:25:07.901036,956.9748403666667,0,0,1,4,0,1,Выходной (перенесено с 06.01.2024),spring,0,0,1,0
603616027,8.05,4.90975,rain,0.1,0.0,13.5515,24.48,82.498726,991.10266,,2024-05-10 04:27:29.809241,2024-05-10 20:25:37.446014,958.12727955,0,1,0,4,0,1,Выходной (перенесено с 06.01.2024),spring,0,0,0,1
603117827,9.15,3.5572567,none,0.0,1.0,23.73271,46.079998,52.56604,991.0596,,2024-05-10 04:26:35.628781,2024-05-10 20:26:29.286134,959.8942892166667,0,0,1,4,0,1,Выходной (перенесено с 06.01.2024),spring,0,0,1,0
603103627,9.45,3.8001976,none,0.0,2.0,23.40277,47.519997,48.957752,985.6493,,2024-05-10 04:28:03.496535,2024-05-10 20:28:45.567858,960.7011887166666,0,0,1,4,0,1,Выходной (перенесено с 06.01.2024),spring,0,0,1,0
603070827,0.9,-4.0325274,none,0.0,1.0,14.113653,23.4,60.669727,994.9851,,2024-05-10 04:27:39.160128,2024-05-10 20:27:11.362836,959.5367117999999,0,1,0,4,0,1,Выходной (перенесено с 06.01.2024),spring,1,0,0,1
603164427,8.15,4.707573,none,0.0,0.0,15.042659,25.199999,79.69068,990.44385,,2024-05-10 04:27:46.023240,2024-05-10 20:26:13.572046,958.4591467666667,0,1,0,4,0,1,Выходной (перенесено с 06.01.2024),spring,0,0,1,1
603141827,12.2,6.2231407,none,0.0,0.0,26.525429,44.639996,43.379055,991.3088,,2024-05-10 04:27:14.085460,2024-05-10 20:25:29.729931,958.2607411833334,0,0,1,4,0,1,Выходной (перенесено с 06.01.2024),spring,0,0,1,0
603125227,8.9,3.2972608,none,0.0,1.0,24.336637,42.839996,55.430218,993.3515,,2024-05-10 04:27:10.819038,2024-05-10 20:25:27.396109,958.2762845166667,0,0,1,4,0,1,Выходной (перенесено с 06.01.2024),spring,0,0,1,0
603756427,10.2,5.795738,none,0.0,0.0,19.45333,34.56,62.044193,990.9169,,2024-05-10 04:26:23.770815,2024-05-10 20:24:30.969843,958.1199838,0,0,1,4,0,1,Выходной (перенесено с 06.01.2024),spring,0,0,1,0
603152627,8.35,4.8943186,none,0.0,0.0,14.707222,26.28,76.98784,985.9704,,2024-05-10 04:27:45.480412,2024-05-10 20:25:36.556814,957.8512733666666,0,1,0,4,0,1,Выходной (перенесено с 06.01.2024),spring,0,0,0,1
603163827,8.3,4.914773,none,0.0,0.0,14.578888,25.56,78.60922,989.1571,,2024-05-10 04:26:28.041518,2024-05-10 20:24:47.440798,958.3233213333333,0,1,0,4,0,1,Выходной (перенесено с 06.01.2024),spring,0,0,0,1
603146427,10.65,5.6513786,none,0.0,0.0,21.434364,48.239998,53.354496,990.2672,,2024-05-10 04:26:43.778005,2024-05-10 20:25:23.470063,958.6615343,0,0,1,4,0,1,Выходной (перенесено с 06.01.2024),spring,0,0,1,0
603490027,8.0,4.53817,none,0.0,0.0,15.175612,25.199999,80.506836,985.39026,,2024-05-10 04:27:57.720910,2024-05-10 20:25:18.017104,957.3382699,0,1,0,4,0,1,Выходной (перенесено с 06.01.2024),spring,0,0,1,1
603126627,12.0,6.069028,none,0.0,0.0,26.478973,46.079998,44.756367,988.5385,,2024-05-10 04:28:07.770517,2024-05-10 20:26:02.848104,957.9179597833333,0,0,1,4,0,1,Выходной (перенесено с 06.01.2024),spring,0,0,1,0
603075627,0.55,-4.39069,none,0.0,1.0,14.205182,24.119999,62.457233,993.68085,,2024-05-10 04:26:44.129330,2024-05-10 20:26:40.681370,959.942534,0,1,0,4,0,1,Выходной (перенесено с 06.01.2024),spring,1,0,0,1
603403827,1.05,-4.173568,none,0.0,1.0,15.5843,27.0,56.676945,995.2219,,2024-05-10 04:26:20.116034,2024-05-10 20:26:01.428176,959.6885357,0,1,0,4,0,1,Выходной (перенесено с 06.01.2024),spring,1,0,1,1
603279027,0.65,-4.803664,none,0.0,1.0,17.651016,29.88,61.53781,995.8205,,2024-05-10 04:26:48.813824,2024-05-10 20:25:00.401674,958.1931308333334,0,0,1,4,0,1,Выходной (перенесено с 06.01.2024),spring,1,0,1,0
603155627,8.2,5.1558523,none,0.0,0.0,12.24,23.4,79.144295,988.4021,,2024-05-10 04:28:55.751733,2024-05-10 20:24:51.710361,955.9326438,0,1,0,4,0,1,Выходной (перенесено с 06.01.2024),spring,0,0,0,1
603224627,6.0,1.1365747,none,0.0,0.0,17.709658,38.519997,60.58603,993.3522,,2024-05-11 04:26:02.302872,2024-05-11 20:28:46.727800,962.7404154666667,0,0,1,5,1,0,,spring,0,0,1,0
603213227,10.15,4.293518,none,0.0,0.0,22.66857,41.760002,39.433556,988.45245,,2024-05-11 04:24:41.177420,2024-05-11 20:28:37.446421,963.9378166833334,0,0,1,5,1,0,,spring,0,0,1,0
603165227,5.75,1.1954737,rain,0.1,0.0,20.808498,34.2,85.458984,988.69025,,2024-05-11 04:25:45.348655,2024-05-11 20:28:00.934540,962.25976475,0,0,1,5,1,0,,spring,0,0,1,0
603230627,5.0,-0.2176547,none,0.0,0.0,18.86139,34.92,58.79774,993.3198,,2024-05-11 04:25:02.667736,2024-05-11 20:28:27.756938,963.4181533666667,0,1,0,5,1,0,,spring,0,0,1,1
603205627,9.4,4.824833,rain,0.1,0.0,20.972897,42.48,55.762268,989.3882,,2024-05-11 04:25:40.371068,2024-05-11 20:28:45.711288,963.0890036666666,0,0,1,5,1,0,,spring,0,0,1,0
603240627,10.2,5.7124805,none,0.0,0.0,20.808498,39.96,48.991352,986.93964,,2024-05-11 04:25:59.666401,2024-05-11 20:29:14.350326,963.2447320833332,0,0,1,5,1,0,,spring,0,0,1,0
603266827,4.2,-0.7563677,none,0.0,0.0,18.0036,36.0,66.93018,995.66376,,2024-05-11 04:24:42.002582,2024-05-11 20:26:39.012723,961.9501690166667,0,1,0,5,1,0,,spring,0,0,1,1
603226227,5.2,0.04940796,none,0.0,0.0,18.86139,33.48,60.16552,995.2511,,2024-05-11 04:24:55.086167,2024-05-11 20:27:36.699003,962.6935472666667,0,1,0,5,1,0,,spring,0,0,1,1
603217627,10.15,4.293518,none,0.0,0.0,22.66857,41.760002,39.433556,986.7918,,2024-05-11 04:25:04.615224,2024-05-11 20:28:41.380930,963.6127617666666,0,0,1,5,1,0,,spring,0,0,1,0
603218627,10.6,5.7930717,none,0.0,0.0,22.180206,39.6,48.223366,991.63873,,2024-05-11 04:25:32.037963,2024-05-11 20:27:44.756567,962.2119767333334,0,0,1,5,1,0,,spring,0,0,1,0
603213027,6.7,1.5703864,rain,0.1,0.0,20.767975,44.639996,63.004086,983.88654,,2024-05-11 04:25:31.535098,2024-05-11 20:29:42.376119,964.1806836833333,0,0,1,5,1,0,,spring,0,0,1,0
603224027,9.85,3.9840221,none,0.0,0.0,22.476227,42.48,39.344147,979.34973,,2024-05-11 04:26:18.518184,2024-05-11 20:27:32.756608,961.2373070666667,0,0,1,5,1,0,,spring,0,0,1,0
603432827,6.0,1.1647091,none,0.0,0.0,17.917007,35.28,62.381947,990.25385,,2024-05-11 04:25:47.971120,2024-05-11 20:27:17.951675,961.4996759166667,0,0,1,5,1,0,,spring,0,0,1,0
603227827,4.4,-0.95229936,none,0.0,0.0,19.966211,34.2,62.225307,991.4839,,2024-05-11 04:26:01.044798,2024-05-11 20:27:55.559030,961.9085705333333,0,1,0,5,1,0,,spring,0,0,1,1
603220427,9.05,3.239462,none,0.0,0.0,23.0653,44.639996,45.04863,994.16345,,2024-05-11 04:25:17.688633,2024-05-11 20:26:44.988182,961.4549924833334,0,0,1,5,1,0,,spring,0,0,1,0
603264027,5.8,1.215899,none,0.0,0.0,13.684735,26.64,51.833168,1002.3172,,2024-05-12 04:23:43.191863,2024-05-12 20:29:49.480789,966.1048154333333,0,0,1,6,1,0,,spring,0,0,0,0
603275227,5.7,1.1200228,none,0.0,0.0,13.698934,25.56,52.38802,1001.0881,,2024-05-12 04:23:09.610916,2024-05-12 20:28:55.374713,965.76272995,0,0,1,6,1,0,,spring,0,0,0,0
603494627,2.35,-2.447155,none,0.0,0.0,16.575644,31.319998,74.33294,998.06946,,2024-05-12 04:22:55.513008,2024-05-12 20:30:15.857996,967.3390831333332,0,0,1,6,1,0,,spring,0,0,1,0
603235627,2.55,-2.2648876,none,0.0,0.0,16.93531,30.239998,74.64273,996.2616,,2024-05-12 04:23:39.514177,2024-05-12 20:28:23.127503,964.7268887666667,0,0,1,6,1,0,,spring,0,0,1,0
603228427,2.95,-1.4873786,rain,0.1,0.0,15.034041,34.92,76.37062,997.0324,,2024-05-12 04:23:52.079619,2024-05-12 20:30:59.129390,967.1174961833333,0,1,0,6,1,0,,spring,0,0,1,1
603414627,5.4,0.8011055,none,0.0,0.0,12.7279215,27.0,48.341434,1001.0464,,2024-05-12 04:23:01.834891,2024-05-12 20:30:15.089220,967.2209054833334,0,0,1,6,1,0,,spring,0,0,0,0
603287827,2.2,-1.199965,none,0.0,0.0,7.2805495,9.0,76.8055,999.46014,,2024-05-12 04:22:47.893025,2024-05-12 20:30:30.685225,967.7132033333334,0,1,0,6,1,0,,spring,0,0,0,1
603287227,4.7,0.17586613,none,0.0,0.0,12.371645,24.48,51.525116,997.3293,,2024-05-12 04:24:02.921688,2024-05-12 20:29:19.765555,965.2807311166667,0,0,1,6,1,0,,spring,0,0,0,0
603632427,5.5,0.79171133,none,0.0,0.0,13.556282,29.16,48.370308,1001.9836,,2024-05-12 04:22:39.371828,2024-05-12 20:30:02.600966,967.3871523,0,0,1,6,1,0,,spring,0,0,0,0
603490827,5.3,0.7220535,none,0.0,0.0,13.684735,26.28,53.8615,997.764,,2024-05-12 04:24:12.367927,2024-05-12 20:28:53.980852,964.69354875,0,0,1,6,1,0,,spring,0,0,0,0
603229627,1.85,-2.2892766,none,0.0,0.0,12.397806,27.359999,79.03643,989.83307,,2024-05-12 04:24:09.089384,2024-05-12 20:32:33.798169,968.4118130833334,0,1,0,6,1,0,,spring,0,0,0,1
603289227,5.25,0.68520975,none,0.0,0.0,13.679999,28.08,54.453075,996.9552,,2024-05-12 04:23:35.810453,2024-05-12 20:30:49.723509,967.2318842666666,0,0,1,6,1,0,,spring,0,0,0,0
603231427,2.1,-2.2028155,none,0.0,0.0,13.044722,22.68,74.837074,994.48804,,2024-05-12 04:22:28.235677,2024-05-12 20:29:10.684532,966.7074809166667,1,0,1,6,1,0,,spring,0,0,0,0
606174627,4.75,0.43594503,none,0.0,0.0,11.090103,25.56,52.123585,1001.3471,,2024-05-12 04:22:44.602935,2024-05-12 20:30:17.258348,967.5442568833333,0,0,1,6,1,0,,spring,0,0,0,0
603276227,4.85,0.28173113,none,0.0,0.0,12.324414,26.28,49.287994,997.6585,,2024-05-12 04:25:03.447745,2024-05-12 20:30:08.127553,965.0779968,0,0,1,6,1,0,,spring,0,0,0,0
603281827,5.0,0.41372395,none,0.0,0.0,12.371645,25.919998,48.408424,1001.0199,,2024-05-12 04:22:20.024626,2024-05-12 20:29:50.108620,967.5013999,0,0,1,6,1,0,,spring,0,0,0,0
603321627,4.95,0.40984726,none,0.0,0.0,12.964998,30.599998,52.967308,994.4961,,2024-05-12 04:25:15.133261,2024-05-12 20:29:59.142645,964.7334897333333,0,0,1,6,1,0,,spring,0,0,0,0
603344227,8.3,4.9744825,none,0.0,0.0,5.3999996,19.8,44.996304,1000.3843,,2024-05-13 04:21:28.492492,2024-05-13 20:31:57.578357,970.4847644166667,0,0,1,0,0,0,,spring,0,0,0,0
603330027,7.1,3.422245,none,0.0,0.0,7.771331,19.44,48.64867,1002.68835,,2024-05-13 04:21:10.467655,2024-05-13 20:31:44.251044,970.5630564833333,0,0,1,0,0,0,,spring,0,0,0,0
603338227,9.2,5.8997393,none,0.0,0.0,6.696387,19.44,39.740906,999.8321,,2024-05-13 04:23:12.677616,2024-05-13 20:32:01.123505,968.8074314833334,0,0,1,0,0,0,,spring,0,0,0,0
603342227,8.35,4.3600264,none,0.0,0.0,9.826088,23.759998,44.346638,999.4211,,2024-05-13 04:22:24.389229,2024-05-13 20:32:15.162623,969.8462232333334,0,0,1,0,0,0,,spring,0,0,0,0
603333227,7.35,3.6513186,none,0.0,0.0,8.089993,20.16,48.539734,1003.48334,,2024-05-13 04:20:52.937517,2024-05-13 20:31:53.678246,971.0123454833333,0,0,1,0,0,0,,spring,0,0,0,0
603328227,6.7,2.945199,none,0.0,0.0,7.7879906,19.08,47.814796,1004.98065,,2024-05-13 04:21:22.098943,2024-05-13 20:30:36.019307,969.2320060666666,0,0,1,0,0,0,,spring,0,0,0,0
603378627,1.55,-2.1486704,none,0.0,0.0,8.39657,13.679999,74.738655,1002.6478,,2024-05-13 04:20:40.962992,2024-05-13 20:31:52.650091,971.1947849833334,0,1,0,0,0,0,,spring,0,0,0,1
603352427,7.0,4.305422,none,0.0,0.0,3.5455887,8.28,59.521103,1004.72156,,2024-05-13 04:21:49.111634,2024-05-13 20:31:30.357179,969.68742575,0,0,1,0,0,0,,spring,0,0,0,0
603341827,7.5,3.5524082,none,0.0,0.0,9.885262,19.44,48.40287,1005.83276,,2024-05-13 04:21:17.740476,2024-05-13 20:30:53.431681,969.5948534166668,0,0,1,0,0,0,,spring,0,0,0,0
603385027,6.35,2.6414351,none,0.0,0.0,7.10031,17.28,47.35732,1003.3692,,2024-05-13 04:21:22.016165,2024-05-13 20:31:20.872640,969.98094125,0,0,1,0,0,0,,spring,0,0,0,0
603337827,9.7,5.691556,none,0.0,0.0,10.30883,21.24,38.284386,1001.38214,,2024-05-13 04:21:27.361087,2024-05-13 20:31:49.825522,970.37440725,0,0,1,0,0,0,,spring,0,0,0,0
603301427,5.15,1.3874464,none,0.0,0.0,9.531505,20.880001,61.27039,993.9398,,2024-05-13 04:22:17.517096,2024-05-13 20:31:21.684747,969.06946085,0,0,1,0,0,0,,spring,0,0,0,0
603314427,6.4,2.6343932,none,0.0,0.0,7.69592,17.28,48.086826,1001.7618,,2024-05-13 04:21:22.028786,2024-05-13 20:31:50.052358,970.4670595333333,0,0,1,0,0,0,,spring,0,0,0,0
603368227,7.45,3.5492768,none,0.0,0.0,9.387651,19.08,47.852722,1002.0305,,2024-05-13 04:21:20.222886,2024-05-13 20:31:43.308321,970.38475725,0,0,1,0,0,0,,spring,0,0,0,0
603744827,5.45,1.7047606,none,0.0,0.0,9.178235,21.599998,58.912582,1004.854,,2024-05-13 04:20:54.150281,2024-05-13 20:31:13.809930,970.3276608166667,0,0,1,0,0,0,,spring,0,0,0,0
603343827,6.7,3.648058,none,0.0,0.0,6.151683,10.440001,61.42474,1003.7268,,2024-05-13 04:22:00.026456,2024-05-13 20:32:23.036920,970.3835077333333,0,0,1,0,0,0,,spring,0,0,0,0
603334227,6.15,2.3710704,none,0.0,0.0,7.42159,18.0,47.29927,1001.8894,,2024-05-13 04:22:23.017686,2024-05-13 20:31:41.074335,969.30094415,0,0,1,0,0,0,,spring,0,0,0,0
603337427,6.9,3.302494,none,0.0,0.0,7.0911775,18.72,48.77262,1001.09186,,2024-05-13 04:24:54.938426,2024-05-13 20:30:39.601826,965.74439,0,0,1,0,0,0,,spring,0,0,0,0
603371227,8.65,4.1935053,none,0.0,0.0,12.768586,23.4,42.494614,1006.27466,,2024-05-13 04:21:43.407811,2024-05-13 20:30:59.675485,969.2711279,0,0,1,0,0,0,,spring,0,0,0,0
603736827,6.15,3.378214,none,0.0,0.0,5.815978,16.56,70.836235,1002.17804,,2024-05-13 04:21:51.953480,2024-05-13 20:31:22.578852,969.5104228666667,0,0,1,0,0,0,,spring,0,0,0,0
603503827,8.3,4.9744825,none,0.0,0.0,5.3999996,19.8,44.996304,1003.53485,,2024-05-13 04:21:40.408206,2024-05-13 20:31:31.001859,969.84322755,0,0,1,0,0,0,,spring,0,0,0,0
603312027,6.0,2.486826,none,0.0,0.0,6.2145634,19.8,50.55262,996.7385,,2024-05-13 04:22:40.328687,2024-05-13 20:31:31.043464,968.8452462833334,0,0,1,0,0,0,,spring,0,0,0,0
603446627,9.4,6.43855,none,0.0,0.0,8.669949,19.44,62.294853,1004.0858,,2024-05-14 04:20:33.364776,2024-05-14 20:34:35.022463,974.0276281166666,0,0,1,1,0,0,,spring,0,0,0,0
603449227,7.25,4.8673286,none,0.0,0.0,3.671294,13.679999,67.83398,1008.2234,,2024-05-14 04:19:39.982299,2024-05-14 20:32:20.325357,972.6723843,0,0,1,1,0,0,,spring,0,0,0,0
603462027,8.75,6.449952,none,0.0,0.0,5.154415,7.92,68.876564,998.5361,,2024-05-14 04:21:24.196515,2024-05-14 20:34:20.865458,972.9444823833333,0,0,1,1,0,0,,spring,0,0,0,0
603440427,9.75,7.5526743,none,0.0,0.0,4.32,5.04,63.940826,997.56433,,2024-05-14 04:20:21.110644,2024-05-14 20:36:27.010166,976.0983253666667,0,0,1,1,0,0,,spring,0,0,0,0
603412227,10.0,7.1431694,none,0.0,0.0,7.9526596,19.44,59.83813,1005.1671,,2024-05-14 04:19:06.327959,2024-05-14 20:33:45.398690,974.65117885,0,0,1,1,0,0,,spring,0,0,0,0
603446027,7.0,4.366976,none,0.0,0.0,5.8048253,7.2,70.751205,1003.00507,,2024-05-14 04:20:32.741928,2024-05-14 20:33:39.305739,973.10939685,1,0,0,1,0,0,,spring,0,0,0,0
603382827,5.35,2.4272242,none,0.0,0.0,6.28713,12.959999,72.22399,1000.90155,,2024-05-14 04:19:58.003402,2024-05-14 20:32:13.668223,972.2610803499999,0,0,1,1,0,0,,spring,0,0,0,0
603852427,9.3,6.9924984,none,0.0,0.0,3.8773184,4.68,61.610355,1002.19763,,2024-05-14 04:20:18.160733,2024-05-14 20:32:20.677377,972.0419440666667,0,0,1,1,0,0,,spring,0,0,0,0
603366027,3.5,0.31628132,none,0.0,0.0,7.42159,12.959999,78.71458,1004.2869,,2024-05-14 04:19:02.267634,2024-05-14 20:33:56.949724,974.9113681666666,0,0,1,1,0,0,,spring,0,0,0,0
603616427,11.3,8.379208,none,0.0,0.0,6.725354,14.759999,49.65594,1002.75793,,2024-05-14 04:19:58.686796,2024-05-14 20:32:19.070878,972.3397346999999,0,0,1,1,0,0,,spring,0,0,0,0
603440827,10.6,9.068278,none,0.0,0.0,2.5959969,12.599999,69.73779,1000.99335,,2024-05-14 04:20:00.800792,2024-05-14 20:32:06.764112,972.0993886666668,0,0,1,1,0,0,,spring,0,0,0,0
603446427,11.75,8.690308,none,0.0,0.0,7.172949,16.56,46.664604,1002.3425,,2024-05-14 04:21:52.165576,2024-05-14 20:33:26.520915,971.5725889833334,0,0,1,1,0,0,,spring,0,0,0,0
603396627,9.45,6.6170883,rain,0.1,0.0,6.87779,16.199999,58.855762,1003.22003,,2024-05-14 04:19:31.464727,2024-05-14 20:33:20.373615,973.8151481333333,0,0,1,1,0,0,,spring,0,0,0,0
605308227,11.75,8.807049,none,0.0,0.0,6.763786,16.199999,47.855488,1003.6495,,2024-05-14 04:18:54.298814,2024-05-14 20:32:32.213885,973.63191785,0,0,1,1,0,0,,spring,0,0,0,0
604763027,9.5,6.444249,none,0.0,0.0,8.825508,18.359999,60.141792,1006.9996,,2024-05-14 04:19:42.677558,2024-05-14 20:33:18.651479,973.5995653499999,0,0,1,1,0,0,,spring,0,0,0,0
609664227,5.85,3.059773,none,0.0,0.0,5.771239,14.04,71.544334,1003.899,,2024-05-14 04:20:03.916184,2024-05-14 20:34:13.344883,974.1571449833333,0,0,1,1,0,0,,spring,0,0,0,0
603625627,6.1,3.4798832,none,0.0,0.0,4.379589,12.599999,69.31504,1000.3738,,2024-05-14 04:19:08.209163,2024-05-14 20:34:23.211592,975.2500404833334,0,0,1,1,0,0,,spring,0,0,0,0
603379027,7.5,5.0446863,none,0.0,0.0,3.8773184,15.119999,65.502525,1004.69147,,2024-05-14 04:19:10.533272,2024-05-14 20:33:34.499500,974.3994371333333,0,0,1,1,0,0,,spring,0,0,0,0
603357827,2.6,-0.8790636,none,0.0,0.0,7.92,13.679999,75.201355,1003.48474,,2024-05-14 04:18:47.702770,2024-05-14 20:32:20.173672,973.5411817,0,0,1,1,0,0,,spring,0,0,0,0
603446227,9.7,7.0403337,none,0.0,0.0,6.725354,18.0,61.487644,1003.9166,,2024-05-14 04:20:27.769319,2024-05-14 20:33:48.349564,973.3430040833333,0,0,1,1,0,0,,spring,0,0,0,0
603438827,10.8,9.211691,none,0.0,0.0,2.5455842,11.159999,67.395195,1004.0568,,2024-05-14 04:18:59.045173,2024-05-14 20:33:54.466221,974.9236841333333,0,0,1,1,0,0,,spring,0,0,0,0
603414027,11.75,8.807049,none,0.0,0.0,6.763786,16.199999,47.855488,1005.8106,,2024-05-14 04:18:55.873032,2024-05-14 20:32:24.141152,973.4711353333333,0,0,1,1,0,0,,spring,0,0,0,0
603446827,9.2,6.804716,none,0.0,0.0,5.4833565,6.4799995,65.64801,1001.9717,,2024-05-14 04:19:33.609895,2024-05-14 20:33:49.974862,974.27274945,0,0,1,1,0,0,,spring,0,0,0,0
603573627,10.2,9.068346,none,0.0,0.0,1.609969,9.72,77.55016,1009.51324,,2024-05-15 04:17:21.196740,2024-05-15 20:34:08.423039,976.7871049833334,0,0,1,2,0,0,,spring,0,0,0,0
603480227,11.45,9.812029,none,0.0,0.0,2.7416782,11.5199995,64.104034,1010.3341,,2024-05-15 04:17:31.207332,2024-05-15 20:34:58.054831,977.4474583166667,0,0,1,2,0,0,,spring,0,0,0,0
603587627,11.7,9.690401,rain,0.1,0.0,3.8268526,13.32,58.586975,1003.609,,2024-05-15 04:17:12.515744,2024-05-15 20:36:33.170973,979.3442538166668,0,0,1,2,0,0,,spring,0,0,0,0
603556227,11.05,8.418306,none,0.0,0.0,7.5599995,10.799999,59.464134,1008.7451,,2024-05-15 04:17:53.494417,2024-05-15 20:34:32.424684,976.6488377833334,0,0,1,2,0,0,,spring,0,0,0,0
603556627,9.7,6.566267,none,0.0,0.0,9.0,15.4800005,58.083435,1007.87024,,2024-05-15 04:17:02.188385,2024-05-15 20:35:38.318167,978.6021630333333,1,0,0,2,0,0,,spring,0,0,0,0
603607827,15.55,13.317213,none,0.0,0.0,1.835647,8.28,37.245594,1005.27856,,2024-05-15 04:18:58.987234,2024-05-15 20:35:43.665516,976.7446380333333,0,0,1,2,0,0,,spring,0,0,0,0
603560427,11.05,8.508101,none,0.0,0.0,7.342588,11.159999,60.733685,999.4657,,2024-05-15 04:18:30.572774,2024-05-15 20:34:59.957883,976.4897518166667,0,0,1,2,0,0,,spring,0,0,0,0
603459427,3.6,0.38800955,none,0.0,0.0,7.9932966,9.36,80.16586,998.957,,2024-05-15 04:18:59.039355,2024-05-15 20:34:44.411768,975.7562068833333,0,1,0,2,0,0,,spring,0,0,0,1
603562427,11.05,8.508101,none,0.0,0.0,7.342588,11.159999,60.733685,1008.36017,,2024-05-15 04:18:07.046697,2024-05-15 20:34:57.310283,976.8377264333334,0,0,1,2,0,0,,spring,0,0,0,0
604164227,13.65,11.107244,none,0.0,0.0,5.8603754,17.28,47.204037,1004.76886,,2024-05-15 04:18:37.428974,2024-05-15 20:34:15.602019,975.6362174166667,0,0,1,2,0,0,,spring,0,0,0,0
603595427,13.65,11.107244,none,0.0,0.0,5.8603754,17.28,47.204037,1004.76886,,2024-05-15 04:18:37.272071,2024-05-15 20:34:15.429531,975.6359576666667,0,0,1,2,0,0,,spring,0,0,0,0
603544427,14.15,12.14028,none,0.0,0.0,3.8939953,14.4,50.09096,1006.73376,,2024-05-15 04:16:55.254396,2024-05-15 20:35:42.848576,978.7932363333333,0,0,1,2,0,0,,spring,0,0,0,0
604540827,16.0,13.702961,none,0.0,0.0,0.35999998,10.799999,31.763834,1006.19507,,2024-05-15 04:17:51.081735,2024-05-15 20:35:28.205223,977.6187248,0,0,1,2,0,0,,spring,0,0,0,0
603649627,16.1,13.621542,none,0.0,0.0,2.5959969,13.32,33.21159,1005.74506,,2024-05-15 04:17:52.762188,2024-05-15 20:35:19.917087,977.4525816500001,0,0,1,2,0,0,,spring,0,0,0,0
603736627,16.0,13.702961,none,0.0,0.0,0.35999998,10.799999,31.763834,1005.95807,,2024-05-15 04:17:31.842218,2024-05-15 20:35:36.895224,978.0842167666667,0,0,1,2,0,0,,spring,0,0,0,0
603480827,10.55,9.138598,none,0.0,0.0,2.5959969,11.159999,72.68891,1004.72284,,2024-05-15 04:17:51.013716,2024-05-15 20:36:09.827076,978.313556,0,0,1,2,0,0,,spring,0,0,0,0
606314427,11.55,9.135438,none,0.0,0.0,7.5685663,12.599999,62.145176,1002.4239,,2024-05-15 04:18:40.597038,2024-05-15 20:36:00.342765,977.3290954500001,0,0,1,2,0,0,,spring,0,0,0,0
603552027,13.7,12.348417,none,0.0,0.0,5.00128,6.8399997,66.626854,1001.4447,,2024-05-15 04:18:58.903053,2024-05-15 20:35:16.117394,976.2869056833333,0,0,1,2,0,0,,spring,0,0,0,0
603886827,6.35,3.8655338,none,0.0,0.0,6.28713,11.159999,80.55794,1007.19635,,2024-05-15 04:17:06.315012,2024-05-15 20:35:39.292497,978.54962475,0,1,0,2,0,0,,spring,0,0,0,1
603462627,3.6,0.5655799,none,0.0,0.0,7.386582,9.72,83.406815,1002.6718,,2024-05-15 04:18:43.902800,2024-05-15 20:35:44.881056,977.0163042666667,0,1,0,2,0,0,,spring,0,0,0,1
603652427,12.2,10.015848,rain,0.1,0.0,5.0911684,15.119999,56.888035,1008.8407,,2024-05-15 04:17:17.658712,2024-05-15 20:34:56.210084,977.6425228666667,0,0,1,2,0,0,,spring,0,0,0,0
603505227,13.15,10.564818,none,0.0,0.0,6.849467,18.0,50.7041,1004.8078,,2024-05-15 04:18:36.967400,2024-05-15 20:34:09.856029,975.5481438166667,0,0,1,2,0,0,,spring,0,0,0,0
603589027,9.2,6.5899897,none,0.0,0.0,10.1376915,20.880001,77.124466,1008.25604,,2024-05-16 04:15:09.767563,2024-05-16 20:35:41.112817,980.5224209,0,0,1,3,0,0,,spring,0,0,0,0
603646427,18.45,17.312721,none,0.0,0.0,5.634891,20.519999,53.381634,1000.06775,,2024-05-16 04:16:22.057424,2024-05-16 20:37:35.423550,981.2227687666667,0,0,1,3,0,0,,spring,0,0,0,0
603609027,14.0,11.9041,none,0.0,0.0,10.446206,21.96,66.238464,1004.3415,,2024-05-16 04:15:57.827068,2024-05-16 20:37:18.662817,981.3472624833333,0,0,1,3,0,0,,spring,0,0,0,0
603658427,14.0,11.9041,none,0.0,0.0,10.446206,21.96,66.238464,1006.248,,2024-05-16 04:16:07.825311,2024-05-16 20:37:11.044417,981.0536517666666,0,0,1,3,0,0,,spring,0,0,0,0
603893627,11.7,9.628657,none,0.0,0.0,14.512064,26.64,89.9169,1000.12805,,2024-05-16 04:16:23.259051,2024-05-16 20:36:49.021665,980.4293769,0,1,0,3,0,0,,spring,0,0,0,1
604605027,19.45,16.740063,none,0.0,0.0,10.446206,20.16,39.052807,1002.66455,,2024-05-16 04:15:53.894942,2024-05-16 20:36:06.322383,980.2071240166666,0,0,1,3,0,0,,spring,0,0,0,0
603669827,13.95,11.625883,none,0.0,0.0,14.799459,25.199999,73.80144,998.71783,,2024-05-16 04:15:09.469367,2024-05-16 20:36:31.924629,981.3742543666667,0,1,0,3,0,0,,spring,0,0,0,1
604857627,18.65,17.658522,none,0.0,0.0,5.00128,17.28,53.433853,999.49725,,2024-05-16 04:16:31.264087,2024-05-16 20:36:13.163858,979.6983295166666,0,0,1,3,0,0,,spring,0,0,0,0
604169627,19.5,17.25762,none,0.0,0.0,7.928177,23.759998,37.076767,1000.8093,,2024-05-16 04:15:23.391254,2024-05-16 20:36:15.930185,980.8756488500001,0,0,1,3,0,0,,spring,0,0,0,0
603662427,13.15,11.047396,none,0.0,0.0,13.755579,31.319998,79.06123,994.3398,,2024-05-16 04:17:17.412614,2024-05-16 20:37:03.175024,979.7627068333334,0,1,0,3,0,0,,spring,0,0,0,1
603579227,6.0,2.6613731,none,0.0,0.0,10.823973,18.72,76.60406,1005.4306,,2024-05-16 04:16:36.554770,2024-05-16 20:37:21.952149,980.7566229833334,0,1,0,3,0,0,,spring,0,0,0,1
603678627,13.65,11.562662,none,0.0,0.0,13.746156,26.28,76.784935,1001.0309,,2024-05-16 04:15:57.195668,2024-05-16 20:37:04.338975,981.1190551166667,0,1,0,3,0,0,,spring,0,0,0,1
603844627,14.05,11.936743,none,0.0,0.0,10.308831,22.68,65.352936,1007.5222,,2024-05-16 04:16:21.886984,2024-05-16 20:36:32.208479,980.1720249166666,0,0,1,3,0,0,,spring,0,0,0,0
603582427,12.0,9.948962,none,0.0,0.0,7.9932976,19.44,69.060524,1000.12445,,2024-05-16 04:16:43.848232,2024-05-16 20:40:03.909502,983.3343545,0,0,1,3,0,0,,spring,0,0,0,0
603721027,17.0,13.858128,none,0.0,0.0,12.4811535,27.359999,43.525467,999.8104,,2024-05-16 04:17:17.263147,2024-05-16 20:37:07.408740,979.8357598833334,0,0,1,3,0,0,,spring,0,0,0,0
603772627,14.2,12.328329,none,0.0,0.0,9.779817,20.880001,67.6452,1004.2367,,2024-05-16 04:16:16.945936,2024-05-16 20:38:23.374977,982.1071506833334,0,0,1,3,0,0,,spring,0,0,0,0
603663027,15.4,14.027313,none,0.0,0.0,7.072878,11.159999,64.3307,1001.17334,,2024-05-16 04:15:55.756860,2024-05-16 20:36:04.324541,980.1427946833334,0,0,1,3,0,0,,spring,0,0,0,0
603631627,18.15,15.626244,none,0.0,0.0,8.311245,20.880001,40.622116,1003.3649,,2024-05-16 04:16:29.396117,2024-05-16 20:37:48.207959,981.3135307,0,0,1,3,0,0,,spring,0,0,0,0
603650027,16.9,15.663263,none,0.0,0.0,7.24486,12.24,60.87672,997.332,,2024-05-16 04:16:58.225020,2024-05-16 20:37:46.597793,980.8062128833334,0,0,1,3,0,0,,spring,0,0,0,0
604221827,14.9,12.040403,none,0.0,0.0,16.641972,26.28,64.87587,998.7807,,2024-05-16 04:16:01.856305,2024-05-16 20:37:18.206353,981.2725008,1,0,0,3,0,0,,spring,0,0,1,0
603879427,15.0,12.492521,none,0.0,0.0,14.76439,25.199999,65.78224,998.3353,,2024-05-16 04:15:40.743418,2024-05-16 20:37:13.517476,981.5462343,1,0,0,3,0,0,,spring,0,0,0,0
603622427,17.15,14.376978,none,0.0,0.0,10.163227,25.919998,43.568283,998.0468,,2024-05-16 04:16:44.283064,2024-05-16 20:36:35.692653,979.8568264833334,0,0,1,3,0,0,,spring,0,0,0,0
603649827,18.8,17.109133,none,0.0,0.0,7.92,16.919998,49.302116,1002.81354,,2024-05-16 04:16:15.090952,2024-05-16 20:37:08.407359,980.8886067833333,0,0,1,3,0,0,,spring,0,0,0,0
603644227,19.9,17.310251,none,0.0,0.0,8.435069,19.08,35.168507,1001.3186,,2024-05-16 04:16:26.301639,2024-05-16 20:36:06.076150,979.6629085166667,0,0,1,3,0,0,,spring,0,0,0,0
603634027,17.7,14.829632,none,0.0,0.0,10.829958,25.919998,42.081238,1004.5933,,2024-05-16 04:15:36.244233,2024-05-16 20:36:14.371170,980.6354489500001,0,0,1,3,0,0,,spring,0,0,0,0
603787027,14.05,11.936743,none,0.0,0.0,10.308831,22.68,65.352936,1002.9951,,2024-05-16 04:16:35.604702,2024-05-16 20:36:52.397034,980.2798722,0,0,1,3,0,0,,spring,0,0,0,0
603619427,17.75,15.183052,none,0.0,0.0,9.178235,20.880001,42.835762,999.90375,,2024-05-16 04:17:03.687991,2024-05-16 20:37:43.868132,980.6696690166666,0,0,1,3,0,0,,spring,0,0,0,0
603627027,18.0,15.718983,none,0.0,0.0,7.289444,18.359999,42.314278,999.21814,,2024-05-16 04:17:00.010629,2024-05-16 20:37:42.363035,980.7058734333333,0,0,1,3,0,0,,spring,0,0,0,0
603653427,14.9,13.609224,none,0.0,0.0,6.151683,9.72,65.538445,996.38403,,2024-05-16 04:17:43.070010,2024-05-16 20:37:25.781230,979.7118536666666,0,0,1,3,0,0,,spring,0,0,0,0
604322827,15.4,14.027313,none,0.0,0.0,7.072878,11.159999,64.3307,999.87494,,2024-05-16 04:16:14.564102,2024-05-16 20:35:48.425896,979.5643632333333,0,0,1,3,0,0,,spring,0,0,0,0
603758027,17.05,14.257883,none,0.0,0.0,10.365251,25.919998,43.99824,998.64264,,2024-05-16 04:17:11.921592,2024-05-16 20:37:00.202299,979.80467845,0,0,1,3,0,0,,spring,0,0,0,0
603645227,6.45,3.199564,none,0.0,0.0,10.587918,16.56,75.865875,1005.14545,,2024-05-16 04:15:49.319732,2024-05-16 20:37:15.331419,981.4335281166666,0,1,0,3,0,0,,spring,0,0,0,1
603671227,15.3,13.823954,none,0.0,0.0,7.42159,11.879999,63.874714,1000.0065,,2024-05-16 04:15:27.392633,2024-05-16 20:36:00.833816,980.5573530500001,0,0,1,3,0,0,,spring,0,0,0,0
603668427,15.3,13.8786335,none,0.0,0.0,7.771331,11.879999,65.62527,997.13885,,2024-05-16 04:16:33.808091,2024-05-16 20:36:10.495509,979.6114569666667,0,0,1,3,0,0,,spring,0,0,0,0
603779627,19.6,17.100805,none,0.0,0.0,16.595179,32.760002,47.22545,994.1315,,2024-05-17 04:15:20.764434,2024-05-17 20:38:50.255716,983.4915213666667,0,0,1,4,0,0,,spring,0,0,1,0
603759827,19.15,17.385399,none,0.0,0.0,16.24394,33.839996,49.733196,994.75726,,2024-05-17 04:15:05.927673,2024-05-17 20:39:41.145060,984.58695645,0,0,1,4,0,0,,spring,0,0,1,0
603808027,12.2,9.196798,none,0.0,0.0,13.207634,26.28,64.27374,999.7298,,2024-05-17 04:15:13.428584,2024-05-17 20:38:59.914670,983.7747681,0,1,0,4,0,0,,spring,0,0,0,1
603818627,11.2,8.080169,none,0.0,0.0,14.007655,21.599998,68.65966,1000.55853,,2024-05-17 04:14:30.823030,2024-05-17 20:39:12.524086,984.6950175999999,0,1,0,4,0,0,,spring,0,0,0,1
604326827,18.75,16.104877,none,0.0,0.0,13.779114,30.599998,48.127266,994.9964,,2024-05-17 04:15:07.836474,2024-05-17 20:38:02.844312,982.9167973,0,0,1,4,0,0,,spring,0,0,0,0
603792627,19.75,16.4658,none,0.0,0.0,14.8257065,31.319998,39.13909,995.1549,,2024-05-17 04:16:22.440055,2024-05-17 20:38:48.607542,982.4361247833333,0,0,1,4,0,0,,spring,0,0,0,0
603812227,17.9,16.72811,rain,0.1,0.0,11.792404,25.56,60.90814,997.499,,2024-05-17 04:13:52.622181,2024-05-17 20:38:26.339496,984.56195525,0,0,1,4,0,0,,spring,0,0,0,0
603790427,19.6,16.166653,none,0.0,0.0,17.068707,31.319998,41.75217,996.1335,,2024-05-17 04:14:20.121525,2024-05-17 20:39:22.111034,985.0331584833333,0,0,1,4,0,0,,spring,0,0,1,0
604523427,11.25,8.182931,none,0.0,0.0,13.570615,23.759998,68.19594,999.1685,,2024-05-17 04:14:55.024387,2024-05-17 20:37:57.434082,983.0401615833333,0,1,0,4,0,0,,spring,0,0,0,1
603728227,17.2,16.213434,rain,0.1,0.0,10.594036,24.84,64.51293,1000.229,,2024-05-17 04:14:35.060158,2024-05-17 20:38:49.163081,984.2350487166666,0,0,1,4,0,0,,spring,0,0,0,0
603776627,19.55,17.5322,none,0.0,0.0,16.676977,30.599998,46.257576,997.94977,,2024-05-17 04:14:04.943930,2024-05-17 20:38:42.228081,984.6214025166666,0,0,1,4,0,0,,spring,0,0,1,0
603736027,17.1,16.290573,none,0.0,0.0,9.826088,25.199999,66.232315,991.81494,,2024-05-17 04:15:11.548756,2024-05-17 20:38:39.297146,983.4624731666667,0,0,1,4,0,0,,spring,0,0,0,0
604672027,19.95,16.710176,none,0.0,0.0,16.055353,30.960001,41.422337,997.3317,,2024-05-17 04:13:25.446209,2024-05-17 20:38:30.975957,985.0921624666667,0,0,1,4,0,0,,spring,0,0,1,0
603821827,17.7,17.120754,rain,0.2,0.0,11.304229,29.519999,66.14014,999.59076,,2024-05-17 04:13:59.904710,2024-05-17 20:37:35.075316,983.5861767666667,0,0,1,4,0,0,,spring,0,0,0,0
604019027,15.0,14.382835,none,0.0,0.0,7.5170207,16.919998,79.855125,997.0015,,2024-05-17 04:13:33.412719,2024-05-17 20:39:40.530782,986.1186343833334,0,0,1,4,0,0,,spring,0,0,0,0
603801627,15.55,12.343386,none,0.0,0.0,16.394829,25.919998,55.98137,993.6369,,2024-05-17 04:15:11.531222,2024-05-17 20:38:53.154367,983.6937190833333,0,0,1,4,0,0,,spring,0,0,1,0
603841627,20.2,17.098564,none,0.0,0.0,16.267857,30.599998,40.36741,996.4216,,2024-05-17 04:15:03.449283,2024-05-17 20:39:16.916110,984.2244471166666,0,0,1,4,0,0,,spring,0,0,1,0
605424627,19.7,16.637646,none,0.0,0.0,14.759999,29.519999,41.924778,1000.60486,,2024-05-17 04:13:19.301953,2024-05-17 20:37:14.362759,983.9176801,0,0,1,4,0,0,,spring,0,0,0,0
604028027,15.65,12.240332,none,0.0,0.0,17.227419,27.0,54.30211,997.14343,,2024-05-17 04:13:58.748928,2024-05-17 20:39:19.213128,985.3410700000001,0,0,1,4,0,0,,spring,0,0,1,0
610373627,19.45,15.923149,none,0.0,0.0,17.399586,32.760002,41.56569,999.0431,,2024-05-17 04:14:38.433293,2024-05-17 20:38:25.054898,983.77702675,0,0,1,4,0,0,,spring,0,0,1,0
603783027,20.15,16.834978,none,0.0,0.0,16.854767,30.239998,40.912807,1000.59186,,2024-05-17 04:14:15.304233,2024-05-17 20:38:43.614555,984.4718386999999,0,0,1,4,0,0,,spring,0,0,1,0
604117027,19.3,17.70014,none,0.0,0.0,15.893093,29.88,49.104115,995.9797,,2024-05-17 04:14:10.700658,2024-05-17 20:38:45.922612,984.5870325666667,0,0,1,4,0,0,,spring,0,0,1,0
604524027,17.5,15.361498,none,0.0,0.0,11.165805,23.4,53.860218,1000.011,,2024-05-17 04:14:35.077188,2024-05-17 20:38:31.943300,983.9477685333334,0,0,1,4,0,0,,spring,0,0,0,0
603773227,19.3,16.193068,none,0.0,0.0,17.114204,33.12,46.822475,998.1672,,2024-05-17 04:13:32.252596,2024-05-17 20:39:26.220483,985.8994647833333,0,0,1,4,0,0,,spring,0,0,1,0
603749827,18.35,17.117931,rain,0.1,0.0,15.03835,30.239998,59.210884,996.34467,,2024-05-17 04:15:09.431468,2024-05-17 20:38:01.484145,982.8675446166667,0,0,1,4,0,0,,spring,0,0,1,0
603782427,20.15,16.834978,none,0.0,0.0,16.854767,30.239998,40.912807,1000.59186,,2024-05-17 04:14:16.053341,2024-05-17 20:38:31.231952,984.2529768500001,0,0,1,4,0,0,,spring,0,0,1,0
603692227,9.3,8.092767,none,0.0,0.0,6.489992,7.92,97.99972,998.35364,,2024-05-17 04:14:15.817311,2024-05-17 20:38:50.224182,984.57344785,0,0,1,4,0,0,,spring,0,0,0,0
603706427,11.45,9.541513,none,0.0,0.0,13.493999,29.519999,91.72055,995.9855,,2024-05-17 04:14:45.299093,2024-05-17 20:40:12.032831,985.4455623,0,1,0,4,0,0,,spring,0,0,0,1
603728627,15.85,15.190208,none,0.0,0.0,7.5942073,18.72,75.12093,999.8214,,2024-05-17 04:14:19.654126,2024-05-17 20:37:50.764661,983.5185089166666,0,0,1,4,0,0,,spring,0,0,0,0
603809227,11.25,8.182931,none,0.0,0.0,13.570615,23.759998,68.19594,997.73456,,2024-05-17 04:14:42.397088,2024-05-17 20:38:08.220770,983.4303947000001,0,1,0,4,0,0,,spring,0,0,0,1
603852227,18.8,16.07062,none,0.0,0.0,13.854155,30.239998,47.004135,993.12854,,2024-05-17 04:15:07.084437,2024-05-17 20:38:44.989035,983.6317433,0,0,1,4,0,0,,spring,0,0,0,0
603859627,10.8,7.8119287,none,0.0,0.0,13.104198,22.68,70.50697,997.8982,,2024-05-17 04:15:11.841057,2024-05-17 20:37:44.572414,982.5455226166666,0,1,0,4,0,0,,spring,0,0,0,1
603921827,15.9,15.260742,none,0.0,0.0,7.5599995,20.880001,75.12931,999.4708,,2024-05-17 04:14:31.725613,2024-05-17 20:38:36.550440,984.0804137833333,0,0,1,4,0,0,,spring,0,0,0,0
603779227,19.35,17.807394,none,0.0,0.0,15.815435,30.239998,49.117702,999.79846,,2024-05-17 04:14:37.363756,2024-05-17 20:39:02.877780,984.4252337333332,0,0,1,4,0,0,,spring,0,0,1,0
603781227,19.6,16.497942,none,0.0,0.0,15.111424,32.039997,42.33127,997.44385,,2024-05-17 04:13:34.249928,2024-05-17 20:37:52.714706,984.3077463000001,0,0,1,4,0,0,,spring,0,0,1,0
603724027,16.4,15.452295,none,0.0,0.0,8.311245,25.919998,69.70311,995.76465,,2024-05-17 04:13:11.286833,2024-05-17 20:38:15.042462,985.0625938166667,0,0,1,4,0,0,,spring,0,0,0,0
604187227,19.1,16.18661,none,0.0,0.0,13.661038,28.8,43.369236,998.835,,2024-05-17 04:14:20.109211,2024-05-17 20:38:50.430628,984.50535695,0,0,1,4,0,0,,spring,0,0,0,0
603739227,16.9,16.315577,none,0.0,0.0,8.473393,25.56,67.97423,989.3599,,2024-05-17 04:15:48.334195,2024-05-17 20:38:27.768630,982.6572405833334,0,0,1,4,0,0,,spring,0,0,0,0
603988227,12.95,9.675416,none,0.0,0.0,14.84318,27.72,60.557053,1003.1782,,2024-05-17 04:14:14.961684,2024-05-17 20:37:40.088887,983.4187867166667,0,1,0,4,0,0,,spring,0,0,0,1
604358627,15.9,15.260742,none,0.0,0.0,7.5599995,20.880001,75.12931,1000.64923,,2024-05-17 04:14:26.764607,2024-05-17 20:37:54.650703,983.4647682666667,0,0,1,4,0,0,,spring,0,0,0,0
603899627,19.4,17.226358,none,0.0,0.0,6.9153743,15.4800005,39.447674,998.22363,,2024-05-18 04:12:28.612206,2024-05-18 20:41:41.105785,989.2082263166667,0,0,1,5,1,0,,spring,0,0,0,0
603861827,16.2,13.591181,none,0.0,0.0,14.565548,30.239998,42.84177,1003.67786,,2024-05-18 04:11:52.920822,2024-05-18 20:40:53.212519,989.0048616166666,0,0,1,5,1,0,,spring,0,0,0,0
603886427,18.1,15.898491,none,0.0,0.0,12.218805,28.8,39.34791,1000.5824,,2024-05-18 04:13:03.823395,2024-05-18 20:42:01.457818,988.9605737166668,0,0,1,5,1,0,,spring,0,0,0,0
603903227,14.85,11.659789,none,0.0,0.0,12.397806,24.48,48.895267,997.5365,,2024-05-18 04:12:02.588055,2024-05-18 20:41:42.366750,989.66297825,0,0,1,5,1,0,,spring,0,0,0,0
603883227,17.35,15.069136,none,0.0,0.0,15.30741,30.599998,40.24953,999.9872,,2024-05-18 04:13:23.158563,2024-05-18 20:39:46.605202,986.3907773166667,0,0,1,5,1,0,,spring,0,0,1,0
605135227,24.5,25.504799,none,0.0,0.0,0.0,9.36,42.563915,995.93976,,2024-05-29 04:00:07.245432,2024-05-29 20:57:07.831712,1017.0097713333333,0,0,1,2,0,0,,spring,0,0,0,0
604134827,16.2,13.591181,none,0.0,0.0,14.565548,30.239998,42.84177,1001.6722,,2024-05-18 04:11:37.918805,2024-05-18 20:41:09.112372,989.5198927833334,0,0,1,5,1,0,,spring,0,0,0,0
603894227,17.8,15.605177,none,0.0,0.0,14.021525,29.88,39.261135,1003.2209,,2024-05-18 04:12:15.225102,2024-05-18 20:39:43.017920,987.4632136333333,0,0,1,5,1,0,,spring,0,0,0,0
603877027,16.95,14.61879,none,0.0,0.0,14.799459,29.16,40.847576,1005.6682,,2024-05-18 04:12:46.937392,2024-05-18 20:40:00.187147,987.22082925,0,0,1,5,1,0,,spring,0,0,0,0
603905627,17.35,15.959272,none,0.0,0.0,5.692099,12.24,53.63831,1003.61725,,2024-05-18 04:12:44.923437,2024-05-18 20:39:34.227920,986.8217413833333,0,0,1,5,1,0,,spring,0,0,0,0
604152227,17.8,15.283476,none,0.0,0.0,14.021525,29.519999,39.538128,999.9965,,2024-05-18 04:13:01.823320,2024-05-18 20:39:31.153376,986.4888342666667,0,0,1,5,1,0,,spring,0,0,0,0
603904427,11.6,8.5902815,none,0.0,0.0,10.086427,17.28,57.13601,999.8694,,2024-05-18 04:12:10.179571,2024-05-18 20:40:55.062008,988.7480406166667,0,1,0,5,1,0,,spring,0,0,0,1
603902227,19.5,16.5979,none,0.0,0.0,7.7043357,16.919998,31.4082,1004.5297,,2024-05-18 04:12:51.680845,2024-05-18 20:40:14.273922,987.3765512833332,0,0,1,5,1,0,,spring,0,0,0,0
603891827,19.1,16.180428,none,0.0,0.0,7.7043357,18.359999,31.971167,997.37866,,2024-05-18 04:13:10.771239,2024-05-18 20:40:14.892195,987.0686826,0,0,1,5,1,0,,spring,0,0,0,0
604391427,17.35,16.30964,none,0.0,0.0,4.6102495,15.4800005,56.438435,997.9862,,2024-05-18 04:12:59.545965,2024-05-18 20:40:00.326902,987.0130156166667,0,0,1,5,1,0,,spring,0,0,0,0
604536627,17.45,15.290005,none,0.0,0.0,14.904173,30.239998,40.99189,1004.0837,,2024-05-18 04:12:44.223471,2024-05-18 20:40:29.062483,987.7473168666667,0,0,1,5,1,0,,spring,0,0,0,0
603892627,19.3,16.207457,none,0.0,0.0,9.686609,21.96,33.06995,993.24426,,2024-05-18 04:13:01.014813,2024-05-18 20:43:35.247484,990.5705445166666,0,0,1,5,1,0,,spring,0,0,0,0
603842427,11.0,8.8412485,none,0.0,0.0,8.891344,18.359999,74.289825,1004.44495,,2024-05-18 04:11:59.381730,2024-05-18 20:39:27.132508,987.4625129666667,0,0,1,5,1,0,,spring,0,0,0,0
603888827,17.75,15.960567,none,0.0,0.0,12.768586,28.08,42.39028,1000.9515,,2024-05-18 04:12:31.427704,2024-05-18 20:41:44.450507,989.2170467166667,0,0,1,5,1,0,,spring,0,0,0,0
604683427,17.85,15.673029,none,0.0,0.0,14.05845,29.519999,39.55259,1004.04596,,2024-05-18 04:12:50.566703,2024-05-18 20:40:19.105578,987.4756479166666,0,0,1,5,1,0,,spring,0,0,0,0
603819427,10.4,7.250285,none,0.0,0.0,13.397612,25.919998,69.697685,1000.2565,,2024-05-18 04:11:35.198335,2024-05-18 20:39:31.498384,987.93833415,0,1,0,5,1,0,,spring,0,0,0,1
604149227,17.7,16.011961,none,0.0,0.0,11.885453,28.8,41.93455,1002.2568,,2024-05-18 04:11:25.882357,2024-05-18 20:40:53.214566,989.4555368166667,0,0,1,5,1,0,,spring,0,0,0,0
603901227,19.0,16.265327,none,0.0,0.0,7.42159,16.199999,34.054314,1002.23956,,2024-05-18 04:12:47.541952,2024-05-18 20:40:20.989808,987.5574642666667,0,0,1,5,1,0,,spring,0,0,0,0
603901627,17.5,15.163767,none,0.0,0.0,10.182337,17.28,48.94699,1000.90405,,2024-05-18 04:11:59.392394,2024-05-18 20:41:07.383380,989.1331831,0,0,1,5,1,0,,spring,0,0,0,0
603902027,17.2,15.044323,none,0.0,0.0,14.255272,32.039997,39.78327,999.03973,,2024-05-18 04:14:16.576387,2024-05-18 20:40:59.980556,986.7234028166666,0,0,1,5,1,0,,spring,0,0,0,0
604072627,15.2,11.947035,none,0.0,0.0,13.527572,24.119999,49.50808,1001.35724,,2024-05-18 04:12:01.849418,2024-05-18 20:41:12.317768,989.1744725000001,0,0,1,5,1,0,,spring,0,0,0,0
603904027,17.35,15.959272,none,0.0,0.0,5.692099,12.24,53.63831,1003.85236,,2024-05-18 04:12:28.929036,2024-05-18 20:39:26.719533,986.96317495,0,0,1,5,1,0,,spring,0,0,0,0
603893227,7.25,4.710024,none,0.0,0.0,8.427383,14.759999,82.974625,996.5943,,2024-05-18 04:12:39.251632,2024-05-18 20:42:21.034483,989.6963808500001,0,0,1,5,1,0,,spring,0,0,0,0
603859827,16.9,14.419285,none,0.0,0.0,15.580141,30.960001,40.68947,1003.9942,,2024-05-18 04:12:57.487846,2024-05-18 20:40:53.416889,987.9321507166666,0,0,1,5,1,0,,spring,0,0,1,0
603991627,17.15,14.222788,none,0.0,0.0,12.984975,21.599998,47.356842,997.8297,,2024-05-19 04:10:36.865401,2024-05-19 20:42:29.922004,991.8842767166666,0,0,1,6,1,0,,spring,0,0,0,0
603990827,15.1,12.377676,none,0.0,0.0,11.966954,20.880001,54.911533,998.3825,,2024-05-19 04:11:01.969610,2024-05-19 20:42:39.475664,991.6251009,0,0,1,6,1,0,,spring,0,0,0,0
603991227,18.5,17.22288,none,0.0,0.0,7.386582,21.96,38.77879,997.9777,,2024-05-19 04:15:00.883880,2024-05-19 20:41:59.870704,986.9831137333333,0,0,1,6,1,0,,spring,0,0,0,0
604000827,14.8,12.166811,none,0.0,0.0,11.983188,19.8,57.546368,995.04517,,2024-05-19 04:11:26.873948,2024-05-19 20:42:06.769971,990.6649337166667,0,0,1,6,1,0,,spring,0,0,0,0
604072427,18.2,15.103546,none,0.0,0.0,11.681987,20.16,39.376812,1001.1741,,2024-05-19 04:11:08.230489,2024-05-19 20:41:44.585488,990.60591665,0,0,1,6,1,0,,spring,0,0,0,0
603984827,18.35,15.398752,none,0.0,0.0,11.525623,19.8,40.679665,997.38654,,2024-05-19 04:11:10.826088,2024-05-19 20:43:12.220975,992.0232481166667,0,0,1,6,1,0,,spring,0,0,0,0
604068627,18.8,16.387327,none,0.0,0.0,9.449572,22.319998,35.849804,998.36084,,2024-05-19 04:10:10.639111,2024-05-19 20:43:16.092475,993.0908894,0,0,1,6,1,0,,spring,0,0,0,0
603965427,17.5,16.589697,none,0.0,0.0,8.942214,23.4,42.91376,998.6101,,2024-05-19 04:12:18.951618,2024-05-19 20:41:22.189226,989.0539601333334,0,0,1,6,1,0,,spring,0,0,0,0
604007227,16.85,14.554501,none,0.0,0.0,9.585739,18.359999,50.305054,998.61127,,2024-05-19 04:10:00.263510,2024-05-19 20:41:59.938145,991.99457725,0,0,1,6,1,0,,spring,0,0,0,0
610076027,17.95,16.90532,none,0.0,0.0,8.669949,24.119999,39.1667,997.3969,,2024-05-19 04:13:53.213151,2024-05-19 20:42:10.663645,988.2908415666666,0,0,1,6,1,0,,spring,0,0,0,0
603957827,17.45,16.541792,none,0.0,0.0,9.585739,24.48,45.041176,1002.0834,,2024-05-19 04:10:03.209814,2024-05-19 20:42:04.755153,992.02575565,0,0,1,6,1,0,,spring,0,0,0,0
603972427,18.15,16.583035,none,0.0,0.0,9.504272,23.039999,40.906853,998.73157,,2024-05-19 04:10:53.303111,2024-05-19 20:43:36.779248,992.7246022833333,0,0,1,6,1,0,,spring,0,0,0,0
603982627,18.35,15.293491,none,0.0,0.0,11.753876,20.880001,39.697014,998.41675,,2024-05-19 04:11:31.134328,2024-05-19 20:42:32.327861,991.0198922166667,0,0,1,6,1,0,,spring,0,0,0,0
603915027,8.2,5.6522436,none,0.0,0.0,7.7879906,12.599999,75.09929,1003.3496,,2024-05-19 04:11:18.137166,2024-05-19 20:42:37.326762,991.3198265999999,0,1,0,6,1,0,,spring,0,0,0,1
603954627,17.0,15.675297,none,0.0,0.0,10.691453,24.119999,44.44679,1002.3504,,2024-05-19 04:11:13.349968,2024-05-19 20:41:48.776322,990.5904392333334,0,0,1,6,1,0,,spring,0,0,0,0
604008027,14.65,12.106699,none,0.0,0.0,10.739832,18.0,56.526035,1000.6786,,2024-05-19 04:10:00.693219,2024-05-19 20:40:56.497428,990.93007015,0,0,1,6,1,0,,spring,0,0,0,0
603967827,17.95,16.631721,none,0.0,0.0,10.296251,24.48,41.56903,1000.414,,2024-05-19 04:11:08.725685,2024-05-19 20:43:04.047672,991.9220331166667,0,0,1,6,1,0,,spring,0,0,0,0
603979227,19.1,16.751005,none,0.0,0.0,9.726664,22.68,36.573997,1000.4949,,2024-05-19 04:11:26.550831,2024-05-19 20:43:29.834626,992.0547299166667,0,0,1,6,1,0,,spring,0,0,0,0
604328227,17.35,16.266968,none,0.0,0.0,10.44,23.759998,44.85683,1004.07635,,2024-05-19 04:11:01.613712,2024-05-19 20:41:41.506194,990.6648747,0,0,1,6,1,0,,spring,0,0,0,0
603977627,18.8,16.387327,none,0.0,0.0,9.449572,22.319998,35.849804,996.73315,,2024-05-19 04:10:35.422756,2024-05-19 20:43:26.986856,992.8594016666667,0,0,1,6,1,0,,spring,0,0,0,0
606954027,10.7,7.7857723,none,0.0,0.0,11.928989,18.72,68.79549,999.1419,,2024-05-19 04:11:03.469742,2024-05-19 20:42:37.509204,991.5673243666666,0,1,0,6,1,0,,spring,0,0,0,1
603984227,16.85,14.380444,none,0.0,0.0,10.464797,19.8,49.616875,996.3079,,2024-05-19 04:12:16.337235,2024-05-19 20:42:38.891412,990.37590295,0,0,1,6,1,0,,spring,0,0,0,0
604000627,11.1,8.344166,none,0.0,0.0,11.212135,19.44,68.16477,1003.44336,,2024-05-19 04:10:59.469372,2024-05-19 20:41:14.476675,990.2501217166666,0,1,0,6,1,0,,spring,0,0,0,1
603925227,8.0,5.2998915,none,0.0,0.0,9.107359,15.119999,77.20122,1000.52386,,2024-05-19 04:11:20.729070,2024-05-19 20:43:49.905599,992.4862754833333,0,1,0,6,1,0,,spring,0,0,0,1
604172827,12.95,10.39073,none,0.0,0.0,10.390226,18.72,61.82849,1001.8292,,2024-05-19 04:11:07.633353,2024-05-19 20:42:05.224557,990.9598533999999,0,1,0,6,1,0,,spring,0,0,0,1
603933827,7.8,5.1385174,none,0.0,0.0,7.8954163,12.959999,74.50361,992.66846,,2024-05-19 04:11:55.916884,2024-05-19 20:41:59.206280,990.0548232666666,0,1,0,6,1,0,,spring,0,0,0,1
604008827,11.25,8.54641,none,0.0,0.0,10.853866,18.0,67.490395,998.31934,,2024-05-19 04:10:59.455960,2024-05-19 20:42:58.583144,991.9854530666667,0,1,0,6,1,0,,spring,0,0,0,1
604155627,13.0,10.213579,none,0.0,0.0,11.570515,19.8,60.569096,996.4828,,2024-05-19 04:11:25.743538,2024-05-19 20:41:50.893408,990.4191645,1,0,0,6,1,0,,spring,0,0,0,0
603974227,17.95,16.650158,none,0.0,0.0,8.404285,22.68,42.44751,992.0892,,2024-05-19 04:12:06.225329,2024-05-19 20:41:53.840603,989.7935879,0,0,1,6,1,0,,spring,0,0,0,0
603980027,18.65,15.78882,none,0.0,0.0,9.931042,20.519999,38.0145,997.27875,,2024-05-19 04:11:51.549827,2024-05-19 20:41:30.790985,989.6540193,0,0,1,6,1,0,,spring,0,0,0,0
604076427,22.25,20.288692,none,0.0,0.0,11.457958,19.08,42.502853,993.657,,2024-05-20 04:09:18.857827,2024-05-20 20:44:53.904587,995.5841126666667,0,0,1,0,0,0,,spring,0,0,0,0
604045427,18.75,17.38499,none,0.0,0.0,13.004922,27.72,57.36225,996.2807,,2024-05-20 04:08:48.700252,2024-05-20 20:44:11.568113,995.3811310166667,0,0,1,0,0,0,,spring,0,0,0,0
604085627,23.55,21.42009,none,0.0,0.0,10.041354,24.119999,32.006405,998.6471,,2024-05-20 04:08:40.874502,2024-05-20 20:42:57.413653,994.2756525166666,0,0,1,0,0,0,,spring,0,0,0,0
604057227,22.05,20.517433,none,0.0,0.0,12.864649,27.0,41.452793,997.41003,,2024-05-20 04:08:17.057049,2024-05-20 20:43:16.589685,994.9922106,0,0,1,0,0,0,,spring,0,0,0,0
604118627,22.1,20.809013,none,0.0,0.0,12.43434,27.359999,40.493813,997.6598,,2024-05-20 04:10:00.705880,2024-05-20 20:45:07.132652,995.1071128666666,0,0,1,0,0,0,,spring,0,0,0,0
604262227,17.4,14.809113,none,0.0,0.0,12.413477,19.8,50.281555,996.01044,,2024-05-20 04:09:26.197610,2024-05-20 20:45:28.148118,996.0325084666667,0,0,1,0,0,0,,spring,0,0,0,0
604074627,15.05,12.875656,none,0.0,0.0,12.031756,23.039999,64.47078,991.9572,,2024-05-20 04:10:00.994166,2024-05-20 20:43:53.838573,993.8807401166666,0,0,1,0,0,0,,spring,0,0,0,0
604077627,21.55,19.131157,none,0.0,0.0,13.783817,23.4,43.028664,996.4139,,2024-05-20 04:08:49.846642,2024-05-20 20:43:06.083389,994.27061245,0,0,1,0,0,0,,spring,0,0,0,0
604061427,21.7,19.472668,none,0.0,0.0,13.084402,27.72,42.34787,995.90924,,2024-05-20 04:09:14.361530,2024-05-20 20:45:23.728530,996.1561166666667,0,0,1,0,0,0,,spring,0,0,0,0
604519027,19.0,16.142822,none,0.0,0.0,14.4,25.56,45.789852,996.692,,2024-05-20 04:09:55.671644,2024-05-20 20:45:17.449110,995.3629577666667,0,0,1,0,0,0,,spring,0,0,0,0
605160827,22.1,19.947369,none,0.0,0.0,12.496718,21.96,42.46063,995.2348,,2024-05-20 04:08:15.907940,2024-05-20 20:43:38.262071,995.37256885,0,0,1,0,0,0,,spring,0,0,0,0
604968827,22.35,19.406847,none,0.0,0.0,13.779114,26.64,35.381687,993.189,,2024-05-20 04:10:57.370426,2024-05-20 20:43:20.967908,992.3932913666666,0,0,1,0,0,0,,spring,0,0,0,0
604049827,21.55,21.18084,none,0.0,0.0,12.768586,27.0,49.217678,994.2906,,2024-05-20 04:08:47.710669,2024-05-20 20:45:10.405496,996.3782471166667,0,0,1,0,0,0,,spring,0,0,0,0
604050827,20.35,19.591566,none,0.0,0.0,13.479583,29.16,53.874702,999.56775,,2024-05-20 04:08:32.191765,2024-05-20 20:44:36.315744,996.0687329833333,0,0,1,0,0,0,,spring,0,0,0,0
604126227,20.45,18.068983,none,0.0,0.0,12.475961,23.759998,44.19976,994.6608,,2024-05-20 04:10:38.409797,2024-05-20 20:44:21.942949,993.7255525333334,0,0,1,0,0,0,,spring,0,0,0,0
604075627,23.5,20.99203,none,0.0,0.0,10.948973,21.599998,33.229626,994.0532,,2024-05-20 04:09:00.304676,2024-05-20 20:45:22.974105,996.3778238166667,0,0,1,0,0,0,,spring,0,0,0,0
604056627,19.05,17.505579,none,0.0,0.0,14.021525,27.0,55.922817,1000.21954,,2024-05-20 04:09:32.398914,2024-05-20 20:43:48.344234,994.2657553333333,0,0,1,0,0,0,,spring,0,0,0,0
604075027,21.45,18.867039,none,0.0,0.0,14.291592,24.48,42.27727,995.93054,,2024-05-20 04:10:05.065969,2024-05-20 20:42:52.402449,992.7889413333334,0,0,1,0,0,0,,spring,0,0,0,0
604101427,20.55,19.657257,none,0.0,0.0,13.684735,29.16,52.335358,996.7846,,2024-05-20 04:08:16.630964,2024-05-20 20:43:34.559284,995.2988053333333,0,0,1,0,0,0,,spring,0,0,0,0
604070227,23.7,20.86807,none,0.0,0.0,12.074766,24.119999,30.21619,995.14343,,2024-05-20 04:09:12.464888,2024-05-20 20:45:06.930167,995.9077546499999,0,0,1,0,0,0,,spring,0,0,0,0
604071827,21.65,19.584887,none,0.0,0.0,13.039754,28.8,44.087357,998.20874,,2024-05-20 04:08:54.549345,2024-05-20 20:44:05.776367,995.1871170333333,0,0,1,0,0,0,,spring,0,0,0,0
604085027,16.6,13.403807,none,0.0,0.0,15.137133,26.28,49.71987,995.1402,,2024-05-20 04:10:40.720628,2024-05-20 20:42:59.582327,992.31436165,0,1,0,0,0,0,,spring,0,0,1,1
604073227,23.3,20.864069,none,0.0,0.0,9.83268,22.68,32.718075,996.4231,,2024-05-20 04:08:46.846018,2024-05-20 20:44:50.746913,996.0650149166667,0,0,1,0,0,0,,spring,0,0,0,0
604080227,18.85,16.117723,none,0.0,0.0,13.70839,25.56,46.538105,997.74713,,2024-05-20 04:08:14.728845,2024-05-20 20:44:29.069257,996.2390068666666,0,0,1,0,0,0,,spring,0,0,0,0
604860827,22.25,19.496868,none,0.0,0.0,15.281989,24.48,39.989475,995.24445,,2024-05-20 04:09:18.777770,2024-05-20 20:44:30.973619,995.2032641500001,0,0,1,0,0,0,,spring,0,0,1,0
604333227,14.75,12.910736,none,0.0,0.0,10.00256,21.24,66.39913,998.3798,,2024-05-20 04:08:45.336790,2024-05-20 20:44:00.807956,995.2578527666667,0,0,1,0,0,0,,spring,0,0,0,0
604066227,22.55,20.73159,none,0.0,0.0,12.594856,28.08,38.736134,991.16565,,2024-05-20 04:09:34.066357,2024-05-20 20:47:02.310379,997.4707337,0,0,1,0,0,0,,spring,0,0,0,0
604052627,20.4,19.587349,none,0.0,0.0,13.324863,29.519999,52.82187,997.2545,,2024-05-20 04:08:11.030893,2024-05-20 20:43:22.918339,995.1981241,0,0,1,0,0,0,,spring,0,0,0,0
604238427,20.35,19.591566,none,0.0,0.0,13.479583,29.16,53.874702,997.94574,,2024-05-20 04:08:48.163011,2024-05-20 20:44:49.438517,996.0212584333333,0,0,1,0,0,0,,spring,0,0,0,0
606588627,22.25,20.133389,none,0.0,0.0,13.70839,26.64,39.449104,996.32355,,2024-05-20 04:09:15.677978,2024-05-20 20:44:12.232720,994.9425790333333,0,0,1,0,0,0,,spring,0,0,0,0
604082827,21.9,19.319126,none,0.0,0.0,15.072783,23.759998,42.404278,996.35406,,2024-05-20 04:09:01.045508,2024-05-20 20:44:04.715640,995.0611688666667,0,0,1,0,0,0,,spring,0,0,1,0
604284427,14.6,12.883766,none,0.0,0.0,9.339208,20.519999,67.499695,1000.34033,,2024-05-20 04:08:43.725513,2024-05-20 20:42:42.861167,993.9855942333332,0,0,1,0,0,0,,spring,0,0,0,0
604011427,10.3,7.722516,none,0.0,0.0,9.6932955,18.0,70.8998,998.69037,,2024-05-20 04:08:19.543457,2024-05-20 20:43:02.225090,994.71136055,0,1,0,0,0,0,,spring,0,0,0,1
604664627,22.25,20.533321,none,0.0,0.0,10.948973,24.84,39.31502,994.58685,,2024-05-20 04:10:01.427763,2024-05-20 20:44:13.223966,994.1966033833334,0,0,1,0,0,0,,spring,0,0,0,0
604320427,23.1,20.735846,none,0.0,0.0,9.885262,24.48,33.92503,1000.93774,,2024-05-20 04:08:18.681574,2024-05-20 20:42:27.504820,994.1470541,0,0,1,0,0,0,,spring,0,0,0,0
604129627,18.15,14.846666,none,0.0,0.0,16.179987,28.08,45.709,995.9456,,2024-05-20 04:09:47.492599,2024-05-20 20:45:39.028378,995.8589296499999,1,0,0,0,0,0,,spring,0,0,1,0
604072227,23.45,20.765238,none,0.0,0.0,11.923557,23.039999,32.647835,994.6377,,2024-05-20 04:10:14.056894,2024-05-20 20:43:19.346633,993.0881623166666,0,0,1,0,0,0,,spring,0,0,0,0
604149827,20.7,21.00308,none,0.0,0.0,8.4042845,23.4,57.084984,999.2011,,2024-05-21 04:06:35.110490,2024-05-21 20:46:06.424595,999.52190175,0,0,1,1,0,0,,spring,0,0,0,0
604112427,14.95,13.962942,none,0.0,0.0,6.87779,15.84,72.26697,1001.36414,,2024-05-21 04:08:02.838467,2024-05-21 20:44:43.021255,996.6697131333333,0,0,1,1,0,0,,spring,0,0,0,0
604213427,22.85,21.455282,none,0.0,0.0,7.754637,15.119999,41.25948,998.2264,,2024-05-21 04:08:44.247676,2024-05-21 20:47:20.046306,998.5966438333332,0,0,1,1,0,0,,spring,0,0,0,0
604272827,16.15,15.776897,none,0.0,0.0,6.489992,11.879999,75.66857,1000.9623,,2024-05-21 04:08:10.066650,2024-05-21 20:46:33.280970,998.3869053333333,0,1,0,1,0,0,,spring,0,0,0,1
604250227,19.7,19.743269,none,0.0,0.0,7.2805495,17.28,67.21497,1000.5052,,2024-05-21 04:07:39.304480,2024-05-21 20:45:18.100361,997.6465980166666,0,0,1,1,0,0,,spring,0,0,0,0
604176627,23.05,21.707884,none,0.0,0.0,9.007196,21.599998,40.216404,996.5202,,2024-05-21 04:09:11.174328,2024-05-21 20:45:59.349035,996.8029117833333,0,0,1,1,0,0,,spring,0,0,0,0
605032027,22.05,21.072285,none,0.0,0.0,7.289445,15.4800005,47.104755,998.43884,,2024-05-21 04:08:38.249037,2024-05-21 20:46:20.898256,997.7108203166666,0,0,1,1,0,0,,spring,0,0,0,0
604148027,18.85,18.989483,rain,6.3,0.0,10.990322,24.84,69.722084,1001.438,,2024-05-21 04:06:46.227778,2024-05-21 20:45:34.377369,998.8024931833334,0,0,1,1,0,0,,spring,0,0,1,0
604273227,17.7,17.518862,rain,0.1,0.0,9.793058,29.16,78.1755,999.8089,,2024-05-21 04:08:07.107613,2024-05-21 20:46:25.828389,998.3120129333333,0,0,1,1,0,0,,spring,0,0,0,0
604197427,22.7,21.160631,none,0.0,0.0,8.654986,19.8,41.49622,995.0883,,2024-05-21 04:08:58.442172,2024-05-21 20:45:49.516847,996.8512445833334,0,0,1,1,0,0,,spring,0,0,0,0
604172027,16.75,16.340622,rain,5.0,0.0,12.475961,29.16,85.47213,1004.2396,,2024-05-21 04:07:34.821826,2024-05-21 20:45:36.103281,998.0213575833333,0,0,1,1,0,0,,spring,0,0,0,0
605495627,17.4,17.2163,none,0.0,0.0,6.519877,15.4800005,72.71213,998.9634,,2024-05-21 04:07:18.773980,2024-05-21 20:46:30.744900,999.1995153333334,0,0,1,1,0,0,,spring,0,0,0,0
604113627,17.35,17.064947,none,0.0,0.0,6.87779,16.56,72.22721,996.95355,,2024-05-21 04:08:35.626680,2024-05-21 20:46:18.640704,997.7169004,0,0,1,1,0,0,,spring,0,0,0,0
604144227,19.7,19.99877,none,0.0,0.0,6.130579,16.56,68.316986,1001.31976,,2024-05-21 04:07:11.960371,2024-05-21 20:44:37.440738,997.4246727833332,0,0,1,1,0,0,,spring,0,0,0,0
604176427,18.65,17.923435,none,0.0,0.0,11.384198,23.4,69.4559,998.5834,,2024-05-21 04:08:35.349556,2024-05-21 20:46:04.924252,997.4929116000001,0,0,1,1,0,0,,spring,0,0,0,0
604218027,14.65,14.034506,none,0.0,0.0,8.373386,10.799999,83.860535,995.85236,,2024-05-21 04:08:32.322621,2024-05-21 20:46:36.601593,998.0713162,0,1,0,1,0,0,,spring,0,0,0,1
604188827,18.65,18.951164,none,0.0,0.0,5.04,19.08,70.829765,994.8461,,2024-05-21 04:09:06.934878,2024-05-21 20:45:39.105880,996.5361833666667,0,0,1,1,0,0,,spring,0,0,0,0
604276427,20.0,19.218834,rain,1.5,0.0,13.493999,25.199999,61.3975,998.84375,,2024-05-21 04:08:17.789067,2024-05-21 20:44:50.663543,996.5479079333332,0,0,1,1,0,0,,spring,0,0,0,0
604212627,20.35,19.415545,none,0.0,0.0,9.360001,17.28,56.435886,998.7234,,2024-05-21 04:08:06.317288,2024-05-21 20:47:14.881001,999.14272855,0,0,1,1,0,0,,spring,0,0,0,0
604163227,20.0,19.702059,none,0.0,0.0,8.557102,28.8,64.06828,995.6826,,2024-05-21 04:08:23.599397,2024-05-21 20:45:45.446936,997.36412565,0,0,1,1,0,0,,spring,0,0,0,0
604662827,23.45,21.833887,none,0.0,0.0,7.5685663,17.64,37.311646,999.0836,,2024-05-21 04:06:58.939776,2024-05-21 20:45:00.918090,998.0329719,0,0,1,1,0,0,,spring,0,0,0,0
605064227,11.0,9.323993,none,0.0,0.0,7.5685663,12.599999,80.645386,995.5315,,2024-05-21 04:07:19.357173,2024-05-21 20:47:05.070237,999.7618844000001,0,1,0,1,0,0,,spring,0,0,0,1
604215027,22.7,21.160631,none,0.0,0.0,8.654986,19.8,41.49622,994.28784,,2024-05-21 04:09:06.106151,2024-05-21 20:45:47.844372,996.6956370166666,0,0,1,1,0,0,,spring,0,0,0,0
604217027,16.75,15.977104,none,0.0,0.0,8.049845,19.44,70.235344,999.354,,2024-05-21 04:08:19.921972,2024-05-21 20:44:52.338570,996.5402766333334,1,0,0,1,0,0,,spring,0,0,0,0
604517027,14.1,11.159275,none,0.0,0.0,13.698934,23.4,59.181072,998.6352,,2024-05-21 04:08:06.091648,2024-05-21 20:46:28.583676,998.3748671333334,0,1,0,1,0,0,,spring,0,0,0,1
605376227,23.35,22.121138,none,0.0,0.0,7.2,17.28,40.030537,1001.58856,,2024-05-21 04:07:38.947665,2024-05-21 20:44:45.320614,997.1062158166666,0,0,1,1,0,0,,spring,0,0,0,0
604111427,17.9,18.065151,none,0.0,0.0,5.04,13.679999,72.32723,998.19653,,2024-05-21 04:06:54.477012,2024-05-21 20:46:41.129203,999.7775365166667,0,0,1,1,0,0,,spring,0,0,0,0
604210827,19.95,19.600216,none,0.0,0.0,7.0911775,17.28,60.98379,997.28937,,2024-05-21 04:08:11.986690,2024-05-21 20:47:24.506900,999.2086701666667,0,0,1,1,0,0,,spring,0,0,0,0
604131027,20.05,20.064606,none,0.0,0.0,6.297428,16.919998,63.661945,1000.39136,,2024-05-21 04:09:56.800911,2024-05-21 20:45:21.835048,995.4172356166667,0,0,1,1,0,0,,spring,0,0,0,0
604340027,17.35,15.451767,none,0.0,0.0,9.693296,20.519999,54.74329,1006.63403,,2024-05-22 04:06:06.408828,2024-05-22 20:46:43.690291,1000.6213577166667,0,0,1,2,0,0,,spring,0,0,0,0
604341627,13.1,8.640432,none,0.0,0.0,17.447933,31.68,44.590992,1001.60046,,2024-05-22 04:07:26.834002,2024-05-22 20:46:22.916464,998.9347077,0,1,0,2,0,0,,spring,0,0,1,1
604298427,21.1,17.276295,none,0.0,0.0,14.264361,28.08,28.860727,1003.71466,,2024-05-22 04:05:10.920809,2024-05-22 20:46:44.336550,1001.5569290166666,0,0,1,2,0,0,,spring,0,0,0,0
604303027,20.45,18.198267,none,0.0,0.0,16.78156,33.12,37.61058,998.0359,,2024-05-22 04:06:49.729907,2024-05-22 20:47:29.184928,1000.6575836833333,0,0,1,2,0,0,,spring,0,0,1,0
604494027,12.9,8.59428,none,0.0,0.0,15.716793,27.72,43.269356,1006.1778,,2024-05-22 04:06:23.471630,2024-05-22 20:47:59.800670,1001.6054839999999,0,1,0,2,0,0,,spring,0,0,1,1
604318227,18.95,15.7118,none,0.0,0.0,13.779114,25.919998,39.731304,998.6512,,2024-05-22 04:06:54.054898,2024-05-22 20:47:04.383895,1000.17214995,0,0,1,2,0,0,,spring,0,0,0,0
604327227,18.75,15.399019,none,0.0,0.0,14.480773,25.56,40.090816,1004.5732,,2024-05-22 04:05:48.887364,2024-05-22 20:46:35.037959,1000.7691765833333,0,0,1,2,0,0,,spring,0,0,0,0
604360627,15.3,13.423468,none,0.0,0.0,8.854829,19.08,60.703186,1000.35095,,2024-05-22 04:05:58.461840,2024-05-22 20:48:18.720880,1002.3376506666666,0,0,1,2,0,0,,spring,0,0,0,0
604413827,10.4,7.4353666,none,0.0,0.0,9.387651,18.359999,60.576035,999.9266,,2024-05-22 04:06:34.503695,2024-05-22 20:49:07.539483,1002.5505964666667,0,0,1,2,0,0,,spring,0,0,0,0
604525027,20.35,18.008244,none,0.0,0.0,16.363178,33.839996,36.045395,1003.016,,2024-05-22 04:05:19.833962,2024-05-22 20:48:22.948906,1003.0519157333333,0,0,1,2,0,0,,spring,0,0,1,0
604286227,21.0,18.654188,none,0.0,0.0,16.323528,33.48,34.630787,1001.5042,,2024-05-22 04:05:20.369871,2024-05-22 20:46:29.855265,1001.1580899,0,0,1,2,0,0,,spring,0,0,1,0
604308227,20.45,16.516808,none,0.0,0.0,14.773164,26.64,29.613869,1002.0845,,2024-05-22 04:06:07.853613,2024-05-22 20:47:42.509592,1001.57759965,0,0,1,2,0,0,,spring,0,0,0,0
604325827,21.2,17.395487,none,0.0,0.0,14.255272,26.64,28.88892,1000.3601,,2024-05-22 04:07:03.128789,2024-05-22 20:47:59.471128,1000.9390389833334,0,0,1,2,0,0,,spring,0,0,0,0
604234627,11.8,9.41762,none,0.0,0.0,10.028439,15.84,69.25808,1006.3157,,2024-05-22 04:06:18.582378,2024-05-22 20:46:18.928207,1000.0057638166667,0,0,1,2,0,0,,spring,0,0,0,0
604526027,21.0,18.775156,none,0.0,0.0,16.039202,33.12,35.485237,1006.40344,,2024-05-22 04:06:10.339114,2024-05-22 20:46:21.919525,1000.1930068500001,0,0,1,2,0,0,,spring,0,0,1,0
604286827,21.3,18.360132,none,0.0,0.0,12.218805,27.0,29.330622,1000.19867,,2024-05-22 04:07:02.810006,2024-05-22 20:48:12.497932,1001.1614654333333,0,0,1,2,0,0,,spring,0,0,0,0
604326427,15.3,10.993003,none,0.0,0.0,17.10284,29.519999,40.368893,1005.6102,,2024-05-22 04:05:16.697711,2024-05-22 20:47:06.633068,1001.83225595,0,0,1,2,0,0,,spring,0,0,1,0
604557627,13.3,10.955629,none,0.0,0.0,10.163227,20.16,63.859276,1000.9391,,2024-05-22 04:07:50.890293,2024-05-22 20:46:16.780366,998.4315012166667,0,0,1,2,0,0,,spring,0,0,0,0
604363227,15.25,11.109205,none,0.0,0.0,16.263872,25.56,41.2273,1002.8806,,2024-05-22 04:05:53.023850,2024-05-22 20:47:54.987313,1002.0327243833333,1,0,0,2,0,0,,spring,0,0,1,0
604259227,19.4,17.179955,none,0.0,0.0,15.484185,31.68,41.83927,1002.78394,,2024-05-22 04:05:10.846081,2024-05-22 20:48:06.795217,1002.9324856000001,0,0,1,2,0,0,,spring,0,0,1,0
604790427,21.2,17.376719,none,0.0,0.0,15.072783,27.359999,30.0385,1004.0867,,2024-05-22 04:06:31.019382,2024-05-22 20:46:58.466797,1000.4574569166667,0,0,1,2,0,0,,spring,0,0,1,0
604381627,17.25,15.217262,none,0.0,0.0,10.703569,21.96,55.27765,1002.95654,,2024-05-22 04:05:44.399547,2024-05-22 20:48:11.256466,1002.4476153166667,0,0,1,2,0,0,,spring,0,0,0,0
604324027,21.1,18.51756,none,0.0,0.0,17.072504,32.760002,33.004944,1004.6265,,2024-05-22 04:06:05.745113,2024-05-22 20:47:28.833100,1001.3847997833333,0,0,1,2,0,0,,spring,0,0,1,0
604327027,16.95,13.376295,none,0.0,0.0,14.480773,23.039999,41.57259,1005.5115,,2024-05-22 04:06:21.473336,2024-05-22 20:47:30.314580,1001.1473540666667,0,0,1,2,0,0,,spring,0,0,0,0
604294627,19.75,17.475735,none,0.0,0.0,15.683774,30.239998,40.798496,1005.1591,,2024-05-22 04:06:02.571871,2024-05-22 20:47:31.387978,1001.4802684499999,0,0,1,2,0,0,,spring,0,0,1,0
604271627,20.4,17.960375,none,0.0,0.0,17.429354,32.760002,36.820927,1006.2641,,2024-05-22 04:06:14.730260,2024-05-22 20:47:22.418972,1001.1281452000001,0,0,1,2,0,0,,spring,0,0,1,0
604347427,13.0,8.553083,none,0.0,0.0,17.076298,29.88,44.08448,1001.452,,2024-05-22 04:07:07.981968,2024-05-22 20:46:40.594213,999.5435374166666,0,1,0,2,0,0,,spring,0,0,1,1
604267227,20.4,17.960375,none,0.0,0.0,17.429354,32.760002,36.820927,1002.07086,,2024-05-22 04:06:03.999869,2024-05-22 20:47:52.862172,1001.8143717166666,0,0,1,2,0,0,,spring,0,0,1,0
604379427,20.7,18.105108,none,0.0,0.0,16.08761,33.839996,35.770836,1002.8414,,2024-05-22 04:05:29.273668,2024-05-22 20:48:14.560823,1002.7547859166666,0,0,1,2,0,0,,spring,0,0,1,0
604325627,16.85,13.136538,none,0.0,0.0,14.77755,25.199999,40.389008,1003.6186,,2024-05-22 04:05:04.889918,2024-05-22 20:47:09.416951,1002.07545055,0,0,1,2,0,0,,spring,0,0,0,0
604510827,19.95,17.653994,none,0.0,0.0,16.563911,34.2,37.859756,1003.18713,,2024-05-22 04:05:36.783296,2024-05-22 20:48:15.175761,1002.6398744166667,0,0,1,2,0,0,,spring,0,0,1,0
604309627,19.7,16.247345,none,0.0,0.0,12.984975,26.28,33.77668,1001.05035,,2024-05-22 04:05:21.780259,2024-05-22 20:48:29.492924,1003.1285444166666,0,0,1,2,0,0,,spring,0,0,0,0
604335627,21.7,18.615318,none,0.0,0.0,13.324863,26.28,29.029808,1004.6778,,2024-05-22 04:06:03.481700,2024-05-22 20:46:24.846613,1000.3560818833333,0,0,1,2,0,0,,spring,0,0,0,0
604317627,20.65,17.19291,none,0.0,0.0,12.819235,26.64,31.514229,1002.8563,,2024-05-22 04:07:22.169810,2024-05-22 20:49:02.773395,1001.6767264166666,0,0,1,2,0,0,,spring,0,0,0,0
604421227,17.95,15.328419,none,0.0,0.0,15.39184,32.039997,35.2255,1008.08295,,2024-05-23 04:05:06.041014,2024-05-23 20:48:21.155258,1003.2519040666666,0,0,1,3,0,0,,spring,0,0,1,0
604353627,9.75,6.505643,none,0.0,0.0,11.177405,18.72,62.820766,1008.8728,,2024-05-23 04:03:48.772512,2024-05-23 20:48:52.187845,1005.0569222166666,0,0,1,3,0,0,,spring,0,0,0,0
604361827,15.05,11.665394,none,0.0,0.0,11.384199,23.4,42.510338,1008.6507,,2024-05-23 04:04:18.850865,2024-05-23 20:49:27.029982,1005.1363186166667,0,0,1,3,0,0,,spring,0,0,0,0
604391827,16.95,13.937538,none,0.0,0.0,15.158522,30.599998,35.311993,1010.99274,,2024-05-23 04:04:12.785483,2024-05-23 20:48:06.956275,1003.9028465333333,0,0,1,3,0,0,,spring,0,0,1,0
604524627,12.95,10.008635,none,0.0,0.0,9.227524,17.64,51.189552,1012.43744,,2024-05-23 04:04:51.959315,2024-05-23 20:47:47.202836,1002.92072535,1,0,0,3,0,0,,spring,0,0,0,0
604373227,16.2,13.1511135,none,0.0,0.0,12.0694,26.64,37.03594,1011.5204,,2024-05-23 04:04:08.284427,2024-05-23 20:49:19.092797,1005.1801395,0,0,1,3,0,0,,spring,0,0,0,0
604503827,17.35,15.258596,none,0.0,0.0,11.874544,28.8,35.428585,1007.3317,,2024-05-23 04:04:38.768118,2024-05-23 20:50:50.276222,1006.1918017333334,0,0,1,3,0,0,,spring,0,0,0,0
604441627,18.8,15.564077,none,0.0,0.0,12.429127,28.44,30.214666,1007.5561,,2024-05-23 04:05:43.771635,2024-05-23 20:49:14.392427,1003.5103465333334,0,0,1,3,0,0,,spring,0,0,0,0
607529827,16.35,12.995413,none,0.0,0.0,13.5515,27.0,35.517998,1009.1741,,2024-05-23 04:04:17.724286,2024-05-23 20:49:34.139629,1005.27358905,0,0,1,3,0,0,,spring,0,0,0,0
604433427,19.25,16.21823,none,0.0,0.0,10.483357,22.68,28.338135,1010.1522,,2024-05-23 04:04:32.332233,2024-05-23 20:49:15.185513,1004.7142213333334,0,0,1,3,0,0,,spring,0,0,0,0
604440627,19.15,15.958439,none,0.0,0.0,11.792404,24.84,28.929903,1005.70624,,2024-05-23 04:05:46.162837,2024-05-23 20:49:02.870104,1003.2784544499999,0,0,1,3,0,0,,spring,0,0,0,0
604451827,19.0,15.6977005,none,0.0,0.0,9.449572,20.16,30.490072,1008.2944,,2024-05-23 04:04:17.032550,2024-05-23 20:50:26.114916,1006.1513727666667,0,0,1,3,0,0,,spring,0,0,0,0
604466027,12.15,8.797582,none,0.0,0.0,10.44,16.919998,49.185085,1008.29987,,2024-05-23 04:04:01.530251,2024-05-23 20:50:16.282942,1006.2458781833334,0,1,0,3,0,0,,spring,0,0,0,1
604374827,16.1,12.717985,none,0.0,0.0,14.154915,28.44,36.874256,1009.4153,,2024-05-23 04:05:22.574007,2024-05-23 20:47:59.855424,1002.62135695,0,0,1,3,0,0,,spring,0,0,0,0
604605827,17.05,13.671326,none,0.0,0.0,11.966953,24.84,38.76827,1011.51764,,2024-05-23 04:05:10.220877,2024-05-23 20:48:02.965441,1002.8790760666667,0,0,1,3,0,0,,spring,0,0,0,0
605118227,13.2,9.951797,none,0.0,0.0,10.948973,22.319998,49.302395,1009.6664,,2024-05-23 04:05:07.018583,2024-05-23 20:49:23.433530,1004.2735824499999,0,0,1,3,0,0,,spring,0,0,0,0
604421827,18.35,15.56274,none,0.0,0.0,14.84318,33.12,35.216557,1005.93756,,2024-05-23 04:05:46.197875,2024-05-23 20:49:07.627518,1003.3571607166667,0,0,1,3,0,0,,spring,0,0,0,0
604409427,18.75,16.846645,none,0.0,0.0,11.440978,25.56,34.345703,1007.1027,,2024-05-23 04:03:52.040326,2024-05-23 20:50:38.550411,1006.7751680833334,0,0,1,3,0,0,,spring,0,0,0,0
604981027,14.95,11.510733,none,0.0,0.0,12.0694,24.84,43.55129,1010.4331,,2024-05-23 04:04:58.383914,2024-05-23 20:49:43.268753,1004.74808065,0,0,1,3,0,0,,spring,0,0,0,0
604877027,14.95,12.40073,none,0.0,0.0,8.28,17.28,49.266598,1007.95013,,2024-05-23 04:04:00.676586,2024-05-23 20:50:00.202320,1005.9920955666668,0,0,1,3,0,0,,spring,0,0,0,0
604421027,18.2,15.690195,none,0.0,0.0,14.512064,30.599998,34.18629,1013.27734,,2024-05-23 04:04:54.012925,2024-05-23 20:48:27.320129,1003.5551200666666,0,0,1,3,0,0,,spring,0,0,0,0
604597027,11.8,8.491172,none,0.0,0.0,10.44,17.64,51.23845,1008.10815,,2024-05-23 04:06:15.828550,2024-05-23 20:48:12.979247,1001.9525116166666,0,1,0,3,0,0,,spring,0,0,0,1
604496027,15.65,12.222479,none,0.0,0.0,12.24,21.96,42.23258,1010.3792,,2024-05-23 04:04:20.607943,2024-05-23 20:48:41.045429,1004.3406247666667,0,0,1,3,0,0,,spring,0,0,0,0
604401427,16.3,13.043303,none,0.0,0.0,13.009903,27.72,35.759563,1010.2392,,2024-05-23 04:04:09.081438,2024-05-23 20:48:13.422457,1004.0723503166666,0,0,1,3,0,0,,spring,0,0,0,0
604432427,18.05,15.539915,none,0.0,0.0,14.84318,31.319998,35.129467,1009.87897,,2024-05-23 04:05:25.471010,2024-05-23 20:47:43.368195,1002.2982864166667,0,0,1,3,0,0,,spring,0,0,0,0
604453027,18.15,14.319832,none,0.0,0.0,13.358861,24.48,32.73767,1013.61334,,2024-05-23 04:04:48.759618,2024-05-23 20:47:48.164010,1002.9900732,0,0,1,3,0,0,,spring,0,0,0,0
604486427,18.9,15.603094,none,0.0,0.0,12.768586,26.64,30.134752,1011.6625,,2024-05-23 04:04:26.590988,2024-05-23 20:48:11.894406,1003.7550569666668,0,0,1,3,0,0,,spring,0,0,0,0
604356227,13.1,9.878067,none,0.0,0.0,10.8955765,23.039999,49.97805,1006.805,,2024-05-23 04:06:20.538227,2024-05-23 20:49:24.973477,1003.0739208333333,0,0,1,3,0,0,,spring,0,0,0,0
604367227,11.4,8.330656,none,0.0,0.0,10.041354,20.519999,56.482803,1007.1506,,2024-05-23 04:06:37.969691,2024-05-23 20:47:46.610574,1001.1440147166667,0,0,1,3,0,0,,spring,0,0,0,0
604374427,14.7,11.265696,none,0.0,0.0,12.224107,24.84,44.731697,1010.3191,,2024-05-23 04:05:01.963115,2024-05-23 20:48:35.138345,1003.5529205,0,0,1,3,0,0,,spring,0,0,0,0
605348827,12.95,9.757111,none,0.0,0.0,10.823973,23.4,50.828754,998.5724,,2024-05-23 04:06:04.184575,2024-05-23 20:48:26.718509,1002.3755655666666,0,0,1,3,0,0,,spring,0,0,0,0
604849827,11.35,9.261497,none,0.0,0.0,5.0528407,12.959999,62.098026,1009.51306,,2024-05-24 04:05:07.950754,2024-05-24 20:50:54.166193,1005.7702573166666,0,0,1,4,0,0,,spring,0,0,0,0
604538027,19.1,18.719572,none,0.0,0.0,4.510787,17.28,35.559002,1011.9072,,2024-05-24 04:04:04.557200,2024-05-24 20:51:00.455732,1006.9316421999999,0,0,1,4,0,0,,spring,0,0,0,0
604534227,19.0,18.446083,none,0.0,0.0,5.3517847,18.0,35.15591,1011.5467,,2024-05-24 04:04:56.545905,2024-05-24 20:51:06.286614,1006.16234515,0,0,1,4,0,0,,spring,0,0,0,0
604503027,11.7,9.546883,none,0.0,0.0,6.130579,13.679999,62.615795,1018.3639,,2024-05-24 04:03:06.032358,2024-05-24 20:49:54.966081,1006.81556205,0,0,1,4,0,0,,spring,0,0,0,0
604579827,20.45,17.687315,none,0.0,0.0,6.9899354,15.84,30.038729,1014.18915,,2024-05-24 04:03:25.359303,2024-05-24 20:50:44.919654,1007.32600585,0,0,1,4,0,0,,spring,0,0,0,0
604528627,19.65,19.407167,none,0.0,0.0,5.04,17.64,37.77331,1006.86487,,2024-05-24 04:03:13.147226,2024-05-24 20:54:00.219851,1010.78454375,0,0,1,4,0,0,,spring,0,0,0,0
604519627,15.55,12.734245,none,0.0,0.0,7.42159,18.72,41.02162,1011.3626,,2024-05-24 04:03:57.947006,2024-05-24 20:50:40.044090,1006.7016180666667,0,0,1,4,0,0,,spring,0,0,0,0
604547227,19.65,19.549227,none,0.0,0.0,3.096837,14.759999,36.73295,1012.41693,,2024-05-24 04:04:16.137387,2024-05-24 20:51:19.719079,1007.0596948666666,0,0,1,4,0,0,,spring,0,0,0,0
604591227,20.3,17.98501,none,0.0,0.0,4.1046314,15.119999,30.643364,1005.98346,,2024-05-24 04:04:50.726699,2024-05-24 20:50:16.270335,1005.4257272666667,0,0,1,4,0,0,,spring,0,0,0,0
605324227,14.75,12.189205,none,0.0,0.0,8.64,14.04,50.607967,1012.0253,,2024-05-24 04:01:58.663544,2024-05-24 20:50:22.916682,1008.4042189666667,0,0,1,4,0,0,,spring,0,0,0,0
604507627,15.5,12.743263,none,0.0,0.0,7.8954163,20.16,43.248253,1013.9639,,2024-05-24 04:02:08.217007,2024-05-24 20:50:09.735848,1008.0253140166666,0,0,1,4,0,0,,spring,0,0,0,0
604918827,19.8,19.066395,none,0.0,0.0,4.1046314,15.84,35.88681,1013.09357,,2024-05-24 04:02:43.517072,2024-05-24 20:51:26.694032,1008.719616,0,0,1,4,0,0,,spring,0,0,0,0
604538427,19.25,18.96886,none,0.0,0.0,4.6938257,18.359999,37.26466,1012.9786,,2024-05-24 04:01:45.272592,2024-05-24 20:50:08.169596,1008.3816167333333,0,0,1,4,0,0,,spring,0,0,0,0
604606227,19.5,17.311863,none,0.0,0.0,5.937272,13.32,37.206615,1014.35236,,2024-05-24 04:03:15.721745,2024-05-24 20:49:47.559617,1006.5306311999999,0,0,1,4,0,0,,spring,0,0,0,0
604606027,13.85,10.842818,none,0.0,0.0,10.00256,17.28,49.13487,1005.50977,,2024-05-24 04:03:36.029571,2024-05-24 20:53:58.277296,1010.3707954166667,0,1,0,4,0,0,,spring,0,0,0,1
604545027,19.15,18.973263,none,0.0,0.0,4.510787,18.359999,38.42647,1014.99927,,2024-05-24 04:01:58.136405,2024-05-24 20:51:03.468696,1009.0888715166667,0,0,1,4,0,0,,spring,0,0,0,0
604576427,19.2,18.802011,none,0.0,0.0,4.68,17.28,35.587933,1013.9192,,2024-05-24 04:03:08.080199,2024-05-24 20:50:50.178625,1007.7016404333333,0,0,1,4,0,0,,spring,0,0,0,0
604577027,15.4,12.652618,none,0.0,0.0,6.830519,18.0,41.124226,1011.94745,,2024-05-24 04:04:53.993699,2024-05-24 20:51:05.665278,1006.1945263166667,0,0,1,4,0,0,,spring,0,0,0,0
604497427,6.55,4.041539,none,0.0,0.0,6.193674,11.879999,78.341545,1011.69293,,2024-05-24 04:05:14.184000,2024-05-24 20:50:01.435313,1004.7875218833334,0,0,1,4,0,0,,spring,0,0,0,0
604597427,16.2,14.456484,none,0.0,0.0,6.12,10.08,53.15354,1008.6931,,2024-05-24 04:04:32.774725,2024-05-24 20:50:55.387372,1006.37687745,0,0,1,4,0,0,,spring,0,0,0,0
604608027,18.8,18.360687,none,0.0,0.0,4.6102495,17.28,35.34704,1006.34106,,2024-05-24 04:04:26.186866,2024-05-24 20:50:12.271028,1005.7680693666666,0,0,1,4,0,0,,spring,0,0,0,0
604527427,15.1,12.398567,none,0.0,0.0,6.638072,18.0,42.223473,1012.6208,,2024-05-24 04:04:51.621937,2024-05-24 20:49:27.241867,1004.5936655,0,0,1,4,0,0,,spring,0,0,0,0
604493627,6.75,3.8562174,none,0.0,0.0,7.4128532,11.159999,71.2085,1007.51245,,2024-05-24 04:04:29.002213,2024-05-24 20:50:51.562217,1006.3760000666666,1,0,1,4,0,0,,spring,0,0,0,0
598682827,4.3,0.63460684,none,0.0,26.0,9.007196,10.08,65.735176,994.4591,,2024-03-27 06:13:32.756852,2024-03-27 18:58:28.922295,764.9360907166666,0,0,1,2,0,0,,spring,0,0,0,0
604576627,20.85,18.97868,none,0.0,0.0,5.7599998,15.84,30.691347,1010.8142,,2024-05-24 04:03:14.394620,2024-05-24 20:52:00.353746,1008.7659854333334,0,0,1,4,0,0,,spring,0,0,0,0
604579427,20.85,18.97868,none,0.0,0.0,5.7599998,15.84,30.691347,1011.75073,,2024-05-24 04:03:07.241187,2024-05-24 20:51:41.693205,1008.5742003,0,0,1,4,0,0,,spring,0,0,0,0
604852627,18.8,16.967419,none,0.0,0.0,5.3999996,14.759999,42.54273,1005.3483,,2024-05-24 04:04:33.853079,2024-05-24 20:50:39.964702,1006.1018603833332,0,0,1,4,0,0,,spring,0,0,0,0
608027427,20.65,18.395674,none,0.0,0.0,8.707238,22.319998,31.84989,1005.45026,,2024-05-24 04:03:28.967596,2024-05-24 20:53:50.705042,1010.3622907666667,0,0,1,4,0,0,,spring,0,0,0,0
605029427,19.6,19.226955,none,0.0,0.0,4.0249224,16.56,35.578453,1015.3615,,2024-05-24 04:03:26.769623,2024-05-24 20:50:35.996011,1007.1537731333334,0,0,1,4,0,0,,spring,0,0,0,0
604882427,16.6,14.769188,none,0.0,0.0,6.638072,10.440001,51.639786,1013.1379,,2024-05-24 04:02:13.617148,2024-05-24 20:51:15.896554,1009.0379901,0,0,1,4,0,0,,spring,0,0,0,0
604576027,20.55,17.715443,none,0.0,0.0,9.007196,22.319998,32.502052,1006.19696,,2024-05-24 04:03:19.436704,2024-05-24 20:53:50.289040,1010.5142056000001,0,0,1,4,0,0,,spring,0,0,0,0
604501627,13.7,11.373938,none,0.0,0.0,7.172949,17.28,54.54623,1015.7678,,2024-05-24 04:02:29.479686,2024-05-24 20:51:25.321105,1008.9306903166666,0,0,1,4,0,0,,spring,0,0,0,0
604614027,13.8,10.980059,none,0.0,0.0,9.585739,15.84,51.601913,1009.2068,,2024-05-24 04:03:36.392761,2024-05-24 20:52:26.285618,1008.8315476166666,0,1,0,4,0,0,,spring,0,0,0,1
604569027,19.35,19.0621,none,0.0,0.0,3.9763298,16.56,37.03344,1016.01685,,2024-05-24 04:02:38.077653,2024-05-24 20:49:30.197428,1006.8686629166666,0,0,1,4,0,0,,spring,0,0,0,0
604530627,17.8,16.587236,none,0.0,0.0,6.439876,19.8,38.576153,1015.2694,,2024-05-24 04:02:47.888452,2024-05-24 20:50:45.277444,1007.9564832,0,0,1,4,0,0,,spring,0,0,0,0
604574227,19.55,18.625372,none,0.0,0.0,4.8965297,16.919998,35.564022,1009.0614,,2024-05-24 04:04:14.234996,2024-05-24 20:49:53.778048,1005.6590508666667,0,0,1,4,0,0,,spring,0,0,0,0
598714027,-3.35,-7.8228655,none,0.0,28.0,10.464797,12.959999,78.51966,996.5718,,2024-03-27 06:13:33.485243,2024-03-27 18:58:19.211576,764.76210555,0,1,0,2,0,0,,spring,0,0,0,1
604612427,12.95,10.16161,none,0.0,0.0,8.699793,14.04,52.65552,1005.0284,,2024-05-24 04:04:53.909699,2024-05-24 20:50:16.385738,1005.37460065,0,1,0,4,0,0,,spring,0,0,0,1
604725427,23.0,19.085052,none,0.0,0.0,14.764389,28.08,25.522066,1008.0981,,2024-05-25 04:02:14.367838,2024-05-25 20:53:03.444556,1010.8179452999999,0,0,1,5,1,0,,spring,0,0,0,0
604916427,21.05,18.812016,none,0.0,0.0,8.4042845,22.319998,37.39358,1008.96405,,2024-05-25 04:01:18.468551,2024-05-25 20:51:04.971538,1009.7750497833333,0,0,1,5,1,0,,spring,0,0,0,0
604620227,11.15,7.8700647,none,0.0,0.0,10.00256,16.56,52.730774,1016.0223,,2024-05-25 04:01:57.272034,2024-05-25 20:52:14.122980,1010.2808491,0,1,0,5,1,0,,spring,0,0,0,1
604632427,9.35,6.183074,none,0.0,0.0,8.699793,15.84,57.5804,1011.30884,,2024-05-25 04:01:43.454577,2024-05-25 20:50:48.053868,1009.07665485,0,1,0,5,1,0,,spring,0,0,0,1
604732627,16.8,14.068964,none,0.0,0.0,9.178235,13.679999,43.01392,1006.5226,,2024-05-25 04:01:55.751827,2024-05-25 20:52:36.298119,1010.6757715333333,1,0,0,5,1,0,,spring,0,0,0,0
604876627,20.9,18.918388,none,0.0,0.0,6.87779,22.68,38.13281,1004.60596,,2024-05-25 04:03:28.464835,2024-05-25 20:51:20.566492,1007.86836095,0,0,1,5,1,0,,spring,0,0,0,0
605100627,18.0,16.409138,none,0.0,0.0,7.2359104,12.24,51.836956,1010.471,,2024-05-25 04:01:50.617535,2024-05-25 20:51:12.664526,1009.3674498500001,0,0,1,5,1,0,,spring,0,0,0,0
604720827,23.1,19.01871,none,0.0,0.0,15.484185,28.8,24.74268,1007.8899,,2024-05-25 04:01:55.431511,2024-05-25 20:52:34.715979,1010.6547411333333,0,0,1,5,1,0,,spring,0,0,1,0
605663827,20.45,18.797417,none,0.0,0.0,11.753876,28.08,32.93432,1006.7993,,2024-05-25 04:03:41.589144,2024-05-25 20:52:25.073561,1008.7247402833333,0,0,1,5,1,0,,spring,0,0,0,0
604688827,20.75,19.137386,none,0.0,0.0,11.681987,25.199999,32.78918,1012.4536,,2024-05-25 04:01:42.385939,2024-05-25 20:51:59.427513,1010.2840262333334,0,0,1,5,1,0,,spring,0,0,0,0
604923827,11.6,8.692116,none,0.0,0.0,9.585739,15.119999,57.743332,1009.335,,2024-05-25 04:01:14.782904,2024-05-25 20:53:38.819381,1012.40060795,0,1,0,5,1,0,,spring,0,0,0,1
604738827,14.65,12.14456,none,0.0,0.0,8.473393,13.32,51.47152,1003.75195,,2024-05-25 04:02:17.197854,2024-05-25 20:52:05.102774,1009.7984153333333,0,1,0,5,1,0,,spring,0,0,0,1
604650227,10.15,6.831953,none,0.0,0.0,9.0,15.84,52.08269,1010.6612,,2024-05-25 04:03:31.036285,2024-05-25 20:50:54.445489,1007.3901534,0,1,0,5,1,0,,spring,0,0,0,1
604711227,21.95,19.718632,none,0.0,0.0,14.336861,31.319998,32.902645,1006.6126,,2024-05-25 04:02:05.587678,2024-05-25 20:54:01.445813,1011.9309689166668,0,0,1,5,1,0,,spring,0,0,0,0
604700827,21.4,19.594824,none,0.0,0.0,13.324863,28.08,31.395605,1004.09515,,2024-05-25 04:02:40.919865,2024-05-25 20:51:59.587705,1009.3111306666667,0,0,1,5,1,0,,spring,0,0,0,0
604728027,22.85,19.865454,none,0.0,0.0,13.276144,28.08,26.781525,1008.9109,,2024-05-25 04:04:09.716599,2024-05-25 20:54:13.176325,1010.0576621,0,0,1,5,1,0,,spring,0,0,0,0
604719427,22.4,19.190327,none,0.0,0.0,12.245294,26.64,30.060358,1007.7227,,2024-05-25 04:01:00.511769,2024-05-25 20:51:12.945156,1010.2072231166666,0,0,1,5,1,0,,spring,0,0,0,0
604697627,22.1,20.15888,none,0.0,0.0,14.021525,28.8,31.374586,1006.96094,,2024-05-25 04:02:49.069312,2024-05-25 20:52:31.274103,1009.7034131833333,0,0,1,5,1,0,,spring,0,0,0,0
605545027,22.65,18.983143,none,0.0,0.0,13.493999,28.8,26.726269,1006.3208,,2024-05-25 04:03:16.499165,2024-05-25 20:52:35.815642,1009.3219412833333,0,0,1,5,1,0,,spring,0,0,0,0
604615027,12.0,8.742374,none,0.0,0.0,11.525623,19.8,54.868168,1009.46313,,2024-05-25 04:02:32.583740,2024-05-25 20:53:13.558552,1010.6829135333334,0,1,0,5,1,0,,spring,0,0,0,1
609933027,22.9,19.702454,none,0.0,0.0,14.154915,29.519999,26.137886,1009.04755,,2024-05-25 04:02:27.613804,2024-05-25 20:53:14.549506,1010.7822617,0,0,1,5,1,0,,spring,0,0,0,0
604998427,12.75,10.371341,none,0.0,0.0,8.699793,13.679999,61.354572,1000.2967,,2024-05-25 04:02:39.801070,2024-05-25 20:52:01.444637,1009.3607261166667,0,1,0,5,1,0,,spring,0,0,0,1
604978027,15.3,13.301691,none,0.0,0.0,6.9247384,16.199999,54.02385,1015.24927,,2024-05-25 04:01:59.329361,2024-05-25 20:51:33.906139,1009.5762796333333,0,0,1,5,1,0,,spring,0,0,0,0
604718827,23.15,19.81941,none,0.0,0.0,14.689589,28.08,25.291553,1005.45703,,2024-05-25 04:02:40.990736,2024-05-25 20:51:27.659606,1008.7778145,0,0,1,5,1,0,,spring,0,0,0,0
604694627,21.4,19.594824,none,0.0,0.0,13.324863,28.08,31.395605,1009.79517,,2024-05-25 04:02:34.106051,2024-05-25 20:51:20.343071,1008.770617,0,0,1,5,1,0,,spring,0,0,0,0
605229027,22.05,19.611881,none,0.0,0.0,14.973577,32.039997,31.470345,1006.41315,,2024-05-25 04:03:36.492439,2024-05-25 20:51:49.277219,1008.2130796666667,0,0,1,5,1,0,,spring,0,0,0,0
604743227,20.6,19.123669,none,0.0,0.0,11.384198,25.919998,34.035816,1012.89594,,2024-05-25 04:01:15.892580,2024-05-25 20:51:10.698324,1009.9134290666666,0,0,1,5,1,0,,spring,0,0,0,0
604630827,10.25,6.9314833,none,0.0,0.0,9.339208,16.199999,52.865383,1016.147,,2024-05-25 04:01:49.596117,2024-05-25 20:51:42.275878,1009.8779960166667,0,1,0,5,1,0,,spring,0,0,0,1
604880827,10.4,7.0427094,none,0.0,0.0,9.83268,17.28,53.09628,1012.7439,,2024-05-25 04:00:51.170616,2024-05-25 20:51:37.339829,1010.7694868833333,0,1,0,5,1,0,,spring,0,0,0,1
604682027,20.8,19.097273,none,0.0,0.0,11.923557,25.919998,32.118355,1010.23016,,2024-05-25 04:01:46.406962,2024-05-25 20:52:35.127811,1010.81201415,0,0,1,5,1,0,,spring,0,0,0,0
604731027,18.0,16.409138,none,0.0,0.0,7.2359104,12.24,51.836956,1010.5891,,2024-05-25 04:01:44.871616,2024-05-25 20:51:08.044973,1009.3862226166667,0,0,1,5,1,0,,spring,0,0,0,0
604709427,21.9,19.864683,none,0.0,0.0,14.57889,29.519999,31.759575,1009.4878,,2024-05-25 04:02:09.799140,2024-05-25 20:52:03.200993,1009.8900308833333,0,0,1,5,1,0,,spring,0,0,0,0
606056827,21.25,20.494585,rain,0.3,0.0,15.986595,35.28,58.73998,1004.48865,,2024-05-26 04:00:58.340092,2024-05-26 20:55:25.182312,1014.4473703333333,0,0,1,6,1,0,,spring,0,0,1,0
604788427,19.6,18.388395,rain,0.4,0.0,14.707222,28.8,65.4629,1005.46515,,2024-05-26 04:00:42.956115,2024-05-26 20:54:39.168111,1013.9368665999999,0,0,1,6,1,0,,spring,0,0,0,0
604763827,22.65,20.782198,rain,0.1,0.0,15.158522,32.039997,45.72096,999.927,,2024-05-26 04:01:45.605684,2024-05-26 20:53:46.201185,1012.0099250166667,0,0,1,6,1,0,,spring,0,0,1,0
604771827,21.75,20.226767,rain,0.5,0.0,17.771753,32.039997,53.878113,1008.7603,,2024-05-26 04:00:40.721028,2024-05-26 20:53:32.305422,1012.8597398999999,0,0,1,6,1,0,,spring,0,0,1,0
604855627,18.8,17.60547,rain,1.1,0.0,19.652176,45.0,78.33825,1008.72174,,2024-05-26 04:00:49.147200,2024-05-26 20:53:59.600488,1013.1742214666666,0,0,1,6,1,0,,spring,0,0,1,0
604772227,23.65,23.75986,none,0.0,0.0,16.09969,31.319998,54.01059,1003.8658,,2024-05-26 04:00:02.096685,2024-05-26 20:54:22.337119,1014.3373405666666,0,0,1,6,1,0,,spring,0,0,1,0
604822427,18.65,18.004385,none,0.0,0.0,7.7043357,16.56,63.34997,1006.05035,,2024-05-26 04:00:05.124427,2024-05-26 20:54:51.372029,1014.7707933666667,0,0,1,6,1,0,,spring,0,0,0,0
604959627,17.7,16.662773,none,0.0,0.0,6.9247384,16.919998,60.05188,1005.8909,,2024-05-26 04:00:38.713198,2024-05-26 20:54:24.653130,1013.7656655333334,0,0,1,6,1,0,,spring,0,0,0,0
604775427,22.95,22.965555,none,0.0,0.0,10.931203,29.88,53.481697,1002.3204,,2024-05-26 04:02:17.738670,2024-05-26 20:54:14.918890,1011.9530036666667,0,0,1,6,1,0,,spring,0,0,0,0
604786627,22.55,22.052443,none,0.0,0.0,12.413476,27.359999,55.878162,1007.94385,,2024-05-26 04:00:37.994612,2024-05-26 20:54:09.960935,1013.5327720500001,0,0,1,6,1,0,,spring,0,0,0,0
604759427,20.0,19.342215,none,0.0,0.0,6.1094027,17.64,55.236664,1003.96906,,2024-05-26 04:00:51.836551,2024-05-26 20:52:38.311783,1011.7745871999999,0,0,1,6,1,0,,spring,0,0,0,0
604796827,18.85,18.819382,none,0.0,0.0,6.0347,16.56,67.48015,1007.8625,,2024-05-26 04:00:52.234108,2024-05-26 20:53:26.786566,1012.5758743,0,0,1,6,1,0,,spring,0,0,0,0
604810227,15.55,15.137693,none,0.0,0.0,10.296251,16.919998,87.03302,1005.09467,,2024-05-26 04:06:21.479462,2024-05-26 20:52:46.320219,1006.4140126166666,0,1,0,6,1,0,,spring,0,0,0,1
604795427,20.3,18.88895,rain,0.6,0.0,16.42247,28.08,63.302788,1000.68005,,2024-05-26 04:01:07.090770,2024-05-26 20:53:52.085819,1012.7499174833333,0,0,1,6,1,0,,spring,0,0,1,0
604778027,19.1,18.912264,rain,0.7,0.0,12.4811535,39.96,76.63815,1004.30035,,2024-05-26 04:00:29.943552,2024-05-26 20:55:19.830915,1014.83145605,0,0,1,6,1,0,,spring,0,0,0,0
605129427,18.85,18.558887,none,0.0,0.0,6.9153743,15.119999,65.73255,1004.32446,,2024-05-26 04:00:33.099118,2024-05-26 20:55:18.892505,1014.7632231166666,0,0,1,6,1,0,,spring,0,0,0,0
604998227,19.35,18.776587,none,0.0,0.0,7.10031,18.0,60.44298,1005.43024,,2024-05-26 04:00:10.319076,2024-05-26 20:54:11.250479,1014.0155233833334,0,0,1,6,1,0,,spring,0,0,0,0
605514827,14.7,12.392874,none,0.0,0.0,10.308831,20.16,59.327896,1006.1968,,2024-05-26 04:01:14.778507,2024-05-26 20:54:24.041177,1013.1543778333332,0,1,0,6,1,0,,spring,0,0,0,1
604811027,16.0,13.418293,none,0.0,0.0,12.43434,20.519999,55.14445,1007.2954,,2024-05-26 04:00:32.234666,2024-05-26 20:54:24.383792,1013.8691521,0,1,0,6,1,0,,spring,0,0,0,1
604749427,10.5,8.23747,none,0.0,0.0,10.086427,16.56,78.399895,998.89844,,2024-05-26 04:01:45.893017,2024-05-26 20:53:43.228111,1011.9555849000001,0,0,1,6,1,0,,spring,0,0,0,0
605097627,22.0,21.227041,none,0.0,0.0,11.923557,27.359999,56.845078,1003.77277,,2024-05-26 04:01:22.323500,2024-05-26 20:52:52.706234,1011.5063789,0,0,1,6,1,0,,spring,0,0,0,0
604754427,18.0,17.320864,none,0.0,0.0,5.154415,14.759999,60.324528,1003.6777,,2024-05-26 04:00:26.750846,2024-05-26 20:55:18.072057,1014.8553535166667,0,0,1,6,1,0,,spring,0,0,0,0
605139427,12.75,10.371341,none,0.0,0.0,8.699793,13.679999,61.354572,1004.2321,,2024-05-26 04:01:16.586082,2024-05-26 20:53:01.975414,1011.7564888666667,0,1,0,6,1,0,,spring,0,0,0,1
604842227,18.8,17.186375,none,0.0,0.0,10.308831,24.119999,46.843674,1005.15234,,2024-05-27 04:00:52.487372,2024-05-27 20:55:01.125118,1014.1439624333333,0,0,1,0,0,0,,spring,0,0,0,0
604928027,21.05,19.185534,none,0.0,0.0,6.151683,14.4,37.913483,1007.14655,,2024-05-27 03:59:59.629738,2024-05-27 20:54:25.632440,1014.4333783666666,0,0,1,0,0,0,,spring,0,0,0,0
604926027,21.9,19.741028,none,0.0,0.0,5.315336,14.759999,31.427687,1005.65515,,2024-05-27 03:58:53.149896,2024-05-27 20:56:38.424382,1017.7545747666667,0,0,1,0,0,0,,spring,0,0,0,0
604943227,16.1,13.986675,none,0.0,0.0,8.4963045,12.24,53.127113,1006.2556,,2024-05-27 03:58:37.579107,2024-05-27 20:56:18.817835,1017.6873121333333,0,0,1,0,0,0,,spring,0,0,0,0
604989227,21.9,19.830677,none,0.0,0.0,5.3999996,14.04,32.546066,1005.44116,,2024-05-27 04:00:08.445073,2024-05-27 20:56:01.801290,1015.8892702833333,0,0,1,0,0,0,,spring,0,0,0,0
604925027,21.85,20.83897,none,0.0,0.0,7.5170207,21.96,34.63379,1008.1063,,2024-05-27 03:58:11.684633,2024-05-27 20:54:34.535123,1016.3808415,0,0,1,0,0,0,,spring,0,0,0,0
604923027,21.85,19.357338,none,0.0,0.0,6.792466,15.84,30.22269,1003.56586,,2024-05-27 04:00:11.195284,2024-05-27 20:54:25.332982,1014.2356283,0,0,1,0,0,0,,spring,0,0,0,0
604886427,21.85,20.400347,none,0.0,0.0,9.449572,24.48,33.21956,1006.4792,,2024-05-27 04:00:06.525137,2024-05-27 20:55:27.206116,1015.3446829833333,0,0,1,0,0,0,,spring,0,0,0,0
605119427,18.85,17.371782,none,0.0,0.0,9.746631,23.039999,47.017994,1007.7166,,2024-05-27 03:59:36.781421,2024-05-27 20:54:09.468149,1014.5447788,0,0,1,0,0,0,,spring,0,0,0,0
605009627,15.05,12.7416,none,0.0,0.0,7.9932966,12.24,52.30142,1008.20764,,2024-05-27 03:58:20.468860,2024-05-27 20:55:45.185436,1017.4119429333333,0,1,0,0,0,0,,spring,0,0,0,1
604811427,13.1,11.2141285,none,0.0,0.0,7.42159,14.759999,65.8182,1006.23846,,2024-05-27 03:59:14.244062,2024-05-27 20:56:14.819200,1017.0095856333334,0,1,0,0,0,0,,spring,0,0,0,1
604917627,21.85,20.466528,none,0.0,0.0,9.107359,22.68,33.45166,1011.8366,,2024-05-27 03:59:15.842165,2024-05-27 20:54:40.391406,1015.4091540166667,0,0,1,0,0,0,,spring,0,0,0,0
604919827,22.25,19.997038,none,0.0,0.0,5.95906,17.28,30.764402,1011.0515,,2024-05-27 03:59:22.619169,2024-05-27 20:56:34.507728,1017.19814265,0,0,1,0,0,0,,spring,0,0,0,0
604924227,21.55,19.18173,none,0.0,0.0,6.4096174,13.679999,31.548931,1009.0418,,2024-05-27 03:59:12.798064,2024-05-27 20:55:36.277529,1016.3913244166666,0,0,1,0,0,0,,spring,0,0,0,0
604917827,22.35,20.658056,none,0.0,0.0,6.439876,18.359999,30.792736,1007.0316,,2024-05-27 03:59:10.247723,2024-05-27 20:56:33.142317,1017.3815765666666,0,0,1,0,0,0,,spring,0,0,0,0
604960827,22.45,20.982811,none,0.0,0.0,4.8433046,16.199999,30.39246,1006.9224,,2024-05-27 03:59:27.852893,2024-05-27 20:54:00.374870,1014.5420329499999,0,0,1,0,0,0,,spring,0,0,0,0
604873627,21.25,20.056648,none,0.0,0.0,10.829959,25.199999,34.582,1011.8718,,2024-05-27 03:59:19.928029,2024-05-27 20:55:22.876392,1016.0491393833333,0,0,1,0,0,0,,spring,0,0,0,0
604927827,22.3,20.006823,none,0.0,0.0,6.792466,18.0,31.541399,1004.9344,,2024-05-27 04:01:19.101920,2024-05-27 20:55:52.724901,1014.5603830166667,0,0,1,0,0,0,,spring,0,0,0,0
604942427,13.4,10.933217,none,0.0,0.0,8.209263,12.959999,55.815765,1002.8737,,2024-05-27 03:58:28.496216,2024-05-27 20:56:37.156982,1018.1443461,0,1,0,0,0,0,,spring,0,0,0,1
604943027,16.85,14.735178,none,0.0,0.0,7.491114,11.159999,48.432552,1006.1879,,2024-05-27 03:59:01.556833,2024-05-27 20:55:48.791846,1016.7872502166666,0,0,1,0,0,0,,spring,0,0,0,0
604911627,22.4,20.692875,none,0.0,0.0,6.1305785,19.44,29.955027,1010.5214,,2024-05-27 03:59:28.105575,2024-05-27 20:55:41.687087,1016.2263585333333,0,0,1,0,0,0,,spring,0,0,0,0
605427227,22.25,19.997038,none,0.0,0.0,5.95906,17.28,30.764402,1006.8649,,2024-05-27 03:59:13.467071,2024-05-27 20:56:34.765440,1017.3549728166666,0,0,1,0,0,0,,spring,0,0,0,0
604821227,13.6,11.529027,none,0.0,0.0,8.049845,16.199999,61.98122,1010.60565,,2024-05-27 03:59:12.535606,2024-05-27 20:54:54.209644,1015.6945672999999,0,1,0,0,0,0,,spring,0,0,0,1
604902027,18.8,17.147541,none,0.0,0.0,10.594036,24.119999,46.843674,1007.94794,,2024-05-27 03:59:49.757521,2024-05-27 20:54:58.192310,1015.1405798166667,0,0,1,0,0,0,,spring,0,0,0,0
606185427,17.35,16.392345,none,0.0,0.0,4.6800003,13.679999,57.78874,997.1921,,2024-05-28 03:59:02.872342,2024-05-28 20:56:13.506149,1017.1772301166667,0,0,1,1,0,0,,spring,0,0,0,0
605083827,25.05,23.732355,none,0.0,0.0,6.489992,15.84,35.18643,1006.7986,,2024-05-28 03:56:54.035139,2024-05-28 20:55:13.725309,1018.3281695000001,0,0,1,1,0,0,,spring,0,0,0,0
605053827,25.1,24.01351,none,0.0,0.0,3.671294,14.4,33.454823,1001.527,,2024-05-28 03:58:20.386231,2024-05-28 20:56:06.556248,1017.7695002833333,0,0,1,1,0,0,,spring,0,0,0,0
605057027,25.1,24.01351,none,0.0,0.0,3.671294,14.4,33.454823,1005.5367,,2024-05-28 03:58:09.713032,2024-05-28 20:56:31.274474,1018.3593573666666,0,0,1,1,0,0,,spring,0,0,0,0
605053027,25.1,24.371626,none,0.0,0.0,4.6800003,16.199999,32.890137,999.9129,,2024-05-28 03:58:37.441071,2024-05-28 20:56:22.201707,1017.7460106,0,0,1,1,0,0,,spring,0,0,0,0
605000427,23.7,23.739996,none,0.0,0.0,8.209263,21.24,37.38274,1004.4277,,2024-05-28 03:58:36.806009,2024-05-28 20:57:21.068261,1018.7377042,0,0,1,1,0,0,,spring,0,0,0,0
604959027,13.35,11.464104,none,0.0,0.0,7.42159,11.5199995,64.75362,1004.2569,,2024-05-28 04:00:54.425345,2024-05-28 20:56:29.856520,1015.5905195833333,0,1,0,1,0,0,,spring,0,0,0,1
605067427,22.35,22.247015,none,0.0,0.0,3.5455887,3.96,49.761177,1000.44556,,2024-05-28 03:57:52.049686,2024-05-28 20:58:18.940863,1020.4481862833333,0,0,1,1,0,0,,spring,0,0,0,0
605270627,18.65,17.378395,none,0.0,0.0,7.386582,10.440001,54.34137,1001.09064,,2024-05-28 03:56:48.955822,2024-05-28 20:56:29.436921,1019.6746849833332,0,1,0,1,0,0,,spring,0,0,0,1
605432827,24.5,22.599968,none,0.0,0.0,4.73506,13.679999,28.500595,998.6131,,2024-05-28 03:57:46.526294,2024-05-28 20:58:45.001424,1020.9745855,0,0,1,1,0,0,,spring,0,0,0,0
605685427,14.95,13.829222,none,0.0,0.0,4.896529,12.599999,65.107025,1006.82935,,2024-05-28 03:58:19.231020,2024-05-28 20:56:44.099851,1018.4144805166667,0,0,1,1,0,0,,spring,0,0,0,0
605092227,24.05,23.533297,none,0.0,0.0,4.32,9.36,42.015896,998.59686,,2024-05-28 03:58:37.612365,2024-05-28 20:56:55.990922,1018.3063092833332,0,0,1,1,0,0,,spring,0,0,0,0
605967227,15.55,13.962046,none,0.0,0.0,7.5685663,12.24,61.38496,1002.5961,,2024-05-28 03:57:01.357702,2024-05-28 20:57:25.636134,1020.4046405333333,0,1,0,1,0,0,,spring,0,0,0,1
605183627,22.05,21.240505,none,0.0,0.0,8.225035,20.880001,37.039204,1008.99963,,2024-05-28 03:57:36.887729,2024-05-28 20:56:04.818194,1018.4655077499999,0,0,1,1,0,0,,spring,0,0,0,0
604988227,22.15,21.285976,none,0.0,0.0,8.654986,21.96,37.067806,1008.77234,,2024-05-28 03:57:09.880525,2024-05-28 20:57:14.236899,1020.0726062333334,0,0,1,1,0,0,,spring,0,0,0,0
605074227,24.95,23.651133,none,0.0,0.0,2.8116899,11.159999,30.672565,1002.056,,2024-05-28 03:57:30.764414,2024-05-28 20:57:03.097194,1019.5388796666666,0,0,1,1,0,0,,spring,0,0,0,0
605022627,24.45,24.524178,none,0.0,0.0,5.8603754,18.0,36.842106,1005.38416,,2024-05-28 03:58:18.435910,2024-05-28 20:57:39.821422,1019.3564252,0,0,1,1,0,0,,spring,0,0,0,0
605143627,24.6,24.361143,none,0.0,0.0,7.2805495,20.519999,35.658413,1002.9816,,2024-05-28 03:57:25.370887,2024-05-28 20:57:25.334500,1019.99939355,0,0,1,1,0,0,,spring,0,0,0,0
605054027,23.6,23.645506,none,0.0,0.0,8.473393,21.96,38.12167,1003.0398,,2024-05-28 03:59:24.148170,2024-05-28 20:57:01.724092,1017.6262653666668,0,0,1,1,0,0,,spring,0,0,0,0
605294027,20.3,19.566923,none,0.0,0.0,3.8773184,7.5599995,49.37533,1001.3158,,2024-05-28 03:58:22.330503,2024-05-28 20:58:06.961607,1019.7438517333334,0,1,0,1,0,0,,spring,0,0,0,1
605043427,24.85,23.652636,none,0.0,0.0,2.5959969,12.599999,31.498745,1003.57184,,2024-05-28 03:56:48.448376,2024-05-28 20:57:23.077509,1020.5771522166667,0,0,1,1,0,0,,spring,0,0,0,0
605059427,25.15,23.76232,none,0.0,0.0,4.802999,14.759999,32.12781,1005.3096,,2024-05-28 03:57:54.645176,2024-05-28 20:56:23.208341,1018.47605275,0,0,1,1,0,0,,spring,0,0,0,0
605002027,23.65,23.640953,none,0.0,0.0,7.69592,21.24,36.11989,1003.7165,,2024-05-28 03:57:46.530841,2024-05-28 20:57:27.289788,1019.6793157833333,0,0,1,1,0,0,,spring,0,0,0,0
604975427,20.0,18.58557,none,0.0,0.0,6.9899354,17.64,47.496258,1007.6416,,2024-05-28 03:58:01.570863,2024-05-28 20:57:12.478446,1019.18179305,0,0,1,1,0,0,,spring,0,0,0,0
605016227,23.6,23.618933,none,0.0,0.0,8.557102,21.599998,38.12167,1003.9435,,2024-05-28 03:58:19.047751,2024-05-28 20:56:15.990424,1017.9490445499999,0,0,1,1,0,0,,spring,0,0,0,0
605137227,25.05,25.81109,none,0.0,0.0,2.9024127,13.679999,37.261734,997.9459,,2024-05-29 03:57:38.324618,2024-05-29 20:57:25.723644,1019.7899837666666,0,0,1,2,0,0,,spring,0,0,0,0
605204227,26.0,23.840649,none,0.0,0.0,14.689589,29.88,36.296787,995.7472,,2024-05-29 03:57:47.799705,2024-05-29 20:58:26.319304,1020.6419933166667,0,0,1,2,0,0,,spring,0,0,0,0
605084227,20.95,20.906557,none,0.0,0.0,2.3051248,9.36,52.789604,994.76465,,2024-05-29 04:00:00.000000,2024-05-29 20:00:00.000000,960.0,0,0,1,2,0,0,,spring,0,0,0,0
605212427,18.8,18.086632,none,0.0,0.0,7.6367526,18.359999,61.729313,999.3126,,2024-05-29 03:56:40.123654,2024-05-29 20:57:17.782172,1020.6276419666666,0,1,0,2,0,0,,spring,0,0,0,1
605410427,27.2,25.590294,none,0.0,0.0,9.028754,18.0,31.62063,997.4047,,2024-05-29 03:57:01.824838,2024-05-29 20:58:07.864988,1021.1006691666666,0,0,1,2,0,0,,spring,0,0,0,0
605451027,17.55,17.94339,none,0.0,0.0,2.9024127,9.72,72.73905,1000.4038,,2024-05-29 03:56:59.168635,2024-05-29 20:58:10.413720,1021.1874180833333,0,0,1,2,0,0,,spring,0,0,0,0
605183027,27.55,26.092924,none,0.0,0.0,6.9899354,19.8,29.847734,996.66425,,2024-05-29 04:00:00.000000,2024-05-29 20:00:00.000000,960.0,0,0,1,2,0,0,,spring,0,0,0,0
605085427,17.55,17.94339,none,0.0,0.0,2.9024127,9.72,72.73905,1001.10693,,2024-05-29 03:56:48.316935,2024-05-29 20:58:25.414436,1021.6182916833333,0,0,1,2,0,0,,spring,0,0,0,0
605212827,19.45,18.748634,none,0.0,0.0,6.924738,10.08,58.111233,998.4351,,2024-05-29 04:00:00.000000,2024-05-29 20:00:00.000000,960.0,0,1,0,2,0,0,,spring,0,0,0,1
605399227,25.75,24.053507,none,0.0,0.0,12.303366,28.08,37.836605,1000.7199,,2024-05-29 03:56:42.099643,2024-05-29 20:57:10.409718,1020.4718345833334,0,0,1,2,0,0,,spring,0,0,0,0
605206827,18.65,18.008373,none,0.0,0.0,6.725354,12.959999,61.490467,998.4703,,2024-05-29 04:00:00.000000,2024-05-29 20:00:00.000000,960.0,0,1,0,2,0,0,,spring,0,0,0,1
605207027,19.65,19.100195,none,0.0,0.0,6.618519,16.56,58.74076,998.52704,,2024-05-29 04:00:00.000000,2024-05-29 20:00:00.000000,960.0,0,1,0,2,0,0,,spring,0,0,0,1
605205027,19.05,18.571602,none,0.0,0.0,6.130579,13.32,60.975025,998.0814,,2024-05-29 03:57:03.748854,2024-05-29 20:59:36.114107,1022.5394208833334,0,1,0,2,0,0,,spring,0,0,0,1
605088027,18.95,20.065836,none,0.0,0.0,1.0182338,7.5599995,72.51674,1000.7619,,2024-05-29 04:00:00.000000,2024-05-29 20:00:00.000000,960.0,0,0,1,2,0,0,,spring,0,0,0,0
605550427,25.05,25.795656,none,0.0,0.0,2.5959969,12.959999,36.76395,1000.68384,,2024-05-29 03:56:31.623236,2024-05-29 20:57:50.217858,1021.3099103666666,0,0,1,2,0,0,,spring,0,0,0,0
605135827,25.05,25.81109,none,0.0,0.0,2.9024127,13.679999,37.261734,997.14886,,2024-05-29 03:57:39.495123,2024-05-29 20:57:18.334686,1019.6473260500001,0,0,1,2,0,0,,spring,0,0,0,0
605191627,27.25,25.80965,none,0.0,0.0,7.4128532,17.64,31.000069,999.31683,,2024-05-29 03:56:42.815611,2024-05-29 20:57:21.937217,1020.6520267666667,0,0,1,2,0,0,,spring,0,0,0,0
605141427,25.9,26.872137,none,0.0,0.0,3.319036,14.759999,34.25403,998.95795,,2024-05-29 03:57:28.387136,2024-05-29 20:58:36.163516,1021.1296063333334,0,0,1,2,0,0,,spring,0,0,0,0
606938427,13.9,13.883881,none,0.0,0.0,5.04,6.4799995,90.08051,991.867,,2024-06-15 03:47:41.092522,2024-06-15 21:15:51.702342,1048.1768303333333,0,1,0,5,1,0,,summer,0,0,0,1
605194027,25.6,24.375927,none,0.0,0.0,9.0645685,22.68,38.174797,996.1911,,2024-05-29 04:00:00.000000,2024-05-29 20:00:00.000000,960.0,0,0,1,2,0,0,,spring,0,0,0,0
605118827,24.1,24.499428,none,0.0,0.0,3.2599385,13.679999,42.593784,1000.35065,,2024-05-29 03:56:57.697209,2024-05-29 20:59:07.295628,1022.15997365,0,0,1,2,0,0,,spring,0,0,0,0
605181827,26.9,26.430273,none,0.0,0.0,3.2399998,12.959999,30.693611,1001.0935,,2024-05-29 03:56:31.090011,2024-05-29 20:57:07.164634,1020.6012437166667,0,0,1,2,0,0,,spring,0,0,0,0
605212027,23.45,22.785006,none,0.0,0.0,7.928178,16.919998,47.329906,998.8052,,2024-05-29 04:00:00.000000,2024-05-29 20:00:00.000000,960.0,0,1,0,2,0,0,,spring,0,0,0,1
606005827,25.6,24.375927,none,0.0,0.0,9.0645685,22.68,38.174797,996.1911,,2024-05-29 04:00:00.000000,2024-05-29 20:00:00.000000,960.0,0,0,1,2,0,0,,spring,0,0,0,0
605298227,20.6,20.850622,none,0.0,0.0,3.7585104,12.24,59.94528,998.1004,,2024-05-29 04:00:00.000000,2024-05-29 20:00:00.000000,960.0,0,0,1,2,0,0,,spring,0,0,0,0
605271627,25.75,24.053507,none,0.0,0.0,12.303366,28.08,37.836605,998.3279,,2024-05-29 04:00:00.000000,2024-05-29 20:00:00.000000,960.0,0,0,1,2,0,0,,spring,0,0,0,0
605202627,21.4,20.674643,none,0.0,0.0,9.0,13.679999,54.682728,993.7263,,2024-05-29 04:00:00.000000,2024-05-29 20:00:00.000000,960.0,0,1,0,2,0,0,,spring,0,0,0,1
605209627,18.95,18.29442,none,0.0,0.0,6.924738,12.599999,60.549034,998.971,,2024-05-29 03:56:44.716404,2024-05-29 20:57:46.893511,1021.0362851166667,0,1,0,2,0,0,,spring,0,0,0,1
605180827,27.25,25.614685,none,0.0,0.0,9.021574,21.96,31.315914,997.86,,2024-05-29 03:57:09.010436,2024-05-29 20:58:40.255205,1021.5207461499999,0,0,1,2,0,0,,spring,0,0,0,0
605278027,22.95,23.206387,none,0.0,0.0,6.28713,12.599999,55.7961,994.8811,,2024-05-29 04:00:00.000000,2024-05-29 20:00:00.000000,960.0,0,1,0,2,0,0,,spring,0,0,0,1
606543027,20.6,20.850622,none,0.0,0.0,3.7585104,12.24,59.94528,998.6787,,2024-05-29 04:00:00.000000,2024-05-29 20:00:00.000000,960.0,0,0,1,2,0,0,,spring,0,0,0,0
605494427,25.75,24.053507,none,0.0,0.0,12.303366,28.08,37.836605,1001.2906,,2024-05-29 03:56:49.036426,2024-05-29 20:56:46.198509,1019.9527013833334,0,0,1,2,0,0,,spring,0,0,0,0
605225827,26.9,25.53537,none,0.0,0.0,10.30883,23.4,29.365765,997.366,,2024-05-29 04:00:00.000000,2024-05-29 20:00:00.000000,960.0,0,0,1,2,0,0,,spring,0,0,0,0
605217827,26.3,26.187145,none,0.0,0.0,4.0249224,14.04,31.582897,995.7502,,2024-05-29 03:57:38.957046,2024-05-29 20:59:05.568076,1021.4435171666667,0,0,1,2,0,0,,spring,0,0,0,0
605811827,23.95,23.56463,none,0.0,0.0,6.87779,14.4,47.154217,998.8157,,2024-05-29 03:56:47.573523,2024-05-29 20:58:11.857078,1021.4047259166667,0,0,1,2,0,0,,spring,0,0,0,0
605086427,17.05,17.394337,none,0.0,0.0,3.2399998,10.440001,75.074356,999.0821,,2024-05-29 03:57:33.211639,2024-05-29 20:59:22.800239,1021.8264766666667,0,0,1,2,0,0,,spring,0,0,0,0
605503827,23.0,23.097239,none,0.0,0.0,2.5959969,11.879999,48.47399,1001.30365,,2024-05-29 04:00:00.000000,2024-05-29 20:00:00.000000,960.0,0,0,1,2,0,0,,spring,0,0,0,0
609590827,26.85,26.113337,none,0.0,0.0,8.311245,23.4,32.605556,997.322,,2024-05-30 03:54:42.413189,2024-05-30 21:00:12.100284,1025.4947849166667,0,0,1,3,0,0,,spring,0,0,0,0
605331227,19.95,17.928825,none,0.0,0.0,10.182337,12.24,45.89839,992.2977,,2024-05-30 03:54:39.437038,2024-05-30 21:01:03.609294,1026.4028709333334,0,0,1,3,0,0,,spring,0,0,0,0
605332027,22.8,21.028801,none,0.0,0.0,8.287822,15.4800005,38.283096,993.80914,,2024-05-30 03:55:05.304853,2024-05-30 21:00:51.645243,1025.7723398333333,0,0,1,3,0,0,,spring,0,0,0,0
605333827,18.8,16.660456,none,0.0,0.0,9.726664,12.959999,46.843674,993.93176,,2024-05-30 03:55:27.369420,2024-05-30 21:00:48.967751,1025.3599721833334,0,1,0,3,0,0,,spring,0,0,0,1
605352827,17.7,16.14878,none,0.0,0.0,7.754637,12.599999,54.46335,995.2162,,2024-05-30 04:00:00.000000,2024-05-30 20:00:00.000000,960.0,0,1,0,3,0,0,,spring,0,0,0,1
605411227,26.7,23.180325,none,0.0,0.0,13.363711,25.919998,22.04641,994.9977,,2024-05-30 04:00:00.000000,2024-05-30 20:00:00.000000,960.0,0,0,1,3,0,0,,spring,0,0,0,0
605597027,26.3,25.427618,none,0.0,0.0,10.464797,24.48,35.066296,993.7533,,2024-05-30 03:55:13.842614,2024-05-30 21:01:02.654937,1025.8135387166667,0,0,1,3,0,0,,spring,0,0,0,0
605229427,23.65,23.699821,none,0.0,0.0,7.10031,16.919998,52.623642,999.45374,,2024-05-30 04:00:00.000000,2024-05-30 20:00:00.000000,960.0,0,0,1,3,0,0,,spring,0,0,0,0
605597427,21.1,21.479359,none,0.0,0.0,5.815978,14.759999,63.06981,994.3136,,2024-05-30 03:55:16.166093,2024-05-30 21:00:13.348050,1024.9530326166666,0,0,1,3,0,0,,spring,0,0,0,0
605298027,27.85,26.949213,none,0.0,0.0,10.587917,24.48,30.543407,994.5193,,2024-05-30 03:54:24.803781,2024-05-30 20:59:19.933419,1024.9188273,0,0,1,3,0,0,,spring,0,0,0,0
605222827,21.25,21.544252,none,0.0,0.0,6.0347,15.84,61.885887,995.359,,2024-05-30 03:54:22.408755,2024-05-30 20:59:25.799523,1025.0565128,0,0,1,3,0,0,,spring,0,0,0,0
605453827,22.85,22.342182,none,0.0,0.0,9.178235,12.959999,52.588383,998.6092,,2024-05-30 04:00:00.000000,2024-05-30 20:00:00.000000,960.0,0,0,1,3,0,0,,spring,0,0,0,0
605389827,27.75,26.73342,none,0.0,0.0,11.177405,25.56,29.903091,998.5442,,2024-05-30 04:00:00.000000,2024-05-30 20:00:00.000000,960.0,0,0,1,3,0,0,,spring,0,0,0,0
608737827,19.0,16.978456,none,0.0,0.0,9.0,14.4,46.42087,996.57684,,2024-05-30 04:00:00.000000,2024-05-30 20:00:00.000000,960.0,0,1,0,3,0,0,,spring,0,0,0,1
609366027,26.35,25.169317,none,0.0,0.0,10.464797,25.56,33.580353,995.8896,,2024-05-30 03:55:06.997405,2024-05-30 20:59:56.609127,1024.8268620333333,0,0,1,3,0,0,,spring,0,0,0,0
605809827,27.9,26.305159,none,0.0,0.0,12.181625,25.919998,25.77316,995.08496,,2024-05-30 04:00:00.000000,2024-05-30 20:00:00.000000,960.0,0,0,1,3,0,0,,spring,0,0,0,0
605249627,25.95,25.606487,none,0.0,0.0,9.3876505,25.919998,37.515877,990.2469,,2024-05-30 03:55:47.754166,2024-05-30 21:03:08.813014,1027.3509808000001,0,0,1,3,0,0,,spring,0,0,0,0
605305427,27.2,24.196068,none,0.0,0.0,12.224107,31.319998,24.203005,994.959,,2024-05-30 04:00:00.000000,2024-05-30 20:00:00.000000,960.0,0,0,1,3,0,0,,spring,0,0,0,0
605253627,26.65,25.116346,none,0.0,0.0,11.966953,27.359999,29.69944,995.6965,,2024-05-30 04:00:00.000000,2024-05-30 20:00:00.000000,960.0,0,0,1,3,0,0,,spring,0,0,0,0
605222427,21.1,21.635017,none,0.0,0.0,5.8603754,15.4800005,64.936646,993.624,,2024-05-30 03:54:55.717893,2024-05-30 21:00:53.957496,1025.97066005,0,0,1,3,0,0,,spring,0,0,0,0
605323227,27.75,24.339697,none,0.0,0.0,13.202726,30.960001,21.397902,995.65314,,2024-05-30 04:00:00.000000,2024-05-30 20:00:00.000000,960.0,0,0,1,3,0,0,,spring,0,0,0,0
605488427,25.45,25.00648,none,0.0,0.0,10.685391,22.319998,43.111465,996.16034,,2024-05-30 03:55:16.077492,2024-05-30 21:00:51.655834,1025.5929723666666,0,0,1,3,0,0,,spring,0,0,0,0
605332227,19.95,17.928825,none,0.0,0.0,10.182337,12.24,45.89839,995.1825,,2024-05-30 03:55:00.686720,2024-05-30 21:00:44.234164,1025.7257907333335,0,0,1,3,0,0,,spring,0,0,0,0
605405627,27.05,25.962357,none,0.0,0.0,12.224107,27.72,31.049292,991.8073,,2024-05-30 03:56:49.209501,2024-05-30 20:59:48.350651,1022.9856858333334,0,0,1,3,0,0,,spring,0,0,0,0
605693427,27.9,26.305159,none,0.0,0.0,12.181625,25.919998,25.77316,993.62317,,2024-05-30 04:00:00.000000,2024-05-30 20:00:00.000000,960.0,0,0,1,3,0,0,,spring,0,0,0,0
605253827,26.75,25.56739,none,0.0,0.0,13.138765,29.519999,29.930506,987.05914,,2024-05-30 03:56:39.343296,2024-05-30 20:59:22.594708,1022.7208568666666,0,0,1,3,0,0,,spring,0,0,0,0
605272627,17.9,17.187296,none,0.0,0.0,7.9526596,13.32,65.96413,995.0214,,2024-05-30 04:00:00.000000,2024-05-30 20:00:00.000000,960.0,0,1,0,3,0,0,,spring,0,0,0,1
605253027,26.7,25.263876,none,0.0,0.0,12.074766,26.28,30.326899,998.74243,,2024-05-30 04:00:00.000000,2024-05-30 20:00:00.000000,960.0,0,0,1,3,0,0,,spring,0,0,0,0
605336627,19.0,16.978456,none,0.0,0.0,9.0,14.4,46.42087,995.7643,,2024-05-30 03:55:27.907330,2024-05-30 20:59:59.218476,1024.5218524333334,0,1,0,3,0,0,,spring,0,0,0,1
605283427,15.8,14.790596,none,0.0,0.0,9.885262,11.5199995,75.11256,997.6774,,2024-05-30 03:54:11.355000,2024-05-30 21:00:15.824183,1026.0744863833334,0,1,0,3,0,0,,spring,0,0,0,1
605336827,18.8,16.660456,none,0.0,0.0,9.726664,12.959999,46.843674,995.32324,,2024-05-30 04:00:00.000000,2024-05-30 20:00:00.000000,960.0,0,1,0,3,0,0,,spring,0,0,0,1
605239827,23.45,23.730637,none,0.0,0.0,7.5942082,18.72,56.283665,995.6806,,2024-05-30 03:55:07.163778,2024-05-30 20:59:53.874658,1024.7785146666668,0,0,1,3,0,0,,spring,0,0,0,0
605318427,26.6,23.434866,none,0.0,0.0,11.928989,25.56,23.379084,995.7827,,2024-05-30 04:00:00.000000,2024-05-30 20:00:00.000000,960.0,0,0,1,3,0,0,,spring,0,0,0,0
605382427,25.5,26.242647,none,0.0,0.0,4.829907,15.119999,44.419636,996.8718,,2024-05-31 03:53:27.669615,2024-05-31 21:00:13.990122,1026.77200845,0,0,1,4,0,0,,spring,0,0,0,0
605423627,28.4,28.664032,none,0.0,0.0,10.086427,24.119999,34.38251,998.46185,,2024-05-31 03:54:37.434773,2024-05-31 21:02:30.548121,1027.8852224666666,0,0,1,4,0,0,,spring,0,0,0,0
605455027,27.8,26.291962,none,0.0,0.0,9.1641035,22.319998,31.469202,990.2362,,2024-05-31 04:00:00.000000,2024-05-31 20:00:00.000000,960.0,0,0,1,4,0,0,,spring,0,0,0,0
605370027,19.2,19.68352,none,0.0,0.0,4.0249224,10.440001,68.886986,1000.0774,,2024-05-31 03:54:48.673161,2024-05-31 21:01:06.243626,1026.2928410833333,0,0,1,4,0,0,,spring,0,0,0,0
605465027,28.4,26.692575,none,0.0,0.0,9.511088,21.599998,29.28231,999.3502,,2024-05-31 03:54:14.347216,2024-05-31 20:59:55.083001,1025.67892975,0,0,1,4,0,0,,spring,0,0,0,0
605443827,28.55,26.722446,none,0.0,0.0,9.793059,21.24,28.445265,995.68494,,2024-05-31 03:53:56.425333,2024-05-31 21:01:30.081749,1027.5609402666666,0,0,1,4,0,0,,spring,0,0,0,0
605456027,27.95,25.949078,none,0.0,0.0,11.525623,22.319998,30.059807,990.80756,,2024-05-31 03:55:24.536217,2024-05-31 21:00:48.815953,1025.4046622666667,0,0,1,4,0,0,,spring,0,0,0,0
605414427,28.25,28.578255,none,0.0,0.0,9.387651,23.039999,32.777905,998.9749,,2024-05-31 03:54:19.464841,2024-05-31 21:00:51.652221,1026.5364563333335,0,0,1,4,0,0,,spring,0,0,0,0
605444027,28.45,26.399435,none,0.0,0.0,10.703569,21.96,27.940096,998.7044,,2024-05-31 03:54:42.544776,2024-05-31 21:01:23.126007,1026.67635385,0,0,1,4,0,0,,spring,0,0,0,0
605391027,25.3,25.833246,none,0.0,0.0,5.3517847,15.84,43.92923,998.90875,,2024-05-31 03:54:17.629326,2024-05-31 21:00:52.034555,1026.5734204833334,0,0,1,4,0,0,,spring,0,0,0,0
605614227,28.8,28.55032,none,0.0,0.0,8.669949,22.319998,31.641579,995.8123,,2024-05-31 03:53:18.157790,2024-05-31 21:01:50.685025,1028.5421205833334,0,0,1,4,0,0,,spring,0,0,0,0
605597627,19.5,19.905203,none,0.0,0.0,4.6800003,7.5599995,67.833725,996.5727,,2024-05-31 03:54:25.867594,2024-05-31 21:01:30.662905,1027.0799218500001,0,1,0,4,0,0,,spring,0,0,0,1
605382627,23.7,23.646837,none,0.0,0.0,5.154415,15.119999,48.66247,996.64526,,2024-05-31 03:54:29.879275,2024-05-31 21:01:58.593207,1027.4785655333333,0,0,1,4,0,0,,spring,0,0,0,0
605433827,28.5,27.608732,none,0.0,0.0,10.009036,23.4,31.66396,997.9322,,2024-05-31 03:54:17.275363,2024-05-31 21:00:40.507554,1026.3872031833334,0,0,1,4,0,0,,spring,0,0,0,0
605535427,19.65,19.841183,none,0.0,0.0,6.9899354,10.440001,68.75232,997.20654,,2024-05-31 03:54:26.231375,2024-05-31 21:01:55.202024,1027.4828441500001,0,1,0,4,0,0,,spring,0,0,0,1
605404827,27.55,28.229637,none,0.0,0.0,7.928177,21.24,35.653812,999.1207,,2024-05-31 03:53:55.070029,2024-05-31 20:59:38.966643,1025.7316102333332,0,0,1,4,0,0,,spring,0,0,0,0
605466027,20.5,21.332502,none,0.0,0.0,4.452954,15.4800005,68.47679,995.252,,2024-05-31 03:55:14.288560,2024-05-31 21:00:26.083215,1025.1965775833332,0,0,1,4,0,0,,spring,0,0,0,0
605457827,27.95,25.949078,none,0.0,0.0,11.525623,22.319998,30.059807,995.97156,,2024-05-31 03:55:20.441187,2024-05-31 21:01:14.164549,1025.8953893666667,0,0,1,4,0,0,,spring,0,0,0,0
605482627,19.2,19.616323,none,0.0,0.0,3.5455887,7.2,67.11188,997.2494,,2024-05-31 03:53:37.387264,2024-05-31 21:00:30.121381,1026.87890195,0,1,0,4,0,0,,spring,0,0,0,1
605406027,28.0,28.263374,none,0.0,0.0,10.630672,24.48,34.270588,998.96204,,2024-05-31 03:54:52.660929,2024-05-31 21:01:26.727510,1026.56777635,0,0,1,4,0,0,,spring,0,0,0,0
605599627,28.6,26.650627,none,0.0,0.0,10.009036,20.16,27.69772,994.5652,,2024-05-31 03:53:48.480279,2024-05-31 21:02:13.467807,1028.4164587999999,0,0,1,4,0,0,,spring,0,0,0,0
605731827,17.85,18.12497,none,0.0,0.0,5.937272,9.0,75.9454,995.41644,,2024-05-31 03:54:12.124620,2024-05-31 21:02:39.359166,1028.4539091,0,1,0,4,0,0,,spring,0,0,0,1
605387227,23.6,23.791512,none,0.0,0.0,4.379589,14.759999,50.258537,991.62366,,2024-05-31 03:55:13.983212,2024-05-31 21:00:46.930974,1025.5491293666666,0,0,1,4,0,0,,spring,0,0,0,0
605760627,19.65,20.280666,none,0.0,0.0,3.9763298,8.64,68.75232,995.8344,,2024-05-31 03:55:11.661549,2024-05-31 21:01:47.215959,1026.5925734999998,0,1,0,4,0,0,,spring,0,0,0,1
605361227,21.25,21.365896,none,0.0,0.0,4.6800003,13.679999,57.59709,997.62524,,2024-05-31 03:54:09.923257,2024-05-31 21:00:58.172904,1026.8041607833334,0,0,1,4,0,0,,spring,0,0,0,0
606037227,27.7,26.529985,none,0.0,0.0,7.7043357,18.0,32.6243,998.08606,,2024-05-31 03:53:33.255417,2024-05-31 20:59:46.580463,1026.2220841,0,0,1,4,0,0,,spring,0,0,0,0
605937427,19.2,19.68352,none,0.0,0.0,4.0249224,10.440001,68.886986,994.5027,,2024-05-31 03:55:30.498948,2024-05-31 21:01:02.617388,1025.5353073333333,0,0,1,4,0,0,,spring,0,0,0,0
606219427,23.6,23.791512,none,0.0,0.0,4.379589,14.759999,50.258537,998.1264,,2024-05-31 03:55:07.190830,2024-05-31 20:59:58.283209,1024.85153965,0,0,1,4,0,0,,spring,0,0,0,0
605344027,17.95,15.822552,none,0.0,0.0,8.669949,13.679999,47.415718,994.18604,,2024-05-31 03:53:30.033327,2024-05-31 21:02:21.223746,1028.85317365,0,1,0,4,0,0,,spring,0,0,0,1
607658427,28.45,26.399435,none,0.0,0.0,10.703569,21.96,27.940096,996.2263,,2024-05-31 03:54:21.270633,2024-05-31 21:01:20.410367,1026.9856622333332,0,0,1,4,0,0,,spring,0,0,0,0
605507827,23.45,23.649183,none,0.0,0.0,4.2136917,14.04,50.549152,998.2325,,2024-05-31 03:54:24.894395,2024-05-31 21:00:40.405100,1026.25851175,0,0,1,4,0,0,,spring,0,0,0,0
605438027,28.4,26.801151,none,0.0,0.0,8.766573,20.519999,29.28231,996.0827,,2024-05-31 03:54:49.610088,2024-05-31 20:59:36.573778,1024.7827281666666,0,0,1,4,0,0,,spring,0,0,0,0
605555627,29.15,26.805481,none,0.0,0.0,12.979984,28.44,27.103516,996.74493,,2024-06-01 03:52:46.674695,2024-06-01 21:03:12.238053,1030.4260559666666,0,0,1,5,1,0,,summer,0,0,0,0
605485027,16.65,16.40256,none,0.0,0.0,7.4128532,10.799999,77.25594,995.4312,,2024-06-01 03:54:24.062246,2024-06-01 21:02:31.061461,1028.1166535833333,0,1,0,5,1,0,,summer,0,0,0,1
605509827,25.05,25.17939,none,0.0,0.0,9.085988,20.880001,49.665092,995.20544,,2024-06-01 03:54:25.170323,2024-06-01 21:03:14.364271,1028.8198991333334,0,0,1,5,1,0,,summer,0,0,0,0
605592627,28.6,26.985083,none,0.0,0.0,14.4,32.760002,31.586023,998.44366,,2024-06-01 03:52:43.571685,2024-06-01 21:01:05.543276,1028.3661931833333,0,0,1,5,1,0,,summer,0,0,0,0
605784627,28.8,26.61312,none,0.0,0.0,14.003029,27.359999,29.890787,993.6118,,2024-06-01 03:53:54.711743,2024-06-01 21:02:13.269018,1028.3092879166666,0,0,1,5,1,0,,summer,0,0,0,0
605771027,28.45,26.705809,none,0.0,0.0,14.578888,30.960001,31.862425,996.4799,,2024-06-01 03:54:38.626713,2024-06-01 21:01:13.938234,1026.58852535,0,0,1,5,1,0,,summer,0,0,0,0
605534427,28.35,27.114641,none,0.0,0.0,15.546833,32.760002,32.479206,998.14734,,2024-06-01 03:52:49.709057,2024-06-01 21:01:53.545060,1029.0639333833333,0,0,1,5,1,0,,summer,0,0,1,0
605556027,28.6,26.985083,none,0.0,0.0,14.4,32.760002,31.586023,996.7551,,2024-06-01 03:52:35.708649,2024-06-01 21:01:28.900729,1028.8865346666666,0,0,1,5,1,0,,summer,0,0,0,0
605561427,29.8,27.381842,none,0.0,0.0,15.188415,28.08,24.892654,998.5484,,2024-06-01 03:53:16.614607,2024-06-01 21:01:52.760161,1028.6024259,0,0,1,5,1,0,,summer,0,0,1,0
605541227,28.1,26.506824,none,0.0,0.0,14.440443,30.239998,33.17594,993.56335,,2024-06-01 03:54:15.511020,2024-06-01 21:03:08.085069,1028.87623415,0,0,1,5,1,0,,summer,0,0,0,0
605945627,19.6,19.128658,none,0.0,0.0,8.373386,16.56,63.146286,994.7009,,2024-06-01 03:53:19.311420,2024-06-01 21:04:02.431457,1030.7186672833334,0,0,1,5,1,0,,summer,0,0,0,0
605639827,28.95,26.562782,none,0.0,0.0,13.009903,29.519999,27.141336,994.3915,,2024-06-01 03:53:59.557684,2024-06-01 21:01:56.516550,1027.9493144333333,0,0,1,5,1,0,,summer,0,0,0,0
605539227,28.55,26.934101,none,0.0,0.0,14.764389,29.519999,30.737488,994.7014,,2024-06-01 03:53:01.309173,2024-06-01 21:03:44.909243,1030.7266678333333,0,0,1,5,1,0,,summer,0,0,0,0
605772427,19.75,19.023935,none,0.0,0.0,8.14587,12.599999,58.95953,1000.0871,,2024-06-01 03:53:42.934403,2024-06-01 21:02:41.240839,1028.9717739333332,0,1,0,5,1,0,,summer,0,0,0,1
605483827,17.55,17.366692,none,0.0,0.0,7.2,10.799999,73.45733,992.4877,,2024-06-01 03:54:23.378213,2024-06-01 21:01:32.725656,1027.1557907166666,0,1,0,5,1,0,,summer,0,0,0,1
605515627,25.85,25.514305,none,0.0,0.0,10.787993,23.759998,45.694275,996.636,,2024-06-01 03:52:44.800493,2024-06-01 21:02:01.224845,1029.2737392000001,0,0,1,5,1,0,,summer,0,0,0,0
605590427,24.25,25.649086,none,0.0,0.0,6.638072,10.440001,62.960594,993.8106,,2024-06-01 03:55:07.184568,2024-06-01 21:01:38.666422,1026.5246975666666,0,0,1,5,1,0,,summer,0,0,0,0
605573627,28.25,26.488718,none,0.0,0.0,11.659777,25.199999,31.488745,993.8975,,2024-06-01 03:53:57.186407,2024-06-01 21:02:29.678886,1028.5415413166668,0,0,1,5,1,0,,summer,0,0,0,0
605563427,26.9,25.63654,none,0.0,0.0,9.931042,22.319998,36.067177,999.64545,,2024-06-01 03:53:23.697349,2024-06-01 21:02:11.569812,1028.7978743833332,0,0,1,5,1,0,,summer,0,0,0,0
605565627,28.85,26.519115,none,0.0,0.0,14.05845,26.64,28.81769,990.9183,,2024-06-01 03:54:15.640431,2024-06-01 21:02:14.953380,1027.98854915,0,0,1,5,1,0,,summer,0,0,0,0
605490627,16.25,16.435762,none,0.0,0.0,8.14587,14.4,87.66435,993.00854,,2024-06-01 03:59:00.376853,2024-06-01 21:00:50.591658,1021.8369134166667,0,0,1,5,1,0,,summer,0,0,0,0
605583027,23.75,23.318872,none,0.0,0.0,7.4128532,10.440001,48.039986,996.4167,,2024-06-01 03:53:49.370984,2024-06-01 21:01:10.674193,1027.3550534833332,1,0,0,5,1,0,,summer,0,0,0,0
605562227,28.45,26.641682,none,0.0,0.0,10.661107,26.28,29.694006,996.0445,,2024-06-01 03:52:31.215893,2024-06-01 21:01:35.607279,1029.0731897666667,0,0,1,5,1,0,,summer,0,0,0,0
605557827,29.3,26.591438,none,0.0,0.0,14.77755,27.359999,26.149467,999.45087,,2024-06-01 03:53:31.801552,2024-06-01 21:02:21.965373,1028.8360636833334,0,0,1,5,1,0,,summer,0,0,0,0
605543827,28.9,27.31261,none,0.0,0.0,13.324863,30.599998,30.526344,997.1521,,2024-06-01 03:52:43.104377,2024-06-01 21:02:26.461690,1029.7226218833334,0,0,1,5,1,0,,summer,0,0,0,0
606068027,26.8,26.046192,none,0.0,0.0,7.5685663,21.599998,37.630165,998.3926,,2024-06-01 03:53:27.201990,2024-06-01 21:03:31.838004,1030.0772669,0,0,1,5,1,0,,summer,0,0,0,0
605537627,28.0,25.949104,none,0.0,0.0,14.830076,33.12,32.165512,989.10626,,2024-06-01 03:55:01.971552,2024-06-01 21:01:51.495082,1026.8253921666667,0,0,1,5,1,0,,summer,0,0,0,0
605646227,26.0,25.46511,none,0.0,0.0,12.429127,25.199999,47.39974,986.7747,,2024-06-02 03:57:08.297820,2024-06-02 21:02:42.865845,1025.57613375,0,0,1,6,1,0,,summer,0,0,0,0
605783827,23.4,23.832977,none,0.0,0.0,10.195057,26.64,61.77647,994.70953,,2024-06-02 03:51:21.595640,2024-06-02 21:04:37.984080,1033.2731406666667,0,0,1,6,1,0,,summer,0,0,0,0
605691227,20.5,21.417423,none,0.0,0.0,9.387651,14.759999,78.08861,989.91125,,2024-06-02 03:52:07.121342,2024-06-02 21:05:21.115874,1033.2332422,0,1,0,6,1,0,,summer,0,0,0,1
605663027,19.65,20.820013,none,0.0,0.0,7.5170207,16.919998,82.04432,992.5359,,2024-06-02 03:51:35.919323,2024-06-02 21:02:49.720655,1031.2300222000001,0,1,0,6,1,0,,summer,0,0,0,1
605648027,26.85,25.57582,none,0.0,0.0,12.413476,23.4,39.03853,992.6389,,2024-06-02 03:51:27.348366,2024-06-02 21:04:26.454371,1032.9851000833335,0,0,1,6,1,0,,summer,0,0,0,0
605706227,21.1,22.275974,rain,0.9,0.0,7.754637,36.719997,75.49759,995.9499,,2024-06-02 03:52:40.068715,2024-06-02 21:02:16.030545,1029.5993638333334,0,0,1,6,1,0,,summer,0,0,0,0
605650827,22.7,23.121227,none,0.0,0.0,10.823973,38.88,65.278595,995.4493,,2024-06-02 03:52:32.317482,2024-06-02 21:03:40.424569,1031.1351181166667,0,0,1,6,1,0,,summer,0,0,0,0
605887227,19.3,20.275955,none,0.0,0.0,8.707238,15.4800005,83.58254,991.90784,,2024-06-02 03:51:49.191160,2024-06-02 21:04:38.628701,1032.8239590166665,0,1,0,6,1,0,,summer,0,0,0,1
605644227,25.9,25.266216,none,0.0,0.0,12.015589,21.96,46.307274,988.7204,,2024-06-02 03:53:43.107075,2024-06-02 21:03:36.752463,1029.8940897999998,0,0,1,6,1,0,,summer,0,0,0,0
605821827,19.4,18.442202,none,0.0,0.0,8.891344,14.759999,58.680244,994.8807,,2024-06-02 03:52:43.418865,2024-06-02 21:02:17.249922,1029.56385095,0,1,0,6,1,0,,summer,0,0,0,1
607256827,23.0,24.414587,rain,0.1,0.0,5.991594,21.599998,65.34219,995.81384,,2024-06-02 03:52:04.912853,2024-06-02 21:02:43.296974,1030.6397353500001,0,0,1,6,1,0,,summer,0,0,0,0
605594427,20.35,18.856964,none,0.0,0.0,11.631956,20.16,53.69575,997.5831,,2024-06-02 03:51:36.784785,2024-06-02 21:03:29.040066,1031.87092135,0,1,0,6,1,0,,summer,0,0,0,1
605680427,26.85,25.57582,none,0.0,0.0,12.413476,23.4,39.03853,992.86426,,2024-06-02 03:51:48.391506,2024-06-02 21:03:57.597127,1032.1534270166667,0,0,1,6,1,0,,summer,0,0,0,0
606064627,15.95,16.680582,none,0.0,0.0,3.5455887,10.799999,87.35361,999.9196,,2024-06-02 03:52:28.044144,2024-06-02 21:02:20.379512,1029.8722561333334,0,0,1,6,1,0,,summer,0,0,0,0
605643427,27.05,25.863707,none,0.0,0.0,11.165805,23.039999,37.825283,991.72174,,2024-06-02 03:51:22.279127,2024-06-02 21:04:54.727375,1033.5408041333333,0,0,1,6,1,0,,summer,0,0,0,0
605641427,27.45,26.915756,none,0.0,0.0,9.227524,22.319998,37.31664,992.72943,,2024-06-02 03:51:54.223933,2024-06-02 21:04:35.993453,1032.6961586666666,0,0,1,6,1,0,,summer,0,0,0,0
605680627,26.85,25.57582,none,0.0,0.0,12.413476,23.4,39.03853,993.7662,,2024-06-02 03:51:44.968627,2024-06-02 21:04:03.150129,1032.3030250333334,0,0,1,6,1,0,,summer,0,0,0,0
606007827,24.5,22.733372,none,0.0,0.0,21.129885,34.92,52.16269,990.5419,,2024-06-02 03:52:16.074073,2024-06-02 21:04:46.784383,1032.5118385,0,0,1,6,1,0,,summer,0,0,1,0
611052427,22.65,21.816828,rain,0.1,0.0,19.562946,39.239998,65.68644,994.4659,,2024-06-02 03:52:51.033583,2024-06-02 21:03:47.432479,1030.9399816,0,0,1,6,1,0,,summer,0,0,1,0
605643627,26.45,25.571964,none,0.0,0.0,10.464798,23.759998,40.901627,987.07776,,2024-06-02 03:52:24.000321,2024-06-02 21:07:04.671624,1034.67785505,0,0,1,6,1,0,,summer,0,0,0,0
605748427,27.4,26.426424,none,0.0,0.0,9.3876505,20.519999,36.690773,991.29443,,2024-06-02 03:52:18.525140,2024-06-02 21:04:26.123961,1032.1266470166668,0,0,1,6,1,0,,summer,0,0,0,0
605625627,26.3,27.358294,none,0.0,0.0,8.699793,20.880001,47.021557,995.28894,,2024-06-02 03:51:33.171639,2024-06-02 21:04:32.875856,1032.9950702833332,0,0,1,6,1,0,,summer,0,0,0,0
606875427,26.5,25.746561,none,0.0,0.0,11.304229,20.16,42.838165,990.80115,,2024-06-02 03:53:15.794010,2024-06-02 21:03:46.521716,1030.5121284333334,0,0,1,6,1,0,,summer,0,0,0,0
605658427,21.65,22.504578,none,0.0,0.0,9.387651,17.64,72.0734,992.64,,2024-06-02 03:52:26.744334,2024-06-02 21:04:16.279100,1031.8255794333334,1,0,0,6,1,0,,summer,0,0,0,0
605641827,27.4,26.426424,none,0.0,0.0,9.3876505,20.519999,36.690773,993.99316,,2024-06-02 03:52:37.811394,2024-06-02 21:03:44.250745,1031.1073225166667,0,0,1,6,1,0,,summer,0,0,0,0
605703827,25.9,24.489124,rain,0.3,0.0,16.279802,27.0,44.968323,985.78674,,2024-06-02 03:53:20.562709,2024-06-02 21:03:14.262445,1029.8949956000001,0,0,1,6,1,0,,summer,0,0,1,0
606223627,21.2,22.244495,none,0.0,0.0,8.942214,16.199999,75.51379,988.8164,,2024-06-02 03:53:19.791669,2024-06-02 21:02:50.930764,1029.5189849166666,0,0,1,6,1,0,,summer,0,0,0,0
605608427,19.4,20.347515,none,0.0,0.0,3.4152596,10.799999,72.83245,995.6558,,2024-06-02 03:53:13.703279,2024-06-02 21:02:15.292907,1029.0264938,0,0,1,6,1,0,,summer,0,0,0,0
605618827,24.45,25.517817,none,0.0,0.0,7.69592,22.68,53.34501,989.65625,,2024-06-02 03:53:22.082258,2024-06-02 21:02:51.335695,1029.4875572833332,0,0,1,6,1,0,,summer,0,0,0,0
605741027,19.3,17.836258,none,0.0,0.0,14.84318,25.919998,63.7043,987.8956,,2024-06-03 03:50:26.781262,2024-06-03 21:04:05.396284,1033.6435837,1,0,0,0,0,0,,summer,0,0,0,0
605927827,20.35,18.998842,none,0.0,0.0,14.291592,29.519999,60.08314,982.9995,,2024-06-03 03:52:35.789079,2024-06-03 21:04:44.796835,1032.1501292666667,0,0,1,0,0,0,,summer,0,0,0,0
605693227,22.85,22.900236,rain,0.1,0.0,16.831684,38.519997,64.07011,983.22864,,2024-06-03 04:00:00.000000,2024-06-03 20:00:00.000000,960.0,0,0,1,0,0,0,,summer,0,0,1,0
606085227,23.05,23.523792,none,0.0,0.0,14.154915,28.8,69.41694,987.74176,,2024-06-03 03:50:18.973243,2024-06-03 21:04:32.503192,1034.2254991500001,0,0,1,0,0,0,,summer,0,0,0,0
605712627,23.0,20.720964,none,0.0,0.0,21.437386,38.16,52.283833,984.529,,2024-06-03 03:52:26.175118,2024-06-03 21:04:44.114421,1032.2989883833334,0,0,1,0,0,0,,summer,0,0,1,0
606736227,17.75,16.367815,none,0.0,0.0,14.512064,25.919998,70.65927,985.0628,,2024-06-03 03:51:19.359795,2024-06-03 21:06:44.005673,1035.4107646333334,0,1,0,0,0,0,,summer,0,0,0,1
605711427,23.6,22.870749,rain,0.1,0.0,20.497883,39.96,58.920135,987.0822,,2024-06-03 03:51:21.260255,2024-06-03 21:05:15.647279,1033.9064504,0,0,1,0,0,0,,summer,0,0,1,0
605732827,21.15,19.524483,none,0.0,0.0,16.73516,40.32,58.141808,987.3079,,2024-06-03 03:51:54.944091,2024-06-03 21:06:09.345055,1034.2400160666666,0,0,1,0,0,0,,summer,0,0,1,0
605702827,22.65,22.812843,rain,0.1,0.0,14.693999,33.839996,68.68237,989.9566,,2024-06-03 03:50:42.233667,2024-06-03 21:05:20.280251,1034.6341097333334,0,0,1,0,0,0,,summer,0,0,0,0
605711627,24.1,21.369051,none,0.0,0.0,22.961115,40.68,46.731323,986.68427,,2024-06-03 03:51:25.406353,2024-06-03 21:06:28.821363,1035.0569168333334,0,0,1,0,0,0,,summer,0,0,1,0
605717627,22.45,19.953411,none,0.0,0.0,22.476227,38.16,53.3532,986.3505,,2024-06-03 03:51:05.127108,2024-06-03 21:05:27.730462,1034.3767225666666,0,0,1,0,0,0,,summer,0,0,1,0
605888427,19.15,17.579609,none,0.0,0.0,15.021105,24.119999,63.253216,986.99994,,2024-06-03 03:51:14.096874,2024-06-03 21:05:20.894308,1034.1132905666666,1,0,0,0,0,0,,summer,0,0,1,0
605715427,22.45,19.953411,none,0.0,0.0,22.476227,38.16,53.3532,987.14594,,2024-06-03 03:51:22.458386,2024-06-03 21:05:25.258655,1034.04667115,0,0,1,0,0,0,,summer,0,0,1,0
605980227,21.35,19.473558,none,0.0,0.0,18.455048,38.88,57.433033,984.4881,,2024-06-03 03:51:21.574323,2024-06-03 21:06:34.071313,1035.2082831666667,0,0,1,0,0,0,,summer,0,0,1,0
605739027,19.2,17.768938,none,0.0,0.0,14.84318,26.64,64.52473,989.83014,,2024-06-03 03:51:21.992244,2024-06-03 21:03:53.354406,1032.5227026999999,0,0,1,0,0,0,,summer,0,0,0,0
605743227,23.05,21.895048,rain,0.5,0.0,21.767351,39.96,64.113594,987.91064,,2024-06-03 03:51:21.813203,2024-06-03 21:05:12.405725,1033.8432086999999,0,0,1,0,0,0,,summer,0,0,1,0
606648027,23.6,22.870749,rain,0.1,0.0,20.497883,39.96,58.920135,987.98865,,2024-06-03 03:51:24.556184,2024-06-03 21:05:10.940513,1033.77307215,0,0,1,0,0,0,,summer,0,0,1,0
607400027,20.5,19.405453,none,0.0,0.0,13.324863,31.319998,60.91183,985.32404,,2024-06-03 03:51:23.193662,2024-06-03 21:06:14.797242,1034.8600596666668,0,0,1,0,0,0,,summer,0,0,0,0
605666627,18.2,19.542328,none,0.0,0.0,7.928178,14.759999,93.00649,988.7871,,2024-06-03 03:52:22.875407,2024-06-03 21:03:46.433864,1031.39264095,0,1,0,0,0,0,,summer,0,0,0,1
605747827,20.35,19.386984,none,0.0,0.0,12.538134,32.399998,61.6799,987.9617,,2024-06-03 03:50:52.772150,2024-06-03 21:05:50.806054,1034.9672317333334,0,0,1,0,0,0,,summer,0,0,0,0
605690827,20.95,21.155848,none,0.0,0.0,14.982228,31.319998,77.170235,977.8352,,2024-06-03 03:52:45.283056,2024-06-03 21:04:28.341355,1031.7176383166666,0,0,1,0,0,0,,summer,0,0,0,0
606226427,23.3,21.41474,none,0.0,0.0,20.371038,39.6,53.74619,991.7306,,2024-06-03 03:51:34.416998,2024-06-03 21:04:05.524858,1032.5184643333332,0,0,1,0,0,0,,summer,0,0,1,0
605715027,22.55,20.137308,none,0.0,0.0,21.67487,40.68,52.683212,988.1914,,2024-06-03 03:50:32.626096,2024-06-03 21:05:27.475278,1034.9141530333334,0,0,1,0,0,0,,summer,0,0,1,0
605717227,21.7,19.397486,none,0.0,0.0,22.180206,41.760002,57.518692,988.093,,2024-06-03 03:51:51.935609,2024-06-03 21:04:23.192986,1032.5209562833334,0,0,1,0,0,0,,summer,0,0,1,0
605723027,21.3,19.416756,none,0.0,0.0,18.388212,39.239998,57.42079,986.7787,,2024-06-03 03:50:34.686885,2024-06-03 21:05:58.998851,1035.4051994333333,0,0,1,0,0,0,,summer,0,0,1,0
605794627,21.4,19.337578,none,0.0,0.0,20.767975,43.56,58.96833,987.25964,,2024-06-03 03:52:46.220043,2024-06-03 21:03:51.490956,1031.08784855,0,0,1,0,0,0,,summer,0,0,1,0
605730627,21.65,19.766151,none,0.0,0.0,18.847641,40.32,56.94483,992.2242,,2024-06-03 03:51:35.827869,2024-06-03 21:03:41.785867,1032.0992999666666,0,0,1,0,0,0,,summer,0,0,1,0
605790427,22.05,21.791859,rain,0.6,0.0,18.899143,41.039997,69.444496,985.5601,,2024-06-03 03:52:21.439615,2024-06-03 21:03:59.939228,1031.6416602166667,0,0,1,0,0,0,,summer,0,0,1,0
606583627,23.7,23.96428,rain,0.1,0.0,11.988594,34.2,61.254456,987.33777,,2024-06-03 03:50:19.945130,2024-06-03 21:04:22.818935,1034.04789675,0,0,1,0,0,0,,summer,0,0,0,0
605795427,18.8,17.272013,none,0.0,0.0,14.512064,24.48,64.22525,985.33386,,2024-06-03 03:52:10.306075,2024-06-03 21:05:01.228014,1032.8486989833334,0,0,1,0,0,0,,summer,0,0,0,0
605690027,21.6,21.37777,rain,1.2,0.0,17.339897,30.960001,73.21942,987.6809,,2024-06-03 03:50:52.940052,2024-06-03 21:05:41.829184,1034.8148188666667,0,0,1,0,0,0,,summer,0,0,1,0
605682427,21.75,22.198738,none,0.0,0.0,14.039999,29.88,74.651886,986.37384,,2024-06-03 03:53:15.120995,2024-06-03 21:05:14.682298,1031.9926883833334,0,0,1,0,0,0,,summer,0,0,0,0
605708827,22.4,20.752403,none,0.0,0.0,18.626305,38.16,56.573837,987.4059,,2024-06-03 03:52:38.992694,2024-06-03 21:05:16.733712,1032.6290169666668,0,0,1,0,0,0,,summer,0,0,1,0
605922627,23.3,21.471611,none,0.0,0.0,19.862083,42.48,53.5714,987.21454,,2024-06-03 03:50:14.664019,2024-06-03 21:04:40.059683,1034.4232610666668,0,0,1,0,0,0,,summer,0,0,1,0
605774827,23.1,23.589157,rain,0.1,0.0,13.75558,29.16,68.7706,987.87384,,2024-06-03 03:50:56.290974,2024-06-03 21:05:22.929788,1034.4439802333334,0,0,1,0,0,0,,summer,0,0,0,0
605972827,19.4,20.255692,none,0.0,0.0,9.531505,18.359999,83.064125,992.8381,,2024-06-03 03:50:50.187516,2024-06-03 21:05:11.546709,1034.35598655,0,1,0,0,0,0,,summer,0,0,0,1
605667027,17.85,18.993904,none,0.0,0.0,8.707238,14.04,93.877716,994.4023,,2024-06-03 03:51:45.129951,2024-06-03 21:05:22.682155,1033.6258700666667,0,1,0,0,0,0,,summer,0,0,0,1
605900227,23.8,23.457888,rain,0.1,0.0,18.671474,41.760002,59.34718,984.28503,,2024-06-03 03:52:06.449037,2024-06-03 21:04:42.863426,1032.6069064833332,0,0,1,0,0,0,,summer,0,0,1,0
605748227,17.2,16.17141,none,0.0,0.0,12.313894,22.319998,73.63705,990.4304,,2024-06-03 03:50:59.802122,2024-06-03 21:04:45.007613,1033.75342485,0,1,0,0,0,0,,summer,0,0,0,1
605666827,17.85,19.09802,none,0.0,0.0,7.9932976,13.679999,93.877716,988.76263,,2024-06-03 03:53:34.113355,2024-06-03 21:05:02.402515,1031.471486,0,1,0,0,0,0,,summer,0,0,0,1
606496227,18.55,19.808746,none,0.0,0.0,7.628263,15.84,89.27418,992.5113,,2024-06-03 03:50:56.765051,2024-06-03 21:04:54.812722,1033.9674611833334,0,1,0,0,0,0,,summer,0,0,0,1
605717427,23.4,21.445564,none,0.0,0.0,20.371038,40.68,52.730747,989.5736,,2024-06-03 03:51:07.066382,2024-06-03 21:03:59.836455,1032.8795012166668,0,0,1,0,0,0,,summer,0,0,1,0
605738827,20.35,18.841063,none,0.0,0.0,15.03835,31.319998,59.493805,984.7917,,2024-06-03 03:52:28.394120,2024-06-03 21:03:46.434263,1031.30066905,0,0,1,0,0,0,,summer,0,0,1,0
607985427,21.9,21.022781,none,0.0,0.0,16.92383,37.8,61.434433,987.6999,,2024-06-04 03:50:01.347831,2024-06-04 21:06:37.423677,1036.6012641,0,0,1,1,0,0,,summer,0,0,1,0
605783627,20.6,19.588089,none,0.0,0.0,16.595179,34.92,67.18183,986.57166,,2024-06-04 03:50:36.373225,2024-06-04 21:07:29.119361,1036.8791022666667,0,0,1,1,0,0,,summer,0,0,1,0
605883827,20.8,20.492188,none,0.0,0.0,12.144331,28.8,67.00609,989.0037,,2024-06-04 03:49:57.399146,2024-06-04 21:06:08.745334,1036.1891031333334,0,0,1,1,0,0,,summer,0,0,0,0
605879227,23.4,20.810516,none,0.0,0.0,22.104116,41.399998,48.902798,990.57837,,2024-06-04 03:49:47.473876,2024-06-04 21:05:52.098822,1036.0770824333333,0,0,1,1,0,0,,summer,0,0,1,0
605848827,23.1,20.346498,none,0.0,0.0,22.682856,38.88,48.983498,983.0347,,2024-06-04 03:51:36.320384,2024-06-04 21:05:37.187195,1034.01444685,0,0,1,1,0,0,,summer,0,0,1,0
605747027,15.85,14.770662,none,0.0,0.0,13.004922,22.319998,81.0299,988.7419,,2024-06-04 03:49:22.180670,2024-06-04 21:06:41.295089,1037.31857365,0,1,0,1,0,0,,summer,0,0,0,1
605841027,22.9,20.336657,rain,0.1,0.0,22.148045,42.12,50.73631,988.25854,,2024-06-04 03:50:06.804896,2024-06-04 21:06:25.625353,1036.3136742833333,0,0,1,1,0,0,,summer,0,0,1,0
605755227,15.75,14.899252,none,0.0,0.0,12.475961,22.68,83.9865,987.6945,,2024-06-04 03:49:25.628191,2024-06-04 21:07:04.765453,1037.6522877,0,0,1,1,0,0,,summer,0,0,0,0
605827227,22.65,20.683704,rain,0.1,0.0,20.929596,34.56,55.90308,990.2362,,2024-06-04 03:50:50.720500,2024-06-04 21:06:24.218233,1035.55829555,0,0,1,1,0,0,,summer,0,0,1,0
605880827,20.8,20.492188,none,0.0,0.0,12.144331,28.8,67.00609,991.52716,,2024-06-04 03:50:02.376466,2024-06-04 21:06:05.709028,1036.0555427000002,0,0,1,1,0,0,,summer,0,0,0,0
605904227,22.15,20.519695,none,0.0,0.0,19.33639,38.519997,56.696754,990.2911,,2024-06-04 03:50:15.657721,2024-06-04 21:05:10.130779,1034.9078843,0,0,1,1,0,0,,summer,0,0,1,0
605905227,24.3,22.180649,none,0.0,0.0,20.929596,41.399998,46.022274,992.5751,,2024-06-04 03:50:25.851898,2024-06-04 21:04:53.487396,1034.4605916333335,0,0,1,1,0,0,,summer,0,0,1,0
610041027,21.25,20.46437,none,0.0,0.0,14.417988,39.6,63.513744,986.60205,,2024-06-04 03:51:20.275712,2024-06-04 21:06:55.454565,1035.5863142166666,0,0,1,1,0,0,,summer,0,0,0,0
605754627,15.75,14.659534,none,0.0,0.0,14.003028,23.759998,83.71261,988.7425,,2024-06-04 03:50:52.834410,2024-06-04 21:05:56.916994,1035.0680430666666,0,0,1,1,0,0,,summer,0,0,0,0
605854627,20.4,20.11526,none,0.0,0.0,11.609651,27.0,68.015686,988.35535,,2024-06-04 03:51:37.063467,2024-06-04 21:06:10.137733,1034.5512377666666,0,0,1,1,0,0,,summer,0,0,0,0
605792027,22.75,21.264067,none,0.0,0.0,19.562946,37.079998,56.110245,991.39777,,2024-06-04 03:50:43.322872,2024-06-04 21:06:21.870486,1035.6424602333334,0,0,1,1,0,0,,summer,0,0,1,0
605876827,21.1,20.503555,none,0.0,0.0,11.901798,31.68,62.053234,991.1668,,2024-06-04 03:50:15.522494,2024-06-04 21:05:06.743158,1034.8536777333334,0,0,1,1,0,0,,summer,0,0,0,0
605915427,18.35,17.767881,none,0.0,0.0,13.281023,25.919998,76.52009,989.961,,2024-06-04 03:50:12.532599,2024-06-04 21:05:17.711374,1035.0863129166667,0,0,1,1,0,0,,summer,0,0,0,0
605868027,23.75,21.350843,none,0.0,0.0,20.907913,43.199997,48.039986,990.712,,2024-06-04 03:49:46.579470,2024-06-04 21:06:05.803199,1036.3203954833332,0,0,1,1,0,0,,summer,0,0,1,0
605882827,17.55,17.236048,none,0.0,0.0,12.324414,20.519999,82.31045,986.7138,,2024-06-04 03:51:28.791411,2024-06-04 21:06:01.561710,1034.5461716500001,0,1,0,1,0,0,,summer,0,0,0,1
605898027,23.7,22.49127,rain,0.1,0.0,20.523157,43.199997,52.63655,988.0701,,2024-06-04 03:49:24.341448,2024-06-04 21:06:54.005275,1037.4943971166665,0,0,1,1,0,0,,summer,0,0,1,0
605864227,19.1,19.285852,none,0.0,0.0,9.531505,20.880001,75.90116,989.94403,,2024-06-04 03:50:43.114914,2024-06-04 21:06:53.683553,1036.1761439833333,1,0,0,1,0,0,,summer,0,0,0,0
605818627,23.35,21.470602,none,0.0,0.0,20.211363,41.760002,50.688667,986.3771,,2024-06-04 03:51:27.288569,2024-06-04 21:06:49.741230,1035.3742110166668,0,0,1,1,0,0,,summer,0,0,1,0
605858427,22.2,20.653185,rain,0.1,0.0,17.581125,38.88,56.709087,992.0459,,2024-06-04 03:50:04.844679,2024-06-04 21:04:40.333199,1034.5914753333334,0,0,1,1,0,0,,summer,0,0,1,0
605827427,23.4,21.913857,none,0.0,0.0,18.03237,40.32,51.202538,989.9944,,2024-06-04 03:52:17.090399,2024-06-04 21:06:30.427025,1034.2222771,0,0,1,1,0,0,,summer,0,0,1,0
605803827,22.15,21.011562,none,0.0,0.0,18.204042,38.88,59.532547,990.8781,,2024-06-04 03:50:02.939552,2024-06-04 21:05:01.009681,1034.9678354833334,0,0,1,1,0,0,,summer,0,0,1,0
605850227,15.9,14.699821,none,0.0,0.0,14.291592,24.48,81.83644,990.0888,,2024-06-04 03:50:28.858570,2024-06-04 21:05:04.872226,1034.6002276000002,0,1,0,1,0,0,,summer,0,0,0,1
605881227,19.4,19.179184,none,0.0,0.0,10.182337,20.16,70.51196,994.4333,,2024-06-04 03:50:30.091712,2024-06-04 21:04:49.023519,1034.3155301166667,1,0,0,1,0,0,,summer,0,0,0,0
605808027,24.6,22.775284,none,0.0,0.0,23.469128,44.28,46.867367,987.9822,,2024-06-04 03:51:15.871528,2024-06-04 21:05:06.719364,1033.8474639333333,0,0,1,1,0,0,,summer,0,0,1,0
606105827,26.2,26.618366,none,0.0,0.0,9.0,23.4,46.238262,990.79193,,2024-06-05 03:49:49.131370,2024-06-05 21:07:22.648203,1037.5586138833335,0,0,1,2,0,0,,summer,0,0,0,0
605951827,26.3,27.181149,none,0.0,0.0,10.483357,24.48,46.7178,988.85614,,2024-06-05 03:49:31.902553,2024-06-05 21:08:26.372401,1038.9078308,0,0,1,2,0,0,,summer,0,0,0,0
605927427,22.15,22.617027,none,0.0,0.0,9.83268,25.199999,66.42693,994.274,,2024-06-05 03:50:05.630001,2024-06-05 21:06:48.362720,1036.7122119833334,0,0,1,2,0,0,,summer,0,0,0,0
605956627,25.2,26.273376,none,0.0,0.0,11.212135,27.359999,52.51247,989.4125,,2024-06-05 03:50:01.588620,2024-06-05 21:08:54.902264,1038.8885607333334,0,0,1,2,0,0,,summer,0,0,0,0
605964827,26.05,26.187395,none,0.0,0.0,9.346143,24.119999,45.156433,991.5585,,2024-06-05 03:49:46.974434,2024-06-05 21:06:47.445461,1037.00785045,0,0,1,2,0,0,,summer,0,0,0,0
605975427,25.9,25.344267,none,0.0,0.0,6.2145634,17.64,39.683266,989.7054,,2024-06-05 03:49:40.198682,2024-06-05 21:07:40.973581,1038.0129149833333,0,0,1,2,0,0,,summer,0,0,0,0
605960027,26.05,26.40846,none,0.0,0.0,8.707237,24.119999,45.748795,990.44507,,2024-06-05 03:49:08.986339,2024-06-05 21:08:13.127854,1039.06902525,0,0,1,2,0,0,,summer,0,0,0,0
605972227,25.85,25.166859,none,0.0,0.0,6.5693827,17.64,39.146103,987.84357,,2024-06-05 03:50:55.897985,2024-06-05 21:07:20.113333,1036.4035891333333,0,0,1,2,0,0,,summer,0,0,0,0
605986227,22.9,23.955797,none,0.0,0.0,6.6087217,7.92,64.69839,989.50934,,2024-06-05 03:48:38.894285,2024-06-05 21:06:29.028248,1037.83556605,0,0,1,2,0,0,,summer,0,0,0,0
605954627,24.7,25.345476,none,0.0,0.0,12.783802,29.16,53.754486,993.59467,,2024-06-05 03:49:09.863771,2024-06-05 21:05:49.846662,1036.6663815166667,0,0,1,2,0,0,,summer,0,0,0,0
605901027,22.2,22.74665,none,0.0,0.0,9.6932955,24.84,66.86375,992.34625,,2024-06-05 03:49:14.276443,2024-06-05 21:08:06.645005,1038.8728093666666,0,0,1,2,0,0,,summer,0,0,0,0
605906427,15.4,15.590168,none,0.0,0.0,9.0,16.56,94.67752,987.6834,,2024-06-05 03:53:39.812602,2024-06-05 21:06:17.822390,1032.6334964666667,0,0,1,2,0,0,,summer,0,0,0,0
606150827,20.55,20.658756,none,0.0,0.0,8.287822,10.08,66.30721,989.6922,,2024-06-05 03:48:46.315744,2024-06-05 21:06:11.238138,1037.4153732333334,0,0,1,2,0,0,,summer,0,0,0,0
605972027,26.3,25.311842,none,0.0,0.0,9.3876505,20.16,39.013298,989.7557,,2024-06-05 03:49:22.292456,2024-06-05 21:07:55.726033,1038.5572262833334,0,0,1,2,0,0,,summer,0,0,0,0
605903027,17.0,17.04445,none,0.0,0.0,10.8955765,19.44,87.4492,992.9744,,2024-06-05 03:49:16.408475,2024-06-05 21:07:11.874938,1037.92444105,0,0,1,2,0,0,,summer,0,0,0,0
606034427,20.45,20.93602,none,0.0,0.0,10.390226,21.599998,74.91182,992.1072,,2024-06-05 03:50:06.047574,2024-06-05 21:07:59.178501,1037.88551545,0,0,1,2,0,0,,summer,0,0,0,0
605928427,24.4,25.506886,none,0.0,0.0,10.308831,25.919998,55.616463,989.12463,,2024-06-05 03:51:08.524123,2024-06-05 21:07:22.431582,1036.2317909833334,0,0,1,2,0,0,,summer,0,0,0,0
606327627,26.35,25.653093,none,0.0,0.0,7.92,18.72,39.547207,988.6486,,2024-06-05 03:49:09.591437,2024-06-05 21:08:21.198324,1039.1934481166668,0,0,1,2,0,0,,summer,0,0,0,0
608037627,22.35,22.912323,none,0.0,0.0,9.178235,24.48,65.62321,991.5554,,2024-06-05 03:49:47.970025,2024-06-05 21:08:38.814171,1038.8474024333334,0,0,1,2,0,0,,summer,0,0,0,0
605954227,26.2,26.59982,none,0.0,0.0,8.699793,24.84,46.08829,991.9197,,2024-06-05 03:48:53.137890,2024-06-05 21:07:53.470855,1039.0055494166668,0,0,1,2,0,0,,summer,0,0,0,0
606026627,20.5,21.219376,none,0.0,0.0,9.0645685,21.24,75.159744,992.1103,,2024-06-05 03:50:13.230764,2024-06-05 21:08:30.884371,1038.2942267833334,0,0,1,2,0,0,,summer,0,0,0,0
605968427,26.3,25.311842,none,0.0,0.0,9.3876505,20.16,39.013298,991.78326,,2024-06-05 03:49:39.503281,2024-06-05 21:07:16.555224,1037.6175323833334,0,0,1,2,0,0,,summer,0,0,0,0
605943027,25.2,26.13102,none,0.0,0.0,11.792404,26.64,52.343533,988.04425,,2024-06-05 03:50:25.937511,2024-06-05 21:07:05.140599,1036.6533848000001,0,0,1,2,0,0,,summer,0,0,0,0
605945827,24.8,25.366014,none,0.0,0.0,12.57426,28.44,52.749138,996.31506,,2024-06-05 03:49:49.503991,2024-06-05 21:06:01.504218,1036.2000037833334,0,0,1,2,0,0,,summer,0,0,0,0
606103027,23.6,24.334871,none,0.0,0.0,10.739833,27.0,59.490685,992.24994,,2024-06-05 03:49:12.966996,2024-06-05 21:06:21.046341,1037.1346557499999,0,0,1,2,0,0,,summer,0,0,0,0
605984827,21.65,21.0737,none,0.0,0.0,9.085988,14.4,55.65307,986.53296,,2024-06-05 03:51:15.078776,2024-06-05 21:07:21.721654,1036.1107146333334,0,0,1,2,0,0,,summer,0,0,0,0
605969227,25.8,26.979013,none,0.0,0.0,9.885262,26.28,49.54238,994.2701,,2024-06-05 03:49:58.900098,2024-06-05 21:08:29.043006,1038.5023818,0,0,1,2,0,0,,summer,0,0,0,0
605985027,25.2,25.594429,none,0.0,0.0,3.671294,11.159999,46.5715,991.2314,,2024-06-05 03:49:25.069788,2024-06-05 21:06:18.142913,1036.8845520833333,0,0,1,2,0,0,,summer,0,0,0,0
605980027,25.85,25.590927,none,0.0,0.0,5.2416787,16.199999,41.139732,989.1534,,2024-06-05 03:49:07.416535,2024-06-05 21:08:13.023915,1039.0934563333333,0,0,1,2,0,0,,summer,0,0,0,0
605973427,25.85,25.496359,none,0.0,0.0,6.2145634,18.0,41.549023,991.29596,,2024-06-05 03:48:59.590521,2024-06-05 21:07:27.831271,1038.4706791666665,0,0,1,2,0,0,,summer,0,0,0,0
605885027,16.7,16.527754,none,0.0,0.0,11.609651,20.16,87.422,993.4718,,2024-06-05 03:49:10.337077,2024-06-05 21:06:02.391898,1036.86758035,0,1,0,2,0,0,,summer,0,0,0,1
605938227,20.7,21.05343,none,0.0,0.0,10.483357,23.039999,72.36377,997.42676,,2024-06-05 03:49:53.166662,2024-06-05 21:05:38.299934,1035.7522212,0,0,1,2,0,0,,summer,0,0,0,0
606291427,26.2,26.59982,none,0.0,0.0,8.699793,24.84,46.08829,990.0033,,2024-06-05 03:49:05.379845,2024-06-05 21:07:15.273041,1038.1648866,0,0,1,2,0,0,,summer,0,0,0,0
605904827,16.9,17.059683,none,0.0,0.0,10.105681,18.359999,88.00516,990.7564,,2024-06-05 03:49:26.515758,2024-06-05 21:07:47.567683,1038.3508654166667,0,0,1,2,0,0,,summer,0,0,0,0
605983627,24.75,24.815632,none,0.0,0.0,5.3517847,11.5199995,47.062,986.3336,,2024-06-05 03:51:12.023043,2024-06-05 21:06:02.171959,1034.8358152666667,0,0,1,2,0,0,,summer,0,0,0,0
606481027,22.2,22.628822,none,0.0,0.0,10.365251,22.68,66.65021,995.8998,,2024-06-05 03:49:55.897791,2024-06-05 21:06:39.019090,1036.7186883166667,0,0,1,2,0,0,,summer,0,0,0,0
605966027,25.55,26.219095,none,0.0,0.0,12.522619,28.8,49.476192,995.43176,,2024-06-05 03:49:44.331151,2024-06-05 21:06:02.476232,1036.3024180166667,0,0,1,2,0,0,,summer,0,0,0,0
607859427,17.35,18.649416,none,0.0,0.0,6.638072,9.36,94.75494,985.43243,,2024-06-06 03:50:57.158395,2024-06-06 21:07:40.756712,1036.7266386166668,0,1,0,3,0,0,,summer,0,0,0,1
606039827,19.7,21.584974,rain,0.3,0.0,2.1897945,18.72,81.0132,990.28284,,2024-06-06 03:48:26.637837,2024-06-06 21:08:00.181968,1039.5590688500001,0,0,1,3,0,0,,summer,0,0,0,0
606128427,18.6,20.222582,none,0.0,0.0,6.151683,9.36,90.99158,990.39575,,2024-06-06 03:48:52.955603,2024-06-06 21:07:26.299176,1038.5557262166667,0,1,0,3,0,0,,summer,0,0,0,1
606114827,25.65,27.040699,none,0.0,0.0,5.1919937,17.28,47.7689,984.4136,,2024-06-06 03:48:50.249461,2024-06-06 21:10:10.282700,1041.3338873166665,0,0,1,3,0,0,,summer,0,0,0,0
606228627,20.35,22.111824,rain,0.2,0.0,4.896529,25.199999,81.09786,984.62854,,2024-06-06 03:50:41.770294,2024-06-06 21:08:11.094900,1037.4887434333334,0,0,1,3,0,0,,summer,0,0,0,0
604491427,9.45,6.520665,none,0.0,0.0,7.24486,14.04,57.812637,1014.1666,,2024-05-24 04:02:38.096183,2024-05-24 20:49:30.157913,1006.8676955,0,1,0,4,0,0,,spring,0,0,0,1
606056027,19.7,21.584974,rain,0.3,0.0,2.1897945,18.72,81.0132,990.16766,,2024-06-06 03:48:28.759451,2024-06-06 21:08:07.017853,1039.6376400333334,0,0,1,3,0,0,,summer,0,0,0,0
606534227,19.9,21.46084,rain,0.3,0.0,1.9386592,14.759999,75.543846,990.87,,2024-06-06 03:49:02.764859,2024-06-06 21:07:50.602165,1038.7972884333333,0,0,1,3,0,0,,summer,0,0,0,0
606022227,20.05,21.75452,none,0.0,0.0,2.0364676,15.4800005,76.78651,985.7652,,2024-06-06 03:50:11.501913,2024-06-06 21:07:13.277859,1037.0295991,0,0,1,3,0,0,,summer,0,0,0,0
606214427,22.35,23.51442,none,0.0,0.0,5.495161,18.359999,64.373146,987.11285,,2024-06-06 03:49:30.140244,2024-06-06 21:07:39.008758,1038.1478085666668,0,0,1,3,0,0,,summer,0,0,0,0
606040027,16.6,17.291348,none,0.0,0.0,5.815978,9.72,88.26333,989.868,,2024-06-06 03:49:38.346225,2024-06-06 21:09:33.698066,1039.9225306833334,0,1,0,3,0,0,,summer,0,0,0,1
607190027,21.7,23.34921,none,0.0,0.0,2.5455842,6.8399997,69.598755,985.12854,,2024-06-06 03:48:00.891145,2024-06-06 21:09:30.546734,1041.4942598166667,0,0,1,3,0,0,,summer,0,0,0,0
606877627,24.75,27.167929,none,0.0,0.0,5.3517847,17.28,55.524807,989.5641,,2024-06-06 03:48:17.658419,2024-06-06 21:08:06.965591,1039.8217862,0,0,1,3,0,0,,summer,0,0,0,0
606143627,18.1,19.58476,none,0.0,0.0,6.3690495,10.440001,92.41362,986.32556,,2024-06-06 03:48:58.808734,2024-06-06 21:06:43.559730,1037.7458499333334,0,1,0,3,0,0,,summer,0,0,0,1
606022427,19.5,21.702888,rain,0.4,0.0,0.71999997,16.56,83.34033,991.78735,,2024-06-06 03:49:07.139455,2024-06-06 21:07:33.914747,1038.4462548666665,0,0,1,3,0,0,,summer,0,0,0,0
606204227,20.25,22.145256,rain,0.8,0.0,3.5455887,25.919998,80.82819,990.8102,,2024-06-06 03:49:07.999846,2024-06-06 21:07:36.288949,1038.47148505,0,0,1,3,0,0,,summer,0,0,0,0
606111227,20.1,22.093792,rain,0.4,0.0,3.6,10.799999,82.88383,984.93695,,2024-06-06 03:49:39.720081,2024-06-06 21:07:35.011345,1037.9215210666666,0,0,1,3,0,0,,summer,0,0,0,0
606111027,20.45,22.400684,rain,0.2,0.0,3.8939953,10.440001,81.11084,985.9079,,2024-06-06 03:49:35.691047,2024-06-06 21:06:47.783116,1037.2015344833333,0,0,1,3,0,0,,summer,0,0,0,0
606522027,23.05,20.407753,none,0.0,0.0,24.43761,44.28,50.609386,990.17865,,2024-06-07 03:49:02.806120,2024-06-07 21:08:22.741115,1039.3322499166668,0,0,1,4,0,0,,summer,0,0,1,0
607275227,20.9,18.551666,none,0.0,0.0,20.240198,41.399998,56.572826,992.2684,,2024-06-07 03:47:10.371567,2024-06-07 21:09:57.681717,1042.7885025,0,0,1,4,0,0,,summer,0,0,1,0
606234827,21.85,19.120996,none,0.0,0.0,23.1774,46.44,53.90375,989.6781,,2024-06-07 03:48:34.431777,2024-06-07 21:11:05.314270,1042.5147082166666,0,0,1,4,0,0,,summer,0,0,1,0
606293627,19.3,17.197224,none,0.0,0.0,17.057314,29.88,59.63648,993.58997,,2024-06-07 03:47:55.280121,2024-06-07 21:08:51.166447,1040.9314387666666,0,1,0,4,0,0,,summer,0,0,1,1
606268027,22.65,20.48737,none,0.0,0.0,20.633371,43.56,51.341965,987.91223,,2024-06-07 03:51:27.571480,2024-06-07 21:08:41.271873,1037.2283398833333,0,0,1,4,0,0,,summer,0,0,1,0
606238427,23.5,21.391016,none,0.0,0.0,23.113008,42.48,54.855927,990.23334,,2024-06-07 03:48:10.006340,2024-06-07 21:09:29.996394,1041.3331675666666,0,0,1,4,0,0,,summer,0,0,1,0
606197827,23.6,21.494665,none,0.0,0.0,23.333443,42.12,54.8811,988.6351,,2024-06-07 03:48:01.852985,2024-06-07 21:10:39.933304,1042.6346719833334,0,0,1,4,0,0,,summer,0,0,1,0
606224027,22.55,20.154896,none,0.0,0.0,21.897945,44.28,51.995472,990.6688,,2024-06-07 03:49:24.982519,2024-06-07 21:09:34.670146,1040.16146045,0,0,1,4,0,0,,summer,0,0,1,0
606150227,20.35,19.509043,none,0.0,0.0,19.35314,35.64,75.135086,988.6639,,2024-06-07 03:48:03.899061,2024-06-07 21:09:47.207060,1041.7217999833333,0,0,1,4,0,0,,summer,0,0,1,0
606179827,21.65,20.450445,rain,0.1,0.0,21.533897,39.6,68.92481,989.4181,,2024-06-07 03:49:14.484669,2024-06-07 21:09:34.105837,1040.3270194666666,0,0,1,4,0,0,,summer,0,0,1,0
606255427,18.85,16.947477,none,0.0,0.0,15.7908325,29.16,61.536804,988.3663,,2024-06-07 03:50:07.439637,2024-06-07 21:08:58.816989,1038.8562892,1,0,0,4,0,0,,summer,0,0,1,0
606283627,20.8,18.186445,none,0.0,0.0,21.407139,39.6,55.806614,993.7246,,2024-06-07 03:48:36.691483,2024-06-07 21:09:58.338718,1041.36078725,0,0,1,4,0,0,,summer,0,0,1,0
606886427,23.7,21.497524,none,0.0,0.0,22.406927,42.839996,48.983242,989.828,,2024-06-07 03:47:25.530444,2024-06-07 21:08:32.589998,1041.1176592333334,0,0,1,4,0,0,,summer,0,0,1,0
606903227,20.9,18.395575,none,0.0,0.0,20.65848,37.8,55.46439,990.3991,,2024-06-07 03:48:17.032823,2024-06-07 21:10:37.468628,1042.34059675,0,0,1,4,0,0,,summer,0,0,1,0
606231427,20.75,18.294052,none,0.0,0.0,20.111729,41.039997,55.610023,989.4555,,2024-06-07 03:49:20.265614,2024-06-07 21:10:11.660094,1040.8565746666668,0,0,1,4,0,0,,summer,0,0,1,0
606236627,22.2,19.73007,none,0.0,0.0,20.633371,42.839996,51.562687,988.44806,,2024-06-07 03:51:38.079353,2024-06-07 21:08:34.106450,1036.93378495,0,0,1,4,0,0,,summer,0,0,1,0
606244027,20.0,17.917948,none,0.0,0.0,18.089775,40.68,59.21471,987.9451,,2024-06-07 03:49:20.977671,2024-06-07 21:08:02.691939,1038.6952378,0,0,1,4,0,0,,summer,0,0,1,0
606175227,21.9,21.115881,rain,0.1,0.0,20.364674,38.16,70.08273,992.2588,,2024-06-07 03:48:02.021663,2024-06-07 21:08:53.329355,1040.8551282,0,0,1,4,0,0,,summer,0,0,1,0
607523027,17.55,18.066593,none,0.0,0.0,8.707237,13.679999,86.661026,987.0628,,2024-06-07 03:47:55.109664,2024-06-07 21:09:51.909915,1041.94667085,0,1,0,4,0,0,,summer,0,0,0,1
606160227,21.8,21.208948,rain,0.1,0.0,18.59845,39.239998,70.28747,989.4098,,2024-06-07 03:47:29.005689,2024-06-07 21:08:41.343695,1041.2056334333333,0,0,1,4,0,0,,summer,0,0,1,0
606174027,20.95,20.303411,rain,0.1,0.0,18.844202,35.64,73.80916,988.9152,,2024-06-07 03:47:57.364381,2024-06-07 21:09:30.789529,1041.5570858,0,0,1,4,0,0,,summer,0,0,1,0
606803227,23.15,20.589483,none,0.0,0.0,23.1774,44.28,50.139164,992.72284,,2024-06-07 03:47:12.454707,2024-06-07 21:10:01.759953,1042.8217541000001,0,0,1,4,0,0,,summer,0,0,1,0
606277427,21.5,18.89497,none,0.0,0.0,22.218153,43.56,54.888542,990.5853,,2024-06-07 03:49:05.724949,2024-06-07 21:09:37.101022,1040.52293455,0,0,1,4,0,0,,summer,0,0,1,0
606683227,21.25,18.576317,none,0.0,0.0,21.817902,40.32,54.285034,990.11145,,2024-06-07 03:49:10.570510,2024-06-07 21:07:54.652957,1038.73470745,0,0,1,4,0,0,,summer,0,0,1,0
606519027,21.85,20.622133,rain,1.2,0.0,20.12461,43.92,65.51746,989.95374,,2024-06-07 03:49:56.708729,2024-06-07 21:09:37.004151,1039.6715903666668,0,0,1,4,0,0,,summer,0,0,1,0
606173627,22.3,21.234615,rain,0.1,0.0,21.437386,38.88,66.03416,989.49133,,2024-06-07 03:48:12.238706,2024-06-07 21:09:53.348268,1041.6851593666665,0,0,1,4,0,0,,summer,0,0,1,0
606127027,17.5,17.917387,none,0.0,0.0,9.387651,17.64,86.93482,985.8695,,2024-06-07 03:49:23.087323,2024-06-07 21:10:06.675170,1040.7264641166666,0,1,0,4,0,0,,summer,0,0,0,1
606255027,18.95,17.07689,none,0.0,0.0,15.273505,27.72,60.549034,990.58124,,2024-06-07 03:47:05.797640,2024-06-07 21:09:06.265116,1042.0077912666666,0,1,0,4,0,0,,summer,0,0,1,1
606799227,21.75,19.02455,none,0.0,0.0,22.932877,42.839996,53.878113,991.76196,,2024-06-07 03:48:23.882423,2024-06-07 21:09:39.121958,1041.25399225,0,0,1,4,0,0,,summer,0,0,1,0
607198027,23.3,21.363052,none,0.0,0.0,22.180206,44.28,55.88324,990.35034,,2024-06-07 03:47:13.883619,2024-06-07 21:10:26.944588,1043.2176828166666,0,0,1,4,0,0,,summer,0,0,1,0
606183227,16.65,17.089586,none,0.0,0.0,9.504272,15.84,92.33182,989.67554,,2024-06-07 03:48:08.876764,2024-06-07 21:08:16.460004,1040.1263873333332,0,1,0,4,0,0,,summer,0,0,0,1
607256227,19.1,17.112814,none,0.0,0.0,16.055355,29.519999,59.985203,991.7108,,2024-06-07 03:47:51.291390,2024-06-07 21:09:36.871705,1041.7596719166665,0,1,0,4,0,0,,summer,0,0,1,1
606435427,20.9,18.12041,none,0.0,0.0,22.545315,40.32,55.46439,988.35455,,2024-06-07 03:49:17.455766,2024-06-07 21:08:24.880154,1039.1237398,0,0,1,4,0,0,,summer,0,0,1,0
610229227,21.45,20.733093,rain,0.1,0.0,19.602652,38.519997,72.03732,990.466,,2024-06-07 03:47:55.751455,2024-06-07 21:08:21.971955,1040.4370083333333,0,0,1,4,0,0,,summer,0,0,1,0
607249227,20.9,18.551666,none,0.0,0.0,20.240198,41.399998,56.572826,990.8909,,2024-06-07 03:47:47.918572,2024-06-07 21:09:39.031839,1041.8518877833333,0,0,1,4,0,0,,summer,0,0,1,0
606167827,20.25,19.485207,none,0.0,0.0,17.884428,37.8,73.925415,983.8366,,2024-06-07 03:48:24.610981,2024-06-07 21:12:58.081320,1044.5578389833333,0,0,1,4,0,0,,summer,0,0,1,0
606204427,22.75,20.832531,rain,0.2,0.0,22.545315,42.839996,58.5278,991.41,,2024-06-07 03:48:31.555110,2024-06-07 21:09:59.581640,1041.4671088333334,0,0,1,4,0,0,,summer,0,0,1,0
606126227,17.6,18.192593,none,0.0,0.0,8.854829,14.4,87.78416,985.81335,,2024-06-07 03:47:05.841308,2024-06-07 21:09:03.374191,1041.9588813833334,0,1,0,4,0,0,,summer,0,0,0,1
606767427,23.4,20.98233,none,0.0,0.0,24.985659,42.839996,54.830746,992.7319,,2024-06-07 03:48:27.843094,2024-06-07 21:08:53.806544,1040.4327241666667,0,0,1,4,0,0,,summer,0,0,1,0
606318027,22.0,20.494274,none,0.0,0.0,10.464797,29.88,36.268635,986.82245,,2024-06-08 03:47:29.371009,2024-06-08 21:13:40.262557,1046.1815258,0,0,1,5,1,0,,summer,0,0,0,0
607246627,19.15,17.46479,none,0.0,0.0,10.787993,27.72,53.744198,991.32684,,2024-06-08 03:46:24.246877,2024-06-08 21:11:11.037868,1044.7798498500001,0,0,1,5,1,0,,summer,0,0,0,0
606281427,17.95,15.752689,none,0.0,0.0,13.363711,28.44,56.020527,992.253,,2024-06-08 03:46:44.771443,2024-06-08 21:11:26.907437,1044.7022665666666,0,0,1,5,1,0,,summer,0,0,0,0
606268427,17.55,15.353262,none,0.0,0.0,16.363178,27.72,63.736145,990.2641,,2024-06-08 03:48:34.311310,2024-06-08 21:09:00.684438,1040.4395521333333,0,1,0,5,1,0,,summer,0,0,1,1
606321827,22.65,20.149784,none,0.0,0.0,10.028439,21.599998,31.530773,994.8218,,2024-06-08 03:47:47.200746,2024-06-08 21:10:18.003629,1042.5133813833334,0,0,1,5,1,0,,summer,0,0,0,0
606412827,16.75,14.35277,none,0.0,0.0,14.186923,28.08,59.22152,993.80707,,2024-06-08 03:46:44.452226,2024-06-08 21:10:52.335471,1044.1313874166667,0,0,1,5,1,0,,summer,0,0,0,0
606594827,17.8,15.58876,none,0.0,0.0,14.113652,28.08,57.899914,989.90704,,2024-06-08 03:48:19.000808,2024-06-08 21:09:36.238208,1041.28729,0,0,1,5,1,0,,summer,0,0,0,0
606326827,16.85,14.411062,none,0.0,0.0,14.291592,25.919998,58.450565,992.16266,,2024-06-08 03:47:35.109168,2024-06-08 21:10:54.445456,1043.3222714666667,0,0,1,5,1,0,,summer,0,0,0,0
606325227,22.0,19.043888,none,0.0,0.0,11.983188,22.68,33.146904,991.4971,,2024-06-08 03:46:38.394638,2024-06-08 21:09:40.641731,1043.03745155,0,0,1,5,1,0,,summer,0,0,0,0
606331627,20.1,18.761322,none,0.0,0.0,5.5887027,18.72,45.629047,983.4489,,2024-06-08 03:48:58.381543,2024-06-08 21:09:37.564924,1040.65305635,0,0,1,5,1,0,,summer,0,0,0,0
606310227,22.0,21.187698,none,0.0,0.0,11.609651,25.919998,40.19108,988.7274,,2024-06-08 03:48:47.722290,2024-06-08 21:10:13.558784,1041.4306082333335,0,0,1,5,1,0,,summer,0,0,0,0
606319227,22.65,20.149784,none,0.0,0.0,10.028439,21.599998,31.530773,991.5054,,2024-06-08 03:47:09.400744,2024-06-08 21:10:46.431242,1043.6171749666667,0,0,1,5,1,0,,summer,0,0,0,0
606683627,20.65,18.61521,none,0.0,0.0,8.350138,21.24,40.63519,993.7036,,2024-06-08 03:48:02.023996,2024-06-08 21:09:01.334261,1040.9885044166667,0,0,1,5,1,0,,summer,0,0,0,0
606282627,18.15,15.83036,none,0.0,0.0,14.480773,27.359999,55.882732,995.86835,,2024-06-08 03:47:55.116562,2024-06-08 21:09:59.438740,1042.0720363,0,0,1,5,1,0,,summer,0,0,0,0
606317027,22.5,21.402714,none,0.0,0.0,9.983106,26.28,36.28695,987.98016,,2024-06-08 03:49:31.896066,2024-06-08 21:10:37.332383,1041.0906052833334,0,0,1,5,1,0,,summer,0,0,0,0
607270027,20.4,19.506433,none,0.0,0.0,10.464797,25.56,50.745995,993.5673,,2024-06-08 03:46:50.017338,2024-06-08 21:10:14.937629,1043.4153381833335,0,0,1,5,1,0,,summer,0,0,0,0
606322027,22.35,19.629414,none,0.0,0.0,10.440001,22.68,32.560947,992.0247,,2024-06-08 03:48:14.170176,2024-06-08 21:09:23.928310,1041.1626355666667,0,0,1,5,1,0,,summer,0,0,0,0
606308227,20.85,19.60294,none,0.0,0.0,12.181624,25.56,48.37518,996.8048,,2024-06-08 03:47:57.198912,2024-06-08 21:09:11.750154,1041.2425207000001,0,0,1,5,1,0,,summer,0,0,0,0
606910827,22.15,19.413519,none,0.0,0.0,10.990322,23.039999,33.65401,991.44147,,2024-06-08 03:46:21.388087,2024-06-08 21:10:58.286441,1044.6149725666667,0,0,1,5,1,0,,summer,0,0,0,0
607378827,16.7,15.20627,none,0.0,0.0,12.261157,23.4,68.84223,992.95624,,2024-06-08 03:46:47.826695,2024-06-08 21:11:07.787044,1044.3326724833335,0,1,0,5,1,0,,summer,0,0,0,1
606509627,22.85,21.753332,none,0.0,0.0,12.287555,26.64,36.015068,990.5582,,2024-06-08 03:47:40.896451,2024-06-08 21:11:16.918345,1043.6003649,0,0,1,5,1,0,,summer,0,0,0,0
606311627,22.15,21.255957,none,0.0,0.0,11.592895,27.72,37.45111,987.1448,,2024-06-08 03:48:34.330260,2024-06-08 21:11:21.395836,1042.7844262666667,0,0,1,5,1,0,,summer,0,0,0,0
606314027,21.45,20.253992,none,0.0,0.0,12.10157,26.28,45.23616,996.17505,,2024-06-08 03:47:41.709926,2024-06-08 21:10:02.078046,1042.3394686666666,0,0,1,5,1,0,,summer,0,0,0,0
606343627,16.8,15.967344,none,0.0,0.0,5.815978,10.08,64.20962,991.64087,,2024-06-08 03:47:21.011877,2024-06-08 21:10:01.814278,1042.6800400166667,0,1,0,5,1,0,,summer,0,0,0,1
606308627,21.4,20.334602,none,0.0,0.0,11.592894,27.359999,41.40941,988.5861,,2024-06-08 03:49:26.950834,2024-06-08 21:09:22.355093,1039.9234043166666,0,0,1,5,1,0,,summer,0,0,0,0
606356227,20.05,19.617693,none,0.0,0.0,9.659814,24.84,49.307686,990.8535,,2024-06-09 03:46:08.861009,2024-06-09 21:10:29.204971,1044.3390660333332,0,0,1,6,1,0,,summer,0,0,0,0
606385627,21.8,19.208433,none,0.0,0.0,9.339208,19.8,33.321136,983.042,,2024-06-09 03:48:25.055036,2024-06-09 21:10:58.635180,1042.5596690666666,0,0,1,6,1,0,,summer,0,0,0,0
606353627,15.05,13.286411,none,0.0,0.0,13.397612,25.199999,74.73729,994.228,,2024-06-09 03:47:19.792393,2024-06-09 21:10:58.022822,1043.6371738166667,0,0,1,6,1,0,,summer,0,0,0,0
606391827,20.35,17.729406,none,0.0,0.0,11.966954,25.199999,40.68923,992.6009,,2024-06-09 03:47:19.371782,2024-06-09 21:11:44.601042,1044.4204876666668,0,0,1,6,1,0,,summer,0,0,0,0
606342227,14.0,13.076267,none,0.0,0.0,5.95906,11.879999,75.56486,985.1372,,2024-06-09 03:46:49.488302,2024-06-09 21:14:44.238039,1047.9124956166665,0,1,0,6,1,0,,summer,0,0,0,1
606357627,17.3,16.211475,none,0.0,0.0,8.161764,20.880001,63.468143,991.963,,2024-06-09 03:47:06.575010,2024-06-09 21:12:28.212077,1045.3606177833333,0,0,1,6,1,0,,summer,0,0,0,0
606400827,15.65,13.805376,none,0.0,0.0,9.504272,14.04,61.408466,991.3125,,2024-06-09 03:47:05.885788,2024-06-09 21:11:23.773829,1044.2981340166666,0,1,0,6,1,0,,summer,0,0,0,1
606394627,19.1,17.738827,none,0.0,0.0,5.3999996,21.24,47.896336,982.85547,,2024-06-09 03:48:10.588078,2024-06-09 21:10:45.918459,1042.5888396833334,0,0,1,6,1,0,,summer,0,0,0,0
606366227,20.35,20.517582,none,0.0,0.0,6.5693827,22.319998,42.544178,983.9082,,2024-06-09 03:47:05.527256,2024-06-09 21:14:38.932935,1047.5567613166668,0,0,1,6,1,0,,summer,0,0,0,0
607185627,21.85,19.23457,none,0.0,0.0,9.793058,20.880001,33.685192,989.54645,,2024-06-09 03:46:42.077883,2024-06-09 21:11:36.456809,1044.9063154333332,0,0,1,6,1,0,,summer,0,0,0,0
606411427,21.3,20.986076,none,0.0,0.0,8.12197,21.96,39.58314,988.4162,,2024-06-09 03:47:44.797536,2024-06-09 21:12:10.810642,1044.4335517666666,0,0,1,6,1,0,,summer,0,0,0,0
607382627,21.65,18.92226,none,0.0,0.0,10.636766,23.4,34.218067,992.2796,,2024-06-09 03:46:08.713150,2024-06-09 21:11:46.623758,1045.6318434666666,0,0,1,6,1,0,,summer,0,0,0,0
606360227,20.4,20.090126,none,0.0,0.0,9.107359,22.68,43.736546,990.6293,,2024-06-09 03:46:50.226791,2024-06-09 21:11:41.778492,1044.8591950166667,0,0,1,6,1,0,,summer,0,0,0,0
606360427,19.1,18.968187,none,0.0,0.0,7.9932966,23.4,51.95328,987.74646,,2024-06-09 03:48:22.090994,2024-06-09 21:11:21.090752,1042.9833293,0,0,1,6,1,0,,summer,0,0,0,0
606794427,17.2,15.552359,none,0.0,0.0,6.1094027,9.72,51.27124,989.68005,,2024-06-09 03:48:58.421784,2024-06-09 21:10:07.539829,1041.1519674166668,0,0,1,6,1,0,,summer,0,0,0,0
611081427,15.65,13.805376,none,0.0,0.0,9.504272,14.04,61.408466,990.84534,,2024-06-09 03:46:35.649562,2024-06-09 21:11:41.811006,1045.1026907333332,0,1,0,6,1,0,,summer,0,0,0,1
606361827,20.35,20.15456,none,0.0,0.0,8.311245,21.96,43.57361,989.0191,,2024-06-09 03:46:38.172511,2024-06-09 21:12:44.525123,1046.1058768666667,0,0,1,6,1,0,,summer,0,0,0,0
607388627,21.6,18.321983,none,0.0,0.0,12.783802,25.199999,31.674109,992.6696,,2024-06-09 03:46:19.516159,2024-06-09 21:11:50.035405,1045.5086541,0,0,1,6,1,0,,summer,0,0,0,0
606401027,14.3,12.3276825,none,0.0,0.0,7.771331,13.32,60.256893,984.9106,,2024-06-09 03:46:49.113937,2024-06-09 21:14:47.455057,1047.972352,0,1,0,6,1,0,,summer,0,0,0,1
612554227,18.4,17.185698,none,0.0,0.0,4.39436,7.92,50.03843,991.04974,,2024-06-09 03:47:46.792947,2024-06-09 21:11:45.084064,1043.9715186166666,0,0,1,6,1,0,,summer,0,0,0,0
606397427,17.75,15.680176,none,0.0,0.0,6.9527545,14.04,45.28231,987.20856,,2024-06-09 03:46:06.930956,2024-06-09 21:12:45.145288,1046.6369055333334,1,0,0,6,1,0,,summer,0,0,0,0
606403227,15.8,13.387178,none,0.0,0.0,11.113451,17.28,55.472046,989.3207,,2024-06-09 03:47:47.533188,2024-06-09 21:11:41.531546,1043.8999726333334,0,1,0,6,1,0,,summer,0,0,0,1
606344027,14.9,12.203316,rain,0.9,0.0,19.694992,35.64,75.21128,993.39453,,2024-06-09 03:46:36.715207,2024-06-09 21:09:45.796883,1043.1513612666668,0,1,0,6,1,0,,summer,0,0,1,1
606378027,21.6,21.007154,none,0.0,0.0,9.3876505,22.319998,39.129704,990.28143,,2024-06-09 03:47:27.888517,2024-06-09 21:10:29.639165,1043.0291774666666,0,0,1,6,1,0,,summer,0,0,0,0
606355627,17.5,16.518206,none,0.0,0.0,7.729527,21.599998,63.30173,990.6985,,2024-06-09 03:50:30.455820,2024-06-09 21:09:28.387813,1038.9655332166667,0,0,1,6,1,0,,summer,0,0,0,0
608042627,13.5,12.462467,none,0.0,0.0,9.449572,18.72,85.411896,993.01904,,2024-06-09 03:47:27.280012,2024-06-09 21:12:05.168673,1044.6314776833333,0,0,1,6,1,0,,summer,0,0,0,0
606444027,23.05,21.170862,rain,0.5,0.0,16.489416,35.28,46.59881,988.35205,,2024-06-10 03:47:54.076311,2024-06-10 21:12:13.775968,1044.3283276166667,0,0,1,0,0,0,,summer,0,0,1,0
606468227,22.15,20.318815,none,0.0,0.0,20.12461,45.719997,57.816475,992.09814,,2024-06-10 03:45:42.772055,2024-06-10 21:11:45.770177,1046.0499687,0,0,1,0,0,0,,summer,0,0,1,0
606495827,16.75,16.92066,none,0.0,0.0,10.948973,23.759998,90.86852,994.8459,,2024-06-10 03:46:58.206588,2024-06-10 21:12:46.979342,1045.8128792333332,0,0,1,0,0,0,,summer,0,0,0,0
606466827,23.9,20.413193,none,0.0,0.0,25.189713,43.92,43.1086,993.5404,,2024-06-10 03:46:16.497334,2024-06-10 21:11:09.029700,1044.8755394333334,0,0,1,0,0,0,,summer,0,0,1,0
606443427,23.35,21.312706,none,0.0,0.0,18.847641,37.079998,43.970825,992.4667,,2024-06-10 03:46:00.858527,2024-06-10 21:12:30.263235,1046.4900784666668,0,0,1,0,0,0,,summer,0,0,1,0
606492227,19.05,17.88676,none,0.0,0.0,16.645864,35.28,72.06578,989.8611,,2024-06-10 03:45:50.897835,2024-06-10 21:13:17.187924,1047.4381681500001,0,0,1,0,0,0,,summer,0,0,1,0
606525027,20.9,18.777649,none,0.0,0.0,15.844089,33.12,51.73404,990.3973,,2024-06-10 03:46:49.349391,2024-06-10 21:13:52.977211,1047.0604636666667,0,0,1,0,0,0,,summer,0,0,1,0
607402627,18.8,18.280933,rain,0.2,0.0,13.854155,30.960001,76.34427,994.2851,,2024-06-10 03:45:59.691253,2024-06-10 21:12:01.222860,1046.0255267833334,0,0,1,0,0,0,,summer,0,0,0,0
606476227,20.7,18.519829,none,0.0,0.0,20.883104,43.92,60.362965,986.08606,,2024-06-10 03:46:20.060903,2024-06-10 21:15:33.858613,1049.2299618333334,0,0,1,0,0,0,,summer,0,0,1,0
606557427,18.95,18.115093,rain,0.2,0.0,15.137133,34.56,73.94046,992.9387,,2024-06-10 03:45:14.966801,2024-06-10 21:12:57.366162,1047.7066560166668,0,0,1,0,0,0,,summer,0,0,1,0
606593427,22.05,19.479538,rain,0.2,0.0,20.150354,41.039997,50.177505,989.62805,,2024-06-10 03:46:11.714998,2024-06-10 21:14:03.813599,1047.8683100166666,0,0,1,0,0,0,,summer,0,0,1,0
606481227,22.7,19.998875,none,0.0,0.0,20.523157,39.239998,47.439632,989.90204,,2024-06-10 03:45:45.522937,2024-06-10 21:13:29.590787,1047.7344641666666,0,0,1,0,0,0,,summer,0,0,1,0
606455627,23.9,21.061832,rain,0.2,0.0,20.94507,33.839996,43.396477,993.6698,,2024-06-10 03:46:43.888738,2024-06-10 21:12:41.947996,1045.9676543,0,0,1,0,0,0,,summer,0,0,1,0
607494427,14.3,12.708208,none,0.0,0.0,7.42159,15.119999,66.07805,991.40247,,2024-06-10 03:45:49.860109,2024-06-10 21:13:04.954464,1047.2515725833334,0,1,0,0,0,0,,summer,0,0,0,1
606971227,18.25,18.564472,rain,1.7,0.0,9.826088,25.919998,82.3967,990.6694,,2024-06-10 03:47:28.425375,2024-06-10 21:10:41.595410,1043.2195005833335,0,0,1,0,0,0,,summer,0,0,0,0
612647027,23.0,21.207373,none,0.0,0.0,18.359999,34.92,45.97006,991.27325,,2024-06-10 03:47:29.284464,2024-06-10 21:11:14.082190,1043.7466287666666,0,0,1,0,0,0,,summer,0,0,1,0
606457427,22.65,19.32161,none,0.0,0.0,26.302181,45.36,49.841328,993.09283,,2024-06-10 03:47:08.036170,2024-06-10 21:11:12.306457,1044.07117145,0,0,1,0,0,0,,summer,0,0,1,0
606418227,21.3,19.207098,none,0.0,0.0,15.844089,30.239998,50.816113,990.0649,,2024-06-10 03:46:09.148690,2024-06-10 21:13:42.874724,1047.5621005666667,0,0,1,0,0,0,,summer,0,0,1,0
606581027,19.9,17.854893,none,0.0,0.0,21.24305,43.92,65.74099,993.94836,,2024-06-10 03:45:54.507271,2024-06-10 21:12:33.121050,1046.6435629833334,0,0,1,0,0,0,,summer,0,0,1,0
607184227,18.1,17.529459,none,0.0,0.0,14.336861,31.319998,80.02449,991.8791,,2024-06-10 03:45:10.698999,2024-06-10 21:12:39.688526,1047.4831587833332,0,0,1,0,0,0,,summer,0,0,0,0
606866827,17.25,16.430601,none,0.0,0.0,8.473393,17.64,68.271225,990.8673,,2024-06-10 03:47:25.448504,2024-06-10 21:10:38.017449,1043.2094824166666,0,0,1,0,0,0,,summer,0,0,0,0
607236227,19.2,20.286346,none,0.0,0.0,11.923557,19.8,91.606094,990.71075,,2024-06-11 03:46:11.253755,2024-06-11 21:13:06.171069,1046.9152885666667,0,1,0,1,0,0,,summer,0,0,0,1
607340827,22.8,21.517141,none,0.0,0.0,25.325686,44.28,69.149155,982.5124,,2024-06-11 03:47:01.325265,2024-06-11 21:12:32.472272,1045.5191167833334,0,0,1,1,0,0,,summer,0,0,1,0
606512627,17.1,18.006868,rain,4.6,0.0,7.653705,24.84,92.65287,992.00867,,2024-06-11 03:45:57.211440,2024-06-11 21:12:45.643845,1046.80720675,1,0,1,1,0,0,,summer,0,0,0,0
606654027,21.8,22.57563,none,0.0,0.0,12.387348,34.2,75.37208,987.304,,2024-06-11 03:45:55.040926,2024-06-11 21:14:14.005046,1048.3160686666665,0,0,1,1,0,0,,summer,0,0,0,0
606835627,21.65,23.198374,rain,13.3,0.0,13.684735,54.36,86.77458,982.6856,,2024-06-11 03:45:08.279489,2024-06-11 21:14:26.976725,1049.3116206,0,0,1,1,0,0,,summer,0,0,1,0
606960027,25.7,23.299732,none,0.0,0.0,27.492311,48.6,51.13968,988.7976,,2024-06-11 03:46:32.846205,2024-06-11 21:11:45.143635,1045.2049571666666,0,0,1,1,0,0,,summer,0,0,1,0
606557827,22.55,24.075432,rain,9.9,0.0,14.003029,57.239998,82.39984,986.6039,,2024-06-11 03:44:55.800844,2024-06-11 21:14:01.140209,1049.0889894166667,0,0,1,1,0,0,,summer,0,0,1,0
606577427,24.6,25.011086,rain,0.4,0.0,24.57511,51.839996,72.597885,986.92163,,2024-06-11 03:45:59.404517,2024-06-11 21:12:58.680291,1046.9879295666667,0,0,1,1,0,0,,summer,0,0,1,0
606749027,22.85,21.74389,none,0.0,0.0,24.842607,41.760002,70.04062,985.38947,,2024-06-11 03:45:40.903883,2024-06-11 21:13:20.990938,1047.6681175833335,0,0,1,1,0,0,,summer,0,0,1,0
606889627,16.8,18.049902,rain,6.2,0.0,4.3498964,20.519999,92.34034,982.03076,,2024-06-11 03:47:36.703886,2024-06-11 21:12:18.156472,1044.6908764333334,0,1,0,1,0,0,,summer,0,0,1,1
606519227,20.0,20.196743,none,0.0,0.0,15.484185,33.12,82.6098,985.79663,,2024-06-11 03:45:02.567193,2024-06-11 21:14:12.798694,1049.1705250166667,0,0,1,1,0,0,,summer,0,0,1,0
606603827,21.75,21.76914,rain,0.2,0.0,16.548256,43.199997,73.94577,981.5881,,2024-06-11 03:45:47.496591,2024-06-11 21:16:30.226494,1050.71216505,0,0,1,1,0,0,,summer,0,0,1,0
606592027,24.8,23.393944,rain,0.3,0.0,27.776047,48.96,63.48173,990.7135,,2024-06-11 03:46:09.214734,2024-06-11 21:12:52.287895,1046.7178860166666,0,0,1,1,0,0,,summer,0,0,1,0
606627027,20.05,21.211052,rain,0.2,0.0,10.799999,31.319998,85.80887,985.8465,,2024-06-11 03:48:01.255967,2024-06-11 21:13:12.114885,1045.1809819666666,0,0,1,1,0,0,,summer,0,0,0,0
606647627,19.9,21.065613,rain,0.1,0.0,12.768586,21.24,90.22397,993.686,,2024-06-11 03:46:22.911882,2024-06-11 21:11:45.235180,1045.3720549666666,0,1,0,1,0,0,,summer,0,0,0,1
606648627,23.0,22.899109,none,0.0,0.0,18.837322,42.12,70.736336,988.8072,,2024-06-11 03:46:44.231493,2024-06-11 21:13:14.975669,1046.5124029333333,0,0,1,1,0,0,,summer,0,0,1,0
606665427,23.1,21.963167,rain,1.1,0.0,29.168886,55.44,75.11001,984.8622,,2024-06-11 03:46:03.594622,2024-06-11 21:14:22.422122,1048.3137916666667,0,0,1,1,0,0,,summer,0,0,1,0
606974427,25.5,26.15834,rain,0.2,0.0,24.826954,51.48,67.954796,987.9734,,2024-06-11 03:46:33.160208,2024-06-11 21:12:36.278080,1046.0519645333334,0,0,1,1,0,0,,summer,0,0,1,0
607455227,22.55,21.356195,rain,2.4,0.0,30.145567,57.239998,78.14349,988.29974,,2024-06-11 03:46:17.724532,2024-06-11 21:12:48.600433,1046.51459835,0,0,1,1,0,0,,summer,0,0,1,0
606640827,22.85,21.80741,rain,3.4,0.0,27.859905,56.88,75.06921,988.55334,,2024-06-11 03:46:47.450301,2024-06-11 21:14:17.445306,1047.49991675,0,0,1,1,0,0,,summer,0,0,1,0
606559427,24.4,24.474627,rain,0.3,0.0,24.962307,57.96,72.11185,987.0375,,2024-06-11 03:46:28.988920,2024-06-11 21:13:49.550429,1047.3426918166667,0,0,1,1,0,0,,summer,0,0,1,0
607239027,19.55,20.515682,none,0.0,0.0,13.363711,20.880001,90.76814,992.1157,,2024-06-11 03:46:27.869305,2024-06-11 21:12:14.795027,1045.7820953666667,0,1,0,1,0,0,,summer,0,0,0,1
606559627,24.9,23.723192,rain,0.4,0.0,30.75209,52.92,66.363754,990.59863,,2024-06-11 03:46:07.937528,2024-06-11 21:12:53.726068,1046.7631423333335,0,0,1,1,0,0,,summer,0,0,1,0
606629827,20.8,21.399332,rain,0.1,0.0,14.799459,29.88,82.18651,988.7584,,2024-06-11 03:46:35.140313,2024-06-11 21:12:32.494317,1045.9559000666666,0,0,1,1,0,0,,summer,0,0,0,0
606648427,18.85,19.86207,none,0.0,0.0,12.43434,21.96,93.62786,982.9693,,2024-06-11 03:47:28.918038,2024-06-11 21:12:41.195664,1045.2046271000002,0,1,0,1,0,0,,summer,0,0,0,1
606692027,25.5,28.148518,rain,0.6,0.0,9.449572,26.64,69.02067,989.6623,,2024-06-12 03:45:22.553770,2024-06-12 21:14:52.949458,1049.5065948,0,0,1,2,0,1,День России,summer,0,0,0,0
606694427,24.95,25.791666,rain,0.8,0.0,13.722565,35.28,64.72646,989.8328,,2024-06-12 03:47:43.984807,2024-06-12 21:12:06.684549,1044.3783290333333,0,0,1,2,0,1,День России,summer,0,0,0,0
606694627,24.8,25.97638,rain,0.2,0.0,11.27553,27.72,65.10325,993.63824,,2024-06-12 03:45:46.388075,2024-06-12 21:13:41.528608,1047.9190088833334,0,0,1,2,0,1,День России,summer,0,0,0,0
606868627,26.45,29.681156,rain,0.2,0.0,9.504272,33.12,65.65354,989.63824,,2024-06-12 03:46:18.804345,2024-06-12 21:12:37.811035,1046.3167781666666,0,0,1,2,0,1,День России,summer,0,0,0,0
606650227,18.55,19.58745,none,0.0,0.0,11.503113,20.16,93.90949,990.6027,,2024-06-12 03:46:08.123165,2024-06-12 21:13:58.716896,1047.84322885,0,1,0,2,0,1,День России,summer,0,0,0,1
606691627,18.3,19.37459,none,0.0,0.0,10.948973,22.319998,94.79207,991.9597,,2024-06-12 03:44:59.401653,2024-06-12 21:13:29.332278,1048.49884375,0,1,0,2,0,1,День России,summer,0,0,0,1
606679627,24.6,26.182201,none,0.0,0.0,13.246826,37.44,70.81076,989.6666,,2024-06-12 03:46:34.355494,2024-06-12 21:12:53.394827,1046.3173222166668,0,0,1,2,0,1,День России,summer,0,0,0,0
606933827,25.25,25.45688,none,0.0,0.0,16.862455,34.92,61.996887,993.6997,,2024-06-12 03:45:50.111992,2024-06-12 21:13:09.772942,1047.3276825,0,0,1,2,0,1,День России,summer,0,0,1,0
607398227,20.35,21.788443,none,0.0,0.0,10.8955765,20.880001,87.74735,991.9244,,2024-06-12 03:45:05.169431,2024-06-12 21:14:03.618449,1048.9741503,1,0,0,2,0,1,День России,summer,0,0,0,0
607399427,18.1,19.084593,none,0.0,0.0,11.119281,21.24,95.08431,987.53516,,2024-06-12 03:46:40.746197,2024-06-12 21:12:46.973418,1046.1037870166667,0,1,0,2,0,1,День России,summer,0,0,0,1
607249627,25.3,24.921349,rain,0.1,0.0,19.110542,39.239998,59.510033,993.5888,,2024-06-12 03:44:44.201581,2024-06-12 21:13:24.684019,1048.6747073,0,0,1,2,0,1,День России,summer,0,0,1,0
606822027,25.4,26.85884,rain,2.2,0.0,16.279802,27.72,68.147125,991.0947,,2024-06-12 03:45:45.987004,2024-06-12 21:14:18.871573,1048.54807615,0,0,1,2,0,1,День России,summer,0,0,1,0
607005427,21.4,23.51584,rain,5.1,0.0,7.9932976,19.08,85.1421,991.2499,,2024-06-12 03:44:45.240760,2024-06-12 21:14:48.154564,1050.0485634000001,0,0,1,2,0,1,День России,summer,0,0,1,0
606693627,26.2,26.012794,none,0.0,0.0,18.374111,31.68,57.137333,992.84534,,2024-06-12 03:45:25.106002,2024-06-12 21:12:40.646674,1047.2590112,0,0,1,2,0,1,День России,summer,0,0,1,0
606652827,17.3,18.797104,none,0.0,0.0,6.28713,14.04,97.19124,987.94025,,2024-06-12 03:44:53.527548,2024-06-12 21:15:13.005312,1050.3246294,0,1,0,2,0,1,День России,summer,0,0,0,1
606829227,18.25,19.398426,none,0.0,0.0,10.144082,17.64,94.49121,989.8729,,2024-06-12 03:45:08.558134,2024-06-12 21:14:35.767443,1049.4534884833333,0,1,0,2,0,1,День России,summer,0,0,0,1
606695627,23.7,25.293005,none,0.0,0.0,10.446206,20.880001,72.43934,988.27704,,2024-06-12 03:46:56.408249,2024-06-12 21:13:38.883614,1046.70792275,0,0,1,2,0,1,День России,summer,0,0,0,0
606746027,26.45,29.681156,rain,0.2,0.0,9.504272,33.12,65.65354,989.1884,,2024-06-12 03:46:16.932984,2024-06-12 21:13:13.956575,1046.9503931833333,0,0,1,2,0,1,День России,summer,0,0,0,0
606837627,18.85,20.816685,rain,5.6,0.0,4.6800003,14.4,91.29588,986.56055,,2024-06-12 03:47:08.239647,2024-06-12 21:13:30.816357,1046.3762785000001,0,1,0,2,0,1,День России,summer,0,0,1,1
606868227,24.5,26.315216,none,0.0,0.0,8.759178,20.16,68.82703,995.25366,,2024-06-12 03:46:00.749509,2024-06-12 21:12:17.113120,1046.27272685,0,0,1,2,0,1,День России,summer,0,0,0,0
606939427,24.8,25.288042,rain,0.4,0.0,12.738099,34.92,60.729305,988.9341,,2024-06-12 03:45:03.290792,2024-06-12 21:15:14.153216,1050.1810404,0,0,1,2,0,1,День России,summer,0,0,0,0
607846827,21.65,22.455175,rain,5.4,0.0,16.65754,34.56,83.326935,993.0496,,2024-06-12 03:46:37.921604,2024-06-12 21:14:01.634079,1047.3952079166668,0,0,1,2,0,1,День России,summer,0,0,1,0
606685827,26.15,29.337105,rain,0.2,0.0,10.464797,34.92,66.41275,989.8706,,2024-06-12 03:47:52.184247,2024-06-12 21:12:15.581073,1044.3899471,0,0,1,2,0,1,День России,summer,0,0,0,0
606708827,22.45,23.486952,rain,2.7,0.0,15.546833,33.839996,80.108345,993.4389,,2024-06-12 03:45:29.618539,2024-06-12 21:13:24.788956,1047.91950695,0,0,1,2,0,1,День России,summer,0,0,1,0
606686227,27.05,29.228817,rain,0.3,0.0,14.182355,33.12,61.050877,988.5538,,2024-06-12 03:47:40.460182,2024-06-12 21:12:07.926792,1044.4577768333334,0,0,1,2,0,1,День России,summer,0,0,0,0
606686027,24.95,28.611942,rain,0.1,0.0,7.145796,28.44,74.482414,988.93524,,2024-06-12 03:45:39.275259,2024-06-12 21:15:09.721962,1049.5074450500001,0,0,1,2,0,1,День России,summer,0,0,0,0
606687827,24.3,25.78767,rain,0.1,0.0,12.768586,34.92,72.09405,994.18823,,2024-06-12 03:45:46.758521,2024-06-12 21:13:32.919096,1047.7693429166668,0,0,1,2,0,1,День России,summer,0,0,0,0
606683827,24.45,27.425062,rain,0.1,0.0,8.669949,31.319998,74.6309,991.07654,,2024-06-12 03:45:42.061166,2024-06-12 21:13:53.714003,1048.19421395,0,0,1,2,0,1,День России,summer,0,0,0,0
606678227,23.0,24.984966,rain,0.1,0.0,9.693296,29.519999,78.45343,991.6913,,2024-06-12 03:45:07.831451,2024-06-12 21:14:36.977350,1049.4857649833334,0,0,1,2,0,1,День России,summer,0,0,0,0
606755427,18.85,21.103897,rain,0.1,0.0,5.1544156,10.08,96.01202,989.8362,,2024-06-12 03:45:37.560513,2024-06-12 21:15:01.750632,1049.40316865,0,1,0,2,0,1,День России,summer,0,0,0,1
606657827,17.8,19.337269,none,0.0,0.0,7.928178,12.599999,98.12682,995.10767,,2024-06-12 03:45:41.075922,2024-06-12 21:12:30.242274,1046.8194392,0,0,1,2,0,1,День России,summer,0,0,0,0
606658227,16.85,18.170391,none,0.0,0.0,6.638072,13.32,98.113205,989.13776,,2024-06-12 03:46:32.442391,2024-06-12 21:12:49.344443,1046.2817008666666,1,0,1,2,0,1,День России,summer,0,0,0,0
607501627,22.75,24.238272,rain,0.2,0.0,11.966953,33.48,77.92875,994.6321,,2024-06-12 03:45:40.730298,2024-06-12 21:12:44.416858,1047.0614426666666,0,0,1,2,0,1,День России,summer,0,0,0,0
606739827,23.25,25.679543,none,0.0,0.0,1.484318,17.28,69.67511,987.8123,,2024-06-13 03:48:32.476783,2024-06-13 21:13:43.335499,1045.1809786000001,0,0,1,3,0,0,,summer,0,0,0,0
606739427,22.7,25.57942,rain,0.1,0.0,1.8,16.919998,75.517555,987.0156,,2024-06-13 03:47:33.855351,2024-06-13 21:14:45.806557,1047.1991867666666,0,0,1,3,0,0,,summer,0,0,0,0
606780227,20.1,20.650373,rain,0.4,0.0,14.386494,24.84,84.47093,989.5831,,2024-06-13 03:45:17.642889,2024-06-13 21:14:43.369796,1049.4287817833333,0,0,1,3,0,0,,summer,0,0,0,0
606707027,18.85,21.112513,rain,0.1,0.0,4.32,6.8399997,94.51577,994.2206,,2024-06-13 03:45:18.165050,2024-06-13 21:14:20.249040,1049.0347331666667,0,1,0,3,0,0,,summer,0,0,0,1
606756427,22.5,24.217625,rain,0.1,0.0,6.519877,16.56,73.14433,988.6878,,2024-06-13 03:45:21.619013,2024-06-13 21:15:18.379245,1049.9460038666666,0,0,1,3,0,0,,summer,0,0,0,0
606807827,18.55,17.813599,none,0.0,0.0,17.163355,30.960001,81.12212,989.2276,,2024-06-13 03:44:31.050943,2024-06-13 21:15:28.981251,1050.9655051333334,0,0,1,3,0,0,,summer,0,0,1,0
607030427,20.35,20.002523,none,0.0,0.0,14.48972,25.919998,72.53346,993.2609,,2024-06-13 03:44:31.278296,2024-06-13 21:12:51.212320,1048.3322337333334,0,0,1,3,0,0,,summer,0,0,0,0
606722627,20.0,22.105188,none,0.0,0.0,4.0249224,11.5199995,85.53358,990.2307,,2024-06-13 03:46:20.920365,2024-06-13 21:12:51.990627,1046.5178377,0,0,1,3,0,0,,summer,0,0,0,0
606761227,21.15,21.900455,rain,0.3,0.0,11.681987,25.56,76.9566,988.928,,2024-06-13 03:46:20.249663,2024-06-13 21:14:38.729557,1048.3079982333334,0,0,1,3,0,0,,summer,0,0,0,0
607097827,17.0,15.394867,rain,0.5,0.0,21.434364,38.16,85.77443,991.0889,,2024-06-13 03:44:13.258854,2024-06-13 21:15:02.250848,1050.8165332333333,0,1,0,3,0,0,,summer,0,0,1,1
607112427,24.15,22.78531,none,0.0,0.0,14.145756,34.92,47.36397,986.53973,,2024-06-16 03:50:20.439381,2024-06-16 21:14:34.676730,1044.2372891500002,0,0,1,6,1,0,,summer,0,0,0,0
606711627,17.75,19.860115,none,0.0,0.0,2.8116899,5.7599998,95.97894,991.6865,,2024-06-13 03:45:40.436960,2024-06-13 21:14:38.380064,1048.9657184,0,0,1,3,0,0,,summer,0,0,0,0
607466227,21.0,23.044518,none,0.0,0.0,5.8048253,14.4,82.72991,988.96747,,2024-06-13 03:45:04.544082,2024-06-13 21:14:45.185849,1049.6773627833334,0,0,1,3,0,0,,summer,0,0,0,0
606795027,19.9,20.721394,rain,0.9,0.0,13.281023,23.4,86.88303,990.7382,,2024-06-13 03:45:14.654054,2024-06-13 21:13:50.402611,1048.5958092833332,0,0,1,3,0,0,,summer,0,0,0,0
606724627,18.9,21.066668,none,0.0,0.0,3.7585104,10.440001,91.87704,992.4737,,2024-06-13 03:45:08.933023,2024-06-13 21:13:49.374576,1048.6740258833333,0,0,1,3,0,0,,summer,0,0,0,0
606778827,19.9,20.980577,rain,1.1,0.0,12.57426,27.0,88.81845,990.04736,,2024-06-13 03:44:11.405861,2024-06-13 21:15:02.877644,1050.85786305,0,0,1,3,0,0,,summer,0,0,0,0
606737627,21.8,23.665323,none,0.0,0.0,6.5693827,20.880001,78.03343,987.439,,2024-06-13 03:44:43.714426,2024-06-13 21:15:56.230351,1051.20859875,0,0,1,3,0,0,,summer,0,0,0,0
606808827,18.45,17.246588,none,0.0,0.0,19.839235,38.88,80.58931,985.36774,,2024-06-13 03:45:17.061224,2024-06-13 21:17:46.838039,1052.49628025,0,0,1,3,0,0,,summer,0,0,1,0
606711027,18.55,20.661024,none,0.0,0.0,5.0528407,7.92,95.701485,992.3214,,2024-06-13 03:45:27.240003,2024-06-13 21:13:54.968230,1048.4621371166666,0,1,0,3,0,0,,summer,0,0,0,1
607463827,17.0,15.294006,rain,0.4,0.0,20.991426,36.719997,83.31513,988.82806,,2024-06-13 03:44:21.076338,2024-06-13 21:15:35.139137,1051.2343799833334,0,1,0,3,0,0,,summer,0,0,1,1
606779827,19.5,20.132381,rain,1.7,0.0,14.57889,24.48,89.0665,987.57477,,2024-06-13 03:46:23.869972,2024-06-13 21:14:33.346468,1048.1579416,0,0,1,3,0,0,,summer,0,0,0,0
606810627,17.5,16.488531,rain,1.7,0.0,20.12461,36.36,88.90714,989.11163,,2024-06-13 03:44:02.866331,2024-06-13 21:13:56.120607,1049.8875712666666,1,0,0,3,0,0,,summer,0,0,1,0
606808027,19.25,18.346226,none,0.0,0.0,17.651016,30.960001,76.41552,987.33673,,2024-06-13 03:44:42.700347,2024-06-13 21:15:42.093341,1050.9898832333333,0,0,1,3,0,0,,summer,0,0,1,0
607624027,22.25,23.796747,none,0.0,0.0,7.9932976,22.68,74.73486,989.4062,,2024-06-13 03:44:27.757467,2024-06-13 21:14:53.972641,1050.4369195666666,0,0,1,3,0,0,,summer,0,0,0,0
606818627,20.9,20.032059,none,0.0,0.0,16.75064,34.56,67.89702,988.7642,,2024-06-13 03:48:32.707423,2024-06-13 21:13:43.041967,1045.1722424,0,0,1,3,0,0,,summer,0,0,1,0
606813627,20.35,19.247564,none,0.0,0.0,18.1041,31.319998,69.78599,989.9079,,2024-06-13 03:46:05.554865,2024-06-13 21:14:48.608178,1048.7175552166666,0,0,1,3,0,0,,summer,0,0,1,0
606826227,18.55,20.661024,none,0.0,0.0,5.0528407,7.92,95.701485,993.82886,,2024-06-13 03:45:25.393506,2024-06-13 21:13:31.299502,1048.0984332666667,0,1,0,3,0,0,,summer,0,0,0,1
607031227,21.8,20.734962,none,0.0,0.0,18.35647,32.399998,64.66911,994.71295,,2024-06-13 03:45:25.522303,2024-06-13 21:13:06.958791,1047.6906081333334,0,0,1,3,0,0,,summer,0,0,1,0
606876427,18.5,17.831158,none,0.0,0.0,16.965895,28.8,81.900444,994.45276,,2024-06-13 03:45:20.471413,2024-06-13 21:13:31.699249,1048.1871306,0,0,1,3,0,0,,summer,0,0,1,0
606933427,20.45,20.491165,none,0.0,0.0,7.172949,20.16,63.95843,993.9724,,2024-06-14 03:45:12.500714,2024-06-14 21:16:05.040356,1050.8756607,0,0,1,4,0,0,,summer,0,0,0,0
606940027,18.3,18.986181,none,0.0,0.0,3.6,5.04,74.79456,999.0852,,2024-06-14 03:45:10.192327,2024-06-14 21:13:44.970415,1048.5796348,0,1,0,4,0,0,,summer,0,0,0,1
606931627,19.45,20.609726,none,0.0,0.0,3.8939953,10.799999,76.20191,994.2848,,2024-06-14 03:45:34.772213,2024-06-14 21:13:36.752353,1048.0330023333333,0,0,1,4,0,0,,summer,0,0,0,0
606922627,21.05,19.886078,none,0.0,0.0,10.931203,23.039999,54.05477,991.20605,,2024-06-14 03:44:53.603719,2024-06-14 21:17:07.061591,1052.2242978666666,0,0,1,4,0,0,,summer,0,0,0,0
606900227,22.2,20.61789,none,0.0,0.0,14.007655,30.599998,50.718254,988.6468,,2024-06-14 03:46:41.329098,2024-06-14 21:13:54.593748,1047.2210774999999,0,0,1,4,0,0,,summer,0,0,0,0
606939627,21.55,20.224983,none,0.0,0.0,11.298495,23.759998,51.22134,989.8852,,2024-06-14 03:46:26.743841,2024-06-14 21:15:06.641094,1048.6649542166667,0,0,1,4,0,0,,summer,0,0,0,0
606933027,19.2,20.289043,none,0.0,0.0,4.379589,11.879999,77.396675,996.81995,,2024-06-14 03:44:26.521829,2024-06-14 21:14:58.632408,1050.5351763166666,0,0,1,4,0,0,,summer,0,0,0,0
606917027,22.3,20.99273,none,0.0,0.0,14.168641,28.44,52.273224,995.51196,,2024-06-14 03:45:22.403666,2024-06-14 21:14:49.803741,1049.4566679166667,0,0,1,4,0,0,,summer,0,0,0,0
606879227,21.8,20.929863,none,0.0,0.0,16.595179,36.0,53.713818,989.47974,,2024-06-14 03:46:48.628993,2024-06-14 21:13:40.194886,1046.85943155,0,0,1,4,0,0,,summer,0,0,1,0
606925827,22.2,20.65577,none,0.0,0.0,15.496736,30.599998,53.464165,995.0639,,2024-06-14 03:45:05.704365,2024-06-14 21:13:53.455730,1048.7958560833333,0,0,1,4,0,0,,summer,0,0,1,0
606932827,20.5,20.798347,none,0.0,0.0,6.130579,21.24,65.01823,998.46454,,2024-06-14 03:45:18.168999,2024-06-14 21:13:46.285154,1048.4686025833334,0,0,1,4,0,0,,summer,0,0,0,0
606943627,17.0,14.5572815,none,0.0,0.0,24.57511,40.68,80.13271,992.814,,2024-06-14 03:45:17.090526,2024-06-14 21:15:07.396675,1049.8384358166666,0,0,1,4,0,0,,summer,0,0,1,0
606930627,17.65,18.106346,none,0.0,0.0,6.162207,8.64,79.96248,991.8097,,2024-06-14 03:45:52.184100,2024-06-14 21:15:56.400139,1050.0702673166666,0,0,1,4,0,0,,summer,0,0,0,0
606819027,16.25,14.800697,rain,0.4,0.0,20.240196,36.0,89.670456,989.8173,,2024-06-14 03:45:48.910410,2024-06-14 21:15:26.334036,1049.6237271,0,1,0,4,0,0,,summer,0,0,1,1
606937227,17.3,17.249908,none,0.0,0.0,6.28713,7.5599995,74.62606,995.08057,,2024-06-14 03:44:06.289003,2024-06-14 21:15:50.726335,1051.7406222,0,1,0,4,0,0,,summer,0,0,0,1
606839827,18.55,16.737814,none,0.0,0.0,19.296133,41.399998,70.81089,981.42224,,2024-06-14 03:46:21.224313,2024-06-14 21:14:33.540583,1048.2052711666668,0,0,1,4,0,0,,summer,0,0,1,0
606905627,22.3,20.99273,none,0.0,0.0,14.168641,28.44,52.273224,996.08575,,2024-06-14 03:45:15.139240,2024-06-14 21:15:13.615575,1049.9746055833334,0,0,1,4,0,0,,summer,0,0,0,0
606930227,20.6,20.687706,none,0.0,0.0,6.379216,19.08,62.548725,994.0968,,2024-06-14 03:45:36.402624,2024-06-14 21:16:16.151588,1050.6624827333333,0,0,1,4,0,0,,summer,0,0,0,0
606936427,19.55,20.501217,none,0.0,0.0,4.0249224,11.879999,73.330795,995.9116,,2024-06-14 03:45:01.273627,2024-06-14 21:14:48.871700,1049.7933012166666,0,0,1,4,0,0,,summer,0,0,0,0
606937027,19.6,20.877409,none,0.0,0.0,4.6938252,6.8399997,78.45552,993.2544,,2024-06-14 03:48:35.917782,2024-06-14 21:15:13.573727,1046.6275990833333,0,0,1,4,0,0,,summer,0,0,0,0
607137427,17.1,17.180424,none,0.0,0.0,6.439876,7.92,77.831726,995.4185,,2024-06-14 03:44:35.883943,2024-06-14 21:14:33.448238,1049.9594049166667,0,1,0,4,0,0,,summer,0,0,0,1
610372427,17.85,18.126627,none,0.0,0.0,7.145796,9.0,78.45164,990.1844,,2024-06-14 03:46:22.049984,2024-06-14 21:13:58.027461,1047.5996246166667,0,0,1,4,0,0,,summer,0,0,0,0
606874827,20.05,18.109058,none,0.0,0.0,20.056877,37.8,64.288864,992.57306,,2024-06-14 03:45:51.184077,2024-06-14 21:13:53.077293,1048.0315536,0,0,1,4,0,0,,summer,0,0,1,0
606938027,19.3,20.298922,none,0.0,0.0,4.2136917,11.879999,75.44605,996.9416,,2024-06-14 03:45:29.250268,2024-06-14 21:16:13.633442,1050.7397195666667,0,0,1,4,0,0,,summer,0,0,0,0
606911827,21.3,20.313465,none,0.0,0.0,10.464797,25.56,54.47729,996.015,,2024-06-14 03:45:19.983681,2024-06-14 21:16:30.111864,1051.16880305,0,0,1,4,0,0,,summer,0,0,0,0
607140427,21.2,19.922798,none,0.0,0.0,10.661107,24.84,51.813034,993.62634,,2024-06-14 03:46:33.956134,2024-06-14 21:13:44.726036,1047.1794983666666,0,0,1,4,0,0,,summer,0,0,0,0
606930427,17.55,17.952799,none,0.0,0.0,6.0347,7.92,79.432,991.6682,,2024-06-14 03:46:54.439791,2024-06-14 21:15:16.078755,1048.3606494,0,0,1,4,0,0,,summer,0,0,0,0
607028027,17.7,17.805937,none,0.0,0.0,6.618519,7.5599995,75.67424,995.76776,,2024-06-14 03:44:15.636945,2024-06-14 21:15:43.808675,1051.4695288333335,0,0,1,4,0,0,,summer,0,0,0,0
606929827,18.85,19.867796,none,0.0,0.0,5.00128,11.159999,79.359344,992.97296,,2024-06-14 03:44:24.557680,2024-06-14 21:16:10.574368,1051.7669448000001,0,0,1,4,0,0,,summer,0,0,0,0
606966827,21.0,19.487381,none,0.0,0.0,18.671474,38.16,60.630936,994.1773,,2024-06-14 03:44:23.140933,2024-06-14 21:13:42.453515,1049.3218763666666,0,0,1,4,0,0,,summer,0,0,1,0
606886027,21.9,20.627356,none,0.0,0.0,13.570615,30.960001,51.65428,989.8947,,2024-06-14 03:46:02.587971,2024-06-14 21:15:45.858978,1049.7211834500001,0,0,1,4,0,0,,summer,0,0,0,0
606919627,20.85,19.191317,none,0.0,0.0,18.671474,37.079998,61.192635,995.0737,,2024-06-14 03:45:03.847761,2024-06-14 21:13:54.529295,1048.8446922333335,0,0,1,4,0,0,,summer,0,0,1,0
606930827,20.55,20.548668,none,0.0,0.0,6.9899354,21.24,62.741817,993.15564,,2024-06-14 03:46:00.853964,2024-06-14 21:14:13.993573,1048.2189934833334,0,0,1,4,0,0,,summer,0,0,0,0
607332627,23.25,24.605598,none,0.0,0.0,5.6920996,17.28,50.16571,998.6293,,2024-06-15 03:45:07.147643,2024-06-15 21:14:27.969110,1049.34702445,0,0,1,5,1,0,,summer,0,0,0,0
607045027,18.3,18.282883,none,0.0,0.0,9.531505,11.5199995,77.00931,994.8159,,2024-06-15 03:46:09.184046,2024-06-15 21:14:14.450256,1048.0877701666666,0,0,1,5,1,0,,summer,0,0,0,0
607035227,18.85,18.926086,none,0.0,0.0,7.9036193,10.08,72.498764,992.86646,,2024-06-15 03:45:41.962377,2024-06-15 21:16:26.979872,1050.7502915833334,0,0,1,5,1,0,,summer,0,0,0,0
607051427,21.45,21.633554,none,0.0,0.0,7.771331,11.879999,62.740063,994.7667,,2024-06-15 03:44:29.123627,2024-06-15 21:16:02.940620,1051.56361655,0,0,1,5,1,0,,summer,0,0,0,0
607053227,23.1,23.464216,none,0.0,0.0,5.0911684,14.759999,50.290966,999.0648,,2024-06-15 03:45:15.407310,2024-06-15 21:16:45.910571,1051.5083876833332,0,0,1,5,1,0,,summer,0,0,0,0
607053427,17.0,17.18411,none,0.0,0.0,7.4128532,12.24,81.97586,995.47003,,2024-06-15 03:44:56.772069,2024-06-15 21:16:52.750447,1051.9329729666667,0,1,0,5,1,0,,summer,0,0,0,1
607073827,18.45,18.40101,none,0.0,0.0,9.007196,10.799999,74.81967,995.523,,2024-06-15 03:45:34.242913,2024-06-15 21:16:03.227773,1050.4830809999999,1,0,0,5,1,0,,summer,0,0,0,0
607220627,23.05,24.276659,none,0.0,0.0,6.9247384,19.08,50.443306,994.0217,,2024-06-15 03:45:33.376748,2024-06-15 21:14:17.104537,1048.7287964833333,0,0,1,5,1,0,,summer,0,0,0,0
607103827,23.95,23.283546,none,0.0,0.0,6.8777895,15.84,44.431286,996.53973,,2024-06-15 03:43:58.391859,2024-06-15 21:15:18.455699,1051.3343973333333,0,0,1,5,1,0,,summer,0,0,0,0
606979427,20.15,20.335012,none,0.0,0.0,3.7585104,14.04,60.830303,992.9344,,2024-06-15 03:46:25.280830,2024-06-15 21:14:44.614800,1048.3222328333334,0,0,1,5,1,0,,summer,0,0,0,0
607034827,23.8,23.957823,none,0.0,0.0,1.0182338,7.5599995,44.537346,996.61365,,2024-06-15 03:45:26.541554,2024-06-15 21:14:27.497053,1049.0159249833334,0,0,1,5,1,0,,summer,0,0,0,0
607092027,21.85,22.93134,none,0.0,0.0,2.5455842,12.599999,53.726658,998.22656,,2024-06-15 03:44:11.586528,2024-06-15 21:15:58.069587,1051.77471765,0,0,1,5,1,0,,summer,0,0,0,0
607117027,18.45,17.008537,rain,1.7,0.0,19.8,33.839996,77.28193,989.6272,,2024-06-17 03:46:25.918967,2024-06-17 21:15:57.999622,1049.5346775833334,0,1,0,0,0,0,,summer,0,0,1,1
607034227,23.2,23.908127,none,0.0,0.0,1.2979984,7.92,52.164925,996.08905,,2024-06-15 03:45:21.498304,2024-06-15 21:16:49.942707,1051.4740733833335,0,0,1,5,1,0,,summer,0,0,0,0
607635027,20.7,20.671173,none,0.0,0.0,7.771331,16.199999,63.18579,997.2562,,2024-06-15 03:43:48.665288,2024-06-15 21:16:22.447299,1052.5630335166668,0,0,1,5,1,0,,summer,0,0,0,0
610727227,21.35,22.101746,none,0.0,0.0,5.771239,9.36,66.26034,997.4085,,2024-06-15 03:45:18.809871,2024-06-15 21:14:50.835953,1049.5337680333332,0,0,1,5,1,0,,summer,0,0,0,0
607051827,23.8,22.390234,none,0.0,0.0,10.24578,24.48,42.368267,995.68396,,2024-06-15 03:44:27.826456,2024-06-15 21:15:38.690155,1051.18106165,0,0,1,5,1,0,,summer,0,0,0,0
607396627,21.35,22.101746,none,0.0,0.0,5.771239,9.36,66.26034,996.9475,,2024-06-15 03:45:18.621650,2024-06-15 21:14:48.744620,1049.5020494999999,0,0,1,5,1,0,,summer,0,0,0,0
607047027,22.0,23.702776,none,0.0,0.0,1.08,12.599999,53.237186,993.6729,,2024-06-15 03:44:23.225353,2024-06-15 21:17:57.842753,1053.5769566666668,0,0,1,5,1,0,,summer,0,0,0,0
607169227,17.95,17.77409,none,0.0,0.0,9.028754,12.959999,75.46911,996.42206,,2024-06-15 03:44:00.297977,2024-06-15 21:16:34.946210,1052.57747055,0,0,1,5,1,0,,summer,0,0,0,0
607180827,17.95,17.77409,none,0.0,0.0,9.028754,12.959999,75.46911,997.47156,,2024-06-15 03:44:12.837549,2024-06-15 21:16:26.059400,1052.2203641833335,1,0,0,5,1,0,,summer,0,0,0,0
607521827,21.85,22.93134,none,0.0,0.0,2.5455842,12.599999,53.726658,995.4653,,2024-06-15 03:43:41.408121,2024-06-15 21:16:27.450362,1052.7673706833334,0,0,1,5,1,0,,summer,0,0,0,0
606994227,21.1,22.24083,none,0.0,0.0,3.0758414,12.959999,59.28312,999.9378,,2024-06-15 03:43:58.348118,2024-06-15 21:13:57.188918,1049.98068,0,0,1,5,1,0,,summer,0,0,0,0
607015827,23.55,23.46285,none,0.0,0.0,5.6233797,15.4800005,47.82806,988.51776,,2024-06-15 03:45:59.705468,2024-06-15 21:15:15.992334,1049.2714477666666,0,0,1,5,1,0,,summer,0,0,0,0
607054027,23.45,23.554441,rain,0.1,0.0,6.3690495,15.84,48.916203,996.12,,2024-06-15 03:45:06.787982,2024-06-15 21:16:20.564809,1051.2296137833334,0,0,1,5,1,0,,summer,0,0,0,0
606946027,13.95,13.850973,none,0.0,0.0,7.0911775,8.64,93.69616,996.01465,,2024-06-15 03:44:49.026418,2024-06-15 21:15:34.286805,1050.7543397833333,0,1,0,5,1,0,,summer,0,0,0,1
607079227,20.65,21.178326,none,0.0,0.0,9.826088,20.519999,73.522224,999.8622,,2024-06-16 03:43:42.552263,2024-06-16 21:16:51.838783,1053.1547753333334,0,0,1,6,1,0,,summer,0,0,0,0
607093427,24.1,23.975416,rain,0.1,0.0,18.692286,37.44,55.184555,995.7898,,2024-06-16 03:46:01.877403,2024-06-16 21:16:08.887546,1050.1168357166666,0,0,1,6,1,0,,summer,0,0,1,0
607112027,20.55,18.616278,none,0.0,0.0,21.194187,36.36,64.398056,997.7447,,2024-06-16 03:44:02.828474,2024-06-16 21:16:42.184945,1052.6559411833334,0,1,0,6,1,0,,summer,0,0,1,1
614243227,24.75,25.551249,none,0.0,0.0,9.504272,23.759998,55.34679,1002.75507,,2024-08-29 05:31:45.236736,2024-08-29 19:30:24.810982,838.6595707666667,0,0,1,3,0,0,,summer,0,0,0,0
607112627,20.65,20.307198,rain,0.3,0.0,11.631956,25.919998,66.32813,988.01044,,2024-06-16 03:46:38.355301,2024-06-16 21:15:28.725686,1048.8395064166666,0,0,1,6,1,0,,summer,0,0,0,0
607113427,20.9,20.371923,rain,0.2,0.0,14.291592,23.759998,67.678505,994.81604,,2024-06-16 03:45:11.800004,2024-06-16 21:15:21.646167,1050.1641027166668,0,0,1,6,1,0,,summer,0,0,0,0
607707227,22.0,21.166258,rain,0.4,0.0,15.745627,25.199999,62.25726,998.333,,2024-06-16 03:44:59.466985,2024-06-16 21:16:09.967380,1051.1750065833335,0,0,1,6,1,0,,summer,0,0,1,0
607067427,16.6,16.72858,none,0.0,0.0,8.913181,14.759999,86.56971,999.21814,,2024-06-16 03:44:51.349202,2024-06-16 21:15:33.207173,1050.69763285,0,0,1,6,1,0,,summer,0,0,0,0
607612227,21.65,21.006172,rain,0.1,0.0,17.31746,31.319998,68.266075,995.45953,,2024-06-16 03:45:49.453036,2024-06-16 21:15:10.128340,1049.3445884,0,0,1,6,1,0,,summer,0,0,1,0
608217427,20.15,19.560595,rain,0.1,0.0,13.324863,29.16,68.40701,996.0326,,2024-06-16 03:43:54.876180,2024-06-16 21:17:06.531730,1053.1942591666668,0,0,1,6,1,0,,summer,0,0,0,0
607150427,24.6,23.57797,none,0.0,0.0,13.854155,32.399998,48.903645,993.0085,,2024-06-16 03:45:31.003341,2024-06-16 21:15:48.290603,1050.2881210333333,0,0,1,6,1,0,,summer,0,0,0,0
607108427,22.7,22.373617,none,0.0,0.0,11.885453,19.8,59.086655,995.63367,,2024-06-16 03:43:49.967087,2024-06-16 21:17:15.814558,1053.4307911833334,0,0,1,6,1,0,,summer,0,0,0,0
607053627,15.6,15.146198,none,0.0,0.0,7.7043357,11.5199995,79.93898,997.3527,,2024-06-16 03:44:44.363826,2024-06-16 21:16:11.687606,1051.4553963333333,0,1,0,6,1,0,,summer,0,0,0,1
607117827,20.7,20.380835,rain,0.3,0.0,12.096214,26.64,67.20234,995.82385,,2024-06-16 03:45:14.998079,2024-06-16 21:15:24.365304,1050.1561204166667,0,0,1,6,1,0,,summer,0,0,0,0
607114627,22.4,21.275562,rain,0.1,0.0,18.11841,34.92,61.35066,995.3976,,2024-06-16 03:45:54.257012,2024-06-16 21:16:54.163733,1050.9984453499999,0,0,1,6,1,0,,summer,0,0,1,0
607108827,20.55,19.837263,rain,0.4,0.0,15.94601,29.88,69.82453,992.4396,,2024-06-16 03:45:30.551003,2024-06-16 21:17:00.538852,1051.4997974833334,0,0,1,6,1,0,,summer,0,0,1,0
607119627,19.75,18.442577,none,0.0,0.0,15.596767,33.12,65.28147,994.56354,,2024-06-16 03:44:15.052016,2024-06-16 21:16:46.872209,1052.53033655,0,1,0,6,1,0,,summer,0,0,1,1
607149427,24.75,23.001009,none,0.0,0.0,17.114204,34.92,46.14526,986.9685,,2024-06-16 03:46:12.783237,2024-06-16 21:15:40.235433,1049.4575366,0,0,1,6,1,0,,summer,0,0,1,0
607082027,15.9,15.781471,none,0.0,0.0,6.989936,13.32,82.104614,999.7628,,2024-06-16 03:44:43.167266,2024-06-16 21:14:50.318263,1050.1191832833333,0,1,0,6,1,0,,summer,0,0,0,1
607099827,24.45,24.174925,rain,0.1,0.0,18.947083,35.28,53.8646,993.19714,,2024-06-16 03:45:46.159376,2024-06-16 21:16:01.153814,1050.2499073000001,0,0,1,6,1,0,,summer,0,0,1,0
607206627,18.6,19.812527,none,0.0,0.0,11.367109,23.039999,95.70305,986.0461,,2024-06-17 03:43:31.312047,2024-06-17 21:18:14.478170,1054.7194353833333,0,1,0,0,0,0,,summer,0,0,0,1
609586627,23.0,23.767143,rain,0.6,0.0,15.484185,37.44,74.62419,996.6264,,2024-06-17 03:44:46.961803,2024-06-17 21:16:33.516709,1051.7759151,0,0,1,0,0,0,,summer,0,0,1,0
607944827,19.2,18.36164,none,0.0,0.0,17.727943,33.12,77.64569,991.2779,,2024-06-17 03:45:07.869551,2024-06-17 21:18:15.644278,1053.1295787833335,0,0,1,0,0,0,,summer,0,0,1,0
607150227,22.8,22.839437,none,0.0,0.0,20.163212,42.48,75.06104,989.27136,,2024-06-17 03:46:42.136288,2024-06-17 21:15:44.140654,1049.0334061,0,0,1,0,0,0,,summer,0,0,1,0
607172427,22.5,23.257736,rain,0.4,0.0,20.957443,32.039997,85.25595,989.7191,,2024-06-17 03:44:29.124729,2024-06-17 21:17:03.262401,1052.5689611999999,0,0,1,0,0,0,,summer,0,0,1,0
607243827,24.8,26.162018,rain,0.1,0.0,15.778518,34.92,72.85888,990.0175,,2024-06-17 03:43:56.299791,2024-06-17 21:17:34.954810,1053.6442503166666,0,0,1,0,0,0,,summer,0,0,1,0
607169427,22.5,23.257736,rain,0.4,0.0,20.957443,32.039997,85.25595,993.60223,,2024-06-17 03:44:55.200802,2024-06-17 21:16:52.146934,1051.9491022,0,0,1,0,0,0,,summer,0,0,1,0
607194227,25.0,26.56139,none,0.0,0.0,14.241629,33.839996,71.77134,988.33563,,2024-06-17 03:43:45.411146,2024-06-17 21:17:52.858274,1054.1241188,0,0,1,0,0,0,,summer,0,0,0,0
607234027,19.3,18.268557,none,0.0,0.0,18.919704,30.599998,76.916275,993.59515,,2024-06-17 03:44:10.572703,2024-06-17 21:17:32.152305,1053.3596600333333,0,0,1,0,0,0,,summer,0,0,1,0
607602027,24.35,25.415642,rain,0.1,0.0,16.645864,34.56,73.235176,991.70654,,2024-06-17 03:45:17.441463,2024-06-17 21:17:50.193544,1052.5458680166666,0,0,1,0,0,0,,summer,0,0,1,0
614575627,22.95,21.90335,none,0.0,0.0,10.44,18.0,48.620934,1003.6342,,2024-09-01 05:36:50.714998,2024-09-01 19:22:29.216821,825.64169705,1,0,0,6,1,0,,autumn,0,0,0,0
607182027,21.05,23.225695,rain,6.7,0.0,9.220499,26.28,89.74478,993.88654,,2024-06-17 03:45:01.174054,2024-06-17 21:16:32.909427,1051.5289228833333,0,0,1,0,0,0,,summer,0,0,1,0
607216827,19.25,20.70245,none,0.0,0.0,11.592895,19.44,95.424706,988.1796,,2024-06-17 03:45:39.636531,2024-06-17 21:15:02.251952,1049.3769236833334,0,1,0,0,0,0,,summer,0,0,0,1
607212427,20.0,21.051193,rain,1.7,0.0,14.182355,38.88,90.79828,992.10333,,2024-06-17 03:44:32.378165,2024-06-17 21:14:59.257033,1050.4479811333333,0,0,1,0,0,0,,summer,0,0,0,0
607154827,22.45,22.235468,none,0.0,0.0,20.523155,46.079998,74.53282,990.45245,,2024-06-17 03:44:57.971048,2024-06-17 21:18:17.931101,1053.33266755,0,0,1,0,0,0,,summer,0,0,1,0
607213227,20.2,21.98382,none,0.0,0.0,11.252519,22.319998,93.39959,985.1058,,2024-06-17 03:45:47.873514,2024-06-17 21:15:41.004318,1049.8855134,0,0,1,0,0,0,,summer,0,0,0,0
607180427,21.4,22.450329,rain,0.9,0.0,16.93531,30.599998,87.83865,994.4801,,2024-06-17 03:44:38.932429,2024-06-17 21:15:23.074740,1050.7357051833335,0,0,1,0,0,0,,summer,0,0,1,0
607189827,21.15,22.648167,rain,1.0,0.0,15.546833,36.719997,92.00949,987.785,,2024-06-17 03:45:01.135894,2024-06-17 21:18:21.611470,1053.3412596,0,0,1,0,0,0,,summer,0,0,1,0
607176227,22.65,23.454836,rain,0.2,0.0,19.110542,32.760002,82.15619,991.9941,,2024-06-17 03:43:59.139627,2024-06-17 21:17:23.449579,1053.4051658666667,0,0,1,0,0,0,,summer,0,0,1,0
607197427,19.85,21.468468,rain,0.9,0.0,11.090103,30.960001,93.09112,993.7312,,2024-06-17 03:45:13.381934,2024-06-17 21:17:27.860306,1052.2413062,0,0,1,0,0,0,,summer,0,0,0,0
607137027,20.6,20.333193,none,0.0,0.0,18.514643,33.839996,79.35229,991.16364,,2024-06-17 03:45:35.021868,2024-06-17 21:14:57.899717,1049.3812974833334,0,0,1,0,0,0,,summer,0,0,1,0
607197627,24.3,25.52347,rain,0.3,0.0,16.563911,33.12,74.838326,990.2819,,2024-06-17 03:45:40.038856,2024-06-17 21:14:58.673421,1049.3105760833334,0,0,1,0,0,0,,summer,0,0,1,0
607171027,21.75,23.790257,rain,3.8,0.0,11.4862,24.48,88.14196,993.38275,,2024-06-17 03:44:56.648174,2024-06-17 21:16:20.250983,1051.39338015,0,0,1,0,0,0,,summer,0,0,0,0
607201627,20.15,21.447435,rain,0.5,0.0,13.450708,28.44,91.66418,988.37177,,2024-06-17 03:45:21.427146,2024-06-17 21:15:54.748205,1050.5553509833333,0,0,1,0,0,0,,summer,0,0,0,0
607202627,19.1,20.383665,none,0.0,0.0,12.43434,21.96,95.7191,992.4381,,2024-06-17 03:44:40.523350,2024-06-17 21:16:21.390391,1051.68111735,0,1,0,0,0,0,,summer,0,0,0,1
607204427,24.7,26.010218,rain,0.3,0.0,16.641972,33.12,73.98092,994.9751,,2024-06-17 03:44:57.489452,2024-06-17 21:14:59.691001,1050.0366924833334,0,0,1,0,0,0,,summer,0,0,1,0
607199227,20.9,21.59472,rain,0.5,0.0,20.211363,36.719997,91.99493,993.2383,,2024-06-17 03:44:48.106775,2024-06-17 21:16:02.521916,1051.24025235,0,0,1,0,0,0,,summer,0,0,1,0
607310427,19.7,18.87822,none,0.0,0.0,20.46941,39.96,80.498856,991.94055,,2024-06-18 03:44:13.747940,2024-06-18 21:15:50.370057,1051.6103686166666,0,0,1,1,0,0,,summer,0,0,1,0
607536027,20.15,21.331652,none,0.0,0.0,11.879999,23.4,87.45459,987.5555,,2024-06-18 03:44:24.686944,2024-06-18 21:17:02.640207,1052.6325543833334,0,0,1,1,0,0,,summer,0,0,0,0
607319427,22.5,21.96797,rain,0.2,0.0,19.602652,38.16,69.53124,985.84247,,2024-06-18 03:45:30.446088,2024-06-18 21:17:47.504609,1052.2843086833334,0,0,1,1,0,0,,summer,0,0,1,0
607310227,18.75,17.852438,none,0.0,0.0,18.0036,31.68,79.60062,994.60956,,2024-06-18 03:43:45.436114,2024-06-18 21:15:19.320174,1051.5647343333333,0,1,0,1,0,0,,summer,0,0,1,1
607318427,21.45,22.374681,rain,0.1,0.0,11.367109,24.48,77.00267,985.03503,,2024-06-18 03:46:09.889794,2024-06-18 21:17:37.939229,1051.4674905833333,0,0,1,1,0,0,,summer,0,0,0,0
607306027,19.15,18.246653,none,0.0,0.0,19.242327,36.0,79.91192,991.6733,,2024-06-18 03:45:12.796858,2024-06-18 21:15:22.092647,1050.1549298166667,1,0,0,1,0,0,,summer,0,0,1,0
607306227,18.55,17.104185,none,0.0,0.0,20.082708,33.48,77.29732,988.29865,,2024-06-18 03:46:01.888167,2024-06-18 21:15:48.035503,1049.7691222666667,0,1,0,1,0,0,,summer,0,0,1,1
608506027,22.35,21.4686,rain,0.3,0.0,23.157824,38.16,71.970894,991.3808,,2024-06-18 03:44:39.961848,2024-06-18 21:16:44.150734,1052.0698147666667,0,0,1,1,0,0,,summer,0,0,1,0
608869427,22.4,23.029278,rain,0.6,0.0,17.974781,32.760002,73.822815,991.2974,,2024-06-18 03:44:49.932033,2024-06-18 21:16:52.088088,1052.03593425,0,0,1,1,0,0,,summer,0,0,1,0
607307027,22.35,21.4686,rain,0.3,0.0,23.157824,38.16,71.970894,991.0382,,2024-06-18 03:44:50.511842,2024-06-18 21:16:22.466115,1051.5325712166666,0,0,1,1,0,0,,summer,0,0,1,0
608206027,22.35,21.4686,rain,0.3,0.0,23.157824,38.16,71.970894,989.09863,,2024-06-18 03:44:27.317181,2024-06-18 21:16:55.028149,1052.4618494666668,0,0,1,1,0,0,,summer,0,0,1,0
607248827,22.75,23.535053,rain,0.7,0.0,18.504139,33.839996,71.58933,987.0204,,2024-06-18 03:44:12.998166,2024-06-18 21:18:15.199537,1054.0366895166667,0,0,1,1,0,0,,summer,0,0,1,0
607473827,21.15,22.127789,none,0.0,0.0,12.964998,27.0,81.713974,989.9239,,2024-06-18 03:44:00.482862,2024-06-18 21:17:21.314037,1053.34718625,0,0,1,1,0,0,,summer,0,0,0,0
607294827,22.3,21.27058,rain,0.1,0.0,23.157824,40.68,70.60571,986.9015,,2024-06-18 03:45:34.192572,2024-06-18 21:17:02.262847,1051.4678379166667,0,0,1,1,0,0,,summer,0,0,1,0
607267627,23.15,24.633598,rain,0.4,0.0,15.629972,32.039997,76.780525,988.7947,,2024-06-18 03:43:51.479995,2024-06-18 21:17:31.044495,1053.6594083333334,0,0,1,1,0,0,,summer,0,0,1,0
607612827,21.95,22.354267,rain,0.1,0.0,15.379206,29.16,75.39638,986.7414,,2024-06-18 03:44:24.050538,2024-06-18 21:17:17.491459,1052.8906820166667,0,0,1,1,0,0,,summer,0,0,1,0
607241827,21.9,22.592999,rain,0.2,0.0,13.849477,28.08,76.34615,987.1461,,2024-06-18 03:45:19.101574,2024-06-18 21:15:23.206510,1050.0684156,0,0,1,1,0,0,,summer,0,0,0,0
607426627,19.15,18.280201,none,0.0,0.0,17.811815,31.319998,77.63815,988.67523,,2024-06-18 03:44:10.047661,2024-06-18 21:18:31.054072,1054.35010685,0,0,1,1,0,0,,summer,0,0,1,0
607279027,22.95,22.829544,rain,0.1,0.0,20.696085,36.0,71.62567,990.77576,,2024-06-18 03:44:44.044388,2024-06-18 21:16:34.352975,1051.83847645,0,0,1,1,0,0,,summer,0,0,1,0
607258227,22.0,23.068338,rain,1.3,0.0,13.896187,35.28,80.04755,988.2096,,2024-06-18 03:45:00.858668,2024-06-18 21:17:59.881660,1052.9837165333333,0,0,1,1,0,0,,summer,0,0,0,0
607346427,21.6,20.130913,rain,0.4,0.0,24.066206,40.32,70.249596,987.3592,,2024-06-18 03:45:27.223943,2024-06-18 21:15:33.086700,1050.0977126166667,0,0,1,1,0,0,,summer,0,0,1,0
607454427,19.9,21.171602,none,0.0,0.0,11.885453,25.199999,89.941315,987.8834,,2024-06-18 03:43:38.756433,2024-06-18 21:17:34.012493,1053.9209343333334,0,0,1,1,0,0,,summer,0,0,0,0
607274627,23.05,24.291246,rain,0.3,0.0,14.494192,33.839996,76.286644,986.5186,,2024-06-18 03:43:31.791292,2024-06-18 21:16:33.688372,1053.031618,0,0,1,1,0,0,,summer,0,0,0,0
607312827,19.3,18.364754,none,0.0,0.0,20.140705,44.28,80.445244,984.55835,,2024-06-18 03:44:36.559831,2024-06-18 21:20:31.051224,1055.9081898833333,0,0,1,1,0,0,,summer,0,0,1,0
607868427,18.4,19.765844,none,0.0,0.0,10.163227,18.0,96.60485,989.808,,2024-06-18 03:44:08.533768,2024-06-18 21:17:27.075548,1053.3090296666667,0,1,0,1,0,0,,summer,0,0,0,1
607469827,18.6,17.28285,none,0.0,0.0,18.947083,31.319998,76.55953,990.1831,,2024-06-18 03:44:47.045874,2024-06-18 21:17:56.200553,1053.1525779833332,1,0,0,1,0,0,,summer,0,0,1,0
607219427,18.35,19.860058,none,0.0,0.0,9.021574,15.119999,96.60353,991.6913,,2024-06-18 03:45:06.851551,2024-06-18 21:16:54.767417,1051.7985977666667,0,1,0,1,0,0,,summer,0,0,0,1
607263227,21.3,21.457754,rain,0.3,0.0,16.923828,38.88,78.20634,988.42926,,2024-06-18 03:47:44.434913,2024-06-18 21:16:17.632408,1048.5532915833332,0,0,1,1,0,0,,summer,0,0,1,0
607415027,21.35,20.681784,none,0.0,0.0,15.379206,25.919998,66.04717,989.9374,,2024-06-19 03:45:41.679997,2024-06-19 21:18:21.419573,1052.6623262666667,1,0,0,2,0,0,,summer,0,0,1,0
607331627,17.95,17.385115,none,0.0,0.0,15.725037,29.519999,83.694855,992.62537,,2024-06-19 03:44:12.553845,2024-06-19 21:18:31.686780,1054.3188822500001,0,0,1,2,0,0,,summer,0,0,1,0
607349827,23.35,22.826677,rain,0.1,0.0,17.651016,32.039997,53.409912,994.466,,2024-06-19 03:44:29.986911,2024-06-19 21:17:51.533653,1053.3591123666667,0,0,1,2,0,0,,summer,0,0,1,0
607489627,24.4,24.328087,none,0.0,0.0,10.636766,26.64,54.026127,991.9231,,2024-06-19 03:44:46.874359,2024-06-19 21:18:40.564913,1053.8948425666667,0,0,1,2,0,0,,summer,0,0,0,0
607411427,24.8,23.592386,none,0.0,0.0,13.854155,26.28,46.615253,994.22473,,2024-06-19 03:44:36.095578,2024-06-19 21:17:14.687163,1052.6431930833335,0,0,1,2,0,0,,summer,0,0,0,0
607333227,18.1,17.902166,none,0.0,0.0,13.207634,30.960001,82.90953,991.5825,,2024-06-19 03:47:30.908720,2024-06-19 21:18:48.359865,1051.2908524166667,0,0,1,2,0,0,,summer,0,0,0,0
607442427,24.4,24.338097,none,0.0,0.0,10.315115,22.68,53.678185,992.34595,,2024-06-19 03:45:54.749408,2024-06-19 21:17:20.968704,1051.4369882666667,0,0,1,2,0,0,,summer,0,0,0,0
607563627,20.55,19.90882,none,0.0,0.0,14.81259,30.599998,68.708145,995.1568,,2024-06-19 03:44:52.455272,2024-06-19 21:18:06.460945,1053.2334278833334,0,0,1,2,0,0,,summer,0,0,0,0
607366027,21.7,21.598778,none,0.0,0.0,14.24163,32.399998,62.39107,994.4243,,2024-06-19 03:44:00.917726,2024-06-19 21:16:33.669839,1052.54586855,0,0,1,2,0,0,,summer,0,0,0,0
607410627,24.3,23.834171,none,0.0,0.0,11.841756,30.239998,52.280247,993.49133,,2024-06-19 03:43:38.517944,2024-06-19 21:18:23.024258,1054.7417719,0,0,1,2,0,0,,summer,0,0,0,0
607461227,23.95,23.684036,none,0.0,0.0,17.106628,32.760002,51.012955,993.98315,,2024-06-19 03:44:26.665054,2024-06-19 21:17:54.085289,1053.4570039166667,0,0,1,2,0,0,,summer,0,0,1,0
607356427,23.2,22.698374,rain,0.1,0.0,16.595179,33.839996,53.024235,994.9294,,2024-06-19 03:43:31.431342,2024-06-19 21:17:48.814111,1054.2897128166667,0,0,1,2,0,0,,summer,0,0,1,0
607313227,16.65,15.407122,none,0.0,0.0,17.076298,27.72,83.54469,991.37103,,2024-06-19 03:44:29.755338,2024-06-19 21:17:51.734664,1053.3663221,0,1,0,2,0,0,,summer,0,0,1,1
607499627,17.1,16.035845,none,0.0,0.0,15.484185,30.599998,80.40735,990.08734,,2024-06-19 03:46:44.831449,2024-06-19 21:17:32.993411,1050.8026993666667,0,1,0,2,0,0,,summer,0,0,1,1
608299827,24.6,22.559643,none,0.0,0.0,15.778518,32.760002,42.029926,988.1786,,2024-06-19 03:44:45.391866,2024-06-19 21:20:48.567418,1056.0529258666668,0,0,1,2,0,0,,summer,0,0,1,0
607350427,23.25,22.839127,none,0.0,0.0,16.676977,32.039997,52.864296,992.8785,,2024-06-19 03:44:04.859031,2024-06-19 21:18:38.501343,1054.5607052,0,0,1,2,0,0,,summer,0,0,1,0
607393627,24.7,23.685095,none,0.0,0.0,13.570615,26.64,48.295834,995.0141,,2024-06-19 03:45:33.972590,2024-06-19 21:17:47.091697,1052.2186517833334,0,0,1,2,0,0,,summer,0,0,0,0
607344627,21.75,21.578201,none,0.0,0.0,14.241629,28.08,61.59933,997.5153,,2024-06-19 03:44:50.485446,2024-06-19 21:18:27.588734,1053.6183881333334,0,0,1,2,0,0,,summer,0,0,0,0
607411827,22.05,22.253468,none,0.0,0.0,10.30883,20.519999,64.72299,995.71204,,2024-06-19 03:45:18.043113,2024-06-19 21:18:25.773126,1053.12883355,0,0,1,2,0,0,,summer,0,0,0,0
607412827,23.05,22.944435,none,0.0,0.0,13.217443,21.599998,62.09413,997.4681,,2024-06-19 03:45:06.822938,2024-06-19 21:15:54.122224,1050.7883214333333,0,0,1,2,0,0,,summer,0,0,0,0
607431627,21.3,20.266418,none,0.0,0.0,16.992609,29.519999,64.77003,994.40753,,2024-06-19 03:43:57.446046,2024-06-19 21:17:22.882611,1053.4239427500002,1,0,0,2,0,0,,summer,0,0,1,0
607363627,20.55,19.805647,none,0.0,0.0,16.42247,34.2,70.27552,995.5028,,2024-06-19 03:44:01.312073,2024-06-19 21:16:24.263896,1052.3825303833335,0,0,1,2,0,0,,summer,0,0,1,0
607423227,21.2,20.647417,none,0.0,0.0,14.458382,23.4,66.44288,993.36707,,2024-06-19 03:43:28.201335,2024-06-19 21:18:07.947011,1054.6624279333332,0,0,1,2,0,0,,summer,0,0,0,0
607531627,23.25,22.97518,none,0.0,0.0,16.09969,33.12,53.558586,994.5576,,2024-06-19 03:45:04.288047,2024-06-19 21:18:57.005020,1053.8786162166666,0,0,1,2,0,0,,summer,0,0,1,0
607431427,20.05,19.419092,none,0.0,0.0,15.646544,26.64,72.47982,993.4053,,2024-06-19 03:44:29.153862,2024-06-19 21:15:49.770151,1051.3436048166666,0,1,0,2,0,0,,summer,0,0,1,1
607376027,23.95,23.76544,none,0.0,0.0,16.75064,33.48,50.681103,995.88947,,2024-06-19 03:45:24.786098,2024-06-19 21:17:25.707440,1052.0153557,0,0,1,2,0,0,,summer,0,0,1,0
607321027,18.15,17.4421,none,0.0,0.0,16.311613,34.56,81.856346,991.9697,,2024-06-19 03:46:41.594624,2024-06-19 21:16:25.200957,1049.7267722166666,0,0,1,2,0,0,,summer,0,0,1,0
607379427,23.9,23.780514,rain,0.1,0.0,16.394829,32.399998,51.50127,995.7563,,2024-06-19 03:45:45.502569,2024-06-19 21:15:41.155448,1049.9275479833334,0,0,1,2,0,0,,summer,0,0,1,0
608047427,21.85,21.823746,none,0.0,0.0,11.753877,20.519999,65.307175,988.62006,,2024-06-19 03:46:48.913474,2024-06-19 21:16:28.042470,1049.6521499333332,0,0,1,2,0,0,,summer,0,0,0,0
608338827,22.45,21.822027,rain,5.1,0.0,26.999998,50.039997,77.88447,979.1099,,2024-06-20 03:44:35.401391,2024-06-20 21:17:52.490446,1053.2848175833333,0,0,1,3,0,0,,summer,0,0,1,0
607507627,20.45,20.109041,rain,4.4,0.0,24.20314,53.639996,89.141045,980.16125,,2024-06-20 03:44:12.669336,2024-06-20 21:18:30.032539,1054.2893867166667,0,0,1,3,0,0,,summer,0,0,1,0
607540827,13.9,10.421446,rain,2.5,0.0,28.337282,61.920002,88.90368,979.8385,,2024-06-20 03:45:12.892021,2024-06-20 21:19:19.813484,1054.1153577166667,0,0,1,3,0,0,,summer,0,0,1,0
607555627,14.95,12.038483,rain,0.1,0.0,21.370783,34.2,75.470436,990.61487,,2024-06-20 03:45:15.294614,2024-06-20 21:17:09.801056,1051.9084407,0,1,0,3,0,0,,summer,0,0,1,1
607538627,14.4,10.365386,none,0.0,0.0,27.776047,59.76,74.87647,980.3433,,2024-06-20 03:46:25.694239,2024-06-20 21:16:40.184025,1050.2414964333334,0,0,1,3,0,0,,summer,0,0,1,0
607623227,21.85,21.662668,none,0.0,0.0,21.413193,36.36,79.02853,989.0865,,2024-06-20 03:45:20.414515,2024-06-20 21:18:01.347771,1052.6822209333334,0,0,1,3,0,0,,summer,0,0,1,0
611259827,14.65,12.159723,rain,0.1,0.0,18.58451,32.399998,77.19989,986.6222,,2024-06-20 03:45:12.210713,2024-06-20 21:18:15.518573,1053.055131,0,1,0,3,0,0,,summer,0,0,1,1
610833227,14.4,10.383762,rain,0.1,0.0,27.748037,60.479996,75.12731,984.0376,,2024-06-20 03:43:46.675556,2024-06-20 21:17:18.289256,1053.526895,0,0,1,3,0,0,,summer,0,0,1,0
607452427,22.15,22.49707,rain,0.3,0.0,18.057508,41.039997,78.0849,986.0311,,2024-06-20 03:44:15.689195,2024-06-20 21:17:56.986058,1053.6882810500001,0,0,1,3,0,0,,summer,0,0,1,0
607502027,20.55,19.606485,rain,5.0,0.0,25.683926,48.239998,83.9894,983.56726,,2024-06-20 03:45:26.506185,2024-06-20 21:17:28.787922,1052.03802895,0,0,1,3,0,0,,summer,0,0,1,0
607527427,16.1,11.424461,rain,0.1,0.0,34.08042,63.36,71.52175,985.74493,,2024-06-20 03:45:15.037088,2024-06-20 21:17:37.019892,1052.3663800666666,0,0,1,3,0,0,,summer,0,0,1,0
607532827,15.45,10.658955,rain,0.2,0.0,32.47591,59.399998,68.82099,978.68005,,2024-06-20 03:49:53.948694,2024-06-20 21:15:52.053089,1045.9684065833333,0,0,1,3,0,0,,summer,0,0,1,0
607854027,23.15,23.953867,rain,0.2,0.0,16.65754,38.519997,76.06417,984.5676,,2024-06-20 03:45:06.836604,2024-06-20 21:16:40.158127,1051.5553587166667,0,0,1,3,0,0,,summer,0,0,1,0
608009627,23.5,24.258287,rain,0.2,0.0,20.163212,38.88,74.00932,980.1034,,2024-06-20 03:44:52.061183,2024-06-20 21:17:42.662162,1052.84334965,0,0,1,3,0,0,,summer,0,0,1,0
607502227,20.55,19.606485,rain,5.0,0.0,25.683926,48.239998,83.9894,977.6565,,2024-06-20 03:46:00.577106,2024-06-20 21:17:29.092818,1051.4752618666666,0,0,1,3,0,0,,summer,0,0,1,0
607445427,21.5,21.340525,none,0.0,0.0,20.608229,37.8,79.72849,984.8175,,2024-06-20 03:46:34.159074,2024-06-20 21:17:43.423347,1051.15440455,0,0,1,3,0,0,,summer,0,0,1,0
607525427,22.2,21.857206,rain,4.6,0.0,24.36591,48.239998,80.32547,975.60345,,2024-06-20 03:45:40.099911,2024-06-20 21:17:29.807308,1051.8284566166667,0,0,1,3,0,0,,summer,0,0,1,0
607511627,20.55,19.606485,rain,5.0,0.0,25.683926,48.239998,83.9894,973.4761,,2024-06-20 03:45:57.901683,2024-06-20 21:17:14.669340,1051.27946095,0,0,1,3,0,0,,summer,0,0,1,0
607545427,14.75,12.087784,rain,0.1,0.0,20.380579,36.0,78.24819,989.2738,,2024-06-20 03:44:46.347441,2024-06-20 21:17:08.198253,1052.3641802,0,0,1,3,0,0,,summer,0,0,1,0
607543827,22.25,22.68658,none,0.0,0.0,16.516901,39.239998,76.160965,986.05225,,2024-06-20 03:45:13.245605,2024-06-20 21:18:00.060084,1052.7802413166667,0,0,1,3,0,0,,summer,0,0,1,0
607541827,14.5,11.348626,none,0.0,0.0,21.915691,52.56,74.893425,984.5585,,2024-06-20 03:46:40.951467,2024-06-20 21:16:03.545791,1049.3765720666665,0,0,1,3,0,0,,summer,0,0,1,0
609508027,20.0,18.296492,none,0.0,0.0,14.003028,25.919998,56.53567,989.1796,,2024-06-21 03:44:52.395583,2024-06-21 21:18:13.937042,1053.3590243166666,0,0,1,4,0,0,,summer,0,0,0,0
607583227,18.05,16.036703,none,0.0,0.0,18.58451,37.079998,60.538128,989.4251,,2024-06-21 03:44:07.228838,2024-06-21 21:18:49.759885,1054.7088507833332,0,0,1,4,0,0,,summer,0,0,1,0
607581627,16.6,13.885059,none,0.0,0.0,18.723461,37.8,65.03019,983.4476,,2024-06-21 03:46:31.088245,2024-06-21 21:16:58.056456,1050.4494701833332,0,0,1,4,0,0,,summer,0,0,1,0
607654827,20.25,18.097128,none,0.0,0.0,16.055355,35.64,53.84891,988.5725,,2024-06-21 03:45:53.421466,2024-06-21 21:17:48.572857,1051.91918985,0,0,1,4,0,0,,summer,0,0,1,0
607663227,19.95,18.47637,none,0.0,0.0,12.218805,27.72,56.335957,991.83923,,2024-06-21 03:44:38.256455,2024-06-21 21:16:38.926621,1052.0111694333334,0,0,1,4,0,0,,summer,0,0,0,0
607662427,20.25,18.28028,none,0.0,0.0,14.799459,37.44,53.84891,991.36237,,2024-06-21 03:44:42.098791,2024-06-21 21:17:20.372844,1052.6379008833333,0,0,1,4,0,0,,summer,0,0,0,0
607702427,17.05,16.011646,none,0.0,0.0,9.449572,17.64,68.00486,992.2634,,2024-06-21 03:45:00.095636,2024-06-21 21:16:51.581788,1051.8581025333333,1,0,0,4,0,0,,summer,0,0,0,0
608159427,16.75,13.976353,none,0.0,0.0,20.018072,37.079998,66.37878,990.6779,,2024-06-21 03:45:35.802801,2024-06-21 21:16:17.737443,1050.6989107,0,0,1,4,0,0,,summer,0,0,1,0
607655627,19.9,18.564346,none,0.0,0.0,12.218805,28.8,58.221016,989.5179,,2024-06-21 03:45:36.584829,2024-06-21 21:16:10.420895,1050.5639344333333,0,0,1,4,0,0,,summer,0,0,0,0
608087027,19.95,18.312773,none,0.0,0.0,13.237038,27.72,56.14927,989.308,,2024-06-21 03:43:55.761566,2024-06-21 21:17:27.502241,1053.52901125,0,0,1,4,0,0,,summer,0,0,0,0
608182227,15.6,12.815502,none,0.0,0.0,19.694992,34.2,70.48135,989.6141,,2024-06-21 03:44:49.361922,2024-06-21 21:18:18.293243,1053.4821886833333,0,0,1,4,0,0,,summer,0,0,1,0
607645027,20.2,18.17979,none,0.0,0.0,14.84318,38.88,53.478462,989.1425,,2024-06-21 03:45:59.134321,2024-06-21 21:18:28.040099,1052.4817629666666,0,0,1,4,0,0,,summer,0,0,0,0
607653227,19.85,18.122133,none,0.0,0.0,13.755579,27.359999,56.310932,991.37274,,2024-06-21 03:44:09.068417,2024-06-21 21:18:23.438442,1054.2395004166667,0,0,1,4,0,0,,summer,0,0,0,0
607865227,20.45,17.145218,none,0.0,0.0,23.977188,43.56,51.27136,988.06165,,2024-06-21 03:45:49.783711,2024-06-21 21:16:13.684269,1050.3983426333334,0,0,1,4,0,0,,summer,0,0,1,0
607626427,20.45,17.01832,none,0.0,0.0,24.344624,42.839996,51.961155,989.1094,,2024-06-21 03:45:02.191256,2024-06-21 21:18:17.008005,1053.2469458166665,0,0,1,4,0,0,,summer,0,0,1,0
607639027,17.85,15.80739,none,0.0,0.0,18.374111,37.8,60.288933,985.4164,,2024-06-21 03:46:40.468587,2024-06-21 21:16:57.065184,1050.27660995,0,0,1,4,0,0,,summer,0,0,1,0
607663627,15.35,14.582613,none,0.0,0.0,7.386582,14.4,75.28651,991.598,,2024-06-21 03:45:04.942297,2024-06-21 21:17:20.009557,1052.251121,0,1,0,4,0,0,,summer,0,0,0,1
607657827,20.95,17.37203,none,0.0,0.0,21.203358,45.36,43.742466,983.9434,,2024-06-21 03:50:24.371097,2024-06-21 21:18:22.866858,1047.97492935,0,0,1,4,0,0,,summer,0,0,1,0
610727027,20.85,17.309858,none,0.0,0.0,22.657131,39.6,46.93297,987.666,,2024-06-21 03:45:57.733655,2024-06-21 21:17:46.784225,1051.8175095,0,0,1,4,0,0,,summer,0,0,1,0
607625827,20.3,16.9196,none,0.0,0.0,23.277834,45.36,51.575573,990.9199,,2024-06-21 03:45:35.981934,2024-06-21 21:19:02.132155,1053.4358370166667,0,0,1,4,0,0,,summer,0,0,1,0
607850827,19.85,18.322638,none,0.0,0.0,13.004922,28.8,57.443005,988.23425,,2024-06-21 03:46:18.213424,2024-06-21 21:16:45.191173,1050.44962915,0,0,1,4,0,0,,summer,0,0,0,0
607656427,20.25,16.997313,none,0.0,0.0,25.488914,45.719997,53.31345,993.7622,,2024-06-21 03:45:49.013083,2024-06-21 21:17:56.694777,1052.1280282333332,0,0,1,4,0,0,,summer,0,0,1,0
607658227,14.85,14.051538,none,0.0,0.0,7.7043357,13.32,78.00402,985.8248,,2024-06-21 03:45:47.460254,2024-06-21 21:17:43.606226,1051.9357662,1,0,0,4,0,0,,summer,0,0,0,0
607932627,16.8,14.105881,none,0.0,0.0,18.875126,37.44,64.85683,991.06616,,2024-06-21 03:43:52.810236,2024-06-21 21:18:22.960396,1054.5025026666667,0,0,1,4,0,0,,summer,0,0,1,0
607977827,20.25,17.1076,none,0.0,0.0,22.039528,44.28,52.431442,989.8013,,2024-06-21 03:43:56.593303,2024-06-21 21:18:40.086644,1054.7248890166668,0,0,1,4,0,0,,summer,0,0,1,0
608061027,19.85,16.662464,none,0.0,0.0,23.0653,44.639996,53.92533,990.08624,,2024-06-21 03:44:10.301900,2024-06-21 21:18:54.191005,1054.7314850833334,0,0,1,4,0,0,,summer,0,0,1,0
607606627,17.9,15.867849,none,0.0,0.0,17.782686,37.8,59.102165,987.80664,,2024-06-21 03:47:09.421063,2024-06-21 21:18:12.728872,1051.05513015,0,0,1,4,0,0,,summer,0,0,1,0
608046027,18.75,17.610588,none,0.0,0.0,11.090103,21.96,62.955086,992.85925,,2024-06-21 03:45:24.995846,2024-06-21 21:16:59.049862,1051.5675669333334,0,0,1,4,0,0,,summer,0,0,0,0
607639827,20.75,17.663853,none,0.0,0.0,20.390114,38.519997,48.67378,990.4571,,2024-06-21 03:44:06.983502,2024-06-21 21:17:22.710048,1053.2621090999999,0,0,1,4,0,0,,summer,0,0,1,0
607645427,20.2,18.17979,none,0.0,0.0,14.84318,38.88,53.478462,991.2109,,2024-06-21 03:45:51.869735,2024-06-21 21:18:28.456012,1052.6097712833334,0,0,1,4,0,0,,summer,0,0,0,0
607658827,19.55,15.935753,none,0.0,0.0,25.277023,45.719997,54.75545,990.8557,,2024-06-21 03:45:03.681073,2024-06-21 21:18:19.700348,1053.2669879166667,0,0,1,4,0,0,,summer,0,0,1,0
609507627,19.55,15.918201,none,0.0,0.0,25.199997,46.8,54.390793,990.18176,,2024-06-21 03:44:55.222913,2024-06-21 21:17:40.757208,1052.7589049166666,0,0,1,4,0,0,,summer,0,0,1,0
607726027,20.3,18.02574,none,0.0,0.0,15.7908325,36.0,51.748352,987.9863,,2024-06-21 03:47:01.051551,2024-06-21 21:16:33.779525,1049.5454662333334,0,0,1,4,0,0,,summer,0,0,1,0
608326427,14.05,13.250839,none,0.0,0.0,7.0911775,11.159999,80.52108,988.6055,,2024-06-21 03:44:07.822569,2024-06-21 21:18:57.735740,1054.8318861833334,0,1,0,4,0,0,,summer,0,0,0,1
607591427,18.05,15.887829,none,0.0,0.0,19.201874,38.16,59.934727,992.96423,,2024-06-21 03:45:26.477662,2024-06-21 21:19:17.222009,1053.8457391166667,0,0,1,4,0,0,,summer,0,0,1,0
607651627,20.25,18.200928,none,0.0,0.0,15.546833,35.64,54.20851,991.0005,,2024-06-21 03:45:03.602198,2024-06-21 21:18:03.279210,1052.9946168666668,0,0,1,4,0,0,,summer,0,0,1,0
607653627,20.75,17.55597,none,0.0,0.0,21.129883,37.44,48.67378,992.39294,,2024-06-21 03:44:43.848473,2024-06-21 21:17:27.331792,1052.7247219833332,0,0,1,4,0,0,,summer,0,0,1,0
607650027,20.45,17.562986,none,0.0,0.0,20.188908,37.44,51.615242,991.0942,,2024-06-21 03:45:45.119710,2024-06-21 21:16:46.810584,1051.0281812333333,0,0,1,4,0,0,,summer,0,0,1,0
607724227,20.15,16.949594,none,0.0,0.0,20.12461,41.760002,46.110256,992.42377,,2024-06-22 03:44:39.491670,2024-06-22 21:18:19.190992,1053.6616553666668,0,0,1,5,1,0,,summer,0,0,1,0
607726627,20.4,17.296804,none,0.0,0.0,19.09358,37.8,44.185738,988.05817,,2024-06-22 03:47:20.181911,2024-06-22 21:17:25.570862,1050.08981585,0,0,1,5,1,0,,summer,0,0,1,0
607728627,18.25,17.155699,none,0.0,0.0,9.107359,16.56,61.60208,988.56696,,2024-06-22 03:45:40.154611,2024-06-22 21:19:37.189244,1053.9505772166667,0,0,1,5,1,0,,summer,0,0,0,0
607668827,16.0,14.7576065,none,0.0,0.0,12.88981,24.84,77.409454,994.6654,,2024-06-22 03:44:44.131685,2024-06-22 21:17:49.023216,1053.0815255166667,0,0,1,5,1,0,,summer,0,0,0,0
607791827,20.6,17.731989,none,0.0,0.0,20.364674,37.8,43.792812,987.97455,,2024-06-22 03:46:30.999308,2024-06-22 21:16:36.151709,1050.08587335,0,0,1,5,1,0,,summer,0,0,1,0
607729227,18.3,17.63835,none,0.0,0.0,7.072878,12.24,63.271423,991.80853,,2024-06-22 03:46:47.671244,2024-06-22 21:19:08.879358,1052.3534685666666,0,0,1,5,1,0,,summer,0,0,0,0
607725827,20.4,17.296804,none,0.0,0.0,19.09358,37.8,44.185738,983.48975,,2024-06-22 03:46:52.521458,2024-06-22 21:17:29.403215,1050.61469595,0,0,1,5,1,0,,summer,0,0,1,0
607664627,12.95,11.380923,none,0.0,0.0,11.165805,18.0,83.10605,988.21454,,2024-06-22 03:45:22.736478,2024-06-22 21:19:19.182235,1053.9407626166667,0,1,0,5,1,0,,summer,0,0,0,1
607820227,13.2,11.586579,none,0.0,0.0,11.966954,20.880001,83.13622,992.569,,2024-06-22 03:45:57.126400,2024-06-22 21:19:09.918154,1053.2131959,0,1,0,5,1,0,,summer,0,0,0,1
607708827,12.25,10.7903,none,0.0,0.0,11.013882,18.359999,88.767685,991.42804,,2024-06-22 03:45:47.057700,2024-06-22 21:19:06.809260,1053.3291926666666,0,0,1,5,1,0,,summer,0,0,0,0
607729027,19.95,18.79877,none,0.0,0.0,8.287822,20.16,53.23548,992.2667,,2024-06-22 03:45:19.737599,2024-06-22 21:17:54.267691,1052.5755015333334,0,0,1,5,1,0,,summer,0,0,0,0
607726827,20.35,17.273567,none,0.0,0.0,18.11841,38.16,46.009594,987.05756,,2024-06-22 03:47:10.095399,2024-06-22 21:16:41.484596,1049.5231532833334,0,0,1,5,1,0,,summer,0,0,1,0
608336627,19.55,18.18131,none,0.0,0.0,9.3876505,19.8,53.847813,991.4366,,2024-06-22 03:44:43.422709,2024-06-22 21:18:15.788486,1053.5394296166667,0,0,1,5,1,0,,summer,0,0,0,0
607726227,21.4,18.213196,none,0.0,0.0,18.844202,34.2,38.539974,988.17847,,2024-06-22 03:45:56.414276,2024-06-22 21:17:45.843961,1051.8238280833334,0,0,1,5,1,0,,summer,0,0,1,0
610726027,15.35,14.395615,none,0.0,0.0,6.849467,12.24,70.90573,989.947,,2024-06-22 03:46:29.391102,2024-06-22 21:16:20.660072,1049.8544828333333,0,1,0,5,1,0,,summer,0,0,0,1
612150427,15.35,14.231323,none,0.0,0.0,9.178235,14.4,73.80045,991.65906,,2024-06-22 03:45:19.744800,2024-06-22 21:17:53.091993,1052.55578655,0,0,1,5,1,0,,summer,0,0,0,0
607761827,20.85,17.680765,none,0.0,0.0,18.218275,35.28,40.97185,992.1519,,2024-06-22 03:44:35.455061,2024-06-22 21:18:41.218858,1054.0960632833333,0,0,1,5,1,0,,summer,0,0,1,0
607671627,14.6,13.254343,none,0.0,0.0,12.7279215,23.039999,82.4831,990.5604,,2024-06-22 03:45:32.432830,2024-06-22 21:18:43.277302,1053.1807412,0,0,1,5,1,0,,summer,0,0,0,0
607684427,18.85,17.366129,none,0.0,0.0,15.021105,29.519999,57.195713,989.1787,,2024-06-22 03:46:24.473599,2024-06-22 21:18:00.431077,1051.5992913,0,0,1,5,1,0,,summer,0,0,1,0
607957827,15.75,15.009151,none,0.0,0.0,7.10031,10.08,73.1387,992.96985,,2024-06-22 03:45:46.875609,2024-06-22 21:16:12.203181,1050.4221262,0,0,1,5,1,0,,summer,0,0,0,0
607865827,15.55,15.252377,none,0.0,0.0,2.7416782,11.5199995,70.94383,990.0961,,2024-06-22 03:45:20.106923,2024-06-22 21:18:50.027985,1053.4986843666668,0,1,0,5,1,0,,summer,0,0,0,1
607730627,15.85,14.835896,none,0.0,0.0,6.4799995,12.24,66.856766,988.58307,,2024-06-22 03:46:11.716335,2024-06-22 21:17:21.263276,1051.1591156833333,0,1,0,5,1,0,,summer,0,0,0,1
607884627,19.9,18.374405,none,0.0,0.0,10.365251,30.239998,52.515102,992.54193,,2024-06-22 03:44:05.324317,2024-06-22 21:18:38.910852,1054.5597755833335,0,0,1,5,1,0,,summer,0,0,0,0
607856227,13.4,12.315212,none,0.0,0.0,9.255571,14.04,84.55479,993.2689,,2024-06-22 03:45:27.935507,2024-06-22 21:17:46.688950,1052.3125573833333,0,1,0,5,1,0,,summer,0,0,0,1
607899027,20.8,17.875345,none,0.0,0.0,21.166653,36.36,43.998238,994.76337,,2024-06-22 03:45:21.739457,2024-06-22 21:16:59.016257,1051.62128,0,0,1,5,1,0,,summer,0,0,1,0
607929827,20.15,18.849281,none,0.0,0.0,17.566378,32.039997,50.50943,989.7948,,2024-06-22 03:45:10.176532,2024-06-22 21:18:20.008548,1053.1638669333333,0,0,1,5,1,0,,summer,0,0,1,0
607664427,13.15,11.502157,none,0.0,0.0,12.303366,19.44,83.68643,993.5505,,2024-06-22 03:45:27.363361,2024-06-22 21:17:42.349101,1052.2497623333334,1,0,1,5,1,0,,summer,0,0,0,0
607794427,18.1,17.039434,none,0.0,0.0,12.984975,26.28,70.49445,989.3757,,2024-06-22 03:45:59.711196,2024-06-22 21:16:17.551947,1050.29734585,0,0,1,5,1,0,,summer,0,0,0,0
607794627,21.4,20.081919,none,0.0,0.0,7.072878,16.919998,43.42563,988.4545,,2024-06-23 03:45:45.343629,2024-06-23 21:16:16.859901,1050.5252712,0,0,1,6,1,0,,summer,0,0,0,0
607788227,22.1,19.86857,none,0.0,0.0,11.090103,20.519999,39.13861,988.222,,2024-06-23 03:45:24.283320,2024-06-23 21:18:18.254083,1052.8995127166665,0,0,1,6,1,0,,summer,0,0,0,0
607793427,21.65,20.199978,none,0.0,0.0,6.130579,15.4800005,40.91977,993.0645,,2024-06-23 03:45:55.476532,2024-06-23 21:17:30.918218,1051.5906947666667,0,0,1,6,1,0,,summer,0,0,0,0
607913227,21.2,19.520632,none,0.0,0.0,7.491114,16.199999,41.920227,987.4781,,2024-06-23 03:45:56.944422,2024-06-23 21:19:38.955933,1053.70019185,0,0,1,6,1,0,,summer,0,0,0,0
608349427,11.7,10.469343,none,0.0,0.0,7.208994,8.64,85.22019,989.22565,,2024-06-23 03:44:48.485687,2024-06-23 21:19:02.966850,1054.2413527166666,0,1,0,6,1,0,,summer,0,0,0,1
608488627,20.5,19.559427,none,0.0,0.0,8.14587,19.44,47.794407,991.4104,,2024-06-23 03:44:52.600545,2024-06-23 21:18:48.763786,1053.9360540166667,0,0,1,6,1,0,,summer,0,0,0,0
607764227,18.75,18.818306,none,0.0,0.0,2.2768397,11.879999,61.92248,989.524,,2024-06-23 03:47:38.833063,2024-06-23 21:19:19.722393,1051.6814888333333,0,0,1,6,1,0,,summer,0,0,0,0
607792427,21.7,19.961945,none,0.0,0.0,7.6367526,14.759999,40.24275,990.1535,,2024-06-23 03:45:45.313442,2024-06-23 21:18:16.303507,1052.5165010833332,0,0,1,6,1,0,,summer,0,0,0,0
607797227,20.4,18.986088,none,0.0,0.0,9.793058,18.0,51.2581,988.3895,,2024-06-23 03:45:26.109264,2024-06-23 21:18:13.712674,1052.7933901666668,0,0,1,6,1,0,,summer,0,0,0,0
607829027,21.05,19.073261,none,0.0,0.0,11.525623,24.48,44.82074,992.2955,,2024-06-23 03:45:17.820755,2024-06-23 21:16:37.213709,1051.3232159000002,0,0,1,6,1,0,,summer,0,0,0,0
607732027,11.95,10.9775715,none,0.0,0.0,5.815978,7.92,84.96129,990.2866,,2024-06-23 03:44:22.862190,2024-06-23 21:17:32.292285,1053.15716825,0,1,0,6,1,0,,summer,0,0,0,1
607965427,21.2,20.305521,none,0.0,0.0,5.904439,15.84,45.47245,987.3971,,2024-06-23 03:46:51.390322,2024-06-23 21:16:25.588817,1049.5699749166665,0,0,1,6,1,0,,summer,0,0,0,0
607796227,21.7,19.961945,none,0.0,0.0,7.6367526,14.759999,40.24275,991.98517,,2024-06-23 03:45:52.147757,2024-06-23 21:17:47.808336,1051.9276763166667,0,0,1,6,1,0,,summer,0,0,0,0
607775827,21.5,19.622343,none,0.0,0.0,9.021574,20.16,41.43776,989.6199,,2024-06-23 03:45:40.613830,2024-06-23 21:18:22.847500,1052.7038945,0,0,1,6,1,0,,summer,0,0,0,0
607732627,12.1,11.19995,none,0.0,0.0,5.991594,7.92,86.12457,989.9619,,2024-06-23 03:45:25.565550,2024-06-23 21:18:17.179316,1052.8602294333334,0,1,0,6,1,0,,summer,0,0,0,1
607834827,20.75,19.099716,none,0.0,0.0,6.9527545,17.28,42.512188,985.2617,,2024-06-23 03:45:17.644285,2024-06-23 21:20:10.000442,1054.8726026166667,0,0,1,6,1,0,,summer,0,0,0,0
607797027,21.0,19.296223,none,0.0,0.0,9.422101,15.84,45.41686,988.77094,,2024-06-23 03:45:42.056426,2024-06-23 21:18:01.335221,1052.32131325,0,0,1,6,1,0,,summer,0,0,0,0
608404027,16.45,15.227259,none,0.0,0.0,9.686609,14.759999,68.33579,990.43,,2024-06-23 03:44:41.168019,2024-06-23 21:18:45.975075,1054.0801176,1,0,0,6,1,0,,summer,0,0,0,0
607964427,20.6,18.73011,none,0.0,0.0,11.019764,22.319998,47.340797,987.5016,,2024-06-23 03:46:37.512509,2024-06-23 21:16:59.574931,1050.3677070333333,0,0,1,6,1,0,,summer,0,0,0,0
609119827,19.7,17.634003,none,0.0,0.0,13.684735,24.84,52.46259,990.68195,,2024-06-24 03:45:53.016958,2024-06-24 21:17:54.812844,1052.0299314333333,0,0,1,0,0,0,,summer,0,0,0,0
609124427,19.4,17.713303,none,0.0,0.0,11.901798,25.199999,52.032627,992.6415,,2024-06-24 03:45:20.333215,2024-06-24 21:17:39.756290,1052.3237179166667,0,0,1,0,0,0,,summer,0,0,0,0
607922227,16.35,15.085344,none,0.0,0.0,11.212135,18.72,71.56842,991.57794,,2024-06-24 03:46:15.134825,2024-06-24 21:18:45.883488,1052.5124777166666,0,0,1,0,0,0,,summer,0,0,0,0
607917027,19.1,17.818481,none,0.0,0.0,10.594036,22.68,58.80257,992.91895,,2024-06-24 03:45:30.697467,2024-06-24 21:18:53.587100,1053.3814938833334,0,0,1,0,0,0,,summer,0,0,0,0
607814427,14.55,13.452553,none,0.0,0.0,8.427383,14.759999,76.16242,987.80334,,2024-06-24 03:47:58.343652,2024-06-24 21:18:09.136985,1050.1798888833334,0,1,0,0,0,0,,summer,0,0,0,1
608072427,16.8,16.292095,none,0.0,0.0,4.5820518,13.32,66.38939,995.0205,,2024-06-24 03:46:16.268094,2024-06-24 21:18:06.652048,1051.8397325666667,0,0,1,0,0,0,,summer,0,0,0,0
607886827,20.2,18.567133,rain,0.1,0.0,12.849528,27.0,49.68137,987.76447,,2024-06-24 03:47:58.973603,2024-06-24 21:16:53.496887,1048.9087214,0,0,1,0,0,0,,summer,0,0,0,0
607849227,18.7,18.256266,none,0.0,0.0,8.089993,19.08,57.158466,989.693,,2024-06-24 03:46:47.599556,2024-06-24 21:16:21.001802,1049.5567041,0,0,1,0,0,0,,summer,0,0,0,0
607918627,18.75,17.63232,none,0.0,0.0,9.885262,21.599998,60.90483,990.2215,,2024-06-24 03:45:30.365801,2024-06-24 21:19:05.686880,1053.58868465,0,0,1,0,0,0,,summer,0,0,0,0
607913627,20.1,18.306282,none,0.0,0.0,13.276144,28.44,49.487553,989.11646,,2024-06-24 03:47:20.376126,2024-06-24 21:17:59.551612,1050.6529247666667,0,0,1,0,0,0,,summer,0,0,0,0
608094827,16.55,15.68722,none,0.0,0.0,6.9153743,17.28,67.22742,992.0879,,2024-06-24 03:48:42.179364,2024-06-24 21:17:35.399340,1048.8869996,0,0,1,0,0,0,,summer,0,0,0,0
609486827,16.5,15.381372,none,0.0,0.0,10.105681,15.84,70.65406,991.2566,,2024-06-24 03:46:02.650565,2024-06-24 21:18:29.669074,1052.4503084833334,0,0,1,0,0,0,,summer,0,0,0,0
607867027,19.4,17.553484,none,0.0,0.0,12.324414,24.48,51.509907,991.7007,,2024-06-24 03:46:11.603844,2024-06-24 21:18:15.378622,1052.0629129666665,0,0,1,0,0,0,,summer,0,0,0,0
607966627,19.3,17.647165,none,0.0,0.0,11.659777,24.119999,52.181526,987.8933,,2024-06-24 03:46:58.748894,2024-06-24 21:17:26.994693,1050.4707633166665,0,0,1,0,0,0,,summer,0,0,0,0
611507427,19.65,17.636223,none,0.0,0.0,13.039754,23.759998,52.09864,986.4117,,2024-06-24 03:47:21.991135,2024-06-24 21:17:36.491042,1050.2416651166666,0,0,1,0,0,0,,summer,0,0,0,0
607917827,18.8,17.623825,none,0.0,0.0,10.182337,22.68,60.513714,990.3401,,2024-06-24 03:46:26.465125,2024-06-24 21:19:40.060612,1053.22659145,0,0,1,0,0,0,,summer,0,0,0,0
608143027,16.6,15.669014,none,0.0,0.0,9.028754,14.04,70.67317,992.09717,,2024-06-24 03:46:37.622055,2024-06-24 21:16:49.657488,1050.20059055,0,0,1,0,0,0,,summer,0,0,0,0
608392627,12.65,11.797806,none,0.0,0.0,6.151683,9.72,84.47106,989.6451,,2024-06-24 03:45:40.398044,2024-06-24 21:18:27.349447,1052.7825233833332,0,1,0,0,0,0,,summer,0,0,0,1
608421027,20.35,18.771864,rain,0.1,0.0,15.111424,31.319998,49.22309,991.9244,,2024-06-24 03:44:47.113207,2024-06-24 21:18:34.374908,1053.7876950166667,0,0,1,0,0,0,,summer,0,0,1,0
607888227,19.9,17.73409,none,0.0,0.0,13.979871,27.359999,49.767807,990.25183,,2024-06-24 03:46:55.902054,2024-06-24 21:18:25.354856,1051.4908800333333,0,0,1,0,0,0,,summer,0,0,0,0
608412427,18.9,17.806087,none,0.0,0.0,9.826088,22.68,60.53728,992.2128,,2024-06-24 03:45:16.763168,2024-06-24 21:18:21.316933,1053.0758960833332,0,0,1,0,0,0,,summer,0,0,0,0
608147627,19.1,17.819094,rain,0.1,0.0,11.874544,24.119999,52.835648,990.5278,,2024-06-24 03:46:12.411446,2024-06-24 21:18:53.197349,1052.67976505,0,0,1,0,0,0,,summer,0,0,0,0
607832027,16.65,16.156857,none,0.0,0.0,4.5820518,13.32,67.24823,992.6771,,2024-06-24 03:45:59.442537,2024-06-24 21:17:38.063091,1051.6436759,0,0,1,0,0,0,,summer,0,0,0,0
607956227,16.7,16.361385,none,0.0,0.0,3.8268526,12.959999,67.707756,993.14636,,2024-06-24 03:45:32.358007,2024-06-24 21:16:45.000230,1051.2107037166668,0,0,1,0,0,0,,summer,0,0,0,0
607887227,20.55,18.27276,rain,0.1,0.0,13.084402,24.119999,46.221214,991.0479,,2024-06-24 03:46:01.314129,2024-06-24 21:18:06.136509,1052.080373,0,0,1,0,0,0,,summer,0,0,0,0
607872027,19.7,18.343077,none,0.0,0.0,12.287555,26.64,50.900352,990.9933,,2024-06-24 03:46:23.344079,2024-06-24 21:19:35.004083,1053.1943334,0,0,1,0,0,0,,summer,0,0,0,0
607837027,16.65,16.156857,none,0.0,0.0,4.5820518,13.32,67.24823,994.31146,,2024-06-24 03:45:56.283177,2024-06-24 21:17:09.541215,1051.2209673,0,0,1,0,0,0,,summer,0,0,0,0
607945027,15.9,14.341259,none,0.0,0.0,12.605142,19.44,72.20062,994.18176,,2024-06-24 03:45:44.700517,2024-06-24 21:17:38.110608,1051.8901681833333,0,1,0,0,0,0,,summer,0,0,0,1
607923227,14.35,12.401392,none,0.0,0.0,12.224107,23.4,71.91426,986.59326,,2024-06-24 03:46:01.887948,2024-06-24 21:21:20.690431,1055.3133747166667,0,1,0,0,0,0,,summer,0,0,0,1
607920027,17.75,17.141415,none,0.0,0.0,7.5599995,17.28,67.25344,989.1116,,2024-06-24 03:48:01.631866,2024-06-24 21:16:45.599391,1048.7327920833334,0,0,1,0,0,0,,summer,0,0,0,0
608565227,16.95,16.381865,none,0.0,0.0,4.6938257,13.32,65.10651,990.8323,,2024-06-24 03:44:58.029504,2024-06-24 21:18:31.577796,1053.5591382,0,0,1,0,0,0,,summer,0,0,0,0
607929027,14.95,12.713951,none,0.0,0.0,14.764389,25.919998,70.59219,994.7955,,2024-06-24 03:45:23.540951,2024-06-24 21:18:22.831209,1052.9881709666668,0,1,0,0,0,0,,summer,0,0,0,1
608567827,17.5,16.474577,none,0.0,0.0,9.779817,17.64,66.97952,988.71075,,2024-06-24 03:44:59.558664,2024-06-24 21:19:43.102376,1054.7257285333333,0,0,1,0,0,0,,summer,0,0,0,0
607848827,19.05,17.714699,rain,0.1,0.0,11.659777,25.199999,52.29147,991.10156,,2024-06-24 03:44:59.702138,2024-06-24 21:18:26.733014,1053.4505146,0,0,1,0,0,0,,summer,0,0,0,0
607887627,20.15,17.90604,none,0.0,0.0,14.332341,27.0,50.003006,992.1597,,2024-06-24 03:46:36.919727,2024-06-24 21:16:43.148653,1050.1038154333335,0,0,1,0,0,0,,summer,0,0,0,0
608398227,18.05,16.398842,none,0.0,0.0,11.720751,21.24,59.934727,995.3591,,2024-06-25 03:45:54.059721,2024-06-25 21:18:22.557059,1052.4749556333334,0,0,1,1,0,0,,summer,0,0,0,0
607997227,21.05,19.0112,none,0.0,0.0,15.575981,30.239998,51.773563,989.6982,,2024-06-25 03:47:32.387638,2024-06-25 21:17:46.130435,1050.2290466166667,0,0,1,1,0,0,,summer,0,0,1,0
607998627,22.45,18.967718,none,0.0,0.0,21.2522,37.079998,41.007484,998.2608,,2024-06-25 03:46:20.629310,2024-06-25 21:17:37.775103,1051.2857632166667,0,0,1,1,0,0,,summer,0,0,1,0
608002427,20.85,18.871271,none,0.0,0.0,15.575981,30.960001,53.115204,990.73035,,2024-06-25 03:47:17.241041,2024-06-25 21:17:10.076218,1049.8805862833333,0,0,1,1,0,0,,summer,0,0,1,0
608005627,19.6,17.879576,none,0.0,0.0,12.88981,25.919998,55.689182,990.37256,,2024-06-25 03:47:12.139984,2024-06-25 21:17:40.367644,1050.470461,0,0,1,1,0,0,,summer,0,0,0,0
608032227,21.05,19.0112,none,0.0,0.0,15.575981,30.239998,51.773563,989.81244,,2024-06-25 03:47:28.552300,2024-06-25 21:17:38.605452,1050.1675525333333,0,0,1,1,0,0,,summer,0,0,1,0
608180027,20.8,19.312016,none,0.0,0.0,20.870687,42.48,57.676273,993.79034,,2024-06-25 03:45:30.945425,2024-06-25 21:19:03.454409,1053.5418164,0,0,1,1,0,0,,summer,0,0,1,0
607930427,12.4,10.664437,none,0.0,0.0,9.114471,16.199999,76.844444,992.17114,,2024-06-25 03:46:54.282522,2024-06-25 21:19:38.720370,1052.7406308,0,1,0,1,0,0,,summer,0,0,0,1
607947427,17.6,15.558918,none,0.0,0.0,14.003028,28.8,60.837555,993.1884,,2024-06-25 03:48:34.092894,2024-06-25 21:16:50.545435,1048.2742090166666,0,0,1,1,0,0,,summer,0,0,0,0
607995427,21.7,19.001236,rain,0.1,0.0,23.83896,45.719997,50.250732,995.77185,,2024-06-25 03:46:08.516119,2024-06-25 21:17:05.662832,1050.9524452166668,0,0,1,1,0,0,,summer,0,0,1,0
607937227,18.25,16.13829,none,0.0,0.0,15.778516,32.399998,60.990242,994.6012,,2024-06-25 03:45:05.744657,2024-06-25 21:17:56.200490,1052.84093055,0,0,1,1,0,0,,summer,0,0,1,0
607967027,20.3,18.489155,none,0.0,0.0,20.140705,38.88,58.703903,995.17566,,2024-06-25 03:46:24.151550,2024-06-25 21:18:00.940092,1051.6131423666668,0,0,1,1,0,0,,summer,0,0,1,0
608402827,21.65,19.952154,none,0.0,0.0,22.35481,44.639996,54.92656,993.7991,,2024-06-25 03:45:43.435122,2024-06-25 21:17:14.182611,1051.51245815,0,0,1,1,0,0,,summer,0,0,1,0
608152027,12.55,10.883789,none,0.0,0.0,12.229406,19.08,86.45802,993.5163,,2024-06-25 03:47:48.209254,2024-06-25 21:16:29.926277,1048.6952837166666,0,0,1,1,0,0,,summer,0,0,0,0
608004027,18.05,16.28504,none,0.0,0.0,11.720751,23.4,58.351513,990.6627,,2024-06-25 03:48:05.063720,2024-06-25 21:17:55.161718,1049.8349666333334,1,0,0,1,0,0,,summer,0,0,0,0
608045827,16.6,14.815708,none,0.0,0.0,12.538134,20.519999,65.46653,996.0719,,2024-06-25 03:46:56.778424,2024-06-25 21:18:03.199070,1051.1070107666667,0,1,0,1,0,0,,summer,0,0,0,1
608828027,21.25,19.04629,none,0.0,0.0,16.299694,32.399998,50.46568,996.521,,2024-06-25 03:46:29.819348,2024-06-25 21:17:31.132136,1051.0218798,0,0,1,1,0,0,,summer,0,0,1,0
607983627,22.1,19.795704,none,0.0,0.0,24.535524,44.28,51.706814,999.3962,,2024-06-25 03:46:48.594818,2024-06-25 21:16:23.277699,1049.5780480166666,0,0,1,1,0,0,,summer,0,0,1,0
608000227,22.15,19.878874,none,0.0,0.0,23.863409,42.839996,51.379665,996.24066,,2024-06-25 03:46:06.794315,2024-06-25 21:17:34.467021,1051.4612117666666,0,0,1,1,0,0,,summer,0,0,1,0
608015627,16.75,14.98004,none,0.0,0.0,12.538134,24.84,65.06292,995.81415,,2024-06-25 03:46:09.182969,2024-06-25 21:17:09.123728,1050.99901265,0,0,1,1,0,0,,summer,0,0,0,0
607970627,21.6,20.230688,none,0.0,0.0,21.749481,43.56,54.733536,995.14056,,2024-06-25 03:45:28.011220,2024-06-25 21:18:59.668245,1053.5276170833333,0,0,1,1,0,0,,summer,0,0,1,0
608159027,21.65,19.420397,none,0.0,0.0,16.375053,34.56,49.080856,993.98047,,2024-06-25 03:46:52.281545,2024-06-25 21:18:44.889664,1051.8768019833333,0,0,1,1,0,0,,summer,0,0,1,0
607946627,20.2,18.426332,rain,0.1,0.0,19.523155,39.6,58.486584,993.7673,,2024-06-25 03:47:14.304843,2024-06-25 21:17:59.210024,1050.7484196833334,0,0,1,1,0,0,,summer,0,0,1,0
608185227,16.5,14.71789,none,0.0,0.0,12.229406,20.519999,65.22629,994.69934,,2024-06-25 03:45:14.653312,2024-06-25 21:18:40.070361,1053.4236174833334,0,1,0,1,0,0,,summer,0,0,0,1
608006027,18.0,16.53391,none,0.0,0.0,10.948973,19.8,61.135166,993.94226,,2024-06-25 03:46:24.824129,2024-06-25 21:18:07.266585,1051.7073742666666,0,0,1,1,0,0,,summer,0,0,0,0
607992227,21.65,19.038427,none,0.0,0.0,17.709658,38.519997,46.995125,995.9672,,2024-06-25 03:45:51.486031,2024-06-25 21:17:47.389201,1051.9317194999999,0,0,1,1,0,0,,summer,0,0,1,0
607936827,12.8,11.039426,none,0.0,0.0,9.826088,17.64,76.39052,991.5722,,2024-06-25 03:46:55.610593,2024-06-25 21:19:35.246670,1052.6606012833333,0,1,0,1,0,0,,summer,0,0,0,1
608034627,21.8,19.108244,none,0.0,0.0,17.873556,38.16,45.946198,995.87726,,2024-06-25 03:45:40.337652,2024-06-25 21:16:28.640662,1050.8050501666667,0,0,1,1,0,0,,summer,0,0,1,0
608007627,16.6,14.893656,none,0.0,0.0,11.709688,20.519999,64.81298,994.042,,2024-06-25 03:45:12.988854,2024-06-25 21:17:27.674519,1052.2447610833333,0,1,0,1,0,0,,summer,0,0,0,1
607978627,20.75,18.614126,rain,0.1,0.0,20.724247,46.8,54.156963,995.2675,,2024-06-25 03:46:59.485917,2024-06-25 21:19:07.308802,1052.1303814166668,0,0,1,1,0,0,,summer,0,0,1,0
608003227,18.05,16.398842,none,0.0,0.0,11.720751,21.24,59.934727,994.312,,2024-06-25 03:45:48.771939,2024-06-25 21:18:48.894674,1053.0020455833333,0,0,1,1,0,0,,summer,0,0,0,0
608144427,16.7,14.756445,none,0.0,0.0,13.044722,23.759998,63.75892,997.783,,2024-06-25 03:46:53.067677,2024-06-25 21:17:04.769086,1050.1950234833334,0,0,1,1,0,0,,summer,0,0,0,0
608006627,21.9,18.943909,none,0.0,0.0,19.022177,36.719997,44.60535,996.3263,,2024-06-25 03:46:34.445825,2024-06-25 21:17:17.744442,1050.7216436166666,0,0,1,1,0,0,,summer,0,0,1,0
608002827,20.85,18.871271,none,0.0,0.0,15.575981,30.960001,53.115204,994.17664,,2024-06-25 03:47:20.719122,2024-06-25 21:16:39.946722,1049.32046,0,0,1,1,0,0,,summer,0,0,1,0
607978027,21.85,19.609154,none,0.0,0.0,23.377836,43.92,52.501266,992.3229,,2024-06-25 03:47:17.764718,2024-06-25 21:17:31.838331,1050.2345602166668,0,0,1,1,0,0,,summer,0,0,1,0
608173227,21.9,18.242073,none,0.0,0.0,24.975283,43.92,44.15724,991.9194,,2024-06-26 03:47:50.311446,2024-06-26 21:16:46.763797,1048.9408725166666,0,0,1,2,0,0,,summer,0,0,1,0
608068627,21.0,18.870302,rain,0.1,0.0,21.129883,39.96,49.564182,993.45135,,2024-06-26 03:47:56.891851,2024-06-26 21:19:19.322123,1051.3738378666667,0,0,1,2,0,0,,summer,0,0,1,0
608088027,21.0,18.103607,none,0.0,0.0,18.057508,41.039997,46.18977,988.45514,,2024-06-26 03:47:12.754215,2024-06-26 21:21:10.964389,1053.9701695666668,0,0,1,2,0,0,,summer,0,0,1,0
608052027,21.05,18.775883,none,0.0,0.0,22.007162,40.68,49.910038,991.1915,,2024-06-26 03:46:59.012316,2024-06-26 21:19:05.424147,1052.1068638499999,0,0,1,2,0,0,,summer,0,0,1,0
608090627,22.05,19.127102,none,0.0,0.0,24.033876,45.0,48.700653,996.64795,,2024-06-26 03:47:04.865617,2024-06-26 21:17:21.133910,1050.2711382166667,0,0,1,2,0,0,,summer,0,0,1,0
608072627,21.55,18.341993,rain,0.2,0.0,25.346148,43.199997,49.381966,992.0766,,2024-06-26 03:46:59.712880,2024-06-26 21:18:16.522338,1051.2801576333334,0,0,1,2,0,0,,summer,0,0,1,0
608089427,22.2,18.360115,none,0.0,0.0,25.620771,44.639996,42.776493,996.1956,,2024-06-26 03:47:23.626811,2024-06-26 21:16:57.569401,1049.5657098333334,0,0,1,2,0,0,,summer,0,0,1,0
608114227,15.9,14.942413,none,0.0,0.0,9.107359,15.119999,73.65214,996.26575,,2024-06-26 03:46:33.452447,2024-06-26 21:17:35.599410,1051.0357827166667,0,1,0,2,0,0,,summer,0,0,0,1
608101427,22.05,18.149586,none,0.0,0.0,23.675303,43.92,41.31252,990.75354,,2024-06-26 03:47:53.286474,2024-06-26 21:17:36.002492,1049.7119336333333,0,0,1,2,0,0,,summer,0,0,1,0
608387227,18.75,16.326393,none,0.0,0.0,19.469975,33.839996,62.127804,992.8763,,2024-06-26 03:46:46.293567,2024-06-26 21:19:08.206430,1052.3652143833333,0,0,1,2,0,0,,summer,0,0,1,0
608096227,21.85,19.163965,none,0.0,0.0,24.18707,42.12,46.26913,994.1426,,2024-06-26 03:46:58.516355,2024-06-26 21:17:17.708411,1050.3198676,0,0,1,2,0,0,,summer,0,0,1,0
608079027,21.85,18.61563,none,0.0,0.0,24.975283,43.199997,48.64656,993.38885,,2024-06-26 03:47:08.864545,2024-06-26 21:17:58.868745,1050.8334033333333,0,0,1,2,0,0,,summer,0,0,1,0
608097227,20.75,18.852293,none,0.0,0.0,15.124284,37.079998,53.620758,995.0147,,2024-06-26 03:45:43.412043,2024-06-26 21:18:30.334916,1052.7820478833335,0,0,1,2,0,0,,summer,0,0,1,0
608554827,19.65,18.194105,none,0.0,0.0,12.620554,25.199999,58.353077,996.2892,,2024-06-26 03:47:13.444475,2024-06-26 21:17:34.036601,1050.3432021,0,0,1,2,0,0,,summer,0,0,0,0
608062827,21.3,19.2011,none,0.0,0.0,21.175835,42.48,49.15025,993.32306,,2024-06-26 03:46:20.574777,2024-06-26 21:17:21.623963,1051.0174864333333,0,0,1,2,0,0,,summer,0,0,1,0
608135427,21.95,18.378069,none,0.0,0.0,24.18707,43.199997,43.579956,992.7073,,2024-06-26 03:47:54.410643,2024-06-26 21:18:09.100252,1050.2448268166668,0,0,1,2,0,0,,summer,0,0,1,0
608120627,14.8,13.953787,none,0.0,0.0,7.4128532,12.24,76.71165,988.15247,,2024-06-26 03:46:48.029562,2024-06-26 21:21:11.044510,1054.3835824666667,0,1,0,2,0,0,,summer,0,0,0,1
608232027,15.55,14.662872,none,0.0,0.0,8.311245,13.679999,74.574394,993.5473,,2024-06-26 03:47:00.252000,2024-06-26 21:18:11.643827,1051.1898637833333,0,1,0,2,0,0,,summer,0,0,0,1
608243227,21.9,18.242073,none,0.0,0.0,24.975283,43.92,44.15724,991.2331,,2024-06-26 03:47:47.616031,2024-06-26 21:16:38.162396,1048.8424394166666,0,0,1,2,0,0,,summer,0,0,1,0
608099627,21.55,18.565144,none,0.0,0.0,20.172853,41.039997,47.12532,996.7048,,2024-06-26 03:46:55.427537,2024-06-26 21:17:04.237531,1050.1468332333334,0,0,1,2,0,0,,summer,0,0,1,0
608047027,18.7,16.45291,none,0.0,0.0,19.008547,32.760002,63.780964,994.5135,,2024-06-26 03:46:58.452529,2024-06-26 21:17:45.633497,1050.7863494666667,0,0,1,2,0,0,,summer,0,0,1,0
608073827,20.2,18.160606,none,0.0,0.0,20.49156,41.760002,53.478462,989.245,,2024-06-26 03:48:52.804164,2024-06-26 21:16:50.819074,1047.9669151666667,0,0,1,2,0,0,,summer,0,0,1,0
608262627,20.85,18.59103,rain,0.1,0.0,19.9954,42.12,49.68981,991.7184,,2024-06-26 03:48:56.347878,2024-06-26 21:18:02.116677,1049.09614665,0,0,1,2,0,0,,summer,0,0,1,0
608112027,22.15,18.579556,none,0.0,0.0,24.627787,43.56,44.227036,997.47455,,2024-06-26 03:47:22.846026,2024-06-26 21:16:29.940811,1049.1182464166666,0,0,1,2,0,0,,summer,0,0,1,0
608197427,21.1,18.312298,none,0.0,0.0,19.803272,40.32,50.09036,988.0726,,2024-06-26 03:48:02.359310,2024-06-26 21:17:19.203860,1049.2807425,0,0,1,2,0,0,,summer,0,0,1,0
608057627,18.55,16.467834,none,0.0,0.0,18.532135,34.2,65.668495,995.91644,,2024-06-26 03:46:57.598622,2024-06-26 21:17:21.160553,1050.39269885,0,0,1,2,0,0,,summer,0,0,1,0
608111227,17.7,16.659134,none,0.0,0.0,9.779817,20.880001,65.92148,994.399,,2024-06-26 03:48:07.672522,2024-06-26 21:16:09.376098,1048.0283929333334,0,0,1,2,0,0,,summer,0,0,0,0
608166427,16.0,14.972212,none,0.0,0.0,9.904906,16.56,73.91395,998.1701,,2024-06-26 03:47:24.740364,2024-06-26 21:16:09.478807,1048.7456407166667,0,1,0,2,0,0,,summer,0,0,0,1
608089627,21.9,18.242073,none,0.0,0.0,24.975283,43.92,44.15724,992.03357,,2024-06-26 03:47:34.678973,2024-06-26 21:16:55.425299,1049.3457721,0,0,1,2,0,0,,summer,0,0,1,0
608208027,25.05,23.560493,none,0.0,0.0,16.215992,33.48,41.46283,996.7674,,2024-06-27 03:47:27.205678,2024-06-27 21:17:09.920250,1049.7119095333333,0,0,1,3,0,0,,summer,0,0,1,0
608233827,21.25,20.450224,none,0.0,0.0,13.779114,25.919998,62.28938,999.15234,,2024-06-27 03:47:28.707820,2024-06-27 21:16:47.620984,1049.3152194,0,0,1,3,0,0,,summer,0,0,0,0
608679827,25.0,22.974741,none,0.0,0.0,16.09969,29.16,41.174515,994.81586,,2024-06-27 03:47:16.183246,2024-06-27 21:17:47.622258,1050.5239835333334,0,0,1,3,0,0,,summer,0,0,1,0
608185627,23.75,21.371252,none,0.0,0.0,20.211363,38.16,41.931767,997.39526,,2024-06-27 03:47:02.344517,2024-06-27 21:16:10.197965,1049.1308908,0,0,1,3,0,0,,summer,0,0,1,0
608235227,23.75,21.371252,none,0.0,0.0,20.211363,38.16,41.931767,998.54016,,2024-06-27 03:46:46.007694,2024-06-27 21:15:56.970925,1049.1827205166667,0,0,1,3,0,0,,summer,0,0,1,0
608225627,23.05,22.00787,none,0.0,0.0,12.387348,26.28,51.27853,988.13715,,2024-06-27 03:49:01.597758,2024-06-27 21:17:15.772108,1048.2362391666668,0,0,1,3,0,0,,summer,0,0,0,0
608182827,24.05,21.456665,none,0.0,0.0,19.469976,38.519997,43.294125,996.0888,,2024-06-27 03:46:50.112224,2024-06-27 21:17:31.530414,1050.6903031666666,0,0,1,3,0,0,,summer,0,0,1,0
608208427,24.45,22.591852,none,0.0,0.0,15.256526,27.72,43.405384,996.24567,,2024-06-27 03:47:37.549311,2024-06-27 21:17:47.035685,1050.1581062333332,0,0,1,3,0,0,,summer,0,0,1,0
608273427,21.65,21.436302,none,0.0,0.0,10.00256,20.16,61.178226,995.13855,,2024-06-27 03:47:39.812871,2024-06-27 21:18:52.626258,1051.21355645,0,0,1,3,0,0,,summer,0,0,0,0
608230827,19.2,19.142925,none,0.0,0.0,8.0899935,16.56,69.563225,995.447,,2024-06-27 03:47:23.808851,2024-06-27 21:18:44.488008,1051.3446526166667,0,0,1,3,0,0,,summer,0,0,0,0
608230227,19.0,18.900658,none,0.0,0.0,7.9036193,15.119999,69.524254,995.3178,,2024-06-27 03:46:38.948747,2024-06-27 21:18:40.216879,1052.0211355333333,0,0,1,3,0,0,,summer,0,0,0,0
608121227,13.85,12.914892,none,0.0,0.0,8.435069,13.32,82.663765,994.1787,,2024-06-27 03:48:21.056287,2024-06-27 21:17:38.896827,1049.2973423333333,0,1,0,3,0,0,,summer,0,0,0,1
608180627,24.0,21.276339,none,0.0,0.0,20.880001,36.0,44.151325,997.3105,,2024-06-27 03:47:39.950674,2024-06-27 21:17:34.980017,1049.9171557166667,0,0,1,3,0,0,,summer,0,0,1,0
608186227,23.7,22.78512,none,0.0,0.0,16.575644,35.28,43.775875,992.97614,,2024-06-27 03:49:46.936990,2024-06-27 21:17:16.055185,1047.48530325,0,0,1,3,0,0,,summer,0,0,1,0
608207027,25.0,23.492414,none,0.0,0.0,16.563911,30.960001,41.86331,997.09064,,2024-06-27 03:47:50.242190,2024-06-27 21:17:32.368537,1049.7021057833333,0,0,1,3,0,0,,summer,0,0,1,0
608151827,23.3,21.98623,none,0.0,0.0,17.555305,32.039997,45.143864,994.9518,,2024-06-27 03:47:33.497882,2024-06-27 21:18:01.962436,1050.4744092333333,0,0,1,3,0,0,,summer,0,0,1,0
608239227,24.05,21.456665,none,0.0,0.0,19.469976,38.519997,43.294125,995.7464,,2024-06-27 03:47:04.690493,2024-06-27 21:17:14.429168,1050.16231125,0,0,1,3,0,0,,summer,0,0,1,0
608211227,24.8,23.5026,none,0.0,0.0,15.496736,38.519997,43.073204,997.2088,,2024-06-27 03:47:20.543443,2024-06-27 21:16:33.318469,1049.2129171000001,0,0,1,3,0,0,,summer,0,0,1,0
608252227,23.0,22.62138,none,0.0,0.0,9.449572,20.519999,53.844925,996.4701,,2024-06-27 03:50:05.456040,2024-06-27 21:16:25.395586,1046.3323257666666,0,0,1,3,0,0,,summer,0,0,0,0
608410427,19.3,18.950907,none,0.0,0.0,8.217153,15.84,65.613205,996.05133,,2024-06-27 03:46:35.867964,2024-06-27 21:17:07.275870,1050.5234651,0,0,1,3,0,0,,summer,0,0,0,0
608487227,21.6,21.37046,none,0.0,0.0,9.504273,21.599998,60.376816,997.6841,,2024-06-27 03:46:49.370038,2024-06-27 21:18:24.122411,1051.5792062166668,0,0,1,3,0,0,,summer,0,0,0,0
608211827,24.35,22.48754,none,0.0,0.0,14.869351,35.64,43.090736,993.50775,,2024-06-27 03:49:21.465369,2024-06-27 21:16:04.876677,1046.7235218,0,0,1,3,0,0,,summer,0,0,0,0
608233627,21.25,20.450224,none,0.0,0.0,13.779114,25.919998,62.28938,997.9971,,2024-06-27 03:47:23.853316,2024-06-27 21:16:41.398881,1049.2924260833333,0,0,1,3,0,0,,summer,0,0,0,0
608252027,24.25,23.65956,none,0.0,0.0,15.226764,33.839996,43.20612,992.4629,,2024-06-27 03:52:37.364121,2024-06-27 21:16:12.197338,1043.5805536166667,0,0,1,3,0,0,,summer,0,0,1,0
608289827,24.65,22.742203,none,0.0,0.0,15.39184,30.960001,42.464684,996.8428,,2024-06-27 03:46:48.416905,2024-06-27 21:18:22.861054,1051.57406915,0,0,1,3,0,0,,summer,0,0,1,0
608242227,24.15,22.410542,none,0.0,0.0,14.759999,29.16,44.634136,997.027,,2024-06-27 03:46:44.884970,2024-06-27 21:17:59.674064,1051.2464849,0,0,1,3,0,0,,summer,0,0,0,0
608144827,21.25,20.450224,none,0.0,0.0,13.779114,25.919998,62.28938,998.92126,,2024-06-27 03:47:40.779776,2024-06-27 21:17:22.630892,1049.6975186,0,0,1,3,0,0,,summer,0,0,0,0
608210227,24.45,22.754025,none,0.0,0.0,17.654688,39.239998,43.98406,996.3755,,2024-06-27 03:48:16.496307,2024-06-27 21:16:21.384536,1048.0814704833333,0,0,1,3,0,0,,summer,0,0,1,0
608207427,24.25,22.59139,none,0.0,0.0,14.205182,29.88,44.367214,994.768,,2024-06-27 03:46:30.068638,2024-06-27 21:17:09.456814,1050.6564696,0,0,1,3,0,0,,summer,0,0,0,0
608248027,16.65,15.84956,none,0.0,0.0,8.557102,12.599999,71.38788,999.7482,,2024-06-27 03:47:45.553178,2024-06-27 21:17:40.856755,1049.9217262833333,0,1,0,3,0,0,,summer,0,0,0,1
608414027,17.85,17.290035,none,0.0,0.0,8.427383,12.959999,69.298836,1000.1229,,2024-06-27 03:47:43.269884,2024-06-27 21:16:30.201018,1048.7821855666666,0,1,0,3,0,0,,summer,0,0,0,1
610462227,23.45,22.471207,none,0.0,0.0,12.979984,25.56,51.5518,997.28174,,2024-06-27 03:47:33.327984,2024-06-27 21:17:33.433829,1050.0017640833332,0,0,1,3,0,0,,summer,0,0,0,0
608222227,23.45,22.471207,none,0.0,0.0,12.979984,25.56,51.5518,998.4277,,2024-06-27 03:48:00.213264,2024-06-27 21:17:33.383437,1049.5528362166667,0,0,1,3,0,0,,summer,0,0,0,0
608233427,18.2,18.004797,none,0.0,0.0,8.209263,13.679999,72.38154,999.7537,,2024-06-27 03:48:54.405674,2024-06-27 21:19:07.061324,1050.2109275,0,1,0,3,0,0,,summer,0,0,0,1
608120027,14.85,13.818354,none,0.0,0.0,9.19939,15.119999,77.74563,996.873,,2024-06-27 03:47:08.713865,2024-06-27 21:16:22.129526,1049.22359435,0,1,0,3,0,0,,summer,0,0,0,1
608229227,23.05,22.00787,none,0.0,0.0,12.387348,26.28,51.27853,990.18097,,2024-06-27 03:49:05.998243,2024-06-27 21:17:18.613956,1048.2102618833333,0,0,1,3,0,0,,summer,0,0,0,0
608814827,16.8,16.016397,none,0.0,0.0,8.654986,14.04,71.18038,997.43,,2024-06-27 03:47:59.953761,2024-06-27 21:17:17.102254,1049.2858082166667,0,1,0,3,0,0,,summer,0,0,0,1
608360427,23.55,24.86275,none,0.0,0.0,4.8433046,7.2,62.20675,993.9457,,2024-06-28 03:49:19.388798,2024-06-28 21:16:16.121798,1046.94555,0,0,1,4,0,0,,summer,0,0,0,0
608321827,26.05,27.955688,none,0.0,0.0,4.198285,14.4,46.8019,1000.8447,,2024-06-28 03:48:27.429907,2024-06-28 21:17:31.868230,1049.07397205,0,0,1,4,0,0,,summer,0,0,0,0
608347827,25.95,28.00481,none,0.0,0.0,3.7064266,13.32,47.694622,1002.33813,,2024-06-28 03:48:23.423947,2024-06-28 21:16:02.439778,1047.6502638499999,0,0,1,4,0,0,,summer,0,0,0,0
608341827,25.95,28.00481,none,0.0,0.0,3.7064266,13.32,47.694622,999.14685,,2024-06-28 03:48:43.721942,2024-06-28 21:15:39.472365,1046.9291737166666,0,0,1,4,0,0,,summer,0,0,0,0
608412827,26.65,26.346115,none,0.0,0.0,4.6938257,9.72,38.216316,997.80383,,2024-06-28 03:48:29.514049,2024-06-28 21:18:02.435858,1049.5486968166667,0,0,1,4,0,0,,summer,0,0,0,0
608364027,21.05,21.054577,none,0.0,0.0,7.42159,10.799999,61.639202,994.81244,,2024-06-28 03:49:21.950513,2024-06-28 21:17:50.595756,1048.4774207166668,0,0,1,4,0,0,,summer,0,0,0,0
608998027,21.0,22.072819,none,0.0,0.0,3.96,13.679999,68.35584,997.60986,,2024-06-28 03:49:22.326810,2024-06-28 21:16:10.515707,1046.8031482833333,0,0,1,4,0,0,,summer,0,0,0,0
608578627,25.85,28.465736,none,0.0,0.0,2.7416782,12.959999,48.13368,998.88275,,2024-06-28 03:47:32.540432,2024-06-28 21:16:55.471653,1049.3821870166666,0,0,1,4,0,0,,summer,0,0,0,0
608816827,21.3,20.961432,none,0.0,0.0,8.714677,12.959999,58.944378,995.2731,,2024-06-28 03:49:25.134193,2024-06-28 21:16:09.050854,1046.73194435,0,0,1,4,0,0,,summer,0,0,0,0
608881427,25.6,28.208302,none,0.0,0.0,2.6208394,12.959999,48.53688,1001.24646,,2024-06-28 03:48:30.594472,2024-06-28 21:16:56.179274,1048.4264133666666,0,0,1,4,0,0,,summer,0,0,0,0
608272827,22.4,23.909414,none,0.0,0.0,4.1046314,14.759999,60.563297,990.20514,,2024-06-28 03:49:32.439475,2024-06-28 21:16:42.061517,1047.1603673666666,0,0,1,4,0,0,,summer,0,0,0,0
608779227,25.75,28.27657,none,0.0,0.0,3.0758414,13.32,48.106888,997.7245,,2024-06-28 03:47:38.920491,2024-06-28 21:17:49.627524,1050.17845055,0,0,1,4,0,0,,summer,0,0,0,0
608332027,26.75,27.462795,none,0.0,0.0,2.5455842,12.24,37.49155,997.9004,,2024-06-28 03:48:56.061889,2024-06-28 21:17:39.221260,1048.71932285,0,0,1,4,0,0,,summer,0,0,0,0
608342427,25.75,27.817478,none,0.0,0.0,3.671294,13.679999,48.263126,998.7785,,2024-06-28 03:48:44.375717,2024-06-28 21:16:40.855966,1047.9413374833334,0,0,1,4,0,0,,summer,0,0,0,0
612646827,26.6,26.493345,none,0.0,0.0,2.3051248,7.2,37.07786,996.8796,,2024-06-28 03:48:22.013001,2024-06-28 21:18:51.296813,1050.4880635333334,0,0,1,4,0,0,,summer,0,0,0,0
608522027,26.8,26.612244,none,0.0,0.0,4.2136917,9.36,38.258427,998.8477,,2024-06-28 03:47:21.236343,2024-06-28 21:17:44.676734,1050.3906731833333,0,0,1,4,0,0,,summer,0,0,0,0
608549227,25.25,27.749205,none,0.0,0.0,2.968636,14.759999,49.07702,999.0438,,2024-06-28 03:48:54.583024,2024-06-28 21:16:14.950609,1047.33945975,0,0,1,4,0,0,,summer,0,0,0,0
608559827,25.25,27.749205,none,0.0,0.0,2.968636,14.759999,49.07702,996.7671,,2024-06-28 03:48:49.482566,2024-06-28 21:16:26.164839,1047.6113712166666,0,0,1,4,0,0,,summer,0,0,0,0
608352827,26.9,26.763733,none,0.0,0.0,4.072935,9.0,38.286488,996.9284,,2024-06-28 03:47:40.970708,2024-06-28 21:18:22.094957,1050.68540415,0,0,1,4,0,0,,summer,0,0,0,0
608819827,26.4,26.347605,none,0.0,0.0,3.0758414,8.28,38.91234,997.32025,,2024-06-28 03:48:44.106097,2024-06-28 21:16:29.938061,1047.7638660666667,0,0,1,4,0,0,,summer,0,0,0,0
608270627,21.25,22.461203,none,0.0,0.0,2.8799999,12.24,67.09856,996.1117,,2024-06-28 03:47:50.917323,2024-06-28 21:19:32.853509,1051.6989364333333,0,0,1,4,0,0,,summer,0,0,0,0
609668227,26.05,27.955688,none,0.0,0.0,4.198285,14.4,46.8019,997.4335,,2024-06-28 03:47:50.559263,2024-06-28 21:17:56.097268,1050.0923000833334,0,0,1,4,0,0,,summer,0,0,0,0
608373227,21.05,21.054577,none,0.0,0.0,7.42159,10.799999,61.639202,995.84894,,2024-06-28 03:48:41.956817,2024-06-28 21:18:52.998901,1050.1840347333334,0,0,1,4,0,0,,summer,0,0,0,0
608531027,27.05,26.855478,none,0.0,0.0,1.8,10.799999,34.809643,996.87805,,2024-06-28 03:47:53.377698,2024-06-28 21:17:35.826257,1049.7074759833333,0,0,1,4,0,0,,summer,0,0,0,0
608375427,21.35,21.629557,none,0.0,0.0,6.989936,10.440001,62.92131,998.1737,,2024-06-28 03:48:34.796189,2024-06-28 21:17:59.389238,1049.4098841500002,0,0,1,4,0,0,,summer,0,0,0,0
608366827,25.95,28.00481,none,0.0,0.0,3.7064266,13.32,47.694622,997.3291,,2024-06-28 03:48:19.442712,2024-06-28 21:15:36.383672,1047.2823493333333,0,0,1,4,0,0,,summer,0,0,0,0
608341227,25.2,27.57055,none,0.0,0.0,4.0249224,15.84,49.70481,1000.1974,,2024-06-28 03:48:58.766122,2024-06-28 21:16:03.822284,1047.0842693666666,0,0,1,4,0,0,,summer,0,0,0,0
608255627,15.95,16.16992,none,0.0,0.0,6.439876,12.24,85.946144,996.32465,,2024-06-28 03:48:51.027130,2024-06-28 21:16:50.721223,1047.99490155,0,0,1,4,0,0,,summer,0,0,0,0
608370227,25.1,27.78125,none,0.0,0.0,2.6208394,13.679999,49.51732,1000.51874,,2024-06-28 03:47:40.100813,2024-06-28 21:15:54.896890,1048.2466012833333,0,0,1,4,0,0,,summer,0,0,0,0
608244427,15.9,15.165289,none,0.0,0.0,7.8954163,13.32,74.387505,994.6967,,2024-06-28 03:49:54.754563,2024-06-28 21:17:17.690205,1047.3822607,0,1,0,4,0,0,,summer,0,0,0,1
608690427,23.5,25.646128,none,0.0,0.0,2.0991426,12.24,53.622543,997.1888,,2024-06-28 03:47:25.351582,2024-06-28 21:18:19.512821,1050.9026873166667,0,0,1,4,0,0,,summer,0,0,0,0
609101627,19.75,19.821878,none,0.0,0.0,6.6087217,10.440001,66.139175,992.37695,,2024-06-28 03:48:20.956409,2024-06-28 21:20:34.520266,1052.2260642833332,1,0,0,4,0,0,,summer,0,0,0,0
608428027,26.4,26.347605,none,0.0,0.0,3.0758414,8.28,38.91234,997.0937,,2024-06-28 03:49:16.611783,2024-06-28 21:16:10.061277,1046.8908249,0,0,1,4,0,0,,summer,0,0,0,0
608414827,21.1,22.461216,none,0.0,0.0,2.9024127,12.24,69.48284,998.2919,,2024-06-28 03:48:10.395108,2024-06-28 21:18:19.189869,1050.14657935,0,0,1,4,0,0,,summer,0,0,0,0
608799427,19.95,19.19133,none,0.0,0.0,8.049845,11.879999,57.658188,996.9137,,2024-06-28 03:47:31.488789,2024-06-28 21:18:14.946541,1050.7242958666668,1,0,0,4,0,0,,summer,0,0,0,0
608347027,25.6,28.208302,none,0.0,0.0,2.6208394,12.959999,48.53688,999.53564,,2024-06-28 03:47:54.732072,2024-06-28 21:16:44.328518,1048.8266074333335,0,0,1,4,0,0,,summer,0,0,0,0
610724827,27.05,27.661411,none,0.0,0.0,2.3051248,11.159999,35.869907,1002.01807,,2024-06-28 03:48:29.766721,2024-06-28 21:16:35.618044,1048.09752205,0,0,1,4,0,0,,summer,0,0,0,0
608375027,19.25,18.457539,none,0.0,0.0,7.8625183,12.24,59.427242,994.453,,2024-06-28 03:50:08.477766,2024-06-28 21:16:26.047525,1046.2928293166667,0,1,0,4,0,0,,summer,0,0,0,1
608375227,19.7,19.152042,none,0.0,0.0,6.9247384,11.159999,59.14271,995.8375,,2024-06-28 03:49:58.125915,2024-06-28 21:15:47.642382,1045.82527445,0,1,0,4,0,0,,summer,0,0,0,1
608906027,28.5,31.16505,none,0.0,0.0,5.6920996,16.919998,50.890327,997.98755,,2024-06-29 03:48:06.262391,2024-06-29 21:17:03.069350,1048.94678265,0,0,1,5,1,0,,summer,0,0,0,0
608787027,26.5,28.87542,none,0.0,0.0,4.3349743,16.199999,57.7542,998.53613,,2024-06-29 03:47:47.362678,2024-06-29 21:17:38.036611,1049.84456555,0,0,1,5,1,0,,summer,0,0,0,0
608445827,29.75,29.912518,none,0.0,0.0,5.8603754,15.4800005,35.44886,997.84296,,2024-06-29 03:48:35.691977,2024-06-29 21:16:20.961991,1047.7545002333334,0,0,1,5,1,0,,summer,0,0,0,0
608391627,22.85,24.549889,none,0.0,0.0,6.489992,15.84,71.38179,994.792,,2024-06-29 03:50:46.999641,2024-06-29 21:15:47.926661,1045.0154503333333,0,0,1,5,1,0,,summer,0,0,0,0
608401827,18.85,19.030924,none,0.0,0.0,10.739833,19.08,79.359344,992.9989,,2024-06-29 03:50:15.654078,2024-06-29 21:16:42.069020,1046.4402490333334,0,0,1,5,1,0,,summer,0,0,0,0
608422627,26.85,28.656708,none,0.0,0.0,6.489992,19.44,53.953472,990.8832,,2024-06-29 03:49:54.009912,2024-06-29 21:16:23.432809,1046.4903816166666,0,0,1,5,1,0,,summer,0,0,0,0
608438427,28.15,30.95961,none,0.0,0.0,5.0142193,17.64,51.284435,998.1507,,2024-06-29 03:49:13.945179,2024-06-29 21:17:32.744216,1048.3133172833334,0,0,1,5,1,0,,summer,0,0,0,0
608689027,29.75,30.424515,none,0.0,0.0,2.5455842,10.799999,36.50604,995.33466,,2024-06-29 03:48:05.203808,2024-06-29 21:17:45.784059,1049.6763375166668,0,0,1,5,1,0,,summer,0,0,0,0
608447627,29.65,29.90834,none,0.0,0.0,5.3999996,11.5199995,36.716873,998.3974,,2024-06-29 03:49:13.605760,2024-06-29 21:16:49.478479,1047.59787865,0,0,1,5,1,0,,summer,0,0,0,0
608451227,29.4,29.870895,none,0.0,0.0,5.634891,11.159999,38.984306,998.49786,,2024-06-29 03:49:24.342359,2024-06-29 21:16:50.705898,1047.4393923166667,0,0,1,5,1,0,,summer,0,0,0,0
608628227,29.75,30.424515,none,0.0,0.0,2.5455842,10.799999,36.50604,996.0063,,2024-06-29 03:48:22.160840,2024-06-29 21:17:32.291462,1049.1688437,0,0,1,5,1,0,,summer,0,0,0,0
608683227,16.3,16.286924,none,0.0,0.0,9.885262,16.919998,88.23775,997.53503,,2024-06-29 03:48:23.046254,2024-06-29 21:17:23.705499,1049.0109874166667,0,0,1,5,1,0,,summer,0,0,0,0
608712227,20.4,21.23751,none,0.0,0.0,8.669949,11.159999,76.352425,991.203,,2024-06-29 03:47:51.091466,2024-06-29 21:18:31.304370,1050.6702150666667,0,1,0,5,1,0,,summer,0,0,0,1
608820427,27.75,29.44178,none,0.0,0.0,4.8965297,13.679999,51.506886,989.29865,,2024-06-29 03:48:44.502762,2024-06-29 21:20:18.841678,1051.5723152666667,0,0,1,5,1,0,,summer,0,0,0,0
608374627,18.0,17.299942,none,0.0,0.0,9.3876505,15.4800005,68.64809,997.73865,,2024-06-29 03:47:46.766536,2024-06-29 21:17:31.074913,1049.73847295,0,1,0,5,1,0,,summer,0,0,0,1
608859027,26.7,27.730604,none,0.0,0.0,7.729527,11.159999,52.7283,996.21686,,2024-06-29 03:49:01.533099,2024-06-29 21:17:01.021902,1047.99148005,0,0,1,5,1,0,,summer,0,0,0,0
608384227,17.1,16.611547,none,0.0,0.0,10.105681,17.28,77.32542,999.5575,,2024-06-29 03:49:19.579110,2024-06-29 21:18:05.459662,1048.7646758666667,1,0,1,5,1,0,,summer,0,0,0,0
608436027,28.7,31.445435,none,0.0,0.0,3.096837,15.119999,47.362198,994.17896,,2024-06-29 03:50:48.958448,2024-06-29 21:17:09.480483,1046.3420339166667,0,0,1,5,1,0,,summer,0,0,0,0
608438627,27.85,30.06577,none,0.0,0.0,5.0142193,18.359999,46.984207,991.3142,,2024-06-29 03:53:12.820085,2024-06-29 21:16:01.305336,1042.8080875166665,0,0,1,5,1,0,,summer,0,0,0,0
608452627,26.0,28.49279,none,0.0,0.0,4.8965297,7.5599995,63.942352,992.7682,,2024-06-29 03:50:08.705610,2024-06-29 21:15:50.468059,1045.6960408166667,0,0,1,5,1,0,,summer,0,0,0,0
608412627,27.1,29.198513,none,0.0,0.0,5.8603754,18.72,53.335728,1000.27026,,2024-06-29 03:49:00.889296,2024-06-29 21:15:55.234075,1046.9057463166666,0,0,1,5,1,0,,summer,0,0,0,0
614346027,29.7,29.9436,none,0.0,0.0,4.1046314,11.159999,35.2037,998.7368,,2024-06-29 03:48:57.643123,2024-06-29 21:16:33.949799,1047.6051112666667,0,0,1,5,1,0,,summer,0,0,0,0
608427627,19.05,18.090328,none,0.0,0.0,9.114471,14.4,60.37225,1001.45135,,2024-06-29 03:49:11.895740,2024-06-29 21:15:15.908131,1046.0668731833332,0,1,0,5,1,0,,summer,0,0,0,1
608449227,29.45,30.182095,none,0.0,0.0,5.8603754,11.159999,40.9348,998.6265,,2024-06-29 03:49:13.096631,2024-06-29 21:17:59.410251,1048.7718936666668,0,0,1,5,1,0,,summer,0,0,0,0
608450627,28.2,30.45905,none,0.0,0.0,3.8268526,10.440001,53.276802,996.2008,,2024-06-29 03:47:34.395692,2024-06-29 21:17:40.622580,1050.1037814666665,0,0,1,5,1,0,,summer,0,0,0,0
612391827,28.85,30.08284,none,0.0,0.0,5.495161,11.879999,45.62427,993.5302,,2024-06-29 03:48:37.431011,2024-06-29 21:17:29.482367,1048.8675226,0,0,1,5,1,0,,summer,0,0,0,0
608466427,27.95,29.070473,none,0.0,0.0,7.24486,12.959999,49.16026,994.93427,,2024-06-29 03:49:24.440253,2024-06-29 21:18:10.333118,1048.7648810833334,0,0,1,5,1,0,,summer,0,0,0,0
608474027,29.55,30.106968,none,0.0,0.0,4.5536795,12.599999,38.150166,993.61816,,2024-06-29 03:50:14.646618,2024-06-29 21:17:10.862207,1046.9369264833333,0,0,1,5,1,0,,summer,0,0,0,0
608596627,27.95,30.949036,none,0.0,0.0,6.130579,18.0,53.550285,996.08105,,2024-06-29 03:48:26.528189,2024-06-29 21:17:35.030058,1049.1416978166667,0,0,1,5,1,0,,summer,0,0,0,0
608474627,27.0,29.182629,none,0.0,0.0,6.12,18.0,54.506733,998.11096,,2024-06-29 03:49:09.672424,2024-06-29 21:18:26.317513,1049.27741815,0,0,1,5,1,0,,summer,0,0,0,0
608460027,21.8,22.414146,none,0.0,0.0,8.825508,15.119999,67.860176,996.89435,,2024-06-29 03:49:24.606439,2024-06-29 21:16:36.221565,1047.1935854333333,0,1,0,5,1,0,,summer,0,0,0,1
608416627,26.8,28.571346,none,0.0,0.0,6.6087217,19.8,53.76989,993.56464,,2024-06-29 03:50:18.239735,2024-06-29 21:15:47.388426,1045.4858115166667,0,0,1,5,1,0,,summer,0,0,0,0
608450827,28.85,29.65343,none,0.0,0.0,4.73506,6.8399997,41.701935,994.39886,,2024-06-29 03:49:56.206748,2024-06-29 21:15:22.938096,1045.4455224666667,0,0,1,5,1,0,,summer,0,0,0,0
608427227,27.8,30.713913,none,0.0,0.0,6.519877,19.08,53.008102,996.2826,,2024-06-29 03:49:54.629880,2024-06-29 21:17:25.886064,1047.5209364,0,0,1,5,1,0,,summer,0,0,0,0
608421227,27.45,30.24292,rain,0.1,0.0,7.072878,18.72,53.593475,998.71716,,2024-06-29 03:49:32.625023,2024-06-29 21:18:06.202293,1048.5596211666666,0,0,1,5,1,0,,summer,0,0,0,0
608381027,16.3,16.286924,none,0.0,0.0,9.885262,16.919998,88.23775,998.23926,,2024-06-29 03:48:05.451910,2024-06-29 21:17:47.381771,1049.6988310166666,0,0,1,5,1,0,,summer,0,0,0,0
608462227,20.8,21.434376,none,0.0,0.0,8.287822,14.04,71.460266,993.2664,,2024-06-30 03:50:33.031892,2024-06-30 21:15:46.838178,1045.2301047666667,0,1,0,6,1,0,,summer,0,0,0,1
608511427,27.25,28.118668,none,0.0,0.0,8.557102,18.0,50.727295,991.7156,,2024-06-30 03:48:46.319909,2024-06-30 21:17:46.693768,1049.0062309833334,0,0,1,6,1,0,,summer,0,0,0,0
608515027,27.95,28.480026,none,0.0,0.0,9.3669195,22.68,47.01104,995.1607,,2024-06-30 03:49:05.643148,2024-06-30 21:15:27.396031,1046.36254805,0,0,1,6,1,0,,summer,0,0,0,0
608462027,19.4,20.267284,none,0.0,0.0,6.830519,10.440001,78.17545,998.0552,,2024-06-30 03:49:56.126850,2024-06-30 21:16:26.550381,1046.50705885,0,1,0,6,1,0,,summer,0,0,0,1
608925427,29.3,29.054966,none,0.0,0.0,12.413476,25.199999,39.210026,993.62756,,2024-06-30 03:48:54.133645,2024-06-30 21:17:32.037124,1048.63172465,0,0,1,6,1,0,,summer,0,0,0,0
608572027,23.7,25.64497,none,0.0,0.0,7.5599995,17.28,71.761406,997.26215,,2024-06-30 03:49:08.278683,2024-06-30 21:15:20.929490,1046.2108467833334,0,0,1,6,1,0,,summer,0,0,0,0
608508827,28.75,28.412357,none,0.0,0.0,11.928989,23.4,41.27219,994.7703,,2024-06-30 03:48:49.842599,2024-06-30 21:16:27.393827,1047.6258538,0,0,1,6,1,0,,summer,0,0,0,0
608510227,29.45,28.790634,none,0.0,0.0,14.759999,28.08,37.875324,992.9389,,2024-06-30 03:50:48.263739,2024-06-30 21:16:24.608386,1045.6057441166665,0,0,1,6,1,0,,summer,0,0,0,0
608782827,19.95,21.839975,none,0.0,0.0,6.4096174,8.64,87.43665,994.8189,,2024-06-30 03:48:45.008341,2024-06-30 21:17:07.062832,1048.36757485,0,1,0,6,1,0,,summer,0,0,0,1
610761827,24.25,26.262135,none,0.0,0.0,7.5685663,17.28,70.08474,991.0193,,2024-06-30 03:50:55.282127,2024-06-30 21:16:17.931317,1045.3774865,0,0,1,6,1,0,,summer,0,0,0,0
608513227,23.95,25.261572,none,0.0,0.0,6.9527545,13.32,63.69887,993.39105,,2024-06-30 03:50:28.553425,2024-06-30 21:15:23.774197,1044.9203462,0,0,1,6,1,0,,summer,0,0,0,0
608461227,20.9,21.50682,none,0.0,0.0,8.209263,13.32,70.568016,991.56726,,2024-06-30 03:48:49.096068,2024-06-30 21:17:49.012586,1048.9986086333333,0,1,0,6,1,0,,summer,0,0,0,1
608506827,29.55,30.937946,none,0.0,0.0,12.599999,27.359999,45.09044,996.0224,,2024-06-30 03:49:21.267175,2024-06-30 21:16:27.338744,1047.1011928166668,0,0,1,6,1,0,,summer,0,0,0,0
608507227,29.9,28.986507,none,0.0,0.0,15.124284,27.359999,35.839973,993.66406,,2024-06-30 03:49:13.979660,2024-06-30 21:17:18.322098,1048.0723739666666,0,0,1,6,1,0,,summer,0,0,1,0
608533227,28.75,28.634274,none,0.0,0.0,11.165805,23.039999,42.079952,997.11566,,2024-06-30 03:49:37.860969,2024-06-30 21:15:21.925953,1045.7344163999999,0,0,1,6,1,0,,summer,0,0,0,0
608806227,28.4,29.951931,none,0.0,0.0,13.722565,28.08,49.749763,995.48047,,2024-06-30 03:49:36.782593,2024-06-30 21:16:51.188449,1047.2400976,0,0,1,6,1,0,,summer,0,0,0,0
608685027,21.2,23.061218,none,0.0,0.0,5.692099,9.36,79.43618,995.22,,2024-06-30 03:49:02.422955,2024-06-30 21:16:57.212011,1047.9131509333333,0,1,0,6,1,0,,summer,0,0,0,1
608551227,28.3,28.057114,none,0.0,0.0,11.659777,22.319998,42.778008,994.9413,,2024-06-30 03:49:16.849009,2024-06-30 21:16:31.211625,1047.2393769333332,0,0,1,6,1,0,,summer,0,0,0,0
608478427,20.55,22.073292,none,0.0,0.0,7.8625183,13.679999,82.41553,995.22034,,2024-06-30 03:50:41.112892,2024-06-30 21:14:55.616869,1044.24173295,0,0,1,6,1,0,,summer,0,0,0,0
608717027,24.5,24.665997,none,0.0,0.0,13.392774,20.519999,59.70191,987.8509,,2024-07-01 03:50:07.346620,2024-07-01 21:17:37.153861,1047.49678735,0,1,0,0,0,0,,summer,0,0,0,1
608795827,24.0,24.684118,none,0.0,0.0,10.685391,16.56,62.70553,988.3979,,2024-07-01 03:49:32.253209,2024-07-01 21:17:11.540023,1047.6547802333332,0,1,0,0,0,0,,summer,0,0,0,1
608735027,26.7,28.19778,none,0.0,0.0,6.379216,15.84,54.952145,991.39923,,2024-07-01 03:50:11.225279,2024-07-01 21:17:49.374079,1047.6358133333333,0,0,1,0,0,0,,summer,0,0,0,0
608530827,24.8,28.115837,none,0.0,0.0,4.6102495,12.959999,75.85239,993.37775,,2024-07-01 03:50:35.608188,2024-07-01 21:17:02.932086,1046.4553983,0,0,1,0,0,0,,summer,0,0,0,0
608519627,19.45,21.473106,none,0.0,0.0,5.95906,8.64,91.0473,993.4648,,2024-07-01 03:50:11.486255,2024-07-01 21:16:23.578517,1046.2015377,0,1,0,0,0,0,,summer,0,0,0,1
608541627,28.05,28.015182,none,0.0,0.0,9.779817,20.519999,41.75117,992.6529,,2024-07-01 03:50:14.726186,2024-07-01 21:16:19.297252,1046.0761844333333,0,0,1,0,0,0,,summer,0,0,0,0
608579827,29.15,28.925587,none,0.0,0.0,11.753876,26.64,39.551376,993.14886,,2024-07-01 03:49:07.077766,2024-07-01 21:16:33.317039,1047.4373212166668,0,0,1,0,0,0,,summer,0,0,0,0
608580827,24.75,27.970345,none,0.0,0.0,5.0911684,13.32,75.844475,995.40485,,2024-07-01 03:51:18.789277,2024-07-01 21:17:36.646041,1046.2976127333334,0,0,1,0,0,0,,summer,0,0,0,0
608636227,29.8,30.543598,none,0.0,0.0,7.754637,18.0,42.097954,994.8768,,2024-07-01 03:50:39.055932,2024-07-01 21:14:44.036220,1044.0830048,0,0,1,0,0,0,,summer,0,0,0,0
608563427,29.2,29.61084,none,0.0,0.0,10.739832,23.4,39.05532,994.5117,,2024-07-01 03:49:49.179652,2024-07-01 21:15:58.878061,1046.16164015,0,0,1,0,0,0,,summer,0,0,0,0
608629027,29.15,30.900093,none,0.0,0.0,5.8048253,13.32,48.85427,993.5438,,2024-07-01 03:49:34.398701,2024-07-01 21:14:25.358878,1044.8493362833333,0,0,1,0,0,0,,summer,0,0,0,0
608621827,28.75,29.655403,none,0.0,0.0,11.304229,18.72,49.68387,994.4086,,2024-07-01 03:50:38.616507,2024-07-01 21:14:50.951341,1044.2055805666666,0,0,1,0,0,0,,summer,0,0,0,0
609000627,30.3,30.689953,none,0.0,0.0,5.815978,16.56,36.658997,988.9005,,2024-07-01 03:50:10.124195,2024-07-01 21:16:37.354719,1046.4538420666665,0,0,1,0,0,0,,summer,0,0,0,0
608658027,18.75,20.510313,none,0.0,0.0,6.696387,9.0,93.03488,991.6486,,2024-07-01 03:49:26.869871,2024-07-01 21:17:40.725412,1048.2309256833332,0,1,0,0,0,0,,summer,0,0,0,1
608601027,30.4,30.402313,none,0.0,0.0,8.473393,21.599998,36.449497,989.717,,2024-07-01 03:50:09.339451,2024-07-01 21:16:24.378288,1046.2506472833334,0,0,1,0,0,0,,summer,0,0,0,0
608579027,29.1,29.089409,none,0.0,0.0,12.031756,24.119999,39.40945,994.6186,,2024-07-01 03:50:48.952750,2024-07-01 21:16:04.330674,1045.2562987333333,0,0,1,0,0,0,,summer,0,0,0,0
608581027,29.5,30.188068,none,0.0,0.0,10.514218,24.84,39.392788,993.0699,,2024-07-01 03:50:37.341827,2024-07-01 21:17:08.312001,1046.5161695666668,0,0,1,0,0,0,,summer,0,0,0,0
608596227,30.4,30.44682,none,0.0,0.0,9.9571085,21.96,36.449497,994.7727,,2024-07-01 03:50:50.121055,2024-07-01 21:16:29.536628,1045.6569262166665,0,0,1,0,0,0,,summer,0,0,0,0
608733827,30.4,30.14082,none,0.0,0.0,10.137692,23.759998,34.71259,991.7637,,2024-07-01 03:49:38.724866,2024-07-01 21:16:01.161746,1046.373948,0,0,1,0,0,0,,summer,0,0,0,0
612051827,27.7,27.925346,none,0.0,0.0,8.534353,19.08,44.30111,990.8221,,2024-07-01 03:51:18.261546,2024-07-01 21:15:33.314895,1044.25088915,0,0,1,0,0,0,,summer,0,0,0,0
608599627,30.15,30.41705,none,0.0,0.0,8.404285,19.8,38.689835,990.2441,,2024-07-01 03:51:02.634515,2024-07-01 21:15:37.351538,1044.57861705,0,0,1,0,0,0,,summer,0,0,0,0
608518827,19.7,21.702272,none,0.0,0.0,6.4096174,9.36,90.20975,990.76556,,2024-07-01 03:49:29.041956,2024-07-01 21:17:38.179769,1048.1522968833333,0,1,0,0,0,0,,summer,0,0,0,1
608553027,27.15,27.910343,none,0.0,0.0,6.725354,15.84,48.01588,990.8534,,2024-07-01 03:51:45.329609,2024-07-01 21:14:55.613346,1043.1713956166666,0,0,1,0,0,0,,summer,0,0,0,0
608617427,28.95,30.940868,none,0.0,0.0,4.452954,13.32,49.73612,990.9746,,2024-07-01 03:49:48.154308,2024-07-01 21:16:27.448152,1046.6548974,0,0,1,0,0,0,,summer,0,0,0,0
611384427,29.6,29.551067,none,0.0,0.0,10.195057,22.319998,39.548126,988.0653,,2024-07-01 03:52:21.525121,2024-07-01 21:16:17.574761,1043.9341606666667,0,0,1,0,0,0,,summer,0,0,0,0
608575627,29.3,28.898907,none,0.0,0.0,13.276144,26.28,39.721367,995.8756,,2024-07-01 03:50:23.585937,2024-07-01 21:15:56.220175,1045.5439039666667,0,0,1,0,0,0,,summer,0,0,0,0
608626627,24.4,25.01307,none,0.0,0.0,10.1887,17.28,59.869213,991.24023,,2024-07-01 03:49:06.114353,2024-07-01 21:16:31.275249,1047.4193482666667,0,1,0,0,0,0,,summer,0,0,0,1
608880627,30.15,29.783424,none,0.0,0.0,10.594036,23.4,34.75661,993.1978,,2024-07-01 03:49:25.616088,2024-07-01 21:16:43.652988,1047.3006149999999,0,0,1,0,0,0,,summer,0,0,0,0
608873827,28.95,30.940868,none,0.0,0.0,4.452954,13.32,49.73612,989.0779,,2024-07-01 03:49:31.270874,2024-07-01 21:17:05.613401,1047.57237545,0,0,1,0,0,0,,summer,0,0,0,0
608893227,28.95,30.940868,none,0.0,0.0,4.452954,13.32,49.73612,990.8631,,2024-07-01 03:49:24.227654,2024-07-01 21:16:53.648759,1047.49035175,0,0,1,0,0,0,,summer,0,0,0,0
608700227,24.1,24.399113,none,0.0,0.0,13.324863,25.56,62.330128,991.70825,,2024-07-01 03:50:51.195123,2024-07-01 21:17:23.668091,1046.5412161333334,0,1,0,0,0,0,,summer,0,0,0,1
608616827,30.4,30.402313,none,0.0,0.0,8.473393,21.599998,36.449497,990.7166,,2024-07-01 03:50:22.876727,2024-07-01 21:16:15.391058,1045.87523885,0,0,1,0,0,0,,summer,0,0,0,0
608588027,28.25,28.647202,none,0.0,0.0,10.009036,21.24,41.942093,989.4057,,2024-07-01 03:51:32.635973,2024-07-01 21:16:56.415013,1045.3963173333334,0,0,1,0,0,0,,summer,0,0,0,0
608627627,24.45,24.43505,none,0.0,0.0,13.53236,23.759998,58.37059,985.83154,,2024-07-01 03:50:38.613833,2024-07-01 21:19:19.523897,1048.6818344,0,1,0,0,0,0,,summer,0,0,0,1
608605427,28.55,29.159134,none,0.0,0.0,10.1887,18.72,46.871826,989.5845,,2024-07-01 03:51:38.979596,2024-07-01 21:16:26.107438,1044.7854640333333,0,0,1,0,0,0,,summer,0,0,0,0
608877027,26.85,27.879807,none,0.0,0.0,6.489992,15.84,50.78521,993.0978,,2024-07-01 03:51:14.318737,2024-07-01 21:17:16.057895,1046.0289859666666,0,0,1,0,0,0,,summer,0,0,0,0
608597427,30.25,30.14486,none,0.0,0.0,10.1887,24.48,36.17189,994.5292,,2024-07-01 03:49:40.539697,2024-07-01 21:14:28.917852,1044.8063025833333,0,0,1,0,0,0,,summer,0,0,0,0
608806027,28.95,30.940868,none,0.0,0.0,4.452954,13.32,49.73612,989.97,,2024-07-01 03:49:39.909673,2024-07-01 21:16:30.471553,1046.842698,0,0,1,0,0,0,,summer,0,0,0,0
609357627,29.4,29.88338,none,0.0,0.0,17.414474,36.36,45.62719,986.3529,,2024-07-02 03:53:00.766545,2024-07-02 21:15:41.547811,1042.6796877666666,0,0,1,1,0,0,,summer,0,0,1,0
608742827,28.65,29.127533,none,0.0,0.0,12.783802,28.8,48.41433,984.34375,,2024-07-02 03:52:27.144644,2024-07-02 21:14:23.809472,1041.9444138000001,0,0,1,1,0,0,,summer,0,0,0,0
608744627,29.3,28.726597,none,0.0,0.0,16.923828,29.16,43.468037,985.18695,,2024-07-02 03:51:18.947053,2024-07-02 21:16:17.317886,1044.9728472166667,0,0,1,1,0,0,,summer,0,0,1,0
608753027,24.05,24.40544,none,0.0,0.0,11.542478,17.64,60.556545,988.4049,,2024-07-02 03:51:39.170028,2024-07-02 21:15:44.861170,1044.0948523666668,0,1,0,1,0,0,,summer,0,0,0,1
608797627,29.85,30.544048,none,0.0,0.0,17.388409,37.8,45.315033,985.0314,,2024-07-02 03:52:12.362409,2024-07-02 21:16:13.927638,1044.02608715,0,0,1,1,0,0,,summer,0,0,1,0
608717827,30.3,30.918697,none,0.0,0.0,17.974781,35.64,43.60157,991.2324,,2024-07-02 03:51:18.827700,2024-07-02 21:14:19.064255,1043.0039425833334,0,0,1,1,0,0,,summer,0,0,1,0
608639627,22.9,23.600174,none,0.0,0.0,10.44,20.519999,66.79432,988.0471,,2024-07-02 03:50:21.011048,2024-07-02 21:16:39.811429,1046.3133396833334,0,1,0,1,0,0,,summer,0,0,0,1
608743427,25.75,26.982347,none,0.0,0.0,7.628263,19.08,57.39178,985.7256,,2024-07-02 03:50:15.058241,2024-07-02 21:16:02.364075,1045.7884305666666,0,0,1,1,0,0,,summer,0,0,0,0
608733227,30.35,28.660912,none,0.0,0.0,20.316889,34.56,36.79201,990.0645,,2024-07-02 03:51:19.014516,2024-07-02 21:15:28.270455,1044.15426565,0,0,1,1,0,0,,summer,0,0,1,0
610909027,29.85,29.34037,none,0.0,0.0,15.94601,33.48,41.575367,989.28754,,2024-07-02 03:51:46.865978,2024-07-02 21:15:56.531368,1044.1610898333333,0,0,1,1,0,0,,summer,0,0,1,0
608748227,24.8,25.529593,none,0.0,0.0,10.086427,16.56,59.39284,987.1044,,2024-07-02 03:49:58.587983,2024-07-02 21:16:00.780737,1046.0365459,0,1,0,1,0,0,,summer,0,0,0,1
608820627,29.9,30.57412,none,0.0,0.0,16.299694,32.760002,45.18492,989.407,,2024-07-02 03:50:34.167820,2024-07-02 21:16:22.975653,1045.8134638833333,0,0,1,1,0,0,,summer,0,0,1,0
608763427,26.0,27.140675,none,0.0,0.0,7.968939,15.119999,56.190098,984.9559,,2024-07-02 03:51:11.052616,2024-07-02 21:15:57.013154,1044.7660089666667,1,0,0,1,0,0,,summer,0,0,0,0
608692627,29.6,30.217255,none,0.0,0.0,16.434305,31.68,46.264587,987.279,,2024-07-02 03:50:47.907220,2024-07-02 21:16:37.694430,1045.8297868333334,0,0,1,1,0,0,,summer,0,0,1,0
608697827,30.5,30.670319,none,0.0,0.0,19.161337,37.8,42.424572,986.3517,,2024-07-02 03:50:13.951111,2024-07-02 21:16:30.340390,1046.2731546500002,0,0,1,1,0,0,,summer,0,0,1,0
608706027,30.3,30.121948,none,0.0,0.0,19.161337,37.079998,43.325188,982.4029,,2024-07-02 03:50:28.600089,2024-07-02 21:16:57.964860,1046.48941285,0,0,1,1,0,0,,summer,0,0,1,0
608708027,30.1,28.96294,none,0.0,0.0,19.008547,36.719997,37.932983,986.56177,,2024-07-02 03:53:02.322889,2024-07-02 21:15:46.054903,1042.7288669,0,0,1,1,0,0,,summer,0,0,1,0
609009627,25.75,26.895689,none,0.0,0.0,8.654986,13.32,57.94067,988.6215,,2024-07-02 03:50:51.200243,2024-07-02 21:14:21.529886,1043.50549405,0,0,1,1,0,0,,summer,0,0,0,0
608868027,30.05,29.015434,none,0.0,0.0,17.713316,33.48,39.291042,987.3595,,2024-07-02 03:51:49.634810,2024-07-02 21:14:58.690366,1043.1509259333334,0,0,1,1,0,0,,summer,0,0,1,0
609013427,31.0,29.599888,none,0.0,0.0,19.130875,36.719997,35.10635,987.0812,,2024-07-02 03:50:27.400696,2024-07-02 21:15:59.736865,1045.53893615,0,0,1,1,0,0,,summer,0,0,1,0
608707027,29.9,29.995705,none,0.0,0.0,19.576189,36.0,43.91046,985.7588,,2024-07-02 03:50:49.759659,2024-07-02 21:16:57.679776,1046.1320019500001,0,0,1,1,0,0,,summer,0,0,1,0
608747427,24.1,24.721178,none,0.0,0.0,9.72,15.4800005,60.375023,983.10187,,2024-07-02 03:53:06.500720,2024-07-02 21:15:21.574885,1042.2512360833332,0,1,0,1,0,0,,summer,0,0,0,1
608677827,30.15,30.664505,none,0.0,0.0,17.414474,32.039997,44.399464,991.17426,,2024-07-02 03:51:41.909831,2024-07-02 21:14:29.752305,1042.7973745666666,0,0,1,1,0,0,,summer,0,0,1,0
608682827,29.05,30.496326,none,0.0,0.0,13.979872,27.72,52.16693,987.15424,,2024-07-02 03:52:19.500932,2024-07-02 21:14:13.491279,1041.8998391166667,0,0,1,1,0,0,,summer,0,0,0,0
608726227,30.9,29.501446,none,0.0,0.0,19.255793,34.92,35.30725,983.8639,,2024-07-02 03:52:06.428352,2024-07-02 21:15:18.284250,1043.1975983,0,0,1,1,0,0,,summer,0,0,1,0
608765027,28.55,28.747223,none,0.0,0.0,14.277983,28.8,48.23435,987.7014,,2024-07-02 03:51:36.732049,2024-07-02 21:16:56.548949,1045.3302816666667,0,0,1,1,0,0,,summer,0,0,0,0
608702427,29.85,30.002811,none,0.0,0.0,19.08,36.719997,43.617966,986.4201,,2024-07-02 03:50:43.575801,2024-07-02 21:16:54.676401,1046.18501,0,0,1,1,0,0,,summer,0,0,1,0
608764027,24.9,25.57711,none,0.0,0.0,9.746631,14.759999,58.106255,984.74506,,2024-07-02 03:51:07.791087,2024-07-02 21:16:04.683206,1044.9482019833333,0,1,0,1,0,0,,summer,0,0,0,1
608743027,27.25,28.65041,none,0.0,0.0,8.217153,21.24,54.569103,985.0342,,2024-07-02 03:51:49.396177,2024-07-02 21:14:46.287874,1042.94819495,0,0,1,1,0,0,,summer,0,0,0,0
608745027,26.0,27.140675,none,0.0,0.0,7.968939,15.119999,56.190098,989.45074,,2024-07-02 03:51:38.380389,2024-07-02 21:15:26.382928,1043.8000423166666,0,0,1,1,0,0,,summer,0,0,0,0
608651027,23.65,26.25604,none,0.0,0.0,7.5942082,17.64,78.546906,987.9304,,2024-07-02 03:52:47.145889,2024-07-02 21:14:18.641731,1041.5249307,0,0,1,1,0,0,,summer,0,0,0,0
608683827,29.65,30.330238,none,0.0,0.0,17.238699,32.760002,46.719906,986.46686,,2024-07-02 03:52:18.485274,2024-07-02 21:14:36.313347,1042.29713455,0,0,1,1,0,0,,summer,0,0,1,0
608857027,30.15,28.783298,none,0.0,0.0,19.862083,46.44,38.940315,987.5388,,2024-07-03 03:51:42.879177,2024-07-03 21:13:52.448363,1042.1594864333333,0,0,1,2,0,0,,summer,0,0,1,0
608902427,27.0,27.762646,none,0.0,0.0,13.339445,29.16,56.25669,987.39966,,2024-07-03 03:50:59.456559,2024-07-03 21:14:36.884483,1043.6237987333334,0,0,1,2,0,0,,summer,0,0,0,0
609480027,28.9,29.408287,none,0.0,0.0,18.388212,33.48,51.4774,984.0402,,2024-07-03 03:52:49.361528,2024-07-03 21:13:20.602297,1040.5206794833332,0,0,1,2,0,0,,summer,0,0,1,0
609488427,29.85,27.772205,none,0.0,0.0,24.485292,47.88,39.362526,986.32794,,2024-07-03 03:52:32.766912,2024-07-03 21:15:43.123839,1043.17261545,0,0,1,2,0,0,,summer,0,0,1,0
608777827,21.5,21.86127,none,0.0,0.0,14.05845,23.039999,74.84729,986.5571,,2024-07-03 03:51:58.030693,2024-07-03 21:13:57.820090,1041.99648995,0,0,1,2,0,0,,summer,0,0,0,0
608820227,31.2,27.14321,none,0.0,0.0,29.88217,53.28,28.880285,985.0553,,2024-07-03 03:53:28.989825,2024-07-03 21:15:11.995880,1041.7167675833332,0,0,1,2,0,0,,summer,0,0,1,0
608779027,27.55,27.914307,none,0.0,0.0,18.214718,33.48,56.924202,982.86566,,2024-07-03 03:53:19.724444,2024-07-03 21:14:50.865369,1041.5190154166667,0,0,1,2,0,0,,summer,0,0,1,0
608823227,32.3,28.925407,none,0.0,0.0,25.630886,48.239998,26.775093,985.16595,,2024-07-03 03:51:44.986776,2024-07-03 21:15:26.248871,1043.6877015833334,0,0,1,2,0,0,,summer,0,0,1,0
608824227,32.25,29.097397,none,0.0,0.0,26.302181,45.0,28.689058,982.8596,,2024-07-03 03:51:59.584775,2024-07-03 21:16:36.066231,1044.6080242666667,0,0,1,2,0,0,,summer,0,0,1,0
608827627,29.7,28.264427,none,0.0,0.0,21.897945,38.519997,41.53412,984.1774,,2024-07-03 03:53:23.211111,2024-07-03 21:13:48.698343,1040.4247872,0,0,1,2,0,0,,summer,0,0,1,0
608832427,28.6,28.869713,rain,1.3,0.0,18.671474,63.0,49.487682,987.63184,,2024-07-03 03:51:57.691334,2024-07-03 21:14:05.412398,1042.1286843999999,0,0,1,2,0,0,,summer,0,0,1,0
608832827,29.7,28.264427,none,0.0,0.0,21.897945,38.519997,41.53412,980.9762,,2024-07-03 03:53:25.022764,2024-07-03 21:14:04.839064,1040.663605,0,0,1,2,0,0,,summer,0,0,1,0
608844227,28.25,28.214558,none,0.0,0.0,17.026896,35.28,50.345055,985.9926,,2024-07-03 03:53:06.190007,2024-07-03 21:15:26.746505,1042.3426083,0,0,1,2,0,0,,summer,0,0,1,0
608854027,22.5,24.492296,none,0.0,0.0,6.6185193,16.56,76.20035,988.8134,,2024-07-03 03:54:22.593436,2024-07-03 21:14:05.521339,1039.7154650500001,0,1,0,2,0,0,,summer,0,0,0,1
608821827,28.95,28.296307,none,0.0,0.0,21.322214,59.399998,45.360764,987.8987,,2024-07-03 03:52:24.196558,2024-07-03 21:15:08.977686,1042.7463521333334,0,0,1,2,0,0,,summer,0,0,1,0
608800827,22.8,22.840326,none,0.0,0.0,12.620554,21.24,63.65036,986.6645,,2024-07-03 03:51:01.527182,2024-07-03 21:15:41.822999,1044.6715969499999,0,1,0,2,0,0,,summer,0,0,0,1
608772427,22.35,22.37981,none,0.0,0.0,12.964998,21.96,65.8336,986.68445,,2024-07-03 03:51:24.246374,2024-07-03 21:15:28.136256,1044.0648313666668,0,1,0,2,0,0,,summer,0,0,0,1
608865227,28.3,28.861183,none,0.0,0.0,16.981165,32.760002,53.807114,983.5828,,2024-07-03 03:51:59.232373,2024-07-03 21:16:37.400899,1044.6361421,0,0,1,2,0,0,,summer,0,0,1,0
608959427,23.5,25.582355,none,0.0,0.0,7.5685663,18.359999,74.00932,990.836,,2024-07-03 03:52:12.399397,2024-07-03 21:14:23.404625,1042.1834204666668,0,1,0,2,0,0,,summer,0,0,0,1
608957427,21.6,23.544933,none,0.0,0.0,9.1641035,15.4800005,84.106125,990.0172,,2024-07-03 03:51:51.261250,2024-07-03 21:14:07.413257,1042.2692001166665,0,1,0,2,0,0,,summer,0,0,0,1
608922027,25.55,26.465908,none,0.0,0.0,13.979871,27.359999,63.44557,985.4287,,2024-07-03 03:53:35.481780,2024-07-03 21:15:08.641250,1041.5526578333333,0,0,1,2,0,0,,summer,0,0,0,0
608825227,33.05,28.997375,none,0.0,0.0,28.277763,45.719997,24.252333,987.94037,,2024-07-03 03:52:23.236593,2024-07-03 21:14:45.084800,1042.3641367833334,0,0,1,2,0,0,,summer,0,0,1,0
609503027,24.55,25.824816,none,0.0,0.0,11.525623,25.199999,67.341896,986.8503,,2024-07-03 03:52:57.659707,2024-07-03 21:14:26.357551,1041.4782974,1,0,0,2,0,0,,summer,0,0,0,0
609183827,29.1,29.628502,none,0.0,0.0,17.87718,40.32,50.406723,984.09143,,2024-07-03 03:51:41.594324,2024-07-03 21:16:25.582743,1044.7331403166668,0,0,1,2,0,0,,summer,0,0,1,0
608901627,23.7,25.74036,none,0.0,0.0,7.69592,21.599998,72.89436,989.9531,,2024-07-03 03:51:20.834565,2024-07-03 21:13:34.353822,1042.22532095,0,1,0,2,0,0,,summer,0,0,0,1
609136427,30.3,30.400818,none,0.0,0.0,20.799152,44.639996,44.29933,986.4888,,2024-07-03 03:51:34.425835,2024-07-03 21:14:37.573438,1043.05246005,0,0,1,2,0,0,,summer,0,0,1,0
608786227,27.45,28.015823,none,0.0,0.0,17.462782,32.399998,57.98079,983.8474,,2024-07-03 03:52:49.582806,2024-07-03 21:14:04.926816,1041.2557335,0,0,1,2,0,0,,summer,0,0,1,0
608865427,28.95,28.490929,none,0.0,0.0,18.775303,39.239998,47.128407,987.12726,,2024-07-03 03:53:04.819450,2024-07-03 21:16:12.570166,1043.1291786,0,0,1,2,0,0,,summer,0,0,1,0
609046827,28.15,28.87614,none,0.0,0.0,13.281023,36.719997,52.266087,985.3052,,2024-07-03 03:54:16.707225,2024-07-03 21:13:59.022598,1039.7052562166666,0,0,1,2,0,0,,summer,0,0,0,0
608794827,29.5,29.735142,none,0.0,0.0,19.319628,40.68,48.485363,984.99005,,2024-07-03 03:52:14.370587,2024-07-03 21:15:37.706274,1043.3889281166666,0,0,1,2,0,0,,summer,0,0,1,0
608773227,21.05,21.30872,none,0.0,0.0,14.044615,24.48,75.72976,983.3553,,2024-07-03 03:53:35.423980,2024-07-03 21:15:08.801597,1041.5562936166666,0,0,1,2,0,0,,summer,0,0,0,0
609199027,22.9,22.936512,none,0.0,0.0,12.6462,20.16,63.26586,986.1034,,2024-07-03 03:52:08.988816,2024-07-03 21:15:04.000580,1042.9168627333333,0,1,0,2,0,0,,summer,0,0,0,1
608766027,22.9,22.936512,none,0.0,0.0,12.6462,20.16,63.26586,987.5788,,2024-07-03 03:52:19.466625,2024-07-03 21:15:01.227803,1042.6960196333334,0,1,0,2,0,0,,summer,0,0,0,1
609042427,22.4,24.421703,none,0.0,0.0,8.311245,12.959999,79.60251,993.0005,,2024-07-03 03:52:24.851737,2024-07-03 21:14:31.772611,1042.1153479,0,1,0,2,0,0,,summer,0,0,0,1
608852827,25.3,26.464579,none,0.0,0.0,11.966953,24.119999,63.991924,984.1624,,2024-07-03 03:56:18.789775,2024-07-03 21:13:56.530080,1037.6290050833334,0,0,1,2,0,0,,summer,0,0,0,0
609044427,31.1,31.533237,none,0.0,0.0,21.2522,41.399998,42.45348,984.5486,,2024-07-03 03:53:07.884725,2024-07-03 21:13:37.754994,1040.4978378166666,0,0,1,2,0,0,,summer,0,0,1,0
608836827,32.05,28.90387,none,0.0,0.0,24.696104,43.56,27.702726,983.83386,,2024-07-03 03:51:37.697812,2024-07-03 21:16:02.966060,1044.4211374666668,0,0,1,2,0,0,,summer,0,0,1,0
608830627,29.2,29.241188,none,0.0,0.0,17.654688,55.8,45.864456,989.77966,,2024-07-03 03:52:28.067865,2024-07-03 21:13:41.998459,1041.2321765666666,0,0,1,2,0,0,,summer,0,0,1,0
608839227,23.05,24.892654,none,0.0,0.0,7.9526596,19.44,74.1657,985.346,,2024-07-03 03:52:56.533913,2024-07-03 21:14:38.066924,1041.69221685,1,0,0,2,0,0,,summer,0,0,0,0
608983227,23.05,24.892654,none,0.0,0.0,7.9526596,19.44,74.1657,987.386,,2024-07-03 03:53:09.408947,2024-07-03 21:14:08.840984,1040.9905339499999,1,0,0,2,0,0,,summer,0,0,0,0
608827427,30.4,28.261734,none,0.0,0.0,22.545315,55.079998,35.862213,986.9001,,2024-07-03 03:52:51.509051,2024-07-03 21:13:52.655309,1041.0191043,0,0,1,2,0,0,,summer,0,0,1,0
609004227,30.65,30.672688,none,0.0,0.0,22.127556,46.44,41.794888,985.6365,,2024-07-03 03:53:37.365392,2024-07-03 21:13:42.330124,1040.0827455333333,0,0,1,2,0,0,,summer,0,0,1,0
608840827,24.55,25.824816,none,0.0,0.0,11.525623,25.199999,67.341896,987.3016,,2024-07-03 03:53:30.009923,2024-07-03 21:13:38.649128,1040.14398675,1,0,0,2,0,0,,summer,0,0,0,0
608949427,27.05,26.919716,none,0.0,0.0,16.676977,32.760002,52.817547,986.7341,,2024-07-04 03:55:19.467572,2024-07-04 21:14:06.559343,1038.78486285,0,0,1,3,0,0,,summer,0,0,1,0
608947027,26.05,26.112055,none,0.0,0.0,17.551615,31.68,58.75063,991.60944,,2024-07-04 03:53:38.449842,2024-07-04 21:15:06.430391,1041.4663424833334,1,0,0,3,0,0,,summer,0,0,1,0
608989427,30.1,29.668152,none,0.0,0.0,13.70839,23.4,39.30487,992.8344,,2024-07-04 03:53:43.990307,2024-07-04 21:13:09.208553,1039.4203040999998,0,0,1,3,0,0,,summer,0,0,0,0
609118027,30.2,30.301594,none,0.0,0.0,11.4862,26.28,40.48717,988.81104,,2024-07-04 03:54:31.301937,2024-07-04 21:13:09.556743,1038.6375801,0,0,1,3,0,0,,summer,0,0,0,0
608941827,29.65,29.247025,none,0.0,0.0,15.349684,29.88,42.19185,991.9038,,2024-07-04 03:52:20.307901,2024-07-04 21:14:50.127092,1042.4969865166668,0,0,1,3,0,0,,summer,0,0,1,0
609032227,29.55,28.435474,none,0.0,0.0,19.171478,30.960001,41.359673,991.1442,,2024-07-04 03:53:13.344500,2024-07-04 21:14:59.307466,1041.7660494333334,0,0,1,3,0,0,,summer,0,0,1,0
608872827,26.2,28.378654,none,0.0,0.0,9.0,20.519999,65.60157,991.8402,,2024-07-04 03:53:32.300468,2024-07-04 21:14:56.492267,1041.40319665,0,0,1,3,0,0,,summer,0,0,0,0
608866227,24.6,26.759789,none,0.0,0.0,8.647496,19.08,71.47635,994.3393,,2024-07-04 03:53:24.206258,2024-07-04 21:13:48.228477,1040.4003703166666,0,0,1,3,0,0,,summer,0,0,0,0
608942227,29.55,29.570415,none,0.0,0.0,13.392774,25.199999,43.397316,992.1479,,2024-07-04 03:53:36.688245,2024-07-04 21:15:09.027836,1041.5389931833333,0,0,1,3,0,0,,summer,0,0,0,0
608985027,30.5,30.152199,none,0.0,0.0,14.565548,26.28,39.797005,994.3904,,2024-07-04 03:53:24.866435,2024-07-04 21:14:00.350095,1040.5913943333333,0,0,1,3,0,0,,summer,0,0,0,0
609378427,30.75,33.155506,none,0.0,0.0,12.4811535,26.28,46.57183,990.8694,,2024-07-04 03:53:15.131381,2024-07-04 21:15:08.061178,1041.8821632833333,0,0,1,3,0,0,,summer,0,0,0,0
608856827,19.45,21.817425,none,0.0,0.0,5.00128,9.36,93.65607,993.3083,,2024-07-04 03:52:47.903889,2024-07-04 21:13:00.477757,1040.2095644666667,0,1,0,3,0,0,,summer,0,0,0,1
609091827,24.25,23.826355,none,0.0,0.0,16.199999,28.8,58.88556,993.472,,2024-07-04 03:53:08.549108,2024-07-04 21:13:51.631909,1040.7180466833333,0,1,0,3,0,0,,summer,0,0,1,1
610754627,27.5,27.424252,none,0.0,0.0,16.87398,30.239998,52.099827,992.80414,,2024-07-04 03:52:29.565924,2024-07-04 21:14:40.103609,1042.1756280833333,0,0,1,3,0,0,,summer,0,0,1,0
608910827,30.65,32.94365,none,0.0,0.0,12.287555,28.08,45.67398,991.0002,,2024-07-04 03:55:39.475278,2024-07-04 21:13:39.190375,1037.9952516166666,0,0,1,3,0,0,,summer,0,0,0,0
608881027,31.15,33.424786,none,0.0,0.0,13.089354,26.64,45.235527,994.89386,,2024-07-04 03:53:26.473034,2024-07-04 21:13:52.352306,1040.4313212,0,0,1,3,0,0,,summer,0,0,0,0
608952227,26.05,26.043047,none,0.0,0.0,17.727943,30.239998,58.380493,990.79095,,2024-07-04 03:53:08.860392,2024-07-04 21:14:25.491569,1041.2771862833333,1,0,0,3,0,0,,summer,0,0,1,0
609130827,32.35,32.571625,none,0.0,0.0,13.70839,27.72,32.941494,993.57117,,2024-07-04 03:52:27.718780,2024-07-04 21:14:42.985517,1042.2544456166665,0,0,1,3,0,0,,summer,0,0,0,0
608944027,24.55,27.004677,none,0.0,0.0,8.287822,19.08,73.9557,994.6781,,2024-07-04 03:53:16.918601,2024-07-04 21:13:12.731067,1039.9302077666666,0,0,1,3,0,0,,summer,0,0,0,0
608944227,27.15,27.061714,none,0.0,0.0,14.291592,28.08,50.057823,985.527,,2024-07-04 03:53:02.587774,2024-07-04 21:17:43.142546,1044.6759128666667,0,0,1,3,0,0,,summer,0,0,0,0
609129027,26.15,28.576004,none,0.0,0.0,7.968939,19.8,66.61956,993.07904,,2024-07-04 03:52:34.711246,2024-07-04 21:15:00.849265,1042.43563365,0,0,1,3,0,0,,summer,0,0,0,0
608918427,30.75,31.651417,none,0.0,0.0,9.007196,22.319998,42.089367,993.1517,,2024-07-04 03:52:30.358449,2024-07-04 21:15:03.294468,1042.54893365,0,0,1,3,0,0,,summer,0,0,0,0
608955027,22.1,22.746508,none,0.0,0.0,10.390226,23.4,69.45414,992.3389,,2024-07-04 03:53:08.446024,2024-07-04 21:14:04.054798,1040.9268129,0,1,0,3,0,0,,summer,0,0,0,1
609289227,31.55,31.476982,none,0.0,0.0,10.464797,22.68,35.37281,991.4338,,2024-07-04 03:52:36.580373,2024-07-04 21:13:54.284718,1041.2950724166667,0,0,1,3,0,0,,summer,0,0,0,0
609510227,24.55,24.332758,none,0.0,0.0,16.299694,29.16,59.904198,992.02734,,2024-07-04 03:52:04.017848,2024-07-04 21:14:50.719899,1042.7783675166668,0,1,0,3,0,0,,summer,0,0,1,1
609073227,24.4,26.41771,none,0.0,0.0,8.647496,19.08,70.995285,992.39594,,2024-07-04 03:53:22.504866,2024-07-04 21:14:45.976887,1041.39120035,0,0,1,3,0,0,,summer,0,0,0,0
609045027,32.25,33.573753,none,0.0,0.0,14.512064,28.44,37.437172,991.0091,,2024-07-04 03:52:50.091040,2024-07-04 21:15:11.001888,1042.3485141333333,0,0,1,3,0,0,,summer,0,0,0,0
608887827,31.75,33.66046,none,0.0,0.0,11.966954,27.359999,39.633575,990.51245,,2024-07-04 03:52:15.263100,2024-07-04 21:15:36.036687,1043.3462264500001,0,0,1,3,0,0,,summer,0,0,0,0
608952427,25.15,25.058346,none,0.0,0.0,16.854767,30.960001,59.664005,994.10333,,2024-07-04 03:53:10.516285,2024-07-04 21:12:53.587732,1039.71785745,0,0,1,3,0,0,,summer,0,0,1,0
608954627,23.65,23.302795,none,0.0,0.0,15.273505,28.08,60.463997,992.7398,,2024-07-04 03:53:20.020973,2024-07-04 21:12:40.274200,1039.3375537833333,0,1,0,3,0,0,,summer,0,0,1,1
608988427,23.0,22.34882,none,0.0,0.0,17.49615,32.039997,63.08568,992.03357,,2024-07-04 03:52:34.753370,2024-07-04 21:15:10.391680,1042.5939718333334,0,1,0,3,0,0,,summer,0,0,1,1
608932627,30.8,30.047203,none,0.0,0.0,14.512064,27.0,36.442383,991.9703,,2024-07-04 03:52:47.667100,2024-07-04 21:14:27.254770,1041.6597945,0,0,1,3,0,0,,summer,0,0,0,0
608876227,27.8,30.39404,none,0.0,0.0,10.365251,24.119999,60.65261,982.2587,,2024-07-04 03:54:27.869537,2024-07-04 21:13:48.433579,1039.3427340333333,0,0,1,3,0,0,,summer,0,0,0,0
609028627,21.95,23.419336,rain,0.1,0.0,12.10157,31.68,81.81414,987.97845,,2024-07-05 03:56:43.732506,2024-07-05 21:12:54.754754,1036.1837041333333,0,0,1,4,0,0,,summer,0,0,0,0
609002027,24.65,26.074816,rain,0.3,0.0,18.919704,45.719997,69.723015,983.12866,,2024-07-05 03:54:14.745050,2024-07-05 21:16:51.371067,1042.6104336166668,0,0,1,4,0,0,,summer,0,0,1,0
609066827,27.65,24.992348,none,0.0,0.0,25.40743,55.8,41.23551,989.3702,,2024-07-05 03:53:31.691992,2024-07-05 21:14:12.680988,1040.6831499333334,0,0,1,4,0,0,,summer,0,0,1,0
609081827,19.85,21.236738,rain,0.6,0.0,11.252519,20.16,90.50394,986.42487,,2024-07-05 03:53:58.172326,2024-07-05 21:13:42.511182,1039.7389809333333,0,1,0,4,0,0,,summer,0,0,0,1
609073027,19.85,21.236738,rain,0.6,0.0,11.252519,20.16,90.50394,987.68646,,2024-07-05 03:54:20.072597,2024-07-05 21:13:44.444677,1039.4062013333335,0,1,0,4,0,0,,summer,0,0,0,1
608985427,26.35,27.704983,none,0.0,0.0,15.646544,30.239998,66.24757,992.50867,,2024-07-05 03:54:09.829109,2024-07-05 21:13:26.668138,1039.2806504833334,0,0,1,4,0,0,,summer,0,0,1,0
609068827,24.85,26.459568,rain,1.6,0.0,10.483357,27.0,67.82582,982.0298,,2024-07-05 03:59:21.813104,2024-07-05 21:12:19.970060,1032.9692826,0,0,1,4,0,0,,summer,0,0,0,0
609079827,26.3,27.28688,none,0.0,0.0,9.885262,19.08,56.26357,986.64246,,2024-07-05 03:54:13.650971,2024-07-05 21:14:09.842068,1039.9365182833333,0,0,1,4,0,0,,summer,0,0,0,0
609007427,25.5,26.423807,rain,0.9,0.0,14.707222,29.88,64.64045,987.24976,,2024-07-05 03:55:13.685125,2024-07-05 21:14:07.643518,1038.8993065500001,0,0,1,4,0,0,,summer,0,0,0,0
609074427,19.95,21.420527,rain,0.3,0.0,10.365251,17.28,89.382126,982.30096,,2024-07-05 03:55:05.385802,2024-07-05 21:13:02.385556,1037.9499959,0,1,0,4,0,0,,summer,0,0,0,1
609571227,26.4,27.256306,none,0.0,0.0,8.647496,17.28,53.32793,985.7799,,2024-07-05 03:53:17.666549,2024-07-05 21:14:35.486824,1041.2970045833333,0,0,1,4,0,0,,summer,0,0,0,0
609693827,26.4,27.256306,none,0.0,0.0,8.647496,17.28,53.32793,988.3602,,2024-07-05 03:53:11.360693,2024-07-05 21:14:13.674746,1041.03856755,0,0,1,4,0,0,,summer,0,0,0,0
609059427,27.45,26.670002,none,0.0,0.0,14.471821,33.12,43.94722,988.1657,,2024-07-05 03:53:25.834076,2024-07-05 21:12:32.765911,1039.1155305833333,0,0,1,4,0,0,,summer,0,0,0,0
609404627,28.9,30.878494,rain,1.2,0.0,12.7279215,32.399998,53.11919,988.3237,,2024-07-05 03:54:50.338250,2024-07-05 21:12:38.969940,1037.8105281666667,0,0,1,4,0,0,,summer,0,0,0,0
609845227,26.0,27.434347,none,0.0,0.0,7.9932976,18.359999,58.7388,986.61035,,2024-07-05 03:53:45.705967,2024-07-05 21:13:52.847765,1040.1190299666666,0,0,1,4,0,0,,summer,0,0,0,0
609681627,23.8,24.725908,none,0.0,0.0,16.299694,30.599998,73.82901,985.1968,,2024-07-05 03:55:18.033876,2024-07-05 21:13:22.684962,1038.0775181,0,0,1,4,0,0,,summer,0,0,1,0
609250027,25.65,23.984837,rain,0.8,0.0,28.220419,53.28,58.656036,984.4669,,2024-07-05 03:55:03.333909,2024-07-05 21:13:23.948979,1038.3435845,0,0,1,4,0,0,,summer,0,0,1,0
609128227,26.1,26.5947,rain,0.1,0.0,12.397806,50.039997,55.858665,990.4544,,2024-07-05 03:54:16.689129,2024-07-05 21:12:37.633544,1038.3490735833334,0,0,1,4,0,0,,summer,0,0,0,0
609104227,23.7,24.890448,none,0.0,0.0,14.973577,29.16,74.97334,988.1146,,2024-07-05 03:55:12.155553,2024-07-05 21:12:38.536823,1037.4396878333332,0,0,1,4,0,0,,summer,0,0,0,0
609027027,20.4,20.79366,none,0.0,0.0,11.298495,20.16,75.62493,985.7227,,2024-07-05 03:56:36.631144,2024-07-05 21:15:04.090968,1038.4576637333332,0,1,0,4,0,0,,summer,0,0,0,1
609071627,22.8,22.885607,rain,2.0,0.0,20.63023,35.28,76.24747,989.06396,,2024-07-05 03:54:37.632725,2024-07-05 21:13:48.465444,1039.1805453166667,0,0,1,4,0,0,,summer,0,0,1,0
608952027,22.25,22.42656,none,0.0,0.0,12.641076,28.08,67.30277,991.4331,,2024-07-05 03:54:21.532065,2024-07-05 21:14:21.447016,1039.9985825166666,0,1,0,4,0,0,,summer,0,0,0,1
609054227,26.8,24.465668,rain,1.2,0.0,28.61264,52.92,49.80615,988.0611,,2024-07-05 03:54:11.381347,2024-07-05 21:14:00.866060,1039.8247452166665,0,0,1,4,0,0,,summer,0,0,1,0
610245627,20.55,21.112047,none,0.0,0.0,11.966953,20.880001,78.096016,988.78906,,2024-07-05 03:55:05.734694,2024-07-05 21:14:17.900831,1039.20276895,0,1,0,4,0,0,,summer,0,0,0,1
609060627,25.15,26.651508,rain,0.1,0.0,8.891343,46.8,63.558105,986.7951,,2024-07-05 03:54:06.308949,2024-07-05 21:13:49.392485,1039.7180589333334,0,0,1,4,0,0,,summer,0,0,0,0
609069627,23.05,25.284445,rain,2.4,0.0,8.64,25.199999,79.19734,982.8093,,2024-07-05 03:57:29.675129,2024-07-05 21:13:53.187859,1036.3918788333333,0,0,1,4,0,0,,summer,0,0,0,0
609357427,29.4,31.861923,rain,0.1,0.0,10.703569,32.760002,52.913536,991.6959,,2024-07-05 03:54:20.598530,2024-07-05 21:13:15.149936,1038.9091901,0,0,1,4,0,0,,summer,0,0,0,0
609144427,22.6,20.187696,none,0.0,0.0,19.809813,39.96,40.088856,995.0701,,2024-07-06 03:56:59.726747,2024-07-06 21:11:24.705565,1034.4163136333334,0,0,1,5,1,0,,summer,0,0,1,0
609162427,23.0,19.832355,none,0.0,0.0,18.64369,33.839996,33.66361,995.7831,,2024-07-06 03:55:04.974784,2024-07-06 21:13:20.696136,1038.2620225333333,0,0,1,5,1,0,,summer,0,0,1,0
609118227,19.65,18.368807,none,0.0,0.0,18.998316,40.68,64.62288,991.28,,2024-07-06 03:56:50.457709,2024-07-06 21:12:56.057273,1036.0933260666666,0,0,1,5,1,0,,summer,0,0,1,0
609174027,15.45,13.99605,none,0.0,0.0,9.114471,11.5199995,67.67616,1002.3752,,2024-07-06 03:54:57.765955,2024-07-06 21:12:32.203124,1037.5739528166666,0,1,0,5,1,0,,summer,0,0,0,1
609112227,18.55,16.848728,rain,0.1,0.0,19.486609,37.44,72.68088,989.75854,,2024-07-06 03:54:26.218858,2024-07-06 21:14:08.938617,1039.7119959833333,0,0,1,5,1,0,,summer,0,0,1,0
609401027,22.5,18.820839,none,0.0,0.0,17.902534,33.48,33.637337,994.5546,,2024-07-06 03:56:18.431379,2024-07-06 21:11:32.859090,1035.24046185,0,0,1,5,1,0,,summer,0,0,1,0
610027827,20.85,19.765974,rain,0.1,0.0,18.837322,38.519997,57.499115,997.2864,,2024-07-06 03:54:35.524686,2024-07-06 21:13:13.203505,1038.6279803166667,0,0,1,5,1,0,,summer,0,0,1,0
609084427,18.2,18.343523,rain,0.1,0.0,15.856356,24.119999,92.41921,987.8608,,2024-07-06 03:55:11.704814,2024-07-06 21:12:58.709531,1037.78341195,0,1,0,5,1,0,,summer,0,0,1,1
609658027,22.25,20.129011,none,0.0,0.0,19.586117,39.239998,41.93259,995.03186,,2024-07-06 03:55:49.483383,2024-07-06 21:14:23.052879,1038.5594916,0,0,1,5,1,0,,summer,0,0,1,0
609171027,22.5,19.9941,none,0.0,0.0,15.844089,34.92,36.914234,997.143,,2024-07-06 03:54:12.325659,2024-07-06 21:12:05.812834,1037.8914529166666,0,0,1,5,1,0,,summer,0,0,1,0
609158427,22.6,19.70941,none,0.0,0.0,17.555305,35.28,35.210094,1000.7803,,2024-07-06 03:55:13.454933,2024-07-06 21:11:36.605397,1036.3858410666667,0,0,1,5,1,0,,summer,0,0,1,0
609121627,21.05,19.342684,none,0.0,0.0,20.140705,39.239998,52.6407,997.95624,,2024-07-06 03:55:51.651875,2024-07-06 21:13:12.370412,1037.3453089500001,0,0,1,5,1,0,,summer,0,0,1,0
609134227,22.5,19.853828,none,0.0,0.0,20.150354,39.6,40.88309,997.6372,,2024-07-06 03:54:32.156074,2024-07-06 21:13:22.555941,1038.8399977833333,0,0,1,5,1,0,,summer,0,0,1,0
609145427,22.95,19.896479,none,0.0,0.0,21.862406,38.88,37.936794,995.12634,,2024-07-06 03:55:09.465043,2024-07-06 21:13:14.964610,1038.09165945,0,0,1,5,1,0,,summer,0,0,1,0
609164827,22.25,18.683813,none,0.0,0.0,17.28,33.12,34.389763,998.90094,,2024-07-06 03:54:46.793400,2024-07-06 21:12:36.377628,1037.8264038,0,0,1,5,1,0,,summer,0,0,1,0
609181827,15.25,13.652229,none,0.0,0.0,8.707238,11.5199995,65.17276,998.52655,,2024-07-06 03:56:53.301259,2024-07-06 21:12:58.611477,1036.0885036333334,0,1,0,5,1,0,,summer,0,0,0,1
609174227,15.2,13.901699,none,0.0,0.0,7.9526596,12.24,68.54004,1006.25525,,2024-07-06 03:55:30.605802,2024-07-06 21:11:11.770648,1035.6860807666667,0,1,0,5,1,0,,summer,0,0,0,1
609246827,20.45,17.910042,none,0.0,0.0,13.138765,25.199999,43.45342,1002.5146,,2024-07-06 03:55:35.472890,2024-07-06 21:11:41.787109,1036.1052369833333,0,0,1,5,1,0,,summer,0,0,0,0
609168827,16.3,15.109301,none,0.0,0.0,7.5942073,12.24,64.7471,999.93256,,2024-07-06 03:54:13.310810,2024-07-06 21:12:32.974770,1038.3277326666666,0,1,0,5,1,0,,summer,0,0,0,1
609580027,21.35,19.323524,none,0.0,0.0,11.183201,29.519999,43.706585,998.9769,,2024-07-06 03:54:15.002646,2024-07-06 21:13:21.935302,1039.1155442666666,0,0,1,5,1,0,,summer,0,0,0,0
609132427,17.5,15.899969,none,0.0,0.0,19.523155,40.68,79.167625,991.90356,,2024-07-06 03:54:41.548598,2024-07-06 21:13:31.854391,1038.8384298833332,0,0,1,5,1,0,,summer,0,0,1,0
609085427,17.65,17.638525,none,0.0,0.0,15.484185,27.0,92.682785,981.3237,,2024-07-06 03:56:45.556368,2024-07-06 21:12:30.409042,1035.7475445666666,0,1,0,5,1,0,,summer,0,0,1,1
609153827,22.45,19.25027,none,0.0,0.0,15.226764,33.12,34.685562,997.35315,,2024-07-06 03:54:16.038597,2024-07-06 21:13:52.689611,1039.6108502333334,0,0,1,5,1,0,,summer,0,0,1,0
609192627,22.75,19.81286,none,0.0,0.0,21.218632,39.6,38.0091,997.389,,2024-07-06 03:55:43.773451,2024-07-06 21:13:33.302816,1037.8254894166666,0,0,1,5,1,0,,summer,0,0,1,0
609515627,22.95,19.896479,none,0.0,0.0,21.862406,38.88,37.936794,996.7291,,2024-07-06 03:55:10.174130,2024-07-06 21:12:57.217218,1037.7840514666666,0,0,1,5,1,0,,summer,0,0,1,0
609114827,20.0,18.478666,rain,0.1,0.0,20.771093,40.68,63.235813,993.5117,,2024-07-06 03:56:17.762104,2024-07-06 21:13:05.000912,1036.7873134666668,0,0,1,5,1,0,,summer,0,0,1,0
609129627,21.75,20.356771,none,0.0,0.0,16.78156,37.44,44.11532,992.0187,,2024-07-06 03:59:10.443628,2024-07-06 21:11:52.648865,1032.7034206166668,0,0,1,5,1,0,,summer,0,0,1,0
609191027,22.2,19.357702,none,0.0,0.0,20.620806,40.68,40.522182,994.6018,,2024-07-06 03:55:39.707135,2024-07-06 21:14:28.204809,1038.8082945666667,0,0,1,5,1,0,,summer,0,0,1,0
609229427,17.25,17.35643,none,0.0,0.0,6.379216,13.32,77.3485,996.53723,,2024-07-07 03:56:32.425225,2024-07-07 21:15:16.463553,1038.7339721333333,0,1,0,6,1,0,,summer,0,0,0,1
609361827,17.0,17.054834,none,0.0,0.0,4.2136917,13.679999,73.11969,1001.7465,,2024-07-07 03:58:15.591924,2024-07-07 21:10:57.094191,1032.69170445,0,0,1,6,1,0,,summer,0,0,0,0
609222827,23.05,22.67662,none,0.0,0.0,8.714677,16.919998,52.640217,1002.34247,,2024-07-07 03:56:59.858361,2024-07-07 21:11:43.057316,1034.7199825833334,0,0,1,6,1,0,,summer,0,0,0,0
609217427,25.65,24.642155,none,0.0,0.0,6.989936,20.16,37.30629,1003.53955,,2024-07-07 03:58:07.480600,2024-07-07 21:12:13.987901,1034.1084550166665,0,0,1,6,1,0,,summer,0,0,0,0
609237227,19.05,18.227898,none,0.0,0.0,8.699793,14.04,61.37981,1004.5196,,2024-07-07 03:56:20.385794,2024-07-07 21:11:57.637728,1035.6208655666667,0,1,0,6,1,0,,summer,0,0,0,1
609178227,13.95,13.092882,none,0.0,0.0,7.386582,11.5199995,80.77572,1001.1294,,2024-07-07 03:56:37.959846,2024-07-07 21:12:46.034223,1036.13457295,0,1,0,6,1,0,,summer,0,0,0,1
609391027,13.35,12.576197,none,0.0,0.0,6.1094027,10.08,82.05296,1003.3581,,2024-07-07 03:56:23.240039,2024-07-07 21:12:05.094548,1035.69757515,0,0,1,6,1,0,,summer,0,0,0,0
609311427,20.75,19.830025,none,0.0,0.0,9.686609,15.4800005,55.794056,1000.0876,,2024-07-07 03:55:34.019138,2024-07-07 21:13:30.557082,1037.9422990666667,1,0,0,6,1,0,,summer,0,0,0,0
609218227,14.15,12.941349,none,0.0,0.0,8.4963045,10.799999,76.35229,1001.9778,,2024-07-07 03:55:39.291166,2024-07-07 21:12:00.773277,1036.3580351833332,0,1,0,6,1,0,,summer,0,0,0,1
609206627,24.8,25.867466,none,0.0,0.0,6.9899354,19.44,42.930916,1003.6646,,2024-07-07 03:55:55.504567,2024-07-07 21:13:10.482832,1037.24963775,0,0,1,6,1,0,,summer,0,0,0,0
609210627,25.65,25.909079,none,0.0,0.0,8.28,20.16,40.009506,1006.6328,,2024-07-07 03:55:40.792551,2024-07-07 21:12:31.865062,1036.8512085166667,0,0,1,6,1,0,,summer,0,0,0,0
609215427,26.1,26.332647,none,0.0,0.0,4.1046314,13.32,37.433193,1001.98926,,2024-07-07 03:57:32.484291,2024-07-07 21:10:38.447673,1033.0993897,0,0,1,6,1,0,,summer,0,0,0,0
609182827,12.05,11.335585,none,0.0,0.0,6.4096174,10.799999,91.45322,1003.94165,,2024-07-07 03:55:53.741018,2024-07-07 21:12:18.689756,1036.4158123,0,0,1,6,1,0,,summer,0,0,0,0
609233027,25.15,25.618702,none,0.0,0.0,8.350138,21.24,42.886406,1001.1069,,2024-07-07 03:58:58.885391,2024-07-07 21:11:59.257800,1033.0062068166667,0,0,1,6,1,0,,summer,0,0,0,0
609222227,25.6,24.503077,none,0.0,0.0,9.511088,17.64,39.86293,1004.2057,,2024-07-07 03:57:26.141882,2024-07-07 21:10:28.969882,1033.0471333333332,0,0,1,6,1,0,,summer,0,0,0,0
609312227,22.1,22.334656,none,0.0,0.0,6.439876,13.32,58.7524,1004.5772,,2024-07-07 03:55:07.484576,2024-07-07 21:12:31.083329,1037.39331255,0,0,1,6,1,0,,summer,0,0,0,0
609480827,22.7,22.610447,none,0.0,0.0,7.7043357,16.56,55.19153,1004.61194,,2024-07-07 03:56:50.619103,2024-07-07 21:10:25.601328,1033.5830370833332,0,0,1,6,1,0,,summer,0,0,0,0
609569227,23.55,22.734917,none,0.0,0.0,9.826088,15.4800005,48.30314,1005.60114,,2024-07-07 03:56:35.759622,2024-07-07 21:11:49.799412,1035.2339965,0,0,1,6,1,0,,summer,0,0,0,0
609200427,24.95,26.031025,none,0.0,0.0,6.87779,18.72,42.548317,1003.44525,,2024-07-07 03:56:17.011906,2024-07-07 21:13:16.498118,1036.9914368666666,0,0,1,6,1,0,,summer,0,0,0,0
609223827,25.8,24.572693,none,0.0,0.0,8.78872,18.0,37.34862,1008.0989,,2024-07-07 03:56:22.559940,2024-07-07 21:11:48.132052,1035.4262018666666,0,0,1,6,1,0,,summer,0,0,0,0
609190427,22.95,23.326006,none,0.0,0.0,6.130579,17.64,50.916603,1006.4769,,2024-07-07 03:55:31.659007,2024-07-07 21:11:48.040408,1036.27302335,0,0,1,6,1,0,,summer,0,0,0,0
610013627,14.15,12.704407,none,0.0,0.0,8.587338,13.679999,72.36257,1004.0876,,2024-07-07 03:56:25.402268,2024-07-07 21:11:29.407415,1035.06675245,1,0,1,6,1,0,,summer,0,0,0,0
609252027,23.85,23.39491,none,0.0,0.0,11.165805,24.119999,47.59497,1002.3103,,2024-07-08 03:56:45.687576,2024-07-08 21:12:09.193113,1035.39175895,0,0,1,0,0,0,,summer,0,0,0,0
609450227,27.35,27.065588,none,0.0,0.0,9.9571085,23.039999,37.909416,999.3943,,2024-07-08 03:57:02.293128,2024-07-08 21:12:14.733794,1035.2073444333334,0,0,1,0,0,0,,summer,0,0,0,0
609481427,26.95,27.359537,none,0.0,0.0,11.119281,26.64,40.240894,1000.60504,,2024-07-08 03:58:06.525499,2024-07-08 21:10:26.355632,1032.3305022166667,0,0,1,0,0,0,,summer,0,0,0,0
609801227,21.25,22.100735,none,0.0,0.0,5.3517847,14.4,67.09856,1005.5467,,2024-07-08 03:56:41.951593,2024-07-08 21:11:38.231539,1034.9379991,0,0,1,0,0,0,,summer,0,0,0,0
609276427,15.05,14.497026,none,0.0,0.0,9.511088,12.599999,85.57409,1001.72424,,2024-07-08 03:57:44.249823,2024-07-08 21:12:40.729609,1034.9413297666667,0,1,0,0,0,0,,summer,0,0,0,1
609290827,26.5,26.64199,none,0.0,0.0,12.181624,26.64,39.458717,1004.188,,2024-07-08 03:57:45.448880,2024-07-08 21:11:09.930293,1033.40802355,0,0,1,0,0,0,,summer,0,0,0,0
609301227,27.1,27.406775,none,0.0,0.0,11.119281,25.56,39.108536,1004.2522,,2024-07-08 03:57:44.395461,2024-07-08 21:11:04.030125,1033.3272444,0,0,1,0,0,0,,summer,0,0,0,0
609321027,25.05,25.557451,none,0.0,0.0,10.990322,26.28,44.882202,999.02875,,2024-07-08 03:59:58.712358,2024-07-08 21:11:29.664321,1031.5158660499999,0,0,1,0,0,0,,summer,0,0,0,0
609276227,25.0,24.627407,none,0.0,0.0,12.24,26.28,41.72475,1002.01074,,2024-07-08 03:57:22.126145,2024-07-08 21:11:41.410909,1034.3214127333333,0,0,1,0,0,0,,summer,0,0,0,0
609328427,20.7,21.028143,none,0.0,0.0,7.2805495,11.159999,66.553604,997.71765,,2024-07-08 03:58:20.595199,2024-07-08 21:10:51.588218,1032.5165503166668,0,1,0,0,0,0,,summer,0,0,0,1
609322427,26.85,27.435123,none,0.0,0.0,9.449572,23.4,42.377903,999.20105,,2024-07-08 03:59:19.084486,2024-07-08 21:11:20.656089,1032.0261933833333,0,0,1,0,0,0,,summer,0,0,0,0
609322627,27.65,26.667416,none,0.0,0.0,9.028754,20.519999,35.681866,1001.9967,,2024-07-08 03:57:32.260263,2024-07-08 21:11:04.278781,1033.5336419666667,0,0,1,0,0,0,,summer,0,0,0,0
609561827,25.2,26.215107,none,0.0,0.0,4.3349743,14.4,53.022163,1000.9415,,2024-07-08 03:57:31.238017,2024-07-08 21:11:11.740333,1033.6750385999999,0,0,1,0,0,0,,summer,0,0,0,0
609461427,23.4,22.26327,none,0.0,0.0,10.948973,22.319998,47.16019,1004.0886,,2024-07-08 03:58:15.223593,2024-07-08 21:11:25.756173,1033.175543,0,0,1,0,0,0,,summer,0,0,0,0
609238427,21.55,22.11874,none,0.0,0.0,6.1305785,15.119999,63.992302,1003.4753,,2024-07-08 03:57:16.914363,2024-07-08 21:11:34.254768,1034.28900675,0,0,1,0,0,0,,summer,0,0,0,0
609329027,21.45,21.602436,none,0.0,0.0,9.3669195,11.5199995,65.011826,998.63165,,2024-07-08 03:57:34.836210,2024-07-08 21:11:58.954700,1034.4019748333333,0,0,1,0,0,0,,summer,0,0,0,0
609277627,21.05,21.943562,none,0.0,0.0,6.1094027,15.119999,69.69652,1007.2645,,2024-07-08 03:56:50.020550,2024-07-08 21:09:19.939266,1032.4986452666667,0,0,1,0,0,0,,summer,0,0,0,0
609520227,25.65,26.00182,none,0.0,0.0,11.480557,25.199999,42.183514,1004.9763,,2024-07-08 03:57:13.424388,2024-07-08 21:09:57.359697,1032.73225515,0,0,1,0,0,0,,summer,0,0,0,0
609327627,24.05,25.553198,none,0.0,0.0,5.495161,10.440001,63.1166,1004.3014,,2024-07-08 03:57:56.867936,2024-07-08 21:09:43.723422,1031.7809247666667,0,0,1,0,0,0,,summer,0,0,0,0
609332827,24.05,25.553198,none,0.0,0.0,5.495161,10.440001,63.1166,1003.9563,,2024-07-08 03:57:27.182782,2024-07-08 21:09:48.366088,1032.3530551,0,0,1,0,0,0,,summer,0,0,0,0
611390027,26.05,26.321714,none,0.0,0.0,5.4477882,16.199999,45.451767,992.8324,,2024-07-08 03:58:41.636193,2024-07-08 21:10:37.572009,1031.9322636,0,0,1,0,0,0,,summer,0,0,0,0
609252627,23.05,22.239641,none,0.0,0.0,10.685391,22.68,51.110516,1003.2598,,2024-07-08 03:58:15.928631,2024-07-08 21:10:10.458560,1031.9088321499999,0,0,1,0,0,0,,summer,0,0,0,0
609325427,27.0,27.410831,none,0.0,0.0,10.787993,25.919998,39.729153,997.0009,,2024-07-08 03:58:18.506751,2024-07-08 21:11:06.020725,1032.7918995666666,0,0,1,0,0,0,,summer,0,0,0,0
609663627,18.15,18.05367,none,0.0,0.0,10.703569,12.599999,79.00468,998.88995,,2024-07-08 03:56:49.910297,2024-07-08 21:12:05.220990,1035.2551782166668,0,1,0,0,0,0,,summer,0,0,0,1
609295227,26.7,27.27788,none,0.0,0.0,10.315115,25.56,41.10607,1003.7745,,2024-07-08 03:56:20.142652,2024-07-08 21:11:48.232597,1035.46816575,0,0,1,0,0,0,,summer,0,0,0,0
609325027,26.1,26.715105,none,0.0,0.0,5.4119864,15.4800005,48.20057,1001.23987,,2024-07-08 03:58:07.548199,2024-07-08 21:12:14.541105,1034.1165484333333,0,0,1,0,0,0,,summer,0,0,0,0
609300827,27.1,27.406775,none,0.0,0.0,11.119281,25.56,39.108536,1004.48004,,2024-07-08 03:57:47.927013,2024-07-08 21:11:07.221054,1033.3215673500001,0,0,1,0,0,0,,summer,0,0,0,0
609375627,24.25,26.052397,none,0.0,0.0,6.379216,9.36,66.43883,1000.65466,,2024-07-08 03:57:18.103826,2024-07-08 21:12:13.602644,1034.9249803,0,0,1,0,0,0,,summer,0,0,0,0
609263827,24.95,24.814205,none,0.0,0.0,11.4862,25.56,42.830776,1006.8095,,2024-07-08 03:57:37.442970,2024-07-08 21:10:56.667039,1033.32040115,0,0,1,0,0,0,,summer,0,0,0,0
609461027,27.15,26.449392,none,0.0,0.0,8.587338,20.519999,38.48333,1003.75696,,2024-07-08 03:57:06.628915,2024-07-08 21:09:52.445913,1032.7636166333334,0,0,1,0,0,0,,summer,0,0,0,0
609532827,26.35,26.81352,none,0.0,0.0,11.753876,27.359999,41.14368,1004.2781,,2024-07-08 03:57:05.083390,2024-07-08 21:09:57.943454,1032.8810010666666,0,0,1,0,0,0,,summer,0,0,0,0
609228827,15.4,14.819775,none,0.0,0.0,8.905908,10.799999,81.77254,1003.02954,,2024-07-08 03:59:24.999699,2024-07-08 21:09:26.395618,1030.0232653166668,0,1,0,0,0,0,,summer,0,0,0,1
609589627,27.55,26.595575,none,0.0,0.0,9.255571,20.519999,36.370026,1002.7705,,2024-07-08 03:57:31.862580,2024-07-08 21:10:32.441608,1033.0096504666667,0,0,1,0,0,0,,summer,0,0,0,0
609328627,21.3,21.653496,none,0.0,0.0,8.373386,10.799999,66.2499,1000.6663,,2024-07-08 03:58:25.037505,2024-07-08 21:09:49.149568,1031.4018677166666,0,0,1,0,0,0,,summer,0,0,0,0
609322027,27.55,26.595575,none,0.0,0.0,9.255571,20.519999,36.370026,1004.7034,,2024-07-08 03:57:37.937136,2024-07-08 21:10:45.174578,1033.1206240333333,0,0,1,0,0,0,,summer,0,0,0,0
609576827,27.5,26.660322,none,0.0,0.0,9.107359,21.24,37.207584,1002.8505,,2024-07-08 03:58:16.642051,2024-07-08 21:09:56.307216,1031.6610860833332,0,0,1,0,0,0,,summer,0,0,0,0
609266227,25.75,25.889109,none,0.0,0.0,11.885453,27.0,40.97613,1005.21094,,2024-07-08 03:57:00.297837,2024-07-08 21:10:57.233217,1033.9489230000001,0,0,1,0,0,0,,summer,0,0,0,0
615397027,27.15,26.449392,none,0.0,0.0,8.587338,20.519999,38.48333,1000.8022,,2024-07-08 03:56:36.963979,2024-07-08 21:10:15.958361,1033.6499063666665,0,0,1,0,0,0,,summer,0,0,0,0
609356827,26.75,26.274279,none,0.0,0.0,7.5942073,18.72,40.05302,997.05237,,2024-07-08 03:58:56.587132,2024-07-08 21:11:13.174151,1032.2764503166666,0,0,1,0,0,0,,summer,0,0,0,0
609586227,21.75,22.061268,none,0.0,0.0,8.4042845,10.440001,64.03603,997.8115,,2024-07-08 03:58:51.210964,2024-07-08 21:09:59.074021,1031.1310509500001,1,0,0,0,0,0,,summer,0,0,0,0
609283227,23.35,22.498434,none,0.0,0.0,10.630672,21.599998,49.700127,1008.0148,,2024-07-08 03:57:37.288105,2024-07-08 21:10:26.086247,1032.8133023666667,0,0,1,0,0,0,,summer,0,0,0,0
609451827,29.65,30.239346,none,0.0,0.0,5.6920996,15.4800005,39.30712,998.3151,,2024-07-09 04:01:01.232394,2024-07-09 21:08:40.986409,1027.6625669166667,0,0,1,1,0,0,,summer,0,0,0,0
609432627,24.6,24.360271,none,0.0,0.0,17.873554,41.760002,61.654823,991.73724,,2024-07-09 04:00:09.268452,2024-07-09 21:09:35.718272,1029.4408303333335,0,0,1,1,0,0,,summer,0,0,1,0
609520427,28.85,31.133678,none,0.0,0.0,6.193674,19.8,42.379776,1001.48517,,2024-07-09 03:58:20.042374,2024-07-09 21:09:40.674319,1031.34386575,0,0,1,1,0,0,,summer,0,0,0,0
609377827,28.05,30.202744,none,0.0,0.0,6.1305785,19.44,44.396683,999.3733,,2024-07-09 03:59:43.277726,2024-07-09 21:10:37.004109,1030.8954397166667,0,0,1,1,0,0,,summer,0,0,0,0
609505227,25.15,24.671497,none,0.0,0.0,18.792551,42.12,58.72387,1002.9826,,2024-07-09 03:58:05.922996,2024-07-09 21:10:50.925765,1032.75004615,0,0,1,1,0,0,,summer,0,0,1,0
609410227,29.7,28.916878,none,0.0,0.0,12.496718,25.56,33.955513,996.0499,,2024-07-09 03:59:39.390708,2024-07-09 21:09:57.319619,1030.2988151833333,0,0,1,1,0,0,,summer,0,0,0,0
609448827,23.3,23.703163,none,0.0,0.0,15.379206,30.960001,69.465034,1000.1141,,2024-07-09 03:58:14.653755,2024-07-09 21:11:16.830434,1033.0362779833333,0,0,1,1,0,0,,summer,0,0,1,0
609389427,28.75,30.755692,none,0.0,0.0,6.8399997,18.72,42.76368,1000.84576,,2024-07-09 03:58:18.651978,2024-07-09 21:10:36.599782,1032.2991300666667,0,0,1,1,0,0,,summer,0,0,0,0
609431427,23.3,23.703163,none,0.0,0.0,15.379206,30.960001,69.465034,1001.1479,,2024-07-09 03:57:47.694571,2024-07-09 21:11:13.821307,1033.4354455999999,0,0,1,1,0,0,,summer,0,0,1,0
609436227,22.8,23.0871,none,0.0,0.0,16.327497,30.239998,71.82484,1002.6598,,2024-07-09 03:58:50.438188,2024-07-09 21:10:51.465848,1032.0171276666667,0,0,1,1,0,0,,summer,0,0,1,0
609335827,19.25,19.69413,none,0.0,0.0,5.0142193,10.08,70.0269,999.1025,,2024-07-09 04:00:14.621629,2024-07-09 21:09:02.253207,1028.7938596333333,0,1,0,1,0,0,,summer,0,0,0,1
609441827,20.2,20.628204,none,0.0,0.0,14.77755,26.28,83.15825,1004.66266,,2024-07-09 03:57:43.844170,2024-07-09 21:10:46.066025,1033.0370309166667,0,1,0,1,0,0,,summer,0,0,0,1
609469227,23.15,23.101082,none,0.0,0.0,17.298738,32.760002,68.34626,998.00507,,2024-07-09 03:59:33.997759,2024-07-09 21:09:49.174324,1030.25294275,0,0,1,1,0,0,,summer,0,0,1,0
609468227,27.7,29.948639,none,0.0,0.0,7.127636,19.44,47.24599,1001.25885,,2024-07-09 03:59:15.162933,2024-07-09 21:08:47.298771,1029.5355973,0,0,1,1,0,0,,summer,0,0,0,0
609374427,25.8,27.193302,none,0.0,0.0,6.489992,18.72,53.005276,990.88275,,2024-07-09 04:00:09.971124,2024-07-09 21:09:39.823961,1029.4975472833332,0,0,1,1,0,0,,summer,0,0,0,0
610289427,27.45,28.87276,none,0.0,0.0,6.989936,19.08,44.23274,1000.7903,,2024-07-09 03:58:26.139604,2024-07-09 21:10:37.868709,1032.1954850833333,0,0,1,1,0,0,,summer,0,0,0,0
610176227,28.85,31.133678,none,0.0,0.0,6.193674,19.8,42.379776,1000.4698,,2024-07-09 03:57:46.838398,2024-07-09 21:09:39.756838,1031.8819740000001,0,0,1,1,0,0,,summer,0,0,0,0
609452627,24.8,24.38901,none,0.0,0.0,18.331741,41.039997,59.96241,998.26025,,2024-07-09 04:00:23.492797,2024-07-09 21:10:02.913249,1029.6570075333334,0,0,1,1,0,0,,summer,0,0,1,0
609494227,28.75,30.755692,none,0.0,0.0,6.8399997,18.72,42.76368,1002.4274,,2024-07-09 03:58:12.069432,2024-07-09 21:10:28.813236,1032.2790634,0,0,1,1,0,0,,summer,0,0,0,0
609436627,29.4,27.942947,none,0.0,0.0,14.529915,27.359999,34.547874,1002.0117,,2024-07-09 03:58:30.873901,2024-07-09 21:10:07.176794,1031.6050482166668,0,0,1,1,0,0,,summer,0,0,0,0
609378627,26.75,28.452087,none,0.0,0.0,6.9153743,18.359999,48.37405,998.80237,,2024-07-09 03:58:13.514672,2024-07-09 21:11:28.310693,1033.24660035,0,0,1,1,0,0,,summer,0,0,0,0
609367027,23.3,24.73182,none,0.0,0.0,3.6179552,11.879999,62.54945,1006.52045,,2024-07-09 03:59:03.893209,2024-07-09 21:09:28.441115,1030.4091317666666,0,0,1,1,0,0,,summer,0,0,0,0
609438027,22.85,23.050196,none,0.0,0.0,16.327497,30.239998,70.70843,1006.2457,,2024-07-09 03:59:24.476208,2024-07-09 21:10:46.079973,1031.36006275,0,0,1,1,0,0,,summer,0,0,1,0
609435627,24.85,24.74255,none,0.0,0.0,17.25373,40.32,61.127373,1002.1476,,2024-07-09 03:58:23.718599,2024-07-09 21:11:07.652110,1032.7322251833334,0,0,1,1,0,0,,summer,0,0,1,0
609697227,26.85,28.645779,none,0.0,0.0,6.763786,19.44,48.400677,998.01666,,2024-07-09 04:00:15.011622,2024-07-09 21:09:22.367689,1029.1226011166666,0,0,1,1,0,0,,summer,0,0,0,0
612998627,29.25,29.552979,none,0.0,0.0,7.42159,19.8,36.36673,999.2565,,2024-07-09 03:58:49.436375,2024-07-09 21:11:33.364904,1032.7321421499998,0,0,1,1,0,0,,summer,0,0,0,0
610142227,24.9,24.368374,none,0.0,0.0,19.586117,39.96,60.17651,1002.8051,,2024-07-09 03:58:30.909290,2024-07-09 21:10:01.768373,1031.5143180500002,0,0,1,1,0,0,,summer,0,0,1,0
609417827,27.55,26.84912,none,0.0,0.0,16.08761,28.8,46.155773,999.22687,,2024-07-09 03:59:10.601848,2024-07-09 21:11:55.872924,1032.7545179333333,0,0,1,1,0,0,,summer,0,0,1,0
609438427,23.15,23.289345,none,0.0,0.0,16.595179,32.399998,69.216995,1005.3696,,2024-07-09 03:58:55.684499,2024-07-09 21:09:50.399559,1030.9119176666668,0,0,1,1,0,0,,summer,0,0,1,0
609367227,26.1,27.515846,none,0.0,0.0,5.506941,15.84,50.915665,999.4077,,2024-07-09 03:59:45.456472,2024-07-09 21:10:43.946671,1030.97483665,0,0,1,1,0,0,,summer,0,0,0,0
609439227,24.7,25.71635,none,0.0,0.0,7.42159,18.0,58.80432,1003.6126,,2024-07-09 03:58:38.234256,2024-07-09 21:09:10.090631,1030.5309395833333,0,0,1,1,0,0,,summer,0,0,0,0
609529427,22.95,20.924538,none,0.0,0.0,11.440978,24.84,40.052456,1002.9249,,2024-07-10 04:01:39.972975,2024-07-10 21:07:56.441192,1026.2744702833334,0,0,1,2,0,0,,summer,0,0,0,0
609540827,20.75,18.876308,none,0.0,0.0,10.587917,18.0,46.12055,1005.404,,2024-07-10 04:02:09.584764,2024-07-10 21:07:48.892128,1025.6551227333334,1,0,0,2,0,0,,summer,0,0,0,0
609497827,26.25,25.59722,none,0.0,0.0,16.418526,32.399998,40.57738,1006.83124,,2024-07-10 04:00:13.944073,2024-07-10 21:09:27.127713,1029.2197273333334,0,0,1,2,0,0,,summer,0,0,1,0
609525627,24.7,22.340727,none,0.0,0.0,13.276144,26.64,35.445892,1006.79156,,2024-07-10 04:00:30.792401,2024-07-10 21:09:54.866873,1029.4012412,0,0,1,2,0,0,,summer,0,0,0,0
609535427,22.15,22.269003,none,0.0,0.0,11.681987,24.84,65.58097,1009.09485,,2024-07-10 04:00:12.471581,2024-07-10 21:08:00.779556,1027.8051329166667,0,0,1,2,0,0,,summer,0,0,0,0
609547627,23.25,21.0565,none,0.0,0.0,12.144331,27.0,38.67236,1006.37286,,2024-07-10 03:59:54.707833,2024-07-10 21:09:15.141149,1029.3405552666668,0,0,1,2,0,0,,summer,0,0,0,0
609477227,22.2,22.035196,none,0.0,0.0,12.181624,25.56,63.110786,1003.6273,,2024-07-10 04:00:59.801152,2024-07-10 21:08:15.292368,1027.2581869333333,0,0,1,2,0,0,,summer,0,0,0,0
609489227,26.2,25.59949,none,0.0,0.0,16.327497,33.839996,41.101837,1009.1221,,2024-07-10 04:00:30.021714,2024-07-10 21:09:42.554066,1029.2088725333333,0,0,1,2,0,0,,summer,0,0,1,0
609539027,24.75,22.24227,none,0.0,0.0,14.205182,28.08,35.220623,1006.58093,,2024-07-10 03:59:37.043666,2024-07-10 21:09:05.626577,1029.47638185,0,0,1,2,0,0,,summer,0,0,0,0
609537427,23.55,21.178572,none,0.0,0.0,13.009903,27.0,37.46704,1008.14233,,2024-07-10 03:59:58.542763,2024-07-10 21:08:46.735858,1028.80321825,0,0,1,2,0,0,,summer,0,0,0,0
609453427,19.0,19.227823,none,0.0,0.0,10.948973,21.24,79.635506,1004.70496,,2024-07-10 03:59:37.309138,2024-07-10 21:09:39.514466,1030.0367554666666,0,0,1,2,0,0,,summer,0,0,0,0
609446627,20.1,20.463732,none,0.0,0.0,14.77755,26.28,82.88383,1002.52313,,2024-07-10 04:01:14.353347,2024-07-10 21:09:47.059546,1028.5451033166667,0,1,0,2,0,0,,summer,0,0,0,1
609541227,18.55,16.896418,none,0.0,0.0,9.449572,16.199999,53.58824,1009.26013,,2024-07-10 04:00:11.571501,2024-07-10 21:09:04.397093,1028.8804265333333,0,1,0,2,0,0,,summer,0,0,0,1
609515827,26.0,25.250801,none,0.0,0.0,13.493999,29.88,40.240536,1004.3478,,2024-07-10 04:00:23.320096,2024-07-10 21:10:36.140641,1030.21367575,0,0,1,2,0,0,,summer,0,0,0,0
609536427,26.0,23.174185,none,0.0,0.0,15.941944,30.960001,32.14798,1008.12726,,2024-07-10 04:00:01.894020,2024-07-10 21:08:09.591154,1028.1282855666666,0,0,1,2,0,0,,summer,0,0,1,0
609547427,20.15,18.511944,none,0.0,0.0,9.339208,16.199999,48.51052,1005.89294,,2024-07-10 04:02:10.322234,2024-07-10 21:10:48.860835,1028.6423100166667,1,0,0,2,0,0,,summer,0,0,0,0
610169027,26.2,25.59949,none,0.0,0.0,16.327497,33.839996,41.101837,1000.8941,,2024-07-10 04:01:16.958735,2024-07-10 21:08:52.006121,1027.5841231,0,0,1,2,0,0,,summer,0,0,1,0
609566227,19.75,17.967987,none,0.0,0.0,10.144082,17.64,49.392845,1007.4072,,2024-07-10 04:00:37.952853,2024-07-10 21:09:28.290313,1028.8389576666666,0,1,0,2,0,0,,summer,0,0,0,1
609476427,21.9,21.762268,none,0.0,0.0,12.387348,25.56,64.89914,1004.66644,,2024-07-10 04:00:48.309047,2024-07-10 21:07:36.378591,1026.8011590666667,0,0,1,2,0,0,,summer,0,0,0,0
609523627,23.8,21.558502,none,0.0,0.0,13.009903,25.919998,38.178455,1003.4965,,2024-07-10 04:01:03.973211,2024-07-10 21:09:45.528398,1028.69258645,0,0,1,2,0,0,,summer,0,0,0,0
609536227,23.55,21.178572,none,0.0,0.0,13.009903,27.0,37.46704,1007.21704,,2024-07-10 04:00:32.175602,2024-07-10 21:08:04.068255,1027.5315442166668,0,0,1,2,0,0,,summer,0,0,0,0
609768427,26.25,25.59722,none,0.0,0.0,16.418526,32.399998,40.57738,1004.31573,,2024-07-10 03:59:46.298943,2024-07-10 21:09:40.095917,1029.8966162333334,0,0,1,2,0,0,,summer,0,0,1,0
609507027,26.25,25.59722,none,0.0,0.0,16.418526,32.399998,40.57738,1007.86255,,2024-07-10 04:00:15.934931,2024-07-10 21:09:09.427390,1028.8915409833332,0,0,1,2,0,0,,summer,0,0,1,0
609526427,26.0,23.174185,none,0.0,0.0,15.941944,30.960001,32.14798,1006.86566,,2024-07-10 03:59:55.572271,2024-07-10 21:08:48.192945,1028.8770112333334,0,0,1,2,0,0,,summer,0,0,1,0
609528827,22.6,20.93541,none,0.0,0.0,9.605998,24.84,41.889816,999.98566,,2024-07-10 03:59:58.261811,2024-07-10 21:12:26.332451,1032.467844,0,0,1,2,0,0,,summer,0,0,0,0
609530227,25.1,22.415886,none,0.0,0.0,14.973576,31.68,33.91272,1003.0791,,2024-07-10 04:01:20.681257,2024-07-10 21:07:59.387554,1026.64510495,0,0,1,2,0,0,,summer,0,0,0,0
609581227,25.3,22.686954,none,0.0,0.0,15.281989,29.519999,34.54944,1006.54724,,2024-07-10 04:00:25.697167,2024-07-10 21:07:54.209859,1027.4752115333333,0,0,1,2,0,0,,summer,0,0,1,0
609563027,25.8,23.1633,none,0.0,0.0,14.471821,29.88,32.310757,1003.9757,,2024-07-10 03:59:59.945599,2024-07-10 21:09:36.046776,1029.6016862833333,0,0,1,2,0,0,,summer,0,0,0,0
609538427,19.25,17.404161,none,0.0,0.0,11.043261,18.359999,51.818134,1006.53815,,2024-07-10 03:59:06.975202,2024-07-10 21:09:35.684559,1030.4784892833334,0,1,0,2,0,0,,summer,0,0,0,1
609544027,17.55,16.09664,none,0.0,0.0,7.8954163,15.4800005,56.679916,1004.11707,,2024-07-10 04:00:25.337216,2024-07-10 21:10:49.989200,1030.4108664,0,1,0,2,0,0,,summer,0,0,0,1
609795027,23.8,21.558502,none,0.0,0.0,13.009903,25.919998,38.178455,1006.2612,,2024-07-10 04:00:39.447720,2024-07-10 21:10:17.697794,1029.6375012333333,0,0,1,2,0,0,,summer,0,0,0,0
609784627,23.9,21.448725,none,0.0,0.0,13.556282,27.72,36.68595,1005.6905,,2024-07-10 03:59:22.094355,2024-07-10 21:10:00.789830,1030.6449245833332,0,0,1,2,0,0,,summer,0,0,0,0
609513227,25.7,23.736364,none,0.0,0.0,15.188415,32.039997,35.251415,1003.2508,,2024-07-10 04:01:51.197925,2024-07-10 21:09:24.151666,1027.5492290166667,0,0,1,2,0,0,,summer,0,0,1,0
609517227,25.7,23.244059,none,0.0,0.0,14.113653,30.960001,33.624226,1007.1928,,2024-07-10 03:59:19.451022,2024-07-10 21:08:59.383813,1029.6655465166666,0,0,1,2,0,0,,summer,0,0,0,0
609535627,20.9,18.925222,none,0.0,0.0,10.829958,20.519999,44.93072,1001.7772,,2024-07-10 04:01:29.402523,2024-07-10 21:09:20.243185,1027.8473443666667,1,0,0,2,0,0,,summer,0,0,0,0
609767427,22.05,22.12849,none,0.0,0.0,11.165805,24.48,64.72299,1006.362,,2024-07-10 03:59:02.954882,2024-07-10 21:10:10.860201,1031.1317553166666,0,0,1,2,0,0,,summer,0,0,0,0
609660627,25.35,25.154593,none,0.0,0.0,15.034041,32.399998,45.4088,1006.9758,,2024-07-10 03:59:18.751880,2024-07-10 21:09:52.474193,1030.56203855,0,0,1,2,0,0,,summer,0,0,1,0
609519827,25.2,23.00396,none,0.0,0.0,12.783802,28.8,35.22888,1004.2628,,2024-07-10 04:01:07.687151,2024-07-10 21:09:42.529777,1028.5807104333333,0,0,1,2,0,0,,summer,0,0,0,0
609535027,21.25,19.395353,none,0.0,0.0,10.365251,20.880001,44.574345,1005.7489,,2024-07-10 04:00:43.092670,2024-07-10 21:09:35.048602,1028.8659321999999,0,0,1,2,0,0,,summer,0,0,0,0
609472827,20.7,20.671345,none,0.0,0.0,11.384199,23.039999,69.40522,1005.1312,,2024-07-10 03:59:59.289744,2024-07-10 21:09:55.861665,1029.9428653500001,0,0,1,2,0,0,,summer,0,0,0,0
610022027,23.8,21.558502,none,0.0,0.0,13.009903,25.919998,38.178455,1009.15076,,2024-07-10 04:00:27.447161,2024-07-10 21:10:12.537654,1029.7515082166667,0,0,1,2,0,0,,summer,0,0,0,0
609530027,25.55,22.85546,none,0.0,0.0,14.869351,29.88,32.79352,1008.26807,,2024-07-10 04:00:19.375262,2024-07-10 21:08:48.511332,1028.4856011666666,0,0,1,2,0,0,,summer,0,0,0,0
609778027,19.4,20.06714,none,0.0,0.0,12.261158,21.24,85.74345,1008.46893,,2024-07-10 04:00:17.285252,2024-07-10 21:07:45.535043,1027.47082985,0,1,0,2,0,0,,summer,0,0,0,1
609566827,23.1,23.244581,none,0.0,0.0,3.396233,13.32,44.78911,1000.8073,,2024-07-11 04:01:33.036177,2024-07-11 21:11:20.783221,1029.7957840666668,0,0,1,3,0,0,,summer,0,0,0,0
609626627,24.9,23.551464,none,0.0,0.0,6.792466,10.08,35.62285,1007.3008,,2024-07-11 04:01:26.494468,2024-07-11 21:07:08.859544,1025.7060846,0,0,1,3,0,0,,summer,0,0,0,0
609665827,23.85,23.161766,none,0.0,0.0,7.5942082,19.44,40.85143,1010.93274,,2024-07-11 04:01:39.904644,2024-07-11 21:07:39.757078,1025.9975405666667,0,0,1,3,0,0,,summer,0,0,0,0
609626227,25.85,25.194279,none,0.0,0.0,3.7064266,17.28,35.771275,1007.55945,,2024-07-11 04:01:18.636391,2024-07-11 21:06:47.299560,1025.4777194833334,0,0,1,3,0,0,,summer,0,0,0,0
609595627,27.1,25.939732,none,0.0,0.0,7.2805495,20.16,30.438194,1003.3557,,2024-07-11 04:01:03.622674,2024-07-11 21:08:35.695099,1027.5345404166667,0,0,1,3,0,0,,summer,0,0,0,0
609626427,21.85,20.234713,none,0.0,0.0,9.178235,19.8,43.699104,1006.18756,,2024-07-11 04:00:48.630925,2024-07-11 21:07:56.005163,1027.1229039666666,1,0,0,3,0,0,,summer,0,0,0,0
609776827,24.9,23.551464,none,0.0,0.0,6.792466,10.08,35.62285,1004.7712,,2024-07-11 04:01:42.910913,2024-07-11 21:07:20.851718,1025.63234675,0,0,1,3,0,0,,summer,0,0,0,0
610042627,27.25,24.89048,none,0.0,0.0,10.799999,23.4,27.612091,1003.16925,,2024-07-11 04:01:53.167383,2024-07-11 21:07:25.023894,1025.5309418499999,0,0,1,3,0,0,,summer,0,0,0,0
609560027,20.75,21.209526,none,0.0,0.0,2.0991426,10.440001,59.005665,1003.2439,,2024-07-11 04:00:23.323748,2024-07-11 21:09:29.786090,1029.1077057,0,0,1,3,0,0,,summer,0,0,0,0
609584027,26.1,26.486488,none,0.0,0.0,6.8399997,19.44,35.962082,1005.6119,,2024-07-11 04:00:37.820177,2024-07-11 21:08:55.856781,1028.3006100666666,0,0,1,3,0,0,,summer,0,0,0,0
609669227,25.45,26.010431,none,0.0,0.0,5.4833565,18.359999,36.50762,1004.88416,,2024-07-11 04:01:00.081557,2024-07-11 21:08:34.020440,1027.56564805,0,0,1,3,0,0,,summer,0,0,0,0
609874627,26.8,24.622452,none,0.0,0.0,10.464797,23.4,29.438368,1005.0619,,2024-07-11 04:00:17.445593,2024-07-11 21:07:18.742143,1027.0216091666666,0,0,1,3,0,0,,summer,0,0,0,0
609620427,26.5,26.799004,none,0.0,0.0,6.9247384,19.8,33.396854,1007.13885,,2024-07-11 04:01:13.698342,2024-07-11 21:07:29.448174,1026.2624972,0,0,1,3,0,0,,summer,0,0,0,0
609614227,27.15,24.837584,none,0.0,0.0,11.304229,22.68,28.740934,1008.7686,,2024-07-11 04:01:33.301208,2024-07-11 21:06:42.713519,1025.15687185,0,0,1,3,0,0,,summer,0,0,0,0
609596027,23.45,23.347664,none,0.0,0.0,5.0142193,15.84,43.7063,1004.3028,,2024-07-11 04:00:49.160462,2024-07-11 21:09:27.357946,1028.6366247333333,0,0,1,3,0,0,,summer,0,0,0,0
610168027,18.85,18.05272,none,0.0,0.0,6.763786,14.4,58.741985,1003.9031,,2024-07-11 04:00:39.605695,2024-07-11 21:08:55.866863,1028.2710194666665,0,1,0,3,0,0,,summer,0,0,0,1
610836227,27.0,25.53508,none,0.0,0.0,4.829907,18.72,28.212841,1007.0774,,2024-07-11 04:00:46.490860,2024-07-11 21:07:57.520239,1027.1838229833334,0,0,1,3,0,0,,summer,0,0,0,0
609565027,20.75,20.906324,none,0.0,0.0,3.396233,12.24,57.664032,1007.20154,,2024-07-11 04:01:19.991038,2024-07-11 21:08:18.558126,1026.9761181333333,0,0,1,3,0,0,,summer,0,0,0,0
609585627,25.25,25.599726,none,0.0,0.0,6.763786,21.599998,36.820526,999.2897,,2024-07-11 04:02:46.451419,2024-07-11 21:07:27.886586,1024.6905861166667,0,0,1,3,0,0,,summer,0,0,0,0
609622427,26.8,25.124065,none,0.0,0.0,5.1544156,16.199999,27.20657,1005.61346,,2024-07-11 04:01:34.999165,2024-07-11 21:07:52.213474,1026.28690515,0,0,1,3,0,0,,summer,0,0,0,0
609627827,23.75,23.68382,none,0.0,0.0,5.6920996,7.92,49.1577,1004.93695,,2024-07-11 04:01:10.930313,2024-07-11 21:07:06.105877,1025.9195927333333,0,0,1,3,0,0,,summer,0,0,0,0
609628027,25.35,25.9253,none,0.0,0.0,6.4096174,19.8,38.231865,1010.066,,2024-07-11 04:01:35.723985,2024-07-11 21:06:58.050126,1025.37210235,0,0,1,3,0,0,,summer,0,0,0,0
609562227,20.75,21.20328,none,0.0,0.0,2.5959969,11.159999,59.784584,1008.25214,,2024-07-11 04:00:40.705703,2024-07-11 21:08:38.655887,1027.9658364,0,0,1,3,0,0,,summer,0,0,0,0
609624627,22.2,20.693573,none,0.0,0.0,11.113451,19.08,46.988815,1001.1157,,2024-07-11 04:02:17.491091,2024-07-11 21:08:38.931127,1026.3573339333334,0,0,1,3,0,0,,summer,0,0,0,0
611248027,20.9,19.14254,none,0.0,0.0,10.805999,18.0,47.423153,1000.97125,,2024-07-11 04:02:32.847735,2024-07-11 21:08:04.666220,1025.5303080833335,0,1,0,3,0,0,,summer,0,0,0,1
609575827,24.7,24.89019,none,0.0,0.0,5.95906,19.08,39.083027,1007.331,,2024-07-11 04:01:32.063477,2024-07-11 21:08:33.438899,1027.0229236999999,0,0,1,3,0,0,,summer,0,0,0,0
609697427,21.4,20.210218,none,0.0,0.0,7.289444,16.199999,46.612465,1003.02826,,2024-07-11 04:00:14.435189,2024-07-11 21:08:27.536108,1028.21834865,0,0,1,3,0,0,,summer,0,0,0,0
609618227,27.15,24.837584,none,0.0,0.0,11.304229,22.68,28.740934,1008.1966,,2024-07-11 04:01:19.743844,2024-07-11 21:06:50.331549,1025.5097950833333,0,0,1,3,0,0,,summer,0,0,0,0
609618427,26.4,24.564013,none,0.0,0.0,6.5693827,13.32,28.241396,1003.0136,,2024-07-11 04:01:05.339548,2024-07-11 21:08:20.379677,1027.2506688166666,0,0,1,3,0,0,,summer,0,0,0,0
609608627,26.6,25.209604,none,0.0,0.0,4.6938257,16.56,29.282665,1003.9918,,2024-07-11 04:00:14.303087,2024-07-11 21:08:26.657438,1028.2059058500001,0,0,1,3,0,0,,summer,0,0,0,0
609625427,22.55,20.906456,none,0.0,0.0,9.83268,15.84,42.58723,1002.5236,,2024-07-11 04:02:08.775220,2024-07-11 21:08:29.360711,1026.3430915166666,0,0,1,3,0,0,,summer,0,0,0,0
609624227,23.8,22.77592,none,0.0,0.0,8.404285,12.599999,43.51322,1002.0466,,2024-07-11 04:01:28.823994,2024-07-11 21:09:20.485228,1027.8610205666666,0,0,1,3,0,0,,summer,0,0,0,0
609632827,19.35,18.43764,none,0.0,0.0,6.849467,11.879999,55.625954,1004.2853,,2024-07-11 04:01:16.341327,2024-07-11 21:08:01.735986,1026.75657765,0,1,0,3,0,0,,summer,0,0,0,1
609689027,26.7,27.005135,none,0.0,0.0,8.12197,21.599998,35.652245,1002.53204,,2024-07-12 04:03:09.070754,2024-07-12 21:06:36.269715,1023.4533160166667,0,0,1,4,0,0,,summer,0,0,0,0
609745427,27.2,25.586931,none,0.0,0.0,9.793058,20.880001,32.484447,1001.7678,,2024-07-12 04:03:07.129971,2024-07-12 21:06:54.489248,1023.7893212833334,0,0,1,4,0,0,,summer,0,0,0,0
609656827,21.35,20.541294,none,0.0,0.0,11.019764,21.96,57.245083,1002.8464,,2024-07-12 04:02:42.248973,2024-07-12 21:07:31.776280,1024.8254551166667,0,0,1,4,0,0,,summer,0,0,0,0
609743827,28.0,26.427387,none,0.0,0.0,9.605998,21.24,31.104065,1000.542,,2024-07-12 04:02:09.910060,2024-07-12 21:06:41.624526,1024.5285744333332,0,0,1,4,0,0,,summer,0,0,0,0
609922027,22.25,21.81111,none,0.0,0.0,6.489992,10.08,51.067764,998.6204,,2024-07-12 04:01:37.259947,2024-07-12 21:07:37.663031,1026.0067180666667,0,0,1,4,0,0,,summer,0,0,0,0
609752427,27.0,25.699379,none,0.0,0.0,8.699793,20.880001,34.10419,998.56525,,2024-07-12 04:02:12.718922,2024-07-12 21:06:02.362628,1023.8273951,0,0,1,4,0,0,,summer,0,0,0,0
610371627,17.7,17.141052,none,0.0,0.0,6.792466,10.440001,66.579384,1004.9077,,2024-07-12 04:03:03.345117,2024-07-12 21:06:32.186498,1023.4806896833333,0,1,0,4,0,0,,summer,0,0,0,1
609674227,25.8,26.018421,none,0.0,0.0,7.342588,20.16,39.00222,1002.2708,,2024-07-12 04:02:27.327969,2024-07-12 21:06:51.026969,1024.3949833333334,0,0,1,4,0,0,,summer,0,0,0,0
609707827,27.65,27.42571,none,0.0,0.0,7.145796,18.359999,33.945404,998.43445,,2024-07-12 04:03:16.546070,2024-07-12 21:05:31.366817,1022.2470124499999,0,0,1,4,0,0,,summer,0,0,0,0
609672227,24.5,24.369692,none,0.0,0.0,7.9932976,21.599998,45.324722,1004.89795,,2024-07-12 04:03:00.350927,2024-07-12 21:06:37.027019,1023.6112682,0,0,1,4,0,0,,summer,0,0,0,0
610016227,27.55,27.00542,none,0.0,0.0,7.968939,21.24,33.691586,999.6637,,2024-07-12 04:01:29.302794,2024-07-12 21:07:21.029658,1025.8621143999999,0,0,1,4,0,0,,summer,0,0,0,0
609716427,27.95,26.25515,none,0.0,0.0,9.885262,23.4,30.57116,997.362,,2024-07-12 04:03:37.873838,2024-07-12 21:07:25.654122,1023.7963380666666,0,0,1,4,0,0,,summer,0,0,0,0
610246827,28.75,27.812302,none,0.0,0.0,8.209263,20.16,30.484863,997.24567,,2024-07-12 04:03:49.621027,2024-07-12 21:05:59.917902,1022.1716145833333,0,0,1,4,0,0,,summer,0,0,0,0
609710427,28.1,26.820545,none,0.0,0.0,10.587917,23.759998,30.101316,1004.2283,,2024-07-12 04:03:04.767519,2024-07-12 21:07:19.963404,1024.25326475,0,0,1,4,0,0,,summer,0,0,0,0
609750827,27.6,26.443201,none,0.0,0.0,7.42159,16.919998,32.596344,1001.5845,,2024-07-12 04:02:14.677824,2024-07-12 21:05:51.505136,1023.6137885333334,0,0,1,4,0,0,,summer,0,0,0,0
609709627,29.0,28.399208,none,0.0,0.0,8.0899935,21.24,29.151783,1001.8947,,2024-07-12 04:02:49.064060,2024-07-12 21:07:03.451500,1024.2397906666667,0,0,1,4,0,0,,summer,0,0,0,0
610142627,24.85,24.57835,none,0.0,0.0,7.208994,15.119999,46.172554,997.71484,,2024-07-12 04:02:55.053512,2024-07-12 21:07:48.888778,1024.8972544333333,0,0,1,4,0,0,,summer,0,0,0,0
609741827,23.95,24.473015,none,0.0,0.0,5.8048253,12.24,54.438187,999.47327,,2024-07-12 04:01:24.585722,2024-07-12 21:07:21.015831,1025.9405018166667,0,0,1,4,0,0,,summer,0,0,0,0
610043227,28.1,26.294825,none,0.0,0.0,10.365251,23.039999,29.999935,1002.6843,,2024-07-12 04:02:59.162631,2024-07-12 21:06:35.256835,1023.6015700666667,0,0,1,4,0,0,,summer,0,0,0,0
609905227,27.6,26.326033,none,0.0,0.0,8.225035,20.16,32.596344,997.6919,,2024-07-12 04:01:40.492556,2024-07-12 21:08:32.767499,1026.87124905,0,0,1,4,0,0,,summer,0,0,0,0
610170827,24.75,24.708183,none,0.0,0.0,5.8603754,16.199999,46.754654,998.26294,,2024-07-12 04:01:43.400092,2024-07-12 21:07:42.130271,1025.9788363166667,0,0,1,4,0,0,,summer,0,0,0,0
609650027,18.95,18.396683,none,0.0,0.0,9.504272,18.72,66.84087,1000.6353,,2024-07-12 04:03:21.867169,2024-07-12 21:06:30.700541,1023.1472228666667,0,0,1,4,0,0,,summer,0,0,0,0
609959227,20.95,20.694506,none,0.0,0.0,8.4963045,19.44,60.817516,1002.9194,,2024-07-12 04:01:42.627315,2024-07-12 21:06:06.043512,1024.39026995,0,0,1,4,0,0,,summer,0,0,0,0
609742027,22.35,21.623941,none,0.0,0.0,9.220499,14.759999,51.943176,998.0176,,2024-07-12 04:01:26.499654,2024-07-12 21:06:28.624740,1025.0354181,1,0,0,4,0,0,,summer,0,0,0,0
609733027,26.35,27.038277,none,0.0,0.0,6.6087217,19.44,37.37903,1003.9636,,2024-07-12 04:02:16.434000,2024-07-12 21:05:38.085798,1023.3608633,0,0,1,4,0,0,,summer,0,0,0,0
609643027,15.55,14.825527,none,0.0,0.0,9.339208,15.4800005,79.66941,999.5022,,2024-07-12 04:02:25.699524,2024-07-12 21:09:18.079783,1026.8730043166665,0,0,1,4,0,0,,summer,0,0,0,0
609637227,17.2,16.597889,none,0.0,0.0,6.87779,11.5199995,68.26109,1000.86096,,2024-07-12 04:01:51.693658,2024-07-12 21:08:20.088100,1026.4732407,0,1,0,4,0,0,,summer,0,0,0,1
609699027,29.0,28.399208,none,0.0,0.0,8.0899935,21.24,29.151783,998.1763,,2024-07-12 04:02:25.230589,2024-07-12 21:07:28.071963,1025.0473562333334,0,0,1,4,0,0,,summer,0,0,0,0
609799427,25.35,26.305416,none,0.0,0.0,10.1376915,22.68,57.295128,997.2452,,2024-07-13 04:05:01.029024,2024-07-13 21:04:21.586716,1019.3426282,0,0,1,5,1,0,,summer,0,0,0,0
609807627,24.3,25.636814,rain,0.1,0.0,10.787993,25.199999,62.77218,994.40186,,2024-07-13 04:03:40.075517,2024-07-13 21:07:09.576068,1023.49167585,0,0,1,5,1,0,,summer,0,0,0,0
609773627,19.15,18.537231,none,0.0,0.0,11.542478,18.359999,69.10192,995.212,,2024-07-13 04:04:55.453706,2024-07-13 21:04:55.285001,1019.99718825,0,0,1,5,1,0,,summer,0,0,0,0
610090027,28.3,29.34005,none,0.0,0.0,7.653705,21.24,48.014893,991.11505,,2024-07-13 04:05:22.043859,2024-07-13 21:05:59.743842,1020.6283330499999,0,0,1,5,1,0,,summer,0,0,0,0
609766027,17.0,17.32026,none,0.0,0.0,6.725354,10.440001,82.509285,998.8671,,2024-07-13 04:04:18.837056,2024-07-13 21:07:02.900276,1022.734387,1,0,1,5,1,0,,summer,0,0,0,0
609821827,28.85,29.430592,none,0.0,0.0,9.693296,22.319998,45.33373,993.3053,,2024-07-13 04:03:29.675658,2024-07-13 21:04:50.509733,1021.3472345833333,0,0,1,5,1,0,,summer,0,0,0,0
609817427,29.15,29.493614,none,0.0,0.0,11.043261,22.68,44.269386,996.49066,,2024-07-13 04:04:19.986187,2024-07-13 21:05:49.277701,1021.4881919,0,0,1,5,1,0,,summer,0,0,0,0
609762627,18.9,18.216198,none,0.0,0.0,9.72,15.4800005,65.74323,1002.0723,,2024-07-13 04:04:14.847605,2024-07-13 21:04:34.652642,1020.33008395,0,1,0,5,1,0,,summer,0,0,0,1
609822227,29.2,29.43993,none,0.0,0.0,11.753877,23.4,44.14161,996.32434,,2024-07-13 04:03:52.183473,2024-07-13 21:04:59.639923,1021.1242741666666,0,0,1,5,1,0,,summer,0,0,0,0
609819027,27.15,29.111301,none,0.0,0.0,10.495713,25.199999,59.00933,993.02625,,2024-07-13 04:05:07.384868,2024-07-13 21:04:54.239163,1019.7809049166666,0,0,1,5,1,0,,summer,0,0,0,0
609820027,27.45,29.09684,none,0.0,0.0,5.3517847,16.199999,52.584976,989.9207,,2024-07-13 04:04:02.933358,2024-07-13 21:08:50.887288,1024.7992321666668,0,0,1,5,1,0,,summer,0,0,0,0
609788227,22.4,23.044056,none,0.0,0.0,5.991594,20.880001,61.35066,996.7275,,2024-07-13 04:06:34.696969,2024-07-13 21:05:13.153659,1018.6409448333333,0,0,1,5,1,0,,summer,0,0,0,0
609795427,24.5,25.69813,rain,0.7,0.0,10.041354,24.48,63.81864,989.33057,,2024-07-13 04:05:29.121795,2024-07-13 21:05:24.398567,1019.9212795333333,0,0,1,5,1,0,,summer,0,0,0,0
609794427,24.5,25.69813,rain,0.7,0.0,10.041354,24.48,63.81864,990.235,,2024-07-13 04:05:40.953047,2024-07-13 21:05:14.034774,1019.5513621166666,0,0,1,5,1,0,,summer,0,0,0,0
609833827,21.25,23.289577,none,0.0,0.0,5.991594,8.28,81.726555,994.7289,,2024-07-13 04:03:09.783850,2024-07-13 21:05:22.241589,1022.2076289833333,0,1,0,5,1,0,,summer,0,0,0,1
610014227,27.7,29.430012,rain,0.1,0.0,9.36,23.039999,56.960346,997.8665,,2024-07-13 04:04:19.037578,2024-07-13 21:05:28.008976,1021.1495233,0,0,1,5,1,0,,summer,0,0,0,0
609811027,25.8,27.814262,none,0.0,0.0,9.585739,23.4,63.699337,997.6204,,2024-07-13 04:04:33.787500,2024-07-13 21:06:35.599005,1022.03019175,0,0,1,5,1,0,,summer,0,0,0,0
609828027,23.65,25.40903,none,0.0,0.0,6.379216,9.36,68.44491,995.9806,,2024-07-13 04:04:22.866025,2024-07-13 21:06:17.699456,1021.9138905166667,0,1,0,5,1,0,,summer,0,0,0,1
609817827,27.15,28.958008,none,0.0,0.0,7.69592,20.880001,57.546783,995.11255,,2024-07-13 04:04:18.505771,2024-07-13 21:06:44.177480,1022.4278618166667,0,0,1,5,1,0,,summer,0,0,0,0
610125427,26.0,27.323065,none,0.0,0.0,9.957108,23.039999,60.240345,992.8743,,2024-07-13 04:05:14.654822,2024-07-13 21:04:39.376194,1019.4120228666667,0,0,1,5,1,0,,summer,0,0,0,0
609762427,19.45,18.325466,none,0.0,0.0,11.525623,18.72,61.270107,997.4796,,2024-07-13 04:04:48.223848,2024-07-13 21:06:14.150389,1021.4321090166667,0,1,0,5,1,0,,summer,0,0,0,1
609820627,25.8,28.049904,none,0.0,0.0,8.557102,21.96,63.10301,994.6706,,2024-07-13 04:03:37.073508,2024-07-13 21:06:48.398403,1023.18874825,0,0,1,5,1,0,,summer,0,0,0,0
609823427,24.15,25.659092,none,0.0,0.0,8.0899935,9.72,66.41825,992.57684,,2024-07-13 04:04:38.094709,2024-07-13 21:05:31.246851,1020.8858690333333,0,0,1,5,1,0,,summer,0,0,0,0
609766627,19.65,18.871983,none,0.0,0.0,9.3669195,16.56,60.91388,993.32715,,2024-07-13 04:06:04.911613,2024-07-13 21:05:50.583961,1019.7612058,0,1,0,5,1,0,,summer,0,0,0,1
610067627,25.9,27.852875,none,0.0,0.0,8.78872,22.319998,61.753036,992.06195,,2024-07-13 04:05:28.362700,2024-07-13 21:05:03.449720,1019.5847836666667,0,0,1,5,1,0,,summer,0,0,0,0
609895227,27.85,31.459763,none,0.0,0.0,1.9386592,14.759999,56.640682,997.2971,,2024-07-14 04:05:22.059440,2024-07-14 21:03:19.657007,1017.9599594499999,0,0,1,6,1,0,,summer,0,0,0,0
610388627,19.85,22.317331,none,0.0,0.0,3.219938,5.04,89.37446,993.3749,,2024-07-14 04:05:51.918563,2024-07-14 21:04:23.158272,1018.5206618166667,0,0,1,6,1,0,,summer,0,0,0,0
610170027,24.1,27.21627,none,0.0,0.0,1.4399999,11.5199995,72.73668,994.81396,,2024-07-14 04:05:52.502258,2024-07-14 21:03:05.487484,1017.2164204333333,0,0,1,6,1,0,,summer,0,0,0,0
609898627,20.5,22.980482,none,0.0,0.0,6.638072,7.92,91.971535,991.9041,,2024-07-14 04:04:31.600078,2024-07-14 21:06:03.868254,1021.5378029333333,0,1,0,6,1,0,,summer,0,0,0,1
609865827,27.95,31.11726,none,0.0,0.0,3.7585104,16.56,54.571354,994.0362,,2024-07-14 04:05:38.768747,2024-07-14 21:04:48.364023,1019.1599212666666,0,0,1,6,1,0,,summer,0,0,0,0
610175827,29.6,33.194466,none,0.0,0.0,5.4477882,19.08,51.980827,992.0794,,2024-07-14 04:06:24.648688,2024-07-14 21:03:36.015180,1017.1894415333334,0,0,1,6,1,0,,summer,0,0,0,0
610004027,29.1,30.933086,none,0.0,0.0,7.2,19.44,51.045208,993.9215,,2024-07-14 04:08:09.847069,2024-07-14 21:04:10.807429,1016.016006,0,0,1,6,1,0,,summer,0,0,0,0
610270627,23.3,26.11305,none,0.0,0.0,1.609969,4.32,73.513214,995.94507,,2024-07-14 04:04:51.267907,2024-07-14 21:04:54.637859,1020.0561658666667,0,1,0,6,1,0,,summer,0,0,0,1
609837227,22.95,25.27861,none,0.0,0.0,5.0911684,11.5199995,75.32133,987.2314,,2024-07-14 04:06:54.941618,2024-07-14 21:04:00.341154,1017.0899922666666,0,0,1,6,1,0,,summer,0,0,0,0
609872027,30.3,32.44741,none,0.0,0.0,8.557102,20.880001,47.33824,994.08435,,2024-07-14 04:05:24.055962,2024-07-14 21:04:19.724374,1018.9278068666666,0,0,1,6,1,0,,summer,0,0,0,0
609882827,30.1,31.321522,none,0.0,0.0,7.10031,18.0,43.964783,995.9193,,2024-07-14 04:05:03.568794,2024-07-14 21:03:20.986520,1018.2902954333333,0,0,1,6,1,0,,summer,0,0,0,0
612311827,28.1,28.981705,none,0.0,0.0,11.177405,22.68,51.271534,996.6186,,2024-07-14 04:06:01.218288,2024-07-14 21:04:54.357694,1018.8856567666667,0,0,1,6,1,0,,summer,0,0,0,0
610406427,24.3,27.2535,none,0.0,0.0,2.8799999,12.599999,72.319305,994.3701,,2024-07-14 04:04:41.087252,2024-07-14 21:03:37.895036,1018.9467963999999,0,0,1,6,1,0,,summer,0,0,0,0
609931827,26.35,28.917793,none,0.0,0.0,4.379589,9.72,62.63323,989.46277,,2024-07-14 04:06:57.146203,2024-07-14 21:03:19.807636,1016.37769055,0,0,1,6,1,0,,summer,0,0,0,0
609875227,27.4,29.504482,rain,0.8,0.0,5.815978,21.599998,56.88798,994.8372,,2024-07-14 04:04:47.726168,2024-07-14 21:04:30.032058,1019.7050981666667,0,0,1,6,1,0,,summer,0,0,0,0
609859627,26.7,29.66502,none,0.0,0.0,2.5455842,13.32,60.40131,995.1893,,2024-07-14 04:04:13.087889,2024-07-14 21:05:06.011537,1020.8820608000001,0,0,1,6,1,0,,summer,0,0,0,0
609866227,27.95,31.11726,none,0.0,0.0,3.7585104,16.56,54.571354,994.71063,,2024-07-14 04:05:30.983873,2024-07-14 21:04:49.719773,1019.312265,0,0,1,6,1,0,,summer,0,0,0,0
609995027,24.6,27.16488,none,0.0,0.0,3.6179552,9.36,68.41651,997.6296,,2024-07-14 04:05:05.057867,2024-07-14 21:04:20.238604,1019.2530122833334,0,1,0,6,1,0,,summer,0,0,0,1
609891427,27.4,28.529053,none,0.0,0.0,10.823973,20.519999,54.95216,996.8231,,2024-07-14 04:05:44.571258,2024-07-14 21:04:06.098646,1018.3587898000001,0,0,1,6,1,0,,summer,0,0,0,0
609896427,23.75,26.711739,none,0.0,0.0,5.1544156,7.92,78.07542,992.2248,,2024-07-14 04:05:40.213483,2024-07-14 21:06:00.645942,1020.3405409833334,1,0,0,6,1,0,,summer,0,0,0,0
609877227,26.65,27.499039,rain,0.6,0.0,15.844089,26.64,61.151257,995.9973,,2024-07-14 04:05:45.218008,2024-07-14 21:05:44.341396,1019.9853898,0,0,1,6,1,0,,summer,0,0,1,0
609894227,28.05,31.45662,none,0.0,0.0,2.5455842,15.4800005,55.28616,996.5175,,2024-07-14 04:04:52.960117,2024-07-14 21:03:19.045505,1018.4347564666666,0,0,1,6,1,0,,summer,0,0,0,0
609899427,25.6,29.3806,none,0.0,0.0,3.5455887,12.599999,75.049934,995.05914,,2024-07-14 04:06:59.977646,2024-07-14 21:05:51.423472,1018.8574304333334,0,0,1,6,1,0,,summer,0,0,0,0
609971427,24.1,27.21627,none,0.0,0.0,1.4399999,11.5199995,72.73668,997.7821,,2024-07-14 04:05:44.792787,2024-07-14 21:03:07.526385,1017.3788933,0,0,1,6,1,0,,summer,0,0,0,0
609853827,26.65,29.548851,none,0.0,0.0,2.52,12.599999,60.76953,993.94385,,2024-07-14 04:05:44.180427,2024-07-14 21:05:17.349833,1019.5528234333334,0,0,1,6,1,0,,summer,0,0,0,0
610173627,26.55,28.586712,none,0.0,0.0,6.28713,13.679999,59.801125,991.21796,,2024-07-14 04:04:39.487270,2024-07-14 21:05:56.335664,1021.2808065666667,0,0,1,6,1,0,,summer,0,0,0,0
609852827,27.05,29.96302,none,0.0,0.0,2.5455842,13.32,58.433468,993.9824,,2024-07-14 04:04:55.589082,2024-07-14 21:04:10.463261,1019.2479029833333,0,0,1,6,1,0,,summer,0,0,0,0
609899027,22.35,25.104832,none,0.0,0.0,4.5820518,5.04,81.86393,992.5212,,2024-07-14 04:05:02.723608,2024-07-14 21:05:38.436974,1020.5952227666668,0,1,0,6,1,0,,summer,0,0,0,1
609898027,27.55,29.471394,none,0.0,0.0,6.9153743,20.16,56.2138,996.95807,,2024-07-14 04:05:55.601052,2024-07-14 21:05:52.423239,1019.9470364499999,0,0,1,6,1,0,,summer,0,0,0,0
609852427,27.05,29.96302,none,0.0,0.0,2.5455842,13.32,58.433468,994.772,,2024-07-14 04:04:40.151354,2024-07-14 21:04:27.045582,1019.7815704666666,0,0,1,6,1,0,,summer,0,0,0,0
610181227,29.35,30.172215,rain,0.1,0.0,9.0,19.08,45.036373,995.74164,,2024-07-14 04:04:50.074822,2024-07-14 21:03:26.962404,1018.6147930333334,0,0,1,6,1,0,,summer,0,0,0,0
609891227,27.95,31.11726,none,0.0,0.0,3.7585104,16.56,54.571354,993.69904,,2024-07-14 04:05:30.658644,2024-07-14 21:05:10.708266,1019.6674937,0,0,1,6,1,0,,summer,0,0,0,0
610018027,22.35,25.104832,none,0.0,0.0,4.5820518,5.04,81.86393,991.15076,,2024-07-14 04:04:32.394093,2024-07-14 21:06:00.392943,1021.4666475,0,1,0,6,1,0,,summer,0,0,0,1
609898827,22.3,25.339066,none,0.0,0.0,5.315336,7.5599995,86.29894,992.28906,,2024-07-14 04:05:10.029660,2024-07-14 21:05:56.541093,1020.77519055,0,1,0,6,1,0,,summer,0,0,0,1
609878227,29.55,31.150772,none,0.0,0.0,5.506941,15.4800005,46.39812,995.20557,,2024-07-14 04:04:17.100304,2024-07-14 21:05:11.140126,1020.9006637,0,0,1,6,1,0,,summer,0,0,0,0
610033627,28.55,29.302433,rain,0.2,0.0,11.043261,21.96,48.851017,993.98724,,2024-07-14 04:05:01.877012,2024-07-14 21:04:48.561425,1019.77807355,0,0,1,6,1,0,,summer,0,0,0,0
610020827,18.75,20.743547,none,0.0,0.0,5.3999996,6.8399997,93.62315,995.1771,,2024-07-14 04:04:49.401614,2024-07-14 21:05:13.831245,1020.4071605166666,1,0,1,6,1,0,,summer,0,0,0,0
609998227,27.8,29.528084,rain,0.3,0.0,12.57426,29.16,60.2767,999.50616,,2024-07-15 04:06:54.611171,2024-07-15 21:03:03.208353,1016.1432863666666,0,0,1,0,0,0,,summer,0,0,0,0
610003427,27.6,29.583809,none,0.0,0.0,8.534353,25.56,58.38045,990.2491,,2024-07-15 04:08:36.861655,2024-07-15 21:02:42.945375,1014.1013953333334,0,0,1,0,0,0,,summer,0,0,0,0
609947427,28.3,31.419743,rain,0.1,0.0,6.162207,18.359999,57.461903,996.6979,,2024-07-15 04:06:09.502310,2024-07-15 21:03:50.425662,1017.6820558666666,0,0,1,0,0,0,,summer,0,0,0,0
609960827,28.9,31.119366,rain,0.1,0.0,5.4833565,18.0,52.62191,993.95355,,2024-07-15 04:06:56.030549,2024-07-15 21:03:47.776900,1016.8624391833333,0,0,1,0,0,0,,summer,0,0,0,0
609999427,24.35,27.5582,none,0.0,0.0,5.3517847,7.92,77.921684,1000.6022,,2024-07-15 04:06:57.752278,2024-07-15 21:02:04.774557,1015.1170379833333,0,0,1,0,0,0,,summer,0,0,0,0
609997827,22.55,25.035225,none,0.0,0.0,7.42159,12.24,82.39984,999.92426,,2024-07-15 04:07:28.640601,2024-07-15 21:03:15.982867,1015.7890377666666,0,1,0,0,0,0,,summer,0,0,0,1
609998827,26.15,29.44838,none,0.0,0.0,4.0249224,14.4,69.14564,999.59357,,2024-07-15 04:06:48.601088,2024-07-15 21:02:08.781693,1015.3363434166666,0,0,1,0,0,0,,summer,0,0,0,0
609924027,24.05,27.332876,none,0.0,0.0,5.1919937,16.199999,79.82808,995.33777,,2024-07-15 04:05:43.811320,2024-07-15 21:02:48.489639,1017.0779719833333,0,0,1,0,0,0,,summer,0,0,0,0
610003827,27.45,29.68763,rain,0.2,0.0,7.928177,21.96,60.196445,995.2941,,2024-07-15 04:08:56.098618,2024-07-15 21:02:02.532263,1013.1072274166667,0,0,1,0,0,0,,summer,0,0,0,0
609945027,28.0,31.493034,none,0.0,0.0,5.8048253,17.64,60.50998,989.2617,,2024-07-15 04:07:51.351680,2024-07-15 21:02:52.101610,1015.0124988333333,0,0,1,0,0,0,,summer,0,0,0,0
609899227,21.55,24.034891,none,0.0,0.0,5.6233797,9.36,84.62772,991.28937,,2024-07-15 04:08:27.974640,2024-07-15 21:03:22.340738,1014.9061016333333,0,1,0,0,0,0,,summer,0,0,0,1
609962227,28.8,32.287212,rain,0.2,0.0,6.4799995,19.44,56.16628,993.4855,,2024-07-15 04:08:17.818527,2024-07-15 21:02:15.396494,1013.9596327833333,0,0,1,0,0,0,,summer,0,0,0,0
609982227,29.2,30.74086,none,0.0,0.0,8.287822,18.359999,49.801342,997.547,,2024-07-15 04:06:57.057124,2024-07-15 21:02:44.453838,1015.7899452333334,0,0,1,0,0,0,,summer,0,0,0,0
609989027,26.55,28.487381,none,0.0,0.0,9.021574,20.16,62.28699,987.52814,,2024-07-15 04:07:59.909300,2024-07-15 21:02:54.732259,1014.9137159833333,0,0,1,0,0,0,,summer,0,0,0,0
609991227,26.65,28.631592,none,0.0,0.0,8.557102,21.96,61.72784,992.25244,,2024-07-15 04:08:45.865064,2024-07-15 21:04:09.106681,1015.3873602833334,0,0,1,0,0,0,,summer,0,0,0,0
610371827,27.9,31.577168,none,0.0,0.0,5.3517847,16.919998,61.24285,994.9724,,2024-07-15 04:07:41.638275,2024-07-15 21:02:07.503154,1014.4310813166667,0,0,1,0,0,0,,summer,0,0,0,0
609975627,28.75,32.399082,none,0.0,0.0,5.6920996,17.64,57.390587,999.2137,,2024-07-15 04:06:53.035449,2024-07-15 21:02:00.896330,1015.1310146833333,0,0,1,0,0,0,,summer,0,0,0,0
610052227,27.9,29.672611,rain,0.3,0.0,11.770403,26.28,59.369102,993.1862,,2024-07-15 04:07:35.905859,2024-07-15 21:02:52.170936,1015.2710846166666,0,0,1,0,0,0,,summer,0,0,0,0
610104627,29.05,32.127274,rain,0.1,0.0,6.9899354,18.72,54.332897,995.7565,,2024-07-15 04:06:33.337719,2024-07-15 21:02:51.827682,1016.30816605,0,0,1,0,0,0,,summer,0,0,0,0
609936627,28.4,31.424736,none,0.0,0.0,6.849467,18.359999,56.950848,995.80334,,2024-07-15 04:06:27.976221,2024-07-15 21:04:00.195948,1017.5369954500001,0,0,1,0,0,0,,summer,0,0,0,0
609900027,20.6,23.487104,none,0.0,0.0,4.510787,7.92,92.55167,996.2202,,2024-07-15 04:06:41.261776,2024-07-15 21:02:56.221514,1016.2493289666667,0,1,0,0,0,0,,summer,0,0,0,1
609917027,19.45,22.289066,none,0.0,0.0,4.6800003,7.2,99.07124,994.534,,2024-07-15 04:07:35.157089,2024-07-15 21:03:34.520403,1015.9893885666667,1,0,1,0,0,0,,summer,0,0,0,0
610003627,27.5,28.823414,rain,0.2,0.0,13.708391,28.8,59.461388,998.14844,,2024-07-15 04:09:43.529763,2024-07-15 21:01:40.507124,1011.9496226833332,0,0,1,0,0,0,,summer,0,0,0,0
610247227,26.2,28.608753,none,0.0,0.0,7.92,14.4,66.216774,1000.8333,,2024-07-15 04:07:04.709388,2024-07-15 21:02:27.807421,1015.3849672166667,0,0,1,0,0,0,,summer,0,0,0,0
610515827,27.45,28.89492,none,0.0,0.0,13.527572,29.88,60.384407,997.53687,,2024-07-15 04:07:24.786166,2024-07-15 21:04:04.259372,1016.6578867666667,0,0,1,0,0,0,,summer,0,0,0,0
609980827,27.75,29.444202,rain,0.2,0.0,12.144331,28.08,59.7051,995.2981,,2024-07-15 04:06:45.431262,2024-07-15 21:03:35.170244,1016.8289830333334,0,0,1,0,0,0,,summer,0,0,0,0
610112427,27.7,28.992691,rain,0.2,0.0,13.75558,28.8,58.58676,993.9735,,2024-07-15 04:07:27.193283,2024-07-15 21:01:55.463257,1014.4711662333334,0,0,1,0,0,0,,summer,0,0,0,0
610017027,29.35,32.12295,none,0.0,0.0,6.0347,19.8,51.7547,991.971,,2024-07-15 04:07:44.226049,2024-07-15 21:02:27.389983,1014.7193989,0,0,1,0,0,0,,summer,0,0,0,0
609975827,27.7,28.992691,rain,0.2,0.0,13.75558,28.8,58.58676,995.09863,,2024-07-15 04:07:20.113272,2024-07-15 21:01:59.255518,1014.6523707666668,0,0,1,0,0,0,,summer,0,0,0,0
610032627,26.8,30.525997,none,0.0,0.0,3.319036,16.199999,66.958305,997.5067,,2024-07-15 04:06:17.919361,2024-07-15 21:03:36.711423,1017.3132010333334,0,0,1,0,0,0,,summer,0,0,0,0
610029027,27.75,29.136055,rain,0.6,0.0,14.587776,28.08,60.078003,994.74976,,2024-07-15 04:06:37.801662,2024-07-15 21:03:50.323446,1017.2086963999999,0,0,1,0,0,0,,summer,0,0,0,0
609977227,28.95,32.59402,none,0.0,0.0,4.452954,16.56,55.3344,997.75916,,2024-07-15 04:06:19.717061,2024-07-15 21:02:02.660997,1015.7157322666667,0,0,1,0,0,0,,summer,0,0,0,0
610726427,25.75,27.325441,none,0.0,0.0,10.08,20.519999,63.489117,998.6171,,2024-07-15 04:07:15.633359,2024-07-15 21:03:48.388554,1016.5459199166667,0,0,1,0,0,0,,summer,0,0,0,0
609977627,28.75,32.020493,none,0.0,0.0,6.489992,18.359999,56.15411,997.4113,,2024-07-15 04:06:40.125261,2024-07-15 21:02:44.150948,1016.0670947833333,0,0,1,0,0,0,,summer,0,0,0,0
610017827,27.9,29.672611,rain,0.3,0.0,11.770403,26.28,59.369102,998.2533,,2024-07-15 04:07:18.629202,2024-07-15 21:02:55.103559,1015.60790595,0,0,1,0,0,0,,summer,0,0,0,0
609982427,26.75,28.541458,rain,0.4,0.0,8.905908,22.319998,60.22381,997.3251,,2024-07-15 04:06:06.079405,2024-07-15 21:03:44.263523,1017.6364019666667,0,0,1,0,0,0,,summer,0,0,0,0
611936827,27.15,30.7318,none,0.0,0.0,3.0758414,15.84,63.9904,995.7314,,2024-07-15 04:06:20.774020,2024-07-15 21:02:42.209757,1016.3572622833333,0,0,1,0,0,0,,summer,0,0,0,0
609991027,23.15,26.3067,none,0.0,0.0,5.1919937,10.08,82.984116,994.42145,,2024-07-15 04:06:25.845879,2024-07-15 21:04:25.019947,1017.9862344666667,0,0,1,0,0,0,,summer,0,0,0,0
609998427,24.3,26.743465,none,0.0,0.0,6.2145634,11.159999,72.09405,997.0225,,2024-07-15 04:08:11.489939,2024-07-15 21:02:09.658880,1013.96948235,0,0,1,0,0,0,,summer,0,0,0,0
609991427,23.5,26.482,none,0.0,0.0,6.2145634,10.440001,80.99796,996.9089,,2024-07-15 04:06:04.687400,2024-07-15 21:02:11.955411,1016.1211335166666,0,1,0,0,0,0,,summer,0,0,0,1
609910027,22.75,26.167627,none,0.0,0.0,4.452954,11.879999,86.60906,993.29913,,2024-07-15 04:07:55.676961,2024-07-15 21:02:15.118909,1014.3240324666666,0,0,1,0,0,0,,summer,0,0,0,0
609999027,22.6,25.357529,none,0.0,0.0,7.072878,11.5199995,84.477646,998.2174,,2024-07-15 04:07:12.248499,2024-07-15 21:02:56.953836,1015.74508895,0,1,0,0,0,0,,summer,0,0,0,1
610273627,26.55,29.104355,rain,0.2,0.0,10.483357,23.759998,65.26761,997.3822,,2024-07-16 04:08:16.480475,2024-07-16 21:02:18.658955,1014.0363080000001,0,0,1,1,0,0,,summer,0,0,0,0
610089827,27.85,28.00071,none,0.0,0.0,11.165805,25.56,46.385395,995.72925,,2024-07-16 04:10:44.418261,2024-07-16 21:03:20.028172,1012.5934985166666,0,0,1,1,0,0,,summer,0,0,0,0
610021427,24.95,27.08279,rain,0.1,0.0,10.829959,23.039999,72.659195,998.29083,,2024-07-16 04:08:30.537381,2024-07-16 21:02:41.447964,1014.18184305,0,0,1,1,0,0,,summer,0,0,0,0
610091627,28.1,27.863804,none,0.0,0.0,13.684735,30.239998,45.56751,995.6485,,2024-07-16 04:09:36.677795,2024-07-16 21:01:50.173549,1012.2249292333333,0,0,1,1,0,0,,summer,0,0,0,0
610043027,28.0,30.690937,none,0.0,0.0,8.0899935,22.68,55.44754,995.57263,,2024-07-16 04:09:10.104128,2024-07-16 21:02:44.898441,1013.5799052166666,0,0,1,1,0,0,,summer,0,0,0,0
610056627,28.85,31.601238,rain,0.1,0.0,5.8603754,18.72,54.453133,997.1184,,2024-07-16 04:07:22.992773,2024-07-16 21:01:26.930877,1014.0656350666667,0,0,1,1,0,0,,summer,0,0,0,0
610030827,26.1,28.213207,rain,0.1,0.0,9.449572,21.96,65.99051,997.80774,,2024-07-16 04:08:53.144634,2024-07-16 21:01:02.808548,1012.1610652333333,0,0,1,1,0,0,,summer,0,0,0,0
610085027,28.8,28.9235,none,0.0,0.0,12.964998,24.84,45.61078,1000.1418,,2024-07-16 04:08:13.592753,2024-07-16 21:00:54.962455,1012.6894950333334,0,0,1,1,0,0,,summer,0,0,0,0
610011827,19.9,22.442451,none,0.0,0.0,6.8777895,10.440001,96.64287,994.71313,,2024-07-16 04:09:10.973339,2024-07-16 21:01:09.279381,1011.9717673666667,0,0,1,1,0,0,,summer,0,0,0,0
610150227,27.0,29.808407,rain,0.4,0.0,10.365251,24.48,64.35645,996.8598,,2024-07-16 04:08:55.475579,2024-07-16 21:01:33.655184,1012.63632675,0,0,1,1,0,0,,summer,0,0,0,0
610012427,25.3,27.650602,rain,0.1,0.0,7.9932966,21.24,69.41293,987.578,,2024-07-16 04:09:42.080196,2024-07-16 21:01:29.765796,1011.79476,0,0,1,1,0,0,,summer,0,0,0,0
610067427,29.2,29.681538,none,0.0,0.0,11.592895,25.199999,45.573273,998.1512,,2024-07-16 04:07:46.779565,2024-07-16 21:01:23.290365,1013.6085133333332,0,0,1,1,0,0,,summer,0,0,0,0
610426227,27.55,27.826649,none,0.0,0.0,11.923557,25.919998,49.05477,997.97986,,2024-07-16 04:08:09.342129,2024-07-16 21:02:11.259864,1014.03196225,0,0,1,1,0,0,,summer,0,0,0,0
610444627,23.1,25.73407,none,0.0,0.0,5.2416787,9.0,77.98023,999.53827,,2024-07-16 04:07:24.369953,2024-07-16 21:02:25.549249,1015.0196549333334,1,0,0,1,0,0,,summer,0,0,0,0
610154227,28.25,30.513966,rain,0.2,0.0,7.9526596,20.880001,56.91475,999.75903,,2024-07-16 04:07:30.267201,2024-07-16 21:02:32.597937,1015.0388456000001,0,0,1,1,0,0,,summer,0,0,0,0
611000827,21.45,24.301804,none,0.0,0.0,4.5820518,7.2,87.57006,998.6953,,2024-07-16 04:08:24.913670,2024-07-16 21:02:03.848494,1013.6489137333334,0,1,0,1,0,0,,summer,0,0,0,1
610081427,28.0,31.422611,rain,0.1,0.0,8.225035,23.039999,60.50998,999.19495,,2024-07-16 04:08:15.696225,2024-07-16 21:01:39.057708,1013.38935805,0,0,1,1,0,0,,summer,0,0,0,0
612141427,28.6,32.04319,rain,0.1,0.0,7.491114,21.599998,57.35478,996.9761,,2024-07-16 04:09:00.232155,2024-07-16 21:01:35.850179,1012.5936337333334,0,0,1,1,0,0,,summer,0,0,0,0
610817227,23.2,25.927763,none,0.0,0.0,5.0911684,17.64,78.23826,998.7408,,2024-07-16 04:09:18.495159,2024-07-16 21:00:59.044347,1011.6758198,1,0,0,1,0,0,,summer,0,0,0,0
610084627,28.35,28.095917,none,0.0,0.0,14.471821,28.44,45.635147,1000.5115,,2024-07-16 04:08:30.810104,2024-07-16 21:01:58.107982,1013.4549646333332,0,0,1,1,0,0,,summer,0,0,0,0
610090227,23.5,25.747015,none,0.0,0.0,5.8048253,11.879999,73.08816,999.21783,,2024-07-16 04:09:09.125342,2024-07-16 21:02:26.238224,1013.2852147,1,0,0,1,0,0,,summer,0,0,0,0
610041627,27.15,29.701214,rain,0.3,0.0,9.904906,24.48,60.50438,989.348,,2024-07-16 04:09:49.287430,2024-07-16 21:01:33.913691,1011.7437710166666,0,0,1,1,0,0,,summer,0,0,0,0
610340427,26.7,27.154675,none,0.0,0.0,15.0038395,26.64,56.71846,997.7009,,2024-07-16 04:09:01.057477,2024-07-16 21:00:28.627307,1011.4594971666667,0,0,1,1,0,0,,summer,0,0,1,0
610584827,26.2,27.672987,none,0.0,0.0,6.989936,21.96,57.137333,996.06775,,2024-07-16 04:09:07.222345,2024-07-16 21:01:45.305702,1012.6347226166667,0,0,1,1,0,0,,summer,0,0,0,0
610000427,20.4,22.704998,none,0.0,0.0,8.669949,14.759999,93.99228,997.59064,,2024-07-16 04:07:28.140008,2024-07-16 21:02:24.131265,1014.9331876166667,0,1,0,1,0,0,,summer,0,0,0,1
610008627,21.05,23.636852,none,0.0,0.0,7.2359104,11.879999,91.1508,1000.5735,,2024-07-16 04:07:37.974756,2024-07-16 21:00:18.412446,1012.6739615,0,1,0,1,0,0,,summer,0,0,0,1
610285627,21.9,24.2961,none,0.0,0.0,8.707238,15.84,86.7979,997.996,,2024-07-16 04:07:32.351412,2024-07-16 21:02:26.537533,1014.9031020166666,0,1,0,1,0,0,,summer,0,0,0,1
610085227,28.4,28.205452,none,0.0,0.0,14.332341,29.16,45.7951,1000.1899,,2024-07-16 04:08:46.122231,2024-07-16 21:03:15.821363,1014.4949855333333,0,0,1,1,0,0,,summer,0,0,0,0
610056427,29.05,32.445187,rain,0.1,0.0,2.6208394,18.0,53.32361,999.8452,,2024-07-16 04:07:39.749401,2024-07-16 21:00:37.338002,1012.9598100166667,0,0,1,1,0,0,,summer,0,0,0,0
610086827,25.85,27.233686,none,0.0,0.0,6.8777895,21.24,57.41589,995.34863,,2024-07-16 04:09:47.311998,2024-07-16 21:02:09.106131,1012.36323555,0,0,1,1,0,0,,summer,0,0,0,0
610174627,21.25,23.610422,none,0.0,0.0,7.9526596,14.759999,88.64993,994.23926,,2024-07-16 04:09:31.997940,2024-07-16 21:02:42.687513,1013.17815955,0,1,0,1,0,0,,summer,0,0,0,1
610954227,24.5,26.612915,none,0.0,0.0,5.315336,18.0,66.90987,993.5005,,2024-07-16 04:08:29.195549,2024-07-16 21:05:02.136862,1016.5490218833334,0,0,1,1,0,0,,summer,0,0,0,0
611270827,27.65,30.226131,none,0.0,0.0,6.28713,19.44,52.802773,991.2658,,2024-07-16 04:08:39.496504,2024-07-16 21:05:08.011356,1016.4752475333333,0,0,1,1,0,0,,summer,0,0,0,0
610153827,23.95,26.42422,none,0.0,0.0,9.693296,21.24,78.83341,999.39124,,2024-07-16 04:07:28.296318,2024-07-16 21:02:27.454065,1014.98596245,0,0,1,1,0,0,,summer,0,0,0,0
610065627,29.45,30.086689,none,0.0,0.0,8.427383,21.599998,40.80311,988.11896,,2024-07-16 04:09:33.080842,2024-07-16 21:01:34.281438,1012.0200099333334,0,0,1,1,0,0,,summer,0,0,0,0
610196627,28.25,29.410538,none,0.0,0.0,3.319036,10.799999,44.308426,1002.05066,,2024-07-17 04:10:08.460971,2024-07-17 20:59:31.025449,1009.3760746333334,0,0,1,2,0,0,,summer,0,0,0,0
610196427,29.05,29.021656,none,0.0,0.0,4.73506,14.759999,35.253723,1002.52515,,2024-07-17 04:10:11.656747,2024-07-17 20:59:29.146189,1009.2914906999999,0,0,1,2,0,0,,summer,0,0,0,0
610142827,28.3,30.978424,none,0.0,0.0,4.6800003,18.72,45.475605,1000.65735,,2024-07-17 04:09:06.180099,2024-07-17 21:00:55.107323,1011.8154537333334,0,0,1,2,0,0,,summer,0,0,0,0
610201227,27.7,30.264996,none,0.0,0.0,6.618519,20.16,52.648674,1004.2553,,2024-07-17 04:10:02.860746,2024-07-17 20:59:27.385585,1009.4087473166667,0,0,1,2,0,0,,summer,0,0,0,0
610182827,29.4,29.090904,none,0.0,0.0,5.3517847,16.56,33.207848,997.67163,,2024-07-17 04:09:57.795729,2024-07-17 21:01:03.651141,1011.0975901999999,0,0,1,2,0,0,,summer,0,0,0,0
610198227,26.35,28.555248,none,0.0,0.0,5.6002855,6.4799995,61.08324,1000.0269,,2024-07-17 04:09:54.988398,2024-07-17 20:59:36.110223,1009.6853637500001,0,0,1,2,0,0,,summer,0,0,0,0
610246227,18.5,20.704922,none,0.0,0.0,5.8048253,10.799999,98.754395,999.9542,,2024-07-17 04:10:38.059324,2024-07-17 20:59:29.267846,1008.8534753666667,1,0,1,2,0,0,,summer,0,0,0,0
610192027,28.8,28.60479,none,0.0,0.0,4.896529,11.879999,34.722828,998.57794,,2024-07-17 04:09:35.158051,2024-07-17 21:00:31.193292,1010.9339206833333,0,0,1,2,0,0,,summer,0,0,0,0
610228827,20.0,22.336143,none,0.0,0.0,6.489992,11.879999,92.80839,999.7805,,2024-07-17 04:09:57.389785,2024-07-17 21:01:05.639313,1011.1374921333334,0,0,1,2,0,0,,summer,0,0,0,0
610349227,27.4,29.542904,none,0.0,0.0,5.904439,20.519999,46.413193,997.7468,,2024-07-17 04:09:25.271325,2024-07-17 21:01:50.440067,1012.4194790333333,0,0,1,2,0,0,,summer,0,0,0,0
610105627,20.3,22.356197,none,0.0,0.0,7.289444,12.24,89.12935,997.5719,,2024-07-17 04:09:25.343293,2024-07-17 21:01:37.583485,1012.2040032,0,1,0,2,0,0,,summer,0,0,0,1
610173227,29.55,31.344067,none,0.0,0.0,6.3690495,18.0,42.02933,1000.1245,,2024-07-17 04:09:55.363378,2024-07-17 21:00:07.656321,1010.2048823833334,0,0,1,2,0,0,,summer,0,0,0,0
610119827,24.3,26.407793,none,0.0,0.0,5.3517847,16.199999,67.71615,995.5521,,2024-07-17 04:12:56.440832,2024-07-17 21:01:39.784212,1008.7223896666667,0,0,1,2,0,0,,summer,0,0,0,0
610184027,28.8,29.016144,none,0.0,0.0,3.6179552,13.679999,36.360317,999.3378,,2024-07-17 04:09:02.063003,2024-07-17 21:01:04.506894,1012.0407315166667,0,0,1,2,0,0,,summer,0,0,0,0
610214027,26.45,27.660856,none,0.0,0.0,4.8433046,7.2,51.499237,1001.05585,,2024-07-17 04:09:04.060556,2024-07-17 20:59:00.762572,1009.9450336000001,0,0,1,2,0,0,,summer,0,0,0,0
610440627,28.45,31.537113,none,0.0,0.0,4.6938257,19.08,48.515373,998.08563,,2024-07-17 04:10:37.508652,2024-07-17 20:59:51.826066,1009.2386235666667,0,0,1,2,0,0,,summer,0,0,0,0
610164827,28.5,31.519672,none,0.0,0.0,4.6800003,18.359999,47.763058,1001.2481,,2024-07-17 04:09:44.318973,2024-07-17 21:00:12.468043,1010.4691511666666,0,0,1,2,0,0,,summer,0,0,0,0
610176627,29.1,31.740757,none,0.0,0.0,5.495161,17.28,45.1125,998.08704,,2024-07-17 04:10:25.938037,2024-07-17 20:59:56.305464,1009.5061237833332,0,0,1,2,0,0,,summer,0,0,0,0
610124627,22.85,25.380863,none,0.0,0.0,6.6087217,16.199999,80.16215,1000.1914,,2024-07-17 04:10:43.806364,2024-07-17 20:59:10.246388,1008.4406670666667,0,0,1,2,0,0,,summer,0,0,0,0
610817627,29.2,30.705101,none,0.0,0.0,6.3690495,18.359999,40.081013,998.05194,,2024-07-17 04:10:07.597134,2024-07-17 21:01:30.650315,1011.3842196833334,0,0,1,2,0,0,,summer,0,0,0,0
610198627,23.75,23.656086,none,0.0,0.0,7.729527,12.959999,51.79887,995.88257,,2024-07-17 04:13:49.813742,2024-07-17 21:00:12.233997,1006.3736709166666,0,1,0,2,0,0,,summer,0,0,0,1
610227627,24.45,25.925234,none,0.0,0.0,5.1165614,15.119999,60.842117,998.77203,,2024-07-17 04:11:35.304095,2024-07-17 21:01:59.473796,1010.4028283499999,0,0,1,2,0,0,,summer,0,0,0,0
610834627,29.45,29.523792,none,0.0,0.0,6.130579,18.72,32.89398,997.94086,,2024-07-17 04:10:49.283020,2024-07-17 21:00:57.876475,1010.14322425,0,0,1,2,0,0,,summer,0,0,0,0
615581227,24.35,24.452904,none,0.0,0.0,10.464798,16.199999,55.604015,999.10284,,2024-07-17 04:09:47.992896,2024-07-17 21:00:14.721419,1010.4454753833332,0,1,0,2,0,0,,summer,0,0,0,1
610110827,24.15,25.102549,none,0.0,0.0,6.763786,17.64,59.239822,994.72754,,2024-07-17 04:10:18.092313,2024-07-17 21:03:48.467751,1013.5062573,0,0,1,2,0,0,,summer,0,0,0,0
610138627,23.3,25.109655,none,0.0,0.0,6.638072,16.56,70.79212,1001.0072,,2024-07-17 04:10:18.334049,2024-07-17 21:01:10.830423,1010.8749395666667,0,0,1,2,0,0,,summer,0,0,0,0
610109027,23.25,25.019258,none,0.0,0.0,6.9153743,17.28,71.00621,1001.94116,,2024-07-17 04:09:14.424505,2024-07-17 20:59:10.543569,1009.9353177333334,0,0,1,2,0,0,,summer,0,0,0,0
628877027,29.0,28.808727,none,0.0,0.0,5.4119864,15.4800005,34.893433,997.1137,,2024-07-17 04:10:20.948596,2024-07-17 20:59:11.131848,1008.8363875333333,0,0,1,2,0,0,,summer,0,0,0,0
610106827,19.45,21.349855,none,0.0,0.0,8.049845,14.759999,93.36302,998.8077,,2024-07-17 04:09:33.123703,2024-07-17 21:00:46.645859,1011.2253692666667,0,1,0,2,0,0,,summer,0,0,0,1
610141427,27.55,29.866718,none,0.0,0.0,5.904439,20.519999,47.662205,998.0957,,2024-07-17 04:09:56.284171,2024-07-17 21:01:52.908626,1011.9437409166666,0,0,1,2,0,0,,summer,0,0,0,0
610193427,27.25,28.003464,none,0.0,0.0,4.5820518,9.36,45.190536,997.0187,,2024-07-17 04:09:30.699476,2024-07-17 21:01:05.934729,1011.5872542166667,0,0,1,2,0,0,,summer,0,0,0,0
610106627,19.85,21.655178,none,0.0,0.0,8.854829,14.4,91.3592,999.182,,2024-07-17 04:08:58.699030,2024-07-17 21:00:55.445980,1011.9457825000001,0,1,0,2,0,0,,summer,0,0,0,1
610137627,27.4,29.942245,none,0.0,0.0,5.00128,19.08,48.391655,1001.2563,,2024-07-17 04:11:28.472741,2024-07-17 21:02:08.192708,1010.6619994499999,0,0,1,2,0,0,,summer,0,0,0,0
610604827,22.9,25.384148,none,0.0,0.0,4.0249224,6.8399997,75.549736,994.3711,,2024-07-18 04:11:52.901422,2024-07-18 21:00:38.613292,1008.7618645,0,1,0,3,0,0,,summer,0,0,0,1
610312627,26.2,27.540833,none,0.0,0.0,3.4152596,12.959999,51.59963,999.4295,,2024-07-18 04:11:42.287446,2024-07-18 20:57:54.951004,1006.2110593,0,0,1,3,0,0,,summer,0,0,0,0
610254427,26.6,29.393242,rain,0.2,0.0,4.39436,18.359999,60.948765,997.26324,,2024-07-18 04:10:56.688772,2024-07-18 20:59:25.455472,1008.479445,0,0,1,3,0,0,,summer,0,0,0,0
610297427,26.1,27.561327,none,0.0,0.0,2.1897945,12.959999,51.408516,997.2503,,2024-07-18 04:11:14.113162,2024-07-18 20:58:43.811105,1007.4949657166667,0,0,1,3,0,0,,summer,0,0,0,0
610278027,27.0,28.666698,rain,0.2,0.0,6.9899354,18.0,56.079506,991.93036,,2024-07-18 04:12:33.006676,2024-07-18 20:58:11.982648,1005.6495995333333,0,0,1,3,0,0,,summer,0,0,0,0
610446427,26.65,29.64952,rain,0.1,0.0,6.849467,20.880001,64.28182,996.2771,,2024-07-18 04:10:25.682017,2024-07-18 20:59:44.043929,1009.3060318666667,0,0,1,3,0,0,,summer,0,0,0,0
610246027,26.75,28.804146,rain,0.2,0.0,4.3349743,16.56,56.90992,995.3042,,2024-07-18 04:11:30.242976,2024-07-18 20:59:36.014105,1008.0961854833333,0,0,1,3,0,0,,summer,0,0,0,0
610286827,27.05,29.502804,none,0.0,0.0,5.4833565,19.08,60.481514,997.8151,,2024-07-18 04:11:37.183243,2024-07-18 20:59:01.550425,1007.4061197,0,0,1,3,0,0,,summer,0,0,0,0
610335627,23.3,24.94651,none,0.0,0.0,5.0911684,7.92,66.87629,998.6317,,2024-07-18 04:11:26.382397,2024-07-18 20:58:02.119569,1006.5956195333333,1,0,0,3,0,0,,summer,0,0,0,0
610378427,23.0,24.75372,none,0.0,0.0,6.12,6.8399997,70.736336,996.66626,,2024-07-18 04:10:47.162667,2024-07-18 20:59:50.662781,1009.0583352333334,1,0,0,3,0,0,,summer,0,0,0,0
610390427,26.2,27.716951,none,0.0,0.0,1.0182338,12.599999,50.129776,994.9899,,2024-07-18 04:10:28.328622,2024-07-18 20:59:46.635107,1009.3051080833334,0,0,1,3,0,0,,summer,0,0,0,0
610404027,26.1,27.660128,none,0.0,0.0,3.5455887,13.679999,53.936207,993.1899,,2024-07-18 04:12:26.197305,2024-07-18 20:57:53.742814,1005.4590918166667,0,0,1,3,0,0,,summer,0,0,0,0
610739627,26.05,27.998764,none,0.0,0.0,1.2979984,10.799999,54.61596,995.192,,2024-07-18 04:11:34.963852,2024-07-18 21:00:34.042962,1008.9846518333333,0,0,1,3,0,0,,summer,0,0,0,0
610324227,23.0,24.75372,none,0.0,0.0,6.12,6.8399997,70.736336,996.208,,2024-07-18 04:10:35.626340,2024-07-18 20:59:46.944141,1009.1886300166666,1,0,0,3,0,0,,summer,0,0,0,0
610336427,22.3,24.367956,rain,0.2,0.0,5.4833565,7.2,76.168846,992.25616,,2024-07-18 04:12:13.105351,2024-07-18 20:59:03.239367,1006.8355669333334,0,1,0,3,0,0,,summer,0,0,0,1
610286627,27.8,29.4301,rain,0.2,0.0,6.638072,19.08,52.840878,993.5739,,2024-07-18 04:13:06.813017,2024-07-18 20:58:11.118362,1005.07175575,0,0,1,3,0,0,,summer,0,0,0,0
610531627,25.2,27.503834,none,0.0,0.0,2.0364676,6.12,61.595295,994.17883,,2024-07-18 04:11:15.654172,2024-07-18 20:59:37.370614,1008.3619407,0,0,1,3,0,0,,summer,0,0,0,0
610333627,23.9,26.159182,none,0.0,0.0,5.0911684,6.8399997,70.45972,994.32166,,2024-07-18 04:11:52.015759,2024-07-18 21:00:34.799276,1008.7130586166667,0,0,1,3,0,0,,summer,0,0,0,0
610835427,22.25,24.620922,none,0.0,0.0,4.3349743,12.24,77.854904,997.76935,,2024-07-18 04:10:41.612909,2024-07-18 20:58:07.350286,1007.4289562833333,0,0,1,3,0,0,,summer,0,0,0,0
610339227,27.35,30.03389,rain,0.3,0.0,2.5455842,12.599999,55.81252,1000.00726,,2024-07-18 04:11:29.595715,2024-07-18 20:59:00.119912,1007.5087366166666,0,0,1,3,0,0,,summer,0,0,0,0
610215027,22.9,23.494228,none,0.0,0.0,9.227524,15.4800005,63.876347,999.6445,,2024-07-18 04:11:13.835225,2024-07-18 20:58:38.059813,1007.4037431333333,0,1,0,3,0,0,,summer,0,0,0,1
610298427,26.3,27.528345,none,0.0,0.0,4.32,16.56,51.460403,996.45294,,2024-07-18 04:11:34.514037,2024-07-18 20:59:23.392139,1007.8146350333334,0,0,1,3,0,0,,summer,0,0,0,0
610417227,26.15,27.341047,none,0.0,0.0,5.1165614,15.84,52.587654,998.0479,,2024-07-18 04:11:25.024003,2024-07-18 20:58:10.296946,1006.75454905,0,0,1,3,0,0,,summer,0,0,0,0
610917027,25.95,27.701206,rain,0.5,0.0,9.504272,20.519999,63.532623,999.5313,,2024-07-18 04:11:41.135631,2024-07-18 20:58:06.979104,1006.43072455,0,0,1,3,0,0,,summer,0,0,0,0
610258627,25.65,28.22517,rain,0.1,0.0,9.360001,25.919998,68.62179,996.4823,,2024-07-18 04:10:21.421441,2024-07-18 20:58:47.178270,1008.4292804833333,0,0,1,3,0,0,,summer,0,0,0,0
610416227,23.65,22.87012,none,0.0,0.0,11.384198,23.039999,50.601994,991.606,,2024-07-19 04:13:06.637478,2024-07-19 20:58:31.664091,1005.4171102166667,0,0,1,4,0,0,,summer,0,0,0,0
610434827,23.65,22.87012,none,0.0,0.0,11.384198,23.039999,50.601994,994.9106,,2024-07-19 04:13:19.601418,2024-07-19 20:58:56.618019,1005.61694335,0,0,1,4,0,0,,summer,0,0,0,0
610658827,19.25,19.982098,rain,0.2,0.0,13.896187,24.119999,90.46243,995.2341,,2024-07-19 04:12:40.513932,2024-07-19 20:57:40.454095,1004.9990027166666,0,0,1,4,0,0,,summer,0,0,0,0
610430027,19.6,19.504477,none,0.0,0.0,10.315115,16.919998,71.469185,984.0517,,2024-07-19 04:14:19.048323,2024-07-19 20:57:00.374840,1002.6887752833334,0,1,0,4,0,0,,summer,0,0,0,1
610374427,21.8,22.411657,none,0.0,0.0,10.630672,23.039999,70.73691,990.52356,,2024-07-19 04:14:24.046678,2024-07-19 20:56:34.131298,1002.168077,0,0,1,4,0,0,,summer,0,0,0,0
610408027,23.35,23.242735,none,0.0,0.0,9.387651,19.44,55.354584,994.04755,,2024-07-19 04:13:20.597066,2024-07-19 20:56:30.796339,1003.1699878833333,0,0,1,4,0,0,,summer,0,0,0,0
610445827,21.85,22.084242,none,0.0,0.0,15.072783,24.119999,73.495544,993.18933,,2024-07-19 04:13:28.993008,2024-07-19 20:56:12.872277,1002.73132115,0,1,0,4,0,0,,summer,0,0,1,1
610929227,19.95,21.046494,rain,0.7,0.0,13.556282,27.359999,90.51082,992.5054,,2024-07-19 04:14:14.753142,2024-07-19 20:56:39.407660,1002.4109086333334,0,0,1,4,0,0,,summer,0,0,0,0
610414227,23.5,22.647118,none,0.0,0.0,11.885453,21.599998,51.06146,991.35345,,2024-07-19 04:13:51.861172,2024-07-19 20:56:46.583523,1002.9120391833333,0,0,1,4,0,0,,summer,0,0,0,0
611080827,19.45,20.135792,none,0.0,0.0,6.489992,9.72,74.986374,995.4334,,2024-07-19 04:12:55.866426,2024-07-19 20:56:34.973519,1003.6517848833333,0,1,0,4,0,0,,summer,0,0,0,1
610425427,23.45,23.024805,none,0.0,0.0,10.00256,19.08,52.74365,994.2149,,2024-07-19 04:12:47.872621,2024-07-19 20:56:45.215538,1003.9557152833333,0,0,1,4,0,0,,summer,0,0,0,0
610358027,19.6,20.771355,rain,0.1,0.0,12.57426,27.72,91.63063,990.18835,,2024-07-19 04:17:32.218959,2024-07-19 20:56:55.099582,999.3813437166666,0,0,1,4,0,0,,summer,0,0,0,0
610406027,24.35,24.966976,none,0.0,0.0,9.885262,25.56,59.66681,991.9142,,2024-07-19 04:12:05.742069,2024-07-19 20:58:27.359776,1006.3602951166666,0,0,1,4,0,0,,summer,0,0,0,0
612316627,23.65,23.240978,none,0.0,0.0,10.009036,19.08,52.281845,996.0057,,2024-07-19 04:13:12.870223,2024-07-19 20:57:06.825179,1003.8992492666667,0,0,1,4,0,0,,summer,0,0,0,0
612420027,22.85,22.910751,none,0.0,0.0,7.9932966,20.519999,56.684834,991.4727,,2024-07-19 04:12:17.787622,2024-07-19 20:58:00.352201,1005.70940965,0,0,1,4,0,0,,summer,0,0,0,0
610418427,23.15,23.249228,none,0.0,0.0,8.714677,19.8,57.127422,996.3426,,2024-07-19 04:13:04.431652,2024-07-19 20:56:45.011390,1003.6763289666667,0,0,1,4,0,0,,summer,0,0,0,0
610421027,23.6,22.887691,none,0.0,0.0,11.384198,20.16,51.422783,994.4515,,2024-07-19 04:13:07.981781,2024-07-19 20:57:13.722477,1004.0956782666667,0,0,1,4,0,0,,summer,0,0,0,0
610386427,21.8,22.95547,none,0.0,0.0,9.931042,23.039999,75.610664,990.63794,,2024-07-19 04:14:00.170954,2024-07-19 20:58:27.747706,1004.4596125333334,0,0,1,4,0,0,,summer,0,0,0,0
610425827,21.35,22.481388,none,0.0,0.0,4.6102495,14.759999,68.64539,989.3335,,2024-07-19 04:12:35.630045,2024-07-19 20:58:47.153526,1006.1920580166666,0,0,1,4,0,0,,summer,0,0,0,0
610358627,19.9,21.281467,rain,0.9,0.0,11.91812,21.599998,91.362404,994.13446,,2024-07-19 04:13:15.236994,2024-07-19 20:58:48.793018,1005.5592670666666,0,0,1,4,0,0,,summer,0,0,0,0
610423427,19.65,19.917881,none,0.0,0.0,7.2,13.32,70.10372,988.2427,,2024-07-19 04:13:14.493257,2024-07-19 21:00:41.768096,1007.4545806499999,1,0,0,4,0,0,,summer,0,0,0,0
610635627,22.85,22.910751,none,0.0,0.0,7.9932966,20.519999,56.684834,991.81506,,2024-07-19 04:12:10.439362,2024-07-19 20:58:23.517865,1006.21797505,0,0,1,4,0,0,,summer,0,0,0,0
610818027,23.6,23.082884,none,0.0,0.0,10.514218,21.24,52.098675,994.3883,,2024-07-19 04:13:34.573086,2024-07-19 20:56:49.535114,1003.2493671333334,0,0,1,4,0,0,,summer,0,0,0,0
610435227,17.95,18.531158,none,0.0,0.0,7.342588,11.159999,82.625305,994.89996,,2024-07-20 04:14:37.650658,2024-07-20 20:56:00.059095,1001.37347395,0,1,0,5,1,0,,summer,0,0,0,1
610489827,18.25,18.797668,none,0.0,0.0,6.9247384,11.5199995,79.787476,990.8685,,2024-07-20 04:13:54.235568,2024-07-20 20:56:28.599234,1002.5727277666666,0,1,0,5,1,0,,summer,0,0,0,1
610455627,21.2,21.534058,none,0.0,0.0,11.019764,25.56,70.85079,983.10425,,2024-07-20 04:16:00.845798,2024-07-20 20:55:51.607961,999.84603605,0,0,1,5,1,0,,summer,0,0,0,0
610497827,17.6,18.337883,none,0.0,0.0,6.924738,12.24,85.83525,991.8393,,2024-07-20 04:15:22.891354,2024-07-20 20:57:13.769080,1001.8479621,0,1,0,5,1,0,,summer,0,0,0,1
610865227,18.15,18.824837,none,0.0,0.0,6.439876,9.72,81.069786,991.30865,,2024-07-20 04:14:32.780579,2024-07-20 20:56:13.605668,1001.6804181499999,0,1,0,5,1,0,,summer,0,0,0,1
610591827,15.8,16.292301,none,0.0,0.0,7.5685663,12.959999,93.78326,990.9243,,2024-07-20 04:13:49.763088,2024-07-20 20:57:00.749729,1003.1831106833334,0,1,0,5,1,0,,summer,0,0,0,1
610843427,23.75,22.81327,none,0.0,0.0,14.707222,26.64,53.512333,988.1481,,2024-07-20 04:14:17.430618,2024-07-20 20:56:36.139314,1002.3118116,0,0,1,5,1,0,,summer,0,0,0,0
610592227,20.85,20.876482,none,0.0,0.0,10.233123,25.199999,67.450424,988.53253,,2024-07-20 04:14:30.206654,2024-07-20 20:56:33.358867,1002.0525368833333,0,0,1,5,1,0,,summer,0,0,0,0
610592427,19.25,19.766684,none,0.0,0.0,6.8777895,17.64,74.471214,991.3891,,2024-07-20 04:14:03.937870,2024-07-20 20:56:39.417553,1002.59132805,0,0,1,5,1,0,,summer,0,0,0,0
610622427,16.1,16.43592,none,0.0,0.0,9.290511,15.119999,93.496155,991.89496,,2024-07-20 04:13:47.053023,2024-07-20 20:56:38.133669,1002.8513441,0,0,1,5,1,0,,summer,0,0,0,0
610488827,18.15,18.824837,none,0.0,0.0,6.439876,9.72,81.069786,993.1647,,2024-07-20 04:14:43.208121,2024-07-20 20:56:08.245680,1001.4172926499999,0,1,0,5,1,0,,summer,0,0,0,1
610578627,18.9,19.433403,none,0.0,0.0,6.1305785,16.199999,74.894905,986.6091,,2024-07-20 04:16:19.356343,2024-07-20 20:56:13.204716,999.8974728833333,0,0,1,5,1,0,,summer,0,0,0,0
610458227,22.8,23.479397,none,0.0,0.0,12.181624,27.72,63.65036,991.3777,,2024-07-20 04:13:52.435677,2024-07-20 20:56:35.136411,1002.7116788999999,0,0,1,5,1,0,,summer,0,0,0,0
610632427,22.9,22.594265,rain,0.1,0.0,13.608762,29.519999,59.325413,990.6324,,2024-07-20 04:13:32.255278,2024-07-20 20:56:36.707654,1003.0742062666667,0,0,1,5,1,0,,summer,0,0,0,0
610549227,20.75,20.40246,rain,0.3,0.0,13.570615,27.0,69.19189,991.08044,,2024-07-20 04:15:53.277124,2024-07-20 20:57:18.481052,1001.4200654666668,0,0,1,5,1,0,,summer,0,0,0,0
610625027,21.2,20.966665,rain,0.5,0.0,12.397806,24.84,66.65741,988.9965,,2024-07-20 04:13:57.998003,2024-07-20 20:57:04.281070,1003.1047177833333,0,0,1,5,1,0,,summer,0,0,0,0
610494627,23.8,22.730106,rain,0.1,0.0,14.658676,27.0,51.98104,989.05817,,2024-07-20 04:14:31.211221,2024-07-20 20:56:03.634261,1001.540384,0,0,1,5,1,0,,summer,0,0,0,0
610638027,21.85,21.557894,rain,0.4,0.0,12.413477,26.64,63.441162,990.5554,,2024-07-20 04:14:01.054323,2024-07-20 20:56:45.643433,1002.7431518333334,0,0,1,5,1,0,,summer,0,0,0,0
610611227,21.3,20.714445,rain,1.5,0.0,14.81259,32.760002,66.2499,985.3044,,2024-07-20 04:15:34.370443,2024-07-20 20:55:52.181310,1000.2968477833333,0,0,1,5,1,0,,summer,0,0,0,0
610498227,16.9,16.77595,none,0.0,0.0,10.144082,18.0,83.8448,983.7679,,2024-07-20 04:15:02.177416,2024-07-20 20:59:15.726217,1004.22581335,0,1,0,5,1,0,,summer,0,0,0,1
610486027,19.25,19.766684,none,0.0,0.0,6.8777895,17.64,74.471214,991.50464,,2024-07-20 04:13:44.083224,2024-07-20 20:56:39.695014,1002.9268631666667,1,0,0,5,1,0,,summer,0,0,0,0
610619427,22.1,22.460917,none,0.0,0.0,12.181624,27.72,67.920395,991.20776,,2024-07-20 04:13:57.040531,2024-07-20 20:56:28.567298,1002.5254461166667,0,0,1,5,1,0,,summer,0,0,0,0
610439427,17.7,18.413048,none,0.0,0.0,6.5693827,10.08,84.20634,995.5869,,2024-07-20 04:14:44.334123,2024-07-20 20:56:06.750095,1001.3735995333334,0,1,0,5,1,0,,summer,0,0,0,1
610489427,21.6,21.466896,rain,1.3,0.0,11.966953,28.44,65.46444,982.66907,,2024-07-20 04:19:16.064770,2024-07-20 20:55:13.040258,995.9495914666666,0,0,1,5,1,0,,summer,0,0,0,0
610489027,23.8,22.730106,rain,0.1,0.0,14.658676,27.0,51.98104,991.8977,,2024-07-20 04:14:34.722078,2024-07-20 20:55:47.786876,1001.2177466333334,0,0,1,5,1,0,,summer,0,0,0,0
610560627,20.9,20.637192,none,0.0,0.0,10.464797,23.039999,64.265434,987.8495,,2024-07-20 04:16:24.179475,2024-07-20 20:55:18.620064,998.90734315,0,0,1,5,1,0,,summer,0,0,0,0
610545427,22.9,22.767647,rain,0.1,0.0,11.440978,28.08,59.709488,991.8866,,2024-07-21 04:16:21.372792,2024-07-21 20:53:40.243114,997.3145053666667,0,0,1,6,1,0,,summer,0,0,0,0
610513827,20.95,21.630207,rain,0.1,0.0,9.885262,21.24,74.04488,991.781,,2024-07-21 04:16:32.287369,2024-07-21 20:54:38.209709,998.0987056666667,0,0,1,6,1,0,,summer,0,0,0,0
610559227,22.35,22.271496,none,0.0,0.0,8.707237,18.72,58.053383,990.30865,,2024-07-21 04:15:47.198998,2024-07-21 20:53:37.052700,997.8308950333334,0,0,1,6,1,0,,summer,0,0,0,0
610502627,15.3,15.523247,none,0.0,0.0,9.028754,14.759999,95.9038,990.63605,,2024-07-21 04:15:34.732008,2024-07-21 20:55:02.071260,999.4556541999999,0,0,1,6,1,0,,summer,0,0,0,0
610526827,23.15,23.98502,rain,0.1,0.0,11.384198,27.0,61.71974,989.23535,,2024-07-21 04:15:50.365278,2024-07-21 20:55:01.057281,999.17820005,0,0,1,6,1,0,,summer,0,0,0,0
610597827,16.95,17.315632,none,0.0,0.0,7.4128532,12.24,84.94229,986.3743,,2024-07-21 04:18:13.690150,2024-07-21 20:54:45.336128,996.5274329666667,0,1,0,6,1,0,,summer,0,0,0,1
610543627,23.05,23.35638,rain,0.1,0.0,9.0,23.4,57.84706,983.5335,,2024-07-21 04:16:38.284889,2024-07-21 20:57:36.162790,1000.9646316833333,0,0,1,6,1,0,,summer,0,0,0,0
611094827,22.2,22.214804,none,0.0,0.0,8.311245,20.519999,58.967525,993.6991,,2024-07-21 04:16:46.875467,2024-07-21 20:54:34.273974,997.7899751166666,0,0,1,6,1,0,,summer,0,0,0,0
610550227,22.95,22.467037,none,0.0,0.0,9.931042,21.24,53.65668,986.2091,,2024-07-21 04:17:45.974619,2024-07-21 20:54:35.237286,996.82104445,0,0,1,6,1,0,,summer,0,0,0,0
610593227,20.7,21.421682,none,0.0,0.0,6.3690495,10.799999,69.62897,989.7988,,2024-07-21 04:15:47.513901,2024-07-21 20:55:23.091822,999.59296535,0,0,1,6,1,0,,summer,0,0,0,0
612643227,17.05,16.864296,none,0.0,0.0,9.826088,16.56,81.45198,985.64453,,2024-07-21 04:17:37.671991,2024-07-21 20:53:30.756759,995.8847461333334,0,1,0,6,1,0,,summer,0,0,0,1
610846427,22.3,22.926823,rain,0.1,0.0,10.883676,24.84,67.09833,989.8336,,2024-07-21 04:15:42.156285,2024-07-21 20:55:21.959017,999.6633788666666,0,0,1,6,1,0,,summer,0,0,0,0
610559427,22.85,21.977615,none,0.0,0.0,11.792404,21.96,52.76091,992.3761,,2024-07-21 04:15:57.990350,2024-07-21 20:53:46.089128,997.8016463,0,0,1,6,1,0,,summer,0,0,0,0
610977627,22.9,22.767647,rain,0.1,0.0,11.440978,28.08,59.709488,991.43036,,2024-07-21 04:15:56.537968,2024-07-21 20:54:26.747023,998.50348425,0,0,1,6,1,0,,summer,0,0,0,0
610559827,22.4,21.959877,rain,0.1,0.0,13.044722,25.919998,60.759308,988.324,,2024-07-21 04:15:35.428036,2024-07-21 20:55:37.151915,1000.0287313166666,0,0,1,6,1,0,,summer,0,0,0,0
610534627,16.4,16.50031,none,0.0,0.0,9.360001,17.28,88.246284,991.07135,,2024-07-21 04:15:28.338066,2024-07-21 20:54:34.472717,999.1022441833334,0,1,0,6,1,0,,summer,0,0,0,1
610560827,19.45,19.983587,none,0.0,0.0,7.145796,10.799999,74.265274,989.4375,,2024-07-21 04:17:00.546521,2024-07-21 20:54:46.086318,997.7589966166666,1,0,0,6,1,0,,summer,0,0,0,0
610498427,15.85,16.092667,none,0.0,0.0,8.766573,13.679999,92.28611,991.0015,,2024-07-21 04:16:14.759008,2024-07-21 20:54:30.797149,998.2673023499999,0,1,0,6,1,0,,summer,0,0,0,1
610818627,22.75,21.804047,rain,1.0,0.0,15.141414,29.16,57.40085,989.1274,,2024-07-21 04:16:39.074637,2024-07-21 20:53:21.259907,996.7030878333334,0,0,1,6,1,0,,summer,0,0,1,0
610550427,23.4,23.072733,none,0.0,0.0,9.449572,29.16,53.075752,988.8796,,2024-07-21 04:17:51.577637,2024-07-21 20:53:13.671478,995.3682306833333,0,0,1,6,1,0,,summer,0,0,0,0
610677827,17.0,17.031157,none,0.0,0.0,9.83268,15.84,84.94766,989.0341,,2024-07-21 04:16:16.839835,2024-07-21 20:54:53.919479,998.6179940666666,0,1,0,6,1,0,,summer,0,0,0,1
610501427,15.4,15.84627,none,0.0,0.0,6.9899354,12.24,94.06804,991.10974,,2024-07-21 04:15:07.090085,2024-07-21 20:54:53.832412,999.7790387833334,1,0,1,6,1,0,,summer,0,0,0,0
610659627,21.65,21.05466,none,0.0,0.0,10.823973,33.12,58.26293,990.0238,,2024-07-22 04:18:01.582290,2024-07-22 20:54:44.040945,996.70764425,0,0,1,0,0,0,,summer,0,0,0,0
610662827,17.05,15.066313,none,0.0,0.0,13.513193,25.199999,62.778614,992.0907,,2024-07-22 04:17:21.878452,2024-07-22 20:53:50.366077,996.47479375,0,1,0,0,0,0,,summer,0,0,0,1
610655227,21.45,21.705128,none,0.0,0.0,7.2805495,28.44,62.740063,993.4634,,2024-07-22 04:17:21.088897,2024-07-22 20:53:37.137252,996.2674725833333,0,0,1,0,0,0,,summer,0,0,0,0
610659827,18.75,20.693567,none,0.0,0.0,3.0758414,9.72,88.444435,994.2924,,2024-07-22 04:17:40.114725,2024-07-22 20:52:03.285718,994.3861832166666,0,0,1,0,0,0,,summer,0,0,0,0
610595427,18.65,20.138823,rain,0.7,0.0,4.3498964,16.199999,85.39478,992.8122,,2024-07-22 04:20:42.289470,2024-07-22 20:51:39.217983,990.94880855,0,0,1,0,0,0,,summer,0,0,0,0
610637427,20.65,19.348988,rain,0.8,0.0,19.721298,36.0,68.94982,986.6844,,2024-07-22 04:18:40.225507,2024-07-22 20:52:44.705059,994.0746591999999,0,0,1,0,0,0,,summer,0,0,1,0
610658627,19.25,20.655457,none,0.0,0.0,6.763786,17.64,85.728264,993.19916,,2024-07-22 04:17:46.097325,2024-07-22 20:52:50.510230,995.0735484166667,0,0,1,0,0,0,,summer,0,0,0,0
610579627,20.3,21.310225,none,0.0,0.0,7.208994,19.08,76.33664,993.3204,,2024-07-22 04:18:01.804267,2024-07-22 20:52:30.509419,994.4784192000001,0,0,1,0,0,0,,summer,0,0,0,0
610580027,19.45,20.449902,none,0.0,0.0,7.42159,19.8,80.72254,991.60547,,2024-07-22 04:18:57.199191,2024-07-22 20:53:33.693675,994.6082414,0,0,1,0,0,0,,summer,0,0,0,0
610580627,19.05,20.04022,rain,0.1,0.0,7.628263,19.08,83.02271,988.81256,,2024-07-22 04:17:54.073613,2024-07-22 20:54:25.220465,996.5191142,0,0,1,0,0,0,,summer,0,0,0,0
610734027,20.4,21.3779,none,0.0,0.0,7.5685663,19.8,76.10923,983.2291,,2024-07-22 04:18:59.214211,2024-07-22 20:52:45.417918,993.7700617833333,0,0,1,0,0,0,,summer,0,0,0,0
610785427,19.35,18.628397,none,0.0,0.0,13.493999,21.24,70.50247,995.43317,,2024-07-22 04:17:19.348812,2024-07-22 20:51:51.282284,994.5322245333333,0,1,0,0,0,0,,summer,0,0,0,1
610939027,21.5,22.55566,rain,0.1,0.0,8.435069,21.24,73.435074,989.05035,,2024-07-22 04:18:45.603352,2024-07-22 20:52:19.785955,993.56971005,0,0,1,0,0,0,,summer,0,0,0,0
611645427,19.2,19.596598,rain,0.9,0.0,12.397806,36.0,83.571045,994.18506,,2024-07-22 04:18:18.590358,2024-07-22 20:53:22.379172,995.0631469,0,0,1,0,0,0,,summer,0,0,0,0
610653827,21.6,19.831797,rain,0.1,0.0,19.694992,37.8,59.79033,990.44495,,2024-07-22 04:19:27.478176,2024-07-22 20:53:16.797173,993.8219832833333,0,0,1,0,0,0,,summer,0,0,1,0
610660827,18.25,16.779764,none,0.0,0.0,14.336861,25.919998,66.914795,988.3775,,2024-07-22 04:18:27.363218,2024-07-22 20:56:03.319992,997.5992795666666,0,1,0,0,0,0,,summer,0,0,0,1
610690627,16.5,17.04343,none,0.0,0.0,6.830519,12.599999,88.82618,983.12085,,2024-07-22 04:19:18.032819,2024-07-22 20:52:33.294182,993.25435605,0,1,0,0,0,0,,summer,0,0,0,1
610657427,20.8,19.307293,rain,0.5,0.0,20.523157,37.8,67.44024,990.1113,,2024-07-22 04:18:48.443883,2024-07-22 20:53:06.839337,994.3065909,0,0,1,0,0,0,,summer,0,0,1,0
610724027,19.7,20.35403,rain,3.5,0.0,9.931042,28.44,79.73275,983.9159,,2024-07-22 04:18:45.920845,2024-07-22 20:52:33.432043,993.7918533,0,0,1,0,0,0,,summer,0,0,0,0
610659027,18.5,19.01044,rain,0.2,0.0,9.9571085,29.16,84.02617,989.567,,2024-07-22 04:18:23.782841,2024-07-22 20:51:45.769551,993.3664451666666,0,0,1,0,0,0,,summer,0,0,0,0
610665627,17.0,15.642803,none,0.0,0.0,13.896187,24.119999,73.11969,995.29016,,2024-07-22 04:19:08.354115,2024-07-22 20:53:31.327916,994.3828966833333,0,1,0,0,0,0,,summer,0,0,0,1
610561027,15.25,16.245138,none,0.0,0.0,4.510787,7.5599995,98.08998,990.85254,,2024-07-22 04:17:15.825075,2024-07-22 20:52:23.177263,995.1225364666666,0,1,0,0,0,0,,summer,0,0,0,1
610759427,21.95,22.577276,rain,0.2,0.0,12.522619,27.359999,73.28028,991.48047,,2024-07-22 04:16:44.776758,2024-07-22 20:52:24.228471,995.65752855,0,0,1,0,0,0,,summer,0,0,0,0
610945227,18.2,16.679148,none,0.0,0.0,15.349684,24.48,68.46284,997.3942,,2024-07-22 04:18:06.947957,2024-07-22 20:52:25.718945,994.3128498,0,1,0,0,0,0,,summer,0,0,1,1
610729427,21.35,20.089434,none,0.0,0.0,14.345898,32.039997,57.621532,988.6247,,2024-07-23 04:24:28.828911,2024-07-23 20:52:31.671749,988.0473806333333,0,0,1,1,0,0,,summer,0,0,0,0
610766227,19.05,18.573475,none,0.0,0.0,10.966713,26.28,70.216606,994.83984,,2024-07-23 04:18:31.850079,2024-07-23 20:50:52.072238,992.3370359833333,0,0,1,1,0,0,,summer,0,0,0,0
610676827,14.3,12.496914,none,0.0,0.0,11.988594,20.880001,74.110985,994.4832,,2024-07-23 04:18:31.919852,2024-07-23 20:51:35.290980,993.0561854666666,0,1,0,1,0,0,,summer,0,0,0,1
610768227,23.05,20.918346,none,0.0,0.0,14.021525,25.919998,40.08079,995.31226,,2024-07-23 04:19:33.272479,2024-07-23 20:51:29.619480,991.9391166833334,0,0,1,1,0,0,,summer,0,0,0,0
610769227,22.3,20.343224,none,0.0,0.0,12.074766,27.359999,43.385105,994.10284,,2024-07-23 04:20:21.016480,2024-07-23 20:50:03.053326,989.7006141,0,0,1,1,0,0,,summer,0,0,0,0
610776827,21.6,19.94416,none,0.0,0.0,12.24,21.96,48.90405,997.04626,,2024-07-23 04:19:01.594816,2024-07-23 20:51:36.177747,992.5763821833333,0,0,1,1,0,0,,summer,0,0,0,0
610684827,17.85,17.047913,none,0.0,0.0,13.202726,26.64,75.69869,997.8096,,2024-07-23 04:20:01.726654,2024-07-23 20:52:43.328978,992.6933720666667,0,0,1,1,0,0,,summer,0,0,0,0
610708027,21.1,19.81822,none,0.0,0.0,14.512064,28.8,57.183586,991.8554,,2024-07-23 04:20:32.977120,2024-07-23 20:51:19.566046,990.7764821,0,0,1,1,0,0,,summer,0,0,0,0
610799827,17.55,15.576487,none,0.0,0.0,12.768586,24.84,59.415066,997.30695,,2024-07-23 04:19:02.681603,2024-07-23 20:50:11.382464,991.14501435,0,1,0,1,0,0,,summer,0,0,0,1
610771827,22.9,20.77919,none,0.0,0.0,13.104198,26.28,41.692772,998.349,,2024-07-23 04:19:34.894191,2024-07-23 20:50:28.718070,990.8970646500001,0,0,1,1,0,0,,summer,0,0,0,0
610703227,18.25,17.563652,none,0.0,0.0,13.37825,26.28,75.76374,997.5986,,2024-07-23 04:19:03.258311,2024-07-23 20:50:05.160631,991.0317053333333,0,0,1,1,0,0,,summer,0,0,0,0
611075027,21.6,21.118551,none,0.0,0.0,6.5693827,16.199999,52.78391,996.38904,,2024-07-23 04:18:56.319245,2024-07-23 20:50:18.366754,991.3674584833334,0,0,1,1,0,0,,summer,0,0,0,0
610737827,22.55,21.829605,none,0.0,0.0,13.684735,27.72,46.928177,997.7227,,2024-07-23 04:19:52.063225,2024-07-23 20:51:09.758074,991.29491415,0,0,1,1,0,0,,summer,0,0,0,0
610808227,21.3,20.109707,none,0.0,0.0,14.658676,28.08,54.29782,996.4495,,2024-07-23 04:19:49.570981,2024-07-23 20:51:36.926023,991.7892507,0,0,1,1,0,0,,summer,0,0,0,0
610843027,22.3,19.87681,none,0.0,0.0,13.281023,28.8,40.276306,994.21716,,2024-07-23 04:21:18.120770,2024-07-23 20:50:12.588567,988.9077966166666,0,0,1,1,0,0,,summer,0,0,0,0
610706827,20.2,19.222046,none,0.0,0.0,12.641076,26.28,62.254158,993.62915,,2024-07-23 04:19:49.818996,2024-07-23 20:52:35.863805,992.7674134833334,0,0,1,1,0,0,,summer,0,0,0,0
610779027,19.65,19.84368,none,0.0,0.0,6.3690495,11.159999,67.643715,999.22266,,2024-07-23 04:19:55.946885,2024-07-23 20:50:48.025806,990.8679820166667,0,0,1,1,0,0,,summer,0,0,0,0
610741827,22.9,21.723217,none,0.0,0.0,13.570615,29.519999,44.139816,994.32227,,2024-07-23 04:20:28.382913,2024-07-23 20:52:01.659302,991.5546064833333,0,0,1,1,0,0,,summer,0,0,0,0
610946027,19.25,18.249506,none,0.0,0.0,14.799459,30.599998,69.799614,991.5718,,2024-07-23 04:20:53.769903,2024-07-23 20:50:42.006872,989.8039494833333,0,0,1,1,0,0,,summer,0,0,0,0
610791027,16.7,15.086611,none,0.0,0.0,10.587918,17.28,63.332954,997.5713,,2024-07-23 04:19:04.818153,2024-07-23 20:51:42.911528,992.6348895833332,0,1,0,1,0,0,,summer,0,0,0,1
610722027,21.15,19.929592,none,0.0,0.0,14.24163,29.88,56.44897,993.9083,,2024-07-23 04:20:08.143104,2024-07-23 20:52:52.043048,992.7316657333333,0,0,1,1,0,0,,summer,0,0,0,0
610784027,22.5,19.913078,none,0.0,0.0,14.57889,28.8,40.06048,993.0051,,2024-07-23 04:21:33.041411,2024-07-23 20:50:04.939056,988.5316274166667,0,0,1,1,0,0,,summer,0,0,0,0
610765227,22.7,21.03512,none,0.0,0.0,14.372974,30.599998,46.19427,998.09216,,2024-07-23 04:19:03.928750,2024-07-23 20:50:08.366590,991.0739639999999,0,0,1,1,0,0,,summer,0,0,0,0
610781027,19.9,19.361433,none,0.0,0.0,7.289445,12.599999,59.190742,993.31433,,2024-07-23 04:20:11.960717,2024-07-23 20:51:13.600354,991.0273272833333,0,0,1,1,0,0,,summer,0,0,0,0
610783827,21.15,20.434883,none,0.0,0.0,6.193674,23.039999,50.945595,991.1578,,2024-07-23 04:22:36.165156,2024-07-23 20:51:52.251067,989.2680985166667,0,0,1,1,0,0,,summer,0,0,0,0
611063227,21.2,20.270493,none,0.0,0.0,14.021525,28.44,58.92039,993.7326,,2024-07-23 04:20:03.778427,2024-07-23 20:50:06.425344,990.0441152833333,0,0,1,1,0,0,,summer,0,0,0,0
610828827,21.9,21.348036,none,0.0,0.0,8.707237,20.519999,51.48378,994.8462,,2024-07-24 04:21:49.907821,2024-07-24 20:49:28.581390,987.6445594833333,0,0,1,2,0,0,,summer,0,0,0,0
610963227,21.85,21.39847,none,0.0,0.0,8.534353,19.44,52.32824,999.926,,2024-07-24 04:21:36.691563,2024-07-24 20:48:39.535285,987.0473953666666,0,0,1,2,0,0,,summer,0,0,0,0
610885027,21.55,22.07353,none,0.0,0.0,5.937272,11.5199995,63.170105,990.8666,,2024-07-24 04:23:51.020295,2024-07-24 20:51:36.746237,987.7620990333332,0,0,1,2,0,0,,summer,0,0,0,0
610807027,18.5,18.636309,none,0.0,0.0,5.3517847,14.4,69.882195,994.65155,,2024-07-24 04:22:51.806239,2024-07-24 20:48:22.542276,985.5122672833334,0,0,1,2,0,0,,summer,0,0,0,0
610798427,13.7,13.060295,none,0.0,0.0,6.4096174,12.959999,83.473045,995.3657,,2024-07-24 04:21:47.277742,2024-07-24 20:51:04.152001,989.28123765,0,1,0,2,0,0,,summer,0,0,0,1
610872427,25.4,24.742393,none,0.0,0.0,6.9153743,14.4,40.87819,991.37756,,2024-07-24 04:21:48.186488,2024-07-24 20:49:05.514788,987.288805,0,0,1,2,0,0,,summer,0,0,0,0
610847027,24.45,23.391306,none,0.0,0.0,10.948973,23.759998,41.15725,994.953,,2024-07-24 04:21:32.780660,2024-07-24 20:50:13.621594,988.6806822333333,0,0,1,2,0,0,,summer,0,0,0,0
610983227,23.6,23.123444,none,0.0,0.0,10.948973,20.16,53.127174,996.248,,2024-07-24 04:21:14.984451,2024-07-24 20:48:49.941695,987.5826207333333,0,0,1,2,0,0,,summer,0,0,0,0
610815227,21.9,21.348036,none,0.0,0.0,8.707237,20.519999,51.48378,994.6166,,2024-07-24 04:21:49.379419,2024-07-24 20:49:11.898401,987.3753163666667,0,0,1,2,0,0,,summer,0,0,0,0
610872627,25.35,24.613737,none,0.0,0.0,9.3876505,14.4,43.511513,995.11316,,2024-07-24 04:21:32.420309,2024-07-24 20:49:00.255341,987.4639172000001,0,0,1,2,0,0,,summer,0,0,0,0
610824227,22.1,21.783957,none,0.0,0.0,8.534353,20.16,53.263,992.4538,,2024-07-24 04:20:46.552918,2024-07-24 20:50:50.822481,990.0711593833333,0,0,1,2,0,0,,summer,0,0,0,0
610975827,19.75,19.957483,none,0.0,0.0,6.87779,12.599999,68.327,993.11884,,2024-07-24 04:21:02.088632,2024-07-24 20:48:45.737564,987.7274821999999,1,0,0,2,0,0,,summer,0,0,0,0
610969027,21.8,21.947365,none,0.0,0.0,7.771331,17.28,61.01462,994.3533,,2024-07-24 04:21:09.731051,2024-07-24 20:48:50.382809,987.6775293,0,0,1,2,0,0,,summer,0,0,0,0
610795827,15.15,13.91608,none,0.0,0.0,8.766573,14.4,71.82216,990.9287,,2024-07-24 04:22:05.022959,2024-07-24 20:49:16.515037,987.1915346333334,0,1,0,2,0,0,,summer,0,0,0,1
610816627,16.25,16.499575,none,0.0,0.0,5.3999996,11.879999,82.4169,996.4517,,2024-07-24 04:21:02.539528,2024-07-24 20:49:14.550992,988.2001910666667,0,0,1,2,0,0,,summer,0,0,0,0
610870227,25.9,24.999939,none,0.0,0.0,7.342588,17.64,38.132145,992.7648,,2024-07-24 04:20:52.948128,2024-07-24 20:48:50.437519,987.9581565166667,0,0,1,2,0,0,,summer,0,0,0,0
610808427,19.1,19.573374,none,0.0,0.0,4.452954,12.599999,69.99805,995.0215,,2024-07-24 04:21:15.271047,2024-07-24 20:50:36.341086,989.3511673166666,0,0,1,2,0,0,,summer,0,0,0,0
611018627,12.3,11.4500885,none,0.0,0.0,8.373386,9.72,92.998825,994.47833,,2024-07-24 04:20:44.441852,2024-07-24 20:50:35.090506,989.8441442333333,1,0,1,2,0,0,,summer,0,0,0,0
610818827,20.85,20.818487,none,0.0,0.0,6.379216,15.4800005,60.200947,996.14453,,2024-07-24 04:21:29.183920,2024-07-24 20:50:03.549029,988.5727518166666,0,0,1,2,0,0,,summer,0,0,0,0
610905427,18.7,18.841537,none,0.0,0.0,5.315336,14.04,69.01307,991.0592,,2024-07-24 04:23:18.190469,2024-07-24 20:49:55.307532,986.6186177166667,0,0,1,2,0,0,,summer,0,0,0,0
611197827,24.85,23.829882,none,0.0,0.0,9.686609,24.84,39.78458,992.66986,,2024-07-24 04:22:13.065772,2024-07-24 20:50:21.916755,988.1475163833333,0,0,1,2,0,0,,summer,0,0,0,0
610828427,23.4,22.86263,none,0.0,0.0,10.948973,24.48,45.171482,996.85205,,2024-07-24 04:20:17.091969,2024-07-24 20:50:09.518621,989.8737775333334,0,0,1,2,0,0,,summer,0,0,0,0
611469227,21.8,21.870237,none,0.0,0.0,7.5685663,17.64,59.837517,990.88336,,2024-07-24 04:21:28.937109,2024-07-24 20:50:52.270533,989.3888903999999,0,0,1,2,0,0,,summer,0,0,0,0
610832227,20.85,20.818487,none,0.0,0.0,6.379216,15.4800005,60.200947,998.80206,,2024-07-24 04:21:31.644076,2024-07-24 20:49:47.700396,988.2676053333333,0,0,1,2,0,0,,summer,0,0,0,0
610838627,24.2,22.978636,none,0.0,0.0,11.246759,24.84,41.36237,992.095,,2024-07-24 04:21:54.426092,2024-07-24 20:49:03.958154,987.1588677,0,0,1,2,0,0,,summer,0,0,0,0
610954627,25.4,24.742393,none,0.0,0.0,6.9153743,14.4,40.87819,991.60394,,2024-07-24 04:22:00.423708,2024-07-24 20:48:58.404649,986.9663490166666,0,0,1,2,0,0,,summer,0,0,0,0
610892427,14.45,14.399822,none,0.0,0.0,7.69592,9.36,93.1114,991.8218,,2024-07-25 04:22:12.340519,2024-07-25 20:48:17.356791,986.0836045333333,1,0,1,3,0,0,,summer,0,0,0,0
611079027,23.55,23.178963,none,0.0,0.0,5.8048253,16.56,46.89023,991.3732,,2024-07-25 04:23:36.500509,2024-07-25 20:48:05.529602,984.4838182166666,0,0,1,3,0,0,,summer,0,0,0,0
610920227,22.55,23.542908,none,0.0,0.0,7.5942082,23.4,66.93558,989.1216,,2024-07-25 04:23:13.233691,2024-07-25 20:49:13.622069,986.0064729666667,0,0,1,3,0,0,,summer,0,0,0,0
610940627,24.0,25.435715,rain,0.1,0.0,9.220499,22.68,59.39431,991.64166,,2024-07-25 04:23:07.972755,2024-07-25 20:47:30.799347,984.3804432,0,0,1,3,0,0,,summer,0,0,0,0
610989227,23.55,23.178963,none,0.0,0.0,5.8048253,16.56,46.89023,989.3278,,2024-07-25 04:23:54.235363,2024-07-25 20:48:26.861881,984.5437753,0,0,1,3,0,0,,summer,0,0,0,0
610910827,21.2,22.55015,none,0.0,0.0,5.991594,16.56,74.087364,991.64716,,2024-07-25 04:23:31.896729,2024-07-25 20:49:13.270614,985.68956475,0,0,1,3,0,0,,summer,0,0,0,0
610926827,23.25,24.635141,none,0.0,0.0,7.928177,24.48,61.940548,990.82275,,2024-07-25 04:22:33.771961,2024-07-25 20:47:27.506164,984.89557005,0,0,1,3,0,0,,summer,0,0,0,0
610932027,22.25,23.360865,none,0.0,0.0,7.5942082,22.68,69.042114,991.2849,,2024-07-25 04:22:50.775294,2024-07-25 20:47:52.331683,985.0259398166667,0,0,1,3,0,0,,summer,0,0,0,0
610974027,23.2,23.507303,none,0.0,0.0,4.39436,17.64,52.679028,987.4894,,2024-07-25 04:23:31.163571,2024-07-25 20:46:42.662872,983.1916550166667,0,0,1,3,0,0,,summer,0,0,0,0
610978027,24.65,23.354641,none,0.0,0.0,10.464797,22.68,41.626823,984.88654,,2024-07-25 04:24:50.537444,2024-07-25 20:48:54.749655,984.0702035166667,0,0,1,3,0,0,,summer,0,0,0,0
616165827,14.55,13.051521,none,0.0,0.0,8.669949,15.4800005,69.80635,1006.3354,,2024-09-17 06:07:15.139253,2024-09-17 18:41:34.744674,754.3267570166666,0,1,0,1,0,0,,autumn,0,0,0,1
610945427,19.25,19.837336,rain,5.3,0.0,10.948973,26.64,83.04637,995.5627,,2024-07-25 04:23:10.330614,2024-07-25 20:47:52.741433,984.7068469833333,0,0,1,3,0,0,,summer,0,0,1,0
610968227,23.55,23.178963,none,0.0,0.0,5.8048253,16.56,46.89023,992.6258,,2024-07-25 04:23:26.826905,2024-07-25 20:48:17.369172,984.8423711166666,0,0,1,3,0,0,,summer,0,0,0,0
610973227,23.35,22.819456,none,0.0,0.0,6.792466,13.679999,47.302704,990.3379,,2024-07-25 04:22:12.566447,2024-07-25 20:47:36.400000,985.3972258833332,0,0,1,3,0,0,,summer,0,0,0,0
610967027,24.2,22.937319,none,0.0,0.0,8.161764,20.519999,39.8678,990.8431,,2024-07-25 04:22:03.670039,2024-07-25 20:48:17.959500,986.2381576833334,0,0,1,3,0,0,,summer,0,0,0,0
610964827,24.85,23.114695,none,0.0,0.0,11.304229,22.68,38.218636,985.3518,,2024-07-25 04:23:50.349276,2024-07-25 20:47:50.081736,983.995541,0,0,1,3,0,0,,summer,0,0,0,0
610917227,23.5,24.866562,rain,0.1,0.0,8.217153,26.28,61.99704,985.15625,,2024-07-25 04:23:44.111252,2024-07-25 20:50:57.691237,987.2263330833333,0,0,1,3,0,0,,summer,0,0,0,0
611053427,21.1,22.426249,none,0.0,0.0,6.297428,15.84,74.781006,990.37976,,2024-07-25 04:22:56.106455,2024-07-25 20:48:11.299794,985.2532223166667,0,0,1,3,0,0,,summer,0,0,0,0
610932227,23.25,24.636745,rain,0.1,0.0,8.587338,24.48,63.5457,990.48145,,2024-07-25 04:22:47.253446,2024-07-25 20:48:01.823312,985.2428311,0,0,1,3,0,0,,summer,0,0,0,0
610997427,22.25,23.360865,none,0.0,0.0,7.5942082,22.68,69.042114,993.11487,,2024-07-25 04:22:46.492127,2024-07-25 20:47:11.703953,984.4201971,0,0,1,3,0,0,,summer,0,0,0,0
612046827,24.7,23.038431,none,0.0,0.0,10.703569,25.56,38.433395,987.9323,,2024-07-25 04:24:12.727575,2024-07-25 20:47:08.223224,982.9249274833332,0,0,1,3,0,0,,summer,0,0,0,0
610908827,21.2,22.55015,none,0.0,0.0,5.991594,16.56,74.087364,992.10614,,2024-07-25 04:23:55.450347,2024-07-25 20:49:07.006422,985.19260125,0,0,1,3,0,0,,summer,0,0,0,0
614458027,18.2,17.691053,none,0.0,0.0,7.0911775,19.44,65.81041,993.3564,,2024-07-25 04:23:09.286081,2024-07-25 20:47:26.010979,984.2787483,0,1,0,3,0,0,,summer,0,0,0,1
610958427,19.8,19.067476,rain,2.1,0.0,19.161337,31.68,78.73568,991.92554,,2024-07-25 04:23:25.205158,2024-07-25 20:46:58.686435,983.5580212833333,0,0,1,3,0,0,,summer,0,0,1,0
610974627,23.05,22.45668,none,0.0,0.0,7.653705,15.84,48.808746,992.9417,,2024-07-25 04:22:29.315676,2024-07-25 20:48:11.683833,985.70613595,0,0,1,3,0,0,,summer,0,0,0,0
610978227,18.8,18.128952,none,0.0,0.0,7.771331,20.519999,62.551617,988.51855,,2024-07-25 04:24:04.024500,2024-07-25 20:48:35.868966,984.5307411,0,1,0,3,0,0,,summer,0,0,0,1
610960027,24.6,23.257462,none,0.0,0.0,10.483357,23.4,41.33676,984.5454,,2024-07-25 04:23:38.592913,2024-07-25 20:51:01.700745,987.3851305333334,0,0,1,3,0,0,,summer,0,0,0,0
610968027,24.55,23.11874,none,0.0,0.0,9.220499,20.519999,38.909958,989.39166,,2024-07-25 04:22:53.331324,2024-07-25 20:48:18.956240,985.4270819333334,0,0,1,3,0,0,,summer,0,0,0,0
611033227,20.4,19.409504,none,0.0,0.0,9.9571085,16.56,56.635315,988.66406,,2024-07-25 04:23:04.174393,2024-07-25 20:49:08.799146,986.0770792166666,0,1,0,3,0,0,,summer,0,0,0,1
622039627,19.9,18.277084,none,0.0,0.0,13.450708,24.119999,56.88692,989.944,,2024-07-25 04:23:22.457201,2024-07-25 20:46:44.738960,983.3713626499999,1,0,0,3,0,0,,summer,0,0,0,0
611085227,23.55,22.490782,none,0.0,0.0,9.686609,24.119999,38.10747,992.5334,,2024-07-26 04:26:33.244379,2024-07-26 20:45:09.678196,978.6072302833333,0,0,1,4,0,0,,summer,0,0,0,0
611089027,23.6,22.777342,none,0.0,0.0,9.449572,22.68,39.034473,992.7486,,2024-07-26 04:25:30.125607,2024-07-26 20:44:58.236436,979.4685138166666,0,0,1,4,0,0,,summer,0,0,0,0
611096027,23.4,21.981367,none,0.0,0.0,6.2145634,14.759999,37.424374,994.62726,,2024-07-26 04:24:34.162024,2024-07-26 20:46:56.887446,982.3787570333334,0,0,1,4,0,0,,summer,0,0,0,0
611158827,15.8,15.128929,none,0.0,0.0,6.725354,10.440001,73.14762,996.79266,,2024-07-26 04:24:43.546605,2024-07-26 20:46:11.862025,981.4719236666666,0,1,0,4,0,0,,summer,0,0,0,1
611095427,22.65,22.007284,none,0.0,0.0,5.692099,9.36,46.489166,995.1227,,2024-07-26 04:25:08.707985,2024-07-26 20:46:42.367511,981.5609921,0,0,1,4,0,0,,summer,0,0,0,0
611090827,23.8,22.165768,none,0.0,0.0,8.39657,20.16,37.538097,995.6272,,2024-07-26 04:25:08.099638,2024-07-26 20:47:10.487830,982.0398031999999,0,0,1,4,0,0,,summer,0,0,0,0
611394227,21.05,20.106161,none,0.0,0.0,9.504272,21.599998,51.08894,995.0963,,2024-07-26 04:24:04.001389,2024-07-26 20:45:07.174634,981.0528874166666,0,0,1,4,0,0,,summer,0,0,0,0
611068427,22.55,21.878017,none,0.0,0.0,10.703569,23.039999,45.237747,996.7718,,2024-07-26 04:24:39.421497,2024-07-26 20:45:23.602642,980.7363524166667,0,0,1,4,0,0,,summer,0,0,0,0
611096227,23.55,22.322498,none,0.0,0.0,2.968636,13.679999,34.28753,991.8033,,2024-07-26 04:25:41.905119,2024-07-26 20:45:17.253031,979.5891318666667,0,0,1,4,0,0,,summer,0,0,0,0
611974027,15.85,14.889265,none,0.0,0.0,10.086427,12.24,76.120445,992.1677,,2024-07-26 04:25:45.439877,2024-07-26 20:46:46.048498,981.0101436833334,0,1,0,4,0,0,,summer,0,0,0,1
611088827,23.7,22.23355,none,0.0,0.0,6.1094027,16.919998,36.134113,992.3001,,2024-07-26 04:26:31.794918,2024-07-26 20:46:39.971512,980.1362765666667,0,0,1,4,0,0,,summer,0,0,0,0
611154227,22.45,21.889666,none,0.0,0.0,10.703569,25.199999,45.361496,986.8334,,2024-07-26 04:26:06.013520,2024-07-26 20:45:56.421720,979.8401366666666,0,0,1,4,0,0,,summer,0,0,0,0
611095827,23.8,22.567896,none,0.0,0.0,9.693296,23.4,38.30768,992.7617,,2024-07-26 04:24:36.406632,2024-07-26 20:46:14.774892,981.6394710000001,0,0,1,4,0,0,,summer,0,0,0,0
611135027,21.05,21.093342,none,0.0,0.0,5.634891,9.72,59.077534,993.861,,2024-07-26 04:24:34.648962,2024-07-26 20:46:14.686189,981.6672871166667,0,0,1,4,0,0,,summer,0,0,0,0
611070227,22.9,21.479836,none,0.0,0.0,7.653705,21.599998,40.72048,988.2483,,2024-07-26 04:25:26.562467,2024-07-26 20:49:15.728484,983.8194336166667,0,0,1,4,0,0,,summer,0,0,0,0
611101427,20.5,20.299744,none,0.0,0.0,6.28713,9.36,59.33434,986.2572,,2024-07-26 04:25:48.899316,2024-07-26 20:45:57.902987,980.1500611833333,0,0,1,4,0,0,,summer,0,0,0,0
611093627,23.75,21.989069,none,0.0,0.0,6.9527545,13.679999,34.3444,994.4358,,2024-07-26 04:24:53.642085,2024-07-26 20:46:21.999755,981.4726278333333,0,0,1,4,0,0,,summer,0,0,0,0
611089827,24.35,23.280455,none,0.0,0.0,6.6185193,16.56,35.95151,993.82,,2024-07-26 04:24:25.380337,2024-07-26 20:46:21.473433,981.9348849333333,0,0,1,4,0,0,,summer,0,0,0,0
611038027,15.75,14.778692,none,0.0,0.0,7.8625183,14.04,71.218704,991.4589,,2024-07-26 04:24:55.359916,2024-07-26 20:46:44.702190,981.8223712333333,0,1,0,4,0,0,,summer,0,0,0,1
611096827,20.5,20.299744,none,0.0,0.0,6.28713,9.36,59.33434,994.7484,,2024-07-26 04:25:42.170349,2024-07-26 20:46:34.660446,980.87483495,0,0,1,4,0,0,,summer,0,0,0,0
611099627,18.15,17.396124,none,0.0,0.0,6.5693827,10.08,61.5789,996.2779,,2024-07-26 04:24:16.267567,2024-07-26 20:46:18.767929,982.0416726999999,0,0,1,4,0,0,,summer,0,0,0,0
611391427,24.05,23.126728,none,0.0,0.0,5.6920996,19.44,36.110832,996.62085,,2024-07-26 04:25:17.129320,2024-07-26 20:46:34.795936,981.2944436,0,0,1,4,0,0,,summer,0,0,0,0
611104827,23.6,22.165125,none,0.0,0.0,6.151683,18.0,36.7253,992.8625,,2024-07-26 04:24:41.520547,2024-07-26 20:44:43.605750,980.0347533833334,0,0,1,4,0,0,,summer,0,0,0,0
611007027,14.5,13.516388,none,0.0,0.0,6.9527545,14.04,74.64347,991.29987,,2024-07-26 04:24:59.518099,2024-07-26 20:47:08.889980,982.1561980166666,0,1,0,4,0,0,,summer,0,0,0,1
611036627,16.25,15.951975,none,0.0,0.0,6.193674,13.679999,75.68496,991.07825,,2024-07-26 04:25:27.713814,2024-07-26 20:45:56.931445,980.4869605166666,0,0,1,4,0,0,,summer,0,0,0,0
611062027,20.95,19.883408,none,0.0,0.0,9.931042,22.68,50.723,995.53436,,2024-07-26 04:25:10.902375,2024-07-26 20:45:44.543565,980.5606865000001,0,0,1,4,0,0,,summer,0,0,0,0
611156227,26.15,26.370262,none,0.0,0.0,5.0911684,16.56,32.740116,994.0441,,2024-07-27 04:26:30.707378,2024-07-27 20:44:41.671541,978.1827360499999,0,0,1,5,1,0,,summer,0,0,0,0
611182227,15.8,15.128929,none,0.0,0.0,6.725354,10.440001,73.14762,995.267,,2024-07-27 04:26:36.408924,2024-07-27 20:44:37.156043,978.0124519833333,0,1,0,5,1,0,,summer,0,0,0,1
611279627,19.85,19.785446,none,0.0,0.0,13.084402,23.759998,75.77826,993.7502,,2024-07-27 04:26:26.143572,2024-07-27 20:44:32.498357,978.1059130833333,0,1,0,5,1,0,,summer,0,0,0,1
611336627,25.25,25.54174,none,0.0,0.0,5.00128,15.84,35.601677,995.80743,,2024-07-27 04:26:44.818484,2024-07-27 20:44:42.789377,977.96618155,0,0,1,5,1,0,,summer,0,0,0,0
611261627,12.65,12.4935665,none,0.0,0.0,5.4477882,5.7599998,96.13613,996.79736,,2024-07-27 04:26:32.107171,2024-07-27 20:44:19.845868,977.79564495,1,0,1,5,1,0,,summer,0,0,0,0
611142227,23.6,23.022575,none,0.0,0.0,6.763786,17.64,43.602566,1000.567,,2024-07-27 04:26:34.042437,2024-07-27 20:44:06.450285,977.5401308,0,0,1,5,1,0,,summer,0,0,0,0
611144427,25.1,25.794556,none,0.0,0.0,4.2136917,14.04,38.28927,997.1634,,2024-07-27 04:25:45.209419,2024-07-27 20:43:15.118942,977.49849205,0,0,1,5,1,0,,summer,0,0,0,0
611181227,20.4,19.736166,none,0.0,0.0,13.339445,21.599998,66.49112,993.45703,,2024-07-27 04:26:43.612161,2024-07-27 20:45:08.437629,978.4137578000001,0,1,0,5,1,0,,summer,0,0,0,1
611181427,22.05,20.44988,none,0.0,0.0,17.015474,25.56,55.753284,995.4973,,2024-07-27 04:26:20.596132,2024-07-27 20:44:17.899495,977.9550560499999,0,1,0,5,1,0,,summer,0,0,1,1
611112027,17.45,17.202547,none,0.0,0.0,5.1919937,9.72,68.76447,998.8588,,2024-07-27 04:26:35.938945,2024-07-27 20:44:09.197270,977.5543054166667,0,1,0,5,1,0,,summer,0,0,0,1
611128027,12.6,12.420418,none,0.0,0.0,6.162207,9.72,98.050545,997.4454,,2024-07-27 04:26:32.247503,2024-07-27 20:44:21.067604,977.81366835,0,0,1,5,1,0,,summer,0,0,0,0
611141027,23.65,23.30216,none,0.0,0.0,6.489992,17.28,45.390705,994.7316,,2024-07-27 04:26:39.311567,2024-07-27 20:45:24.404745,978.7515529666667,0,0,1,5,1,0,,summer,0,0,0,0
611160827,25.9,26.466923,none,0.0,0.0,3.096837,14.4,32.229218,994.74475,,2024-07-27 04:27:00.437200,2024-07-27 20:44:12.349065,977.1985310833334,0,0,1,5,1,0,,summer,0,0,0,0
611163827,26.2,26.77189,none,0.0,0.0,3.5455887,14.759999,33.31247,998.3532,,2024-07-27 04:26:40.455841,2024-07-27 20:44:09.168425,977.4785430666667,0,0,1,5,1,0,,summer,0,0,0,0
611111227,15.9,15.384636,none,0.0,0.0,6.9247384,7.92,75.62749,997.70013,,2024-07-27 04:26:29.795152,2024-07-27 20:43:50.839949,977.3507466166667,0,1,0,5,1,0,,summer,0,0,0,1
611283427,26.3,24.269855,none,0.0,0.0,10.137692,21.24,31.15646,991.93024,,2024-07-27 04:27:46.745316,2024-07-27 20:43:24.333314,975.6264666333334,0,0,1,5,1,0,,summer,0,0,0,0
611432027,14.9,14.1299515,none,0.0,0.0,7.928177,9.0,78.79112,995.87616,,2024-07-27 04:26:24.460605,2024-07-27 20:44:19.008410,977.9091300833334,0,1,0,5,1,0,,summer,0,0,0,1
611276227,24.65,24.98134,none,0.0,0.0,1.8,15.84,36.036633,997.3501,,2024-07-27 04:26:53.191033,2024-07-27 20:44:10.010983,977.2803325,0,0,1,5,1,0,,summer,0,0,0,0
611170627,27.0,24.656643,none,0.0,0.0,11.183201,21.599998,28.601635,997.2514,,2024-07-27 04:26:51.240365,2024-07-27 20:44:04.695869,977.2242583999999,0,0,1,5,1,0,,summer,0,0,0,0
611176027,25.1,25.99512,none,0.0,0.0,2.2768397,12.599999,37.026234,998.4013,,2024-07-27 04:26:28.105842,2024-07-27 20:43:05.783238,976.6279566,0,0,1,5,1,0,,summer,0,0,0,0
611371427,17.45,17.202547,none,0.0,0.0,5.1919937,9.72,68.76447,998.9759,,2024-07-27 04:26:48.763053,2024-07-27 20:44:02.595706,977.2305442166667,0,1,0,5,1,0,,summer,0,0,0,1
611158627,25.25,25.969254,none,0.0,0.0,2.7416782,12.959999,35.842556,989.79266,,2024-07-27 04:27:21.634662,2024-07-27 20:44:10.087127,976.8075410833334,0,0,1,5,1,0,,summer,0,0,0,0
611114627,11.9,11.216866,none,0.0,0.0,5.5887027,6.4799995,90.533936,992.594,,2024-07-27 04:27:35.347652,2024-07-27 20:43:30.828752,975.924685,1,0,1,5,1,0,,summer,0,0,0,0
611182427,21.95,20.420898,none,0.0,0.0,14.618837,22.319998,53.04927,998.7304,,2024-07-27 04:26:32.078833,2024-07-27 20:43:15.948355,976.7311587,0,0,1,5,1,0,,summer,0,0,0,0
611164227,26.3,24.17589,none,0.0,0.0,11.304229,21.24,31.798038,995.4022,,2024-07-27 04:25:36.239853,2024-07-27 20:43:14.629144,977.6398215166666,0,0,1,5,1,0,,summer,0,0,0,0
612260827,20.05,19.554022,none,0.0,0.0,14.332341,26.64,71.78309,994.1263,,2024-07-27 04:25:57.409126,2024-07-27 20:43:36.143100,977.6455662333334,0,1,0,5,1,0,,summer,0,0,0,1
611234427,22.9,22.107311,none,0.0,0.0,9.565437,15.84,50.072697,995.4971,,2024-07-27 04:26:04.585703,2024-07-27 20:44:48.928849,978.7390524333333,0,0,1,5,1,0,,summer,0,0,0,0
611282827,22.55,22.925497,none,0.0,0.0,11.966954,19.8,67.14935,989.6274,,2024-07-28 04:28:03.135252,2024-07-28 20:42:54.407681,974.8545404833333,0,0,1,6,1,0,,summer,0,0,0,0
611189627,16.45,16.777836,none,0.0,0.0,10.1376915,17.28,93.2137,996.88324,,2024-07-28 04:27:25.941224,2024-07-28 20:41:04.971457,973.6505038833333,0,0,1,6,1,0,,summer,0,0,0,0
611268227,22.3,23.574385,none,0.0,0.0,11.542478,24.84,77.13255,995.23334,,2024-07-28 04:29:02.164264,2024-07-28 20:43:34.459047,974.5382463833333,0,0,1,6,1,0,,summer,0,0,0,0
611236427,18.35,19.713434,none,0.0,0.0,5.771239,10.799999,88.130135,991.6216,,2024-07-28 04:28:18.517253,2024-07-28 20:42:16.594737,973.9679580666667,0,1,0,6,1,0,,summer,0,0,0,1
611329027,23.4,23.02505,none,0.0,0.0,14.4,36.0,59.82691,993.6218,,2024-07-28 04:27:58.940777,2024-07-28 20:42:25.410309,974.4411588666667,0,0,1,6,1,0,,summer,0,0,0,0
612262827,22.8,23.386726,none,0.0,0.0,10.239453,21.24,65.717995,992.52594,,2024-07-28 04:27:47.146912,2024-07-28 20:42:17.478160,974.5055208,0,0,1,6,1,0,,summer,0,0,0,0
611221627,20.55,22.54398,none,0.0,0.0,1.2979984,4.32,76.6197,988.7574,,2024-07-28 04:31:50.746497,2024-07-28 20:42:25.841458,970.5849160166667,0,1,0,6,1,0,,summer,0,0,0,1
611211827,23.85,23.57093,none,0.0,0.0,13.608762,33.48,58.040123,993.20667,,2024-07-28 04:28:29.752243,2024-07-28 20:42:35.566770,974.0969087833333,0,0,1,6,1,0,,summer,0,0,0,0
611207627,20.25,21.017324,rain,4.0,0.0,11.570515,42.12,81.34225,995.1358,,2024-07-28 04:28:07.333981,2024-07-28 20:41:40.853796,973.5586635833333,0,0,1,6,1,0,,summer,0,0,0,0
611278627,17.8,18.141277,none,0.0,0.0,10.308831,18.359999,86.131165,995.5151,,2024-07-28 04:27:24.732367,2024-07-28 20:42:57.006150,975.5378963833333,0,1,0,6,1,0,,summer,0,0,0,1
611213027,23.75,23.237757,rain,0.1,0.0,15.077082,34.2,58.202923,993.08716,,2024-07-28 04:27:54.266745,2024-07-28 20:41:39.022866,973.74593535,0,0,1,6,1,0,,summer,0,0,1,0
611215627,19.25,20.496546,none,0.0,0.0,6.5693827,13.32,83.31122,991.7136,,2024-07-28 04:28:47.265807,2024-07-28 20:43:10.753472,974.3914610833333,1,0,0,6,1,0,,summer,0,0,0,0
611195627,24.6,25.111805,rain,0.1,0.0,15.226764,31.68,65.06092,993.94305,,2024-07-28 04:27:40.557018,2024-07-28 20:42:19.309352,974.6458722333333,0,0,1,6,1,0,,summer,0,0,1,0
611284627,16.1,16.24481,none,0.0,0.0,10.08,16.56,92.300446,995.7101,,2024-07-28 04:27:48.118032,2024-07-28 20:42:59.886064,975.1961338666666,0,1,0,6,1,0,,summer,0,0,0,1
611517627,18.7,19.998055,none,0.0,0.0,5.937272,11.159999,85.6725,984.9687,,2024-07-28 04:29:12.891985,2024-07-28 20:42:17.701577,973.0801598666666,0,1,0,6,1,0,,summer,0,0,0,1
611364427,22.7,21.24818,rain,6.4,0.0,26.052162,42.839996,68.91065,993.4407,,2024-07-28 04:28:31.214788,2024-07-28 20:42:55.690917,974.4079354833334,0,0,1,6,1,0,,summer,0,0,1,0
611221427,21.5,22.582819,rain,2.4,0.0,9.693296,29.88,75.80194,989.7358,,2024-07-28 04:30:11.747524,2024-07-28 20:42:52.729136,972.6830268666668,0,0,1,6,1,0,,summer,0,0,0,0
611206427,23.7,23.81172,rain,0.1,0.0,12.261157,35.64,60.475574,989.3333,,2024-07-28 04:29:27.646581,2024-07-28 20:43:19.921134,973.87124255,0,0,1,6,1,0,,summer,0,0,0,0
611209627,25.6,24.4732,none,0.0,0.0,14.685176,25.919998,46.225742,993.40234,,2024-07-28 04:28:04.798831,2024-07-28 20:41:47.191502,973.7065445166667,0,0,1,6,1,0,,summer,0,0,0,0
611418827,17.8,18.64909,rain,2.7,0.0,10.440001,19.08,93.57807,979.9534,,2024-07-29 04:30:50.482864,2024-07-29 20:40:10.733061,969.3375032833334,0,0,1,0,0,0,,summer,0,0,0,0
611287827,21.5,19.810358,none,0.0,0.0,20.523157,39.96,56.721592,972.2842,,2024-07-29 04:31:09.802584,2024-07-29 20:40:28.228942,969.3071059666667,0,0,1,0,0,0,,summer,0,0,1,0
611305427,19.3,17.114592,none,0.0,0.0,16.179987,37.8,56.92692,980.5683,,2024-07-29 04:30:44.607157,2024-07-29 20:41:47.933889,971.0554455333333,0,0,1,0,0,0,,summer,0,0,1,0
611328627,15.8,15.390924,none,0.0,0.0,6.519877,12.599999,76.86988,976.64307,,2024-07-29 04:30:46.432792,2024-07-29 20:40:45.890270,969.9909579666667,1,0,0,0,0,0,,summer,0,0,0,0
611315427,17.7,16.805658,none,0.0,0.0,8.669949,24.119999,65.70344,984.31085,,2024-07-29 04:30:22.868576,2024-07-29 20:40:47.490974,970.4103733,0,0,1,0,0,0,,summer,0,0,0,0
611317427,19.6,17.21973,none,0.0,0.0,17.414474,36.0,55.689182,981.25574,,2024-07-29 04:30:10.906105,2024-07-29 20:40:52.084130,970.6863004166667,0,0,1,0,0,0,,summer,0,0,1,0
611397427,15.7,15.207584,none,0.0,0.0,7.968939,14.04,79.42894,984.9405,,2024-07-29 04:30:26.295321,2024-07-29 20:40:09.280822,969.7164250166667,1,0,0,0,0,0,,summer,0,0,0,0
611319827,16.65,16.988379,none,0.0,0.0,3.0547013,8.64,76.49994,979.4331,,2024-07-29 04:30:04.841559,2024-07-29 20:41:29.610118,971.4128093166667,0,1,0,0,0,0,,summer,0,0,0,1
611303627,17.85,18.459513,rain,1.4,0.0,12.371645,19.8,93.877716,985.9731,,2024-07-29 04:30:26.333588,2024-07-29 20:40:49.107431,970.37956405,0,0,1,0,0,0,,summer,0,0,0,0
611695827,19.45,16.96879,none,0.0,0.0,17.906157,37.079998,55.83718,981.55695,,2024-07-29 04:30:48.670116,2024-07-29 20:39:27.514689,968.64740955,0,0,1,0,0,0,,summer,0,0,1,0
611455827,21.2,20.27838,rain,0.3,0.0,20.945072,36.719997,71.76258,980.03955,,2024-07-29 04:30:06.992055,2024-07-29 20:40:56.977548,970.83309155,0,0,1,0,0,0,,summer,0,0,1,0
611703027,21.55,20.780449,rain,0.2,0.0,19.64228,37.079998,69.12612,983.8892,,2024-07-29 04:30:26.695520,2024-07-29 20:40:24.106790,969.9568545,0,0,1,0,0,0,,summer,0,0,1,0
611400227,17.6,16.757767,none,0.0,0.0,7.8954163,23.039999,65.24765,979.1326,,2024-07-29 04:30:39.344674,2024-07-29 20:40:35.936987,969.9432052166667,0,0,1,0,0,0,,summer,0,0,0,0
611411027,15.75,16.71155,none,0.0,0.0,5.00128,7.92,95.60989,976.86487,,2024-07-29 04:31:04.932154,2024-07-29 20:40:25.326778,969.3399104,0,1,0,0,0,0,,summer,0,0,0,1
611327227,16.0,15.820993,none,0.0,0.0,4.510787,9.0,74.89818,981.862,,2024-07-29 04:31:36.439716,2024-07-29 20:41:54.502334,970.3010436333334,0,1,0,0,0,0,,summer,0,0,0,1
611275427,18.9,18.803507,rain,2.5,0.0,16.919998,31.319998,87.34205,979.7927,,2024-07-29 04:29:11.530518,2024-07-29 20:40:10.460683,970.9821694166666,0,0,1,0,0,0,,summer,0,0,1,0
614963027,20.05,16.765898,none,0.0,0.0,21.749483,41.399998,50.82287,981.559,,2024-07-29 04:29:37.602382,2024-07-29 20:41:11.174914,971.5595422,0,0,1,0,0,0,,summer,0,0,1,0
611280827,19.1,18.75435,rain,0.7,0.0,19.35314,32.760002,87.63734,980.7356,,2024-07-29 04:30:00.500681,2024-07-29 20:40:31.534837,970.5172359333334,0,0,1,0,0,0,,summer,0,0,1,0
611350027,16.5,17.173767,none,0.0,0.0,8.707238,10.440001,95.02496,985.45197,,2024-07-29 04:29:38.416572,2024-07-29 20:41:32.358999,971.89904045,0,1,0,0,0,0,,summer,0,0,0,1
611280227,19.65,19.363583,rain,0.1,0.0,18.075441,37.8,83.09363,979.0626,,2024-07-29 04:31:13.455434,2024-07-29 20:39:52.378426,968.6487165333333,0,0,1,0,0,0,,summer,0,0,1,0
611412427,21.55,20.204313,none,0.0,0.0,21.413193,43.199997,58.620377,979.22485,,2024-07-29 04:31:43.137256,2024-07-29 20:39:59.412029,968.2712462166667,0,0,1,0,0,0,,summer,0,0,1,0
611426227,19.7,18.575842,none,0.0,0.0,12.849528,31.319998,62.755524,979.3409,,2024-07-30 04:32:30.962789,2024-07-30 20:40:13.728868,967.7127679833334,0,0,1,1,0,0,,summer,0,0,0,0
611384627,19.6,19.027916,none,0.0,0.0,8.4042845,20.16,61.103256,981.26575,,2024-07-30 04:31:35.512310,2024-07-30 20:37:47.625112,966.2018800333334,0,0,1,1,0,0,,summer,0,0,0,0
611402627,21.45,20.450996,rain,0.2,0.0,12.015589,23.759998,52.2237,977.297,,2024-07-30 04:32:12.143956,2024-07-30 20:39:52.926389,967.6797072166667,0,0,1,1,0,0,,summer,0,0,0,0
611433227,22.5,21.310024,rain,0.2,0.0,13.32,24.119999,47.385124,981.6702,,2024-07-30 04:31:40.290216,2024-07-30 20:38:34.379081,966.9014810833334,0,0,1,1,0,0,,summer,0,0,0,0
611369227,19.9,19.28451,none,0.0,0.0,7.2805495,18.359999,58.221016,978.4215,,2024-07-30 04:31:38.805461,2024-07-30 20:39:36.564933,967.9626578666666,0,0,1,1,0,0,,summer,0,0,0,0
611354027,19.5,18.800278,none,0.0,0.0,8.287822,19.44,60.478294,982.1582,,2024-07-30 04:32:11.832177,2024-07-30 20:38:45.361766,966.5588264833333,0,0,1,1,0,0,,summer,0,0,0,0
611427227,19.2,18.168756,none,0.0,0.0,12.10157,25.919998,64.52473,981.656,,2024-07-30 04:31:20.716955,2024-07-30 20:39:23.242792,968.0420972833333,0,0,1,1,0,0,,summer,0,0,0,0
611423627,19.65,18.144697,none,0.0,0.0,15.463244,29.88,62.95058,982.8259,,2024-07-30 04:32:12.540220,2024-07-30 20:38:45.331789,966.54652615,0,0,1,1,0,0,,summer,0,0,1,0
611464627,17.15,17.194637,none,0.0,0.0,4.39436,11.879999,72.667145,982.60583,,2024-07-30 04:32:06.226996,2024-07-30 20:38:43.270167,966.6173861833333,0,0,1,1,0,0,,summer,0,0,0,0
611416627,18.9,17.522736,rain,0.3,0.0,18.359999,41.039997,73.21678,977.59283,,2024-07-30 04:34:46.205710,2024-07-30 20:39:19.518069,964.5552059833334,0,0,1,1,0,0,,summer,0,0,1,0
611358627,15.35,15.246811,none,0.0,0.0,5.634891,13.679999,82.035225,980.54,,2024-07-30 04:31:01.356591,2024-07-30 20:38:23.410709,967.3675686333333,0,0,1,1,0,0,,summer,0,0,0,0
611530027,18.9,18.01979,none,0.0,0.0,11.631956,24.48,66.83048,982.43884,,2024-07-30 04:30:57.932975,2024-07-30 20:38:57.565513,967.9938756333333,0,0,1,1,0,0,,summer,0,0,0,0
611466627,15.25,15.197435,none,0.0,0.0,5.3999996,13.679999,82.83507,979.6083,,2024-07-30 04:31:50.894078,2024-07-30 20:39:25.278109,967.5730671833334,0,0,1,1,0,0,,summer,0,0,0,0
611349427,18.5,18.04335,none,0.0,0.0,6.8399997,17.28,64.79767,973.8717,,2024-07-30 04:32:35.274160,2024-07-30 20:41:36.906842,969.0272113666667,0,0,1,1,0,0,,summer,0,0,0,0
611435627,22.45,21.957472,rain,0.2,0.0,9.255571,21.96,47.68758,984.2727,,2024-07-30 04:31:59.501270,2024-07-30 20:37:43.168391,965.72778535,0,0,1,1,0,0,,summer,0,0,0,0
611431627,19.2,18.318695,none,0.0,0.0,11.298495,28.8,64.94972,980.0733,,2024-07-30 04:30:59.605658,2024-07-30 20:38:08.423649,967.1469665166667,0,0,1,1,0,0,,summer,0,0,0,0
611370627,20.45,20.048416,none,0.0,0.0,7.5599995,19.44,56.64774,979.3969,,2024-07-30 04:31:11.552745,2024-07-30 20:37:53.274328,966.6953597166666,0,0,1,1,0,0,,summer,0,0,0,0
611418627,20.3,18.424292,rain,0.1,0.0,18.751125,36.0,61.66843,982.3358,,2024-07-30 04:31:05.397892,2024-07-30 20:37:22.125052,966.2787860000001,0,0,1,1,0,0,,summer,0,0,1,0
611401827,21.5,20.827505,rain,0.1,0.0,9.531505,20.880001,51.549004,982.1675,,2024-07-30 04:32:04.452852,2024-07-30 20:38:30.938003,966.4414191833333,0,0,1,1,0,0,,summer,0,0,0,0
611332027,13.15,12.980593,none,0.0,0.0,3.7064266,7.5599995,87.96391,974.4126,,2024-07-30 04:33:12.265224,2024-07-30 20:38:50.161797,965.63160955,0,1,0,1,0,0,,summer,0,0,0,1
611496627,18.7,17.172468,none,0.0,0.0,16.299694,32.039997,68.11566,980.6762,,2024-07-31 04:34:21.699728,2024-07-31 20:36:44.358554,962.3776471,0,0,1,2,0,0,,summer,0,0,1,0
611516427,19.5,18.358362,rain,0.8,0.0,17.873554,40.32,71.91456,982.9688,,2024-07-31 04:33:58.746482,2024-07-31 20:37:33.249733,963.5750541833334,0,0,1,2,0,0,,summer,0,0,1,0
611607227,18.8,17.244757,rain,0.1,0.0,16.489416,32.399998,67.69125,978.515,,2024-07-31 04:35:02.862687,2024-07-31 20:36:03.396279,961.0088932,0,0,1,2,0,0,,summer,0,0,1,0
611525827,20.05,18.409588,rain,0.2,0.0,17.414474,33.839996,63.246998,988.1222,,2024-07-31 04:33:57.050237,2024-07-31 20:35:49.582375,961.8755356333334,0,0,1,2,0,0,,summer,0,0,1,0
611523827,19.75,17.923586,rain,0.2,0.0,21.068459,40.68,68.77213,986.55,,2024-07-31 04:33:42.066317,2024-07-31 20:35:50.350295,962.1380663,0,0,1,2,0,0,,summer,0,0,1,0
611524227,18.95,17.29305,none,0.0,0.0,18.58451,32.399998,69.741486,985.5876,,2024-07-31 04:33:40.537245,2024-07-31 20:36:25.255339,962.7453015666667,0,0,1,2,0,0,,summer,0,0,1,0
611688427,18.8,17.065945,none,0.0,0.0,17.373497,33.12,67.029106,978.6289,,2024-07-31 04:34:36.942572,2024-07-31 20:36:10.712611,961.5628339833333,0,0,1,2,0,0,,summer,0,0,1,0
611535427,15.75,14.554413,none,0.0,0.0,15.192682,27.359999,84.812904,985.0472,,2024-07-31 04:34:15.284903,2024-07-31 20:37:02.198234,962.7818888500001,1,0,0,2,0,0,,summer,0,0,1,0
611653827,19.05,17.239874,none,0.0,0.0,17.555307,30.960001,65.34497,983.0048,,2024-07-31 04:33:48.452663,2024-07-31 20:37:31.671392,963.72031215,0,0,1,2,0,0,,summer,0,0,1,0
611448827,14.25,13.725901,none,0.0,0.0,11.304229,20.16,95.24923,983.0634,,2024-07-31 04:32:45.912497,2024-07-31 20:37:03.807656,964.29825265,0,1,0,2,0,0,,summer,0,0,0,1
611525427,19.3,17.646738,none,0.0,0.0,18.204042,37.079998,67.57229,985.2141,,2024-07-31 04:33:22.849770,2024-07-31 20:36:34.974602,963.2020805333334,0,0,1,2,0,0,,summer,0,0,1,0
611494027,18.8,17.34251,rain,0.1,0.0,16.279802,33.48,68.58308,984.90735,,2024-07-31 04:33:10.401927,2024-07-31 20:36:57.208196,963.7801044833334,0,0,1,2,0,0,,summer,0,0,1,0
611601627,15.4,14.309788,none,0.0,0.0,14.707222,26.64,87.303085,983.21246,,2024-07-31 04:34:55.495952,2024-07-31 20:36:05.540225,961.16740455,0,1,0,2,0,0,,summer,0,0,0,1
611570027,19.1,17.591473,none,0.0,0.0,17.447933,34.92,68.86718,981.717,,2024-07-31 04:34:42.652625,2024-07-31 20:37:30.132025,962.7913233333333,0,0,1,2,0,0,,summer,0,0,1,0
611530627,15.0,14.126762,none,0.0,0.0,14.05845,23.4,91.63964,984.68823,,2024-07-31 04:33:59.098470,2024-07-31 20:37:01.431133,963.0388777166667,0,1,0,2,0,0,,summer,0,0,0,1
611472227,17.7,16.389082,rain,0.1,0.0,17.174677,32.039997,77.41758,984.0214,,2024-07-31 04:33:59.810622,2024-07-31 20:36:51.969165,962.86930905,0,0,1,2,0,0,,summer,0,0,1,0
611675627,19.2,18.0452,none,0.0,0.0,15.978484,32.039997,70.2453,980.6144,,2024-07-31 04:33:21.053210,2024-07-31 20:37:43.202470,964.3691543333333,0,0,1,2,0,0,,summer,0,0,1,0
611558827,15.0,14.126762,none,0.0,0.0,14.05845,23.4,91.63964,987.9521,,2024-07-31 04:33:58.892799,2024-07-31 20:36:42.197886,962.72175145,0,1,0,2,0,0,,summer,0,0,0,1
611450427,14.8,13.922232,none,0.0,0.0,13.608762,22.68,91.627205,980.445,,2024-07-31 04:33:36.605433,2024-07-31 20:35:23.947523,961.7890348333333,0,1,0,2,0,0,,summer,0,0,0,1
612016227,16.5,14.858398,none,0.0,0.0,18.014393,30.239998,80.32569,985.7669,,2024-08-01 04:35:41.183765,2024-08-01 20:34:21.428866,958.6707516833334,0,0,1,3,0,0,,summer,0,0,1,0
611532027,14.7,13.654366,none,0.0,0.0,14.759999,25.919998,92.21972,984.9025,,2024-08-01 04:35:57.952715,2024-08-01 20:34:32.506908,958.5759032166667,0,1,0,3,0,0,,summer,0,0,0,1
611561227,16.45,15.14085,rain,1.2,0.0,16.923828,36.0,83.250275,984.7914,,2024-08-01 04:35:04.637776,2024-08-01 20:35:12.225421,960.12646075,0,0,1,3,0,0,,summer,0,0,1,0
611588427,19.4,18.553474,rain,0.2,0.0,17.339897,36.36,69.151115,982.33923,,2024-08-01 04:34:59.648451,2024-08-01 20:35:30.572974,960.5154087166667,0,0,1,3,0,0,,summer,0,0,1,0
611565227,16.65,15.201672,none,0.0,0.0,16.923828,30.960001,80.08455,983.1324,,2024-08-01 04:34:45.045840,2024-08-01 20:33:58.441094,959.2232542333334,0,0,1,3,0,0,,summer,0,0,1,0
611788827,16.95,15.719929,none,0.0,0.0,13.358861,25.56,74.07858,983.468,,2024-08-01 04:34:56.635147,2024-08-01 20:35:08.744539,960.2018231999999,0,0,1,3,0,0,,summer,0,0,0,0
611670227,16.35,14.84206,none,0.0,0.0,16.981165,33.12,80.83164,984.27,,2024-08-01 04:34:47.816892,2024-08-01 20:35:08.800353,960.3497243500001,0,0,1,3,0,0,,summer,0,0,1,0
611664027,16.5,14.858398,none,0.0,0.0,18.014393,30.239998,80.32569,983.79877,,2024-08-01 04:35:16.814085,2024-08-01 20:34:21.542160,959.07880125,0,0,1,3,0,0,,summer,0,0,1,0
611651627,14.85,13.67141,none,0.0,0.0,12.015589,22.68,82.242546,981.8204,,2024-08-01 04:38:17.862994,2024-08-01 20:35:44.409856,957.4424477,0,1,0,3,0,0,,summer,0,0,0,1
611560627,16.1,14.758558,rain,0.1,0.0,15.84,31.68,82.12973,986.12103,,2024-08-01 04:38:23.854430,2024-08-01 20:37:19.897903,958.9340578833333,0,0,1,3,0,0,,summer,0,0,1,0
611579227,16.9,16.063076,rain,0.3,0.0,15.281989,29.16,84.389336,981.94855,,2024-08-01 04:36:04.581797,2024-08-01 20:34:42.959667,958.6396311666666,0,0,1,3,0,0,,summer,0,0,1,0
611546627,16.25,14.584978,none,0.0,0.0,18.175545,34.2,81.61414,980.9932,,2024-08-01 04:36:39.054613,2024-08-01 20:35:29.481601,958.8404498,0,0,1,3,0,0,,summer,0,0,1,0
611670627,19.55,17.050611,none,0.0,0.0,16.179985,32.760002,52.07225,983.34546,,2024-08-01 04:35:17.386888,2024-08-01 20:35:24.664702,960.1212969000001,0,0,1,3,0,0,,summer,0,0,1,0
611539627,13.5,12.758507,none,0.0,0.0,10.464798,19.8,93.6747,979.79553,,2024-08-01 04:38:29.334766,2024-08-01 20:35:42.016691,957.2113654166666,0,1,0,3,0,0,,summer,0,0,0,1
611689427,15.5,14.344635,none,0.0,0.0,12.849528,23.4,81.24996,984.73724,,2024-08-01 04:35:08.518300,2024-08-01 20:35:01.288337,959.8795006166667,0,1,0,3,0,0,,summer,0,0,0,1
611542827,13.5,12.608465,none,0.0,0.0,11.720751,19.8,94.290955,989.2054,,2024-08-01 04:35:35.989750,2024-08-01 20:33:27.216789,957.8537839833333,0,0,1,3,0,0,,summer,0,0,0,0
611765627,20.45,19.656176,none,0.0,0.0,10.24578,19.44,59.322403,984.51373,,2024-08-02 04:37:11.856800,2024-08-02 20:32:39.966724,955.4684987333333,0,0,1,4,0,0,,summer,0,0,0,0
611752227,21.55,20.36332,none,0.0,0.0,11.298495,23.039999,52.77092,984.0888,,2024-08-02 04:37:38.679127,2024-08-02 20:33:00.600732,955.3653600833334,0,0,1,4,0,0,,summer,0,0,0,0
611775427,15.45,15.200081,none,0.0,0.0,9.422101,15.119999,88.16475,984.4837,,2024-08-02 04:37:21.006370,2024-08-02 20:32:37.348201,955.2723638499999,0,1,0,4,0,0,,summer,0,0,0,1
611791227,21.55,20.349773,none,0.0,0.0,10.966713,22.319998,52.077194,981.0247,,2024-08-02 04:37:39.470391,2024-08-02 20:34:02.911562,956.3906861833333,0,0,1,4,0,0,,summer,0,0,0,0
612034627,19.25,18.298178,rain,0.2,0.0,14.33234,32.039997,64.747795,979.16846,,2024-08-02 04:39:13.189810,2024-08-02 20:33:07.185713,953.8999317166667,0,0,1,4,0,0,,summer,0,0,0,0
611662427,12.4,11.247663,none,0.0,0.0,11.620809,21.24,95.81213,979.08374,,2024-08-02 04:40:10.101640,2024-08-02 20:33:19.067017,953.14942295,0,0,1,4,0,0,,summer,0,0,0,0
611759427,19.9,18.642,rain,0.1,0.0,15.7908325,33.12,64.46633,980.112,,2024-08-02 04:38:33.019539,2024-08-02 20:32:50.317305,954.2882961,0,0,1,4,0,0,,summer,0,0,1,0
613235827,26.05,27.96991,none,0.0,0.0,4.072935,14.4,57.829117,991.6046,,2024-08-19 05:11:25.938088,2024-08-19 19:55:26.811252,884.0145527333333,0,0,1,0,0,0,,summer,0,0,0,0
611689027,14.1,13.05965,none,0.0,0.0,12.287555,20.880001,89.50589,984.77386,,2024-08-02 04:37:11.113700,2024-08-02 20:31:59.594182,954.8080080333333,0,1,0,4,0,0,,summer,0,0,0,1
611763427,21.1,19.822447,none,0.0,0.0,11.183201,22.68,53.00411,982.2933,,2024-08-02 04:38:14.806863,2024-08-02 20:32:03.409201,953.8100389666666,0,0,1,4,0,0,,summer,0,0,0,0
611761227,20.35,19.791681,rain,0.1,0.0,14.182355,33.48,64.564316,979.41614,,2024-08-02 04:42:32.612813,2024-08-02 20:32:47.119770,950.2417826166667,0,0,1,4,0,0,,summer,0,0,0,0
612813427,18.55,17.769066,none,0.0,0.0,11.525623,19.08,69.43633,981.8582,,2024-08-02 04:37:32.515341,2024-08-02 20:33:52.351366,956.3306004166666,0,0,1,4,0,0,,summer,0,0,0,0
611772227,15.45,15.200081,none,0.0,0.0,9.422101,15.119999,88.16475,988.32495,,2024-08-02 04:37:43.931344,2024-08-02 20:31:59.164128,954.2538797333333,0,1,0,4,0,0,,summer,0,0,0,1
612261627,20.3,18.848753,rain,0.1,0.0,16.92383,32.399998,62.073494,984.27374,,2024-08-02 04:38:00.890942,2024-08-02 20:33:25.402982,955.408534,0,0,1,4,0,0,,summer,0,0,1,0
611766427,16.15,15.839338,none,0.0,0.0,8.654986,18.359999,81.60128,983.0404,,2024-08-02 04:36:53.712054,2024-08-02 20:33:29.638062,956.5987668,0,1,0,4,0,0,,summer,0,0,0,1
611750827,21.4,20.10047,none,0.0,0.0,11.753877,24.119999,52.731907,984.0642,,2024-08-02 04:37:59.413622,2024-08-02 20:33:04.900333,955.0914451833333,0,0,1,4,0,0,,summer,0,0,0,0
611759627,21.3,20.039457,none,0.0,0.0,11.592895,21.24,53.231888,987.3328,,2024-08-02 04:37:46.527322,2024-08-02 20:32:56.521654,955.1665722,0,0,1,4,0,0,,summer,0,0,0,0
612377427,20.25,20.069733,none,0.0,0.0,7.5170207,18.72,62.674194,982.9199,,2024-08-02 04:36:42.456039,2024-08-02 20:31:56.384022,955.23213305,0,0,1,4,0,0,,summer,0,0,0,0
611736427,20.05,18.919918,rain,0.1,0.0,13.684735,26.64,62.834435,982.9365,,2024-08-02 04:37:27.637780,2024-08-02 20:33:39.220645,956.1930477499999,0,0,1,4,0,0,,summer,0,0,0,0
611753827,21.3,19.984478,none,0.0,0.0,12.904882,24.84,54.65729,985.75104,,2024-08-02 04:37:10.049988,2024-08-02 20:32:10.444707,955.00657865,0,0,1,4,0,0,,summer,0,0,0,0
611778027,15.4,15.015526,none,0.0,0.0,10.105681,16.199999,87.87384,985.27606,,2024-08-02 04:37:50.359349,2024-08-02 20:32:24.369246,954.5668316166667,0,1,0,4,0,0,,summer,0,0,0,1
611765027,20.6,19.361822,rain,0.1,0.0,15.315873,30.239998,61.33502,983.851,,2024-08-02 04:37:55.053271,2024-08-02 20:33:28.726644,955.5612228833332,0,0,1,4,0,0,,summer,0,0,1,0
611766627,17.2,16.533253,none,0.0,0.0,9.83268,17.64,73.63705,985.07214,,2024-08-02 04:36:27.110341,2024-08-02 20:32:54.167420,956.4509513166666,0,1,0,4,0,0,,summer,0,0,0,1
611760627,21.2,19.987478,rain,0.1,0.0,11.592895,25.199999,53.914738,982.99744,,2024-08-02 04:38:33.001594,2024-08-02 20:32:04.399292,953.5232949666666,0,0,1,4,0,0,,summer,0,0,0,0
613544427,14.7,13.429264,rain,0.1,0.0,14.77755,30.960001,88.38862,977.0827,,2024-08-02 04:38:14.042283,2024-08-02 20:35:38.148640,957.4017726166666,0,0,1,4,0,0,,summer,0,0,0,0
612011227,13.8,12.733126,none,0.0,0.0,12.245294,20.16,90.66713,986.37573,,2024-08-02 04:38:11.030672,2024-08-02 20:33:24.992632,955.2326993333334,0,1,0,4,0,0,,summer,0,0,0,1
611775827,15.95,15.914625,none,0.0,0.0,8.311245,16.56,86.22601,987.1679,,2024-08-02 04:38:22.518262,2024-08-02 20:34:01.095312,955.6429508333333,0,1,0,4,0,0,,summer,0,0,0,1
611757827,21.35,20.056114,none,0.0,0.0,11.609651,25.199999,52.718884,986.32404,,2024-08-02 04:37:48.267554,2024-08-02 20:32:27.495470,954.6537986000001,0,0,1,4,0,0,,summer,0,0,0,0
611763627,20.25,19.80196,none,0.0,0.0,9.007196,18.359999,62.062073,981.99225,,2024-08-02 04:37:44.530249,2024-08-02 20:33:55.659259,956.1854834999999,0,0,1,4,0,0,,summer,0,0,0,0
611766227,17.05,16.37119,none,0.0,0.0,11.177405,18.72,77.065575,985.7048,,2024-08-02 04:37:40.766782,2024-08-02 20:31:42.477516,954.0285122333333,1,0,0,4,0,0,,summer,0,0,0,0
624250427,17.1,15.661633,rain,0.1,0.0,15.807239,29.519999,75.57606,984.6783,,2024-08-02 04:38:27.844858,2024-08-02 20:34:11.541617,955.7282793166667,0,0,1,4,0,0,,summer,0,0,1,0
612006427,21.75,20.836704,none,0.0,0.0,10.948973,23.4,54.59187,983.5691,,2024-08-03 04:39:34.533017,2024-08-03 20:32:16.033699,952.6916780333333,0,0,1,5,1,0,,summer,0,0,0,0
611817427,22.2,21.5145,none,0.0,0.0,9.83268,23.4,53.81645,987.7884,,2024-08-03 04:39:45.390828,2024-08-03 20:30:03.895827,950.3084166499999,0,0,1,5,1,0,,summer,0,0,0,0
611810227,21.8,22.723803,rain,0.1,0.0,10.483357,23.4,66.781425,988.773,,2024-08-03 04:39:11.305644,2024-08-03 20:30:11.391723,951.00143465,0,0,1,5,1,0,,summer,0,0,0,0
611916827,14.4,14.255182,none,0.0,0.0,9.0645685,16.919998,95.25465,981.94366,,2024-08-03 04:40:27.031818,2024-08-03 20:31:26.512355,950.9913422833334,0,1,0,5,1,0,,summer,0,0,0,1
611824827,17.65,17.787878,none,0.0,0.0,6.638072,12.599999,76.40917,986.86194,,2024-08-03 04:38:29.361507,2024-08-03 20:31:11.076328,952.6952470166667,1,0,0,5,1,0,,summer,0,0,0,0
611822427,19.25,19.125765,none,0.0,0.0,8.311245,18.359999,68.89688,990.81256,,2024-08-03 04:39:34.884401,2024-08-03 20:30:52.104028,951.2869937833333,0,0,1,5,1,0,,summer,0,0,0,0
611830627,17.75,17.5779,none,0.0,0.0,8.287822,12.959999,74.9461,990.09064,,2024-08-03 04:39:36.672199,2024-08-03 20:30:53.189716,951.27529195,0,1,0,5,1,0,,summer,0,0,0,1
611814027,22.3,22.320951,rain,0.1,0.0,8.759178,20.519999,59.37527,982.8092,,2024-08-03 04:38:54.481747,2024-08-03 20:31:47.324403,952.8807109333334,0,0,1,5,1,0,,summer,0,0,0,0
611823027,22.4,20.953417,none,0.0,0.0,12.864649,21.599998,49.77455,985.2476,,2024-08-03 04:39:13.770810,2024-08-03 20:31:15.501799,952.0288498166667,0,0,1,5,1,0,,summer,0,0,0,0
611874227,17.4,17.513218,none,0.0,0.0,6.5693827,11.159999,77.11995,985.21173,,2024-08-03 04:39:39.775607,2024-08-03 20:29:32.009579,949.8705662,1,0,0,5,1,0,,summer,0,0,0,0
611816627,21.8,22.723803,rain,0.1,0.0,10.483357,23.4,66.781425,989.5727,,2024-08-03 04:39:18.129051,2024-08-03 20:29:57.839001,950.6618325,0,0,1,5,1,0,,summer,0,0,0,0
611835427,15.2,15.431501,none,0.0,0.0,6.725354,11.879999,91.058876,987.0755,,2024-08-03 04:39:26.119654,2024-08-03 20:30:49.734903,951.3935874833334,0,1,0,5,1,0,,summer,0,0,0,1
611839027,15.15,15.457714,none,0.0,0.0,6.5693827,12.959999,92.245804,984.72626,,2024-08-03 04:39:58.301552,2024-08-03 20:32:11.554181,952.2208771500001,0,1,0,5,1,0,,summer,0,0,0,1
611897427,22.25,21.061062,none,0.0,0.0,11.525623,23.039999,50.8994,984.54175,,2024-08-03 04:40:02.383351,2024-08-03 20:32:09.279927,952.1149429333333,0,0,1,5,1,0,,summer,0,0,0,0
611812627,21.75,22.728659,rain,0.1,0.0,10.308831,22.68,67.41669,985.8061,,2024-08-03 04:39:34.208227,2024-08-03 20:30:59.593122,951.4230815833333,0,0,1,5,1,0,,summer,0,0,0,0
611882827,23.5,22.805475,none,0.0,0.0,10.233123,22.319998,49.09078,985.05316,,2024-08-04 04:40:56.091719,2024-08-04 20:28:50.100708,947.9001498166667,0,0,1,6,1,0,,summer,0,0,0,0
612302827,16.7,17.166773,none,0.0,0.0,7.10031,15.119999,87.14032,985.92865,,2024-08-04 04:40:44.177438,2024-08-04 20:29:19.394636,948.5869533,1,0,0,6,1,0,,summer,0,0,0,0
611872627,22.45,22.855469,none,0.0,0.0,10.464797,23.4,61.16447,985.3124,,2024-08-04 04:41:45.690653,2024-08-04 20:29:55.528922,948.16397115,0,0,1,6,1,0,,summer,0,0,0,0
611903227,15.55,15.879843,none,0.0,0.0,7.7879906,13.32,93.167946,982.6857,,2024-08-04 04:40:47.062090,2024-08-04 20:29:37.544233,948.84136905,0,1,0,6,1,0,,summer,0,0,0,1
612171827,22.3,22.055044,rain,0.1,0.0,11.183201,23.759998,55.452255,981.32367,,2024-08-04 04:41:51.411562,2024-08-04 20:28:32.517277,946.68509525,0,0,1,6,1,0,,summer,0,0,0,0
611863627,19.4,20.153542,rain,0.1,0.0,7.342588,21.599998,77.67587,985.6432,,2024-08-04 04:41:03.454823,2024-08-04 20:29:01.089103,947.9605713333333,0,0,1,6,1,0,,summer,0,0,0,0
627405827,-4.5,-9.1336975,snow,0.2,20.0,11.843124,23.759998,88.24275,989.57904,,2024-12-14 08:52:41.470710,2024-12-14 15:57:41.627849,425.0026189833333,0,0,1,5,1,0,,winter,0,0,0,0
611896027,20.45,19.88038,none,0.0,0.0,11.480557,20.16,64.16704,978.89874,,2024-08-04 04:42:17.741588,2024-08-04 20:28:22.794876,946.0842214666667,0,0,1,6,1,0,,summer,0,0,0,0
611896827,19.75,19.877392,none,0.0,0.0,9.1641035,29.88,71.49688,987.6318,,2024-08-04 04:40:30.937591,2024-08-04 20:28:58.992075,948.4675747333333,0,0,1,6,1,0,,summer,0,0,0,0
611904427,16.05,16.331305,none,0.0,0.0,7.9932966,13.32,89.94557,986.4491,,2024-08-04 04:41:44.455969,2024-08-04 20:27:46.252930,946.02994935,0,1,0,6,1,0,,summer,0,0,0,1
612235427,14.0,14.098509,none,0.0,0.0,6.439876,11.159999,95.2402,985.0141,,2024-08-04 04:41:58.220529,2024-08-04 20:28:02.442894,946.07037275,0,1,0,6,1,0,,summer,0,0,0,1
611891827,22.3,21.311571,none,0.0,0.0,10.691453,24.119999,51.58898,985.58185,,2024-08-04 04:41:47.837652,2024-08-04 20:30:00.659317,948.2136944166667,0,0,1,6,1,0,,summer,0,0,0,0
611871027,22.45,22.636585,none,0.0,0.0,9.983106,23.039999,56.95583,984.85834,,2024-08-04 04:40:29.152875,2024-08-04 20:27:51.744035,947.3765193333334,0,0,1,6,1,0,,summer,0,0,0,0
612024427,17.15,17.528513,none,0.0,0.0,7.7043357,15.4800005,84.68997,989.18365,,2024-08-04 04:41:17.836384,2024-08-04 20:28:05.540106,946.7950620333334,0,1,0,6,1,0,,summer,0,0,0,1
612009427,19.25,20.726967,none,0.0,0.0,3.6,13.679999,80.696014,985.8294,,2024-08-04 04:41:46.091678,2024-08-04 20:27:48.193299,946.0350270166667,0,0,1,6,1,0,,summer,0,0,0,0
611897627,17.85,18.384361,none,0.0,0.0,7.145796,17.28,82.08256,983.9124,,2024-08-04 04:40:47.945124,2024-08-04 20:29:42.862878,948.9152959,0,0,1,6,1,0,,summer,0,0,0,0
613002827,21.8,22.418285,none,0.0,0.0,9.693296,24.84,63.840763,979.9959,,2024-08-04 04:41:57.798206,2024-08-04 20:31:28.299025,949.5083469833334,0,0,1,6,1,0,,summer,0,0,0,0
613663827,22.85,21.827799,none,0.0,0.0,10.703569,21.599998,49.566643,985.87335,,2024-08-04 04:40:24.047543,2024-08-04 20:28:10.555178,947.7751272500001,0,0,1,6,1,0,,summer,0,0,0,0
611854027,14.0,14.195545,none,0.0,0.0,6.489992,10.08,97.11963,981.38916,,2024-08-04 04:42:57.251254,2024-08-04 20:29:44.451213,946.7866659833333,0,0,1,6,1,0,,summer,0,0,0,0
611953827,23.25,22.357199,none,0.0,0.0,10.691453,21.24,49.67347,990.18616,,2024-08-05 04:43:39.635545,2024-08-05 20:27:01.909335,943.3712298333334,0,0,1,0,0,0,,summer,0,0,0,0
612317427,18.5,18.491852,none,0.0,0.0,9.220499,15.84,75.55918,989.4039,,2024-08-05 04:43:31.292224,2024-08-05 20:25:49.000413,942.2951364833333,0,1,0,0,0,0,,summer,0,0,0,1
611908627,13.8,13.6465435,none,0.0,0.0,8.049845,14.759999,96.17003,978.7434,,2024-08-05 04:44:17.965223,2024-08-05 20:26:26.786645,942.1470237,0,1,0,0,0,0,,summer,0,0,0,1
611942027,21.75,21.281618,rain,0.2,0.0,12.738099,23.039999,62.402344,988.5206,,2024-08-05 04:42:55.104410,2024-08-05 20:27:10.961134,944.2642787333333,0,0,1,0,0,0,,summer,0,0,0,0
611974227,21.65,21.491158,none,0.0,0.0,9.504272,17.64,60.97994,988.02856,,2024-08-05 04:43:03.190683,2024-08-05 20:26:55.891364,943.8783446833334,0,0,1,0,0,0,,summer,0,0,0,0
612058627,23.1,22.322327,none,0.0,0.0,10.799999,20.880001,51.46013,985.18445,,2024-08-05 04:43:25.323007,2024-08-05 20:25:35.266040,942.1657172166667,0,0,1,0,0,0,,summer,0,0,0,0
612079027,19.15,19.956589,none,0.0,0.0,7.7879906,18.359999,80.42506,989.41705,,2024-08-05 04:43:04.053871,2024-08-05 20:26:09.471038,943.0902861166667,0,0,1,0,0,0,,summer,0,0,0,0
612064827,22.55,21.998255,none,0.0,0.0,11.709688,24.119999,56.980408,985.063,,2024-08-05 04:43:44.550278,2024-08-05 20:26:02.118580,942.2928050333334,0,0,1,0,0,0,,summer,0,0,0,0
611974627,19.7,20.108418,none,0.0,0.0,7.491114,14.759999,72.18369,988.0979,,2024-08-05 04:43:15.698455,2024-08-05 20:27:24.513325,944.1469145,0,0,1,0,0,0,,summer,0,0,0,0
611971227,21.6,21.451633,none,0.0,0.0,8.707237,18.72,59.985264,990.0978,,2024-08-05 04:42:36.297434,2024-08-05 20:27:07.114914,944.5136246666666,0,0,1,0,0,0,,summer,0,0,0,0
611936227,22.45,22.297909,none,0.0,0.0,10.691453,23.759998,59.990364,986.51556,,2024-08-05 04:43:24.604269,2024-08-05 20:25:27.358068,942.0458966499999,0,0,1,0,0,0,,summer,0,0,0,0
611941627,22.55,21.998255,none,0.0,0.0,11.709688,24.119999,56.980408,984.2698,,2024-08-05 04:43:56.664581,2024-08-05 20:26:00.474720,942.0635023166667,0,0,1,0,0,0,,summer,0,0,0,0
611974827,15.2,15.164103,none,0.0,0.0,9.793059,17.28,94.05911,988.6165,,2024-08-05 04:42:49.570641,2024-08-05 20:25:47.363857,942.9632202666667,0,1,0,0,0,0,,summer,0,0,0,1
611975027,21.35,21.429457,none,0.0,0.0,7.628263,19.08,61.707893,989.7399,,2024-08-05 04:42:07.198640,2024-08-05 20:26:43.225824,944.6004530666667,0,0,1,0,0,0,,summer,0,0,0,0
612406627,14.8,15.033762,none,0.0,0.0,7.2,12.24,94.65334,986.5898,,2024-08-05 04:43:11.378606,2024-08-05 20:27:30.072804,944.3115699666666,0,1,0,0,0,0,,summer,0,0,0,1
611985027,15.8,16.354292,none,0.0,0.0,5.495161,9.36,89.927086,988.01685,,2024-08-05 04:42:24.236211,2024-08-05 20:27:02.753390,944.6419529833333,0,1,0,0,0,0,,summer,0,0,0,1
611979627,16.5,17.275621,none,0.0,0.0,5.495161,10.799999,89.40081,987.40393,,2024-08-05 04:41:15.764448,2024-08-05 20:26:59.653048,945.7314766666666,0,1,0,0,0,0,,summer,0,0,0,1
611923227,19.15,20.23288,none,0.0,0.0,6.439876,17.64,81.46007,990.2413,,2024-08-05 04:42:36.894615,2024-08-05 20:25:33.862288,942.9494612166667,0,0,1,0,0,0,,summer,0,0,0,0
612654027,17.5,18.267054,none,0.0,0.0,6.989936,16.919998,86.93482,990.2147,,2024-08-05 04:43:37.968127,2024-08-05 20:27:52.356529,944.2398066999999,0,0,1,0,0,0,,summer,0,0,0,0
612078227,22.3,23.143951,none,0.0,0.0,11.019764,24.48,64.15598,992.64886,,2024-08-05 04:43:13.086811,2024-08-05 20:25:41.559612,942.4745466833334,0,0,1,0,0,0,,summer,0,0,0,0
611912427,17.55,18.07801,none,0.0,0.0,8.4963045,18.0,86.383316,991.3961,,2024-08-05 04:43:05.350904,2024-08-05 20:26:30.024797,943.41123155,0,0,1,0,0,0,,summer,0,0,0,0
611975827,18.1,18.748808,none,0.0,0.0,6.6185193,12.599999,81.32475,989.70886,,2024-08-05 04:43:45.581479,2024-08-05 20:27:37.710853,943.8688228999999,1,0,0,0,0,0,,summer,0,0,0,0
615161627,17.65,18.420292,none,0.0,0.0,7.10031,17.28,86.39305,987.8086,,2024-08-05 04:42:14.162960,2024-08-05 20:25:51.487180,943.6220703333333,0,0,1,0,0,0,,summer,0,0,0,0
611973827,23.25,22.384697,none,0.0,0.0,10.948973,21.24,50.33075,987.12006,,2024-08-05 04:43:02.063995,2024-08-05 20:26:58.131096,943.9344516833334,0,0,1,0,0,0,,summer,0,0,0,0
612027027,17.7,18.49043,none,0.0,0.0,6.696387,16.56,85.57026,988.85315,,2024-08-05 04:42:28.039024,2024-08-05 20:26:46.207285,944.30280435,0,0,1,0,0,0,,summer,0,0,0,0
612096627,22.85,22.039478,none,0.0,0.0,10.799999,21.24,51.90322,989.89,,2024-08-05 04:42:53.594072,2024-08-05 20:26:10.191437,943.27662275,0,0,1,0,0,0,,summer,0,0,0,0
612054227,21.7,21.71777,none,0.0,0.0,8.049845,17.64,60.400196,988.63434,,2024-08-05 04:42:26.593776,2024-08-05 20:25:52.003828,943.4235008666667,0,0,1,0,0,0,,summer,0,0,0,0
611957627,22.25,22.87726,rain,0.1,0.0,11.592894,24.119999,64.14509,992.64667,,2024-08-05 04:43:04.839094,2024-08-05 20:26:24.405290,943.3261032666667,0,0,1,0,0,0,,summer,0,0,0,0
611961227,23.2,22.395813,none,0.0,0.0,10.195057,21.96,49.98785,989.6147,,2024-08-05 04:42:43.931472,2024-08-05 20:26:46.512034,944.0430093666668,0,0,1,0,0,0,,summer,0,0,0,0
611955627,23.25,22.357199,none,0.0,0.0,10.691453,21.24,49.67347,991.5525,,2024-08-05 04:43:31.885505,2024-08-05 20:27:02.253885,943.5061396666666,0,0,1,0,0,0,,summer,0,0,0,0
612049427,20.85,21.869274,none,0.0,0.0,7.42159,20.880001,74.264404,986.1654,,2024-08-06 04:46:19.243747,2024-08-06 20:24:08.013657,937.8128318333333,0,0,1,1,0,0,,summer,0,0,0,0
612118827,23.05,22.758932,none,0.0,0.0,7.92,15.4800005,52.29684,990.48047,,2024-08-06 04:44:54.646273,2024-08-06 20:24:34.045690,939.65665695,0,0,1,1,0,0,,summer,0,0,0,0
612064627,23.65,23.45986,none,0.0,0.0,7.92,18.359999,51.435886,986.3678,,2024-08-06 04:45:28.569265,2024-08-06 20:24:00.939404,938.5395023166667,0,0,1,1,0,0,,summer,0,0,0,0
612020227,19.65,20.34209,none,0.0,0.0,8.707238,20.880001,78.212364,991.5748,,2024-08-06 04:44:37.542648,2024-08-06 20:24:41.367228,940.063743,0,0,1,1,0,0,,summer,0,0,0,0
612087827,17.25,17.85952,none,0.0,0.0,6.12,11.879999,84.15598,989.7372,,2024-08-06 04:45:37.742740,2024-08-06 20:25:49.002486,940.1876624333333,0,1,0,1,0,0,,summer,0,0,0,1
612095827,16.85,17.180775,none,0.0,0.0,8.287822,13.679999,86.87362,991.8044,,2024-08-06 04:44:31.017513,2024-08-06 20:24:46.056241,940.2506454666667,0,1,0,1,0,0,,summer,0,0,0,1
612105427,18.1,18.440865,none,0.0,0.0,6.9527545,9.72,77.73006,990.19293,,2024-08-06 04:45:04.701926,2024-08-06 20:24:32.830869,939.4688157166668,0,1,0,1,0,0,,summer,0,0,0,1
612042827,22.7,23.179722,rain,0.1,0.0,7.24486,20.16,60.437725,989.9724,,2024-08-06 04:45:11.344176,2024-08-06 20:24:55.163987,939.7303301833333,0,0,1,1,0,0,,summer,0,0,0,0
612150627,20.65,21.567265,rain,0.1,0.0,8.12197,20.16,75.184395,992.20734,,2024-08-06 04:45:19.867547,2024-08-06 20:24:51.742628,939.5312513499999,0,0,1,1,0,0,,summer,0,0,0,0
611987227,14.55,14.741718,none,0.0,0.0,6.8777895,9.72,94.643234,989.222,,2024-08-06 04:45:47.946253,2024-08-06 20:24:47.270692,938.9887406500001,0,1,0,1,0,0,,summer,0,0,0,1
612101827,22.7,23.002632,none,0.0,0.0,8.587338,21.96,60.63294,990.65607,,2024-08-06 04:44:36.214435,2024-08-06 20:23:48.490441,939.2046001,0,0,1,1,0,0,,summer,0,0,0,0
611989027,14.25,14.423897,none,0.0,0.0,6.638072,9.0,95.559654,988.4017,,2024-08-06 04:44:57.732152,2024-08-06 20:24:47.038199,939.8217674499999,0,1,0,1,0,0,,summer,0,0,0,1
612049227,19.95,21.576147,none,0.0,0.0,4.1046314,15.119999,80.02157,985.835,,2024-08-06 04:47:43.555855,2024-08-06 20:23:45.867524,936.0385278166667,0,0,1,1,0,0,,summer,0,0,0,0
612076027,19.5,20.103857,none,0.0,0.0,6.151683,9.36,73.08579,988.0141,,2024-08-06 04:45:13.786433,2024-08-06 20:25:38.150956,940.4060753833332,0,0,1,1,0,0,,summer,0,0,0,0
612117827,21.75,22.222809,none,0.0,0.0,6.0347,16.199999,61.999687,989.6691,,2024-08-06 04:44:43.917892,2024-08-06 20:24:35.544405,939.8604418833334,0,0,1,1,0,0,,summer,0,0,0,0
612068627,22.45,23.197966,none,0.0,0.0,4.39436,12.24,59.79663,987.24097,,2024-08-06 04:46:48.683672,2024-08-06 20:24:49.619377,938.0155950833334,0,0,1,1,0,0,,summer,0,0,0,0
612105627,16.1,16.726997,none,0.0,0.0,6.1305785,10.799999,90.8247,994.8994,,2024-08-06 04:45:13.277134,2024-08-06 20:24:37.535829,939.4043115833333,0,1,0,1,0,0,,summer,0,0,0,1
612069427,23.05,22.758932,none,0.0,0.0,7.92,15.4800005,52.29684,989.7976,,2024-08-06 04:44:47.894745,2024-08-06 20:24:33.217666,939.7553820166667,0,0,1,1,0,0,,summer,0,0,0,0
612143227,21.8,22.275003,none,0.0,0.0,6.519877,15.4800005,62.615765,991.4033,,2024-08-06 04:44:07.628187,2024-08-06 20:23:42.690683,939.5843749333333,0,0,1,1,0,0,,summer,0,0,0,0
612419027,19.7,20.689407,none,0.0,0.0,8.049845,18.72,80.498856,990.19525,,2024-08-06 04:44:47.344199,2024-08-06 20:25:01.118734,940.2295755833333,0,0,1,1,0,0,,summer,0,0,0,0
612014227,22.45,23.839745,none,0.0,0.0,8.217153,22.319998,65.22546,991.7671,,2024-08-06 04:44:28.497937,2024-08-06 20:24:15.626359,939.7854737,0,0,1,1,0,0,,summer,0,0,0,0
612075627,23.35,23.484833,none,0.0,0.0,6.638072,18.0,53.758945,988.7265,,2024-08-06 04:46:07.842681,2024-08-06 20:25:34.004665,939.4360330666666,0,0,1,1,0,0,,summer,0,0,0,0
612022627,21.65,22.66912,rain,0.1,0.0,8.891344,21.599998,69.81182,991.8366,,2024-08-06 04:44:53.366733,2024-08-06 20:24:04.621512,939.1875796500001,0,0,1,1,0,0,,summer,0,0,0,0
612316027,14.6,14.656267,none,0.0,0.0,8.049845,9.72,94.953094,990.47876,,2024-08-07 04:47:17.088756,2024-08-07 20:21:34.419774,934.2888502999999,0,1,0,2,0,0,,summer,0,0,0,1
612175227,22.65,22.29947,none,0.0,0.0,7.42159,14.759999,52.192734,987.0123,,2024-08-07 04:47:29.641447,2024-08-07 20:21:46.714871,934.2845570666667,0,0,1,2,0,0,,summer,0,0,0,0
612221227,19.8,21.19119,none,0.0,0.0,5.154415,14.4,79.74659,995.35724,,2024-08-07 04:47:06.057355,2024-08-07 20:21:35.128923,934.4845261333334,0,0,1,2,0,0,,summer,0,0,0,0
612179227,21.8,23.603268,none,0.0,0.0,4.379589,16.199999,70.28747,991.68304,,2024-08-07 04:46:51.094756,2024-08-07 20:22:23.381169,935.5381068833334,0,0,1,2,0,0,,summer,0,0,0,0
612141227,21.8,23.603268,none,0.0,0.0,4.379589,16.199999,70.28747,992.48474,,2024-08-07 04:47:12.111217,2024-08-07 20:22:40.217111,935.4684315666667,0,0,1,2,0,0,,summer,0,0,0,0
612183027,23.05,22.962646,none,0.0,0.0,6.638072,17.28,52.46828,991.6394,,2024-08-07 04:47:55.098987,2024-08-07 20:23:42.525202,935.7904369166666,0,0,1,2,0,0,,summer,0,0,0,0
612151027,22.7,23.437763,none,0.0,0.0,4.2136917,15.119999,58.51581,989.8966,,2024-08-07 04:47:12.832155,2024-08-07 20:23:31.626081,936.3132320999999,0,0,1,2,0,0,,summer,0,0,0,0
612182027,19.8,20.42529,none,0.0,0.0,5.6233797,9.72,71.0456,986.5916,,2024-08-07 04:47:45.901278,2024-08-07 20:23:07.975232,935.3678992333333,0,0,1,2,0,0,,summer,0,0,0,0
612476427,18.7,18.907873,none,0.0,0.0,7.491114,12.24,74.13741,991.2187,,2024-08-07 04:46:17.109665,2024-08-07 20:22:51.529550,936.57366475,0,1,0,2,0,0,,summer,0,0,0,1
612125827,19.85,21.351208,none,0.0,0.0,4.6800003,13.679999,80.007904,990.85785,,2024-08-07 04:46:48.588418,2024-08-07 20:22:31.127108,935.7089781666667,0,0,1,2,0,0,,summer,0,0,0,0
612182427,14.8,15.744753,none,0.0,0.0,3.8268526,9.0,98.40055,984.33136,,2024-08-07 04:48:35.748747,2024-08-07 20:23:24.070458,934.8053618499999,0,0,1,2,0,0,,summer,0,0,0,0
612182827,21.65,22.325893,none,0.0,0.0,5.904439,13.679999,64.42862,994.6897,,2024-08-07 04:46:51.321425,2024-08-07 20:21:23.249070,934.5321274166668,0,0,1,2,0,0,,summer,0,0,0,0
612376027,21.5,22.13851,none,0.0,0.0,5.3999996,13.679999,63.774876,989.3921,,2024-08-07 04:45:58.387107,2024-08-07 20:21:48.039873,935.8275461,0,0,1,2,0,0,,summer,0,0,0,0
612106027,14.25,14.566065,none,0.0,0.0,5.904439,8.28,96.18316,987.6835,,2024-08-07 04:48:07.326299,2024-08-07 20:21:27.572353,933.3374342333334,0,1,0,2,0,0,,summer,0,0,0,1
612188427,18.35,18.38449,none,0.0,0.0,8.435069,12.959999,75.29005,990.52057,,2024-08-07 04:47:06.958918,2024-08-07 20:22:47.557778,935.6766476666667,0,1,0,2,0,0,,summer,0,0,0,1
612168027,22.75,22.989492,rain,0.1,0.0,5.4477882,13.679999,55.024414,988.31976,,2024-08-07 04:46:49.651295,2024-08-07 20:22:43.719185,935.9011315,0,0,1,2,0,0,,summer,0,0,0,0
612171027,14.25,14.5264225,none,0.0,0.0,6.297428,9.36,96.49627,992.1388,,2024-08-07 04:46:22.472047,2024-08-07 20:21:08.567575,934.7682588,0,1,0,2,0,0,,summer,0,0,0,1
615153427,19.75,20.24295,none,0.0,0.0,5.904439,9.36,70.12285,991.1837,,2024-08-07 04:46:01.290676,2024-08-07 20:21:34.991106,935.5616738333333,0,0,1,2,0,0,,summer,0,0,0,0
612149427,22.3,23.813114,rain,0.1,0.0,4.73506,17.28,63.745064,989.41425,,2024-08-07 04:46:36.561564,2024-08-07 20:23:05.491945,936.4821730166666,0,0,1,2,0,0,,summer,0,0,0,0
612170227,22.85,23.267365,none,0.0,0.0,7.289445,17.64,59.31357,988.6205,,2024-08-07 04:48:25.006621,2024-08-07 20:22:10.713173,933.7617758666668,0,0,1,2,0,0,,summer,0,0,0,0
612216027,20.6,21.437778,none,0.0,0.0,7.7043357,20.519999,73.74906,984.0117,,2024-08-08 04:49:55.895374,2024-08-08 20:19:56.282294,930.0064486666666,0,0,1,3,0,0,,summer,0,0,0,0
612288427,22.0,21.416172,rain,1.4,0.0,12.661564,24.119999,60.07926,990.89294,,2024-08-08 04:49:38.661862,2024-08-08 20:21:13.508795,931.5807822166666,0,0,1,3,0,0,,summer,0,0,0,0
612256227,23.55,23.671541,none,0.0,0.0,6.489992,18.359999,52.769485,992.7553,,2024-08-08 04:48:38.485872,2024-08-08 20:19:21.158831,930.7112159833334,0,0,1,3,0,0,,summer,0,0,0,0
612262627,19.8,18.475777,rain,0.7,0.0,21.322214,36.36,75.28563,994.5002,,2024-08-08 04:48:49.400700,2024-08-08 20:19:57.154623,931.1292320499999,0,0,1,3,0,0,,summer,0,0,1,0
612271227,21.3,21.525194,none,0.0,0.0,10.163227,24.48,67.75943,992.7185,,2024-08-08 04:48:24.188829,2024-08-08 20:20:18.530854,931.9057004166666,0,0,1,3,0,0,,summer,0,0,0,0
612242827,23.05,23.885363,rain,0.1,0.0,5.1165614,18.72,56.91826,990.3866,,2024-08-08 04:49:30.707359,2024-08-08 20:21:14.096774,931.7231569166667,0,0,1,3,0,0,,summer,0,0,0,0
612282027,21.15,21.33253,rain,0.1,0.0,10.587917,23.759998,68.605835,990.17065,,2024-08-08 04:48:37.424399,2024-08-08 20:20:07.997813,931.5095569,0,0,1,3,0,0,,summer,0,0,0,0
612212627,20.75,21.64881,none,0.0,0.0,7.42159,18.72,73.304855,990.522,,2024-08-08 04:49:09.465221,2024-08-08 20:20:46.145365,931.6113357333332,0,0,1,3,0,0,,summer,0,0,0,0
613667827,16.8,17.04586,none,0.0,0.0,6.989936,11.879999,83.02188,991.02264,,2024-08-08 04:48:00.248898,2024-08-08 20:19:39.828072,931.6596529,0,1,0,3,0,0,,summer,0,0,0,1
612285227,16.4,16.755129,none,0.0,0.0,8.12197,14.759999,89.39307,988.5314,,2024-08-08 04:49:52.573245,2024-08-08 20:20:30.729327,930.6359347,0,1,0,3,0,0,,summer,0,0,0,1
612355827,23.1,24.213377,rain,0.1,0.0,8.225035,20.880001,58.99109,993.0112,,2024-08-08 04:49:06.061115,2024-08-08 20:19:57.517014,930.8575983166667,0,0,1,3,0,0,,summer,0,0,0,0
614181227,21.45,22.290121,rain,0.1,0.0,7.4128532,19.8,69.55053,989.27527,,2024-08-08 04:50:05.912002,2024-08-08 20:20:35.406422,930.4915736666667,0,0,1,3,0,0,,summer,0,0,0,0
612199827,17.65,18.373312,none,0.0,0.0,7.289444,16.199999,86.116295,988.8195,,2024-08-08 04:49:56.782448,2024-08-08 20:20:35.613036,930.6471764666666,0,0,1,3,0,0,,summer,0,0,0,0
612271627,21.0,20.865318,rain,0.2,0.0,10.829958,25.56,65.97359,986.9752,,2024-08-08 04:49:36.256786,2024-08-08 20:19:36.156289,929.9983250500001,0,0,1,3,0,0,,summer,0,0,0,0
612355027,23.55,23.671541,none,0.0,0.0,6.489992,18.359999,52.769485,991.61646,,2024-08-08 04:48:44.410241,2024-08-08 20:19:48.011133,931.0600148666667,0,0,1,3,0,0,,summer,0,0,0,0
612274027,20.9,21.378847,none,0.0,0.0,8.557102,19.8,69.667595,991.3345,,2024-08-08 04:47:50.728692,2024-08-08 20:19:18.494687,931.4627665833334,0,0,1,3,0,0,,summer,0,0,0,0
612200627,17.95,18.948042,none,0.0,0.0,5.8048253,14.04,85.32203,992.3154,,2024-08-08 04:48:21.509517,2024-08-08 20:20:12.801013,931.8548582666666,0,0,1,3,0,0,,summer,0,0,0,0
612274827,21.15,21.303997,none,0.0,0.0,10.390226,24.119999,67.94737,991.1853,,2024-08-08 04:48:29.060412,2024-08-08 20:20:43.631227,932.2428469166666,0,0,1,3,0,0,,summer,0,0,0,0
612283027,20.9,21.29089,none,0.0,0.0,9.028754,19.08,69.44408,992.483,,2024-08-08 04:48:37.654044,2024-08-08 20:19:17.111406,930.6576227,0,0,1,3,0,0,,summer,0,0,0,0
612402627,16.15,16.426386,none,0.0,0.0,8.28,15.119999,89.952965,990.6635,,2024-08-08 04:47:45.973164,2024-08-08 20:19:56.192379,932.1703202499999,0,1,0,3,0,0,,summer,0,0,0,1
612301227,17.8,18.350735,none,0.0,0.0,7.42159,11.879999,83.14084,991.1374,,2024-08-08 04:47:55.143052,2024-08-08 20:19:15.851944,931.3451482,0,1,0,3,0,0,,summer,0,0,0,1
612406227,18.55,19.58037,none,0.0,0.0,6.12,12.599999,83.22929,993.15393,,2024-08-08 04:48:26.458884,2024-08-08 20:19:59.351034,931.5482025,0,0,1,3,0,0,,summer,0,0,0,0
612981627,19.15,19.166378,none,0.0,0.0,10.308831,20.16,74.93655,989.7584,,2024-08-08 04:48:20.499292,2024-08-08 20:20:50.724776,932.5037580666667,0,0,1,3,0,0,,summer,0,0,0,0
612218027,19.35,20.250921,none,0.0,0.0,7.4128532,17.28,79.93941,993.35474,,2024-08-08 04:48:53.380295,2024-08-08 20:20:01.070707,931.1281735333334,0,0,1,3,0,0,,summer,0,0,0,0
612311627,15.95,15.90513,none,0.0,0.0,10.483357,19.44,91.10834,992.8228,,2024-08-09 04:50:57.723552,2024-08-09 20:17:14.819547,926.2849332500001,0,0,1,4,0,0,,summer,0,0,0,0
612361827,21.25,21.161522,rain,0.1,0.0,11.019764,24.119999,65.81352,988.75305,,2024-08-09 04:51:26.545251,2024-08-09 20:17:58.225245,926.5279998999999,0,0,1,4,0,0,,summer,0,0,0,0
612381827,19.95,18.847391,none,0.0,0.0,15.137133,30.239998,66.18129,991.2438,,2024-08-09 04:50:12.631073,2024-08-09 20:19:00.933053,928.805033,0,0,1,4,0,0,,summer,0,0,1,0
612387827,21.0,20.293306,rain,0.1,0.0,12.538134,27.359999,62.23271,987.9668,,2024-08-09 04:53:11.066314,2024-08-09 20:18:01.919581,924.84755445,0,0,1,4,0,0,,summer,0,0,0,0
612321027,17.0,17.029234,none,0.0,0.0,10.483357,21.96,86.32952,992.5218,,2024-08-09 04:51:50.189301,2024-08-09 20:18:36.172553,926.7663875333333,0,0,1,4,0,0,,summer,0,0,0,0
612387427,21.7,21.165813,none,0.0,0.0,11.592894,24.48,60.0088,992.9701,,2024-08-09 04:52:55.496488,2024-08-09 20:17:13.231838,924.2955891666667,0,0,1,4,0,0,,summer,0,0,0,0
612317027,19.3,19.672684,rain,0.1,0.0,9.028754,21.599998,76.42342,995.91156,,2024-08-09 04:50:16.624152,2024-08-09 20:17:41.683103,927.4176491833333,0,0,1,4,0,0,,summer,0,0,0,0
612711827,16.2,16.509487,none,0.0,0.0,6.924738,9.72,87.09383,993.8576,,2024-08-09 04:51:00.520079,2024-08-09 20:18:30.373868,927.49756315,0,1,0,4,0,0,,summer,0,0,0,1
612385227,19.6,19.856764,none,0.0,0.0,8.4042845,24.119999,72.39905,991.9107,,2024-08-09 04:51:27.180448,2024-08-09 20:19:18.132025,927.84919295,0,0,1,4,0,0,,summer,0,0,0,0
613490227,21.85,20.603159,none,0.0,0.0,12.57426,25.56,53.19844,989.69556,,2024-08-09 04:51:51.908271,2024-08-09 20:18:18.059721,926.4358575,0,0,1,4,0,0,,summer,0,0,0,0
612323827,19.15,19.472168,rain,0.1,0.0,8.854829,21.599998,76.15414,992.0652,,2024-08-09 04:49:58.406183,2024-08-09 20:18:03.456837,928.0841775666667,0,0,1,4,0,0,,summer,0,0,0,0
612310427,15.75,15.62252,none,0.0,0.0,11.177405,20.16,92.57878,990.4546,,2024-08-09 04:50:49.988579,2024-08-09 20:18:21.018962,927.51717305,0,0,1,4,0,0,,summer,0,0,0,0
612404427,21.35,20.90377,none,0.0,0.0,11.720751,23.039999,62.514523,993.65393,,2024-08-09 04:50:48.441510,2024-08-09 20:18:01.128586,927.2114512666667,0,0,1,4,0,0,,summer,0,0,0,0
612387227,21.75,20.928839,none,0.0,0.0,10.990322,25.919998,55.67813,991.61475,,2024-08-09 04:54:11.970452,2024-08-09 20:18:03.143131,923.8528779833334,0,0,1,4,0,0,,summer,0,0,0,0
612732627,21.5,21.710161,rain,0.2,0.0,12.261157,24.84,65.44319,997.4105,,2024-08-09 04:50:55.688981,2024-08-09 20:17:40.622586,926.7488934166666,0,0,1,4,0,0,,summer,0,0,0,0
612334827,20.25,20.594563,rain,0.1,0.0,9.983106,22.68,72.98288,990.8899,,2024-08-09 04:51:03.597936,2024-08-09 20:17:32.051731,926.4742299166667,0,0,1,4,0,0,,summer,0,0,0,0
612386827,21.5,21.710161,rain,0.2,0.0,12.261157,24.84,65.44319,995.2221,,2024-08-09 04:50:32.641763,2024-08-09 20:17:40.057188,927.1235904166666,0,0,1,4,0,0,,summer,0,0,0,0
612386427,16.35,16.58766,none,0.0,0.0,6.924738,11.159999,85.153786,993.7501,,2024-08-09 04:50:05.460359,2024-08-09 20:17:20.552218,927.2515309833333,1,0,0,4,0,0,,summer,0,0,0,0
612344627,20.1,20.394453,rain,0.1,0.0,9.693296,22.319998,72.95643,988.10767,,2024-08-09 04:51:25.718806,2024-08-09 20:17:58.051910,926.5388850666666,0,0,1,4,0,0,,summer,0,0,0,0
612301827,15.35,15.631197,none,0.0,0.0,8.12197,14.4,94.37022,989.3675,,2024-08-09 04:51:04.962716,2024-08-09 20:17:33.232290,926.4711595666666,0,1,0,4,0,0,,summer,0,0,0,1
612332027,18.35,18.818935,rain,0.1,0.0,8.766573,20.880001,81.88154,993.8493,,2024-08-09 04:50:33.241632,2024-08-09 20:17:53.179885,927.3323042166667,0,0,1,4,0,0,,summer,0,0,0,0
612538227,21.35,20.90377,none,0.0,0.0,11.720751,23.039999,62.514523,992.0472,,2024-08-09 04:50:38.719707,2024-08-09 20:18:15.465609,927.6124317,0,0,1,4,0,0,,summer,0,0,0,0
612309227,15.2,15.048386,none,0.0,0.0,11.090103,21.96,95.28335,991.46747,,2024-08-09 04:50:17.422098,2024-08-09 20:18:37.606398,928.336405,0,0,1,4,0,0,,summer,0,0,0,0
612387027,21.0,21.735142,rain,0.2,0.0,10.514218,23.039999,69.463455,996.67694,,2024-08-09 04:50:45.885048,2024-08-09 20:17:50.951059,927.0844335166668,0,0,1,4,0,0,,summer,0,0,0,0
612384427,17.5,17.976116,none,0.0,0.0,6.151683,12.599999,80.98427,992.23114,,2024-08-09 04:50:14.722212,2024-08-09 20:18:39.219427,928.4082869166667,0,0,1,4,0,0,,summer,0,0,0,0
612389427,15.45,15.834682,none,0.0,0.0,6.28713,9.36,91.07539,991.8198,,2024-08-09 04:50:55.467523,2024-08-09 20:18:53.046269,927.9596457666667,0,1,0,4,0,0,,summer,0,0,0,1
612933427,16.15,16.606861,none,0.0,0.0,6.28713,9.72,88.224915,992.1021,,2024-08-09 04:50:52.111098,2024-08-09 20:18:35.806325,927.7282537833332,0,1,0,4,0,0,,summer,0,0,0,1
612683227,14.15,14.420832,none,0.0,0.0,5.495161,9.0,94.935875,994.1397,,2024-08-10 04:51:51.386668,2024-08-10 20:16:01.322607,924.1655989833333,0,1,0,5,1,0,,summer,0,0,0,1
612392227,13.4,13.526249,none,0.0,0.0,5.315336,9.36,96.4734,990.7919,,2024-08-10 04:53:45.840271,2024-08-10 20:16:09.082970,922.3873783166667,0,1,0,5,1,0,,summer,0,0,0,1
612393027,13.05,13.021481,none,0.0,0.0,6.6087217,11.159999,99.3487,991.7282,,2024-08-10 04:53:05.712610,2024-08-10 20:15:15.735606,922.1670499333334,0,0,1,5,1,0,,summer,0,0,0,0
612413627,20.0,20.301958,none,0.0,0.0,9.511088,22.68,73.173706,996.771,,2024-08-10 04:52:41.981090,2024-08-10 20:14:57.263084,922.2546999,0,0,1,5,1,0,,summer,0,0,0,0
612453227,23.4,22.6266,none,0.0,0.0,9.983106,19.8,49.387787,993.44104,,2024-08-10 04:52:53.497995,2024-08-10 20:15:26.950243,922.5575374666666,0,0,1,5,1,0,,summer,0,0,0,0
612408227,19.9,20.710337,none,0.0,0.0,7.8954163,21.24,77.0091,991.91394,,2024-08-10 04:52:59.844700,2024-08-10 20:16:45.349571,923.7584145166667,0,0,1,5,1,0,,summer,0,0,0,0
612427627,22.9,23.24727,none,0.0,0.0,10.538843,25.199999,57.437424,991.9323,,2024-08-10 04:52:33.354600,2024-08-10 20:15:54.580122,923.3537587,0,0,1,5,1,0,,summer,0,0,0,0
612392827,12.45,12.443119,none,0.0,0.0,5.315336,9.72,100.0,989.8168,,2024-08-10 04:54:02.796846,2024-08-10 20:15:38.036544,921.5873283,0,1,0,5,1,0,,summer,0,0,0,1
612462627,18.5,18.406998,none,0.0,0.0,8.699793,20.880001,73.38446,991.1889,,2024-08-10 04:52:56.416025,2024-08-10 20:15:02.927647,922.1085270333333,0,1,0,5,1,0,,summer,0,0,0,1
612553427,24.05,22.810444,none,0.0,0.0,10.495713,19.08,43.72775,987.4642,,2024-08-10 04:53:24.218582,2024-08-10 20:15:07.898575,921.7279998833333,0,0,1,5,1,0,,summer,0,0,0,0
612427827,22.35,23.200945,rain,0.1,0.0,9.255571,24.84,61.9357,992.73175,,2024-08-10 04:52:32.217147,2024-08-10 20:16:21.211705,923.8165759666666,0,0,1,5,1,0,,summer,0,0,0,0
612393827,14.35,14.789507,none,0.0,0.0,6.4096174,14.4,99.034256,990.0232,,2024-08-10 04:53:46.727085,2024-08-10 20:15:12.526869,921.4299964,0,0,1,5,1,0,,summer,0,0,0,0
612392627,12.85,12.773651,none,0.0,0.0,5.904439,9.0,97.73331,991.7539,,2024-08-10 04:52:36.023202,2024-08-10 20:16:44.697437,924.1445705833333,0,1,0,5,1,0,,summer,0,0,0,1
614115427,23.7,22.421474,none,0.0,0.0,10.661107,20.880001,44.509647,990.15845,,2024-08-10 04:53:29.247037,2024-08-10 20:16:22.308696,922.8843609833333,0,0,1,5,1,0,,summer,0,0,0,0
612398027,13.75,13.824499,none,0.0,0.0,6.3690495,9.0,96.16855,994.6846,,2024-08-10 04:52:36.817565,2024-08-10 20:15:38.873562,923.0342666166667,0,1,0,5,1,0,,summer,0,0,0,1
612687227,14.6,14.937683,none,0.0,0.0,5.634891,9.0,93.72697,993.69824,,2024-08-10 04:52:08.604343,2024-08-10 20:15:52.176860,923.7262086166667,0,1,0,5,1,0,,summer,0,0,0,1
612646027,14.55,14.879351,none,0.0,0.0,5.692099,9.36,94.02994,990.87787,,2024-08-10 04:53:18.163125,2024-08-10 20:15:11.560676,921.8899591833334,0,1,0,5,1,0,,summer,0,0,0,1
612450027,21.95,22.20552,none,0.0,0.0,6.297428,14.759999,59.29216,991.6921,,2024-08-10 04:53:04.470994,2024-08-10 20:15:59.823001,922.9225334500001,0,0,1,5,1,0,,summer,0,0,0,0
612454027,18.2,18.319933,rain,0.1,0.0,9.220499,18.72,78.757065,993.15955,,2024-08-10 04:53:17.624347,2024-08-10 20:16:52.149039,923.5754115333333,0,1,0,5,1,0,,summer,0,0,0,1
612448427,23.75,22.180635,none,0.0,0.0,12.245293,22.319998,43.789772,989.83685,,2024-08-10 04:52:50.943524,2024-08-10 20:16:39.348641,923.80675195,0,0,1,5,1,0,,summer,0,0,0,0
612469627,18.35,18.290443,none,0.0,0.0,9.449572,14.759999,76.02597,991.9975,,2024-08-10 04:52:18.814860,2024-08-10 20:15:03.418864,922.7434000666667,0,1,0,5,1,0,,summer,0,0,0,1
621915427,18.2,18.319933,rain,0.1,0.0,9.220499,18.72,78.757065,993.6242,,2024-08-10 04:53:16.174544,2024-08-10 20:16:52.899261,923.6120786166666,0,1,0,5,1,0,,summer,0,0,0,1
612453427,20.65,20.336048,none,0.0,0.0,9.726664,14.759999,63.380695,994.08093,,2024-08-10 04:52:46.353832,2024-08-10 20:15:25.046175,922.6448723833333,0,0,1,5,1,0,,summer,0,0,0,0
612407827,19.85,20.305283,none,0.0,0.0,8.854829,22.319998,74.57225,993.96954,,2024-08-10 04:53:18.851665,2024-08-10 20:16:10.217444,922.8560963166667,0,0,1,5,1,0,,summer,0,0,0,0
612760827,19.55,16.571966,none,0.0,0.0,18.345877,35.28,50.00989,980.9341,,2024-08-11 04:55:07.318543,2024-08-11 20:13:29.339381,918.3670139666666,0,0,1,6,1,0,,summer,0,0,1,0
612504627,16.35,13.729279,rain,2.6,0.0,23.233253,40.32,77.71798,982.896,,2024-08-11 04:54:39.408115,2024-08-11 20:14:26.204845,919.7799455,0,0,1,6,1,0,,summer,0,0,1,0
612530827,15.15,13.764511,none,0.0,0.0,10.703569,21.599998,74.01154,983.2052,,2024-08-11 04:53:34.874418,2024-08-11 20:12:57.220369,919.3724325166667,1,0,0,6,1,0,,summer,0,0,0,0
612531227,14.35,13.248106,none,0.0,0.0,9.0645685,16.919998,78.710205,983.6174,,2024-08-11 04:53:46.071987,2024-08-11 20:12:38.145804,918.8678969499999,0,1,0,6,1,0,,summer,0,0,0,1
612505427,17.05,15.540903,rain,1.9,0.0,19.13426,40.68,74.09585,980.80414,,2024-08-11 04:55:53.588399,2024-08-11 20:13:29.240463,917.5942010666666,0,0,1,6,1,0,,summer,0,0,1,0
612527427,14.25,12.709616,none,0.0,0.0,11.165805,18.359999,76.88023,983.35956,,2024-08-11 04:55:16.704764,2024-08-11 20:12:45.605059,917.4816715833333,0,1,0,6,1,0,,summer,0,0,0,1
612481227,18.9,18.782495,rain,0.1,0.0,12.522619,24.84,78.605255,985.6609,,2024-08-11 04:54:25.586347,2024-08-11 20:13:48.398570,919.3802037166666,0,0,1,6,1,0,,summer,0,0,0,0
612506427,19.0,16.381351,rain,0.1,0.0,19.969458,40.32,59.564762,981.93805,,2024-08-11 04:55:45.649668,2024-08-11 20:13:01.116454,917.2577797666667,0,0,1,6,1,0,,summer,0,0,1,0
612472227,16.0,16.190283,none,0.0,0.0,10.948973,18.0,95.61819,984.49805,,2024-08-11 04:55:22.413945,2024-08-11 20:13:32.519583,918.1684273,1,0,1,6,1,0,,summer,0,0,0,0
612518627,17.45,15.381496,none,0.0,0.0,15.281989,31.319998,63.713787,985.4162,,2024-08-11 04:54:18.635538,2024-08-11 20:13:58.788824,919.6692214333333,0,0,1,6,1,0,,summer,0,0,1,0
612557027,18.1,18.644394,rain,0.1,0.0,7.5942073,23.759998,81.85001,987.5184,,2024-08-11 04:54:09.813465,2024-08-11 20:13:56.056317,919.7707142,0,0,1,6,1,0,,summer,0,0,0,0
612471227,15.75,15.82493,none,0.0,0.0,11.212135,18.359999,95.91776,991.42035,,2024-08-11 04:54:57.946580,2024-08-11 20:13:39.481620,918.6922506666667,1,0,1,6,1,0,,summer,0,0,0,0
612521827,15.05,13.640743,none,0.0,0.0,10.464798,20.16,73.502304,980.8257,,2024-08-11 04:55:04.848744,2024-08-11 20:13:25.057766,918.3368170333334,1,0,0,6,1,0,,summer,0,0,0,0
612514427,19.55,16.5219,none,0.0,0.0,19.242327,36.36,51.031876,985.7364,,2024-08-11 04:54:13.344820,2024-08-11 20:13:06.555813,918.8868498833333,0,0,1,6,1,0,,summer,0,0,1,0
612489827,16.35,15.2295685,rain,3.4,0.0,15.629971,36.719997,83.78177,985.61163,,2024-08-11 04:54:26.208480,2024-08-11 20:13:59.555721,919.5557873500001,0,0,1,6,1,0,,summer,0,0,1,0
619183227,9.75,6.25795,none,0.0,0.0,18.762356,35.28,83.28161,991.60406,,2024-10-11 06:54:39.387971,2024-10-11 17:40:09.844566,645.5076099166668,0,1,0,4,0,0,,autumn,0,0,1,1
612579827,16.45,14.871849,none,0.0,0.0,12.429127,26.64,69.021324,985.7222,,2024-08-11 04:53:54.098033,2024-08-11 20:12:15.495197,918.3566194,0,0,1,6,1,0,,summer,0,0,0,0
612520227,15.85,14.560673,none,0.0,0.0,10.24578,24.84,71.237564,983.3678,,2024-08-11 04:54:07.246971,2024-08-11 20:14:04.075922,919.9471491833334,1,0,0,6,1,0,,summer,0,0,0,0
612514827,19.25,15.920624,none,0.0,0.0,19.855558,37.079998,49.257187,982.98486,,2024-08-11 04:55:33.952281,2024-08-11 20:14:09.028032,918.5845958499999,0,0,1,6,1,0,,summer,0,0,1,0
612501627,17.55,17.302181,rain,0.2,0.0,9.885262,28.44,78.153175,984.3622,,2024-08-11 04:54:06.380788,2024-08-11 20:14:02.013074,919.9272047666667,0,0,1,6,1,0,,summer,0,0,0,0
612481427,19.1,19.258858,rain,0.1,0.0,10.495713,23.759998,77.38143,986.741,,2024-08-11 04:53:58.935795,2024-08-11 20:13:49.834489,919.8483115666667,0,0,1,6,1,0,,summer,0,0,0,0
612515627,19.7,16.605265,none,0.0,0.0,18.692286,34.56,48.716248,986.3347,,2024-08-11 04:54:45.843460,2024-08-11 20:13:22.636356,918.6132149333333,0,0,1,6,1,0,,summer,0,0,1,0
612522827,15.4,14.111742,none,0.0,0.0,10.137692,21.96,73.07614,985.8756,,2024-08-11 04:53:53.789755,2024-08-11 20:12:24.741781,918.5158671,0,1,0,6,1,0,,summer,0,0,0,1
612510427,17.7,16.726261,rain,2.4,0.0,15.84409,35.64,79.45318,987.91626,,2024-08-11 04:57:03.276422,2024-08-11 20:15:47.126795,918.73083955,0,0,1,6,1,0,,summer,0,0,1,0
612605027,18.9,15.132637,rain,0.1,0.0,22.682856,39.6,50.003674,983.69855,,2024-08-12 04:56:44.330154,2024-08-12 20:11:51.276761,915.1157767833333,0,0,1,0,0,0,,summer,0,0,1,0
612608227,19.1,15.324728,none,0.0,0.0,22.473343,40.32,48.88342,984.05505,,2024-08-12 04:56:33.985014,2024-08-12 20:11:17.527862,914.7257141333333,0,0,1,0,0,0,,summer,0,0,1,0
612536627,12.1,9.876931,none,0.0,0.0,16.45007,28.08,90.24707,982.93976,,2024-08-12 04:55:39.975367,2024-08-12 20:10:46.224917,915.1041591666667,0,0,1,0,0,0,,summer,0,0,1,0
612730627,12.4,10.714015,none,0.0,0.0,13.276144,22.68,89.96939,982.64667,,2024-08-12 04:56:00.524870,2024-08-12 20:11:45.880251,915.7559230166667,0,1,0,0,0,0,,summer,0,0,0,1
612620827,16.0,13.844791,none,0.0,0.0,15.379206,30.960001,68.7017,985.8035,,2024-08-12 04:55:43.142670,2024-08-12 20:11:24.251572,915.6851483666667,0,0,1,0,0,0,,summer,0,0,1,0
612658627,18.6,15.061056,rain,0.1,0.0,25.1614,46.8,58.877335,982.1555,,2024-08-12 04:56:47.123370,2024-08-12 20:10:45.191047,913.9677946166667,0,0,1,0,0,0,,summer,0,0,1,0
612616827,18.3,15.20459,none,0.0,0.0,19.8,38.88,55.35917,984.6777,,2024-08-12 04:55:56.414221,2024-08-12 20:10:20.689233,914.4045835333333,0,0,1,0,0,0,,summer,0,0,1,0
612578427,18.0,15.109047,none,0.0,0.0,22.782625,46.44,65.33412,984.7576,,2024-08-12 04:55:32.482342,2024-08-12 20:10:08.625948,914.6023934333333,0,0,1,0,0,0,,summer,0,0,1,0
612801227,18.65,15.110674,rain,0.1,0.0,25.264202,45.0,58.889446,988.05457,,2024-08-12 04:56:24.584999,2024-08-12 20:10:43.554768,914.3161628166667,0,0,1,0,0,0,,summer,0,0,1,0
613407427,17.45,14.296347,rain,0.1,0.0,24.162947,46.8,66.7476,981.598,,2024-08-12 04:57:10.723243,2024-08-12 20:10:41.408214,913.5114161833334,0,0,1,0,0,0,,summer,0,0,1,0
612641627,18.95,15.190264,rain,0.1,0.0,22.89611,44.28,50.35734,985.0135,,2024-08-12 04:56:08.045966,2024-08-12 20:11:40.174160,915.5354699,0,0,1,0,0,0,,summer,0,0,1,0
613785627,13.9,11.894873,none,0.0,0.0,15.463246,28.8,81.57891,986.4761,,2024-08-12 04:55:34.811665,2024-08-12 20:09:55.356501,914.3424139333333,0,1,0,0,0,0,,summer,0,0,1,1
612621227,14.15,11.835905,none,0.0,0.0,17.072504,28.44,78.94323,983.7503,,2024-08-12 04:56:46.888957,2024-08-12 20:10:31.943173,913.7509035999999,0,1,0,0,0,0,,summer,0,0,1,1
612785027,18.2,14.608288,none,0.0,0.0,23.86341,47.88,57.034,983.9171,,2024-08-12 04:55:58.294848,2024-08-12 20:10:18.675116,914.3396711333334,0,0,1,0,0,0,,summer,0,0,1,0
612534027,11.15,9.112192,none,0.0,0.0,14.578888,25.56,94.187874,978.124,,2024-08-12 04:57:31.536620,2024-08-12 20:10:59.950894,913.4735712333334,0,1,0,0,0,0,,summer,0,0,0,1
612567027,15.9,13.308752,none,0.0,0.0,20.945072,39.96,75.12931,987.0491,,2024-08-12 04:56:52.583156,2024-08-12 20:11:34.244535,914.6943563166666,0,0,1,0,0,0,,summer,0,0,1,0
612642627,15.8,13.701712,none,0.0,0.0,15.1884165,30.239998,70.05113,982.1629,,2024-08-12 04:57:24.919008,2024-08-12 20:11:52.512043,914.4598839166666,0,0,1,0,0,0,,summer,0,0,1,0
612789827,19.05,15.248772,none,0.0,0.0,23.269482,45.0,50.213978,984.7897,,2024-08-12 04:55:58.245789,2024-08-12 20:10:22.733065,914.4081212666666,0,0,1,0,0,0,,summer,0,0,1,0
612565427,17.0,14.230289,none,0.0,0.0,22.380884,45.0,70.51615,986.4834,,2024-08-12 04:55:58.459160,2024-08-12 20:10:55.861267,914.9567017833334,0,0,1,0,0,0,,summer,0,0,1,0
612646627,14.3,11.806175,none,0.0,0.0,20.172853,39.239998,82.993164,983.67535,,2024-08-12 04:56:19.775894,2024-08-12 20:11:22.760129,915.04973725,0,0,1,0,0,0,,summer,0,0,1,0
612731427,18.05,14.745174,none,0.0,0.0,21.611996,46.8,56.99658,980.5287,,2024-08-12 04:57:32.484768,2024-08-12 20:10:41.225421,913.14567755,0,0,1,0,0,0,,summer,0,0,1,0
612690027,18.95,16.716911,none,0.0,0.0,17.429354,32.399998,59.94954,987.4472,,2024-08-13 04:58:49.272499,2024-08-13 20:08:01.063064,909.1965094166667,0,0,1,1,0,0,,summer,0,0,1,0
612700227,16.35,15.291311,none,0.0,0.0,13.551501,23.759998,80.0431,986.1975,,2024-08-13 04:58:31.562076,2024-08-13 20:09:58.075726,911.4418941666667,0,0,1,1,0,0,,summer,0,0,0,0
612648227,15.8,13.763025,none,0.0,0.0,16.299694,33.12,73.63457,982.98004,,2024-08-13 05:02:18.764789,2024-08-13 20:10:37.983361,908.3203095333333,0,0,1,1,0,0,,summer,0,0,1,0
612641027,16.45,14.7472515,none,0.0,0.0,16.489416,35.64,76.21723,989.09186,,2024-08-13 04:58:47.863212,2024-08-13 20:09:16.960149,910.48494895,0,0,1,1,0,0,,summer,0,0,1,0
612683627,19.45,17.099258,rain,0.1,0.0,17.414474,32.039997,56.58632,989.99316,,2024-08-13 04:58:41.698317,2024-08-13 20:08:59.775137,910.3012803333334,0,0,1,1,0,0,,summer,0,0,1,0
612696227,17.25,15.528952,none,0.0,0.0,16.279802,33.48,71.73556,990.4694,,2024-08-13 04:57:54.583807,2024-08-13 20:09:02.251034,911.1277871166666,0,0,1,1,0,0,,summer,0,0,1,0
612705027,14.95,13.308804,none,0.0,0.0,17.31746,28.8,86.97651,984.1774,,2024-08-13 04:58:58.169673,2024-08-13 20:08:50.607566,909.8739648833333,0,1,0,1,0,0,,summer,0,0,1,1
612655427,16.55,14.671225,rain,0.2,0.0,17.58481,34.56,75.48557,988.7936,,2024-08-13 04:57:32.538161,2024-08-13 20:09:01.178039,911.4773313000001,0,0,1,1,0,0,,summer,0,0,1,0
612683827,17.5,16.043129,none,0.0,0.0,14.689588,34.56,71.07766,984.4921,,2024-08-13 05:00:43.806466,2024-08-13 20:08:25.264939,907.69097455,0,0,1,1,0,0,,summer,0,0,0,0
612687027,18.85,16.97705,none,0.0,0.0,16.1198,33.12,62.562977,989.7932,,2024-08-13 04:57:41.374409,2024-08-13 20:07:59.381792,910.3001230499999,0,0,1,1,0,0,,summer,0,0,1,0
612692827,19.05,16.732166,none,0.0,0.0,18.218275,33.12,59.973335,990.1336,,2024-08-13 04:58:07.745788,2024-08-13 20:08:42.773013,910.5837870833333,0,0,1,1,0,0,,summer,0,0,1,0
612812427,15.0,13.464317,none,0.0,0.0,17.057314,29.16,87.838455,990.9834,,2024-08-13 04:58:06.692529,2024-08-13 20:08:08.168622,910.0246015499999,0,1,0,1,0,0,,summer,0,0,1,1
612738627,18.95,16.602188,rain,0.1,0.0,17.906157,34.92,59.355286,986.62506,,2024-08-13 04:58:56.912516,2024-08-13 20:08:25.684843,909.4795387833333,0,0,1,1,0,0,,summer,0,0,1,0
612983027,18.8,16.783897,none,0.0,0.0,16.78156,32.039997,62.13927,987.203,,2024-08-13 04:58:46.834661,2024-08-13 20:09:57.480078,911.1774236166667,0,0,1,1,0,0,,summer,0,0,1,0
619968227,18.05,16.490812,none,0.0,0.0,14.618837,34.2,67.09399,982.287,,2024-08-13 04:59:08.471877,2024-08-13 20:11:25.502044,912.2838361166666,0,0,1,1,0,0,,summer,0,0,0,0
612640627,15.55,13.578096,none,0.0,0.0,17.673029,32.760002,79.14647,989.44696,,2024-08-13 04:59:06.815803,2024-08-13 20:09:33.331009,910.4419201,0,0,1,1,0,0,,summer,0,0,1,0
612826227,17.7,15.670017,none,0.0,0.0,17.414474,35.64,67.68877,978.86475,,2024-08-13 04:59:21.490254,2024-08-13 20:08:44.666337,909.38626805,0,0,1,1,0,0,,summer,0,0,1,0
612726027,16.45,14.82929,none,0.0,0.0,15.815435,37.8,75.96712,983.412,,2024-08-13 04:59:18.166046,2024-08-13 20:08:17.456043,908.9881666166667,0,0,1,1,0,0,,summer,0,0,1,0
612838827,16.85,14.529377,none,0.0,0.0,12.0694,25.199999,55.36307,992.57935,,2024-08-14 05:00:00.010539,2024-08-14 20:07:12.119671,907.2018188666666,1,0,0,2,0,0,,summer,0,0,0,0
612787827,20.35,17.295834,none,0.0,0.0,17.87718,35.64,45.853897,995.27405,,2024-08-14 05:00:01.983487,2024-08-14 20:06:17.392692,906.2568200833334,0,0,1,2,0,0,,summer,0,0,1,0
612756027,21.3,17.789822,none,0.0,0.0,21.178896,41.039997,43.544815,990.89795,,2024-08-14 05:01:20.072904,2024-08-14 20:06:57.564679,905.6248629166668,0,0,1,2,0,0,,summer,0,0,1,0
612725027,18.7,16.544037,none,0.0,0.0,20.380579,42.12,67.670815,988.4289,,2024-08-14 05:02:10.337528,2024-08-14 20:07:16.874095,905.1089427833334,0,0,1,2,0,0,,summer,0,0,1,0
612797627,18.75,16.264576,none,0.0,0.0,14.336861,29.519999,51.336826,990.9279,,2024-08-14 05:01:01.314007,2024-08-14 20:06:44.078670,905.7127443833334,0,0,1,2,0,0,,summer,0,0,0,0
612801027,17.0,14.537104,none,0.0,0.0,13.0447235,25.919998,54.839195,989.79987,,2024-08-14 05:01:30.922381,2024-08-14 20:06:17.279091,904.7726118333334,0,0,1,2,0,0,,summer,0,0,0,0
612799627,17.1,14.626272,none,0.0,0.0,13.37825,24.48,55.05181,994.84753,,2024-08-14 04:59:55.892810,2024-08-14 20:05:48.014731,905.8686986833333,1,0,0,2,0,0,,summer,0,0,0,0
612874827,15.6,13.332428,none,0.0,0.0,11.966953,22.68,60.568375,991.69775,,2024-08-14 05:00:52.813771,2024-08-14 20:06:13.137018,905.3387207833333,0,1,0,2,0,0,,summer,0,0,0,1
613456027,17.45,15.549273,none,0.0,0.0,19.67195,37.8,75.38685,993.5469,,2024-08-14 05:00:01.460351,2024-08-14 20:06:46.507694,906.75078905,0,0,1,2,0,0,,summer,0,0,1,0
612733227,20.25,18.194546,none,0.0,0.0,21.028437,41.399998,58.691822,988.3689,,2024-08-14 05:01:32.473363,2024-08-14 20:07:02.922289,905.5074821,0,0,1,2,0,0,,summer,0,0,1,0
612783027,21.75,17.942503,none,0.0,0.0,23.664352,39.96,43.08491,996.6007,,2024-08-14 05:00:20.383238,2024-08-14 20:06:01.027694,905.6774076,0,0,1,2,0,0,,summer,0,0,1,0
612762427,21.4,17.871984,none,0.0,0.0,21.30093,41.039997,43.27879,991.6252,,2024-08-14 04:59:38.772184,2024-08-14 20:06:40.214944,907.024046,0,0,1,2,0,0,,summer,0,0,1,0
612808027,13.25,11.888874,none,0.0,0.0,7.6367526,14.4,75.69456,996.0714,,2024-08-14 04:59:54.633228,2024-08-14 20:05:49.438927,905.9134283166666,0,1,0,2,0,0,,summer,0,0,0,1
612867027,21.35,18.64704,none,0.0,0.0,22.86496,43.92,49.49296,992.9011,,2024-08-14 04:59:53.509807,2024-08-14 20:06:16.886659,906.3896142,0,0,1,2,0,0,,summer,0,0,1,0
612828427,20.95,17.55073,none,0.0,0.0,19.803272,41.039997,43.446392,994.20557,,2024-08-14 04:59:44.985388,2024-08-14 20:06:11.483620,906.4416372,0,0,1,2,0,0,,summer,0,0,1,0
612849227,18.7,16.05035,none,0.0,0.0,14.84318,30.239998,50.28998,993.5053,,2024-08-14 04:59:43.569209,2024-08-14 20:06:00.714676,906.2857577833333,0,0,1,2,0,0,,summer,0,0,0,0
612888627,13.85,12.392101,none,0.0,0.0,7.5685663,15.4800005,70.857,993.7466,,2024-08-14 05:00:12.028391,2024-08-14 20:06:46.012468,906.5664012833333,0,1,0,2,0,0,,summer,0,0,0,1
612947627,15.8,13.53367,none,0.0,0.0,22.771244,39.239998,85.0953,985.3927,,2024-08-14 05:00:55.197914,2024-08-14 20:06:23.915545,905.4786271833333,0,0,1,2,0,0,,summer,0,0,1,0
612804227,14.65,12.8783,none,0.0,0.0,18.328207,30.599998,88.96469,990.33234,,2024-08-14 05:00:34.304708,2024-08-14 20:07:38.251703,907.06578325,0,0,1,2,0,0,,summer,0,0,1,0
612775027,17.4,15.534637,rain,0.1,0.0,20.018072,36.0,76.86903,991.86096,,2024-08-14 05:00:44.034542,2024-08-14 20:07:23.761935,906.6621232166667,0,0,1,2,0,0,,summer,0,0,1,0
612794827,15.7,13.584217,none,0.0,0.0,11.27553,22.68,61.00497,994.1807,,2024-08-14 04:59:22.311801,2024-08-14 20:05:33.096804,906.1797500499999,0,1,0,2,0,0,,summer,0,0,0,1
612891627,18.55,16.601547,none,0.0,0.0,20.466246,41.760002,71.274376,990.6452,,2024-08-14 05:00:34.346042,2024-08-14 20:07:43.886937,907.1590149166666,0,0,1,2,0,0,,summer,0,0,1,0
612729027,19.4,17.441412,rain,0.1,0.0,19.734436,37.44,65.84962,991.6263,,2024-08-14 05:01:05.798064,2024-08-14 20:07:57.777854,906.8663298333333,0,0,1,2,0,0,,summer,0,0,1,0
612942027,21.4,18.655954,none,0.0,0.0,23.269482,42.12,50.00384,988.7658,,2024-08-14 05:00:50.281237,2024-08-14 20:05:52.681870,905.0400105499999,0,0,1,2,0,0,,summer,0,0,1,0
612894427,19.95,17.6492,none,0.0,0.0,17.287498,36.719997,50.796158,991.2557,,2024-08-15 05:03:17.261443,2024-08-15 20:06:47.918516,903.5109512166667,0,0,1,3,0,0,,summer,0,0,1,0
612817827,10.55,8.991379,none,0.0,0.0,9.931042,16.199999,93.53129,1000.33813,,2024-08-15 05:02:06.651463,2024-08-15 20:03:14.933027,901.1380260666666,0,0,1,3,0,0,,summer,0,0,0,0
612834227,17.1,15.50132,none,0.0,0.0,12.979984,27.359999,67.11846,996.6634,,2024-08-15 05:01:58.639947,2024-08-15 20:04:44.863693,902.7703957666668,0,0,1,3,0,0,,summer,0,0,0,0
612931427,14.0,12.905859,none,0.0,0.0,9.422101,19.08,81.591896,994.6568,,2024-08-15 05:02:31.730722,2024-08-15 20:05:22.017324,902.8381100333334,0,0,1,3,0,0,,summer,0,0,0,0
612823027,13.9,13.016626,none,0.0,0.0,8.287822,18.359999,82.94471,997.74115,,2024-08-15 05:01:30.400452,2024-08-15 20:04:28.156835,902.9626063833333,0,0,1,3,0,0,,summer,0,0,0,0
612908427,19.65,16.943151,none,0.0,0.0,16.394829,33.12,49.53278,997.1781,,2024-08-15 05:01:57.435953,2024-08-15 20:04:24.012446,902.44294155,0,0,1,3,0,0,,summer,0,0,1,0
612909227,20.7,17.368914,none,0.0,0.0,19.33639,34.2,44.11981,999.68665,,2024-08-15 05:02:23.608141,2024-08-15 20:04:02.352559,901.6457403,0,0,1,3,0,0,,summer,0,0,1,0
612836227,17.25,15.614292,none,0.0,0.0,13.441071,26.64,66.927315,994.2042,,2024-08-15 05:02:29.787003,2024-08-15 20:05:06.316876,902.6088312166667,0,0,1,3,0,0,,summer,0,0,0,0
613303027,18.95,17.052944,none,0.0,0.0,17.447933,33.48,55.897545,994.49445,,2024-08-15 05:02:53.117475,2024-08-15 20:03:48.994195,900.9312786666667,0,0,1,3,0,0,,summer,0,0,1,0
612847427,15.65,14.451351,none,0.0,0.0,11.183201,22.319998,75.836815,998.552,,2024-08-15 05:01:55.851985,2024-08-15 20:03:39.043298,901.7198552166667,0,0,1,3,0,0,,summer,0,0,0,0
612807627,12.4,10.572421,none,0.0,0.0,10.195057,16.919998,78.15533,992.4815,,2024-08-15 05:02:50.799725,2024-08-15 20:03:57.487728,901.1114667166668,0,1,0,3,0,0,,summer,0,0,0,1
612909827,20.6,17.211126,none,0.0,0.0,19.386593,35.28,43.792812,996.52246,,2024-08-15 05:02:39.659004,2024-08-15 20:04:50.136490,902.1746247666667,0,0,1,3,0,0,,summer,0,0,1,0
612914427,16.75,14.694195,none,0.0,0.0,12.303366,25.199999,60.22936,998.3384,,2024-08-15 05:02:20.862295,2024-08-15 20:03:56.509375,901.5941180000001,0,0,1,3,0,0,,summer,0,0,0,0
612925827,18.45,16.13195,none,0.0,0.0,15.034041,27.359999,55.958664,998.1563,,2024-08-15 05:01:53.177778,2024-08-15 20:03:16.114646,901.3822811333333,0,0,1,3,0,0,,summer,0,0,1,0
612926627,18.1,16.009867,none,0.0,0.0,13.854155,29.16,57.97382,993.3651,,2024-08-15 05:01:14.068557,2024-08-15 20:03:32.843369,902.3129135333334,0,0,1,3,0,0,,summer,0,0,0,0
612967227,18.5,16.147398,none,0.0,0.0,14.799459,28.08,54.85392,999.8729,,2024-08-15 05:02:20.866844,2024-08-15 20:04:14.937704,901.901181,0,0,1,3,0,0,,summer,0,0,0,0
612975827,18.35,15.738972,none,0.0,0.0,14.84318,30.239998,51.930016,989.0857,,2024-08-15 05:03:17.743576,2024-08-15 20:04:10.523505,900.8796654833333,0,0,1,3,0,0,,summer,0,0,0,0
612865427,19.6,17.8896,none,0.0,0.0,16.595179,34.56,52.260612,988.23956,,2024-08-15 05:03:10.422668,2024-08-15 20:04:06.018838,900.9266028333333,0,0,1,3,0,0,,summer,0,0,1,0
612831227,15.6,14.412731,none,0.0,0.0,10.787993,22.68,75.32816,992.5643,,2024-08-15 05:02:01.581055,2024-08-15 20:05:07.162844,903.0930298166667,0,0,1,3,0,0,,summer,0,0,0,0
612906227,20.55,17.945854,none,0.0,0.0,19.813087,35.28,49.94282,1000.2416,,2024-08-15 05:02:23.100921,2024-08-15 20:03:34.902212,901.1966881833334,0,0,1,3,0,0,,summer,0,0,1,0
612925227,16.75,14.764145,none,0.0,0.0,12.10157,25.919998,60.84129,996.01483,,2024-08-15 05:01:24.020814,2024-08-15 20:03:17.526928,901.8917685666668,0,0,1,3,0,0,,summer,0,0,0,0
614139827,13.7,12.114468,none,0.0,0.0,8.534353,14.759999,71.79296,999.24963,,2024-08-15 05:02:24.473972,2024-08-15 20:04:11.819007,901.7890839166666,0,1,0,3,0,0,,summer,0,0,0,1
612982227,18.2,16.485735,none,0.0,0.0,15.596767,30.599998,60.978523,991.25806,,2024-08-15 05:02:55.445408,2024-08-15 20:04:20.650588,901.4200863333333,0,0,1,3,0,0,,summer,0,0,1,0
613598627,12.45,10.990397,none,0.0,0.0,7.491114,12.959999,77.374275,995.8711,,2024-08-15 05:02:22.182774,2024-08-15 20:04:32.023938,902.1640193999999,0,1,0,3,0,0,,summer,0,0,0,1
612917227,19.85,17.352348,none,0.0,0.0,15.978484,32.039997,50.769436,1000.3421,,2024-08-15 05:02:11.058154,2024-08-15 20:03:24.194025,901.2189311833333,0,0,1,3,0,0,,summer,0,0,1,0
612915427,14.7,13.080448,none,0.0,0.0,8.766573,16.919998,67.292755,996.29553,,2024-08-15 05:02:32.216781,2024-08-15 20:04:51.962612,902.3290971833334,0,1,0,3,0,0,,summer,0,0,0,1
612808227,11.45,10.127197,none,0.0,0.0,7.653705,12.959999,86.0585,996.7707,,2024-08-15 05:01:14.773599,2024-08-15 20:02:59.875843,901.7517040666667,0,1,0,3,0,0,,summer,0,0,0,1
613041427,15.15,13.236013,none,0.0,0.0,10.966713,21.599998,65.81467,995.87317,,2024-08-15 05:02:38.985035,2024-08-15 20:04:05.391514,901.4401079833333,0,1,0,3,0,0,,summer,0,0,0,1
612914227,20.3,18.010748,none,0.0,0.0,18.057508,36.0,50.889545,999.43475,,2024-08-15 05:01:13.672476,2024-08-15 20:02:46.102330,901.5404975666667,0,0,1,3,0,0,,summer,0,0,1,0
613669627,12.1,10.615371,none,0.0,0.0,8.669949,14.4,82.16905,999.0943,,2024-08-15 05:02:19.552862,2024-08-15 20:03:59.863562,901.6718450000001,0,1,0,3,0,0,,summer,0,0,0,1
613396027,20.5,18.382141,none,0.0,0.0,17.068707,34.2,49.595543,997.44116,,2024-08-15 05:03:40.583032,2024-08-15 20:03:47.371847,900.1131469166667,0,0,1,3,0,0,,summer,0,0,1,0
613048827,20.9,18.84328,none,0.0,0.0,17.31746,34.92,46.788876,998.08856,,2024-08-16 05:03:28.661120,2024-08-16 20:01:23.661853,897.9166788833334,0,0,1,4,0,0,,summer,0,0,1,0
612943627,16.8,15.478895,none,0.0,0.0,11.808878,24.48,70.01286,995.18506,,2024-08-16 05:05:06.730134,2024-08-16 20:02:40.935278,897.5700857333334,0,0,1,4,0,0,,summer,0,0,0,0
612976227,22.7,21.069666,none,0.0,0.0,16.263872,33.48,47.439632,989.4861,,2024-08-16 05:05:18.715530,2024-08-16 20:02:10.495798,896.8630044666667,0,0,1,4,0,0,,summer,0,0,1,0
612928227,11.75,9.76974,none,0.0,0.0,10.703569,17.28,79.93205,995.2858,,2024-08-16 05:04:34.389909,2024-08-16 20:01:05.034054,896.51073575,0,1,0,4,0,0,,summer,0,0,0,1
612964227,21.35,19.668089,none,0.0,0.0,18.331741,36.719997,51.680717,992.6732,,2024-08-16 05:05:04.245135,2024-08-16 20:02:44.799911,897.6759129333333,0,0,1,4,0,0,,summer,0,0,1,0
613046827,22.0,20.376589,none,0.0,0.0,14.291592,32.039997,51.340126,992.02216,,2024-08-16 05:05:15.045370,2024-08-16 20:01:31.569532,896.2754027,0,0,1,4,0,0,,summer,0,0,0,0
613002627,22.45,20.540434,none,0.0,0.0,16.039202,30.960001,49.623497,998.85205,,2024-08-16 05:04:14.413434,2024-08-16 20:01:45.401126,897.5164615333334,0,0,1,4,0,0,,summer,0,0,1,0
613230827,22.6,20.372078,none,0.0,0.0,17.072504,35.64,47.412384,993.5346,,2024-08-16 05:05:00.170940,2024-08-16 20:01:29.729044,896.4926350666667,0,0,1,4,0,0,,summer,0,0,1,0
612980227,23.05,20.61427,none,0.0,0.0,17.283749,34.2,44.329327,993.69525,,2024-08-16 05:04:07.020445,2024-08-16 20:02:44.671716,898.6275211833333,0,0,1,4,0,0,,summer,0,0,1,0
613520827,17.25,17.036243,none,0.0,0.0,6.9527545,14.04,73.88768,992.9496,,2024-08-16 05:05:17.024015,2024-08-16 20:02:46.244997,897.4870163666667,0,1,0,4,0,0,,summer,0,0,0,1
612962427,20.2,18.878284,none,0.0,0.0,16.981165,36.0,61.242535,996.35846,,2024-08-16 05:06:03.376844,2024-08-16 20:02:23.871698,896.3415808999999,0,0,1,4,0,0,,summer,0,0,1,0
613732827,15.65,15.088026,none,0.0,0.0,8.557102,14.4,79.94595,991.31616,,2024-08-16 05:04:36.738367,2024-08-16 20:03:17.202585,898.6744036333333,0,1,0,4,0,0,,summer,0,0,0,1
613043227,21.1,19.386898,none,0.0,0.0,19.05281,38.519997,53.35654,992.4249,,2024-08-16 05:05:03.513333,2024-08-16 20:01:20.936556,896.2903870499999,0,0,1,4,0,0,,summer,0,0,1,0
612979827,23.1,20.268433,none,0.0,0.0,19.8,37.44,43.901234,992.5417,,2024-08-16 05:04:40.190420,2024-08-16 20:01:29.202987,896.8168761166667,0,0,1,4,0,0,,summer,0,0,1,0
613192627,21.35,19.258913,none,0.0,0.0,19.011953,34.56,48.187614,995.67676,,2024-08-16 05:04:02.838374,2024-08-16 20:02:21.578468,898.3123349,0,0,1,4,0,0,,summer,0,0,1,0
612990627,23.35,20.633722,none,0.0,0.0,19.008545,34.92,43.24309,996.3429,,2024-08-16 05:04:26.048048,2024-08-16 20:01:52.706215,897.4443027833333,0,0,1,4,0,0,,summer,0,0,1,0
613015627,16.3,15.78627,none,0.0,0.0,8.225035,13.32,76.69593,994.63464,,2024-08-16 05:04:00.966119,2024-08-16 20:01:58.683296,897.96195295,0,1,0,4,0,0,,summer,0,0,0,1
612950027,18.6,16.98302,none,0.0,0.0,16.1198,31.319998,66.987595,994.43427,,2024-08-16 05:04:10.557656,2024-08-16 20:02:45.104840,898.5757864000001,0,0,1,4,0,0,,summer,0,0,1,0
613184427,17.3,16.860619,none,0.0,0.0,7.491114,15.119999,71.5092,996.23535,,2024-08-16 05:03:53.653867,2024-08-16 20:02:13.770040,898.33526955,0,1,0,4,0,0,,summer,0,0,0,1
613200427,16.05,15.638582,none,0.0,0.0,7.4128532,12.24,77.672264,993.35046,,2024-08-16 05:03:09.199469,2024-08-16 20:01:24.242331,898.2507143666667,0,1,0,4,0,0,,summer,0,0,0,1
613002227,20.8,19.25347,none,0.0,0.0,15.072783,27.359999,57.486855,992.18115,,2024-08-16 05:04:54.095800,2024-08-16 20:01:24.651901,896.5092683500001,0,0,1,4,0,0,,summer,0,0,1,0
613079427,19.35,20.336456,none,0.0,0.0,7.10031,23.759998,80.45193,993.77765,,2024-08-17 05:06:05.117896,2024-08-17 19:59:20.531828,893.2568988666667,0,1,0,5,1,0,,summer,0,0,0,1
613037827,17.95,18.12874,none,0.0,0.0,9.19939,17.28,80.782486,995.9351,,2024-08-17 05:06:14.031510,2024-08-17 19:59:16.843590,893.046868,0,0,1,5,1,0,,summer,0,0,0,0
613027027,13.4,13.0644,none,0.0,0.0,7.5685663,12.599999,93.97784,995.6249,,2024-08-17 05:07:03.578599,2024-08-17 20:00:38.194169,893.5769261666667,0,1,0,5,1,0,,summer,0,0,0,1
613035427,17.75,17.908438,none,0.0,0.0,9.339208,18.0,81.80573,996.8751,,2024-08-17 05:06:15.154218,2024-08-17 19:59:30.158106,893.2500648,0,0,1,5,1,0,,summer,0,0,0,0
613042427,21.7,21.895794,none,0.0,0.0,12.10157,23.4,68.93461,992.00323,,2024-08-17 05:06:15.138784,2024-08-17 19:58:40.251492,892.4185451333334,0,0,1,5,1,0,,summer,0,0,0,0
613101627,23.05,23.318844,none,0.0,0.0,11.457958,26.28,63.29898,991.09625,,2024-08-17 05:06:15.589318,2024-08-17 19:58:33.809019,892.3036616833334,0,0,1,5,1,0,,summer,0,0,0,0
613109027,19.95,20.384937,none,0.0,0.0,9.793059,20.16,75.551956,991.6183,,2024-08-17 05:06:38.905939,2024-08-17 19:58:48.946747,892.1673468,0,0,1,5,1,0,,summer,0,0,0,0
613033627,17.75,17.908438,none,0.0,0.0,9.339208,18.0,81.80573,994.0786,,2024-08-17 05:06:13.001081,2024-08-17 19:59:42.179053,893.4862995333333,0,0,1,5,1,0,,summer,0,0,0,0
613076227,23.2,22.670752,none,0.0,0.0,15.459054,26.64,60.55381,991.13007,,2024-08-17 05:06:14.098698,2024-08-17 19:59:46.631610,893.5422152,0,0,1,5,1,0,,summer,0,0,1,0
613105627,23.9,23.663643,none,0.0,0.0,14.512064,29.88,59.56126,993.5148,,2024-08-17 05:05:33.350241,2024-08-17 19:58:37.741042,893.0731800166667,0,0,1,5,1,0,,summer,0,0,0,0
613991427,24.6,23.979197,none,0.0,0.0,15.03835,26.28,54.251377,987.5877,,2024-08-17 05:06:39.951512,2024-08-17 19:59:22.140199,892.7031447833334,0,0,1,5,1,0,,summer,0,0,1,0
613080027,18.45,18.77595,rain,0.1,0.0,11.770403,20.519999,85.37404,990.84955,,2024-08-17 05:05:44.350516,2024-08-17 20:00:05.024510,894.3445665666666,0,1,0,5,1,0,,summer,0,0,0,1
613053427,23.55,22.803638,none,0.0,0.0,16.42247,28.8,58.530506,996.20105,,2024-08-17 05:06:13.446088,2024-08-17 19:59:16.020467,893.0429063166666,0,0,1,5,1,0,,summer,0,0,1,0
613411227,24.4,23.91117,none,0.0,0.0,15.30741,28.08,56.51765,992.4571,,2024-08-17 05:06:36.974425,2024-08-17 20:00:08.179160,893.5200789166666,0,0,1,5,1,0,,summer,0,0,1,0
616400627,23.9,23.148851,none,0.0,0.0,16.323528,30.239998,57.126137,994.7425,,2024-08-17 05:05:31.287058,2024-08-17 19:59:09.743776,893.6409453,0,0,1,5,1,0,,summer,0,0,1,0
613217227,19.95,20.167376,none,0.0,0.0,10.883676,21.599998,74.82876,994.4548,,2024-08-17 05:05:49.044583,2024-08-17 19:59:43.309860,893.9044212833334,0,0,1,5,1,0,,summer,0,0,0,0
613081227,19.4,19.69219,none,0.0,0.0,9.449572,15.84,75.70556,988.5905,,2024-08-17 05:07:37.530396,2024-08-17 20:00:13.478876,892.5991413333334,0,1,0,5,1,0,,summer,0,0,0,1
613187227,22.35,22.191349,none,0.0,0.0,13.584932,27.72,64.78748,996.26917,,2024-08-17 05:07:05.026268,2024-08-17 20:00:43.376450,893.6391697,0,0,1,5,1,0,,summer,0,0,0,0
613053027,22.15,22.0356,none,0.0,0.0,13.684735,26.28,66.21454,992.47485,,2024-08-17 05:06:20.535475,2024-08-17 20:00:25.132512,894.0766172833333,0,0,1,5,1,0,,summer,0,0,0,0
613094427,23.1,23.039198,rain,0.1,0.0,14.264361,24.48,63.919964,995.0279,,2024-08-17 05:05:28.983474,2024-08-17 19:58:31.280058,893.0382764000001,0,0,1,5,1,0,,summer,0,0,0,0
613075827,23.05,22.692194,rain,0.3,0.0,15.484185,30.239998,62.895115,993.59204,,2024-08-17 05:06:45.016681,2024-08-17 19:59:58.632363,893.2269280333334,0,0,1,5,1,0,,summer,0,0,1,0
613026827,14.3,13.983141,none,0.0,0.0,6.9899354,11.879999,87.48826,993.0321,,2024-08-17 05:04:55.906565,2024-08-17 19:58:44.734573,893.8138001333333,0,1,0,5,1,0,,summer,0,0,0,1
613516627,23.55,22.803638,none,0.0,0.0,16.42247,28.8,58.530506,996.6585,,2024-08-17 05:06:09.015377,2024-08-17 19:59:10.817937,893.0300426666666,0,0,1,5,1,0,,summer,0,0,1,0
613051227,23.2,22.726742,none,0.0,0.0,14.81259,28.44,60.165802,992.6565,,2024-08-17 05:05:15.131108,2024-08-17 19:59:00.756221,893.76041855,0,0,1,5,1,0,,summer,0,0,0,0
613388627,18.8,19.545628,rain,0.1,0.0,8.891343,17.28,83.52494,995.9989,,2024-08-17 05:06:02.944044,2024-08-17 19:58:36.781931,892.5639647833334,0,1,0,5,1,0,,summer,0,0,0,1
613681227,24.95,25.088709,none,0.0,0.0,10.086427,23.039999,53.47258,986.84814,,2024-08-18 05:09:12.671315,2024-08-18 19:59:47.992833,890.5886919666666,0,0,1,6,1,0,,summer,0,0,0,0
613198027,26.15,26.074358,none,0.0,0.0,11.808878,23.759998,50.11664,992.40125,,2024-08-18 05:07:32.492350,2024-08-18 19:56:41.892568,889.1566703000001,0,0,1,6,1,0,,summer,0,0,0,0
613136027,23.25,23.913897,none,0.0,0.0,14.799459,34.2,71.454834,990.3605,,2024-08-18 05:08:27.770419,2024-08-18 19:58:14.776457,889.7834339666666,0,0,1,6,1,0,,summer,0,0,0,0
613515827,17.0,17.326065,none,0.0,0.0,11.090103,18.359999,92.05673,989.44214,,2024-08-18 05:08:15.673106,2024-08-18 19:56:24.007085,888.1388996500001,0,1,0,6,1,0,,summer,0,0,0,1
613129427,24.45,24.891973,rain,0.1,0.0,13.779114,30.960001,63.00478,991.9143,,2024-08-18 05:07:24.194286,2024-08-18 19:56:25.737321,889.0257172500001,0,0,1,6,1,0,,summer,0,0,0,0
613137827,22.95,24.752476,none,0.0,0.0,5.1919937,13.679999,70.059586,992.01764,,2024-08-18 05:08:54.967330,2024-08-18 19:58:03.389044,889.1403618999999,0,0,1,6,1,0,,summer,0,0,0,0
613080227,17.9,18.444195,none,0.0,0.0,10.829958,18.0,89.508446,993.1171,,2024-08-18 05:07:02.210312,2024-08-18 19:55:49.877733,888.7944570166667,0,1,0,6,1,0,,summer,0,0,0,1
613135627,26.35,25.943874,none,0.0,0.0,13.044722,23.759998,48.267376,990.72266,,2024-08-18 05:08:07.250596,2024-08-18 19:57:14.203921,889.1158887500001,0,0,1,6,1,0,,summer,0,0,0,0
613276427,18.0,18.520756,none,0.0,0.0,9.346143,11.159999,85.601036,986.1578,,2024-08-18 05:09:05.439915,2024-08-18 19:57:15.879105,888.1739865,0,1,0,6,1,0,,summer,0,0,0,1
613130627,24.75,25.08588,none,0.0,0.0,12.682018,27.359999,58.816162,992.9841,,2024-08-18 05:07:48.997408,2024-08-18 19:57:31.577828,889.7096736666666,0,0,1,6,1,0,,summer,0,0,0,0
613165627,23.95,24.165024,rain,0.2,0.0,15.484185,36.0,65.12891,992.56555,,2024-08-18 05:07:17.647590,2024-08-18 19:56:40.038333,889.3731790500001,0,0,1,6,1,0,,summer,0,0,1,0
614100827,17.85,18.897701,none,0.0,0.0,9.3669195,16.199999,93.877716,989.1896,,2024-08-18 05:08:53.978637,2024-08-18 19:58:31.031839,889.6175533666667,0,1,0,6,1,0,,summer,0,0,0,1
613082627,17.25,17.820486,none,0.0,0.0,10.931203,20.16,93.85029,990.932,,2024-08-18 05:10:30.306075,2024-08-18 19:59:11.922607,888.6936088666666,0,1,0,6,1,0,,summer,0,0,0,1
613221427,18.6,19.520546,none,0.0,0.0,7.968939,10.08,85.11762,994.4626,,2024-08-18 05:07:42.931968,2024-08-18 19:57:29.268125,889.7722692833333,0,1,0,6,1,0,,summer,0,0,0,1
613182827,25.8,25.88209,none,0.0,0.0,10.990322,23.039999,51.49595,996.3309,,2024-08-18 05:08:00.407597,2024-08-18 19:56:15.772373,888.2560796,0,0,1,6,1,0,,summer,0,0,0,0
613332227,23.05,24.791454,none,0.0,0.0,5.315336,12.959999,69.19763,990.65674,,2024-08-18 05:08:22.745415,2024-08-18 19:58:15.922499,889.8862847333334,0,0,1,6,1,0,,summer,0,0,0,0
613842627,18.6,19.520546,none,0.0,0.0,7.968939,10.08,85.11762,993.8824,,2024-08-18 05:07:42.222084,2024-08-18 19:57:32.476066,889.8375663666667,0,1,0,6,1,0,,summer,0,0,0,1
613122227,24.05,24.300417,none,0.0,0.0,16.1198,36.36,65.771286,994.9472,,2024-08-18 05:08:43.782931,2024-08-18 19:57:57.421402,889.22730785,0,0,1,6,1,0,,summer,0,0,1,0
613125827,24.25,25.076296,none,0.0,0.0,14.689589,36.719997,66.43883,989.7169,,2024-08-18 05:09:33.857988,2024-08-18 19:57:51.483372,888.2937564,0,0,1,6,1,0,,summer,0,0,0,0
613379827,25.8,25.690966,none,0.0,0.0,10.883676,23.4,49.702656,990.3194,,2024-08-18 05:08:08.539763,2024-08-18 19:57:58.000885,889.8243520333333,0,0,1,6,1,0,,summer,0,0,0,0
613133027,26.15,25.786968,none,0.0,0.0,12.496718,24.119999,48.526577,990.1321,,2024-08-18 05:08:17.335313,2024-08-18 19:58:11.161243,889.8970988333333,0,0,1,6,1,0,,summer,0,0,0,0
613138227,20.35,21.307775,none,0.0,0.0,8.4042845,10.440001,77.57101,987.29584,,2024-08-18 05:08:54.453036,2024-08-18 19:56:52.177492,887.9620742666667,0,1,0,6,1,0,,summer,0,0,0,1
613137027,24.95,26.042866,none,0.0,0.0,6.6185193,20.519999,57.564667,983.3657,,2024-08-18 05:08:58.395053,2024-08-18 19:57:05.965543,888.1261748333333,0,0,1,6,1,0,,summer,0,0,0,0
613192427,24.6,25.91498,none,0.0,0.0,6.2145634,19.44,60.298496,990.2243,,2024-08-18 05:07:03.241092,2024-08-18 19:56:39.620489,889.6063232833333,0,0,1,6,1,0,,summer,0,0,0,0
613139227,18.85,19.765759,none,0.0,0.0,7.8625183,10.440001,83.53071,996.2185,,2024-08-18 05:08:46.874674,2024-08-18 19:58:17.044880,889.5028367666667,0,1,0,6,1,0,,summer,0,0,0,1
613128827,24.5,25.233274,rain,0.1,0.0,13.0447235,29.88,62.22186,993.94653,,2024-08-18 05:08:39.080019,2024-08-18 19:57:56.034829,889.2825801666667,0,0,1,6,1,0,,summer,0,0,0,0
613137227,24.85,26.071692,none,0.0,0.0,6.151683,20.16,58.466015,986.8253,,2024-08-18 05:09:06.637971,2024-08-18 19:57:23.124585,888.2747769,0,0,1,6,1,0,,summer,0,0,0,0
613244027,26.0,26.948185,none,0.0,0.0,6.830519,16.919998,49.59525,994.3586,,2024-08-19 05:09:55.563567,2024-08-19 19:54:53.751319,884.9697958666667,0,0,1,0,0,0,,summer,0,0,0,0
620105227,3.55,0.41400528,none,0.0,1.0,7.8583965,10.08,82.505135,1006.8229,,2024-10-19 07:10:22.437599,2024-10-19 17:19:56.640768,609.5700528166667,0,1,0,5,1,0,,autumn,0,0,0,1
613235427,26.0,27.646791,none,0.0,0.0,4.2136917,13.32,55.83405,992.2931,,2024-08-19 05:10:47.842228,2024-08-19 19:56:07.005414,885.3193864333333,0,0,1,0,0,0,,summer,0,0,0,0
613252027,20.9,21.431019,none,0.0,0.0,10.630672,17.28,73.80058,992.7357,,2024-08-19 05:09:46.131740,2024-08-19 19:55:17.138014,885.5167712333333,0,1,0,0,0,0,,summer,0,0,0,1
613150227,19.35,20.438278,none,0.0,0.0,5.315336,9.72,78.418976,991.4952,,2024-08-19 05:11:18.626355,2024-08-19 19:54:51.073495,883.5407856666666,0,1,0,0,0,0,,summer,0,0,0,1
613256627,22.4,23.446169,none,0.0,0.0,6.9527545,10.440001,67.11876,992.7693,,2024-08-19 05:11:05.810658,2024-08-19 19:55:36.266988,884.5076055000001,1,0,0,0,0,0,,summer,0,0,0,0
613258227,21.7,22.222029,none,0.0,0.0,10.1376915,16.199999,69.37676,994.77216,,2024-08-19 05:09:36.246171,2024-08-19 19:54:10.064338,884.5636361166667,0,1,0,0,0,0,,summer,0,0,0,1
613829827,23.6,25.236052,none,0.0,0.0,7.072878,8.28,68.43506,991.8384,,2024-08-19 05:09:44.508448,2024-08-19 19:55:22.340234,885.6305297666667,0,0,1,0,0,0,,summer,0,0,0,0
613183827,24.4,25.307524,none,0.0,0.0,7.342588,20.519999,56.155655,997.1866,,2024-08-19 05:09:44.317047,2024-08-19 19:54:54.035235,885.1619698,0,0,1,0,0,0,,summer,0,0,0,0
613241827,21.15,21.154839,none,0.0,0.0,9.746631,16.56,65.15776,987.4397,,2024-08-19 05:10:53.671215,2024-08-19 19:57:12.734650,886.3177239166666,0,1,0,0,0,0,,summer,0,0,0,1
613268027,26.7,27.20767,none,0.0,0.0,9.779817,20.880001,46.674683,992.6729,,2024-08-19 05:10:42.231044,2024-08-19 19:55:03.741213,884.3585028166667,0,0,1,0,0,0,,summer,0,0,0,0
613241627,24.05,26.025898,none,0.0,0.0,5.04,9.0,67.029236,990.9292,,2024-08-19 05:11:03.389510,2024-08-19 19:54:28.431860,883.4173725,0,0,1,0,0,0,,summer,0,0,0,0
613157627,19.4,21.256634,none,0.0,0.0,4.1046314,11.5199995,85.74345,997.0377,,2024-08-19 05:09:38.491405,2024-08-19 19:54:16.343943,884.6308756333333,0,0,1,0,0,0,,summer,0,0,0,0
604584027,20.2,17.514997,none,0.0,0.0,6.2145634,14.759999,30.074636,1013.685,,2024-05-24 04:03:11.683430,2024-05-24 20:50:16.032535,1007.0724850833334,0,0,1,4,0,0,,spring,0,0,0,0
613248227,21.45,22.025864,none,0.0,0.0,10.182337,16.56,71.124146,997.25726,,2024-08-19 05:10:16.532114,2024-08-19 19:54:59.565496,884.7172230333333,0,1,0,0,0,0,,summer,0,0,0,1
613190227,23.2,24.628685,none,0.0,0.0,8.049845,18.359999,69.445786,997.80756,,2024-08-19 05:09:57.115111,2024-08-19 19:54:30.045838,884.5488454499999,0,0,1,0,0,0,,summer,0,0,0,0
613243027,26.75,26.92353,none,0.0,0.0,7.2,16.199999,44.908207,995.23157,,2024-08-19 05:11:09.112601,2024-08-19 19:56:08.990569,884.9979661333333,0,0,1,0,0,0,,summer,0,0,0,0
613242827,22.2,23.288948,none,0.0,0.0,7.6367526,10.799999,69.47344,988.51764,,2024-08-19 05:10:39.761840,2024-08-19 19:54:53.074265,884.22187375,0,0,1,0,0,0,,summer,0,0,0,0
613356427,25.8,26.674072,none,0.0,0.0,5.815978,15.119999,49.38256,993.5236,,2024-08-19 05:10:05.026982,2024-08-19 19:53:50.999102,883.766202,0,0,1,0,0,0,,summer,0,0,0,0
613213427,24.9,25.497793,none,0.0,0.0,7.9036193,19.08,52.774834,989.29156,,2024-08-19 05:10:53.415303,2024-08-19 19:57:11.401009,886.2997617666666,0,0,1,0,0,0,,summer,0,0,0,0
613235227,26.75,27.573929,none,0.0,0.0,4.73506,12.959999,47.295147,993.4695,,2024-08-19 05:09:58.436772,2024-08-19 19:54:57.389649,884.98254795,0,0,1,0,0,0,,summer,0,0,0,0
614153827,24.35,26.98845,none,0.0,0.0,5.04,6.12,72.10293,994.71454,,2024-08-19 05:09:17.056828,2024-08-19 19:54:14.698371,884.9606923833333,0,0,1,0,0,0,,summer,0,0,0,0
613151027,14.1,14.214119,none,0.0,0.0,7.289444,7.5599995,97.121826,994.6863,,2024-08-19 05:09:37.126192,2024-08-19 19:55:17.868537,885.6790390833334,0,0,1,0,0,0,,summer,0,0,0,0
613181427,23.2,24.740873,none,0.0,0.0,7.2805495,17.28,69.445786,996.4325,,2024-08-19 05:10:06.515681,2024-08-19 19:54:05.606807,883.9848521,0,0,1,0,0,0,,summer,0,0,0,0
613356827,26.45,27.194395,none,0.0,0.0,7.2359104,17.28,47.52072,992.7241,,2024-08-19 05:10:08.469561,2024-08-19 19:53:56.741850,883.80453815,0,0,1,0,0,0,,summer,0,0,0,0
613359227,20.9,20.906694,none,0.0,0.0,12.324414,22.319998,70.568016,997.8639,,2024-08-20 05:12:24.451744,2024-08-20 19:51:52.008021,879.4592712833334,1,0,0,1,0,0,,summer,0,0,0,0
613284027,20.5,22.725674,rain,0.1,0.0,7.5685663,19.44,90.548546,989.8168,,2024-08-20 05:13:03.042791,2024-08-20 19:52:35.060882,879.53363485,0,0,1,1,0,0,,summer,0,0,0,0
613371027,17.8,17.599598,none,0.0,0.0,11.165805,19.44,80.24223,996.0432,,2024-08-20 05:11:04.021877,2024-08-20 19:51:46.032156,880.7001713166667,0,1,0,1,0,0,,summer,0,0,0,1
613305627,23.55,24.88752,rain,0.1,0.0,13.202726,28.8,73.78659,997.05865,,2024-08-20 05:11:38.285617,2024-08-20 19:52:30.389429,880.8683968666667,0,0,1,1,0,0,,summer,0,0,0,0
613327027,23.6,23.746826,none,0.0,0.0,15.517629,32.039997,65.88565,992.905,,2024-08-20 05:12:26.969233,2024-08-20 19:53:41.516698,881.2424577500001,0,0,1,1,0,0,,summer,0,0,1,0
613352027,20.9,21.448965,none,0.0,0.0,9.007196,21.599998,71.25003,995.8212,,2024-08-20 05:11:57.337628,2024-08-20 19:52:59.842603,881.0417495833334,0,0,1,1,0,0,,summer,0,0,0,0
613361827,19.1,19.403511,none,0.0,0.0,10.163227,19.8,78.63432,994.2727,,2024-08-20 05:14:23.446852,2024-08-20 19:52:08.311706,877.7477475666667,0,1,0,1,0,0,,summer,0,0,0,1
613330427,23.4,24.918228,rain,0.2,0.0,12.7279215,26.28,76.34135,997.6389,,2024-08-20 05:11:39.263718,2024-08-20 19:51:33.032359,879.8961440166667,0,0,1,1,0,0,,summer,0,0,0,0
613339027,24.4,25.692463,rain,0.1,0.0,13.138765,29.519999,70.33266,994.2912,,2024-08-20 05:13:51.615081,2024-08-20 19:52:10.376457,878.3126896,0,0,1,1,0,0,,summer,0,0,0,0
613267027,20.5,21.305408,none,0.0,0.0,9.028754,18.359999,76.125114,992.1509,,2024-08-20 05:12:42.955936,2024-08-20 19:52:38.699860,879.9290654,0,1,0,1,0,0,,summer,0,0,0,1
613262227,20.45,21.465782,none,0.0,0.0,8.287822,16.199999,77.58608,992.3605,,2024-08-20 05:11:39.636067,2024-08-20 19:52:54.528906,881.2482139833334,0,1,0,1,0,0,,summer,0,0,0,1
613411427,20.45,21.039248,none,0.0,0.0,9.957108,17.64,75.39193,989.2943,,2024-08-20 05:12:32.593596,2024-08-20 19:52:00.886447,879.4715475166666,0,1,0,1,0,0,,summer,0,0,0,1
613474427,23.15,25.000841,rain,0.2,0.0,11.435313,26.28,78.96522,995.433,,2024-08-20 05:11:06.086918,2024-08-20 19:51:26.396038,880.3384853333333,0,0,1,1,0,0,,summer,0,0,0,0
613355627,24.0,24.249872,rain,0.1,0.0,16.575644,33.12,66.80789,997.06885,,2024-08-20 05:11:26.996195,2024-08-20 19:52:30.134202,881.0523001166667,0,0,1,1,0,0,,summer,0,0,1,0
613561427,24.0,25.084316,rain,0.1,0.0,14.408997,27.72,71.81546,1000.4207,,2024-08-20 05:11:59.406237,2024-08-20 19:51:40.236338,879.6805016833333,0,0,1,1,0,0,,summer,0,0,0,0
613521827,21.65,23.664934,none,0.0,0.0,9.659814,20.880001,85.43403,998.1032,,2024-08-20 05:11:32.607013,2024-08-20 19:52:06.062386,880.55758955,0,0,1,1,0,0,,summer,0,0,0,0
614269227,22.85,23.286753,none,0.0,0.0,10.853866,23.759998,64.894646,995.69147,,2024-08-20 05:12:57.715495,2024-08-20 19:51:47.427581,878.8285347666666,0,0,1,1,0,0,,summer,0,0,0,0
613370827,18.1,18.047117,none,0.0,0.0,11.043261,19.8,80.542366,998.39526,,2024-08-20 05:11:01.932714,2024-08-20 19:51:19.529959,880.2932874166667,0,1,0,1,0,0,,summer,0,0,0,1
613262427,20.4,21.25998,none,0.0,0.0,8.654986,16.199999,76.596275,989.38806,,2024-08-20 05:13:30.671984,2024-08-20 19:53:04.182349,879.5585060833333,0,1,0,1,0,0,,summer,0,0,0,1
613376627,17.0,16.463442,none,0.0,0.0,11.384198,19.44,79.872406,989.14624,,2024-08-20 05:12:42.044012,2024-08-20 19:52:22.911817,879.6811300833334,0,1,0,1,0,0,,summer,0,0,0,1
613323427,23.75,25.12334,rain,0.1,0.0,13.556282,29.16,74.51521,994.21643,,2024-08-20 05:13:03.229900,2024-08-20 19:52:04.591366,879.0226911000001,0,0,1,1,0,0,,summer,0,0,0,0
613339427,22.6,23.178413,none,0.0,0.0,9.746631,23.039999,65.67591,993.4678,,2024-08-20 05:13:32.152328,2024-08-20 19:52:57.817662,879.4277555666666,0,0,1,1,0,0,,summer,0,0,0,0
617836427,17.55,17.305729,none,0.0,0.0,10.966713,19.44,80.468285,999.7462,,2024-08-20 05:11:40.829531,2024-08-20 19:52:29.181699,880.8058694666666,0,1,0,1,0,0,,summer,0,0,0,1
613304827,19.5,21.666357,rain,0.7,0.0,6.696387,12.24,93.9522,996.25665,,2024-08-20 05:11:37.029368,2024-08-20 19:52:02.910769,880.4313566833333,0,0,1,1,0,0,,summer,0,0,0,0
613280227,20.25,22.448496,rain,0.6,0.0,7.5942082,16.919998,91.670235,993.2461,,2024-08-20 05:12:46.254834,2024-08-20 19:52:45.030422,879.9795931333333,0,0,1,1,0,0,,summer,0,0,0,0
613587427,22.6,23.008966,none,0.0,0.0,11.183201,22.319998,66.09683,1000.2708,,2024-08-20 05:10:54.465187,2024-08-20 19:50:57.883567,880.0569730000001,0,0,1,1,0,0,,summer,0,0,0,0
613520027,23.15,23.186132,none,0.0,0.0,12.245294,24.48,61.71974,999.05145,,2024-08-20 05:11:31.110321,2024-08-20 19:52:02.906928,880.5299434499999,0,0,1,1,0,0,,summer,0,0,0,0
613593627,20.0,20.102942,none,0.0,0.0,12.0694,20.16,75.3184,999.4141,,2024-08-20 05:11:35.397010,2024-08-20 19:51:37.738935,880.0390320833334,0,1,0,1,0,0,,summer,0,0,0,1
613265427,20.15,21.345028,none,0.0,0.0,7.771331,13.679999,80.30354,989.87897,,2024-08-20 05:12:11.040885,2024-08-20 19:53:20.389201,881.1558052666667,0,1,0,1,0,0,,summer,0,0,0,1
613412427,20.1,19.500744,none,0.0,0.0,10.805999,24.84,60.221848,996.24097,,2024-08-21 05:14:16.588760,2024-08-21 19:51:09.483068,876.8815718000001,0,0,1,2,0,0,,summer,0,0,0,0
613414027,20.55,19.96689,none,0.0,0.0,10.446206,23.4,58.187126,998.60266,,2024-08-21 05:13:14.021593,2024-08-21 19:49:54.088832,876.6677873166667,0,0,1,2,0,0,,summer,0,0,0,0
613391027,15.65,15.066349,none,0.0,0.0,8.373386,18.359999,79.16089,1001.2272,,2024-08-21 05:13:40.820782,2024-08-21 19:50:15.487113,876.5777721833333,0,0,1,2,0,0,,summer,0,0,0,0
613733227,18.4,16.626923,none,0.0,0.0,12.261158,19.8,58.047573,993.7857,,2024-08-21 05:14:18.273701,2024-08-21 19:49:19.201629,875.0154654666666,0,1,0,2,0,0,,summer,0,0,0,1
614132827,21.85,21.670942,none,0.0,0.0,11.252519,24.48,53.90375,996.01044,,2024-08-21 05:14:13.084625,2024-08-21 19:49:37.616795,875.4088694999999,0,0,1,2,0,0,,summer,0,0,0,0
614187827,22.65,22.112719,none,0.0,0.0,10.538843,22.68,51.511135,995.546,,2024-08-21 05:13:55.730756,2024-08-21 19:49:04.657145,875.14877315,0,0,1,2,0,0,,summer,0,0,0,0
613549827,23.1,21.928574,none,0.0,0.0,9.826088,21.24,45.997555,995.479,,2024-08-21 05:13:54.019315,2024-08-21 19:48:57.678460,875.06098575,0,0,1,2,0,0,,summer,0,0,0,0
613371827,15.9,15.707396,none,0.0,0.0,8.669949,13.679999,84.82919,1001.20197,,2024-08-21 05:14:17.840054,2024-08-21 19:50:13.230321,875.9231711166667,0,1,0,2,0,0,,summer,0,0,0,1
613495227,21.35,21.075415,none,0.0,0.0,11.165805,23.759998,55.944485,998.22723,,2024-08-21 05:13:53.259385,2024-08-21 19:50:10.854630,876.2932540833333,0,0,1,2,0,0,,summer,0,0,0,0
613555627,22.45,22.078922,none,0.0,0.0,10.8955765,23.4,50.784477,1001.0653,,2024-08-21 05:14:01.476476,2024-08-21 19:49:51.861360,875.8397480666666,0,0,1,2,0,0,,summer,0,0,0,0
613439227,22.45,22.078922,none,0.0,0.0,10.8955765,23.4,50.784477,998.3014,,2024-08-21 05:14:05.549169,2024-08-21 19:50:14.598341,876.1508195333333,0,0,1,2,0,0,,summer,0,0,0,0
613376827,15.65,14.974915,none,0.0,0.0,10.691453,18.0,83.15527,997.2812,,2024-08-21 05:14:13.714259,2024-08-21 19:49:45.643805,875.5321591,0,1,0,2,0,0,,summer,0,0,0,1
613433427,22.45,21.872278,none,0.0,0.0,11.165805,23.759998,52.657257,997.81055,,2024-08-21 05:14:38.885752,2024-08-21 19:50:14.497872,875.5935353333333,0,0,1,2,0,0,,summer,0,0,0,0
613473227,16.6,14.652405,none,0.0,0.0,12.783802,19.8,63.52312,996.9453,,2024-08-21 05:14:07.329735,2024-08-21 19:50:13.163572,876.0972306166666,0,1,0,2,0,0,,summer,0,0,0,1
613438427,22.45,22.078922,none,0.0,0.0,10.8955765,23.4,50.784477,998.4166,,2024-08-21 05:13:46.695075,2024-08-21 19:49:51.995023,876.0883324666667,0,0,1,2,0,0,,summer,0,0,0,0
613446427,23.1,21.557266,none,0.0,0.0,10.182337,21.599998,42.741554,997.73615,,2024-08-21 05:14:03.641698,2024-08-21 19:50:15.416728,876.1962504999999,0,0,1,2,0,0,,summer,0,0,0,0
613475227,16.0,14.057034,none,0.0,0.0,13.138765,22.68,66.88832,998.1421,,2024-08-21 05:13:36.504205,2024-08-21 19:49:56.441443,876.3322873,0,1,0,2,0,0,,summer,0,0,0,1
613405427,20.5,20.152777,none,0.0,0.0,9.746631,22.68,59.92164,1000.1055,,2024-08-21 05:13:07.674708,2024-08-21 19:49:28.686196,876.3501914666666,0,0,1,2,0,0,,summer,0,0,0,0
613418627,15.1,14.626999,none,0.0,0.0,9.422101,15.4800005,86.42367,996.9878,,2024-08-21 05:14:40.527915,2024-08-21 19:50:32.778061,875.8708357666667,0,1,0,2,0,0,,summer,0,0,0,1
614252627,17.25,15.466145,none,0.0,0.0,11.659777,18.359999,60.95918,999.641,,2024-08-21 05:14:01.470120,2024-08-21 19:49:52.050812,875.8430115333334,0,1,0,2,0,0,,summer,0,0,0,1
613539627,17.25,15.352488,none,0.0,0.0,12.7279215,20.880001,61.575336,997.28064,,2024-08-21 05:13:41.969224,2024-08-21 19:50:05.444679,876.3912575833333,0,1,0,2,0,0,,summer,0,0,0,1
613461227,21.95,21.727186,none,0.0,0.0,10.853866,23.759998,52.527306,997.14966,,2024-08-21 05:14:22.329968,2024-08-21 19:50:53.604519,876.5212425166667,0,0,1,2,0,0,,summer,0,0,0,0
613567027,17.25,16.9141,none,0.0,0.0,8.825508,18.72,76.09645,1001.4954,,2024-08-21 05:13:31.846835,2024-08-21 19:49:25.380223,875.8922231333333,0,0,1,2,0,0,,summer,0,0,0,0
613460427,17.45,17.206041,none,0.0,0.0,8.311245,19.08,75.38685,1001.7415,,2024-08-21 05:13:09.648148,2024-08-21 19:48:54.537377,875.7481538166667,0,0,1,2,0,0,,summer,0,0,0,0
613641627,15.5,14.840851,none,0.0,0.0,8.891344,17.64,79.92504,998.7416,,2024-08-21 05:13:51.785978,2024-08-21 19:50:18.431415,876.4440906166667,0,0,1,2,0,0,,summer,0,0,0,0
613526827,20.55,19.552843,none,0.0,0.0,15.379206,31.68,65.45265,992.94604,,2024-08-22 05:16:14.371137,2024-08-22 19:48:43.334219,872.4827180333334,0,0,1,3,0,0,,summer,0,0,1,0
613503827,16.1,14.481489,none,0.0,0.0,14.81259,25.56,75.41118,996.67957,,2024-08-22 05:16:05.359218,2024-08-22 19:47:27.892848,871.3755605,0,0,1,3,0,0,,summer,0,0,0,0
613481827,15.0,13.267849,none,0.0,0.0,12.979984,21.599998,74.48025,997.4141,,2024-08-22 05:15:11.763984,2024-08-22 19:46:51.362833,871.6599808166667,0,1,0,3,0,0,,summer,0,0,0,1
613586827,19.2,17.622349,none,0.0,0.0,13.246826,25.199999,59.61258,992.7932,,2024-08-22 05:15:36.502354,2024-08-22 19:48:18.622918,872.7020094,0,1,0,3,0,0,,summer,0,0,0,1
613551627,23.55,21.649185,none,0.0,0.0,17.713316,32.760002,48.943043,993.223,,2024-08-22 05:15:36.252602,2024-08-22 19:48:03.581580,872.4554829666666,0,0,1,3,0,0,,summer,0,0,1,0
613552027,24.65,23.061806,none,0.0,0.0,18.947083,33.839996,49.558964,998.86145,,2024-08-22 05:15:58.444615,2024-08-22 19:47:17.510169,871.3177592333334,0,0,1,3,0,0,,summer,0,0,1,0
613482427,15.35,13.728584,none,0.0,0.0,11.620809,19.08,71.38112,1000.62036,,2024-08-22 05:15:51.144763,2024-08-22 19:47:25.886151,871.5790231333334,0,1,0,3,0,0,,summer,0,0,0,1
613534027,24.5,23.434834,none,0.0,0.0,18.161278,33.839996,51.490417,994.86224,,2024-08-22 05:15:58.428575,2024-08-22 19:46:57.345007,870.9819405333333,0,0,1,3,0,0,,summer,0,0,1,0
613597427,23.55,22.756289,none,0.0,0.0,18.35647,36.36,57.0407,993.289,,2024-08-22 05:16:36.835049,2024-08-22 19:48:44.551184,872.1286022500001,0,0,1,3,0,0,,summer,0,0,1,0
613683827,19.55,18.160013,none,0.0,0.0,13.237038,28.08,60.690002,993.7591,,2024-08-22 05:16:46.833231,2024-08-22 19:48:32.269371,871.757269,0,1,0,3,0,0,,summer,0,0,0,1
614105427,24.3,22.137627,none,0.0,0.0,19.171478,34.56,46.32636,998.1424,,2024-08-22 05:15:54.489235,2024-08-22 19:47:04.132161,871.1607154333334,0,0,1,3,0,0,,summer,0,0,1,0
613557227,19.3,18.2252,none,0.0,0.0,15.1884165,28.8,69.35674,991.31964,,2024-08-22 05:16:23.870154,2024-08-22 19:47:33.252179,871.1563670833333,0,0,1,3,0,0,,summer,0,0,1,0
613589027,19.45,17.88753,none,0.0,0.0,13.246826,25.919998,58.88718,997.45966,,2024-08-22 05:15:56.801407,2024-08-22 19:47:21.534117,871.4122118333332,0,1,0,3,0,0,,summer,0,0,0,1
613594227,24.65,23.126684,none,0.0,0.0,18.947083,34.92,50.208317,997.60535,,2024-08-22 05:16:09.145404,2024-08-22 19:47:45.217769,871.6012060833333,0,0,1,3,0,0,,summer,0,0,1,0
613500627,17.85,16.618347,none,0.0,0.0,13.479583,27.0,70.215805,997.2752,,2024-08-22 05:15:21.232556,2024-08-22 19:47:32.418253,872.1864282833334,0,0,1,3,0,0,,summer,0,0,0,0
613639027,20.35,18.539986,none,0.0,0.0,15.683774,27.0,56.998463,992.87805,,2024-08-22 05:16:24.473327,2024-08-22 19:48:35.457129,872.1830633666667,1,0,0,3,0,0,,summer,0,0,1,0
613553827,24.45,22.452244,none,0.0,0.0,18.374111,34.92,46.367287,993.6084,,2024-08-22 05:16:10.807823,2024-08-22 19:47:24.970537,871.2360452333334,0,0,1,3,0,0,,summer,0,0,1,0
613652027,23.25,21.328564,none,0.0,0.0,18.079027,36.0,50.16571,993.57697,,2024-08-22 05:16:36.623199,2024-08-22 19:48:47.645207,872.1837001333333,0,0,1,3,0,0,,summer,0,0,1,0
613978427,23.75,22.059505,none,0.0,0.0,17.974781,35.28,50.794144,992.1457,,2024-08-22 05:16:46.407535,2024-08-22 19:48:15.490778,871.4847207166666,0,0,1,3,0,0,,summer,0,0,1,0
613555427,23.75,21.636837,none,0.0,0.0,18.289274,34.2,47.09983,996.6588,,2024-08-22 05:15:34.446025,2024-08-22 19:47:35.612814,872.0194464833334,0,0,1,3,0,0,,summer,0,0,1,0
613555027,22.95,21.381763,none,0.0,0.0,16.79314,32.039997,52.786785,992.92053,,2024-08-22 05:16:22.098019,2024-08-22 19:48:31.063942,872.1494320500001,0,0,1,3,0,0,,summer,0,0,1,0
613527027,22.45,21.934963,none,0.0,0.0,16.92383,32.399998,62.761364,993.73663,,2024-08-22 05:16:41.250192,2024-08-22 19:48:50.015116,872.1460820666667,0,0,1,3,0,0,,summer,0,0,1,0
613597227,18.45,17.317282,none,0.0,0.0,9.885262,22.68,61.85338,997.0458,,2024-08-22 05:15:05.303799,2024-08-22 19:46:23.997698,871.3115649833333,0,1,0,3,0,0,,summer,0,0,0,1
613487827,14.45,13.072796,none,0.0,0.0,12.303366,22.68,81.650246,995.80585,,2024-08-22 05:14:55.941457,2024-08-22 19:46:50.810743,871.9144881,0,0,1,3,0,0,,summer,0,0,0,0
613531027,15.0,13.289566,none,0.0,0.0,13.441071,23.039999,75.98238,996.04047,,2024-08-22 05:16:54.474208,2024-08-22 19:48:18.514528,871.400672,0,1,0,3,0,0,,summer,0,0,0,1
613482027,14.1,12.416721,none,0.0,0.0,12.245293,20.519999,77.89007,997.61285,,2024-08-22 05:14:48.967934,2024-08-22 19:46:22.904140,871.5656034333333,0,1,0,3,0,0,,summer,0,0,0,1
613627827,24.05,22.15305,none,0.0,0.0,18.58451,36.36,48.75643,991.5521,,2024-08-22 05:16:53.445370,2024-08-22 19:48:24.383261,871.5156315166666,0,0,1,3,0,0,,summer,0,0,1,0
613712627,24.05,23.404833,none,0.0,0.0,16.641972,31.68,52.726875,993.4053,,2024-08-22 05:15:52.797801,2024-08-22 19:46:39.797062,870.7833210166666,0,0,1,3,0,0,,summer,0,0,1,0
613681027,24.05,22.011961,none,0.0,0.0,18.875126,34.92,47.805946,994.02136,,2024-08-22 05:16:15.591408,2024-08-22 19:48:22.196884,872.1100912666666,0,0,1,3,0,0,,summer,0,0,1,0
613635427,16.55,15.214443,none,0.0,0.0,12.979984,24.119999,73.523094,996.3265,,2024-08-23 05:17:54.805106,2024-08-23 19:45:06.309475,867.1917394833333,0,0,1,4,0,0,,summer,0,0,0,0
613672627,22.15,22.671968,rain,1.1,0.0,11.384198,26.64,69.4638,997.0121,,2024-08-23 05:17:58.512421,2024-08-23 19:45:06.150148,867.12729545,0,0,1,4,0,0,,summer,0,0,0,0
613722427,21.4,21.124447,rain,0.6,0.0,14.021525,33.839996,66.69884,994.5533,,2024-08-23 05:17:56.963733,2024-08-23 19:45:20.868422,867.3984114833333,0,0,1,4,0,0,,summer,0,0,0,0
613699427,20.9,22.86535,rain,0.6,0.0,4.68,10.08,80.40424,993.763,,2024-08-23 05:17:47.022376,2024-08-23 19:45:18.584904,867.5260421333334,0,0,1,4,0,0,,summer,0,0,0,0
613596627,17.6,15.475897,none,0.0,0.0,17.10284,32.039997,66.11889,993.542,,2024-08-23 05:18:08.088600,2024-08-23 19:44:50.854619,866.7127669833334,0,1,0,4,0,0,,summer,0,0,1,1
613617827,19.8,19.149866,none,0.0,0.0,12.758432,25.199999,68.11547,993.79877,,2024-08-23 05:18:57.060042,2024-08-23 19:46:25.043184,867.4663856999999,0,0,1,4,0,0,,summer,0,0,0,0
613717427,15.8,15.394802,rain,4.0,0.0,11.090103,37.44,87.62405,997.99164,,2024-08-23 05:17:23.273135,2024-08-23 19:44:27.817372,867.0757372833334,0,1,0,4,0,0,,summer,0,0,0,1
613793627,19.8,21.223936,rain,0.2,0.0,9.605998,19.44,88.25321,999.6952,,2024-08-23 05:17:55.298942,2024-08-23 19:44:49.661338,866.9060399333333,0,0,1,4,0,0,,summer,0,0,0,0
613641827,16.5,14.463413,none,0.0,0.0,16.08761,27.359999,69.95452,993.35364,,2024-08-23 05:17:08.711118,2024-08-23 19:44:20.018264,867.1884524333333,0,1,0,4,0,0,,summer,0,0,1,1
613696827,20.85,22.711985,rain,0.6,0.0,5.0911684,14.4,80.14393,993.52966,,2024-08-23 05:18:27.130937,2024-08-23 19:45:20.944704,866.8968961166667,0,0,1,4,0,0,,summer,0,0,0,0
613637627,20.65,20.136204,rain,1.6,0.0,15.530151,35.64,69.84375,992.1872,,2024-08-23 05:17:38.467886,2024-08-23 19:45:45.364733,868.11494745,0,0,1,4,0,0,,summer,0,0,1,0
613703227,17.75,17.34213,none,0.0,0.0,15.580141,25.919998,86.68013,995.0851,,2024-08-23 05:18:23.101865,2024-08-23 19:45:31.597043,867.1415863,0,0,1,4,0,0,,summer,0,0,1,0
613743827,18.95,18.166983,none,0.0,0.0,11.770403,25.56,68.166145,986.905,,2024-08-23 05:18:44.237822,2024-08-23 19:45:13.570504,866.4888780333333,0,0,1,4,0,0,,summer,0,0,0,0
613667027,21.95,22.799393,none,0.0,0.0,6.87779,27.0,64.70144,993.0486,,2024-08-23 05:17:44.789911,2024-08-23 19:44:04.842047,866.3342022666667,0,0,1,4,0,0,,summer,0,0,0,0
613693627,22.15,22.671968,rain,1.1,0.0,11.384198,26.64,69.4638,997.0121,,2024-08-23 05:18:02.411042,2024-08-23 19:45:06.625627,867.0702430833334,0,0,1,4,0,0,,summer,0,0,0,0
613719227,15.25,13.86273,rain,0.5,0.0,16.039202,25.919998,86.43838,998.4312,,2024-08-23 05:17:27.589517,2024-08-23 19:44:19.740077,866.869176,0,1,0,4,0,0,,summer,0,0,1,1
613699627,20.15,22.23826,rain,1.7,0.0,4.8965297,14.759999,86.08963,996.03894,,2024-08-23 05:18:29.931178,2024-08-23 19:45:59.904688,867.4995585,0,0,1,4,0,0,,summer,0,0,0,0
613701427,20.25,22.17545,rain,0.1,0.0,5.8603754,11.5199995,85.29001,998.0755,,2024-08-23 05:18:03.775775,2024-08-23 19:45:13.938143,867.1693727999999,0,0,1,4,0,0,,summer,0,0,0,0
620969427,20.3,19.302086,none,0.0,0.0,15.141414,28.44,66.04003,998.32166,,2024-08-23 05:18:10.069648,2024-08-23 19:45:13.048054,867.0496401,0,0,1,4,0,0,,summer,0,0,1,0
613813027,17.65,17.291212,none,0.0,0.0,9.686609,15.4800005,75.66609,999.3567,,2024-08-24 05:19:50.884680,2024-08-24 19:42:48.568931,862.9614041833333,0,1,0,5,1,0,,summer,0,0,0,1
614170027,22.4,21.526058,none,0.0,0.0,10.787993,21.599998,52.64429,1000.6076,,2024-08-24 05:19:58.346722,2024-08-24 19:42:56.480976,862.9689042333333,0,0,1,5,1,0,,summer,0,0,0,0
614451427,17.9,17.375595,none,0.0,0.0,10.233123,17.64,73.279015,998.1261,,2024-08-24 05:20:54.337601,2024-08-24 19:43:08.596231,862.2376438333333,0,1,0,5,1,0,,summer,0,0,0,1
613802627,22.05,21.431557,none,0.0,0.0,9.826088,19.44,55.027733,1004.6346,,2024-08-24 05:18:34.715222,2024-08-24 19:41:05.204674,862.5081575333334,0,0,1,5,1,0,,summer,0,0,0,0
613809027,22.3,21.604889,none,0.0,0.0,10.464797,23.759998,54.374172,998.77545,,2024-08-24 05:22:16.517588,2024-08-24 19:44:48.257829,862.5290040166667,0,0,1,5,1,0,,summer,0,0,0,0
613809627,18.4,18.296978,none,0.0,0.0,8.287822,13.32,72.89096,1000.2425,,2024-08-24 05:20:28.788319,2024-08-24 19:43:30.740882,863.0325427166666,1,0,0,5,1,0,,summer,0,0,0,0
613747627,18.3,18.267166,none,0.0,0.0,8.287822,18.359999,74.31007,999.59125,,2024-08-24 05:20:30.137411,2024-08-24 19:42:55.116207,862.4163132666667,0,0,1,5,1,0,,summer,0,0,0,0
613801427,22.4,21.526058,none,0.0,0.0,10.787993,21.599998,52.64429,1000.03143,,2024-08-24 05:19:44.647229,2024-08-24 19:42:36.300478,862.8608874833334,0,0,1,5,1,0,,summer,0,0,0,0
614597027,22.35,21.51054,none,0.0,0.0,11.113451,22.68,53.67855,1003.50836,,2024-08-24 05:20:22.377995,2024-08-24 19:43:25.989476,863.06019135,0,0,1,5,1,0,,summer,0,0,0,0
613820227,17.3,17.102547,none,0.0,0.0,9.178235,15.119999,78.62598,999.86176,,2024-08-24 05:19:38.422050,2024-08-24 19:42:38.524755,863.0017117499999,0,1,0,5,1,0,,summer,0,0,0,1
613822027,19.5,19.066973,none,0.0,0.0,10.308831,22.68,67.61312,1001.378,,2024-08-24 05:19:20.630571,2024-08-24 19:42:10.411206,862.82967725,0,0,1,5,1,0,,summer,0,0,0,0
613887227,21.0,20.768126,none,0.0,0.0,9.0,21.96,59.84374,1003.88635,,2024-08-24 05:19:24.997481,2024-08-24 19:41:44.556681,862.3259866666667,0,0,1,5,1,0,,summer,0,0,0,0
613957227,17.75,17.360992,none,0.0,0.0,9.422101,15.4800005,74.21611,1002.114,,2024-08-24 05:18:59.853081,2024-08-24 19:41:22.268018,862.3735822833333,0,1,0,5,1,0,,summer,0,0,0,1
613904427,17.6,17.280134,none,0.0,0.0,8.714677,14.4,74.433235,1001.4998,,2024-08-24 05:19:46.807213,2024-08-24 19:41:57.165748,862.17264225,0,1,0,5,1,0,,summer,0,0,0,1
613817027,17.3,17.102547,none,0.0,0.0,9.178235,15.119999,78.62598,999.7445,,2024-08-24 05:19:46.222337,2024-08-24 19:42:37.514926,862.8548764833333,0,1,0,5,1,0,,summer,0,0,0,1
613720027,12.85,12.455666,none,0.0,0.0,5.991594,14.759999,91.80731,991.9308,,2024-08-24 05:20:15.193293,2024-08-24 19:42:17.126628,862.03222225,0,1,0,5,1,0,,summer,0,0,0,1
613772627,20.85,20.534035,none,0.0,0.0,9.726665,22.319998,60.200947,1002.61774,,2024-08-24 05:19:41.048530,2024-08-24 19:42:12.175803,862.5187878833333,0,0,1,5,1,0,,summer,0,0,0,0
613858427,12.9,12.659853,none,0.0,0.0,5.692099,13.32,93.64592,998.1104,,2024-08-24 05:19:12.873150,2024-08-24 19:41:50.181726,862.6218096,0,1,0,5,1,0,,summer,0,0,0,1
618224227,22.15,21.518415,none,0.0,0.0,10.144082,20.880001,55.05298,1001.383,,2024-08-24 05:21:04.617009,2024-08-24 19:42:39.478457,861.5810241333334,0,0,1,5,1,0,,summer,0,0,0,0
614126427,21.25,20.496603,none,0.0,0.0,12.144331,25.56,60.098553,1001.5787,,2024-08-24 05:18:52.900235,2024-08-24 19:41:46.338206,862.89063285,0,0,1,5,1,0,,summer,0,0,0,0
613775827,20.8,19.973019,none,0.0,0.0,13.363711,26.64,63.00277,999.6002,,2024-08-24 05:19:30.027027,2024-08-24 19:43:00.752802,863.51209625,0,0,1,5,1,0,,summer,0,0,0,0
613859027,13.25,13.073973,none,0.0,0.0,5.692099,11.159999,92.74331,1000.3895,,2024-08-24 05:18:41.239442,2024-08-24 19:41:11.238920,862.4999912999999,0,1,0,5,1,0,,summer,0,0,0,1
613818827,17.35,17.221004,none,0.0,0.0,7.9932966,12.959999,76.86119,996.7649,,2024-08-24 05:21:33.203001,2024-08-24 19:42:16.222046,860.7169840833334,0,1,0,5,1,0,,summer,0,0,0,1
613839627,23.25,25.09164,none,0.0,0.0,5.0142193,15.119999,67.71959,1002.1156,,2024-08-25 05:22:25.499367,2024-08-25 19:41:03.175713,858.6279391,0,0,1,6,1,0,,summer,0,0,0,0
613865827,18.7,18.658537,none,0.0,0.0,8.225035,10.08,72.23655,1001.8408,,2024-08-25 05:21:41.202668,2024-08-25 19:39:26.752396,857.7591621333333,0,1,0,6,1,0,,summer,0,0,0,1
613873827,20.9,21.678438,none,0.0,0.0,6.1094027,6.8399997,68.99894,995.8071,,2024-08-25 05:23:21.658176,2024-08-25 19:40:57.432012,857.5962306,0,1,0,6,1,0,,summer,0,0,0,1
613844027,23.15,24.992281,none,0.0,0.0,5.3999996,15.4800005,68.78041,1000.8438,,2024-08-25 05:22:02.118826,2024-08-25 19:40:41.296425,858.6529599833334,0,0,1,6,1,0,,summer,0,0,0,0
613901227,24.3,26.303686,none,0.0,0.0,5.815978,15.84,62.57325,1001.14813,,2024-08-25 05:21:44.780067,2024-08-25 19:40:18.565432,858.5630894166667,0,0,1,6,1,0,,summer,0,0,0,0
613859227,23.1,25.242704,none,0.0,0.0,3.8939953,13.32,69.64643,1003.5878,,2024-08-25 05:21:00.503233,2024-08-25 19:39:09.277134,858.1462316833333,0,0,1,6,1,0,,summer,0,0,0,0
613853027,25.75,27.223372,none,0.0,0.0,3.319036,6.4799995,54.020348,998.48627,,2024-08-25 05:23:10.913102,2024-08-25 19:40:55.626153,857.7452175166667,0,0,1,6,1,0,,summer,0,0,0,0
613817827,16.1,15.73777,none,0.0,0.0,9.83268,17.64,83.753006,1002.9645,,2024-08-25 05:22:10.087800,2024-08-25 19:40:28.542755,858.3075825833333,0,1,0,6,1,0,,summer,0,0,0,1
613844627,24.35,26.470268,none,0.0,0.0,4.6938257,15.119999,61.598217,998.16187,,2024-08-25 05:22:41.062509,2024-08-25 19:40:05.170388,857.4017979833334,0,0,1,6,1,0,,summer,0,0,0,0
613850427,26.7,27.602789,none,0.0,0.0,1.835647,9.0,44.603733,997.0025,,2024-08-25 05:23:54.102325,2024-08-25 19:41:26.992409,857.5481680666667,0,0,1,6,1,0,,summer,0,0,0,0
613865427,18.0,18.280222,none,0.0,0.0,8.12197,11.159999,79.75272,1001.4102,,2024-08-25 05:21:02.388864,2024-08-25 19:40:04.491028,859.0350360666667,0,1,0,6,1,0,,summer,0,0,0,1
613846027,26.75,27.7033,none,0.0,0.0,1.609969,9.36,44.61743,1004.2753,,2024-08-25 05:22:07.689694,2024-08-25 19:40:28.658157,858.3494743833332,0,0,1,6,1,0,,summer,0,0,0,0
613873427,17.5,17.71302,none,0.0,0.0,6.725354,10.799999,78.40009,1001.6142,,2024-08-25 05:21:07.390221,2024-08-25 19:39:45.789422,858.6399866833333,0,1,0,6,1,0,,summer,0,0,0,1
613815627,16.45,16.12677,none,0.0,0.0,10.163227,17.28,83.250275,1002.0801,,2024-08-25 05:21:22.763370,2024-08-25 19:40:06.998085,858.73724525,0,1,0,6,1,0,,summer,0,0,0,1
613972427,24.3,26.303686,none,0.0,0.0,5.815978,15.84,62.57325,1002.4092,,2024-08-25 05:21:55.377683,2024-08-25 19:40:23.350433,858.4662125,0,0,1,6,1,0,,summer,0,0,0,0
613853227,20.25,20.519705,none,0.0,0.0,9.47012,11.5199995,71.5889,1004.1255,,2024-08-25 05:21:33.164070,2024-08-25 19:39:52.602441,858.3239728499999,1,0,0,6,1,0,,summer,0,0,0,0
613892627,17.4,17.699434,none,0.0,0.0,8.373386,12.24,83.63158,1002.44934,,2024-08-25 05:22:14.243667,2024-08-25 19:40:58.321858,858.7346365166667,0,1,0,6,1,0,,summer,0,0,0,1
613856427,18.65,19.025152,none,0.0,0.0,7.342588,10.440001,76.32043,999.15314,,2024-08-25 05:22:33.341691,2024-08-25 19:40:28.578447,857.9206126,0,1,0,6,1,0,,summer,0,0,0,1
614051027,19.7,21.287703,none,0.0,0.0,4.510787,13.32,81.5304,1001.8951,,2024-08-25 05:21:52.442694,2024-08-25 19:39:19.552895,857.4518366833333,0,0,1,6,1,0,,summer,0,0,0,0
614328027,21.55,23.360983,none,0.0,0.0,4.5536795,14.4,75.33144,999.60095,,2024-08-25 05:22:07.996276,2024-08-25 19:41:07.921500,858.9987537333333,0,0,1,6,1,0,,summer,0,0,0,0
613832427,13.25,13.186497,none,0.0,0.0,5.815978,11.159999,95.21294,995.7096,,2024-08-25 05:22:56.384159,2024-08-25 19:40:31.331342,857.5824530499999,1,0,1,6,1,0,,summer,0,0,0,0
613842227,25.1,27.14781,none,0.0,0.0,5.6920996,16.919998,58.5255,1002.71844,,2024-08-25 05:22:24.422016,2024-08-25 19:41:06.339267,858.69862085,0,0,1,6,1,0,,summer,0,0,0,0
613846827,25.05,27.316206,none,0.0,0.0,4.39436,15.119999,58.700157,998.3601,,2024-08-25 05:22:27.839351,2024-08-25 19:39:58.986024,857.5191112166667,0,0,1,6,1,0,,summer,0,0,0,0
613911427,26.9,29.010265,none,0.0,0.0,4.198285,14.4,52.779335,1006.0357,,2024-08-26 05:23:38.795426,2024-08-26 19:37:23.647985,853.74754265,0,0,1,0,0,0,,summer,0,0,0,0
613931627,26.85,28.695343,none,0.0,0.0,3.319036,13.32,53.611977,1003.7982,,2024-08-26 05:23:19.860478,2024-08-26 19:37:48.461887,854.4766901500001,0,0,1,0,0,0,,summer,0,0,0,0
613924627,26.45,28.872288,none,0.0,0.0,4.198285,15.119999,55.239594,1002.1331,,2024-08-26 05:23:44.862472,2024-08-26 19:37:48.874379,854.0668651166667,0,0,1,0,0,0,,summer,0,0,0,0
613893427,25.9,28.385433,none,0.0,0.0,3.5455887,13.32,57.610302,1001.41504,,2024-08-26 05:25:19.655979,2024-08-26 19:37:33.878881,852.2370483666667,0,0,1,0,0,0,,summer,0,0,0,0
613926827,26.05,28.403095,none,0.0,0.0,5.3999996,16.919998,57.646336,1003.11914,,2024-08-26 05:22:52.109026,2024-08-26 19:37:27.475659,854.5894438833333,0,0,1,0,0,0,,summer,0,0,0,0
613996027,23.05,25.303658,none,0.0,0.0,7.2,7.92,77.24627,992.50024,,2024-08-26 05:24:20.156422,2024-08-26 19:37:40.329494,853.3362178666666,0,0,1,0,0,0,,summer,0,0,0,0
613955227,25.9,28.250061,none,0.0,0.0,3.219938,7.5599995,60.980907,1000.74414,,2024-08-26 05:23:47.731112,2024-08-26 19:38:11.339046,854.3934655666667,0,0,1,0,0,0,,summer,0,0,0,0
613906027,26.95,29.202915,none,0.0,0.0,3.5455887,13.679999,52.960148,1003.545,,2024-08-26 05:23:36.502270,2024-08-26 19:37:33.566352,853.9510680333333,0,0,1,0,0,0,,summer,0,0,0,0
613959627,20.6,21.209682,none,0.0,0.0,6.8777895,7.92,69.60964,1002.5586,,2024-08-26 05:23:27.130840,2024-08-26 19:37:51.929768,854.4133154666666,0,1,0,0,0,0,,summer,0,0,0,1
614002227,25.05,26.979918,none,0.0,0.0,4.39436,14.4,60.594334,998.26355,,2024-08-26 05:24:59.633686,2024-08-26 19:38:12.320497,853.21144685,0,0,1,0,0,0,,summer,0,0,0,0
614012827,23.3,25.415071,none,0.0,0.0,5.154415,14.04,71.68914,1003.2839,,2024-08-26 05:24:10.313998,2024-08-26 19:38:19.918100,854.1600683666667,0,0,1,0,0,0,,summer,0,0,0,0
614139227,27.35,28.907623,none,0.0,0.0,2.1897945,7.2,48.53359,1000.4811,,2024-08-26 05:24:15.566963,2024-08-26 19:37:14.507402,852.98234065,0,0,1,0,0,0,,summer,0,0,0,0
613886027,25.7,27.618046,none,0.0,0.0,6.1305785,17.28,57.197735,995.50775,,2024-08-26 05:24:46.956053,2024-08-26 19:39:51.489447,855.0755565666666,0,0,1,0,0,0,,summer,0,0,0,0
613955627,21.3,21.98493,none,0.0,0.0,6.618519,7.92,67.10882,1003.414,,2024-08-26 05:23:21.798541,2024-08-26 19:37:40.669000,854.31450765,0,1,0,0,0,0,,summer,0,0,0,1
613957627,27.4,28.435055,none,0.0,0.0,2.9024127,12.24,45.085514,994.79333,,2024-08-26 05:26:47.097567,2024-08-26 19:38:18.772951,851.5279230666667,0,0,1,0,0,0,,summer,0,0,0,0
613959227,21.15,21.82677,none,0.0,0.0,8.669949,10.08,71.06852,1006.7783,,2024-08-26 05:23:49.047503,2024-08-26 19:37:41.726172,853.8779778166667,0,1,0,0,0,0,,summer,0,0,0,1
613964027,18.65,19.291763,none,0.0,0.0,6.9247384,7.92,79.0763,1003.5128,,2024-08-26 05:23:20.083158,2024-08-26 19:37:37.012727,854.2821594833333,0,1,0,0,0,0,,summer,0,0,0,1
613975427,20.5,21.226185,none,0.0,0.0,7.928177,9.72,73.26123,1004.06476,,2024-08-26 05:23:42.415530,2024-08-26 19:37:37.793302,853.9229628666667,0,1,0,0,0,0,,summer,0,0,0,1
613959027,27.0,28.697647,none,0.0,0.0,3.6,13.679999,51.80621,1002.896,,2024-08-26 05:22:58.079862,2024-08-26 19:36:25.975657,853.4649299166666,0,0,1,0,0,0,,summer,0,0,0,0
613926027,26.5,28.608364,none,0.0,0.0,5.1165614,14.759999,54.728348,999.18146,,2024-08-26 05:23:31.104752,2024-08-26 19:38:13.461268,854.7059419333333,0,0,1,0,0,0,,summer,0,0,0,0
614129827,22.3,23.172794,none,0.0,0.0,7.729527,8.64,66.88431,1002.8139,,2024-08-26 05:23:56.078712,2024-08-26 19:37:59.206192,854.0521246666667,0,1,0,0,0,0,,summer,0,0,0,1
613902827,25.9,28.108082,none,0.0,0.0,4.8433046,15.119999,57.246094,1004.9557,,2024-08-26 05:23:59.635463,2024-08-26 19:37:55.702842,853.9344563166667,0,0,1,0,0,0,,summer,0,0,0,0
617999627,27.55,29.100021,none,0.0,0.0,1.4399999,6.8399997,47.054523,998.68414,,2024-08-26 05:25:48.523576,2024-08-26 19:38:06.797850,852.3045712333334,0,0,1,0,0,0,,summer,0,0,0,0
613948227,20.15,21.191294,none,0.0,0.0,8.825508,9.72,80.30354,997.115,,2024-08-26 05:24:33.452896,2024-08-26 19:39:40.464450,855.1168592333332,0,0,1,0,0,0,,summer,0,0,0,0
613899227,26.35,28.796276,none,0.0,0.0,5.3517847,16.199999,57.35466,1004.5066,,2024-08-26 05:23:03.596866,2024-08-26 19:37:08.206403,854.0768256166666,0,0,1,0,0,0,,summer,0,0,0,0
613992627,21.6,23.791548,none,0.0,0.0,3.8773184,11.879999,78.2502,996.8676,,2024-08-26 05:24:37.818156,2024-08-26 19:38:31.482238,853.8944013666667,0,0,1,0,0,0,,summer,0,0,0,0
613943627,24.05,26.11296,none,0.0,0.0,4.896529,14.04,67.666115,1005.3014,,2024-08-26 05:24:03.184497,2024-08-26 19:37:56.590885,853.8901064666667,0,0,1,0,0,0,,summer,0,0,0,0
613866827,17.35,17.339605,none,0.0,0.0,7.8954163,12.24,78.37794,999.47546,,2024-08-26 05:23:35.747965,2024-08-26 19:37:56.150505,854.3400423333334,0,1,0,0,0,0,,summer,0,0,0,1
613963627,26.45,28.872288,none,0.0,0.0,4.198285,15.119999,55.239594,1005.6704,,2024-08-26 05:23:53.405809,2024-08-26 19:37:37.524053,853.7353040666666,0,0,1,0,0,0,,summer,0,0,0,0
614057427,18.85,18.935734,none,0.0,0.0,7.5942073,11.5199995,72.02934,1007.5358,,2024-08-27 05:25:55.165255,2024-08-27 19:35:21.017299,849.4308674,0,1,0,1,0,0,,summer,0,0,0,1
613986827,19.65,22.378426,none,0.0,0.0,0.5091169,7.2,88.798325,1004.4818,,2024-08-27 05:26:31.559378,2024-08-27 19:36:08.393046,849.6138944666667,0,0,1,1,0,0,,summer,0,0,0,0
614053827,21.5,21.980463,none,0.0,0.0,6.9899354,10.440001,64.604294,1003.1503,,2024-08-27 05:25:49.560087,2024-08-27 19:34:56.818412,849.1209720833334,0,1,0,1,0,0,,summer,0,0,0,1
613972627,16.25,17.464579,none,0.0,0.0,3.396233,4.32,92.90454,1006.77246,,2024-08-27 05:25:54.576149,2024-08-27 19:35:18.006901,849.3905125333333,0,0,1,1,0,0,,summer,0,0,0,0
614030227,27.85,28.349651,none,0.0,0.0,8.905908,19.8,46.534466,1003.75354,,2024-08-27 05:25:53.649607,2024-08-27 19:35:33.976500,849.6721148833333,0,0,1,1,0,0,,summer,0,0,0,0
614032627,28.05,28.508003,none,0.0,0.0,5.2416787,13.679999,41.615852,1003.2134,,2024-08-27 05:25:36.171821,2024-08-27 19:34:33.166750,848.9499154833334,0,0,1,1,0,0,,summer,0,0,0,0
614048227,19.95,20.2727,none,0.0,0.0,10.028439,12.24,74.58905,1001.3251,,2024-08-27 05:25:22.089999,2024-08-27 19:35:34.001944,850.1985324166667,0,1,0,1,0,0,,summer,0,0,0,1
614191227,26.85,29.48975,none,0.0,0.0,2.3051248,10.08,58.938957,1001.367,,2024-08-27 05:25:53.777196,2024-08-27 19:34:33.947252,848.6695009333333,0,0,1,1,0,0,,summer,0,0,0,0
613992227,24.7,26.731693,none,0.0,0.0,6.489992,16.199999,66.95052,1000.0618,,2024-08-27 05:26:00.133905,2024-08-27 19:34:48.316524,848.80304365,0,0,1,1,0,0,,summer,0,0,0,0
614018227,27.75,28.434399,none,0.0,0.0,9.47012,20.16,47.108162,1007.21356,,2024-08-27 05:25:36.109303,2024-08-27 19:35:00.559204,849.40749835,0,0,1,1,0,0,,summer,0,0,0,0
614049627,27.85,28.42054,none,0.0,0.0,7.628263,17.64,45.64633,1004.69293,,2024-08-27 05:26:21.015764,2024-08-27 19:35:54.878095,849.5643721833333,0,0,1,1,0,0,,summer,0,0,0,0
614056827,20.7,21.78283,none,0.0,0.0,9.114471,10.08,78.61532,1005.3287,,2024-08-27 05:24:47.461059,2024-08-27 19:33:53.871351,849.1068382,0,1,0,1,0,0,,summer,0,0,0,1
614046827,21.0,21.743532,none,0.0,0.0,8.759178,10.08,72.64921,998.83453,,2024-08-27 05:26:02.500137,2024-08-27 19:35:04.851730,849.0391932166666,0,1,0,1,0,0,,summer,0,0,0,1
614116227,27.9,28.282398,none,0.0,0.0,7.628263,16.919998,44.07043,1003.6736,,2024-08-27 05:26:18.530955,2024-08-27 19:36:02.096519,849.7260927333333,0,0,1,1,0,0,,summer,0,0,0,0
614293627,27.5,28.210705,none,0.0,0.0,7.5942082,15.84,47.648827,1003.09686,,2024-08-27 05:25:55.372598,2024-08-27 19:35:38.647498,849.7212483333333,0,0,1,1,0,0,,summer,0,0,0,0
614016427,27.65,28.72224,none,0.0,0.0,7.928178,19.08,47.99526,1004.248,,2024-08-27 05:26:03.211569,2024-08-27 19:35:48.133550,849.7486996833334,0,0,1,1,0,0,,summer,0,0,0,0
613969227,17.7,17.686394,none,0.0,0.0,10.137692,11.5199995,81.272804,1002.6137,,2024-08-27 05:26:32.669924,2024-08-27 19:35:44.490727,849.1970133833333,0,1,0,1,0,0,,summer,0,0,0,1
614019827,27.5,28.231201,none,0.0,0.0,8.669949,20.16,49.04157,1004.5284,,2024-08-27 05:25:04.301936,2024-08-27 19:35:06.348343,850.0341067833334,0,0,1,1,0,0,,summer,0,0,0,0
614030627,28.0,28.211624,none,0.0,0.0,7.42159,17.28,42.282486,1005.36804,,2024-08-27 05:25:41.116167,2024-08-27 19:35:01.228746,849.33520965,0,0,1,1,0,0,,summer,0,0,0,0
614048427,21.0,21.743532,none,0.0,0.0,8.759178,10.08,72.64921,1001.1475,,2024-08-27 05:25:55.616932,2024-08-27 19:35:06.027240,849.1735051333333,0,1,0,1,0,0,,summer,0,0,0,1
614193427,26.1,29.608665,none,0.0,0.0,4.510787,8.64,71.74643,1002.34235,,2024-08-27 05:24:43.951965,2024-08-27 19:34:17.729367,849.5629567,0,0,1,1,0,0,,summer,0,0,0,0
614127027,22.95,25.399298,none,0.0,0.0,4.896529,13.32,76.270966,1003.84216,,2024-08-27 05:25:51.743222,2024-08-27 19:35:03.735115,849.1998648833334,0,0,1,1,0,0,,summer,0,0,0,0
614059227,27.4,28.456375,none,0.0,0.0,4.6938252,12.959999,47.317307,1001.38824,,2024-08-27 05:27:13.926819,2024-08-27 19:35:46.428620,848.5416966833333,0,0,1,1,0,0,,summer,0,0,0,0
614277027,26.95,28.076305,none,0.0,0.0,6.792466,15.119999,51.628498,1003.6167,,2024-08-27 05:25:13.687987,2024-08-27 19:35:25.965426,850.2046239833332,0,0,1,1,0,0,,summer,0,0,0,0
614019427,27.75,28.434399,none,0.0,0.0,9.47012,20.16,47.108162,1004.4814,,2024-08-27 05:25:53.832627,2024-08-27 19:35:32.094694,849.6377011166667,0,0,1,1,0,0,,summer,0,0,0,0
614008027,27.1,28.258595,none,0.0,0.0,9.422101,19.8,50.850258,1005.8776,,2024-08-27 05:25:38.459397,2024-08-27 19:34:45.636297,849.119615,0,0,1,1,0,0,,summer,0,0,0,0
614076227,27.6,28.859528,none,0.0,0.0,9.007196,20.16,48.75549,1006.58905,,2024-08-27 05:25:22.402855,2024-08-27 19:34:40.319912,849.2986176166667,0,0,1,1,0,0,,summer,0,0,0,0
614009627,22.75,25.368956,none,0.0,0.0,4.2136917,11.879999,77.92875,1004.86926,,2024-08-27 05:25:22.346505,2024-08-27 19:34:57.246207,849.5816617,0,0,1,1,0,0,,summer,0,0,0,0
614279427,27.25,28.348568,none,0.0,0.0,4.802999,14.759999,48.196945,1004.6591,,2024-08-27 05:25:06.448413,2024-08-27 19:35:03.613973,849.9527593333333,0,0,1,1,0,0,,summer,0,0,0,0
614044427,21.05,22.192774,none,0.0,0.0,8.557102,10.440001,76.69755,1000.0116,,2024-08-27 05:26:04.633504,2024-08-27 19:36:24.922930,850.3381571000001,1,0,0,1,0,0,,summer,0,0,0,0
613998427,26.1,27.880375,none,0.0,0.0,7.5942073,17.64,60.073948,1005.7736,,2024-08-27 05:25:24.850514,2024-08-27 19:34:49.754970,849.4150742666666,0,0,1,1,0,0,,summer,0,0,0,0
614041227,27.75,28.145287,none,0.0,0.0,6.28713,15.119999,43.043224,1006.3944,,2024-08-27 05:25:32.088714,2024-08-27 19:35:00.058666,849.4661658666666,0,0,1,1,0,0,,summer,0,0,0,0
614008427,27.55,28.73302,none,0.0,0.0,9.0645685,20.880001,48.27677,1004.0818,,2024-08-27 05:25:36.227127,2024-08-27 19:34:33.733213,848.9584347666666,0,0,1,1,0,0,,summer,0,0,0,0
619114227,27.15,29.347763,none,0.0,0.0,2.16,9.72,54.200153,1006.62366,,2024-08-27 05:25:24.215281,2024-08-27 19:34:32.841855,849.1437762333334,0,0,1,1,0,0,,summer,0,0,0,0
613992827,26.05,28.65723,none,0.0,0.0,4.68,13.679999,63.753475,1006.93225,,2024-08-27 05:26:17.206996,2024-08-27 19:35:51.072365,849.5644228166667,0,0,1,1,0,0,,summer,0,0,0,0
614397227,23.4,25.203625,none,0.0,0.0,7.289444,8.28,71.257706,1003.0897,,2024-08-27 05:24:34.693770,2024-08-27 19:34:22.237337,849.7923927833333,0,0,1,1,0,0,,summer,0,0,0,0
613991827,22.75,25.368956,none,0.0,0.0,4.2136917,11.879999,77.92875,1007.64856,,2024-08-27 05:25:27.496226,2024-08-27 19:34:36.039075,849.1423808166667,0,0,1,1,0,0,,summer,0,0,0,0
614155227,23.65,24.779716,none,0.0,0.0,9.360001,21.599998,66.525345,1008.4028,,2024-08-28 05:27:06.105873,2024-08-28 19:32:40.148317,845.5673740666666,0,0,1,2,0,0,,summer,0,0,0,0
614156227,22.7,23.555805,none,0.0,0.0,10.661107,19.08,69.56971,1007.4374,,2024-08-28 05:27:36.494765,2024-08-28 19:32:05.663963,844.4861533000001,0,0,1,2,0,0,,summer,0,0,0,0
614158627,21.2,21.459875,none,0.0,0.0,12.074766,20.519999,71.76258,1007.03955,,2024-08-28 05:26:47.932059,2024-08-28 19:31:39.559665,844.8604601000001,0,1,0,2,0,0,,summer,0,0,0,1
614161427,24.25,25.050358,none,0.0,0.0,11.177405,21.599998,63.5625,1008.93353,,2024-08-28 05:27:36.690470,2024-08-28 19:32:26.151766,844.8243549333333,0,0,1,2,0,0,,summer,0,0,0,0
614112227,23.3,24.622686,none,0.0,0.0,12.144331,26.64,73.97555,1004.5749,,2024-08-28 05:28:31.208727,2024-08-28 19:33:23.767553,844.8759804333333,0,0,1,2,0,0,,summer,0,0,0,0
614134027,25.4,26.71489,none,0.0,0.0,13.363711,25.919998,65.639755,1007.89636,,2024-08-28 05:27:17.018658,2024-08-28 19:32:14.134216,844.9519259666666,0,0,1,2,0,0,,summer,0,0,0,0
614147627,24.65,25.285578,none,0.0,0.0,11.440979,23.759998,60.88801,1004.8118,,2024-08-28 05:28:19.598507,2024-08-28 19:33:00.867441,844.6878155666667,0,0,1,2,0,0,,summer,0,0,0,0
614186827,25.15,25.763054,none,0.0,0.0,11.165805,23.759998,58.537415,1008.06195,,2024-08-28 05:28:10.183232,2024-08-28 19:33:33.044194,845.3810160333334,0,0,1,2,0,0,,summer,0,0,0,0
614145227,24.75,25.493374,none,0.0,0.0,11.27553,24.119999,61.298725,1007.0194,,2024-08-28 05:26:47.867855,2024-08-28 19:32:07.198204,845.3221724833334,0,0,1,2,0,0,,summer,0,0,0,0
614061427,18.85,19.682238,none,0.0,0.0,7.072878,10.799999,80.901634,1004.50366,,2024-08-28 05:26:57.720716,2024-08-28 19:32:07.325364,845.1600774666666,0,1,0,2,0,0,,summer,0,0,0,1
614205827,23.9,24.783955,none,0.0,0.0,9.885262,20.519999,63.8906,1008.186,,2024-08-28 05:28:03.048999,2024-08-28 19:33:17.595530,845.2424421833333,0,0,1,2,0,0,,summer,0,0,0,0
614255627,22.7,23.555805,none,0.0,0.0,10.661107,19.08,69.56971,1006.6264,,2024-08-28 05:27:47.710793,2024-08-28 19:32:07.568003,844.3309535000001,0,0,1,2,0,0,,summer,0,0,0,0
614103827,22.4,24.220156,none,0.0,0.0,9.6932955,25.919998,79.60251,1000.8901,,2024-08-28 05:28:11.821900,2024-08-28 19:32:28.896590,844.2845781666667,0,0,1,2,0,0,,summer,0,0,0,0
614134427,24.9,26.357143,none,0.0,0.0,12.496719,26.28,66.781425,1006.0276,,2024-08-28 05:27:29.973005,2024-08-28 19:32:35.031648,845.0843107166667,0,0,1,2,0,0,,summer,0,0,0,0
614134827,24.85,25.927435,none,0.0,0.0,12.413476,26.64,65.524765,1008.07837,,2024-08-28 05:28:16.593431,2024-08-28 19:33:22.820394,845.1037827166667,0,0,1,2,0,0,,summer,0,0,0,0
614156427,21.2,21.028578,none,0.0,0.0,9.107359,17.64,61.874477,1002.70514,,2024-08-28 05:28:28.617851,2024-08-28 19:34:35.660868,846.1173836166668,0,0,1,2,0,0,,summer,0,0,0,0
614335827,21.15,22.362053,none,0.0,0.0,12.287555,24.48,83.26905,1007.8937,,2024-08-28 05:27:09.914743,2024-08-28 19:32:05.664093,844.9291558333333,0,0,1,2,0,0,,summer,0,0,0,0
614134227,24.85,25.794586,none,0.0,0.0,12.864649,25.919998,64.9092,1006.6805,,2024-08-28 05:27:35.625598,2024-08-28 19:33:06.491915,845.5144386166667,0,0,1,2,0,0,,summer,0,0,0,0
614082227,18.0,18.226408,none,0.0,0.0,7.8625183,11.879999,78.47368,1002.18616,,2024-08-28 05:28:01.767043,2024-08-28 19:32:51.248934,844.8246981833333,0,1,0,2,0,0,,summer,0,0,0,1
614101427,23.5,24.60027,none,0.0,0.0,12.57426,25.919998,71.50034,1004.0124,,2024-08-28 05:27:35.954856,2024-08-28 19:33:17.460559,845.6917617166667,0,0,1,2,0,0,,summer,0,0,0,0
614128827,18.25,18.79785,none,0.0,0.0,14.561099,24.48,95.08983,1004.1833,,2024-08-28 05:27:53.775896,2024-08-28 19:33:10.839484,845.2843931333333,0,0,1,2,0,0,,summer,0,0,0,0
614156827,22.15,23.215075,none,0.0,0.0,8.225035,16.56,70.3536,1006.4395,,2024-08-28 05:27:58.201238,2024-08-28 19:33:14.776774,845.2762589333332,0,0,1,2,0,0,,summer,0,0,0,0
614333027,21.15,22.362053,none,0.0,0.0,12.287555,24.48,83.26905,1007.66064,,2024-08-28 05:27:10.182009,2024-08-28 19:32:12.931571,845.0458260333332,0,0,1,2,0,0,,summer,0,0,0,0
614097627,22.5,24.375696,none,0.0,0.0,9.9571085,23.4,80.11507,1005.1692,,2024-08-28 05:26:19.258767,2024-08-28 19:31:39.982829,845.3454010333334,0,0,1,2,0,0,,summer,0,0,0,0
620128227,25.2,25.846844,none,0.0,0.0,12.661564,23.759998,60.628796,1004.78485,,2024-08-28 05:27:24.783085,2024-08-28 19:31:43.793090,844.3168334166666,0,0,1,2,0,0,,summer,0,0,0,0
614254227,20.45,20.397736,none,0.0,0.0,12.0694,21.599998,71.3958,1007.87036,,2024-08-28 05:27:13.787285,2024-08-28 19:31:35.104325,844.355284,0,1,0,2,0,0,,summer,0,0,0,1
614128627,22.55,23.94268,none,0.0,0.0,12.144331,23.759998,78.14349,1005.8492,,2024-08-28 05:27:29.681299,2024-08-28 19:32:34.355098,845.07789665,0,0,1,2,0,0,,summer,0,0,0,0
614260827,20.45,20.397736,none,0.0,0.0,12.0694,21.599998,71.3958,1009.62524,,2024-08-28 05:27:04.696866,2024-08-28 19:31:51.296044,844.7766529666666,0,1,0,2,0,0,,summer,0,0,0,1
614159827,20.2,20.219488,none,0.0,0.0,11.841756,20.519999,72.97406,1002.4728,,2024-08-28 05:28:00.755986,2024-08-28 19:32:35.682011,844.5821004166667,0,1,0,2,0,0,,summer,0,0,0,1
614116827,25.0,26.697454,none,0.0,0.0,12.864649,27.72,68.06816,1009.38806,,2024-08-28 05:27:39.326283,2024-08-28 19:32:24.533421,844.7534522999999,0,0,1,2,0,0,,summer,0,0,0,0
615461427,25.35,27.09884,none,0.0,0.0,10.163227,24.119999,64.81153,1001.7889,,2024-08-28 05:29:28.339500,2024-08-28 19:34:05.770240,844.6238456666667,0,0,1,2,0,0,,summer,0,0,0,0
615447027,24.75,23.703632,none,0.0,0.0,8.654987,17.64,41.24141,1006.9212,,2024-08-29 05:29:26.490961,2024-08-29 19:29:30.347947,840.0642831,0,0,1,3,0,0,,summer,0,0,0,0
614179627,18.9,18.842031,none,0.0,0.0,8.217153,19.08,71.107864,1009.4224,,2024-08-29 05:28:31.802452,2024-08-29 19:29:23.021769,840.8536552833334,0,0,1,3,0,0,,summer,0,0,0,0
614251027,24.5,23.913342,none,0.0,0.0,7.386582,15.84,44.43633,1008.17377,,2024-08-29 05:28:54.826046,2024-08-29 19:29:42.602732,840.7962781,0,0,1,3,0,0,,summer,0,0,0,0
614248827,24.8,23.983107,none,0.0,0.0,7.491114,15.84,41.668808,1007.7944,,2024-08-29 05:28:55.296815,2024-08-29 19:30:01.386895,841.1015013333333,0,0,1,3,0,0,,summer,0,0,0,0
614267027,19.25,19.079615,none,0.0,0.0,7.5685663,11.159999,66.90323,1002.5851,,2024-08-29 05:29:52.439170,2024-08-29 19:29:41.694000,839.8209138333333,0,1,0,3,0,0,,summer,0,0,0,1
614260027,23.15,23.13863,none,0.0,0.0,6.696387,19.08,53.011368,998.56885,,2024-08-29 05:30:08.418681,2024-08-29 19:30:02.081191,839.8943751666667,0,0,1,3,0,0,,summer,0,0,0,0
614268027,19.3,18.979082,none,0.0,0.0,7.5685663,11.879999,64.758675,1005.6268,,2024-08-29 05:30:21.952193,2024-08-29 19:29:54.776590,839.5470732833332,0,1,0,3,0,0,,summer,0,0,0,1
614258627,23.75,23.667952,none,0.0,0.0,6.3690495,15.84,49.97002,1008.85956,,2024-08-29 05:29:30.300614,2024-08-29 19:29:57.253504,840.4492148333334,0,0,1,3,0,0,,summer,0,0,0,0
614263827,18.25,17.671112,none,0.0,0.0,9.227524,15.119999,68.92389,1008.32104,,2024-08-29 05:28:34.462603,2024-08-29 19:29:13.256515,840.6465652,0,1,0,3,0,0,,summer,0,0,0,1
614263627,18.25,17.671112,none,0.0,0.0,9.227524,15.119999,68.92389,1006.55554,,2024-08-29 05:28:47.358772,2024-08-29 19:29:22.466311,840.5851256499999,0,1,0,3,0,0,,summer,0,0,0,1
614257427,21.85,21.737368,none,0.0,0.0,9.0645685,21.599998,59.655106,1006.22156,,2024-08-29 05:30:17.675496,2024-08-29 19:31:17.581107,840.99842685,0,0,1,3,0,0,,summer,0,0,0,0
623209227,1.75,-2.253179,none,0.0,0.0,10.484902,22.68,73.67685,997.11816,,2024-11-13 08:01:40.657612,2024-11-13 16:29:20.326433,507.66114701666663,0,0,1,2,0,0,,autumn,0,0,0,0
614282027,18.9,18.687782,none,0.0,0.0,10.00256,20.880001,72.50779,1011.1108,,2024-08-29 05:29:25.203420,2024-08-29 19:29:27.087767,840.0314057833333,0,0,1,3,0,0,,summer,0,0,0,0
614273827,18.75,18.520763,none,0.0,0.0,8.089993,13.32,69.24887,1005.8051,,2024-08-29 05:28:15.634864,2024-08-29 19:29:07.186470,840.8591934333333,1,0,0,3,0,0,,summer,0,0,0,0
614736027,23.1,23.239697,none,0.0,0.0,6.1305785,17.28,53.870464,998.33527,,2024-08-29 05:30:15.204597,2024-08-29 19:30:13.894529,839.9781655333334,0,0,1,3,0,0,,summer,0,0,0,0
614266027,21.05,21.376543,none,0.0,0.0,6.792466,9.72,64.29815,1008.1467,,2024-08-29 05:29:16.516539,2024-08-29 19:29:40.549586,840.4005507833333,0,0,1,3,0,0,,summer,0,0,0,0
614249827,24.45,23.452179,none,0.0,0.0,9.673221,19.8,43.838757,1008.8802,,2024-08-29 05:29:30.834489,2024-08-29 19:29:27.195322,839.9393472166666,0,0,1,3,0,0,,summer,0,0,0,0
614250627,25.05,24.040873,none,0.0,0.0,7.9932966,16.919998,39.973885,1009.1911,,2024-08-29 05:29:39.454331,2024-08-29 19:30:13.516949,840.5677103,0,0,1,3,0,0,,summer,0,0,0,0
614251427,24.7,24.134459,none,0.0,0.0,6.28713,15.4800005,42.619698,1001.13293,,2024-08-29 05:30:45.192510,2024-08-29 19:32:20.650773,841.59097105,0,0,1,3,0,0,,summer,0,0,0,0
614383627,19.4,19.163767,none,0.0,0.0,7.9036193,12.24,66.06532,1009.73804,,2024-08-29 05:28:55.498255,2024-08-29 19:29:06.363546,840.1810881833334,1,0,0,3,0,0,,summer,0,0,0,0
614606827,24.5,23.555511,none,0.0,0.0,8.161764,15.84,42.141834,1005.5082,,2024-08-29 05:29:45.993566,2024-08-29 19:30:39.161063,840.8861249500001,0,0,1,3,0,0,,summer,0,0,0,0
615016827,15.35,15.006819,none,0.0,0.0,7.2805495,10.799999,82.035225,1010.7492,,2024-08-29 05:29:38.975131,2024-08-29 19:30:09.552490,840.5096226500001,0,1,0,3,0,0,,summer,0,0,0,1
614259227,24.45,23.909307,none,0.0,0.0,8.14587,18.359999,45.310986,1007.5603,,2024-08-29 05:29:41.163880,2024-08-29 19:30:22.553377,840.6898249499999,0,0,1,3,0,0,,summer,0,0,0,0
614194027,21.85,21.604212,none,0.0,0.0,8.287822,21.96,56.808075,1003.07526,,2024-08-29 05:30:45.658302,2024-08-29 19:32:19.258538,841.5600039333333,0,0,1,3,0,0,,summer,0,0,0,0
614198627,17.65,16.986555,none,0.0,0.0,11.304229,19.8,74.68522,1002.2074,,2024-08-29 05:30:06.176773,2024-08-29 19:29:57.111885,839.8489185333333,0,1,0,3,0,0,,summer,0,0,0,1
614260627,23.55,23.38841,none,0.0,0.0,6.9153743,18.0,50.575592,1002.27313,,2024-08-29 05:29:51.051863,2024-08-29 19:29:46.556560,839.9250782833333,0,0,1,3,0,0,,summer,0,0,0,0
614289427,17.6,17.147823,none,0.0,0.0,8.473393,13.32,72.036125,1008.6172,,2024-08-29 05:29:15.028929,2024-08-29 19:29:44.477205,840.4908046,0,1,0,3,0,0,,summer,0,0,0,1
614301427,24.8,23.983107,none,0.0,0.0,7.491114,15.84,41.668808,1007.7944,,2024-08-29 05:29:11.635164,2024-08-29 19:30:04.114174,840.8746501666667,0,0,1,3,0,0,,summer,0,0,0,0
614424027,23.85,23.891151,none,0.0,0.0,6.489992,16.919998,46.356148,1005.3447,,2024-08-29 05:29:26.204626,2024-08-29 19:30:38.711304,841.2084446333333,0,0,1,3,0,0,,summer,0,0,0,0
614272627,23.2,23.4788,none,0.0,0.0,5.771239,15.84,54.425056,1006.9767,,2024-08-29 05:31:45.818729,2024-08-29 19:32:11.870315,840.4341931,0,0,1,3,0,0,,summer,0,0,0,0
614261027,20.85,21.05163,none,0.0,0.0,6.792466,10.08,63.631573,1010.7082,,2024-08-29 05:29:16.689554,2024-08-29 19:29:21.173466,840.0747318666668,0,0,1,3,0,0,,summer,0,0,0,0
614251227,24.5,23.913342,none,0.0,0.0,7.386582,15.84,44.43633,1007.59717,,2024-08-29 05:28:36.782345,2024-08-29 19:29:27.221925,840.8406596666666,0,0,1,3,0,0,,summer,0,0,0,0
614212427,20.85,20.52117,none,0.0,0.0,10.308831,21.599998,63.4251,1007.8635,,2024-08-29 05:29:20.313270,2024-08-29 19:30:07.075745,840.7793745833334,0,0,1,3,0,0,,summer,0,0,0,0
614390227,23.75,23.837805,none,0.0,0.0,6.1305785,15.84,51.294342,1007.4718,,2024-08-29 05:29:02.013631,2024-08-29 19:29:33.204813,840.5198530333333,0,0,1,3,0,0,,summer,0,0,0,0
614187027,18.95,18.851715,none,0.0,0.0,8.373386,19.08,70.656,1009.7789,,2024-08-29 05:29:07.286072,2024-08-29 19:30:05.479346,840.9698879,0,0,1,3,0,0,,summer,0,0,0,0
614552227,16.45,16.62482,none,0.0,0.0,6.9899354,15.4800005,83.79326,1009.07477,,2024-08-30 05:31:50.538533,2024-08-30 19:27:07.254748,835.2786035833334,0,0,1,4,0,0,,summer,0,0,0,0
614444427,23.45,23.272434,none,0.0,0.0,9.793058,22.68,50.383728,1003.74963,,2024-08-30 05:31:48.994523,2024-08-30 19:27:37.318541,835.8054003,0,0,1,4,0,0,,summer,0,0,0,0
614456227,18.5,18.820145,none,0.0,0.0,7.5942073,18.359999,76.791695,1000.41144,,2024-08-30 05:32:09.692511,2024-08-30 19:27:35.874239,835.4363621333334,0,0,1,4,0,0,,summer,0,0,0,0
614350427,22.5,22.685232,none,0.0,0.0,9.3876505,24.48,56.59853,1003.6243,,2024-08-30 05:33:12.387939,2024-08-30 19:28:36.592682,835.4034123833334,0,0,1,4,0,0,,summer,0,0,0,0
614360827,16.65,17.060642,none,0.0,0.0,5.8603754,13.679999,83.81621,1009.89703,,2024-08-30 05:30:28.774837,2024-08-30 19:26:21.267364,835.87487545,0,0,1,4,0,0,,summer,0,0,0,0
614428827,23.8,23.183826,none,0.0,0.0,6.638072,15.119999,44.982716,1004.9149,,2024-08-30 05:32:16.665145,2024-08-30 19:28:12.553912,835.93147945,0,0,1,4,0,0,,summer,0,0,0,0
614412827,21.75,21.341385,none,0.0,0.0,11.159999,23.4,59.82573,1012.4714,,2024-08-30 05:31:02.972169,2024-08-30 19:26:52.375715,835.8233924333333,0,0,1,4,0,0,,summer,0,0,0,0
614327027,21.75,21.36899,none,0.0,0.0,11.212135,24.119999,60.21593,1008.2708,,2024-08-30 05:31:59.052254,2024-08-30 19:28:00.161285,836.01848385,0,0,1,4,0,0,,summer,0,0,0,0
614466227,19.8,19.555191,none,0.0,0.0,9.255571,10.440001,66.79935,1003.8342,,2024-08-30 05:32:06.300893,2024-08-30 19:27:47.134220,835.68055545,0,0,1,4,0,0,,summer,0,0,0,0
614794627,20.35,20.554598,none,0.0,0.0,8.759178,20.519999,69.1136,1009.3145,,2024-08-30 05:30:43.510498,2024-08-30 19:27:22.956523,836.65743375,0,0,1,4,0,0,,summer,0,0,0,0
614413027,18.25,17.648933,none,0.0,0.0,9.605998,12.24,69.3775,1006.4777,,2024-08-30 05:31:16.983779,2024-08-30 19:27:25.105177,836.1353566333333,0,1,0,4,0,0,,summer,0,0,0,1
614411827,19.8,19.555191,none,0.0,0.0,9.255571,10.440001,66.79935,1005.11755,,2024-08-30 05:32:03.581868,2024-08-30 19:28:00.988253,835.9567730833334,0,0,1,4,0,0,,summer,0,0,0,0
614400027,23.05,23.734518,none,0.0,0.0,4.452954,12.599999,57.102962,1005.6885,,2024-08-30 05:31:32.484172,2024-08-30 19:27:59.515517,836.4505224166667,0,0,1,4,0,0,,summer,0,0,0,0
614616027,17.1,16.903627,none,0.0,0.0,7.6367526,12.24,76.321465,1004.16144,,2024-08-30 05:32:17.481402,2024-08-30 19:28:14.837396,835.9559332333333,0,1,0,4,0,0,,summer,0,0,0,1
614675627,24.1,22.79678,none,0.0,0.0,9.021574,17.64,40.92181,1004.6078,,2024-08-30 05:31:40.173204,2024-08-30 19:27:23.451902,835.7213116333334,0,0,1,4,0,0,,summer,0,0,0,0
614359427,23.5,23.267857,none,0.0,0.0,7.8625183,20.519999,50.562374,1008.2893,,2024-08-30 05:30:49.974310,2024-08-30 19:26:56.963311,836.1164833500001,0,0,1,4,0,0,,summer,0,0,0,0
614388227,24.0,22.81085,none,0.0,0.0,8.534353,16.919998,41.58323,1009.19775,,2024-08-30 05:31:49.501072,2024-08-30 19:27:47.660154,835.9693180333333,0,0,1,4,0,0,,summer,0,0,0,0
614326427,16.65,17.060642,none,0.0,0.0,5.8603754,13.679999,83.81621,1008.356,,2024-08-30 05:30:41.145767,2024-08-30 19:26:37.526255,835.9396748,0,0,1,4,0,0,,summer,0,0,0,0
614422227,18.05,17.489218,none,0.0,0.0,8.654986,12.599999,68.88415,1006.9547,,2024-08-30 05:31:30.573431,2024-08-30 19:26:57.648892,835.4512576833333,0,1,0,4,0,0,,summer,0,0,0,1
614365627,24.35,23.649185,none,0.0,0.0,6.28713,15.84,42.240185,1007.7978,,2024-08-30 05:30:43.286342,2024-08-30 19:26:46.683962,836.056627,0,0,1,4,0,0,,summer,0,0,0,0
614402827,17.7,17.400946,none,0.0,0.0,7.9932976,11.879999,72.76593,1008.68164,,2024-08-30 05:31:07.631904,2024-08-30 19:27:09.281682,836.0274962999999,0,1,0,4,0,0,,summer,0,0,0,1
614382827,24.5,23.27128,none,0.0,0.0,8.217153,18.0,39.553265,1006.8851,,2024-08-30 05:31:33.425494,2024-08-30 19:27:05.250804,835.5304218333333,0,0,1,4,0,0,,summer,0,0,0,0
614289827,15.75,15.505081,none,0.0,0.0,6.830519,11.159999,80.48673,1008.31146,,2024-08-30 05:32:49.942742,2024-08-30 19:27:23.599836,834.5609515666667,0,1,0,4,0,0,,summer,0,0,0,1
614361027,23.45,23.349821,none,0.0,0.0,7.42159,19.8,51.383484,1008.7496,,2024-08-30 05:30:50.341315,2024-08-30 19:27:30.288937,836.6657937,0,0,1,4,0,0,,summer,0,0,0,0
614409827,18.25,17.648933,none,0.0,0.0,9.605998,12.24,69.3775,1010.12994,,2024-08-30 05:31:25.166875,2024-08-30 19:27:25.147958,835.9996847166666,0,1,0,4,0,0,,summer,0,0,0,1
614412027,16.85,16.552967,none,0.0,0.0,9.028754,14.4,79.07438,1008.35425,,2024-08-30 05:30:50.548047,2024-08-30 19:27:30.214653,836.6611101,0,1,0,4,0,0,,summer,0,0,0,1
615341427,22.9,22.897793,none,0.0,0.0,5.4833565,15.84,52.086815,1006.2566,,2024-08-30 05:32:06.302692,2024-08-30 19:28:02.267260,835.9327428,0,0,1,4,0,0,,summer,0,0,0,0
614296227,14.45,14.103693,none,0.0,0.0,8.209263,14.759999,89.24028,1007.8963,,2024-08-30 05:30:26.357170,2024-08-30 19:26:46.111236,836.3292344333333,0,0,1,4,0,0,,summer,0,0,0,0
614426627,22.4,22.560307,none,0.0,0.0,10.086427,23.759998,58.06549,1004.6391,,2024-08-30 05:32:18.423974,2024-08-30 19:28:13.884667,835.9243448833333,0,0,1,4,0,0,,summer,0,0,0,0
614385027,24.05,23.435682,none,0.0,0.0,6.519877,14.04,44.1652,1006.199,,2024-08-30 05:31:34.934512,2024-08-30 19:28:07.655367,836.5453475833333,0,0,1,4,0,0,,summer,0,0,0,0
614714427,14.35,14.061893,none,0.0,0.0,7.69592,14.04,89.52522,1009.5407,,2024-08-30 05:31:06.233061,2024-08-30 19:27:41.758800,836.5920956499999,0,0,1,4,0,0,,summer,0,0,0,0
615582627,22.5,22.340435,none,0.0,0.0,10.661107,23.4,55.14121,1009.6321,,2024-08-30 05:31:00.766313,2024-08-30 19:27:11.680836,836.1819087166666,0,0,1,4,0,0,,summer,0,0,0,0
614357427,23.2,23.150723,none,0.0,0.0,6.849467,18.72,51.82465,1002.25165,,2024-08-30 05:32:27.786022,2024-08-30 19:29:33.829781,837.1007293166666,0,0,1,4,0,0,,summer,0,0,0,0
614407627,17.45,16.93957,none,0.0,0.0,8.311245,13.32,71.53708,1003.60004,,2024-08-30 05:31:37.891238,2024-08-30 19:27:16.704204,835.6468827666666,0,1,0,4,0,0,,summer,0,0,0,1
614672827,24.35,23.745775,none,0.0,0.0,6.0347,15.119999,42.805557,1008.35736,,2024-08-30 05:31:37.164684,2024-08-30 19:28:07.677697,836.5085502166668,0,0,1,4,0,0,,summer,0,0,0,0
614595027,22.2,22.333324,none,0.0,0.0,9.726665,23.4,57.828606,1009.24756,,2024-08-30 05:31:09.130610,2024-08-30 19:27:43.459550,836.572149,0,0,1,4,0,0,,summer,0,0,0,0
614561427,22.5,22.309172,none,0.0,0.0,11.013882,24.48,55.32155,1005.6875,,2024-08-30 05:31:36.758517,2024-08-30 19:26:58.585721,835.3637867333333,0,0,1,4,0,0,,summer,0,0,0,0
614322027,14.1,13.938152,none,0.0,0.0,6.830519,10.440001,90.98554,1009.8243,,2024-08-30 05:31:19.202347,2024-08-30 19:27:10.923950,835.8620267166666,0,1,0,4,0,0,,summer,0,0,0,1
614386827,24.1,22.79678,none,0.0,0.0,9.021574,17.64,40.92181,1004.7228,,2024-08-30 05:31:46.905671,2024-08-30 19:27:10.291542,835.3897645166667,0,0,1,4,0,0,,summer,0,0,0,0
614424427,22.35,22.639526,none,0.0,0.0,9.746631,23.759998,59.00331,1009.6236,,2024-08-30 05:33:06.509925,2024-08-30 19:29:08.761262,836.0375222833334,0,0,1,4,0,0,,summer,0,0,0,0
614469027,22.2,22.446218,none,0.0,0.0,10.1887,22.68,63.723103,1009.6248,,2024-08-31 05:32:07.875126,2024-08-31 19:23:32.421061,831.4090989166667,0,0,1,5,1,0,,summer,0,0,0,0
614485627,21.95,21.74504,none,0.0,0.0,8.854829,14.759999,58.335365,1007.61633,,2024-08-31 05:33:58.559969,2024-08-31 19:25:53.624615,831.9177440999999,0,0,1,5,1,0,,summer,0,0,0,0
614473227,25.05,24.65032,none,0.0,0.0,11.246759,23.759998,49.343513,1005.9556,,2024-08-31 05:33:30.683446,2024-08-31 19:25:25.955452,831.9212001,0,0,1,5,1,0,,summer,0,0,0,0
614499027,17.75,17.346136,none,0.0,0.0,8.942214,14.04,73.01337,1006.2865,,2024-08-31 05:33:21.861909,2024-08-31 19:24:24.867118,831.0500868166667,0,1,0,5,1,0,,summer,0,0,0,1
614481827,26.1,25.318226,none,0.0,0.0,8.39657,17.28,40.00318,1005.6128,,2024-08-31 05:33:35.291460,2024-08-31 19:25:26.278068,831.8497768,0,0,1,5,1,0,,summer,0,0,0,0
614454427,24.4,24.575136,none,0.0,0.0,11.457958,25.56,52.475925,1005.84656,,2024-08-31 05:34:16.215145,2024-08-31 19:25:54.015457,831.6300052,0,0,1,5,1,0,,summer,0,0,0,0
614460027,24.9,25.017538,none,0.0,0.0,10.703569,25.56,50.43767,1003.69904,,2024-08-31 05:34:06.607525,2024-08-31 19:25:40.621690,831.56690275,0,0,1,5,1,0,,summer,0,0,0,0
614492227,20.15,19.201683,none,0.0,0.0,10.315115,16.919998,58.66768,1005.78925,,2024-08-31 05:33:01.294783,2024-08-31 19:25:12.342320,832.1841256166666,1,0,0,5,1,0,,summer,0,0,0,0
614490827,25.05,25.20494,none,0.0,0.0,9.422101,23.4,48.389732,1004.9708,,2024-08-31 05:33:49.577523,2024-08-31 19:24:36.474125,830.7816100333333,0,0,1,5,1,0,,summer,0,0,0,0
614497227,20.25,19.493132,none,0.0,0.0,9.659814,14.759999,59.469963,1005.5808,,2024-08-31 05:33:28.952102,2024-08-31 19:25:10.924333,831.6995371833333,0,1,0,5,1,0,,summer,0,0,0,1
614501227,22.2,22.381285,none,0.0,0.0,10.630672,23.039999,63.723103,1011.85767,,2024-08-31 05:32:54.623938,2024-08-31 19:24:04.766534,831.1690432666667,0,0,1,5,1,0,,summer,0,0,0,0
615865427,24.35,24.510798,none,0.0,0.0,10.97262,24.84,51.786583,1008.46,,2024-08-31 05:32:27.964152,2024-08-31 19:23:56.781780,831.4802937999999,0,0,1,5,1,0,,summer,0,0,0,0
614499827,18.05,17.65591,none,0.0,0.0,7.289444,11.159999,68.43271,1000.7326,,2024-08-31 05:35:10.938635,2024-08-31 19:25:34.491002,830.39253945,0,1,0,5,1,0,,summer,0,0,0,1
614421227,15.4,14.968597,none,0.0,0.0,8.905908,15.119999,84.22188,1008.4406,,2024-08-31 05:32:54.795958,2024-08-31 19:24:58.147458,832.0558583333333,0,1,0,5,1,0,,summer,0,0,0,1
614559627,17.9,17.580917,none,0.0,0.0,8.942214,14.4,73.51868,1007.2182,,2024-08-31 05:32:55.235961,2024-08-31 19:24:12.955270,831.2953218166666,0,1,0,5,1,0,,summer,0,0,0,1
614433027,16.25,16.268557,none,0.0,0.0,8.427383,17.64,85.69786,1006.5565,,2024-08-31 05:34:22.441993,2024-08-31 19:25:59.335377,831.6148897333334,0,0,1,5,1,0,,summer,0,0,0,0
614450027,22.1,22.112066,none,0.0,0.0,11.4862,23.4,63.701134,1009.2879,,2024-08-31 05:33:09.251575,2024-08-31 19:24:34.660777,831.4234867,0,0,1,5,1,0,,summer,0,0,0,0
614498227,20.4,19.857183,none,0.0,0.0,10.00256,16.919998,62.096302,1009.2316,,2024-08-31 05:34:19.924995,2024-08-31 19:26:06.920444,831.7832574833334,1,0,0,5,1,0,,summer,0,0,0,0
614491827,20.25,19.309921,none,0.0,0.0,9.826088,15.84,57.54142,1005.5623,,2024-08-31 05:32:32.105609,2024-08-31 19:24:16.902780,831.7466195166667,0,1,0,5,1,0,,summer,0,0,0,1
614457627,22.1,22.112066,none,0.0,0.0,11.4862,23.4,63.701134,1011.0358,,2024-08-31 05:33:15.621231,2024-08-31 19:24:33.605985,831.2997459,0,0,1,5,1,0,,summer,0,0,0,0
614464027,25.25,25.0477,none,0.0,0.0,9.422101,22.68,47.97272,1007.59283,,2024-08-31 05:34:16.019696,2024-08-31 19:25:37.594479,831.3595797166666,0,0,1,5,1,0,,summer,0,0,0,0
614497827,17.8,17.230064,none,0.0,0.0,8.942214,13.679999,70.43715,1005.5636,,2024-08-31 05:33:21.977333,2024-08-31 19:25:01.047492,831.6511693166667,0,1,0,5,1,0,,summer,0,0,0,1
614506227,23.95,24.42752,none,0.0,0.0,6.6185193,13.679999,55.147,1006.4667,,2024-08-31 05:32:52.271372,2024-08-31 19:24:30.511326,831.6373325666666,0,0,1,5,1,0,,summer,0,0,0,0
614519227,20.4,19.857183,none,0.0,0.0,10.00256,16.919998,62.096302,1004.5597,,2024-08-31 05:34:13.656058,2024-08-31 19:25:56.398529,831.7123745166666,1,0,0,5,1,0,,summer,0,0,0,0
614484827,25.95,25.451628,none,0.0,0.0,6.989936,14.4,41.032032,1010.34155,,2024-08-31 05:32:50.721353,2024-08-31 19:24:03.473727,831.2125395666667,0,0,1,5,1,0,,summer,0,0,0,0
614509827,16.25,15.99897,none,0.0,0.0,8.714677,14.759999,82.148544,1006.19604,,2024-09-01 05:34:59.758136,2024-09-01 19:22:34.473241,827.5785850833333,0,1,0,6,1,0,,autumn,0,0,0,1
614556627,22.55,23.999569,none,0.0,0.0,7.172949,14.04,71.10143,1004.6993,,2024-09-01 05:35:20.375065,2024-09-01 19:22:52.340597,827.5327588666667,0,0,1,6,1,0,,autumn,0,0,0,0
614564427,23.85,23.95799,none,0.0,0.0,7.42159,11.879999,53.018856,1008.6431,,2024-09-01 05:36:12.295157,2024-09-01 19:23:29.824003,827.2921474333333,0,0,1,6,1,0,,autumn,0,0,0,0
614542827,27.1,27.196571,none,0.0,0.0,15.778518,29.16,50.850258,1006.56934,,2024-09-01 05:35:12.598763,2024-09-01 19:22:21.456731,827.1476328,0,0,1,6,1,0,,autumn,0,0,1,0
614551427,28.25,28.01004,none,0.0,0.0,8.707237,18.359999,39.687687,1008.27563,,2024-09-01 05:34:45.976048,2024-09-01 19:21:32.218946,826.7707149666666,0,0,1,6,1,0,,autumn,0,0,0,0
614573827,19.85,18.596855,none,0.0,0.0,11.019764,19.08,57.25294,1001.3099,,2024-09-01 05:36:32.383676,2024-09-01 19:23:04.539478,826.5359300333333,0,1,0,6,1,0,,autumn,0,0,0,1
614577027,20.3,19.408812,none,0.0,0.0,10.691453,19.44,59.481903,1007.2296,,2024-09-01 05:34:37.466739,2024-09-01 19:22:15.478524,827.6335297500001,0,1,0,6,1,0,,autumn,0,0,0,1
623668227,4.7,0.6966343,rain,0.1,1.0,17.629894,34.2,94.885056,981.2737,,2024-11-17 08:10:08.264307,2024-11-17 16:21:05.240008,490.94959501666665,0,1,0,6,1,0,,autumn,0,0,1,1
614550427,24.2,24.37393,none,0.0,0.0,13.479583,27.72,60.97875,1005.7733,,2024-09-01 05:34:28.867000,2024-09-01 19:21:48.214258,827.3224543,0,0,1,6,1,0,,autumn,0,0,0,0
614687827,24.7,24.81577,none,0.0,0.0,13.0447235,26.28,58.0583,1004.67206,,2024-09-01 05:35:30.297588,2024-09-01 19:22:24.700932,826.9067223999999,0,0,1,6,1,0,,autumn,0,0,0,0
614539627,24.5,24.629992,none,0.0,0.0,13.779114,26.64,59.89252,1007.09204,,2024-09-01 05:35:31.061014,2024-09-01 19:22:40.443131,827.1563686166667,0,0,1,6,1,0,,autumn,0,0,0,0
614507427,16.75,16.394703,none,0.0,0.0,8.4963045,15.119999,77.524704,1005.9501,,2024-09-01 05:34:31.685291,2024-09-01 19:22:08.114520,827.6071538166667,0,1,0,6,1,0,,autumn,0,0,0,1
616607027,24.25,23.72997,none,0.0,0.0,10.296251,16.919998,49.776638,1004.26715,,2024-09-01 05:36:10.744947,2024-09-01 19:23:02.498911,826.8625660666668,1,0,0,6,1,0,,autumn,0,0,0,0
614551627,28.75,28.190224,none,0.0,0.0,8.714677,15.84,36.227154,1004.5705,,2024-09-01 05:35:16.042067,2024-09-01 19:22:33.956106,827.2985673166667,0,0,1,6,1,0,,autumn,0,0,0,0
614569227,22.4,21.939615,none,0.0,0.0,8.854829,14.4,54.04447,1002.7701,,2024-09-01 05:35:55.871696,2024-09-01 19:22:13.052495,826.28634665,1,0,0,6,1,0,,autumn,0,0,0,0
614684627,20.25,18.901375,none,0.0,0.0,11.988594,20.519999,56.41093,1002.1177,,2024-09-01 05:35:31.740983,2024-09-01 19:22:13.783438,826.7007075833334,0,1,0,6,1,0,,autumn,0,0,0,1
614551027,28.0,27.793701,none,0.0,0.0,8.714677,19.8,40.5333,1002.3532,,2024-09-01 05:35:28.352237,2024-09-01 19:21:52.654313,826.4050346,0,0,1,6,1,0,,autumn,0,0,0,0
614708627,19.55,18.13765,none,0.0,0.0,11.592894,19.44,57.36902,1006.0132,,2024-09-01 05:35:49.760087,2024-09-01 19:22:51.495435,827.0289224666667,0,1,0,6,1,0,,autumn,0,0,0,1
615444627,28.45,27.05774,none,0.0,0.0,15.905319,32.039997,38.46781,1009.3423,,2024-09-01 05:35:16.210086,2024-09-01 19:22:09.874715,826.8944104833333,0,0,1,6,1,0,,autumn,0,0,1,0
614540627,27.9,27.585175,none,0.0,0.0,16.595179,30.239998,46.99763,1005.7363,,2024-09-01 05:35:13.796498,2024-09-01 19:22:24.437369,827.17734785,0,0,1,6,1,0,,autumn,0,0,1,0
614541827,27.9,27.721647,none,0.0,0.0,15.646544,29.519999,46.99763,1005.39514,,2024-09-01 05:35:57.951659,2024-09-01 19:22:51.335389,826.8897288333334,0,0,1,6,1,0,,autumn,0,0,1,0
614545427,27.1,27.099695,none,0.0,0.0,15.94601,29.16,49.725636,1008.7249,,2024-09-01 05:35:11.270594,2024-09-01 19:21:59.539095,826.8044750166666,0,0,1,6,1,0,,autumn,0,0,1,0
614533827,24.5,24.58938,none,0.0,0.0,13.779114,26.28,59.511845,1006.9601,,2024-09-01 05:35:01.698643,2024-09-01 19:22:04.148297,827.0408275666666,0,0,1,6,1,0,,autumn,0,0,0,0
615796827,27.95,26.827496,none,0.0,0.0,14.05845,30.239998,39.60414,997.4109,,2024-09-01 05:35:53.951772,2024-09-01 19:22:32.751805,826.6466672166666,0,0,1,6,1,0,,autumn,0,0,0,0
614540027,27.25,27.373432,none,0.0,0.0,14.81259,29.16,48.818893,1003.48724,,2024-09-01 05:35:32.156687,2024-09-01 19:22:05.117233,826.5493424333333,0,0,1,6,1,0,,autumn,0,0,0,0
614535427,24.65,24.887022,none,0.0,0.0,12.904882,25.919998,59.168686,999.5505,,2024-09-01 05:35:47.650910,2024-09-01 19:22:32.280057,826.7438191166667,0,0,1,6,1,0,,autumn,0,0,0,0
614646827,26.6,24.023632,none,0.0,0.0,10.028439,21.24,25.958279,1006.9037,,2024-09-02 05:37:10.208311,2024-09-02 19:19:52.280322,822.7012001833333,0,0,1,0,0,0,,autumn,0,0,0,0
614614627,26.6,24.26969,none,0.0,0.0,9.021574,18.72,26.779575,1006.69135,,2024-09-02 05:37:58.073983,2024-09-02 19:20:26.568107,822.4749020666666,0,0,1,0,0,0,,autumn,0,0,0,0
614646627,19.6,18.017586,none,0.0,0.0,9.422101,15.4800005,51.045208,1006.7632,,2024-09-02 05:36:19.272654,2024-09-02 19:19:08.625390,822.8225456,1,0,0,0,0,0,,autumn,0,0,0,0
614658227,25.75,23.3994,none,0.0,0.0,15.379206,30.960001,35.86329,1010.6756,,2024-09-02 05:37:24.017339,2024-09-02 19:19:51.327143,822.4551634,0,0,1,0,0,0,,autumn,0,0,1,0
614956027,13.55,13.048536,none,0.0,0.0,6.618519,10.440001,87.41954,1005.7924,,2024-09-02 05:36:58.056166,2024-09-02 19:19:00.570646,822.0419079999999,0,0,1,0,0,0,,autumn,0,0,0,0
614640027,23.7,22.328417,none,0.0,0.0,9.885262,16.919998,42.481915,1007.0185,,2024-09-02 05:37:57.749376,2024-09-02 19:20:46.041240,822.8048643999999,0,0,1,0,0,0,,autumn,0,0,0,0
614651827,21.7,19.930538,none,0.0,0.0,9.779817,16.919998,43.363087,1010.9719,,2024-09-02 05:37:26.294605,2024-09-02 19:19:53.738221,822.4573935999999,0,0,1,0,0,0,,autumn,0,0,0,0
614676027,19.8,19.724157,none,0.0,0.0,8.942214,18.359999,68.33702,1009.20166,,2024-09-02 05:37:18.293482,2024-09-02 19:19:46.665801,822.4728719833333,0,0,1,0,0,0,,autumn,0,0,0,0
614649627,25.75,23.355143,none,0.0,0.0,14.693999,30.599998,34.55985,1009.7713,,2024-09-02 05:37:10.797220,2024-09-02 19:19:40.305742,822.4918087,0,0,1,0,0,0,,autumn,0,0,0,0
615424227,26.6,24.023632,none,0.0,0.0,10.028439,21.24,25.958279,1010.57086,,2024-09-02 05:37:13.730132,2024-09-02 19:19:44.348041,822.5102984833334,0,0,1,0,0,0,,autumn,0,0,0,0
615804027,19.65,17.376284,none,0.0,0.0,11.570515,20.16,46.12805,1005.6536,,2024-09-02 05:37:59.483654,2024-09-02 19:19:46.775654,821.7882000000001,0,1,0,0,0,0,,autumn,0,0,0,1
614771627,25.5,24.385227,none,0.0,0.0,14.565548,28.08,42.420727,1006.8821,,2024-09-02 05:37:27.181547,2024-09-02 19:20:24.108564,822.9487836166667,0,0,1,0,0,0,,autumn,0,0,0,0
614705827,19.35,17.65943,none,0.0,0.0,9.0645685,15.4800005,49.78729,1007.80194,,2024-09-02 05:37:41.370805,2024-09-02 19:20:25.617106,822.7374383499999,1,0,0,0,0,0,,autumn,0,0,0,0
614634227,24.15,22.308697,none,0.0,0.0,11.090103,18.0,38.53649,1007.49084,,2024-09-02 05:37:16.171687,2024-09-02 19:19:58.169665,822.6999663,0,0,1,0,0,0,,autumn,0,0,0,0
614643227,20.55,18.985935,none,0.0,0.0,8.647496,15.4800005,47.008755,1000.73737,,2024-09-02 05:38:24.843029,2024-09-02 19:21:55.642186,823.5133192833333,0,0,1,0,0,0,,autumn,0,0,0,0
614657627,15.5,14.299273,none,0.0,0.0,7.5685663,11.879999,67.91406,1006.4479,,2024-09-02 05:37:25.016233,2024-09-02 19:20:15.657375,822.8440190333333,0,1,0,0,0,0,,autumn,0,0,0,1
614667827,21.6,19.851555,none,0.0,0.0,9.726665,17.28,43.77669,1011.6682,,2024-09-02 05:36:54.419159,2024-09-02 19:19:07.559670,822.2190085166666,1,0,0,0,0,0,,autumn,0,0,0,0
617401227,21.9,21.806566,none,0.0,0.0,9.422101,20.519999,60.643272,1010.92377,,2024-09-02 05:37:15.445698,2024-09-02 19:19:48.780248,822.5555758333334,0,0,1,0,0,0,,autumn,0,0,0,0
615337227,26.1,23.69608,none,0.0,0.0,10.464798,17.28,28.746313,1008.9691,,2024-09-02 05:37:02.345237,2024-09-02 19:19:35.522278,822.5529506833334,0,0,1,0,0,0,,autumn,0,0,0,0
614635027,23.65,22.879557,none,0.0,0.0,7.2805495,15.119999,44.792362,1003.82184,,2024-09-02 05:38:29.394532,2024-09-02 19:20:38.502953,822.1518070166666,0,0,1,0,0,0,,autumn,0,0,0,0
614657027,17.15,15.56159,none,0.0,0.0,8.64,16.199999,57.739212,1006.3645,,2024-09-02 05:37:41.094758,2024-09-02 19:21:01.832443,823.3456280833333,0,1,0,0,0,0,,autumn,0,0,0,1
614578427,14.1,13.70393,none,0.0,0.0,7.2,11.5199995,87.7583,1007.3401,,2024-09-02 05:36:26.610955,2024-09-02 19:19:05.262807,822.6441975333333,0,0,1,0,0,0,,autumn,0,0,0,0
614942627,25.05,23.764935,none,0.0,0.0,12.496718,27.359999,43.428406,1008.20233,,2024-09-02 05:36:33.409345,2024-09-02 19:19:37.525242,823.0685982833334,0,0,1,0,0,0,,autumn,0,0,0,0
614770027,16.45,15.123869,none,0.0,0.0,7.9526596,13.679999,62.85253,1006.21844,,2024-09-02 05:37:25.021180,2024-09-02 19:20:15.657302,822.8439353666668,0,1,0,0,0,0,,autumn,0,0,0,1
614593427,23.2,23.398855,none,0.0,0.0,8.913181,20.519999,58.258373,1007.30225,,2024-09-02 05:36:13.475895,2024-09-02 19:19:01.047280,822.7928564166667,0,0,1,0,0,0,,autumn,0,0,0,0
614812827,19.5,17.757895,none,0.0,0.0,9.779817,15.84,49.996407,1009.3369,,2024-09-02 05:36:54.243867,2024-09-02 19:19:46.792737,822.8758144999999,0,1,0,0,0,0,,autumn,0,0,0,1
614582827,19.75,19.572607,none,0.0,0.0,8.913181,19.44,67.22525,1001.95624,,2024-09-02 05:37:37.453973,2024-09-02 19:19:50.190073,822.2122683333333,0,0,1,0,0,0,,autumn,0,0,0,0
614603227,24.95,23.877222,none,0.0,0.0,13.755579,29.519999,44.122395,1001.16766,,2024-09-02 05:38:19.201130,2024-09-02 19:21:53.929328,823.5788033,0,0,1,0,0,0,,autumn,0,0,0,0
614950427,25.25,23.489193,none,0.0,0.0,13.830749,29.88,40.29722,1009.36523,,2024-09-02 05:36:46.167194,2024-09-02 19:19:50.554960,823.0731294333333,0,0,1,0,0,0,,autumn,0,0,0,0
614647427,24.15,22.308697,none,0.0,0.0,11.090103,18.0,38.53649,1006.9142,,2024-09-02 05:37:01.463065,2024-09-02 19:19:45.031716,822.7261441833333,0,0,1,0,0,0,,autumn,0,0,0,0
614990827,23.6,22.587662,none,0.0,0.0,8.12197,15.119999,43.74806,1009.7722,,2024-09-02 05:36:21.120050,2024-09-02 19:18:43.012313,822.36487105,0,0,1,0,0,0,,autumn,0,0,0,0
614723427,25.55,24.270807,none,0.0,0.0,6.9527545,16.199999,35.090553,1001.52716,,2024-09-02 05:37:58.463771,2024-09-02 19:20:09.074849,822.1768513000001,0,0,1,0,0,0,,autumn,0,0,0,0
614656027,19.85,18.129461,none,0.0,0.0,9.0,15.4800005,47.777607,1011.96075,,2024-09-02 05:36:47.722905,2024-09-02 19:19:01.356541,822.2272272666667,0,1,0,0,0,0,,autumn,0,0,0,1
614584027,19.75,19.572607,none,0.0,0.0,8.913181,19.44,67.22525,1004.9858,,2024-09-02 05:37:18.609201,2024-09-02 19:19:34.966616,822.2726235833333,0,0,1,0,0,0,,autumn,0,0,0,0
614601427,25.1,23.89081,none,0.0,0.0,13.493999,26.64,41.891247,1005.87,,2024-09-02 05:37:03.840464,2024-09-02 19:19:07.511761,822.0611882833333,0,0,1,0,0,0,,autumn,0,0,0,0
614679827,21.15,21.171926,none,0.0,0.0,7.42159,18.0,61.46174,1005.0713,,2024-09-03 05:39:24.890308,2024-09-03 19:17:15.862225,817.84953195,0,0,1,1,0,0,,autumn,0,0,0,0
614676227,19.2,19.405842,none,0.0,0.0,6.28713,15.84,69.563225,1005.84265,,2024-09-03 05:39:42.398683,2024-09-03 19:18:16.990839,818.5765359333333,0,0,1,1,0,0,,autumn,0,0,0,0
614685627,18.65,18.717041,none,0.0,0.0,6.763786,16.56,71.06105,1004.2988,,2024-09-03 05:39:58.286404,2024-09-03 19:18:04.696082,818.1068279666667,0,0,1,1,0,0,,autumn,0,0,0,0
614706227,21.35,21.434763,none,0.0,0.0,6.9899354,16.919998,60.712494,1010.32733,,2024-09-03 05:39:08.919942,2024-09-03 19:17:13.982263,818.0843720166666,0,0,1,1,0,0,,autumn,0,0,0,0
614739427,23.05,22.952213,none,0.0,0.0,5.3517847,5.7599998,50.443306,1008.1362,,2024-09-03 05:38:53.937645,2024-09-03 19:17:21.394332,818.45761145,0,0,1,1,0,0,,autumn,0,0,0,0
614749427,24.55,23.748909,none,0.0,0.0,10.440001,23.039999,42.86132,1010.09644,,2024-09-03 05:38:38.879567,2024-09-03 19:16:53.663128,818.2463926833333,0,0,1,1,0,0,,autumn,0,0,0,0
614694027,21.2,21.375954,none,0.0,0.0,6.725354,16.56,61.874477,1009.85144,,2024-09-03 05:38:32.107255,2024-09-03 19:16:27.178392,817.9178522833333,0,0,1,1,0,0,,autumn,0,0,0,0
614749227,23.95,23.555578,none,0.0,0.0,2.3051248,5.3999996,40.606586,1004.15436,,2024-09-03 05:39:57.411111,2024-09-03 19:17:57.779971,818.0061476666667,0,0,1,1,0,0,,autumn,0,0,0,0
614728627,25.35,24.6179,none,0.0,0.0,5.6920996,14.04,38.746033,1007.5301,,2024-09-03 05:38:27.009139,2024-09-03 19:17:00.177409,818.5528045,0,0,1,1,0,0,,autumn,0,0,0,0
614753827,24.55,22.46007,none,0.0,0.0,10.296251,24.48,34.220383,1004.52466,,2024-09-03 05:42:19.825111,2024-09-03 19:19:19.269564,816.9907408833333,0,0,1,1,0,0,,autumn,0,0,0,0
614900427,17.75,17.422548,none,0.0,0.0,9.0,11.879999,74.21611,1004.62103,,2024-09-03 05:39:08.426550,2024-09-03 19:17:43.124256,818.5782951,0,1,0,1,0,0,,autumn,0,0,0,1
614751627,17.4,16.276077,none,0.0,0.0,8.4042845,9.72,63.06843,1004.8698,,2024-09-03 05:40:59.447516,2024-09-03 19:18:30.788398,817.5223480333333,0,1,0,1,0,0,,autumn,0,0,0,1
614753427,17.25,16.965385,none,0.0,0.0,7.8954163,11.5199995,74.86228,1005.8597,,2024-09-03 05:39:31.583106,2024-09-03 19:18:03.617194,818.5339014666666,0,1,0,1,0,0,,autumn,0,0,0,1
614835827,25.45,23.182188,none,0.0,0.0,10.587918,21.96,31.237535,998.96454,,2024-09-03 05:39:40.654430,2024-09-03 19:17:22.930553,817.7046020500001,0,0,1,1,0,0,,autumn,0,0,0,0
614753027,16.85,16.889494,none,0.0,0.0,6.3690495,12.24,78.303894,1006.18585,,2024-09-03 05:39:59.181920,2024-09-03 19:18:13.173159,818.2331873166667,0,1,0,1,0,0,,autumn,0,0,0,1
614668827,16.35,16.091242,none,0.0,0.0,7.491114,14.4,78.74392,1008.49567,,2024-09-03 05:38:59.622655,2024-09-03 19:17:25.717283,818.4349104666667,0,0,1,1,0,0,,autumn,0,0,0,0
614695427,21.3,21.437311,none,0.0,0.0,6.9899354,16.919998,61.496204,1011.9619,,2024-09-03 05:39:03.596453,2024-09-03 19:17:02.772860,817.98627345,0,0,1,1,0,0,,autumn,0,0,0,0
614701027,24.9,24.021805,none,0.0,0.0,9.605998,22.68,38.8785,1005.56226,,2024-09-03 05:40:00.895653,2024-09-03 19:17:49.652237,817.8126097333334,0,0,1,1,0,0,,autumn,0,0,0,0
615087827,18.85,18.824734,none,0.0,0.0,6.9247384,16.199999,69.26853,1012.68164,,2024-09-03 05:39:09.426005,2024-09-03 19:17:00.277845,817.8475306666667,0,0,1,1,0,0,,autumn,0,0,0,0
614709627,25.05,24.215878,none,0.0,0.0,8.12197,20.880001,38.147167,1009.26953,,2024-09-03 05:38:50.636958,2024-09-03 19:17:09.939494,818.3217089333334,0,0,1,1,0,0,,autumn,0,0,0,0
614823427,25.05,23.976484,none,0.0,0.0,7.289444,19.08,38.403534,1008.76117,,2024-09-03 05:38:44.424417,2024-09-03 19:17:14.569025,818.5024101333333,0,0,1,1,0,0,,autumn,0,0,0,0
614750627,25.25,24.246653,none,0.0,0.0,9.360001,22.319998,37.821957,1009.8911,,2024-09-03 05:38:24.187537,2024-09-03 19:16:18.100577,817.8985506666667,0,0,1,1,0,0,,autumn,0,0,0,0
614877427,24.85,23.119083,none,0.0,0.0,9.686609,20.519999,36.093323,1009.03125,,2024-09-03 05:39:06.930505,2024-09-03 19:16:44.093246,817.6193790166667,0,0,1,1,0,0,,autumn,0,0,0,0
614853227,20.5,17.03984,none,0.0,0.0,18.86139,33.48,42.296574,1009.87537,,2024-09-04 05:41:32.644449,2024-09-04 19:15:11.747113,813.6517110666666,0,0,1,2,0,0,,autumn,0,0,1,0
614880627,14.05,11.279132,none,0.0,0.0,14.145756,24.119999,63.59244,1011.0964,,2024-09-04 05:40:35.767102,2024-09-04 19:14:34.470516,813.9783902333334,0,1,0,2,0,0,,autumn,0,0,0,1
614881027,15.75,13.31765,none,0.0,0.0,13.009903,22.319998,59.78615,1010.9747,,2024-09-04 05:40:28.160603,2024-09-04 19:13:55.500852,813.4556708166667,0,1,0,2,0,0,,autumn,0,0,0,1
614870627,19.25,16.103168,none,0.0,0.0,16.965895,32.039997,46.174088,1010.91656,,2024-09-04 05:41:22.625781,2024-09-04 19:15:02.406666,813.66301475,0,0,1,2,0,0,,autumn,0,0,1,0
614842827,21.2,20.01476,none,0.0,0.0,16.179987,30.599998,62.075962,1009.0267,,2024-09-04 05:40:52.067998,2024-09-04 19:14:33.938933,813.6978489166667,0,0,1,2,0,0,,autumn,0,0,1,0
614847027,21.2,17.96323,none,0.0,0.0,18.514643,33.839996,42.49468,1006.55585,,2024-09-04 05:41:21.208979,2024-09-04 19:14:25.180435,813.0661909333334,0,0,1,2,0,0,,autumn,0,0,1,0
614805627,20.1,19.389746,none,0.0,0.0,14.654254,29.88,69.51271,1010.22455,,2024-09-04 05:40:35.546456,2024-09-04 19:14:31.066319,813.9253310500001,0,0,1,2,0,0,,autumn,0,0,0,0
614776027,16.35,16.544918,none,0.0,0.0,6.489992,10.799999,83.50971,1005.5395,,2024-09-04 05:41:49.981493,2024-09-04 19:15:22.554308,813.5428802499999,0,1,0,2,0,0,,autumn,0,0,0,1
614861227,17.5,15.011742,none,0.0,0.0,14.003029,29.16,54.78197,1008.17096,,2024-09-04 05:41:47.572701,2024-09-04 19:15:39.660601,813.8681316666666,0,0,1,2,0,0,,autumn,0,0,0,0
614892227,20.9,18.523018,none,0.0,0.0,17.287498,32.399998,51.21961,1011.53864,,2024-09-04 05:40:37.939229,2024-09-04 19:14:07.941197,813.5000328,0,0,1,2,0,0,,autumn,0,0,1,0
614889027,14.35,11.538392,none,0.0,0.0,14.84318,24.84,63.44364,1013.1969,,2024-09-04 05:40:54.103088,2024-09-04 19:14:14.432579,813.3388248499999,0,1,0,2,0,0,,autumn,0,0,0,1
614769427,15.3,15.403803,none,0.0,0.0,9.085988,15.84,94.063576,1009.8161,,2024-09-04 05:41:56.295965,2024-09-04 19:15:38.358993,813.7010504666666,0,1,0,2,0,0,,autumn,0,0,0,1
614820827,21.3,19.56256,none,0.0,0.0,17.388409,32.760002,57.42079,1008.4687,,2024-09-04 05:41:02.098144,2024-09-04 19:14:50.177180,813.8013172666667,0,0,1,2,0,0,,autumn,0,0,1,0
614828027,21.1,19.78867,none,0.0,0.0,16.981165,32.039997,62.053234,1011.61066,,2024-09-04 05:40:47.451156,2024-09-04 19:14:15.127678,813.4612753666667,0,0,1,2,0,0,,autumn,0,0,1,0
615559827,21.2,17.96323,none,0.0,0.0,18.514643,33.839996,42.49468,1010.7549,,2024-09-04 05:41:11.889214,2024-09-04 19:14:36.897823,813.41681015,0,0,1,2,0,0,,autumn,0,0,1,0
614878827,15.35,12.618748,none,0.0,0.0,14.973577,27.359999,61.129677,1010.2969,,2024-09-04 05:42:28.034351,2024-09-04 19:14:47.872928,812.3306429500001,0,1,0,2,0,0,,autumn,0,0,0,1
614880027,18.75,16.069641,none,0.0,0.0,15.141414,32.760002,50.303463,1010.1601,,2024-09-04 05:40:31.953742,2024-09-04 19:14:04.631905,813.5446360499999,0,0,1,2,0,0,,autumn,0,0,1,0
615179427,20.85,18.794792,none,0.0,0.0,17.477621,35.28,52.763546,1009.2142,,2024-09-04 05:40:59.710069,2024-09-04 19:13:59.108541,812.9899745333333,0,0,1,2,0,0,,autumn,0,0,1,0
614983827,20.9,19.570133,none,0.0,0.0,15.629971,30.960001,60.607597,1008.40436,,2024-09-04 05:40:51.740132,2024-09-04 19:14:56.523412,814.0797213333334,0,0,1,2,0,0,,autumn,0,0,1,0
615890827,17.2,17.086227,none,0.0,0.0,14.24163,27.359999,91.1899,1011.30927,,2024-09-04 05:40:39.785680,2024-09-04 19:14:39.873989,814.0014718166666,0,0,1,2,0,0,,autumn,0,0,0,0
614770227,15.05,15.26442,none,0.0,0.0,8.707237,13.679999,96.5176,1004.56775,,2024-09-04 05:41:36.567746,2024-09-04 19:14:52.875314,813.2717928,0,1,0,2,0,0,,autumn,0,0,0,1
614860427,19.05,15.7887,none,0.0,0.0,17.418196,34.2,46.11836,1011.5136,,2024-09-04 05:41:06.872961,2024-09-04 19:14:28.030565,813.3526267333333,0,0,1,2,0,0,,autumn,0,0,1,0
614789227,18.35,18.066748,none,0.0,0.0,13.661038,28.44,81.35708,1006.7011,,2024-09-04 05:41:51.008861,2024-09-04 19:15:26.996111,813.5997874999999,0,0,1,2,0,0,,autumn,0,0,0,0
614870027,19.1,16.266088,none,0.0,0.0,15.844089,31.319998,48.552414,1008.88837,,2024-09-04 05:41:14.354516,2024-09-04 19:15:08.773223,813.90697845,0,0,1,2,0,0,,autumn,0,0,1,0
614887227,13.55,10.852121,none,0.0,0.0,13.979871,26.28,66.59484,1006.6336,,2024-09-04 05:41:25.820018,2024-09-04 19:14:47.032248,813.3535371666666,0,1,0,2,0,0,,autumn,0,0,0,1
614913427,16.95,16.859983,none,0.0,0.0,15.042659,26.64,94.7392,1004.94824,,2024-09-04 05:41:24.400091,2024-09-04 19:14:49.868656,813.4244760833334,0,0,1,2,0,0,,autumn,0,0,1,0
614934627,21.25,19.561249,none,0.0,0.0,18.39878,35.64,57.408524,1003.60126,,2024-09-04 05:41:27.721115,2024-09-04 19:14:41.644947,813.2320638666666,0,0,1,2,0,0,,autumn,0,0,1,0
617123227,21.05,19.12608,none,0.0,0.0,16.75064,32.760002,53.520626,1009.65674,,2024-09-04 05:41:16.911108,2024-09-04 19:14:58.758652,813.6974590666666,0,0,1,2,0,0,,autumn,0,0,1,0
620227427,14.9,15.018047,none,0.0,0.0,7.9932966,12.959999,94.04568,1004.556,,2024-09-04 05:41:36.503727,2024-09-04 19:14:52.856072,813.2725390833333,0,1,0,2,0,0,,autumn,0,0,0,1
614878627,14.05,11.538265,none,0.0,0.0,13.556282,24.48,66.70141,1005.24426,,2024-09-04 05:42:27.898875,2024-09-04 19:16:48.845087,814.3491035333334,0,1,0,2,0,0,,autumn,0,0,0,1
614833427,20.65,18.950298,none,0.0,0.0,15.459054,33.48,54.49151,1011.72144,,2024-09-04 05:40:33.766372,2024-09-04 19:14:14.950830,813.6864076333334,0,0,1,2,0,0,,autumn,0,0,1,0
614944827,15.6,13.330175,none,0.0,0.0,12.0694,21.24,60.774532,1011.6807,,2024-09-04 05:40:42.285208,2024-09-04 19:14:38.196867,813.9318609833333,0,1,0,2,0,0,,autumn,0,0,0,1
614857027,18.85,16.037363,none,0.0,0.0,14.84318,33.48,47.66463,1008.12683,,2024-09-04 05:41:33.953468,2024-09-04 19:14:18.069361,812.7352648833333,0,0,1,2,0,0,,autumn,0,0,0,0
614787827,16.95,16.840595,none,0.0,0.0,15.175612,27.359999,94.7392,1006.00946,,2024-09-04 05:41:23.004981,2024-09-04 19:14:38.940423,813.2655907000001,0,0,1,2,0,0,,autumn,0,0,1,0
615182627,20.85,18.400826,none,0.0,0.0,17.782686,34.56,51.377342,1007.11316,,2024-09-04 05:41:11.668161,2024-09-04 19:14:24.730352,813.2177031833332,0,0,1,2,0,0,,autumn,0,0,1,0
614872827,16.2,16.004124,none,0.0,0.0,9.290511,15.119999,84.586174,1005.3904,,2024-09-04 05:41:21.613984,2024-09-04 19:14:24.058654,813.0407445,0,1,0,2,0,0,,autumn,0,0,0,1
615055427,13.7,11.554862,none,0.0,0.0,12.371645,25.199999,71.79296,1011.3212,,2024-09-05 05:42:42.745148,2024-09-05 19:11:16.137261,808.5565352166667,0,0,1,3,0,0,,autumn,0,0,0,0
614972027,19.85,17.279242,none,0.0,0.0,14.830076,30.599998,47.777607,1010.2173,,2024-09-05 05:43:15.597464,2024-09-05 19:12:42.154931,809.4426244499999,0,0,1,3,0,0,,autumn,0,0,0,0
614919027,15.7,13.323769,none,0.0,0.0,14.044615,27.359999,63.319805,1014.16974,,2024-09-05 05:42:59.473247,2024-09-05 19:12:21.385883,809.3652106000001,0,0,1,3,0,0,,autumn,0,0,0,0
614900827,11.9,9.535909,none,0.0,0.0,11.440978,21.96,73.43699,1006.4106,,2024-09-05 05:44:41.817618,2024-09-05 19:13:15.441758,808.5604023333333,0,1,0,3,0,0,,autumn,0,0,0,1
614988627,19.8,17.141165,none,0.0,0.0,13.202726,27.72,43.866615,1009.9984,,2024-09-05 05:43:46.933254,2024-09-05 19:12:45.289147,808.9725982166667,0,0,1,3,0,0,,autumn,0,0,0,0
614992027,16.4,14.7465515,none,0.0,0.0,7.754637,17.64,57.55283,1009.57404,,2024-09-05 05:44:08.389341,2024-09-05 19:12:31.079277,808.3781656,0,0,1,3,0,0,,autumn,0,0,0,0
614945827,18.25,15.760839,none,0.0,0.0,16.199999,32.399998,51.903446,1015.00586,,2024-09-05 05:42:51.308681,2024-09-05 19:11:32.905230,808.6932758166666,0,0,1,3,0,0,,autumn,0,0,1,0
614953227,19.7,17.174667,none,0.0,0.0,16.62249,31.68,48.224133,1015.78076,,2024-09-05 05:43:10.236434,2024-09-05 19:12:07.505560,808.9544854333333,0,0,1,3,0,0,,autumn,0,0,1,0
615030627,18.9,17.444141,none,0.0,0.0,7.6367526,21.599998,51.550804,1011.7197,,2024-09-05 05:42:29.992666,2024-09-05 19:12:01.176652,809.5197330999999,0,0,1,3,0,0,,autumn,0,0,0,0
614938827,17.1,14.303053,none,0.0,0.0,15.856356,31.319998,55.615627,1014.87494,,2024-09-05 05:43:25.637189,2024-09-05 19:12:33.146118,809.1251488166668,0,0,1,3,0,0,,autumn,0,0,1,0
614953027,19.7,17.174667,none,0.0,0.0,16.62249,31.68,48.224133,1013.42114,,2024-09-05 05:43:10.011122,2024-09-05 19:12:17.166368,809.1192541,0,0,1,3,0,0,,autumn,0,0,1,0
615032027,19.3,17.491817,none,0.0,0.0,12.620554,29.16,50.965103,1014.8914,,2024-09-05 05:42:20.448926,2024-09-05 19:11:50.976437,809.50879185,0,0,1,3,0,0,,autumn,0,0,0,0
615423827,11.8,9.602525,none,0.0,0.0,12.015589,24.119999,79.130646,1006.58185,,2024-09-05 05:43:45.131459,2024-09-05 19:12:26.793171,808.6943618666667,0,0,1,3,0,0,,autumn,0,0,0,0
615589427,20.2,17.738293,none,0.0,0.0,12.015589,25.199999,43.087368,1013.94226,,2024-09-05 05:42:31.221715,2024-09-05 19:11:57.913737,809.4448670333334,0,0,1,3,0,0,,autumn,0,0,0,0
615402027,12.0,9.802498,none,0.0,0.0,12.371645,24.48,79.15989,1011.2707,,2024-09-05 05:43:49.980622,2024-09-05 19:12:48.201225,808.9703433833333,0,0,1,3,0,0,,autumn,0,0,0,0
615504427,19.4,17.343502,none,0.0,0.0,9.826088,24.119999,46.373714,1012.3614,,2024-09-05 05:42:48.844255,2024-09-05 19:12:00.621723,809.1962911333334,0,0,1,3,0,0,,autumn,0,0,0,0
615133227,13.9,11.636139,none,0.0,0.0,13.004921,25.199999,70.38903,1013.45264,,2024-09-05 05:43:12.062839,2024-09-05 19:12:24.708525,809.2107614333333,0,0,1,3,0,0,,autumn,0,0,0,0
614996427,10.5,8.368912,none,0.0,0.0,11.384199,19.8,85.66998,1013.9988,,2024-09-05 05:42:15.772438,2024-09-05 19:11:00.981803,808.7534894166668,0,0,1,3,0,0,,autumn,0,0,0,0
615152027,14.9,13.488079,none,0.0,0.0,7.342588,11.5199995,66.43116,1012.84204,,2024-09-05 05:42:06.522899,2024-09-05 19:11:13.996292,809.12455655,0,1,0,3,0,0,,autumn,0,0,0,1
614890027,12.6,10.143794,none,0.0,0.0,12.661564,23.759998,71.83047,1006.56616,,2024-09-05 05:43:35.967075,2024-09-05 19:13:08.717857,809.5458463666668,0,1,0,3,0,0,,autumn,0,0,0,1
614973227,17.2,14.468273,none,0.0,0.0,15.496736,29.88,55.452713,1017.00494,,2024-09-05 05:42:58.033220,2024-09-05 19:11:58.519990,809.0081128333334,0,0,1,3,0,0,,autumn,0,0,1,0
614990627,16.05,14.793739,none,0.0,0.0,6.638072,13.679999,62.549767,1012.83856,,2024-09-05 05:42:47.441610,2024-09-05 19:12:04.583930,809.2857053333333,0,0,1,3,0,0,,autumn,0,0,0,0
614999827,18.45,16.017538,none,0.0,0.0,15.84,32.039997,51.430878,1017.96564,,2024-09-05 05:42:37.765206,2024-09-05 19:11:22.405703,808.7440082833333,0,0,1,3,0,0,,autumn,0,0,1,0
615002427,13.6,11.970182,none,0.0,0.0,8.12197,12.599999,70.33062,1015.0011,,2024-09-05 05:42:34.083891,2024-09-05 19:11:31.712069,808.9604696333333,0,1,0,3,0,0,,autumn,0,0,0,1
615149627,20.0,17.46844,none,0.0,0.0,12.661564,26.64,43.922974,1012.2628,,2024-09-05 05:42:08.684555,2024-09-05 19:11:12.356873,809.0612053,0,0,1,3,0,0,,autumn,0,0,0,0
617137627,20.2,17.382647,none,0.0,0.0,13.556282,26.28,41.493584,1011.43445,,2024-09-05 05:42:57.995171,2024-09-05 19:12:08.971892,809.18294535,0,0,1,3,0,0,,autumn,0,0,0,0
614989627,16.05,14.793739,none,0.0,0.0,6.638072,13.679999,62.549767,1014.2706,,2024-09-05 05:42:43.140175,2024-09-05 19:12:05.171828,809.3671942166667,0,0,1,3,0,0,,autumn,0,0,0,0
614991827,16.65,15.258953,none,0.0,0.0,6.5693827,15.84,58.007084,1014.5442,,2024-09-05 05:43:11.497584,2024-09-05 19:12:16.286457,809.0798145499999,0,0,1,3,0,0,,autumn,0,0,0,0
614897027,11.85,9.517854,none,0.0,0.0,11.726277,19.8,75.203995,1009.8284,,2024-09-05 05:43:28.631140,2024-09-05 19:12:50.388105,809.3626160833334,0,1,0,3,0,0,,autumn,0,0,0,1
614937027,18.0,15.7843685,none,0.0,0.0,14.764389,31.319998,53.807903,1013.1308,,2024-09-05 05:42:39.638380,2024-09-05 19:12:11.060242,809.5236977000001,0,0,1,3,0,0,,autumn,0,0,0,0
614937227,17.05,14.2473545,none,0.0,0.0,15.84409,31.68,55.60287,1015.72675,,2024-09-05 05:43:05.901598,2024-09-05 19:11:59.980670,808.9013178666667,0,0,1,3,0,0,,autumn,0,0,1,0
614943827,17.2,14.468273,none,0.0,0.0,15.496736,29.88,55.452713,1012.48346,,2024-09-05 05:42:59.860889,2024-09-05 19:12:11.137829,809.187949,0,0,1,3,0,0,,autumn,0,0,1,0
615008027,18.2,15.618095,none,0.0,0.0,16.575644,32.760002,51.714283,1009.6611,,2024-09-05 05:43:30.468935,2024-09-05 19:12:19.426267,808.8159555333333,0,0,1,3,0,0,,autumn,0,0,1,0
615133627,19.55,17.33506,none,0.0,0.0,15.226764,32.039997,50.00989,1011.8611,,2024-09-05 05:42:08.879725,2024-09-05 19:11:21.945206,809.2177580166666,0,0,1,3,0,0,,autumn,0,0,1,0
615003827,14.55,12.660728,none,0.0,0.0,9.028754,14.759999,63.922962,1011.28436,,2024-09-05 05:43:43.160586,2024-09-05 19:12:31.225648,808.8010843666667,0,1,0,3,0,0,,autumn,0,0,0,1
614992827,14.5,12.841801,none,0.0,0.0,8.4042845,12.599999,66.57097,1014.01556,,2024-09-05 05:42:39.671378,2024-09-05 19:11:37.150304,808.9579821000001,0,1,0,3,0,0,,autumn,0,0,0,1
614916427,11.9,9.793282,none,0.0,0.0,11.659777,23.759998,79.413795,1011.52747,,2024-09-05 05:43:57.486305,2024-09-05 19:12:53.174580,808.9281379166666,0,0,1,3,0,0,,autumn,0,0,0,0
615798827,14.3,12.416183,none,0.0,0.0,8.905908,14.4,64.743225,1009.01685,,2024-09-05 05:44:13.088597,2024-09-05 19:12:53.847773,808.6793196,0,1,0,3,0,0,,autumn,0,0,0,1
614991627,15.25,12.899923,none,0.0,0.0,13.684735,29.16,64.73373,1008.5754,,2024-09-05 05:43:46.610977,2024-09-05 19:12:28.736013,808.7020839333333,0,0,1,3,0,0,,autumn,0,0,0,0
615012027,19.8,17.338428,none,0.0,0.0,14.081478,30.599998,47.925938,1012.799,,2024-09-05 05:42:45.645988,2024-09-05 19:12:00.993419,809.2557905166667,0,0,1,3,0,0,,autumn,0,0,0,0
614931427,15.75,13.294855,none,0.0,0.0,14.404499,27.359999,62.692394,1015.989,,2024-09-05 05:42:48.514595,2024-09-05 19:11:47.176983,808.9777064666666,0,0,1,3,0,0,,autumn,0,0,0,0
614955027,19.65,17.109142,none,0.0,0.0,16.62249,32.760002,48.047375,1009.5578,,2024-09-05 05:43:19.580324,2024-09-05 19:12:10.911521,808.85551995,0,0,1,3,0,0,,autumn,0,0,1,0
614914227,12.05,9.813505,none,0.0,0.0,12.371645,22.319998,78.102066,1016.35645,,2024-09-05 05:42:52.427541,2024-09-05 19:11:46.927354,808.9083302166667,0,0,1,3,0,0,,autumn,0,0,0,0
615139627,13.7,11.352712,none,0.0,0.0,13.397612,26.28,70.82819,1014.0626,,2024-09-05 05:43:05.408127,2024-09-05 19:11:57.186812,808.8629780833332,0,0,1,3,0,0,,autumn,0,0,0,0
615104427,16.9,15.963867,none,0.0,0.0,3.096837,7.5599995,56.324734,1008.8391,,2024-09-06 05:45:30.609572,2024-09-06 19:10:33.794731,805.0530859833333,0,1,0,4,0,0,,autumn,0,0,0,1
615011027,18.9,18.583332,none,0.0,0.0,3.671294,14.04,58.949932,1013.4454,,2024-09-06 05:45:14.674493,2024-09-06 19:09:56.954809,804.7046719333333,0,0,1,4,0,0,,autumn,0,0,0,0
615077427,22.15,20.820896,none,0.0,0.0,5.00128,13.679999,39.420647,1014.63965,,2024-09-06 05:44:27.848510,2024-09-06 19:08:50.387075,804.37564275,0,0,1,4,0,0,,autumn,0,0,0,0
615077827,20.15,20.450748,none,0.0,0.0,4.3349743,11.879999,63.269325,1010.6871,,2024-09-06 05:45:20.329632,2024-09-06 19:09:06.868695,803.77565105,0,0,1,4,0,0,,autumn,0,0,0,0
615094627,21.55,20.875076,none,0.0,0.0,3.7585104,15.119999,46.18637,1016.7229,,2024-09-06 05:44:54.356350,2024-09-06 19:09:25.590819,804.5205744833333,0,0,1,4,0,0,,autumn,0,0,0,0
615062427,22.25,20.803669,none,0.0,0.0,5.8048253,15.119999,39.181347,1012.4864,,2024-09-06 05:44:54.324851,2024-09-06 19:09:05.352180,804.1837888166666,0,0,1,4,0,0,,autumn,0,0,0,0
615075827,21.65,20.38065,none,0.0,0.0,5.634891,14.759999,42.333767,1007.4916,,2024-09-06 05:46:54.786481,2024-09-06 19:11:15.477784,804.34485505,0,0,1,4,0,0,,autumn,0,0,0,0
615086827,19.55,18.556757,none,0.0,0.0,4.5536795,6.4799995,49.673264,1008.49445,,2024-09-06 05:45:10.778610,2024-09-06 19:09:24.679177,804.2316761166666,0,1,0,4,0,0,,autumn,0,0,0,1
615057027,22.15,20.956028,none,0.0,0.0,5.1165614,13.679999,41.06155,1009.1023,,2024-09-06 05:45:42.769068,2024-09-06 19:10:14.698710,804.5321607000001,0,0,1,4,0,0,,autumn,0,0,0,0
615026427,15.2,14.90003,none,0.0,0.0,3.2599385,11.879999,73.77418,1014.99976,,2024-09-06 05:45:20.458637,2024-09-06 19:09:56.839907,804.6063545,0,0,1,4,0,0,,autumn,0,0,0,0
615090027,17.65,17.033026,none,0.0,0.0,2.16,6.4799995,56.32364,1011.9711,,2024-09-06 05:44:46.547099,2024-09-06 19:09:23.426066,804.61464945,0,1,0,4,0,0,,autumn,0,0,0,1
615099827,13.5,12.970312,none,0.0,0.0,5.04,8.64,82.896034,1010.10925,,2024-09-06 05:44:54.883910,2024-09-06 19:09:50.647483,804.9293928833333,0,1,0,4,0,0,,autumn,0,0,0,1
615044427,22.15,20.956028,none,0.0,0.0,5.1165614,13.679999,41.06155,1012.83026,,2024-09-06 05:45:50.191492,2024-09-06 19:10:14.520085,804.40547655,0,0,1,4,0,0,,autumn,0,0,0,0
615269827,22.4,21.042976,none,0.0,0.0,5.1919937,13.679999,38.825466,1016.00195,,2024-09-06 05:44:36.251262,2024-09-06 19:08:51.417543,804.25277135,0,0,1,4,0,0,,autumn,0,0,0,0
615025827,20.1,19.771069,none,0.0,0.0,5.6920996,16.919998,53.810196,1016.0787,,2024-09-06 05:44:00.270979,2024-09-06 19:08:22.819303,804.3758054000001,0,0,1,4,0,0,,autumn,0,0,0,0
615174027,20.65,21.135653,none,0.0,0.0,3.4152596,12.24,61.95069,1008.7144,,2024-09-06 05:45:15.143324,2024-09-06 19:09:39.527361,804.4064006166667,0,0,1,4,0,0,,autumn,0,0,0,0
615262427,21.1,21.432545,none,0.0,0.0,2.968636,11.5199995,57.749596,1016.2643,,2024-09-06 05:44:39.006343,2024-09-06 19:08:53.240029,804.2372281,0,0,1,4,0,0,,autumn,0,0,0,0
615108827,21.5,21.00848,none,0.0,0.0,3.0758414,14.4,47.269737,1013.5523,,2024-09-06 05:44:08.418578,2024-09-06 19:08:49.661967,804.6873898166667,0,0,1,4,0,0,,autumn,0,0,0,0
615097627,21.25,21.027023,none,0.0,0.0,4.0249224,16.199999,48.80938,1014.94745,,2024-09-06 05:44:18.775597,2024-09-06 19:08:58.064434,804.65481395,0,0,1,4,0,0,,autumn,0,0,0,0
615352427,20.65,20.01201,none,0.0,0.0,6.87779,19.08,48.974453,1011.216,,2024-09-06 05:45:11.735690,2024-09-06 19:09:12.782918,804.0174538,0,0,1,4,0,0,,autumn,0,0,0,0
615020227,18.85,18.09657,none,0.0,0.0,5.8603754,16.56,57.57888,1012.98956,,2024-09-06 05:45:16.401398,2024-09-06 19:09:13.348257,803.9491143166667,0,0,1,4,0,0,,autumn,0,0,0,0
615047027,21.2,20.67952,none,0.0,0.0,5.4119864,18.0,47.82511,1009.2108,,2024-09-06 05:45:15.247364,2024-09-06 19:09:36.133313,804.34809915,0,0,1,4,0,0,,autumn,0,0,0,0
615096827,18.7,17.719862,none,0.0,0.0,4.1046314,5.3999996,51.672123,1013.0052,,2024-09-06 05:44:12.795555,2024-09-06 19:08:38.362774,804.4261203166666,0,1,0,4,0,0,,autumn,0,0,0,1
615112427,7.95,6.376193,none,0.0,0.0,6.9527545,9.72,99.32205,1016.28894,,2024-09-06 05:45:38.064003,2024-09-06 19:10:28.409323,804.8390886666667,0,0,1,4,0,0,,autumn,0,0,0,0
615331827,19.9,19.694502,none,0.0,0.0,4.896529,16.199999,54.662487,1013.82666,,2024-09-06 05:44:43.228273,2024-09-06 19:09:27.156544,804.73213785,0,0,1,4,0,0,,autumn,0,0,0,0
615065827,21.55,20.875076,none,0.0,0.0,3.7585104,15.119999,46.18637,1013.9067,,2024-09-06 05:45:12.365283,2024-09-06 19:09:50.302415,804.6322855333333,0,0,1,4,0,0,,autumn,0,0,0,0
615369027,20.65,21.472042,none,0.0,0.0,3.8939953,10.799999,66.758896,1013.3011,,2024-09-06 05:44:37.156902,2024-09-06 19:08:47.836187,804.1779880833333,0,0,1,4,0,0,,autumn,0,0,0,0
615090827,18.2,17.043224,none,0.0,0.0,5.8603754,6.8399997,54.408463,1012.5009,,2024-09-06 05:45:04.619062,2024-09-06 19:09:41.547207,804.6154690833333,0,1,0,4,0,0,,autumn,0,0,0,1
615409427,21.15,20.903717,none,0.0,0.0,2.2768397,12.959999,49.770462,1013.2771,,2024-09-06 05:44:57.427368,2024-09-06 19:09:49.537826,804.8685076333334,0,0,1,4,0,0,,autumn,0,0,0,0
615263227,17.45,17.208721,none,0.0,0.0,3.2599385,12.959999,64.78304,1018.0449,,2024-09-06 05:44:22.778832,2024-09-06 19:08:40.907638,804.3021467666666,0,0,1,4,0,0,,autumn,0,0,0,0
615094827,20.7,19.734732,none,0.0,0.0,5.00128,6.12,47.368263,1016.49945,,2024-09-06 05:44:28.340886,2024-09-06 19:08:42.195941,804.2309175833333,0,0,1,4,0,0,,autumn,0,0,0,0
615372827,22.15,20.833595,none,0.0,0.0,5.692099,14.4,40.64577,1012.5968,,2024-09-06 05:44:56.505495,2024-09-06 19:08:55.569586,803.9844015166667,0,0,1,4,0,0,,autumn,0,0,0,0
615076627,20.65,20.753496,none,0.0,0.0,3.319036,13.32,57.26107,1009.5322,,2024-09-06 05:45:02.651829,2024-09-06 19:09:04.633958,804.0330354833334,0,0,1,4,0,0,,autumn,0,0,0,0
615082427,8.15,6.1279755,none,0.0,0.0,9.178235,10.799999,94.697266,1014.6052,,2024-09-06 05:44:43.696764,2024-09-06 19:08:54.205514,804.1751458333333,0,1,0,4,0,0,,autumn,0,0,0,1
615192627,20.15,19.42762,none,0.0,0.0,1.8,3.96,46.266945,1008.7267,,2024-09-07 05:47:29.031780,2024-09-07 19:07:18.774633,799.82904755,0,1,0,5,1,0,,autumn,0,0,0,1
615146827,21.55,21.921558,none,0.0,0.0,1.609969,11.159999,50.377914,1008.14417,,2024-09-07 05:47:28.559856,2024-09-07 19:07:09.879356,799.6886583333333,0,0,1,5,1,0,,autumn,0,0,0,0
615288427,22.95,22.859932,none,0.0,0.0,0.8049845,10.08,44.006367,1015.1005,,2024-09-07 05:46:18.484952,2024-09-07 19:06:04.304397,799.7636574166667,0,0,1,5,1,0,,autumn,0,0,0,0
615173827,23.65,22.726986,none,0.0,0.0,2.9024127,11.5199995,36.99,1005.64276,,2024-09-07 05:47:07.059628,2024-09-07 19:06:50.573652,799.7252337333333,0,0,1,5,1,0,,autumn,0,0,0,0
615170827,22.95,22.715755,none,0.0,0.0,1.0182338,10.08,42.843002,1012.53503,,2024-09-07 05:46:23.811841,2024-09-07 19:06:22.971418,799.98599295,0,0,1,5,1,0,,autumn,0,0,0,0
615188027,20.95,20.031433,none,0.0,0.0,5.2416787,6.12,47.596584,1010.1038,,2024-09-07 05:46:57.000470,2024-09-07 19:06:32.015459,799.5835831500001,0,0,1,5,1,0,,autumn,0,0,0,0
615143827,21.55,22.01808,none,0.0,0.0,0.35999998,10.799999,49.546745,1011.2917,,2024-09-07 05:47:10.701271,2024-09-07 19:07:22.155916,800.19091075,0,0,1,5,1,0,,autumn,0,0,0,0
615191627,19.6,19.12144,none,0.0,0.0,1.2979984,2.16,50.02335,1009.39276,,2024-09-07 05:46:24.507204,2024-09-07 19:06:50.001926,800.4249120333334,0,1,0,5,1,0,,autumn,0,0,0,1
615135027,18.25,18.949013,none,0.0,0.0,1.609969,10.799999,71.218346,1014.49396,,2024-09-07 05:46:37.013591,2024-09-07 19:06:55.238323,800.3037455333334,0,0,1,5,1,0,,autumn,0,0,0,0
615209827,21.95,23.279129,none,0.0,0.0,1.9386592,5.7599998,64.07972,1009.6641,,2024-09-07 05:47:20.047576,2024-09-07 19:07:34.693467,800.2440981833333,0,0,1,5,1,0,,autumn,0,0,0,0
615559427,23.65,22.726986,none,0.0,0.0,2.9024127,11.5199995,36.99,1009.4542,,2024-09-07 05:47:04.632298,2024-09-07 19:06:44.392005,799.6626617833333,0,0,1,5,1,0,,autumn,0,0,0,0
615161027,22.7,22.641434,none,0.0,0.0,1.484318,10.08,46.040646,1012.52045,,2024-09-07 05:46:29.561765,2024-09-07 19:06:36.472863,800.1151849666666,0,0,1,5,1,0,,autumn,0,0,0,0
615175827,23.35,22.790253,none,0.0,0.0,2.3051248,9.0,40.437244,1009.43427,,2024-09-07 05:49:05.455288,2024-09-07 19:08:55.525619,799.8345055166667,0,0,1,5,1,0,,autumn,0,0,0,0
615163227,22.75,23.00181,none,0.0,0.0,0.35999998,10.08,44.098034,1013.8677,,2024-09-07 05:46:36.832885,2024-09-07 19:06:29.742490,799.88182675,0,0,1,5,1,0,,autumn,0,0,0,0
615656827,21.85,22.505276,none,0.0,0.0,3.0758414,8.64,58.88388,1009.6762,,2024-09-07 05:46:47.785461,2024-09-07 19:06:31.434954,799.72749155,0,0,1,5,1,0,,autumn,0,0,0,0
615422827,21.85,21.1196,none,0.0,0.0,1.9386592,2.8799999,41.81963,1012.61237,,2024-09-07 05:46:40.591865,2024-09-07 19:06:21.563636,799.68286285,1,0,0,5,1,0,,autumn,0,0,0,0
615409627,18.1,17.276663,none,0.0,0.0,1.8,4.68,51.163017,1009.0764,,2024-09-07 05:46:59.284412,2024-09-07 19:07:19.191819,800.3317901166666,0,1,0,5,1,0,,autumn,0,0,0,1
615240627,22.55,22.93047,none,0.0,0.0,1.1384199,10.08,47.241444,1012.2232,,2024-09-07 05:46:41.707450,2024-09-07 19:07:02.287692,800.3430040333334,0,0,1,5,1,0,,autumn,0,0,0,0
615180627,23.65,23.076563,none,0.0,0.0,2.3051248,10.440001,39.578846,1014.4464,,2024-09-07 05:45:41.071401,2024-09-07 19:05:32.314651,799.8540541666666,0,0,1,5,1,0,,autumn,0,0,0,0
615181627,21.85,22.505276,none,0.0,0.0,3.0758414,8.64,58.88388,1010.6086,,2024-09-07 05:47:02.247003,2024-09-07 19:06:43.142505,799.6815917,0,0,1,5,1,0,,autumn,0,0,0,0
615208227,18.2,16.934603,none,0.0,0.0,6.151683,7.2,53.496952,1008.7296,,2024-09-07 05:47:35.616201,2024-09-07 19:06:56.133890,799.3419614833333,0,1,0,5,1,0,,autumn,0,0,0,1
615210227,16.65,15.454931,none,0.0,0.0,6.0347,7.2,59.800396,1006.37476,,2024-09-07 05:48:58.602316,2024-09-07 19:07:59.462214,799.0143316333334,0,1,0,5,1,0,,autumn,0,0,0,1
615345427,23.35,22.886162,none,0.0,0.0,2.3051248,9.72,41.400455,1010.8256,,2024-09-07 05:45:49.228338,2024-09-07 19:06:01.625547,800.20662015,0,0,1,5,1,0,,autumn,0,0,0,0
615145627,10.95,10.633024,none,0.0,0.0,4.198285,6.8399997,100.0,1015.6793,,2024-09-07 05:46:19.930113,2024-09-07 19:06:07.289409,799.7893216,0,0,1,5,1,0,,autumn,0,0,0,0
615115027,11.1,10.683524,none,0.0,0.0,2.0991426,2.8799999,90.17385,1013.81305,,2024-09-07 05:46:34.827748,2024-09-07 19:06:15.007214,799.6696577666667,0,0,1,5,1,0,,autumn,0,0,0,0
615206227,17.95,17.285748,none,0.0,0.0,3.6,3.96,57.549053,1011.8042,,2024-09-07 05:46:03.180826,2024-09-07 19:05:56.609415,799.8904764833334,0,1,0,5,1,0,,autumn,0,0,0,1
615215227,23.35,22.338633,none,0.0,0.0,3.0758414,11.159999,37.030426,1010.3974,,2024-09-07 05:47:23.439997,2024-09-07 19:07:21.332943,799.9648824333333,0,0,1,5,1,0,,autumn,0,0,0,0
615556827,18.1,16.743681,none,0.0,0.0,6.151683,6.8399997,52.572567,999.4811,,2024-09-07 05:47:20.119239,2024-09-07 19:06:56.288720,799.6028246833333,0,1,0,5,1,0,,autumn,0,0,0,1
615607027,20.25,19.502436,none,0.0,0.0,2.5959969,3.2399998,47.08504,1011.6637,,2024-09-07 05:46:48.504018,2024-09-07 19:06:49.647550,800.0190588666667,0,1,0,5,1,0,,autumn,0,0,0,1
615241427,22.5,22.433578,none,0.0,0.0,1.1384199,4.32,45.985573,1011.6968,,2024-09-07 05:46:37.181540,2024-09-07 19:06:51.716353,800.2422468833333,0,0,1,5,1,0,,autumn,0,0,0,0
615161427,18.3,18.884315,none,0.0,0.0,1.1384199,10.440001,68.48294,1013.07587,,2024-09-07 05:47:15.153239,2024-09-07 19:07:31.519712,800.27277455,0,0,1,5,1,0,,autumn,0,0,0,0
615168627,22.55,22.618345,none,0.0,0.0,1.609969,11.5199995,44.636494,1010.9239,,2024-09-07 05:47:02.756998,2024-09-07 19:07:19.922063,800.2860844166667,0,0,1,5,1,0,,autumn,0,0,0,0
616217427,22.45,23.72068,none,0.0,0.0,1.4399999,7.2,60.77088,1009.48224,,2024-09-07 05:46:49.766757,2024-09-07 19:07:04.826278,800.2509920166667,0,0,1,5,1,0,,autumn,0,0,0,0
624835427,22.75,23.00181,none,0.0,0.0,0.35999998,10.08,44.098034,1012.46857,,2024-09-07 05:46:37.745098,2024-09-07 19:06:39.803147,800.0343008166667,0,0,1,5,1,0,,autumn,0,0,0,0
629036427,19.25,19.486536,none,0.0,0.0,1.4399999,10.440001,60.6196,1011.95844,,2024-09-07 05:46:57.920959,2024-09-07 19:06:34.208030,799.6047845166667,0,0,1,5,1,0,,autumn,0,0,0,0
615285427,23.7,22.8667,none,0.0,0.0,5.4119864,12.599999,41.36017,1008.3474,,2024-09-08 05:48:32.123202,2024-09-08 19:04:23.512672,795.8564911666667,0,0,1,6,1,0,,autumn,0,0,0,0
615234827,17.7,18.184566,none,0.0,0.0,2.2768397,9.72,72.05442,1009.28546,,2024-09-08 05:49:10.018122,2024-09-08 19:04:09.660771,794.99404415,0,0,1,6,1,0,,autumn,0,0,0,0
615302227,23.7,22.8667,none,0.0,0.0,5.4119864,12.599999,41.36017,1009.27295,,2024-09-08 05:48:26.259288,2024-09-08 19:04:00.626820,795.5727922,0,0,1,6,1,0,,autumn,0,0,0,0
615257427,21.9,21.824896,none,0.0,0.0,4.1046314,14.4,52.341293,1008.41724,,2024-09-08 05:48:56.140067,2024-09-08 19:03:59.951853,795.0635297666666,0,0,1,6,1,0,,autumn,0,0,0,0
615298827,17.9,16.568432,none,0.0,0.0,11.043261,12.24,63.602654,1004.9062,,2024-09-08 05:48:47.386900,2024-09-08 19:04:39.690588,795.8717281333334,1,0,0,6,1,0,,autumn,0,0,0,0
615282027,24.1,23.196604,none,0.0,0.0,5.506941,13.32,39.83957,1006.95245,,2024-09-08 05:50:33.402596,2024-09-08 19:05:22.212005,794.81349015,0,0,1,6,1,0,,autumn,0,0,0,0
615312427,15.6,14.392895,none,0.0,0.0,7.42159,10.799999,67.028854,1008.0396,,2024-09-08 05:48:55.602072,2024-09-08 19:04:17.018022,795.3569325000001,0,1,0,6,1,0,,autumn,0,0,0,1
615240227,21.85,22.12635,none,0.0,0.0,2.9024127,12.599999,54.43813,1012.1264,,2024-09-08 05:47:57.274212,2024-09-08 19:03:19.675278,795.3733510999999,0,0,1,6,1,0,,autumn,0,0,0,0
615259027,23.5,23.29272,none,0.0,0.0,5.2416787,15.84,44.012535,1012.4602,,2024-09-08 05:49:18.877650,2024-09-08 19:04:57.136706,795.6376509333334,0,0,1,6,1,0,,autumn,0,0,0,0
615310427,24.3,23.230316,none,0.0,0.0,5.1544156,12.959999,37.30042,1012.1028,,2024-09-08 05:48:18.182406,2024-09-08 19:03:32.273878,795.2348578666666,0,0,1,6,1,0,,autumn,0,0,0,0
615291027,23.75,23.19204,none,0.0,0.0,5.4119864,15.4800005,43.93566,1010.0447,,2024-09-08 05:50:16.712350,2024-09-08 19:05:45.577700,795.4810891666667,0,0,1,6,1,0,,autumn,0,0,0,0
615285827,23.5,22.424068,none,0.0,0.0,5.937272,15.119999,40.208122,1002.6834,,2024-09-08 05:49:32.951373,2024-09-08 19:04:44.133141,795.1863628,0,0,1,6,1,0,,autumn,0,0,0,0
615279227,24.05,23.491867,none,0.0,0.0,5.4119864,15.4800005,43.150425,1009.4839,,2024-09-08 05:48:11.777640,2024-09-08 19:03:38.728996,795.4491892666666,0,0,1,6,1,0,,autumn,0,0,0,0
615276227,23.75,23.354813,none,0.0,0.0,5.937272,16.919998,42.49591,1011.08075,,2024-09-08 05:48:30.236498,2024-09-08 19:03:53.901551,795.39441755,0,0,1,6,1,0,,autumn,0,0,0,0
615312227,16.25,15.068663,none,0.0,0.0,9.0,12.24,68.29519,1010.5743,,2024-09-08 05:49:02.935217,2024-09-08 19:04:27.524592,795.4098229166667,0,1,0,6,1,0,,autumn,0,0,0,1
615287227,22.2,22.290812,none,0.0,0.0,4.73506,11.159999,54.17077,1006.0057,,2024-09-08 05:49:22.345302,2024-09-08 19:05:06.377074,795.7338628666668,0,0,1,6,1,0,,autumn,0,0,0,0
615459227,16.8,15.438011,none,0.0,0.0,10.1376915,11.5199995,65.728714,1004.3548,,2024-09-08 05:49:17.505121,2024-09-08 19:04:19.445031,795.0323318333334,0,1,0,6,1,0,,autumn,0,0,0,1
615303027,15.95,14.72587,none,0.0,0.0,7.92,11.879999,66.43101,1001.24414,,2024-09-08 05:50:19.710976,2024-09-08 19:05:38.303881,795.3098817499999,0,1,0,6,1,0,,autumn,0,0,0,1
615306427,15.95,14.872534,none,0.0,0.0,7.5942073,10.799999,68.006424,1007.82416,,2024-09-08 05:48:03.820191,2024-09-08 19:03:27.282227,795.3910339333332,0,1,0,6,1,0,,autumn,0,0,0,1
615375027,17.55,16.308369,none,0.0,0.0,7.5599995,11.5199995,59.017338,1009.1258,,2024-09-08 05:47:42.821776,2024-09-08 19:03:05.102697,795.3713486833333,0,1,0,6,1,0,,autumn,0,0,0,1
615458827,15.9,14.484352,none,0.0,0.0,8.473393,12.959999,64.87689,1007.48535,,2024-09-08 05:49:40.483607,2024-09-08 19:05:00.493353,795.3334957666667,0,1,0,6,1,0,,autumn,0,0,0,1
615404227,17.25,15.61981,none,0.0,0.0,8.654986,12.959999,56.796257,1008.8516,,2024-09-08 05:47:58.851085,2024-09-08 19:03:11.349455,795.2083061666667,0,1,0,6,1,0,,autumn,0,0,0,1
615314627,16.9,15.327507,none,0.0,0.0,9.36,12.599999,60.468403,1006.3872,,2024-09-08 05:49:20.058556,2024-09-08 19:04:05.951871,794.7648885833333,0,1,0,6,1,0,,autumn,0,0,0,1
615484227,17.5,16.155998,none,0.0,0.0,9.028754,10.08,60.814,1007.44934,,2024-09-08 05:48:08.387198,2024-09-08 19:03:56.804221,795.8069503833334,0,1,0,6,1,0,,autumn,0,0,0,1
615304027,24.1,23.483294,none,0.0,0.0,5.937272,16.919998,40.92181,1011.01996,,2024-09-08 05:48:28.582693,2024-09-08 19:03:51.310315,795.3787937,0,0,1,6,1,0,,autumn,0,0,0,0
615306827,15.9,14.415058,none,0.0,0.0,8.854829,12.24,64.659,1001.57306,,2024-09-08 05:49:06.731914,2024-09-08 19:04:22.424767,795.26154755,0,1,0,6,1,0,,autumn,0,0,0,1
615314827,16.8,15.438011,none,0.0,0.0,10.1376915,11.5199995,65.728714,999.5365,,2024-09-08 05:49:27.036009,2024-09-08 19:04:31.574702,795.0756448833333,0,1,0,6,1,0,,autumn,0,0,0,1
615400027,17.3,16.558369,none,0.0,0.0,8.473393,12.959999,69.19024,1000.3951,,2024-09-09 05:51:13.456999,2024-09-09 19:02:22.341170,791.1480695166666,0,1,0,0,0,0,,autumn,0,0,0,1
615457027,20.0,19.726212,none,0.0,0.0,7.928178,18.72,63.235813,1003.64844,,2024-09-09 05:50:59.887427,2024-09-09 19:01:45.337226,790.75749665,0,0,1,0,0,0,,autumn,0,0,0,0
615365227,24.3,23.289795,none,0.0,0.0,13.584932,27.0,46.93983,1008.3365,,2024-09-09 05:51:18.213095,2024-09-09 19:02:24.914989,791.1116982333333,0,0,1,0,0,0,,autumn,0,0,0,0
615379627,24.75,23.506508,none,0.0,0.0,13.513193,27.359999,44.65228,1001.9927,,2024-09-09 05:51:20.588779,2024-09-09 19:02:31.529467,791.1823448,0,0,1,0,0,0,,autumn,0,0,0,0
615395027,20.5,19.635748,none,0.0,0.0,7.42159,11.879999,53.378307,1001.5249,,2024-09-09 05:50:53.201881,2024-09-09 19:01:57.204903,791.0667170333332,0,0,1,0,0,0,,autumn,0,0,0,0
615313027,13.45,11.746627,none,0.0,0.0,11.113451,12.959999,77.79062,1004.1667,,2024-09-09 05:50:41.738498,2024-09-09 19:01:13.198566,790.5243344666667,0,1,0,0,0,0,,autumn,0,0,0,1
615322027,14.65,14.08404,none,0.0,0.0,6.2145634,13.32,79.27866,1005.5633,,2024-09-09 05:50:57.894408,2024-09-09 19:02:05.079470,791.1197510333333,0,0,1,0,0,0,,autumn,0,0,0,0
615422427,14.6,13.906748,none,0.0,0.0,6.5693827,13.679999,78.22568,1006.3927,,2024-09-09 05:50:55.034218,2024-09-09 19:01:57.983447,791.0491538166666,0,0,1,0,0,0,,autumn,0,0,0,0
615394827,20.3,18.88352,none,0.0,0.0,10.105681,16.919998,52.095432,1001.2977,,2024-09-09 05:51:25.515287,2024-09-09 19:02:12.072099,790.7759468666667,0,0,1,0,0,0,,autumn,0,0,0,0
616285627,20.75,19.762228,none,0.0,0.0,7.8625183,12.24,51.867035,1003.74817,,2024-09-09 05:50:30.171182,2024-09-09 19:01:09.149322,790.6496356666667,1,0,0,0,0,0,,autumn,0,0,0,0
615342627,22.15,21.63961,none,0.0,0.0,10.239453,21.599998,56.512012,1009.81134,,2024-09-09 05:50:53.086390,2024-09-09 19:01:42.837056,790.8291777666667,0,0,1,0,0,0,,autumn,0,0,0,0
615568227,21.95,21.698725,none,0.0,0.0,9.531505,20.880001,58.907803,1006.3114,,2024-09-09 05:51:13.839872,2024-09-09 19:02:15.435011,791.0265856499999,0,0,1,0,0,0,,autumn,0,0,0,0
615397627,25.15,23.733463,none,0.0,0.0,9.021574,18.72,37.415382,1000.5196,,2024-09-09 05:51:33.742444,2024-09-09 19:02:01.928642,790.4697699666667,0,0,1,0,0,0,,autumn,0,0,0,0
615401827,24.75,23.53521,none,0.0,0.0,8.707237,19.8,39.75641,1002.4522,,2024-09-09 05:52:41.436422,2024-09-09 19:03:11.277754,790.4973555333333,0,0,1,0,0,0,,autumn,0,0,0,0
615408627,18.2,16.854012,none,0.0,0.0,9.726665,17.64,59.57141,997.3828,,2024-09-09 05:52:07.779497,2024-09-09 19:02:22.093727,790.2385705,0,1,0,0,0,0,,autumn,0,0,0,1
615897827,20.45,19.141193,none,0.0,0.0,9.3669195,15.4800005,51.615242,1000.03143,,2024-09-09 05:50:25.418679,2024-09-09 19:00:58.426389,790.5501284999999,0,0,1,0,0,0,,autumn,0,0,0,0
615399627,19.3,17.99799,none,0.0,0.0,9.028754,14.759999,54.87473,1000.5145,,2024-09-09 05:50:37.457738,2024-09-09 19:01:07.943564,790.5080971,0,1,0,0,0,0,,autumn,0,0,0,1
615401427,18.0,16.549145,none,0.0,0.0,10.446206,17.28,60.324528,998.5521,,2024-09-09 05:50:59.418813,2024-09-09 19:01:28.642608,790.48706325,0,1,0,0,0,0,,autumn,0,0,0,1
615389427,25.15,23.650452,none,0.0,0.0,13.004922,27.0,41.905216,1007.0659,,2024-09-09 05:50:58.835677,2024-09-09 19:01:55.181953,790.9391046,0,0,1,0,0,0,,autumn,0,0,0,0
615392827,22.3,21.567574,none,0.0,0.0,8.287822,16.199999,50.5774,1001.2438,,2024-09-09 05:51:32.953641,2024-09-09 19:02:18.938296,790.7664109166667,0,0,1,0,0,0,,autumn,0,0,0,0
615348227,10.2,8.872257,none,0.0,0.0,7.968939,10.799999,94.46255,1004.5759,,2024-09-09 05:51:01.895758,2024-09-09 19:02:18.435871,791.2756685500001,0,1,0,0,0,0,,autumn,0,0,0,1
615320427,14.65,14.022278,none,0.0,0.0,6.638072,14.04,79.27866,1006.37494,,2024-09-09 05:50:30.902801,2024-09-09 19:01:37.102601,791.10333,0,0,1,0,0,0,,autumn,0,0,0,0
615367227,23.65,22.817343,none,0.0,0.0,12.768586,25.199999,50.43665,1005.0007,,2024-09-09 05:50:43.761628,2024-09-09 19:01:44.981682,791.0203342333333,0,0,1,0,0,0,,autumn,0,0,0,0
615394227,24.95,23.838251,none,0.0,0.0,11.200571,25.919998,43.544163,1004.8553,,2024-09-09 05:50:04.282517,2024-09-09 19:00:56.401128,790.8686435166667,0,0,1,0,0,0,,autumn,0,0,0,0
617290627,22.55,21.718336,none,0.0,0.0,8.647496,16.56,49.32296,997.23645,,2024-09-09 05:51:11.745067,2024-09-09 19:01:44.650007,790.5484156666666,0,0,1,0,0,0,,autumn,0,0,0,0
619193427,12.65,11.688808,none,0.0,0.0,7.69592,10.799999,86.75654,1003.82416,,2024-09-09 05:50:46.057048,2024-09-09 19:01:16.949066,790.5148669666667,0,0,1,0,0,0,,autumn,0,0,0,0
615395427,23.0,21.68399,none,0.0,0.0,10.105681,20.880001,45.211315,1001.3885,,2024-09-09 05:50:39.507818,2024-09-09 19:01:20.744086,790.6872711333333,0,0,1,0,0,0,,autumn,0,0,0,0
616100427,24.25,23.478888,none,0.0,0.0,7.5942082,18.72,43.638355,1004.6196,,2024-09-09 05:50:24.127330,2024-09-09 19:01:30.026571,791.0983206833333,0,0,1,0,0,0,,autumn,0,0,0,0
621682827,25.0,23.94068,none,0.0,0.0,10.948973,25.199999,43.558025,1004.64526,,2024-09-09 05:49:39.337709,2024-09-09 19:00:34.005771,790.9111343666666,0,0,1,0,0,0,,autumn,0,0,0,0
615356027,23.3,22.831432,none,0.0,0.0,11.503113,25.199999,53.397102,1007.04083,,2024-09-09 05:50:20.600390,2024-09-09 19:01:33.193697,791.20988845,0,0,1,0,0,0,,autumn,0,0,0,0
615559027,18.3,17.645279,none,0.0,0.0,7.2359104,11.5199995,63.691956,1003.4501,,2024-09-09 05:49:45.517482,2024-09-09 19:00:39.470674,790.8992198666667,0,1,0,0,0,0,,autumn,0,0,0,1
615384427,12.1,11.176211,none,0.0,0.0,8.049845,12.599999,91.76101,1007.62164,,2024-09-09 05:51:29.402437,2024-09-09 19:02:30.873513,791.0245179333334,0,0,1,0,0,0,,autumn,0,0,0,0
616701827,19.9,19.763285,none,0.0,0.0,7.5685663,18.0,64.67725,1008.31555,,2024-09-09 05:50:06.254060,2024-09-09 19:00:51.299724,790.7507610666667,0,0,1,0,0,0,,autumn,0,0,0,0
615315827,10.45,9.033486,none,0.0,0.0,8.766573,11.159999,93.52635,1009.7932,,2024-09-09 05:50:31.345979,2024-09-09 19:01:19.880933,790.8089159,1,0,1,0,0,0,,autumn,0,0,0,0
615355827,14.95,14.335472,none,0.0,0.0,7.072878,14.759999,79.05971,998.154,,2024-09-09 05:51:27.210268,2024-09-09 19:01:57.311390,790.5016853666667,0,0,1,0,0,0,,autumn,0,0,0,0
615346227,20.05,19.772617,none,0.0,0.0,7.9526596,18.0,63.04042,1009.35986,,2024-09-09 05:50:52.016510,2024-09-09 19:01:42.176811,790.8360050166667,0,0,1,0,0,0,,autumn,0,0,0,0
615339627,17.45,17.076488,none,0.0,0.0,6.489992,16.199999,69.67797,1006.2089,,2024-09-09 05:50:51.016859,2024-09-09 19:01:29.584539,790.6427946666666,0,0,1,0,0,0,,autumn,0,0,0,0
615467627,15.95,15.2723255,none,0.0,0.0,10.823973,20.519999,81.8428,998.4587,,2024-09-10 05:53:27.304674,2024-09-10 19:00:03.439432,786.6022459666667,0,0,1,1,0,0,,autumn,0,0,0,0
615477827,21.5,19.711138,none,0.0,0.0,14.168641,37.079998,50.869213,1000.65045,,2024-09-10 05:53:19.630273,2024-09-10 18:59:54.456234,786.5804326833334,0,0,1,1,0,0,,autumn,0,0,0,0
615495627,19.85,19.178015,none,0.0,0.0,6.618519,10.08,56.498234,996.32025,,2024-09-10 05:53:09.279900,2024-09-10 18:59:49.154464,786.6645760666667,0,1,0,1,0,0,,autumn,0,0,0,1
615527827,24.55,21.517036,none,0.0,0.0,19.353138,34.56,37.750843,995.9071,,2024-09-10 05:52:47.765253,2024-09-10 18:58:52.558891,786.0798939666668,0,0,1,1,0,0,,autumn,0,0,1,0
615588427,16.15,15.302013,none,0.0,0.0,11.304229,20.16,79.23273,994.7425,,2024-09-10 05:52:58.142384,2024-09-10 18:59:10.373439,786.2038509166666,0,0,1,1,0,0,,autumn,0,0,0,0
615421427,18.7,18.22458,none,0.0,0.0,10.483357,21.96,70.83918,1000.1447,,2024-09-10 05:51:43.235401,2024-09-10 18:58:09.027963,786.4298760333334,0,0,1,1,0,0,,autumn,0,0,0,0
615606627,18.6,18.040722,none,0.0,0.0,11.177405,22.68,71.51636,999.0887,,2024-09-10 05:51:46.967733,2024-09-10 18:58:18.712544,786.5290801833332,0,0,1,1,0,0,,autumn,0,0,0,0
616064427,18.15,17.494366,none,0.0,0.0,11.720751,24.119999,73.32302,997.2302,,2024-09-10 05:53:27.204101,2024-09-10 18:59:47.278787,786.3345781,0,0,1,1,0,0,,autumn,0,0,0,0
615827027,15.85,15.160353,none,0.0,0.0,10.105681,19.8,80.50031,990.9804,,2024-09-10 05:53:05.685355,2024-09-10 18:59:12.850665,786.1194218333333,0,0,1,1,0,0,,autumn,0,0,0,0
615537827,19.4,18.442558,none,0.0,0.0,10.163227,16.56,61.05669,997.6632,,2024-09-10 05:51:52.778784,2024-09-10 18:58:24.350066,786.5261880333333,0,1,0,1,0,0,,autumn,0,0,0,1
615493027,26.0,23.59796,none,0.0,0.0,17.339897,30.960001,37.529976,999.74963,,2024-09-10 05:52:22.985027,2024-09-10 18:58:44.622342,786.3606219166667,0,0,1,1,0,0,,autumn,0,0,1,0
615487227,20.75,19.638474,none,0.0,0.0,8.913181,21.599998,52.213676,1000.349,,2024-09-10 05:52:56.340751,2024-09-10 18:59:20.071180,786.3955071500001,0,0,1,1,0,0,,autumn,0,0,0,0
615427027,20.65,19.99549,none,0.0,0.0,12.181625,24.48,63.587334,1000.1422,,2024-09-10 05:53:05.096044,2024-09-10 18:59:27.661823,786.3760963166666,0,0,1,1,0,0,,autumn,0,0,0,0
615499427,21.5,19.711138,none,0.0,0.0,14.168641,37.079998,50.869213,999.6101,,2024-09-10 05:53:27.563300,2024-09-10 18:59:45.165872,786.2933762,0,0,1,1,0,0,,autumn,0,0,0,0
615440627,24.35,23.984453,none,0.0,0.0,12.879752,26.64,53.147175,999.5314,,2024-09-10 05:52:18.980692,2024-09-10 18:59:01.569791,786.7098183166667,0,0,1,1,0,0,,autumn,0,0,0,0
615455827,25.0,22.01612,none,0.0,0.0,19.201874,36.36,36.997944,995.31976,,2024-09-10 05:53:29.046666,2024-09-10 18:59:50.603992,786.3592887666667,0,0,1,1,0,0,,autumn,0,0,1,0
615491027,19.85,19.178015,none,0.0,0.0,6.618519,10.08,56.498234,995.9732,,2024-09-10 05:52:56.075372,2024-09-10 18:59:37.857463,786.6963681833333,0,1,0,1,0,0,,autumn,0,0,0,1
615527627,16.05,15.393412,none,0.0,0.0,10.105681,18.72,80.001564,997.8788,,2024-09-10 05:52:23.294633,2024-09-10 18:58:27.156461,786.0643638,0,0,1,1,0,0,,autumn,0,0,0,0
615779627,20.95,20.303312,none,0.0,0.0,7.491114,26.28,54.568104,998.537,,2024-09-10 05:52:24.113424,2024-09-10 18:58:29.154436,786.0840168666667,0,0,1,1,0,0,,autumn,0,0,0,0
615432427,22.35,22.30713,none,0.0,0.0,10.829958,23.039999,61.736294,998.40356,,2024-09-10 05:52:31.004581,2024-09-10 18:59:15.337454,786.7388812166666,0,0,1,1,0,0,,autumn,0,0,0,0
615481027,21.55,19.65384,none,0.0,0.0,14.494192,34.56,50.043976,997.40424,,2024-09-10 05:52:41.211725,2024-09-10 18:59:10.335376,786.4853941833334,0,0,1,1,0,0,,autumn,0,0,0,0
615480627,21.55,19.65384,none,0.0,0.0,14.494192,34.56,50.043976,1001.2143,,2024-09-10 05:52:48.611248,2024-09-10 18:59:11.120536,786.3751548,0,0,1,1,0,0,,autumn,0,0,0,0
615715827,20.6,19.637184,none,0.0,0.0,8.404285,18.72,53.581997,995.9449,,2024-09-10 05:52:49.076989,2024-09-10 18:58:47.366427,785.9714906333334,1,0,0,1,0,0,,autumn,0,0,0,0
615482827,23.0,20.086779,none,0.0,0.0,20.957443,34.92,45.060898,999.4341,,2024-09-10 05:52:24.115854,2024-09-10 18:58:48.286731,786.4028479499999,0,0,1,1,0,0,,autumn,0,0,1,0
615729627,16.4,15.803852,none,0.0,0.0,10.495713,20.16,80.050026,1001.29254,,2024-09-10 05:52:04.492885,2024-09-10 18:58:31.994493,786.4583601333333,0,0,1,1,0,0,,autumn,0,0,0,0
615506027,18.15,17.683313,none,0.0,0.0,10.1887,16.199999,72.8464,1002.431,,2024-09-10 05:52:08.879016,2024-09-10 18:58:15.825343,786.1157721166667,0,1,0,1,0,0,,autumn,0,0,0,1
615893627,15.75,15.209614,none,0.0,0.0,10.464797,16.56,84.26118,996.0139,,2024-09-11 05:54:34.347234,2024-09-11 18:56:30.307000,781.9326627666667,0,1,0,2,0,0,,autumn,0,0,0,1
615520027,14.75,13.412394,none,0.0,0.0,13.324863,23.759998,83.32151,998.61694,,2024-09-11 05:55:07.143706,2024-09-11 18:57:02.201281,781.91762625,1,0,1,2,0,0,,autumn,0,0,0,0
615879627,25.15,22.51093,none,0.0,0.0,19.881649,36.36,40.67279,996.2457,,2024-09-11 05:54:36.242374,2024-09-11 18:56:38.387231,782.0357476166666,0,0,1,2,0,0,,autumn,0,0,1,0
615615427,21.55,19.71396,none,0.0,0.0,13.276144,24.119999,48.727695,998.36523,,2024-09-11 05:54:17.220579,2024-09-11 18:56:20.947447,782.0621144666667,0,0,1,2,0,0,,autumn,0,0,0,0
615616427,23.25,21.460667,none,0.0,0.0,13.755579,28.44,45.13003,999.7454,,2024-09-11 05:53:58.901400,2024-09-11 18:55:42.898609,781.7332868166667,0,0,1,2,0,0,,autumn,0,0,0,0
615622427,21.0,19.032574,none,0.0,0.0,13.684735,23.759998,49.564182,997.58716,,2024-09-11 05:55:09.825888,2024-09-11 18:56:30.567497,781.3456934833333,0,1,0,2,0,0,,autumn,0,0,0,1
615588027,24.0,21.714285,none,0.0,0.0,19.67195,36.719997,45.336872,993.7328,,2024-09-11 05:55:09.271439,2024-09-11 18:56:47.633846,781.63937345,0,0,1,2,0,0,,autumn,0,0,1,0
615520827,15.0,13.687222,none,0.0,0.0,13.0447235,22.68,81.72118,994.1015,,2024-09-11 05:55:21.536903,2024-09-11 18:57:38.659683,782.2853796666666,0,0,1,2,0,0,,autumn,0,0,0,0
615563227,19.85,18.369738,none,0.0,0.0,15.629971,31.68,62.789368,996.5245,,2024-09-11 05:55:18.681146,2024-09-11 18:57:04.935869,781.77091205,0,0,1,2,0,0,,autumn,0,0,1,0
615596427,14.65,13.322544,none,0.0,0.0,12.819235,21.24,82.76196,997.39075,,2024-09-11 05:54:43.390037,2024-09-11 18:56:39.197384,781.93012245,0,0,1,2,0,0,,autumn,0,0,0,0
615619227,23.55,21.573826,none,0.0,0.0,14.529915,30.239998,43.58865,1001.7149,,2024-09-11 05:54:09.954758,2024-09-11 18:55:50.756914,781.6800359333333,0,0,1,2,0,0,,autumn,0,0,0,0
615660427,15.25,13.810682,none,0.0,0.0,14.021525,21.96,80.684,995.0595,,2024-09-11 05:55:11.156590,2024-09-11 18:57:18.287508,782.1188486333334,0,0,1,2,0,0,,autumn,0,0,0,0
615607827,24.55,22.014297,none,0.0,0.0,17.373497,33.12,39.700035,998.1498,,2024-09-11 05:54:28.941969,2024-09-11 18:56:01.148741,781.5367795333333,0,0,1,2,0,0,,autumn,0,0,1,0
615634227,21.95,20.11377,none,0.0,0.0,13.276144,23.039999,47.551315,998.9651,,2024-09-11 05:53:59.381811,2024-09-11 18:55:42.822116,781.7240050833333,1,0,0,2,0,0,,autumn,0,0,0,0
616253827,20.05,18.392893,none,0.0,0.0,16.055355,30.960001,60.607418,992.94183,,2024-09-11 05:54:47.308031,2024-09-11 18:56:25.515150,781.6367853166666,0,0,1,2,0,0,,autumn,0,0,1,0
616482827,22.95,20.840021,none,0.0,0.0,19.134262,34.92,50.416794,995.99225,,2024-09-11 05:54:34.634551,2024-09-11 18:56:29.616110,781.9163593166667,0,0,1,2,0,0,,autumn,0,0,1,0
615608827,23.3,21.442225,none,0.0,0.0,14.021525,28.44,44.695488,997.8308,,2024-09-11 05:55:11.061189,2024-09-11 18:56:56.653957,781.7598794666667,0,0,1,2,0,0,,autumn,0,0,0,0
615616627,21.9,19.993876,none,0.0,0.0,13.755579,23.759998,47.696613,1000.6121,,2024-09-11 05:54:50.548934,2024-09-11 18:56:41.115472,781.8427756333333,0,1,0,2,0,0,,autumn,0,0,0,1
615511427,16.6,16.113028,none,0.0,0.0,10.805998,17.64,81.39363,998.7484,,2024-09-11 05:54:16.895754,2024-09-11 18:56:22.794706,782.0983158666667,0,1,0,2,0,0,,autumn,0,0,0,1
615673427,24.25,21.973234,none,0.0,0.0,19.08,37.8,45.10678,997.15234,,2024-09-11 05:54:05.744637,2024-09-11 18:56:11.922707,782.1029678333333,0,0,1,2,0,0,,autumn,0,0,1,0
615581427,22.95,20.8724,none,0.0,0.0,18.11841,34.92,49.430126,995.5511,,2024-09-11 05:54:37.797425,2024-09-11 18:56:12.726118,781.5821448833334,0,0,1,2,0,0,,autumn,0,0,1,0
615556027,23.7,21.625023,none,0.0,0.0,18.723461,37.079998,47.39783,997.08636,,2024-09-11 05:54:02.481995,2024-09-11 18:55:54.470839,781.8664807333333,0,0,1,2,0,0,,autumn,0,0,1,0
615576427,21.55,19.46923,none,0.0,0.0,18.844202,33.839996,55.08212,999.8831,,2024-09-11 05:54:47.074283,2024-09-11 18:56:36.769216,781.8282488833333,0,0,1,2,0,0,,autumn,0,0,1,0
615548027,22.55,20.775215,none,0.0,0.0,17.884428,36.0,53.20426,998.1301,,2024-09-11 05:54:07.829060,2024-09-11 18:56:16.732050,782.1483831666667,0,0,1,2,0,0,,autumn,0,0,1,0
615723027,23.75,21.580761,none,0.0,0.0,19.296135,36.0,47.25539,997.0075,,2024-09-11 05:55:05.877331,2024-09-11 18:57:06.858120,782.0163464833333,0,0,1,2,0,0,,autumn,0,0,1,0
615527027,16.75,15.392883,none,0.0,0.0,13.896187,23.759998,74.28802,999.73773,,2024-09-11 05:54:10.359230,2024-09-11 18:55:58.824970,781.8077623333334,0,0,1,2,0,0,,autumn,0,0,0,0
615529227,18.1,16.996262,none,0.0,0.0,13.281023,26.64,70.49445,998.9547,,2024-09-11 05:56:14.198985,2024-09-11 18:58:03.614012,781.8235837833333,0,0,1,2,0,0,,autumn,0,0,0,0
615656627,22.95,20.8724,none,0.0,0.0,18.11841,34.92,49.430126,996.92523,,2024-09-11 05:54:25.101554,2024-09-11 18:56:01.882263,781.6130118166667,0,0,1,2,0,0,,autumn,0,0,1,0
616285227,25.0,22.433218,none,0.0,0.0,19.386593,37.079998,41.03796,993.05743,,2024-09-11 05:54:38.615733,2024-09-11 18:56:16.175124,781.62598985,0,0,1,2,0,0,,autumn,0,0,1,0
615634027,20.6,18.938255,none,0.0,0.0,12.88981,23.4,53.050224,996.0318,,2024-09-11 05:56:56.526360,2024-09-11 18:58:40.709214,781.7363809,0,1,0,2,0,0,,autumn,0,0,0,1
615693227,23.45,21.230589,none,0.0,0.0,19.346441,34.2,48.435467,999.6728,,2024-09-12 05:56:43.089507,2024-09-12 18:54:12.734662,777.4940859166667,0,0,1,3,0,0,,autumn,0,0,1,0
615731427,25.65,23.040668,none,0.0,0.0,19.881649,32.039997,39.744823,997.8602,,2024-09-12 05:56:45.147942,2024-09-12 18:53:54.636183,777.15813735,0,0,1,3,0,0,,autumn,0,0,1,0
615658827,20.3,18.669094,none,0.0,0.0,13.608762,27.0,55.680805,997.2603,,2024-09-12 05:57:10.240027,2024-09-12 18:54:19.234140,777.1499018833333,0,0,1,3,0,0,,autumn,0,0,0,0
615649027,18.25,16.621695,none,0.0,0.0,14.336861,26.28,64.74314,1000.55493,,2024-09-12 05:55:55.290033,2024-09-12 18:53:16.779549,777.3581586,0,0,1,3,0,0,,autumn,0,0,0,0
615641427,18.05,16.02745,none,0.0,0.0,12.819235,24.119999,56.99658,994.543,,2024-09-12 05:57:41.242478,2024-09-12 18:54:44.300099,777.05096035,0,1,0,3,0,0,,autumn,0,0,0,1
615650827,19.5,17.768324,none,0.0,0.0,14.512064,29.519999,58.89926,992.32196,,2024-09-12 05:57:51.979957,2024-09-12 18:55:41.389807,777.8234974999999,0,0,1,3,0,0,,autumn,0,0,0,0
615711227,24.55,21.925358,none,0.0,0.0,19.376562,36.0,41.598812,999.51135,,2024-09-12 05:56:48.741579,2024-09-12 18:54:04.676981,777.2655900333334,0,0,1,3,0,0,,autumn,0,0,1,0
615737227,21.4,17.975225,none,0.0,0.0,19.803272,42.12,41.97686,994.05457,,2024-09-12 05:57:06.282314,2024-09-12 18:54:07.516304,777.0205665,1,0,0,3,0,0,,autumn,0,0,1,0
615742827,21.85,18.539547,none,0.0,0.0,19.191748,41.039997,41.11598,1000.31995,,2024-09-12 05:57:23.484992,2024-09-12 18:54:51.494624,777.4668272,1,0,0,3,0,0,,autumn,0,0,1,0
615744027,21.6,17.801464,none,0.0,0.0,21.178896,36.719997,39.533356,995.7243,,2024-09-12 05:57:16.916236,2024-09-12 18:54:34.363822,777.2907931000001,0,1,0,3,0,0,,autumn,0,0,1,1
615750027,19.65,18.164537,none,0.0,0.0,13.246826,24.48,59.130714,1000.94965,,2024-09-12 05:55:57.586088,2024-09-12 18:53:08.223479,777.17728985,0,0,1,3,0,0,,autumn,0,0,0,0
615731027,25.65,23.040668,none,0.0,0.0,19.881649,32.039997,39.744823,1001.3907,,2024-09-12 05:56:55.586954,2024-09-12 18:54:12.533159,777.28243675,0,0,1,3,0,0,,autumn,0,0,1,0
615753227,21.85,18.284384,none,0.0,0.0,18.844202,39.96,37.75215,999.75446,,2024-09-12 05:57:02.537453,2024-09-12 18:53:46.421202,776.7313958166667,0,1,0,3,0,0,,autumn,0,0,1,1
615642027,19.0,16.867275,none,0.0,0.0,14.336861,22.68,55.1665,998.7205,,2024-09-12 05:56:26.781715,2024-09-12 18:53:45.268637,777.3081153666666,0,1,0,3,0,0,,autumn,0,0,0,1
615679027,20.3,18.669094,none,0.0,0.0,13.608762,27.0,55.680805,998.18616,,2024-09-12 05:57:14.607835,2024-09-12 18:54:23.457530,777.1474949166666,0,0,1,3,0,0,,autumn,0,0,0,0
615735227,24.1,20.392307,none,0.0,0.0,22.9724,37.079998,37.369812,1003.95874,,2024-09-12 05:56:32.130867,2024-09-12 18:53:47.432213,777.2550224333334,0,0,1,3,0,0,,autumn,0,0,1,0
615752627,20.95,17.380573,none,0.0,0.0,20.883102,38.519997,43.29902,1004.56476,,2024-09-12 05:57:26.905313,2024-09-12 18:54:49.655844,777.3791755166666,0,1,0,3,0,0,,autumn,0,0,1,1
615777027,22.55,18.914536,none,0.0,0.0,19.483284,38.519997,36.425938,1002.1239,,2024-09-12 05:55:42.606916,2024-09-12 18:52:55.821356,777.2202406666668,1,0,0,3,0,0,,autumn,0,0,1,0
615639827,19.15,16.93568,none,0.0,0.0,14.799459,24.48,54.470146,996.77203,,2024-09-12 05:57:08.329853,2024-09-12 18:54:22.318511,777.2331443,0,1,0,3,0,0,,autumn,0,0,0,1
615730827,23.9,20.42795,none,0.0,0.0,22.366402,39.239998,39.251408,1002.2066,,2024-09-12 05:56:16.277978,2024-09-12 18:53:43.880719,777.4600456833334,0,0,1,3,0,0,,autumn,0,0,1,0
615919427,24.1,20.150692,none,0.0,0.0,23.219301,37.44,35.39585,1005.07666,,2024-09-12 05:56:21.068720,2024-09-12 18:53:33.558139,777.2081569833333,0,0,1,3,0,0,,autumn,0,0,1,0
615660827,23.0,20.729523,none,0.0,0.0,18.089775,33.48,47.364105,1001.56775,,2024-09-12 05:55:30.256963,2024-09-12 18:52:42.706114,777.20748585,0,0,1,3,0,0,,autumn,0,0,1,0
616362627,25.05,23.145224,none,0.0,0.0,17.072504,29.16,43.860126,1001.43805,,2024-09-12 05:56:04.600941,2024-09-12 18:53:36.505493,777.5317425333334,0,0,1,3,0,0,,autumn,0,0,1,0
615724027,24.75,22.131987,none,0.0,0.0,19.228851,34.2,40.96783,1001.89355,,2024-09-12 05:56:07.870041,2024-09-12 18:53:27.822311,777.3325378333334,0,0,1,3,0,0,,autumn,0,0,1,0
615881827,25.1,22.972992,none,0.0,0.0,16.992609,33.12,41.614544,995.8891,,2024-09-12 05:56:50.132390,2024-09-12 18:54:01.976426,777.1974006,0,0,1,3,0,0,,autumn,0,0,1,0
615797627,21.7,17.621088,none,0.0,0.0,22.771244,41.039997,38.75827,1001.1125,,2024-09-12 05:56:32.187276,2024-09-12 18:53:33.754761,777.02612475,0,1,0,3,0,0,,autumn,0,0,1,1
615648827,18.4,16.98397,none,0.0,0.0,13.202726,25.56,64.77589,999.9983,,2024-09-12 05:56:17.604016,2024-09-12 18:53:47.140454,777.4922739666667,0,0,1,3,0,0,,autumn,0,0,0,0
617005627,22.25,17.911264,none,0.0,0.0,23.664352,38.88,36.091145,999.74756,,2024-09-12 05:56:39.278871,2024-09-12 18:53:37.749595,776.9745120666666,0,1,0,3,0,0,,autumn,0,0,1,1
615721627,25.7,23.154526,none,0.0,0.0,18.626305,35.28,38.586834,993.21375,,2024-09-12 05:56:51.183909,2024-09-12 18:53:54.545836,777.0560321166666,0,0,1,3,0,0,,autumn,0,0,1,0
615645827,16.65,15.186159,none,0.0,0.0,11.440978,20.519999,67.69749,995.57324,,2024-09-12 05:57:16.180660,2024-09-12 18:54:57.355913,777.6862542166667,0,1,0,3,0,0,,autumn,0,0,0,1
615742627,19.4,17.786835,none,0.0,0.0,14.336861,25.199999,60.454765,997.6974,,2024-09-12 05:56:35.531182,2024-09-12 18:54:07.332346,777.5300193999999,0,0,1,3,0,0,,autumn,0,0,0,0
615644627,16.7,15.435617,none,0.0,0.0,11.631956,19.8,70.92655,993.7282,,2024-09-12 05:57:25.223381,2024-09-12 18:54:43.238083,777.3002450333333,0,1,0,3,0,0,,autumn,0,0,0,1
615723827,25.35,22.77612,none,0.0,0.0,19.228851,35.64,39.92525,994.6569,,2024-09-12 05:56:58.291550,2024-09-12 18:54:05.615948,777.1220732999999,0,0,1,3,0,0,,autumn,0,0,1,0
615733027,25.65,23.040668,none,0.0,0.0,19.881649,32.039997,39.744823,1000.8202,,2024-09-12 05:56:52.751045,2024-09-12 18:54:06.124458,777.2228902166667,0,0,1,3,0,0,,autumn,0,0,1,0
615648227,18.15,16.44217,none,0.0,0.0,14.88242,26.28,65.150795,999.614,,2024-09-12 05:55:25.094882,2024-09-12 18:52:42.142621,777.2841289833334,0,0,1,3,0,0,,autumn,0,0,0,0
615703427,24.55,21.925358,none,0.0,0.0,19.376562,36.0,41.598812,999.28253,,2024-09-12 05:57:00.794638,2024-09-12 18:54:16.668507,777.2645644833334,0,0,1,3,0,0,,autumn,0,0,1,0
615737627,25.45,22.272106,none,0.0,0.0,21.385939,38.16,37.125195,997.8309,,2024-09-12 05:56:42.735540,2024-09-12 18:53:39.021678,776.9381023000001,0,0,1,3,0,0,,autumn,0,0,1,0
615795827,22.95,20.697983,none,0.0,0.0,18.59845,33.48,48.460503,998.05133,,2024-09-12 05:56:06.652046,2024-09-12 18:53:06.171225,776.9919863166667,0,0,1,3,0,0,,autumn,0,0,1,0
615855427,23.6,20.515917,none,0.0,0.0,18.161278,33.839996,37.73627,1003.67426,,2024-09-13 05:58:38.490346,2024-09-13 18:51:27.162419,772.8112012166667,0,0,1,4,0,0,,autumn,0,0,1,0
615784027,20.65,18.039099,none,0.0,0.0,18.892282,32.039997,52.01381,1004.1948,,2024-09-13 05:58:27.209494,2024-09-13 18:51:11.961587,772.7458682166667,0,0,1,4,0,0,,autumn,0,0,1,0
615875827,18.75,16.688059,none,0.0,0.0,13.755579,21.24,55.846992,1004.8183,,2024-09-13 05:58:34.285931,2024-09-13 18:51:19.940715,772.7609130666666,0,1,0,4,0,0,,autumn,0,0,0,1
615872227,18.85,16.854368,none,0.0,0.0,13.493999,21.96,55.872288,1005.86084,,2024-09-13 05:58:12.496871,2024-09-13 18:50:55.761857,772.7210831,0,1,0,4,0,0,,autumn,0,0,0,1
615848027,26.0,21.690296,none,0.0,0.0,23.933908,42.48,29.417767,1004.08276,,2024-09-13 05:58:44.764457,2024-09-13 18:51:33.986330,772.82036455,0,0,1,4,0,0,,autumn,0,0,1,0
615782627,20.6,18.267828,none,0.0,0.0,16.981165,32.760002,52.17429,1005.66925,,2024-09-13 05:57:50.790846,2024-09-13 18:50:39.182203,772.8065226166667,0,0,1,4,0,0,,autumn,0,0,1,0
615949827,26.05,21.667027,none,0.0,0.0,24.195107,43.92,29.030313,1003.4166,,2024-09-13 05:59:02.316938,2024-09-13 18:51:40.413141,772.6349367166666,0,0,1,4,0,0,,autumn,0,0,1,0
616404427,26.15,21.780165,none,0.0,0.0,26.009844,45.0,31.22061,1005.20013,,2024-09-13 05:58:29.844367,2024-09-13 18:51:13.801038,772.7326111833333,0,0,1,4,0,0,,autumn,0,0,1,0
615796227,19.7,16.659874,none,0.0,0.0,20.172853,32.039997,52.11182,1005.0875,,2024-09-13 05:57:57.600383,2024-09-13 18:50:42.038372,772.74063315,0,0,1,4,0,0,,autumn,0,0,1,0
615858627,20.0,17.469099,none,0.0,0.0,14.113652,28.08,46.5402,999.44104,,2024-09-13 06:00:07.570164,2024-09-13 18:52:36.571679,772.4833585833334,0,1,0,4,0,0,,autumn,0,0,0,1
615997627,20.55,18.269339,none,0.0,0.0,14.021525,25.199999,47.80811,1002.2919,,2024-09-13 05:57:25.393997,2024-09-13 18:50:14.234900,772.81401505,0,1,0,4,0,0,,autumn,0,0,0,1
615870627,18.25,16.133146,none,0.0,0.0,14.618837,25.56,58.596127,1005.0217,,2024-09-13 05:59:18.731639,2024-09-13 18:52:06.703296,772.7995276166668,0,1,0,4,0,0,,autumn,0,0,0,1
615818627,20.45,17.285442,none,0.0,0.0,15.856354,29.88,40.717777,994.60144,,2024-09-13 05:59:02.642845,2024-09-13 18:51:32.877679,772.5039139,0,1,0,4,0,0,,autumn,0,0,1,1
615856227,21.85,19.311966,none,0.0,0.0,14.689588,28.08,42.39018,1006.27814,,2024-09-13 05:58:23.553802,2024-09-13 18:51:03.101633,772.6591305166668,0,0,1,4,0,0,,autumn,0,0,0,0
615823227,25.6,21.774097,none,0.0,0.0,25.96995,43.92,35.58075,1004.97473,,2024-09-13 05:58:08.977647,2024-09-13 18:50:52.072816,772.7182528166667,0,0,1,4,0,0,,autumn,0,0,1,0
615880027,24.8,21.459677,none,0.0,0.0,19.914215,41.039997,35.115612,1004.0441,,2024-09-13 05:59:13.870082,2024-09-13 18:52:04.016219,772.8357689500001,0,0,1,4,0,0,,autumn,0,0,1,0
615847427,25.15,21.474504,none,0.0,0.0,21.166653,41.399998,33.016518,1003.4756,,2024-09-13 05:59:02.748405,2024-09-13 18:51:40.741173,772.6332127999999,0,0,1,4,0,0,,autumn,0,0,1,0
615864827,18.7,16.318089,none,0.0,0.0,15.281989,26.28,54.720993,1002.0258,,2024-09-13 05:59:18.234946,2024-09-13 18:51:52.115107,772.56466935,0,1,0,4,0,0,,autumn,0,0,1,1
616059627,20.9,18.309998,none,0.0,0.0,15.408671,27.359999,45.542732,1004.65735,,2024-09-13 05:58:23.159210,2024-09-13 18:51:19.530282,772.9395178666667,0,1,0,4,0,0,,autumn,0,0,1,1
616105427,23.65,20.529392,none,0.0,0.0,17.884428,34.56,36.864582,1000.57495,,2024-09-13 05:58:32.256034,2024-09-13 18:51:01.315022,772.4843164666667,0,0,1,4,0,0,,autumn,0,0,1,0
620528827,25.25,21.249212,none,0.0,0.0,23.740902,49.32,33.27029,997.28864,,2024-09-13 05:59:43.393265,2024-09-13 18:52:55.322111,773.1988141,0,0,1,4,0,0,,autumn,0,0,1,0
615762227,20.75,17.47876,none,0.0,0.0,17.31746,29.88,41.224754,1001.89764,,2024-09-13 05:57:33.564137,2024-09-13 18:50:23.119175,772.8259173,0,1,0,4,0,0,,autumn,0,0,1,1
615847827,24.4,21.06056,none,0.0,0.0,18.864824,45.36,34.52901,997.4804,,2024-09-13 05:59:43.356229,2024-09-13 18:52:54.930967,773.1929123000001,0,0,1,4,0,0,,autumn,0,0,1,0
615845027,24.55,21.532845,none,0.0,0.0,17.610588,42.12,35.523624,1000.8363,,2024-09-13 05:59:31.100992,2024-09-13 18:52:02.628717,772.5254620833333,0,0,1,4,0,0,,autumn,0,0,1,0
615777627,20.6,18.23973,none,0.0,0.0,18.089775,31.68,53.76029,1003.72614,,2024-09-13 05:58:44.766992,2024-09-13 18:51:35.387978,772.8436831,0,0,1,4,0,0,,autumn,0,0,1,0
616093227,20.5,18.37084,none,0.0,0.0,16.299694,32.760002,53.734493,1005.89655,,2024-09-13 05:58:09.064304,2024-09-13 18:50:57.667189,772.8100480833333,0,0,1,4,0,0,,autumn,0,0,1,0
616205627,19.4,16.676655,none,0.0,0.0,18.289274,32.399998,53.628975,1005.2851,,2024-09-13 05:58:03.412250,2024-09-13 18:50:58.322165,772.91516525,0,0,1,4,0,0,,autumn,0,0,1,0
615868427,20.8,18.192135,none,0.0,0.0,14.904173,26.64,44.75091,1007.952,,2024-09-13 05:58:39.890629,2024-09-13 18:51:21.642340,772.6958618499999,0,1,0,4,0,0,,autumn,0,0,0,1
615861827,20.9,18.309998,none,0.0,0.0,15.408671,27.359999,45.542732,1004.07605,,2024-09-13 05:58:13.165651,2024-09-13 18:51:04.210257,772.8507434333334,0,1,0,4,0,0,,autumn,0,0,1,1
615874627,22.05,19.09844,none,0.0,0.0,16.992609,33.12,41.03322,1006.34204,,2024-09-13 05:59:05.636707,2024-09-13 18:51:55.764452,772.8354624166666,0,0,1,4,0,0,,autumn,0,0,1,0
623477427,25.15,21.474504,none,0.0,0.0,21.166653,41.399998,33.016518,996.8593,,2024-09-13 05:58:53.616665,2024-09-13 18:51:26.519406,772.5483790166667,0,0,1,4,0,0,,autumn,0,0,1,0
616342427,20.75,18.200052,none,0.0,0.0,13.979872,27.359999,43.984196,1002.2438,,2024-09-13 05:58:43.920608,2024-09-13 18:51:08.494651,772.4095673833333,0,1,0,4,0,0,,autumn,0,0,0,1
615809427,25.8,21.783268,none,0.0,0.0,24.569836,47.16,32.752636,992.8881,,2024-09-13 05:58:54.216046,2024-09-13 18:51:23.338373,772.4853721166667,0,0,1,4,0,0,,autumn,0,0,1,0
615866227,19.95,17.811926,none,0.0,0.0,13.324863,21.96,50.117565,1007.7739,,2024-09-13 05:58:16.380773,2024-09-13 18:50:56.592901,772.6702021333333,0,1,0,4,0,0,,autumn,0,0,0,1
615792027,22.1,19.344606,none,0.0,0.0,19.878391,36.0,47.592236,1005.6763,,2024-09-13 05:58:18.545140,2024-09-13 18:50:50.634408,772.5348211333334,0,0,1,4,0,0,,autumn,0,0,1,0
615810827,25.65,21.999126,none,0.0,0.0,24.458813,43.92,34.76544,1003.0488,,2024-09-13 05:58:15.112428,2024-09-13 18:50:40.845990,772.4288927,0,0,1,4,0,0,,autumn,0,0,1,0
615913627,22.9,20.757118,none,0.0,0.0,16.279802,32.399998,44.733665,1007.2322,,2024-09-14 06:00:00.451975,2024-09-14 18:48:15.143729,768.2448625666667,0,0,1,5,1,0,,autumn,0,0,1,0
615930227,24.35,21.420275,none,0.0,0.0,18.0,32.039997,37.31459,1003.48676,,2024-09-14 06:00:58.531418,2024-09-14 18:49:19.299374,768.3461326,0,0,1,5,1,0,,autumn,0,0,1,0
615937027,24.3,21.42194,none,0.0,0.0,17.10284,32.399998,36.675274,1008.435,,2024-09-14 06:00:06.150447,2024-09-14 18:48:11.002580,768.0808688833333,0,0,1,5,1,0,,autumn,0,0,1,0
615916627,21.65,19.752783,none,0.0,0.0,14.20062,29.519999,48.10828,1000.12933,,2024-09-14 06:01:15.982720,2024-09-14 18:49:11.563339,767.92634365,0,0,1,5,1,0,,autumn,0,0,0,0
615898827,16.9,14.626247,none,0.0,0.0,14.168641,25.919998,60.468403,1004.3454,,2024-09-14 06:00:50.738950,2024-09-14 18:49:14.510037,768.3961847833333,0,0,1,5,1,0,,autumn,0,0,0,0
616227627,20.4,18.1143,none,0.0,0.0,15.575981,29.16,50.916187,1005.8109,,2024-09-14 06:00:15.429934,2024-09-14 18:48:29.880374,768.2408406666667,0,0,1,5,1,0,,autumn,0,0,1,0
615878227,16.7,14.37945,none,0.0,0.0,11.983188,20.880001,55.70267,1003.80426,,2024-09-14 06:00:42.233914,2024-09-14 18:48:26.965564,767.7455275,0,1,0,5,1,0,,autumn,0,0,0,1
616645027,19.9,17.251373,none,0.0,0.0,14.658676,24.48,46.354794,1005.9093,,2024-09-14 05:59:41.423359,2024-09-14 18:47:59.488071,768.3010785333333,0,1,0,5,1,0,,autumn,0,0,0,1
615905827,22.05,19.815535,none,0.0,0.0,15.990646,29.88,46.32424,1009.16144,,2024-09-14 06:00:13.608864,2024-09-14 18:48:22.576341,768.1494579499999,0,0,1,5,1,0,,autumn,0,0,1,0
616611027,23.7,21.35648,none,0.0,0.0,15.0038395,32.760002,40.264626,1006.3582,,2024-09-14 06:00:54.072729,2024-09-14 18:49:08.812782,768.24566755,0,0,1,5,1,0,,autumn,0,0,1,0
616619427,18.75,15.57682,none,0.0,0.0,16.485485,25.919998,46.351246,1004.53,,2024-09-14 06:00:22.177923,2024-09-14 18:48:37.485043,768.2551186666666,0,1,0,5,1,0,,autumn,0,0,1,1
615913827,23.2,21.138962,none,0.0,0.0,15.683774,31.68,43.491055,1005.97687,,2024-09-14 05:59:23.637643,2024-09-14 18:47:33.578586,768.1656823833333,0,0,1,5,1,0,,autumn,0,0,1,0
615876427,16.45,14.235399,none,0.0,0.0,13.392774,22.319998,61.38851,1003.41345,,2024-09-14 06:00:24.220646,2024-09-14 18:48:22.179322,767.9659779333334,0,1,0,5,1,0,,autumn,0,0,0,1
615929627,24.7,21.48089,none,0.0,0.0,19.083395,33.12,35.325996,1009.6094,,2024-09-14 06:00:27.024204,2024-09-14 18:48:37.775043,768.17918065,0,0,1,5,1,0,,autumn,0,0,1,0
616378227,19.05,15.782482,none,0.0,0.0,16.485485,27.0,44.25945,1003.28253,,2024-09-14 05:59:59.383219,2024-09-14 18:47:56.915507,767.9588714666667,0,1,0,5,1,0,,autumn,0,0,1,1
616083227,19.55,16.951492,none,0.0,0.0,14.84318,24.48,48.346672,1005.7708,,2024-09-14 05:59:52.119344,2024-09-14 18:48:16.216912,768.4016261333333,0,1,0,5,1,0,,autumn,0,0,0,1
617268027,24.25,21.35403,none,0.0,0.0,17.49615,32.039997,37.160446,1003.382,,2024-09-14 06:01:14.017596,2024-09-14 18:49:34.545541,768.3421324166667,0,0,1,5,1,0,,autumn,0,0,1,0
615936227,22.7,20.45719,none,0.0,0.0,13.570615,27.72,41.636395,1005.47284,,2024-09-14 06:00:06.855125,2024-09-14 18:48:18.635364,768.1963373166667,0,0,1,5,1,0,,autumn,0,0,0,0
615940027,20.15,18.0995,none,0.0,0.0,11.620809,20.16,47.5375,1000.0026,,2024-09-14 06:02:06.000707,2024-09-14 18:50:07.618604,768.02696495,0,1,0,5,1,0,,autumn,0,0,0,1
616251627,22.15,20.065506,none,0.0,0.0,13.0447235,26.64,43.93063,1007.3769,,2024-09-14 06:00:11.139787,2024-09-14 18:48:31.006424,768.3311106166667,0,0,1,5,1,0,,autumn,0,0,0,0
616194027,24.75,21.767319,none,0.0,0.0,17.373497,33.12,35.101437,1005.7761,,2024-09-14 05:59:32.228323,2024-09-14 18:47:40.071753,768.1307238333334,0,0,1,5,1,0,,autumn,0,0,1,0
615937627,20.55,18.325617,none,0.0,0.0,13.450708,24.119999,47.486942,1005.57465,,2024-09-14 06:01:05.409834,2024-09-14 18:49:13.047023,768.1272864833334,1,0,0,5,1,0,,autumn,0,0,0,0
616008227,18.75,16.543142,none,0.0,0.0,14.081477,28.44,54.550217,1009.0548,,2024-09-14 05:59:30.499747,2024-09-14 18:47:35.408856,768.0818184833333,0,0,1,5,1,0,,autumn,0,0,0,0
615903227,20.4,18.144705,none,0.0,0.0,15.077082,29.519999,50.407097,1005.49786,,2024-09-14 06:00:47.462912,2024-09-14 18:48:53.875450,768.1068756333333,0,0,1,5,1,0,,autumn,0,0,1,0
616262227,20.6,18.354788,none,0.0,0.0,12.864649,23.039999,46.078964,1005.2282,,2024-09-14 06:00:59.424216,2024-09-14 18:49:04.828851,768.09007725,0,1,0,5,1,0,,autumn,0,0,0,1
616456627,24.3,21.636732,none,0.0,0.0,15.629971,31.319998,36.675274,1005.51874,,2024-09-14 05:59:48.032935,2024-09-14 18:48:11.244371,768.3868572666667,0,0,1,5,1,0,,autumn,0,0,1,0
616332227,23.65,21.275276,none,0.0,0.0,17.174677,31.68,42.895477,1003.5377,,2024-09-14 06:00:54.520010,2024-09-14 18:49:15.599982,768.3513328666667,0,0,1,5,1,0,,autumn,0,0,1,0
615956227,17.85,14.720991,none,0.0,0.0,15.778516,27.72,48.209156,1008.691,,2024-09-14 05:59:29.082456,2024-09-14 18:47:34.325038,768.0873763666666,0,1,0,5,1,0,,autumn,0,0,1,1
615900427,20.2,18.261803,none,0.0,0.0,13.584932,28.44,52.243458,1005.6204,,2024-09-14 06:01:27.524742,2024-09-14 18:49:28.244768,768.0120004333334,0,0,1,5,1,0,,autumn,0,0,0,0
615879027,14.5,12.371693,none,0.0,0.0,12.074766,20.519999,67.707504,1005.20874,,2024-09-14 05:59:22.256312,2024-09-14 18:47:34.481864,768.2037592,0,1,0,5,1,0,,autumn,0,0,0,1
615942227,18.7,15.44875,none,0.0,0.0,17.10284,28.44,46.655884,1006.73627,,2024-09-14 06:00:06.799238,2024-09-14 18:48:23.728522,768.2821547333333,0,1,0,5,1,0,,autumn,0,0,1,1
615993027,19.7,17.185244,none,0.0,0.0,14.986553,25.56,49.21279,1004.5511,,2024-09-14 06:01:09.499581,2024-09-14 18:49:29.808168,768.33847645,0,1,0,5,1,0,,autumn,0,0,0,1
615902827,19.55,17.506346,none,0.0,0.0,14.113652,30.239998,54.028275,999.83044,,2024-09-14 06:01:44.658622,2024-09-14 18:50:21.039490,768.6063478,0,0,1,5,1,0,,autumn,0,0,0,0
619224627,23.2,20.697742,none,0.0,0.0,15.072783,33.839996,39.98807,999.1564,,2024-09-14 06:01:39.880764,2024-09-14 18:50:15.881870,768.6000184333334,0,0,1,5,1,0,,autumn,0,0,1,0
615985827,20.45,18.181095,none,0.0,0.0,14.88242,29.16,49.748753,1001.4125,,2024-09-14 06:00:34.908079,2024-09-14 18:48:38.070900,768.0527136833333,0,0,1,5,1,0,,autumn,0,0,0,0
616051627,16.7,14.526991,none,0.0,0.0,12.55879,25.56,59.209385,1001.4675,,2024-09-14 06:01:37.099956,2024-09-14 18:49:32.518157,767.9236366833334,0,0,1,5,1,0,,autumn,0,0,0,0
616363827,25.75,22.570763,none,0.0,0.0,12.096214,24.48,24.670004,1005.94977,,2024-09-15 06:01:52.555174,2024-09-15 18:45:15.463954,763.381813,0,0,1,6,1,0,,autumn,0,0,0,0
616012627,25.05,22.33347,none,0.0,0.0,14.982228,28.8,33.4407,1007.1165,,2024-09-15 06:02:17.481273,2024-09-15 18:45:47.795392,763.5052353166667,0,0,1,6,1,0,,autumn,0,0,0,0
615956027,16.75,13.972019,none,0.0,0.0,13.779114,24.84,52.573727,1005.8889,,2024-09-15 06:02:41.242886,2024-09-15 18:46:22.251447,763.6834760166668,0,1,0,6,1,0,,autumn,0,0,0,1
615984427,19.4,17.55764,none,0.0,0.0,11.4862,22.68,52.207905,1011.8234,,2024-09-15 06:02:03.353187,2024-09-15 18:45:40.641236,763.6214674833334,0,0,1,6,1,0,,autumn,0,0,0,0
615999227,17.85,14.720991,none,0.0,0.0,15.778516,27.72,48.209156,1005.74457,,2024-09-15 06:01:18.666310,2024-09-15 18:44:55.913874,763.6207927333332,0,1,0,6,1,0,,autumn,0,0,1,1
616011227,25.75,22.312819,none,0.0,0.0,13.392774,26.64,24.07074,1007.3087,,2024-09-15 06:02:07.912991,2024-09-15 18:45:33.428136,763.4252524166666,0,0,1,6,1,0,,autumn,0,0,0,0
616006627,21.8,20.144798,none,0.0,0.0,7.754637,15.4800005,41.101807,1007.3903,,2024-09-15 06:01:32.152572,2024-09-15 18:45:10.816280,763.6443951333333,0,0,1,6,1,0,,autumn,0,0,0,0
616135627,16.05,13.930292,none,0.0,0.0,8.699793,14.4,53.664474,1004.37646,,2024-09-15 06:02:26.705445,2024-09-15 18:45:56.551061,763.4974269333333,0,1,0,6,1,0,,autumn,0,0,0,1
616006027,24.9,22.508318,none,0.0,0.0,14.4,26.64,36.22956,1007.435,,2024-09-15 06:02:05.721147,2024-09-15 18:45:45.544640,763.6637248833334,0,0,1,6,1,0,,autumn,0,0,0,0
616021627,24.2,22.490448,none,0.0,0.0,12.594856,25.56,39.8678,1012.0166,,2024-09-15 06:01:43.525104,2024-09-15 18:45:12.794950,763.4878307666667,0,0,1,6,1,0,,autumn,0,0,0,0
615988827,21.1,19.451998,none,0.0,0.0,11.298495,23.759998,48.932236,1003.5887,,2024-09-15 06:03:03.470890,2024-09-15 18:46:40.408211,763.6156220166666,0,0,1,6,1,0,,autumn,0,0,0,0
615987627,16.8,14.94912,none,0.0,0.0,10.805998,23.039999,59.83645,1000.53253,,2024-09-15 06:03:46.608276,2024-09-15 18:47:45.062896,763.9742436666667,0,0,1,6,1,0,,autumn,0,0,0,0
616005627,25.0,22.320002,none,0.0,0.0,11.966954,24.84,30.16306,1005.3902,,2024-09-15 06:02:25.495665,2024-09-15 18:46:17.057826,763.8593693500001,0,0,1,6,1,0,,autumn,0,0,0,0
616006227,21.4,19.974573,none,0.0,0.0,7.42159,14.759999,44.16642,1009.2298,,2024-09-15 06:02:01.316821,2024-09-15 18:45:49.214020,763.79828665,0,0,1,6,1,0,,autumn,0,0,0,0
615996827,25.05,22.33347,none,0.0,0.0,14.982228,28.8,33.4407,1006.4268,,2024-09-15 06:02:09.259353,2024-09-15 18:45:38.009302,763.4791658166666,0,0,1,6,1,0,,autumn,0,0,0,0
616006427,25.75,22.312819,none,0.0,0.0,13.392774,26.64,24.07074,1006.85,,2024-09-15 06:02:09.121410,2024-09-15 18:45:36.986423,763.4644168833333,0,0,1,6,1,0,,autumn,0,0,0,0
616186227,17.15,15.017607,none,0.0,0.0,9.107359,14.759999,50.733406,1011.3142,,2024-09-15 06:01:46.251054,2024-09-15 18:45:13.011489,763.44600725,0,1,0,6,1,0,,autumn,0,0,0,1
616102427,15.05,13.090109,none,0.0,0.0,8.0899935,13.32,58.404816,1009.35126,,2024-09-15 06:02:37.310765,2024-09-15 18:46:16.336442,763.65042795,0,1,0,6,1,0,,autumn,0,0,0,1
616077027,23.95,22.212896,none,0.0,0.0,8.39657,21.599998,36.20521,1007.7734,,2024-09-15 06:02:04.531165,2024-09-15 18:45:47.613257,763.7180348666666,0,0,1,6,1,0,,autumn,0,0,0,0
616465027,25.75,22.312819,none,0.0,0.0,13.392774,26.64,24.07074,1010.2969,,2024-09-15 06:02:14.029107,2024-09-15 18:45:46.867415,763.5473051333333,0,0,1,6,1,0,,autumn,0,0,0,0
616036627,22.1,20.190647,none,0.0,0.0,8.557102,16.56,38.872433,1006.7306,,2024-09-15 06:02:29.346479,2024-09-15 18:46:10.915910,763.6928238500001,0,0,1,6,1,0,,autumn,0,0,0,0
616370227,17.0,14.041767,none,0.0,0.0,14.689588,24.84,51.042088,1010.16425,,2024-09-15 06:01:55.760070,2024-09-15 18:45:27.399466,763.5273232666666,0,1,0,6,1,0,,autumn,0,0,0,1
616026027,24.75,21.709253,none,0.0,0.0,13.746156,30.599998,29.680077,1004.3429,,2024-09-15 06:04:51.996104,2024-09-15 18:47:40.591917,762.8099302166667,0,0,1,6,1,0,,autumn,0,0,0,0
616003827,24.35,22.369066,none,0.0,0.0,8.707237,23.039999,33.470806,1007.6824,,2024-09-15 06:01:34.857826,2024-09-15 18:45:17.358602,763.7083462666667,0,0,1,6,1,0,,autumn,0,0,0,0
617457627,21.8,20.144798,none,0.0,0.0,7.754637,15.4800005,41.101807,1009.01996,,2024-09-15 06:01:46.942917,2024-09-15 18:45:28.641292,763.6949729166666,0,0,1,6,1,0,,autumn,0,0,0,0
615995427,23.85,22.202213,none,0.0,0.0,12.10157,25.56,41.959824,1007.7326,,2024-09-15 06:03:04.542196,2024-09-15 18:46:47.310561,763.7128060833334,0,0,1,6,1,0,,autumn,0,0,0,0
616032227,25.1,22.172516,none,0.0,0.0,10.44,25.919998,25.731789,1000.59467,,2024-09-15 06:04:45.698964,2024-09-15 18:47:37.938133,762.8706528166666,0,0,1,6,1,0,,autumn,0,0,0,0
615947627,17.8,14.718872,none,0.0,0.0,14.57889,28.44,46.56524,1001.2611,,2024-09-15 06:03:23.377689,2024-09-15 18:46:47.302013,763.3987387333333,0,1,0,6,1,0,,autumn,0,0,0,1
616007427,19.2,17.147297,none,0.0,0.0,8.557102,13.32,44.606815,1007.4405,,2024-09-15 06:01:49.387791,2024-09-15 18:45:36.837732,763.79083235,0,1,0,6,1,0,,autumn,0,0,0,1
616056627,24.2,22.238228,none,0.0,0.0,9.504273,21.96,35.064575,1005.84625,,2024-09-15 06:02:48.162332,2024-09-15 18:46:34.513427,763.77251825,0,0,1,6,1,0,,autumn,0,0,0,0
616025627,25.75,22.505283,none,0.0,0.0,12.682018,26.28,24.84363,1011.6794,,2024-09-15 06:01:39.809342,2024-09-15 18:45:09.530691,763.4953558166667,0,0,1,6,1,0,,autumn,0,0,0,0
616041227,25.25,22.52925,none,0.0,0.0,10.799999,26.28,27.827377,1009.0367,,2024-09-15 06:03:38.136138,2024-09-15 18:47:17.664122,763.6587997333334,0,0,1,6,1,0,,autumn,0,0,0,0
616025027,16.05,13.930292,none,0.0,0.0,8.699793,14.4,53.664474,1004.37646,,2024-09-15 06:02:23.851322,2024-09-15 18:45:46.990502,763.3856529999999,0,1,0,6,1,0,,autumn,0,0,0,1
616123427,23.5,21.317974,none,0.0,0.0,10.931203,21.96,36.447857,1010.02234,,2024-09-16 06:04:44.437623,2024-09-16 18:43:46.686645,759.0374837,0,0,1,0,0,0,,autumn,0,0,0,0
616305227,23.7,21.60304,none,0.0,0.0,14.404499,28.08,40.400158,1010.0873,,2024-09-16 06:04:43.277212,2024-09-16 18:43:44.634977,759.0226294166666,0,0,1,0,0,0,,autumn,0,0,0,0
616151227,16.75,14.942337,none,0.0,0.0,9.693296,15.84,58.228603,1011.058,,2024-09-16 06:03:12.223987,2024-09-16 18:42:18.301526,759.1012923166667,0,1,0,0,0,0,,autumn,0,0,0,1
616143227,23.1,21.461988,none,0.0,0.0,9.422101,22.319998,40.639786,1008.339,,2024-09-16 06:04:35.804787,2024-09-16 18:43:46.557808,759.1792170166666,0,0,1,0,0,0,,autumn,0,0,0,0
616051827,19.45,18.939844,none,0.0,0.0,7.42159,17.64,61.47247,1009.0481,,2024-09-16 06:03:22.628523,2024-09-16 18:42:29.918923,759.1215066666666,0,0,1,0,0,0,,autumn,0,0,0,0
616055227,21.45,20.660177,none,0.0,0.0,9.007196,20.16,53.801083,1003.63586,,2024-09-16 06:04:35.179739,2024-09-16 18:43:31.099426,758.9319947833334,0,0,1,0,0,0,,autumn,0,0,0,0
616216027,23.65,21.861301,none,0.0,0.0,12.682018,25.56,41.20774,1007.8679,,2024-09-16 06:05:09.955293,2024-09-16 18:44:21.480182,759.1920814833334,0,0,1,0,0,0,,autumn,0,0,0,0
616157427,15.85,13.990944,none,0.0,0.0,8.905908,15.84,59.002388,1006.3489,,2024-09-16 06:05:17.799867,2024-09-16 18:44:06.941573,758.8190284333334,0,1,0,0,0,0,,autumn,0,0,0,1
616386427,20.0,19.395046,none,0.0,0.0,7.42159,12.24,58.24534,1007.40717,,2024-09-16 06:04:19.254000,2024-09-16 18:43:35.075935,759.2636989166666,0,0,1,0,0,0,,autumn,0,0,0,0
616137627,20.85,19.689507,none,0.0,0.0,7.5685663,13.679999,49.028606,1007.85486,,2024-09-16 06:03:57.229751,2024-09-16 18:42:47.743001,758.8418875000001,0,0,1,0,0,0,,autumn,0,0,0,0
616426427,17.25,15.849834,none,0.0,0.0,9.028754,12.959999,60.95918,1009.512,,2024-09-16 06:04:15.597980,2024-09-16 18:43:28.353941,759.21259935,0,1,0,0,0,0,,autumn,0,0,0,1
616425627,24.4,21.591562,none,0.0,0.0,12.849528,23.4,31.26414,1009.25116,,2024-09-16 06:04:12.108521,2024-09-16 18:43:23.498908,759.1898397833334,0,0,1,0,0,0,,autumn,0,0,0,0
616261627,16.75,14.724798,none,0.0,0.0,10.390226,17.28,56.47832,1010.68146,,2024-09-16 06:03:53.607301,2024-09-16 18:43:04.563491,759.1826031666666,0,1,0,0,0,0,,autumn,0,0,0,1
616240427,19.45,19.022585,none,0.0,0.0,7.072878,17.28,61.87895,1011.0462,,2024-09-16 06:03:15.239491,2024-09-16 18:42:17.740176,759.0416780833333,0,0,1,0,0,0,,autumn,0,0,0,0
616118027,24.5,22.210072,none,0.0,0.0,10.495713,20.519999,32.72061,1011.5863,,2024-09-16 06:03:36.138512,2024-09-16 18:42:34.106261,758.96612915,0,0,1,0,0,0,,autumn,0,0,0,0
616091427,23.95,21.448536,none,0.0,0.0,14.973576,28.44,38.09218,1009.65674,,2024-09-16 06:04:45.352812,2024-09-16 18:43:47.544169,759.0365226166667,0,0,1,0,0,0,,autumn,0,0,0,0
611775627,15.4,15.015526,none,0.0,0.0,10.105681,16.199999,87.87384,980.4078,,2024-08-02 04:38:21.223842,2024-08-02 20:32:10.412225,953.8198063833333,0,1,0,4,0,0,,summer,0,0,0,1
616099427,23.8,21.646727,none,0.0,0.0,13.698934,26.28,40.023045,1009.95984,,2024-09-16 06:04:32.199863,2024-09-16 18:43:44.138187,759.1989720666667,0,0,1,0,0,0,,autumn,0,0,0,0
616114627,23.45,21.678436,none,0.0,0.0,11.367109,25.56,41.289803,1008.086,,2024-09-16 06:03:16.332563,2024-09-16 18:42:27.022680,759.1781686166667,0,0,1,0,0,0,,autumn,0,0,0,0
616163227,14.45,13.082741,none,0.0,0.0,8.049845,14.759999,70.97191,1013.2577,,2024-09-16 06:04:58.372522,2024-09-16 18:44:09.517121,759.1857433166666,0,1,0,0,0,0,,autumn,0,0,0,1
616074627,22.85,21.885653,none,0.0,0.0,10.086427,21.96,48.7549,1004.691,,2024-09-16 06:05:07.628160,2024-09-16 18:44:11.462004,759.0638974,0,0,1,0,0,0,,autumn,0,0,0,0
616084027,23.1,21.838943,none,0.0,0.0,11.165805,21.96,46.612484,1009.22125,,2024-09-16 06:04:22.008310,2024-09-16 18:43:28.951564,759.1157208999999,0,0,1,0,0,0,,autumn,0,0,0,0
616097827,23.6,21.58951,none,0.0,0.0,13.004921,27.0,40.91812,1008.55835,,2024-09-16 06:03:56.405694,2024-09-16 18:43:03.548230,759.1190422666666,0,0,1,0,0,0,,autumn,0,0,0,0
616254027,23.1,21.543869,none,0.0,0.0,7.9526596,21.24,39.289776,1006.8875,,2024-09-16 06:04:27.351792,2024-09-16 18:43:17.552873,758.8366846833334,0,0,1,0,0,0,,autumn,0,0,0,0
616311027,16.9,16.101166,none,0.0,0.0,7.289444,15.119999,67.52419,1009.57025,,2024-09-16 06:03:58.193778,2024-09-16 18:42:53.377234,758.9197242666667,0,0,1,0,0,0,,autumn,0,0,0,0
616085827,16.8,16.012009,none,0.0,0.0,7.42159,15.84,68.40669,1008.37933,,2024-09-16 06:04:08.880919,2024-09-16 18:43:06.231822,758.9558483833333,0,0,1,0,0,0,,autumn,0,0,0,0
619830427,14.15,13.049219,none,0.0,0.0,7.172949,13.679999,74.83397,1010.82733,,2024-09-16 06:03:52.405988,2024-09-16 18:42:56.654644,759.0708109333334,0,0,1,0,0,0,,autumn,0,0,0,0
617084627,24.5,21.896997,none,0.0,0.0,12.074766,21.599998,31.944523,1012.04956,,2024-09-16 06:03:42.521840,2024-09-16 18:42:42.399414,758.9979595666666,0,0,1,0,0,0,,autumn,0,0,0,0
617565827,17.05,15.537703,none,0.0,0.0,8.209263,12.24,58.302456,1013.03796,,2024-09-16 06:04:03.695868,2024-09-16 18:43:07.691762,759.0665982333334,0,1,0,0,0,0,,autumn,0,0,0,1
616251227,16.75,14.942337,none,0.0,0.0,9.693296,15.84,58.228603,1009.0419,,2024-09-16 06:03:23.513090,2024-09-16 18:42:25.665407,759.03587195,0,1,0,0,0,0,,autumn,0,0,0,1
616094627,23.55,21.731281,none,0.0,0.0,12.979984,26.64,41.595974,1010.15906,,2024-09-16 06:04:11.429044,2024-09-16 18:43:23.768388,759.2056557333333,0,0,1,0,0,0,,autumn,0,0,0,0
616392027,14.2,13.1415825,none,0.0,0.0,7.172949,14.4,75.34545,1009.7318,,2024-09-16 06:03:35.782837,2024-09-16 18:42:50.386665,759.2433971333334,0,0,1,0,0,0,,autumn,0,0,0,0
616137427,23.0,21.983273,none,0.0,0.0,10.086427,21.24,47.837,1008.0559,,2024-09-16 06:04:45.129343,2024-09-16 18:43:56.586122,759.1909463166667,0,0,1,0,0,0,,autumn,0,0,0,0
617000427,21.5,20.789505,none,0.0,0.0,9.007196,19.44,54.528255,1010.6185,,2024-09-16 06:03:55.606408,2024-09-16 18:42:56.318655,759.0118707833334,0,0,1,0,0,0,,autumn,0,0,0,0
619114827,17.75,15.826851,none,0.0,0.0,9.0,16.199999,51.59426,1008.12866,,2024-09-16 06:04:05.434763,2024-09-16 18:42:55.567615,758.8355475333334,0,1,0,0,0,0,,autumn,0,0,0,1
616174827,16.65,15.177193,none,0.0,0.0,8.12197,11.879999,60.205486,1010.9739,,2024-09-16 06:04:14.242275,2024-09-16 18:43:18.100666,759.0643065166666,0,1,0,0,0,0,,autumn,0,0,0,1
616384627,23.5,22.196053,none,0.0,0.0,7.5942082,13.679999,40.343674,1012.04755,,2024-09-17 06:06:14.052988,2024-09-17 18:40:40.625741,754.4428792166667,0,0,1,1,0,0,,autumn,0,0,0,0
616223827,22.35,22.379585,none,0.0,0.0,7.24486,18.359999,56.931244,1015.2276,,2024-09-17 06:05:35.156403,2024-09-17 18:40:04.835039,754.4946439333332,0,0,1,1,0,0,,autumn,0,0,0,0
616300627,21.0,20.248678,none,0.0,0.0,6.9527545,9.36,52.27922,1014.7937,,2024-09-17 06:05:49.851980,2024-09-17 18:40:17.100923,754.45414905,0,0,1,1,0,0,,autumn,0,0,0,0
616419627,24.1,22.905247,none,0.0,0.0,6.28713,15.4800005,38.134716,1011.2764,,2024-09-17 06:06:53.989785,2024-09-17 18:41:24.646256,754.5109411833333,0,0,1,1,0,0,,autumn,0,0,0,0
616281027,24.2,22.881088,none,0.0,0.0,7.7879906,20.880001,38.810966,1010.4733,,2024-09-17 06:06:07.072684,2024-09-17 18:40:30.382906,754.3885037,0,0,1,1,0,0,,autumn,0,0,0,0
616298027,15.25,13.4033165,none,0.0,0.0,9.255571,12.24,62.365356,1013.2695,,2024-09-17 06:06:22.504753,2024-09-17 18:40:55.241707,754.5456159,0,1,0,1,0,0,,autumn,0,0,0,1
616425027,23.95,22.708511,none,0.0,0.0,9.793059,20.519999,42.979237,1012.1216,,2024-09-17 06:06:13.284391,2024-09-17 18:40:46.464219,754.5529971333333,0,0,1,1,0,0,,autumn,0,0,0,0
616448427,24.1,22.73537,none,0.0,0.0,6.3690495,15.4800005,36.61848,1011.2405,,2024-09-17 06:06:45.720537,2024-09-17 18:41:24.267447,754.6424485,0,0,1,1,0,0,,autumn,0,0,0,0
616218427,11.45,10.46355,none,0.0,0.0,7.072878,11.879999,91.41456,1011.57983,,2024-09-17 06:05:11.839695,2024-09-17 18:39:47.759105,754.5986568333334,0,1,0,1,0,0,,autumn,0,0,0,1
616187627,14.25,13.642822,none,0.0,0.0,7.2359104,13.32,83.26206,1011.26373,,2024-09-17 06:06:20.064143,2024-09-17 18:41:00.788599,754.6787409333334,0,0,1,1,0,0,,autumn,0,0,0,0
616208827,18.5,18.53504,none,0.0,0.0,6.162207,16.199999,70.111015,1012.5155,,2024-09-17 06:05:58.527332,2024-09-17 18:40:17.669620,754.3190381333334,0,0,1,1,0,0,,autumn,0,0,0,0
616296227,10.9,9.8849325,none,0.0,0.0,6.87779,10.440001,93.548546,1017.1858,,2024-09-17 06:05:32.711923,2024-09-17 18:39:55.534844,754.3803820166667,0,0,1,1,0,0,,autumn,0,0,0,0
616383027,18.85,17.272875,none,0.0,0.0,8.287822,15.84,51.363503,1011.4593,,2024-09-17 06:06:13.053277,2024-09-17 18:40:38.826123,754.4295474333334,1,0,0,1,0,0,,autumn,0,0,0,0
616189027,16.55,16.40846,none,0.0,0.0,6.12,14.4,76.48402,1012.501,,2024-09-17 06:06:10.169554,2024-09-17 18:40:43.252771,754.5513869499999,0,0,1,1,0,0,,autumn,0,0,0,0
616191627,16.6,16.40787,none,0.0,0.0,6.130579,14.759999,75.49382,1015.9604,,2024-09-17 06:05:31.729842,2024-09-17 18:39:56.594367,754.41440875,0,0,1,1,0,0,,autumn,0,0,0,0
616229627,23.95,22.636066,none,0.0,0.0,10.1887,22.319998,42.836365,1011.3283,,2024-09-17 06:06:34.881019,2024-09-17 18:41:00.754272,754.4312208833333,0,0,1,1,0,0,,autumn,0,0,0,0
616286027,17.25,15.530272,none,0.0,0.0,9.449572,12.959999,57.181614,1012.84796,,2024-09-17 06:06:04.481443,2024-09-17 18:40:37.684984,754.5533923500001,0,1,0,1,0,0,,autumn,0,0,0,1
616394627,18.9,17.80918,none,0.0,0.0,7.289445,7.92,55.698128,1014.7695,,2024-09-17 06:05:54.214144,2024-09-17 18:40:28.893099,754.5779825833334,0,1,0,1,0,0,,autumn,0,0,0,1
616243627,23.15,22.833864,none,0.0,0.0,8.854829,20.880001,52.15193,1011.0039,,2024-09-17 06:06:47.191284,2024-09-17 18:41:16.003217,754.4801988833333,0,0,1,1,0,0,,autumn,0,0,0,0
616273227,23.4,23.371513,none,0.0,0.0,3.671294,11.159999,47.629936,1013.74866,,2024-09-17 06:05:04.317899,2024-09-17 18:39:33.873793,754.4925982333333,0,0,1,1,0,0,,autumn,0,0,0,0
616188827,16.3,16.173435,none,0.0,0.0,6.130579,14.4,77.965836,1011.15424,,2024-09-17 06:06:31.811917,2024-09-17 18:41:10.538111,754.6454365666667,0,0,1,1,0,0,,autumn,0,0,0,0
618840027,23.45,22.151066,none,0.0,0.0,7.5599995,15.119999,40.465504,1017.0345,,2024-09-17 06:06:22.377269,2024-09-17 18:40:49.514893,754.4522937333334,0,0,1,1,0,0,,autumn,0,0,0,0
616204027,20.9,21.052746,none,0.0,0.0,6.28713,17.28,62.00771,1013.2831,,2024-09-17 06:05:14.379198,2024-09-17 18:39:44.471442,754.5015374,0,0,1,1,0,0,,autumn,0,0,0,0
616254227,24.25,22.781784,none,0.0,0.0,8.161764,20.519999,37.793095,1015.34644,,2024-09-17 06:05:55.434733,2024-09-17 18:40:24.570288,754.4855925833333,0,0,1,1,0,0,,autumn,0,0,0,0
616373427,23.15,22.608551,none,0.0,0.0,8.654986,20.519999,49.32092,1011.35254,,2024-09-17 06:06:15.518728,2024-09-17 18:40:33.231816,754.2952181333333,0,0,1,1,0,0,,autumn,0,0,0,0
616180627,12.1,11.011533,none,0.0,0.0,8.669949,13.679999,90.24707,1006.24164,,2024-09-17 06:06:27.675540,2024-09-17 18:40:46.707707,754.3172027833333,0,0,1,1,0,0,,autumn,0,0,0,0
616569827,24.3,22.792822,none,0.0,0.0,6.130579,15.84,34.500637,1009.7696,,2024-09-17 06:06:18.881138,2024-09-17 18:40:43.842502,754.4160227333334,0,0,1,1,0,0,,autumn,0,0,0,0
616223227,20.75,20.634281,none,0.0,0.0,7.42159,17.64,61.369644,1016.56573,,2024-09-17 06:05:54.375296,2024-09-17 18:40:19.490505,754.4185868166667,0,0,1,1,0,0,,autumn,0,0,0,0
616228027,18.8,18.736086,none,0.0,0.0,7.072878,16.56,69.25872,1012.63403,,2024-09-17 06:06:11.588013,2024-09-17 18:40:46.254634,754.5777770166666,0,0,1,1,0,0,,autumn,0,0,0,0
616272827,23.0,23.363665,none,0.0,0.0,3.5455887,12.24,52.627254,1010.3513,,2024-09-17 06:06:13.660967,2024-09-17 18:40:53.899847,754.6706479999999,0,0,1,1,0,0,,autumn,0,0,0,0
616206427,18.95,19.028622,none,0.0,0.0,5.3999996,15.4800005,67.28008,1011.8583,,2024-09-17 06:06:26.702033,2024-09-17 18:40:39.324979,754.2103824333334,0,0,1,1,0,0,,autumn,0,0,0,0
625549427,0.35,-3.5744216,none,0.0,8.0,11.362834,22.68,90.982,1001.8782,,2024-12-01 08:34:45.995172,2024-12-01 16:04:25.370620,449.65625746666666,0,1,0,6,1,0,,winter,1,0,0,1
616400827,23.15,22.312256,none,0.0,0.0,1.8,12.24,37.353203,1013.32227,,2024-09-18 06:08:07.139233,2024-09-18 18:38:04.755433,749.9602699999999,0,0,1,2,0,0,,autumn,0,0,0,0
616340827,13.7,12.769714,none,0.0,0.0,6.489992,12.24,78.35158,1013.11,,2024-09-18 06:08:09.443391,2024-09-18 18:37:54.753107,749.7551619333334,0,0,1,2,0,0,,autumn,0,0,0,0
616391427,22.8,21.619883,none,0.0,0.0,4.8433046,14.4,39.20458,1007.5534,,2024-09-18 06:09:40.091753,2024-09-18 18:39:49.331420,750.15399445,0,0,1,2,0,0,,autumn,0,0,0,0
616417027,22.75,21.718693,none,0.0,0.0,4.896529,14.04,40.953815,1007.025,,2024-09-18 06:09:33.547402,2024-09-18 18:39:44.234758,750.1781226,0,0,1,2,0,0,,autumn,0,0,0,0
616406827,22.55,22.41856,none,0.0,0.0,3.319036,8.64,48.513,1013.26074,,2024-09-18 06:07:00.321099,2024-09-18 18:36:55.689412,749.9228052166667,0,0,1,2,0,0,,autumn,0,0,0,0
616320627,16.4,16.573881,none,0.0,0.0,2.3051248,9.36,73.4967,1012.5607,,2024-09-18 06:08:17.743248,2024-09-18 18:38:21.205080,750.0576972,0,0,1,2,0,0,,autumn,0,0,0,0
616402427,22.5,23.534477,none,0.0,0.0,1.4399999,6.12,58.089664,1012.11,,2024-09-18 06:09:08.158053,2024-09-18 18:38:58.013034,749.8309163499999,0,0,1,2,0,0,,autumn,0,0,0,0
616419427,13.2,11.796383,none,0.0,0.0,7.928178,9.0,75.94183,1010.28577,,2024-09-18 06:07:14.248193,2024-09-18 18:37:13.977018,749.9954804166666,0,1,0,2,0,0,,autumn,0,0,0,1
616435827,13.6,13.015339,none,0.0,0.0,5.315336,10.440001,82.08476,1015.00684,,2024-09-18 06:07:38.042413,2024-09-18 18:37:34.059055,749.9336107,0,0,1,2,0,0,,autumn,0,0,0,0
616513427,19.1,18.883442,none,0.0,0.0,4.3349743,12.959999,60.78523,1018.1932,,2024-09-18 06:07:57.014698,2024-09-18 18:37:49.920576,749.8817646333333,0,0,1,2,0,0,,autumn,0,0,0,0
616355227,18.75,18.563377,none,0.0,0.0,4.0249224,12.959999,61.92248,1010.8395,,2024-09-18 06:08:12.989220,2024-09-18 18:37:57.162467,749.7362207833334,0,0,1,2,0,0,,autumn,0,0,0,0
617064427,22.2,21.282597,none,0.0,0.0,3.219938,4.32,40.9367,1011.5075,,2024-09-18 06:08:06.594296,2024-09-18 18:38:06.847994,750.0042283,0,0,1,2,0,0,,autumn,0,0,0,0
616757627,22.95,22.186764,none,0.0,0.0,3.5455887,14.04,40.052456,1010.9896,,2024-09-18 06:08:49.569245,2024-09-18 18:38:45.963411,749.9399027666666,0,0,1,2,0,0,,autumn,0,0,0,0
616429827,11.85,10.415358,none,0.0,0.0,6.696387,7.5599995,78.60315,1010.5872,,2024-09-18 06:08:47.746931,2024-09-18 18:38:51.671014,750.0654013833333,0,0,1,2,0,0,,autumn,0,0,0,0
616416627,20.3,19.472498,none,0.0,0.0,3.4152596,4.68,47.418266,1010.46277,,2024-09-18 06:07:11.130533,2024-09-18 18:37:10.274596,749.9857343833334,0,1,0,2,0,0,,autumn,0,0,0,1
617442227,23.0,22.378904,none,0.0,0.0,3.396233,14.759999,41.162926,1014.83514,,2024-09-18 06:07:11.255521,2024-09-18 18:37:05.763918,749.9084732833333,0,0,1,2,0,0,,autumn,0,0,0,0
616382627,23.2,22.229595,none,0.0,0.0,3.0547013,13.679999,37.75059,1013.7363,,2024-09-18 06:07:57.147840,2024-09-18 18:37:56.839923,749.99486805,0,0,1,2,0,0,,autumn,0,0,0,0
616330027,21.1,20.892324,none,0.0,0.0,4.6938257,14.4,54.42624,1015.9986,,2024-09-18 06:07:26.622984,2024-09-18 18:37:25.961109,749.98896875,0,0,1,2,0,0,,autumn,0,0,0,0
616424027,12.1,10.428231,none,0.0,0.0,8.766573,11.159999,78.640495,1010.999,,2024-09-18 06:08:00.949790,2024-09-18 18:37:57.894687,749.9490816166667,0,1,0,2,0,0,,autumn,0,0,0,1
616688827,22.7,22.002357,none,0.0,0.0,1.8,5.7599998,39.84633,1012.80347,,2024-09-18 06:07:52.019380,2024-09-18 18:37:53.963502,750.0324020333334,0,0,1,2,0,0,,autumn,0,0,0,0
616431027,23.05,22.070889,none,0.0,0.0,4.6938257,15.84,39.275593,1013.6725,,2024-09-18 06:08:35.452681,2024-09-18 18:38:29.958555,749.9084312333333,0,0,1,2,0,0,,autumn,0,0,0,0
616431427,16.65,16.355473,none,0.0,0.0,4.3498964,11.879999,69.752075,1012.93536,,2024-09-18 06:08:00.463014,2024-09-18 18:37:51.235987,749.8462162166667,0,0,1,2,0,0,,autumn,0,0,0,0
617264627,17.0,16.798618,none,0.0,0.0,4.0249224,11.5199995,68.90221,1016.55237,,2024-09-18 06:08:33.887700,2024-09-18 18:38:28.009801,749.9020350166667,0,0,1,2,0,0,,autumn,0,0,0,0
616907427,13.8,13.022482,none,0.0,0.0,6.0347,11.5199995,79.420494,1011.31647,,2024-09-18 06:08:12.065779,2024-09-18 18:38:04.296831,749.8705175333333,0,0,1,2,0,0,,autumn,0,0,0,0
616384027,22.9,22.108494,none,0.0,0.0,2.6208394,13.32,39.633835,1010.92474,,2024-09-18 06:08:09.621014,2024-09-18 18:38:13.876648,750.0709272333334,0,0,1,2,0,0,,autumn,0,0,0,0
616479827,16.5,16.54173,none,0.0,0.0,3.319036,11.5199995,73.2721,1014.2349,,2024-09-18 06:08:49.801650,2024-09-18 18:38:48.555510,749.9792309999999,0,0,1,2,0,0,,autumn,0,0,0,0
619805227,19.9,19.493801,none,0.0,0.0,6.489992,7.5599995,59.386387,1010.5331,,2024-09-18 06:08:03.021834,2024-09-18 18:37:52.751790,749.8288326,0,0,1,2,0,0,,autumn,0,0,0,0
616437427,23.1,22.319376,none,0.0,0.0,2.5455842,12.599999,39.15698,1011.98456,,2024-09-18 06:08:49.376716,2024-09-18 18:38:44.476487,749.9183295166666,0,0,1,2,0,0,,autumn,0,0,0,0
616415627,19.3,18.765343,none,0.0,0.0,1.1384199,2.8799999,49.942448,1015.91724,,2024-09-18 06:08:17.941004,2024-09-18 18:38:12.791539,749.9141755833333,0,1,0,2,0,0,,autumn,0,0,0,1
618609827,13.9,12.936871,none,0.0,0.0,6.519877,12.24,76.824715,1010.605,,2024-09-18 06:09:19.927214,2024-09-18 18:39:07.505200,749.7929664333333,0,0,1,2,0,0,,autumn,0,0,0,0
616410827,18.8,17.800104,none,0.0,0.0,6.5693827,11.159999,55.85965,1005.6408,,2024-09-18 06:09:33.952923,2024-09-18 18:39:44.357329,750.1734067666667,0,0,1,2,0,0,,autumn,0,0,0,0
616370027,23.05,22.127523,none,0.0,0.0,3.0758414,14.4,38.61553,1014.1933,,2024-09-18 06:08:08.362984,2024-09-18 18:38:01.688440,749.8887576,0,0,1,2,0,0,,autumn,0,0,0,0
616413227,20.3,19.472498,none,0.0,0.0,3.4152596,4.68,47.418266,1012.2226,,2024-09-18 06:07:22.022621,2024-09-18 18:37:21.464975,749.9907059,0,1,0,2,0,0,,autumn,0,0,0,1
616367427,23.05,22.151165,none,0.0,0.0,2.3051248,12.959999,37.707893,1012.44635,,2024-09-18 06:08:20.255513,2024-09-18 18:38:20.210732,749.99925365,0,0,1,2,0,0,,autumn,0,0,0,0
623326427,23.1,22.319376,none,0.0,0.0,2.5455842,12.599999,39.15698,1012.21716,,2024-09-18 06:08:59.174999,2024-09-18 18:39:00.193867,750.0169811333333,0,0,1,2,0,0,,autumn,0,0,0,0
616431827,19.55,18.48286,none,0.0,0.0,2.6208394,3.6,45.166027,1014.0603,,2024-09-18 06:07:40.046804,2024-09-18 18:37:35.253248,749.9201074,0,1,0,2,0,0,,autumn,0,0,0,1
616411227,22.3,21.905148,none,0.0,0.0,1.835647,5.7599998,44.120487,1009.9824,,2024-09-18 06:08:17.011796,2024-09-18 18:38:02.097263,749.75142445,0,0,1,2,0,0,,autumn,0,0,0,0
616432227,22.9,22.38027,none,0.0,0.0,3.0758414,14.4,41.83333,1012.49805,,2024-09-18 06:07:40.515572,2024-09-18 18:37:28.771794,749.8042703666667,0,0,1,2,0,0,,autumn,0,0,0,0
616371227,22.95,22.22639,none,0.0,0.0,2.968636,12.959999,40.73461,1008.5101,,2024-09-18 06:08:19.338508,2024-09-18 18:38:04.352573,749.7502344166667,0,0,1,2,0,0,,autumn,0,0,0,0
616495227,18.85,17.973568,none,0.0,0.0,9.826088,19.8,63.604206,1011.8167,,2024-09-19 06:10:39.415838,2024-09-19 18:36:05.461758,745.4340986666666,0,0,1,3,0,0,,autumn,0,0,0,0
616469427,19.15,18.077698,none,0.0,0.0,10.30883,21.96,60.79695,1006.4089,,2024-09-19 06:10:13.401119,2024-09-19 18:35:32.149523,745.3124733999999,0,0,1,3,0,0,,autumn,0,0,0,0
616469027,17.2,16.182486,none,0.0,0.0,8.891343,21.24,66.47401,1004.1797,,2024-09-19 06:11:26.073734,2024-09-19 18:36:59.793895,745.5620026833333,0,0,1,3,0,0,,autumn,0,0,0,0
616527227,18.55,16.509665,none,0.0,0.0,13.32,26.64,55.983963,1009.81335,,2024-09-19 06:10:27.547600,2024-09-19 18:35:48.793750,745.3541025,0,0,1,3,0,0,,autumn,0,0,0,0
616498427,21.0,19.366106,none,0.0,0.0,16.79314,30.239998,58.67982,1012.65,,2024-09-19 06:09:46.445635,2024-09-19 18:35:05.711829,745.3211032333334,0,0,1,3,0,0,,autumn,0,0,1,0
616531027,16.3,14.843239,none,0.0,0.0,9.227524,20.16,64.314026,1012.03796,,2024-09-19 06:09:55.682157,2024-09-19 18:35:17.132969,745.3575135333334,1,0,0,3,0,0,,autumn,0,0,0,0
616521027,21.15,19.549213,none,0.0,0.0,15.0038395,30.599998,55.527397,998.89984,,2024-09-19 06:10:17.823319,2024-09-19 18:35:32.928868,745.25175915,0,0,1,3,0,0,,autumn,0,0,1,0
616939627,13.75,12.315842,none,0.0,0.0,7.9526596,19.8,72.778404,1008.40485,,2024-09-19 06:09:52.664559,2024-09-19 18:35:18.162117,745.4249593000001,0,1,0,3,0,0,,autumn,0,0,0,1
616720227,21.3,19.619358,none,0.0,0.0,15.990646,30.239998,55.7483,1010.2076,,2024-09-19 06:09:44.919425,2024-09-19 18:35:00.575638,745.2609368833333,0,0,1,3,0,0,,autumn,0,0,1,0
616902827,19.55,18.422043,none,0.0,0.0,12.096214,23.039999,61.901917,1007.43274,,2024-09-19 06:10:25.210791,2024-09-19 18:35:44.671179,745.3243398,0,0,1,3,0,0,,autumn,0,0,0,0
617254627,14.5,12.042582,none,0.0,0.0,14.241629,22.68,67.478836,1009.418,,2024-09-19 06:10:03.563437,2024-09-19 18:35:19.814387,745.2708491666667,0,0,1,3,0,0,,autumn,0,0,0,0
616534827,18.1,16.335562,none,0.0,0.0,11.620809,22.319998,57.97382,1005.76263,,2024-09-19 06:10:37.479612,2024-09-19 18:36:04.447877,745.4494710833334,0,0,1,3,0,0,,autumn,0,0,0,0
616503227,10.8,9.004947,none,0.0,0.0,8.557102,11.879999,82.281975,1008.6809,,2024-09-19 06:09:33.538987,2024-09-19 18:34:48.143207,745.2434036666667,0,1,0,3,0,0,,autumn,0,0,0,1
616427227,11.85,9.53994,none,0.0,0.0,11.659777,19.08,75.460785,1006.7585,,2024-09-19 06:10:39.938882,2024-09-19 18:35:57.810935,745.29786755,0,0,1,3,0,0,,autumn,0,0,0,0
616543227,15.75,13.771217,none,0.0,0.0,12.429127,21.599998,65.722595,1007.48663,,2024-09-19 06:10:06.617211,2024-09-19 18:35:25.838199,745.3203498,0,1,0,3,0,0,,autumn,0,0,0,1
616530827,16.3,14.843239,none,0.0,0.0,9.227524,20.16,64.314026,1008.59076,,2024-09-19 06:10:00.828828,2024-09-19 18:35:23.105631,745.37128005,1,0,0,3,0,0,,autumn,0,0,0,0
616615027,21.0,19.366106,none,0.0,0.0,16.79314,30.239998,58.67982,1011.59503,,2024-09-19 06:09:55.621935,2024-09-19 18:35:15.282448,745.3276752166668,0,0,1,3,0,0,,autumn,0,0,1,0
616432027,14.25,12.134886,none,0.0,0.0,12.074766,18.72,69.04374,1011.5551,,2024-09-19 06:09:43.552300,2024-09-19 18:34:59.521788,745.2661581333334,0,0,1,3,0,0,,autumn,0,0,0,0
616427827,12.25,9.7899065,none,0.0,0.0,12.43434,21.599998,72.75162,1005.9733,,2024-09-19 06:11:24.304773,2024-09-19 18:36:57.640488,745.55559525,0,0,1,3,0,0,,autumn,0,0,0,0
616551627,18.6,16.610043,none,0.0,0.0,13.358861,25.56,56.562572,1008.1874,,2024-09-19 06:09:31.757297,2024-09-19 18:34:53.764617,745.3667886666666,0,0,1,3,0,0,,autumn,0,0,0,0
617502427,21.0,18.31589,none,0.0,0.0,17.727943,34.2,48.092274,1010.6958,,2024-09-19 06:09:30.096141,2024-09-19 18:34:53.772790,745.3946108166667,0,0,1,3,0,0,,autumn,0,0,1,0
617286827,16.25,14.6318035,none,0.0,0.0,10.239453,20.880001,64.30292,1009.2792,,2024-09-19 06:09:40.188116,2024-09-19 18:35:04.139275,745.3991859833333,0,1,0,3,0,0,,autumn,0,0,0,1
616510227,19.45,18.46584,none,0.0,0.0,12.229406,23.4,64.36796,1010.595,,2024-09-19 06:10:33.220502,2024-09-19 18:35:58.812178,745.4265279333333,0,0,1,3,0,0,,autumn,0,0,0,0
616591027,18.05,16.251469,none,0.0,0.0,12.144331,23.4,58.74382,1008.4859,,2024-09-19 06:09:59.752651,2024-09-19 18:35:26.558451,745.4467633333334,0,0,1,3,0,0,,autumn,0,0,0,0
616516627,20.45,17.989666,none,0.0,0.0,16.09969,32.039997,49.58206,1005.83484,,2024-09-19 06:10:05.578355,2024-09-19 18:35:36.669327,745.5181828666666,0,0,1,3,0,0,,autumn,0,0,1,0
616536027,18.5,16.702393,none,0.0,0.0,12.429127,24.119999,57.68505,1007.7299,,2024-09-19 06:09:06.956409,2024-09-19 18:34:29.177694,745.37035475,0,0,1,3,0,0,,autumn,0,0,0,0
616540827,16.5,14.529421,none,0.0,0.0,12.371645,24.48,62.652966,1008.7423,,2024-09-19 06:08:54.600853,2024-09-19 18:34:16.198450,745.35995995,0,1,0,3,0,0,,autumn,0,0,0,1
617134227,18.6,16.610043,none,0.0,0.0,13.358861,25.56,56.562572,1010.4254,,2024-09-19 06:09:57.106867,2024-09-19 18:35:17.060402,745.3325589166667,0,0,1,3,0,0,,autumn,0,0,0,0
619725227,18.4,16.497723,none,0.0,0.0,12.661564,24.119999,57.083847,1008.03735,,2024-09-19 06:09:58.551899,2024-09-19 18:35:20.839334,745.3714572499999,0,0,1,3,0,0,,autumn,0,0,0,0
616493227,17.6,16.477613,none,0.0,0.0,9.19939,19.44,63.95975,1008.11816,,2024-09-19 06:10:39.564865,2024-09-19 18:36:06.337474,745.44621015,0,0,1,3,0,0,,autumn,0,0,0,0
616600027,16.35,14.1342945,none,0.0,0.0,14.241629,24.84,63.68042,1008.9088,,2024-09-19 06:09:14.557025,2024-09-19 18:34:35.365295,745.3468045000001,0,1,0,3,0,0,,autumn,0,0,0,1
616539427,15.55,13.7205105,none,0.0,0.0,11.879999,20.519999,67.696846,1009.8726,,2024-09-19 06:09:45.952842,2024-09-19 18:35:01.558446,745.2600934,0,1,0,3,0,0,,autumn,0,0,0,1
616915027,14.5,12.042582,none,0.0,0.0,14.241629,22.68,67.478836,1010.8526,,2024-09-19 06:10:05.466809,2024-09-19 18:35:25.197276,745.3288411166667,0,0,1,3,0,0,,autumn,0,0,0,0
616510627,20.45,19.055887,none,0.0,0.0,15.379206,28.44,61.1,1006.9827,,2024-09-19 06:10:35.392715,2024-09-19 18:36:02.101605,745.4451481666667,0,0,1,3,0,0,,autumn,0,0,1,0
617292027,15.75,13.849716,none,0.0,0.0,11.609651,19.08,65.06261,1007.7034,,2024-09-19 06:09:56.131578,2024-09-19 18:35:20.091179,745.3993266833334,0,1,0,3,0,0,,autumn,0,0,0,1
616554027,16.15,14.192265,none,0.0,0.0,12.758432,21.24,65.15004,1006.4842,,2024-09-19 06:10:27.478437,2024-09-19 18:35:55.370076,745.46486065,0,1,0,3,0,0,,autumn,0,0,0,1
616549827,16.05,14.073431,none,0.0,0.0,12.413477,22.319998,64.47497,1014.2131,,2024-09-19 06:09:37.213704,2024-09-19 18:34:54.423847,745.2868357166666,0,0,1,3,0,0,,autumn,0,0,0,0
617264427,12.6,11.407245,none,0.0,0.0,7.5170207,12.599999,81.95709,1006.58325,,2024-09-20 06:12:33.348333,2024-09-20 18:33:26.094012,740.87909465,0,1,0,4,0,0,,autumn,0,0,0,1
616556027,12.7,11.214533,none,0.0,0.0,8.12197,15.84,77.413376,1004.817,,2024-09-20 06:13:29.102838,2024-09-20 18:34:03.622606,740.5753294666666,0,1,0,4,0,0,,autumn,0,0,0,1
616587227,17.65,15.911304,none,0.0,0.0,10.685391,23.4,58.057903,1007.22217,,2024-09-20 06:11:03.387247,2024-09-20 18:31:51.463712,740.8012744166666,0,0,1,4,0,0,,autumn,0,0,0,0
616575627,16.15,14.912025,none,0.0,0.0,8.891343,20.16,67.59436,1010.08453,,2024-09-20 06:11:44.424631,2024-09-20 18:32:35.220299,740.8465944666666,0,0,1,4,0,0,,autumn,0,0,0,0
616554827,14.0,12.602692,none,0.0,0.0,8.350138,13.32,73.31556,1011.2737,,2024-09-20 06:11:23.776833,2024-09-20 18:32:09.126877,740.7558340666667,0,1,0,4,0,0,,autumn,0,0,0,1
616643427,19.8,17.417713,none,0.0,0.0,13.18308,24.84,47.28062,1002.7342,,2024-09-20 06:12:00.188923,2024-09-20 18:32:43.821477,740.7272092333334,0,0,1,4,0,0,,autumn,0,0,0,0
616560427,9.9,8.455515,none,0.0,0.0,7.5685663,12.599999,92.24455,1004.7498,,2024-09-20 06:13:41.107393,2024-09-20 18:34:13.505343,740.5399658333333,0,0,1,4,0,0,,autumn,0,0,0,0
616652627,16.15,14.6712055,none,0.0,0.0,9.0,14.04,64.064995,1004.4355,,2024-09-20 06:11:43.464366,2024-09-20 18:32:25.793409,740.70548405,1,0,0,4,0,0,,autumn,0,0,0,0
616579827,16.15,14.867472,none,0.0,0.0,9.0,19.44,67.14401,1009.8468,,2024-09-20 06:11:59.545197,2024-09-20 18:32:46.893032,740.7891305833333,0,0,1,4,0,0,,autumn,0,0,0,0
616581027,16.15,14.912025,none,0.0,0.0,8.891343,20.16,67.59436,1008.54004,,2024-09-20 06:11:50.871032,2024-09-20 18:32:41.530036,740.8443167333334,0,0,1,4,0,0,,autumn,0,0,0,0
616651827,18.2,16.64675,none,0.0,0.0,10.365251,22.319998,57.998413,1006.8226,,2024-09-20 06:11:26.353561,2024-09-20 18:32:15.554277,740.8200119333334,0,0,1,4,0,0,,autumn,0,0,0,0
616654627,19.8,17.977335,none,0.0,0.0,10.514218,21.96,49.40639,1002.6042,,2024-09-20 06:13:55.242757,2024-09-20 18:34:36.696300,740.6908923833333,0,0,1,4,0,0,,autumn,0,0,0,0
616655827,15.2,13.838415,none,0.0,0.0,10.1376915,16.199999,72.797104,1002.1432,,2024-09-20 06:12:26.306172,2024-09-20 18:33:19.278349,740.8828696166668,0,1,0,4,0,0,,autumn,0,0,0,1
616598627,9.25,7.9219666,none,0.0,0.0,6.4096174,10.08,95.06355,1005.8091,,2024-09-20 06:12:08.983392,2024-09-20 18:32:54.142355,740.7526493833334,0,0,1,4,0,0,,autumn,0,0,0,0
616599227,17.6,15.763201,none,0.0,0.0,10.799999,22.68,57.076202,1007.08124,,2024-09-20 06:11:58.011444,2024-09-20 18:32:47.375475,740.82273385,0,0,1,4,0,0,,autumn,0,0,0,0
616675827,14.4,12.605957,none,0.0,0.0,13.1041975,21.96,76.64792,1005.3388,,2024-09-20 06:11:20.043560,2024-09-20 18:32:09.361854,740.8219715666667,0,1,0,4,0,0,,autumn,0,0,0,1
617243827,19.45,17.674099,none,0.0,0.0,11.792404,24.84,53.46249,1004.2258,,2024-09-20 06:12:45.372933,2024-09-20 18:33:36.402321,740.8504898,0,0,1,4,0,0,,autumn,0,0,0,0
616575027,11.85,10.366573,none,0.0,0.0,8.942214,16.199999,84.38103,1006.2973,,2024-09-20 06:12:19.061839,2024-09-20 18:33:11.823829,740.8793665,0,0,1,4,0,0,,autumn,0,0,0,0
616879627,19.8,17.484812,none,0.0,0.0,13.891522,25.199999,49.40639,1004.2683,,2024-09-20 06:11:53.728534,2024-09-20 18:32:43.462182,740.8288941333334,0,0,1,4,0,0,,autumn,0,0,0,0
617515027,20.25,18.016712,none,0.0,0.0,12.783802,24.84,47.08504,1005.9736,,2024-09-20 06:11:03.569033,2024-09-20 18:31:50.477337,740.7818050666666,0,0,1,4,0,0,,autumn,0,0,0,0
618082027,15.3,13.676275,none,0.0,0.0,10.661107,18.359999,69.25384,1002.58307,,2024-09-20 06:12:26.516481,2024-09-20 18:33:06.252524,740.6622673833333,0,1,0,4,0,0,,autumn,0,0,0,1
616598027,18.15,16.329283,none,0.0,0.0,11.246759,25.56,56.260082,1005.7855,,2024-09-20 06:12:39.257139,2024-09-20 18:33:31.875026,740.8769647833334,0,0,1,4,0,0,,autumn,0,0,0,0
616639027,19.85,17.919804,none,0.0,0.0,12.181624,24.48,50.940384,1005.6214,,2024-09-20 06:12:29.589896,2024-09-20 18:33:15.636232,740.7674389333333,0,0,1,4,0,0,,autumn,0,0,0,0
616559227,13.55,12.278421,none,0.0,0.0,7.771331,12.599999,76.255104,1006.7938,,2024-09-20 06:12:27.610942,2024-09-20 18:33:12.727508,740.7519427666666,0,1,0,4,0,0,,autumn,0,0,0,1
616593427,17.45,15.54533,none,0.0,0.0,10.990322,23.759998,57.03871,1008.8221,,2024-09-20 06:11:58.910710,2024-09-20 18:32:45.081585,740.7695145833334,0,0,1,4,0,0,,autumn,0,0,0,0
616649227,19.4,17.536987,none,0.0,0.0,10.883676,23.4,50.820156,1002.80316,,2024-09-20 06:12:42.509654,2024-09-20 18:33:26.616278,740.7351104,0,0,1,4,0,0,,autumn,0,0,0,0
616678227,19.15,17.705843,none,0.0,0.0,9.422101,23.759998,54.287853,1004.9743,,2024-09-20 06:12:59.248720,2024-09-20 18:33:42.722319,740.7245599833333,0,0,1,4,0,0,,autumn,0,0,0,0
616565827,9.6,8.259677,none,0.0,0.0,6.763786,12.24,93.80074,1010.1298,,2024-09-20 06:10:58.403801,2024-09-20 18:31:45.421345,740.7836257333333,0,0,1,4,0,0,,autumn,0,0,0,0
616554627,13.55,12.34322,none,0.0,0.0,7.5170207,11.5199995,76.769,1012.0899,,2024-09-20 06:12:05.973810,2024-09-20 18:32:53.904234,740.7988404,0,1,0,4,0,0,,autumn,0,0,0,1
616567427,11.85,10.477432,none,0.0,0.0,8.654987,16.56,85.81072,1012.4687,,2024-09-20 06:11:45.940250,2024-09-20 18:32:32.168947,740.7704782833333,0,0,1,4,0,0,,autumn,0,0,0,0
616661427,14.85,13.135084,none,0.0,0.0,11.966953,19.44,72.977394,1003.4822,,2024-09-20 06:12:18.644920,2024-09-20 18:33:05.808538,740.7860603,0,1,0,4,0,0,,autumn,0,0,0,1
616642627,19.9,17.909767,none,0.0,0.0,12.031756,24.48,49.767807,1004.3409,,2024-09-20 06:11:59.745071,2024-09-20 18:32:43.912872,740.7361300166667,0,0,1,4,0,0,,autumn,0,0,0,0
616647027,20.25,17.78308,none,0.0,0.0,13.324863,25.199999,45.20783,1001.97754,,2024-09-20 06:12:21.257750,2024-09-20 18:33:06.057613,740.7466643833334,0,0,1,4,0,0,,autumn,0,0,0,0
616650627,19.55,17.6096,none,0.0,0.0,12.7279215,24.119999,52.776173,1004.01794,,2024-09-20 06:12:14.789811,2024-09-20 18:33:05.600365,740.8468425666667,0,0,1,4,0,0,,autumn,0,0,0,0
617259827,20.0,17.942028,none,0.0,0.0,12.682018,24.48,49.79476,1009.9816,,2024-09-20 06:11:40.830341,2024-09-20 18:32:26.530485,740.7616690666667,0,0,1,4,0,0,,autumn,0,0,0,0
616654027,19.7,17.435024,none,0.0,0.0,13.18308,25.199999,49.046783,1008.2205,,2024-09-20 06:12:12.301197,2024-09-20 18:32:59.448045,740.7857808,0,0,1,4,0,0,,autumn,0,0,0,0
616651427,16.35,14.839508,none,0.0,0.0,10.661107,18.0,66.51582,1006.38055,,2024-09-20 06:11:44.863025,2024-09-20 18:32:36.124266,740.8543540166667,1,0,0,4,0,0,,autumn,0,0,0,0
616657427,17.9,16.622042,none,0.0,0.0,9.360001,20.16,60.90814,1005.78564,,2024-09-20 06:13:19.775625,2024-09-20 18:34:06.841322,740.7844282833333,0,0,1,4,0,0,,autumn,0,0,0,0
616640427,19.6,17.707104,none,0.0,0.0,11.457958,25.919998,50.873627,1006.3106,,2024-09-20 06:11:50.550877,2024-09-20 18:32:35.435523,740.7480774333333,0,0,1,4,0,0,,autumn,0,0,0,0
616758427,20.7,18.11074,none,0.0,0.0,17.462784,35.28,49.649437,998.13513,,2024-09-21 06:13:40.204846,2024-09-21 18:29:57.424326,736.2869913333333,0,0,1,5,1,0,,autumn,0,0,1,0
616773827,16.15,13.40555,none,0.0,0.0,18.440998,30.960001,65.808815,992.1268,,2024-09-21 06:14:07.571633,2024-09-21 18:30:19.070006,736.19163955,0,1,0,5,1,0,,autumn,0,0,1,1
616743827,21.2,18.4708,none,0.0,0.0,20.617662,35.64,51.813034,1002.37225,,2024-09-21 06:13:26.391627,2024-09-21 18:29:38.249879,736.1976375333332,0,0,1,5,1,0,,autumn,0,0,1,0
616734027,21.05,18.574099,none,0.0,0.0,19.296133,37.079998,52.99113,998.44476,,2024-09-21 06:12:55.366182,2024-09-21 18:29:09.719744,736.2392260333332,0,0,1,5,1,0,,autumn,0,0,1,0
616978027,14.4,11.887474,none,0.0,0.0,16.279802,28.8,72.165665,996.1347,,2024-09-21 06:14:02.104157,2024-09-21 18:30:19.468451,736.2894049,0,1,0,5,1,0,,autumn,0,0,1,1
616711027,18.0,16.146648,none,0.0,0.0,16.854767,33.839996,67.7502,999.61786,,2024-09-21 06:14:22.298852,2024-09-21 18:30:39.159745,736.2810148833333,0,0,1,5,1,0,,autumn,0,0,1,0
616769027,19.3,16.869093,none,0.0,0.0,17.163355,32.760002,55.6133,992.341,,2024-09-21 06:14:13.531677,2024-09-21 18:30:24.723103,736.1865237666666,0,0,1,5,1,0,,autumn,0,0,1,0
616837027,15.45,12.817074,none,0.0,0.0,17.581125,29.88,68.590675,996.8358,,2024-09-21 06:13:37.624669,2024-09-21 18:29:46.444255,736.1469930999999,0,1,0,5,1,0,,autumn,0,0,1,1
616826227,13.3,11.453738,none,0.0,0.0,13.363711,22.319998,82.04661,1005.04083,,2024-09-21 06:13:36.056814,2024-09-21 18:29:46.619539,736.1760454166667,0,1,0,5,1,0,,autumn,0,0,0,1
616870027,19.35,17.577448,none,0.0,0.0,16.516901,35.28,62.6764,1003.784,,2024-09-21 06:12:30.738635,2024-09-21 18:28:43.095854,736.20595365,0,0,1,5,1,0,,autumn,0,0,1,0
616919627,12.95,11.2818985,none,0.0,0.0,13.358861,23.039999,87.364174,1005.25385,,2024-09-21 06:13:37.114142,2024-09-21 18:29:48.798691,736.1947424833332,0,0,1,5,1,0,,autumn,0,0,0,0
616940227,20.5,18.391806,none,0.0,0.0,17.727943,34.92,56.473286,999.8285,,2024-09-21 06:13:41.528184,2024-09-21 18:29:58.130856,736.2767112,0,0,1,5,1,0,,autumn,0,0,1,0
619006027,21.0,18.086388,none,0.0,0.0,19.493261,35.28,48.41599,1001.841,,2024-09-21 06:13:58.340987,2024-09-21 18:30:12.046038,736.2284175166666,0,0,1,5,1,0,,autumn,0,0,1,0
618861227,21.2,18.485357,none,0.0,0.0,18.03237,34.56,47.66499,988.1251,,2024-09-21 06:14:19.114204,2024-09-21 18:30:28.737900,736.1603949333334,0,0,1,5,1,0,,autumn,0,0,1,0
617051027,13.5,10.997016,none,0.0,0.0,15.281989,29.88,73.97116,998.7737,,2024-09-21 06:13:53.605163,2024-09-21 18:30:10.289667,736.2780750666666,0,1,0,5,1,0,,autumn,0,0,1,1
616697427,12.8,11.373146,none,0.0,0.0,12.015589,21.599998,89.10847,1006.28125,,2024-09-21 06:14:54.489792,2024-09-21 18:31:09.407022,736.2486205,0,0,1,5,1,0,,autumn,0,0,0,0
616779427,13.85,11.45941,none,0.0,0.0,15.349684,28.44,74.53196,1002.5958,,2024-09-21 06:13:41.682875,2024-09-21 18:29:55.194842,736.22519945,0,1,0,5,1,0,,autumn,0,0,1,1
616934027,21.0,18.54773,none,0.0,0.0,19.13426,35.28,53.15414,998.17596,,2024-09-21 06:13:36.687869,2024-09-21 18:29:47.438272,736.1791733833333,0,0,1,5,1,0,,autumn,0,0,1,0
617378227,21.55,18.684055,none,0.0,0.0,19.164719,35.64,46.810486,999.8144,,2024-09-21 06:12:51.705799,2024-09-21 18:29:03.695364,736.1998260833334,0,0,1,5,1,0,,autumn,0,0,1,0
619998827,13.35,11.64096,none,0.0,0.0,12.72283,21.96,82.602,1004.98785,,2024-09-21 06:12:57.002666,2024-09-21 18:29:09.788518,736.2130975333333,0,1,0,5,1,0,,autumn,0,0,0,1
616772027,17.8,15.556564,none,0.0,0.0,16.279802,29.16,61.90925,996.28955,,2024-09-21 06:13:50.150424,2024-09-21 18:30:00.098431,736.1658001166667,0,1,0,5,1,0,,autumn,0,0,1,1
617061827,16.8,14.396479,none,0.0,0.0,17.782688,30.960001,66.833084,998.8365,,2024-09-21 06:13:40.422843,2024-09-21 18:29:56.909801,736.2747826333333,0,1,0,5,1,0,,autumn,0,0,1,1
616770027,17.65,15.404469,none,0.0,0.0,16.394829,27.72,62.70572,996.64795,,2024-09-21 06:13:43.209505,2024-09-21 18:29:57.742737,736.2422205333334,1,0,0,5,1,0,,autumn,0,0,1,0
616747627,20.85,18.52427,none,0.0,0.0,18.792551,34.2,54.54259,1002.83,,2024-09-21 06:13:22.820326,2024-09-21 18:29:34.558427,736.1956350166668,0,0,1,5,1,0,,autumn,0,0,1,0
616765627,21.0,17.981665,none,0.0,0.0,20.211363,35.64,48.41599,999.7372,,2024-09-21 06:13:28.259430,2024-09-21 18:29:41.615585,736.2226025833334,0,0,1,5,1,0,,autumn,0,0,1,0
616724027,19.5,18.124027,none,0.0,0.0,14.689589,32.399998,63.74867,998.354,,2024-09-21 06:14:57.117994,2024-09-21 18:31:07.396397,736.1713067166667,0,0,1,5,1,0,,autumn,0,0,0,0
616775027,14.7,12.139051,none,0.0,0.0,16.992609,30.599998,71.73829,998.1803,,2024-09-21 06:13:41.531938,2024-09-21 18:29:56.985522,736.2575597333333,0,1,0,5,1,0,,autumn,0,0,1,1
616769427,16.75,14.379486,none,0.0,0.0,17.25373,28.44,66.37878,996.80334,,2024-09-21 06:14:20.270422,2024-09-21 18:30:35.365386,736.2515827333334,0,1,0,5,1,0,,autumn,0,0,1,1
616670227,13.05,11.465262,none,0.0,0.0,11.770403,19.08,83.95426,1006.0043,,2024-09-21 06:14:05.701903,2024-09-21 18:30:19.233759,736.2255309333334,0,1,0,5,1,0,,autumn,0,0,0,1
616798427,19.0,17.576462,none,0.0,0.0,14.345898,31.319998,64.480995,999.1217,,2024-09-21 06:16:05.945680,2024-09-21 18:32:18.713313,736.2127938833333,0,0,1,5,1,0,,autumn,0,0,0,0
618352627,17.8,16.827213,none,0.0,0.0,12.7279215,28.44,72.54612,999.62665,,2024-09-21 06:14:48.704621,2024-09-21 18:30:52.422045,736.0619570666667,0,0,1,5,1,0,,autumn,0,0,0,0
616810227,12.7,9.325491,none,0.0,0.0,10.829959,25.56,48.123474,1004.74414,,2024-09-22 06:15:35.188319,2024-09-22 18:27:17.028247,731.6973321333334,0,0,1,6,1,0,,autumn,0,0,0,0
616813027,12.95,9.952455,none,0.0,0.0,8.669949,22.68,48.53793,1001.6348,,2024-09-22 06:16:26.817696,2024-09-22 18:28:01.988530,731.5861805666666,0,0,1,6,1,0,,autumn,0,0,0,0
616842027,13.75,10.301836,none,0.0,0.0,10.685391,23.759998,43.204987,1005.2079,,2024-09-22 06:15:53.466652,2024-09-22 18:27:32.518593,731.6508656833333,0,0,1,6,1,0,,autumn,0,0,0,0
616833027,12.9,9.697185,none,0.0,0.0,7.771331,18.72,42.18954,999.71356,,2024-09-22 06:17:23.275377,2024-09-22 18:28:59.467465,731.6032014666667,0,0,1,6,1,0,,autumn,0,0,0,0
616891227,13.25,9.262246,none,0.0,0.0,10.703569,21.599998,34.479115,1002.95306,,2024-09-22 06:16:06.642327,2024-09-22 18:27:46.693756,731.6675238166666,0,0,1,6,1,0,,autumn,0,0,0,0
616941027,13.25,9.262246,none,0.0,0.0,10.703569,21.599998,34.479115,1004.26514,,2024-09-22 06:15:47.760723,2024-09-22 18:27:27.250127,731.6581567333334,0,0,1,6,1,0,,autumn,0,0,0,0
616907227,11.05,7.650687,none,0.0,0.0,12.24,27.359999,57.60382,1004.6427,,2024-09-22 06:15:33.798182,2024-09-22 18:27:14.660089,731.6810317833333,0,0,1,6,1,0,,autumn,0,0,0,0
616807227,12.75,9.557386,none,0.0,0.0,9.885262,24.48,48.828434,1001.62036,,2024-09-22 06:16:23.752377,2024-09-22 18:28:01.670756,731.6319729833334,0,0,1,6,1,0,,autumn,0,0,0,0
616947227,13.25,9.262246,none,0.0,0.0,10.703569,21.599998,34.479115,1001.5235,,2024-09-22 06:15:49.880912,2024-09-22 18:27:30.090293,731.67015635,0,0,1,6,1,0,,autumn,0,0,0,0
617058227,13.75,10.301836,none,0.0,0.0,10.685391,23.759998,43.204987,1002.23035,,2024-09-22 06:15:43.652352,2024-09-22 18:27:23.999701,731.6724558166667,0,0,1,6,1,0,,autumn,0,0,0,0
617295827,13.25,9.262246,none,0.0,0.0,10.703569,21.599998,34.479115,1001.04767,,2024-09-22 06:15:48.072240,2024-09-22 18:27:29.051591,731.6829891833333,0,0,1,6,1,0,,autumn,0,0,0,0
616836027,11.75,8.704311,none,0.0,0.0,6.162207,19.08,43.88111,1004.7514,,2024-09-22 06:15:08.492377,2024-09-22 18:26:47.112756,731.6436729833333,0,0,1,6,1,0,,autumn,0,0,0,0
616830827,13.2,9.324883,none,0.0,0.0,10.495713,21.96,36.153667,1000.44965,,2024-09-22 06:15:56.475576,2024-09-22 18:27:34.944725,731.6411524833333,0,0,1,6,1,0,,autumn,0,0,0,0
617221827,10.9,7.891224,none,0.0,0.0,5.8048253,18.359999,46.085327,1001.9123,,2024-09-22 06:15:39.080131,2024-09-22 18:27:19.796956,731.6786137500001,0,0,1,6,1,0,,autumn,0,0,0,0
616830627,13.5,9.631872,none,0.0,0.0,10.495713,23.759998,35.584126,1003.92267,,2024-09-22 06:15:36.644119,2024-09-22 18:27:18.423282,731.6963193833333,0,0,1,6,1,0,,autumn,0,0,0,0
616834427,10.05,6.673731,none,0.0,0.0,12.599999,26.28,63.336273,1005.9329,,2024-09-22 06:16:51.508311,2024-09-22 18:28:31.671928,731.6693936166666,0,0,1,6,1,0,,autumn,0,0,0,0
616801627,12.15,8.790729,none,0.0,0.0,11.212135,25.56,51.334324,1004.30743,,2024-09-22 06:16:15.019426,2024-09-22 18:27:54.082467,731.6510506833333,0,0,1,6,1,0,,autumn,0,0,0,0
616908027,9.0,5.750946,none,0.0,0.0,6.8399997,10.799999,50.096355,1003.4017,,2024-09-22 06:15:47.104541,2024-09-22 18:27:28.610045,731.6917584,0,1,0,6,1,0,,autumn,0,0,0,1
616783627,12.2,10.042873,none,0.0,0.0,12.7279215,23.039999,79.99558,1002.7244,,2024-09-22 06:15:18.828384,2024-09-22 18:26:57.002887,731.6362417166667,0,1,0,6,1,0,,autumn,0,0,0,1
616827627,12.05,8.9201765,none,0.0,0.0,10.1376915,25.199999,53.16162,1004.18115,,2024-09-22 06:16:43.375215,2024-09-22 18:28:23.395190,731.6669995833333,0,0,1,6,1,0,,autumn,0,0,0,0
616907827,12.45,9.758264,none,0.0,0.0,5.154415,16.919998,46.030758,998.7338,,2024-09-23 06:19:24.657025,2024-09-23 18:26:31.438037,727.1130168666666,0,0,1,0,0,0,,autumn,0,0,0,0
616997827,8.5,6.02034,none,0.0,0.0,6.9153743,10.799999,72.05305,1007.11774,,2024-09-23 06:18:06.119275,2024-09-23 18:25:11.258567,727.0856548666667,0,1,0,0,0,0,,autumn,0,0,0,1
616949427,8.2,5.279642,none,0.0,0.0,8.891343,11.5199995,69.49736,1000.445,,2024-09-23 06:17:56.525022,2024-09-23 18:25:02.911421,727.1064399833334,0,1,0,0,0,0,,autumn,0,0,0,1
616949827,9.3,6.5812445,none,0.0,0.0,7.8954163,11.159999,65.90251,1004.15466,,2024-09-23 06:17:48.992400,2024-09-23 18:24:54.320713,727.0888052166666,0,1,0,0,0,0,,autumn,0,0,0,1
616984827,13.35,10.662841,none,0.0,0.0,4.8965297,16.919998,42.780254,1002.9717,,2024-09-23 06:17:15.608680,2024-09-23 18:24:19.632409,727.06706215,0,0,1,0,0,0,,autumn,0,0,0,0
616941427,14.5,11.858177,none,0.0,0.0,5.8048253,16.199999,42.807037,1001.69995,,2024-09-23 06:18:23.985446,2024-09-23 18:25:28.765881,727.0796739166667,0,0,1,0,0,0,,autumn,0,0,0,0
617220827,5.25,3.151228,none,0.0,0.0,3.319036,8.64,85.40462,1004.6183,,2024-09-23 06:17:36.351939,2024-09-23 18:24:42.727056,727.10625195,0,0,1,0,0,0,,autumn,0,0,0,0
617448427,11.2,8.938242,none,0.0,0.0,7.0911775,7.92,65.40128,1004.8042,,2024-09-23 06:17:24.476465,2024-09-23 18:24:30.009026,727.09220935,0,0,1,0,0,0,,autumn,0,0,0,0
616898627,8.5,6.5095463,none,0.0,0.0,3.096837,10.799999,70.298584,1001.7682,,2024-09-23 06:18:00.433200,2024-09-23 18:25:07.146366,727.1118861,0,0,1,0,0,0,,autumn,0,0,0,0
616923027,13.3,10.612428,none,0.0,0.0,4.8433046,17.28,42.76573,1009.2845,,2024-09-23 06:17:10.002707,2024-09-23 18:24:14.483168,727.07467435,0,0,1,0,0,0,,autumn,0,0,0,0
616933427,13.75,10.967332,none,0.0,0.0,5.495161,16.919998,41.53155,1006.5981,,2024-09-23 06:17:24.307348,2024-09-23 18:24:29.717356,727.0901668,0,0,1,0,0,0,,autumn,0,0,0,0
616939827,15.0,12.278807,none,0.0,0.0,5.4119864,14.04,39.142735,1001.7573,,2024-09-23 06:17:41.223446,2024-09-23 18:24:45.660492,727.0739507666666,0,0,1,0,0,0,,autumn,0,0,0,0
616959027,8.55,5.8203077,none,0.0,0.0,8.4963045,10.440001,71.30613,999.0241,,2024-09-23 06:17:48.565503,2024-09-23 18:24:52.009306,727.0573967166667,0,1,0,0,0,0,,autumn,0,0,0,1
617152827,14.15,11.765198,none,0.0,0.0,5.0911684,12.959999,46.514626,1000.35504,,2024-09-23 06:18:26.292469,2024-09-23 18:25:30.647777,727.0725884666666,0,0,1,0,0,0,,autumn,0,0,0,0
616939427,11.85,9.460216,none,0.0,0.0,7.968939,11.879999,62.65077,1005.22687,,2024-09-23 06:18:09.814146,2024-09-23 18:25:14.851381,727.0839539166667,0,0,1,0,0,0,,autumn,0,0,0,0
616856627,4.95,1.8934302,none,0.0,0.0,8.707237,10.799999,81.51501,1000.4536,,2024-09-23 06:17:56.367360,2024-09-23 18:25:02.740400,727.1062173333333,0,1,0,0,0,0,,autumn,0,0,0,1
617061027,12.2,9.430332,none,0.0,0.0,5.8603754,17.28,47.299557,996.3899,,2024-09-23 06:18:00.470063,2024-09-23 18:25:04.398557,727.0654749,0,0,1,0,0,0,,autumn,0,0,0,0
616942027,9.65,6.800276,none,0.0,0.0,8.217153,11.5199995,62.354008,1004.78217,,2024-09-23 06:16:50.839686,2024-09-23 18:23:56.054927,727.0869206833333,0,1,0,0,0,0,,autumn,0,0,0,1
617194827,13.8,11.099893,none,0.0,0.0,5.154415,16.919998,41.996708,1002.80865,,2024-09-23 06:18:18.047304,2024-09-23 18:25:22.885610,727.0806384333333,0,0,1,0,0,0,,autumn,0,0,0,0
617144027,15.0,12.369217,none,0.0,0.0,4.73506,12.959999,39.00242,1002.9616,,2024-09-23 06:18:17.234155,2024-09-23 18:25:22.096039,727.0810313999999,0,0,1,0,0,0,,autumn,0,0,0,0
618377427,9.95,7.1684847,none,0.0,0.0,8.587338,10.08,63.986633,1002.79456,,2024-09-23 06:17:30.391634,2024-09-23 18:24:34.402102,727.0668411333334,0,1,0,0,0,0,,autumn,0,0,0,1
616945027,12.1,9.689217,none,0.0,0.0,7.968939,12.24,61.199615,1007.5035,,2024-09-23 06:17:28.454333,2024-09-23 18:24:33.160960,727.0784437833333,1,0,0,0,0,0,,autumn,0,0,0,0
617256027,14.0,11.27341,none,0.0,0.0,10.787993,22.68,55.776375,1001.1674,,2024-09-24 06:19:53.912777,2024-09-24 18:22:24.375726,722.5077158166666,0,0,1,1,0,0,,autumn,0,0,0,0
617088627,14.1,10.907922,none,0.0,0.0,12.758432,21.24,52.22851,1001.58856,,2024-09-24 06:19:16.858616,2024-09-24 18:21:47.542481,722.51139775,0,1,0,1,0,0,,autumn,0,0,0,1
617093227,12.75,9.668817,none,0.0,0.0,11.928989,21.24,56.829258,1000.2626,,2024-09-24 06:20:40.740249,2024-09-24 18:23:11.587265,722.5141169333333,0,1,0,1,0,0,,autumn,0,0,0,1
617092427,15.25,12.315102,none,0.0,0.0,11.27553,17.64,49.17741,1003.0864,,2024-09-24 06:19:28.948680,2024-09-24 18:21:59.774725,722.5137674166667,1,0,0,1,0,0,,autumn,0,0,0,0
616984027,7.3,4.677314,none,0.0,0.0,7.8954163,14.04,78.18148,1000.3063,,2024-09-24 06:20:29.266689,2024-09-24 18:22:59.926992,722.51100505,0,0,1,1,0,0,,autumn,0,0,0,0
617128227,16.5,13.067089,none,0.0,0.0,14.759999,28.08,45.56094,1002.9863,,2024-09-24 06:19:58.245366,2024-09-24 18:22:28.802518,722.5092858666667,0,0,1,1,0,0,,autumn,0,0,0,0
617105427,13.25,9.894759,none,0.0,0.0,13.324863,21.599998,53.670235,1002.91785,,2024-09-24 06:19:24.686256,2024-09-24 18:21:55.807575,722.51868865,0,1,0,1,0,0,,autumn,0,0,0,1
617053827,18.55,15.206963,none,0.0,0.0,13.441071,26.28,38.65759,1002.7476,,2024-09-24 06:19:40.401037,2024-09-24 18:22:10.975406,722.5095728166667,0,0,1,1,0,0,,autumn,0,0,0,0
617082427,14.1,10.907922,none,0.0,0.0,12.758432,21.24,52.22851,1002.895,,2024-09-24 06:19:22.621560,2024-09-24 18:21:53.230974,722.5101569,0,1,0,1,0,0,,autumn,0,0,0,1
616999227,14.4,11.5460205,none,0.0,0.0,11.440979,24.48,53.787033,1004.04565,,2024-09-24 06:19:41.866541,2024-09-24 18:22:12.456792,722.5098375166667,0,0,1,1,0,0,,autumn,0,0,0,0
617036627,17.6,13.8295555,none,0.0,0.0,16.23596,30.599998,40.748447,1002.90344,,2024-09-24 06:20:04.332981,2024-09-24 18:22:34.991110,722.5109688166667,0,0,1,1,0,0,,autumn,0,0,1,0
616975027,7.05,4.232458,none,0.0,0.0,8.12197,14.4,74.89965,1003.81146,,2024-09-24 06:20:29.395230,2024-09-24 18:22:59.896126,722.5083482666666,0,1,0,1,0,0,,autumn,0,0,0,1
617155027,12.4,9.871086,none,0.0,0.0,8.707237,19.8,59.795887,1005.90497,,2024-09-24 06:20:35.153523,2024-09-24 18:23:05.733578,722.5096675833333,0,0,1,1,0,0,,autumn,0,0,0,0
617006827,12.65,9.727363,none,0.0,0.0,10.495713,21.599998,56.20987,1002.31116,,2024-09-24 06:19:37.263323,2024-09-24 18:22:08.408232,722.5190818166667,0,0,1,1,0,0,,autumn,0,0,0,0
617557827,16.85,13.141031,none,0.0,0.0,15.815435,29.519999,42.72764,1004.2863,,2024-09-24 06:19:49.546994,2024-09-24 18:22:20.153667,722.5101112166667,0,0,1,1,0,0,,autumn,0,0,1,0
617089427,14.25,11.064417,none,0.0,0.0,12.57426,19.44,51.36312,1001.8361,,2024-09-24 06:19:52.526664,2024-09-24 18:22:23.132907,722.51010405,0,1,0,1,0,0,,autumn,0,0,0,1
617163427,13.35,10.346004,none,0.0,0.0,11.609651,19.08,55.221336,999.3985,,2024-09-24 06:20:13.486639,2024-09-24 18:22:43.953055,722.5077736000001,0,1,0,1,0,0,,autumn,0,0,0,1
617091027,13.95,10.713668,none,0.0,0.0,12.783802,20.880001,52.005722,998.47626,,2024-09-24 06:19:39.135885,2024-09-24 18:22:10.159053,722.5170528,0,1,0,1,0,0,,autumn,0,0,0,1
617126227,18.05,15.008577,none,0.0,0.0,11.720751,24.84,40.593315,1003.59357,,2024-09-24 06:19:38.855962,2024-09-24 18:22:09.681789,722.5137637833334,0,0,1,1,0,0,,autumn,0,0,0,0
616989227,7.4,4.1053467,none,0.0,0.0,10.829959,18.359999,70.83016,1003.815,,2024-09-24 06:19:26.923610,2024-09-24 18:21:57.999878,722.5179377999999,0,0,1,1,0,0,,autumn,0,0,0,0
617032027,18.15,14.509869,none,0.0,0.0,15.137133,31.68,38.950203,1004.6803,,2024-09-24 06:19:04.974112,2024-09-24 18:21:35.886815,722.5152117166667,0,0,1,1,0,0,,autumn,0,0,1,0
617121227,13.9,10.6299305,none,0.0,0.0,13.084402,22.319998,52.3577,1000.86285,,2024-09-24 06:20:31.618055,2024-09-24 18:23:02.476694,722.51431065,0,1,0,1,0,0,,autumn,0,0,0,1
617084427,14.5,11.179521,none,0.0,0.0,13.849476,23.759998,51.430893,1002.58496,,2024-09-24 06:20:14.130407,2024-09-24 18:22:44.785398,722.5109165166667,0,1,0,1,0,0,,autumn,0,0,0,1
617086027,14.1,11.089875,none,0.0,0.0,11.792404,19.08,52.963566,1000.77893,,2024-09-24 06:20:28.890113,2024-09-24 18:22:59.352272,722.50770265,0,1,0,1,0,0,,autumn,0,0,0,1
616995627,12.65,9.727363,none,0.0,0.0,10.495713,21.599998,56.20987,1000.1661,,2024-09-24 06:19:39.588729,2024-09-24 18:22:10.609448,722.5170119833333,0,0,1,1,0,0,,autumn,0,0,0,0
617158827,12.45,9.138346,none,0.0,0.0,12.620554,21.96,55.374516,997.12683,,2024-09-24 06:19:51.481155,2024-09-24 18:22:22.652731,722.5195262666667,0,1,0,1,0,0,,autumn,0,0,0,1
617262627,10.05,7.389922,none,0.0,0.0,7.754637,16.919998,63.559986,1004.07605,,2024-09-24 06:19:06.931293,2024-09-24 18:21:38.138846,722.5201258833333,0,0,1,1,0,0,,autumn,0,0,0,0
617085027,15.15,12.0765,none,0.0,0.0,11.874544,19.44,48.637016,998.5909,,2024-09-24 06:19:41.723290,2024-09-24 18:22:12.817823,722.5182422166667,0,1,0,1,0,0,,autumn,0,0,0,1
617388227,12.65,9.727363,none,0.0,0.0,10.495713,21.599998,56.20987,1001.71484,,2024-09-24 06:19:38.706989,2024-09-24 18:22:09.797107,722.5181686333333,0,0,1,1,0,0,,autumn,0,0,0,0
617174627,22.15,19.044012,none,0.0,0.0,18.852798,32.039997,42.04633,998.9226,,2024-09-25 06:22:17.786668,2024-09-25 18:20:12.932894,717.9191037666666,0,0,1,2,0,0,,autumn,0,0,1,0
617126427,13.45,10.223948,none,0.0,0.0,13.558673,24.84,56.023636,1006.3716,,2024-09-25 06:21:58.398740,2024-09-25 18:19:54.742654,717.9390652333333,0,0,1,2,0,0,,autumn,0,0,0,0
617127827,13.4,10.480915,none,0.0,0.0,11.525623,20.880001,56.402573,1001.2403,,2024-09-25 06:21:52.232406,2024-09-25 18:19:48.032714,717.9300051333333,0,0,1,2,0,0,,autumn,0,0,0,0
617203427,16.0,11.712354,none,0.0,0.0,19.3104,33.839996,44.007004,1002.1109,,2024-09-25 06:21:36.394834,2024-09-25 18:19:35.093713,717.97831465,0,1,0,2,0,0,,autumn,0,0,1,1
617114027,9.85,7.0084505,none,0.0,0.0,8.287822,14.4,61.96106,1005.30853,,2024-09-25 06:21:23.304888,2024-09-25 18:19:18.970404,717.9277586000001,0,1,0,2,0,0,,autumn,0,0,0,1
617189027,18.4,14.883549,none,0.0,0.0,17.640919,29.88,44.997757,1001.82776,,2024-09-25 06:20:54.605957,2024-09-25 18:18:50.633228,717.9337878499999,0,1,0,2,0,0,,autumn,0,0,1,1
617111627,11.6,8.096562,none,0.0,0.0,13.276144,22.68,56.534344,1003.14886,,2024-09-25 06:21:54.382608,2024-09-25 18:19:50.964697,717.9430348166667,0,1,0,2,0,0,,autumn,0,0,0,1
617349627,15.55,12.639421,none,0.0,0.0,13.026081,24.48,52.7988,1001.2727,,2024-09-25 06:21:44.025494,2024-09-25 18:19:39.486499,717.9243500833333,0,0,1,2,0,0,,autumn,0,0,0,0
617196227,17.5,13.472008,none,0.0,0.0,20.304924,33.839996,45.842716,998.2624,,2024-09-25 06:22:01.327990,2024-09-25 18:19:58.704311,717.9562720166667,0,1,0,2,0,0,,autumn,0,0,1,1
617255027,21.15,18.320574,none,0.0,0.0,15.808263,32.039997,42.770405,1004.0296,,2024-09-25 06:21:04.965801,2024-09-25 18:19:00.960292,717.9332415166666,0,0,1,2,0,0,,autumn,0,0,1,0
617251627,8.55,5.940504,none,0.0,0.0,7.8728137,12.599999,72.06253,1005.15784,,2024-09-25 06:22:17.905172,2024-09-25 18:20:13.351561,717.9241064833333,0,0,1,2,0,0,,autumn,0,0,0,0
617170627,21.75,18.466541,none,0.0,0.0,19.98081,34.2,42.939457,1002.0863,,2024-09-25 06:21:25.386216,2024-09-25 18:19:21.863355,717.94128565,0,0,1,2,0,0,,autumn,0,0,1,0
617190627,18.45,14.91552,none,0.0,0.0,17.84271,28.08,45.011826,1002.16284,,2024-09-25 06:21:24.410624,2024-09-25 18:19:20.659827,717.9374867166666,0,1,0,2,0,0,,autumn,0,0,1,1
617834227,21.35,18.401442,none,0.0,0.0,15.517629,30.599998,40.41841,999.1602,,2024-09-25 06:21:08.079126,2024-09-25 18:19:06.346960,717.9711305666666,0,0,1,2,0,0,,autumn,0,0,1,0
617111827,11.7,8.476605,none,0.0,0.0,12.015589,19.44,58.17653,1002.09845,,2024-09-25 06:21:36.173369,2024-09-25 18:19:32.397752,717.93707305,0,1,0,2,0,0,,autumn,0,0,0,1
617123627,10.65,7.6031322,none,0.0,0.0,11.555102,18.359999,64.82403,1005.23364,,2024-09-25 06:21:23.108783,2024-09-25 18:19:18.774923,717.927769,0,0,1,2,0,0,,autumn,0,0,0,0
617161827,21.4,18.608473,none,0.0,0.0,18.751125,33.12,47.400974,1000.7461,,2024-09-25 06:21:56.357736,2024-09-25 18:19:51.982392,717.9270776,0,0,1,2,0,0,,autumn,0,0,1,0
617390627,21.35,18.423475,none,0.0,0.0,17.176563,32.039997,43.411568,1003.63116,,2024-09-25 06:21:12.336244,2024-09-25 18:19:10.316215,717.96633285,0,0,1,2,0,0,,autumn,0,0,1,0
617135627,13.4,10.480915,none,0.0,0.0,11.525623,20.880001,56.402573,1001.478,,2024-09-25 06:21:41.362215,2024-09-25 18:19:36.922790,717.9260095833334,0,0,1,2,0,0,,autumn,0,0,0,0
617398827,21.05,18.336552,none,0.0,0.0,17.643673,33.839996,47.464275,1001.3645,,2024-09-25 06:21:25.936246,2024-09-25 18:19:20.772685,717.91394065,0,0,1,2,0,0,,autumn,0,0,1,0
617276627,18.45,14.91552,none,0.0,0.0,17.84271,28.08,45.011826,1002.16284,,2024-09-25 06:21:13.738743,2024-09-25 18:19:10.099691,717.9393491333334,0,1,0,2,0,0,,autumn,0,0,1,1
617351427,17.6,14.797419,none,0.0,0.0,14.4415655,27.0,50.85477,1001.78595,,2024-09-25 06:21:42.214021,2024-09-25 18:19:38.179719,717.9327616333334,0,0,1,2,0,0,,autumn,0,0,0,0
617187827,19.05,16.21028,none,0.0,0.0,15.367616,27.72,47.719772,1000.2711,,2024-09-25 06:21:39.423681,2024-09-25 18:19:34.197365,717.9128947333334,1,0,0,2,0,0,,autumn,0,0,1,0
617634027,15.55,12.639421,none,0.0,0.0,13.026081,24.48,52.7988,1005.6512,,2024-09-25 06:21:45.752554,2024-09-25 18:19:42.220050,717.9411249333333,0,0,1,2,0,0,,autumn,0,0,0,0
617261627,15.55,12.639421,none,0.0,0.0,13.026081,24.48,52.7988,1002.21735,,2024-09-25 06:21:37.322440,2024-09-25 18:19:33.252728,717.9321714666668,0,0,1,2,0,0,,autumn,0,0,0,0
617134027,10.65,7.6031322,none,0.0,0.0,11.555102,18.359999,64.82403,1003.90796,,2024-09-25 06:21:26.531392,2024-09-25 18:19:21.741084,717.9201615333333,0,0,1,2,0,0,,autumn,0,0,0,0
617280627,20.3,17.771847,none,0.0,0.0,15.905319,31.319998,48.8795,1000.9134,,2024-09-25 06:21:25.570778,2024-09-25 18:19:20.304937,717.9122359833333,0,0,1,2,0,0,,autumn,0,0,1,0
617148027,20.35,17.858494,none,0.0,0.0,15.841023,31.319998,49.057835,1000.25665,,2024-09-25 06:22:32.980076,2024-09-25 18:20:28.074742,717.9182444333333,0,0,1,2,0,0,,autumn,0,0,1,0
617191027,22.5,18.950657,none,0.0,0.0,19.885721,33.12,38.06752,1000.8697,,2024-09-25 06:21:38.305682,2024-09-25 18:19:34.458534,717.9358808666667,0,0,1,2,0,0,,autumn,0,0,1,0
617410627,21.25,18.373924,none,0.0,0.0,17.46,33.839996,44.725212,1000.31854,,2024-09-25 06:21:41.326909,2024-09-25 18:19:39.880515,717.9758934333333,0,0,1,2,0,0,,autumn,0,0,1,0
618853027,11.1,7.3108654,none,0.0,0.0,15.496736,24.84,59.26723,1005.8622,,2024-09-25 06:21:31.265524,2024-09-25 18:19:28.505194,717.9539945,0,0,1,2,0,0,,autumn,0,0,1,0
617189627,19.55,16.303284,none,0.0,0.0,16.743872,28.44,43.64614,998.9707,,2024-09-25 06:21:37.107874,2024-09-25 18:19:35.482352,717.9729079666666,0,0,1,2,0,0,,autumn,0,0,1,0
617231427,11.95,7.2209587,none,0.0,0.0,17.548845,30.599998,42.83688,999.68,,2024-09-26 06:24:07.352344,2024-09-26 18:17:31.004285,713.3941990166666,1,0,1,3,0,0,,autumn,0,0,1,0
617247027,15.45,10.797534,none,0.0,0.0,18.540874,31.68,37.75552,1003.04297,,2024-09-26 06:23:48.297626,2024-09-26 18:17:10.160827,713.3643866833334,0,0,1,3,0,0,,autumn,0,0,1,0
617324227,17.4,12.702858,none,0.0,0.0,20.880775,36.719997,37.651924,999.2123,,2024-09-26 06:23:17.446729,2024-09-26 18:16:37.282321,713.3305932000001,0,1,0,3,0,0,,autumn,0,0,1,1
617315627,17.95,13.06761,none,0.0,0.0,20.343185,32.760002,32.679756,1000.5186,,2024-09-26 06:23:29.428056,2024-09-26 18:16:51.057079,713.3604837166666,0,1,0,3,0,0,,autumn,0,0,1,1
617332027,17.0,12.485157,none,0.0,0.0,21.136784,34.92,41.88016,999.9677,,2024-09-26 06:23:28.835762,2024-09-26 18:16:50.801104,713.3660890333334,0,1,0,3,0,0,,autumn,0,0,1,1
617262427,17.6,13.466301,none,0.0,0.0,17.46371,31.68,38.11221,998.07104,,2024-09-26 06:24:17.324275,2024-09-26 18:17:35.993864,713.3111598166666,0,0,1,3,0,0,,autumn,0,0,1,0
617260227,14.15,10.6112995,none,0.0,0.0,12.503199,23.759998,45.21286,999.99854,,2024-09-26 06:24:22.098573,2024-09-26 18:17:41.845768,713.3291199166667,0,0,1,3,0,0,,autumn,0,0,0,0
617261827,16.55,11.828253,none,0.0,0.0,19.649702,34.2,36.610996,1001.597,,2024-09-26 06:23:23.060609,2024-09-26 18:16:44.822964,713.3627059166666,0,0,1,3,0,0,,autumn,0,0,1,0
617283427,20.1,15.701126,none,0.0,0.0,19.800817,37.8,33.535915,998.9392,,2024-09-26 06:23:39.929817,2024-09-26 18:17:07.470276,713.4590076500001,0,0,1,3,0,0,,autumn,0,0,1,0
617331827,17.5,12.806215,none,0.0,0.0,21.24,34.2,38.218056,1001.7596,,2024-09-26 06:23:08.501990,2024-09-26 18:16:32.847836,713.4057640999999,0,1,0,3,0,0,,autumn,0,0,1,1
617278427,19.45,15.17981,none,0.0,0.0,19.866161,37.8,36.675182,1002.5845,,2024-09-26 06:23:24.377040,2024-09-26 18:16:43.991481,713.3269073499999,0,0,1,3,0,0,,autumn,0,0,1,0
617422027,16.95,12.430395,none,0.0,0.0,21.511318,37.079998,42.756317,995.1281,,2024-09-26 06:23:33.424177,2024-09-26 18:16:57.663144,713.4039827833333,0,1,0,3,0,0,,autumn,0,0,1,1
617267427,17.85,13.324257,none,0.0,0.0,19.083395,33.839996,35.321922,1002.3802,,2024-09-26 06:23:28.729723,2024-09-26 18:16:50.366258,713.3606089166666,0,0,1,3,0,0,,autumn,0,0,1,0
617266427,14.85,10.224101,none,0.0,0.0,19.05281,32.039997,40.9643,1002.1337,,2024-09-26 06:23:13.981889,2024-09-26 18:16:38.586531,713.4100773666667,0,1,0,3,0,0,,autumn,0,0,1,1
617312827,15.45,10.797534,none,0.0,0.0,18.540874,31.68,37.75552,1000.44354,,2024-09-26 06:23:40.499231,2024-09-26 18:17:01.113590,713.3435726499999,0,0,1,3,0,0,,autumn,0,0,1,0
617471227,17.95,13.06761,none,0.0,0.0,20.343185,32.760002,32.679756,1000.5186,,2024-09-26 06:23:28.700869,2024-09-26 18:16:50.204523,713.3583942333333,0,1,0,3,0,0,,autumn,0,0,1,1
617312627,18.55,13.658558,none,0.0,0.0,20.347166,36.36,31.359661,995.99286,,2024-09-26 06:24:20.274569,2024-09-26 18:17:42.675069,713.3733416666668,0,0,1,3,0,0,,autumn,0,0,1,0
617984627,17.75,12.861765,none,0.0,0.0,21.447208,38.16,35.292847,1001.89026,,2024-09-26 06:24:11.853989,2024-09-26 18:17:33.299617,713.3574271333333,0,1,0,3,0,0,,autumn,0,0,1,1
617240027,13.85,10.009939,none,0.0,0.0,13.842457,26.64,44.171516,1001.6338,,2024-09-26 06:22:40.331561,2024-09-26 18:16:02.594728,713.3710527833333,0,0,1,3,0,0,,autumn,0,0,0,0
617269227,17.5,13.356924,none,0.0,0.0,17.46371,33.839996,38.218056,1001.538,,2024-09-26 06:23:36.907498,2024-09-26 18:16:56.497986,713.3265081333334,0,0,1,3,0,0,,autumn,0,0,1,0
617314227,18.7,13.849306,none,0.0,0.0,19.84005,35.64,30.623577,1000.70404,,2024-09-26 06:22:55.168133,2024-09-26 18:16:16.124059,713.3492654333334,0,0,1,3,0,0,,autumn,0,0,1,0
617317627,16.45,12.252462,none,0.0,0.0,17.519281,33.839996,40.1307,1002.84717,,2024-09-26 06:24:29.423589,2024-09-26 18:17:50.491833,713.3511374000001,0,0,1,3,0,0,,autumn,0,0,1,0
617362427,20.75,15.928379,none,0.0,0.0,22.175825,37.44,31.320751,1003.8559,,2024-09-26 06:23:22.898109,2024-09-26 18:16:45.102797,713.3700781333333,0,0,1,3,0,0,,autumn,0,0,1,0
617317227,17.2,12.461498,none,0.0,0.0,20.00026,37.44,35.63864,991.86945,,2024-09-26 06:25:18.733692,2024-09-26 18:18:35.358512,713.2770803333333,0,1,0,3,0,0,,autumn,0,0,1,1
617992427,17.75,12.861765,none,0.0,0.0,21.447208,38.16,35.292847,999.4302,,2024-09-26 06:24:23.290065,2024-09-26 18:17:44.279838,713.34982955,0,1,0,3,0,0,,autumn,0,0,1,1
617384827,20.1,15.831816,none,0.0,0.0,20.199335,38.16,35.847855,999.1265,,2024-09-26 06:24:23.898851,2024-09-26 18:17:43.882548,713.3330616166667,0,0,1,3,0,0,,autumn,0,0,1,0
617312227,16.35,12.052216,none,0.0,0.0,17.460928,33.48,38.702072,1001.7018,,2024-09-26 06:22:53.766243,2024-09-26 18:16:16.610537,713.3807382333333,0,0,1,3,0,0,,autumn,0,0,1,0
617291827,20.6,15.867775,none,0.0,0.0,22.019672,37.44,32.402023,1000.05066,,2024-09-26 06:23:44.692475,2024-09-26 18:17:06.103869,713.3568565666667,0,0,1,3,0,0,,autumn,0,0,1,0
617275427,19.1,15.047867,none,0.0,0.0,18.789963,36.0,38.278095,998.021,,2024-09-26 06:24:20.297426,2024-09-26 18:17:44.687770,713.4065057333333,0,0,1,3,0,0,,autumn,0,0,1,0
621309427,17.25,13.526886,none,0.0,0.0,15.3042345,32.399998,40.362434,995.7856,,2024-09-26 06:25:18.228697,2024-09-26 18:18:35.068882,713.28066975,0,0,1,3,0,0,,autumn,0,0,1,0
617292427,20.15,15.771244,none,0.0,0.0,20.957443,36.36,35.73717,998.8982,,2024-09-26 06:24:03.962480,2024-09-26 18:17:24.741046,713.3463094333333,0,0,1,3,0,0,,autumn,0,0,1,0
617341227,16.45,12.252462,none,0.0,0.0,17.519281,33.839996,40.1307,1001.6687,,2024-09-26 06:24:25.586300,2024-09-26 18:17:46.345634,713.3459889000001,0,0,1,3,0,0,,autumn,0,0,1,0
617315827,18.8,13.891867,none,0.0,0.0,20.347166,33.839996,30.652271,1004.11993,,2024-09-26 06:23:22.527348,2024-09-26 18:16:44.917986,713.3731773,0,0,1,3,0,0,,autumn,0,0,1,0
617835427,17.9,12.945911,none,0.0,0.0,20.892412,34.56,32.9005,993.40564,,2024-09-26 06:23:52.703317,2024-09-26 18:17:16.630038,713.3987786833334,0,1,0,3,0,0,,autumn,0,0,1,1
618122427,17.9,12.960506,none,0.0,0.0,20.907913,34.92,33.13721,996.1586,,2024-09-26 06:23:32.004209,2024-09-26 18:16:57.267001,713.4210465333333,0,1,0,3,0,0,,autumn,0,0,1,1
617335627,16.45,12.497297,none,0.0,0.0,18.11215,34.2,45.22978,995.83325,,2024-09-26 06:23:20.831450,2024-09-26 18:16:46.733735,713.43170475,0,1,0,3,0,0,,autumn,0,0,1,1
617341627,16.95,12.950823,none,0.0,0.0,18.57143,31.319998,44.12356,998.5384,,2024-09-26 06:22:51.888672,2024-09-26 18:16:17.315368,713.4237782666667,0,1,0,3,0,0,,autumn,0,0,1,1
617877227,15.4,11.049047,rain,0.9,0.0,31.959505,59.399998,75.04543,990.09796,,2024-09-27 06:25:33.008491,2024-09-27 18:14:27.789282,708.9130131833333,1,0,0,4,0,0,,autumn,0,0,1,0
618860027,18.0,13.109566,none,0.0,0.0,28.50884,52.199997,49.08391,994.83875,,2024-09-27 06:25:09.470227,2024-09-27 18:13:57.108888,708.7939776833333,0,0,1,4,0,0,,autumn,0,0,1,0
617357827,15.65,11.295205,none,0.0,0.0,21.36851,39.239998,48.775528,998.25696,,2024-09-27 06:24:46.609427,2024-09-27 18:13:36.846573,708.8372857666667,0,1,0,4,0,0,,autumn,0,0,1,1
617443027,14.55,10.153184,rain,0.9,0.0,32.587955,55.44,80.05689,994.22076,,2024-09-27 06:25:17.014203,2024-09-27 18:14:07.193103,708.836315,0,1,0,4,0,0,,autumn,0,0,1,1
617362627,16.85,11.739573,none,0.0,0.0,29.36704,47.519997,51.353138,993.43774,,2024-09-27 06:25:32.387586,2024-09-27 18:14:17.739563,708.7558662833333,0,0,1,4,0,0,,autumn,0,0,1,0
617447627,14.7,9.585829,rain,0.2,0.0,34.500416,57.239998,71.73829,993.6205,,2024-09-27 06:25:45.058791,2024-09-27 18:14:33.107996,708.8008200833334,0,1,0,4,0,0,,autumn,0,0,1,1
617416027,19.05,14.303038,rain,0.3,0.0,31.974203,56.88,54.444424,993.7307,,2024-09-27 06:25:00.925679,2024-09-27 18:13:46.918829,708.7665525,0,0,1,4,0,0,,autumn,0,0,1,0
617461627,13.7,8.277612,rain,0.7,0.0,35.20875,59.399998,72.76931,986.9642,,2024-09-27 06:25:38.720196,2024-09-27 18:14:29.650713,708.8488419500001,0,1,0,4,0,0,,autumn,0,0,1,1
617535027,14.05,8.694645,rain,0.1,0.0,34.38424,57.96,70.18063,989.7439,,2024-09-27 06:25:48.960088,2024-09-27 18:14:38.871911,708.8318637166667,0,1,0,4,0,0,,autumn,0,0,1,1
617474027,14.6,9.290272,rain,0.2,0.0,34.711544,57.96,69.34737,990.037,,2024-09-27 06:25:30.118416,2024-09-27 18:14:22.686654,708.8761373,0,1,0,4,0,0,,autumn,0,0,1,1
617495627,14.55,10.153184,rain,0.9,0.0,32.587955,55.44,80.05689,993.1624,,2024-09-27 06:25:04.356642,2024-09-27 18:13:51.973509,708.79361445,0,1,0,4,0,0,,autumn,0,0,1,1
617818027,14.7,9.585829,rain,0.2,0.0,34.500416,57.239998,71.73829,991.85925,,2024-09-27 06:26:01.962973,2024-09-27 18:14:51.049959,708.8181164333333,0,1,0,4,0,0,,autumn,0,0,1,1
617803627,18.0,13.866827,none,0.0,0.0,24.842607,47.519997,52.190502,991.64923,,2024-09-27 06:26:00.049897,2024-09-27 18:14:43.516781,708.7244480666667,0,0,1,4,0,0,,autumn,0,0,1,0
617387627,16.4,12.259199,rain,0.5,0.0,27.727594,55.8,64.12072,990.544,,2024-09-27 06:26:20.212436,2024-09-27 18:15:03.165470,708.7158839,0,0,1,4,0,0,,autumn,0,0,1,0
617414027,16.85,11.969564,none,0.0,0.0,27.54941,48.6,50.826714,996.0118,,2024-09-27 06:24:28.091185,2024-09-27 18:13:17.161209,708.8178337333334,0,0,1,4,0,0,,autumn,0,0,1,0
617444227,15.55,10.861523,rain,0.7,0.0,34.796375,57.96,75.569786,992.5594,,2024-09-27 06:25:48.048064,2024-09-27 18:14:34.695375,708.7774551833334,1,0,0,4,0,0,,autumn,0,0,1,0
617459827,14.7,9.686094,rain,0.2,0.0,33.908863,54.36,71.97929,992.446,,2024-09-27 06:25:48.753424,2024-09-27 18:14:35.439521,708.7781016166666,0,1,0,4,0,0,,autumn,0,0,1,1
617682827,13.7,8.277612,rain,0.7,0.0,35.20875,59.399998,72.76931,993.896,,2024-09-27 06:25:31.527078,2024-09-27 18:14:20.979131,708.8242008833333,0,1,0,4,0,0,,autumn,0,0,1,1
617399227,17.75,13.246166,none,0.0,0.0,27.038372,51.12,52.30184,993.5984,,2024-09-27 06:25:59.878724,2024-09-27 18:14:46.692753,708.7802338166667,0,0,1,4,0,0,,autumn,0,0,1,0
618861827,18.5,13.1695385,none,0.0,0.0,32.619255,54.36,49.72593,992.2889,,2024-09-27 06:25:20.791018,2024-09-27 18:14:08.351568,708.7926758333334,0,0,1,4,0,0,,autumn,0,0,1,0
617433427,15.5,10.84347,rain,0.7,0.0,34.472233,58.679996,75.561516,993.47406,,2024-09-27 06:25:54.877328,2024-09-27 18:14:42.931592,708.8009043999999,0,0,1,4,0,0,,autumn,0,0,1,0
617493627,16.05,12.148722,rain,0.8,0.0,28.771297,53.639996,71.75029,991.2825,,2024-09-27 06:27:04.356355,2024-09-27 18:15:52.560661,708.8034051,0,0,1,4,0,0,,autumn,0,0,1,0
617573427,14.7,9.686094,rain,0.2,0.0,33.908863,54.36,71.97929,990.3357,,2024-09-27 06:25:35.183389,2024-09-27 18:14:20.942892,708.7626583833334,0,1,0,4,0,0,,autumn,0,0,1,1
617446427,14.55,9.721142,rain,0.2,0.0,32.544178,58.32,72.43594,991.24384,,2024-09-27 06:26:23.896552,2024-09-27 18:15:14.819544,708.8487165333333,0,1,0,4,0,0,,autumn,0,0,1,1
617465027,14.4,10.026326,rain,0.5,0.0,30.993471,55.8,77.16079,988.01245,,2024-09-27 06:25:46.750703,2024-09-27 18:14:29.936347,708.7197607333333,0,1,0,4,0,0,,autumn,0,0,1,1
617664027,17.9,12.967167,none,0.0,0.0,29.215502,51.12,50.245026,995.9505,,2024-09-27 06:25:31.263958,2024-09-27 18:14:20.556257,708.8215383166666,0,0,1,4,0,0,,autumn,0,0,1,0
617889427,17.5,12.65819,rain,0.4,0.0,32.058193,55.079998,58.807167,991.6791,,2024-09-27 06:25:30.449437,2024-09-27 18:14:20.258709,708.8301545333333,0,0,1,4,0,0,,autumn,0,0,1,0
617398627,17.85,12.644533,rain,0.1,0.0,32.901123,56.519997,54.13438,993.5782,,2024-09-27 06:26:06.423215,2024-09-27 18:14:55.455411,708.8172032666666,0,0,1,4,0,0,,autumn,0,0,1,0
617883427,15.4,11.049047,rain,0.9,0.0,31.959505,59.399998,75.04543,990.91565,,2024-09-27 06:25:32.509217,2024-09-27 18:14:25.968887,708.8909944999999,1,0,0,4,0,0,,autumn,0,0,1,0
617759427,16.95,12.397434,rain,0.5,0.0,33.132225,58.32,67.53451,991.8864,,2024-09-27 06:26:25.015254,2024-09-27 18:15:09.503865,708.74147685,0,0,1,4,0,0,,autumn,0,0,1,0
617373827,17.6,12.850632,none,0.0,0.0,27.958004,48.96,51.203423,994.1673,,2024-09-27 06:26:02.489367,2024-09-27 18:14:49.330967,708.7806933333334,0,0,1,4,0,0,,autumn,0,0,1,0
617454427,14.45,9.805187,rain,0.4,0.0,32.058193,57.6,74.88495,993.2336,,2024-09-27 06:25:28.559098,2024-09-27 18:14:12.495402,708.7322717333334,0,1,0,4,0,0,,autumn,0,0,1,1
617453227,14.55,10.199148,rain,0.8,0.0,32.800034,58.32,81.3935,987.03284,,2024-09-27 06:25:52.446358,2024-09-27 18:14:42.619569,708.8362201833334,0,1,0,4,0,0,,autumn,0,0,1,1
617820227,14.45,10.380054,rain,1.0,0.0,30.24214,56.16,80.30891,993.8041,,2024-09-27 06:24:29.187262,2024-09-27 18:13:17.718332,708.8088511666666,0,1,0,4,0,0,,autumn,0,0,1,1
617556627,14.05,9.026058,rain,0.6,0.0,32.93803,57.96,72.34418,991.15216,,2024-09-27 06:25:12.278703,2024-09-27 18:13:58.920330,708.77736045,0,1,0,4,0,0,,autumn,0,0,1,1
617805627,16.4,12.259199,rain,0.5,0.0,27.727594,55.8,64.12072,989.4973,,2024-09-27 06:26:34.675708,2024-09-27 18:15:15.880916,708.6867534666667,0,0,1,4,0,0,,autumn,0,0,1,0
617357027,15.45,10.733842,none,0.0,0.0,24.209164,43.199997,50.271748,995.8123,,2024-09-27 06:25:01.848959,2024-09-27 18:13:45.452749,708.7267298333334,0,1,0,4,0,0,,autumn,0,0,1,1
617466027,13.95,8.438932,rain,0.6,0.0,34.471764,58.32,68.05377,997.39575,,2024-09-27 06:24:44.002713,2024-09-27 18:13:36.221327,708.8703102333333,0,1,0,4,0,0,,autumn,0,0,1,1
618276827,13.7,8.277612,rain,0.7,0.0,35.20875,59.399998,72.76931,990.01166,,2024-09-27 06:25:29.189046,2024-09-27 18:14:20.924018,708.8622495333333,0,1,0,4,0,0,,autumn,0,0,1,1
617833627,18.75,14.081799,none,0.0,0.0,27.315554,50.76,47.47461,990.4034,,2024-09-27 06:25:00.820657,2024-09-27 18:13:53.555673,708.8789169333334,0,0,1,4,0,0,,autumn,0,0,1,0
617470427,14.7,10.88781,rain,0.6,0.0,30.293522,58.679996,83.59054,991.0358,,2024-09-27 06:27:15.977776,2024-09-27 18:16:04.311867,708.8055681833333,0,1,0,4,0,0,,autumn,0,0,1,1
617571427,19.45,17.678879,rain,0.1,0.0,25.59863,45.0,79.19016,998.3332,,2024-09-28 06:27:16.203355,2024-09-28 18:11:30.309455,704.2351016666667,0,1,0,5,1,0,,autumn,0,0,1,1
617556427,22.65,20.549065,none,0.0,0.0,25.715443,49.68,61.804554,991.74976,,2024-09-28 06:26:33.167292,2024-09-28 18:10:47.371336,704.2367340666666,0,0,1,5,1,0,,autumn,0,0,1,0
617562827,22.55,19.867376,none,0.0,0.0,28.930204,51.12,60.99047,991.05884,,2024-09-28 06:26:50.058288,2024-09-28 18:11:01.293005,704.1872452833334,0,0,1,5,1,0,,autumn,0,0,1,0
617588427,17.55,16.793922,none,0.0,0.0,17.968472,31.319998,87.77978,996.67993,,2024-09-28 06:27:42.609298,2024-09-28 18:11:56.456096,704.2307799666667,0,1,0,5,1,0,,autumn,0,0,1,1
617589027,18.2,17.228132,rain,0.3,0.0,19.986485,39.6,85.34805,995.2233,,2024-09-28 06:26:35.547353,2024-09-28 18:10:49.743593,704.2366039999999,0,1,0,5,1,0,,autumn,0,0,1,1
617526627,14.85,12.68325,rain,1.3,0.0,22.090187,42.48,90.44432,991.4599,,2024-09-28 06:27:24.748850,2024-09-28 18:11:45.975606,704.3537792666666,0,0,1,5,1,0,,autumn,0,0,1,0
617558427,23.1,20.772217,none,0.0,0.0,27.792374,53.639996,60.920994,991.07684,,2024-09-28 06:27:04.766059,2024-09-28 18:11:25.630652,704.3477432166667,0,0,1,5,1,0,,autumn,0,0,1,0
617489027,13.8,12.293177,rain,2.5,0.0,16.167967,28.44,93.077644,991.09607,,2024-09-28 06:28:04.680544,2024-09-28 18:12:14.339177,704.1609772166667,0,1,0,5,1,0,,autumn,0,0,1,1
617542427,18.45,16.440777,none,0.0,0.0,23.441502,40.32,76.78386,995.31946,,2024-09-28 06:27:35.206152,2024-09-28 18:11:50.180883,704.24957885,0,0,1,5,1,0,,autumn,0,0,1,0
617617627,22.7,20.698376,none,0.0,0.0,26.354483,56.88,63.628414,987.32904,,2024-09-28 06:27:34.507496,2024-09-28 18:11:56.015826,704.3584721666666,0,0,1,5,1,0,,autumn,0,0,1,0
617750827,19.75,18.015282,none,0.0,0.0,22.314192,40.68,72.19273,990.2116,,2024-09-28 06:27:20.064207,2024-09-28 18:11:31.150589,704.1847730333334,0,0,1,5,1,0,,autumn,0,0,1,0
617557227,22.6,20.206308,none,0.0,0.0,27.853508,49.68,62.192154,989.8238,,2024-09-28 06:27:31.227279,2024-09-28 18:11:46.748201,704.2586820333333,0,0,1,5,1,0,,autumn,0,0,1,0
617576827,16.15,14.070267,rain,1.4,0.0,22.571884,39.96,85.687614,990.7486,,2024-09-28 06:27:25.702457,2024-09-28 18:11:47.324248,704.3603631833333,0,0,1,5,1,0,,autumn,0,0,1,0
617631427,20.75,18.281126,none,0.0,0.0,28.1169,50.039997,69.19189,988.50757,,2024-09-28 06:27:24.793386,2024-09-28 18:11:42.107983,704.2885766166667,0,0,1,5,1,0,,autumn,0,0,1,0
617491627,13.55,12.117107,rain,0.9,0.0,15.891054,29.519999,95.22387,987.3807,,2024-09-28 06:29:05.767358,2024-09-28 18:13:08.604029,704.04727785,1,0,1,5,1,0,,autumn,0,0,1,0
617588227,17.6,17.011818,none,0.0,0.0,16.951565,33.12,87.78416,994.54144,,2024-09-28 06:27:27.500708,2024-09-28 18:11:40.710904,704.2201699333333,0,1,0,5,1,0,,autumn,0,0,1,1
617569827,21.9,19.276573,rain,0.2,0.0,28.0182,52.92,62.638218,996.5582,,2024-09-28 06:26:51.372157,2024-09-28 18:11:10.169026,704.31328115,0,1,0,5,1,0,,autumn,0,0,1,1
617506227,15.3,12.490738,none,0.0,0.0,23.967726,39.239998,81.75972,988.92,,2024-09-28 06:27:47.946591,2024-09-28 18:12:03.008513,704.2510320333333,0,0,1,5,1,0,,autumn,0,0,1,0
617521227,16.5,14.648207,rain,0.9,0.0,21.129883,40.32,84.07156,990.67456,,2024-09-28 06:27:52.752485,2024-09-28 18:12:08.304399,704.2591985666667,0,0,1,5,1,0,,autumn,0,0,1,0
617552227,21.6,18.873617,none,0.0,0.0,30.796837,50.039997,67.17023,988.0609,,2024-09-28 06:27:40.864438,2024-09-28 18:11:48.303540,704.1239850333333,0,0,1,5,1,0,,autumn,0,0,1,0
617570627,19.25,17.74634,none,0.0,0.0,24.313328,40.68,81.213196,995.58923,,2024-09-28 06:27:31.951685,2024-09-28 18:11:46.419014,704.24112215,0,1,0,5,1,0,,autumn,0,0,1,1
617586827,17.2,16.857794,none,0.0,0.0,15.266079,26.64,90.02992,997.478,,2024-09-28 06:28:16.242856,2024-09-28 18:12:25.846956,704.1600683333332,0,1,0,5,1,0,,autumn,0,0,1,1
617662427,17.85,16.648777,rain,0.2,0.0,21.019962,37.8,86.13611,987.3037,,2024-09-28 06:27:36.328505,2024-09-28 18:11:56.166424,704.3306319833333,0,1,0,5,1,0,,autumn,0,0,1,1
617598827,15.1,15.224768,none,0.0,0.0,7.579261,12.24,91.943954,991.93884,,2024-09-29 06:30:50.647195,2024-09-29 18:10:51.954267,700.0217845333334,0,1,0,6,1,0,,autumn,0,0,0,1
617594027,16.9,16.68516,none,0.0,0.0,14.799459,26.28,92.641975,995.43524,,2024-09-29 06:29:30.454130,2024-09-29 18:09:08.169373,699.6285873833333,0,1,0,6,1,0,,autumn,0,0,0,1
617639227,15.65,13.565105,none,0.0,0.0,14.897651,29.88,70.25611,996.0469,,2024-09-29 06:30:25.713325,2024-09-29 18:09:59.582390,699.5644844166667,0,0,1,6,1,0,,autumn,0,0,0,0
617605627,15.5,15.961988,none,0.0,0.0,8.427383,13.679999,97.1525,996.3837,,2024-09-29 06:28:57.921622,2024-09-29 18:08:30.200362,699.5379790000001,0,0,1,6,1,0,,autumn,0,0,0,0
617618427,18.35,15.667824,none,0.0,0.0,19.9954,39.6,61.216934,991.0672,,2024-09-29 06:31:57.906075,2024-09-29 18:11:51.224495,699.8886403333333,0,0,1,6,1,0,,autumn,0,0,1,0
617660027,12.2,9.663762,none,0.0,0.0,15.602999,27.72,80.80932,997.8374,,2024-09-29 06:29:33.692523,2024-09-29 18:09:24.223280,699.8421792833334,0,1,0,6,1,0,,autumn,0,0,1,1
617828027,14.4,11.673463,none,0.0,0.0,18.417263,32.399998,73.88051,987.70886,,2024-09-29 06:29:38.271396,2024-09-29 18:09:24.751023,699.77466045,1,0,0,6,1,0,,autumn,0,0,1,0
617627627,20.15,16.515894,none,0.0,0.0,22.47983,39.96,47.5375,990.2378,,2024-09-29 06:29:27.837402,2024-09-29 18:09:12.412724,699.7429220333332,0,0,1,6,1,0,,autumn,0,0,1,0
617718027,18.1,17.116001,none,0.0,0.0,13.854155,36.36,73.31422,994.7841,,2024-09-29 06:29:35.388413,2024-09-29 18:09:06.249036,699.5143437166666,0,0,1,6,1,0,,autumn,0,0,0,0
617660627,12.75,10.253034,none,0.0,0.0,15.611304,28.08,78.73715,994.91907,,2024-09-29 06:29:39.319593,2024-09-29 18:09:21.590414,699.7045136833333,0,1,0,6,1,0,,autumn,0,0,1,1
617726227,15.7,13.380667,none,0.0,0.0,16.904673,32.760002,70.97236,991.77905,,2024-09-29 06:29:40.719247,2024-09-29 18:09:23.860569,699.7190220333334,0,0,1,6,1,0,,autumn,0,0,1,0
617654027,13.9,11.44499,none,0.0,0.0,15.885956,30.960001,74.54059,1001.2665,,2024-09-29 06:29:18.644662,2024-09-29 18:08:53.132101,699.57479065,1,0,0,6,1,0,,autumn,0,0,1,0
617657227,18.05,16.234617,none,0.0,0.0,17.035456,27.72,68.43271,998.6939,,2024-09-29 06:28:56.073891,2024-09-29 18:08:36.319715,699.6707637333333,0,0,1,6,1,0,,autumn,0,0,1,0
617988027,12.15,9.879879,none,0.0,0.0,14.056144,26.64,81.8992,999.71906,,2024-09-29 06:29:05.345239,2024-09-29 18:08:38.770162,699.55708205,0,1,0,6,1,0,,autumn,0,0,0,1
617616227,16.95,14.622482,none,0.0,0.0,19.781174,32.760002,71.68001,990.5892,,2024-09-29 06:29:39.683697,2024-09-29 18:09:22.691503,699.7167967666667,0,0,1,6,1,0,,autumn,0,0,1,0
618166027,19.9,17.186005,none,0.0,0.0,17.935986,40.68,51.469585,995.1724,,2024-09-29 06:28:33.606391,2024-09-29 18:08:10.225894,699.61032505,0,0,1,6,1,0,,autumn,0,0,1,0
617639827,15.95,14.108194,none,0.0,0.0,15.275627,33.12,73.66091,994.46655,,2024-09-29 06:29:48.251406,2024-09-29 18:09:17.201102,699.4824949333334,0,0,1,6,1,0,,autumn,0,0,1,0
617640227,16.55,14.819763,none,0.0,0.0,16.344357,32.760002,74.99068,994.54926,,2024-09-29 06:30:20.947705,2024-09-29 18:10:06.032951,699.7514207666667,0,0,1,6,1,0,,autumn,0,0,1,0
617819027,18.15,14.914236,none,0.0,0.0,19.0392,34.92,52.407745,993.39417,,2024-09-29 06:28:55.824386,2024-09-29 18:08:42.440533,699.7769357833333,0,0,1,6,1,0,,autumn,0,0,1,0
627172827,-4.3,-9.276749,none,0.0,17.0,14.021525,37.44,85.2804,984.45593,,2024-12-12 08:49:22.339808,2024-12-12 15:59:05.864050,429.72540403333335,0,1,0,3,0,0,,winter,0,0,0,1
617742427,11.35,7.101404,none,0.0,0.0,20.215368,40.32,63.193047,1000.82947,,2024-09-30 06:32:57.445364,2024-09-30 18:07:46.325359,694.8146665833334,0,0,1,0,0,0,,autumn,0,0,1,0
617757627,12.4,8.053637,none,0.0,0.0,21.822353,39.96,61.69863,1007.379,,2024-09-30 06:30:58.094318,2024-09-30 18:06:00.234051,695.0356622166668,0,0,1,0,0,0,,autumn,0,0,1,0
617701427,9.65,7.0186167,none,0.0,0.0,13.441071,23.759998,85.87314,1003.4144,,2024-09-30 06:31:57.619745,2024-09-30 18:07:04.547252,695.11545845,0,0,1,0,0,0,,autumn,0,0,0,0
617758627,13.0,8.731198,none,0.0,0.0,22.728518,39.96,63.35307,1005.356,,2024-09-30 06:31:03.881960,2024-09-30 18:06:17.461456,695.2263249333333,0,0,1,0,0,0,,autumn,0,0,1,0
617770627,10.25,6.002779,none,0.0,0.0,20.778112,37.079998,69.91057,1007.8652,,2024-09-30 06:31:17.776385,2024-09-30 18:06:14.768558,694.94986955,0,1,0,0,0,0,,autumn,0,0,1,1
617786227,10.65,6.40613,none,0.0,0.0,21.26744,40.32,69.7478,1006.4333,,2024-09-30 06:32:37.544122,2024-09-30 18:07:42.701455,695.08595555,1,0,0,0,0,0,,autumn,0,0,1,0
618125827,12.05,7.4205866,none,0.0,0.0,23.763409,42.48,63.134697,1001.1703,,2024-09-30 06:31:20.392595,2024-09-30 18:06:33.794628,695.2233672166666,0,0,1,0,0,0,,autumn,0,0,1,0
617875027,11.6,7.932868,none,0.0,0.0,18.448023,38.16,68.979294,1000.0361,,2024-09-30 06:33:09.691857,2024-09-30 18:08:00.252792,694.84268225,0,0,1,0,0,0,,autumn,0,0,1,0
617749027,12.5,8.11968,none,0.0,0.0,23.183693,40.32,64.56393,1003.7674,,2024-09-30 06:31:25.867589,2024-09-30 18:06:33.931586,695.13439995,0,0,1,0,0,0,,autumn,0,0,1,0
617988827,12.8,9.421696,none,0.0,0.0,17.655605,30.960001,67.12165,1007.0753,,2024-09-30 06:31:26.527827,2024-09-30 18:06:31.370806,695.0807163166667,0,0,1,0,0,0,,autumn,0,0,1,0
618096427,10.6,7.7007704,none,0.0,0.0,15.027575,25.919998,79.76841,1004.59656,,2024-09-30 06:31:21.205048,2024-09-30 18:06:23.485028,695.0379996666667,0,0,1,0,0,0,,autumn,0,0,1,0
618280827,12.4,7.7122993,none,0.0,0.0,24.162947,42.12,61.69863,1001.43756,,2024-09-30 06:31:20.334719,2024-09-30 18:06:33.851554,695.2252805833334,0,0,1,0,0,0,,autumn,0,0,1,0
617733827,12.8,8.593016,none,0.0,0.0,22.539564,39.6,64.85403,1005.1805,,2024-09-30 06:31:53.294102,2024-09-30 18:06:59.248853,695.09924585,0,0,1,0,0,0,,autumn,0,0,1,0
617821027,10.0,5.8186827,none,0.0,0.0,20.91256,40.32,73.09284,1003.9734,,2024-09-30 06:32:19.822521,2024-09-30 18:07:31.436545,695.1935670666667,0,1,0,0,0,0,,autumn,0,0,1,1
617825227,12.3,8.995742,none,0.0,0.0,17.229301,32.399998,69.59704,999.0992,,2024-09-30 06:31:22.956448,2024-09-30 18:06:36.661952,695.2284250666667,0,0,1,0,0,0,,autumn,0,0,1,0
618087827,11.85,7.4773035,none,0.0,0.0,22.224714,38.16,64.641914,1004.49396,,2024-09-30 06:31:57.183886,2024-09-30 18:06:54.636728,694.9575473666666,0,0,1,0,0,0,,autumn,0,0,1,0
617800227,8.1,3.2033968,none,0.0,0.0,23.024525,41.399998,72.23141,1004.87213,,2024-09-30 06:32:05.124182,2024-09-30 18:07:14.154965,695.1505130500001,0,1,0,0,0,0,,autumn,0,0,1,1
617745027,12.65,8.7209,none,0.0,0.0,20.634155,38.519997,65.49419,1007.1648,,2024-09-30 06:31:16.538945,2024-09-30 18:06:15.461639,694.9820449,0,0,1,0,0,0,,autumn,0,0,1,0
617736827,12.85,8.7123995,none,0.0,0.0,22.06377,37.079998,64.6422,1004.086,,2024-09-30 06:31:27.318923,2024-09-30 18:06:29.653398,695.0389079166667,0,0,1,0,0,0,,autumn,0,0,1,0
617792427,11.25,8.117092,none,0.0,0.0,16.299694,32.039997,75.35963,1002.1414,,2024-09-30 06:32:10.989156,2024-09-30 18:07:22.544753,695.1925932833333,0,0,1,0,0,0,,autumn,0,0,1,0
618096027,10.6,7.7007704,none,0.0,0.0,15.027575,25.919998,79.76841,1005.31964,,2024-09-30 06:31:29.487970,2024-09-30 18:06:28.127746,694.9773296000001,0,0,1,0,0,0,,autumn,0,0,1,0
618152427,11.2,8.212882,none,0.0,0.0,15.299999,30.239998,75.6097,1006.1795,,2024-09-30 06:32:18.521084,2024-09-30 18:07:20.806196,695.0380852,0,0,1,0,0,0,,autumn,0,0,1,0
617733027,12.45,8.461245,none,0.0,0.0,21.201067,40.68,66.817184,1004.01465,,2024-09-30 06:32:06.703215,2024-09-30 18:07:12.189838,695.0914437166666,0,0,1,0,0,0,,autumn,0,0,1,0
617775027,12.8,8.593016,none,0.0,0.0,22.539564,39.6,64.85403,1002.31335,,2024-09-30 06:31:45.809959,2024-09-30 18:06:54.205059,695.1399183333334,0,0,1,0,0,0,,autumn,0,0,1,0
617765627,10.75,6.414215,none,0.0,0.0,21.9718,41.399998,69.526184,1002.65424,,2024-09-30 06:31:58.398401,2024-09-30 18:07:08.009590,695.1601864833334,0,0,1,0,0,0,,autumn,0,0,1,0
618000827,9.7,7.0571194,none,0.0,0.0,14.027302,24.48,87.35514,1005.01184,,2024-09-30 06:31:24.454659,2024-09-30 18:06:32.196573,695.1290319,0,0,1,0,0,0,,autumn,0,0,0,0
618044627,12.4,7.7122993,none,0.0,0.0,24.162947,42.12,61.69863,1005.7427,,2024-09-30 06:31:23.507698,2024-09-30 18:06:31.329075,695.1303562833333,0,0,1,0,0,0,,autumn,0,0,1,0
617762427,12.85,8.329396,none,0.0,0.0,23.090569,40.68,60.11414,1009.7756,,2024-09-30 06:30:33.054159,2024-09-30 18:05:46.346725,695.2215427666666,0,0,1,0,0,0,,autumn,0,0,1,0
619606427,10.75,6.5885887,none,0.0,0.0,20.924952,38.16,70.01018,1006.51575,,2024-09-30 06:31:02.710972,2024-09-30 18:06:05.100933,695.0398326833333,0,0,1,0,0,0,,autumn,0,0,1,0
617717427,12.2,9.083832,none,0.0,0.0,16.021011,28.44,70.29653,1004.42163,,2024-09-30 06:31:14.418497,2024-09-30 18:06:18.020621,695.0600354,0,0,1,0,0,0,,autumn,0,0,1,0
618368227,12.8,8.593016,none,0.0,0.0,22.539564,39.6,64.85403,1004.7018,,2024-09-30 06:31:48.050591,2024-09-30 18:06:55.555198,695.1250767833334,0,0,1,0,0,0,,autumn,0,0,1,0
617756027,11.65,7.476061,none,0.0,0.0,21.01071,37.8,65.95662,1003.35583,,2024-09-30 06:31:37.005303,2024-09-30 18:06:31.790661,694.9130893,0,0,1,0,0,0,,autumn,0,0,1,0
617760627,11.65,7.476061,none,0.0,0.0,21.01071,37.8,65.95662,1004.07513,,2024-09-30 06:31:44.454355,2024-09-30 18:06:39.945970,694.9248602499999,0,0,1,0,0,0,,autumn,0,0,1,0
618375827,8.85,4.2450266,none,0.0,0.0,22.517992,36.0,74.16775,1009.1665,,2024-09-30 06:31:17.078248,2024-09-30 18:06:24.714025,695.12726295,0,1,0,0,0,0,,autumn,0,0,1,1
617957627,8.55,3.7622375,none,0.0,0.0,23.080044,39.239998,73.08211,1005.8098,,2024-09-30 06:31:18.035685,2024-09-30 18:06:29.987967,695.1992047,0,1,0,0,0,0,,autumn,0,0,1,1
617770827,10.0,5.8186827,none,0.0,0.0,20.91256,40.32,73.09284,1004.577,,2024-09-30 06:32:23.991372,2024-09-30 18:07:38.252571,695.23768665,0,1,0,0,0,0,,autumn,0,0,1,1
617976427,10.95,6.5588923,none,0.0,0.0,22.5,41.039997,69.08586,1003.87146,,2024-09-30 06:31:18.641628,2024-09-30 18:06:31.112994,695.2078561,0,0,1,0,0,0,,autumn,0,0,1,0
617817427,8.25,4.562476,none,0.0,0.0,17.304358,36.0,81.38615,1005.41223,,2024-10-01 06:32:27.393643,2024-10-01 18:02:58.910521,690.5252813000001,0,0,1,1,0,0,,autumn,0,0,1,0
617862827,17.75,14.78326,none,0.0,0.0,18.547861,33.48,56.539207,1004.1606,,2024-10-01 06:33:01.068451,2024-10-01 18:03:33.222464,690.5359002166666,0,0,1,1,0,0,,autumn,0,0,1,0
617886027,15.75,13.155277,none,0.0,0.0,15.725037,31.319998,63.545322,1002.3905,,2024-10-01 06:32:17.834213,2024-10-01 18:02:49.405057,690.5261807333334,0,0,1,1,0,0,,autumn,0,0,1,0
617929227,12.1,9.224871,none,0.0,0.0,15.876775,25.199999,75.24634,1001.1234,,2024-10-01 06:33:39.369521,2024-10-01 18:04:06.431407,690.4510314333334,0,1,0,1,0,0,,autumn,0,0,1,1
617901227,15.3,12.583115,none,0.0,0.0,16.109747,31.319998,64.30844,1002.9335,,2024-10-01 06:33:16.515298,2024-10-01 18:03:37.977227,690.3576988166666,0,0,1,1,0,0,,autumn,0,0,1,0
617972427,11.75,8.959494,none,0.0,0.0,14.869351,24.84,75.701675,1001.6426,,2024-10-01 06:33:30.445234,2024-10-01 18:04:00.217179,690.4961990833333,0,1,0,1,0,0,,autumn,0,0,0,1
617826427,11.05,7.2856255,none,0.0,0.0,19.662888,38.16,73.28378,1004.6491,,2024-10-01 06:32:30.855990,2024-10-01 18:03:00.442714,690.4931120666666,0,0,1,1,0,0,,autumn,0,0,1,0
618257827,15.15,12.552681,none,0.0,0.0,14.84318,29.16,63.840996,1002.07544,,2024-10-01 06:33:28.625493,2024-10-01 18:03:51.103403,690.3746318333334,0,0,1,1,0,0,,autumn,0,0,0,0
618023227,9.3,5.1829157,none,0.0,0.0,20.620806,39.239998,77.14046,1003.71295,,2024-10-01 06:34:15.497731,2024-10-01 18:04:39.840015,690.4057047333333,0,0,1,1,0,0,,autumn,0,0,1,0
617909627,13.1,10.251767,none,0.0,0.0,16.388899,28.44,72.41388,1003.0137,,2024-10-01 06:32:37.494226,2024-10-01 18:03:10.977462,690.5580539333333,0,1,0,1,0,0,,autumn,0,0,1,1
617862427,15.05,11.97484,none,0.0,0.0,17.505404,37.079998,62.74427,999.93494,,2024-10-01 06:34:20.482398,2024-10-01 18:04:37.711839,690.28715735,0,0,1,1,0,0,,autumn,0,0,1,0
617822027,8.15,4.4646187,none,0.0,0.0,17.363237,34.2,82.22545,1005.9158,,2024-10-01 06:32:38.963252,2024-10-01 18:03:20.262418,690.6883194333333,0,0,1,1,0,0,,autumn,0,0,1,0
617931427,7.0,2.628183,none,0.0,0.0,20.778112,38.16,83.52605,1002.25525,,2024-10-01 06:34:06.677150,2024-10-01 18:04:38.622011,690.5324143500001,0,0,1,1,0,0,,autumn,0,0,1,0
617984827,13.0,10.048075,none,0.0,0.0,17.1,30.239998,72.88841,1002.21466,,2024-10-01 06:34:16.642659,2024-10-01 18:04:45.933404,690.4881790833333,0,1,0,1,0,0,,autumn,0,0,1,1
617989627,17.0,13.888838,none,0.0,0.0,18.900856,34.56,57.897472,1005.39606,,2024-10-01 06:33:16.888944,2024-10-01 18:03:49.345342,690.5409399666667,0,0,1,1,0,0,,autumn,0,0,1,0
617912227,13.05,10.215166,none,0.0,0.0,16.208996,27.0,72.40466,1003.29144,,2024-10-01 06:33:47.608445,2024-10-01 18:04:19.366225,690.5292963333334,0,1,0,1,0,0,,autumn,0,0,1,1
618613427,13.75,10.85309,none,0.0,0.0,16.546299,28.44,68.943,1003.1522,,2024-10-01 06:33:06.586388,2024-10-01 18:03:27.112034,690.3420941,1,0,0,1,0,0,,autumn,0,0,1,0
618901627,14.2,11.543722,none,0.0,0.0,15.426535,27.72,68.336334,1003.3198,,2024-10-01 06:32:18.665962,2024-10-01 18:02:50.816297,690.5358389166666,0,0,1,1,0,0,,autumn,0,0,1,0
618979627,17.45,14.270712,none,0.0,0.0,18.741621,35.64,54.955124,999.1391,,2024-10-01 06:33:13.335156,2024-10-01 18:03:53.027874,690.6615453,0,0,1,1,0,0,,autumn,0,0,1,0
617845027,15.95,12.891718,none,0.0,0.0,18.180891,36.0,61.06404,1002.2426,,2024-10-01 06:32:34.000123,2024-10-01 18:03:01.100952,690.4516804833333,0,0,1,1,0,0,,autumn,0,0,1,0
617815827,6.95,2.6307983,none,0.0,0.0,20.20896,33.12,82.93723,1003.83527,,2024-10-01 06:33:18.467828,2024-10-01 18:03:45.767916,690.4550014666668,0,0,1,1,0,0,,autumn,0,0,1,0
617920027,12.95,10.156184,none,0.0,0.0,15.84,25.919998,72.6324,1005.05695,,2024-10-01 06:33:22.457301,2024-10-01 18:03:54.286254,690.53048255,0,1,0,1,0,0,,autumn,0,0,1,1
618066627,17.7,14.754555,none,0.0,0.0,17.673029,33.839996,55.205807,1000.1125,,2024-10-01 06:33:01.140801,2024-10-01 18:03:45.172639,690.7338639666667,0,0,1,1,0,0,,autumn,0,0,1,0
617826827,12.65,9.249181,none,0.0,0.0,18.466455,37.8,69.666824,1001.50665,,2024-10-01 06:33:54.185933,2024-10-01 18:04:30.016300,690.5971727833333,0,0,1,1,0,0,,autumn,0,0,1,0
617957827,7.95,4.1406746,none,0.0,0.0,17.992796,34.92,82.48602,1002.88617,,2024-10-01 06:33:11.626776,2024-10-01 18:03:51.240405,690.66022715,0,0,1,1,0,0,,autumn,0,0,1,0
617876027,17.0,13.888838,none,0.0,0.0,18.900856,34.56,57.897472,1004.57043,,2024-10-01 06:33:25.039579,2024-10-01 18:03:56.597152,690.5259595499999,0,0,1,1,0,0,,autumn,0,0,1,0
618113227,9.15,5.155199,none,0.0,0.0,20.082708,38.16,79.01064,996.6391,,2024-10-01 06:33:43.807496,2024-10-01 18:04:23.602817,690.66325535,0,0,1,1,0,0,,autumn,0,0,1,0
618051427,13.05,10.36057,none,0.0,0.0,15.299999,25.199999,72.6507,1004.5842,,2024-10-01 06:33:13.797180,2024-10-01 18:03:48.008528,690.5701891333333,0,1,0,1,0,0,,autumn,0,0,1,1
617927227,12.1,9.193146,none,0.0,0.0,15.922626,26.28,74.73582,996.9952,,2024-10-01 06:33:40.633435,2024-10-01 18:04:16.914248,690.6046802166667,0,1,0,1,0,0,,autumn,0,0,1,1
618313227,9.5,5.5238876,none,0.0,0.0,19.879206,37.44,76.90568,1006.2459,,2024-10-01 06:32:27.399167,2024-10-01 18:02:56.792981,690.4898969000001,0,0,1,1,0,0,,autumn,0,0,1,0
618683827,17.95,14.904236,none,0.0,0.0,18.180891,34.56,53.97732,1000.323,,2024-10-01 06:33:12.808245,2024-10-01 18:03:50.190916,690.6230445166667,0,0,1,1,0,0,,autumn,0,0,1,0
617834827,13.55,10.669086,none,0.0,0.0,15.151039,33.839996,66.36787,994.6982,,2024-10-01 06:34:56.471642,2024-10-01 18:06:02.074296,691.0933775666667,0,0,1,1,0,0,,autumn,0,0,1,0
617913827,12.8,10.016706,none,0.0,0.0,15.506141,25.919998,72.60491,1006.00696,,2024-10-01 06:32:00.749902,2024-10-01 18:02:36.581702,690.5971966666667,0,1,0,1,0,0,,autumn,0,0,1,1
617819627,7.95,4.1406746,none,0.0,0.0,17.992796,34.92,82.48602,1003.1291,,2024-10-01 06:33:17.040900,2024-10-01 18:03:55.939199,690.6483049833333,0,0,1,1,0,0,,autumn,0,0,1,0
617995827,12.6,9.739641,none,0.0,0.0,16.208996,28.08,74.063736,1002.86304,,2024-10-01 06:32:50.363781,2024-10-01 18:03:16.304574,690.43234655,0,1,0,1,0,0,,autumn,0,0,1,1
617810427,8.65,3.748423,none,0.0,0.0,22.798264,42.12,68.61319,1002.29706,,2024-10-01 06:34:16.037190,2024-10-01 18:04:33.791141,690.2958991833333,0,1,0,1,0,0,,autumn,0,0,1,1
617814627,7.1,2.553566,none,0.0,0.0,21.492483,39.6,80.946465,1004.8962,,2024-10-01 06:34:16.894098,2024-10-01 18:04:45.735225,690.48068545,0,1,0,1,0,0,,autumn,0,0,1,1
617897027,14.0,11.174502,none,0.0,0.0,16.32055,28.44,68.52737,999.31354,,2024-10-01 06:33:30.163879,2024-10-01 18:04:06.019139,690.5975876666666,0,0,1,1,0,0,,autumn,0,0,1,0
617799627,8.4,3.4353356,none,0.0,0.0,23.688984,42.12,71.528625,1005.25806,,2024-10-01 06:34:12.549421,2024-10-01 18:04:36.994211,690.4074131666667,0,1,0,1,0,0,,autumn,0,0,1,1
618063627,13.55,10.774481,none,0.0,0.0,12.566526,21.96,61.33247,997.70245,,2024-10-02 06:34:28.641478,2024-10-02 18:00:21.139123,685.87496075,0,1,0,2,0,0,,autumn,0,0,0,1
617988227,16.6,13.691221,none,0.0,0.0,13.633737,28.08,50.75912,1001.83386,,2024-10-02 06:35:16.651967,2024-10-02 18:01:04.744565,685.8015433,0,0,1,2,0,0,,autumn,0,0,0,0
617961827,11.85,8.207901,none,0.0,0.0,15.021105,25.199999,58.010067,994.11926,,2024-10-02 06:35:28.305115,2024-10-02 18:01:31.520186,686.0535845166667,0,0,1,2,0,0,,autumn,0,0,1,0
618003427,9.75,6.00515,none,0.0,0.0,14.545515,23.039999,62.598854,998.2457,,2024-10-02 06:35:18.705404,2024-10-02 18:01:21.228338,686.0420489,0,0,1,2,0,0,,autumn,0,0,0,0
618033227,17.65,14.862158,none,0.0,0.0,14.174356,24.84,50.349262,1000.71625,,2024-10-02 06:35:01.335687,2024-10-02 18:01:04.714356,686.0563111499999,0,0,1,2,0,0,,autumn,0,0,0,0
618327427,11.85,8.704823,none,0.0,0.0,11.953409,22.319998,59.03718,996.8114,,2024-10-02 06:36:21.273591,2024-10-02 18:02:10.886469,685.8268813,0,1,0,2,0,0,,autumn,0,0,0,1
618071227,12.9,10.075362,none,0.0,0.0,12.362475,20.519999,62.461372,1000.3489,,2024-10-02 06:34:18.830937,2024-10-02 18:00:16.903797,685.967881,0,1,0,2,0,0,,autumn,0,0,0,1
618561027,15.4,12.551535,none,0.0,0.0,13.379461,22.68,55.17892,999.73706,,2024-10-02 06:35:35.215344,2024-10-02 18:01:29.358262,685.9023819666667,1,0,0,2,0,0,,autumn,0,0,0,0
618021427,18.8,16.254295,none,0.0,0.0,13.437455,26.64,48.635643,1000.55023,,2024-10-02 06:35:01.978604,2024-10-02 18:00:53.251993,685.8545564833333,0,0,1,2,0,0,,autumn,0,0,0,0
618035027,17.4,14.658724,none,0.0,0.0,14.021525,24.84,51.50067,1000.4481,,2024-10-02 06:34:45.659946,2024-10-02 18:00:38.408961,685.8791502500001,0,0,1,2,0,0,,autumn,0,0,0,0
618073427,12.2,9.280958,none,0.0,0.0,12.330985,22.319998,63.38883,999.15466,,2024-10-02 06:34:40.890995,2024-10-02 18:00:37.047557,685.9359426999999,0,1,0,2,0,0,,autumn,0,0,0,1
618037027,17.25,14.9748535,none,0.0,0.0,10.825469,21.24,51.991123,993.50525,,2024-10-02 06:36:27.137180,2024-10-02 18:02:35.886852,686.1458278666667,0,0,1,2,0,0,,autumn,0,0,0,0
618060627,14.0,11.374967,none,0.0,0.0,12.007498,20.16,60.808914,1001.62476,,2024-10-02 06:34:41.592860,2024-10-02 18:00:41.739411,686.0024425166666,0,1,0,2,0,0,,autumn,0,0,0,1
618239627,11.65,8.480021,none,0.0,0.0,12.88981,24.48,62.168713,997.0953,,2024-10-02 06:36:07.447444,2024-10-02 18:02:05.488959,685.9673585833333,0,0,1,2,0,0,,autumn,0,0,0,0
618077227,17.6,14.981676,none,0.0,0.0,13.513193,24.119999,51.554173,997.4945,,2024-10-02 06:36:13.343467,2024-10-02 18:02:02.650792,685.82178875,0,0,1,2,0,0,,autumn,0,0,0,0
618276627,16.6,13.691221,none,0.0,0.0,13.633737,28.08,50.75912,999.36523,,2024-10-02 06:35:00.467066,2024-10-02 18:00:47.851786,685.7897453333334,0,0,1,2,0,0,,autumn,0,0,0,0
617978427,13.55,10.331337,none,0.0,0.0,13.3649235,26.64,55.273373,1001.5319,,2024-10-02 06:36:19.908013,2024-10-02 18:02:14.335136,685.9071187166667,0,0,1,2,0,0,,autumn,0,0,0,0
617991227,17.2,14.0517845,none,0.0,0.0,14.197196,27.72,46.558388,997.1038,,2024-10-02 06:35:15.628462,2024-10-02 18:01:20.280325,686.07753105,0,0,1,2,0,0,,autumn,0,0,0,0
619182227,19.15,16.334564,none,0.0,0.0,14.277983,26.64,45.675243,1000.4179,,2024-10-02 06:34:35.276968,2024-10-02 18:00:36.065653,686.01314475,0,0,1,2,0,0,,autumn,0,0,0,0
618026027,19.0,16.517889,none,0.0,0.0,12.241323,25.56,46.579823,996.2766,,2024-10-02 06:35:31.138475,2024-10-02 18:01:45.153199,686.2335787333334,0,0,1,2,0,0,,autumn,0,0,0,0
618072627,12.85,9.857205,none,0.0,0.0,13.287122,21.599998,62.019203,998.14844,,2024-10-02 06:35:58.499156,2024-10-02 18:01:57.720479,685.98702205,0,1,0,2,0,0,,autumn,0,0,0,1
618081427,9.75,6.6924553,none,0.0,0.0,8.656858,13.679999,58.512222,997.37646,,2024-10-02 06:34:36.858206,2024-10-02 18:00:46.061403,686.1533866166667,0,1,0,2,0,0,,autumn,0,0,0,1
618843627,15.5,12.298706,none,0.0,0.0,13.748513,26.64,49.93691,1002.6743,,2024-10-02 06:34:31.770930,2024-10-02 18:00:40.365348,686.1432403,0,0,1,2,0,0,,autumn,0,0,0,0
618042027,17.15,14.584938,none,0.0,0.0,12.730467,23.4,52.142475,1000.1002,,2024-10-02 06:35:00.466187,2024-10-02 18:00:45.196042,685.7454975833333,0,0,1,2,0,0,,autumn,0,0,0,0
618192627,12.65,9.875496,none,0.0,0.0,12.172312,19.08,63.93212,1000.85223,,2024-10-02 06:35:00.461670,2024-10-02 18:01:00.368866,685.9984532666666,0,1,0,2,0,0,,autumn,0,0,0,1
619121627,11.85,9.145289,none,0.0,0.0,11.08572,19.8,65.54468,996.8884,,2024-10-02 06:36:03.143942,2024-10-02 18:01:50.300313,685.7859395166666,0,1,0,2,0,0,,autumn,0,0,0,1
618203227,13.95,11.245626,none,0.0,0.0,12.313894,21.24,60.380016,997.25757,,2024-10-02 06:35:51.331524,2024-10-02 18:01:38.065389,685.77889775,0,1,0,2,0,0,,autumn,0,0,0,1
618401827,12.95,9.926169,none,0.0,0.0,13.8049555,23.039999,62.47302,1000.7509,,2024-10-02 06:35:07.992453,2024-10-02 18:00:58.658136,685.84442805,0,1,0,2,0,0,,autumn,0,0,0,1
618900427,17.4,14.899855,none,0.0,0.0,12.284918,22.68,51.32493,995.6926,,2024-10-02 06:35:23.925970,2024-10-02 18:01:37.580547,686.2275762833334,0,0,1,2,0,0,,autumn,0,0,0,0
618156227,17.65,14.84301,none,0.0,0.0,14.05845,25.199999,49.83497,994.8963,,2024-10-02 06:35:16.510269,2024-10-02 18:01:21.619305,686.0851506,0,0,1,2,0,0,,autumn,0,0,0,0
629316027,11.3,8.511556,none,0.0,0.0,10.630672,20.519999,64.74356,1000.07336,,2024-10-02 06:34:44.635527,2024-10-02 18:00:39.052577,685.9069508333333,0,1,0,2,0,0,,autumn,0,0,0,1
618049427,14.0,11.374967,none,0.0,0.0,12.007498,20.16,60.808914,1003.0516,,2024-10-02 06:34:45.907478,2024-10-02 18:00:48.972466,686.0510831333333,0,1,0,2,0,0,,autumn,0,0,0,1
618548027,19.2,16.153738,none,0.0,0.0,15.696165,27.0,45.222523,998.4605,,2024-10-02 06:35:08.377625,2024-10-02 18:01:04.012035,685.9272401666666,0,0,1,2,0,0,,autumn,0,0,1,0
618324227,11.65,8.588067,none,0.0,0.0,12.362475,23.759998,62.82284,1001.06866,,2024-10-02 06:34:53.244128,2024-10-02 18:00:39.089176,685.7640841333334,0,0,1,2,0,0,,autumn,0,0,0,0
618051627,14.05,11.347215,none,0.0,0.0,12.145665,21.24,59.578068,999.0188,,2024-10-02 06:35:14.793628,2024-10-02 18:01:17.929119,686.0522581833334,0,1,0,2,0,0,,autumn,0,0,0,1
618054027,19.15,16.090845,none,0.0,0.0,15.784676,27.72,45.363617,1001.3141,,2024-10-02 06:35:00.885955,2024-10-02 18:01:00.206150,685.9886699166667,0,0,1,2,0,0,,autumn,0,0,1,0
618075227,13.0,9.957954,none,0.0,0.0,14.083778,24.119999,62.700768,1001.86835,,2024-10-02 06:36:20.859377,2024-10-02 18:02:13.569824,685.8785074499999,0,1,0,2,0,0,,autumn,0,0,0,1
618190827,11.8,8.920082,none,0.0,0.0,10.134495,16.56,59.232166,999.3402,,2024-10-03 06:36:50.152722,2024-10-03 17:58:07.808192,681.2942578333333,0,1,0,3,0,0,,autumn,0,0,0,1
618198027,11.2,8.305803,none,0.0,0.0,9.360001,14.4,58.875614,1001.0229,,2024-10-03 06:37:08.355924,2024-10-03 17:58:36.130808,681.4629147333333,0,1,0,3,0,0,,autumn,0,0,0,1
618186827,13.75,11.177671,none,0.0,0.0,8.649369,12.599999,53.80275,996.38214,,2024-10-03 06:37:30.261090,2024-10-03 17:58:46.220941,681.2659975166666,0,1,0,3,0,0,,autumn,0,0,0,1
618188627,13.25,10.388146,none,0.0,0.0,9.335737,14.4,51.999203,993.0583,,2024-10-03 06:37:37.895014,2024-10-03 17:59:07.676276,681.4963543666667,0,1,0,3,0,0,,autumn,0,0,0,1
618282427,5.2,2.010242,none,0.0,0.0,9.741642,13.32,80.682335,999.5103,,2024-10-03 06:37:13.233264,2024-10-03 17:58:33.537275,681.3384001833333,0,0,1,3,0,0,,autumn,0,0,0,0
618097027,8.05,5.5756626,none,0.0,0.0,6.945761,11.879999,74.54764,997.3746,,2024-10-03 06:37:46.161841,2024-10-03 17:59:01.840361,681.2613086666667,0,0,1,3,0,0,,autumn,0,0,0,0
618196627,13.7,11.08838,none,0.0,0.0,8.431228,13.32,52.671864,995.4333,,2024-10-03 06:38:10.201279,2024-10-03 17:59:43.174497,681.5495536333333,0,1,0,3,0,0,,autumn,0,0,0,1
618111227,11.1,8.492826,none,0.0,0.0,8.0599,15.119999,61.389378,998.0486,,2024-10-03 06:37:22.337539,2024-10-03 17:58:38.521049,681.2697251666667,0,0,1,3,0,0,,autumn,0,0,0,0
618185427,18.15,16.284054,none,0.0,0.0,6.638072,15.4800005,46.342976,998.0113,,2024-10-03 06:37:32.388024,2024-10-03 17:58:51.027999,681.3106662499999,0,0,1,3,0,0,,autumn,0,0,0,0
618097627,8.35,5.494193,none,0.0,0.0,8.2584505,11.879999,68.06686,998.2406,,2024-10-03 06:37:37.582781,2024-10-03 17:58:55.474697,681.2981986,0,0,1,3,0,0,,autumn,0,0,0,0
618120627,11.1,8.492826,none,0.0,0.0,8.0599,15.119999,61.389378,999.00525,,2024-10-03 06:37:15.205793,2024-10-03 17:58:36.168827,681.3493839,0,0,1,3,0,0,,autumn,0,0,0,0
618288827,14.85,12.517633,none,0.0,0.0,8.083983,12.599999,52.795326,991.0816,,2024-10-03 06:37:41.160122,2024-10-03 17:59:15.320538,681.5693402666667,1,0,0,3,0,0,,autumn,0,0,0,0
618290227,11.7,8.849672,none,0.0,0.0,9.257321,14.759999,57.56564,996.4721,,2024-10-03 06:36:32.238538,2024-10-03 17:58:08.991609,681.6125511833333,0,1,0,3,0,0,,autumn,0,0,0,1
619034227,11.95,9.063792,none,0.0,0.0,10.383987,17.28,59.269238,997.56134,,2024-10-03 06:36:23.552269,2024-10-03 17:57:40.244495,681.2782037666667,0,1,0,3,0,0,,autumn,0,0,0,1
618163227,20.05,17.239866,none,0.0,0.0,12.638512,23.4,40.324505,996.28094,,2024-10-03 06:37:32.994385,2024-10-03 17:58:43.482651,681.1748044333333,0,0,1,3,0,0,,autumn,0,0,0,0
618240627,12.1,9.3845005,none,0.0,0.0,8.93859,14.04,57.869656,999.9134,,2024-10-03 06:36:32.270623,2024-10-03 17:58:01.743235,681.4912102,0,1,0,3,0,0,,autumn,0,0,0,1
618187227,14.25,11.621112,none,0.0,0.0,9.107359,14.4,52.268845,999.7076,,2024-10-03 06:37:07.578126,2024-10-03 17:58:20.177192,681.2099844333334,0,1,0,3,0,0,,autumn,0,0,0,1
618153627,7.25,4.209015,none,0.0,0.0,9.028754,14.759999,71.30603,1000.49286,,2024-10-03 06:37:10.687129,2024-10-03 17:58:39.815767,681.4854773000001,0,1,0,3,0,0,,autumn,0,0,0,1
618180627,17.3,15.724455,none,0.0,0.0,7.1321807,14.759999,54.175335,996.0872,,2024-10-03 06:37:41.959346,2024-10-03 17:58:52.440904,681.1746926333333,0,0,1,3,0,0,,autumn,0,0,0,0
618189027,11.5,8.685827,none,0.0,0.0,9.82114,14.04,60.842365,993.5058,,2024-10-03 06:37:43.478694,2024-10-03 17:59:22.993087,681.6585732166666,0,1,0,3,0,0,,autumn,0,0,0,1
618127027,8.6,5.7285633,none,0.0,0.0,9.007196,12.959999,69.333496,996.95483,,2024-10-03 06:38:20.605795,2024-10-03 17:59:33.238323,681.2105421333333,0,1,0,3,0,0,,autumn,0,0,0,1
618995627,11.55,8.506207,none,0.0,0.0,10.650465,17.64,58.34382,998.7696,,2024-10-03 06:36:48.174259,2024-10-03 17:58:10.962550,681.3798048499999,0,1,0,3,0,0,,autumn,0,0,0,1
618427227,12.35,9.53121,none,0.0,0.0,9.107359,14.4,55.348434,997.44855,,2024-10-03 06:36:57.038373,2024-10-03 17:58:32.445503,681.5901188333333,0,1,0,3,0,0,,autumn,0,0,0,1
618680427,19.45,17.557537,none,0.0,0.0,9.3876505,20.519999,47.505966,1000.21344,,2024-10-03 06:36:53.075187,2024-10-03 17:58:10.825057,681.2958311666666,0,0,1,3,0,0,,autumn,0,0,0,0
618145227,19.4,17.184803,none,0.0,0.0,10.661107,22.319998,45.901535,996.0479,,2024-10-03 06:38:10.128009,2024-10-03 17:59:43.085164,681.5492859166666,0,0,1,3,0,0,,autumn,0,0,0,0
618156027,20.45,17.589905,none,0.0,0.0,12.140329,23.039999,37.872192,998.47064,,2024-10-03 06:36:37.309449,2024-10-03 17:57:54.779039,681.2911598333334,0,0,1,3,0,0,,autumn,0,0,0,0
618292427,9.1,5.8442154,none,0.0,0.0,10.6261,16.199999,63.339973,992.83905,,2024-10-03 06:37:27.032010,2024-10-03 17:58:56.647277,681.4935877833334,0,0,1,3,0,0,,autumn,0,0,0,0
618280427,15.8,14.189371,none,0.0,0.0,5.3699164,14.4,54.904068,998.05554,,2024-10-03 06:37:44.739848,2024-10-03 17:59:01.053458,681.2718934999999,0,0,1,3,0,0,,autumn,0,0,0,0
619988827,15.05,12.7134495,none,0.0,0.0,8.260411,12.24,52.483257,992.7377,,2024-10-03 06:37:37.726481,2024-10-03 17:59:09.478589,681.5292018,0,0,1,3,0,0,,autumn,0,0,0,0
618386227,20.2,17.352484,none,0.0,0.0,12.585848,24.48,39.40425,999.0521,,2024-10-03 06:37:09.384472,2024-10-03 17:58:26.077471,681.27821665,0,0,1,3,0,0,,autumn,0,0,0,0
618240227,13.75,11.177671,none,0.0,0.0,8.649369,12.599999,53.80275,997.09155,,2024-10-03 06:37:15.939863,2024-10-03 17:58:33.365846,681.29043305,0,1,0,3,0,0,,autumn,0,0,0,1
618188427,20.2,17.55293,none,0.0,0.0,12.0694,23.759998,40.927074,998.3568,,2024-10-03 06:38:08.994305,2024-10-03 17:59:26.447128,681.2908803833333,0,0,1,3,0,0,,autumn,0,0,0,0
618190227,12.05,9.37721,none,0.0,0.0,9.059205,12.959999,59.293926,999.3555,,2024-10-03 06:37:02.863550,2024-10-03 17:58:26.640495,681.3962824166666,0,1,0,3,0,0,,autumn,0,0,0,1
618173827,20.55,17.400316,none,0.0,0.0,12.882267,23.4,35.479393,999.2874,,2024-10-03 06:37:07.667819,2024-10-03 17:58:37.259706,681.4931981166667,0,0,1,3,0,0,,autumn,0,0,0,0
618435827,10.7,8.765809,none,0.0,0.0,12.88981,22.68,93.8528,992.0967,,2024-10-04 06:39:05.854440,2024-10-04 17:56:03.752040,676.9649599999999,0,1,0,4,0,0,,autumn,0,0,0,1
618341227,10.9,8.878223,none,0.0,0.0,13.298089,22.68,91.99421,997.2233,,2024-10-04 06:39:31.465331,2024-10-04 17:56:20.004622,676.8089881833333,0,1,0,4,0,0,,autumn,0,0,0,1
618296627,11.0,8.282995,rain,2.0,0.0,16.203999,25.56,85.43307,994.7437,,2024-10-04 06:39:32.676653,2024-10-04 17:56:19.139293,676.7743773333333,0,0,1,4,0,0,,autumn,0,0,1,0
618336027,10.55,8.363434,rain,0.2,0.0,14.428097,26.64,94.1611,990.25415,,2024-10-04 06:40:26.104159,2024-10-04 17:56:53.751199,676.4607840000001,0,1,0,4,0,0,,autumn,0,0,0,1
618338027,10.55,8.51848,rain,0.5,0.0,13.3649235,25.56,94.1611,987.06866,,2024-10-04 06:40:20.159350,2024-10-04 17:57:25.350449,677.0865183166667,0,1,0,4,0,0,,autumn,0,0,0,1
618741827,10.8,8.598583,rain,0.4,0.0,14.529915,25.199999,92.60757,988.88666,,2024-10-04 06:39:25.328506,2024-10-04 17:56:21.897914,676.9428234666667,0,1,0,4,0,0,,autumn,0,0,0,1
618380427,12.0,9.725155,rain,0.9,0.0,9.927779,23.039999,70.257256,994.0084,,2024-10-04 06:39:33.523187,2024-10-04 17:56:12.997146,676.6578993166667,0,0,1,4,0,0,,autumn,0,0,0,0
618357027,13.0,9.617778,none,0.0,0.0,13.104198,26.28,53.41567,996.5448,,2024-10-04 06:40:02.863074,2024-10-04 17:56:49.534634,676.7778593333334,0,0,1,4,0,0,,autumn,0,0,0,0
618337627,10.95,8.805765,rain,0.5,0.0,14.330079,26.28,92.30616,997.944,,2024-10-04 06:38:40.210207,2024-10-04 17:55:39.218479,676.9834711999999,1,0,0,4,0,0,,autumn,0,0,0,0
618336627,10.7,8.700772,rain,0.4,0.0,13.239486,24.84,93.538704,993.8897,,2024-10-04 06:38:28.739720,2024-10-04 17:55:10.923683,676.7030660500001,0,1,0,4,0,0,,autumn,0,0,0,1
618341427,10.75,8.832628,none,0.0,0.0,12.678185,21.599998,93.2281,994.6642,,2024-10-04 06:39:27.510353,2024-10-04 17:56:14.429760,676.7819901166666,0,1,0,4,0,0,,autumn,0,0,0,1
618598627,10.6,8.443157,rain,0.4,0.0,14.128566,26.28,93.53376,988.8699,,2024-10-04 06:39:41.269961,2024-10-04 17:56:41.412482,677.0023753500001,0,1,0,4,0,0,,autumn,0,0,0,1
618332227,11.3,8.869492,rain,1.3,0.0,16.486465,26.64,90.794914,997.6606,,2024-10-04 06:38:42.703723,2024-10-04 17:55:40.235103,676.9588563333333,0,0,1,4,0,0,,autumn,0,0,1,0
618436827,13.05,9.76966,rain,0.3,0.0,12.879752,26.64,54.56643,997.2391,,2024-10-04 06:38:32.923518,2024-10-04 17:55:26.896282,676.8995460666666,0,0,1,4,0,0,,autumn,0,0,0,0
618616027,11.45,9.248586,rain,1.2,0.0,10.914888,23.039999,77.48061,994.1095,,2024-10-04 06:40:18.727276,2024-10-04 17:56:58.050693,676.6553902833333,0,0,1,4,0,0,,autumn,0,0,0,0
620668427,11.3,7.9372873,none,0.0,0.0,11.052058,18.359999,53.719975,993.1481,,2024-10-04 06:39:58.031084,2024-10-04 17:56:36.980913,676.6491638166666,0,0,1,4,0,0,,autumn,0,0,0,0
618794627,11.7,7.789895,none,0.0,0.0,14.087228,22.319998,50.124893,995.0778,,2024-10-04 06:39:25.362805,2024-10-04 17:56:10.577803,676.7535833000001,0,0,1,4,0,0,,autumn,0,0,0,0
618986627,10.8,8.808187,rain,2.5,0.0,12.241323,25.919998,89.848816,993.4829,,2024-10-04 06:39:09.017997,2024-10-04 17:55:43.587732,676.5761622499999,0,0,1,4,0,0,,autumn,0,0,0,0
618232427,11.75,7.610379,none,0.0,0.0,15.661035,28.44,49.959763,987.1736,,2024-10-04 06:39:38.111898,2024-10-04 17:56:39.500465,677.0231427833334,0,0,1,4,0,0,,autumn,0,0,1,0
619177627,12.65,9.523207,rain,0.1,0.0,11.35285,26.28,54.653053,995.67194,,2024-10-04 06:40:09.102281,2024-10-04 17:57:18.540509,677.1573038,0,0,1,4,0,0,,autumn,0,0,0,0
619017827,11.15,8.903047,rain,0.6,0.0,15.22783,25.199999,91.70179,993.78033,,2024-10-04 06:39:15.693727,2024-10-04 17:56:01.054913,676.7560197666667,0,0,1,4,0,0,,autumn,0,0,1,0
618527027,11.1,7.4292097,none,0.0,0.0,12.98248,22.319998,53.85812,996.5461,,2024-10-04 06:39:05.315296,2024-10-04 17:55:41.377686,676.6010398333333,0,0,1,4,0,0,,autumn,0,0,0,0
618337227,10.8,8.598583,rain,0.4,0.0,14.529915,25.199999,92.60757,991.7337,,2024-10-04 06:39:43.426820,2024-10-04 17:56:40.554474,676.9521275666667,0,1,0,4,0,0,,autumn,0,0,0,1
618524027,10.75,8.383766,rain,2.0,0.0,13.88919,24.48,87.15808,995.0856,,2024-10-04 06:38:50.621326,2024-10-04 17:55:26.165060,676.5923955666666,0,0,1,4,0,0,,autumn,0,0,0,0
618849427,13.5,9.595638,none,0.0,0.0,15.702356,29.16,49.037598,992.42267,,2024-10-04 06:39:04.343739,2024-10-04 17:56:10.314203,677.0995077333333,0,0,1,4,0,0,,autumn,0,0,1,0
618460427,9.85,7.656212,none,0.0,0.0,8.656858,13.679999,78.57131,997.60144,,2024-10-05 06:41:45.677494,2024-10-05 17:53:44.981929,671.98840725,0,1,0,5,1,0,,autumn,0,0,0,1
618475027,8.8,6.7543926,none,0.0,0.0,7.562142,15.84,84.03076,999.5466,,2024-10-05 06:40:27.797791,2024-10-05 17:52:42.524667,672.2454479333334,0,1,0,5,1,0,,autumn,0,0,0,1
618422427,12.25,9.866795,rain,0.1,0.0,11.571914,23.039999,71.76465,995.7542,,2024-10-05 06:41:18.163490,2024-10-05 17:53:38.790375,672.3437814166666,0,0,1,5,1,0,,autumn,0,0,0,0
618476027,9.5,7.1765566,none,0.0,0.0,9.9408245,16.199999,81.83377,1000.1785,,2024-10-05 06:40:27.245273,2024-10-05 17:52:48.854953,672.3601613333334,0,1,0,5,1,0,,autumn,0,0,0,1
618480227,9.45,6.953537,none,0.0,0.0,11.367109,20.519999,82.95988,995.71606,,2024-10-05 06:42:00.666653,2024-10-05 17:54:19.240233,672.3095596666666,0,1,0,5,1,0,,autumn,0,0,0,1
618360627,8.95,6.868228,none,0.0,0.0,10.957846,19.08,94.73003,999.7187,,2024-10-05 06:40:39.872953,2024-10-05 17:53:06.571409,672.4449742666667,0,1,0,5,1,0,,autumn,0,0,0,1
618413827,12.4,10.228261,rain,0.1,0.0,10.6261,22.68,72.531395,1000.3644,,2024-10-05 06:40:24.953681,2024-10-05 17:52:50.302966,672.4224880833333,0,0,1,5,1,0,,autumn,0,0,0,0
618430227,12.25,10.148996,none,0.0,0.0,10.914888,20.880001,75.52791,994.8822,,2024-10-05 06:41:56.028746,2024-10-05 17:54:00.091894,672.0677191333333,0,0,1,5,1,0,,autumn,0,0,0,0
618443227,11.5,9.343852,none,0.0,0.0,8.477216,18.359999,70.64383,997.0324,,2024-10-05 06:41:25.693233,2024-10-05 17:53:25.168248,671.99125025,0,0,1,5,1,0,,autumn,0,0,0,0
618474227,9.4,6.8101387,none,0.0,0.0,11.767651,19.08,82.38548,998.594,,2024-10-05 06:41:23.361201,2024-10-05 17:53:31.542224,672.1363503833333,0,1,0,5,1,0,,autumn,0,0,0,1
619209827,9.2,6.554143,none,0.0,0.0,12.0720825,20.880001,83.21477,1000.2889,,2024-10-05 06:40:41.953612,2024-10-05 17:52:56.892901,672.2489881500001,0,1,0,5,1,0,,autumn,0,0,0,1
618471227,9.0,6.348364,none,0.0,0.0,11.953409,20.880001,83.76529,998.5209,,2024-10-05 06:41:05.355750,2024-10-05 17:53:42.410049,672.6175716500001,0,1,0,5,1,0,,autumn,0,0,0,1
618427627,12.45,10.403729,none,0.0,0.0,9.178235,21.96,70.58648,995.35034,,2024-10-05 06:42:12.395027,2024-10-05 17:54:38.240812,672.4307630833333,0,0,1,5,1,0,,autumn,0,0,0,0
618446027,10.65,8.873349,none,0.0,0.0,6.1120534,14.04,75.517235,998.82245,,2024-10-05 06:41:14.492705,2024-10-05 17:53:26.238377,672.1957612,1,0,0,5,1,0,,autumn,0,0,0,0
618367827,8.45,6.195325,none,0.0,0.0,10.195057,17.64,90.594696,993.6322,,2024-10-05 06:41:05.082763,2024-10-05 17:53:30.487773,672.4234168333334,0,0,1,5,1,0,,autumn,0,0,0,0
618931427,9.45,7.5544777,none,0.0,0.0,7.1661706,11.879999,82.67543,994.8365,,2024-10-05 06:41:51.331643,2024-10-05 17:54:16.891898,672.4260042499999,0,1,0,5,1,0,,autumn,0,0,0,1
618619827,10.55,8.252026,rain,0.1,0.0,12.0921955,23.759998,83.947266,994.04205,,2024-10-05 06:41:07.645843,2024-10-05 17:53:36.890618,672.4874129166667,0,0,1,5,1,0,,autumn,0,0,0,0
618450227,11.75,9.522051,none,0.0,0.0,8.656858,17.64,68.53557,996.8117,,2024-10-05 06:41:46.870644,2024-10-05 17:53:49.543944,672.0445550000001,0,0,1,5,1,0,,autumn,0,0,0,0
618372827,9.65,7.4618435,none,0.0,0.0,10.234705,18.72,85.28842,997.7541,,2024-10-05 06:40:40.992503,2024-10-05 17:53:10.795420,672.4967152833334,0,0,1,5,1,0,,autumn,0,0,0,0
619017427,9.0,6.348364,none,0.0,0.0,11.953409,20.880001,83.76529,998.5209,,2024-10-05 06:41:05.355750,2024-10-05 17:53:42.410049,672.6175716500001,0,1,0,5,1,0,,autumn,0,0,0,1
618664827,9.15,7.29996,none,0.0,0.0,6.8541956,12.599999,84.36091,999.228,,2024-10-05 06:40:40.856802,2024-10-05 17:53:10.715775,672.49764955,0,1,0,5,1,0,,autumn,0,0,0,1
618375027,9.1,7.585866,none,0.0,0.0,6.28713,14.759999,90.950294,991.34344,,2024-10-05 06:41:36.492870,2024-10-05 17:54:08.916192,672.5403887,0,0,1,5,1,0,,autumn,0,0,0,0
618463827,10.3,8.261947,none,0.0,0.0,7.2,14.04,74.93918,993.3212,,2024-10-05 06:42:22.861789,2024-10-05 17:55:29.314901,673.1075518666668,1,0,0,5,1,0,,autumn,0,0,0,0
618469027,9.5,7.538645,none,0.0,0.0,7.2202215,15.84,80.99354,999.59467,,2024-10-05 06:41:24.826046,2024-10-05 17:53:26.713626,672.0314596666667,0,1,0,5,1,0,,autumn,0,0,0,1
618448427,10.05,8.362169,none,0.0,0.0,5.9834766,12.959999,80.238434,996.86426,,2024-10-05 06:40:30.450774,2024-10-05 17:52:39.036185,672.1430901833334,1,0,0,5,1,0,,autumn,0,0,0,0
618428227,12.25,9.866795,rain,0.1,0.0,11.571914,23.039999,71.76465,994.0933,,2024-10-05 06:41:02.039823,2024-10-05 17:53:35.768502,672.56214465,0,0,1,5,1,0,,autumn,0,0,0,0
618467027,9.1,6.4608774,none,0.0,0.0,11.9466305,19.08,83.4894,1001.7314,,2024-10-05 06:41:01.126067,2024-10-05 17:53:16.447936,672.2553644833333,0,1,0,5,1,0,,autumn,0,0,0,1
618471427,9.55,7.418582,none,0.0,0.0,8.863972,19.8,82.40454,1001.40546,,2024-10-05 06:42:03.797927,2024-10-05 17:54:12.446785,672.1441476333333,0,1,0,5,1,0,,autumn,0,0,0,1
618805227,11.9,9.73718,none,0.0,0.0,10.735306,22.319998,75.46919,995.13574,,2024-10-05 06:41:30.789283,2024-10-05 17:53:32.798144,672.0334810166667,0,0,1,5,1,0,,autumn,0,0,0,0
618730827,10.9,9.379257,none,0.0,0.0,10.934166,18.72,95.44429,994.3585,,2024-10-05 06:41:14.475095,2024-10-05 17:53:28.567008,672.2348652166667,0,1,0,5,1,0,,autumn,0,0,0,1
618434427,12.65,10.433293,none,0.0,0.0,10.597094,20.16,70.38463,999.4452,,2024-10-05 06:41:09.011903,2024-10-05 17:53:27.914545,672.3150440333334,0,0,1,5,1,0,,autumn,0,0,0,0
618445227,11.45,9.294411,none,0.0,0.0,8.473393,20.880001,70.877785,995.7185,,2024-10-05 06:41:08.638712,2024-10-05 17:53:40.591437,672.5325454166667,0,0,1,5,1,0,,autumn,0,0,0,0
618553627,9.15,6.036331,rain,1.1,0.0,17.34083,31.319998,90.95373,993.8927,,2024-10-06 06:44:02.642716,2024-10-06 17:51:28.297475,667.4275793166667,0,1,0,6,1,0,,autumn,0,0,1,1
618554427,8.95,5.7505817,rain,1.2,0.0,16.755476,28.44,87.88457,994.955,,2024-10-06 06:44:20.702967,2024-10-06 17:51:51.389710,667.5114457166667,0,1,0,6,1,0,,autumn,0,0,1,1
618541827,8.95,5.760619,rain,1.2,0.0,17.1,30.960001,89.400764,994.7815,,2024-10-06 06:44:40.248130,2024-10-06 17:52:23.502751,667.72091035,0,1,0,6,1,0,,autumn,0,0,1,1
618546627,9.1,6.1047316,rain,1.3,0.0,15.68584,27.0,88.19921,998.52814,,2024-10-06 06:43:05.422273,2024-10-06 17:50:35.109253,667.494783,0,1,0,6,1,0,,autumn,0,0,1,1
618532227,11.4,8.044124,none,0.0,0.0,12.991212,26.28,59.55048,999.6691,,2024-10-06 06:43:22.537753,2024-10-06 17:50:49.666162,667.45214015,0,0,1,6,1,0,,autumn,0,0,0,0
618548427,9.2,5.704665,rain,1.3,0.0,19.702394,32.039997,89.72612,998.9963,,2024-10-06 06:43:23.167650,2024-10-06 17:51:05.556101,667.7064741833333,0,1,0,6,1,0,,autumn,0,0,1,1
618557027,9.1,5.9479704,rain,1.3,0.0,16.595179,27.359999,87.59793,995.18414,,2024-10-06 06:43:58.427943,2024-10-06 17:51:27.533183,667.4850873333332,0,1,0,6,1,0,,autumn,0,0,1,1
618505427,7.3,4.753933,none,0.0,0.0,9.403169,18.0,86.52369,1004.8333,,2024-10-06 06:42:53.518540,2024-10-06 17:50:34.007311,667.67481285,0,0,1,6,1,0,,autumn,0,0,0,0
618540227,10.25,6.696455,rain,0.2,0.0,16.459915,26.64,71.38438,1000.5106,,2024-10-06 06:43:23.267450,2024-10-06 17:51:05.389682,667.7020372000001,0,0,1,6,1,0,,autumn,0,0,1,0
618544427,9.1,5.9479704,rain,1.3,0.0,16.595179,27.359999,87.59793,993.38635,,2024-10-06 06:43:57.197502,2024-10-06 17:51:26.407165,667.4868277166667,0,1,0,6,1,0,,autumn,0,0,1,1
618563227,9.5,6.762685,rain,0.7,0.0,13.917154,26.64,85.85752,1000.97186,,2024-10-06 06:42:24.785232,2024-10-06 17:50:17.150962,667.8727621666666,1,0,0,6,1,0,,autumn,0,0,0,0
618549027,9.2,5.762766,rain,1.3,0.0,19.474136,33.48,90.33979,996.8522,,2024-10-06 06:43:38.722145,2024-10-06 17:51:20.919677,667.7032922,0,1,0,6,1,0,,autumn,0,0,1,1
618541627,9.65,6.44168,rain,0.5,0.0,15.070633,25.919998,77.73178,997.3712,,2024-10-06 06:44:01.907779,2024-10-06 17:51:32.052731,667.5024158666668,0,1,0,6,1,0,,autumn,0,0,1,1
618570427,9.75,6.5725136,rain,4.2,0.0,19.36151,33.839996,92.861755,996.24164,,2024-10-06 06:42:07.263454,2024-10-06 17:49:58.701034,667.8572929999999,0,1,0,6,1,0,,autumn,0,0,1,1
618851427,9.05,6.057292,rain,0.9,0.0,15.338071,28.44,87.29393,993.65356,,2024-10-06 06:43:51.786548,2024-10-06 17:51:48.514056,667.9454584666668,1,0,0,6,1,0,,autumn,0,0,1,0
618539827,10.2,6.7061024,rain,0.2,0.0,16.572712,26.64,73.38311,1000.0268,,2024-10-06 06:42:44.985681,2024-10-06 17:50:29.192785,667.7367850666667,0,0,1,6,1,0,,autumn,0,0,1,0
618505027,9.05,6.3102074,none,0.0,0.0,10.805999,21.24,77.10043,1003.2564,,2024-10-06 06:42:51.899307,2024-10-06 17:50:39.055436,667.7859354833333,0,0,1,6,1,0,,autumn,0,0,0,0
618529827,11.7,8.579285,none,0.0,0.0,12.061341,25.56,60.465836,1001.5043,,2024-10-06 06:42:03.943989,2024-10-06 17:49:51.488979,667.7924165000001,0,0,1,6,1,0,,autumn,0,0,0,0
618538827,10.65,7.1513596,none,0.0,0.0,13.504799,26.28,61.065968,996.7666,,2024-10-06 06:44:16.341567,2024-10-06 17:51:45.367073,667.4837584333333,0,0,1,6,1,0,,autumn,0,0,0,0
619287827,7.2,4.6511583,none,0.0,0.0,9.422101,18.72,87.117355,999.9818,,2024-10-06 06:42:52.039260,2024-10-06 17:50:50.017386,667.9663021,0,0,1,6,1,0,,autumn,0,0,0,0
618650427,9.45,6.2159653,rain,1.8,0.0,18.947083,30.599998,91.90561,993.7511,,2024-10-06 06:43:20.517612,2024-10-06 17:50:57.162954,667.6107557,0,1,0,6,1,0,,autumn,0,0,1,1
618547627,9.25,5.7518063,rain,2.4,0.0,20.06334,34.2,90.65155,990.05524,,2024-10-06 06:43:19.875076,2024-10-06 17:51:11.960196,667.8680853333334,0,1,0,6,1,0,,autumn,0,0,1,1
618543427,9.25,6.249441,rain,1.4,0.0,16.056362,27.72,88.514114,999.0191,,2024-10-06 06:42:50.609915,2024-10-06 17:50:26.594869,667.5997492333333,0,1,0,6,1,0,,autumn,0,0,1,1
618552027,11.45,8.276533,none,0.0,0.0,12.632101,24.48,62.121605,1000.2242,,2024-10-06 06:42:08.289974,2024-10-06 17:49:59.550734,667.854346,0,0,1,6,1,0,,autumn,0,0,0,0
618879227,9.5,6.1557226,rain,2.3,0.0,20.056877,34.2,92.8481,991.64703,,2024-10-06 06:43:11.364407,2024-10-06 17:51:02.861473,667.8582844333334,0,1,0,6,1,0,,autumn,0,0,1,1
618547827,9.25,5.860235,rain,1.3,0.0,19.14865,33.48,90.036255,996.7894,,2024-10-06 06:42:43.819573,2024-10-06 17:50:17.501501,667.5613654666666,0,1,0,6,1,0,,autumn,0,0,1,1
618560027,11.4,8.044124,none,0.0,0.0,12.991212,26.28,59.55048,999.54926,,2024-10-06 06:43:08.104910,2024-10-06 17:50:44.264956,667.6026674333333,0,0,1,6,1,0,,autumn,0,0,0,0
618653627,9.25,6.0294704,rain,1.4,0.0,17.313717,27.72,87.611786,996.15485,,2024-10-06 06:43:24.289221,2024-10-06 17:50:57.343773,667.5509092,0,1,0,6,1,0,,autumn,0,0,1,1
618535427,11.05,7.488346,none,0.0,0.0,14.068817,25.919998,59.884686,997.7847,,2024-10-06 06:43:46.128011,2024-10-06 17:51:15.341571,667.4868926666666,0,0,1,6,1,0,,autumn,0,0,0,0
618505227,9.1,6.355096,none,0.0,0.0,10.694485,21.96,76.30879,1004.1071,,2024-10-06 06:42:22.906169,2024-10-06 17:50:15.004071,667.8682983666666,0,0,1,6,1,0,,autumn,0,0,0,0
618542427,9.45,6.3626423,rain,1.3,0.0,17.160524,29.16,89.13652,1001.2448,,2024-10-06 06:42:29.029668,2024-10-06 17:50:25.967720,667.9489675333333,0,1,0,6,1,0,,autumn,0,0,1,1
618557827,9.7,6.4357643,rain,2.3,0.0,19.866161,32.039997,92.859024,997.12195,,2024-10-06 06:43:00.297433,2024-10-06 17:50:47.007340,667.7784984499999,0,1,0,6,1,0,,autumn,0,0,1,1
618575427,9.1,6.1047316,rain,1.3,0.0,15.68584,27.0,88.19921,997.92596,,2024-10-06 06:43:23.965932,2024-10-06 17:50:52.526396,667.4760077333334,0,1,0,6,1,0,,autumn,0,0,1,1
618780027,10.0,6.5350847,rain,0.3,0.0,16.601036,28.08,75.146996,993.80585,,2024-10-06 06:43:02.940177,2024-10-06 17:51:05.351292,668.04018525,0,0,1,6,1,0,,autumn,0,0,1,0
618609227,18.4,18.760412,none,0.0,0.0,8.854829,18.72,80.32379,984.20734,,2024-10-07 06:45:08.541833,2024-10-07 17:48:30.146332,663.3600749833333,0,0,1,0,0,0,,autumn,0,0,0,0
618608627,17.05,17.415201,none,0.0,0.0,8.43699,20.519999,86.61308,988.5644,,2024-10-07 06:45:17.095779,2024-10-07 17:48:08.244233,662.8524742333334,0,0,1,0,0,0,,autumn,0,0,0,0
618613627,19.0,19.484556,none,0.0,0.0,8.131936,19.8,77.615486,982.2079,,2024-10-07 06:45:19.084158,2024-10-07 17:48:38.878979,663.3299136833334,0,0,1,0,0,0,,autumn,0,0,0,0
618603627,16.55,16.38686,none,0.0,0.0,10.662626,21.96,86.28532,989.1411,,2024-10-07 06:44:43.057884,2024-10-07 17:47:47.969169,663.08185475,0,0,1,0,0,0,,autumn,0,0,0,0
618565827,10.35,8.73094,none,0.0,0.0,10.825469,19.8,96.38944,988.4508,,2024-10-07 06:45:07.517744,2024-10-07 17:47:57.286463,662.8294786499999,0,0,1,0,0,0,,autumn,0,0,0,0
618869227,18.95,19.590149,none,0.0,0.0,7.458606,20.519999,78.6125,978.4558,,2024-10-07 06:45:16.046490,2024-10-07 17:48:44.906921,663.4810071833333,0,0,1,0,0,0,,autumn,0,0,0,0
618621227,15.55,15.477594,none,0.0,0.0,9.793058,16.199999,91.37744,983.2179,,2024-10-07 06:45:07.630539,2024-10-07 17:48:29.731956,663.36835695,0,1,0,0,0,0,,autumn,0,0,0,1
618613227,17.45,18.784172,none,0.0,0.0,2.968636,14.04,86.93014,986.0971,,2024-10-07 06:45:38.123405,2024-10-07 17:48:29.966801,662.8640565999999,0,0,1,0,0,0,,autumn,0,0,0,0
618686227,14.05,13.58486,none,0.0,0.0,9.485504,15.84,92.78684,984.849,,2024-10-07 06:45:15.236777,2024-10-07 17:48:32.314401,663.2846270666666,0,1,0,0,0,0,,autumn,0,0,0,1
618581827,10.15,7.208227,rain,4.1,0.0,19.130875,37.44,95.097755,995.89655,,2024-10-07 06:44:27.195974,2024-10-07 17:47:47.300677,663.3350783833333,0,1,0,0,0,0,,autumn,0,0,1,1
618631627,11.7,10.501267,rain,0.7,0.0,10.348043,15.84,95.472244,987.4217,,2024-10-07 06:46:09.164307,2024-10-07 17:49:02.995158,662.8971808499999,0,0,1,0,0,0,,autumn,0,0,0,0
618694027,11.65,10.431328,rain,0.2,0.0,10.692969,18.359999,96.42559,990.2145,,2024-10-07 06:45:07.714570,2024-10-07 17:48:06.601738,662.9814528,0,0,1,0,0,0,,autumn,0,0,0,0
618718827,12.55,12.138962,none,0.0,0.0,5.154415,10.799999,90.880745,979.7103,,2024-10-07 06:45:28.822950,2024-10-07 17:48:50.902400,663.3679908333332,0,1,0,0,0,0,,autumn,0,0,0,1
618593827,14.45,14.149006,none,0.0,0.0,8.825508,18.0,91.605354,987.7857,,2024-10-07 06:45:24.959833,2024-10-07 17:48:22.863769,662.9650656,0,0,1,0,0,0,,autumn,0,0,0,0
618650227,13.5,12.61426,rain,0.2,0.0,11.003581,17.64,92.4528,992.2693,,2024-10-07 06:45:03.240307,2024-10-07 17:48:14.494731,663.1875737333334,0,0,1,0,0,0,,autumn,0,0,0,0
618614027,18.25,18.715906,none,0.0,0.0,8.131936,17.64,81.08286,991.56506,,2024-10-07 06:45:03.366413,2024-10-07 17:48:12.655780,663.1548227833333,0,0,1,0,0,0,,autumn,0,0,0,0
618636427,13.85,13.504253,none,0.0,0.0,9.016185,15.84,94.92431,980.6979,,2024-10-07 06:47:10.996895,2024-10-07 17:49:47.173393,662.6029416333333,0,1,0,0,0,0,,autumn,0,0,0,1
618636227,13.95,13.743216,none,0.0,0.0,8.297589,14.759999,94.92816,980.6876,,2024-10-07 06:47:05.488032,2024-10-07 17:49:38.722062,662.5539004999999,0,1,0,0,0,0,,autumn,0,0,0,1
618626227,15.15,14.863096,none,0.0,0.0,9.796366,15.4800005,90.171745,987.14,,2024-10-07 06:45:37.520749,2024-10-07 17:48:40.391173,663.0478404,0,1,0,0,0,0,,autumn,0,0,0,1
618641227,12.6,11.967318,none,0.0,0.0,7.2,12.24,92.09628,989.58405,,2024-10-07 06:44:53.253547,2024-10-07 17:47:59.686085,663.1072089666667,0,1,0,0,0,0,,autumn,0,0,0,1
618659027,16.9,17.15676,rain,0.1,0.0,9.05205,19.44,87.15886,987.9397,,2024-10-07 06:45:42.297746,2024-10-07 17:48:35.169821,662.88120125,0,0,1,0,0,0,,autumn,0,0,0,0
618653227,9.95,6.741315,rain,5.5,0.0,20.49235,33.12,94.77057,990.6509,,2024-10-07 06:45:23.114130,2024-10-07 17:48:22.776404,662.9943712333334,0,1,0,0,0,0,,autumn,0,0,1,1
618598427,12.6,11.561867,rain,0.3,0.0,10.299397,17.28,93.014694,988.0333,,2024-10-07 06:44:34.294765,2024-10-07 17:48:00.494656,663.4366648499999,0,0,1,0,0,0,,autumn,0,0,0,0
618629227,15.35,15.612375,none,0.0,0.0,7.8728137,11.879999,93.45954,985.75665,,2024-10-07 06:45:57.568878,2024-10-07 17:48:48.945543,662.85627775,0,1,0,0,0,0,,autumn,0,0,0,1
618558027,9.95,6.855036,rain,4.8,0.0,19.992968,39.239998,95.7323,992.69885,,2024-10-07 06:45:02.722917,2024-10-07 17:48:20.715204,663.2998714500001,0,1,0,0,0,0,,autumn,0,0,1,1
619173627,9.65,7.939707,none,0.0,0.0,10.404249,18.359999,97.348114,986.95624,,2024-10-07 06:45:42.039315,2024-10-07 17:48:41.402769,662.9893909,1,0,1,0,0,0,,autumn,0,0,0,0
618896627,18.75,19.476143,none,0.0,0.0,7.001514,16.56,79.85673,984.38165,,2024-10-07 06:45:21.184989,2024-10-07 17:48:38.500889,663.2885983333333,0,0,1,0,0,0,,autumn,0,0,0,0
618561827,10.05,8.3996,rain,0.3,0.0,10.560341,22.68,96.705185,988.1248,,2024-10-07 06:44:13.583815,2024-10-07 17:47:37.568464,663.39974415,0,1,0,0,0,0,,autumn,0,0,0,1
618648427,12.05,10.965359,rain,0.2,0.0,9.983106,17.28,94.540474,992.07404,,2024-10-07 06:46:20.709603,2024-10-07 17:49:22.278251,663.0261441333333,0,0,1,0,0,0,,autumn,0,0,0,0
618611827,17.35,18.016867,none,0.0,0.0,7.2805495,18.0,86.92073,986.86426,,2024-10-07 06:46:06.633156,2024-10-07 17:49:02.307471,662.92790525,0,0,1,0,0,0,,autumn,0,0,0,0
618731627,12.2,11.7806015,none,0.0,0.0,4.6938252,11.5199995,91.46286,986.5549,,2024-10-07 06:44:24.863037,2024-10-07 17:47:22.434175,662.9595189666667,0,1,0,0,0,0,,autumn,0,0,0,1
618570627,11.1,9.563112,none,0.0,0.0,11.144021,18.72,94.50066,989.4492,,2024-10-07 06:44:20.225068,2024-10-07 17:47:29.940165,663.1619182833333,0,0,1,0,0,0,,autumn,0,0,0,0
618633827,10.35,8.808793,none,0.0,0.0,10.195057,18.72,96.066986,991.66125,,2024-10-07 06:44:33.742564,2024-10-07 17:47:53.523770,663.3296867666667,0,0,1,0,0,0,,autumn,0,0,0,0
627949827,18.25,18.715906,none,0.0,0.0,8.131936,17.64,81.08286,989.36536,,2024-10-07 06:44:57.657132,2024-10-07 17:48:11.921807,663.2377445833333,0,0,1,0,0,0,,autumn,0,0,0,0
618766427,12.55,11.579137,none,0.0,0.0,10.484903,18.72,95.18728,987.97076,,2024-10-08 06:47:24.639396,2024-10-08 17:45:45.839954,658.3533426333332,0,1,0,1,0,0,,autumn,0,0,0,1
618662827,11.75,9.106537,rain,1.4,0.0,19.434166,31.319998,92.66065,984.34735,,2024-10-08 06:47:07.570934,2024-10-08 17:45:37.123510,658.4925429333333,0,0,1,1,0,0,,autumn,0,0,1,0
618782427,13.6,12.552446,rain,0.1,0.0,12.337553,24.48,92.458466,984.51135,,2024-10-08 06:47:41.159445,2024-10-08 17:46:17.641321,658.6080312666667,0,0,1,1,0,0,,autumn,0,0,0,0
618767827,12.4,11.579617,none,0.0,0.0,9.236298,18.359999,95.49649,988.7861,,2024-10-08 06:46:36.858439,2024-10-08 17:45:11.624950,658.5794418500001,0,1,0,1,0,0,,autumn,0,0,0,1
618785227,12.5,12.054159,rain,0.2,0.0,7.653705,14.4,97.72716,986.69305,,2024-10-08 06:48:03.031239,2024-10-08 17:47:06.480356,659.0574852833332,0,1,0,1,0,0,,autumn,0,0,0,1
618977627,12.15,11.657905,none,0.0,0.0,6.6624317,14.04,96.121254,987.57153,,2024-10-08 06:47:24.932750,2024-10-08 17:45:39.905739,658.2495498166667,0,1,0,1,0,0,,autumn,0,0,0,1
619019027,12.25,10.36014,rain,0.2,0.0,14.98331,25.919998,91.770294,983.4034,,2024-10-08 06:48:18.396131,2024-10-08 17:46:39.966122,658.3594998499999,0,0,1,1,0,0,,autumn,0,0,0,0
618773627,12.6,11.492643,none,0.0,0.0,11.638917,20.519999,95.503395,988.16986,,2024-10-08 06:46:50.015233,2024-10-08 17:45:22.845762,658.5471754833333,0,1,0,1,0,0,,autumn,0,0,0,1
619191827,12.35,11.548165,none,0.0,0.0,9.109138,16.56,95.81053,986.1734,,2024-10-08 06:47:41.462674,2024-10-08 17:46:04.370609,658.3817989166668,0,1,0,1,0,0,,autumn,0,0,0,1
618782027,12.2,11.949831,rain,0.1,0.0,5.6521144,12.599999,97.721886,985.43756,,2024-10-08 06:47:50.576991,2024-10-08 17:46:41.950989,658.8562333000001,0,1,0,1,0,0,,autumn,0,0,0,1
618753227,13.15,12.343735,none,0.0,0.0,10.571074,21.599998,94.897224,985.3281,,2024-10-08 06:47:43.077796,2024-10-08 17:46:21.955101,658.6479550833334,0,0,1,1,0,0,,autumn,0,0,0,0
618767627,12.8,12.14603,rain,0.1,0.0,9.080639,15.119999,95.82496,989.75195,,2024-10-08 06:46:21.363626,2024-10-08 17:45:17.153333,658.9298284500001,0,0,1,1,0,0,,autumn,0,0,0,0
618664427,11.7,9.201903,rain,1.7,0.0,18.33616,30.599998,92.657875,988.11676,,2024-10-08 06:46:59.459887,2024-10-08 17:45:35.491080,658.6005198833334,1,0,1,1,0,0,,autumn,0,0,1,0
618921827,11.8,10.3580265,rain,0.2,0.0,12.224107,23.039999,95.47572,982.97986,,2024-10-08 06:46:37.493485,2024-10-08 17:45:32.377516,658.9147338500001,0,0,1,1,0,0,,autumn,0,0,0,0
618967427,12.45,11.648515,none,0.0,0.0,9.432412,19.8,96.130196,986.3173,,2024-10-08 06:48:10.422886,2024-10-08 17:46:41.307344,658.5147409666666,0,1,0,1,0,0,,autumn,0,0,0,1
618646427,12.6,11.852221,rain,0.2,0.0,6.638072,10.440001,88.208145,985.2688,,2024-10-08 06:47:50.950284,2024-10-08 17:46:33.965880,658.7169266,0,1,0,1,0,0,,autumn,0,0,0,1
619227627,13.15,12.343735,none,0.0,0.0,10.571074,21.599998,94.897224,984.97675,,2024-10-08 06:47:40.399648,2024-10-08 17:46:24.590910,658.7365210333334,0,0,1,1,0,0,,autumn,0,0,0,0
618771427,12.6,11.794292,rain,0.3,0.0,9.9,17.64,96.45166,984.8215,,2024-10-08 06:47:05.690018,2024-10-08 17:45:54.339514,658.8108249333333,0,1,0,1,0,0,,autumn,0,0,0,1
618997027,12.4,11.642525,rain,0.1,0.0,8.913181,15.119999,95.81213,990.2216,,2024-10-08 06:46:12.430431,2024-10-08 17:44:57.819513,658.7564847,0,1,0,1,0,0,,autumn,0,0,0,1
618753427,12.45,11.623002,rain,0.4,0.0,9.826088,20.16,96.76584,980.4337,,2024-10-08 06:48:31.619205,2024-10-08 17:47:38.343353,659.1120691333333,0,0,1,1,0,0,,autumn,0,0,0,0
618756627,12.5,11.883003,rain,0.2,0.0,8.827344,16.919998,97.72716,986.34033,,2024-10-08 06:47:58.266063,2024-10-08 17:46:40.203355,658.6989548666667,0,1,0,1,0,0,,autumn,0,0,0,1
629231027,12.25,10.510245,rain,0.2,0.0,14.897651,24.48,94.548805,988.00867,,2024-10-08 06:47:04.576975,2024-10-08 17:45:45.705988,658.68548355,0,0,1,1,0,0,,autumn,0,0,0,0
618663827,11.8,9.690139,rain,1.2,0.0,16.285772,27.72,93.90419,983.39105,,2024-10-08 06:47:57.073471,2024-10-08 17:46:34.122476,658.6174834166667,0,1,0,1,0,0,,autumn,0,0,1,1
618929027,12.25,11.837696,none,0.0,0.0,6.873078,11.879999,97.722755,985.3044,,2024-10-08 06:46:46.608711,2024-10-08 17:45:48.133464,659.0254125499999,0,1,0,1,0,0,,autumn,0,0,0,1
618909027,6.7,3.730771,none,0.0,0.0,9.67657,19.8,78.92003,991.36584,,2024-10-09 06:50:00.991181,2024-10-09 17:44:05.342553,654.0725228666666,0,0,1,2,0,0,,autumn,0,0,0,0
618928027,6.5,3.5126681,none,0.0,0.0,9.605998,19.08,79.1692,997.23193,,2024-10-09 06:50:02.546778,2024-10-09 17:43:57.836791,653.9215002166667,0,1,0,2,0,0,,autumn,0,0,0,1
619447027,8.35,5.353401,none,0.0,0.0,11.9140415,24.119999,78.34321,997.0876,,2024-10-09 06:48:19.030298,2024-10-09 17:42:28.474926,654.1574104666666,0,0,1,2,0,0,,autumn,0,0,0,0
618912227,5.55,2.4482007,none,0.0,0.0,9.505977,19.44,80.44502,988.6415,,2024-10-09 06:51:07.851794,2024-10-09 17:44:29.670152,653.3636392999999,0,0,1,2,0,0,,autumn,0,0,0,0
619840227,6.25,3.3680286,none,0.0,0.0,8.373386,16.199999,78.29518,999.2615,,2024-10-09 06:48:25.174283,2024-10-09 17:42:43.235160,654.3010146166667,0,1,0,2,0,0,,autumn,0,0,0,1
619030627,6.55,3.626295,none,0.0,0.0,8.913181,16.56,77.78915,995.0758,,2024-10-09 06:48:45.993518,2024-10-09 17:43:11.082022,654.4181417333333,0,1,0,2,0,0,,autumn,0,0,0,1
618887427,7.05,3.9959831,none,0.0,0.0,12.886039,23.759998,88.016396,990.49176,,2024-10-09 06:49:42.897321,2024-10-09 17:43:22.811224,653.6652317166667,0,0,1,2,0,0,,autumn,0,0,0,0
618933027,6.15,3.1170692,none,0.0,0.0,9.220499,19.08,78.00238,994.00903,,2024-10-09 06:50:00.402725,2024-10-09 17:43:48.196046,653.79655535,0,1,0,2,0,0,,autumn,0,0,0,1
619316227,6.7,3.6742964,none,0.0,0.0,9.67657,19.44,77.26434,995.4496,,2024-10-09 06:48:43.966155,2024-10-09 17:42:36.217202,653.8708507833333,0,1,0,2,0,0,,autumn,0,0,0,1
618927427,6.5,3.2162228,none,0.0,0.0,11.19189,19.08,77.23215,998.30225,,2024-10-09 06:49:25.781774,2024-10-09 17:43:27.558035,654.02960435,0,1,0,2,0,0,,autumn,0,0,0,1
618935427,6.35,3.2687554,none,0.0,0.0,9.614426,19.08,77.207954,995.7428,,2024-10-09 06:49:38.316663,2024-10-09 17:43:34.711481,653.9399136333334,0,1,0,2,0,0,,autumn,0,0,0,1
618908227,6.7,3.730771,none,0.0,0.0,9.67657,19.8,78.92003,997.89746,,2024-10-09 06:50:02.390850,2024-10-09 17:43:52.709231,653.8386396833333,0,0,1,2,0,0,,autumn,0,0,0,0
618842027,7.55,4.4434605,none,0.0,0.0,13.32,26.28,85.35529,995.3012,,2024-10-09 06:49:11.016848,2024-10-09 17:42:55.927333,653.7485080833334,0,0,1,2,0,0,,autumn,0,0,0,0
618796427,11.15,9.577416,rain,0.5,0.0,11.989945,19.8,96.091255,989.6486,,2024-10-09 06:49:25.266215,2024-10-09 17:43:12.597612,653.7888566166667,0,1,0,2,0,0,,autumn,0,0,0,1
618976827,6.6,3.144805,none,0.0,0.0,13.737904,26.28,82.60277,988.18445,,2024-10-10 06:51:17.146978,2024-10-10 17:41:11.387303,649.9040054166667,0,0,1,3,0,0,,autumn,0,0,0,0
618982227,6.25,2.623496,none,0.0,0.0,14.248452,27.0,81.68951,995.22797,,2024-10-10 06:50:36.719998,2024-10-10 17:39:56.595644,649.3312607666667,0,0,1,3,0,0,,autumn,0,0,0,0
618970227,5.85,2.3562222,none,0.0,0.0,13.207634,24.84,83.38616,996.1482,,2024-10-10 06:50:33.938581,2024-10-10 17:39:55.615099,649.3612753,0,0,1,3,0,0,,autumn,0,0,0,0
619061027,8.15,4.7962265,none,0.0,0.0,14.650938,25.199999,80.52782,993.2179,,2024-10-10 06:51:44.199067,2024-10-10 17:40:50.075247,649.0979363333333,0,1,0,3,0,0,,autumn,0,0,0,1
619101827,8.8,5.1892824,none,0.0,0.0,17.448862,31.319998,80.89796,994.43494,,2024-10-10 06:52:04.610743,2024-10-10 17:41:29.748204,649.4189576833334,0,1,0,3,0,0,,autumn,0,0,1,1
618996827,7.1,3.3644094,none,0.0,0.0,15.661035,27.359999,79.81763,998.2164,,2024-10-10 06:51:04.990153,2024-10-10 17:40:39.024629,649.5672412666667,0,0,1,3,0,0,,autumn,0,0,1,0
619145627,10.6,7.267782,none,0.0,0.0,15.5395355,30.239998,71.69926,992.18695,,2024-10-10 06:51:14.130735,2024-10-10 17:41:18.314670,650.06973225,0,0,1,3,0,0,,autumn,0,0,1,0
619069227,8.7,5.515955,none,0.0,0.0,14.148046,23.759998,80.04744,993.59766,,2024-10-10 06:50:31.609884,2024-10-10 17:40:26.757639,649.91912925,0,1,0,3,0,0,,autumn,0,0,0,1
619061227,8.6,5.2689,none,0.0,0.0,15.156384,27.0,80.590546,995.21765,,2024-10-10 06:51:45.842063,2024-10-10 17:41:25.683823,649.6640293333334,0,1,0,3,0,0,,autumn,0,0,1,1
618967827,5.75,2.6535664,none,0.0,0.0,9.906544,18.72,81.333984,993.0096,,2024-10-10 06:51:56.865263,2024-10-10 17:41:30.506703,649.5606906666667,0,1,0,3,0,0,,autumn,0,0,0,1
619072427,8.65,5.122941,none,0.0,0.0,15.338071,28.08,75.968765,998.4954,,2024-10-10 06:50:34.618478,2024-10-10 17:40:11.959726,649.6223541333333,0,0,1,3,0,0,,autumn,0,0,1,0
619080827,8.7,4.8895073,none,0.0,0.0,18.668005,29.88,80.88425,994.91785,,2024-10-10 06:51:13.887805,2024-10-10 17:40:41.382665,649.4582476666667,0,1,0,3,0,0,,autumn,0,0,1,1
619643627,6.55,3.026101,none,0.0,0.0,14.007655,25.919998,82.01754,999.3765,,2024-10-10 06:50:27.162694,2024-10-10 17:40:11.006763,649.7307344833333,0,0,1,3,0,0,,autumn,0,0,0,0
619073627,8.15,4.6319523,none,0.0,0.0,15.922626,27.359999,81.09021,992.7374,,2024-10-10 06:51:42.815875,2024-10-10 17:40:51.196762,649.13968145,0,1,0,3,0,0,,autumn,0,0,1,1
619799427,10.7,7.3952637,none,0.0,0.0,15.275627,27.359999,70.977455,993.6995,,2024-10-10 06:50:38.388830,2024-10-10 17:40:36.972403,649.9763928833333,0,0,1,3,0,0,,autumn,0,0,1,0
619171227,9.75,6.254141,none,0.0,0.0,15.990646,30.599998,73.55664,996.2436,,2024-10-10 06:51:06.304739,2024-10-10 17:40:19.074423,649.2128280666667,0,0,1,3,0,0,,autumn,0,0,1,0
619093427,8.65,5.0222483,none,0.0,0.0,17.339897,30.960001,80.87739,996.68695,,2024-10-10 06:51:50.704535,2024-10-10 17:41:15.150837,649.4074383666666,0,1,0,3,0,0,,autumn,0,0,1,1
619042427,8.75,5.459441,none,0.0,0.0,13.929953,28.8,76.250946,995.88275,,2024-10-10 06:50:26.117845,2024-10-10 17:39:46.468776,649.3391821833334,0,0,1,3,0,0,,autumn,0,0,0,0
620868827,8.55,4.9594946,none,0.0,0.0,16.712881,29.16,80.026054,995.3881,,2024-10-10 06:50:34.933811,2024-10-10 17:39:55.199103,649.3377548666666,0,1,0,3,0,0,,autumn,0,0,1,1
619201427,5.65,2.1766605,none,0.0,0.0,13.00243,23.4,84.25027,992.7594,,2024-10-10 06:51:42.850872,2024-10-10 17:40:42.351805,648.9916822166667,0,0,1,3,0,0,,autumn,0,0,0,0
619984627,8.45,4.999901,none,0.0,0.0,15.602999,27.359999,80.01177,998.00995,,2024-10-10 06:50:53.929609,2024-10-10 17:40:16.753413,649.3803967333333,0,1,0,3,0,0,,autumn,0,0,1,1
619052227,9.25,6.055149,none,0.0,0.0,14.148046,30.239998,76.865326,994.3468,,2024-10-10 06:52:19.485801,2024-10-10 17:41:34.126801,649.2440166666668,0,0,1,3,0,0,,autumn,0,0,0,0
619841027,8.6,5.110832,none,0.0,0.0,16.165964,27.0,80.31144,990.7594,,2024-10-10 06:51:25.456783,2024-10-10 17:41:08.263732,649.71344915,0,1,0,3,0,0,,autumn,0,0,1,1
619032627,10.65,7.1669197,none,0.0,0.0,16.34832,30.239998,70.72227,988.03796,,2024-10-10 06:51:19.354651,2024-10-10 17:41:02.524054,649.71949005,0,0,1,3,0,0,,autumn,0,0,1,0
619040027,9.05,5.608902,none,0.0,0.0,15.2501545,29.88,75.77135,995.82697,,2024-10-10 06:51:10.917523,2024-10-10 17:40:30.948715,649.3338532,0,0,1,3,0,0,,autumn,0,0,1,0
618991627,6.1,3.1027231,none,0.0,0.0,10.196647,20.519999,83.711105,990.8105,,2024-10-10 06:52:00.425637,2024-10-10 17:42:16.353237,650.2654600000001,0,0,1,3,0,0,,autumn,0,0,0,0
619069627,8.6,5.1844673,none,0.0,0.0,15.661035,25.919998,80.31144,990.857,,2024-10-10 06:51:05.886025,2024-10-10 17:40:58.881228,649.8832533833333,0,1,0,3,0,0,,autumn,0,0,1,1
619052027,8.75,5.350688,none,0.0,0.0,14.81915,29.88,76.78435,996.4084,,2024-10-10 06:51:07.531308,2024-10-10 17:40:18.057627,649.1754386499999,0,0,1,3,0,0,,autumn,0,0,0,0
619045827,9.4,5.8761044,none,0.0,0.0,15.96327,27.72,74.523964,995.894,,2024-10-10 06:51:20.097740,2024-10-10 17:40:46.136902,649.4339860333333,0,0,1,3,0,0,,autumn,0,0,1,0
619358227,8.6,5.5351677,none,0.0,0.0,12.961249,23.039999,79.203514,998.9846,,2024-10-10 06:49:47.889941,2024-10-10 17:39:25.479111,649.6264861666666,0,1,0,3,0,0,,autumn,0,0,0,1
618965227,6.05,3.0038261,none,0.0,0.0,9.499157,17.28,79.38289,994.677,,2024-10-10 06:50:13.439741,2024-10-10 17:40:03.167648,649.82879845,0,1,0,3,0,0,,autumn,0,0,0,1
619502627,8.75,4.62449,none,0.0,0.0,21.513577,37.8,83.15978,997.3991,,2024-10-11 06:52:40.214325,2024-10-11 17:37:39.117674,644.9817224833333,0,1,0,4,0,0,,autumn,0,0,1,1
619183027,9.05,5.0403996,none,0.0,0.0,20.87379,36.719997,82.05742,996.8935,,2024-10-11 06:52:17.782391,2024-10-11 17:37:13.237556,644.9242527499999,0,1,0,4,0,0,,autumn,0,0,1,1
619097627,8.75,5.142479,none,0.0,0.0,18.98552,31.68,86.966446,999.5298,,2024-10-11 06:53:09.540640,2024-10-11 17:38:09.735984,645.0032557333333,0,0,1,4,0,0,,autumn,0,0,1,0
619150227,15.2,11.299942,none,0.0,0.0,22.390293,38.16,60.267017,997.13086,,2024-10-11 06:52:40.386748,2024-10-11 17:37:41.785872,645.0233187333334,0,0,1,4,0,0,,autumn,0,0,1,0
619181827,9.65,5.741126,none,0.0,0.0,20.81239,36.36,81.01394,996.9025,,2024-10-11 06:52:17.335524,2024-10-11 17:37:12.402805,644.9177880166667,0,1,0,4,0,0,,autumn,0,0,1,1
619182027,10.55,7.108139,none,0.0,0.0,18.254698,30.599998,78.40747,993.8463,,2024-10-11 06:52:33.802858,2024-10-11 17:37:55.272979,645.35783535,0,1,0,4,0,0,,autumn,0,0,1,1
619097027,7.5,4.144083,none,0.0,0.0,16.546299,30.239998,91.784164,992.0175,,2024-10-11 06:54:30.594718,2024-10-11 17:39:56.646478,645.434196,0,0,1,4,0,0,,autumn,0,0,1,0
619174027,13.3,9.828152,none,0.0,0.0,19.540573,36.719997,68.38426,999.7234,,2024-10-11 06:53:13.844254,2024-10-11 17:38:15.023650,645.0196566,0,0,1,4,0,0,,autumn,0,0,1,0
619179027,10.35,6.9934454,none,0.0,0.0,18.581894,35.64,82.505714,996.58813,,2024-10-11 06:54:12.447280,2024-10-11 17:39:03.508430,644.8510191666667,0,0,1,4,0,0,,autumn,0,0,1,0
619155227,14.95,11.085362,none,0.0,0.0,22.832344,39.6,62.93492,993.72473,,2024-10-11 06:53:22.802195,2024-10-11 17:38:12.561651,644.8293242666666,0,0,1,4,0,0,,autumn,0,0,1,0
619241627,10.5,7.0290785,none,0.0,0.0,18.864824,32.039997,80.02739,993.6129,,2024-10-11 06:54:23.134770,2024-10-11 17:39:02.106576,644.6495301,0,1,0,4,0,0,,autumn,0,0,1,1
619181027,10.2,6.347396,none,0.0,0.0,21.152872,37.44,80.53497,994.2425,,2024-10-11 06:53:54.484032,2024-10-11 17:38:53.678067,644.98656725,0,1,0,4,0,0,,autumn,0,0,1,1
619085627,8.55,5.009019,none,0.0,0.0,16.895088,27.72,81.992516,996.64526,,2024-10-11 06:53:08.214747,2024-10-11 17:38:04.372452,644.9359617499999,0,1,0,4,0,0,,autumn,0,0,1,1
