cell_id,time_bucket,temp_c,feels_like_c,precipitation_type,precipitation_mm,snow_depth_cm,wind_speed_ms,wind_gust_ms,humidity_pct,pressure_hpa,visibility_m
55.22_36.98,2022-06-04 17:00:00,18.649999618530273,16.432510375976562,none,0.0,0.0,11.792404174804688,25.19999885559082,50.27650833129883,994.4071044921875,
55.22_37.0,2022-01-06 07:00:00,-0.3499999940395355,-3.9737517833709717,none,0.0,41.0,9.44957160949707,16.919998168945312,96.77432250976562,971.3948974609375,
55.23_37.02,2022-01-31 19:00:00,-2.0999999046325684,-6.4069318771362305,snow,0.30000001192092896,63.0,12.074766159057617,23.399999618530273,93.55143737792969,966.5582885742188,
55.23_37.02,2022-06-30 11:00:00,22.0,20.444889068603516,none,0.0,0.0,12.287554740905762,29.51999855041504,36.1439323425293,995.4733276367188,
55.25_36.98,2022-06-04 20:00:00,14.649999618530273,13.922296524047852,none,0.0,0.0,5.692099571228027,12.59999942779541,75.16934204101562,995.4234619140625,
55.25_37.17,2022-07-13 17:00:00,22.75,20.622238159179688,none,0.0,0.0,13.339445114135742,31.319997787475586,42.35759353637695,988.0386962890625,
55.26_37.09,2022-01-17 12:00:00,-3.200000047683716,-9.43940258026123,snow,0.30000001192092896,54.000003814697266,23.96637535095215,47.15999984741211,89.70587921142578,961.0921020507812,
55.29_37.19,2022-03-04 20:00:00,-2.3499999046325684,-7.677830696105957,none,0.0,48.0,17.992795944213867,36.0,86.470703125,985.5384521484375,
55.29_37.37,2022-03-22 19:00:00,2.9000000953674316,-1.5266728401184082,none,0.0,38.0,12.475960731506348,22.319997787475586,62.79153060913086,1007.4468383789062,
55.31_37.15,2022-02-04 07:00:00,-6.699999809265137,-10.688297271728516,none,0.0,63.0,6.379216194152832,11.879999160766602,92.5876235961914,986.2257080078125,
55.31_37.15,2022-07-04 12:00:00,28.5,29.708621978759766,none,0.0,0.0,10.661107063293457,28.079999923706055,41.6053466796875,992.0089721679688,
55.31_37.34,2022-06-17 16:00:00,18.100000381469727,16.508668899536133,rain,0.10000000149011612,0.0,15.277749061584473,38.15999984741211,67.77063751220703,992.0560302734375,
55.31_37.34,2022-06-19 20:00:00,20.649999618530273,19.02782440185547,none,0.0,0.0,14.825706481933594,30.96000099182129,56.69743728637695,985.5950317382812,
55.33_37.11,2022-04-23 19:00:00,11.899999618530273,9.174065589904785,none,0.0,0.0,8.404285430908203,13.319999694824219,56.81123352050781,991.8681030273438,
55.35_37.34,2022-01-19 21:00:00,-7.599999904632568,-13.235876083374023,none,0.0,55.0,16.831684112548828,33.47999954223633,88.98897552490234,989.5506591796875,
55.35_37.34,2022-02-03 06:00:00,-7.900000095367432,-12.27458667755127,none,0.0,60.000003814697266,7.928177833557129,15.84000015258789,87.92069244384766,986.98486328125,
55.35_37.34,2022-02-07 23:00:00,-0.5,-4.98689079284668,snow,0.4000000059604645,62.0,14.777549743652344,28.440000534057617,93.63362884521484,978.6505737304688,
55.35_37.34,2022-04-01 18:00:00,2.0999999046325684,-3.3409817218780518,none,0.0,31.0,19.64228057861328,39.959999084472656,67.71475982666016,987.0492553710938,
55.36_37.19,2022-05-13 10:00:00,12.949999809265137,7.524136543273926,rain,0.10000000149011612,0.0,27.729347229003906,56.519996643066406,55.310550689697266,981.195068359375,
55.36_37.19,2022-06-14 12:00:00,24.25,24.605161666870117,none,0.0,0.0,13.202726364135742,30.23999786376953,53.98805618286133,986.621337890625,
55.36_37.19,2022-07-03 15:00:00,28.549999237060547,27.40691375732422,none,0.0,0.0,12.646200180053711,30.23999786376953,32.318782806396484,994.000244140625,
55.36_37.36,2022-08-09 10:00:00,16.200000762939453,16.08784294128418,rain,1.5,0.0,12.101570129394531,27.35999870300293,92.30615234375,997.4409790039062,
55.38_37.09,2022-06-13 19:00:00,19.600000381469727,20.363868713378906,rain,0.800000011920929,0.0,9.178235054016113,19.799999237060547,80.2292251586914,987.35888671875,
55.38_37.38,2022-02-12 18:00:00,-2.9000000953674316,-8.342891693115234,none,0.0,56.0,16.981164932250977,32.03999710083008,74.77835845947266,994.3284301757812,
55.38_37.4,2022-01-24 08:00:00,-8.0,-11.692139625549316,none,0.0,57.0,3.617955207824707,6.839999675750732,93.23436737060547,1013.0488891601562,
55.38_37.4,2022-05-08 19:00:00,12.149999618530273,9.883179664611816,rain,0.30000001192092896,0.0,13.755579948425293,28.799999237060547,81.07547760009766,995.7560424804688,
55.38_37.4,2022-07-14 09:00:00,18.450000762939453,18.49443817138672,none,0.0,0.0,7.636752605438232,18.35999870300293,73.37569427490234,987.35302734375,
55.39_37.23,2022-06-04 14:00:00,19.399999618530273,17.56698226928711,rain,0.10000000149011612,0.0,12.324414253234863,29.15999984741211,47.978782653808594,995.980712890625,
55.39_37.27,2022-06-10 10:00:00,22.549999237060547,23.40630340576172,rain,0.10000000149011612,0.0,10.948972702026367,30.599998474121094,70.6524658203125,991.1007080078125,
55.39_37.29,2022-02-16 16:00:00,-1.9500000476837158,-6.646923065185547,none,0.0,54.000003814697266,13.084402084350586,28.440000534057617,79.33935546875,990.7560424804688,
55.39_37.32,2022-01-22 07:00:00,-5.199999809265137,-10.283397674560547,snow,0.10000000149011612,58.0,14.512063980102539,27.719999313354492,88.85688781738281,975.51318359375,
55.39_37.33,2022-01-26 13:00:00,-4.349999904632568,-9.44421100616455,none,0.0,58.999996185302734,14.587776184082031,28.440000534057617,83.33680725097656,989.0009765625,
55.39_37.36,2022-07-02 07:00:00,14.5,13.03038215637207,none,0.0,0.0,7.199999809265137,16.19999885559082,66.79691314697266,999.6060791015625,
55.39_37.43,2022-05-23 15:00:00,13.649999618530273,8.743370056152344,none,0.0,0.0,17.283748626708984,39.959999084472656,34.34367370605469,985.2161254882812,
55.3_37.19,2022-07-19 08:00:00,14.649999618530273,12.830516815185547,none,0.0,0.0,12.979984283447266,28.079999923706055,74.66911315917969,990.63525390625,
55.3_37.21,2022-08-05 21:00:00,21.75,22.06229019165039,none,0.0,0.0,6.7637858390808105,12.59999942779541,61.40000915527344,996.81640625,
55.41_37.11,2022-08-07 19:00:00,22.399999618530273,24.59835433959961,none,0.0,0.0,4.896529197692871,16.559999465942383,76.18461608886719,994.836669921875,
55.41_37.19,2022-07-05 14:00:00,24.049999237060547,26.160137176513672,rain,0.20000000298023224,0.0,3.0758414268493652,38.519996643066406,65.56364440917969,995.7365112304688,
55.41_37.26,2022-04-08 15:00:00,11.449999809265137,7.125231742858887,none,0.0,31.0,18.331741333007812,49.31999969482422,55.30854797363281,974.7020874023438,
55.41_37.26,2022-07-14 08:00:00,15.5,15.073650360107422,rain,1.0,0.0,9.44957160949707,23.03999900817871,85.0632553100586,987.015625,
55.41_37.3,2022-05-11 04:00:00,7.050000190734863,2.1517210006713867,none,0.0,0.0,16.946786880493164,32.76000213623047,52.180397033691406,989.4686889648438,
55.41_37.39,2022-06-20 19:00:00,16.149999618530273,14.888643264770508,none,0.0,0.0,8.854828834533691,23.03999900817871,67.14401245117188,985.4819946289062,
55.41_37.41,2022-06-02 16:00:00,24.649999618530273,25.15194320678711,rain,0.10000000149011612,0.0,8.350137710571289,20.15999984741211,53.741783142089844,1000.1710815429688,
55.42_36.84,2022-05-08 13:00:00,15.899999618530273,11.950550079345703,none,0.0,0.0,20.380578994750977,41.76000213623047,52.16730499267578,992.0119018554688,
55.42_37.19,2022-07-02 13:00:00,22.399999618530273,21.777679443359375,none,0.0,0.0,11.17740535736084,27.0,38.169090270996094,1002.5023803710938,
55.42_37.2,2022-04-02 20:00:00,-0.8999999761581421,-6.443182945251465,snow,0.699999988079071,38.0,21.63896369934082,42.839996337890625,93.61323547363281,971.5205688476562,
55.43_36.86,2022-05-05 03:00:00,-0.550000011920929,-4.41860294342041,none,0.0,0.0,8.942214012145996,18.35999870300293,82.57540130615234,996.6111450195312,
55.43_36.87,2022-05-22 23:00:00,2.5,-1.8340206146240234,none,0.0,0.0,11.96695327758789,25.919998168945312,65.32566833496094,982.063720703125,
55.43_37.28,2022-06-14 13:00:00,24.350000381469727,25.000656127929688,none,0.0,0.0,12.783802032470703,28.799999237060547,54.3633918762207,988.4357299804688,
55.43_37.34,2022-02-25 12:00:00,0.44999998807907104,-4.675870418548584,none,0.0,48.0,16.454008102416992,32.76000213623047,69.4151840209961,1001.714599609375,
55.44_36.88,2022-08-06 23:00:00,21.850000381469727,22.34466552734375,none,0.0,0.0,9.779816627502441,19.799999237060547,67.87020874023438,993.5805053710938,
55.44_36.93,2022-03-11 06:00:00,-15.5,-20.874399185180664,none,0.0,49.0,11.298495292663574,14.399999618530273,82.16365051269531,1009.451904296875,
55.44_36.94,2022-06-30 13:00:00,22.899999618530273,21.95270538330078,none,0.0,0.0,14.68958854675293,31.68000030517578,40.03828811645508,995.0220336914062,
55.44_36.95,2022-05-09 14:00:00,8.850000381469727,3.291571617126465,rain,0.20000000298023224,0.0,21.659915924072266,45.36000061035156,46.85487365722656,996.9603881835938,
55.44_37.27,2022-03-14 00:00:00,1.0499999523162842,-3.548470973968506,none,0.0,46.0,16.13587188720703,31.68000030517578,87.45690155029297,1002.8939819335938,
55.44_37.29,2022-01-07 15:00:00,-6.25,-11.830875396728516,none,0.0,41.0,16.119800567626953,35.279998779296875,76.53141021728516,985.0399780273438,
55.44_37.29,2022-01-30 12:00:00,-4.349999904632568,-10.914670944213867,none,0.0,58.0,23.893260955810547,46.07999801635742,75.97124481201172,976.5861206054688,
55.44_37.52,2022-01-17 15:00:00,-4.0,-9.153637886047363,snow,0.30000001192092896,54.000003814697266,15.84000015258789,36.0,88.96243286132812,966.1934204101562,
55.45_36.89,2022-07-22 14:00:00,24.299999237060547,22.99095916748047,none,0.0,0.0,15.91346549987793,37.79999923706055,44.52809524536133,988.2924194335938,
55.45_36.95,2022-04-02 10:00:00,-0.949999988079071,-7.013660430908203,snow,0.20000000298023224,33.0,24.079666137695312,44.63999557495117,85.65604400634766,979.881591796875,
55.45_37.32,2022-02-19 02:00:00,-2.450000047683716,-7.355121612548828,none,0.0,49.0,15.79083251953125,28.079999923706055,92.83817291259766,977.9224853515625,
55.45_37.51,2022-06-04 00:00:00,11.5,9.241570472717285,none,0.0,0.0,10.799999237060547,18.35999870300293,75.6599349975586,999.2555541992188,
55.46_36.94,2022-05-15 20:00:00,9.899999618530273,7.60670280456543,none,0.0,0.0,9.339207649230957,25.19999885559082,78.30867004394531,981.657958984375,
55.46_37.29,2022-02-24 17:00:00,0.30000001192092896,-3.1557106971740723,none,0.0,46.0,5.001279830932617,19.799999237060547,70.17203521728516,999.0296020507812,
55.46_37.29,2022-04-15 14:00:00,10.850000381469727,6.98442268371582,none,0.0,1.0,12.101570129394531,24.84000015258789,47.60015869140625,991.939697265625,
55.46_37.29,2022-06-11 12:00:00,24.700000762939453,25.723791122436523,none,0.0,0.0,6.130578517913818,20.15999984741211,46.435462951660156,993.3760375976562,
55.47_36.93,2022-05-13 12:00:00,13.5,8.143306732177734,none,0.0,0.0,27.117345809936523,56.519996643066406,52.988670349121094,980.6143188476562,
55.47_37.29,2022-08-02 22:00:00,19.899999618530273,19.2329158782959,none,0.0,0.0,8.496304512023926,15.480000495910645,59.77939224243164,992.1307983398438,
55.47_37.3,2022-04-25 13:00:00,15.350000381469727,12.0751953125,none,0.0,0.0,15.294703483581543,32.39999771118164,52.92838668823242,985.706298828125,
55.47_37.3,2022-04-28 14:00:00,6.099999904632568,2.7929534912109375,snow,0.20000000298023224,0.0,4.843304634094238,16.19999885559082,50.392520904541016,1000.7935791015625,
55.47_37.31,2022-08-02 11:00:00,24.299999237060547,24.35995864868164,none,0.0,0.0,10.685391426086426,25.19999885559082,46.326358795166016,993.3343505859375,
55.47_37.47,2022-08-04 13:00:00,26.850000381469727,26.773168563842773,none,0.0,0.0,8.31124496459961,23.03999900817871,43.925193786621094,1002.4475708007812,
55.47_37.52,2022-05-16 06:00:00,7.550000190734863,3.734686851501465,none,0.0,0.0,15.807238578796387,30.599998474121094,75.78378295898438,987.799072265625,
55.48_37.27,2022-04-07 08:00:00,0.0,-4.8058905601501465,snow,0.20000000298023224,39.0,16.96589469909668,34.20000076293945,90.29259490966797,984.1923828125,
55.48_37.3,2022-04-28 07:00:00,3.1500000953674316,-0.2852904796600342,none,0.0,0.0,6.369049549102783,17.280000686645508,65.47429656982422,1000.9603881835938,
55.48_37.32,2022-07-29 21:00:00,17.600000381469727,16.909103393554688,none,0.0,0.0,8.55710220336914,14.75999927520752,68.7944564819336,995.511962890625,
55.48_37.48,2022-02-06 22:00:00,-5.699999809265137,-9.575926780700684,snow,0.10000000149011612,58.999996185302734,6.130578994750977,12.59999942779541,91.23635864257812,983.9781494140625,
55.48_37.53,2022-07-30 21:00:00,15.850000381469727,14.346366882324219,none,0.0,0.0,6.989935874938965,13.319999694824219,60.21786880493164,997.4916381835938,
55.49_37.3,2022-08-11 20:00:00,,,,,,,,,,
55.49_37.31,2022-03-19 23:00:00,-1.7999999523162842,-6.078293800354004,none,0.0,42.0,9.65981388092041,17.280000686645508,74.1274185180664,1021.08642578125,
55.49_37.31,2022-04-06 08:00:00,-1.100000023841858,-6.237878322601318,none,0.0,40.0,17.015474319458008,34.91999816894531,81.27735900878906,979.0188598632812,
55.49_37.31,2022-06-22 13:00:00,20.0,17.442222595214844,none,0.0,0.0,21.470611572265625,44.63999557495117,51.32367706298828,981.7291259765625,
55.49_37.33,2022-01-21 07:00:00,-3.75,-8.908159255981445,snow,0.20000000298023224,54.000003814697266,16.243940353393555,31.319997787475586,90.68449401855469,978.5511474609375,
55.49_37.33,2022-02-06 09:00:00,-8.300000190734863,-12.593231201171875,snow,0.20000000298023224,58.999996185302734,6.989935874938965,17.639999389648438,85.82510375976562,982.6626586914062,
55.49_37.51,2022-07-08 18:00:00,23.25,23.332904815673828,none,0.0,0.0,4.33497428894043,11.159998893737793,50.16571044921875,998.3509521484375,
55.49_37.57,2022-05-16 08:00:00,11.0,6.621224403381348,none,0.0,0.0,19.67194938659668,41.76000213623047,60.08372116088867,985.7666625976562,
55.49_37.57,2022-06-22 19:00:00,18.299999237060547,16.47061538696289,none,0.0,0.0,11.212135314941406,28.079999923706055,55.545799255371094,984.8167724609375,
55.4_37.24,2022-03-18 04:00:00,-13.350000381469727,-18.446712493896484,none,0.0,45.0,10.195056915283203,13.319999694824219,84.1911849975586,1018.3779907226562,
55.4_37.24,2022-06-22 14:00:00,19.5,16.453821182250977,none,0.0,0.0,20.696086883544922,46.439998626708984,53.65491485595703,979.2693481445312,
55.4_37.44,2022-07-08 15:00:00,23.799999237060547,23.691696166992188,none,0.0,0.0,4.802999019622803,18.35999870300293,47.26898956298828,1000.6115112304688,
55.51_37.25,2022-06-02 23:00:00,17.25,17.97466468811035,none,0.0,0.0,9.178235054016113,15.119998931884766,92.3658218383789,997.3912353515625,
55.51_37.36,2022-01-19 19:00:00,-9.199999809265137,-14.958524703979492,none,0.0,52.999996185302734,16.750640869140625,26.639999389648438,88.14353942871094,991.880615234375,
55.51_37.53,2022-05-16 16:00:00,12.699999809265137,7.828470230102539,rain,0.10000000149011612,0.0,21.434364318847656,45.36000061035156,45.77275466918945,985.1199951171875,
55.51_37.53,2022-06-18 09:00:00,16.799999237060547,15.020296096801758,none,0.0,0.0,13.708390235900879,28.799999237060547,67.2793960571289,994.6531982421875,
55.51_37.55,2022-02-27 21:00:00,-5.400000095367432,-10.81588363647461,none,0.0,44.0,16.39482879638672,30.96000099182129,86.14524841308594,1014.0424194335938,
55.51_37.56,2022-07-02 19:00:00,24.0,21.32071304321289,none,0.0,0.0,11.269782066345215,26.280000686645508,31.043886184692383,998.5946655273438,
55.51_37.59,2022-01-26 17:00:00,-4.699999809265137,-9.43527603149414,none,0.0,58.999996185302734,12.43433952331543,20.880001068115234,88.56201934814453,992.4544067382812,
55.51_37.59,2022-07-30 17:00:00,22.450000762939453,19.581090927124023,none,0.0,0.0,12.574259757995605,24.84000015258789,34.091678619384766,997.7513427734375,
55.51_37.6,2022-07-23 16:00:00,27.200000762939453,27.305248260498047,none,0.0,0.0,5.759999752044678,15.119998931884766,41.51567459106445,993.4942016601562,
55.52_37.21,2022-06-29 13:00:00,21.149999618530273,21.485090255737305,none,0.0,0.0,6.214563369750977,23.03999900817871,41.47972106933594,1002.7088012695312,
55.52_37.37,2022-04-26 09:00:00,13.25,11.656617164611816,none,0.0,0.0,8.049844741821289,20.15999984741211,72.44149780273438,986.8609008789062,
55.52_37.38,2022-01-11 15:00:00,-12.550000190734863,-18.483461380004883,none,0.0,50.0,15.844090461730957,31.319997787475586,77.29759979248047,1008.8319702148438,
55.52_37.38,2022-07-09 22:00:00,19.0,19.889646530151367,none,0.0,0.0,7.628262996673584,14.039999961853027,81.96319580078125,995.8880004882812,
55.52_37.51,2022-06-09 17:00:00,26.149999618530273,24.242786407470703,none,0.0,0.0,12.959999084472656,26.639999389648438,35.97618865966797,992.2935180664062,
55.52_37.52,2022-06-12 19:00:00,20.5,18.366281509399414,none,0.0,0.0,12.371644973754883,21.599998474121094,46.83649826049805,992.9392700195312,
55.53_37.41,2022-05-01 22:00:00,5.699999809265137,2.248415470123291,none,0.0,0.0,8.891343116760254,14.75999927520752,65.80979919433594,1000.53125,
55.53_37.5,2022-07-12 14:00:00,24.100000381469727,21.359437942504883,rain,0.20000000298023224,0.0,25.277023315429688,45.36000061035156,46.27170181274414,990.2826538085938,
55.53_37.52,2022-04-04 23:00:00,-2.450000047683716,-7.2543439865112305,none,0.0,38.0,13.896186828613281,25.19999885559082,82.94842529296875,984.123046875,
55.53_37.53,2022-02-26 02:00:00,-2.9000000953674316,-7.850419044494629,none,0.0,45.0,14.973576545715332,25.19999885559082,86.41284942626953,995.0457153320312,
55.53_37.53,2022-05-03 21:00:00,10.100000381469727,6.194106101989746,none,0.0,0.0,14.058449745178223,31.319997787475586,55.745792388916016,986.0715942382812,
55.53_37.58,2022-01-09 00:00:00,-3.950000047683716,-9.399578094482422,none,0.0,41.0,18.204042434692383,30.599998474121094,91.70515441894531,999.0986328125,
55.53_37.58,2022-02-17 11:00:00,1.100000023841858,-5.045782089233398,none,0.0,52.999996185302734,27.35999870300293,46.79999923706055,91.034912109375,978.1597290039062,
55.54_37.15,2022-07-29 13:00:00,21.600000381469727,19.491811752319336,none,0.0,0.0,15.542661666870117,32.03999710083008,49.23114013671875,994.9285888671875,
55.54_37.19,2022-07-22 22:00:00,18.649999618530273,17.595895767211914,none,0.0,0.0,9.44957160949707,16.919998168945312,61.2868537902832,992.3265380859375,
55.54_37.37,2022-05-30 08:00:00,13.25,12.109296798706055,none,0.0,0.0,4.680000305175781,14.039999961853027,71.70855712890625,1001.1091918945312,
55.54_37.45,2022-02-26 14:00:00,2.1500000953674316,-2.083258628845215,none,0.0,45.0,12.661563873291016,25.919998168945312,75.12200927734375,1001.5380859375,
55.54_37.45,2022-04-28 15:00:00,7.0,3.448451042175293,rain,0.10000000149011612,0.0,5.014219284057617,18.0,41.06023406982422,1004.7429809570312,
55.54_37.46,2022-05-06 23:00:00,7.900000095367432,3.7268643379211426,none,0.0,0.0,13.684735298156738,24.479999542236328,55.97405242919922,1006.2325439453125,
55.54_37.5,2022-01-12 12:00:00,-16.0,-21.96923828125,none,0.0,51.0,15.141413688659668,28.079999923706055,80.02619171142578,1005.3961791992188,
55.54_37.5,2022-04-27 21:00:00,6.199999809265137,0.8433065414428711,none,0.0,0.0,19.770523071289062,39.23999786376953,53.906803131103516,997.001220703125,
55.54_37.5,2022-05-17 11:00:00,9.0,4.621458053588867,rain,1.100000023841858,0.0,24.192428588867188,48.959999084472656,85.218017578125,980.531494140625,
55.54_37.51,2022-06-20 13:00:00,19.0,16.789823532104492,none,0.0,0.0,12.181624412536621,28.799999237060547,50.03068161010742,985.18603515625,
55.54_37.52,2022-07-08 07:00:00,18.700000762939453,18.192174911499023,none,0.0,0.0,9.422101020812988,21.599998474121094,68.33904266357422,998.703369140625,
55.54_37.52,2022-07-19 19:00:00,18.299999237060547,15.964761734008789,none,0.0,0.0,13.397611618041992,31.68000030517578,52.98281478881836,992.4981689453125,
55.54_37.53,2022-02-24 17:00:00,0.0,-3.4023685455322266,none,0.0,45.0,5.116561412811279,16.559999465942383,75.01844024658203,1001.2186279296875,
55.54_37.53,2022-03-20 17:00:00,5.25,1.28963041305542,none,0.0,39.0,10.5142183303833,21.239999771118164,59.07920455932617,1012.2980346679688,
55.54_37.53,2022-04-25 16:00:00,15.5,11.504366874694824,none,0.0,0.0,17.78268814086914,35.63999938964844,46.56784439086914,987.8673095703125,
55.54_37.53,2022-05-21 15:00:00,15.199999809265137,11.807645797729492,none,0.0,0.0,7.2805495262146,19.079999923706055,31.997201919555664,987.0674438476562,
55.54_37.54,2022-02-04 16:00:00,-6.300000190734863,-10.49319076538086,none,0.0,58.999996185302734,7.628262996673584,12.959999084472656,88.07386016845703,991.663330078125,
55.54_37.54,2022-07-12 20:00:00,19.200000762939453,18.51871681213379,none,0.0,0.0,9.255571365356445,20.15999984741211,63.68208312988281,992.4188842773438,
55.54_37.55,2022-07-31 03:00:00,11.25,9.990650177001953,none,0.0,0.0,7.594208240509033,10.079999923706055,88.38656616210938,997.6178588867188,
55.54_37.56,2022-04-18 17:00:00,8.350000381469727,3.900824546813965,none,0.0,0.0,14.241629600524902,31.68000030517578,49.18553161621094,996.5299682617188,
55.54_37.57,2022-02-27 16:00:00,-1.850000023841858,-6.705601692199707,none,0.0,44.0,12.239999771118164,27.719999313354492,63.56638717651367,1010.8688354492188,
55.54_37.57,2022-06-22 19:00:00,19.75,17.00942611694336,none,0.0,0.0,16.808570861816406,33.839996337890625,49.559818267822266,982.611572265625,
55.54_37.58,2022-02-01 08:00:00,-2.799999952316284,-7.307014465332031,none,0.0,61.0,12.768586158752441,20.880001068115234,92.8180160522461,970.6429443359375,
55.54_37.58,2022-04-15 11:00:00,9.0,6.235499382019043,none,0.0,0.0,5.315336227416992,14.039999961853027,56.66926574707031,992.1060180664062,
55.54_37.58,2022-05-12 21:00:00,13.699999809265137,11.878026962280273,rain,1.7000000476837158,0.0,17.87355613708496,41.76000213623047,92.46412658691406,973.176025390625,
55.55_37.34,2022-03-29 14:00:00,2.4000000953674316,-2.140692710876465,none,0.0,28.0,13.684735298156738,26.639999389648438,67.52857208251953,977.9898071289062,
55.55_37.43,2022-07-31 11:00:00,22.200000762939453,22.69035530090332,none,0.0,0.0,1.7999999523162842,12.239999771118164,45.292259216308594,998.87109375,
55.55_37.44,2022-02-03 07:00:00,-8.350000381469727,-12.522880554199219,none,0.0,58.999996185302734,6.379216194152832,12.239999771118164,88.92232513427734,988.7610473632812,
55.55_37.49,2022-05-15 22:00:00,8.75,5.768104553222656,none,0.0,0.0,13.441070556640625,23.399999618530273,82.30252075195312,983.7777099609375,
55.55_37.51,2022-06-05 01:00:00,11.550000190734863,10.07361888885498,none,0.0,0.0,7.968938827514648,13.319999694824219,83.2162857055664,994.9142456054688,
55.55_37.52,2022-06-14 15:00:00,25.200000762939453,22.905641555786133,none,0.0,0.0,18.05750846862793,34.560001373291016,39.7504997253418,985.249267578125,
55.55_37.52,2022-08-11 01:00:00,,,,,,,,,,
55.55_37.53,2022-02-20 20:00:00,-1.2000000476837158,-6.46051025390625,none,0.0,48.0,17.533145904541016,30.96000099182129,79.45388793945312,980.793212890625,
55.55_37.53,2022-04-12 19:00:00,5.25,1.494499683380127,none,0.0,3.0,16.203998565673828,32.39999771118164,92.60999298095703,989.7191772460938,
55.55_37.54,2022-01-13 20:00:00,-6.949999809265137,-13.881608963012695,none,0.0,55.0,26.09937858581543,47.519996643066406,89.04625701904297,974.9734497070312,
55.55_37.54,2022-04-23 17:00:00,14.300000190734863,11.63821029663086,none,0.0,0.0,6.489992141723633,15.119998931884766,44.77605056762695,992.3267211914062,
55.55_37.54,2022-05-02 13:00:00,12.449999809265137,9.045443534851074,none,0.0,0.0,10.93120288848877,25.559999465942383,41.001625061035156,995.3601684570312,
55.55_37.54,2022-05-10 20:00:00,8.850000381469727,2.977944850921631,none,0.0,0.0,22.862125396728516,41.03999710083008,43.352622985839844,991.5310668945312,
55.55_37.54,2022-05-31 17:00:00,16.100000381469727,17.307647705078125,rain,0.4000000059604645,0.0,2.2768397331237793,12.959999084472656,91.1181640625,997.9805297851562,
55.55_37.54,2022-06-02 12:00:00,23.549999237060547,24.960275650024414,rain,0.4000000059604645,0.0,10.308830261230469,25.559999465942383,64.22196197509766,997.0933837890625,
55.55_37.55,2022-01-14 15:00:00,0.44999998807907104,-5.184143543243408,none,0.0,56.0,22.21815299987793,38.880001068115234,84.55548095703125,952.1978759765625,
55.55_37.55,2022-01-23 17:00:00,-5.150000095367432,-8.814523696899414,none,0.0,58.0,5.091168403625488,8.640000343322754,91.62467193603516,1006.4227905273438,
55.55_37.55,2022-03-02 17:00:00,0.699999988079071,-3.3387818336486816,none,0.0,44.0,8.350137710571289,9.720000267028809,63.93351364135742,998.1480102539062,
55.55_37.55,2022-05-29 07:00:00,8.899999618530273,5.2318830490112305,none,0.0,0.0,18.532133102416992,34.20000076293945,82.89179992675781,986.535888671875,
55.55_37.55,2022-06-02 16:00:00,24.600000381469727,24.753664016723633,none,0.0,0.0,9.028754234313965,21.239999771118164,52.69769287109375,997.1836547851562,
55.55_37.55,2022-06-24 19:00:00,22.850000381469727,20.802417755126953,none,0.0,0.0,15.62997055053711,27.719999313354492,46.389522552490234,993.0625,
55.55_37.56,2022-02-05 12:00:00,-9.199999809265137,-12.77637004852295,none,0.0,58.999996185302734,2.099142551422119,8.279999732971191,92.43413543701172,991.3247680664062,
55.55_37.56,2022-02-15 21:00:00,-2.799999952316284,-8.417082786560059,none,0.0,54.000003814697266,19.09358024597168,32.76000213623047,81.96526336669922,997.7953491210938,
55.55_37.56,2022-03-24 12:00:00,5.550000190734863,3.039564609527588,none,0.0,33.0,3.6712939739227295,10.440000534057617,66.0157470703125,993.8106689453125,
55.55_37.56,2022-07-03 10:00:00,25.25,25.982437133789062,none,0.0,0.0,10.853865623474121,25.559999465942383,55.1171760559082,993.6937255859375,
55.55_37.57,2022-02-27 19:00:00,-4.150000095367432,-9.761856079101562,none,0.0,44.0,18.003599166870117,30.96000099182129,80.84296417236328,1011.7333374023438,
55.55_37.57,2022-03-07 13:00:00,-0.5,-5.085160255432129,none,0.0,43.0,13.104198455810547,25.559999465942383,76.92459106445312,986.3466186523438,
55.55_37.59,2022-01-15 08:00:00,-2.549999952316284,-9.396478652954102,snow,0.20000000298023224,55.0,28.091533660888672,47.880001068115234,85.15679168701172,961.9526977539062,
55.55_37.59,2022-01-20 16:00:00,-3.200000047683716,-8.642179489135742,none,0.0,54.000003814697266,18.775300979614258,32.39999771118164,92.10037994384766,978.9779052734375,
55.55_37.59,2022-05-04 00:00:00,6.050000190734863,3.072132110595703,none,0.0,0.0,9.220499038696289,15.119998931884766,80.23117065429688,983.5813598632812,
55.55_37.59,2022-05-20 12:00:00,10.350000381469727,7.531183242797852,none,0.0,0.0,12.41347599029541,29.8799991607666,41.747520446777344,995.0718383789062,
55.55_37.59,2022-06-02 22:00:00,18.0,18.810564041137695,none,0.0,0.0,8.31124496459961,13.319999694824219,87.53929138183594,994.8074340820312,
55.55_37.59,2022-06-30 05:00:00,11.899999618530273,10.653916358947754,none,0.0,0.0,5.315336227416992,10.440000534057617,78.07917022705078,995.6876831054688,
55.55_37.59,2022-07-08 01:00:00,18.25,17.790287017822266,none,0.0,0.0,10.495713233947754,19.799999237060547,73.10206604003906,992.890380859375,
55.56_37.18,2022-06-07 18:00:00,18.700000762939453,15.654134750366211,none,0.0,0.0,12.031756401062012,25.919998168945312,39.521121978759766,992.0275268554688,
55.56_37.24,2022-03-19 21:00:00,-2.049999952316284,-6.210302829742432,none,0.0,42.0,8.707237243652344,14.399999618530273,74.36396026611328,1021.3834838867188,
55.56_37.33,2022-02-08 11:00:00,0.15000000596046448,-4.752008438110352,none,0.0,60.000003814697266,15.986593246459961,30.96000099182129,78.1900405883789,985.6260986328125,
55.56_37.33,2022-06-04 10:00:00,17.75,16.135513305664062,none,0.0,0.0,13.339445114135742,29.8799991607666,54.846336364746094,1001.1859741210938,
55.56_37.43,2022-06-22 13:00:00,20.200000762939453,17.730520248413086,none,0.0,0.0,21.677860260009766,44.279998779296875,50.69258499145508,982.8821411132812,
55.56_37.44,2022-05-28 13:00:00,9.899999618530273,6.518280029296875,rain,1.0,0.0,17.76081085205078,34.560001373291016,81.60572814941406,980.0836181640625,
55.56_37.45,2022-07-15 20:00:00,16.649999618530273,15.619495391845703,none,0.0,0.0,7.172948837280273,17.280000686645508,64.82395935058594,988.9097290039062,
55.56_37.47,2022-05-28 02:00:00,6.699999809265137,4.3142194747924805,none,0.0,0.0,9.199390411376953,19.440000534057617,93.98494720458984,978.47216796875,
55.56_37.49,2022-01-05 15:00:00,-8.5,-14.552663803100586,snow,2.200000047683716,40.0,19.296133041381836,52.560001373291016,90.32138061523438,970.0593872070312,
55.56_37.49,2022-07-13 20:00:00,18.049999237060547,17.154071807861328,none,0.0,0.0,7.952659606933594,12.239999771118164,62.796661376953125,988.3964233398438,
55.56_37.57,2022-04-20 07:00:00,6.199999809265137,1.1738133430480957,none,0.0,0.0,20.00511932373047,37.79999923706055,64.97393798828125,995.513671875,
55.56_37.58,2022-01-22 00:00:00,-7.599999904632568,-12.107133865356445,none,0.0,58.0,9.178235054016113,16.559999465942383,90.03923797607422,973.0188598632812,
55.56_37.58,2022-03-19 18:00:00,1.75,-2.476167917251587,none,0.0,43.0,9.199390411376953,9.720000267028809,56.64779281616211,1018.0751342773438,
55.56_37.58,2022-06-04 20:00:00,14.0,12.833940505981445,none,0.0,0.0,6.952754497528076,12.959999084472656,73.81022644042969,997.0654296875,
55.56_37.58,2022-08-04 15:00:00,27.899999618530273,26.901668548583984,none,0.0,0.0,9.44957160949707,22.68000030517578,35.51601028442383,998.46826171875,
55.56_37.59,2022-02-03 10:00:00,-8.25,-12.623950004577637,none,0.0,60.000003814697266,7.895416259765625,14.039999961853027,89.98670959472656,988.4673461914062,
55.56_37.59,2022-03-12 11:00:00,-4.099999904632568,-8.645703315734863,snow,0.4000000059604645,47.0,11.525623321533203,23.03999900817871,88.27981567382812,1000.732666015625,
55.56_37.59,2022-06-05 05:00:00,11.399999618530273,10.262901306152344,none,0.0,0.0,6.287129878997803,12.59999942779541,86.05339050292969,995.1212768554688,
55.56_37.59,2022-07-22 03:00:00,15.149999618530273,13.062118530273438,none,0.0,0.0,18.250259399414062,34.91999816894531,80.67051696777344,991.072021484375,
55.57_37.19,2022-03-01 15:00:00,3.5,-0.3027317523956299,none,0.0,46.0,4.104631423950195,8.279999732971191,38.315460205078125,1007.768310546875,
55.57_37.2,2022-02-01 06:00:00,-2.200000047683716,-6.788165092468262,none,0.0,60.000003814697266,14.003028869628906,27.35999870300293,94.24458312988281,971.105224609375,
55.57_37.21,2022-07-14 14:00:00,21.149999618530273,21.25804901123047,none,0.0,0.0,6.119999885559082,19.799999237060547,60.27142333984375,984.619384765625,
55.57_37.35,2022-02-26 00:00:00,-5.099999904632568,-9.967605590820312,none,0.0,46.0,13.202726364135742,24.119998931884766,89.8927993774414,994.2368774414062,
55.57_37.36,2022-07-01 13:00:00,20.700000762939453,17.677349090576172,none,0.0,0.0,19.681827545166016,42.119998931884766,31.306468963623047,996.5531616210938,
55.57_37.38,2022-03-30 18:00:00,-1.2999999523162842,-5.1785430908203125,none,0.0,29.0,4.0249223709106445,9.0,49.60645294189453,986.680908203125,
55.57_37.4,2022-06-20 20:00:00,14.75,13.17489242553711,none,0.0,0.0,10.041354179382324,22.68000030517578,71.02912139892578,984.8997802734375,
55.57_37.45,2022-02-15 18:00:00,-2.549999952316284,-7.812130928039551,none,0.0,54.000003814697266,16.808570861816406,29.8799991607666,81.68939208984375,998.5418701171875,
55.57_37.45,2022-07-23 21:00:00,18.5,18.9339656829834,none,0.0,0.0,8.350137710571289,10.440000534057617,79.82215881347656,988.8682861328125,
55.57_37.46,2022-02-22 15:00:00,4.25,-1.0228300094604492,none,0.0,48.0,21.068458557128906,46.07999801635742,71.23095703125,973.1785888671875,
55.57_37.47,2022-03-30 17:00:00,-0.699999988079071,-5.587656021118164,none,0.0,28.0,11.18320083618164,27.719999313354492,49.19674301147461,982.5784301757812,
55.57_37.48,2022-06-27 17:00:00,30.850000381469727,29.92922592163086,none,0.0,0.0,15.91346549987793,31.68000030517578,36.57435607910156,996.9976196289062,
55.57_37.48,2022-08-02 17:00:00,25.549999237060547,24.568817138671875,none,0.0,0.0,6.0346999168396,17.639999389648438,36.535892486572266,993.7916259765625,
55.57_37.49,2022-05-09 11:00:00,8.300000190734863,3.0878772735595703,rain,0.10000000149011612,0.0,22.55105972290039,47.880001068115234,61.149681091308594,996.1483764648438,
55.57_37.49,2022-07-08 18:00:00,24.100000381469727,23.12099266052246,none,0.0,0.0,6.4096174240112305,18.0,40.37749099731445,994.7203979492188,
55.57_37.56,2022-04-17 22:00:00,2.3499999046325684,-2.452176094055176,none,0.0,1.0,14.00302791595459,27.0,59.22114181518555,997.7368774414062,
55.57_37.57,2022-01-31 17:00:00,-1.4500000476837158,-6.496893882751465,snow,0.10000000149011612,60.000003814697266,17.193532943725586,29.15999984741211,89.51393127441406,970.0164184570312,
55.57_37.57,2022-02-01 15:00:00,-3.200000047683716,-7.9415411949157715,none,0.0,61.0,13.891522407531738,29.51999855041504,91.41050720214844,975.2080688476562,
55.57_37.57,2022-05-22 10:00:00,8.949999809265137,4.613274574279785,none,0.0,0.0,19.602651596069336,40.68000030517578,54.845672607421875,983.343994140625,
55.57_37.57,2022-06-12 22:00:00,18.0,14.838010787963867,none,0.0,0.0,12.758432388305664,24.84000015258789,41.15023422241211,992.0670166015625,
55.57_37.57,2022-07-17 17:00:00,20.850000381469727,19.9556941986084,none,0.0,0.0,1.0182337760925293,9.359999656677246,40.97185134887695,994.4114990234375,
55.57_37.57,2022-07-21 10:00:00,17.549999237060547,16.44673728942871,rain,0.10000000149011612,0.0,15.509273529052734,34.20000076293945,77.64674377441406,984.47216796875,
55.57_37.57,2022-07-27 16:00:00,29.799999237060547,29.477920532226562,none,0.0,0.0,11.44097900390625,22.319997787475586,38.46803283691406,990.0195922851562,
55.57_37.57,2022-08-05 08:00:00,23.5,25.045421600341797,none,0.0,0.0,5.351784706115723,14.75999927520752,65.44786834716797,1001.7462158203125,
55.57_37.58,2022-04-27 19:00:00,8.300000190734863,3.1259779930114746,none,0.0,0.0,19.164716720581055,35.63999938964844,49.17135238647461,995.222900390625,
55.57_37.58,2022-06-28 14:00:00,25.100000381469727,23.742382049560547,none,0.0,0.0,16.57564353942871,35.63999938964844,36.16412353515625,1000.0238647460938,
55.57_37.58,2022-08-04 19:00:00,24.149999618530273,24.46578025817871,none,0.0,0.0,7.1003098487854,11.879999160766602,53.61448287963867,1001.4337158203125,
55.57_37.59,2022-01-15 17:00:00,-2.299999952316284,-9.339354515075684,none,0.0,55.0,29.337238311767578,52.91999816894531,82.96784210205078,975.0360717773438,
55.57_37.59,2022-05-27 13:00:00,13.449999809265137,9.910820007324219,rain,0.10000000149011612,0.0,19.917469024658203,42.119998931884766,67.48868560791016,980.842041015625,
55.57_37.59,2022-07-13 11:00:00,23.450000762939453,22.93311882019043,none,0.0,0.0,14.512063980102539,32.03999710083008,50.88144302368164,992.106201171875,
55.57_37.6,2022-03-02 08:00:00,-7.599999904632568,-11.90945816040039,none,0.0,46.0,7.235910415649414,11.159998893737793,82.9134292602539,1004.6072387695312,
55.57_37.6,2022-03-24 17:00:00,9.550000190734863,6.1270904541015625,none,0.0,31.0,4.510787010192871,10.440000534057617,35.87068176269531,997.4844360351562,
55.57_37.6,2022-04-10 08:00:00,6.849999904632568,4.016798973083496,rain,0.4000000059604645,18.0,12.496719360351562,24.479999542236328,93.99195861816406,983.752685546875,
55.57_37.6,2022-07-16 09:00:00,19.350000381469727,18.10807991027832,none,0.0,0.0,13.830748558044434,33.119998931884766,59.648399353027344,993.4863891601562,
55.57_37.62,2022-03-02 15:00:00,2.4000000953674316,-0.49704957008361816,none,0.0,46.0,3.219938039779663,7.559999465942383,72.18335723876953,1002.1240844726562,
55.57_37.62,2022-03-14 15:00:00,2.6500000953674316,-1.4814119338989258,none,0.0,45.0,11.275529861450195,26.280000686645508,68.59253692626953,1003.7617797851562,
55.57_37.63,2022-01-13 23:00:00,-2.5999999046325684,-9.119440078735352,none,0.0,56.0,26.944744110107422,40.68000030517578,94.57796478271484,974.1318969726562,
55.57_37.64,2022-03-08 22:00:00,-7.650000095367432,-13.132631301879883,none,0.0,47.0,15.30741024017334,25.919998168945312,83.56331634521484,999.3224487304688,
55.57_37.65,2022-05-04 13:00:00,8.100000381469727,3.4977827072143555,rain,0.10000000149011612,0.0,20.456745147705078,40.31999969482422,57.67497634887695,989.1145629882812,
55.57_37.65,2022-07-23 13:00:00,26.399999618530273,26.821659088134766,none,0.0,0.0,11.367109298706055,25.559999465942383,44.66681671142578,994.5587158203125,
55.57_37.65,2022-08-06 11:00:00,28.049999237060547,29.913333892822266,none,0.0,0.0,14.021525382995605,29.15999984741211,55.9837532043457,999.0728759765625,
55.57_37.66,2022-01-11 16:00:00,-12.600000381469727,-19.000173568725586,none,0.0,52.999996185302734,19.134262084960938,30.96000099182129,79.23301696777344,1005.5404052734375,
55.57_37.66,2022-02-06 02:00:00,-11.550000190734863,-17.04990577697754,none,0.0,60.000003814697266,14.113653182983398,22.68000030517578,91.91414642333984,985.5604248046875,
55.57_37.66,2022-06-13 12:00:00,23.200000762939453,23.275259017944336,none,0.0,0.0,11.92898941040039,30.599998474121094,57.88333511352539,990.631591796875,
55.57_37.67,2022-01-02 01:00:00,-5.0,-12.547933578491211,none,0.0,39.0,30.886655807495117,48.599998474121094,82.29491424560547,986.36572265625,
55.57_37.67,2022-02-20 17:00:00,0.3499999940395355,-4.881242275238037,none,0.0,52.0,17.294992446899414,33.119998931884766,70.71223449707031,983.1162109375,
55.57_37.67,2022-04-07 00:00:00,-2.9000000953674316,-7.557476043701172,none,0.0,39.0,13.276144027709961,23.03999900817871,89.05789947509766,986.6144409179688,
55.57_37.67,2022-06-07 23:00:00,12.149999618530273,10.34752368927002,none,0.0,0.0,6.130578517913818,9.359999656677246,67.91310119628906,995.4171752929688,
55.57_37.67,2022-06-08 00:00:00,10.449999809265137,8.692787170410156,none,0.0,0.0,5.506940841674805,7.199999809265137,74.9649887084961,995.0070190429688,
55.57_37.67,2022-06-23 19:00:00,22.0,19.94687271118164,none,0.0,0.0,13.207633972167969,28.079999923706055,44.934104919433594,993.9375,
55.57_37.67,2022-07-16 08:00:00,16.75,15.723222732543945,none,0.0,0.0,10.002559661865234,21.959999084472656,70.70178985595703,993.2350463867188,
55.57_37.68,2022-01-21 23:00:00,-7.75,-12.29845142364502,none,0.0,58.999996185302734,9.346142768859863,18.719999313354492,89.67544555664062,976.4586791992188,
55.57_37.68,2022-02-16 11:00:00,-2.549999952316284,-8.242077827453613,none,0.0,56.0,19.353137969970703,30.96000099182129,78.34808349609375,997.2383422851562,
55.57_37.69,2022-07-04 11:00:00,27.149999618530273,28.09539794921875,none,0.0,0.0,9.793058395385742,25.559999465942383,45.16331100463867,996.9051513671875,
55.58_37.13,2022-06-02 21:00:00,16.299999237060547,16.583587646484375,none,0.0,0.0,9.387650489807129,11.159998893737793,91.71991729736328,995.745361328125,
55.58_37.18,2022-04-25 08:00:00,9.800000190734863,7.447031021118164,none,0.0,0.0,13.527571678161621,27.0,91.9271240234375,989.2191772460938,
55.58_37.2,2022-02-17 09:00:00,-1.100000023841858,-6.488741874694824,none,0.0,52.999996185302734,20.53262710571289,41.39999771118164,94.64325714111328,980.31396484375,
55.58_37.23,2022-05-20 05:00:00,4.550000190734863,1.4482812881469727,none,0.0,0.0,9.504273414611816,17.280000686645508,86.24317932128906,992.7784423828125,
55.58_37.23,2022-08-05 14:00:00,29.350000381469727,29.130504608154297,none,0.0,0.0,10.948972702026367,27.35999870300293,36.275787353515625,999.2960815429688,
55.58_37.25,2022-03-03 09:00:00,-6.900000095367432,-11.429717063903809,none,0.0,44.0,9.021574020385742,14.75999927520752,81.71337127685547,989.4567260742188,
55.58_37.26,2022-05-10 09:00:00,7.349999904632568,0.8343439102172852,rain,0.20000000298023224,0.0,28.55142593383789,54.71999740600586,51.49892807006836,996.1033935546875,
55.58_37.38,2022-05-13 21:00:00,11.649999618530273,7.196301460266113,none,0.0,0.0,19.4699764251709,37.439998626708984,55.36090087890625,981.464111328125,
55.58_37.46,2022-02-13 23:00:00,-2.25,-7.791312217712402,none,0.0,55.0,18.723461151123047,32.03999710083008,79.89652252197266,992.8668823242188,
55.58_37.46,2022-05-06 01:00:00,3.8499999046325684,-0.6380882263183594,none,0.0,0.0,11.96695327758789,20.880001068115234,53.86793899536133,1000.3069458007812,
55.58_37.47,2022-02-06 14:00:00,-7.349999904632568,-11.90900707244873,snow,0.10000000149011612,60.000003814697266,9.028754234313965,11.159998893737793,82.29597473144531,975.7632446289062,
55.58_37.48,2022-07-11 20:00:00,26.25,23.766542434692383,none,0.0,0.0,23.400001525878906,41.39999771118164,43.760101318359375,984.7730712890625,
55.58_37.48,2022-07-27 19:00:00,26.25,27.196815490722656,none,0.0,0.0,9.726664543151855,31.319997787475586,55.89557647705078,987.2864990234375,
55.58_37.56,2022-05-08 14:00:00,16.700000762939453,11.670331001281738,none,0.0,0.0,25.35637092590332,52.560001373291016,44.20669174194336,995.5357666015625,
55.58_37.56,2022-05-22 20:00:00,7.400000095367432,3.345735549926758,none,0.0,0.0,10.661107063293457,37.439998626708984,48.915435791015625,983.3540649414062,
55.58_37.56,2022-05-27 00:00:00,10.550000190734863,6.677728652954102,rain,4.400000095367432,0.0,25.32312774658203,45.71999740600586,91.97296142578125,973.8720092773438,
55.58_37.57,2022-03-08 15:00:00,-5.099999904632568,-10.625295639038086,none,0.0,47.0,16.61079216003418,31.68000030517578,78.8482437133789,996.5425415039062,
55.58_37.57,2022-05-08 08:00:00,12.350000381469727,8.33094310760498,none,0.0,0.0,17.877180099487305,34.20000076293945,56.926353454589844,997.99462890625,
55.58_37.57,2022-05-22 13:00:00,11.149999618530273,7.203126907348633,none,0.0,0.0,19.513195037841797,40.31999969482422,40.9183464050293,982.0322265625,
55.58_37.57,2022-06-18 16:00:00,20.700000762939453,17.358531951904297,none,0.0,0.0,16.750640869140625,33.119998931884766,39.547481536865234,992.3396606445312,
55.58_37.57,2022-07-07 10:00:00,27.799999237060547,27.628625869750977,none,0.0,0.0,18.05750846862793,36.71999740600586,49.592533111572266,992.048828125,
55.58_37.57,2022-07-26 08:00:00,23.350000381469727,24.73981285095215,none,0.0,0.0,11.841755867004395,26.280000686645508,73.98400115966797,990.0328369140625,
55.58_37.58,2022-01-27 13:00:00,-7.0,-11.974197387695312,none,0.0,58.0,12.181625366210938,22.319997787475586,83.64628601074219,990.7750244140625,
55.58_37.58,2022-02-18 05:00:00,1.399999976158142,-4.217426300048828,rain,0.20000000298023224,52.999996185302734,24.648828506469727,47.15999984741211,94.74951171875,964.109619140625,
55.58_37.58,2022-02-28 08:00:00,-5.550000190734863,-10.59122085571289,none,0.0,46.0,14.154914855957031,24.479999542236328,90.54928588867188,1012.2891235351562,
55.58_37.59,2022-01-13 17:00:00,-10.25,-17.78864288330078,snow,0.20000000298023224,56.0,28.185955047607422,51.47999954223633,84.23729705810547,978.994384765625,
55.58_37.59,2022-04-22 14:00:00,9.699999809265137,7.497286796569824,none,0.0,0.0,7.56856632232666,18.719999313354492,75.35635375976562,998.5177001953125,
55.58_37.59,2022-06-06 15:00:00,21.149999618530273,18.17025375366211,none,0.0,0.0,15.62997055053711,34.91999816894531,38.86732482910156,993.2492065429688,
55.58_37.59,2022-08-06 16:00:00,30.649999618530273,29.949722290039062,none,0.0,0.0,11.966954231262207,24.84000015258789,34.6688232421875,998.2283325195312,
55.58_37.6,2022-03-20 16:00:00,5.25,1.1899757385253906,none,0.0,42.0,12.101570129394531,22.68000030517578,63.351768493652344,1011.751708984375,
55.58_37.6,2022-04-30 01:00:00,0.800000011920929,-3.016716957092285,none,0.0,0.0,11.44097900390625,20.15999984741211,93.35980224609375,999.4981079101562,
55.58_37.6,2022-06-06 06:00:00,13.649999618530273,12.028322219848633,none,0.0,0.0,13.246826171875,25.19999885559082,84.0232162475586,993.8038330078125,
55.58_37.6,2022-07-31 11:00:00,21.899999618530273,22.509347915649414,none,0.0,0.0,1.1384198665618896,15.119998931884766,44.906307220458984,997.3038330078125,
55.58_37.62,2022-06-24 18:00:00,24.299999237060547,21.9611873626709,none,0.0,0.0,17.11420440673828,37.439998626708984,41.80649185180664,995.1480712890625,
55.58_37.64,2022-06-12 23:00:00,16.950000762939453,13.995281219482422,none,0.0,0.0,11.983187675476074,21.239999771118164,45.37119674682617,990.9449462890625,
55.58_37.64,2022-08-09 19:00:00,,,,,,,,,,
55.58_37.65,2022-05-23 21:00:00,8.850000381469727,4.67559814453125,none,0.0,0.0,11.44097900390625,21.239999771118164,44.164703369140625,982.7230834960938,
55.58_37.65,2022-06-06 16:00:00,20.399999618530273,16.53984832763672,none,0.0,0.0,20.150354385375977,35.63999938964844,40.00935745239258,993.7872314453125,
55.58_37.66,2022-02-14 14:00:00,-0.25,-5.584374904632568,none,0.0,57.0,18.161277770996094,34.560001373291016,74.9736557006836,994.819091796875,
55.58_37.66,2022-02-15 14:00:00,0.05000000074505806,-4.968352317810059,none,0.0,57.0,16.279802322387695,28.799999237060547,75.30872344970703,997.7818603515625,
55.58_37.66,2022-04-16 10:00:00,2.3499999046325684,-3.456409215927124,rain,0.20000000298023224,2.0,26.280000686645508,46.439998626708984,90.46902465820312,991.9843139648438,
55.58_37.67,2022-01-16 14:00:00,-5.0,-9.521995544433594,none,0.0,55.0,9.885261535644531,21.959999084472656,79.78691101074219,988.5542602539062,
55.58_37.67,2022-04-23 14:00:00,14.949999809265137,12.323953628540039,none,0.0,0.0,6.618519306182861,20.15999984741211,43.8613166809082,996.3314208984375,
55.58_37.67,2022-06-06 16:00:00,20.399999618530273,16.53984832763672,none,0.0,0.0,20.150354385375977,35.63999938964844,40.00935745239258,994.4788818359375,
55.58_37.68,2022-01-21 15:00:00,-6.550000190734863,-12.312313079833984,snow,0.6000000238418579,57.0,18.356470108032227,29.51999855041504,89.42739868164062,977.8126220703125,
55.58_37.68,2022-02-03 07:00:00,-8.5,-12.809690475463867,none,0.0,60.000003814697266,7.208993911743164,12.59999942779541,88.55889892578125,989.3551025390625,
55.58_37.68,2022-03-09 18:00:00,-9.149999618530273,-14.77211856842041,none,0.0,48.0,14.2006196975708,23.03999900817871,65.66952514648438,1007.3035278320312,
55.58_37.68,2022-06-05 15:00:00,17.549999237060547,14.880701065063477,rain,0.10000000149011612,0.0,16.595178604125977,35.63999938964844,51.01539611816406,995.1513061523438,
55.58_37.68,2022-06-18 02:00:00,11.75,10.784149169921875,none,0.0,0.0,8.647496223449707,12.959999084472656,94.84237670898438,993.61962890625,
55.58_37.68,2022-06-20 15:00:00,19.149999618530273,16.73708724975586,none,0.0,0.0,12.101570129394531,27.35999870300293,46.780879974365234,985.7536010742188,
55.58_37.68,2022-06-30 07:00:00,18.649999618530273,17.370492935180664,none,0.0,0.0,6.792466163635254,17.280000686645508,53.0745964050293,999.8897705078125,
55.58_37.68,2022-07-07 11:00:00,29.850000381469727,29.514911651611328,none,0.0,0.0,20.00835609436035,45.36000061035156,41.177101135253906,993.1793823242188,
55.58_37.69,2022-02-10 21:00:00,-0.699999988079071,-5.337665557861328,none,0.0,61.0,14.044614791870117,25.559999465942383,82.24859619140625,987.6463012695312,
55.58_37.7,2022-01-01 02:00:00,-1.600000023841858,-6.339746475219727,snow,1.0,39.0,15.5301513671875,27.35999870300293,93.92426300048828,981.4089965820312,
55.58_37.7,2022-01-12 01:00:00,-12.449999809265137,-19.095876693725586,none,0.0,52.999996185302734,20.96671485900879,33.119998931884766,80.90877532958984,1006.634521484375,
55.58_37.7,2022-04-06 15:00:00,2.25,-3.375004768371582,none,0.0,39.0,19.191747665405273,32.76000213623047,56.99699020385742,981.2902221679688,
55.58_37.7,2022-06-08 17:00:00,22.049999237060547,20.117475509643555,none,0.0,0.0,4.320000171661377,16.19999885559082,32.02528381347656,994.8572998046875,
55.58_37.71,2022-01-12 07:00:00,-14.449999809265137,-20.79534912109375,snow,0.10000000149011612,52.999996185302734,18.289274215698242,29.15999984741211,82.3125,1007.0218505859375,
55.59_37.12,2022-02-04 19:00:00,-8.600000381469727,-12.944626808166504,none,0.0,60.000003814697266,7.4215898513793945,12.59999942779541,88.89997863769531,991.8062744140625,
55.59_37.21,2022-07-22 18:00:00,23.700000762939453,22.412158966064453,none,0.0,0.0,12.413476943969727,31.68000030517578,46.93110275268555,992.8121337890625,
55.59_37.22,2022-07-01 07:00:00,17.549999237060547,14.512506484985352,none,0.0,0.0,16.13587188720703,32.76000213623047,51.19000244140625,995.978515625,
55.59_37.26,2022-01-05 18:00:00,-7.199999809265137,-12.487602233886719,none,0.0,42.0,14.825706481933594,37.07999801635742,90.77548217773438,966.9066162109375,
55.59_37.28,2022-02-08 03:00:00,-0.5,-4.36444091796875,none,0.0,61.0,10.703569412231445,23.759998321533203,95.01643371582031,975.6535034179688,
55.59_37.28,2022-03-05 00:00:00,-2.549999952316284,-7.591113090515137,none,0.0,44.0,15.986595153808594,30.96000099182129,87.43081665039062,987.9522705078125,
55.59_37.29,2022-06-05 18:00:00,16.950000762939453,14.039508819580078,none,0.0,0.0,15.34968376159668,34.560001373291016,53.35112380981445,989.6605834960938,
55.59_37.29,2022-06-16 14:00:00,20.350000381469727,19.28689193725586,none,0.0,0.0,13.708391189575195,32.39999771118164,50.0567626953125,988.1876831054688,
55.59_37.29,2022-07-18 04:00:00,13.5,12.848604202270508,none,0.0,0.0,6.489992141723633,12.959999084472656,84.5658950805664,990.8889770507812,
55.59_37.29,2022-07-21 19:00:00,18.049999237060547,15.587947845458984,none,0.0,0.0,20.59250259399414,39.599998474121094,66.65289306640625,984.5126953125,
55.59_37.3,2022-08-08 08:00:00,18.149999618530273,18.85076904296875,none,0.0,0.0,9.339207649230957,23.399999618530273,87.2738037109375,996.10302734375,
55.59_37.35,2022-04-02 19:00:00,-0.8500000238418579,-6.2783355712890625,snow,2.4000000953674316,34.0,20.89861297607422,40.68000030517578,93.61579132080078,975.6403198242188,
55.59_37.36,2022-06-13 00:00:00,16.0,13.249921798706055,none,0.0,0.0,10.799999237060547,20.15999984741211,48.70268630981445,991.0269775390625,
55.59_37.37,2022-03-09 16:00:00,-7.550000190734863,-13.069048881530762,none,0.0,46.0,13.044723510742188,30.23999786376953,52.52827835083008,1003.7215576171875,
55.59_37.37,2022-05-08 14:00:00,16.700000762939453,12.202016830444336,none,0.0,0.0,23.199758529663086,50.03999710083008,47.067806243896484,995.226318359375,
55.59_37.37,2022-05-21 17:00:00,15.050000190734863,12.04019546508789,none,0.0,0.0,4.802999019622803,16.19999885559082,32.66442108154297,985.3980712890625,
55.59_37.45,2022-04-27 09:00:00,9.449999809265137,6.378279685974121,none,0.0,0.0,12.074766159057617,24.84000015258789,71.47964477539062,988.3010864257812,
55.59_37.45,2022-06-28 20:00:00,19.899999618530273,16.676883697509766,none,0.0,0.0,13.746155738830566,25.919998168945312,37.5828857421875,999.3402709960938,
55.59_37.47,2022-07-15 20:00:00,19.299999237060547,17.497962951660156,none,0.0,0.0,11.304228782653809,25.559999465942383,52.710636138916016,985.4879760742188,
55.59_37.48,2022-03-09 17:00:00,-7.699999809265137,-13.195218086242676,none,0.0,46.0,13.532360076904297,28.079999923706055,61.10997009277344,1002.1970825195312,
55.59_37.48,2022-08-06 10:00:00,24.700000762939453,26.378326416015625,none,0.0,0.0,10.972620010375977,25.19999885559082,69.73249053955078,997.8136596679688,
55.59_37.52,2022-03-27 13:00:00,-3.200000047683716,-12.015266418457031,snow,0.10000000149011612,25.0,37.06427001953125,77.03999328613281,50.04167175292969,976.90966796875,
55.59_37.52,2022-04-02 19:00:00,-0.8500000238418579,-6.676381587982178,snow,1.100000023841858,34.0,23.675302505493164,43.19999694824219,93.96074676513672,971.4533081054688,
55.59_37.53,2022-01-05 02:00:00,-9.100000381469727,-14.951506614685059,none,0.0,37.0,17.388408660888672,25.559999465942383,87.45604705810547,980.531494140625,
55.59_37.53,2022-02-04 05:00:00,-7.0,-11.17889404296875,snow,0.10000000149011612,58.999996185302734,7.559999465942383,12.59999942779541,93.28971099853516,987.3182373046875,
55.59_37.53,2022-03-06 17:00:00,-2.1500000953674316,-7.987831115722656,none,0.0,43.0,19.164718627929688,33.47999954223633,66.5135498046875,985.4271240234375,
55.59_37.53,2022-03-10 16:00:00,-6.150000095367432,-12.078078269958496,none,0.0,45.0,16.56391143798828,32.76000213623047,54.916229248046875,1011.1826171875,
55.59_37.53,2022-07-08 07:00:00,17.600000381469727,17.31468391418457,none,0.0,0.0,9.064568519592285,19.799999237060547,75.65792083740234,996.5653076171875,
55.59_37.54,2022-05-07 10:00:00,14.800000190734863,10.689464569091797,none,0.0,0.0,16.73516082763672,33.119998931884766,44.13027572631836,1003.1168823242188,
55.59_37.54,2022-05-13 20:00:00,11.649999618530273,7.130970001220703,none,0.0,0.0,20.240196228027344,36.0,56.34795379638672,980.898193359375,
55.59_37.55,2022-01-11 14:00:00,-12.25,-18.693973541259766,none,0.0,51.0,19.45332908630371,42.119998931884766,77.34969329833984,1003.8076171875,
55.59_37.55,2022-01-25 19:00:00,-9.600000381469727,-14.829257011413574,none,0.0,55.0,13.044721603393555,26.280000686645508,89.87635040283203,989.6918334960938,
55.59_37.55,2022-04-19 12:00:00,10.050000190734863,5.735490798950195,none,0.0,0.0,21.5308895111084,42.119998931884766,71.84382629394531,994.5264282226562,
55.59_37.55,2022-04-28 15:00:00,7.099999904632568,3.3297457695007324,none,0.0,0.0,6.439876079559326,17.639999389648438,40.47182846069336,1000.7781982421875,
55.59_37.55,2022-05-18 02:00:00,7.599999904632568,3.7950878143310547,none,0.0,0.0,17.313716888427734,30.96000099182129,81.86824035644531,983.3750610351562,
55.59_37.55,2022-05-24 20:00:00,6.400000095367432,1.582932949066162,none,0.0,0.0,15.496735572814941,31.319997787475586,50.66543960571289,988.6507568359375,
55.59_37.55,2022-06-07 05:00:00,9.600000381469727,7.272466659545898,none,0.0,0.0,11.525623321533203,19.799999237060547,86.75194549560547,993.1107788085938,
55.59_37.55,2022-08-05 16:00:00,28.899999618530273,27.78632354736328,none,0.0,0.0,10.446206092834473,23.759998321533203,33.73268508911133,998.9995727539062,
55.59_37.6,2022-03-10 11:00:00,-11.449999809265137,-17.290788650512695,none,0.0,47.0,15.391839981079102,27.35999870300293,73.75431823730469,1013.0885620117188,
55.59_37.6,2022-04-10 15:00:00,7.449999809265137,4.511850357055664,none,0.0,16.0,7.4215898513793945,23.03999900817871,66.67446899414062,987.6085205078125,
55.59_37.6,2022-05-09 19:00:00,7.449999809265137,1.941056251525879,none,0.0,0.0,22.89611053466797,39.959999084472656,57.92737579345703,998.4344482421875,
55.59_37.6,2022-07-23 11:00:00,25.25,25.268310546875,none,0.0,0.0,11.367109298706055,24.479999542236328,48.75925064086914,992.9932250976562,
55.59_37.61,2022-01-23 08:00:00,-5.300000190734863,-9.600166320800781,none,0.0,58.0,9.44957160949707,15.480000495910645,92.67156982421875,999.9977416992188,
55.59_37.61,2022-06-11 21:00:00,18.399999618530273,17.11359214782715,none,0.0,0.0,12.31389331817627,20.51999855041504,64.77588653564453,994.5001220703125,
55.59_37.61,2022-08-05 13:00:00,29.200000762939453,29.216915130615234,none,0.0,0.0,14.386493682861328,29.51999855041504,37.929080963134766,999.7791137695312,
55.59_37.61,2022-08-09 21:00:00,,,,,,,,,,
55.59_37.64,2022-01-28 19:00:00,-6.5,-12.505817413330078,snow,0.10000000149011612,58.0,19.995397567749023,32.03999710083008,88.74087524414062,981.0359497070312,
55.59_37.64,2022-08-05 14:00:00,29.549999237060547,28.597003936767578,none,0.0,0.0,10.383987426757812,28.799999237060547,33.469688415527344,1000.5616455078125,
55.59_37.65,2022-01-26 16:00:00,-4.349999904632568,-9.443382263183594,none,0.0,60.000003814697266,15.13713264465332,23.759998321533203,88.59365844726562,991.0615234375,
55.59_37.66,2022-04-21 20:00:00,5.900000095367432,3.1165008544921875,none,0.0,0.0,9.746630668640137,19.440000534057617,89.46604919433594,1000.6488647460938,
55.59_37.66,2022-06-19 23:00:00,18.0,16.358257293701172,none,0.0,0.0,13.584932327270508,24.119998931884766,64.04853820800781,986.03662109375,
55.59_37.66,2022-08-11 21:00:00,,,,,,,,,,
55.59_37.67,2022-04-22 18:00:00,10.899999618530273,9.004161834716797,none,0.0,0.0,4.582051753997803,7.920000076293945,66.71611022949219,997.493408203125,
55.59_37.67,2022-05-13 10:00:00,13.350000381469727,7.352983474731445,rain,0.10000000149011612,0.0,31.371679306030273,57.23999786376953,53.134735107421875,981.861083984375,
55.59_37.67,2022-06-27 18:00:00,30.600000381469727,29.407581329345703,none,0.0,0.0,16.299694061279297,32.76000213623047,35.685176849365234,997.0352783203125,
55.59_37.67,2022-07-06 10:00:00,25.950000762939453,28.350269317626953,none,0.0,0.0,4.379589080810547,19.440000534057617,60.03925323486328,994.347900390625,
55.59_37.68,2022-05-10 13:00:00,7.599999904632568,-0.36371278762817383,none,0.0,0.0,35.64727020263672,65.15999603271484,40.92986297607422,995.5172729492188,
55.59_37.68,2022-08-01 18:00:00,23.899999618530273,21.86411476135254,none,0.0,0.0,10.972620010375977,21.599998474121094,37.061073303222656,996.334228515625,
55.59_37.71,2022-01-26 10:00:00,-7.650000095367432,-12.338815689086914,none,0.0,60.000003814697266,10.308830261230469,16.559999465942383,88.98455810546875,991.948974609375,
55.59_37.72,2022-01-05 00:00:00,-10.050000190734863,-15.540002822875977,none,0.0,39.0,14.44044303894043,23.759998321533203,87.35997009277344,983.877197265625,
55.59_37.72,2022-02-23 07:00:00,0.10000000149011612,-5.00039005279541,snow,0.10000000149011612,50.0,19.376562118530273,31.68000030517578,92.30541229248047,981.5559692382812,
55.59_37.72,2022-03-09 08:00:00,-14.100000381469727,-19.565141677856445,none,0.0,48.0,12.387348175048828,20.15999984741211,82.70594024658203,1003.6674194335938,
55.59_37.72,2022-04-03 10:00:00,-1.7999999523162842,-7.708324432373047,snow,0.10000000149011612,41.0,22.54531478881836,41.03999710083008,87.50403594970703,973.65234375,
55.59_37.72,2022-05-05 15:00:00,9.550000190734863,5.137667655944824,none,0.0,0.0,10.587918281555176,30.599998474121094,33.378299713134766,1004.7797241210938,
55.59_37.72,2022-06-27 07:00:00,22.75,24.20074462890625,none,0.0,0.0,8.049844741821289,17.280000686645508,71.5893325805664,1001.2782592773438,
55.59_37.72,2022-07-14 16:00:00,20.049999237060547,19.81633186340332,none,0.0,0.0,10.5142183303833,23.759998321533203,68.16575622558594,986.061279296875,
55.59_37.73,2022-06-17 16:00:00,19.100000381469727,16.028972625732422,none,0.0,0.0,20.674156188964844,38.880001068115234,54.6401481628418,992.7760009765625,
55.5_36.93,2022-01-17 16:00:00,-2.700000047683716,-8.480955123901367,snow,0.10000000149011612,52.0,21.422269821166992,38.880001068115234,91.4447250366211,959.283447265625,
55.5_37.28,2022-03-06 20:00:00,-3.299999952316284,-8.737478256225586,none,0.0,43.0,16.676977157592773,32.39999771118164,74.7052230834961,989.87451171875,
55.5_37.29,2022-06-03 11:00:00,18.149999618530273,17.878143310546875,rain,0.4000000059604645,0.0,15.459053993225098,34.560001373291016,86.165771484375,994.823974609375,
55.5_37.33,2022-01-01 13:00:00,-1.350000023841858,-5.389398097991943,none,0.0,36.0,9.605998039245605,24.84000015258789,83.71430206298828,979.4397583007812,
55.5_37.33,2022-01-29 10:00:00,-6.449999809265137,-9.973383903503418,none,0.0,58.0,3.3190360069274902,7.199999809265137,92.24597930908203,982.78125,
55.5_37.33,2022-04-22 19:00:00,9.149999618530273,7.434232711791992,none,0.0,0.0,4.379589080810547,7.920000076293945,78.73756408691406,999.186767578125,
55.5_37.33,2022-05-09 21:00:00,5.400000095367432,0.9774580001831055,none,0.0,0.0,14.489720344543457,28.440000534057617,62.237789154052734,1001.3453369140625,
55.5_37.51,2022-03-05 23:00:00,-4.5,-9.216320991516113,none,0.0,42.0,11.92898941040039,23.399999618530273,83.63816833496094,999.316162109375,
55.5_37.53,2022-02-10 13:00:00,0.8500000238418579,-3.9665486812591553,snow,0.10000000149011612,58.0,17.731597900390625,30.96000099182129,89.37437438964844,984.2078857421875,
55.5_37.53,2022-03-22 07:00:00,-2.5,-7.111992359161377,none,0.0,36.0,12.964998245239258,21.599998474121094,86.45497131347656,1012.7586059570312,
55.5_37.53,2022-07-03 13:00:00,27.799999237060547,27.829330444335938,none,0.0,0.0,15.84000015258789,34.20000076293945,42.64036560058594,996.198974609375,
55.5_37.53,2022-08-01 17:00:00,23.600000381469727,21.731531143188477,none,0.0,0.0,10.182336807250977,21.599998474121094,38.25090026855469,997.816650390625,
55.5_37.53,2022-08-08 09:00:00,,,,,,,,,,
55.5_37.56,2022-06-10 14:00:00,26.200000762939453,25.223705291748047,none,0.0,0.0,14.058449745178223,28.799999237060547,36.35319900512695,993.6400756835938,
55.5_37.57,2022-04-24 21:00:00,9.0,6.979161262512207,rain,0.5,0.0,10.365250587463379,18.0,93.77207946777344,990.681640625,
55.5_37.58,2022-05-04 14:00:00,8.449999809265137,3.628239631652832,snow,0.6000000238418579,0.0,20.390113830566406,40.68000030517578,55.713558197021484,991.0668334960938,
55.5_37.59,2022-05-05 18:00:00,9.550000190734863,5.430896759033203,none,0.0,0.0,9.957107543945312,24.479999542236328,38.239501953125,1004.5146484375,
55.5_37.59,2022-05-26 14:00:00,19.600000381469727,16.41515350341797,none,0.0,0.0,11.609650611877441,23.03999900817871,34.83592224121094,984.8220825195312,
55.5_37.6,2022-02-28 18:00:00,-3.25,-7.37380838394165,none,0.0,44.0,8.20926284790039,13.319999694824219,79.13866424560547,1011.8456420898438,
55.5_37.6,2022-06-08 18:00:00,21.899999618530273,20.092870712280273,none,0.0,0.0,5.447788238525391,14.039999961853027,35.497432708740234,993.929931640625,
55.61_37.21,2022-06-29 19:00:00,21.950000762939453,19.639266967773438,none,0.0,0.0,6.287129878997803,15.119998931884766,31.22233772277832,997.348876953125,
55.61_37.27,2022-07-13 06:00:00,17.149999618530273,17.41863250732422,none,0.0,0.0,5.623379707336426,13.679999351501465,78.60400390625,991.7426147460938,
55.61_37.29,2022-05-30 13:00:00,18.600000381469727,17.31438446044922,none,0.0,0.0,8.473393440246582,21.959999084472656,41.17910385131836,995.1650390625,
55.61_37.29,2022-05-30 16:00:00,18.75,16.105178833007812,none,0.0,0.0,8.759178161621094,20.51999855041504,37.91027069091797,995.7515869140625,
55.61_37.3,2022-01-21 10:00:00,-3.5,-8.364635467529297,snow,0.10000000149011612,52.999996185302734,14.345897674560547,29.15999984741211,90.02080535888672,974.216064453125,
55.61_37.31,2022-03-24 23:00:00,-4.900000095367432,-9.699995040893555,none,0.0,31.0,11.486200332641602,14.399999618530273,76.16993713378906,995.255615234375,
55.61_37.33,2022-06-24 15:00:00,24.850000381469727,23.99517822265625,none,0.0,0.0,15.379205703735352,35.279998779296875,41.682796478271484,994.1654663085938,
55.61_37.34,2022-06-23 12:00:00,21.100000381469727,19.821128845214844,none,0.0,0.0,16.676977157592773,37.79999923706055,44.98649978637695,989.0526123046875,
55.61_37.35,2022-01-22 07:00:00,-5.400000095367432,-10.551291465759277,snow,0.10000000149011612,55.0,14.843179702758789,27.0,88.83916473388672,976.3448791503906,
55.61_37.35,2022-04-02 09:00:00,-1.2999999523162842,-6.950311660766602,snow,0.30000001192092896,30.000001907348633,20.945070266723633,44.63999557495117,85.6174545288086,980.0669555664062,
55.61_37.36,2022-01-30 06:00:00,-5.25,-9.839574813842773,none,0.0,57.0,11.609650611877441,20.880001068115234,94.1002197265625,974.4696044921875,
55.61_37.36,2022-04-06 11:00:00,0.8999999761581421,-3.8502984046936035,none,0.0,39.0,14.843179702758789,33.119998931884766,60.901092529296875,978.3765869140625,
55.61_37.37,2022-03-13 23:00:00,0.949999988079071,-3.7734360694885254,none,0.0,45.0,16.99260902404785,33.839996337890625,88.08821105957031,1000.4266357421875,
55.61_37.45,2022-01-08 11:00:00,-5.75,-11.630319595336914,none,0.0,41.0,18.51114273071289,31.68000030517578,77.22056579589844,992.8817749023438,
55.61_37.45,2022-05-29 11:00:00,13.199999809265137,9.368468284606934,rain,0.20000000298023224,0.0,20.393293380737305,41.39999771118164,62.3159065246582,985.2443237304688,
55.61_37.47,2022-07-02 17:00:00,24.649999618530273,21.451892852783203,none,0.0,0.0,13.708390235900879,27.0,28.344484329223633,994.2479248046875,
55.61_37.49,2022-03-03 01:00:00,-5.599999904632568,-10.029167175292969,none,0.0,44.0,8.942214012145996,15.480000495910645,80.31822967529297,987.0048217773438,
55.61_37.49,2022-05-01 18:00:00,10.350000381469727,5.629955291748047,none,0.0,0.0,15.496735572814941,29.51999855041504,40.98367691040039,993.4998168945312,
55.61_37.49,2022-06-04 19:00:00,17.850000381469727,16.411998748779297,none,0.0,0.0,8.90590763092041,23.399999618530273,57.9122428894043,989.7923583984375,
55.61_37.49,2022-07-09 12:00:00,24.950000762939453,24.95429039001465,none,0.0,0.0,6.8777899742126465,19.440000534057617,43.11488342285156,988.1586303710938,
55.61_37.49,2022-08-06 08:00:00,23.0,24.89352035522461,none,0.0,0.0,8.70723819732666,20.51999855041504,76.04045867919922,993.0152587890625,
55.61_37.5,2022-01-25 03:00:00,-11.350000381469727,-15.933286666870117,none,0.0,55.0,7.695919990539551,14.75999927520752,88.29208374023438,999.1459350585938,
55.61_37.5,2022-05-01 03:00:00,-1.149999976158142,-4.6825761795043945,none,0.0,0.0,6.297428131103516,9.359999656677246,83.73902893066406,994.9524536132812,
55.61_37.51,2022-01-25 21:00:00,-9.800000190734863,-14.983820915222168,snow,0.20000000298023224,55.0,12.55879020690918,22.319997787475586,88.79179382324219,983.8036499023438,
55.61_37.51,2022-03-18 21:00:00,-2.6500000953674316,-7.043590545654297,none,0.0,42.0,10.630672454833984,18.719999313354492,80.44535827636719,1011.3889770507812,
55.61_37.52,2022-04-29 17:00:00,8.800000190734863,3.7347660064697266,none,0.0,0.0,16.485485076904297,35.279998779296875,40.37136459350586,994.4263305664062,
55.61_37.52,2022-05-11 10:00:00,13.100000381469727,8.246889114379883,none,0.0,0.0,22.104116439819336,43.91999816894531,46.381717681884766,981.11083984375,
55.61_37.52,2022-05-13 16:00:00,15.449999809265137,9.604528427124023,none,0.0,0.0,29.268686294555664,56.519996643066406,43.849578857421875,974.442138671875,
55.61_37.52,2022-05-19 08:00:00,9.699999809265137,5.9743194580078125,rain,0.10000000149011612,0.0,16.071491241455078,30.96000099182129,68.58949279785156,987.1123657226562,
55.61_37.53,2022-03-06 21:00:00,-3.4000000953674316,-8.799749374389648,none,0.0,43.0,16.854766845703125,31.68000030517578,79.11532592773438,981.745849609375,
55.61_37.53,2022-03-16 22:00:00,-8.100000381469727,-13.027064323425293,none,0.0,43.0,10.703569412231445,19.440000534057617,76.51116943359375,1007.508544921875,
55.61_37.53,2022-04-05 15:00:00,3.4000000953674316,-3.258941173553467,none,0.0,38.0,27.248456954956055,55.439998626708984,57.73281478881836,968.9405517578125,
55.61_37.53,2022-04-15 21:00:00,5.5,2.4260053634643555,rain,0.20000000298023224,0.0,8.647496223449707,15.480000495910645,77.62267303466797,986.3280639648438,
55.61_37.53,2022-05-05 10:00:00,7.050000190734863,2.126035213470459,none,0.0,0.0,17.283748626708984,36.36000061035156,40.919837951660156,998.6455078125,
55.61_37.53,2022-05-17 12:00:00,9.600000381469727,5.990179061889648,rain,0.30000001192092896,0.0,20.150354385375977,46.79999923706055,86.1617202758789,974.1939697265625,
55.61_37.53,2022-06-04 18:00:00,18.450000762939453,16.155418395996094,none,0.0,0.0,12.496719360351562,26.280000686645508,51.25669479370117,992.5677490234375,
55.61_37.54,2022-01-14 18:00:00,-1.399999976158142,-7.7154364585876465,none,0.0,54.000003814697266,24.967496871948242,41.39999771118164,82.15486907958984,947.4273071289062,
55.61_37.54,2022-02-13 22:00:00,-2.25,-7.791312217712402,none,0.0,55.0,18.723461151123047,32.03999710083008,79.89652252197266,990.006591796875,
55.61_37.54,2022-04-22 17:00:00,10.649999618530273,8.900927543640137,none,0.0,0.0,3.0758414268493652,6.119999885559082,66.19842529296875,990.7835083007812,
55.61_37.54,2022-07-26 13:00:00,27.450000762939453,30.017852783203125,none,0.0,0.0,7.386581897735596,24.119998931884766,55.48659133911133,981.947509765625,
55.61_37.54,2022-08-06 21:00:00,23.850000381469727,24.32530975341797,none,0.0,0.0,11.275529861450195,19.440000534057617,62.075927734375,992.5577392578125,
55.61_37.55,2022-05-31 12:00:00,15.75,14.673952102661133,rain,2.0999999046325684,0.0,14.255271911621094,31.68000030517578,84.53663635253906,993.6561889648438,
55.61_37.55,2022-06-08 01:00:00,9.350000381469727,6.989036560058594,none,0.0,0.0,7.771330833435059,8.640000343322754,73.99818420410156,984.9868774414062,
55.61_37.55,2022-06-22 17:00:00,20.350000381469727,17.183984756469727,none,0.0,0.0,18.118410110473633,39.23999786376953,44.929443359375,975.7825317382812,
55.61_37.59,2022-03-12 21:00:00,-2.8499999046325684,-6.905496597290039,snow,0.10000000149011612,47.0,9.227523803710938,18.0,89.397705078125,1000.8002319335938,
55.61_37.59,2022-07-14 10:00:00,20.649999618530273,20.502290725708008,none,0.0,0.0,7.993297576904297,19.079999923706055,62.35633087158203,984.6348876953125,
55.61_37.6,2022-03-23 16:00:00,5.650000095367432,2.01181697845459,none,0.0,34.0,8.121970176696777,15.119998931884766,56.6198616027832,1001.365966796875,
55.61_37.6,2022-03-31 18:00:00,0.44999998807907104,-3.1525485515594482,snow,0.10000000149011612,29.0,9.255571365356445,15.119998931884766,90.98908233642578,988.4351806640625,
55.61_37.6,2022-04-28 08:00:00,2.75,-1.4258909225463867,none,0.0,0.0,8.89134407043457,20.15999984741211,52.95632553100586,1003.3721923828125,
55.61_37.6,2022-06-24 20:00:00,23.100000381469727,20.755279541015625,none,0.0,0.0,17.46278190612793,30.23999786376953,45.38978576660156,993.4065551757812,
55.61_37.61,2022-02-22 12:00:00,2.4000000953674316,-3.4230825901031494,none,0.0,50.0,26.2824649810791,42.839996337890625,89.50128173828125,974.1178588867188,
55.61_37.61,2022-03-12 19:00:00,-2.450000047683716,-6.742846488952637,snow,0.10000000149011612,47.0,10.895576477050781,17.280000686645508,87.11272430419922,1003.4833374023438,
55.61_37.61,2022-03-18 21:00:00,-3.0999999046325684,-7.505361557006836,none,0.0,44.0,10.315114974975586,18.35999870300293,79.76853942871094,1018.7496948242188,
55.61_37.61,2022-03-31 17:00:00,1.350000023841858,-2.2892661094665527,snow,0.30000001192092896,29.0,8.5873384475708,22.319997787475586,79.54336547851562,988.57861328125,
55.61_37.61,2022-04-12 07:00:00,2.5999999046325684,-1.5962870121002197,none,0.0,12.0,16.279802322387695,28.079999923706055,94.7994155883789,988.1143798828125,
55.61_37.61,2022-05-17 08:00:00,7.400000095367432,2.913027286529541,rain,0.30000001192092896,0.0,24.458812713623047,46.439998626708984,93.05182647705078,982.6519165039062,
55.61_37.61,2022-06-05 16:00:00,17.700000762939453,14.12033462524414,none,0.0,0.0,19.453327178955078,36.0,49.170135498046875,993.8812866210938,
55.61_37.61,2022-06-28 20:00:00,21.75,18.261268615722656,none,0.0,0.0,16.07552146911621,31.319997787475586,34.365814208984375,1001.27685546875,
55.61_37.61,2022-06-29 07:00:00,15.449999809265137,13.660093307495117,none,0.0,0.0,8.08999252319336,18.0,59.71366500854492,1002.4554443359375,
55.61_37.62,2022-03-18 08:00:00,-8.899999618530273,-14.36427116394043,none,0.0,44.0,13.896186828613281,21.959999084472656,74.84762573242188,1023.5496826171875,
55.61_37.62,2022-05-30 13:00:00,18.100000381469727,17.551565170288086,none,0.0,0.0,8.699792861938477,21.959999084472656,44.60382080078125,999.670166015625,
55.61_37.62,2022-07-27 07:00:00,23.299999237060547,25.964109420776367,none,0.0,0.0,5.692099094390869,15.480000495910645,78.0096206665039,990.9010009765625,
55.61_37.62,2022-07-28 19:00:00,21.350000381469727,22.349529266357422,none,0.0,0.0,12.661563873291016,29.15999984741211,80.46430969238281,994.6987915039062,
55.61_37.63,2022-05-20 20:00:00,8.75,6.033190727233887,none,0.0,0.0,5.9044389724731445,7.920000076293945,61.0400390625,995.6611938476562,
55.61_37.66,2022-02-15 20:00:00,-2.9000000953674316,-9.037507057189941,none,0.0,57.0,22.40692710876465,33.839996337890625,80.4086685180664,1001.4921875,
55.61_37.66,2022-05-08 05:00:00,10.850000381469727,6.094655990600586,none,0.0,0.0,19.191747665405273,33.47999954223633,50.79420852661133,1001.4312744140625,
55.61_37.66,2022-05-08 16:00:00,15.600000381469727,11.456872940063477,none,0.0,0.0,22.41560173034668,47.519996643066406,54.852237701416016,996.904296875,
55.61_37.67,2022-06-07 20:00:00,16.25,14.28664779663086,none,0.0,0.0,7.787990570068359,20.880001068115234,53.349586486816406,995.80859375,
55.61_37.67,2022-07-23 13:00:00,26.850000381469727,27.219783782958984,none,0.0,0.0,10.483357429504395,25.19999885559082,43.35688781738281,996.3275756835938,
55.61_37.7,2022-04-19 06:00:00,3.549999952316284,-0.6653933525085449,none,0.0,1.0,15.315873146057129,26.639999389648438,82.80268096923828,996.969970703125,
55.61_37.71,2022-02-01 19:00:00,-2.75,-8.689166069030762,none,0.0,62.0,21.986541748046875,33.839996337890625,87.41119384765625,975.778564453125,
55.61_37.71,2022-05-23 16:00:00,13.649999618530273,8.348959922790527,none,0.0,0.0,21.252197265625,39.959999084472656,31.66086196899414,982.3349609375,
55.61_37.71,2022-06-23 15:00:00,23.25,21.921823501586914,none,0.0,0.0,13.281023025512695,35.63999938964844,36.625640869140625,990.15576171875,
55.61_37.71,2022-07-13 18:00:00,23.549999237060547,21.597837448120117,none,0.0,0.0,12.605141639709473,30.23999786376953,41.041603088378906,989.4921875,
55.61_37.71,2022-07-25 18:00:00,26.049999237060547,26.50264549255371,none,0.0,0.0,6.1516828536987305,16.559999465942383,47.87628173828125,986.1484985351562,
55.61_37.72,2022-01-28 09:00:00,-6.949999809265137,-13.33990478515625,none,0.0,58.999996185302734,22.14804458618164,33.47999954223633,86.31192016601562,983.1331787109375,
55.61_37.72,2022-02-05 12:00:00,-9.050000190734863,-12.67584228515625,none,0.0,60.000003814697266,2.545584201812744,9.0,92.80885314941406,992.2319946289062,
55.61_37.72,2022-02-15 14:00:00,0.05000000074505806,-4.968352317810059,none,0.0,57.0,16.279802322387695,28.799999237060547,75.30872344970703,998.7764892578125,
55.61_37.72,2022-03-15 10:00:00,-5.0,-9.485574722290039,none,0.0,46.0,10.245779991149902,19.440000534057617,85.85795593261719,1012.8084716796875,
55.61_37.72,2022-04-05 19:00:00,0.8500000238418579,-5.1687822341918945,none,0.0,40.0,23.141029357910156,39.599998474121094,71.07920837402344,977.3145751953125,
55.61_37.72,2022-04-12 10:00:00,6.949999809265137,4.2950897216796875,none,0.0,13.0,10.29625129699707,24.479999542236328,89.23944854736328,988.1134643554688,
55.61_37.72,2022-04-21 08:00:00,5.5,0.16386032104492188,rain,1.0,0.0,24.703975677490234,43.91999816894531,80.15239715576172,994.5008544921875,
55.61_37.72,2022-05-20 09:00:00,8.800000190734863,5.0534820556640625,none,0.0,0.0,13.450708389282227,32.03999710083008,50.96281433105469,997.39208984375,
55.61_37.72,2022-06-05 16:00:00,17.899999618530273,14.251523971557617,none,0.0,0.0,19.134262084960938,35.279998779296875,47.565086364746094,994.0296630859375,
55.61_37.72,2022-07-02 20:00:00,23.0,20.803817749023438,none,0.0,0.0,8.89134407043457,22.319997787475586,34.36668014526367,998.5784301757812,
55.61_37.72,2022-07-07 13:00:00,27.600000381469727,27.341632843017578,rain,0.5,0.0,22.183128356933594,49.31999969482422,52.79005432128906,992.1900024414062,
55.61_37.72,2022-07-15 17:00:00,21.950000762939453,18.856019973754883,none,0.0,0.0,18.05750846862793,39.23999786376953,41.42448043823242,987.4332275390625,
55.61_37.72,2022-07-22 16:00:00,25.149999618530273,22.3330078125,none,0.0,0.0,20.188907623291016,37.439998626708984,39.47242736816406,993.2163696289062,
55.61_37.72,2022-08-07 13:00:00,28.649999618530273,27.999568939208984,none,0.0,0.0,16.327497482299805,33.839996337890625,42.73622131347656,996.7114868164062,
55.61_37.72,2022-08-08 01:00:00,,,,,,,,,,
55.61_37.73,2022-01-11 12:00:00,-10.25,-16.989439010620117,none,0.0,52.999996185302734,22.705699920654297,36.36000061035156,84.23729705810547,1003.5044555664062,
55.61_37.73,2022-02-24 13:00:00,0.10000000149011612,-4.3779497146606445,none,0.0,49.0,12.574259757995605,22.68000030517578,75.03632354736328,1001.3244018554688,
55.61_37.73,2022-04-05 19:00:00,0.8500000238418579,-5.1687822341918945,none,0.0,40.0,23.141029357910156,39.599998474121094,71.07920837402344,978.0427856445312,
55.61_37.73,2022-04-20 08:00:00,6.300000190734863,1.389887809753418,none,0.0,0.0,19.694992065429688,35.63999938964844,66.66231536865234,995.279052734375,
55.61_37.73,2022-04-26 21:00:00,11.300000190734863,8.143454551696777,none,0.0,0.0,10.703569412231445,25.919998168945312,57.05931091308594,988.19775390625,
55.61_37.73,2022-04-27 20:00:00,7.599999904632568,2.247499465942383,none,0.0,0.0,19.386592864990234,34.91999816894531,47.541690826416016,996.0525512695312,
55.61_37.73,2022-05-15 17:00:00,14.649999618530273,10.92617416381836,none,0.0,0.0,13.896186828613281,26.639999389648438,44.087223052978516,982.0281372070312,
55.61_37.73,2022-06-05 13:00:00,17.649999618530273,14.97627067565918,none,0.0,0.0,18.94708251953125,37.439998626708984,52.097591400146484,994.1288452148438,
55.61_37.73,2022-06-21 11:00:00,17.399999618530273,17.068700790405273,none,0.0,0.0,3.8773183822631836,15.480000495910645,64.9878921508789,981.2366333007812,
55.61_37.73,2022-07-01 00:00:00,16.899999618530273,14.653583526611328,none,0.0,0.0,12.43433952331543,20.51999855041504,57.09410858154297,996.0931396484375,
55.61_37.73,2022-08-04 12:00:00,27.399999618530273,27.35008430480957,none,0.0,0.0,9.53150463104248,21.959999084472656,41.70697784423828,1000.9747924804688,
55.61_37.74,2022-03-13 19:00:00,-0.550000011920929,-5.542220115661621,none,0.0,47.0,16.099689483642578,26.280000686645508,78.66490173339844,1005.0391235351562,
55.61_37.74,2022-03-30 15:00:00,0.6499999761581421,-5.019914627075195,none,0.0,30.000001907348633,15.856355667114258,32.76000213623047,40.07516098022461,987.6226196289062,
55.61_37.74,2022-04-10 19:00:00,5.800000190734863,3.200408458709717,none,0.0,18.0,5.634891033172607,10.799999237060547,77.11895751953125,990.1409912109375,
55.61_37.74,2022-06-06 14:00:00,20.149999618530273,17.471946716308594,none,0.0,0.0,18.77530288696289,36.71999740600586,45.488162994384766,995.9104614257812,
55.61_37.74,2022-06-08 21:00:00,15.449999809265137,13.664176940917969,none,0.0,0.0,8.404284477233887,9.720000267028809,60.532596588134766,994.423095703125,
55.61_37.74,2022-06-19 15:00:00,23.350000381469727,19.19994354248047,none,0.0,0.0,31.293088912963867,60.839996337890625,46.83564758300781,986.2061157226562,
55.61_37.74,2022-06-27 19:00:00,29.649999618530273,29.688392639160156,none,0.0,0.0,11.92355728149414,29.15999984741211,41.78782653808594,999.1036987304688,
55.61_37.75,2022-03-23 19:00:00,-0.5,-4.865302562713623,none,0.0,34.0,10.4399995803833,13.679999351501465,68.69103240966797,1001.2974243164062,
55.61_37.75,2022-05-18 16:00:00,14.0,8.827508926391602,none,0.0,0.0,23.399999618530273,41.39999771118164,44.84953308105469,992.6192016601562,
55.61_37.75,2022-06-29 10:00:00,19.549999237060547,17.838834762573242,none,0.0,0.0,10.315114974975586,24.119998931884766,42.46294403076172,1002.7062377929688,
55.61_37.75,2022-07-24 20:00:00,21.899999618530273,22.436050415039062,none,0.0,0.0,7.636752605438232,11.519999504089355,64.690673828125,989.3358764648438,
55.61_37.76,2022-04-18 18:00:00,8.600000381469727,4.12873649597168,none,0.0,1.0,14.345897674560547,29.51999855041504,48.1823616027832,999.78173828125,
55.61_37.76,2022-05-09 22:00:00,4.800000190734863,-0.09539175033569336,none,0.0,0.0,18.532135009765625,30.96000099182129,68.79471588134766,1003.2647705078125,
55.61_37.76,2022-07-19 05:00:00,11.800000190734863,9.207792282104492,none,0.0,0.0,16.17197608947754,27.35999870300293,83.52740478515625,993.4837036132812,
55.61_37.76,2022-08-02 13:00:00,25.149999618530273,23.442481994628906,none,0.0,0.0,12.48115348815918,28.079999923706055,39.34099578857422,996.348388671875,
55.61_37.76,2022-08-12 08:00:00,,,,,,,,,,
55.61_37.77,2022-01-26 14:00:00,-4.949999809265137,-9.66983413696289,none,0.0,60.000003814697266,12.224106788635254,17.639999389648438,89.21981048583984,994.255126953125,
55.61_37.77,2022-06-17 16:00:00,18.950000762939453,15.936508178710938,rain,0.6000000238418579,0.0,20.570463180541992,36.36000061035156,55.71076965332031,994.502685546875,
55.62_37.27,2022-06-05 22:00:00,12.449999809265137,11.059746742248535,none,0.0,0.0,8.20926284790039,13.679999351501465,80.84320831298828,993.8148193359375,
55.62_37.29,2022-03-30 11:00:00,-2.6500000953674316,-7.739990234375,none,0.0,30.000001907348633,12.924952507019043,28.079999923706055,57.231178283691406,984.7078247070312,
55.62_37.34,2022-03-09 07:00:00,-14.199999809265137,-19.660213470458984,none,0.0,46.0,12.387348175048828,22.68000030517578,84.08292388916016,1000.72900390625,
55.62_37.39,2022-04-14 18:00:00,6.599999904632568,3.1469593048095703,none,0.0,1.0,8.287821769714355,20.880001068115234,59.20419692993164,996.8123168945312,
55.62_37.4,2022-02-13 22:00:00,-1.9500000476837158,-7.3433837890625,none,0.0,55.0,18.08977508544922,30.23999786376953,81.15772247314453,996.7513427734375,
55.62_37.4,2022-05-08 07:00:00,12.350000381469727,8.243598937988281,none,0.0,0.0,18.681882858276367,34.560001373291016,57.528255462646484,996.156982421875,
55.62_37.4,2022-07-08 06:00:00,16.100000381469727,16.18491554260254,none,0.0,0.0,7.2448601722717285,14.75999927520752,84.8508071899414,994.9893798828125,
55.62_37.42,2022-04-07 16:00:00,7.050000190734863,2.94814395904541,none,0.0,37.0,17.771753311157227,32.76000213623047,78.41851043701172,979.2872924804688,
55.62_37.45,2022-03-12 19:00:00,-2.6500000953674316,-7.097748756408691,none,0.0,45.0,11.72075080871582,20.15999984741211,86.43919372558594,1000.5259399414062,
55.62_37.46,2022-07-24 17:00:00,27.549999237060547,26.932880401611328,none,0.0,0.0,9.904906272888184,21.599998474121094,39.752296447753906,985.8226318359375,
55.62_37.48,2022-05-16 07:00:00,9.550000190734863,5.137491226196289,none,0.0,0.0,19.969457626342773,38.15999984741211,66.42385864257812,978.8123779296875,
55.62_37.48,2022-07-09 01:00:00,17.75,17.2100887298584,none,0.0,0.0,7.412853240966797,8.279999732971191,67.92278289794922,990.4473876953125,
55.62_37.49,2022-04-04 09:00:00,-4.849999904632568,-9.219254493713379,none,0.0,39.0,8.714676856994629,15.84000015258789,77.6733627319336,976.0650634765625,
55.62_37.49,2022-04-21 23:00:00,3.049999952316284,0.36697912216186523,none,0.0,0.0,6.569382667541504,12.59999942779541,95.4948501586914,993.9949340820312,
55.62_37.49,2022-05-26 12:00:00,17.399999618530273,16.24052619934082,none,0.0,0.0,8.55710220336914,21.959999084472656,45.6561393737793,979.0374145507812,
55.62_37.49,2022-06-01 23:00:00,14.050000190734863,13.669174194335938,none,0.0,0.0,9.726663589477539,16.559999465942383,94.93202209472656,993.4996948242188,
55.62_37.49,2022-07-17 22:00:00,16.399999618530273,15.380975723266602,none,0.0,0.0,6.130578994750977,9.720000267028809,63.691654205322266,987.9559326171875,
55.62_37.5,2022-02-02 19:00:00,-4.75,-9.385208129882812,none,0.0,58.999996185302734,11.92355728149414,20.51999855041504,90.6097412109375,976.3734130859375,
55.62_37.5,2022-03-29 17:00:00,0.5,-3.7621312141418457,none,0.0,27.000001907348633,10.93120288848877,23.759998321533203,71.81227111816406,966.7257080078125,
55.62_37.5,2022-05-22 12:00:00,11.149999618530273,7.203126907348633,none,0.0,0.0,19.513195037841797,40.31999969482422,40.9183464050293,973.4978637695312,
55.62_37.5,2022-06-26 22:00:00,22.899999618530273,22.70058250427246,none,0.0,0.0,11.01388168334961,20.15999984741211,58.374698638916016,990.50439453125,
55.62_37.5,2022-07-01 16:00:00,21.5,17.569927215576172,none,0.0,0.0,18.21827507019043,37.79999923706055,25.293703079223633,989.7843017578125,
55.62_37.51,2022-01-26 21:00:00,-6.5,-11.144947052001953,none,0.0,58.0,10.787993431091309,20.51999855041504,90.12718200683594,983.63671875,
55.62_37.51,2022-03-18 17:00:00,2.1500000953674316,-1.8547563552856445,none,0.0,42.0,8.496304512023926,16.19999885559082,59.844120025634766,1009.0303955078125,
55.62_37.51,2022-04-08 04:00:00,4.949999809265137,0.6009378433227539,none,0.0,33.0,17.873554229736328,31.68000030517578,82.97975158691406,969.1751098632812,
55.62_37.51,2022-06-04 16:00:00,19.200000762939453,16.71503257751465,none,0.0,0.0,12.849528312683105,27.35999870300293,47.11491775512695,989.37890625,
55.62_37.51,2022-06-28 22:00:00,18.600000381469727,15.215431213378906,none,0.0,0.0,14.00302791595459,26.280000686645508,39.080257415771484,991.3024291992188,
55.62_37.53,2022-02-13 15:00:00,0.8999999761581421,-4.428522109985352,none,0.0,56.0,18.532133102416992,41.03999710083008,71.62284088134766,990.3246459960938,
55.62_37.53,2022-04-28 15:00:00,7.150000095367432,3.38761043548584,rain,0.10000000149011612,0.0,6.130578994750977,16.919998168945312,39.27488327026367,994.4945678710938,
55.62_37.54,2022-03-21 10:00:00,2.3499999046325684,-2.0785253047943115,none,0.0,39.0,15.379205703735352,28.440000534057617,82.04988861083984,1005.322021484375,
55.62_37.55,2022-08-06 19:00:00,27.25,27.875782012939453,none,0.0,0.0,9.53150463104248,27.35999870300293,49.92429733276367,994.1954956054688,
55.62_37.58,2022-04-25 18:00:00,12.100000381469727,9.886202812194824,none,0.0,0.0,10.829957962036133,22.68000030517578,73.72392272949219,983.5316772460938,
55.62_37.59,2022-02-07 19:00:00,-2.25,-8.06103229522705,none,0.0,61.0,21.794126510620117,33.47999954223633,89.78288269042969,976.3229370117188,
55.62_37.59,2022-04-26 12:00:00,14.800000190734863,12.463079452514648,none,0.0,0.0,11.252518653869629,23.399999618530273,60.791343688964844,983.5078125,
55.62_37.61,2022-01-15 15:00:00,-2.299999952316284,-10.078661918640137,snow,0.10000000149011612,55.0,34.065208435058594,57.599998474121094,80.19227600097656,970.0497436523438,
55.62_37.61,2022-03-08 12:00:00,-4.900000095367432,-11.182717323303223,none,0.0,47.0,22.702844619750977,37.79999923706055,86.5308837890625,995.9069213867188,
55.62_37.61,2022-03-22 20:00:00,1.0,-3.539428472518921,none,0.0,36.0,13.246826171875,21.959999084472656,71.91059112548828,1008.0115966796875,
55.62_37.61,2022-05-24 09:00:00,8.5,2.9525136947631836,none,0.0,0.0,21.915691375732422,39.23999786376953,49.228031158447266,984.8995971679688,
55.62_37.61,2022-08-04 17:00:00,28.600000381469727,27.862586975097656,none,0.0,0.0,6.214563369750977,17.639999389648438,32.54887390136719,999.15478515625,
55.62_37.62,2022-03-09 18:00:00,-9.550000190734863,-15.294221878051758,none,0.0,47.0,14.825706481933594,23.759998321533203,64.76944732666016,1005.6488037109375,
55.62_37.62,2022-05-26 01:00:00,8.050000190734863,5.922101974487305,none,0.0,0.0,7.2805495262146,12.239999771118164,85.11424255371094,990.9937133789062,
55.62_37.62,2022-08-04 03:00:00,15.25,15.027252197265625,none,0.0,0.0,8.759178161621094,10.799999237060547,88.1474838256836,999.152099609375,
55.62_37.65,2022-04-30 09:00:00,3.549999952316284,-0.6993153095245361,none,0.0,0.0,14.255271911621094,32.03999710083008,75.91783905029297,1003.3392333984375,
55.62_37.65,2022-06-29 07:00:00,17.100000381469727,15.290853500366211,none,0.0,0.0,8.049844741821289,19.440000534057617,53.39051055908203,1003.7133178710938,
55.62_37.66,2022-05-11 11:00:00,14.100000381469727,9.323948860168457,none,0.0,0.0,24.144166946411133,44.63999557495117,45.845420837402344,989.7232055664062,
55.62_37.66,2022-06-01 15:00:00,21.299999237060547,19.67022132873535,none,0.0,0.0,18.844202041625977,29.51999855041504,56.48625183105469,1001.8358154296875,
55.62_37.66,2022-07-08 15:00:00,23.75,22.674192428588867,none,0.0,0.0,8.759178161621094,21.959999084472656,43.644317626953125,1000.7722778320312,
55.62_37.67,2022-01-18 07:00:00,-2.75,-9.740713119506836,snow,0.30000001192092896,56.0,29.555099487304688,43.91999816894531,90.41861724853516,974.1463623046875,
55.62_37.67,2022-02-17 18:00:00,1.2999999523162842,-5.4677734375,none,0.0,55.0,32.04808807373047,50.7599983215332,92.37801361083984,974.0138549804688,
55.62_37.67,2022-03-14 09:00:00,0.8500000238418579,-3.0357656478881836,rain,0.10000000149011612,47.0,11.96695327758789,20.51999855041504,93.36243438720703,1004.3649291992188,
55.62_37.67,2022-04-22 14:00:00,9.649999618530273,7.542631149291992,none,0.0,0.0,6.839999675750732,17.280000686645508,75.34784698486328,1003.7167358398438,
55.62_37.67,2022-05-29 19:00:00,12.899999618530273,9.891085624694824,none,0.0,0.0,13.397611618041992,34.560001373291016,61.81671142578125,996.0099487304688,
55.62_37.67,2022-06-07 13:00:00,19.149999618530273,16.596744537353516,none,0.0,0.0,12.783802032470703,26.639999389648438,39.78886795043945,997.8092041015625,
55.62_37.69,2022-03-31 18:00:00,1.100000023841858,-2.2890894412994385,snow,0.30000001192092896,30.000001907348633,7.594207286834717,15.119998931884766,85.56562042236328,990.0567626953125,
55.62_37.69,2022-03-31 21:00:00,0.25,-3.077219009399414,snow,0.10000000149011612,30.000001907348633,7.56856632232666,14.75999927520752,93.671630859375,989.6475830078125,
55.62_37.69,2022-04-26 08:00:00,12.399999618530273,11.421063423156738,none,0.0,0.0,5.86037540435791,15.84000015258789,82.48375701904297,986.2158813476562,
55.62_37.71,2022-02-24 07:00:00,-2.5,-6.075051307678223,none,0.0,49.0,6.839999675750732,11.159998893737793,94.58235168457031,1001.2269287109375,
55.62_37.71,2022-04-10 14:00:00,6.849999904632568,3.704746723175049,none,0.0,19.0,10.948972702026367,27.35999870300293,78.38777160644531,987.2600708007812,
55.62_37.71,2022-04-23 22:00:00,6.199999809265137,3.6125388145446777,none,0.0,0.0,7.386581897735596,11.159998893737793,83.13562774658203,995.900634765625,
55.62_37.71,2022-04-30 19:00:00,5.699999809265137,1.8868408203125,none,0.0,0.0,8.145870208740234,24.84000015258789,51.037193298339844,1003.2528686523438,
55.62_37.71,2022-05-27 16:00:00,15.050000190734863,10.138346672058105,none,0.0,0.0,25.623300552368164,46.79999923706055,51.75923538208008,979.3038940429688,
55.62_37.72,2022-01-28 11:00:00,-6.449999809265137,-12.820561408996582,none,0.0,58.999996185302734,22.253124237060547,37.439998626708984,85.69646453857422,983.4258422851562,
55.62_37.73,2022-03-15 15:00:00,-0.10000000149011612,-4.697066783905029,none,0.0,46.0,10.787993431091309,23.03999900817871,58.13622283935547,1013.7826538085938,
55.62_37.73,2022-04-06 07:00:00,-0.8500000238418579,-6.098295211791992,none,0.0,40.0,18.532133102416992,31.68000030517578,85.34925842285156,979.2330322265625,
55.62_37.73,2022-04-20 19:00:00,9.050000190734863,3.267104148864746,none,0.0,0.0,24.315326690673828,41.76000213623047,50.2935676574707,997.013916015625,
55.62_37.73,2022-04-28 23:00:00,3.450000047683716,-0.13096904754638672,snow,0.6000000238418579,0.0,8.427383422851562,18.35999870300293,69.78059387207031,1005.1253662109375,
55.62_37.74,2022-01-09 17:00:00,-6.0,-11.456770896911621,snow,0.30000001192092896,43.0,16.41852569580078,24.479999542236328,87.42346954345703,996.355712890625,
55.62_37.74,2022-04-01 12:00:00,3.049999952316284,-2.393822431564331,none,0.0,30.000001907348633,20.730501174926758,36.71999740600586,69.18612670898438,992.30419921875,
55.62_37.74,2022-04-15 17:00:00,8.800000190734863,5.89622688293457,none,0.0,2.0,6.214563369750977,13.679999351501465,57.23283004760742,994.8510131835938,
55.62_37.74,2022-05-23 12:00:00,11.050000190734863,5.753198623657227,none,0.0,0.0,21.650938034057617,40.68000030517578,46.12845230102539,985.2617797851562,
55.62_37.75,2022-04-07 20:00:00,5.349999904632568,1.0182609558105469,none,0.0,37.0,19.08339500427246,34.560001373291016,86.93717956542969,982.1812744140625,
55.62_37.75,2022-06-22 22:00:00,15.75,13.648914337158203,none,0.0,0.0,13.551501274108887,23.399999618530273,66.38848114013672,990.5471801757812,
55.62_37.76,2022-01-09 08:00:00,-6.5,-12.842629432678223,none,0.0,43.0,21.398056030273438,30.96000099182129,78.62460327148438,1003.7211303710938,
55.62_37.76,2022-01-29 16:00:00,-4.849999904632568,-7.90213680267334,snow,0.10000000149011612,60.000003814697266,0.7199999690055847,2.5199999809265137,87.87309265136719,985.9402465820312,
55.62_37.76,2022-05-30 21:00:00,14.949999809265137,12.620796203613281,none,0.0,0.0,10.13769245147705,16.19999885559082,57.583961486816406,1001.3954467773438,
55.62_37.76,2022-07-04 16:00:00,29.700000762939453,28.667057037353516,none,0.0,0.0,5.991593837738037,18.35999870300293,28.281038284301758,997.2659301757812,
55.62_37.77,2022-05-16 22:00:00,8.5,4.325605392456055,none,0.0,0.0,17.81181526184082,30.96000099182129,69.31309509277344,990.4129028320312,
55.62_37.78,2022-01-28 20:00:00,-6.199999809265137,-11.781020164489746,snow,0.20000000298023224,60.000003814697266,17.238698959350586,26.280000686645508,88.42496490478516,989.1434326171875,
55.62_37.78,2022-02-20 21:00:00,-0.8999999761581421,-6.046700954437256,none,0.0,51.0,17.0762996673584,26.280000686645508,80.09741973876953,987.9811401367188,
55.62_37.78,2022-04-10 13:00:00,6.849999904632568,3.6148195266723633,none,0.0,19.0,11.43531322479248,27.35999870300293,77.83639526367188,993.0386352539062,
55.62_37.78,2022-05-23 01:00:00,3.75,-0.2283163070678711,none,0.0,0.0,10.137691497802734,19.799999237060547,62.99546813964844,991.43359375,
55.62_37.78,2022-06-01 15:00:00,20.850000381469727,18.99179458618164,none,0.0,0.0,18.837324142456055,28.799999237060547,57.499114990234375,1006.3055419921875,
55.62_37.78,2022-07-02 15:00:00,24.700000762939453,22.658849716186523,none,0.0,0.0,13.661038398742676,29.8799991607666,28.161758422851562,1006.2725219726562,
55.62_37.79,2022-01-21 23:00:00,-7.699999809265137,-12.403782844543457,none,0.0,58.999996185302734,10.4399995803833,15.84000015258789,89.6795883178711,984.5968017578125,
55.62_37.79,2022-04-28 11:00:00,5.800000190734863,2.604799270629883,none,0.0,0.0,7.695919990539551,20.880001068115234,43.26205062866211,1010.2891235351562,
55.62_37.79,2022-05-15 00:00:00,7.849999904632568,4.604421615600586,none,0.0,0.0,11.96695327758789,20.51999855041504,74.5124282836914,989.9246215820312,
55.63_37.26,2022-04-06 08:00:00,-1.399999976158142,-6.544844627380371,none,0.0,40.0,16.981164932250977,34.20000076293945,82.46344757080078,978.8004760742188,
55.63_37.31,2022-03-11 22:00:00,-7.0,-11.530939102172852,none,0.0,45.0,8.31124496459961,14.039999961853027,74.01434326171875,1002.8497314453125,
55.63_37.31,2022-06-15 17:00:00,18.100000381469727,14.268949508666992,none,0.0,0.0,22.59699058532715,51.839996337890625,51.51224136352539,989.8576049804688,
55.63_37.31,2022-08-12 14:00:00,,,,,,,,,,
55.63_37.32,2022-04-18 22:00:00,4.25,-0.12336874008178711,none,0.0,0.0,12.758432388305664,25.19999885559082,60.373619079589844,995.1917724609375,
55.63_37.34,2022-05-17 12:00:00,10.050000190734863,6.440141677856445,rain,0.10000000149011612,0.0,19.40663719177246,41.39999771118164,81.06815338134766,981.0259399414062,
55.63_37.37,2022-05-11 16:00:00,16.399999618530273,11.607656478881836,none,0.0,0.0,18.03236961364746,34.91999816894531,32.22979736328125,986.4330444335938,
55.63_37.39,2022-01-10 17:00:00,-7.449999809265137,-13.333194732666016,snow,0.4000000059604645,48.0,18.556594848632812,32.03999710083008,88.30890655517578,995.3682250976562,
55.63_37.4,2022-04-02 19:00:00,-0.8999999761581421,-6.734879970550537,snow,0.699999988079071,35.0,23.686248779296875,41.76000213623047,93.95831298828125,974.2935791015625,
55.63_37.4,2022-07-10 17:00:00,27.0,26.557146072387695,rain,0.10000000149011612,0.0,10.105681419372559,33.47999954223633,42.69707489013672,988.27001953125,
55.63_37.4,2022-07-28 09:00:00,22.450000762939453,23.430891036987305,rain,2.5999999046325684,0.0,16.41852569580078,32.03999710083008,80.8619155883789,991.25537109375,
55.63_37.41,2022-06-14 13:00:00,24.700000762939453,25.348857879638672,none,0.0,0.0,12.758432388305664,27.719999313354492,52.723411560058594,985.9920654296875,
55.63_37.42,2022-02-07 23:00:00,-0.699999988079071,-5.502649307250977,snow,0.20000000298023224,60.000003814697266,16.750640869140625,28.440000534057617,93.62344360351562,977.5840454101562,
55.63_37.43,2022-01-05 09:00:00,-6.400000095367432,-12.283658981323242,none,0.0,37.0,19.376562118530273,32.03999710083008,90.48445129394531,976.16650390625,
55.63_37.43,2022-06-18 12:00:00,19.549999237060547,17.205354690551758,none,0.0,0.0,18.356470108032227,38.519996643066406,46.89171600341797,992.1358642578125,
55.63_37.43,2022-07-03 17:00:00,28.899999618530273,27.021068572998047,none,0.0,0.0,10.594036102294922,29.51999855041504,28.34895896911621,993.1986694335938,
55.63_37.43,2022-07-27 23:00:00,21.299999237060547,22.57880401611328,none,0.0,0.0,10.13769245147705,20.51999855041504,79.70096588134766,989.4259643554688,
55.63_37.44,2022-02-06 21:00:00,-6.050000190734863,-10.10612964630127,snow,0.10000000149011612,60.000003814697266,7.199999809265137,11.879999160766602,91.91675567626953,978.9529418945312,
55.63_37.44,2022-02-11 18:00:00,-1.7999999523162842,-6.377619743347168,none,0.0,57.0,13.009902954101562,20.51999855041504,84.28878021240234,984.885009765625,
55.63_37.44,2022-03-22 19:00:00,1.7999999523162842,-2.4412450790405273,none,0.0,35.0,11.457958221435547,20.880001068115234,69.4383316040039,1005.8882446289062,
55.63_37.44,2022-04-20 15:00:00,13.350000381469727,8.15705394744873,none,0.0,0.0,25.14851951599121,52.560001373291016,44.027381896972656,992.817138671875,
55.63_37.44,2022-07-18 12:00:00,20.299999237060547,20.139049530029297,none,0.0,0.0,5.86037540435791,19.799999237060547,50.88954544067383,991.1101684570312,
55.63_37.45,2022-06-18 12:00:00,19.549999237060547,17.205354690551758,none,0.0,0.0,18.356470108032227,38.519996643066406,46.89171600341797,988.6836547851562,
55.63_37.45,2022-06-19 02:00:00,13.699999809265137,11.947622299194336,none,0.0,0.0,10.691452980041504,18.0,74.50614929199219,987.2572021484375,
55.63_37.45,2022-07-10 22:00:00,21.950000762939453,21.405254364013672,none,0.0,0.0,14.529914855957031,24.479999542236328,63.66815185546875,985.50439453125,
55.63_37.45,2022-07-15 17:00:00,21.450000762939453,18.26365852355957,none,0.0,0.0,18.692285537719727,36.0,42.70990753173828,984.0975952148438,
55.63_37.47,2022-01-20 14:00:00,-3.25,-9.338850021362305,none,0.0,52.999996185302734,23.051246643066406,38.880001068115234,91.0637435913086,976.9508666992188,
55.63_37.47,2022-02-23 03:00:00,0.10000000149011612,-5.203851222991943,none,0.0,47.0,20.188907623291016,36.0,88.33373260498047,973.7893676757812,
55.63_37.47,2022-02-27 19:00:00,-4.300000190734863,-9.606047630310059,none,0.0,45.0,15.84000015258789,27.0,81.13270568847656,1008.21142578125,
55.63_37.47,2022-03-20 22:00:00,1.399999976158142,-3.36346173286438,none,0.0,40.0,16.485485076904297,27.719999313354492,80.43311309814453,1007.7586059570312,
55.63_37.48,2022-01-07 00:00:00,-0.5,-5.395580768585205,snow,0.10000000149011612,42.0,16.96589469909668,30.96000099182129,89.26200866699219,969.187255859375,
55.63_37.48,2022-03-29 08:00:00,0.550000011920929,-5.210528373718262,none,0.0,27.000001907348633,23.0849552154541,42.47999954223633,83.94700622558594,966.2761840820312,
55.63_37.48,2022-06-29 18:00:00,22.75,20.251813888549805,none,0.0,0.0,6.369049549102783,17.280000686645508,27.91472053527832,993.1260375976562,
55.63_37.49,2022-04-05 20:00:00,0.4000000059604645,-5.702106475830078,snow,0.10000000149011612,38.0,24.1307430267334,42.119998931884766,76.21846008300781,970.132080078125,
55.63_37.51,2022-01-21 08:00:00,-4.0,-9.492149353027344,snow,0.20000000298023224,54.000003814697266,18.345876693725586,33.47999954223633,90.66587829589844,967.9616088867188,
55.63_37.52,2022-01-05 12:00:00,-6.0,-12.091728210449219,snow,0.5,38.0,21.093050003051758,33.47999954223633,90.8644790649414,965.9888916015625,
55.63_37.52,2022-02-05 05:00:00,-8.5,-12.317151069641113,none,0.0,58.999996185302734,4.104631423950195,6.839999675750732,92.11505126953125,984.581787109375,
55.63_37.52,2022-04-10 15:00:00,7.550000190734863,4.957302093505859,none,0.0,11.0,5.052840709686279,15.480000495910645,66.22100830078125,979.5701293945312,
55.63_37.52,2022-05-25 16:00:00,13.100000381469727,9.255716323852539,none,0.0,0.0,11.275529861450195,23.399999618530273,39.15094757080078,984.12109375,
55.63_37.52,2022-07-24 14:00:00,28.200000762939453,28.291831970214844,none,0.0,0.0,8.699792861938477,23.399999618530273,37.65007019042969,981.8519897460938,
55.63_37.6,2022-01-16 18:00:00,-5.449999809265137,-11.731071472167969,none,0.0,52.999996185302734,21.915693283081055,31.68000030517578,82.23380279541016,986.6069946289062,
55.63_37.6,2022-02-16 07:00:00,-6.0,-12.411415100097656,none,0.0,55.0,22.87062644958496,33.839996337890625,86.41404724121094,997.8164672851562,
55.63_37.6,2022-02-28 07:00:00,-8.149999618530273,-13.088739395141602,none,0.0,46.0,11.879999160766602,19.079999923706055,90.70410919189453,1010.9888305664062,
55.63_37.6,2022-03-09 20:00:00,-11.199999809265137,-17.36216163635254,none,0.0,47.0,17.57744026184082,28.079999923706055,72.0000991821289,1008.3427124023438,
55.63_37.6,2022-04-13 17:00:00,5.050000190734863,-0.2932088375091553,none,0.0,5.0,23.051246643066406,43.91999816894531,74.54705047607422,997.2317504882812,
55.63_37.6,2022-04-27 08:00:00,8.0,5.169206619262695,none,0.0,0.0,11.50311279296875,22.68000030517578,83.06756591796875,991.3839111328125,
55.63_37.6,2022-05-25 14:00:00,12.399999618530273,9.227994918823242,none,0.0,0.0,6.162207126617432,24.479999542236328,39.51850509643555,992.5184936523438,
55.63_37.6,2022-05-27 17:00:00,14.399999618530273,9.74947738647461,rain,0.10000000149011612,0.0,24.881702423095703,47.519996643066406,56.65785598754883,977.6029663085938,
55.63_37.6,2022-07-08 22:00:00,21.799999237060547,21.882305145263672,none,0.0,0.0,1.4399999380111694,2.5199999809265137,50.11079025268555,995.9087524414062,
55.63_37.61,2022-02-16 18:00:00,-2.450000047683716,-8.291799545288086,none,0.0,55.0,21.398056030273438,31.68000030517578,86.1355972290039,991.1130981445312,
55.63_37.61,2022-03-02 07:00:00,-9.800000190734863,-14.200820922851562,none,0.0,46.0,6.8777899742126465,11.519999504089355,84.29327392578125,1004.1947631835938,
55.63_37.61,2022-03-11 08:00:00,-13.300000190734863,-18.06395721435547,none,0.0,47.0,7.787990570068359,11.879999160766602,81.45429229736328,1011.01513671875,
55.63_37.61,2022-03-22 09:00:00,2.1500000953674316,-2.425093173980713,none,0.0,38.0,15.629972457885742,27.719999313354492,78.7933349609375,1009.8991088867188,
55.63_37.62,2022-02-21 07:00:00,-2.5999999046325684,-8.458840370178223,none,0.0,50.0,21.915691375732422,32.76000213623047,90.43000030517578,978.8749389648438,
55.63_37.62,2022-02-22 12:00:00,2.4000000953674316,-3.4230825901031494,none,0.0,50.0,26.2824649810791,42.839996337890625,89.50128173828125,974.9602661132812,
55.63_37.62,2022-03-15 19:00:00,-4.849999904632568,-9.753530502319336,none,0.0,45.0,11.988594055175781,18.719999313354492,73.84048461914062,1010.6099853515625,
55.63_37.62,2022-04-10 13:00:00,5.25,1.6601719856262207,none,0.0,17.0,13.479582786560059,32.39999771118164,85.1029281616211,984.625732421875,
55.63_37.62,2022-06-09 02:00:00,10.699999809265137,8.237455368041992,none,0.0,0.0,11.457958221435547,14.039999961853027,77.36278533935547,992.7122802734375,
55.63_37.62,2022-06-09 16:00:00,26.850000381469727,26.145898818969727,none,0.0,0.0,7.636752605438232,16.559999465942383,33.72093200683594,991.1986694335938,
55.63_37.65,2022-03-31 08:00:00,-4.650000095367432,-8.254002571105957,none,0.0,29.0,4.33497428894043,15.480000495910645,84.91389465332031,990.3316040039062,
55.63_37.65,2022-06-07 11:00:00,17.299999237060547,15.718137741088867,none,0.0,0.0,10.028438568115234,23.399999618530273,51.12283706665039,996.8253784179688,
55.63_37.65,2022-07-09 14:00:00,25.149999618530273,23.975431442260742,none,0.0,0.0,12.41347599029541,25.559999465942383,43.45612716674805,994.2887573242188,
55.63_37.66,2022-04-05 14:00:00,2.75,-3.8227412700653076,none,0.0,40.0,26.98319435119629,49.68000030517578,62.287864685058594,979.9362182617188,
55.63_37.66,2022-04-09 14:00:00,10.649999618530273,6.454805374145508,none,0.0,25.0,14.904172897338867,29.15999984741211,50.01273727416992,985.0966186523438,
55.63_37.66,2022-04-18 21:00:00,4.099999904632568,-0.43782567977905273,none,0.0,1.0,13.79791259765625,25.919998168945312,60.56056213378906,998.1876831054688,
55.63_37.66,2022-05-24 16:00:00,7.949999809265137,2.679658889770508,none,0.0,0.0,19.134260177612305,38.519996643066406,47.642459869384766,989.1911010742188,
55.63_37.66,2022-06-09 13:00:00,24.850000381469727,25.58577537536621,none,0.0,0.0,6.989935874938965,19.079999923706055,43.516448974609375,993.67529296875,
55.63_37.66,2022-06-17 14:00:00,19.75,17.641143798828125,none,0.0,0.0,16.99260902404785,30.599998474121094,57.8002815246582,992.7568969726562,
55.63_37.66,2022-08-04 00:00:00,19.899999618530273,19.479373931884766,none,0.0,0.0,7.2448601722717285,12.959999084472656,60.572265625,999.45166015625,
55.63_37.67,2022-05-29 20:00:00,11.899999618530273,9.637142181396484,none,0.0,0.0,8.5873384475708,23.759998321533203,66.93038940429688,993.8468017578125,
55.63_37.68,2022-05-27 12:00:00,12.449999809265137,8.672483444213867,rain,0.10000000149011612,0.0,20.96671485900879,43.19999694824219,70.34551239013672,979.9186401367188,
55.63_37.68,2022-06-24 12:00:00,24.100000381469727,22.956817626953125,none,0.0,0.0,17.208602905273438,34.560001373291016,41.058895111083984,997.0609741210938,
55.63_37.7,2022-01-19 13:00:00,-9.050000190734863,-13.854369163513184,none,0.0,55.0,9.693296432495117,15.119998931884766,80.11421966552734,998.3492431640625,
55.63_37.7,2022-02-13 14:00:00,0.8500000238418579,-4.423081398010254,none,0.0,58.0,18.532133102416992,36.0,74.33538818359375,1004.20849609375,
55.63_37.7,2022-02-21 11:00:00,-0.05000000074505806,-5.517414093017578,none,0.0,51.0,20.658479690551758,33.839996337890625,84.8096923828125,982.64599609375,
55.63_37.7,2022-05-09 22:00:00,4.349999904632568,-0.6238162517547607,none,0.0,0.0,18.5146427154541,31.319997787475586,68.19976806640625,1003.2599487304688,
55.63_37.7,2022-05-30 12:00:00,17.549999237060547,17.02494239807129,none,0.0,0.0,7.895416259765625,20.880001068115234,46.01569366455078,1003.0119018554688,
55.63_37.7,2022-06-23 07:00:00,17.149999618530273,15.256866455078125,none,0.0,0.0,13.77911376953125,27.35999870300293,64.28716278076172,993.2159423828125,
55.63_37.71,2022-05-02 17:00:00,12.149999618530273,7.9145402908325195,none,0.0,0.0,14.372974395751953,27.35999870300293,42.8952522277832,997.8167114257812,
55.63_37.71,2022-06-07 22:00:00,12.899999618530273,10.852450370788574,none,0.0,0.0,7.968938827514648,12.239999771118164,65.0998306274414,997.3450317382812,
55.63_37.72,2022-01-13 08:00:00,-16.5,-21.49059295654297,none,0.0,55.0,8.37338638305664,15.480000495910645,82.02020263671875,997.2520751953125,
55.63_37.72,2022-04-18 18:00:00,8.5,4.094282150268555,none,0.0,1.0,14.182354927062988,29.8799991607666,49.59080505371094,998.7109375,
55.63_37.75,2022-03-21 04:00:00,-0.800000011920929,-5.353856563568115,none,0.0,42.0,14.529914855957031,23.399999618530273,90.5651626586914,1018.261962890625,
55.63_37.75,2022-04-26 09:00:00,12.449999809265137,11.379240036010742,none,0.0,0.0,6.489992141723633,16.919998168945312,82.2135009765625,991.7612915039062,
55.63_37.75,2022-05-13 10:00:00,11.699999809265137,6.091026306152344,none,0.0,0.0,29.899511337280273,52.91999816894531,62.83446502685547,986.01171875,
55.63_37.75,2022-06-02 11:00:00,22.100000381469727,23.149290084838867,rain,0.10000000149011612,0.0,11.17740535736084,24.119998931884766,66.20410919189453,1004.8515014648438,
55.63_37.75,2022-06-21 17:00:00,17.950000762939453,16.446626663208008,none,0.0,0.0,10.315114974975586,21.239999771118164,59.51136016845703,986.5416870117188,
55.63_37.77,2022-03-19 05:00:00,-8.350000381469727,-12.830702781677246,none,0.0,45.0,8.654986381530762,12.239999771118164,91.04603576660156,1026.015869140625,
55.63_37.8,2022-01-30 20:00:00,-3.25,-9.22358512878418,snow,0.10000000149011612,60.000003814697266,22.06597328186035,32.39999771118164,89.36415100097656,977.7529907226562,
55.63_37.8,2022-04-20 13:00:00,13.449999809265137,8.080570220947266,none,0.0,0.0,27.38130760192871,48.599998474121094,41.74399948120117,1000.4579467773438,
55.63_37.8,2022-07-18 14:00:00,18.049999237060547,15.57227897644043,rain,3.799999952316284,0.0,20.80849838256836,29.8799991607666,66.87311553955078,995.9410400390625,
55.63_37.8,2022-07-23 14:00:00,27.25,27.706172943115234,none,0.0,0.0,7.4215898513793945,22.68000030517578,40.324581146240234,998.2339477539062,
55.64_37.3,2022-07-07 17:00:00,26.700000762939453,26.852994918823242,rain,1.2999999523162842,0.0,17.0725040435791,38.519996643066406,56.71846008300781,990.1768798828125,
55.64_37.31,2022-06-10 14:00:00,25.950000762939453,24.662487030029297,none,0.0,0.0,15.02110481262207,30.599998474121094,35.56004333496094,993.3677368164062,
55.64_37.32,2022-07-21 23:00:00,16.399999618530273,14.389976501464844,none,0.0,0.0,17.388408660888672,31.68000030517578,73.7397232055664,988.8984985351562,
55.64_37.33,2022-03-02 08:00:00,-9.449999809265137,-13.729795455932617,none,0.0,45.0,6.287129878997803,12.239999771118164,85.35369873046875,1004.3546142578125,
55.64_37.33,2022-05-27 13:00:00,13.350000381469727,9.770865440368652,rain,0.10000000149011612,0.0,19.523155212402344,43.19999694824219,66.09837341308594,978.6242065429688,
55.64_37.33,2022-07-05 13:00:00,25.549999237060547,25.34990692138672,rain,0.30000001192092896,0.0,18.003599166870117,38.15999984741211,54.840293884277344,995.21875,
55.64_37.34,2022-02-28 14:00:00,-1.0499999523162842,-5.998783111572266,none,0.0,45.0,14.587776184082031,32.76000213623047,72.59793090820312,1013.7743530273438,
55.64_37.34,2022-03-09 17:00:00,-8.949999809265137,-14.551739692687988,none,0.0,46.0,13.84947681427002,25.919998168945312,61.7943115234375,1004.95556640625,
55.64_37.34,2022-06-15 09:00:00,14.75,10.46262264251709,none,0.0,0.0,24.96230697631836,49.68000030517578,61.82630157470703,987.565673828125,
55.64_37.34,2022-07-23 15:00:00,27.149999618530273,27.144699096679688,none,0.0,0.0,7.386581897735596,17.280000686645508,40.561805725097656,993.7412109375,
55.64_37.34,2022-08-03 08:00:00,19.799999237060547,20.288049697875977,none,0.0,0.0,7.199999809265137,16.919998168945312,72.20177459716797,997.5643310546875,
55.64_37.35,2022-01-08 13:00:00,-5.800000190734863,-10.868648529052734,none,0.0,41.0,13.207633972167969,30.599998474121094,80.28836059570312,998.1173706054688,
55.64_37.35,2022-03-02 09:00:00,-4.25,-8.059005737304688,none,0.0,44.0,5.091168403625488,11.519999504089355,76.2835922241211,1002.5910034179688,
55.64_37.35,2022-03-09 18:00:00,-8.949999809265137,-14.551739692687988,none,0.0,46.0,13.84947681427002,25.919998168945312,61.7943115234375,1004.1798706054688,
55.64_37.35,2022-07-26 10:00:00,24.399999618530273,26.295072555541992,rain,0.10000000149011612,0.0,10.315114974975586,25.19999885559082,70.77381896972656,988.6279296875,
55.64_37.35,2022-08-09 16:00:00,,,,,,,,,,
55.64_37.36,2022-02-14 12:00:00,-1.2999999523162842,-6.587469100952148,none,0.0,54.000003814697266,17.287498474121094,35.63999938964844,76.7899169921875,993.9019775390625,
55.64_37.36,2022-03-18 19:00:00,-1.399999976158142,-5.654542922973633,none,0.0,42.0,9.178235054016113,14.399999618530273,69.55225372314453,1017.5414428710938,
55.64_37.36,2022-03-19 16:00:00,4.0,0.3908267021179199,none,0.0,42.0,7.695919990539551,10.799999237060547,62.35894775390625,1019.601318359375,
55.64_37.36,2022-04-22 16:00:00,10.699999809265137,9.040358543395996,none,0.0,0.0,1.8356469869613647,10.799999237060547,63.93327331542969,997.9022827148438,
55.64_37.36,2022-06-08 14:00:00,22.350000381469727,21.516517639160156,none,0.0,0.0,5.634891033172607,18.0,30.046236038208008,992.7984008789062,
55.64_37.36,2022-08-08 09:00:00,,,,,,,,,,
55.64_37.37,2022-08-05 13:00:00,28.950000762939453,28.705108642578125,none,0.0,0.0,13.3637113571167,28.079999923706055,38.9858283996582,1000.7070922851562,
55.64_37.38,2022-03-24 15:00:00,9.100000381469727,6.145033836364746,none,0.0,31.0,4.379589080810547,10.799999237060547,48.148193359375,995.247314453125,
55.64_37.38,2022-07-17 02:00:00,12.350000381469727,11.693168640136719,none,0.0,0.0,6.839999675750732,8.640000343322754,92.08139038085938,993.4363403320312,
55.64_37.39,2022-03-09 11:00:00,-10.550000190734863,-16.194595336914062,none,0.0,46.0,14.512063980102539,27.0,75.76526641845703,1003.3802490234375,
55.64_37.4,2022-01-11 14:00:00,-12.449999809265137,-18.699941635131836,none,0.0,50.0,18.014392852783203,38.519996643066406,76.67710876464844,1004.9010620117188,
55.64_37.4,2022-02-11 16:00:00,0.4000000059604645,-3.684143543243408,snow,0.10000000149011612,57.0,10.464797973632812,21.239999771118164,77.36210632324219,985.3226928710938,
55.64_37.4,2022-04-13 16:00:00,5.650000095367432,0.40381765365600586,none,0.0,3.0,22.72566795349121,44.63999557495117,73.06446075439453,996.1084594726562,
55.64_37.45,2022-02-08 00:00:00,-0.6499999761581421,-5.3112616539001465,snow,0.10000000149011612,61.0,15.876774787902832,27.719999313354492,93.97041320800781,977.2957763671875,
55.64_37.45,2022-05-22 06:00:00,4.349999904632568,-0.2517518997192383,none,0.0,0.0,15.815435409545898,29.51999855041504,67.45538330078125,980.0131225585938,
55.64_37.46,2022-02-17 18:00:00,1.149999976158142,-5.750429630279541,snow,0.20000000298023224,52.0,33.50128173828125,55.79999923706055,96.81322479248047,964.5054931640625,
55.64_37.46,2022-02-22 22:00:00,1.4500000476837158,-4.560910701751709,none,0.0,47.0,25.92249870300293,45.0,85.60395050048828,971.1350708007812,
55.64_37.46,2022-04-16 07:00:00,1.899999976158142,-2.6638553142547607,rain,0.10000000149011612,0.0,18.504138946533203,33.47999954223633,97.87825775146484,985.9356689453125,
55.64_37.46,2022-05-13 18:00:00,13.25,8.467730522155762,none,0.0,0.0,23.110206604003906,45.36000061035156,53.67023468017578,980.4822387695312,
55.64_37.46,2022-05-22 13:00:00,11.0,6.952836036682129,none,0.0,0.0,20.44723892211914,41.76000213623047,41.6323356628418,979.9852294921875,
55.64_37.46,2022-06-12 16:00:00,23.700000762939453,21.815467834472656,none,0.0,0.0,10.594036102294922,24.119998931884766,37.38274002075195,989.6754760742188,
55.64_37.46,2022-07-02 17:00:00,24.950000762939453,21.805639266967773,none,0.0,0.0,13.049689292907715,27.0,27.456254959106445,996.0914306640625,
55.64_37.46,2022-08-02 14:00:00,24.799999237060547,23.71501922607422,none,0.0,0.0,9.021574020385742,23.03999900817871,41.25543975830078,992.3828125,
55.64_37.47,2022-07-20 13:00:00,17.200000762939453,16.59478759765625,rain,3.299999952316284,0.0,10.4399995803833,24.479999542236328,75.84007263183594,981.6260986328125,
55.64_37.49,2022-01-21 15:00:00,-6.599999904632568,-12.806090354919434,snow,0.4000000059604645,55.0,21.46155548095703,29.51999855041504,90.46910095214844,972.23681640625,
55.64_37.49,2022-04-06 08:00:00,-1.399999976158142,-6.867949485778809,none,0.0,38.0,19.652175903320312,30.599998474121094,85.92647552490234,974.1077270507812,
55.64_37.49,2022-08-04 20:00:00,24.450000762939453,24.480113983154297,none,0.0,0.0,7.952659606933594,11.879999160766602,51.14405059814453,996.6544799804688,
55.64_37.5,2022-06-22 14:00:00,20.450000762939453,17.141881942749023,none,0.0,0.0,22.104116439819336,41.03999710083008,49.915931701660156,977.8054809570312,
55.64_37.51,2022-03-18 14:00:00,1.4500000476837158,-3.496805191040039,none,0.0,43.0,14.00302791595459,27.719999313354492,56.567508697509766,1011.7653198242188,
55.64_37.51,2022-05-14 13:00:00,14.75,10.443680763244629,none,0.0,0.0,21.129884719848633,46.07999801635742,44.904754638671875,975.6118774414062,
55.64_37.52,2022-03-17 13:00:00,-2.5,-7.203153610229492,none,0.0,43.0,10.703569412231445,20.15999984741211,56.822261810302734,1013.444091796875,
55.64_37.52,2022-04-22 17:00:00,10.899999618530273,9.102519989013672,none,0.0,0.0,2.3051247596740723,11.519999504089355,61.55755615234375,991.8445434570312,
55.64_37.52,2022-06-03 00:00:00,16.75,17.512086868286133,none,0.0,0.0,8.647496223449707,19.440000534057617,94.73126983642578,989.0626831054688,
55.64_37.52,2022-06-16 17:00:00,21.049999237060547,17.86109733581543,none,0.0,0.0,15.941944122314453,32.03999710083008,39.106685638427734,984.7776489257812,
55.64_37.52,2022-07-06 03:00:00,17.799999237060547,19.561857223510742,none,0.0,0.0,5.052840709686279,12.59999942779541,95.37481689453125,986.7374267578125,
55.64_37.52,2022-08-07 20:00:00,20.649999618530273,22.58613395690918,none,0.0,0.0,5.937272071838379,7.920000076293945,83.47337341308594,990.3828125,
55.64_37.53,2022-01-28 16:00:00,-6.349999904632568,-12.125886917114258,snow,0.10000000149011612,57.0,18.388212203979492,33.119998931884766,87.3885726928711,973.7186279296875,
55.64_37.53,2022-02-22 13:00:00,2.8499999046325684,-3.0441412925720215,none,0.0,48.0,24.724950790405273,44.63999557495117,75.24528503417969,967.2506103515625,
55.64_37.53,2022-02-28 14:00:00,0.05000000074505806,-4.797539710998535,none,0.0,45.0,13.493998527526855,32.03999710083008,64.26647186279297,1003.9169921875,
55.64_37.53,2022-04-05 18:00:00,0.8999999761581421,-5.104575157165527,none,0.0,38.0,23.0849552154541,42.119998931884766,71.0892562866211,970.1408081054688,
55.64_37.53,2022-04-20 16:00:00,12.800000190734863,7.133401870727539,none,0.0,0.0,24.344623565673828,48.599998474121094,41.554019927978516,986.0324096679688,
55.64_37.53,2022-04-20 22:00:00,7.699999809265137,1.629521369934082,none,0.0,0.0,25.50162124633789,47.15999984741211,51.976749420166016,986.8560180664062,
55.64_37.53,2022-04-26 20:00:00,11.050000190734863,8.050066947937012,none,0.0,0.0,9.565437316894531,27.0,57.807945251464844,979.5870361328125,
55.64_37.53,2022-05-19 21:00:00,7.300000190734863,4.554176330566406,rain,0.10000000149011612,0.0,11.592893600463867,20.51999855041504,89.88810729980469,985.1337890625,
55.64_37.53,2022-05-23 05:00:00,2.049999952316284,-2.1197423934936523,none,0.0,0.0,11.808877944946289,19.799999237060547,73.18991088867188,977.20849609375,
55.64_37.53,2022-06-17 10:00:00,19.450000762939453,18.254425048828125,none,0.0,0.0,11.874544143676758,29.51999855041504,54.00244140625,985.9630737304688,
55.64_37.53,2022-06-29 00:00:00,16.100000381469727,13.274066925048828,none,0.0,0.0,10.245779991149902,20.880001068115234,45.927337646484375,993.6489868164062,
55.64_37.53,2022-07-17 20:00:00,18.799999237060547,19.218589782714844,none,0.0,0.0,3.415259599685669,3.5999999046325684,68.58307647705078,987.177490234375,
55.64_37.53,2022-07-31 21:00:00,18.200000762939453,16.934959411621094,none,0.0,0.0,7.342587947845459,11.159998893737793,55.895389556884766,989.6493530273438,
55.64_37.54,2022-01-09 21:00:00,-6.150000095367432,-11.204078674316406,snow,0.6000000238418579,43.0,13.783817291259766,23.759998321533203,89.80748748779297,984.5142822265625,
55.64_37.54,2022-02-20 19:00:00,-1.2999999523162842,-6.965299606323242,none,0.0,49.0,20.150354385375977,29.8799991607666,78.84314727783203,975.549560546875,
55.64_37.54,2022-05-23 10:00:00,8.949999809265137,3.15791654586792,none,0.0,0.0,23.688983917236328,44.279998779296875,48.105403900146484,980.2346801757812,
55.64_37.54,2022-07-02 16:00:00,24.799999237060547,21.714279174804688,none,0.0,0.0,12.864648818969727,27.719999313354492,27.994041442871094,994.1487426757812,
55.64_37.54,2022-07-13 07:00:00,19.549999237060547,19.626720428466797,none,0.0,0.0,7.65370512008667,17.280000686645508,68.95620727539062,987.9147338867188,
55.64_37.54,2022-07-17 12:00:00,20.450000762939453,21.34160041809082,none,0.0,0.0,4.0249223709106445,18.0,58.35466766357422,988.8358154296875,
55.64_37.54,2022-07-28 12:00:00,25.5,27.671676635742188,rain,0.20000000298023224,0.0,9.885261535644531,27.0,69.45111083984375,986.6846923828125,
55.64_37.55,2022-02-10 20:00:00,-1.2000000476837158,-6.980162620544434,none,0.0,58.0,21.542922973632812,31.319997787475586,82.79907989501953,980.9662475585938,
55.64_37.56,2022-01-21 18:00:00,-7.349999904632568,-13.198863983154297,snow,0.20000000298023224,57.0,18.584510803222656,30.599998474121094,90.7642593383789,970.43701171875,
55.64_37.59,2022-03-23 14:00:00,6.300000190734863,3.2914533615112305,none,0.0,35.0,7.091177463531494,15.480000495910645,61.77571487426758,1003.34912109375,
55.64_37.59,2022-04-25 14:00:00,15.300000190734863,11.830615997314453,none,0.0,0.0,16.78156089782715,30.96000099182129,53.46693801879883,987.3314208984375,
55.64_37.59,2022-05-26 12:00:00,17.200000762939453,16.24106216430664,none,0.0,0.0,8.350137710571289,21.239999771118164,47.53472137451172,986.7305297851562,
55.64_37.6,2022-01-02 22:00:00,-11.350000381469727,-16.936782836914062,none,0.0,38.0,14.404499053955078,21.239999771118164,85.47665405273438,990.5901489257812,
55.64_37.6,2022-06-30 20:00:00,23.149999618530273,19.464202880859375,none,0.0,0.0,18.250259399414062,33.47999954223633,32.78860855102539,995.3685302734375,
55.64_37.6,2022-07-09 08:00:00,22.049999237060547,21.818105697631836,none,0.0,0.0,7.2894439697265625,18.719999313354492,55.20833969116211,996.7677001953125,
55.64_37.61,2022-01-21 01:00:00,-3.3499999046325684,-9.74677848815918,snow,0.10000000149011612,54.000003814697266,25.006397247314453,38.519996643066406,90.37284851074219,979.0408935546875,
55.64_37.61,2022-02-01 19:00:00,-2.8499999046325684,-9.057373046875,none,0.0,61.0,23.90410804748535,34.560001373291016,88.72781372070312,978.1570434570312,
55.64_37.61,2022-03-12 01:00:00,-8.100000381469727,-12.91236686706543,none,0.0,46.0,10.188699722290039,17.639999389648438,79.9401626586914,1003.4744873046875,
55.64_37.61,2022-03-31 18:00:00,0.949999988079071,-2.533066511154175,snow,0.30000001192092896,29.0,8.287821769714355,15.119998931884766,86.81044006347656,990.0458984375,
55.64_37.61,2022-04-11 14:00:00,4.300000190734863,0.364166259765625,rain,0.10000000149011612,14.0,14.917211532592773,32.03999710083008,86.2172622680664,990.3099975585938,
55.64_37.61,2022-05-09 12:00:00,8.25,2.906984329223633,rain,0.10000000149011612,0.0,23.795427322387695,47.519996643066406,62.691322326660156,1000.9734497070312,
55.64_37.61,2022-05-11 16:00:00,16.649999618530273,11.654351234436035,none,0.0,0.0,20.730501174926758,39.599998474121094,31.491788864135742,988.9852294921875,
55.64_37.61,2022-07-07 17:00:00,28.149999618530273,27.024051666259766,rain,0.10000000149011612,0.0,20.991426467895508,39.23999786376953,46.76456069946289,992.771484375,
55.64_37.62,2022-01-12 15:00:00,-16.200000762939453,-22.586990356445312,none,0.0,52.0,17.935081481933594,26.639999389648438,79.65434265136719,1006.34326171875,
55.64_37.62,2022-02-04 17:00:00,-7.550000190734863,-12.67644214630127,none,0.0,60.000003814697266,13.084402084350586,17.639999389648438,85.57215118408203,994.4923706054688,
55.64_37.62,2022-06-21 07:00:00,14.350000381469727,14.347131729125977,rain,0.5,0.0,1.9386591911315918,5.399999618530273,79.76371765136719,983.3353271484375,
55.64_37.63,2022-04-27 10:00:00,10.399999618530273,7.094342231750488,none,0.0,0.0,12.849528312683105,26.280000686645508,64.31486511230469,992.517333984375,
55.64_37.64,2022-03-12 19:00:00,-2.450000047683716,-6.742846488952637,snow,0.10000000149011612,47.0,10.895576477050781,17.280000686645508,87.11272430419922,1005.1245727539062,
55.64_37.64,2022-07-21 16:00:00,20.399999618530273,16.770505905151367,none,0.0,0.0,24.6934814453125,47.880001068115234,50.745994567871094,989.4867553710938,
55.64_37.64,2022-07-24 13:00:00,27.399999618530273,27.652013778686523,none,0.0,0.0,11.298495292663574,24.119998931884766,42.530006408691406,992.9517211914062,
55.64_37.65,2022-05-16 13:00:00,13.399999618530273,8.73362922668457,rain,0.10000000149011612,0.0,24.826953887939453,46.79999923706055,47.13340377807617,985.8109741210938,
55.64_37.66,2022-07-31 16:00:00,23.299999237060547,21.7742919921875,none,0.0,0.0,5.014219284057617,13.679999351501465,34.8085823059082,999.9099731445312,
55.64_37.67,2022-03-05 12:00:00,-1.600000023841858,-7.887709617614746,snow,0.10000000149011612,46.0,24.031177520751953,42.839996337890625,77.61483001708984,996.5140991210938,
55.64_37.67,2022-03-26 14:00:00,4.400000095367432,-1.515988826751709,none,0.0,28.0,27.897096633911133,51.839996337890625,82.61461639404297,974.2344360351562,
55.64_37.67,2022-04-08 21:00:00,9.399999618530273,3.805691719055176,none,0.0,30.000001907348633,25.872455596923828,44.279998779296875,59.26519775390625,976.8931274414062,
55.64_37.67,2022-07-15 21:00:00,17.700000762939453,16.162303924560547,none,0.0,0.0,9.779816627502441,21.239999771118164,58.855838775634766,991.5685424804688,
55.64_37.67,2022-08-04 22:00:00,22.100000381469727,21.685590744018555,none,0.0,0.0,9.0,14.039999961853027,55.76578140258789,1002.9346923828125,
55.64_37.68,2022-02-06 15:00:00,-7.849999904632568,-12.46153450012207,snow,0.20000000298023224,61.0,9.470120429992676,12.959999084472656,86.55406188964844,983.719970703125,
55.64_37.68,2022-05-05 00:00:00,0.800000011920929,-3.4321889877319336,none,0.0,0.0,11.480557441711426,20.15999984741211,75.16098022460938,1000.62646484375,
55.64_37.69,2022-01-21 10:00:00,-3.700000047683716,-9.240560531616211,snow,0.10000000149011612,56.0,18.678415298461914,30.96000099182129,88.6520767211914,980.7354125976562,
55.64_37.69,2022-02-21 03:00:00,-1.100000023841858,-6.410221099853516,none,0.0,51.0,19.353139877319336,30.23999786376953,89.8749771118164,983.5584716796875,
55.64_37.69,2022-03-24 22:00:00,-1.100000023841858,-5.651443004608154,none,0.0,32.0,10.703569412231445,13.319999694824219,64.2394027709961,1000.6106567382812,
55.64_37.69,2022-04-18 13:00:00,8.449999809265137,3.9134960174560547,none,0.0,1.0,18.356470108032227,36.0,49.94187927246094,1001.5330200195312,
55.64_37.69,2022-06-24 18:00:00,25.0,22.91613006591797,none,0.0,0.0,14.764389991760254,31.319997787475586,39.29872131347656,997.613525390625,
55.64_37.69,2022-07-11 20:00:00,26.450000762939453,25.081390380859375,none,0.0,0.0,17.654685974121094,34.20000076293945,45.560829162597656,992.240234375,
55.64_37.7,2022-06-08 18:00:00,21.700000762939453,20.60985565185547,none,0.0,0.0,2.2768397331237793,9.359999656677246,38.758270263671875,995.9683837890625,
55.64_37.71,2022-07-26 12:00:00,26.850000381469727,29.211254119873047,rain,0.10000000149011612,0.0,8.714676856994629,24.119998931884766,58.202877044677734,991.3062744140625,
55.64_37.72,2022-04-24 14:00:00,11.600000381469727,9.575221061706543,rain,0.4000000059604645,0.0,9.44957160949707,16.559999465942383,75.93534088134766,997.6322631835938,
55.64_37.72,2022-05-02 16:00:00,13.649999618530273,8.802762985229492,none,0.0,0.0,15.79083251953125,29.15999984741211,31.426454544067383,997.31005859375,
55.64_37.72,2022-07-22 23:00:00,17.350000381469727,16.58648109436035,none,0.0,0.0,8.08999252319336,16.19999885559082,67.84110260009766,996.6553955078125,
55.64_37.74,2022-04-13 18:00:00,5.400000095367432,0.23371648788452148,none,0.0,6.0,22.00716209411621,41.39999771118164,73.54496002197266,1003.5421752929688,
55.64_37.74,2022-05-08 00:00:00,10.5,6.041604995727539,none,0.0,0.0,16.327497482299805,26.639999389648438,49.25370788574219,1006.2896118164062,
55.64_37.75,2022-01-27 18:00:00,-10.350000381469727,-16.21593475341797,none,0.0,58.999996185302734,16.946786880493164,23.399999618530273,88.38673400878906,996.9802856445312,
55.64_37.75,2022-02-17 11:00:00,0.949999988079071,-5.885913372039795,none,0.0,56.0,32.03999710083008,45.0,91.68851470947266,983.23974609375,
55.64_37.75,2022-03-18 21:00:00,-3.5999999046325684,-7.752880573272705,none,0.0,45.0,8.37338638305664,15.119998931884766,80.92235565185547,1026.09814453125,
55.64_37.75,2022-04-17 18:00:00,6.349999904632568,1.1526155471801758,none,0.0,1.0,17.14824676513672,34.560001373291016,46.651695251464844,1006.0580444335938,
55.64_37.75,2022-06-11 06:00:00,18.200000762939453,18.92422866821289,none,0.0,0.0,3.096837043762207,10.440000534057617,74.77775573730469,1000.5477294921875,
55.64_37.76,2022-02-08 19:00:00,-0.8500000238418579,-5.821025371551514,none,0.0,61.0,17.0725040435791,24.119998931884766,88.5746841430664,991.6058349609375,
55.64_37.76,2022-03-18 16:00:00,1.75,-2.2401134967803955,none,0.0,45.0,9.565437316894531,16.19999885559082,68.65587615966797,1026.5443115234375,
55.64_37.76,2022-04-30 13:00:00,6.949999809265137,1.846545696258545,rain,0.10000000149011612,0.0,18.864824295043945,36.36000061035156,45.27459716796875,1008.8710327148438,
55.64_37.76,2022-05-14 14:00:00,15.5,11.66070556640625,none,0.0,0.0,22.253124237060547,43.91999816894531,46.56784439086914,988.93701171875,
55.64_37.76,2022-07-12 20:00:00,19.450000762939453,19.017961502075195,none,0.0,0.0,8.55710220336914,18.35999870300293,64.57929229736328,998.808349609375,
55.64_37.77,2022-06-24 14:00:00,25.049999237060547,23.350887298583984,none,0.0,0.0,18.214717864990234,36.36000061035156,37.89231491088867,1001.3726806640625,
55.64_37.77,2022-07-25 17:00:00,26.450000762939453,26.87369155883789,none,0.0,0.0,7.1003098487854,18.0,47.67451858520508,992.9235229492188,
55.64_37.79,2022-05-26 00:00:00,8.5,6.345736503601074,none,0.0,0.0,7.235910415649414,12.59999942779541,81.702392578125,994.9756469726562,
55.64_37.81,2022-02-11 15:00:00,0.550000011920929,-3.695094585418701,none,0.0,60.000003814697266,12.59999942779541,20.51999855041504,83.33087921142578,986.8304443359375,
55.64_37.81,2022-07-22 19:00:00,23.600000381469727,23.303489685058594,none,0.0,0.0,8.766572952270508,23.399999618530273,51.759761810302734,996.2591552734375,
55.64_37.82,2022-01-17 10:00:00,-3.4000000953674316,-10.574512481689453,snow,0.4000000059604645,55.0,29.95796775817871,43.91999816894531,87.34708404541016,969.6165161132812,
55.64_37.82,2022-02-28 14:00:00,0.30000001192092896,-4.07723331451416,none,0.0,46.0,10.895576477050781,26.280000686645508,67.3194808959961,1015.2716674804688,
55.64_37.82,2022-03-05 13:00:00,-1.25,-7.087028980255127,none,0.0,46.0,21.28875732421875,39.23999786376953,78.25957489013672,994.4209594726562,
55.64_37.82,2022-05-27 01:00:00,10.5,7.043134689331055,rain,2.200000047683716,0.0,22.380884170532227,38.880001068115234,91.96991729736328,976.3240966796875,
55.64_37.82,2022-06-05 14:00:00,17.649999618530273,15.115900039672852,rain,0.10000000149011612,0.0,16.831684112548828,35.63999938964844,51.21683883666992,996.8087768554688,
55.64_37.83,2022-03-08 00:00:00,-3.5,-8.471036911010742,snow,0.20000000298023224,46.0,15.30741024017334,23.759998321533203,92.08135223388672,992.7438354492188,
55.64_37.83,2022-06-26 18:00:00,29.75,28.653854370117188,none,0.0,0.0,10.853865623474121,22.319997787475586,32.65234375,1003.1419067382812,
55.65_37.35,2022-02-18 16:00:00,1.5,-3.668236255645752,none,0.0,49.0,17.227418899536133,41.39999771118164,67.33113861083984,975.037841796875,
55.65_37.36,2022-02-25 21:00:00,-2.549999952316284,-7.783162593841553,none,0.0,46.0,17.10662841796875,30.23999786376953,85.80108642578125,992.6348266601562,
55.65_37.36,2022-04-18 13:00:00,8.300000190734863,3.84600830078125,none,0.0,0.0,17.917007446289062,36.36000061035156,50.4521369934082,995.2468872070312,
55.65_37.36,2022-06-18 18:00:00,19.850000381469727,16.9866943359375,none,0.0,0.0,15.188416481018066,31.319997787475586,44.7894172668457,993.1732177734375,
55.65_37.39,2022-03-01 14:00:00,0.75,-2.430436849594116,none,0.0,47.0,2.099142551422119,8.640000343322754,61.32878494262695,1010.6870727539062,
55.65_37.39,2022-05-18 13:00:00,13.850000381469727,9.30821418762207,none,0.0,0.0,21.868331909179688,42.119998931884766,45.61166000366211,991.2368774414062,
55.65_37.39,2022-06-05 17:00:00,17.049999237060547,13.988740921020508,none,0.0,0.0,16.299694061279297,32.39999771118164,52.83346939086914,993.7373657226562,
55.65_37.39,2022-06-21 15:00:00,16.399999618530273,15.742658615112305,none,0.0,0.0,5.506940841674805,18.35999870300293,67.87187194824219,982.1507568359375,
55.65_37.4,2022-04-10 14:00:00,6.599999904632568,3.6981348991394043,none,0.0,20.0,8.891343116760254,23.399999618530273,78.07270812988281,987.0989990234375,
55.65_37.4,2022-06-20 12:00:00,18.549999237060547,16.93680191040039,none,0.0,0.0,14.618837356567383,31.68000030517578,53.22781753540039,985.6478881835938,
55.65_37.41,2022-03-04 20:00:00,-1.9500000476837158,-7.379585266113281,none,0.0,46.0,19.13764762878418,32.76000213623047,87.48944091796875,990.276611328125,
55.65_37.41,2022-07-14 11:00:00,23.549999237060547,23.799291610717773,none,0.0,0.0,9.793058395385742,30.23999786376953,48.144317626953125,983.8240356445312,
55.65_37.41,2022-07-15 17:00:00,21.950000762939453,18.845951080322266,none,0.0,0.0,19.386592864990234,41.39999771118164,43.43323516845703,985.9703979492188,
55.65_37.44,2022-01-21 23:00:00,-7.199999809265137,-11.625207901000977,none,0.0,56.0,8.942214012145996,17.280000686645508,91.12937927246094,974.42626953125,
55.65_37.44,2022-05-10 11:00:00,8.75,1.5269050598144531,none,0.0,0.0,32.919830322265625,59.39999771118164,38.86869812011719,994.3001708984375,
55.65_37.44,2022-06-29 16:00:00,23.100000381469727,21.53693199157715,none,0.0,0.0,6.119999885559082,18.719999313354492,28.0122127532959,998.0855102539062,
55.65_37.45,2022-01-15 22:00:00,-3.549999952316284,-10.09205436706543,none,0.0,52.999996185302734,24.756380081176758,42.839996337890625,80.62066650390625,976.5279541015625,
55.65_37.45,2022-04-06 22:00:00,-2.5,-7.159239768981934,none,0.0,38.0,13.60876178741455,23.03999900817871,89.0923080444336,980.9862670898438,
55.65_37.45,2022-04-18 00:00:00,0.0,-4.783632755279541,none,0.0,1.0,13.493998527526855,24.119998931884766,67.50835418701172,997.2555541992188,
55.65_37.45,2022-06-05 16:00:00,17.649999618530273,14.36773681640625,none,0.0,0.0,17.317459106445312,34.20000076293945,49.83496856689453,991.5548706054688,
55.65_37.45,2022-07-20 08:00:00,14.899999618530273,13.210227966308594,rain,2.700000047683716,0.0,15.62997055053711,31.68000030517578,82.24884033203125,985.494140625,
55.65_37.48,2022-01-31 23:00:00,-2.5,-6.581290245056152,snow,0.30000001192092896,62.0,10.483357429504395,19.799999237060547,96.00094604492188,968.298583984375,
55.65_37.48,2022-05-18 15:00:00,14.5,9.422540664672852,none,0.0,0.0,22.26767921447754,42.119998931884766,42.200111389160156,989.2142944335938,
55.65_37.48,2022-07-17 19:00:00,19.25,19.407169342041016,none,0.0,0.0,2.3051247596740723,4.320000171661377,61.22364807128906,993.2073364257812,
55.65_37.48,2022-07-28 20:00:00,20.649999618530273,22.012489318847656,none,0.0,0.0,10.483357429504395,25.919998168945312,84.53070068359375,991.7448120117188,
55.65_37.49,2022-02-09 12:00:00,-1.2999999523162842,-5.618776321411133,none,0.0,58.999996185302734,11.480557441711426,20.15999984741211,83.09651184082031,984.3425903320312,
55.65_37.49,2022-02-14 17:00:00,-0.949999988079071,-6.805828094482422,none,0.0,58.0,21.897945404052734,29.15999984741211,80.09001922607422,990.2554321289062,
55.65_37.5,2022-02-01 21:00:00,-5.699999809265137,-11.929547309875488,none,0.0,62.0,22.104116439819336,33.47999954223633,89.49909210205078,972.7225341796875,
55.65_37.5,2022-02-05 18:00:00,-11.449999809265137,-16.815805435180664,none,0.0,61.0,13.039753913879395,15.480000495910645,88.64048767089844,983.1900024414062,
55.65_37.5,2022-03-10 14:00:00,-6.150000095367432,-12.081077575683594,none,0.0,45.0,16.56391143798828,28.440000534057617,54.69292068481445,1009.385498046875,
55.65_37.5,2022-05-16 21:00:00,8.449999809265137,4.380647659301758,none,0.0,0.0,16.51690101623535,32.03999710083008,67.36802673339844,980.5598754882812,
55.65_37.5,2022-06-03 13:00:00,18.799999237060547,16.70639419555664,rain,0.10000000149011612,0.0,25.924999237060547,46.439998626708984,78.08651733398438,990.2237548828125,
55.65_37.5,2022-06-17 13:00:00,19.100000381469727,17.6632080078125,none,0.0,0.0,15.778515815734863,33.839996337890625,60.38405227661133,988.4571533203125,
55.65_37.5,2022-08-03 16:00:00,28.0,27.343286514282227,none,0.0,0.0,6.792466163635254,18.719999313354492,34.96010971069336,993.1371459960938,
55.65_37.51,2022-03-02 12:00:00,-0.8500000238418579,-4.178935527801514,none,0.0,44.0,4.693825721740723,11.519999504089355,80.40518188476562,996.8530883789062,
55.65_37.52,2022-02-22 19:00:00,1.899999976158142,-4.920166969299316,rain,0.20000000298023224,52.999996185302734,31.122827529907227,45.36000061035156,80.80006408691406,969.7230834960938,
55.65_37.52,2022-04-09 11:00:00,8.699999809265137,4.290876388549805,none,0.0,20.0,16.873979568481445,35.279998779296875,58.878204345703125,976.8018188476562,
55.65_37.52,2022-05-06 09:00:00,9.449999809265137,5.498573303222656,none,0.0,0.0,14.021525382995605,27.0,56.989959716796875,1001.889892578125,
55.65_37.52,2022-06-11 20:00:00,20.850000381469727,19.57533836364746,none,0.0,0.0,12.768586158752441,21.599998474121094,56.56039810180664,988.5278930664062,
55.65_37.53,2022-03-12 19:00:00,-2.450000047683716,-6.7726006507873535,none,0.0,45.0,10.823972702026367,16.19999885559082,84.847900390625,995.144287109375,
55.65_37.53,2022-06-25 12:00:00,26.0,25.281400680541992,none,0.0,0.0,13.104198455810547,27.35999870300293,42.14204406738281,992.905029296875,
55.65_37.53,2022-07-15 08:00:00,17.149999618530273,16.67707061767578,none,0.0,0.0,12.287554740905762,27.0,81.99476623535156,979.7603759765625,
55.65_37.54,2022-01-25 10:00:00,-10.649999618530273,-16.084453582763672,none,0.0,57.0,14.058449745178223,21.599998474121094,91.6067886352539,996.2076416015625,
55.65_37.54,2022-03-08 22:00:00,-7.800000190734863,-13.412786483764648,none,0.0,51.0,16.039201736450195,24.479999542236328,82.55999755859375,995.992431640625,
55.65_37.55,2022-01-23 08:00:00,-5.300000190734863,-9.795352935791016,none,0.0,60.000003814697266,10.787993431091309,16.19999885559082,92.67156982421875,995.4471435546875,
55.65_37.55,2022-03-05 06:00:00,-2.0999999046325684,-8.169145584106445,none,0.0,50.0,23.85797882080078,39.23999786376953,91.14517211914062,987.9951782226562,
55.65_37.55,2022-03-26 16:00:00,3.4000000953674316,-3.2892560958862305,none,0.0,25.0,29.317352294921875,53.279998779296875,67.74605560302734,966.6604614257812,
55.65_37.56,2022-02-26 14:00:00,1.600000023841858,-2.5061378479003906,none,0.0,47.0,12.41347599029541,21.599998474121094,81.94969177246094,993.2276611328125,
55.65_37.56,2022-05-18 07:00:00,8.5,4.835119247436523,none,0.0,0.0,16.071491241455078,29.15999984741211,75.94365692138672,983.9581909179688,
55.65_37.57,2022-01-28 16:00:00,-6.550000190734863,-13.241571426391602,snow,0.10000000149011612,58.0,24.514387130737305,34.560001373291016,87.0295639038086,977.8967895507812,
55.65_37.57,2022-02-26 02:00:00,-2.75,-7.929544925689697,none,0.0,52.0,16.583459854125977,27.0,85.77910614013672,989.4971313476562,
55.65_37.57,2022-05-22 19:00:00,8.5,3.0814461708068848,none,0.0,0.0,19.665359497070312,38.880001068115234,44.0618896484375,977.9563598632812,
55.65_37.58,2022-04-04 20:00:00,-1.850000023841858,-6.758427143096924,none,0.0,45.0,15.038350105285645,24.119998931884766,82.71432495117188,980.9464111328125,
55.65_37.58,2022-05-17 05:00:00,6.949999809265137,2.4326705932617188,rain,1.100000023841858,0.0,23.664352416992188,40.68000030517578,91.74942016601562,979.2203369140625,
55.65_37.59,2022-01-31 11:00:00,-3.049999952316284,-7.662075042724609,none,0.0,62.0,13.32486343383789,22.319997787475586,93.15214538574219,969.2301635742188,
55.65_37.59,2022-04-22 14:00:00,11.449999809265137,9.09427261352539,none,0.0,0.0,6.608721733093262,18.0,60.83030700683594,998.8839111328125,
55.65_37.59,2022-06-15 10:00:00,16.350000381469727,11.685897827148438,none,0.0,0.0,27.459293365478516,50.39999771118164,55.613155364990234,988.2709350585938,
55.65_37.6,2022-03-24 20:00:00,0.0,-4.490250587463379,none,0.0,36.0,10.972620010375977,12.959999084472656,64.0102310180664,993.5357055664062,
55.65_37.6,2022-04-06 14:00:00,2.3499999046325684,-2.8055953979492188,none,0.0,44.0,19.191747665405273,34.20000076293945,58.5540885925293,976.26708984375,
55.65_37.6,2022-06-29 18:00:00,22.950000762939453,20.361839294433594,none,0.0,0.0,6.4096174240112305,16.559999465942383,26.71432876586914,997.9459838867188,
55.65_37.61,2022-01-21 12:00:00,-4.099999904632568,-10.052172660827637,snow,0.10000000149011612,57.0,21.38896942138672,32.39999771118164,90.31517791748047,974.439208984375,
55.65_37.61,2022-03-16 09:00:00,-7.099999904632568,-11.054290771484375,none,0.0,49.0,5.623379707336426,14.039999961853027,89.38063049316406,1014.208984375,
55.65_37.61,2022-04-13 11:00:00,7.050000190734863,2.266343116760254,none,0.0,6.0,22.380884170532227,41.39999771118164,78.1427230834961,995.0780639648438,
55.65_37.61,2022-05-19 21:00:00,7.900000095367432,5.487941741943359,none,0.0,0.0,9.686609268188477,21.599998474121094,87.78907012939453,990.5403442382812,
55.65_37.61,2022-06-10 19:00:00,23.899999618530273,22.868999481201172,none,0.0,0.0,10.00903606414795,25.919998168945312,45.459529876708984,991.4276733398438,
55.65_37.61,2022-06-23 13:00:00,22.5,21.150558471679688,none,0.0,0.0,17.877180099487305,35.279998779296875,42.86076354980469,991.1597900390625,
55.65_37.61,2022-07-08 07:00:00,17.649999618530273,17.227766036987305,none,0.0,0.0,9.885261535644531,20.51999855041504,75.17424011230469,995.986083984375,
55.65_37.61,2022-08-11 11:00:00,21.399999618530273,21.12527847290039,none,0.0,0.0,10.739831924438477,24.119998931884766,52.55763626098633,1005.6932983398438,
55.65_37.62,2022-01-08 22:00:00,-4.050000190734863,-9.702594757080078,none,0.0,45.0,19.48328399658203,29.8799991607666,91.35188293457031,998.4714965820312,
55.65_37.62,2022-01-29 21:00:00,-5.5,-9.483770370483398,none,0.0,58.999996185302734,7.2448601722717285,9.720000267028809,93.72920227050781,981.6798095703125,
55.65_37.62,2022-02-04 09:00:00,-8.0,-12.536232948303223,none,0.0,62.0,9.290511131286621,13.679999351501465,91.7874526977539,990.609375,
55.65_37.62,2022-02-15 09:00:00,-3.25,-9.562875747680664,none,0.0,58.999996185302734,24.162946701049805,34.560001373291016,87.36192321777344,996.8772583007812,
55.65_37.62,2022-04-28 08:00:00,2.75,-1.4258909225463867,none,0.0,0.0,8.89134407043457,20.15999984741211,52.95632553100586,1002.5064086914062,
55.65_37.62,2022-05-30 07:00:00,13.149999618530273,11.647202491760254,none,0.0,0.0,6.725354194641113,16.559999465942383,70.9629898071289,997.6370239257812,
55.65_37.64,2022-02-02 14:00:00,-3.5999999046325684,-8.713688850402832,none,0.0,62.0,15.277749061584473,31.319997787475586,83.75092315673828,984.47607421875,
55.65_37.65,2022-02-14 10:00:00,-3.25,-9.724098205566406,none,0.0,58.0,25.006397247314453,38.15999984741211,85.07645416259766,995.64501953125,
55.65_37.65,2022-03-05 10:00:00,-1.899999976158142,-8.062213897705078,snow,0.20000000298023224,50.0,23.675302505493164,39.599998474121094,83.33222961425781,994.0492553710938,
55.65_37.65,2022-07-04 04:00:00,17.0,16.91878890991211,none,0.0,0.0,7.903619289398193,12.959999084472656,79.09595489501953,996.058349609375,
55.65_37.66,2022-07-24 21:00:00,22.25,22.57074546813965,none,0.0,0.0,8.20926284790039,12.59999942779541,61.913002014160156,989.1146240234375,
55.65_37.67,2022-06-08 13:00:00,20.5,20.78969383239746,none,0.0,0.0,4.6938252449035645,19.079999923706055,38.94913101196289,995.7891235351562,
55.65_37.71,2022-05-12 08:00:00,10.449999809265137,7.300287246704102,rain,0.10000000149011612,0.0,13.32486343383789,21.239999771118164,69.2244644165039,991.4423828125,
55.65_37.72,2022-03-15 11:00:00,-3.5,-7.7486371994018555,none,0.0,46.0,9.346142768859863,18.35999870300293,83.12776947021484,1020.1261596679688,
55.65_37.72,2022-08-07 15:00:00,23.899999618530273,24.94141387939453,rain,5.699999809265137,0.0,11.298495292663574,22.68000030517578,67.42301940917969,1003.7694702148438,
55.65_37.74,2022-03-02 20:00:00,-2.950000047683716,-7.315125465393066,none,0.0,46.0,9.726663589477539,14.75999927520752,76.21624755859375,1004.8602294921875,
55.65_37.74,2022-06-07 19:00:00,16.350000381469727,14.43423080444336,none,0.0,0.0,7.704335689544678,21.239999771118164,53.55927658081055,1000.6295776367188,
55.65_37.74,2022-07-14 14:00:00,23.049999237060547,22.08968162536621,rain,1.7000000476837158,0.0,18.03236961364746,33.119998931884766,52.46828079223633,991.3706665039062,
55.65_37.75,2022-01-25 08:00:00,-11.100000381469727,-16.068626403808594,none,0.0,58.0,10.538843154907227,15.84000015258789,89.75159454345703,1009.6383666992188,
55.65_37.75,2022-04-23 23:00:00,4.900000095367432,2.1338038444519043,none,0.0,0.0,7.704335689544678,11.519999504089355,86.58558654785156,999.8698120117188,
55.65_37.75,2022-07-08 14:00:00,24.399999618530273,23.845882415771484,none,0.0,0.0,8.891343116760254,23.759998321533203,44.85103988647461,1003.5133056640625,
55.65_37.76,2022-02-01 20:00:00,-4.949999809265137,-11.512450218200684,none,0.0,63.0,24.756380081176758,35.63999938964844,88.20085906982422,983.8944702148438,
55.65_37.76,2022-02-25 20:00:00,-2.0999999046325684,-7.264678478240967,none,0.0,51.0,16.954431533813477,27.0,85.52867889404297,1002.7408447265625,
55.65_37.76,2022-06-24 20:00:00,21.549999237060547,20.01496124267578,none,0.0,0.0,11.212135314941406,27.0,48.72769546508789,1001.0953369140625,
55.65_37.77,2022-03-12 18:00:00,-2.200000047683716,-6.030767440795898,none,0.0,50.0,7.968938827514648,12.239999771118164,87.4650650024414,1009.8272094726562,
55.65_37.77,2022-06-25 08:00:00,21.450000762939453,21.59441375732422,none,0.0,0.0,8.287821769714355,18.0,63.147830963134766,1004.6409912109375,
55.65_37.83,2022-01-10 14:00:00,-6.699999809265137,-12.32618522644043,snow,0.30000001192092896,51.0,17.208602905273438,24.84000015258789,88.03582763671875,996.2894287109375,
55.65_37.83,2022-01-29 08:00:00,-6.800000190734863,-10.77807331085205,snow,0.20000000298023224,60.000003814697266,6.214563369750977,9.720000267028809,92.2238540649414,985.7289428710938,
55.65_37.83,2022-03-08 22:00:00,-8.0,-13.295134544372559,none,0.0,48.0,13.755578994750977,23.399999618530273,82.53292083740234,1002.8291015625,
55.65_37.83,2022-04-19 10:00:00,9.25,4.94783878326416,none,0.0,1.0,20.724246978759766,38.519996643066406,73.21037292480469,1000.2836303710938,
55.65_37.83,2022-06-08 13:00:00,20.649999618530273,21.09402084350586,none,0.0,0.0,3.6712939739227295,17.280000686645508,38.19285583496094,997.779296875,
55.65_37.83,2022-06-09 11:00:00,23.899999618530273,25.415891647338867,none,0.0,0.0,1.8356469869613647,11.879999160766602,41.00263595581055,996.2579345703125,
55.65_37.84,2022-01-07 07:00:00,-2.200000047683716,-6.942808151245117,none,0.0,45.0,14.182354927062988,21.959999084472656,87.13777160644531,981.0562133789062,
55.65_37.84,2022-02-10 08:00:00,-2.0999999046325684,-7.213832855224609,none,0.0,62.0,17.782686233520508,25.559999465942383,94.9516372680664,988.4283447265625,
55.65_37.84,2022-03-06 04:00:00,-7.550000190734863,-12.43486499786377,none,0.0,48.0,11.681986808776855,19.079999923706055,88.6458740234375,999.0947875976562,
55.65_37.84,2022-04-15 23:00:00,4.849999904632568,1.4464964866638184,rain,0.5,5.0,12.522619247436523,20.880001068115234,89.06617736816406,994.3302001953125,
55.65_37.84,2022-07-27 16:00:00,28.149999618530273,28.16586685180664,none,0.0,0.0,13.5706148147583,31.68000030517578,47.21530532836914,993.9634399414062,
55.66_37.09,2022-04-01 19:00:00,0.10000000149011612,-5.044366836547852,none,0.0,30.000001907348633,17.102840423583984,32.76000213623047,74.75599670410156,985.9727172851562,
55.66_37.35,2022-01-22 19:00:00,-4.650000095367432,-9.468855857849121,none,0.0,54.000003814697266,13.397611618041992,24.119998931884766,92.00773620605469,989.9154052734375,
55.66_37.35,2022-03-09 14:00:00,-6.349999904632568,-12.100269317626953,none,0.0,45.0,14.777549743652344,32.76000213623047,49.510986328125,1005.1943359375,
55.66_37.35,2022-05-16 07:00:00,8.399999618530273,4.220775604248047,none,0.0,0.0,17.974781036376953,38.880001068115234,70.27867126464844,986.1182250976562,
55.66_37.36,2022-06-30 17:00:00,24.450000762939453,20.86713218688965,none,0.0,0.0,18.003599166870117,37.439998626708984,30.956554412841797,995.9798583984375,
55.66_37.36,2022-07-17 14:00:00,21.049999237060547,19.823827743530273,none,0.0,0.0,3.826852560043335,17.280000686645508,40.47126770019531,992.323486328125,
55.66_37.39,2022-05-06 21:00:00,8.800000190734863,4.695143699645996,none,0.0,0.0,12.758432388305664,21.239999771118164,50.96281433105469,1002.2444458007812,
55.66_37.39,2022-06-06 23:00:00,12.800000190734863,11.041007995605469,none,0.0,0.0,11.304228782653809,19.440000534057617,80.61949157714844,994.860595703125,
55.66_37.4,2022-05-28 17:00:00,11.100000381469727,6.72596549987793,rain,0.10000000149011612,0.0,23.141029357910156,46.79999923706055,70.80988311767578,981.8330078125,
55.66_37.4,2022-06-20 19:00:00,19.299999237060547,17.083770751953125,none,0.0,0.0,10.086426734924316,25.919998168945312,45.09595489501953,985.7659912109375,
55.66_37.41,2022-02-06 23:00:00,-5.5,-9.732014656066895,snow,0.10000000149011612,61.0,8.70723819732666,13.679999351501465,91.25049591064453,981.7440795898438,
55.66_37.41,2022-04-08 20:00:00,9.699999809265137,4.445675849914551,none,0.0,31.0,24.023088455200195,43.19999694824219,59.76408004760742,975.229736328125,
55.66_37.41,2022-04-11 19:00:00,2.6500000953674316,-1.4305031299591064,rain,0.10000000149011612,16.0,14.843179702758789,27.0,90.81649017333984,989.0480346679688,
55.66_37.41,2022-04-23 11:00:00,11.699999809265137,9.675286293029785,none,0.0,0.0,6.8777899742126465,18.0,67.5852279663086,994.9749755859375,
55.66_37.41,2022-05-01 14:00:00,12.5,7.247354507446289,rain,0.10000000149011612,0.0,16.904672622680664,30.599998474121094,29.05044174194336,999.5377197265625,
55.66_37.41,2022-06-05 15:00:00,17.549999237060547,14.976642608642578,rain,0.10000000149011612,0.0,16.087610244750977,35.279998779296875,50.15019989013672,993.9686889648438,
55.66_37.41,2022-06-06 08:00:00,16.75,14.350269317626953,rain,0.10000000149011612,0.0,17.25373077392578,33.47999954223633,65.93757629394531,995.7131958007812,
55.66_37.41,2022-06-20 17:00:00,19.899999618530273,16.9549617767334,none,0.0,0.0,13.797911643981934,27.719999313354492,41.12388229370117,985.5442504882812,
55.66_37.41,2022-07-21 16:00:00,20.350000381469727,16.77122688293457,none,0.0,0.0,24.442913055419922,47.519996643066406,51.07358169555664,987.4036865234375,
55.66_37.42,2022-03-06 19:00:00,-2.950000047683716,-8.692771911621094,none,0.0,45.0,18.448022842407227,31.68000030517578,70.03045654296875,986.5237426757812,
55.66_37.42,2022-05-07 03:00:00,5.400000095367432,1.4676542282104492,none,0.0,0.0,12.239999771118164,20.880001068115234,67.43708801269531,1004.1820678710938,
55.66_37.42,2022-06-20 12:00:00,19.200000762939453,17.094457626342773,none,0.0,0.0,12.819234848022461,30.96000099182129,48.25080871582031,984.9707641601562,
55.66_37.43,2022-01-12 03:00:00,-14.199999809265137,-20.434803009033203,snow,0.10000000149011612,50.0,17.581125259399414,31.319997787475586,81.66261291503906,1004.1611938476562,
55.66_37.43,2022-02-04 07:00:00,-7.300000190734863,-11.349831581115723,snow,0.10000000149011612,60.000003814697266,6.519876956939697,11.159998893737793,93.63604736328125,988.2828369140625,
55.66_37.43,2022-05-01 00:00:00,-0.8500000238418579,-4.4528632164001465,none,0.0,0.0,6.287129878997803,7.920000076293945,78.32335662841797,1000.4486083984375,
55.66_37.44,2022-01-02 04:00:00,-5.949999809265137,-12.255012512207031,none,0.0,39.0,21.986541748046875,37.439998626708984,84.43231964111328,983.8375244140625,
55.66_37.44,2022-03-21 21:00:00,-1.600000023841858,-5.84061861038208,none,0.0,39.0,10.739832878112793,15.119998931884766,83.37017059326172,1010.2864990234375,
55.66_37.44,2022-06-16 22:00:00,14.050000190734863,12.191444396972656,none,0.0,0.0,8.647496223449707,14.399999618530273,65.57599639892578,990.3516845703125,
55.66_37.46,2022-05-17 20:00:00,8.800000190734863,5.10383415222168,none,0.0,0.0,19.513195037841797,36.0,86.37601470947266,984.3621215820312,
55.66_37.47,2022-01-20 10:00:00,-3.4000000953674316,-9.167984008789062,none,0.0,55.0,20.929594039916992,34.20000076293945,92.78326416015625,981.4784545898438,
55.66_37.47,2022-03-01 08:00:00,-9.050000190734863,-13.473650932312012,none,0.0,50.0,7.4215898513793945,11.879999160766602,84.72279357910156,1009.2144165039062,
55.66_37.47,2022-03-03 19:00:00,-4.5,-8.767669677734375,none,0.0,50.0,9.021574020385742,12.239999771118164,85.25751495361328,986.5731201171875,
55.66_37.47,2022-04-23 12:00:00,12.25,9.906330108642578,rain,0.10000000149011612,0.0,8.31124496459961,19.079999923706055,62.961997985839844,993.37744140625,
55.66_37.47,2022-05-26 20:00:00,12.5,11.521283149719238,rain,1.600000023841858,0.0,6.725354194641113,12.59999942779541,84.45423126220703,978.5958251953125,
55.66_37.48,2022-02-18 13:00:00,2.3499999046325684,-2.744136333465576,none,0.0,55.0,19.486610412597656,25.919998168945312,79.40213775634766,968.4974365234375,
55.66_37.48,2022-03-02 12:00:00,-0.8500000238418579,-4.178935527801514,none,0.0,50.0,4.693825721740723,11.519999504089355,80.40518188476562,1002.343994140625,
55.66_37.48,2022-04-18 14:00:00,9.25,4.722914695739746,none,0.0,3.0,17.317459106445312,33.839996337890625,46.797916412353516,997.291748046875,
55.66_37.48,2022-06-10 18:00:00,24.899999618530273,22.800508499145508,none,0.0,0.0,14.773163795471191,29.15999984741211,39.4019889831543,992.4886474609375,
55.66_37.49,2022-02-12 11:00:00,-1.399999976158142,-7.24241828918457,none,0.0,60.000003814697266,21.60300064086914,28.799999237060547,81.23526000976562,988.3355102539062,
55.66_37.49,2022-07-15 23:00:00,15.149999618530273,13.457813262939453,none,0.0,0.0,10.464797019958496,16.919998168945312,68.29991149902344,985.4859008789062,
55.66_37.51,2022-05-29 13:00:00,13.75,9.4323091506958,rain,0.10000000149011612,0.0,21.995380401611328,41.03999710083008,57.48102569580078,988.0018310546875,
55.66_37.51,2022-06-14 13:00:00,24.799999237060547,25.304767608642578,none,0.0,0.0,13.10419750213623,27.35999870300293,52.91971206665039,986.0972290039062,
55.66_37.51,2022-06-14 20:00:00,17.950000762939453,18.415027618408203,rain,0.699999988079071,0.0,11.792404174804688,19.440000534057617,90.0843734741211,983.1682739257812,
55.66_37.51,2022-06-15 22:00:00,14.0,11.475486755371094,none,0.0,0.0,16.26785659790039,27.719999313354492,73.81022644042969,989.0571899414062,
55.66_37.51,2022-07-20 23:00:00,14.5,13.169864654541016,rain,0.10000000149011612,0.0,13.493998527526855,23.03999900817871,85.23587036132812,982.6231689453125,
55.66_37.52,2022-01-27 20:00:00,-9.5,-15.906314849853516,none,0.0,58.999996185302734,20.991426467895508,27.719999313354492,87.41573333740234,984.54345703125,
55.66_37.52,2022-03-16 22:00:00,-9.600000381469727,-14.562074661254883,none,0.0,48.0,10.29625129699707,14.399999618530273,76.86499786376953,1012.893310546875,
55.66_37.52,2022-03-30 18:00:00,-2.950000047683716,-7.375908374786377,none,0.0,34.0,8.287821769714355,16.559999465942383,60.39144515991211,982.466796875,
55.66_37.52,2022-05-12 22:00:00,14.050000190734863,11.058029174804688,rain,1.100000023841858,0.0,25.445659637451172,42.839996337890625,89.20854187011719,970.5974731445312,
55.66_37.52,2022-05-30 13:00:00,19.0,18.09807777404785,none,0.0,0.0,8.31124496459961,20.15999984741211,41.00836944580078,995.77783203125,
55.66_37.54,2022-05-28 09:00:00,11.550000190734863,9.327410697937012,rain,0.20000000298023224,0.0,10.805997848510742,21.239999771118164,76.18663787841797,974.2897338867188,
55.66_37.54,2022-05-31 17:00:00,16.200000762939453,17.18695831298828,rain,1.0,0.0,2.9024126529693604,15.480000495910645,88.51504516601562,996.0931396484375,
55.66_37.54,2022-07-05 18:00:00,28.700000762939453,27.346168518066406,none,0.0,0.0,13.276144027709961,23.759998321533203,35.38852310180664,988.2174682617188,
55.66_37.55,2022-05-13 10:00:00,11.550000190734863,5.77545166015625,none,0.0,0.0,30.608469009399414,54.0,62.14517593383789,979.2882690429688,
55.66_37.55,2022-06-07 20:00:00,16.299999237060547,14.439117431640625,none,0.0,0.0,7.491114139556885,20.880001068115234,54.099632263183594,991.3737182617188,
55.66_37.55,2022-06-11 11:00:00,24.950000762939453,24.365501403808594,none,0.0,0.0,9.826087951660156,22.319997787475586,40.48167037963867,991.5974731445312,
55.66_37.56,2022-01-25 15:00:00,-7.849999904632568,-12.837360382080078,none,0.0,58.0,12.074766159057617,28.079999923706055,86.8951416015625,994.7206420898438,
55.66_37.56,2022-07-04 09:00:00,24.450000762939453,25.13479232788086,none,0.0,0.0,9.007196426391602,21.239999771118164,58.74498748779297,993.4905395507812,
55.66_37.56,2022-07-05 18:00:00,27.149999618530273,26.60235595703125,none,0.0,0.0,10.587918281555176,25.19999885559082,42.04750442504883,992.3182373046875,
55.66_37.57,2022-03-06 00:00:00,-5.800000190734863,-10.58533763885498,none,0.0,50.0,11.72075080871582,23.03999900817871,85.10755157470703,993.6708984375,
55.66_37.57,2022-03-15 18:00:00,-4.199999809265137,-8.874555587768555,none,0.0,49.0,10.390226364135742,16.559999465942383,70.03953552246094,1008.6792602539062,
55.66_37.57,2022-05-05 20:00:00,7.550000190734863,4.804281234741211,none,0.0,0.0,4.104631423950195,6.479999542236328,58.163841247558594,1002.0381469726562,
55.66_37.57,2022-05-27 20:00:00,10.5,7.170034408569336,none,0.0,0.0,17.651016235351562,35.63999938964844,79.20995330810547,976.3515625,
55.66_37.58,2022-01-31 19:00:00,-2.450000047683716,-7.987157821655273,snow,0.4000000059604645,62.0,20.08270835876465,32.03999710083008,92.49235534667969,969.7911376953125,
55.66_37.58,2022-06-08 22:00:00,13.649999618530273,11.51404857635498,none,0.0,0.0,10.464797973632812,12.59999942779541,67.07199096679688,993.47607421875,
55.66_37.58,2022-07-19 18:00:00,18.549999237060547,15.870094299316406,none,0.0,0.0,15.226763725280762,33.119998931884766,51.109825134277344,993.2285766601562,
55.66_37.59,2022-02-08 18:00:00,-0.8999999761581421,-6.142463207244873,none,0.0,63.0,18.844202041625977,27.719999313354492,88.24276733398438,983.9710083007812,
55.66_37.59,2022-04-07 11:00:00,1.899999976158142,-3.5103540420532227,rain,0.10000000149011612,45.0,23.06529998779297,38.15999984741211,90.43560791015625,982.6760864257812,
55.66_37.59,2022-05-01 18:00:00,10.600000381469727,5.901760101318359,none,0.0,0.0,15.575981140136719,27.0,41.05766677856445,999.059326171875,
55.66_37.59,2022-06-30 11:00:00,23.049999237060547,20.49858283996582,none,0.0,0.0,18.64369010925293,38.880001068115234,31.09893798828125,997.5178833007812,
55.66_37.6,2022-03-16 19:00:00,-6.699999809265137,-11.862237930297852,none,0.0,49.0,12.768586158752441,20.51999855041504,73.7783432006836,1017.8811645507812,
55.66_37.6,2022-07-13 16:00:00,24.0,21.7316951751709,none,0.0,0.0,16.93531036376953,31.68000030517578,42.993186950683594,992.9974975585938,
55.66_37.6,2022-07-17 12:00:00,19.5,20.267242431640625,rain,0.20000000298023224,0.0,3.976329803466797,18.0,62.50446701049805,994.3458862304688,
55.66_37.61,2022-03-25 16:00:00,7.5,3.5675463676452637,none,0.0,33.0,11.525623321533203,19.079999923706055,55.46223831176758,994.6199951171875,
55.66_37.61,2022-04-05 18:00:00,1.399999976158142,-4.948351860046387,none,0.0,45.0,25.567604064941406,42.119998931884766,69.35455322265625,976.850341796875,
55.66_37.61,2022-05-26 10:00:00,15.949999809265137,15.491950988769531,none,0.0,0.0,5.771238803863525,18.0,53.270469665527344,987.2315063476562,
55.66_37.61,2022-07-21 08:00:00,14.649999618530273,14.426847457885742,rain,0.6000000238418579,0.0,7.594207286834717,14.039999961853027,88.67411041259766,982.4631958007812,
55.66_37.61,2022-08-04 13:00:00,28.25,27.694602966308594,none,0.0,0.0,9.021574020385742,21.599998474121094,36.686744689941406,999.50830078125,
55.66_37.62,2022-01-03 17:00:00,-8.649999618530273,-14.415313720703125,none,0.0,41.0,17.163354873657227,25.19999885559082,89.24713897705078,977.195068359375,
55.66_37.62,2022-02-19 00:00:00,-2.299999952316284,-7.939373970031738,none,0.0,55.0,20.658479690551758,30.96000099182129,90.45272827148438,977.9658813476562,
55.66_37.62,2022-03-09 10:00:00,-12.699999809265137,-18.311250686645508,none,0.0,52.0,13.77911376953125,24.119998931884766,80.87134552001953,1002.3370361328125,
55.66_37.62,2022-03-14 20:00:00,-1.649999976158142,-6.888307571411133,none,0.0,50.0,17.02689552307129,27.719999313354492,79.3852767944336,1003.951904296875,
55.66_37.62,2022-05-05 09:00:00,5.0,0.3648524284362793,none,0.0,0.0,14.29159164428711,28.799999237060547,56.030208587646484,1003.4934692382812,
55.66_37.62,2022-07-02 16:00:00,25.100000381469727,21.693958282470703,none,0.0,0.0,14.345897674560547,29.15999984741211,26.555307388305664,998.6215209960938,
55.66_37.62,2022-07-03 12:00:00,27.600000381469727,27.484519958496094,none,0.0,0.0,15.905319213867188,34.20000076293945,42.585205078125,994.594970703125,
55.66_37.62,2022-07-28 12:00:00,25.5,27.671676635742188,rain,0.20000000298023224,0.0,9.885261535644531,27.0,69.45111083984375,991.189697265625,
55.66_37.64,2022-02-01 22:00:00,-4.449999809265137,-10.265713691711426,none,0.0,63.0,19.87839126586914,31.68000030517578,87.24251556396484,977.2794799804688,
55.66_37.64,2022-02-25 09:00:00,-4.300000190734863,-9.800190925598145,none,0.0,52.999996185302734,18.289274215698242,28.799999237060547,91.68180084228516,999.123046875,
55.66_37.64,2022-04-07 10:00:00,1.899999976158142,-3.5103540420532227,rain,0.10000000149011612,45.0,23.06529998779297,38.15999984741211,90.43560791015625,982.1900024414062,
55.66_37.7,2022-03-29 07:00:00,0.75,-5.3985795974731445,none,0.0,36.0,25.982423782348633,41.39999771118164,84.28038024902344,977.128662109375,
55.66_37.71,2022-03-17 02:00:00,-12.199999809265137,-17.322824478149414,none,0.0,49.0,10.63676643371582,14.039999961853027,81.2795181274414,1023.29248046875,
55.66_37.73,2022-04-08 23:00:00,9.300000190734863,3.9727420806884766,none,0.0,39.0,24.280658721923828,41.03999710083008,60.522823333740234,980.3273315429688,
55.66_37.73,2022-08-09 11:00:00,,,,,,,,,,
55.66_37.74,2022-02-04 13:00:00,-6.599999904632568,-10.846452713012695,none,0.0,63.0,7.4215898513793945,9.720000267028809,83.69705200195312,998.8128662109375,
55.66_37.74,2022-02-19 18:00:00,1.850000023841858,-5.195436000823975,snow,0.30000001192092896,56.0,33.74027633666992,49.68000030517578,87.53367614746094,975.9890747070312,
55.66_37.74,2022-02-28 14:00:00,0.30000001192092896,-4.07723331451416,none,0.0,51.0,10.895576477050781,26.280000686645508,67.3194808959961,1017.802978515625,
55.66_37.74,2022-04-11 23:00:00,2.0999999046325684,-2.1156322956085205,rain,1.0,29.0,15.941944122314453,27.719999313354492,95.46062469482422,995.4088134765625,
55.66_37.74,2022-04-17 15:00:00,8.25,2.4945788383483887,none,0.0,7.0,20.620803833007812,37.439998626708984,39.605613708496094,1005.5286254882812,
55.66_37.74,2022-05-09 01:00:00,7.0,3.442379951477051,none,0.0,0.0,15.617528915405273,28.440000534057617,85.29551696777344,1003.0349731445312,
55.66_37.74,2022-05-13 20:00:00,12.350000381469727,8.152713775634766,none,0.0,0.0,19.44333267211914,39.959999084472656,57.93263626098633,990.001708984375,
55.66_37.74,2022-06-21 09:00:00,16.700000762939453,16.158578872680664,none,0.0,0.0,5.014219284057617,15.119998931884766,67.25860595703125,988.3411254882812,
55.66_37.74,2022-07-10 18:00:00,26.350000381469727,24.732938766479492,none,0.0,0.0,19.602651596069336,36.71999740600586,46.1290283203125,994.7202758789062,
55.66_37.75,2022-02-20 04:00:00,1.0499999523162842,-5.3781585693359375,snow,0.30000001192092896,56.0,29.037519454956055,42.47999954223633,89.71686553955078,975.0191650390625,
55.66_37.75,2022-04-11 08:00:00,4.050000190734863,-0.18327999114990234,rain,0.20000000298023224,23.0,16.595178604125977,29.15999984741211,85.88418579101562,995.787841796875,
55.66_37.75,2022-05-25 13:00:00,9.550000190734863,5.924350738525391,none,0.0,0.0,9.931041717529297,24.119998931884766,50.06792449951172,1000.3634643554688,
55.66_37.75,2022-06-21 09:00:00,15.399999618530273,15.006282806396484,none,0.0,0.0,5.241678714752197,13.319999694824219,76.04750061035156,988.6363525390625,
55.66_37.75,2022-07-27 17:00:00,28.350000381469727,28.060462951660156,none,0.0,0.0,15.937877655029297,27.0,46.96797561645508,996.0397338867188,
55.66_37.76,2022-01-19 00:00:00,-10.149999618530273,-16.31745719909668,none,0.0,56.0,18.875125885009766,27.719999313354492,84.9300308227539,999.5941162109375,
55.66_37.76,2022-03-19 03:00:00,-7.25,-11.968792915344238,none,0.0,47.0,10.805998802185059,12.59999942779541,89.71698760986328,1025.6217041015625,
55.66_37.76,2022-04-03 16:00:00,0.8500000238418579,-4.276920318603516,none,0.0,43.0,16.422470092773438,27.35999870300293,67.18753051757812,983.37353515625,
55.66_37.76,2022-05-05 08:00:00,3.700000047683716,-0.5344078540802002,none,0.0,0.0,13.246826171875,25.919998168945312,70.34552764892578,1009.2868041992188,
55.66_37.76,2022-05-16 23:00:00,8.300000190734863,4.127767562866211,none,0.0,0.0,18.05750846862793,30.96000099182129,71.2576675415039,990.466064453125,
55.66_37.76,2022-07-18 08:00:00,16.549999237060547,17.28461456298828,none,0.0,0.0,1.1384198665618896,9.359999656677246,78.77312469482422,1001.0146484375,
55.66_37.77,2022-01-12 14:00:00,-15.75,-21.585886001586914,none,0.0,52.999996185302734,14.241628646850586,22.319997787475586,78.71662139892578,1011.3444213867188,
55.66_37.77,2022-03-17 18:00:00,-3.0999999046325684,-7.649624347686768,none,0.0,47.0,8.049844741821289,9.0,51.702274322509766,1026.888916015625,
55.66_37.77,2022-05-08 17:00:00,15.25,11.429162979125977,none,0.0,0.0,21.26134490966797,40.31999969482422,58.6545524597168,1002.0736083984375,
55.66_37.77,2022-05-18 13:00:00,14.050000190734863,9.039679527282715,none,0.0,0.0,23.03156089782715,41.39999771118164,46.651363372802734,997.65673828125,
55.66_37.77,2022-06-10 17:00:00,25.450000762939453,23.0098876953125,none,0.0,0.0,16.039201736450195,32.76000213623047,36.75355529785156,999.242431640625,
55.66_37.77,2022-06-29 19:00:00,20.950000762939453,19.616762161254883,none,0.0,0.0,4.693825721740723,12.59999942779541,41.84937286376953,1005.2089233398438,
55.66_37.77,2022-08-02 09:00:00,22.399999618530273,22.00634002685547,none,0.0,0.0,9.726663589477539,22.319997787475586,55.11602020263672,1002.9275512695312,
55.66_37.78,2022-03-09 17:00:00,-9.199999809265137,-14.679855346679688,none,0.0,50.0,13.089353561401367,20.880001068115234,64.06047058105469,1012.4776000976562,
55.66_37.78,2022-03-17 07:00:00,-12.649999618530273,-17.424474716186523,none,0.0,47.0,8.20926284790039,12.59999942779541,83.58931732177734,1026.470458984375,
55.66_37.78,2022-07-08 11:00:00,23.399999618530273,23.225736618041992,none,0.0,0.0,10.315114974975586,24.84000015258789,49.06399154663086,1002.8242797851562,
55.66_37.79,2022-03-29 09:00:00,1.5499999523162842,-4.113827705383301,snow,0.20000000298023224,33.0,23.143827438354492,42.47999954223633,82.54508209228516,978.8410034179688,
55.66_37.8,2022-03-08 10:00:00,-4.699999809265137,-10.581463813781738,none,0.0,50.0,20.469409942626953,34.91999816894531,90.26866912841797,998.8621215820312,
55.66_37.83,2022-02-03 05:00:00,-8.600000381469727,-13.563155174255371,none,0.0,62.0,11.609650611877441,15.84000015258789,88.20064544677734,992.0136108398438,
55.66_37.83,2022-05-21 17:00:00,14.75,11.24326229095459,none,0.0,0.0,7.968938827514648,16.559999465942383,32.696388244628906,989.7181396484375,
55.66_37.83,2022-07-21 18:00:00,19.649999618530273,16.91084861755371,none,0.0,0.0,22.057161331176758,41.39999771118164,59.522945404052734,989.9652709960938,
55.67_37.41,2022-07-11 13:00:00,30.25,28.544509887695312,none,0.0,0.0,25.27702522277832,51.119998931884766,39.21989822387695,987.37109375,
55.67_37.42,2022-04-14 17:00:00,9.600000381469727,4.8737945556640625,none,0.0,6.0,15.629972457885742,33.119998931884766,43.412620544433594,996.33984375,
55.67_37.42,2022-05-01 09:00:00,7.550000190734863,3.9057607650756836,none,0.0,0.0,9.44957160949707,21.599998474121094,54.87100601196289,1002.3460083007812,
55.67_37.42,2022-06-25 21:00:00,20.700000762939453,20.25362205505371,none,0.0,0.0,8.31124496459961,13.319999694824219,59.187591552734375,997.6273803710938,
55.67_37.42,2022-07-10 09:00:00,21.350000381469727,22.901363372802734,none,0.0,0.0,11.54247760772705,24.84000015258789,84.8711929321289,988.9746704101562,
55.67_37.42,2022-07-16 03:00:00,12.5,11.047990798950195,none,0.0,0.0,9.199390411376953,16.559999465942383,82.2198486328125,989.7454833984375,
55.67_37.43,2022-01-26 12:00:00,-5.199999809265137,-9.869937896728516,none,0.0,58.0,11.609650611877441,18.35999870300293,88.17748260498047,991.18310546875,
55.67_37.43,2022-04-12 12:00:00,8.649999618530273,6.049239158630371,none,0.0,14.0,11.525623321533203,24.119998931884766,85.47380065917969,986.2606811523438,
55.67_37.43,2022-04-28 16:00:00,6.849999904632568,2.9612269401550293,none,0.0,0.0,7.289444923400879,17.280000686645508,41.32765197753906,1000.2950439453125,
55.67_37.44,2022-01-21 22:00:00,-7.099999904632568,-11.751935005187988,none,0.0,56.0,10.58791732788086,19.799999237060547,91.4914321899414,974.22314453125,
55.67_37.44,2022-01-26 14:00:00,-4.599999904632568,-9.368385314941406,none,0.0,58.0,12.661563873291016,25.559999465942383,87.8969955444336,990.70458984375,
55.67_37.44,2022-03-08 19:00:00,-6.650000095367432,-12.051229476928711,none,0.0,48.0,15.281989097595215,26.280000686645508,83.36418151855469,996.8795166015625,
55.67_37.45,2022-04-19 14:00:00,11.949999809265137,7.546976089477539,none,0.0,2.0,22.8819580078125,43.19999694824219,65.5666732788086,995.2595825195312,
55.67_37.45,2022-04-29 17:00:00,8.850000381469727,3.718444347381592,none,0.0,0.0,16.981164932250977,34.91999816894531,40.38629150390625,999.9845581054688,
55.67_37.45,2022-05-13 19:00:00,13.25,8.467730522155762,none,0.0,0.0,23.110206604003906,45.36000061035156,53.67023468017578,982.8139038085938,
55.67_37.45,2022-06-16 07:00:00,15.0,13.267526626586914,none,0.0,0.0,13.79791259765625,27.0,76.48898315429688,992.2202758789062,
55.67_37.45,2022-07-01 09:00:00,18.850000381469727,15.214630126953125,none,0.0,0.0,18.39173698425293,38.15999984741211,35.99095916748047,998.0765380859375,
55.67_37.45,2022-07-22 04:00:00,14.949999809265137,12.910079956054688,none,0.0,0.0,18.250259399414062,31.68000030517578,82.52643585205078,990.769287109375,
55.67_37.46,2022-01-31 23:00:00,-2.5,-6.581290245056152,snow,0.30000001192092896,62.0,10.483357429504395,19.799999237060547,96.00094604492188,969.2727661132812,
55.67_37.46,2022-02-16 19:00:00,-2.549999952316284,-7.983550548553467,none,0.0,58.0,18.59844970703125,30.599998474121094,86.7756576538086,993.0022583007812,
55.67_37.46,2022-02-17 21:00:00,1.399999976158142,-5.25911808013916,snow,0.800000011920929,57.0,31.68204689025879,53.279998779296875,94.0682373046875,965.9570922851562,
55.67_37.46,2022-03-08 09:00:00,-5.0,-10.925091743469238,none,0.0,51.0,20.59250259399414,35.279998779296875,90.59091186523438,993.4780883789062,
55.67_37.47,2022-01-16 16:00:00,-5.349999904632568,-10.999606132507324,none,0.0,54.000003814697266,17.46278190612793,22.319997787475586,80.35547637939453,985.5579833984375,
55.67_37.47,2022-03-22 17:00:00,4.599999904632568,0.40524768829345703,none,0.0,40.0,11.983187675476074,18.719999313354492,61.13517379760742,1007.519287109375,
55.67_37.47,2022-03-23 16:00:00,7.849999904632568,3.9613494873046875,none,0.0,38.0,6.92473840713501,11.519999504089355,37.158836364746094,1001.6099853515625,
55.67_37.47,2022-04-19 16:00:00,13.0,8.88884162902832,none,0.0,1.0,17.90253448486328,32.76000213623047,52.85477066040039,996.2457885742188,
55.67_37.48,2022-03-18 13:00:00,1.399999976158142,-3.4528117179870605,none,0.0,48.0,14.565547943115234,26.280000686645508,62.66438674926758,1020.0616455078125,
55.67_37.48,2022-04-02 18:00:00,-0.550000011920929,-6.2120161056518555,snow,0.20000000298023224,38.0,22.691423416137695,38.15999984741211,92.94615173339844,977.227783203125,
55.67_37.48,2022-07-28 15:00:00,22.649999618530273,23.26287269592285,none,0.0,0.0,15.459053993225098,21.239999771118164,74.56610107421875,991.2210693359375,
55.67_37.49,2022-01-13 23:00:00,-2.0999999046325684,-8.468694686889648,none,0.0,56.0,26.299718856811523,36.36000061035156,94.24922943115234,973.3873901367188,
55.67_37.49,2022-02-19 13:00:00,0.699999988079071,-7.915515899658203,snow,0.4000000059604645,54.000003814697266,43.38261032104492,59.03999710083008,87.74362182617188,973.5805053710938,
55.67_37.5,2022-01-02 00:00:00,-3.8499999046325684,-10.761587142944336,snow,0.10000000149011612,41.0,27.534704208374023,36.36000061035156,84.6836166381836,982.4317016601562,
55.67_37.5,2022-03-17 12:00:00,-3.25,-7.956226825714111,none,0.0,48.0,11.525623321533203,20.15999984741211,61.7546272277832,1020.82666015625,
55.67_37.5,2022-05-16 19:00:00,10.899999618530273,6.483743667602539,none,0.0,0.0,18.398780822753906,36.36000061035156,55.558162689208984,983.6963500976562,
55.67_37.5,2022-05-17 14:00:00,12.649999618530273,7.926413536071777,rain,0.10000000149011612,0.0,27.288854598999023,48.23999786376953,68.95549011230469,980.9732055664062,
55.67_37.5,2022-05-27 18:00:00,11.449999809265137,7.558408737182617,none,0.0,0.0,21.17583465576172,46.79999923706055,73.35603332519531,978.0455322265625,
55.67_37.5,2022-07-10 10:00:00,22.75,23.622329711914062,none,0.0,0.0,14.764389038085938,29.51999855041504,75.76295471191406,988.7622680664062,
55.67_37.5,2022-08-06 04:00:00,17.5,17.94399642944336,none,0.0,0.0,7.895416259765625,12.959999084472656,84.1839828491211,999.24072265625,
55.67_37.52,2022-01-21 00:00:00,-3.3499999046325684,-9.829204559326172,snow,0.20000000298023224,55.0,25.455842971801758,35.279998779296875,89.35574340820312,974.9512939453125,
55.67_37.52,2022-01-25 11:00:00,-10.0,-15.80408763885498,none,0.0,57.0,16.641971588134766,23.399999618530273,87.71531677246094,996.7185668945312,
55.67_37.52,2022-03-01 17:00:00,1.5,-2.591418504714966,none,0.0,50.0,6.369049549102783,6.839999675750732,45.92948532104492,1004.9161376953125,
55.67_37.52,2022-04-08 11:00:00,9.600000381469727,5.1266021728515625,none,0.0,41.0,21.1298828125,37.79999923706055,68.80960845947266,974.59716796875,
55.67_37.52,2022-04-22 13:00:00,9.699999809265137,7.356367111206055,none,0.0,0.0,8.31124496459961,19.079999923706055,74.57642364501953,997.1976318359375,
55.67_37.52,2022-05-05 19:00:00,8.149999618530273,5.35045051574707,none,0.0,0.0,2.741678237915039,6.119999885559082,49.128807067871094,1000.9983520507812,
55.67_37.52,2022-06-06 16:00:00,20.75,17.009136199951172,none,0.0,0.0,19.174856185913086,34.560001373291016,38.88656997680664,991.1700439453125,
55.67_37.53,2022-01-27 13:00:00,-7.699999809265137,-13.052164077758789,none,0.0,58.999996185302734,14.494192123413086,18.719999313354492,84.88432312011719,987.57568359375,
55.67_37.53,2022-03-05 17:00:00,-1.899999976158142,-7.67448616027832,none,0.0,49.0,20.211362838745117,33.47999954223633,76.97964477539062,992.0986938476562,
55.67_37.53,2022-03-22 16:00:00,5.900000095367432,1.892216682434082,none,0.0,40.0,11.119280815124512,16.919998168945312,57.73946762084961,1004.8015747070312,
55.67_37.55,2022-01-22 19:00:00,-4.650000095367432,-9.796977996826172,none,0.0,60.000003814697266,15.683775901794434,23.03999900817871,92.35831451416016,984.8825073242188,
55.67_37.55,2022-02-03 19:00:00,-5.75,-10.10595417022705,snow,0.10000000149011612,62.0,9.422101020812988,14.399999618530273,91.58399963378906,986.51611328125,
55.67_37.55,2022-02-23 14:00:00,0.800000011920929,-4.070333480834961,none,0.0,52.999996185302734,16.981164932250977,26.639999389648438,82.44705963134766,979.8182373046875,
55.67_37.55,2022-02-26 00:00:00,-4.949999809265137,-10.24003791809082,none,0.0,52.0,16.099689483642578,26.280000686645508,88.87899780273438,991.228515625,
55.67_37.55,2022-03-12 12:00:00,-3.75,-8.346969604492188,snow,0.30000001192092896,51.0,12.245293617248535,21.599998474121094,89.3219985961914,997.16162109375,
55.67_37.55,2022-04-11 21:00:00,2.200000047683716,-1.9826178550720215,rain,0.10000000149011612,28.0,15.542661666870117,29.15999984741211,93.76885986328125,985.9634399414062,
55.67_37.55,2022-04-20 23:00:00,7.650000095367432,1.4442033767700195,none,0.0,0.0,26.525428771972656,45.71999740600586,52.538490295410156,992.1954345703125,
55.67_37.55,2022-07-20 09:00:00,15.600000381469727,14.19257926940918,rain,0.800000011920929,0.0,15.141413688659668,33.839996337890625,82.06680297851562,984.1510620117188,
55.67_37.56,2022-02-14 13:00:00,-1.399999976158142,-7.302041530609131,none,0.0,58.999996185302734,21.971799850463867,33.119998931884766,80.9307632446289,990.470703125,
55.67_37.56,2022-02-19 20:00:00,1.75,-5.826332092285156,snow,0.30000001192092896,55.0,36.91184997558594,54.36000061035156,85.3256607055664,966.8231811523438,
55.67_37.56,2022-03-02 19:00:00,-2.3499999046325684,-6.603119850158691,none,0.0,50.0,8.891343116760254,14.039999961853027,72.34426879882812,995.9542236328125,
55.67_37.56,2022-05-18 11:00:00,13.25,9.18545913696289,none,0.0,0.0,22.453149795532227,43.19999694824219,51.27142333984375,990.0162963867188,
55.67_37.57,2022-04-28 05:00:00,1.7999999523162842,-2.325314521789551,none,0.0,0.0,9.793058395385742,18.0,64.19368743896484,1000.565673828125,
55.67_37.57,2022-06-05 19:00:00,16.649999618530273,14.168212890625,none,0.0,0.0,13.783817291259766,31.319997787475586,57.41994857788086,991.9002075195312,
55.67_37.57,2022-06-08 09:00:00,18.399999618530273,17.75118637084961,none,0.0,0.0,7.091177463531494,18.719999313354492,52.29643630981445,992.9127807617188,
55.67_37.58,2022-02-09 08:00:00,-2.3499999046325684,-6.597524642944336,none,0.0,63.0,10.948972702026367,15.480000495910645,89.43943786621094,986.0160522460938,
55.67_37.58,2022-02-16 10:00:00,-3.5999999046325684,-9.44403076171875,none,0.0,58.0,20.393293380737305,36.0,84.71314239501953,997.0439453125,
55.67_37.58,2022-05-04 08:00:00,6.599999904632568,3.0054545402526855,none,0.0,0.0,12.397806167602539,25.19999885559082,72.72022247314453,986.5838623046875,
55.67_37.58,2022-06-10 15:00:00,25.850000381469727,24.12398910522461,none,0.0,0.0,17.057313919067383,32.76000213623047,34.82191467285156,992.1333618164062,
55.67_37.58,2022-07-13 16:00:00,23.600000381469727,21.29266929626465,none,0.0,0.0,16.700275421142578,33.119998931884766,43.312870025634766,991.6070556640625,
55.67_37.59,2022-03-19 15:00:00,3.5,0.43511009216308594,none,0.0,48.0,5.623379707336426,12.239999771118164,73.460693359375,1020.8031616210938,
55.67_37.59,2022-05-19 06:00:00,8.800000190734863,5.062211990356445,none,0.0,0.0,15.542661666870117,28.440000534057617,70.60610961914062,993.0178833007812,
55.67_37.6,2022-01-16 12:00:00,-5.0,-10.46646785736084,none,0.0,56.0,16.299694061279297,28.079999923706055,79.1706314086914,987.2730102539062,
55.67_37.61,2022-07-30 14:00:00,22.350000381469727,19.973630905151367,none,0.0,0.0,14.618837356567383,30.23999786376953,37.12496566772461,999.831787109375,
55.67_37.63,2022-02-25 22:00:00,-3.799999952316284,-9.02377700805664,none,0.0,52.0,16.39482879638672,28.440000534057617,88.3074951171875,995.8677978515625,
55.67_37.63,2022-03-01 15:00:00,1.25,-1.5501997470855713,none,0.0,51.0,1.8356469869613647,7.199999809265137,73.85773468017578,1009.8901977539062,
55.67_37.64,2022-01-17 11:00:00,-3.1500000953674316,-10.66923713684082,snow,0.20000000298023224,56.0,32.6649169921875,47.880001068115234,88.70116424560547,967.8231811523438,
55.67_37.65,2022-01-27 13:00:00,-7.699999809265137,-12.92854118347168,none,0.0,61.0,13.896186828613281,19.079999923706055,87.93998718261719,995.0110473632812,
55.67_37.65,2022-04-12 10:00:00,6.550000190734863,3.7009382247924805,none,0.0,27.000001907348633,10.972620010375977,25.559999465942383,88.89643096923828,990.5877075195312,
55.67_37.65,2022-07-15 11:00:00,22.200000762939453,21.092994689941406,none,0.0,0.0,18.22894287109375,33.47999954223633,52.24712371826172,990.0813598632812,
55.67_37.66,2022-02-25 14:00:00,1.7999999523162842,-3.0948545932769775,none,0.0,52.999996185302734,16.73516082763672,35.279998779296875,74.23299407958984,997.3524780273438,
55.67_37.66,2022-04-15 13:00:00,9.550000190734863,6.284970283508301,none,0.0,12.0,7.771330833435059,17.639999389648438,51.17095184326172,995.3699951171875,
55.67_37.66,2022-06-24 18:00:00,25.0,21.761415481567383,none,0.0,0.0,21.707731246948242,45.71999740600586,38.00541305541992,997.5977783203125,
55.67_37.66,2022-06-27 06:00:00,20.950000762939453,21.70980453491211,none,0.0,0.0,10.895576477050781,16.919998168945312,76.6820068359375,1003.2322998046875,
55.67_37.72,2022-01-14 15:00:00,0.20000000298023224,-5.555964469909668,snow,0.10000000149011612,58.999996185302734,23.675304412841797,32.03999710083008,90.30779266357422,957.6884765625,
55.67_37.74,2022-01-25 23:00:00,-9.5,-14.700477600097656,snow,0.20000000298023224,58.999996185302734,12.722829818725586,19.799999237060547,87.41573333740234,997.4044189453125,
55.67_37.75,2022-07-13 16:00:00,24.049999237060547,21.771696090698242,none,0.0,0.0,16.700275421142578,30.96000099182129,42.4382209777832,995.5224609375,
55.67_37.75,2022-07-14 09:00:00,17.950000762939453,18.604503631591797,rain,0.10000000149011612,0.0,1.7999999523162842,25.919998168945312,72.3362808227539,993.3865966796875,
55.67_37.76,2022-01-16 08:00:00,-4.800000190734863,-10.823966979980469,none,0.0,56.0,20.696086883544922,29.51999855041504,83.600341796875,989.901611328125,
55.67_37.76,2022-03-20 15:00:00,5.650000095367432,1.6519274711608887,none,0.0,45.0,12.074766159057617,26.639999389648438,63.44601058959961,1017.823486328125,
55.67_37.76,2022-04-02 16:00:00,-0.20000000298023224,-5.536014080047607,snow,2.0,35.0,20.746122360229492,34.91999816894531,92.62588500976562,982.5363159179688,
55.67_37.77,2022-01-06 17:00:00,-1.7999999523162842,-6.942456245422363,none,0.0,45.0,17.848159790039062,24.479999542236328,91.84650421142578,980.4468383789062,
55.67_37.77,2022-04-07 13:00:00,4.650000095367432,0.08140850067138672,none,0.0,42.0,19.562946319580078,36.0,85.64286804199219,987.8206176757812,
55.67_37.77,2022-04-14 12:00:00,9.25,4.638888359069824,none,0.0,9.0,20.991426467895508,39.959999084472656,50.349491119384766,1003.6611938476562,
55.67_37.77,2022-05-17 09:00:00,8.850000381469727,4.714008331298828,rain,0.30000001192092896,0.0,23.424907684326172,44.279998779296875,89.39276885986328,988.010009765625,
55.67_37.77,2022-07-21 17:00:00,20.200000762939453,17.016952514648438,none,0.0,0.0,23.424907684326172,45.0,54.55745315551758,992.7125854492188,
55.67_37.77,2022-08-09 17:00:00,,,,,,,,,,
55.67_37.78,2022-04-23 17:00:00,14.649999618530273,12.017755508422852,none,0.0,0.0,6.287129878997803,13.319999694824219,43.77509307861328,999.0662841796875,
55.67_37.78,2022-06-02 06:00:00,13.899999618530273,13.109777450561523,none,0.0,0.0,10.685391426086426,18.35999870300293,90.97213745117188,1004.4411010742188,
55.67_37.78,2022-06-23 17:00:00,23.549999237060547,21.100801467895508,none,0.0,0.0,13.905508995056152,26.280000686645508,37.72206497192383,997.4600219726562,
55.67_37.78,2022-07-28 19:00:00,21.700000762939453,22.739112854003906,none,0.0,0.0,12.849528312683105,27.35999870300293,79.50572967529297,998.305419921875,
55.67_37.79,2022-05-12 12:00:00,19.200000762939453,17.17477035522461,none,0.0,0.0,20.60822868347168,37.07999801635742,53.57703399658203,987.5382080078125,
55.67_37.84,2022-03-13 13:00:00,0.550000011920929,-4.20108699798584,none,0.0,50.0,15.038350105285645,28.440000534057617,76.52838134765625,1008.5673828125,
55.67_37.84,2022-04-03 08:00:00,-1.75,-7.585008144378662,snow,0.30000001192092896,43.0,22.253124237060547,37.79999923706055,88.82472229003906,974.7744750976562,
55.67_37.84,2022-04-30 11:00:00,6.25,1.7802295684814453,rain,0.20000000298023224,0.0,16.831684112548828,34.560001373291016,50.81204605102539,1004.7362060546875,
55.67_37.84,2022-05-21 17:00:00,14.699999809265137,11.66091251373291,none,0.0,0.0,5.052840709686279,14.039999961853027,33.53157424926758,990.7314453125,
55.67_37.84,2022-05-28 18:00:00,11.449999809265137,8.116750717163086,none,0.0,0.0,18.003599166870117,37.439998626708984,75.39341735839844,984.4647827148438,
55.67_37.84,2022-06-11 15:00:00,23.649999618530273,22.459962844848633,none,0.0,0.0,9.746630668640137,21.959999084472656,44.200984954833984,998.8167114257812,
55.68_37.14,2022-07-08 14:00:00,23.899999618530273,23.141643524169922,none,0.0,0.0,6.379216194152832,16.919998168945312,42.96529769897461,995.9767456054688,
55.68_37.28,2022-06-16 22:00:00,14.699999809265137,12.906259536743164,none,0.0,0.0,8.287821769714355,13.679999351501465,63.09212112426758,990.0711059570312,
55.68_37.28,2022-07-01 18:00:00,20.75,16.53313636779785,none,0.0,0.0,16.299694061279297,36.0,28.35405158996582,997.1889038085938,
55.68_37.28,2022-07-23 18:00:00,26.25,25.88943862915039,none,0.0,0.0,8.496304512023926,19.079999923706055,43.33287811279297,990.8539428710938,
55.68_37.42,2022-01-17 23:00:00,-2.200000047683716,-6.322567939758301,snow,0.4000000059604645,52.999996185302734,10.853865623474121,20.15999984741211,94.5954818725586,964.6199951171875,
55.68_37.42,2022-03-09 23:00:00,-13.25,-19.216732025146484,none,0.0,47.0,15.91346549987793,28.079999923706055,78.79948425292969,1010.186279296875,
55.68_37.42,2022-05-02 15:00:00,13.399999618530273,8.577643394470215,none,0.0,0.0,15.192682266235352,30.599998474121094,30.773984909057617,995.0664672851562,
55.68_37.42,2022-06-01 18:00:00,19.799999237060547,17.94843292236328,none,0.0,0.0,17.057313919067383,32.76000213623047,60.94886016845703,1000.6102905273438,
55.68_37.42,2022-06-25 01:00:00,15.350000381469727,14.758962631225586,none,0.0,0.0,6.489992141723633,12.239999771118164,76.03936767578125,995.2822875976562,
55.68_37.42,2022-07-20 13:00:00,17.200000762939453,16.59478759765625,rain,3.299999952316284,0.0,10.4399995803833,24.479999542236328,75.84007263183594,984.9669799804688,
55.68_37.42,2022-07-28 22:00:00,19.200000762939453,19.712141036987305,none,0.0,0.0,13.32486343383789,23.759998321533203,86.81746673583984,993.9766235351562,
55.68_37.44,2022-03-27 09:00:00,-3.6500000953674316,-12.371999740600586,snow,0.10000000149011612,28.0,37.0292854309082,67.67999267578125,57.187103271484375,977.3660888671875,
55.68_37.45,2022-01-06 11:00:00,-0.6499999761581421,-3.88396954536438,snow,0.20000000298023224,44.0,5.804825305938721,14.039999961853027,91.92066192626953,972.602294921875,
55.68_37.45,2022-07-27 18:00:00,26.200000762939453,26.821796417236328,none,0.0,0.0,11.525623321533203,29.15999984741211,55.529441833496094,990.091552734375,
55.68_37.46,2022-05-31 07:00:00,12.399999618530273,10.304244995117188,rain,0.8999999761581421,0.0,16.29174041748047,28.799999237060547,90.56925201416016,999.2788696289062,
55.68_37.46,2022-07-07 17:00:00,26.200000762939453,26.025672912597656,none,0.0,0.0,19.4699764251709,36.71999740600586,58.600791931152344,991.335693359375,
55.68_37.46,2022-07-13 16:00:00,24.100000381469727,22.013486862182617,none,0.0,0.0,16.19999885559082,29.51999855041504,43.45214080810547,992.0943603515625,
55.68_37.47,2022-04-29 17:00:00,8.75,3.799680709838867,none,0.0,0.0,15.986593246459961,33.119998931884766,41.582828521728516,1000.6425170898438,
55.68_37.48,2022-03-10 16:00:00,-5.949999809265137,-11.620475769042969,none,0.0,51.0,15.13713264465332,26.280000686645508,57.71461486816406,1014.1034545898438,
55.68_37.48,2022-03-15 14:00:00,-1.399999976158142,-6.179489612579346,none,0.0,49.0,12.43433952331543,21.239999771118164,66.94013214111328,1013.8046875,
55.68_37.48,2022-05-06 09:00:00,9.449999809265137,5.498573303222656,none,0.0,0.0,14.021525382995605,27.0,56.989959716796875,1009.27294921875,
55.68_37.49,2022-04-19 15:00:00,13.399999618530273,9.306120872497559,none,0.0,1.0,17.917007446289062,32.76000213623047,51.857059478759766,995.5657348632812,
55.68_37.49,2022-04-25 18:00:00,12.050000190734863,9.773222923278809,none,0.0,0.0,11.17740535736084,21.599998474121094,73.71503448486328,986.484130859375,
55.68_37.5,2022-05-07 10:00:00,14.25,10.509105682373047,none,0.0,0.0,15.62997055053711,28.799999237060547,49.419227600097656,1002.4798583984375,
55.68_37.51,2022-05-31 08:00:00,12.850000381469727,10.742321968078613,rain,0.30000001192092896,0.0,17.102840423583984,29.51999855041504,90.00292205810547,998.2215576171875,
55.68_37.52,2022-03-20 01:00:00,-4.099999904632568,-8.502700805664062,none,0.0,47.0,9.44957160949707,14.75999927520752,78.09793090820312,1018.7673950195312,
55.68_37.52,2022-04-11 18:00:00,3.299999952316284,-0.9463927745819092,none,0.0,26.0,16.039201736450195,34.91999816894531,87.04484558105469,986.8378295898438,
55.68_37.52,2022-04-19 14:00:00,12.300000190734863,7.761946678161621,none,0.0,2.0,23.35842514038086,41.39999771118164,62.75546646118164,993.8434448242188,
55.68_37.52,2022-06-17 09:00:00,18.399999618530273,16.556114196777344,none,0.0,0.0,12.261157989501953,25.19999885559082,57.08384704589844,992.852783203125,
55.68_37.53,2022-03-29 09:00:00,1.25,-4.075847625732422,snow,0.30000001192092896,34.0,20.630229949951172,40.68000030517578,83.11322021484375,969.5216064453125,
55.68_37.53,2022-04-27 15:00:00,11.300000190734863,6.144880294799805,rain,1.0,0.0,21.267440795898438,35.63999938964844,47.213844299316406,989.6331787109375,
55.68_37.53,2022-05-03 15:00:00,16.299999237060547,10.187549591064453,none,0.0,0.0,28.55142593383789,49.68000030517578,35.75956344604492,980.2316284179688,
55.68_37.53,2022-05-23 16:00:00,13.649999618530273,7.57867431640625,none,0.0,0.0,23.424907684326172,41.39999771118164,29.385156631469727,979.5244140625,
55.68_37.53,2022-07-01 07:00:00,16.450000762939453,13.552867889404297,none,0.0,0.0,16.808570861816406,30.23999786376953,58.550437927246094,993.6157836914062,
55.68_37.54,2022-01-03 21:00:00,-8.550000190734863,-13.812735557556152,none,0.0,40.0,13.79791259765625,21.239999771118164,89.60847473144531,973.9576416015625,
55.68_37.54,2022-01-06 14:00:00,-0.699999988079071,-4.946544647216797,none,0.0,44.0,12.889809608459473,18.0,93.28002166748047,971.8936157226562,
55.68_37.54,2022-02-09 08:00:00,-3.049999952316284,-7.160886764526367,none,0.0,62.0,9.726663589477539,12.239999771118164,91.76476287841797,983.135498046875,
55.68_37.54,2022-03-25 10:00:00,2.4000000953674316,-0.06318473815917969,none,0.0,35.0,1.7999999523162842,5.399999618530273,81.16567993164062,994.5106201171875,
55.68_37.54,2022-07-09 02:00:00,17.100000381469727,16.72093391418457,none,0.0,0.0,6.6380720138549805,10.799999237060547,71.47193908691406,994.0902099609375,
55.68_37.55,2022-02-02 06:00:00,-5.400000095367432,-11.300493240356445,none,0.0,62.0,19.914215087890625,26.639999389648438,88.15873718261719,979.9921875,
55.68_37.55,2022-02-18 14:00:00,2.0999999046325684,-3.1821138858795166,none,0.0,55.0,19.995399475097656,27.719999313354492,76.22663116455078,967.6598510742188,
55.68_37.55,2022-02-24 13:00:00,-0.30000001192092896,-4.638993263244629,none,0.0,52.0,11.620808601379395,17.639999389648438,77.24666595458984,997.3603515625,
55.68_37.55,2022-07-03 11:00:00,27.299999237060547,27.473926544189453,none,0.0,0.0,15.15852165222168,30.23999786376953,45.05827713012695,993.5470581054688,
55.68_37.55,2022-07-14 14:00:00,18.299999237060547,18.874412536621094,rain,1.2999999523162842,0.0,5.600285530090332,22.319997787475586,77.25891876220703,985.0089721679688,
55.68_37.56,2022-01-07 18:00:00,-7.400000095367432,-14.511452674865723,none,0.0,45.0,26.613229751586914,39.23999786376953,83.59530639648438,980.9873046875,
55.68_37.56,2022-04-25 00:00:00,8.5,6.534296035766602,none,0.0,0.0,9.726664543151855,17.280000686645508,96.0100326538086,989.1344604492188,
55.68_37.56,2022-04-26 08:00:00,12.199999809265137,11.079736709594727,none,0.0,0.0,6.92473840713501,17.639999389648438,83.85585021972656,984.67431640625,
55.68_37.56,2022-05-11 14:00:00,15.5,10.633054733276367,none,0.0,0.0,25.20256996154785,46.439998626708984,41.00709915161133,987.9888305664062,
55.68_37.56,2022-05-31 13:00:00,16.350000381469727,14.966629028320312,rain,0.699999988079071,0.0,15.546833038330078,28.440000534057617,79.52117919921875,997.8819580078125,
55.68_37.56,2022-06-14 17:00:00,24.75,22.246286392211914,rain,0.10000000149011612,0.0,20.3168888092041,36.71999740600586,43.48869323730469,984.796875,
55.68_37.56,2022-06-17 21:00:00,13.600000381469727,13.02708625793457,none,0.0,0.0,9.422101020812988,16.19999885559082,93.3729019165039,991.511474609375,
55.68_37.56,2022-07-25 13:00:00,25.25,26.948104858398438,rain,0.10000000149011612,0.0,8.55710220336914,21.599998474121094,60.83247375488281,986.0650024414062,
55.68_37.56,2022-08-03 10:00:00,24.899999618530273,24.92060661315918,none,0.0,0.0,11.275529861450195,25.19999885559082,50.765872955322266,996.5349731445312,
55.68_37.57,2022-02-12 03:00:00,-1.5,-7.129444122314453,none,0.0,61.0,21.188072204589844,32.39999771118164,89.84308624267578,988.4845581054688,
55.68_37.57,2022-04-28 11:00:00,5.449999809265137,2.184443473815918,none,0.0,0.0,6.8777899742126465,20.15999984741211,45.5180778503418,1002.2538452148438,
55.68_37.57,2022-06-23 14:00:00,23.200000762939453,21.998258590698242,none,0.0,0.0,12.594856262207031,36.0,36.86188888549805,990.5910034179688,
55.68_37.58,2022-03-26 15:00:00,2.9000000953674316,-3.863095283508301,rain,0.30000001192092896,32.0,31.700448989868164,60.47999572753906,80.64768981933594,971.9646606445312,
55.68_37.59,2022-04-25 19:00:00,12.100000381469727,9.886202812194824,none,0.0,0.0,10.829957962036133,22.68000030517578,73.72392272949219,986.468017578125,
55.68_37.59,2022-05-17 22:00:00,9.050000190734863,5.117945671081543,none,0.0,0.0,20.497882843017578,34.91999816894531,82.62519836425781,985.4915161132812,
55.68_37.6,2022-01-13 09:00:00,-17.350000381469727,-23.347606658935547,none,0.0,54.000003814697266,15.072783470153809,21.599998474121094,82.60297393798828,993.0750122070312,
55.68_37.6,2022-01-26 16:00:00,-4.800000190734863,-10.082881927490234,none,0.0,61.0,16.119800567626953,23.759998321533203,88.55297088623047,994.1808471679688,
55.68_37.6,2022-04-25 16:00:00,15.850000381469727,11.461910247802734,none,0.0,0.0,20.268991470336914,36.36000061035156,45.059547424316406,989.638671875,
55.68_37.6,2022-05-17 10:00:00,8.5,4.218751907348633,rain,0.4000000059604645,0.0,23.928491592407227,46.439998626708984,89.6717529296875,982.0946655273438,
55.68_37.6,2022-07-11 08:00:00,24.700000762939453,24.14015007019043,none,0.0,0.0,19.353137969970703,35.63999938964844,60.3216552734375,990.4349365234375,
55.68_37.61,2022-07-27 11:00:00,29.049999237060547,31.185649871826172,none,0.0,0.0,10.002559661865234,24.119998931884766,50.39377212524414,993.6348876953125,
55.68_37.61,2022-08-04 07:00:00,20.850000381469727,21.248722076416016,none,0.0,0.0,7.172948837280273,15.84000015258789,66.58477783203125,1001.7081298828125,
55.68_37.62,2022-01-23 02:00:00,-5.150000095367432,-9.897455215454102,snow,0.10000000149011612,60.000003814697266,12.727921485900879,19.079999923706055,93.74708557128906,998.1414184570312,
55.68_37.62,2022-02-16 09:00:00,-4.5,-10.99113655090332,none,0.0,58.0,24.336639404296875,36.0,85.91302490234375,1000.7506713867188,
55.68_37.62,2022-03-14 23:00:00,-3.9000000953674316,-9.105659484863281,none,0.0,50.0,15.696165084838867,28.799999237060547,83.71346282958984,1010.4208374023438,
55.68_37.62,2022-04-28 09:00:00,3.549999952316284,-0.4096252918243408,none,0.0,0.0,7.5170207023620605,20.15999984741211,50.61996078491211,1006.3228759765625,
55.68_37.62,2022-07-22 14:00:00,24.799999237060547,22.821441650390625,none,0.0,0.0,21.63896369934082,40.31999969482422,42.50651550292969,995.7079467773438,
55.68_37.63,2022-03-19 12:00:00,-0.15000000596046448,-3.626023769378662,none,0.0,48.0,6.6380720138549805,13.679999351501465,82.01673889160156,1021.2271728515625,
55.68_37.63,2022-07-13 16:00:00,23.600000381469727,21.29266929626465,none,0.0,0.0,16.700275421142578,33.119998931884766,43.312870025634766,994.91162109375,
55.68_37.63,2022-08-11 12:00:00,21.950000762939453,21.949872970581055,none,0.0,0.0,9.5042724609375,23.399999618530273,49.98476028442383,1010.1055297851562,
55.68_37.64,2022-05-06 17:00:00,14.899999618530273,10.186397552490234,none,0.0,0.0,15.496735572814941,30.599998474121094,30.52873992919922,1008.51416015625,
55.68_37.64,2022-05-18 23:00:00,8.649999618530273,4.984960556030273,none,0.0,0.0,11.885453224182129,29.51999855041504,59.50349807739258,1000.2492065429688,
55.68_37.64,2022-06-16 22:00:00,14.75,13.424135208129883,none,0.0,0.0,7.208993911743164,11.159998893737793,68.21814727783203,998.6970825195312,
55.68_37.65,2022-02-17 20:00:00,1.2999999523162842,-6.760814189910889,snow,0.4000000059604645,58.0,41.34831619262695,56.15999984741211,95.08786010742188,975.1455078125,
55.68_37.65,2022-04-13 16:00:00,6.5,0.8352193832397461,none,0.0,19.0,25.942487716674805,43.560001373291016,70.39952850341797,1001.3234252929688,
55.68_37.65,2022-04-27 12:00:00,11.100000381469727,6.961623191833496,none,0.0,0.0,18.08977508544922,32.03999710083008,59.896949768066406,995.0011596679688,
55.68_37.65,2022-04-28 13:00:00,6.349999904632568,2.9683332443237305,none,0.0,0.0,4.680000305175781,18.719999313354492,42.93516540527344,1009.8993530273438,
55.68_37.65,2022-05-05 20:00:00,7.849999904632568,5.081509590148926,none,0.0,0.0,4.104631423950195,5.759999752044678,56.36936950683594,1007.416748046875,
55.68_37.65,2022-08-03 12:00:00,26.25,26.219219207763672,none,0.0,0.0,11.753876686096191,24.119998931884766,45.95234298706055,1003.6806640625,
55.68_37.65,2022-08-11 19:00:00,,,,,,,,,,
55.68_37.66,2022-03-15 10:00:00,-4.849999904632568,-9.339883804321289,none,0.0,50.0,10.308831214904785,18.0,85.21736907958984,1017.6842651367188,
55.68_37.66,2022-07-03 15:00:00,29.350000381469727,27.22137451171875,none,0.0,0.0,15.51762866973877,28.799999237060547,27.157657623291016,999.9600219726562,
55.68_37.66,2022-07-27 17:00:00,28.450000762939453,28.328269958496094,none,0.0,0.0,14.512063980102539,29.51999855041504,46.398345947265625,994.8214111328125,
55.68_37.67,2022-03-26 14:00:00,4.650000095367432,-1.3308730125427246,rain,0.10000000149011612,33.0,28.46049690246582,50.39999771118164,81.76605987548828,976.0861206054688,
55.68_37.67,2022-04-15 21:00:00,6.0,2.4946885108947754,rain,0.20000000298023224,11.0,11.96695327758789,18.0,76.60405731201172,996.577392578125,
55.68_37.67,2022-05-11 17:00:00,16.600000381469727,11.659481048583984,none,0.0,0.0,19.523155212402344,34.91999816894531,32.87831497192383,991.59619140625,
55.68_37.67,2022-05-14 12:00:00,14.75,10.208427429199219,none,0.0,0.0,24.993438720703125,43.91999816894531,44.42997360229492,987.226318359375,
55.68_37.67,2022-06-13 14:00:00,22.25,21.37757682800293,rain,0.30000001192092896,0.0,12.371644973754883,38.15999984741211,55.621219635009766,995.491455078125,
55.68_37.67,2022-07-01 12:00:00,20.700000762939453,17.442644119262695,none,0.0,0.0,20.969806671142578,38.880001068115234,30.324312210083008,1003.4685668945312,
55.68_37.67,2022-07-29 18:00:00,22.200000762939453,20.27511215209961,none,0.0,0.0,13.684735298156738,24.84000015258789,46.52064895629883,1001.513916015625,
55.68_37.68,2022-01-22 20:00:00,-4.699999809265137,-9.96707534790039,none,0.0,61.0,16.327497482299805,23.759998321533203,90.95947265625,995.296142578125,
55.68_37.68,2022-02-28 14:00:00,-0.8500000238418579,-6.031647205352783,none,0.0,51.0,16.873979568481445,28.440000534057617,76.57720947265625,1017.6571044921875,
55.68_37.68,2022-05-21 17:00:00,14.350000381469727,10.62306022644043,none,0.0,0.0,9.007196426391602,16.919998168945312,32.33985137939453,991.9197998046875,
55.68_37.68,2022-06-15 19:00:00,17.399999618530273,14.289022445678711,none,0.0,0.0,19.079999923706055,36.71999740600586,56.83391571044922,994.84375,
55.68_37.69,2022-05-26 22:00:00,11.75,9.408588409423828,rain,1.600000023841858,0.0,15.778515815734863,24.479999542236328,87.8392105102539,984.0411376953125,
55.68_37.69,2022-07-21 10:00:00,17.5,16.65861701965332,none,0.0,0.0,14.68958854675293,29.8799991607666,79.94174194335938,988.5946655273438,
55.68_37.7,2022-01-30 18:00:00,-3.8499999046325684,-10.594825744628906,snow,0.20000000298023224,61.0,26.787965774536133,36.0,88.30289459228516,978.8778076171875,
55.68_37.7,2022-07-10 15:00:00,28.350000381469727,25.331697463989258,rain,0.10000000149011612,0.0,24.149532318115234,42.47999954223633,35.52455520629883,995.1087646484375,
55.68_37.71,2022-07-08 21:00:00,20.649999618530273,20.64981460571289,none,0.0,0.0,4.802999019622803,5.039999961853027,58.595428466796875,1002.4261474609375,
55.68_37.72,2022-06-27 20:00:00,26.5,27.07406997680664,none,0.0,0.0,8.404285430908203,19.440000534057617,50.369869232177734,1003.1373291015625,
55.68_37.73,2022-05-14 14:00:00,16.100000381469727,11.921728134155273,none,0.0,0.0,22.322900772094727,41.39999771118164,42.51211929321289,986.666259765625,
55.68_37.74,2022-01-17 12:00:00,-3.049999952316284,-10.658632278442383,snow,0.10000000149011612,57.0,33.278099060058594,45.36000061035156,88.04362487792969,971.374267578125,
55.68_37.74,2022-04-23 21:00:00,8.25,5.440130233764648,none,0.0,0.0,8.91318130493164,16.919998168945312,72.25972747802734,997.4837036132812,
55.68_37.74,2022-05-27 19:00:00,11.050000190734863,7.398988723754883,none,0.0,0.0,20.26579475402832,39.23999786376953,77.6829605102539,984.7344360351562,
55.68_37.74,2022-07-23 19:00:00,23.450000762939453,23.723678588867188,none,0.0,0.0,7.5170207023620605,13.319999694824219,56.1018180847168,997.606201171875,
55.68_37.75,2022-02-14 18:00:00,-1.5,-7.345093727111816,none,0.0,58.999996185302734,21.382905960083008,30.23999786376953,80.00849151611328,998.5657958984375,
55.68_37.75,2022-02-20 07:00:00,1.25,-4.553396224975586,rain,0.10000000149011612,54.000003814697266,24.651456832885742,38.519996643066406,87.7954330444336,974.36572265625,
55.68_37.75,2022-04-12 16:00:00,9.649999618530273,5.935750961303711,none,0.0,25.0,19.16133689880371,34.91999816894531,79.90652465820312,992.8713989257812,
55.68_37.75,2022-05-12 18:00:00,17.25,14.820629119873047,rain,0.10000000149011612,0.0,19.513195037841797,38.15999984741211,68.27122497558594,982.6593017578125,
55.68_37.75,2022-05-19 19:00:00,9.350000381469727,6.833779335021973,none,0.0,0.0,11.18320083618164,24.84000015258789,82.37911224365234,996.7530517578125,
55.68_37.75,2022-06-09 11:00:00,23.100000381469727,24.174497604370117,none,0.0,0.0,1.4843180179595947,12.59999942779541,41.60898208618164,996.73681640625,
55.68_37.76,2022-02-24 17:00:00,-0.5,-3.684114456176758,none,0.0,51.0,4.33497428894043,12.959999084472656,82.88968658447266,1005.8848876953125,
55.68_37.76,2022-03-29 18:00:00,-0.4000000059604645,-3.897439479827881,none,0.0,33.0,5.052840709686279,21.239999771118164,72.17699432373047,980.1671752929688,
55.68_37.76,2022-07-06 20:00:00,25.5,26.49175262451172,none,0.0,0.0,10.002559661865234,25.919998168945312,59.18069839477539,996.3930053710938,
55.68_37.76,2022-07-09 16:00:00,22.200000762939453,23.116056442260742,rain,0.800000011920929,0.0,6.618519306182861,23.399999618530273,66.0132064819336,997.0967407226562,
55.68_37.76,2022-07-19 15:00:00,20.700000762939453,17.527673721313477,none,0.0,0.0,19.296133041381836,36.0,41.21052169799805,997.2953491210938,
55.68_37.76,2022-07-31 14:00:00,23.600000381469727,22.465261459350586,none,0.0,0.0,2.741678237915039,15.119998931884766,34.77482986450195,1001.207275390625,
55.68_37.77,2022-03-04 18:00:00,-2.5,-7.703027248382568,none,0.0,48.0,17.057313919067383,31.319997787475586,86.78079223632812,997.0305786132812,
55.68_37.77,2022-04-30 12:00:00,6.050000190734863,1.7619590759277344,rain,0.10000000149011612,0.0,17.102840423583984,33.839996337890625,53.46815490722656,1007.250244140625,
55.68_37.78,2022-03-24 16:00:00,10.800000190734863,7.401070594787598,none,0.0,34.0,2.741678237915039,11.519999504089355,27.796489715576172,999.7239379882812,
55.68_37.83,2022-01-16 12:00:00,-4.650000095367432,-9.926836967468262,none,0.0,56.0,15.124283790588379,27.719999313354492,78.31086730957031,991.1448974609375,
55.68_37.83,2022-02-05 01:00:00,-8.550000190734863,-12.396697998046875,none,0.0,62.0,4.33497428894043,7.559999465942383,92.83843231201172,997.77099609375,
55.68_37.83,2022-02-25 20:00:00,-2.049999952316284,-7.153566837310791,none,0.0,51.0,16.57564353942871,28.079999923706055,85.53424072265625,1000.3530883789062,
55.68_37.83,2022-03-23 22:00:00,-2.700000047683716,-7.102513790130615,none,0.0,36.0,10.29625129699707,12.959999084472656,77.43328857421875,1003.5115356445312,
55.68_37.83,2022-05-21 13:00:00,13.300000190734863,10.547845840454102,none,0.0,0.0,4.735060214996338,15.480000495910645,41.25080871582031,993.814208984375,
55.68_37.83,2022-07-26 13:00:00,27.799999237060547,30.5162353515625,none,0.0,0.0,5.9044389724731445,21.239999771118164,54.191654205322266,993.1713256835938,
55.68_37.83,2022-08-07 13:00:00,28.049999237060547,28.42681884765625,none,0.0,0.0,13.854154586791992,33.119998931884766,49.18659973144531,1000.8203735351562,
55.68_37.84,2022-01-07 10:00:00,-4.599999904632568,-9.853776931762695,none,0.0,45.0,15.34968376159668,27.0,81.71720123291016,983.431884765625,
55.68_37.85,2022-05-10 19:00:00,9.399999618530273,4.056680679321289,none,0.0,0.0,19.770523071289062,41.39999771118164,43.67572021484375,996.767333984375,
55.68_37.85,2022-05-28 04:00:00,6.25,4.215187072753906,none,0.0,0.0,6.489992141723633,11.519999504089355,95.60735321044922,981.7557983398438,
55.68_37.85,2022-08-11 20:00:00,,,,,,,,,,
55.68_37.86,2022-01-10 15:00:00,-6.949999809265137,-12.167698860168457,snow,0.10000000149011612,51.0,14.168641090393066,24.84000015258789,86.98839569091797,998.9605712890625,
55.68_37.86,2022-04-26 02:00:00,10.5,9.277702331542969,none,0.0,0.0,6.4096174240112305,22.319997787475586,89.82597351074219,989.6200561523438,
55.68_37.86,2022-05-10 18:00:00,9.5,3.5365381240844727,none,0.0,0.0,23.576562881469727,45.71999740600586,41.805381774902344,997.2101440429688,
55.68_37.86,2022-05-19 08:00:00,9.850000381469727,6.016298294067383,rain,0.10000000149011612,0.0,17.654687881469727,32.03999710083008,70.81212615966797,997.3508911132812,
55.68_37.86,2022-06-12 01:00:00,15.300000190734863,14.775371551513672,none,0.0,0.0,6.0346999168396,10.440000534057617,76.28374481201172,998.8468017578125,
55.68_37.86,2022-06-23 17:00:00,23.549999237060547,21.143037796020508,none,0.0,0.0,13.441070556640625,26.639999389648438,37.467041015625,995.9564819335938,
55.68_37.86,2022-06-24 12:00:00,23.850000381469727,22.842966079711914,none,0.0,0.0,16.167966842651367,32.76000213623047,41.26401138305664,999.3024291992188,
55.68_37.86,2022-07-03 19:00:00,25.200000762939453,26.112855911254883,none,0.0,0.0,6.489992141723633,7.920000076293945,54.9284553527832,997.898681640625,
55.68_37.86,2022-07-21 15:00:00,21.200000762939453,17.729793548583984,rain,0.10000000149011612,0.0,25.02971076965332,42.119998931884766,50.117122650146484,990.401123046875,
55.68_37.92,2022-07-05 17:00:00,29.649999618530273,29.301090240478516,none,0.0,0.0,6.162207126617432,17.280000686645508,33.277366638183594,999.270751953125,
55.69_37.13,2022-07-02 14:00:00,24.5,23.07077407836914,none,0.0,0.0,11.18320083618164,27.35999870300293,30.127044677734375,997.3748779296875,
55.69_37.25,2022-01-09 11:00:00,-6.050000190734863,-11.828645706176758,snow,0.10000000149011612,41.0,17.33989715576172,32.03999710083008,73.90238189697266,994.5331420898438,
55.69_37.27,2022-02-18 17:00:00,1.0499999523162842,-3.628720760345459,none,0.0,49.0,14.118243217468262,32.39999771118164,71.11935424804688,970.43310546875,
55.69_37.27,2022-05-31 12:00:00,15.350000381469727,14.011764526367188,rain,0.30000001192092896,0.0,15.124283790588379,33.839996337890625,84.492431640625,995.2809448242188,
55.69_37.41,2022-05-04 07:00:00,5.300000190734863,1.8047895431518555,none,0.0,0.0,11.298495292663574,22.319997787475586,77.59075927734375,989.013916015625,
55.69_37.41,2022-07-04 09:00:00,24.549999237060547,25.35343360900879,none,0.0,0.0,7.920000076293945,19.799999237060547,58.02233123779297,995.9837646484375,
55.69_37.41,2022-07-18 20:00:00,16.549999237060547,14.401678085327148,none,0.0,0.0,15.5301513671875,31.68000030517578,66.78057098388672,992.7971801757812,
55.69_37.41,2022-07-22 21:00:00,20.049999237060547,18.858863830566406,none,0.0,0.0,11.440978050231934,19.079999923706055,58.06536865234375,994.6743774414062,
55.69_37.42,2022-06-07 23:00:00,14.050000190734863,12.665210723876953,none,0.0,0.0,1.4399999380111694,5.759999752044678,55.21092987060547,994.9954833984375,
55.69_37.42,2022-07-05 17:00:00,28.899999618530273,28.205337524414062,none,0.0,0.0,10.315114974975586,21.239999771118164,36.627628326416016,995.2713012695312,
55.69_37.43,2022-08-07 12:00:00,27.149999618530273,27.835105895996094,none,0.0,0.0,15.192682266235352,31.68000030517578,56.11618423461914,997.6842041015625,
55.69_37.44,2022-07-25 18:00:00,25.299999237060547,25.63419532775879,none,0.0,0.0,7.594208240509033,17.639999389648438,50.87066650390625,988.3199462890625,
55.69_37.45,2022-03-20 18:00:00,4.0,-0.12235736846923828,none,0.0,42.0,11.486200332641602,19.079999923706055,63.758277893066406,1013.4259033203125,
55.69_37.46,2022-02-24 15:00:00,-0.05000000074505806,-4.083177089691162,none,0.0,52.0,9.565437316894531,18.35999870300293,76.14117431640625,1002.9356079101562,
55.69_37.47,2022-03-19 02:00:00,-7.150000095367432,-12.0374755859375,none,0.0,47.0,11.874544143676758,14.399999618530273,87.99284362792969,1019.7055053710938,
55.69_37.47,2022-04-16 21:00:00,1.399999976158142,-4.573774337768555,none,0.0,6.0,23.773632049560547,41.76000213623047,74.15996551513672,998.4503784179688,
55.69_37.47,2022-05-09 19:00:00,7.449999809265137,1.8204021453857422,none,0.0,0.0,23.313995361328125,38.519996643066406,56.264442443847656,1001.2972412109375,
55.69_37.47,2022-07-15 09:00:00,18.799999237060547,17.873659133911133,none,0.0,0.0,14.777549743652344,27.35999870300293,72.72557067871094,986.5167236328125,
55.69_37.47,2022-08-01 16:00:00,24.5,22.76113510131836,none,0.0,0.0,9.290511131286621,19.440000534057617,36.238590240478516,997.6952514648438,
55.69_37.48,2022-02-12 15:00:00,-1.75,-7.780611515045166,none,0.0,60.000003814697266,21.252199172973633,34.20000076293945,70.55026245117188,998.0386962890625,
55.69_37.48,2022-04-18 15:00:00,9.949999809265137,5.069009780883789,none,0.0,3.0,15.89309310913086,30.23999786376953,39.66826248168945,999.5076904296875,
55.69_37.48,2022-04-27 17:00:00,9.199999809265137,3.59849214553833,none,0.0,0.0,22.238561630249023,39.599998474121094,46.783512115478516,996.8844604492188,
55.69_37.48,2022-07-25 12:00:00,23.5,25.456897735595703,none,0.0,0.0,8.31124496459961,22.68000030517578,69.5034408569336,989.8191528320312,
55.69_37.49,2022-06-29 12:00:00,21.0,20.33473014831543,none,0.0,0.0,10.002559661865234,25.919998168945312,39.90618896484375,1002.5291137695312,
55.69_37.53,2022-01-09 14:00:00,-5.949999809265137,-12.11116886138916,snow,0.10000000149011612,44.0,20.523155212402344,29.15999984741211,79.33084106445312,994.5894165039062,
55.69_37.53,2022-02-13 12:00:00,0.25,-6.309053897857666,none,0.0,58.999996185302734,27.741029739379883,38.15999984741211,80.26628112792969,996.1070556640625,
55.69_37.53,2022-03-09 21:00:00,-12.100000381469727,-17.953367233276367,none,0.0,51.0,15.277749061584473,23.399999618530273,74.24011993408203,1006.9135131835938,
55.69_37.53,2022-04-02 15:00:00,-0.10000000149011612,-5.578031539916992,snow,1.7999999523162842,36.0,21.817901611328125,36.36000061035156,92.6317367553711,976.8539428710938,
55.69_37.53,2022-07-07 22:00:00,20.100000381469727,19.532115936279297,none,0.0,0.0,11.709688186645508,28.440000534057617,65.99781799316406,992.959228515625,
55.69_37.54,2022-01-08 12:00:00,-5.650000095367432,-11.884659767150879,none,0.0,44.0,20.969804763793945,27.719999313354492,76.93601989746094,995.2235717773438,
55.69_37.54,2022-01-21 21:00:00,-7.5,-12.898669242858887,snow,0.30000001192092896,58.0,15.379205703735352,21.239999771118164,90.3995361328125,973.7537231445312,
55.69_37.54,2022-03-07 22:00:00,-2.6500000953674316,-6.0519304275512695,snow,0.10000000149011612,49.0,5.315336227416992,8.640000343322754,92.82666778564453,985.7979736328125,
55.69_37.54,2022-04-01 12:00:00,1.2000000476837158,-4.038495063781738,none,0.0,34.0,19.694992065429688,34.20000076293945,81.29632568359375,988.1913452148438,
55.69_37.54,2022-04-29 10:00:00,7.0,2.0889949798583984,none,0.0,0.0,14.830076217651367,29.15999984741211,43.12871551513672,1000.0220947265625,
55.69_37.54,2022-05-02 21:00:00,8.449999809265137,5.628168106079102,none,0.0,0.0,7.1003098487854,10.440000534057617,64.09683990478516,989.7063598632812,
55.69_37.54,2022-06-26 16:00:00,30.100000381469727,29.921905517578125,none,0.0,0.0,5.315336227416992,13.679999351501465,32.749412536621094,998.3026123046875,
55.69_37.55,2022-02-16 13:00:00,-1.7000000476837158,-7.428886890411377,none,0.0,58.0,20.2753849029541,28.799999237060547,78.78057861328125,993.7611694335938,
55.69_37.55,2022-03-13 15:00:00,1.2000000476837158,-3.2231717109680176,none,0.0,50.0,12.324414253234863,24.84000015258789,70.09455108642578,1002.1263427734375,
55.69_37.55,2022-03-22 06:00:00,-3.299999952316284,-7.849811553955078,none,0.0,43.0,11.885453224182129,18.719999313354492,86.04393005371094,1009.7645874023438,
55.69_37.55,2022-06-26 16:00:00,29.850000381469727,30.285587310791016,none,0.0,0.0,4.735060214996338,14.399999618530273,33.005088806152344,998.802490234375,
55.69_37.55,2022-07-06 15:00:00,29.200000762939453,28.316543579101562,none,0.0,0.0,12.229406356811523,23.759998321533203,35.411685943603516,992.0586547851562,
55.69_37.55,2022-07-20 20:00:00,15.449999809265137,13.83441162109375,rain,0.10000000149011612,0.0,13.830748558044434,28.440000534057617,76.30789947509766,983.710205078125,
55.69_37.56,2022-01-16 22:00:00,-7.199999809265137,-13.557380676269531,none,0.0,55.0,21.924562454223633,30.23999786376953,87.98804473876953,981.96728515625,
55.69_37.56,2022-03-10 00:00:00,-14.75,-20.187358856201172,none,0.0,51.0,11.792404174804688,19.799999237060547,78.55073547363281,1009.4019775390625,
55.69_37.56,2022-04-18 11:00:00,7.849999904632568,3.348019599914551,none,0.0,5.0,17.076297760009766,34.560001373291016,49.043582916259766,996.8341064453125,
55.69_37.56,2022-04-26 13:00:00,15.199999809265137,12.270528793334961,none,0.0,0.0,13.698933601379395,26.639999389648438,55.31747817993164,984.83447265625,
55.69_37.57,2022-01-28 13:00:00,-6.0,-13.683021545410156,snow,0.10000000149011612,60.000003814697266,31.5590877532959,46.79999923706055,86.07987976074219,981.4691772460938,
55.69_37.57,2022-02-27 16:00:00,-1.7000000476837158,-6.381537437438965,none,0.0,51.0,11.96695327758789,24.119998931884766,70.02286529541016,1010.6575927734375,
55.69_37.57,2022-03-01 18:00:00,-4.050000190734863,-8.766064643859863,none,0.0,51.0,10.58791732788086,12.59999942779541,68.44841003417969,1007.9826049804688,
55.69_37.57,2022-04-06 21:00:00,-1.649999976158142,-6.406055450439453,none,0.0,44.0,14.5610990524292,32.39999771118164,85.89934539794922,981.5887451171875,
55.69_37.57,2022-05-03 19:00:00,13.600000381469727,8.706853866577148,none,0.0,0.0,21.24304962158203,41.03999710083008,45.3781623840332,983.5435180664062,
55.69_37.57,2022-06-03 14:00:00,19.100000381469727,17.071876525878906,rain,0.10000000149011612,0.0,25.623300552368164,46.07999801635742,77.63059997558594,993.7301025390625,
55.69_37.57,2022-06-22 19:00:00,18.850000381469727,16.273025512695312,none,0.0,0.0,17.57744026184082,31.68000030517578,56.05967712402344,984.1151123046875,
55.69_37.58,2022-01-18 15:00:00,-5.75,-12.799429893493652,none,0.0,57.0,26.999998092651367,46.79999923706055,82.1928939819336,982.9718017578125,
55.69_37.58,2022-06-30 20:00:00,23.149999618530273,19.464202880859375,none,0.0,0.0,18.250259399414062,33.47999954223633,32.78860855102539,996.1690673828125,
55.69_37.58,2022-07-05 19:00:00,27.149999618530273,26.60235595703125,none,0.0,0.0,10.587918281555176,25.19999885559082,42.04750442504883,993.8933715820312,
55.69_37.59,2022-05-17 09:00:00,8.5,4.218751907348633,rain,0.4000000059604645,0.0,23.928491592407227,46.439998626708984,89.6717529296875,981.6203002929688,
55.69_37.6,2022-02-04 14:00:00,-6.75,-11.265804290771484,none,0.0,62.0,9.5042724609375,10.799999237060547,87.34851837158203,992.8810424804688,
55.69_37.6,2022-03-06 21:00:00,-3.6500000953674316,-9.482711791992188,none,0.0,49.0,19.3865909576416,32.03999710083008,76.68247985839844,989.7330932617188,
55.69_37.6,2022-03-19 16:00:00,3.5,-0.01717853546142578,none,0.0,48.0,7.2448601722717285,9.0,65.5539779663086,1022.0719604492188,
55.69_37.6,2022-04-01 19:00:00,1.0499999523162842,-4.615996360778809,none,0.0,34.0,20.3168888092041,36.0,67.48497009277344,991.87158203125,
55.69_37.6,2022-04-15 15:00:00,8.800000190734863,5.340627670288086,none,0.0,10.0,8.534353256225586,20.51999855041504,51.711692810058594,994.9371948242188,
55.69_37.6,2022-05-09 19:00:00,7.449999809265137,1.941056251525879,none,0.0,0.0,22.89611053466797,39.959999084472656,57.92737579345703,1002.19482421875,
55.69_37.6,2022-06-23 14:00:00,22.5,21.150558471679688,none,0.0,0.0,17.877180099487305,35.279998779296875,42.86076354980469,992.5299682617188,
55.69_37.6,2022-06-30 09:00:00,21.700000762939453,19.038942337036133,none,0.0,0.0,16.676977157592773,33.47999954223633,38.23057556152344,998.9368286132812,
55.69_37.61,2022-01-11 09:00:00,-9.850000381469727,-16.69717025756836,none,0.0,52.999996185302734,23.770906448364258,35.63999938964844,86.33814239501953,1007.272216796875,
55.69_37.61,2022-04-25 20:00:00,11.5,9.24069595336914,none,0.0,0.0,10.805998802185059,18.0,75.6599349975586,989.29833984375,
55.69_37.62,2022-02-22 19:00:00,2.0,-4.755717754364014,rain,0.10000000149011612,54.000003814697266,30.631746292114258,48.599998474121094,79.93251037597656,979.3037109375,
55.69_37.62,2022-05-06 21:00:00,8.0,3.6523399353027344,none,0.0,0.0,14.372974395751953,23.759998321533203,53.605369567871094,1009.189208984375,
55.69_37.62,2022-05-29 02:00:00,6.650000095367432,3.2661075592041016,none,0.0,0.0,15.294703483581543,25.919998168945312,91.095703125,989.447021484375,
55.69_37.62,2022-06-10 19:00:00,23.899999618530273,22.868999481201172,none,0.0,0.0,10.00903606414795,25.919998168945312,45.459529876708984,997.1243286132812,
55.69_37.62,2022-06-13 23:00:00,14.449999809265137,14.581428527832031,none,0.0,0.0,7.412853240966797,9.0,95.56641387939453,993.1529541015625,
55.69_37.62,2022-06-27 22:00:00,24.850000381469727,25.015104293823242,none,0.0,0.0,11.753875732421875,18.719999313354492,56.266475677490234,1001.2922973632812,
55.69_37.62,2022-07-08 07:00:00,17.649999618530273,17.227766036987305,none,0.0,0.0,9.885261535644531,20.51999855041504,75.17424011230469,1001.3629150390625,
55.69_37.62,2022-07-10 01:00:00,16.899999618530273,17.722394943237305,none,0.0,0.0,8.647496223449707,15.84000015258789,94.73721313476562,995.51220703125,
55.69_37.62,2022-07-30 10:00:00,20.350000381469727,19.150827407836914,none,0.0,0.0,12.429126739501953,26.639999389648438,49.38883590698242,1003.2974853515625,
55.69_37.66,2022-04-05 13:00:00,2.049999952316284,-3.851128578186035,none,0.0,46.0,25.671306610107422,37.439998626708984,69.23274230957031,987.0318603515625,
55.69_37.67,2022-02-28 05:00:00,-8.399999618530273,-13.50451374053955,none,0.0,52.0,12.849528312683105,17.639999389648438,90.3292465209961,1019.3504028320312,
55.69_37.67,2022-03-17 14:00:00,-0.5,-4.996131896972656,none,0.0,49.0,7.2448601722717285,18.719999313354492,39.55944061279297,1027.9794921875,
55.69_37.67,2022-05-23 16:00:00,13.75,7.659005165100098,none,0.0,0.0,23.933908462524414,39.599998474121094,30.193727493286133,989.0093994140625,
55.69_37.67,2022-05-29 12:00:00,13.25,9.137619972229004,rain,0.20000000298023224,0.0,22.12755584716797,39.599998474121094,63.62876510620117,995.0137329101562,
55.69_37.68,2022-01-19 09:00:00,-9.350000381469727,-14.497897148132324,none,0.0,57.0,12.239999771118164,20.15999984741211,84.68655395507812,1000.3438110351562,
55.69_37.68,2022-02-17 19:00:00,1.2999999523162842,-6.6981000900268555,rain,0.10000000149011612,58.0,40.80882263183594,54.71999740600586,94.40387725830078,976.05517578125,
55.69_37.69,2022-01-19 19:00:00,-9.149999618530273,-14.803399085998535,snow,0.10000000149011612,57.0,16.05535316467285,30.599998474121094,88.14830780029297,996.9451293945312,
55.69_37.7,2022-07-25 18:00:00,26.200000762939453,26.567764282226562,none,0.0,0.0,6.608721733093262,16.919998168945312,47.30012130737305,992.4601440429688,
55.69_37.72,2022-02-25 15:00:00,1.7999999523162842,-3.0948545932769775,none,0.0,52.999996185302734,16.73516082763672,35.279998779296875,74.23299407958984,1003.0491943359375,
55.69_37.72,2022-03-02 10:00:00,-5.800000190734863,-9.474007606506348,none,0.0,51.0,3.976329803466797,9.720000267028809,83.79788970947266,1010.879638671875,
55.69_37.73,2022-02-22 14:00:00,3.0,-2.5378987789154053,none,0.0,54.000003814697266,23.09056854248047,40.68000030517578,78.92385864257812,980.9891357421875,
55.69_37.73,2022-04-09 12:00:00,9.699999809265137,5.759695053100586,none,0.0,36.0,14.00302791595459,29.8799991607666,56.24285125732422,989.3920288085938,
55.69_37.74,2022-04-08 08:00:00,5.0,0.48799705505371094,none,0.0,44.0,18.448022842407227,30.23999786376953,80.08041381835938,984.041259765625,
55.69_37.74,2022-04-09 08:00:00,4.650000095367432,0.24962949752807617,none,0.0,38.0,19.164716720581055,32.03999710083008,89.36500549316406,985.4436645507812,
55.69_37.75,2022-04-24 23:00:00,8.699999809265137,6.843481063842773,rain,0.20000000298023224,0.0,9.064568519592285,16.19999885559082,95.04247283935547,994.2782592773438,
55.69_37.75,2022-06-20 17:00:00,20.450000762939453,17.06333351135254,none,0.0,0.0,16.74677276611328,32.03999710083008,39.61221694946289,991.0337524414062,
55.69_37.75,2022-08-08 08:00:00,,,,,,,,,,
55.69_37.76,2022-01-12 22:00:00,-15.550000190734863,-21.068649291992188,none,0.0,52.999996185302734,12.287554740905762,18.0,82.50432586669922,1006.5071411132812,
55.69_37.76,2022-06-02 17:00:00,24.75,24.40828514099121,none,0.0,0.0,9.779816627502441,20.15999984741211,49.26369094848633,1002.0078125,
55.69_37.82,2022-02-11 20:00:00,-2.25,-7.40383768081665,none,0.0,61.0,16.919998168945312,29.15999984741211,86.80642700195312,992.8079833984375,
55.69_37.82,2022-07-03 16:00:00,29.549999237060547,27.5084285736084,none,0.0,0.0,14.764389038085938,29.51999855041504,26.755374908447266,999.0975952148438,
55.69_37.83,2022-02-05 22:00:00,-11.25,-16.217700958251953,none,0.0,61.0,10.464797973632812,16.19999885559082,89.73896789550781,991.81591796875,
55.69_37.83,2022-08-01 09:00:00,19.600000381469727,19.210220336914062,none,0.0,0.0,6.162207126617432,16.19999885559082,60.1037483215332,1002.2542114257812,
55.69_37.85,2022-01-15 14:00:00,-2.049999952316284,-8.800033569335938,snow,0.10000000149011612,56.0,27.162708282470703,50.7599983215332,79.92646789550781,974.8053588867188,
55.69_37.85,2022-01-16 21:00:00,-6.25,-12.359228134155273,none,0.0,55.0,20.491559982299805,32.03999710083008,84.7249526977539,988.3043212890625,
55.69_37.85,2022-01-21 01:00:00,-3.299999952316284,-9.32864761352539,snow,0.20000000298023224,56.0,22.36640167236328,36.36000061035156,89.0233154296875,983.4234619140625,
55.69_37.85,2022-05-20 08:00:00,7.650000095367432,3.3169102668762207,none,0.0,0.0,15.62997055053711,30.96000099182129,60.33442306518555,1000.8872680664062,
55.69_37.86,2022-03-10 14:00:00,-6.550000190734863,-12.54295825958252,none,0.0,48.0,16.74677276611328,29.51999855041504,53.69302749633789,1018.6943969726562,
55.69_37.86,2022-05-12 20:00:00,13.699999809265137,11.768556594848633,rain,1.7000000476837158,0.0,18.51114273071289,39.959999084472656,92.16130065917969,978.4214477539062,
55.69_37.86,2022-05-29 00:00:00,6.949999809265137,3.7225537300109863,none,0.0,0.0,13.783817291259766,23.03999900817871,87.39701080322266,988.7333374023438,
55.69_37.86,2022-06-27 23:00:00,23.149999618530273,23.79296875,none,0.0,0.0,6.6380720138549805,18.35999870300293,59.57614517211914,1001.0671997070312,
55.69_37.86,2022-06-29 19:00:00,22.5,20.013839721679688,none,0.0,0.0,6.287129878997803,16.19999885559082,28.341510772705078,1003.0323486328125,
55.69_37.92,2022-02-14 08:00:00,-3.549999952316284,-9.707825660705566,none,0.0,58.0,22.473342895507812,35.279998779296875,83.75715637207031,1000.7186889648438,
55.69_37.94,2022-05-21 05:00:00,2.549999952316284,-0.4355471134185791,none,0.0,0.0,5.692099094390869,10.079999923706055,82.07646179199219,998.4866333007812,
55.69_37.94,2022-06-22 00:00:00,14.899999618530273,13.51535415649414,rain,0.30000001192092896,0.0,10.29625129699707,17.639999389648438,74.21517181396484,984.8749389648438,
55.6_37.17,2022-06-10 23:00:00,16.149999618530273,15.218204498291016,none,0.0,0.0,7.895416259765625,12.239999771118164,70.11917877197266,992.2376708984375,
55.6_37.2,2022-02-15 15:00:00,0.6000000238418579,-3.983621120452881,none,0.0,54.000003814697266,13.217443466186523,28.440000534057617,71.83197784423828,998.251953125,
55.6_37.25,2022-03-02 07:00:00,-11.550000190734863,-16.791542053222656,none,0.0,45.0,12.015588760375977,14.399999618530273,86.50115203857422,1000.0679321289062,
55.6_37.3,2022-05-02 17:00:00,12.199999809265137,7.994829177856445,none,0.0,0.0,13.246826171875,30.599998474121094,40.04121398925781,990.8594970703125,
55.6_37.31,2022-02-28 09:00:00,-5.400000095367432,-10.255688667297363,none,0.0,45.0,12.849528312683105,23.03999900817871,89.18110656738281,1010.9863891601562,
55.6_37.32,2022-04-21 13:00:00,5.349999904632568,0.707089900970459,rain,1.0,0.0,21.746503829956055,45.36000061035156,89.42176055908203,998.2296142578125,
55.6_37.32,2022-07-11 17:00:00,27.75,25.845008850097656,rain,0.699999988079071,0.0,23.44150161743164,67.31999969482422,44.601783752441406,986.5616455078125,
55.6_37.32,2022-07-19 10:00:00,17.350000381469727,14.483089447021484,rain,0.10000000149011612,0.0,18.998315811157227,40.31999969482422,60.16996383666992,991.8553466796875,
55.6_37.33,2022-01-01 21:00:00,-3.6500000953674316,-8.73202133178711,snow,0.20000000298023224,38.0,15.646544456481934,28.799999237060547,89.33045196533203,980.3892822265625,
55.6_37.33,2022-01-20 16:00:00,-3.4000000953674316,-8.795309066772461,none,0.0,52.0,18.37411117553711,34.20000076293945,92.78326416015625,981.267822265625,
55.6_37.33,2022-03-20 15:00:00,8.75,3.958484649658203,none,0.0,41.0,15.986595153808594,32.39999771118164,45.63145446777344,1011.8336181640625,
55.6_37.33,2022-05-17 18:00:00,10.350000381469727,7.01158332824707,rain,1.2000000476837158,0.0,17.87355613708496,39.959999084472656,80.55574035644531,981.69091796875,
55.6_37.33,2022-05-22 21:00:00,5.849999904632568,0.8460235595703125,none,0.0,0.0,16.56391143798828,29.51999855041504,51.654232025146484,982.9602661132812,
55.6_37.33,2022-07-25 08:00:00,21.100000381469727,23.254108428955078,none,0.0,0.0,5.052840709686279,15.480000495910645,82.22335052490234,987.32470703125,
55.6_37.34,2022-01-14 22:00:00,-1.9500000476837158,-8.915273666381836,none,0.0,52.0,29.024127960205078,54.36000061035156,82.39045715332031,954.7805786132812,
55.6_37.34,2022-07-01 09:00:00,18.700000762939453,15.333660125732422,none,0.0,0.0,17.377225875854492,37.79999923706055,37.895809173583984,996.2425537109375,
55.6_37.35,2022-01-16 15:00:00,-3.200000047683716,-8.039627075195312,none,0.0,51.0,12.979984283447266,25.919998168945312,77.64692687988281,985.0557250976562,
55.6_37.35,2022-04-12 12:00:00,8.350000381469727,5.662317276000977,none,0.0,9.0,11.808877944946289,25.19999885559082,86.0333023071289,986.13818359375,
55.6_37.36,2022-03-07 17:00:00,-2.950000047683716,-6.659438133239746,snow,0.10000000149011612,43.0,6.618518829345703,16.559999465942383,88.05300903320312,986.603271484375,
55.6_37.36,2022-05-09 18:00:00,7.550000190734863,2.375088691711426,none,0.0,0.0,19.995399475097656,46.79999923706055,55.07185363769531,998.0562133789062,
55.6_37.37,2022-01-31 17:00:00,-1.399999976158142,-6.041638374328613,snow,0.10000000149011612,58.999996185302734,14.458381652832031,26.639999389648438,89.51805114746094,968.8543090820312,
55.6_37.37,2022-03-26 00:00:00,2.0999999046325684,-2.2931065559387207,none,0.0,28.0,14.98222827911377,27.0,82.6164779663086,989.4683837890625,
55.6_37.4,2022-02-11 09:00:00,-1.0,-6.07897424697876,none,0.0,57.0,17.90253448486328,29.8799991607666,90.21605682373047,982.258544921875,
55.6_37.41,2022-06-15 10:00:00,15.149999618530273,10.670138359069824,none,0.0,0.0,26.366159439086914,49.68000030517578,60.46092224121094,987.8887329101562,
55.6_37.41,2022-07-07 01:00:00,21.0,21.673358917236328,none,0.0,0.0,11.631956100463867,19.799999237060547,76.68978881835938,990.5650634765625,
55.6_37.41,2022-07-13 07:00:00,19.399999618530273,19.457813262939453,none,0.0,0.0,7.4215898513793945,17.639999389648438,68.92656707763672,992.2927856445312,
55.6_37.47,2022-01-17 11:00:00,-3.0999999046325684,-9.619513511657715,snow,0.10000000149011612,52.0,25.809764862060547,43.91999816894531,88.37171173095703,963.2534790039062,
55.6_37.47,2022-03-05 17:00:00,-1.899999976158142,-7.548608779907227,none,0.0,44.0,19.164718627929688,37.07999801635742,75.53211975097656,991.6016235351562,
55.6_37.47,2022-03-15 13:00:00,-2.0999999046325684,-6.481478691101074,none,0.0,43.0,11.04326057434082,21.599998474121094,74.63876342773438,1009.7553100585938,
55.6_37.47,2022-08-03 09:00:00,23.200000762939453,23.3096866607666,none,0.0,0.0,9.779816627502441,21.959999084472656,58.63554000854492,994.2619018554688,
55.6_37.48,2022-02-27 12:00:00,-2.4000000953674316,-8.022951126098633,none,0.0,45.0,19.586116790771484,39.23999786376953,83.26872253417969,1006.8629150390625,
55.6_37.48,2022-04-04 15:00:00,3.3499999046325684,-0.29672741889953613,none,0.0,39.0,5.351784706115723,14.75999927520752,38.875091552734375,978.9780883789062,
55.6_37.48,2022-07-07 15:00:00,27.299999237060547,26.868656158447266,rain,0.5,0.0,17.193532943725586,35.279998779296875,50.25722122192383,988.5390625,
55.6_37.5,2022-03-10 23:00:00,-10.550000190734863,-15.704352378845215,none,0.0,45.0,11.090103149414062,23.399999618530273,74.84233093261719,1008.69677734375,
55.6_37.5,2022-03-11 10:00:00,-6.75,-10.951786041259766,none,0.0,45.0,5.447788238525391,12.59999942779541,65.706787109375,1004.5428466796875,
55.6_37.5,2022-03-15 13:00:00,-2.0999999046325684,-6.705495834350586,none,0.0,43.0,12.303365707397461,24.84000015258789,73.78955841064453,1007.2553100585938,
55.6_37.5,2022-03-24 22:00:00,-2.299999952316284,-7.027026653289795,none,0.0,30.000001907348633,11.019763946533203,13.319999694824219,62.965736389160156,990.1314697265625,
55.6_37.5,2022-04-22 23:00:00,5.5,3.149907112121582,none,0.0,0.0,5.692099571228027,10.440000534057617,86.95191955566406,990.4739990234375,
55.6_37.5,2022-05-16 23:00:00,7.75,3.649840831756592,rain,0.10000000149011612,0.0,16.981164932250977,30.96000099182129,71.65634155273438,979.0831298828125,
55.6_37.51,2022-01-25 02:00:00,-10.600000381469727,-15.135778427124023,none,0.0,55.0,7.920000076293945,14.039999961853027,91.6102523803711,1002.7938842773438,
55.6_37.51,2022-02-03 14:00:00,-5.150000095367432,-9.326850891113281,none,0.0,58.999996185302734,8.161764144897461,11.159998893737793,87.17211151123047,984.5589599609375,
55.6_37.51,2022-02-04 06:00:00,-7.300000190734863,-11.30976676940918,none,0.0,58.999996185302734,6.214563369750977,12.59999942779541,93.273193359375,986.0109252929688,
55.6_37.51,2022-06-22 23:00:00,15.649999618530273,13.285707473754883,none,0.0,0.0,15.072783470153809,26.639999389648438,66.14448547363281,982.0758666992188,
55.6_37.51,2022-08-07 23:00:00,18.950000762939453,19.570932388305664,none,0.0,0.0,12.43433952331543,21.599998474121094,87.9022445678711,993.6697387695312,
55.6_37.52,2022-05-11 19:00:00,14.199999809265137,10.722883224487305,none,0.0,0.0,11.592893600463867,25.919998168945312,43.801429748535156,982.0184326171875,
55.6_37.52,2022-07-19 17:00:00,20.049999237060547,16.618040084838867,none,0.0,0.0,18.17554473876953,37.07999801635742,42.60491180419922,988.3532104492188,
55.6_37.53,2022-04-16 10:00:00,2.299999952316284,-3.3799006938934326,rain,0.20000000298023224,0.0,25.35637092590332,46.79999923706055,90.46531677246094,987.8001708984375,
55.6_37.54,2022-08-02 14:00:00,25.25,23.83165168762207,none,0.0,0.0,10.002559661865234,23.759998321533203,38.45998001098633,991.8673706054688,
55.6_37.59,2022-07-17 08:00:00,16.549999237060547,15.097795486450195,rain,0.8999999761581421,0.0,11.770402908325195,24.479999542236328,69.04126739501953,993.0286865234375,
55.6_37.6,2022-01-19 12:00:00,-9.899999618530273,-15.12170696258545,none,0.0,54.000003814697266,12.413476943969727,17.639999389648438,83.60664367675781,992.727783203125,
55.6_37.6,2022-04-06 23:00:00,-2.6500000953674316,-7.557903289794922,none,0.0,39.0,15.192682266235352,24.84000015258789,89.07942199707031,983.344970703125,
55.6_37.6,2022-04-19 17:00:00,12.0,8.466970443725586,none,0.0,0.0,15.379205703735352,32.39999771118164,60.7502326965332,995.857421875,
55.6_37.6,2022-05-20 03:00:00,5.349999904632568,1.7458815574645996,none,0.0,0.0,12.522619247436523,21.239999771118164,79.5619125366211,995.5631103515625,
55.6_37.6,2022-06-16 08:00:00,18.0,16.343393325805664,none,0.0,0.0,13.896186828613281,30.23999786376953,64.47456359863281,992.93310546875,
55.6_37.6,2022-06-23 06:00:00,15.199999809265137,12.975513458251953,none,0.0,0.0,14.973575592041016,27.719999313354492,70.1687240600586,989.0631713867188,
55.6_37.61,2022-01-29 17:00:00,-5.400000095367432,-8.454671859741211,snow,0.10000000149011612,58.999996185302734,0.8049845099449158,2.879999876022339,92.31180572509766,984.2189331054688,
55.6_37.61,2022-03-14 13:00:00,2.200000047683716,-2.0529825687408447,none,0.0,46.0,14.021525382995605,24.119998931884766,82.0299072265625,1003.72802734375,
55.6_37.61,2022-03-24 19:00:00,2.1500000953674316,-1.9416298866271973,none,0.0,31.0,8.78872013092041,10.079999923706055,58.06084442138672,994.5325317382812,
55.6_37.61,2022-04-02 19:00:00,-0.75,-6.454239368438721,snow,0.699999988079071,34.0,22.932876586914062,39.23999786376953,93.965576171875,975.2348022460938,
55.6_37.61,2022-04-21 13:00:00,5.599999904632568,0.5977187156677246,rain,1.2999999523162842,0.0,24.1441650390625,43.560001373291016,87.57601928710938,996.836669921875,
55.6_37.61,2022-08-05 17:00:00,29.100000381469727,27.538082122802734,none,0.0,0.0,12.889809608459473,23.399999618530273,32.68804931640625,1001.4228515625,
55.6_37.62,2022-05-15 18:00:00,14.149999618530273,10.4281587600708,none,0.0,0.0,14.007655143737793,27.0,45.85965347290039,983.7391967773438,
55.6_37.62,2022-05-20 13:00:00,11.350000381469727,8.534443855285645,none,0.0,0.0,9.44957160949707,25.919998168945312,40.08391571044922,997.8270874023438,
55.6_37.62,2022-07-30 17:00:00,22.649999618530273,19.977909088134766,none,0.0,0.0,9.53150463104248,23.03999900817871,31.094051361083984,997.8018798828125,
55.6_37.64,2022-04-22 17:00:00,10.75,8.820072174072266,none,0.0,0.0,3.826852560043335,6.839999675750732,64.16907501220703,998.4388427734375,
55.6_37.65,2022-04-06 12:00:00,1.2000000476837158,-3.0294229984283447,none,0.0,40.0,15.484185218811035,27.35999870300293,64.53731536865234,980.7835693359375,
55.6_37.65,2022-05-09 22:00:00,4.699999809265137,-0.30054664611816406,none,0.0,0.0,18.847640991210938,32.39999771118164,67.2851791381836,1001.0972290039062,
55.6_37.66,2022-05-17 14:00:00,12.0,7.633292198181152,rain,0.30000001192092896,0.0,23.09056854248047,46.79999923706055,66.72095489501953,984.540771484375,
55.6_37.67,2022-05-22 14:00:00,11.399999618530273,7.3773956298828125,none,0.0,0.0,19.64228057861328,39.959999084472656,40.992130279541016,984.7360229492188,
55.6_37.67,2022-05-31 11:00:00,14.5,12.957145690917969,rain,0.5,0.0,16.299694061279297,31.68000030517578,88.66163635253906,1000.5372314453125,
55.6_37.67,2022-07-16 13:00:00,21.600000381469727,19.790481567382812,rain,0.10000000149011612,0.0,16.583459854125977,33.839996337890625,45.430423736572266,994.1088256835938,
55.6_37.67,2022-07-20 09:00:00,15.949999809265137,14.790924072265625,rain,0.30000001192092896,0.0,13.55150032043457,32.03999710083008,80.51388549804688,988.3078002929688,
55.6_37.67,2022-07-30 23:00:00,15.199999809265137,13.777236938476562,none,0.0,0.0,7.235910415649414,11.519999504089355,64.72268676757812,999.8612060546875,
55.6_37.71,2022-04-18 21:00:00,4.75,0.5095515251159668,none,0.0,1.0,12.43433952331543,21.959999084472656,61.1721076965332,997.0867919921875,
55.6_37.71,2022-05-31 18:00:00,16.25,17.167245864868164,rain,0.6000000238418579,0.0,3.7585103511810303,13.679999351501465,89.09320068359375,999.3814086914062,
55.6_37.71,2022-07-13 14:00:00,24.25,22.983306884765625,none,0.0,0.0,16.41852569580078,33.839996337890625,45.8571891784668,990.9898681640625,
55.6_37.72,2022-02-23 15:00:00,0.949999988079071,-4.188766956329346,none,0.0,50.0,18.775300979614258,32.03999710083008,81.2616195678711,987.32373046875,
55.6_37.72,2022-07-02 21:00:00,20.350000381469727,18.49757957458496,none,0.0,0.0,7.1003098487854,15.119998931884766,41.394039154052734,997.3794555664062,
55.6_37.73,2022-01-31 14:00:00,-1.399999976158142,-5.911117076873779,snow,0.10000000149011612,61.0,13.783817291259766,24.479999542236328,91.1941909790039,970.3137817382812,
55.6_37.73,2022-06-15 06:00:00,13.449999809265137,10.246206283569336,none,0.0,0.0,20.364673614501953,36.0,74.96664428710938,989.151123046875,
55.6_37.73,2022-07-06 14:00:00,28.899999618530273,30.53028106689453,rain,0.10000000149011612,0.0,9.164103507995605,24.479999542236328,46.371253967285156,993.4361572265625,
55.6_37.73,2022-07-31 23:00:00,17.149999618530273,14.978570938110352,none,0.0,0.0,10.703569412231445,21.239999771118164,53.58598709106445,996.7244873046875,
55.6_37.74,2022-03-13 06:00:00,-7.099999904632568,-11.153762817382812,none,0.0,47.0,6.608721733093262,10.799999237060547,92.92317199707031,1006.1781616210938,
55.6_37.74,2022-03-20 16:00:00,4.400000095367432,0.6025075912475586,none,0.0,42.0,10.00903606414795,18.35999870300293,65.75773620605469,1011.7621459960938,
55.6_37.74,2022-05-18 09:00:00,11.300000190734863,7.590498924255371,none,0.0,0.0,17.163354873657227,33.47999954223633,65.42340087890625,990.94189453125,
55.6_37.74,2022-05-19 13:00:00,10.899999618530273,7.046808242797852,none,0.0,0.0,18.440998077392578,34.20000076293945,68.12315368652344,993.2798461914062,
55.6_37.74,2022-06-24 19:00:00,24.299999237060547,22.61513900756836,none,0.0,0.0,13.755579948425293,25.559999465942383,43.36369705200195,993.7982177734375,
55.6_37.74,2022-06-25 18:00:00,26.899999618530273,25.65845489501953,none,0.0,0.0,13.849475860595703,22.68000030517578,40.89274215698242,997.0120849609375,
55.6_37.74,2022-06-28 00:00:00,21.049999237060547,21.59901237487793,none,0.0,0.0,7.4215898513793945,12.239999771118164,67.92723083496094,997.5609741210938,
55.71_37.02,2022-05-20 09:00:00,7.75,3.701418876647949,none,0.0,0.0,12.574259757995605,29.15999984741211,55.52854919433594,997.7510986328125,
55.71_37.03,2022-08-06 11:00:00,26.350000381469727,28.285587310791016,none,0.0,0.0,11.681986808776855,27.0,62.437618255615234,1000.8553466796875,
55.71_37.08,2022-02-06 23:00:00,-4.449999809265137,-8.85086441040039,snow,0.10000000149011612,60.000003814697266,10.495713233947754,16.919998168945312,90.2880859375,984.399658203125,
55.71_37.08,2022-02-22 15:00:00,3.3499999046325684,-1.9251940250396729,none,0.0,48.0,20.188907623291016,41.03999710083008,71.05257415771484,977.4262084960938,
55.71_37.08,2022-04-14 09:00:00,4.5,-0.13105201721191406,none,0.0,4.0,16.873979568481445,34.560001373291016,71.02165985107422,1002.4107666015625,
55.71_37.39,2022-01-28 17:00:00,-6.150000095367432,-12.067953109741211,snow,0.10000000149011612,57.0,19.486608505249023,35.63999938964844,87.40853881835938,982.8171997070312,
55.71_37.39,2022-02-05 21:00:00,-10.350000381469727,-15.491052627563477,none,0.0,58.999996185302734,12.239999771118164,23.03999900817871,92.3619384765625,986.87255859375,
55.71_37.39,2022-02-11 09:00:00,-0.8500000238418579,-5.995260715484619,none,0.0,58.999996185302734,18.448022842407227,31.68000030517578,89.89484405517578,985.912353515625,
55.71_37.39,2022-03-19 16:00:00,4.650000095367432,1.0687904357910156,none,0.0,44.0,6.849466800689697,14.399999618530273,56.35557556152344,1020.3054809570312,
55.71_37.39,2022-03-21 12:00:00,5.0,0.797691822052002,none,0.0,41.0,13.97987174987793,29.51999855041504,68.08993530273438,1013.4659423828125,
55.71_37.39,2022-04-05 08:00:00,-0.8500000238418579,-6.196382999420166,none,0.0,41.0,18.486621856689453,34.560001373291016,80.10480499267578,982.6614990234375,
55.71_37.39,2022-04-30 15:00:00,7.0,2.0733413696289062,none,0.0,0.0,14.480772972106934,33.839996337890625,41.216156005859375,1003.3228149414062,
55.71_37.39,2022-05-16 21:00:00,8.399999618530273,4.591635704040527,none,0.0,0.0,14.168641090393066,29.15999984741211,65.469970703125,985.8796997070312,
55.71_37.39,2022-06-04 05:00:00,9.699999809265137,7.291893005371094,none,0.0,0.0,11.65977668762207,20.51999855041504,84.71279907226562,1000.869384765625,
55.71_37.39,2022-07-17 13:00:00,20.350000381469727,20.315753936767578,none,0.0,0.0,4.553679466247559,17.280000686645508,56.063560485839844,993.6513061523438,
55.71_37.4,2022-01-13 17:00:00,-10.050000190734863,-17.516569137573242,snow,0.10000000149011612,54.000003814697266,27.852928161621094,49.68000030517578,85.28372955322266,982.5921630859375,
55.71_37.4,2022-02-08 00:00:00,-0.6499999761581421,-5.3112616539001465,snow,0.10000000149011612,62.0,15.876774787902832,27.719999313354492,93.97041320800781,980.47265625,
55.71_37.4,2022-04-06 11:00:00,0.44999998807907104,-4.3189311027526855,none,0.0,41.0,15.79083251953125,32.39999771118164,67.35267639160156,979.0194702148438,
55.71_37.4,2022-04-08 14:00:00,12.25,7.110393524169922,none,0.0,33.0,24.365909576416016,50.03999710083008,53.78274154663086,978.6350708007812,
55.71_37.4,2022-05-17 00:00:00,7.849999904632568,3.9708642959594727,rain,0.30000001192092896,0.0,16.645864486694336,29.51999855041504,75.83443450927734,984.1032104492188,
55.71_37.4,2022-05-28 11:00:00,12.199999809265137,9.372516632080078,rain,0.30000001192092896,0.0,13.797911643981934,28.799999237060547,69.57705688476562,978.734375,
55.71_37.41,2022-04-13 13:00:00,6.199999809265137,1.415879726409912,none,0.0,10.0,21.542922973632812,41.39999771118164,79.12435913085938,997.5218505859375,
55.71_37.41,2022-04-14 14:00:00,10.199999809265137,5.594928741455078,none,0.0,6.0,16.343366622924805,34.91999816894531,39.30205154418945,999.9488525390625,
55.71_37.41,2022-04-27 09:00:00,9.600000381469727,6.628485679626465,none,0.0,0.0,11.17740535736084,23.399999618530273,70.02497100830078,992.0282592773438,
55.71_37.41,2022-05-08 11:00:00,16.350000381469727,12.061882019042969,none,0.0,0.0,24.442913055419922,54.36000061035156,50.16907501220703,999.9723510742188,
55.71_37.43,2022-04-27 18:00:00,9.050000190734863,3.782407760620117,none,0.0,0.0,20.140705108642578,39.23999786376953,47.957733154296875,997.7167358398438,
55.71_37.44,2022-01-14 22:00:00,-2.0999999046325684,-10.080448150634766,none,0.0,52.999996185302734,35.94595718383789,48.599998474121094,82.99369812011719,959.038330078125,
55.71_37.44,2022-06-07 14:00:00,18.950000762939453,16.49675941467285,none,0.0,0.0,13.830748558044434,27.0,42.29209899902344,999.0591430664062,
55.71_37.45,2022-07-17 19:00:00,20.350000381469727,19.63718032836914,none,0.0,0.0,2.9024126529693604,7.199999809265137,47.75330352783203,998.3873901367188,
55.71_37.46,2022-01-08 11:00:00,-6.050000190734863,-11.721222877502441,none,0.0,44.0,17.163354873657227,22.319997787475586,79.93794250488281,998.5358276367188,
55.71_37.46,2022-01-17 12:00:00,-3.049999952316284,-10.163393020629883,snow,0.10000000149011612,55.0,29.882169723510742,41.76000213623047,88.04362487792969,968.3905639648438,
55.71_37.46,2022-01-24 21:00:00,-8.649999618530273,-13.134831428527832,none,0.0,57.0,8.654986381530762,11.879999160766602,92.83250427246094,1013.0852661132812,
55.71_37.46,2022-03-12 20:00:00,-2.75,-6.746842384338379,none,0.0,51.0,8.825508117675781,16.919998168945312,88.73666381835938,1006.8428955078125,
55.71_37.46,2022-04-21 02:00:00,6.699999809265137,0.637174129486084,none,0.0,0.0,25.07109832763672,42.119998931884766,54.04261016845703,996.5342407226562,
55.71_37.47,2022-03-08 14:00:00,-4.550000190734863,-10.72142219543457,none,0.0,51.0,21.674869537353516,35.279998779296875,81.72417449951172,996.506103515625,
55.71_37.48,2022-04-08 15:00:00,12.100000381469727,6.898643493652344,none,0.0,39.0,24.724950790405273,50.39999771118164,54.12427520751953,978.9568481445312,
55.71_37.48,2022-05-11 12:00:00,15.100000381469727,10.498908996582031,none,0.0,0.0,23.806318283081055,43.19999694824219,42.07352828979492,988.9728393554688,
55.71_37.48,2022-07-26 20:00:00,23.799999237060547,26.738224029541016,none,0.0,0.0,5.315336227416992,15.119998931884766,77.84089660644531,990.1957397460938,
55.71_37.49,2022-08-09 15:00:00,,,,,,,,,,
55.71_37.5,2022-06-01 17:00:00,20.200000762939453,18.222864151000977,none,0.0,0.0,18.584508895874023,33.47999954223633,60.64253234863281,1002.4974975585938,
55.71_37.5,2022-07-05 16:00:00,29.200000762939453,28.679649353027344,none,0.0,0.0,9.346142768859863,19.440000534057617,36.23395538330078,995.6397094726562,
55.71_37.51,2022-03-10 09:00:00,-13.149999618530273,-18.96947479248047,none,0.0,51.0,14.685175895690918,23.399999618530273,74.03630065917969,1014.5808715820312,
55.71_37.51,2022-04-02 20:00:00,-0.800000011920929,-6.70217227935791,snow,0.6000000238418579,40.0,24.195106506347656,39.23999786376953,93.61834716796875,975.3253784179688,
55.71_37.51,2022-06-25 14:00:00,28.0,27.42742156982422,none,0.0,0.0,12.229406356811523,25.19999885559082,35.3094367980957,997.914306640625,
55.71_37.53,2022-01-17 09:00:00,-3.4000000953674316,-10.680577278137207,snow,0.30000001192092896,54.000003814697266,30.76051902770996,43.19999694824219,88.01074981689453,968.0523071289062,
55.71_37.53,2022-06-14 16:00:00,25.649999618530273,23.06022834777832,none,0.0,0.0,18.289274215698242,33.47999954223633,37.30628967285156,984.0615234375,
55.71_37.54,2022-01-29 22:00:00,-6.0,-10.478628158569336,none,0.0,60.000003814697266,10.29625129699707,12.959999084472656,93.70352172851562,979.819091796875,
55.71_37.54,2022-05-29 04:00:00,6.550000190734863,3.2526397705078125,none,0.0,0.0,15.072783470153809,24.119998931884766,93.3290023803711,984.43896484375,
55.71_37.56,2022-04-15 21:00:00,5.099999904632568,1.948312759399414,rain,0.5,9.0,10.538843154907227,18.0,86.29996490478516,991.8508911132812,
55.71_37.57,2022-06-27 19:00:00,28.399999618530273,28.631420135498047,none,0.0,0.0,11.681986808776855,25.919998168945312,46.08916473388672,999.33740234375,
55.71_37.58,2022-01-26 21:00:00,-6.349999904632568,-11.395124435424805,none,0.0,60.000003814697266,13.532360076904297,20.880001068115234,89.09874725341797,996.6776733398438,
55.71_37.58,2022-04-30 03:00:00,1.5,-2.722686767578125,none,0.0,0.0,14.489720344543457,24.84000015258789,90.40575408935547,1004.2669677734375,
55.71_37.58,2022-05-12 13:00:00,19.600000381469727,17.293720245361328,none,0.0,0.0,21.129884719848633,37.07999801635742,50.02334976196289,987.5101928710938,
55.71_37.58,2022-06-05 08:00:00,14.100000381469727,12.317060470581055,none,0.0,0.0,12.43433952331543,24.119998931884766,76.5999526977539,997.3582763671875,
55.71_37.58,2022-06-07 02:00:00,10.850000381469727,8.84253215789795,none,0.0,0.0,11.885453224182129,20.51999855041504,88.05460357666016,997.9949951171875,
55.71_37.58,2022-06-14 19:00:00,18.25,18.90127944946289,rain,3.0,0.0,10.5142183303833,43.19999694824219,88.40267944335938,989.3595581054688,
55.71_37.58,2022-06-29 18:00:00,23.049999237060547,20.130285263061523,none,0.0,0.0,8.55710220336914,19.440000534057617,26.36553192138672,1001.974853515625,
55.71_37.58,2022-08-12 21:00:00,,,,,,,,,,
55.71_37.59,2022-01-03 17:00:00,-8.449999809265137,-14.24736499786377,none,0.0,40.0,17.518356323242188,25.919998168945312,89.61687469482422,979.8114624023438,
55.71_37.59,2022-01-04 17:00:00,-9.050000190734863,-14.03044319152832,none,0.0,41.0,11.440978050231934,15.84000015258789,87.46107482910156,984.3038940429688,
55.71_37.59,2022-04-05 22:00:00,0.4000000059604645,-5.731452941894531,snow,0.10000000149011612,45.0,25.95996856689453,43.560001373291016,87.0738296508789,977.9209594726562,
55.71_37.59,2022-05-17 10:00:00,9.5,4.831620216369629,rain,0.20000000298023224,0.0,26.260265350341797,49.68000030517578,82.68168640136719,984.3968505859375,
55.71_37.59,2022-06-25 12:00:00,26.799999237060547,26.33563995361328,none,0.0,0.0,11.486200332641602,27.35999870300293,38.895912170410156,1000.768310546875,
55.71_37.59,2022-08-02 20:00:00,22.450000762939453,21.713794708251953,none,0.0,0.0,7.9932966232299805,12.959999084472656,49.623497009277344,997.4195556640625,
55.71_37.59,2022-08-04 15:00:00,29.399999618530273,28.409839630126953,none,0.0,0.0,7.145795822143555,15.119998931884766,30.257713317871094,1002.4308471679688,
55.71_37.6,2022-01-27 09:00:00,-9.600000381469727,-14.549572944641113,none,0.0,60.000003814697266,11.17740535736084,15.84000015258789,90.5936050415039,994.4327392578125,
55.71_37.6,2022-03-18 09:00:00,-6.75,-12.320646286010742,none,0.0,48.0,15.778515815734863,23.759998321533203,76.44409942626953,1025.388916015625,
55.71_37.6,2022-06-25 22:00:00,20.799999237060547,20.376441955566406,none,0.0,0.0,7.594207286834717,12.959999084472656,57.866233825683594,1000.8921508789062,
55.71_37.61,2022-02-08 19:00:00,-0.8500000238418579,-5.9534430503845215,none,0.0,63.0,18.161277770996094,27.35999870300293,89.89484405517578,989.1285400390625,
55.71_37.61,2022-05-17 18:00:00,11.699999809265137,7.706750869750977,none,0.0,0.0,21.470611572265625,42.119998931884766,70.92616271972656,987.0929565429688,
55.71_37.62,2022-01-04 06:00:00,-9.199999809265137,-13.655732154846191,none,0.0,41.0,8.049844741821289,10.440000534057617,91.3443832397461,985.0828247070312,
55.71_37.62,2022-02-22 23:00:00,1.2000000476837158,-5.123416900634766,rain,0.10000000149011612,54.000003814697266,27.666181564331055,42.839996337890625,84.6429214477539,980.6780395507812,
55.71_37.62,2022-04-06 15:00:00,1.899999976158142,-3.6775176525115967,none,0.0,44.0,19.242326736450195,29.51999855041504,60.69120407104492,982.6729736328125,
55.71_37.62,2022-05-16 16:00:00,13.149999618530273,7.91715145111084,rain,0.10000000149011612,0.0,24.162946701049805,43.560001373291016,45.08755111694336,988.6118774414062,
55.71_37.62,2022-08-08 01:00:00,,,,,,,,,,
55.71_37.63,2022-02-26 10:00:00,-1.0,-4.892915725708008,none,0.0,52.0,10.182336807250977,18.35999870300293,93.2638931274414,1003.4815063476562,
55.71_37.63,2022-03-20 18:00:00,3.299999952316284,-0.9173440933227539,none,0.0,46.0,12.413476943969727,18.35999870300293,68.4776840209961,1017.8068237304688,
55.71_37.63,2022-06-22 13:00:00,20.049999237060547,17.046977996826172,none,0.0,0.0,22.039527893066406,38.519996643066406,52.378971099853516,987.9423217773438,
55.71_37.63,2022-06-30 17:00:00,24.5,20.18833351135254,none,0.0,0.0,22.691425323486328,39.23999786376953,30.440975189208984,1000.5642700195312,
55.71_37.63,2022-07-18 07:00:00,16.200000762939453,16.688568115234375,none,0.0,0.0,1.7999999523162842,9.359999656677246,78.20707702636719,1001.3314208984375,
55.71_37.63,2022-07-31 05:00:00,12.850000381469727,13.40342903137207,none,0.0,0.0,0.35999998450279236,5.039999961853027,94.2627182006836,1003.9546508789062,
55.71_37.64,2022-06-17 18:00:00,16.5,15.58987808227539,none,0.0,0.0,11.50311279296875,19.079999923706055,76.9797592163086,997.6087036132812,
55.71_37.64,2022-06-20 17:00:00,20.600000381469727,17.348461151123047,none,0.0,0.0,15.509273529052734,28.079999923706055,38.709739685058594,990.1058349609375,
55.71_37.65,2022-01-17 08:00:00,-3.6500000953674316,-11.408151626586914,snow,0.4000000059604645,56.0,33.847660064697266,45.36000061035156,87.98717498779297,974.4337158203125,
55.71_37.65,2022-01-18 14:00:00,-5.25,-12.834695816040039,none,0.0,57.0,30.85517120361328,41.76000213623047,80.99620819091797,988.2012329101562,
55.71_37.65,2022-07-05 10:00:00,28.0,28.55133819580078,none,0.0,0.0,10.883675575256348,23.399999618530273,41.06459045410156,999.4140625,
55.71_37.65,2022-07-15 09:00:00,18.850000381469727,18.24310302734375,none,0.0,0.0,13.698933601379395,25.559999465942383,74.64469909667969,990.8197021484375,
55.71_37.66,2022-02-22 09:00:00,1.100000023841858,-4.76018762588501,snow,1.0,55.0,26.478971481323242,36.71999740600586,97.86447143554688,976.6242065429688,
55.71_37.66,2022-03-14 09:00:00,0.949999988079071,-2.769928455352783,none,0.0,52.0,10.829957962036133,16.19999885559082,92.69277954101562,1007.7726440429688,
55.71_37.66,2022-03-26 18:00:00,2.9000000953674316,-3.396456480026245,none,0.0,32.0,25.006397247314453,42.839996337890625,61.16977310180664,975.6769409179688,
55.71_37.66,2022-06-07 18:00:00,19.299999237060547,15.242712020874023,none,0.0,0.0,16.808570861816406,28.079999923706055,34.020530700683594,998.149658203125,
55.71_37.66,2022-06-17 08:00:00,16.799999237060547,15.323770523071289,none,0.0,0.0,11.525623321533203,21.959999084472656,67.05591583251953,997.3758544921875,
55.71_37.66,2022-07-04 08:00:00,24.399999618530273,25.23455238342285,none,0.0,0.0,8.66994857788086,19.440000534057617,59.86921310424805,999.4143676757812,
55.71_37.67,2022-01-12 18:00:00,-15.550000190734863,-21.75800895690918,none,0.0,52.999996185302734,16.954431533813477,25.919998168945312,81.12098693847656,1007.5450439453125,
55.71_37.67,2022-02-24 23:00:00,-5.849999904632568,-10.851088523864746,none,0.0,52.999996185302734,13.77911376953125,19.079999923706055,91.57720184326172,1006.3152465820312,
55.71_37.67,2022-03-10 12:00:00,-9.25,-15.028182983398438,none,0.0,52.0,15.192682266235352,24.479999542236328,65.10922241210938,1019.455810546875,
55.71_37.67,2022-04-01 08:00:00,-1.2000000476837158,-6.261550426483154,none,0.0,37.0,17.782686233520508,28.079999923706055,91.5461654663086,995.2185668945312,
55.71_37.67,2022-04-01 18:00:00,1.600000023841858,-3.5805065631866455,none,0.0,35.0,17.727943420410156,32.39999771118164,69.396484375,993.7546997070312,
55.71_37.67,2022-05-17 03:00:00,7.25,2.815617084503174,rain,0.6000000238418579,0.0,23.399999618530273,37.79999923706055,91.13651275634766,986.2821655273438,
55.71_37.67,2022-05-30 16:00:00,19.0,16.45737075805664,none,0.0,0.0,8.08999252319336,18.0,37.849830627441406,1002.3682250976562,
55.71_37.67,2022-06-28 15:00:00,25.25,23.118759155273438,none,0.0,0.0,14.88241958618164,32.76000213623047,29.1085262298584,1004.8228149414062,
55.71_37.67,2022-07-16 16:00:00,21.649999618530273,19.009403228759766,none,0.0,0.0,14.512063980102539,27.35999870300293,41.480281829833984,997.593994140625,
55.71_37.68,2022-02-07 01:00:00,-5.849999904632568,-10.784955978393555,none,0.0,63.0,13.358860969543457,16.559999465942383,91.92985534667969,985.7777099609375,
55.71_37.68,2022-03-19 13:00:00,1.149999976158142,-1.989696741104126,none,0.0,49.0,6.1516828536987305,12.59999942779541,78.34852600097656,1024.5037841796875,
55.71_37.68,2022-05-04 17:00:00,6.400000095367432,0.18967342376708984,none,0.0,0.0,24.336639404296875,41.76000213623047,47.54967498779297,997.4685668945312,
55.71_37.68,2022-05-06 08:00:00,7.699999809265137,3.296304702758789,none,0.0,0.0,15.79083251953125,27.35999870300293,58.838321685791016,1010.4512329101562,
55.71_37.68,2022-07-13 13:00:00,24.350000381469727,23.07435417175293,none,0.0,0.0,17.447933197021484,32.03999710083008,46.953407287597656,995.656982421875,
55.71_37.69,2022-07-27 12:00:00,29.399999618530273,31.008281707763672,none,0.0,0.0,11.631956100463867,24.119998931884766,48.459007263183594,995.8806762695312,
55.71_37.69,2022-08-05 19:00:00,25.700000762939453,26.389074325561523,none,0.0,0.0,7.091177463531494,7.199999809265137,52.13623809814453,1005.910400390625,
55.71_37.72,2022-04-16 09:00:00,2.200000047683716,-3.8981051445007324,rain,0.10000000149011612,10.0,28.001426696777344,44.63999557495117,89.80828094482422,997.0137329101562,
55.71_37.73,2022-01-25 11:00:00,-10.25,-15.793231964111328,none,0.0,58.999996185302734,14.973576545715332,21.239999771118164,91.26947784423828,1005.731201171875,
55.71_37.73,2022-02-06 11:00:00,-8.550000190734863,-13.60427474975586,snow,0.20000000298023224,63.0,12.261157035827637,18.0,88.20539093017578,986.1031494140625,
55.71_37.73,2022-02-15 12:00:00,-1.649999976158142,-6.986444473266602,none,0.0,58.999996185302734,18.335275650024414,29.15999984741211,84.3067626953125,1002.1636962890625,
55.71_37.73,2022-04-14 08:00:00,2.799999952316284,-2.303572654724121,none,0.0,19.0,19.353139877319336,32.39999771118164,75.78910827636719,1003.7876586914062,
55.71_37.73,2022-06-24 17:00:00,27.350000381469727,23.492155075073242,none,0.0,0.0,24.905132293701172,39.959999084472656,31.876564025878906,998.4112548828125,
55.71_37.73,2022-06-28 21:00:00,19.950000762939453,16.703998565673828,none,0.0,0.0,13.830748558044434,24.84000015258789,37.33641815185547,1005.514404296875,
55.71_37.74,2022-05-16 09:00:00,11.050000190734863,6.211404800415039,none,0.0,0.0,23.565568923950195,41.76000213623047,62.245094299316406,988.1166381835938,
55.71_37.74,2022-06-15 16:00:00,19.200000762939453,14.384916305541992,none,0.0,0.0,28.65789794921875,46.79999923706055,46.794742584228516,993.5321044921875,
55.71_37.74,2022-07-14 09:00:00,18.100000381469727,18.501129150390625,rain,0.20000000298023224,0.0,2.6208393573760986,27.0,69.80461883544922,992.0189819335938,
55.71_37.75,2022-02-01 13:00:00,-2.200000047683716,-7.388155937194824,none,0.0,64.0,17.317459106445312,23.03999900817871,87.79345703125,979.0697631835938,
55.71_37.75,2022-03-16 19:00:00,-6.0,-10.841936111450195,none,0.0,49.0,10.703569412231445,15.480000495910645,71.33172607421875,1020.8238525390625,
55.71_37.75,2022-04-15 21:00:00,5.349999904632568,2.0090150833129883,rain,0.4000000059604645,5.0,11.519999504089355,18.35999870300293,83.3248062133789,995.5128784179688,
55.71_37.75,2022-08-09 14:00:00,,,,,,,,,,
55.71_37.76,2022-01-21 07:00:00,-4.300000190734863,-10.172140121459961,none,0.0,56.0,20.620805740356445,32.76000213623047,89.61563873291016,982.449462890625,
55.71_37.76,2022-02-15 01:00:00,-3.0,-9.194615364074707,none,0.0,58.999996185302734,22.87062644958496,32.39999771118164,81.62706756591797,999.3946533203125,
55.71_37.76,2022-04-05 18:00:00,1.5499999523162842,-4.631491661071777,none,0.0,42.0,24.216522216796875,40.31999969482422,67.34214782714844,981.9117431640625,
55.71_37.76,2022-04-18 19:00:00,5.400000095367432,1.0926809310913086,none,0.0,2.0,12.574259757995605,20.880001068115234,56.97422790527344,1000.6276245117188,
55.71_37.76,2022-05-11 22:00:00,8.5,4.957582473754883,none,0.0,0.0,9.885261535644531,15.119998931884766,55.72673797607422,990.716796875,
55.71_37.76,2022-06-21 19:00:00,17.399999618530273,15.93671989440918,none,0.0,0.0,8.891343116760254,16.559999465942383,59.179588317871094,983.943115234375,
55.71_37.76,2022-06-24 22:00:00,20.649999618530273,18.70211410522461,none,0.0,0.0,14.345897674560547,23.03999900817871,52.01380920410156,998.7803344726562,
55.71_37.76,2022-06-25 15:00:00,27.649999618530273,27.16515350341797,none,0.0,0.0,8.404285430908203,25.19999885559082,36.15794372558594,1001.8372802734375,
55.71_37.76,2022-07-02 10:00:00,21.75,19.79874038696289,none,0.0,0.0,14.5610990524292,30.599998474121094,36.573448181152344,1004.093017578125,
55.71_37.76,2022-07-09 11:00:00,25.200000762939453,26.008283615112305,none,0.0,0.0,5.804825305938721,18.0,42.75890350341797,998.7018432617188,
55.71_37.76,2022-07-20 23:00:00,14.800000190734863,13.624334335327148,rain,0.10000000149011612,0.0,12.43433952331543,23.759998321533203,83.60222625732422,988.1204833984375,
55.71_37.77,2022-04-20 18:00:00,11.850000381469727,6.353072166442871,none,0.0,0.0,23.023117065429688,42.47999954223633,43.75114059448242,998.5010375976562,
55.71_37.78,2022-01-26 11:00:00,-6.449999809265137,-10.97755241394043,none,0.0,61.0,9.983105659484863,15.84000015258789,89.78291320800781,995.2457275390625,
55.71_37.78,2022-03-12 19:00:00,-2.200000047683716,-6.030767440795898,none,0.0,50.0,7.968938827514648,12.239999771118164,87.4650650024414,1006.4061889648438,
55.71_37.78,2022-05-22 10:00:00,9.0,4.726655960083008,none,0.0,0.0,19.3464412689209,37.439998626708984,55.25676345825195,985.9400634765625,
55.71_37.78,2022-05-25 15:00:00,13.350000381469727,9.649442672729492,none,0.0,0.0,9.826087951660156,21.239999771118164,37.13772964477539,995.5235595703125,
55.71_37.78,2022-08-02 14:00:00,25.850000381469727,24.131900787353516,none,0.0,0.0,12.313894271850586,25.919998168945312,36.620609283447266,998.8099365234375,
55.71_37.79,2022-04-19 13:00:00,11.699999809265137,7.320439338684082,none,0.0,1.0,22.79684066772461,41.39999771118164,66.88768768310547,998.631103515625,
55.71_37.79,2022-05-21 21:00:00,8.100000381469727,5.0443267822265625,none,0.0,0.0,9.007196426391602,12.239999771118164,66.81597137451172,986.770751953125,
55.71_37.79,2022-07-06 17:00:00,28.950000762939453,28.159915924072266,none,0.0,0.0,13.551501274108887,26.280000686645508,39.24010467529297,994.9652099609375,
55.71_37.8,2022-01-15 18:00:00,-2.299999952316284,-9.163681983947754,snow,0.10000000149011612,57.0,28.017621994018555,43.91999816894531,82.03330993652344,978.8397827148438,
55.71_37.8,2022-01-26 19:00:00,-5.949999809265137,-11.057476997375488,none,0.0,61.0,14.182354927062988,22.319997787475586,88.79017639160156,996.6085205078125,
55.71_37.8,2022-03-14 14:00:00,3.049999952316284,-1.5989973545074463,none,0.0,48.0,13.627795219421387,29.15999984741211,60.07216262817383,1005.4009399414062,
55.71_37.8,2022-04-01 10:00:00,1.899999976158142,-3.28385066986084,none,0.0,33.0,19.039199829101562,35.63999938964844,75.63335418701172,994.03857421875,
55.71_37.8,2022-04-04 12:00:00,-0.10000000149011612,-3.5020976066589355,none,0.0,43.0,8.825508117675781,16.19999885559082,69.8250732421875,986.346435546875,
55.71_37.8,2022-07-14 20:00:00,17.600000381469727,18.137805938720703,none,0.0,0.0,7.771330833435059,12.59999942779541,84.73878479003906,986.2061767578125,
55.71_37.81,2022-01-07 14:00:00,-7.550000190734863,-13.040217399597168,none,0.0,45.0,14.812589645385742,36.0,76.30343627929688,985.1163940429688,
55.71_37.81,2022-03-12 17:00:00,-1.649999976158142,-5.2156081199646,none,0.0,50.0,6.1516828536987305,14.039999961853027,83.99141693115234,1005.2525024414062,
55.71_37.81,2022-05-28 01:00:00,7.550000190734863,5.186020851135254,none,0.0,0.0,9.511088371276855,19.799999237060547,90.53014373779297,982.712158203125,
55.71_37.81,2022-07-26 20:00:00,24.299999237060547,26.94562530517578,none,0.0,0.0,5.154415607452393,13.319999694824219,72.54518127441406,992.7554321289062,
55.71_37.82,2022-04-13 17:00:00,5.400000095367432,0.34159278869628906,none,0.0,10.0,21.267440795898438,39.599998474121094,73.54496002197266,1000.9688110351562,
55.71_37.83,2022-03-03 14:00:00,0.44999998807907104,-3.1860597133636475,none,0.0,49.0,6.6380720138549805,12.959999084472656,72.07211303710938,993.9242553710938,
55.71_37.83,2022-06-08 21:00:00,15.100000381469727,13.254573822021484,none,0.0,0.0,10.587918281555176,11.879999160766602,66.24980163574219,996.083740234375,
55.71_37.83,2022-06-14 23:00:00,15.699999809265137,14.173959732055664,rain,0.10000000149011612,0.0,17.10662841796875,32.76000213623047,84.25558471679688,990.9071044921875,
55.71_37.83,2022-07-10 01:00:00,16.200000762939453,17.127140045166016,none,0.0,0.0,6.162207126617432,12.239999771118164,95.01372528076172,994.4754028320312,
55.71_37.84,2022-01-19 16:00:00,-9.25,-14.61294937133789,none,0.0,56.0,13.5706148147583,20.51999855041504,82.03329467773438,996.9910278320312,
55.71_37.84,2022-02-05 23:00:00,-11.449999809265137,-16.559524536132812,none,0.0,61.0,11.304228782653809,17.639999389648438,88.99974822998047,990.6911010742188,
55.71_37.84,2022-02-12 13:00:00,-1.2999999523162842,-7.372208118438721,none,0.0,61.0,22.668569564819336,38.15999984741211,76.7899169921875,997.604736328125,
55.71_37.84,2022-03-15 18:00:00,-3.950000047683716,-8.368637084960938,none,0.0,47.0,9.178235054016113,14.039999961853027,73.72417449951172,1016.6080932617188,
55.71_37.84,2022-05-17 08:00:00,8.449999809265137,4.349387168884277,rain,0.4000000059604645,0.0,22.771244049072266,42.839996337890625,90.2848129272461,985.5665283203125,
55.71_37.84,2022-06-15 08:00:00,15.699999809265137,11.553565979003906,none,0.0,0.0,24.850431442260742,46.439998626708984,60.18192672729492,992.7703247070312,
55.71_37.84,2022-07-08 03:00:00,17.299999237060547,16.991031646728516,none,0.0,0.0,9.227523803710938,19.440000534057617,77.10443115234375,1000.6318969726562,
55.71_37.85,2022-03-03 08:00:00,-9.649999618530273,-13.919754028320312,none,0.0,46.0,6.193674087524414,12.59999942779541,86.35995483398438,994.7940673828125,
55.71_37.85,2022-05-14 10:00:00,13.5,9.465021133422852,none,0.0,0.0,22.819570541381836,45.36000061035156,59.03358459472656,987.0806274414062,
55.71_37.85,2022-05-17 05:00:00,7.25,3.3495283126831055,rain,0.699999988079071,0.0,19.969457626342773,37.07999801635742,92.0857925415039,985.52978515625,
55.71_37.85,2022-06-16 20:00:00,16.75,15.16264533996582,none,0.0,0.0,7.127635955810547,22.68000030517578,55.90530014038086,995.8228759765625,
55.71_37.86,2022-03-20 23:00:00,1.350000023841858,-3.402392625808716,none,0.0,42.0,16.74677276611328,27.35999870300293,82.82194519042969,1015.4135131835938,
55.71_37.86,2022-07-30 02:00:00,13.449999809265137,12.913612365722656,none,0.0,0.0,8.496304512023926,19.440000534057617,92.44996643066406,1001.7432861328125,
55.71_37.87,2022-02-11 17:00:00,-1.899999976158142,-6.520594596862793,none,0.0,60.000003814697266,13.10419750213623,19.799999237060547,83.33222961425781,989.9345092773438,
55.71_37.87,2022-03-08 12:00:00,-4.300000190734863,-10.329824447631836,none,0.0,48.0,20.969806671142578,36.36000061035156,82.70623779296875,998.6051635742188,
55.71_37.88,2022-02-27 06:00:00,-3.3499999046325684,-8.153831481933594,none,0.0,48.0,14.044614791870117,23.03999900817871,90.03266143798828,1011.1268310546875,
55.71_37.88,2022-08-05 20:00:00,25.100000381469727,25.164888381958008,none,0.0,0.0,6.989935398101807,10.079999923706055,48.245758056640625,1004.1430053710938,
55.71_37.89,2022-03-11 00:00:00,-12.25,-17.25956916809082,none,0.0,48.0,9.746630668640137,12.959999084472656,79.61671447753906,1018.2879638671875,
55.71_37.89,2022-05-11 08:00:00,8.850000381469727,4.211801528930664,none,0.0,0.0,18.388212203979492,32.76000213623047,58.075504302978516,993.031982421875,
55.71_37.89,2022-05-11 22:00:00,7.5,4.117431640625,none,0.0,0.0,8.78872013092041,15.84000015258789,59.64623260498047,990.0007934570312,
55.71_37.89,2022-05-26 21:00:00,12.149999618530273,10.634032249450684,rain,1.7000000476837158,0.0,10.703569412231445,16.919998168945312,87.28980255126953,983.0117797851562,
55.71_37.9,2022-01-29 14:00:00,-4.75,-7.969554901123047,none,0.0,61.0,1.7999999523162842,8.640000343322754,86.54671478271484,986.8772583007812,
55.71_37.9,2022-03-27 22:00:00,-5.699999809265137,-12.675081253051758,none,0.0,27.000001907348633,24.442913055419922,42.119998931884766,60.39971923828125,993.9104614257812,
55.71_37.9,2022-05-18 16:00:00,14.0,8.834114074707031,none,0.0,0.0,23.113008499145508,41.39999771118164,44.21467971801758,994.6411743164062,
55.71_37.9,2022-07-06 05:00:00,19.5,21.815996170043945,none,0.0,0.0,4.104631423950195,10.440000534057617,91.0505599975586,998.4025268554688,
55.71_37.92,2022-01-07 21:00:00,-6.150000095367432,-12.783524513244629,snow,0.10000000149011612,44.0,23.675302505493164,42.119998931884766,79.61063385009766,988.2257080078125,
55.71_37.92,2022-01-15 19:00:00,-2.299999952316284,-9.163681983947754,snow,0.10000000149011612,56.0,28.017621994018555,43.91999816894531,82.03330993652344,979.5782470703125,
55.71_37.92,2022-02-19 12:00:00,0.8999999761581421,-5.959905624389648,snow,0.10000000149011612,51.0,31.003917694091797,50.39999771118164,84.29818725585938,980.6126708984375,
55.71_37.92,2022-02-26 15:00:00,1.4500000476837158,-2.8886919021606445,none,0.0,48.0,13.10419750213623,23.399999618530273,77.24824523925781,1003.766845703125,
55.71_37.92,2022-02-27 17:00:00,-2.0,-6.481513977050781,none,0.0,47.0,10.390226364135742,19.079999923706055,69.9601058959961,1016.9633178710938,
55.71_37.92,2022-03-20 21:00:00,1.649999976158142,-2.9563732147216797,none,0.0,42.0,15.408671379089355,26.280000686645508,79.00582122802734,1016.2163696289062,
55.71_37.92,2022-05-15 18:00:00,14.449999809265137,10.842748641967773,none,0.0,0.0,14.182354927062988,28.799999237060547,47.42934036254883,986.0289916992188,
55.71_37.92,2022-08-03 12:00:00,26.600000381469727,26.458641052246094,none,0.0,0.0,11.119280815124512,24.84000015258789,43.71372604370117,1001.6455688476562,
55.71_37.93,2022-04-08 18:00:00,11.449999809265137,6.203831672668457,none,0.0,29.0,24.336639404296875,42.119998931884766,54.336177825927734,980.8807373046875,
55.71_37.93,2022-05-29 11:00:00,12.75,8.976333618164062,rain,0.30000001192092896,0.0,20.124610900878906,39.959999084472656,66.65190887451172,993.4091796875,
55.71_37.93,2022-06-04 19:00:00,16.5,15.934759140014648,none,0.0,0.0,5.483356475830078,16.19999885559082,68.80216979980469,1001.6093139648438,
55.71_37.94,2022-03-05 10:00:00,-1.5,-7.379972457885742,snow,0.10000000149011612,46.0,21.046916961669922,37.79999923706055,75.60285186767578,997.529541015625,
55.71_37.94,2022-03-26 20:00:00,0.8999999761581421,-4.667716026306152,snow,0.10000000149011612,26.0,19.803272247314453,36.36000061035156,69.24939727783203,974.8428344726562,
55.71_37.94,2022-03-26 23:00:00,-0.75,-6.860529899597168,none,0.0,26.0,24.144166946411133,41.76000213623047,82.54915618896484,974.2010498046875,
55.71_37.94,2022-04-18 16:00:00,9.949999809265137,5.151763916015625,none,0.0,0.0,15.542661666870117,30.599998474121094,40.41257858276367,1000.808837890625,
55.71_37.94,2022-05-17 01:00:00,7.300000190734863,3.206913948059082,rain,0.8999999761581421,0.0,20.380578994750977,35.279998779296875,88.03890991210938,986.6355590820312,
55.71_37.94,2022-05-19 19:00:00,10.350000381469727,7.103837013244629,rain,0.800000011920929,0.0,15.484185218811035,29.15999984741211,74.68956756591797,997.5517578125,
55.72_37.08,2022-04-02 17:00:00,-0.5,-5.872488021850586,snow,0.30000001192092896,34.0,20.658479690551758,39.23999786376953,92.26871490478516,981.1427001953125,
55.72_37.08,2022-06-09 15:00:00,26.350000381469727,25.284526824951172,rain,0.10000000149011612,0.0,10.805998802185059,22.68000030517578,38.2587776184082,995.4943237304688,
55.72_37.12,2022-07-07 10:00:00,28.850000381469727,29.035308837890625,none,0.0,0.0,19.694992065429688,45.36000061035156,47.251739501953125,992.853515625,
55.72_37.13,2022-07-03 11:00:00,26.149999618530273,27.502483367919922,rain,0.20000000298023224,0.0,12.324414253234863,30.23999786376953,54.46720504760742,996.0055541992188,
55.72_37.14,2022-04-09 16:00:00,10.949999809265137,6.927834510803223,none,0.0,21.0,14.973575592041016,29.51999855041504,53.054691314697266,985.1569213867188,
55.72_37.16,2022-06-25 19:00:00,25.799999237060547,25.766765594482422,none,0.0,0.0,7.4215898513793945,18.719999313354492,45.97951889038086,999.7841186523438,
55.72_37.27,2022-06-04 14:00:00,19.399999618530273,17.10154914855957,none,0.0,0.0,15.226763725280762,32.39999771118164,46.21584701538086,999.247314453125,
55.72_37.38,2022-01-23 21:00:00,-7.849999904632568,-12.071976661682129,none,0.0,56.0,7.2805495262146,10.079999923706055,92.51759338378906,1011.3609619140625,
55.72_37.38,2022-02-05 05:00:00,-8.350000381469727,-12.168546676635742,none,0.0,58.999996185302734,4.198285102844238,7.559999465942383,92.124755859375,994.124267578125,
55.72_37.38,2022-02-05 22:00:00,-10.5,-15.715516090393066,none,0.0,58.999996185302734,12.605141639709473,21.599998474121094,91.25149536132812,986.7321166992188,
55.72_37.38,2022-02-24 15:00:00,-0.05000000074505806,-4.538727760314941,none,0.0,49.0,11.966954231262207,24.84000015258789,71.16536712646484,1002.5779418945312,
55.72_37.38,2022-03-12 00:00:00,-7.5,-12.143978118896484,none,0.0,47.0,9.44957160949707,16.559999465942383,81.30712890625,1003.6571044921875,
55.72_37.38,2022-03-30 07:00:00,-8.5,-13.236029624938965,none,0.0,31.0,10.105681419372559,18.0,88.21009826660156,983.7080078125,
55.72_37.38,2022-04-02 16:00:00,-0.3499999940395355,-5.600632190704346,snow,1.7000000476837158,34.0,20.11172866821289,37.79999923706055,93.29876708984375,979.5645751953125,
55.72_37.38,2022-05-03 21:00:00,10.399999618530273,6.034961700439453,none,0.0,0.0,17.14824676513672,35.279998779296875,54.445133209228516,985.7421264648438,
55.72_37.38,2022-05-16 16:00:00,12.600000381469727,7.521069526672363,rain,0.10000000149011612,0.0,21.868331909179688,45.0,46.57188034057617,985.4649047851562,
55.72_37.38,2022-06-22 18:00:00,20.149999618530273,17.001867294311523,none,0.0,0.0,19.87839126586914,39.23999786376953,48.8387451171875,985.1851806640625,
55.72_37.4,2022-05-31 14:00:00,17.100000381469727,14.647123336791992,rain,0.30000001192092896,0.0,18.837322235107422,28.799999237060547,67.11846160888672,998.640869140625,
55.72_37.4,2022-06-12 23:00:00,17.549999237060547,14.643547058105469,none,0.0,0.0,12.313894271850586,21.959999084472656,45.069427490234375,992.633544921875,
55.72_37.4,2022-06-13 07:00:00,17.899999618530273,16.314373016357422,none,0.0,0.0,10.58791732788086,21.959999084472656,59.10216522216797,990.4752807617188,
55.72_37.4,2022-06-26 18:00:00,30.5,30.02536392211914,none,0.0,0.0,5.634891033172607,12.59999942779541,30.358644485473633,999.4085083007812,
55.72_37.41,2022-06-19 14:00:00,23.549999237060547,19.361650466918945,none,0.0,0.0,30.821552276611328,56.880001068115234,45.21288299560547,986.3470458984375,
55.72_37.41,2022-07-26 16:00:00,24.75,26.452804565429688,none,0.0,0.0,8.279999732971191,28.079999923706055,66.1247329711914,988.8474731445312,
55.72_37.42,2022-01-01 02:00:00,-1.649999976158142,-6.0540361404418945,snow,0.30000001192092896,39.0,13.183079719543457,24.84000015258789,93.92182159423828,981.7516479492188,
55.72_37.42,2022-03-05 07:00:00,-2.75,-8.54842758178711,none,0.0,46.0,20.674158096313477,43.91999816894531,84.49300384521484,993.2421875,
55.72_37.42,2022-07-20 19:00:00,16.75,14.666986465454102,none,0.0,0.0,14.98222827911377,37.07999801635742,65.71794891357422,986.2984008789062,
55.72_37.42,2022-07-26 01:00:00,18.149999618530273,18.867563247680664,none,0.0,0.0,10.483357429504395,19.799999237060547,89.81277465820312,989.9821166992188,
55.72_37.43,2022-01-10 20:00:00,-8.100000381469727,-13.657903671264648,snow,0.10000000149011612,50.0,15.986595153808594,28.440000534057617,88.59565734863281,999.4540405273438,
55.72_37.43,2022-02-28 14:00:00,-1.149999976158142,-6.331716060638428,none,0.0,47.0,16.873979568481445,30.23999786376953,78.27555847167969,1013.7664184570312,
55.72_37.44,2022-02-02 23:00:00,-6.75,-12.183255195617676,none,0.0,58.999996185302734,16.099689483642578,21.239999771118164,90.80900573730469,986.1801147460938,
55.72_37.44,2022-02-04 20:00:00,-10.800000190734863,-15.861653327941895,none,0.0,60.000003814697266,11.525623321533203,15.84000015258789,93.07575225830078,992.5763549804688,
55.72_37.44,2022-04-22 09:00:00,7.599999904632568,5.286044120788574,none,0.0,0.0,6.877789497375488,14.75999927520752,81.01512145996094,1000.4911499023438,
55.72_37.44,2022-05-13 21:00:00,11.25,7.391664505004883,none,0.0,0.0,16.235960006713867,30.599998474121094,59.51349639892578,983.7434692382812,
55.72_37.44,2022-07-03 20:00:00,26.049999237060547,23.70952606201172,none,0.0,0.0,12.964998245239258,23.399999618530273,32.491024017333984,994.0453491210938,
55.72_37.44,2022-07-10 17:00:00,27.899999618530273,25.50364112854004,none,0.0,0.0,21.313093185424805,42.119998931884766,38.06342697143555,989.3367919921875,
55.72_37.45,2022-02-02 09:00:00,-5.150000095367432,-10.924434661865234,none,0.0,62.0,19.08339500427246,26.280000686645508,86.83770751953125,982.7705078125,
55.72_37.45,2022-02-05 22:00:00,-10.949999809265137,-16.516557693481445,none,0.0,61.0,14.869351387023926,20.880001068115234,92.3238754272461,987.070556640625,
55.72_37.45,2022-04-20 17:00:00,12.899999618530273,7.043598175048828,none,0.0,0.0,24.819122314453125,43.91999816894531,38.949642181396484,995.6397094726562,
55.72_37.45,2022-06-04 12:00:00,18.549999237060547,16.681354522705078,none,0.0,0.0,14.75999927520752,29.51999855041504,51.457576751708984,1000.1641235351562,
55.72_37.45,2022-07-05 10:00:00,26.850000381469727,27.84052276611328,none,0.0,0.0,7.145795822143555,18.719999313354492,47.16965103149414,995.786376953125,
55.72_37.48,2022-06-12 21:00:00,17.950000762939453,15.291254043579102,none,0.0,0.0,12.074766159057617,19.799999237060547,46.92906951904297,997.0647583007812,
55.72_37.48,2022-07-24 09:00:00,25.0,26.084081649780273,none,0.0,0.0,7.5170207023620605,18.0,56.30333709716797,996.1629028320312,
55.72_37.5,2022-03-30 11:00:00,-2.9000000953674316,-8.049223899841309,none,0.0,34.0,13.849475860595703,25.559999465942383,63.0643310546875,990.65771484375,
55.72_37.5,2022-05-22 01:00:00,6.5,1.4175348281860352,none,0.0,0.0,19.21199607849121,33.839996337890625,58.53355407714844,988.2903442382812,
55.72_37.51,2022-03-31 09:00:00,-2.450000047683716,-6.254698753356934,none,0.0,34.0,6.519876956939697,12.239999771118164,78.66254425048828,993.4400634765625,
55.72_37.52,2022-01-16 19:00:00,-6.400000095367432,-12.818367004394531,none,0.0,54.000003814697266,22.55105972290039,29.8799991607666,85.03758239746094,986.9922485351562,
55.72_37.52,2022-01-17 08:00:00,-3.950000047683716,-11.33914852142334,snow,0.4000000059604645,54.000003814697266,31.205997467041016,42.839996337890625,88.966796875,970.4051513671875,
55.72_37.52,2022-05-04 20:00:00,3.25,-1.419839859008789,none,0.0,0.0,13.60876178741455,25.559999465942383,58.347232818603516,997.096923828125,
55.72_37.52,2022-06-16 07:00:00,16.600000381469727,14.798257827758789,none,0.0,0.0,14.685175895690918,28.799999237060547,69.97398376464844,994.3551025390625,
55.72_37.52,2022-06-30 13:00:00,24.299999237060547,21.849912643432617,none,0.0,0.0,19.201873779296875,37.439998626708984,30.595666885375977,998.6283569335938,
55.72_37.53,2022-03-14 14:00:00,2.5999999046325684,-1.996250867843628,none,0.0,50.0,15.484185218811035,24.119998931884766,74.65168762207031,1005.7681274414062,
55.72_37.53,2022-06-14 13:00:00,25.200000762939453,25.32612419128418,none,0.0,0.0,14.707221984863281,29.15999984741211,50.6802864074707,990.2872314453125,
55.72_37.56,2022-01-07 17:00:00,-7.400000095367432,-14.471209526062012,none,0.0,45.0,26.28246307373047,35.279998779296875,82.93992614746094,988.0054321289062,
55.72_37.56,2022-01-17 08:00:00,-3.950000047683716,-11.33914852142334,snow,0.4000000059604645,55.0,31.205997467041016,42.839996337890625,88.966796875,975.325439453125,
55.72_37.56,2022-01-27 09:00:00,-10.050000190734863,-14.974580764770508,none,0.0,60.000003814697266,10.82995891571045,13.679999351501465,91.28382873535156,997.9392700195312,
55.72_37.56,2022-03-09 21:00:00,-12.75,-18.691898345947266,none,0.0,51.0,15.778515815734863,24.119998931884766,76.30589294433594,1014.866455078125,
55.72_37.56,2022-03-14 14:00:00,2.5999999046325684,-1.996250867843628,none,0.0,50.0,15.484185218811035,24.119998931884766,74.65168762207031,1008.0059814453125,
55.72_37.56,2022-04-29 12:00:00,7.599999904632568,2.7247800827026367,none,0.0,0.0,15.141413688659668,29.51999855041504,43.63277816772461,1008.7406005859375,
55.72_37.56,2022-05-28 07:00:00,9.550000190734863,8.113957405090332,none,0.0,0.0,4.582051753997803,15.119998931884766,84.11793518066406,982.5257568359375,
55.72_37.56,2022-05-30 20:00:00,16.399999618530273,15.393033981323242,none,0.0,0.0,4.0249223709106445,4.679999828338623,59.13648986816406,1003.9652099609375,
55.72_37.57,2022-02-19 12:00:00,0.5,-7.388966083526611,none,0.0,55.0,38.05967712402344,52.19999694824219,86.76485443115234,981.2526245117188,
55.72_37.57,2022-03-06 15:00:00,-1.0499999523162842,-7.026145935058594,none,0.0,50.0,19.70815086364746,31.68000030517578,58.33641815185547,995.1497802734375,
55.72_37.57,2022-03-29 15:00:00,0.6000000238418579,-4.442952632904053,none,0.0,34.0,15.807238578796387,24.84000015258789,68.1521987915039,981.2279663085938,
55.72_37.57,2022-05-03 23:00:00,7.349999904632568,4.101741790771484,none,0.0,0.0,10.948972702026367,17.639999389648438,72.8602066040039,991.884033203125,
55.72_37.57,2022-05-14 15:00:00,13.850000381469727,9.529838562011719,rain,0.5,0.0,21.349546432495117,45.36000061035156,55.35126495361328,987.9352416992188,
55.72_37.57,2022-05-23 15:00:00,13.850000381469727,7.990148544311523,none,0.0,0.0,22.2647705078125,41.76000213623047,29.775184631347656,988.0946655273438,
55.72_37.57,2022-06-27 11:00:00,31.049999237060547,32.415138244628906,none,0.0,0.0,15.546833038330078,30.23999786376953,44.22207260131836,1003.900390625,
55.72_37.57,2022-06-29 15:00:00,23.399999618530273,21.407590866088867,none,0.0,0.0,7.491114139556885,19.799999237060547,25.540462493896484,1005.3521118164062,
55.72_37.57,2022-07-02 23:00:00,18.399999618530273,16.667072296142578,none,0.0,0.0,8.20926284790039,13.319999694824219,50.551719665527344,1002.3743286132812,
55.72_37.57,2022-07-17 22:00:00,16.950000762939453,15.724958419799805,none,0.0,0.0,8.31124496459961,13.319999694824219,63.177547454833984,1000.385986328125,
55.72_37.57,2022-07-19 10:00:00,18.350000381469727,15.053756713867188,rain,0.20000000298023224,0.0,22.22690200805664,38.880001068115234,55.18585968017578,997.7314453125,
55.72_37.58,2022-04-05 22:00:00,0.4000000059604645,-5.814234733581543,none,0.0,45.0,26.289859771728516,40.31999969482422,85.48848724365234,981.0399169921875,
55.72_37.58,2022-06-09 19:00:00,24.850000381469727,24.044408798217773,none,0.0,0.0,10.086426734924316,20.51999855041504,45.12312316894531,997.1957397460938,
55.72_37.58,2022-06-25 11:00:00,25.399999618530273,24.184267044067383,none,0.0,0.0,13.755578994750977,27.35999870300293,43.525360107421875,1003.9910888671875,
55.72_37.58,2022-07-01 09:00:00,18.899999618530273,15.260107040405273,none,0.0,0.0,18.39173698425293,34.20000076293945,35.75249099731445,1003.3109741210938,
55.72_37.59,2022-03-24 16:00:00,10.850000381469727,7.760419845581055,none,0.0,36.0,0.35999998450279236,8.640000343322754,26.863126754760742,998.2681274414062,
55.72_37.59,2022-07-20 19:00:00,17.799999237060547,16.05147933959961,rain,0.10000000149011612,0.0,15.484185218811035,33.47999954223633,67.2637939453125,987.9571533203125,
55.72_37.6,2022-03-04 13:00:00,-2.6500000953674316,-8.270173072814941,none,0.0,50.0,19.917469024658203,31.319997787475586,87.75048065185547,994.8732299804688,
55.72_37.6,2022-06-16 19:00:00,20.049999237060547,16.334447860717773,none,0.0,0.0,18.692285537719727,32.39999771118164,40.04718017578125,994.8074340820312,
55.72_37.6,2022-07-30 08:00:00,17.799999237060547,17.243247985839844,none,0.0,0.0,7.636752605438232,18.0,67.9329833984375,1002.063232421875,
55.72_37.61,2022-02-25 19:00:00,-2.549999952316284,-8.065413475036621,none,0.0,52.0,18.73383903503418,28.440000534057617,83.24960327148438,1000.5450439453125,
55.72_37.61,2022-04-22 12:00:00,9.050000190734863,6.624241828918457,none,0.0,0.0,8.287821769714355,16.919998168945312,75.77134704589844,1003.8599853515625,
55.72_37.61,2022-05-20 12:00:00,10.649999618530273,7.502322196960449,none,0.0,0.0,12.64107608795166,28.799999237060547,39.876434326171875,1001.703125,
55.72_37.61,2022-06-04 17:00:00,19.399999618530273,16.7224178314209,none,0.0,0.0,14.512063980102539,27.0,47.17021560668945,1001.5432739257812,
55.72_37.62,2022-01-05 13:00:00,-6.099999904632568,-12.915721893310547,snow,0.5,41.0,25.99239730834961,41.39999771118164,90.85712432861328,978.4221801757812,
55.72_37.62,2022-03-29 14:00:00,0.30000001192092896,-4.581416606903076,none,0.0,34.0,14.777549743652344,24.84000015258789,70.17203521728516,980.3759155273438,
55.72_37.62,2022-04-27 18:00:00,8.5,3.1458964347839355,none,0.0,0.0,20.07302474975586,38.519996643066406,47.274539947509766,999.11669921875,
55.72_37.62,2022-04-29 11:00:00,7.650000095367432,2.6721906661987305,none,0.0,0.0,15.484185218811035,29.15999984741211,42.03915786743164,1007.6692504882812,
55.72_37.62,2022-06-24 09:00:00,21.0,19.71109390258789,none,0.0,0.0,9.826087951660156,20.15999984741211,50.90574264526367,1000.5132446289062,
55.72_37.63,2022-01-09 13:00:00,-5.699999809265137,-12.171828269958496,snow,0.10000000149011612,44.0,22.6828556060791,33.47999954223633,78.1401138305664,1002.4708862304688,
55.72_37.63,2022-03-26 22:00:00,-0.20000000298023224,-6.120571613311768,none,0.0,31.0,23.584808349609375,38.880001068115234,84.47911834716797,975.4057006835938,
55.72_37.63,2022-04-02 01:00:00,-1.7000000476837158,-7.036162853240967,none,0.0,34.0,18.37411117553711,29.51999855041504,84.93485260009766,992.2058715820312,
55.72_37.63,2022-04-14 12:00:00,9.149999618530273,4.517461776733398,none,0.0,16.0,21.19418716430664,38.519996643066406,51.06007766723633,1003.829833984375,
55.72_37.63,2022-04-17 23:00:00,0.550000011920929,-4.009377956390381,none,0.0,5.0,12.031756401062012,19.440000534057617,65.36792755126953,1005.3436279296875,
55.72_37.63,2022-06-30 19:00:00,24.600000381469727,20.717208862304688,none,0.0,0.0,18.844202041625977,36.36000061035156,29.02818489074707,999.2445068359375,
55.72_37.63,2022-07-25 16:00:00,26.200000762939453,26.341278076171875,none,0.0,0.0,8.161764144897461,21.239999771118164,47.30012130737305,991.542724609375,
55.72_37.65,2022-03-29 18:00:00,-0.5,-3.864790916442871,none,0.0,35.0,4.104631423950195,15.84000015258789,72.43038940429688,982.2682495117188,
55.72_37.65,2022-06-05 00:00:00,11.949999809265137,10.748855590820312,none,0.0,0.0,7.2894439697265625,11.519999504089355,84.6763916015625,1001.9579467773438,
55.72_37.65,2022-07-12 22:00:00,17.799999237060547,17.64495277404785,none,0.0,0.0,7.235910415649414,13.679999351501465,72.78385162353516,998.3226928710938,
55.72_37.66,2022-01-12 20:00:00,-15.649999618530273,-21.4346866607666,none,0.0,52.999996185302734,14.081478118896484,21.239999771118164,82.49028015136719,1006.7179565429688,
55.72_37.66,2022-05-15 22:00:00,9.199999809265137,6.141695022583008,none,0.0,0.0,13.661038398742676,21.599998474121094,78.74507141113281,988.0122680664062,
55.72_37.67,2022-02-07 21:00:00,-1.2999999523162842,-6.869548797607422,snow,0.30000001192092896,64.0,21.17583465576172,29.8799991607666,91.53946685791016,983.225830078125,
55.72_37.68,2022-01-20 22:00:00,-3.5,-10.38888931274414,snow,0.10000000149011612,56.0,28.112287521362305,39.23999786376953,89.00597381591797,982.5679321289062,
55.72_37.68,2022-03-10 20:00:00,-9.5,-15.197985649108887,none,0.0,52.0,14.799459457397461,21.239999771118164,68.61123657226562,1017.9619140625,
55.72_37.68,2022-04-22 20:00:00,6.699999809265137,3.9502077102661133,none,0.0,0.0,9.585739135742188,11.159998893737793,84.96495819091797,1001.4696044921875,
55.72_37.68,2022-06-09 06:00:00,15.600000381469727,15.568883895874023,none,0.0,0.0,2.545584201812744,9.359999656677246,74.58292388916016,996.99658203125,
55.72_37.68,2022-08-02 17:00:00,25.649999618530273,23.831703186035156,none,0.0,0.0,11.019763946533203,22.68000030517578,35.356136322021484,998.9434814453125,
55.72_37.69,2022-01-15 17:00:00,-2.5999999046325684,-10.141862869262695,none,0.0,58.0,32.55363464355469,44.63999557495117,82.92897033691406,977.8615112304688,
55.72_37.69,2022-01-25 19:00:00,-8.75,-14.46838092803955,none,0.0,58.999996185302734,16.73516082763672,21.959999084472656,88.53585815429688,997.544921875,
55.72_37.69,2022-02-01 01:00:00,-2.25,-6.1954474449157715,snow,0.4000000059604645,63.0,9.726663589477539,15.84000015258789,95.65338897705078,973.0986328125,
55.72_37.69,2022-04-06 23:00:00,-3.3499999046325684,-7.85018253326416,none,0.0,45.0,11.808877944946289,19.799999237060547,88.68334197998047,987.0350952148438,
55.72_37.69,2022-05-17 17:00:00,12.199999809265137,7.107110977172852,none,0.0,0.0,26.57668113708496,43.91999816894531,61.43706512451172,986.47509765625,
55.72_37.69,2022-07-06 00:00:00,20.149999618530273,21.991943359375,none,0.0,0.0,6.130578994750977,9.359999656677246,85.27965545654297,997.3052368164062,
55.72_37.7,2022-02-04 15:00:00,-7.150000095367432,-11.78659439086914,none,0.0,63.0,10.00903606414795,9.0,86.29029083251953,995.7753295898438,
55.72_37.7,2022-03-08 02:00:00,-4.150000095367432,-9.38663387298584,none,0.0,51.0,16.119800567626953,29.8799991607666,87.27252197265625,995.6392211914062,
55.72_37.7,2022-03-10 13:00:00,-6.949999809265137,-13.110207557678223,none,0.0,52.0,17.873554229736328,28.440000534057617,55.1399040222168,1018.0812377929688,
55.72_37.7,2022-05-01 12:00:00,10.699999809265137,6.691461563110352,rain,0.10000000149011612,0.0,15.72503662109375,30.23999786376953,40.18733596801758,1005.7598876953125,
55.72_37.7,2022-05-12 08:00:00,10.449999809265137,7.300287246704102,rain,0.10000000149011612,0.0,13.32486343383789,21.239999771118164,69.2244644165039,988.7078247070312,
55.72_37.7,2022-05-23 15:00:00,13.75,8.154906272888184,none,0.0,0.0,22.828086853027344,39.23999786376953,30.761699676513672,986.6829223632812,
55.72_37.71,2022-07-18 08:00:00,17.450000762939453,17.08295249938965,none,0.0,0.0,6.119999885559082,15.119998931884766,68.99185180664062,999.4923095703125,
55.72_37.73,2022-03-16 19:00:00,-6.0,-10.841936111450195,none,0.0,49.0,10.703569412231445,15.480000495910645,71.33172607421875,1021.604736328125,
55.72_37.73,2022-03-26 06:00:00,2.9000000953674316,-2.7174859046936035,rain,0.10000000149011612,34.0,24.216522216796875,38.15999984741211,82.71955871582031,984.811767578125,
55.72_37.74,2022-06-24 21:00:00,20.850000381469727,19.79851531982422,none,0.0,0.0,9.114471435546875,23.759998321533203,52.939117431640625,998.8436279296875,
55.72_37.75,2022-06-06 19:00:00,18.299999237060547,15.151998519897461,none,0.0,0.0,17.82636260986328,31.68000030517578,50.696956634521484,998.7200317382812,
55.72_37.77,2022-05-23 07:00:00,4.949999809265137,0.5444068908691406,none,0.0,0.0,14.618837356567383,28.440000534057617,65.40169525146484,987.4301147460938,
55.72_37.78,2022-03-26 12:00:00,3.9000000953674316,-2.3890013694763184,rain,0.5,30.000001907348633,30.811037063598633,54.36000061035156,87.4150161743164,975.226318359375,
55.72_37.78,2022-04-13 19:00:00,4.599999904632568,-0.3020670413970947,none,0.0,10.0,19.803272247314453,39.599998474121094,75.8226547241211,1000.428955078125,
55.72_37.78,2022-04-24 15:00:00,12.0,9.646286010742188,rain,0.30000001192092896,0.0,11.620808601379395,19.079999923706055,73.70613861083984,993.728271484375,
55.72_37.78,2022-05-29 22:00:00,8.300000190734863,6.011560440063477,none,0.0,0.0,7.491114139556885,11.879999160766602,80.26911163330078,996.423828125,
55.72_37.78,2022-06-19 22:00:00,18.549999237060547,16.319129943847656,none,0.0,0.0,18.043148040771484,34.20000076293945,62.7020263671875,988.6087036132812,
55.72_37.78,2022-07-16 20:00:00,19.049999237060547,17.61065673828125,none,0.0,0.0,9.007196426391602,20.880001068115234,53.89898681640625,996.1155395507812,
55.72_37.78,2022-07-30 21:00:00,17.0,15.301847457885742,none,0.0,0.0,6.952754497528076,17.639999389648438,53.00102996826172,1000.4049682617188,
55.72_37.79,2022-01-21 20:00:00,-7.5,-12.699360847473145,snow,0.4000000059604645,58.999996185302734,13.896186828613281,23.399999618530273,88.9978256225586,978.0465087890625,
55.72_37.79,2022-02-24 19:00:00,-3.75,-8.230524063110352,none,0.0,51.0,11.04326057434082,17.639999389648438,85.66849517822266,1002.8553466796875,
55.72_37.79,2022-03-10 20:00:00,-8.800000190734863,-14.076621055603027,none,0.0,50.0,12.324414253234863,21.239999771118164,70.4628677368164,1016.7999877929688,
55.72_37.79,2022-03-15 17:00:00,-2.25,-6.420875549316406,none,0.0,47.0,7.993297576904297,12.959999084472656,69.1055908203125,1014.06103515625,
55.72_37.79,2022-03-21 20:00:00,1.899999976158142,-2.0766873359680176,none,0.0,41.0,10.948972702026367,19.799999237060547,76.75545501708984,1013.5942993164062,
55.72_37.79,2022-05-30 19:00:00,17.700000762939453,17.6420955657959,none,0.0,0.0,2.6208393573760986,11.519999504089355,65.05316925048828,1001.255615234375,
55.72_37.79,2022-07-16 22:00:00,15.0,14.479803085327148,none,0.0,0.0,5.692099571228027,8.640000343322754,76.99856567382812,996.6871948242188,
55.72_37.79,2022-08-04 17:00:00,27.950000762939453,27.669597625732422,none,0.0,0.0,6.915374279022217,23.03999900817871,38.07740783691406,1001.7952270507812,
55.72_37.8,2022-02-07 18:00:00,-1.350000023841858,-6.839332580566406,none,0.0,63.0,20.140705108642578,31.68000030517578,88.20148468017578,981.302734375,
55.72_37.8,2022-04-19 21:00:00,7.75,3.802596092224121,none,0.0,1.0,16.450069427490234,28.440000534057617,73.71097564697266,998.8268432617188,
55.72_37.8,2022-05-31 22:00:00,14.449999809265137,14.898279190063477,none,0.0,0.0,2.3051247596740723,7.199999809265137,88.07804107666016,1001.5593872070312,
55.72_37.8,2022-07-19 00:00:00,14.100000381469727,11.975378036499023,none,0.0,0.0,16.17998695373535,28.440000534057617,80.2606201171875,993.4105834960938,
55.72_37.8,2022-08-01 14:00:00,24.350000381469727,22.95567512512207,none,0.0,0.0,7.289444923400879,19.799999237060547,37.06341552734375,998.5509033203125,
55.72_37.81,2022-02-22 06:00:00,1.350000023841858,-3.4411470890045166,none,0.0,54.000003814697266,18.709611892700195,31.68000030517578,93.3886947631836,974.4166259765625,
55.72_37.81,2022-03-01 15:00:00,0.8999999761581421,-2.4742753505706787,none,0.0,49.0,4.802999019622803,10.799999237060547,69.50961303710938,1012.7495727539062,
55.72_37.81,2022-03-21 06:00:00,-0.8999999761581421,-5.453883171081543,none,0.0,44.0,14.529914855957031,24.119998931884766,91.22897338867188,1013.6126098632812,
55.72_37.81,2022-05-23 19:00:00,12.399999618530273,7.72491455078125,none,0.0,0.0,15.79083251953125,37.439998626708984,37.5411262512207,984.5866088867188,
55.72_37.82,2022-02-25 14:00:00,1.149999976158142,-4.168911933898926,none,0.0,51.0,19.06300926208496,33.119998931884766,74.11416625976562,1001.1806640625,
55.72_37.82,2022-03-05 18:00:00,-2.25,-7.7268524169921875,none,0.0,48.0,18.356470108032227,31.319997787475586,80.50382995605469,999.5428466796875,
55.72_37.82,2022-04-25 21:00:00,11.850000381469727,9.069042205810547,none,0.0,0.0,13.722564697265625,22.319997787475586,71.935302734375,989.7152709960938,
55.72_37.83,2022-01-25 07:00:00,-11.399999618530273,-16.06585121154785,none,0.0,58.999996185302734,8.350137710571289,14.039999961853027,90.08937072753906,1007.8148193359375,
55.72_37.83,2022-02-21 18:00:00,0.25,-4.678776741027832,snow,0.0,52.999996185302734,17.76081085205078,28.440000534057617,88.3472900390625,982.0734252929688,
55.72_37.83,2022-07-02 20:00:00,23.100000381469727,20.883739471435547,none,0.0,0.0,9.028754234313965,23.759998321533203,34.159393310546875,1001.7050170898438,
55.72_37.87,2022-03-12 12:00:00,-2.700000047683716,-7.291915416717529,snow,0.10000000149011612,48.0,12.287554740905762,21.959999084472656,83.23045349121094,1004.7881469726562,
55.72_37.87,2022-05-18 16:00:00,12.75,7.99776554107666,rain,0.10000000149011612,0.0,22.768396377563477,42.47999954223633,55.06480026245117,995.1974487304688,
55.72_37.9,2022-01-10 19:00:00,-7.050000190734863,-12.524853706359863,snow,0.30000001192092896,51.0,15.844088554382324,28.440000534057617,86.63903045654297,1000.3284912109375,
55.72_37.9,2022-04-21 18:00:00,7.050000190734863,3.5081710815429688,none,0.0,0.0,15.226763725280762,29.51999855041504,83.82462310791016,1003.1893310546875,
55.73_37.21,2022-07-13 16:00:00,23.950000762939453,22.201095581054688,none,0.0,0.0,13.679999351501465,28.799999237060547,43.554962158203125,992.668701171875,
55.73_37.21,2022-07-29 15:00:00,22.450000762939453,20.296354293823242,none,0.0,0.0,12.959999084472656,33.839996337890625,42.27320861816406,998.1697998046875,
55.73_37.37,2022-07-07 05:00:00,21.25,21.63260269165039,none,0.0,0.0,14.058449745178223,28.440000534057617,76.24388885498047,990.0601806640625,
55.73_37.38,2022-01-30 22:00:00,-3.299999952316284,-9.089935302734375,snow,0.20000000298023224,58.0,20.767974853515625,36.36000061035156,89.35994720458984,971.5069580078125,
55.73_37.38,2022-03-08 01:00:00,-3.299999952316284,-8.654869079589844,snow,0.800000011920929,46.0,18.05750846862793,32.03999710083008,91.74827575683594,989.2753295898438,
55.73_37.38,2022-03-08 02:00:00,-4.449999809265137,-9.569803237915039,none,0.0,46.0,15.141413688659668,34.20000076293945,87.57634735107422,990.2550659179688,
55.73_37.38,2022-03-08 04:00:00,-4.849999904632568,-9.888435363769531,snow,0.4000000059604645,46.0,14.40899658203125,28.799999237060547,88.54843139648438,990.3615112304688,
55.73_37.38,2022-03-12 23:00:00,-2.6500000953674316,-6.720465660095215,none,0.0,47.0,9.693296432495117,18.0,91.10636138916016,1003.8965454101562,
55.73_37.38,2022-04-17 16:00:00,5.300000190734863,-0.6079976558685303,none,0.0,2.0,20.11172866821289,39.23999786376953,41.17621994018555,1000.7265014648438,
55.73_37.38,2022-04-19 15:00:00,13.449999809265137,9.53653335571289,none,0.0,1.0,16.74677276611328,32.76000213623047,51.87059020996094,995.7857666015625,
55.73_37.4,2022-04-15 13:00:00,9.100000381469727,6.098311424255371,rain,0.10000000149011612,5.0,6.830519199371338,19.440000534057617,55.884498596191406,992.963134765625,
55.73_37.4,2022-06-22 13:00:00,20.600000381469727,17.414066314697266,none,0.0,0.0,20.696086883544922,41.76000213623047,48.46979904174805,982.0003051757812,
55.73_37.41,2022-01-31 21:00:00,-2.549999952316284,-7.3048200607299805,snow,0.30000001192092896,60.000003814697266,14.75999927520752,27.0,93.52804565429688,969.17236328125,
55.73_37.41,2022-03-16 09:00:00,-7.0,-10.927063941955566,none,0.0,45.0,5.001279830932617,12.59999942779541,83.64628601074219,1014.8020629882812,
55.73_37.41,2022-04-20 14:00:00,13.550000190734863,8.177315711975098,none,0.0,0.0,26.944744110107422,51.47999954223633,38.99934768676758,994.9733276367188,
55.73_37.41,2022-04-21 00:00:00,7.25,1.2888526916503906,none,0.0,0.0,24.703975677490234,45.0,53.40146255493164,994.9849853515625,
55.73_37.41,2022-05-23 23:00:00,8.100000381469727,3.2055726051330566,none,0.0,0.0,15.856353759765625,27.719999313354492,44.4384765625,982.4849853515625,
55.73_37.42,2022-02-06 12:00:00,-7.400000095367432,-11.721364974975586,none,0.0,60.000003814697266,7.704335689544678,15.480000495910645,86.26318359375,981.00048828125,
55.73_37.42,2022-03-08 17:00:00,-5.800000190734863,-11.002667427062988,none,0.0,48.0,13.97987174987793,29.15999984741211,78.73684692382812,998.136474609375,
55.73_37.42,2022-03-20 09:00:00,-1.25,-5.897688388824463,none,0.0,43.0,14.154914855957031,24.479999542236328,85.94270324707031,1017.00830078125,
55.73_37.42,2022-03-25 16:00:00,7.75,4.00177001953125,none,0.0,30.000001907348633,9.387650489807129,18.719999313354492,51.043983459472656,995.6107788085938,
55.73_37.42,2022-04-25 18:00:00,11.949999809265137,9.643465995788574,none,0.0,0.0,11.72075080871582,23.03999900817871,75.22095489501953,986.6342163085938,
55.73_37.42,2022-05-27 17:00:00,14.449999809265137,9.78830623626709,none,0.0,0.0,24.1307430267334,46.439998626708984,54.36377716064453,978.087158203125,
55.73_37.42,2022-06-17 15:00:00,20.799999237060547,18.642711639404297,rain,0.10000000149011612,0.0,13.830748558044434,35.279998779296875,48.19940185546875,990.8444213867188,
55.73_37.42,2022-07-10 20:00:00,24.700000762939453,24.36006736755371,none,0.0,0.0,14.021525382995605,24.479999542236328,55.15681457519531,989.18310546875,
55.73_37.42,2022-07-21 16:00:00,21.200000762939453,17.580936431884766,none,0.0,0.0,25.305208206176758,47.15999984741211,49.452579498291016,987.51025390625,
55.73_37.42,2022-08-09 19:00:00,,,,,,,,,,
55.73_37.43,2022-01-02 23:00:00,-11.699999809265137,-16.430233001708984,none,0.0,39.0,8.404284477233887,16.919998168945312,85.78424072265625,990.0720825195312,
55.73_37.43,2022-03-30 13:00:00,-1.350000023841858,-5.969779014587402,none,0.0,31.0,13.039753913879395,27.0,52.41188430786133,985.677490234375,
55.73_37.45,2022-02-04 16:00:00,-7.949999809265137,-12.666353225708008,none,0.0,62.0,10.188699722290039,11.879999160766602,87.22721099853516,994.933349609375,
55.73_37.45,2022-02-08 14:00:00,1.0,-3.506434917449951,none,0.0,61.0,13.97987174987793,21.959999084472656,78.03575134277344,986.2268676757812,
55.73_37.45,2022-03-27 14:00:00,-2.450000047683716,-12.08016300201416,snow,0.10000000149011612,28.0,42.912540435791016,74.52000427246094,49.46515655517578,983.077392578125,
55.73_37.45,2022-06-14 17:00:00,22.049999237060547,19.884109497070312,rain,1.399999976158142,0.0,24.627788543701172,39.23999786376953,61.667911529541016,986.865478515625,
55.73_37.45,2022-06-27 16:00:00,31.600000381469727,30.731380462646484,none,0.0,0.0,17.309974670410156,31.68000030517578,34.59436798095703,999.13916015625,
55.73_37.45,2022-07-02 09:00:00,20.450000762939453,18.248693466186523,none,0.0,0.0,12.605141639709473,27.0,39.204524993896484,1002.8406372070312,
55.73_37.45,2022-07-28 10:00:00,24.899999618530273,26.599328994750977,none,0.0,0.0,11.96695327758789,27.35999870300293,70.426025390625,992.4398193359375,
55.73_37.45,2022-08-08 21:00:00,,,,,,,,,,
55.73_37.46,2022-06-10 18:00:00,24.049999237060547,22.501422882080078,none,0.0,0.0,12.101570129394531,24.84000015258789,43.00714111328125,995.4200439453125,
55.73_37.46,2022-06-16 11:00:00,19.899999618530273,18.010360717773438,none,0.0,0.0,16.454008102416992,33.839996337890625,51.642547607421875,992.8995971679688,
55.73_37.47,2022-01-02 21:00:00,-10.649999618530273,-16.14914321899414,none,0.0,40.0,14.154914855957031,18.35999870300293,86.25035858154297,991.6083374023438,
55.73_37.47,2022-01-11 08:00:00,-9.850000381469727,-16.34635353088379,snow,0.10000000149011612,52.0,21.413190841674805,30.96000099182129,87.03166198730469,1004.444091796875,
55.73_37.47,2022-01-28 23:00:00,-5.849999904632568,-11.009531021118164,snow,0.30000001192092896,60.000003814697266,14.799459457397461,22.319997787475586,90.87551879882812,982.5470581054688,
55.73_37.47,2022-04-03 21:00:00,-2.8499999046325684,-7.580998420715332,none,0.0,45.0,11.384199142456055,18.35999870300293,68.44476318359375,981.2674560546875,
55.73_37.47,2022-08-11 19:00:00,,,,,,,,,,
55.73_37.48,2022-03-14 09:00:00,0.800000011920929,-2.9449658393859863,none,0.0,50.0,10.948972702026367,19.440000534057617,93.35980224609375,1004.361083984375,
55.73_37.48,2022-06-23 14:00:00,23.350000381469727,22.12567138671875,none,0.0,0.0,12.879752159118652,34.560001373291016,36.77918243408203,994.9166259765625,
55.73_37.48,2022-07-19 22:00:00,15.449999809265137,13.367681503295898,none,0.0,0.0,12.303365707397461,20.15999984741211,64.99684143066406,995.398193359375,
55.73_37.49,2022-01-30 09:00:00,-4.900000095367432,-11.051530838012695,none,0.0,60.000003814697266,22.00716209411621,29.51999855041504,88.54388427734375,978.0968017578125,
55.73_37.49,2022-01-31 01:00:00,-3.549999952316284,-9.590215682983398,snow,0.30000001192092896,60.000003814697266,22.40692710876465,30.23999786376953,90.35751342773438,973.8936767578125,
55.73_37.49,2022-03-06 09:00:00,-4.099999904632568,-10.031960487365723,none,0.0,49.0,19.839235305786133,30.96000099182129,77.19921112060547,996.8804931640625,
55.73_37.49,2022-04-04 15:00:00,2.799999952316284,-1.073561191558838,none,0.0,44.0,5.052840709686279,6.839999675750732,42.85786056518555,985.2230224609375,
55.73_37.49,2022-04-14 13:00:00,9.649999618530273,5.308431625366211,none,0.0,14.0,20.037485122680664,39.599998474121094,49.55247497558594,1000.5011596679688,
55.73_37.49,2022-05-24 10:00:00,8.550000190734863,2.5937061309814453,none,0.0,0.0,24.766847610473633,43.19999694824219,49.2421875,987.1033325195312,
55.73_37.49,2022-06-12 18:00:00,23.649999618530273,21.769195556640625,none,0.0,0.0,9.470120429992676,20.51999855041504,36.9900016784668,993.9735717773438,
55.73_37.49,2022-06-30 19:00:00,22.899999618530273,19.681537628173828,none,0.0,0.0,15.509273529052734,38.15999984741211,33.985042572021484,995.3187866210938,
55.73_37.49,2022-07-13 21:00:00,18.600000381469727,17.864755630493164,none,0.0,0.0,6.849466800689697,12.59999942779541,60.66780471801758,993.1770629882812,
55.73_37.5,2022-01-13 10:00:00,-17.600000381469727,-23.562255859375,none,0.0,52.999996185302734,14.764389991760254,19.440000534057617,82.5677719116211,994.444580078125,
55.73_37.5,2022-01-17 10:00:00,-3.4000000953674316,-10.680577278137207,snow,0.30000001192092896,54.000003814697266,30.76051902770996,43.19999694824219,88.01074981689453,970.3750610351562,
55.73_37.5,2022-02-09 00:00:00,-4.0,-8.810408592224121,none,0.0,62.0,13.708391189575195,19.799999237060547,91.01004028320312,985.95703125,
55.73_37.51,2022-01-02 17:00:00,-8.0,-13.66615104675293,none,0.0,40.0,16.299694061279297,25.19999885559082,82.53292083740234,995.0298461914062,
55.73_37.51,2022-03-25 15:00:00,8.0,4.188107490539551,none,0.0,33.0,9.359999656677246,16.919998168945312,48.36684036254883,997.3182373046875,
55.73_37.53,2022-03-20 11:00:00,1.7000000476837158,-2.8437092304229736,none,0.0,47.0,15.463244438171387,26.280000686645508,81.6637954711914,1020.6846313476562,
55.73_37.53,2022-06-16 11:00:00,19.899999618530273,18.010360717773438,none,0.0,0.0,16.454008102416992,33.839996337890625,51.642547607421875,996.1345825195312,
55.73_37.54,2022-02-10 17:00:00,-1.149999976158142,-6.591315269470215,none,0.0,62.0,19.4699764251709,26.280000686645508,84.36650848388672,990.049560546875,
55.73_37.54,2022-04-23 19:00:00,12.050000190734863,10.167215347290039,none,0.0,0.0,5.600285530090332,10.079999923706055,65.13629913330078,998.7492065429688,
55.73_37.54,2022-07-04 08:00:00,24.549999237060547,25.30388069152832,none,0.0,0.0,8.66994857788086,20.15999984741211,58.58134460449219,997.9376831054688,
55.73_37.54,2022-07-17 19:00:00,20.350000381469727,19.63718032836914,none,0.0,0.0,2.9024126529693604,7.199999809265137,47.75330352783203,999.8948974609375,
55.73_37.54,2022-07-31 05:00:00,13.100000381469727,13.166036605834961,none,0.0,0.0,2.6208393573760986,3.9600000381469727,89.72431945800781,1003.6306762695312,
55.73_37.54,2022-08-08 19:00:00,,,,,,,,,,
55.73_37.54,2022-08-11 10:00:00,,,,,,,,,,
55.73_37.55,2022-03-09 22:00:00,-13.399999618530273,-19.192874908447266,none,0.0,51.0,14.618837356567383,24.119998931884766,77.79570770263672,1015.3134155273438,
55.73_37.55,2022-05-07 18:00:00,14.5,10.866878509521484,none,0.0,0.0,12.904882431030273,30.23999786376953,43.576560974121094,1006.3442993164062,
55.73_37.56,2022-01-11 12:00:00,-10.699999809265137,-17.80519676208496,none,0.0,52.999996185302734,24.881702423095703,33.839996337890625,82.16138458251953,1010.4829711914062,
55.73_37.56,2022-03-30 20:00:00,-2.1500000953674316,-5.693620681762695,none,0.0,35.0,1.2979984283447266,6.119999885559082,49.35633087158203,994.0435791015625,
55.73_37.56,2022-07-22 11:00:00,23.600000381469727,21.767080307006836,rain,0.10000000149011612,0.0,21.533897399902344,38.15999984741211,48.95643997192383,997.1239013671875,
55.73_37.57,2022-08-07 00:00:00,22.0,22.57611656188965,none,0.0,0.0,10.594036102294922,18.35999870300293,69.43480682373047,1001.0497436523438,
55.73_37.58,2022-01-28 07:00:00,-8.649999618530273,-16.219934463500977,none,0.0,60.000003814697266,29.37917709350586,39.599998474121094,87.15567016601562,987.593017578125,
55.73_37.58,2022-03-05 18:00:00,-2.6500000953674316,-8.231348991394043,none,0.0,50.0,18.775300979614258,28.079999923706055,80.44535827636719,1001.6172485351562,
55.73_37.58,2022-04-23 19:00:00,12.300000190734863,10.254335403442383,none,0.0,0.0,6.193674087524414,9.720000267028809,62.53803634643555,997.45263671875,
55.73_37.59,2022-03-08 23:00:00,-8.649999618530273,-14.211355209350586,none,0.0,52.0,15.273505210876465,22.68000030517578,82.77330780029297,1006.024658203125,
55.73_37.59,2022-03-13 17:00:00,1.100000023841858,-3.7471864223480225,none,0.0,51.0,15.273505210876465,21.959999084472656,70.86421203613281,1009.374267578125,
55.73_37.59,2022-07-20 22:00:00,14.649999618530273,13.423404693603516,rain,0.10000000149011612,0.0,12.783802032470703,21.239999771118164,84.41462707519531,989.1832275390625,
55.73_37.6,2022-02-18 23:00:00,-2.4000000953674316,-8.07544231414795,none,0.0,55.0,20.658479690551758,27.35999870300293,89.10087585449219,984.2509155273438,
55.73_37.6,2022-07-17 13:00:00,20.299999237060547,20.512840270996094,none,0.0,0.0,4.680000305175781,17.280000686645508,56.9860954284668,1000.240478515625,
55.73_37.61,2022-03-11 08:00:00,-11.600000381469727,-16.05891227722168,none,0.0,51.0,6.162207126617432,10.079999923706055,78.7447280883789,1016.678955078125,
55.73_37.61,2022-03-14 14:00:00,2.5999999046325684,-2.2041425704956055,none,0.0,50.0,16.7661075592041,24.84000015258789,73.8338623046875,1008.0059814453125,
55.73_37.61,2022-03-15 09:00:00,-6.199999809265137,-10.463675498962402,none,0.0,50.0,8.049844741821289,15.84000015258789,86.72843933105469,1016.9789428710938,
55.73_37.61,2022-05-17 23:00:00,8.350000381469727,4.382238388061523,rain,0.10000000149011612,0.0,16.39482879638672,28.079999923706055,70.02098083496094,990.1481323242188,
55.73_37.61,2022-06-27 13:00:00,31.450000762939453,32.83395004272461,none,0.0,0.0,15.580141067504883,30.23999786376953,42.81868362426758,1004.6217041015625,
55.73_37.61,2022-07-19 09:00:00,17.649999618530273,14.325246810913086,rain,0.10000000149011612,0.0,21.749483108520508,37.79999923706055,58.44962692260742,997.6570434570312,
55.73_37.61,2022-08-05 08:00:00,21.25,22.424802780151367,none,0.0,0.0,6.214563369750977,13.679999351501465,72.23133850097656,1007.3832397460938,
55.73_37.62,2022-01-17 12:00:00,-2.799999952316284,-10.222952842712402,snow,0.10000000149011612,56.0,32.239601135253906,45.0,88.39908599853516,970.1116333007812,
55.73_37.62,2022-04-02 17:00:00,-0.25,-5.739192485809326,snow,1.2999999523162842,38.0,21.650938034057617,34.560001373291016,91.94622039794922,982.9495239257812,
55.73_37.62,2022-04-06 08:00:00,-1.0,-6.874378204345703,none,0.0,45.0,22.14804458618164,33.119998931884766,81.2913589477539,983.075439453125,
55.73_37.62,2022-07-05 00:00:00,20.299999237060547,20.086599349975586,none,0.0,0.0,6.489992141723633,11.879999160766602,60.26897048950195,998.5704345703125,
55.73_37.62,2022-07-05 10:00:00,28.100000381469727,28.706340789794922,none,0.0,0.0,10.29625129699707,23.399999618530273,40.56106948852539,999.080078125,
55.73_37.63,2022-01-14 08:00:00,1.5499999523162842,-6.232974052429199,rain,0.10000000149011612,58.0,38.53513717651367,53.63999557495117,87.82355499267578,964.8900756835938,
55.73_37.63,2022-03-11 16:00:00,-1.4500000476837158,-5.571723461151123,none,0.0,51.0,7.145795822143555,12.959999084472656,61.24805450439453,1011.9619750976562,
55.73_37.63,2022-03-31 22:00:00,-0.20000000298023224,-3.4989497661590576,none,0.0,36.0,7.072877883911133,12.239999771118164,94.68187713623047,994.7081298828125,
55.73_37.63,2022-07-24 14:00:00,28.299999237060547,28.229068756103516,none,0.0,0.0,9.0,23.03999900817871,37.80179214477539,994.9400634765625,
55.73_37.64,2022-03-16 18:00:00,-4.699999809265137,-9.15178108215332,none,0.0,49.0,8.43506908416748,11.519999504089355,68.5743637084961,1021.6793823242188,
55.73_37.64,2022-04-25 19:00:00,12.350000381469727,10.16712760925293,none,0.0,0.0,10.365250587463379,21.959999084472656,71.7834701538086,992.6224365234375,
55.73_37.64,2022-06-10 02:00:00,17.5,17.043119430541992,none,0.0,0.0,9.422101020812988,16.559999465942383,74.41620635986328,997.4210205078125,
55.73_37.64,2022-06-11 23:00:00,16.950000762939453,16.11849021911621,none,0.0,0.0,8.55710220336914,16.559999465942383,69.5800552368164,1000.2308349609375,
55.73_37.64,2022-06-16 21:00:00,16.25,14.885541915893555,none,0.0,0.0,6.92473840713501,20.51999855041504,60.72293472290039,997.1826171875,
55.73_37.64,2022-06-18 19:00:00,18.299999237060547,16.827259063720703,none,0.0,0.0,8.766572952270508,26.280000686645508,55.545799255371094,997.9544067382812,
55.73_37.64,2022-06-28 15:00:00,25.25,23.118759155273438,none,0.0,0.0,14.88241958618164,32.76000213623047,29.1085262298584,1006.315185546875,
55.73_37.65,2022-07-16 09:00:00,18.299999237060547,17.16368293762207,none,0.0,0.0,11.609650611877441,23.03999900817871,65.8317642211914,998.5738525390625,
55.73_37.65,2022-07-27 13:00:00,29.399999618530273,31.008281707763672,none,0.0,0.0,11.631956100463867,24.119998931884766,48.459007263183594,997.1148681640625,
55.73_37.66,2022-01-18 20:00:00,-6.25,-13.026130676269531,none,0.0,57.0,24.82695198059082,35.279998779296875,82.12440490722656,995.1826171875,
55.73_37.66,2022-01-20 19:00:00,-3.5,-10.620092391967773,snow,0.6000000238418579,56.0,29.888671875,39.959999084472656,90.70304107666016,984.64208984375,
55.73_37.66,2022-01-28 10:00:00,-7.300000190734863,-13.827032089233398,none,0.0,60.000003814697266,23.000591278076172,32.39999771118164,87.63521575927734,988.3335571289062,
55.73_37.66,2022-02-06 08:00:00,-9.100000381469727,-14.627524375915527,snow,0.20000000298023224,63.0,15.141413688659668,22.319997787475586,87.109375,987.055419921875,
55.73_37.66,2022-02-17 14:00:00,1.7000000476837158,-6.030872821807861,none,0.0,58.999996185302734,38.86833190917969,56.519996643066406,91.076904296875,978.371337890625,
55.73_37.66,2022-05-07 23:00:00,8.899999618530273,4.693629264831543,none,0.0,0.0,14.707221984863281,22.68000030517578,55.23029327392578,1006.8621826171875,
55.73_37.66,2022-06-04 13:00:00,19.25,17.357152938842773,none,0.0,0.0,15.905319213867188,29.15999984741211,48.75861740112305,1004.2342529296875,
55.73_37.66,2022-06-29 22:00:00,15.850000381469727,13.8336181640625,none,0.0,0.0,7.594208240509033,11.519999504089355,53.42768859863281,1003.0879516601562,
55.73_37.66,2022-07-27 18:00:00,27.149999618530273,27.237850189208984,none,0.0,0.0,14.471820831298828,28.079999923706055,51.68010330200195,994.1066284179688,
55.73_37.67,2022-04-27 18:00:00,9.550000190734863,3.8913612365722656,none,0.0,0.0,22.87062644958496,38.15999984741211,46.54182434082031,998.5130615234375,
55.73_37.67,2022-06-14 14:00:00,25.149999618530273,25.445268630981445,none,0.0,0.0,14.007655143737793,26.639999389648438,51.49300765991211,991.839111328125,
55.73_37.67,2022-06-30 08:00:00,20.5,18.350568771362305,none,0.0,0.0,12.661563873291016,24.119998931884766,47.15390396118164,1001.606201171875,
55.73_37.67,2022-07-26 21:00:00,21.799999237060547,23.756671905517578,none,0.0,0.0,7.491114139556885,10.440000534057617,80.52410888671875,993.057861328125,
55.73_37.68,2022-01-20 18:00:00,-3.5,-10.620092391967773,snow,0.6000000238418579,56.0,29.888671875,39.959999084472656,90.70304107666016,983.648193359375,
55.73_37.68,2022-05-08 21:00:00,11.0,8.724838256835938,rain,0.30000001192092896,0.0,13.905508995056152,25.559999465942383,87.7716293334961,999.3764038085938,
55.73_37.68,2022-08-04 18:00:00,27.200000762939453,27.24994659423828,none,0.0,0.0,6.725354194641113,10.799999237060547,42.198753356933594,1003.35693359375,
55.73_37.7,2022-01-18 14:00:00,-5.25,-12.834695816040039,none,0.0,58.0,30.85517120361328,41.76000213623047,80.99620819091797,986.3189086914062,
55.73_37.7,2022-02-23 09:00:00,0.6000000238418579,-4.538656234741211,none,0.0,55.0,19.839235305786133,30.599998474121094,90.33809661865234,985.4119873046875,
55.73_37.71,2022-02-03 08:00:00,-8.149999618530273,-12.963410377502441,none,0.0,62.0,10.853865623474121,14.399999618530273,88.59105682373047,993.3599853515625,
55.73_37.71,2022-02-19 16:00:00,0.6000000238418579,-8.231637954711914,snow,0.30000001192092896,56.0,44.81529998779297,60.12000274658203,88.05597686767578,976.3213500976562,
55.73_37.71,2022-04-28 15:00:00,7.449999809265137,3.293513298034668,none,0.0,0.0,7.968938827514648,16.919998168945312,34.968257904052734,1006.9210815429688,
55.73_37.71,2022-05-05 21:00:00,5.75,2.4449901580810547,none,0.0,0.0,6.92473840713501,9.359999656677246,61.192848205566406,1008.73046875,
55.73_37.71,2022-06-14 17:00:00,25.25,22.50347137451172,none,0.0,0.0,21.03152084350586,34.20000076293945,40.97187805175781,990.1268920898438,
55.73_37.71,2022-07-09 05:00:00,15.399999618530273,15.948602676391602,none,0.0,0.0,3.826852560043335,9.0,88.16044616699219,1000.3080444335938,
55.73_37.71,2022-08-04 08:00:00,23.049999237060547,23.477659225463867,none,0.0,0.0,7.091177463531494,16.559999465942383,58.41072463989258,1004.885009765625,
55.73_37.71,2022-08-06 23:00:00,22.75,23.300827026367188,none,0.0,0.0,11.18320083618164,18.719999313354492,66.97648620605469,1001.916259765625,
55.73_37.72,2022-02-26 19:00:00,0.05000000074505806,-4.008019924163818,none,0.0,52.0,11.17740535736084,15.119998931884766,85.44969177246094,1005.0967407226562,
55.73_37.73,2022-02-15 19:00:00,-2.75,-9.188310623168945,none,0.0,58.999996185302734,24.724950790405273,32.76000213623047,81.66172790527344,1002.8488159179688,
55.73_37.74,2022-02-06 22:00:00,-7.0,-11.556731224060059,none,0.0,63.0,9.904906272888184,15.480000495910645,90.43827056884766,986.0654296875,
55.73_37.75,2022-05-27 13:00:00,13.550000190734863,9.969930648803711,rain,0.10000000149011612,0.0,19.694992065429688,42.47999954223633,65.69102478027344,979.8663940429688,
55.73_37.76,2022-01-13 10:00:00,-17.5,-23.19992446899414,none,0.0,55.0,13.004921913146973,20.51999855041504,82.93728637695312,996.0079345703125,
55.73_37.76,2022-04-12 15:00:00,9.199999809265137,5.8538665771484375,none,0.0,16.0,16.873979568481445,27.0,83.21476745605469,991.4088745117188,
55.73_37.77,2022-04-08 08:00:00,6.050000190734863,1.8777666091918945,none,0.0,39.0,17.283748626708984,30.96000099182129,79.66475677490234,981.4641723632812,
55.73_37.77,2022-04-09 17:00:00,9.800000190734863,6.305521011352539,none,0.0,28.0,12.387348175048828,24.119998931884766,60.86048889160156,985.8108520507812,
55.73_37.78,2022-03-23 16:00:00,9.949999809265137,5.928408622741699,none,0.0,37.0,8.350137710571289,19.079999923706055,34.00959014892578,1005.1109619140625,
55.73_37.8,2022-08-11 18:00:00,,,,,,,,,,
55.73_37.83,2022-01-21 18:00:00,-7.400000095367432,-12.899433135986328,snow,0.30000001192092896,58.999996185302734,16.099689483642578,28.079999923706055,90.05531311035156,979.4602661132812,
55.73_37.83,2022-01-25 20:00:00,-9.100000381469727,-14.053041458129883,none,0.0,58.0,11.304228782653809,18.35999870300293,88.50348663330078,998.1934814453125,
55.73_37.83,2022-07-21 12:00:00,19.149999618530273,17.988235473632812,rain,0.10000000149011612,0.0,16.583459854125977,33.47999954223633,70.23574829101562,988.3523559570312,
55.73_37.83,2022-08-11 19:00:00,,,,,,,,,,
55.73_37.84,2022-06-13 08:00:00,19.100000381469727,17.480934143066406,none,0.0,0.0,10.239453315734863,23.399999618530273,53.73121643066406,994.5093383789062,
55.73_37.85,2022-06-02 22:00:00,17.450000762939453,18.033185958862305,none,0.0,0.0,10.703569412231445,18.0,92.37711334228516,1000.1942138671875,
55.73_37.86,2022-04-24 23:00:00,8.699999809265137,6.891959190368652,rain,0.20000000298023224,0.0,8.90590763092041,16.559999465942383,95.69068908691406,993.1975708007812,
55.73_37.86,2022-04-29 16:00:00,9.25,3.937051773071289,none,0.0,0.0,17.782686233520508,33.119998931884766,37.72172927856445,1004.7271118164062,
55.74_36.99,2022-04-19 10:00:00,9.949999809265137,5.851895332336426,none,0.0,1.0,19.039199829101562,39.23999786376953,68.16261291503906,999.748046875,
55.74_37.0,2022-02-03 19:00:00,-5.150000095367432,-9.195610046386719,snow,0.4000000059604645,58.0,7.704335689544678,14.399999618530273,91.62467193603516,993.2184448242188,
55.74_37.02,2022-06-02 09:00:00,20.350000381469727,20.300382614135742,none,0.0,0.0,12.979984283447266,29.15999984741211,73.4701919555664,1002.921630859375,
55.74_37.04,2022-06-04 17:00:00,18.850000381469727,16.72892951965332,none,0.0,0.0,11.65977668762207,26.639999389648438,50.6727180480957,997.8805541992188,
55.74_37.23,2022-02-18 07:00:00,1.850000023841858,-2.896479368209839,rain,0.10000000149011612,51.0,18.89914321899414,35.279998779296875,93.0791244506836,965.914306640625,
55.74_37.23,2022-05-22 14:00:00,11.25,7.103580474853516,none,0.0,0.0,18.204042434692383,39.23999786376953,38.03631591796875,987.2236938476562,
55.74_37.27,2022-05-11 16:00:00,16.899999618530273,12.342676162719727,none,0.0,0.0,17.399585723876953,37.07999801635742,29.131681442260742,990.707763671875,
55.74_37.27,2022-07-14 11:00:00,22.549999237060547,22.51922607421875,none,0.0,0.0,10.464797019958496,30.599998474121094,52.68321228027344,990.1163940429688,
55.74_37.29,2022-02-20 21:00:00,-0.6000000238418579,-5.344308853149414,none,0.0,48.0,14.565547943115234,28.440000534057617,80.14166259765625,982.9513549804688,
55.74_37.37,2022-01-25 22:00:00,-9.149999618530273,-14.015457153320312,snow,0.4000000059604645,55.0,10.703569412231445,18.719999313354492,88.8505859375,990.8934326171875,
55.74_37.37,2022-06-25 18:00:00,27.100000381469727,25.766029357910156,none,0.0,0.0,11.440978050231934,24.119998931884766,36.85020446777344,996.6116943359375,
55.74_37.37,2022-08-06 23:00:00,22.899999618530273,23.046710968017578,none,0.0,0.0,12.979984283447266,22.68000030517578,64.90535736083984,995.1678466796875,
55.74_37.41,2022-01-20 20:00:00,-3.200000047683716,-9.29887866973877,snow,0.10000000149011612,52.0,22.96393585205078,39.959999084472656,89.36837005615234,977.5988159179688,
55.74_37.41,2022-02-02 17:00:00,-4.5,-9.415936470031738,none,0.0,58.999996185302734,13.708391189575195,23.03999900817871,87.57144927978516,984.3319091796875,
55.74_37.41,2022-02-28 07:00:00,-7.050000190734863,-11.70610237121582,none,0.0,47.0,10.495713233947754,18.35999870300293,89.73352813720703,1012.0603637695312,
55.74_37.41,2022-03-03 16:00:00,2.5,-0.9223456382751465,none,0.0,46.0,5.58870267868042,10.440000534057617,64.59867858886719,987.6201782226562,
55.74_37.41,2022-05-29 10:00:00,12.300000190734863,8.422483444213867,rain,0.10000000149011612,0.0,19.813087463378906,41.39999771118164,65.64348602294922,989.5013427734375,
55.74_37.42,2022-01-12 23:00:00,-16.600000381469727,-21.986801147460938,none,0.0,51.0,11.090103149414062,18.35999870300293,82.70799255371094,1001.4492797851562,
55.74_37.42,2022-03-24 16:00:00,9.550000190734863,6.975661277770996,none,0.0,32.0,2.4149534702301025,5.039999961853027,48.986026763916016,995.4234619140625,
55.74_37.42,2022-07-11 17:00:00,28.649999618530273,27.063283920288086,none,0.0,0.0,20.746122360229492,48.959999084472656,41.78158950805664,989.2459106445312,
55.74_37.42,2022-07-31 16:00:00,23.0,21.841922760009766,none,0.0,0.0,3.3190360069274902,11.879999160766602,36.679443359375,998.0379638671875,
55.74_37.42,2022-08-01 21:00:00,18.600000381469727,17.338581085205078,none,0.0,0.0,8.55710220336914,16.919998168945312,56.94269943237305,996.9929809570312,
55.74_37.43,2022-05-14 08:00:00,12.25,8.082406997680664,none,0.0,0.0,20.523155212402344,43.560001373291016,62.093414306640625,983.7952270507812,
55.74_37.43,2022-05-21 14:00:00,15.149999618530273,11.426173210144043,none,0.0,0.0,8.350137710571289,20.51999855041504,29.165157318115234,987.394775390625,
55.74_37.43,2022-08-12 17:00:00,,,,,,,,,,
55.74_37.44,2022-06-03 14:00:00,18.5,16.56439781188965,rain,0.10000000149011612,0.0,24.490585327148438,47.880001068115234,78.04186248779297,993.9992065429688,
55.74_37.46,2022-01-18 17:00:00,-5.75,-12.320191383361816,none,0.0,56.0,23.68351173400879,32.03999710083008,81.87397003173828,987.5895385742188,
55.74_37.46,2022-02-14 14:00:00,-0.10000000149011612,-5.433951377868652,none,0.0,58.999996185302734,18.118410110473633,30.599998474121094,73.88349914550781,996.3001708984375,
55.74_37.46,2022-03-09 08:00:00,-14.550000190734863,-19.982872009277344,none,0.0,51.0,11.983187675476074,17.639999389648438,81.95435333251953,1005.2106323242188,
55.74_37.47,2022-05-09 12:00:00,8.899999618530273,3.5563440322875977,rain,0.10000000149011612,0.0,21.659915924072266,43.19999694824219,52.11726760864258,1000.7530517578125,
55.74_37.47,2022-05-14 16:00:00,14.5,10.03608512878418,rain,0.10000000149011612,0.0,19.602651596069336,36.36000061035156,46.12199401855469,984.1542358398438,
55.74_37.48,2022-04-29 10:00:00,7.0,2.0889949798583984,none,0.0,0.0,14.830076217651367,29.15999984741211,43.12871551513672,1006.7240600585938,
55.74_37.48,2022-05-23 16:00:00,13.649999618530273,7.57867431640625,none,0.0,0.0,23.424907684326172,41.39999771118164,29.385156631469727,984.5336303710938,
55.74_37.48,2022-07-14 22:00:00,16.100000381469727,16.506168365478516,none,0.0,0.0,8.287821769714355,16.559999465942383,92.30044555664062,985.5595703125,
55.74_37.49,2022-01-11 17:00:00,-12.75,-19.119693756103516,none,0.0,52.0,18.888851165771484,25.19999885559082,79.5373764038086,1010.26416015625,
55.74_37.49,2022-07-05 18:00:00,28.700000762939453,27.346168518066406,none,0.0,0.0,13.276144027709961,23.759998321533203,35.38852310180664,997.5067749023438,
55.74_37.49,2022-07-14 22:00:00,16.100000381469727,16.506168365478516,none,0.0,0.0,8.287821769714355,16.559999465942383,92.30044555664062,987.0687255859375,
55.74_37.49,2022-07-21 20:00:00,18.149999618530273,15.574554443359375,none,0.0,0.0,21.915691375732422,39.23999786376953,67.33612823486328,992.6671142578125,
55.74_37.51,2022-05-19 08:00:00,9.350000381469727,5.472246170043945,rain,0.10000000149011612,0.0,17.11420440673828,29.51999855041504,70.22066497802734,996.2943725585938,
55.74_37.51,2022-06-09 17:00:00,26.100000381469727,24.189701080322266,none,0.0,0.0,14.777549743652344,26.280000686645508,38.31562805175781,994.4226684570312,
55.74_37.52,2022-03-23 14:00:00,6.25,3.3119664192199707,none,0.0,39.0,6.92473840713501,13.319999694824219,62.441795349121094,1006.6746215820312,
55.74_37.52,2022-05-07 19:00:00,14.5,10.866878509521484,none,0.0,0.0,12.904882431030273,30.23999786376953,43.576560974121094,1003.251708984375,
55.74_37.52,2022-07-20 07:00:00,15.100000381469727,13.367210388183594,rain,3.0,0.0,15.815435409545898,29.51999855041504,80.93016052246094,989.5104370117188,
55.74_37.53,2022-01-10 22:00:00,-8.350000381469727,-15.082939147949219,none,0.0,52.0,23.93390655517578,31.68000030517578,88.92232513427734,1002.1663818359375,
55.74_37.53,2022-03-06 19:00:00,-3.1500000953674316,-8.855536460876465,none,0.0,49.0,18.12913703918457,28.440000534057617,70.53230285644531,991.1439208984375,
55.74_37.53,2022-05-16 14:00:00,11.5,6.381811141967773,rain,0.10000000149011612,0.0,22.90743064880371,46.07999801635742,52.450294494628906,987.1185302734375,
55.74_37.53,2022-05-16 16:00:00,13.100000381469727,8.016788482666016,rain,0.10000000149011612,0.0,23.773632049560547,44.63999557495117,45.560001373291016,987.414306640625,
55.74_37.53,2022-06-17 15:00:00,16.950000762939453,14.678306579589844,rain,2.4000000953674316,0.0,21.40713882446289,37.439998626708984,76.0480728149414,995.5078735351562,
55.74_37.53,2022-06-22 22:00:00,16.200000762939453,14.233386993408203,none,0.0,0.0,12.819234848022461,25.19999885559082,64.94269561767578,988.4140014648438,
55.74_37.54,2022-01-13 08:00:00,-16.950000762939453,-22.261018753051758,none,0.0,52.999996185302734,10.5142183303833,14.399999618530273,83.72523498535156,998.6798706054688,
55.74_37.54,2022-04-25 22:00:00,11.550000190734863,8.064935684204102,none,0.0,0.0,18.388212203979492,28.799999237060547,72.87265014648438,989.7973022460938,
55.74_37.54,2022-06-14 22:00:00,16.950000762939453,16.789417266845703,none,0.0,0.0,14.29159164428711,22.68000030517578,92.05380249023438,990.4074096679688,
55.74_37.54,2022-06-18 13:00:00,20.649999618530273,17.334857940673828,none,0.0,0.0,20.948163986206055,38.519996643066406,43.361900329589844,997.2583618164062,
55.74_37.54,2022-06-24 07:00:00,16.600000381469727,15.95475959777832,none,0.0,0.0,7.2805495262146,15.480000495910645,71.14270782470703,999.2973022460938,
55.74_37.54,2022-07-15 15:00:00,23.100000381469727,19.912609100341797,none,0.0,0.0,22.380884170532227,42.47999954223633,42.45589065551758,991.0477905273438,
55.74_37.54,2022-08-09 19:00:00,,,,,,,,,,
55.74_37.55,2022-07-03 05:00:00,16.649999618530273,15.102104187011719,none,0.0,0.0,13.896186828613281,20.880001068115234,71.86141204833984,999.9067993164062,
55.74_37.55,2022-07-28 09:00:00,24.0,25.886770248413086,rain,1.399999976158142,0.0,11.18320083618164,31.68000030517578,75.02227020263672,995.1148071289062,
55.74_37.55,2022-07-30 05:00:00,11.350000381469727,10.657135009765625,none,0.0,0.0,6.569382667541504,9.720000267028809,96.73825073242188,1002.651123046875,
55.74_37.55,2022-07-31 03:00:00,13.0,13.185752868652344,none,0.0,0.0,1.7999999523162842,3.239999771118164,90.31228637695312,1002.7474975585938,
55.74_37.55,2022-07-31 22:00:00,17.850000381469727,15.77490234375,none,0.0,0.0,10.383987426757812,17.280000686645508,51.97358703613281,1000.8638916015625,
55.74_37.56,2022-05-09 15:00:00,9.649999618530273,3.580756187438965,none,0.0,0.0,26.339111328125,45.71999740600586,47.430667877197266,1004.608154296875,
55.74_37.56,2022-07-02 16:00:00,25.25,22.641433715820312,none,0.0,0.0,13.009902954101562,26.280000686645508,26.044588088989258,1005.0673217773438,
55.74_37.57,2022-01-28 19:00:00,-6.5,-12.699402809143066,snow,0.10000000149011612,60.000003814697266,21.26134490966797,30.96000099182129,88.05487060546875,988.101318359375,
55.74_37.57,2022-06-15 17:00:00,18.850000381469727,14.45467758178711,none,0.0,0.0,25.86494255065918,47.880001068115234,47.99088668823242,994.02783203125,
55.74_37.57,2022-07-06 18:00:00,28.75,27.685476303100586,none,0.0,0.0,15.072783470153809,25.559999465942383,39.312191009521484,996.8206176757812,
55.74_37.57,2022-08-03 12:00:00,26.450000762939453,26.620771408081055,none,0.0,0.0,11.11345100402832,23.399999618530273,45.560829162597656,1003.5757446289062,
55.74_37.58,2022-01-20 07:00:00,-3.549999952316284,-9.635368347167969,none,0.0,56.0,22.87062644958496,30.96000099182129,91.73172760009766,987.5917358398438,
55.74_37.58,2022-04-08 17:00:00,12.649999618530273,7.19129753112793,none,0.0,39.0,28.5128173828125,45.0,58.008056640625,979.7614135742188,
55.74_37.58,2022-05-26 17:00:00,19.149999618530273,15.397989273071289,none,0.0,0.0,14.973575592041016,24.84000015258789,34.82866287231445,986.6650390625,
55.74_37.58,2022-06-30 05:00:00,11.899999618530273,10.88009262084961,none,0.0,0.0,5.483356475830078,10.440000534057617,83.25846099853516,1002.585205078125,
55.74_37.58,2022-07-14 16:00:00,20.200000762939453,20.045833587646484,rain,0.10000000149011612,0.0,10.464797973632812,20.880001068115234,68.4169921875,987.96923828125,
55.74_37.59,2022-01-31 11:00:00,-3.1500000953674316,-7.798280715942383,none,0.0,62.0,13.532360076904297,22.68000030517578,93.49665069580078,976.80029296875,
55.74_37.59,2022-02-19 01:00:00,-2.75,-8.410032272338867,none,0.0,55.0,20.390113830566406,27.0,90.07996368408203,982.5441284179688,
55.74_37.59,2022-04-01 19:00:00,0.4000000059604645,-4.430099964141846,none,0.0,34.0,14.825706481933594,26.280000686645508,72.3330078125,994.3468017578125,
55.74_37.59,2022-06-04 16:00:00,19.649999618530273,16.805818557739258,none,0.0,0.0,14.973575592041016,27.0,45.19403076171875,1002.5338134765625,
55.74_37.59,2022-06-05 18:00:00,17.5,14.141197204589844,none,0.0,0.0,18.08977508544922,31.68000030517578,50.827823638916016,998.47314453125,
55.74_37.59,2022-06-06 09:00:00,17.049999237060547,14.61024284362793,rain,0.10000000149011612,0.0,17.727943420410156,31.319997787475586,65.12828063964844,999.2821044921875,
55.74_37.59,2022-06-24 03:00:00,10.850000381469727,9.219893455505371,none,0.0,0.0,9.114471435546875,12.239999771118164,87.46236419677734,998.6239013671875,
55.74_37.59,2022-08-05 00:00:00,21.350000381469727,21.049501419067383,none,0.0,0.0,7.4215898513793945,13.679999351501465,57.05766296386719,1004.69384765625,
55.74_37.59,2022-08-09 13:00:00,20.049999237060547,19.334728240966797,none,0.0,0.0,13.5706148147583,25.919998168945312,67.72506713867188,1004.6224365234375,
55.74_37.6,2022-05-11 20:00:00,11.949999809265137,8.686173439025879,none,0.0,0.0,9.422101020812988,18.35999870300293,48.6042366027832,990.7459716796875,
55.74_37.61,2022-06-16 16:00:00,21.700000762939453,18.84083366394043,rain,0.10000000149011612,0.0,15.89309310913086,31.68000030517578,37.19418716430664,997.204833984375,
55.74_37.62,2022-01-16 19:00:00,-6.050000190734863,-12.45218563079834,none,0.0,55.0,22.53093719482422,29.51999855041504,83.7664794921875,991.1932983398438,
55.74_37.62,2022-03-11 12:00:00,-5.800000190734863,-10.234597206115723,none,0.0,51.0,7.754636764526367,14.75999927520752,68.60340881347656,1015.718505859375,
55.74_37.62,2022-04-04 16:00:00,2.5,-1.2292454242706299,none,0.0,45.0,4.33497428894043,6.839999675750732,45.33967971801758,987.8084716796875,
55.74_37.62,2022-06-02 13:00:00,23.600000381469727,24.46900177001953,rain,0.20000000298023224,0.0,11.631956100463867,23.399999618530273,60.06608581542969,1003.0634155273438,
55.74_37.62,2022-07-06 18:00:00,28.75,27.685476303100586,none,0.0,0.0,15.072783470153809,25.559999465942383,39.312191009521484,997.4957885742188,
55.74_37.63,2022-02-11 20:00:00,-2.299999952316284,-8.379138946533203,none,0.0,62.0,23.06529998779297,30.599998474121094,85.50636291503906,993.0355224609375,
55.74_37.63,2022-06-21 19:00:00,17.149999618530273,15.732688903808594,none,0.0,0.0,9.726663589477539,16.919998168945312,62.59162521362305,985.644775390625,
55.74_37.63,2022-07-26 13:00:00,27.899999618530273,30.251792907714844,none,0.0,0.0,4.680000305175781,18.719999313354492,52.69956970214844,994.1602783203125,
55.74_37.65,2022-01-13 14:00:00,-16.350000381469727,-23.86725425720215,snow,0.10000000149011612,54.000003814697266,25.671306610107422,35.63999938964844,80.31266784667969,992.3552856445312,
55.74_37.65,2022-02-04 22:00:00,-11.0,-16.152481079101562,none,0.0,63.0,11.983187675476074,15.119998931884766,91.95093536376953,997.6633911132812,
55.74_37.65,2022-02-11 14:00:00,0.550000011920929,-3.575441360473633,none,0.0,62.0,11.96695327758789,21.239999771118164,84.56717681884766,990.0512084960938,
55.74_37.65,2022-02-18 17:00:00,-0.30000001192092896,-5.370420932769775,none,0.0,56.0,16.595178604125977,23.759998321533203,76.95808410644531,981.442138671875,
55.74_37.65,2022-06-07 01:00:00,11.550000190734863,9.920549392700195,none,0.0,0.0,10.799999237060547,17.280000686645508,88.70926666259766,999.3749389648438,
55.74_37.65,2022-06-23 15:00:00,23.549999237060547,21.724288940429688,none,0.0,0.0,13.77911376953125,25.559999465942383,37.08736038208008,995.1723022460938,
55.74_37.66,2022-04-22 08:00:00,7.5,5.167551040649414,none,0.0,0.0,7.145795822143555,14.039999961853027,82.14141082763672,1004.2749633789062,
55.74_37.66,2022-05-30 11:00:00,17.649999618530273,17.15277099609375,none,0.0,0.0,8.145870208740234,20.15999984741211,47.0073356628418,1002.9196166992188,
55.74_37.66,2022-07-29 22:00:00,17.5,16.855928421020508,none,0.0,0.0,9.227523803710938,14.75999927520752,71.31167602539062,1000.4125366210938,
55.74_37.67,2022-01-06 22:00:00,-0.75,-7.4273200035095215,none,0.0,45.0,28.772987365722656,38.15999984741211,87.93045043945312,978.1803588867188,
55.74_37.67,2022-04-28 15:00:00,7.400000095367432,3.249650001525879,none,0.0,0.0,7.993297576904297,18.35999870300293,35.35865783691406,1005.8162231445312,
55.74_37.68,2022-01-10 14:00:00,-7.25,-13.074858665466309,snow,0.20000000298023224,52.0,18.214717864990234,25.559999465942383,87.64012908935547,997.4566040039062,
55.74_37.68,2022-04-21 11:00:00,5.75,0.6115703582763672,rain,1.2999999523162842,0.0,24.162944793701172,44.279998779296875,82.49417114257812,999.5225830078125,
55.74_37.7,2022-01-22 14:00:00,-4.800000190734863,-10.127347946166992,snow,0.10000000149011612,61.0,16.56391143798828,24.119998931884766,89.9169921875,989.148193359375,
55.74_37.7,2022-02-19 23:00:00,0.949999988079071,-6.697924613952637,none,0.0,56.0,36.50407409667969,48.959999084472656,84.61386108398438,973.4327392578125,
55.74_37.7,2022-05-04 07:00:00,5.699999809265137,2.094223976135254,none,0.0,0.0,12.594856262207031,23.399999618530273,77.93172454833984,991.5059204101562,
55.74_37.7,2022-05-21 15:00:00,14.800000190734863,11.31806755065918,none,0.0,0.0,7.2805495262146,16.919998168945312,31.29842758178711,991.8943481445312,
55.74_37.7,2022-07-11 15:00:00,30.350000381469727,26.410484313964844,none,0.0,0.0,33.01417541503906,58.679996490478516,34.13615036010742,991.7400512695312,
55.74_37.7,2022-07-24 21:00:00,22.049999237060547,22.47053337097168,none,0.0,0.0,7.65370512008667,10.799999237060547,62.87436294555664,991.8590698242188,
55.74_37.71,2022-07-26 17:00:00,26.450000762939453,27.618988037109375,none,0.0,0.0,11.620808601379395,23.399999618530273,59.403160095214844,992.509033203125,
55.74_37.75,2022-05-16 19:00:00,10.850000381469727,6.645847320556641,none,0.0,0.0,17.25373077392578,36.36000061035156,56.742218017578125,986.5861206054688,
55.74_37.76,2022-03-03 21:00:00,-5.949999809265137,-10.110285758972168,none,0.0,48.0,7.559999465942383,11.519999504089355,87.42845916748047,991.0859985351562,
55.74_37.76,2022-04-20 12:00:00,12.149999618530273,7.037469863891602,none,0.0,0.0,25.478742599487305,47.880001068115234,49.71478271484375,998.2329711914062,
55.74_37.76,2022-05-27 23:00:00,8.350000381469727,5.821025848388672,none,0.0,0.0,12.239999771118164,22.319997787475586,91.8374252319336,981.4915161132812,
55.74_37.77,2022-01-12 08:00:00,-14.949999809265137,-21.227622985839844,none,0.0,52.999996185302734,17.584810256958008,29.8799991607666,80.52969360351562,1008.5650634765625,
55.74_37.77,2022-04-01 10:00:00,0.10000000149011612,-4.957760810852051,none,0.0,33.0,18.07902717590332,33.47999954223633,85.45525360107422,992.7489624023438,
55.74_37.77,2022-04-05 21:00:00,0.4000000059604645,-5.826508045196533,none,0.0,42.0,26.280000686645508,44.63999557495117,84.86155700683594,977.3129272460938,
55.74_37.77,2022-05-10 12:00:00,7.550000190734863,-0.37244272232055664,none,0.0,0.0,35.325889587402344,66.95999908447266,40.91489028930664,997.0836791992188,
55.74_37.77,2022-05-12 14:00:00,20.100000381469727,17.319866180419922,none,0.0,0.0,19.592731475830078,39.599998474121094,47.20322799682617,983.4966430664062,
55.74_37.77,2022-05-22 13:00:00,10.899999618530273,6.953880310058594,none,0.0,0.0,18.837322235107422,39.23999786376953,41.60285949707031,985.3515625,
55.74_37.77,2022-06-29 08:00:00,17.450000762939453,15.683364868164062,none,0.0,0.0,7.4215898513793945,18.719999313354492,51.51404571533203,1004.5604858398438,
55.74_37.81,2022-03-30 13:00:00,-1.399999976158142,-5.9159698486328125,none,0.0,33.0,13.039753913879395,26.280000686645508,58.0174674987793,987.3516235351562,
55.74_37.82,2022-01-05 17:00:00,-8.449999809265137,-14.589786529541016,snow,0.30000001192092896,44.0,19.839235305786133,31.68000030517578,89.2645263671875,973.7348022460938,
55.74_37.82,2022-01-29 13:00:00,-5.199999809265137,-8.512018203735352,none,0.0,62.0,2.099142551422119,4.679999828338623,86.16693878173828,985.2186279296875,
55.74_37.82,2022-02-06 12:00:00,-7.449999809265137,-11.972158432006836,snow,0.10000000149011612,62.0,8.91318130493164,18.0,84.58096313476562,983.7080688476562,
55.74_37.82,2022-04-19 19:00:00,10.399999618530273,7.186847686767578,none,0.0,1.0,13.044723510742188,24.119998931884766,67.0755386352539,999.2857055664062,
55.74_37.82,2022-04-23 15:00:00,14.850000381469727,12.250795364379883,none,0.0,0.0,5.937272071838379,16.919998168945312,42.908180236816406,996.520751953125,
55.74_37.82,2022-05-19 13:00:00,9.449999809265137,5.937993049621582,rain,0.20000000298023224,0.0,16.923830032348633,31.319997787475586,77.96978759765625,995.2868041992188,
55.74_37.82,2022-05-22 19:00:00,8.649999618530273,3.8784332275390625,none,0.0,0.0,15.315873146057129,36.0,43.94243621826172,986.149658203125,
55.74_37.82,2022-07-01 17:00:00,21.399999618530273,16.65363311767578,none,0.0,0.0,19.10715103149414,36.71999740600586,25.26630401611328,1002.1246948242188,
55.74_37.83,2022-04-25 14:00:00,15.699999809265137,12.592971801757812,none,0.0,0.0,14.372974395751953,29.8799991607666,52.294185638427734,990.1564331054688,
55.74_37.84,2022-01-14 02:00:00,0.44999998807907104,-5.315736770629883,snow,0.10000000149011612,58.0,24.44291114807129,40.68000030517578,93.34130859375,971.8499145507812,
55.74_37.84,2022-01-22 07:00:00,-5.449999809265137,-10.99774169921875,none,0.0,60.000003814697266,17.429353713989258,27.719999313354492,87.81546020507812,983.0360717773438,
55.74_37.84,2022-04-20 15:00:00,13.300000190734863,7.586860656738281,none,0.0,0.0,23.686248779296875,44.279998779296875,37.53227615356445,996.3978881835938,
55.74_37.84,2022-05-30 21:00:00,14.800000190734863,12.283075332641602,none,0.0,0.0,10.948972702026367,18.0,56.95526885986328,1001.6022338867188,
55.74_37.84,2022-06-19 15:00:00,23.25,19.02071189880371,none,0.0,0.0,31.73109245300293,61.560001373291016,46.96360397338867,987.0233764648438,
55.74_37.84,2022-06-29 19:00:00,22.5,20.013839721679688,none,0.0,0.0,6.287129878997803,16.19999885559082,28.341510772705078,1000.379150390625,
55.74_37.84,2022-07-08 21:00:00,22.149999618530273,21.85090446472168,none,0.0,0.0,4.680000305175781,5.039999961853027,50.03818893432617,999.2040405273438,
55.74_37.84,2022-07-21 16:00:00,20.75,17.19331932067871,none,0.0,0.0,24.485292434692383,46.439998626708984,50.16407775878906,988.8862915039062,
55.74_37.85,2022-01-07 18:00:00,-6.550000190734863,-13.623510360717773,none,0.0,44.0,26.749235153198242,41.76000213623047,82.72785949707031,984.4053955078125,
55.74_37.85,2022-04-02 12:00:00,0.44999998807907104,-5.741331100463867,snow,0.10000000149011612,33.0,25.623300552368164,46.79999923706055,81.79449462890625,984.3238525390625,
55.74_37.86,2022-01-28 19:00:00,-6.550000190734863,-12.314542770385742,snow,0.10000000149011612,60.000003814697266,18.21827507019043,30.96000099182129,87.70874786376953,985.089111328125,
55.74_37.86,2022-02-02 14:00:00,-4.400000095367432,-10.103948593139648,none,0.0,62.0,18.668004989624023,32.76000213623047,82.6929931640625,986.364501953125,
55.74_37.86,2022-02-06 16:00:00,-7.550000190734863,-11.902717590332031,snow,0.10000000149011612,62.0,7.695919990539551,14.399999618530273,84.56889343261719,984.4712524414062,
55.74_37.86,2022-05-17 22:00:00,9.149999618530273,5.380012512207031,none,0.0,0.0,15.62997055053711,26.280000686645508,68.47540283203125,986.78564453125,
55.74_37.86,2022-06-02 17:00:00,24.75,24.42568588256836,none,0.0,0.0,9.779816627502441,20.15999984741211,49.42436981201172,1000.177001953125,
55.74_37.86,2022-07-15 00:00:00,15.300000190734863,15.547937393188477,none,0.0,0.0,8.350137710571289,16.919998168945312,94.67350006103516,986.223388671875,
55.74_37.86,2022-07-28 13:00:00,25.75,28.753154754638672,rain,1.0,0.0,11.620808601379395,30.23999786376953,70.3656234741211,993.625,
55.74_37.87,2022-01-30 13:00:00,-4.050000190734863,-10.01209831237793,none,0.0,61.0,19.855558395385742,34.560001373291016,75.14696502685547,976.0404052734375,
55.74_37.87,2022-04-28 08:00:00,2.799999952316284,-1.3784725666046143,none,0.0,0.0,8.55710220336914,19.799999237060547,50.79289245605469,1005.605712890625,
55.74_37.87,2022-04-28 22:00:00,4.150000095367432,1.112678050994873,none,0.0,0.0,2.741678237915039,7.199999809265137,56.43341827392578,1006.1923828125,
55.74_37.88,2022-07-05 23:00:00,21.600000381469727,22.99070930480957,none,0.0,0.0,7.289444923400879,11.879999160766602,74.86381530761719,997.2567138671875,
55.75_37.16,2022-07-09 03:00:00,15.0,15.165576934814453,none,0.0,0.0,5.86037540435791,13.679999351501465,88.99298095703125,998.8676147460938,
55.75_37.24,2022-06-17 18:00:00,15.850000381469727,15.479972839355469,rain,0.10000000149011612,0.0,9.53150463104248,19.440000534057617,84.27236938476562,997.4185791015625,
55.75_37.37,2022-01-08 00:00:00,-7.25,-13.5725679397583,none,0.0,43.0,20.724246978759766,39.23999786376953,76.96437072753906,983.505615234375,
55.75_37.37,2022-04-28 13:00:00,6.050000190734863,2.9191293716430664,none,0.0,0.0,2.545584201812744,12.59999942779541,45.69472122192383,999.1085815429688,
55.75_37.37,2022-05-04 19:00:00,5.349999904632568,0.011479854583740234,none,0.0,0.0,18.398780822753906,41.03999710083008,51.32172775268555,990.7081909179688,
55.75_37.37,2022-05-20 05:00:00,6.349999904632568,3.098658561706543,none,0.0,0.0,10.594036102294922,20.880001068115234,76.38998413085938,993.0821533203125,
55.75_37.4,2022-01-31 20:00:00,-2.549999952316284,-7.3048200607299805,snow,0.30000001192092896,58.0,14.75999927520752,27.0,93.52804565429688,965.52587890625,
55.75_37.41,2022-03-10 20:00:00,-9.5,-14.701441764831543,none,0.0,46.0,11.65977668762207,20.15999984741211,72.34703063964844,1012.29443359375,
55.75_37.41,2022-03-31 13:00:00,1.850000023841858,-2.5704383850097656,none,0.0,29.0,11.269782066345215,23.399999618530273,60.67863845825195,987.3710327148438,
55.75_37.41,2022-05-12 15:00:00,20.950000762939453,18.29644203186035,none,0.0,0.0,15.815435409545898,37.439998626708984,40.581512451171875,979.0609130859375,
55.75_37.42,2022-04-21 12:00:00,5.849999904632568,0.9624056816101074,rain,1.7000000476837158,0.0,23.424909591674805,42.119998931884766,86.37683868408203,996.1776123046875,
55.75_37.42,2022-06-09 20:00:00,22.649999618530273,22.78998374938965,none,0.0,0.0,6.130578517913818,12.239999771118164,55.359214782714844,990.1941528320312,
55.75_37.43,2022-01-18 09:00:00,-3.75,-11.17386245727539,snow,0.10000000149011612,52.0,31.01228141784668,53.279998779296875,83.73221588134766,980.0317993164062,
55.75_37.5,2022-01-29 14:00:00,-5.550000190734863,-8.841411590576172,snow,0.10000000149011612,58.999996185302734,2.1897945404052734,6.839999675750732,90.89753723144531,987.9264526367188,
55.75_37.5,2022-04-12 13:00:00,11.5,9.574254989624023,none,0.0,19.0,9.36691951751709,20.51999855041504,78.28395080566406,993.1817626953125,
55.75_37.5,2022-06-23 17:00:00,22.75,20.115856170654297,none,0.0,0.0,15.256525993347168,27.35999870300293,39.995750427246094,995.8648071289062,
55.75_37.5,2022-07-04 13:00:00,28.799999237060547,29.56592559814453,none,0.0,0.0,9.832679748535156,25.19999885559082,37.571224212646484,999.2288208007812,
55.75_37.51,2022-05-21 19:00:00,11.5,8.583251953125,none,0.0,0.0,7.1003098487854,15.84000015258789,50.24906921386719,990.270263671875,
55.75_37.51,2022-06-06 09:00:00,17.700000762939453,15.13224983215332,none,0.0,0.0,17.877180099487305,33.839996337890625,58.46185302734375,1000.9406127929688,
55.75_37.53,2022-03-15 15:00:00,0.3499999940395355,-4.108270645141602,none,0.0,47.0,8.825508117675781,20.51999855041504,49.50414276123047,1016.9478759765625,
55.75_37.53,2022-04-28 16:00:00,7.300000190734863,3.1250553131103516,none,0.0,0.0,8.640000343322754,19.079999923706055,37.56273651123047,1006.6647338867188,
55.75_37.53,2022-05-17 20:00:00,9.199999809265137,5.473729133605957,none,0.0,0.0,19.799999237060547,35.279998779296875,84.36661529541016,988.8138427734375,
55.75_37.53,2022-06-16 02:00:00,12.600000381469727,10.323311805725098,none,0.0,0.0,15.141413688659668,25.19999885559082,82.50875854492188,994.4598388671875,
55.75_37.53,2022-07-01 19:00:00,20.5,16.096227645874023,none,0.0,0.0,16.548255920410156,31.319997787475586,26.993593215942383,1004.0386962890625,
55.75_37.54,2022-02-22 13:00:00,2.700000047683716,-3.137958288192749,none,0.0,52.999996185302734,25.35637092590332,38.15999984741211,81.79904174804688,980.0944213867188,
55.75_37.54,2022-05-23 11:00:00,10.0,4.354648590087891,none,0.0,0.0,22.828086853027344,41.76000213623047,45.32498550415039,988.9276733398438,
55.75_37.54,2022-06-28 17:00:00,24.799999237060547,21.253097534179688,none,0.0,0.0,16.099689483642578,29.8799991607666,28.091604232788086,1005.8500366210938,
55.75_37.54,2022-07-08 10:00:00,20.450000762939453,19.97093391418457,none,0.0,0.0,9.44957160949707,21.239999771118164,61.70286560058594,1002.2915649414062,
55.75_37.55,2022-04-24 00:00:00,5.400000095367432,2.619589328765869,none,0.0,0.0,7.9932966232299805,11.879999160766602,84.51962280273438,999.1864624023438,
55.75_37.56,2022-02-22 07:00:00,1.5,-4.093570232391357,rain,0.30000001192092896,55.0,24.651456832885742,33.47999954223633,95.09569549560547,977.0051879882812,
55.75_37.56,2022-03-22 21:00:00,-0.10000000149011612,-4.370085716247559,none,0.0,39.0,10.703569412231445,15.480000495910645,73.0554428100586,1015.2357788085938,
55.75_37.56,2022-03-24 21:00:00,-0.8999999761581421,-5.467775821685791,none,0.0,36.0,11.119280815124512,11.879999160766602,65.5311050415039,1000.9273681640625,
55.75_37.56,2022-04-09 10:00:00,7.650000095367432,3.152711868286133,none,0.0,36.0,18.709611892700195,33.119998931884766,68.16138458251953,987.6912231445312,
55.75_37.56,2022-04-16 06:00:00,1.9500000476837158,-3.042182683944702,rain,0.10000000149011612,9.0,21.382905960083008,33.839996337890625,97.18106842041016,995.275634765625,
55.75_37.56,2022-04-19 11:00:00,10.550000190734863,5.992212295532227,none,0.0,3.0,21.915693283081055,37.79999923706055,65.25709533691406,1001.9269409179688,
55.75_37.56,2022-04-29 10:00:00,7.400000095367432,2.4826698303222656,none,0.0,0.0,15.188414573669434,28.440000534057617,43.24747085571289,1008.5103759765625,
55.75_37.56,2022-06-18 10:00:00,19.200000762939453,16.263446807861328,none,0.0,0.0,21.794126510620117,38.15999984741211,48.744972229003906,998.4660034179688,
55.75_37.56,2022-06-18 11:00:00,19.700000762939453,16.58989906311035,none,0.0,0.0,21.434364318847656,38.880001068115234,45.82876968383789,998.2957153320312,
55.75_37.56,2022-06-30 18:00:00,24.850000381469727,20.657611846923828,none,0.0,0.0,20.892412185668945,39.23999786376953,28.498754501342773,1000.9089965820312,
55.75_37.56,2022-07-03 02:00:00,17.950000762939453,16.341327667236328,rain,0.4000000059604645,0.0,9.605998039245605,14.039999961853027,56.58946990966797,1001.0010375976562,
55.75_37.56,2022-07-26 07:00:00,20.25,21.232215881347656,none,0.0,0.0,11.874544143676758,20.880001068115234,84.48725128173828,993.2529907226562,
55.75_37.56,2022-08-05 13:00:00,29.350000381469727,29.473388671875,none,0.0,0.0,13.044721603393555,25.919998168945312,38.094539642333984,1005.7709350585938,
55.75_37.57,2022-01-11 23:00:00,-12.949999809265137,-19.539417266845703,none,0.0,52.0,20.431386947631836,28.440000534057617,81.50537872314453,1013.1571044921875,
55.75_37.57,2022-04-17 18:00:00,6.150000095367432,0.6577825546264648,none,0.0,4.0,18.584508895874023,34.560001373291016,44.70006561279297,1006.048828125,
55.75_37.57,2022-04-20 07:00:00,5.349999904632568,-0.2890279293060303,none,0.0,1.0,22.782625198364258,35.63999938964844,62.225746154785156,1001.5016479492188,
55.75_37.57,2022-04-28 14:00:00,6.400000095367432,2.9224648475646973,none,0.0,0.0,4.693825721740723,14.75999927520752,43.605506896972656,1008.5491333007812,
55.75_37.57,2022-06-07 14:00:00,19.25,16.361276626586914,none,0.0,0.0,13.276144027709961,25.19999885559082,38.455318450927734,1000.3753051757812,
55.75_37.57,2022-06-08 23:00:00,12.850000381469727,10.82210922241211,none,0.0,0.0,10.239453315734863,12.239999771118164,72.12218475341797,998.73486328125,
55.75_37.57,2022-07-10 20:00:00,23.399999618530273,22.88619041442871,none,0.0,0.0,11.808877944946289,28.799999237060547,54.65298843383789,994.2711791992188,
55.75_37.57,2022-07-17 20:00:00,19.399999618530273,19.542760848999023,none,0.0,0.0,3.826852560043335,4.679999828338623,63.30917739868164,1000.8768310546875,
55.75_37.58,2022-02-07 20:00:00,-1.350000023841858,-6.899411201477051,snow,0.30000001192092896,63.0,20.948163986206055,29.15999984741211,91.19767761230469,984.2333374023438,
55.75_37.58,2022-02-10 15:00:00,0.949999988079071,-4.35473108291626,snow,0.20000000298023224,62.0,21.129884719848633,28.440000534057617,89.05745697021484,987.6205444335938,
55.75_37.58,2022-02-15 08:00:00,-4.75,-10.681922912597656,none,0.0,58.999996185302734,20.570463180541992,27.0,88.21951293945312,1000.5826416015625,
55.75_37.58,2022-04-07 15:00:00,5.300000190734863,1.2271003723144531,none,0.0,44.0,16.919998168945312,25.559999465942383,85.41006469726562,983.4434814453125,
55.75_37.58,2022-04-14 18:00:00,9.300000190734863,5.144308090209961,none,0.0,13.0,12.324414253234863,27.719999313354492,46.46971893310547,1000.6929931640625,
55.75_37.58,2022-04-29 15:00:00,9.699999809265137,4.386806488037109,none,0.0,0.0,16.873979568481445,33.47999954223633,33.423194885253906,1005.8289184570312,
55.75_37.58,2022-05-03 11:00:00,14.550000190734863,9.768227577209473,rain,0.10000000149011612,0.0,26.089447021484375,46.439998626708984,56.89198684692383,992.3584594726562,
55.75_37.58,2022-05-04 11:00:00,7.0,1.8942503929138184,rain,0.20000000298023224,0.0,22.89611053466797,41.03999710083008,64.92127990722656,993.3775634765625,
55.75_37.58,2022-05-08 20:00:00,11.300000190734863,8.907333374023438,rain,0.6000000238418579,0.0,14.618837356567383,33.839996337890625,85.75363159179688,1000.2964477539062,
55.75_37.58,2022-06-21 09:00:00,15.75,15.263736724853516,none,0.0,0.0,4.33497428894043,12.239999771118164,70.74569702148438,986.2268676757812,
55.75_37.58,2022-07-01 21:00:00,17.25,14.373462677001953,none,0.0,0.0,8.145870208740234,21.239999771118164,37.47505187988281,1006.0193481445312,
55.75_37.58,2022-07-04 20:00:00,27.350000381469727,26.58683204650879,none,0.0,0.0,7.4215898513793945,14.399999618530273,36.193634033203125,997.4915771484375,
55.75_37.58,2022-07-29 12:00:00,22.149999618530273,19.75218963623047,none,0.0,0.0,17.02689552307129,30.96000099182129,46.818599700927734,1000.4247436523438,
55.75_37.58,2022-07-29 19:00:00,19.649999618530273,19.030607223510742,none,0.0,0.0,7.952659606933594,19.799999237060547,60.314292907714844,1000.6104125976562,
55.75_37.59,2022-02-09 18:00:00,-1.5,-5.819052219390869,none,0.0,62.0,11.44097900390625,14.399999618530273,84.00970458984375,989.1655883789062,
55.75_37.59,2022-04-09 03:00:00,6.099999904632568,2.4039697647094727,rain,0.5,34.0,16.923828125,31.68000030517578,92.33646392822266,979.1759033203125,
55.75_37.6,2022-02-20 17:00:00,-0.800000011920929,-6.488216400146484,none,0.0,54.000003814697266,19.770523071289062,26.639999389648438,72.09854125976562,984.3139038085938,
55.75_37.6,2022-03-12 07:00:00,-5.599999904632568,-9.959434509277344,none,0.0,50.0,9.021574020385742,12.59999942779541,86.12350463867188,1003.0191040039062,
55.75_37.6,2022-03-16 21:00:00,-9.699999809265137,-14.86825942993164,none,0.0,47.0,11.753875732421875,14.75999927520752,78.10066223144531,1020.8583374023438,
55.75_37.6,2022-04-12 11:00:00,7.650000095367432,5.028395652770996,none,0.0,21.0,10.4399995803833,22.319997787475586,86.55879974365234,992.564697265625,
55.75_37.6,2022-05-21 17:00:00,14.850000381469727,11.488133430480957,none,0.0,0.0,5.692099571228027,13.679999351501465,29.295398712158203,990.3237915039062,
55.75_37.6,2022-06-30 14:00:00,24.350000381469727,21.93246841430664,none,0.0,0.0,19.245697021484375,36.0,30.92841339111328,1000.5762329101562,
55.75_37.6,2022-07-01 19:00:00,19.450000762939453,15.634002685546875,none,0.0,0.0,13.493998527526855,27.35999870300293,30.61890411376953,1003.8877563476562,
55.75_37.6,2022-07-21 11:00:00,17.399999618530273,16.418415069580078,none,0.0,0.0,14.917211532592773,31.68000030517578,78.89659881591797,987.4308471679688,
55.75_37.61,2022-01-05 00:00:00,-10.050000190734863,-15.070656776428223,none,0.0,41.0,11.269782066345215,20.51999855041504,88.06201171875,986.3569946289062,
55.75_37.61,2022-01-13 15:00:00,-11.699999809265137,-20.24786376953125,snow,0.4000000059604645,54.000003814697266,34.479278564453125,50.7599983215332,84.054931640625,983.3425903320312,
55.75_37.61,2022-02-05 12:00:00,-9.199999809265137,-12.810752868652344,none,0.0,62.0,2.4149534702301025,6.479999542236328,93.53543853759766,995.5806884765625,
55.75_37.61,2022-02-19 12:00:00,0.6499999761581421,-7.319151401519775,snow,0.20000000298023224,55.0,38.70627975463867,54.0,86.46253967285156,980.7865600585938,
55.75_37.61,2022-06-01 08:00:00,17.100000381469727,16.996023178100586,none,0.0,0.0,7.704335689544678,17.280000686645508,77.83172607421875,1004.8712768554688,
55.75_37.61,2022-06-04 17:00:00,19.399999618530273,16.7224178314209,none,0.0,0.0,14.512063980102539,27.0,47.17021560668945,1003.2939453125,
55.75_37.61,2022-06-10 16:00:00,25.799999237060547,23.466899871826172,none,0.0,0.0,17.819089889526367,32.39999771118164,34.573970794677734,997.2417602539062,
55.75_37.61,2022-07-07 04:00:00,20.899999618530273,21.40807342529297,none,0.0,0.0,15.273505210876465,24.119998931884766,81.42544555664062,996.474853515625,
55.75_37.62,2022-03-03 20:00:00,-4.650000095367432,-9.285396575927734,none,0.0,49.0,10.883675575256348,13.319999694824219,79.84010314941406,990.720458984375,
55.75_37.63,2022-04-11 07:00:00,4.150000095367432,0.017919540405273438,none,0.0,25.0,15.546833038330078,25.19999885559082,83.47445678710938,994.377685546875,
55.75_37.63,2022-04-23 19:00:00,12.300000190734863,10.254335403442383,none,0.0,0.0,6.193674087524414,9.720000267028809,62.53803634643555,998.8818969726562,
55.75_37.63,2022-06-26 16:00:00,30.25,29.341312408447266,none,0.0,0.0,8.404285430908203,17.639999389648438,30.593097686767578,1001.4676513671875,
55.75_37.63,2022-08-06 02:00:00,18.049999237060547,18.497055053710938,none,0.0,0.0,6.725354194641113,10.440000534057617,78.99031829833984,1004.726806640625,
55.75_37.64,2022-05-26 21:00:00,11.75,9.408588409423828,rain,1.600000023841858,0.0,15.778515815734863,24.479999542236328,87.8392105102539,983.6881713867188,
55.75_37.64,2022-06-01 14:00:00,22.5,22.566099166870117,none,0.0,0.0,11.384199142456055,24.479999542236328,58.2784538269043,1005.7353515625,
55.75_37.64,2022-06-16 11:00:00,19.950000762939453,18.259122848510742,none,0.0,0.0,17.581125259399414,32.76000213623047,53.05788040161133,998.1886596679688,
55.75_37.64,2022-06-17 13:00:00,19.0,17.480173110961914,rain,0.10000000149011612,0.0,16.793140411376953,33.119998931884766,62.390750885009766,997.6856079101562,
55.75_37.65,2022-03-05 17:00:00,-2.450000047683716,-8.181758880615234,none,0.0,49.0,19.917469024658203,30.23999786376953,80.17005920410156,998.7205810546875,
55.75_37.65,2022-04-25 11:00:00,15.449999809265137,13.215818405151367,none,0.0,0.0,15.141413688659668,29.51999855041504,55.763938903808594,991.3326416015625,
55.75_37.65,2022-05-11 10:00:00,12.0,6.712998390197754,none,0.0,0.0,23.587554931640625,39.599998474121094,49.319244384765625,993.4238891601562,
55.75_37.65,2022-05-12 18:00:00,17.350000381469727,14.662046432495117,rain,0.10000000149011612,0.0,20.969806671142578,39.599998474121094,67.17045593261719,982.122314453125,
55.75_37.65,2022-05-14 20:00:00,11.800000190734863,8.438875198364258,none,0.0,0.0,12.959999084472656,25.19999885559082,57.793914794921875,987.629638671875,
55.75_37.65,2022-05-15 14:00:00,15.699999809265137,11.900768280029297,none,0.0,0.0,13.207633972167969,25.919998168945312,38.374786376953125,985.30322265625,
55.75_37.66,2022-04-12 20:00:00,5.849999904632568,2.2553610801696777,none,0.0,8.0,15.51762866973877,29.15999984741211,90.72315216064453,993.2735595703125,
55.75_37.66,2022-04-29 14:00:00,8.75,3.5239696502685547,none,0.0,0.0,17.877180099487305,31.68000030517578,41.582828521728516,1006.7256469726562,
55.75_37.66,2022-06-11 04:00:00,13.100000381469727,12.518299102783203,none,0.0,0.0,7.491114139556885,10.799999237060547,90.91813659667969,999.6715698242188,
55.75_37.66,2022-06-16 18:00:00,20.100000381469727,16.935710906982422,none,0.0,0.0,16.750640869140625,31.319997787475586,43.206642150878906,995.6194458007812,
55.75_37.66,2022-06-29 03:00:00,12.699999809265137,10.87465763092041,none,0.0,0.0,6.287129878997803,10.440000534057617,65.50516510009766,1007.057861328125,
55.75_37.66,2022-08-06 12:00:00,28.799999237060547,29.987525939941406,none,0.0,0.0,16.51690101623535,30.96000099182129,51.28999710083008,1004.7879028320312,
55.75_37.67,2022-05-13 16:00:00,14.5,8.19980239868164,rain,0.10000000149011612,0.0,34.0709114074707,55.07999801635742,50.89451599121094,985.8663330078125,
55.75_37.67,2022-06-09 08:00:00,20.350000381469727,19.914663314819336,none,0.0,0.0,4.510787010192871,14.039999961853027,53.69575119018555,998.7474975585938,
55.75_37.67,2022-07-24 01:00:00,16.549999237060547,16.630084991455078,none,0.0,0.0,8.37338638305664,10.799999237060547,84.89936828613281,995.8912353515625,
55.75_37.68,2022-01-11 13:00:00,-10.649999618530273,-17.963668823242188,none,0.0,51.0,26.289859771728516,35.279998779296875,81.50506591796875,1008.3916625976562,
55.75_37.68,2022-02-02 13:00:00,-4.650000095367432,-11.286625862121582,none,0.0,61.0,25.02971076965332,36.0,83.94127655029297,987.3305053710938,
55.75_37.68,2022-03-10 21:00:00,-9.850000381469727,-15.603321075439453,none,0.0,52.0,15.15852165222168,20.880001068115234,70.2384262084961,1018.396484375,
55.75_37.68,2022-07-06 20:00:00,23.75,25.434682846069336,none,0.0,0.0,6.439876079559326,14.399999618530273,67.39274597167969,996.3131103515625,
55.75_37.68,2022-07-19 12:00:00,19.049999237060547,15.936609268188477,rain,0.20000000298023224,0.0,22.55393409729004,41.03999710083008,53.35837173461914,997.0714111328125,
55.75_37.69,2022-02-02 01:00:00,-4.050000190734863,-10.206899642944336,none,0.0,61.0,22.6828556060791,31.319997787475586,88.95806121826172,982.30908203125,
55.75_37.7,2022-01-14 11:00:00,1.399999976158142,-5.337308883666992,none,0.0,56.0,30.90343475341797,47.519996643066406,85.91129302978516,959.953125,
55.75_37.7,2022-01-14 20:00:00,-1.649999976158142,-9.653491973876953,snow,0.30000001192092896,55.0,35.949562072753906,54.71999740600586,79.08634185791016,958.416748046875,
55.75_37.7,2022-01-18 05:00:00,-2.25,-6.7414069175720215,snow,0.5,58.0,13.339445114135742,16.19999885559082,94.59329223632812,971.460205078125,
55.75_37.7,2022-04-16 17:00:00,3.4000000953674316,-3.524135112762451,none,0.0,9.0,30.248567581176758,58.31999969482422,64.09062194824219,998.4573364257812,
55.75_37.7,2022-04-29 22:00:00,3.25,-0.5420336723327637,none,0.0,0.0,12.245293617248535,21.959999084472656,83.66456604003906,1003.9214477539062,
55.75_37.7,2022-05-20 09:00:00,8.0,3.555582046508789,none,0.0,0.0,15.59676742553711,30.23999786376953,55.79722595214844,1000.0147705078125,
55.75_37.7,2022-05-21 17:00:00,14.350000381469727,10.62306022644043,none,0.0,0.0,9.007196426391602,16.919998168945312,32.33985137939453,989.2212524414062,
55.75_37.7,2022-05-23 10:00:00,9.100000381469727,3.2627601623535156,none,0.0,0.0,24.192428588867188,41.76000213623047,48.324947357177734,986.9075317382812,
55.75_37.7,2022-06-27 18:00:00,30.649999618530273,29.321327209472656,none,0.0,0.0,18.08977508544922,33.119998931884766,36.4007682800293,1000.7326049804688,
55.75_37.7,2022-08-04 22:00:00,22.799999237060547,22.038484573364258,none,0.0,0.0,9.793058395385742,15.84000015258789,51.04465866088867,1003.5365600585938,
55.75_37.71,2022-01-02 02:00:00,-5.5,-11.575841903686523,none,0.0,42.0,20.570463180541992,33.839996337890625,83.18875122070312,988.4436645507812,
55.75_37.71,2022-02-17 18:00:00,1.2999999523162842,-6.6981000900268555,rain,0.10000000149011612,55.0,40.80882263183594,54.71999740600586,94.40387725830078,971.9459228515625,
55.75_37.71,2022-03-17 16:00:00,-1.25,-5.134339809417725,none,0.0,49.0,6.162207126617432,10.079999923706055,65.1989974975586,1022.7930297851562,
55.75_37.71,2022-03-23 20:00:00,-1.7999999523162842,-6.683829307556152,none,0.0,34.0,13.183079719543457,15.84000015258789,69.20182800292969,1002.95751953125,
55.75_37.71,2022-04-04 15:00:00,1.649999976158142,-2.013840913772583,none,0.0,46.0,6.952754497528076,8.640000343322754,66.86187744140625,985.950439453125,
55.75_37.71,2022-04-11 13:00:00,5.25,1.1517515182495117,rain,0.10000000149011612,30.000001907348633,16.96589469909668,29.8799991607666,85.1029281616211,990.4395751953125,
55.75_37.71,2022-04-28 21:00:00,4.900000095367432,2.0459938049316406,none,0.0,0.0,1.6099690198898315,3.9600000381469727,54.15534210205078,1005.356689453125,
55.75_37.71,2022-06-10 05:00:00,17.950000762939453,18.40745735168457,none,0.0,0.0,8.714676856994629,15.84000015258789,83.69485473632812,995.7093505859375,
55.75_37.71,2022-06-22 00:00:00,14.649999618530273,13.30305290222168,rain,0.30000001192092896,0.0,10.4399995803833,16.19999885559082,76.4328384399414,982.0512084960938,
55.75_37.71,2022-07-13 20:00:00,21.100000381469727,20.56888198852539,none,0.0,0.0,7.559999465942383,17.639999389648438,55.51479721069336,993.3278198242188,
55.75_37.72,2022-01-07 17:00:00,-7.400000095367432,-14.000541687011719,none,0.0,44.0,23.000591278076172,36.36000061035156,82.28914642333984,984.8042602539062,
55.75_37.72,2022-01-10 08:00:00,-7.5,-12.914543151855469,snow,0.20000000298023224,50.0,15.546833038330078,20.51999855041504,91.10774993896484,995.2998046875,
55.75_37.72,2022-04-21 12:00:00,5.900000095367432,0.8386783599853516,rain,1.5,0.0,24.482646942138672,38.880001068115234,85.47522735595703,999.9781494140625,
55.75_37.72,2022-07-06 16:00:00,29.100000381469727,28.215171813964844,none,0.0,0.0,12.53813362121582,26.280000686645508,37.16635513305664,995.6747436523438,
55.75_37.72,2022-08-01 04:00:00,12.699999809265137,11.7276611328125,none,0.0,0.0,7.172948837280273,10.079999923706055,84.75931549072266,1000.66650390625,
55.75_37.72,2022-08-09 20:00:00,,,,,,,,,,
55.75_37.73,2022-03-09 12:00:00,-8.149999618530273,-13.885597229003906,none,0.0,52.0,15.408671379089355,28.440000534057617,66.17543029785156,1008.1793212890625,
55.75_37.73,2022-04-26 21:00:00,11.149999618530273,8.291091918945312,none,0.0,0.0,8.534353256225586,21.959999084472656,57.22304916381836,988.7991333007812,
55.75_37.76,2022-02-26 12:00:00,1.5499999523162842,-2.582923650741577,none,0.0,50.0,12.646200180053711,23.03999900817871,82.54508209228516,1000.3861083984375,
55.75_37.76,2022-03-14 17:00:00,1.899999976158142,-2.4224228858947754,none,0.0,48.0,11.592894554138184,20.880001068115234,66.41912078857422,1004.673095703125,
55.75_37.76,2022-03-25 18:00:00,4.449999809265137,0.7059555053710938,none,0.0,29.0,10.739832878112793,17.639999389648438,71.0117416381836,996.9601440429688,
55.75_37.76,2022-05-09 22:00:00,4.699999809265137,-0.16123008728027344,none,0.0,0.0,18.043148040771484,31.319997787475586,68.02584075927734,1002.1280517578125,
55.75_37.76,2022-06-01 16:00:00,20.649999618530273,18.763267517089844,none,0.0,0.0,18.075441360473633,35.63999938964844,59.175636291503906,1002.739990234375,
55.75_37.76,2022-07-10 19:00:00,25.600000381469727,24.310802459716797,none,0.0,0.0,18.59844970703125,36.0,49.810585021972656,991.131103515625,
55.75_37.77,2022-03-09 10:00:00,-10.800000190734863,-16.276748657226562,none,0.0,50.0,13.104198455810547,24.84000015258789,73.27700805664062,1006.2896118164062,
55.75_37.78,2022-01-21 16:00:00,-7.099999904632568,-13.150209426879883,snow,0.5,58.0,19.995397567749023,32.76000213623047,89.38063049316406,978.4677734375,
55.75_37.78,2022-03-17 23:00:00,-11.649999618530273,-16.374658584594727,none,0.0,44.0,8.121970176696777,9.359999656677246,81.35999298095703,1022.509521484375,
55.75_37.78,2022-03-22 14:00:00,6.550000190734863,2.474491596221924,none,0.0,37.0,13.584932327270508,27.0,60.94321823120117,1010.7130737304688,
55.75_37.78,2022-04-09 19:00:00,8.850000381469727,4.2987565994262695,none,0.0,28.0,18.89914321899414,31.68000030517578,62.16428756713867,985.5675659179688,
55.75_37.79,2022-02-04 18:00:00,-6.449999809265137,-11.019779205322266,none,0.0,62.0,9.904906272888184,15.480000495910645,85.69646453857422,994.7428588867188,
55.75_37.79,2022-05-08 21:00:00,10.050000190734863,7.7263336181640625,none,0.0,0.0,13.237037658691406,24.119998931884766,90.0960922241211,997.4089965820312,
55.75_37.79,2022-06-02 18:00:00,24.0,24.0029296875,none,0.0,0.0,9.746630668640137,20.880001068115234,54.80416488647461,999.264892578125,
55.75_37.79,2022-06-03 17:00:00,16.950000762939453,13.859701156616211,none,0.0,0.0,20.523157119750977,44.279998779296875,61.91975021362305,999.2859497070312,
55.75_37.8,2022-05-17 09:00:00,8.449999809265137,4.246662139892578,rain,0.4000000059604645,0.0,23.557315826416016,45.36000061035156,90.59469604492188,982.453125,
55.75_37.81,2022-01-02 16:00:00,-8.0,-13.51544189453125,none,0.0,41.0,15.188416481018066,28.440000534057617,81.55782318115234,992.1849975585938,
55.75_37.81,2022-05-15 17:00:00,14.399999618530273,10.696786880493164,none,0.0,0.0,14.386493682861328,29.8799991607666,46.42095184326172,983.2280883789062,
55.75_37.81,2022-06-02 08:00:00,17.149999618530273,16.73571014404297,none,0.0,0.0,11.885453224182129,24.84000015258789,81.99476623535156,1000.576904296875,
55.75_37.81,2022-06-05 21:00:00,13.100000381469727,11.402580261230469,none,0.0,0.0,10.315114974975586,16.559999465942383,77.47571563720703,995.2650146484375,
55.75_37.81,2022-06-18 15:00:00,20.850000381469727,17.321128845214844,none,0.0,0.0,18.51114273071289,41.76000213623047,37.98707580566406,994.7145385742188,
55.75_37.82,2022-03-16 14:00:00,-1.9500000476837158,-6.925082206726074,none,0.0,45.0,13.281023025512695,25.19999885559082,65.79312896728516,1017.5921020507812,
55.75_37.82,2022-03-24 07:00:00,-4.25,-7.9217329025268555,none,0.0,34.0,5.937272071838379,8.279999732971191,93.08546447753906,997.050048828125,
55.75_37.82,2022-04-17 17:00:00,6.949999809265137,1.3093581199645996,none,0.0,1.0,19.602651596069336,39.599998474121094,42.30751419067383,1001.869873046875,
55.75_37.82,2022-05-19 10:00:00,9.399999618530273,5.981911659240723,rain,0.4000000059604645,0.0,15.827720642089844,32.76000213623047,76.62346649169922,995.1417846679688,
55.75_37.82,2022-06-27 22:00:00,24.899999618530273,24.88465118408203,none,0.0,0.0,11.01388168334961,18.0,53.4598503112793,999.1242065429688,
55.75_37.82,2022-08-06 09:00:00,23.25,24.866527557373047,none,0.0,0.0,9.346142768859863,20.51999855041504,73.04470825195312,1002.0479736328125,
55.75_37.83,2022-05-18 14:00:00,14.050000190734863,9.177070617675781,none,0.0,0.0,21.900903701782227,41.03999710083008,46.15771484375,992.838134765625,
55.75_37.84,2022-04-20 08:00:00,6.650000095367432,1.5325427055358887,none,0.0,1.0,20.00511932373047,36.0,60.30583953857422,997.828369140625,
55.75_37.84,2022-05-01 04:00:00,-1.649999976158142,-5.364527702331543,none,0.0,0.0,7.628262996673584,10.799999237060547,87.51860809326172,1004.3573608398438,
55.75_37.84,2022-05-08 00:00:00,10.100000381469727,5.879645347595215,none,0.0,0.0,14.587776184082031,25.19999885559082,50.221561431884766,1001.922607421875,
55.75_37.84,2022-07-31 03:00:00,11.75,11.023308753967285,none,0.0,0.0,4.802999019622803,6.479999542236328,88.13394165039062,999.6835327148438,
55.75_37.86,2022-01-28 06:00:00,-8.649999618530273,-15.266037940979004,none,0.0,58.999996185302734,22.73421859741211,35.279998779296875,85.78572082519531,986.93310546875,
55.75_37.86,2022-04-10 22:00:00,4.699999809265137,2.44362211227417,rain,0.20000000298023224,15.000000953674316,3.8939952850341797,9.359999656677246,86.25870513916016,992.247802734375,
55.75_37.86,2022-04-29 18:00:00,7.650000095367432,3.633909225463867,none,0.0,0.0,10.99032211303711,25.919998168945312,50.455326080322266,1001.96533203125,
55.75_37.86,2022-06-12 18:00:00,23.350000381469727,21.13382911682129,none,0.0,0.0,11.165804862976074,21.959999084472656,36.77918243408203,994.0374755859375,
55.75_37.88,2022-05-18 12:00:00,14.399999618530273,10.62296199798584,none,0.0,0.0,21.40713882446289,40.68000030517578,44.48747634887695,993.2332763671875,
55.75_37.88,2022-08-06 14:00:00,29.25,30.192771911621094,none,0.0,0.0,14.058449745178223,31.319997787475586,47.659400939941406,1001.803466796875,
55.75_37.89,2022-05-20 15:00:00,12.25,9.876703262329102,none,0.0,0.0,3.5999999046325684,14.75999927520752,35.475868225097656,998.6385498046875,
55.76_37.23,2022-04-11 09:00:00,3.799999952316284,-0.023428916931152344,rain,0.800000011920929,11.0,14.145755767822266,26.639999389648438,89.29549407958984,992.6464233398438,
55.76_37.25,2022-06-09 13:00:00,24.75,25.13311767578125,none,0.0,0.0,5.692099571228027,16.559999465942383,43.921871185302734,995.6998291015625,
55.76_37.36,2022-05-20 23:00:00,5.699999809265137,1.3902010917663574,none,0.0,0.0,13.049689292907715,22.319997787475586,57.90066909790039,994.6841430664062,
55.76_37.37,2022-02-06 08:00:00,-9.0,-14.022330284118652,snow,0.20000000298023224,58.999996185302734,11.753876686096191,21.959999084472656,87.46609497070312,979.42138671875,
55.76_37.39,2022-06-19 13:00:00,23.100000381469727,19.808612823486328,none,0.0,0.0,28.58544921875,57.599998474121094,51.291648864746094,983.271728515625,
55.76_37.39,2022-06-29 23:00:00,15.399999618530273,13.677125930786133,none,0.0,0.0,6.792466163635254,13.319999694824219,57.894287109375,996.4979248046875,
55.76_37.4,2022-06-27 10:00:00,29.399999618530273,30.706043243408203,none,0.0,0.0,13.246826171875,29.8799991607666,49.54058074951172,1000.446044921875,
55.76_37.41,2022-01-20 15:00:00,-3.049999952316284,-8.538553237915039,none,0.0,51.0,19.09358024597168,32.03999710083008,91.07797241210938,979.6122436523438,
55.76_37.41,2022-03-16 18:00:00,-3.799999952316284,-8.349519729614258,none,0.0,43.0,9.5042724609375,16.19999885559082,67.70550537109375,1013.6034545898438,
55.76_37.41,2022-03-21 21:00:00,0.75,-3.0403497219085693,none,0.0,37.0,9.114471435546875,18.35999870300293,79.74747467041016,1011.0794677734375,
55.76_37.41,2022-04-24 20:00:00,9.25,7.104969024658203,rain,0.699999988079071,0.0,11.304228782653809,21.599998474121094,92.51976776123047,989.6256103515625,
55.76_37.41,2022-07-29 22:00:00,16.799999237060547,16.53607177734375,none,0.0,0.0,7.754636764526367,16.559999465942383,77.02662658691406,996.0167236328125,
55.76_37.43,2022-02-10 11:00:00,-0.15000000596046448,-4.618038177490234,snow,0.20000000298023224,58.0,14.843179702758789,24.119998931884766,92.6288070678711,986.5917358398438,
55.76_37.43,2022-06-16 11:00:00,20.049999237060547,18.153610229492188,none,0.0,0.0,16.243940353393555,35.63999938964844,49.976104736328125,995.680419921875,
55.76_37.49,2022-04-15 11:00:00,9.399999618530273,6.130643844604492,none,0.0,7.0,7.695919990539551,16.919998168945312,51.31541061401367,999.8833618164062,
55.76_37.49,2022-04-18 21:00:00,5.0,0.27741241455078125,none,0.0,2.0,14.934576988220215,24.479999542236328,56.23891067504883,1002.5880737304688,
55.76_37.5,2022-05-25 17:00:00,12.850000381469727,8.664909362792969,none,0.0,0.0,14.5610990524292,25.559999465942383,42.48101806640625,997.947021484375,
55.76_37.5,2022-07-13 21:00:00,18.600000381469727,17.864755630493164,none,0.0,0.0,6.849466800689697,12.59999942779541,60.66780471801758,995.9634399414062,
55.76_37.51,2022-03-10 15:00:00,-6.150000095367432,-12.081077575683594,none,0.0,49.0,16.56391143798828,28.440000534057617,54.69292068481445,1019.987060546875,
55.76_37.52,2022-03-17 11:00:00,-5.75,-10.219991683959961,none,0.0,47.0,8.66994857788086,16.559999465942383,75.42619323730469,1025.0352783203125,
55.76_37.53,2022-01-22 10:00:00,-5.25,-11.521768569946289,snow,0.20000000298023224,58.0,22.728517532348633,30.96000099182129,89.88067626953125,986.766357421875,
55.76_37.53,2022-02-24 01:00:00,-1.850000023841858,-5.795925617218018,none,0.0,52.0,9.470120429992676,15.480000495910645,90.82413482666016,999.1867065429688,
55.76_37.53,2022-03-30 03:00:00,-5.800000190734863,-9.932804107666016,none,0.0,32.0,7.628262996673584,12.59999942779541,89.14654541015625,984.880615234375,
55.76_37.53,2022-04-09 13:00:00,9.899999618530273,5.893106460571289,none,0.0,30.000001907348633,14.00302791595459,30.23999786376953,53.922855377197266,987.778076171875,
55.76_37.53,2022-04-17 21:00:00,3.0,-1.6620774269104004,none,0.0,3.0,12.889809608459473,20.15999984741211,55.70418167114258,1005.023193359375,
55.76_37.53,2022-04-28 20:00:00,3.049999952316284,-0.7139668464660645,none,0.0,0.0,8.891343116760254,10.440000534057617,67.42039489746094,1007.0909423828125,
55.76_37.53,2022-04-29 07:00:00,4.400000095367432,1.2618141174316406,none,0.0,0.0,8.55710220336914,18.719999313354492,81.14921569824219,1008.7250366210938,
55.76_37.53,2022-07-29 11:00:00,20.75,18.784101486206055,none,0.0,0.0,17.25373077392578,32.76000213623047,53.44306564331055,1000.991943359375,
55.76_37.53,2022-08-05 21:00:00,23.100000381469727,22.741134643554688,none,0.0,0.0,7.9281768798828125,12.959999084472656,51.46012878417969,1004.7078857421875,
55.76_37.54,2022-04-10 16:00:00,8.050000190734863,5.276564598083496,none,0.0,24.0,5.154415607452393,13.679999351501465,59.56810760498047,992.994140625,
55.76_37.54,2022-04-23 17:00:00,14.050000190734863,11.724074363708496,none,0.0,0.0,5.86037540435791,13.679999351501465,49.88774871826172,997.67333984375,
55.76_37.54,2022-05-14 13:00:00,15.550000190734863,11.333998680114746,none,0.0,0.0,23.219301223754883,43.19999694824219,45.291778564453125,986.7611083984375,
55.76_37.54,2022-06-03 19:00:00,16.149999618530273,13.095878601074219,none,0.0,0.0,19.242326736450195,35.63999938964844,62.784019470214844,1002.6720581054688,
55.76_37.54,2022-06-18 21:00:00,15.75,14.591978073120117,none,0.0,0.0,6.989935874938965,10.440000534057617,66.1658706665039,996.51123046875,
55.76_37.54,2022-06-27 16:00:00,32.099998474121094,30.911598205566406,none,0.0,0.0,17.566377639770508,31.68000030517578,32.0282096862793,1001.8619995117188,
55.76_37.55,2022-02-21 22:00:00,0.8500000238418579,-5.035280704498291,snow,0.5,54.000003814697266,25.942487716674805,35.63999938964844,95.07014465332031,979.6502685546875,
55.76_37.55,2022-04-09 18:00:00,10.149999618530273,6.413440704345703,none,0.0,30.000001907348633,13.493998527526855,27.719999313354492,57.57908630371094,987.8702392578125,
55.76_37.55,2022-05-26 09:00:00,12.75,11.255989074707031,none,0.0,0.0,2.1897945404052734,12.59999942779541,60.0898551940918,991.0277709960938,
55.76_37.55,2022-08-09 21:00:00,16.299999237060547,15.518939971923828,none,0.0,0.0,9.178235054016113,13.319999694824219,74.70198822021484,1005.6326904296875,
55.76_37.56,2022-02-24 12:00:00,-0.800000011920929,-4.451179504394531,none,0.0,52.0,6.618519306182861,11.159998893737793,78.0379409790039,1003.130859375,
55.76_37.56,2022-03-21 08:00:00,-0.25,-4.9098310470581055,none,0.0,44.0,15.62997055053711,23.399999618530273,89.61206817626953,1014.3910522460938,
55.76_37.56,2022-04-26 04:00:00,9.0,7.250568389892578,rain,0.10000000149011612,0.0,8.854828834533691,20.51999855041504,95.0539779663086,987.0698852539062,
55.76_37.56,2022-04-29 11:00:00,7.400000095367432,2.4826698303222656,none,0.0,0.0,15.188414573669434,28.440000534057617,43.24747085571289,1006.3096313476562,
55.76_37.56,2022-05-01 20:00:00,7.900000095367432,4.072070121765137,none,0.0,0.0,10.365250587463379,23.399999618530273,52.22309875488281,1002.2324829101562,
55.76_37.56,2022-05-18 13:00:00,14.399999618530273,10.059757232666016,none,0.0,0.0,23.598541259765625,41.03999710083008,44.48747634887695,993.8807983398438,
55.76_37.56,2022-06-09 11:00:00,24.100000381469727,25.23436737060547,none,0.0,0.0,5.052840709686279,15.84000015258789,42.59378433227539,995.25830078125,
55.76_37.56,2022-06-12 18:00:00,24.149999618530273,22.12474250793457,none,0.0,0.0,9.178235054016113,19.799999237060547,34.1069221496582,994.6874389648438,
55.76_37.56,2022-06-21 14:00:00,19.649999618530273,18.88430404663086,none,0.0,0.0,2.9024126529693604,14.399999618530273,49.1992301940918,985.1181030273438,
55.76_37.56,2022-07-10 17:00:00,27.399999618530273,25.02579116821289,none,0.0,0.0,22.183128356933594,39.23999786376953,40.36638641357422,993.7556762695312,
55.76_37.57,2022-01-28 13:00:00,-5.75,-13.132034301757812,snow,0.10000000149011612,58.999996185302734,29.62080192565918,40.68000030517578,85.7747573852539,985.22802734375,
55.76_37.57,2022-02-06 11:00:00,-8.100000381469727,-12.971951484680176,snow,0.10000000149011612,62.0,11.200571060180664,16.919998168945312,87.55604553222656,983.8558349609375,
55.76_37.57,2022-03-23 15:00:00,9.149999618530273,5.784614562988281,none,0.0,37.0,6.162207126617432,13.319999694824219,44.25267028808594,1006.9575805664062,
55.76_37.57,2022-07-11 22:00:00,25.75,22.434673309326172,none,0.0,0.0,26.415267944335938,42.119998931884766,41.658363342285156,991.0025634765625,
55.76_37.58,2022-02-28 16:00:00,-1.75,-5.965240478515625,none,0.0,50.0,9.227523803710938,14.399999618530273,73.85516357421875,1016.4297485351562,
55.76_37.58,2022-04-01 20:00:00,0.05000000074505806,-5.128651142120361,none,0.0,33.0,17.1746768951416,27.0,73.91133117675781,993.509521484375,
55.76_37.58,2022-04-05 13:00:00,2.25,-4.117252826690674,none,0.0,43.0,26.86767578125,40.31999969482422,65.26826477050781,983.6259765625,
55.76_37.58,2022-04-24 14:00:00,11.600000381469727,9.155235290527344,rain,0.5,0.0,12.245293617248535,20.15999984741211,75.6766357421875,993.7026977539062,
55.76_37.58,2022-05-14 05:00:00,7.25,3.101738929748535,none,0.0,0.0,17.057313919067383,26.280000686645508,73.10035705566406,985.7299194335938,
55.76_37.58,2022-05-28 08:00:00,11.25,9.511858940124512,rain,0.10000000149011612,0.0,7.56856632232666,15.119998931884766,77.97959899902344,979.797119140625,
55.76_37.59,2022-04-17 22:00:00,0.6000000238418579,-4.083156585693359,none,0.0,4.0,12.768586158752441,20.880001068115234,64.39634704589844,1002.7958374023438,
55.76_37.59,2022-06-07 07:00:00,13.850000381469727,12.024015426635742,none,0.0,0.0,9.290511131286621,19.799999237060547,68.72962188720703,999.1885375976562,
55.76_37.59,2022-06-23 23:00:00,15.699999809265137,14.458343505859375,none,0.0,0.0,8.427383422851562,12.59999942779541,68.41184997558594,996.2207641601562,
55.76_37.59,2022-06-26 10:00:00,27.25,28.14044189453125,none,0.0,0.0,5.86037540435791,16.559999465942383,43.04526901245117,1003.3554077148438,
55.76_37.59,2022-07-02 03:00:00,11.0,9.32168197631836,none,0.0,0.0,6.489992141723633,10.799999237060547,77.14564514160156,1004.1679077148438,
55.76_37.6,2022-01-28 11:00:00,-6.099999904632568,-13.439972877502441,snow,0.10000000149011612,58.999996185302734,29.175552368164062,39.23999786376953,86.4033432006836,984.6071166992188,
55.76_37.6,2022-04-17 18:00:00,6.150000095367432,0.6577825546264648,none,0.0,4.0,18.584508895874023,34.560001373291016,44.70006561279297,1003.109375,
55.76_37.6,2022-06-29 09:00:00,19.600000381469727,17.678123474121094,none,0.0,0.0,11.43531322479248,24.84000015258789,42.040836334228516,1004.5581665039062,
55.76_37.61,2022-01-19 09:00:00,-11.149999618530273,-16.081462860107422,none,0.0,55.0,10.105681419372559,13.319999694824219,87.2473373413086,995.5263061523438,
55.76_37.61,2022-08-08 21:00:00,,,,,,,,,,
55.76_37.62,2022-02-07 21:00:00,-1.350000023841858,-6.899411201477051,snow,0.30000001192092896,63.0,20.948163986206055,29.15999984741211,91.19767761230469,982.2628173828125,
55.76_37.62,2022-02-11 13:00:00,0.4000000059604645,-4.488400459289551,none,0.0,61.0,16.41852569580078,23.759998321533203,80.28816223144531,988.1967163085938,
55.76_37.62,2022-03-20 05:00:00,-5.099999904632568,-9.519540786743164,none,0.0,46.0,9.726663589477539,14.039999961853027,85.84689331054688,1021.779052734375,
55.76_37.62,2022-03-23 13:00:00,6.050000190734863,3.25846529006958,none,0.0,38.0,6.924737930297852,12.59999942779541,65.17571258544922,1007.9373168945312,
55.76_37.62,2022-05-14 10:00:00,14.199999809265137,9.488312721252441,none,0.0,0.0,24.923337936401367,42.839996337890625,48.714759826660156,986.0873413085938,
55.76_37.62,2022-05-14 18:00:00,13.5,9.660759925842285,none,0.0,0.0,15.905319213867188,34.560001373291016,50.79998779296875,985.7647094726562,
55.76_37.62,2022-06-14 12:00:00,25.049999237060547,25.22959327697754,none,0.0,0.0,13.237038612365723,27.0,50.477134704589844,991.9861450195312,
55.76_37.62,2022-07-13 22:00:00,17.149999618530273,16.306520462036133,none,0.0,0.0,9.387650489807129,11.159998893737793,70.31244659423828,994.3705444335938,
55.76_37.62,2022-08-03 12:00:00,27.350000381469727,26.982345581054688,none,0.0,0.0,13.237037658691406,26.280000686645508,40.22049331665039,1001.2308349609375,
55.76_37.63,2022-02-09 07:00:00,-2.1500000953674316,-6.062418460845947,snow,0.10000000149011612,62.0,8.942214012145996,11.879999160766602,90.46405792236328,987.7466430664062,
55.76_37.63,2022-03-03 12:00:00,-1.9500000476837158,-5.298235893249512,none,0.0,50.0,4.104631423950195,11.159998893737793,81.46437072753906,992.5845336914062,
55.76_37.63,2022-04-13 13:00:00,7.300000190734863,2.3422532081604004,none,0.0,16.0,23.377836227416992,39.959999084472656,76.00920104980469,996.59912109375,
55.76_37.63,2022-05-05 08:00:00,5.150000095367432,0.4504070281982422,none,0.0,0.0,14.058449745178223,27.0,52.23514175415039,1004.8558349609375,
55.76_37.63,2022-06-06 17:00:00,19.200000762939453,15.59539794921875,none,0.0,0.0,20.188907623291016,36.0,46.47649383544922,996.4819946289062,
55.76_37.63,2022-06-23 19:00:00,21.0,19.804399490356445,none,0.0,0.0,9.08598804473877,21.599998474121094,50.73632049560547,995.252685546875,
55.76_37.63,2022-07-23 11:00:00,26.049999237060547,26.482322692871094,none,0.0,0.0,11.165804862976074,22.68000030517578,45.74879455566406,997.5801391601562,
55.76_37.64,2022-04-26 19:00:00,12.649999618530273,9.788031578063965,none,0.0,0.0,10.495713233947754,22.68000030517578,57.4030876159668,987.4877319335938,
55.76_37.64,2022-04-27 06:00:00,7.300000190734863,4.368629455566406,none,0.0,0.0,11.753876686096191,18.35999870300293,85.32816314697266,991.2592163085938,
55.76_37.64,2022-06-18 00:00:00,12.350000381469727,11.72158145904541,none,0.0,0.0,7.920000076293945,12.959999084472656,95.81053161621094,993.5879516601562,
55.76_37.65,2022-04-13 22:00:00,4.400000095367432,-0.829603910446167,none,0.0,14.0,20.721118927001953,33.119998931884766,70.23065948486328,999.1407470703125,
55.76_37.65,2022-05-20 14:00:00,11.600000381469727,8.854865074157715,none,0.0,0.0,9.028754234313965,24.119998931884766,38.85031509399414,997.8659057617188,
55.76_37.65,2022-06-07 08:00:00,15.5,13.88680648803711,none,0.0,0.0,9.178235054016113,20.51999855041504,65.0078125,998.1920776367188,
55.76_37.65,2022-06-15 09:00:00,15.949999809265137,11.229145050048828,none,0.0,0.0,28.35785484313965,47.15999984741211,58.2288818359375,990.2947998046875,
55.76_37.65,2022-06-16 08:00:00,16.75,14.900249481201172,none,0.0,0.0,15.328560829162598,28.440000534057617,70.00314331054688,992.9646606445312,
55.76_37.65,2022-07-21 19:00:00,19.100000381469727,16.434471130371094,none,0.0,0.0,22.862123489379883,37.79999923706055,64.08014678955078,990.2728271484375,
55.76_37.65,2022-08-07 02:00:00,20.600000381469727,21.471452713012695,none,0.0,0.0,8.854828834533691,15.84000015258789,76.14099884033203,998.9530639648438,
55.76_37.66,2022-05-29 00:00:00,7.150000095367432,4.213196754455566,none,0.0,0.0,12.229406356811523,18.719999313354492,88.0254135131836,987.0328369140625,
55.76_37.66,2022-06-22 19:00:00,20.200000762939453,17.434364318847656,none,0.0,0.0,18.289274215698242,32.03999710083008,50.522804260253906,985.9232177734375,
55.76_37.66,2022-08-06 04:00:00,17.950000762939453,18.37143898010254,none,0.0,0.0,7.2805495262146,11.519999504089355,80.26265716552734,1002.8234252929688,
55.76_37.66,2022-08-07 03:00:00,20.0,21.408096313476562,none,0.0,0.0,8.654986381530762,13.679999351501465,85.26408386230469,999.9774780273438,
55.76_37.68,2022-01-28 12:00:00,-6.0,-13.579986572265625,snow,0.10000000149011612,58.999996185302734,30.821548461914062,41.76000213623047,85.74685668945312,986.0505981445312,
55.76_37.68,2022-02-24 14:00:00,-0.10000000149011612,-4.720028400421143,none,0.0,50.0,13.79791259765625,20.15999984741211,77.85905456542969,1004.934326171875,
55.76_37.68,2022-05-16 17:00:00,12.899999618530273,7.819704055786133,rain,0.10000000149011612,0.0,22.768396377563477,41.76000213623047,48.179691314697266,988.6959838867188,
55.76_37.68,2022-06-21 12:00:00,18.700000762939453,18.141712188720703,none,0.0,0.0,1.9386591911315918,14.039999961853027,53.08768844604492,986.11669921875,
55.76_37.68,2022-07-28 10:00:00,24.350000381469727,25.60760498046875,rain,0.8999999761581421,0.0,13.698933601379395,33.119998931884766,70.986083984375,995.7867431640625,
55.76_37.68,2022-08-04 17:00:00,28.549999237060547,27.800540924072266,none,0.0,0.0,6.297428131103516,22.68000030517578,32.64350891113281,1005.1307983398438,
55.76_37.69,2022-01-14 16:00:00,0.15000000596046448,-6.217938423156738,none,0.0,55.0,27.438045501708984,36.36000061035156,87.69149780273438,958.6194458007812,
55.76_37.69,2022-02-05 14:00:00,-8.899999618530273,-12.633895874023438,none,0.0,60.000003814697266,3.2599384784698486,6.839999675750732,91.36561584472656,994.83935546875,
55.76_37.69,2022-02-25 00:00:00,-5.849999904632568,-10.851088523864746,none,0.0,49.0,13.77911376953125,19.079999923706055,91.57720184326172,1007.2132568359375,
55.76_37.69,2022-03-04 13:00:00,-2.5999999046325684,-8.406732559204102,none,0.0,47.0,21.31613540649414,33.119998931884766,88.41727447509766,994.805419921875,
55.76_37.69,2022-03-06 17:00:00,-2.6500000953674316,-8.715588569641113,none,0.0,46.0,20.59879493713379,30.23999786376953,67.96074676513672,991.677490234375,
55.76_37.69,2022-04-29 07:00:00,2.549999952316284,-0.6700091361999512,none,0.0,0.0,9.0,16.919998168945312,91.79216003417969,1007.7152099609375,
55.76_37.69,2022-05-18 11:00:00,12.75,8.414592742919922,none,0.0,0.0,22.180206298828125,38.15999984741211,55.45265197753906,994.289794921875,
55.76_37.69,2022-07-09 22:00:00,17.600000381469727,18.90982437133789,none,0.0,0.0,5.86037540435791,12.959999084472656,91.79903411865234,995.1101684570312,
55.76_37.7,2022-02-11 14:00:00,0.44999998807907104,-4.335497856140137,none,0.0,60.000003814697266,15.937877655029297,21.959999084472656,81.49271392822266,989.2824096679688,
55.76_37.7,2022-05-24 18:00:00,6.849999904632568,1.934870719909668,none,0.0,0.0,16.56391143798828,29.15999984741211,50.79200744628906,993.1350708007812,
55.76_37.7,2022-05-26 09:00:00,12.550000190734863,11.224425315856934,none,0.0,0.0,2.1600000858306885,12.239999771118164,64.13066101074219,992.2958984375,
55.76_37.7,2022-06-10 17:00:00,25.5,22.86598777770996,none,0.0,0.0,16.80085563659668,32.39999771118164,35.91326904296875,996.6113891601562,
55.76_37.7,2022-07-05 00:00:00,19.649999618530273,19.169841766357422,none,0.0,0.0,8.20926284790039,11.519999504089355,62.53850555419922,997.838623046875,
55.76_37.72,2022-06-27 19:00:00,28.649999618530273,28.656368255615234,none,0.0,0.0,11.753876686096191,27.35999870300293,43.85066604614258,999.8471069335938,
55.76_37.72,2022-07-10 13:00:00,27.549999237060547,28.173660278320312,rain,0.10000000149011612,0.0,13.60876178741455,36.71999740600586,50.3225212097168,990.8269653320312,
55.76_37.73,2022-01-09 21:00:00,-6.0,-10.926401138305664,snow,0.6000000238418579,45.0,13.004921913146973,24.119998931884766,89.81974029541016,995.6591186523438,
55.76_37.73,2022-01-15 13:00:00,-2.0,-9.335729598999023,snow,0.10000000149011612,55.0,31.178993225097656,51.839996337890625,79.63230895996094,971.162353515625,
55.76_37.73,2022-02-15 17:00:00,-2.1500000953674316,-7.840639114379883,none,0.0,56.0,20.089160919189453,30.96000099182129,82.05364990234375,1000.581298828125,
55.76_37.73,2022-04-16 15:00:00,3.5,-4.01352596282959,none,0.0,2.0,34.114627838134766,63.720001220703125,62.70227813720703,997.7285766601562,
55.76_37.73,2022-05-15 18:00:00,14.399999618530273,10.696786880493164,none,0.0,0.0,14.386493682861328,29.8799991607666,46.42095184326172,983.4608154296875,
55.76_37.73,2022-06-02 14:00:00,24.149999618530273,25.579057693481445,none,0.0,0.0,8.20926284790039,23.759998321533203,59.81081008911133,999.6829223632812,
55.76_37.74,2022-03-09 14:00:00,-7.400000095367432,-13.265768051147461,none,0.0,48.0,16.323528289794922,29.8799991607666,62.697689056396484,1007.55615234375,
55.76_37.74,2022-03-23 17:00:00,9.149999618530273,6.3184614181518555,none,0.0,34.0,3.8773183822631836,15.84000015258789,49.231502532958984,1003.0618896484375,
55.76_37.74,2022-05-16 08:00:00,10.0,5.489270210266113,none,0.0,0.0,21.38593864440918,41.76000213623047,66.98983764648438,987.3621215820312,
55.76_37.74,2022-05-20 17:00:00,12.100000381469727,8.837432861328125,none,0.0,0.0,5.411986351013184,15.480000495910645,36.22772979736328,997.6968383789062,
55.76_37.74,2022-07-28 10:00:00,24.0,25.88005256652832,rain,1.100000023841858,0.0,10.079999923706055,33.47999954223633,73.40351867675781,993.9124755859375,
55.76_37.75,2022-03-06 11:00:00,-2.549999952316284,-8.674458503723145,none,0.0,45.0,22.104116439819336,39.23999786376953,76.57725524902344,994.8668212890625,
55.76_37.75,2022-03-09 08:00:00,-14.300000190734863,-19.84280014038086,none,0.0,48.0,12.819234848022461,20.51999855041504,81.99018859863281,1006.0579223632812,
55.76_37.75,2022-04-20 14:00:00,13.649999618530273,8.338262557983398,none,0.0,0.0,26.474077224731445,50.03999710083008,38.60609436035156,998.5089721679688,
55.76_37.75,2022-05-13 18:00:00,13.550000190734863,9.050464630126953,none,0.0,0.0,22.14804458618164,42.47999954223633,55.273372650146484,985.6358642578125,
55.76_37.76,2022-01-20 23:00:00,-3.4000000953674316,-9.772688865661621,snow,0.20000000298023224,52.999996185302734,24.648828506469727,40.68000030517578,89.0146484375,980.1959228515625,
55.76_37.76,2022-05-20 16:00:00,12.100000381469727,8.837432861328125,none,0.0,0.0,5.411986351013184,15.480000495910645,36.22772979736328,997.8160400390625,
55.76_37.76,2022-07-08 14:00:00,24.200000762939453,23.604995727539062,none,0.0,0.0,8.942214012145996,23.03999900817871,45.24223709106445,999.03125,
55.76_37.77,2022-06-01 18:00:00,19.600000381469727,19.274246215820312,none,0.0,0.0,9.931041717529297,29.15999984741211,67.85401153564453,1002.7908325195312,
55.76_37.77,2022-06-27 13:00:00,31.399999618530273,33.05635452270508,none,0.0,0.0,14.773163795471191,31.319997787475586,43.62380599975586,1001.044189453125,
55.76_37.78,2022-03-18 14:00:00,3.1500000953674316,-1.4291229248046875,none,0.0,44.0,12.245292663574219,26.280000686645508,54.70113754272461,1021.3473510742188,
55.76_37.78,2022-04-06 16:00:00,2.1500000953674316,-3.426586866378784,none,0.0,38.0,19.586116790771484,34.560001373291016,61.67591857910156,980.5042114257812,
55.76_37.78,2022-04-10 02:00:00,6.699999809265137,2.8490829467773438,rain,0.800000011920929,19.0,18.204042434692383,31.68000030517578,89.52997589111328,983.580322265625,
55.76_37.78,2022-05-18 17:00:00,12.300000190734863,7.482700347900391,none,0.0,0.0,22.41560173034668,46.79999923706055,54.368804931640625,992.7388305664062,
55.76_37.78,2022-06-12 17:00:00,24.0,22.18364715576172,none,0.0,0.0,9.114471435546875,21.599998474121094,36.34259796142578,994.6981811523438,
55.76_37.78,2022-07-01 16:00:00,21.299999237060547,16.74878692626953,none,0.0,0.0,18.39173698425293,36.36000061035156,26.447643280029297,1000.943115234375,
55.76_37.78,2022-07-14 09:00:00,19.0,19.324087142944336,none,0.0,0.0,3.2599384784698486,28.799999237060547,66.19735717773438,989.97216796875,
55.76_37.78,2022-08-07 06:00:00,19.649999618530273,20.85847282409668,none,0.0,0.0,9.726664543151855,15.480000495910645,86.58580017089844,998.9466552734375,
55.76_37.79,2022-02-01 21:00:00,-5.75,-11.832561492919922,none,0.0,62.0,21.09612274169922,40.68000030517578,89.8401107788086,978.3004760742188,
55.76_37.8,2022-03-23 19:00:00,0.6499999761581421,-3.6998825073242188,none,0.0,34.0,11.212135314941406,12.959999084472656,68.93694305419922,1001.33154296875,
55.76_37.8,2022-07-19 15:00:00,20.350000381469727,16.754520416259766,none,0.0,0.0,19.296133041381836,43.19999694824219,41.82208251953125,994.2901611328125,
55.76_37.81,2022-04-22 10:00:00,8.600000381469727,6.2685651779174805,none,0.0,0.0,7.56856632232666,16.559999465942383,77.83763122558594,1002.0654907226562,
55.76_37.82,2022-02-01 09:00:00,-2.700000047683716,-7.58549690246582,none,0.0,62.0,15.281989097595215,24.84000015258789,91.4447250366211,974.4926147460938,
55.76_37.82,2022-03-04 12:00:00,-2.299999952316284,-7.763562202453613,none,0.0,46.0,18.844202041625977,34.20000076293945,85.50636291503906,993.076416015625,
55.76_37.82,2022-03-21 07:00:00,-1.149999976158142,-5.827226638793945,none,0.0,41.0,15.192682266235352,25.19999885559082,91.54953002929688,1013.7210083007812,
55.76_37.82,2022-04-18 10:00:00,7.300000190734863,2.957634449005127,none,0.0,1.0,15.484185218811035,32.39999771118164,51.10650634765625,1001.3013916015625,
55.76_37.82,2022-05-04 08:00:00,8.100000381469727,3.6132593154907227,none,0.0,0.0,17.46278190612793,33.47999954223633,61.54178237915039,988.5379638671875,
55.76_37.82,2022-05-06 23:00:00,8.199999809265137,3.8947906494140625,none,0.0,0.0,14.182354927062988,24.84000015258789,53.26960372924805,1006.8600463867188,
55.76_37.82,2022-05-17 19:00:00,11.850000381469727,7.617340087890625,none,0.0,0.0,22.17144012451172,41.39999771118164,67.38369750976562,984.1978759765625,
55.76_37.82,2022-06-15 12:00:00,17.0,12.403816223144531,none,0.0,0.0,27.076690673828125,50.03999710083008,53.54668045043945,991.239013671875,
55.76_37.83,2022-01-07 13:00:00,-6.349999904632568,-11.831180572509766,none,0.0,44.0,15.546833038330078,24.479999542236328,78.34056091308594,982.601318359375,
55.76_37.83,2022-05-22 22:00:00,5.75,1.047926902770996,none,0.0,0.0,14.578889846801758,28.440000534057617,52.401893615722656,986.3690795898438,
55.76_37.84,2022-01-20 09:00:00,-3.5999999046325684,-9.340851783752441,none,0.0,54.000003814697266,20.469409942626953,32.76000213623047,91.72840118408203,985.9420776367188,
55.76_37.84,2022-04-02 05:00:00,-1.399999976158142,-6.99814510345459,snow,0.20000000298023224,30.000001907348633,20.377399444580078,36.0,84.65252685546875,986.4954223632812,
55.76_37.84,2022-04-14 17:00:00,10.050000190734863,5.257177352905273,none,0.0,1.0,15.905319213867188,33.839996337890625,41.505043029785156,998.2374267578125,
55.76_37.84,2022-06-18 14:00:00,21.0,17.291446685791016,none,0.0,0.0,19.06300926208496,41.03999710083008,37.89913558959961,994.7241821289062,
55.76_37.84,2022-07-13 14:00:00,24.25,22.347963333129883,none,0.0,0.0,14.917211532592773,32.39999771118164,41.514686584472656,993.2918701171875,
55.77_37.25,2022-05-06 04:00:00,5.099999904632568,0.40056657791137695,none,0.0,0.0,13.378250122070312,24.119998931884766,49.17399597167969,1009.9166870117188,
55.77_37.25,2022-05-27 13:00:00,13.449999809265137,9.600589752197266,none,0.0,0.0,21.129884719848633,41.39999771118164,64.99818420410156,982.369873046875,
55.77_37.37,2022-04-05 16:00:00,2.950000047683716,-3.283231258392334,none,0.0,38.0,24.28866195678711,46.79999923706055,59.3747673034668,980.1027221679688,
55.77_37.37,2022-05-01 16:00:00,11.800000190734863,6.573322296142578,none,0.0,0.0,16.17197608947754,34.20000076293945,28.736757278442383,1001.7657470703125,
55.77_37.37,2022-05-28 21:00:00,8.699999809265137,6.370575904846191,none,0.0,0.0,8.5873384475708,19.440000534057617,81.16490173339844,985.8374633789062,
55.77_37.37,2022-08-08 19:00:00,,,,,,,,,,
55.77_37.38,2022-02-02 11:00:00,-4.800000190734863,-10.873302459716797,none,0.0,58.999996185302734,21.16665267944336,37.439998626708984,84.8963394165039,984.4368286132812,
55.77_37.38,2022-04-29 18:00:00,8.600000381469727,3.9470558166503906,none,0.0,0.0,14.2006196975708,33.119998931884766,42.95765686035156,1002.1055297851562,
55.77_37.38,2022-07-03 04:00:00,16.5,15.166011810302734,none,0.0,0.0,11.792404174804688,19.440000534057617,71.12385559082031,998.4310302734375,
55.77_37.38,2022-07-12 20:00:00,21.100000381469727,20.290645599365234,none,0.0,0.0,11.367109298706055,24.119998931884766,58.703895568847656,994.2766723632812,
55.77_37.4,2022-02-22 15:00:00,3.049999952316284,-2.3753581047058105,none,0.0,48.0,21.46155548095703,38.880001068115234,73.91645812988281,977.5047607421875,
55.77_37.41,2022-01-11 19:00:00,-12.5,-19.042659759521484,none,0.0,49.0,20.240196228027344,34.20000076293945,80.90129852294922,1010.245361328125,
55.77_37.41,2022-04-06 20:00:00,0.0,-4.893389701843262,none,0.0,38.0,16.676977157592773,38.15999984741211,84.19090270996094,984.318115234375,
55.77_37.41,2022-06-14 01:00:00,14.149999618530273,14.375097274780273,none,0.0,0.0,6.287129878997803,10.079999923706055,96.18025970458984,991.7239990234375,
55.77_37.41,2022-06-30 09:00:00,20.799999237060547,18.418100357055664,none,0.0,0.0,12.224106788635254,25.919998168945312,42.81718826293945,999.3863525390625,
55.77_37.43,2022-01-12 09:00:00,-15.5,-21.634445190429688,none,0.0,49.0,16.450069427490234,30.23999786376953,80.78601837158203,1012.81982421875,
55.77_37.43,2022-06-07 18:00:00,18.450000762939453,15.792770385742188,none,0.0,0.0,10.233122825622559,26.280000686645508,41.857608795166016,999.5818481445312,
55.77_37.43,2022-08-06 18:00:00,29.450000762939453,28.817386627197266,none,0.0,0.0,13.32486343383789,25.19999885559082,38.99818420410156,1001.9619140625,
55.77_37.44,2022-08-05 20:00:00,22.600000381469727,22.455856323242188,none,0.0,0.0,8.43506908416748,12.239999771118164,56.072975158691406,1004.929931640625,
55.77_37.47,2022-04-27 07:00:00,7.150000095367432,4.272845268249512,none,0.0,0.0,11.165804862976074,20.880001068115234,85.31185150146484,992.7924194335938,
55.77_37.48,2022-03-29 11:00:00,0.8999999761581421,-3.6584205627441406,none,0.0,32.0,13.891522407531738,28.799999237060547,75.73945617675781,977.5817260742188,
55.77_37.48,2022-06-12 01:00:00,15.550000190734863,15.095993041992188,none,0.0,0.0,5.759999752044678,13.319999694824219,75.56978607177734,996.9777221679688,
55.77_37.48,2022-06-12 21:00:00,19.399999618530273,17.24492073059082,none,0.0,0.0,11.275529861450195,18.719999313354492,47.816097259521484,994.7972412109375,
55.77_37.48,2022-07-22 17:00:00,24.5,22.583824157714844,none,0.0,0.0,16.61079216003418,34.20000076293945,44.583316802978516,997.1921997070312,
55.77_37.49,2022-03-13 06:00:00,-10.050000190734863,-14.782071113586426,none,0.0,49.0,9.65981388092041,11.519999504089355,93.48969268798828,1008.8619384765625,
55.77_37.49,2022-04-04 12:00:00,0.3499999940395355,-2.9229705333709717,none,0.0,43.0,7.412853240966797,12.59999942779541,59.38298416137695,986.6234130859375,
55.77_37.49,2022-06-13 00:00:00,15.550000190734863,13.113229751586914,none,0.0,0.0,9.931041717529297,18.0,53.16472625732422,994.9132690429688,
55.77_37.49,2022-07-22 18:00:00,24.25,22.89065170288086,none,0.0,0.0,14.332340240478516,28.079999923706055,47.39106750488281,996.3952026367188,
55.77_37.5,2022-01-14 08:00:00,1.149999976158142,-6.250532150268555,none,0.0,56.0,35.70539474487305,48.23999786376953,89.07440948486328,965.1976318359375,
55.77_37.5,2022-02-26 14:00:00,1.600000023841858,-2.635620355606079,none,0.0,50.0,13.009902954101562,20.880001068115234,80.16726684570312,1001.748046875,
55.77_37.5,2022-04-29 16:00:00,9.100000381469727,3.7203879356384277,none,0.0,0.0,18.398780822753906,34.20000076293945,38.6819953918457,1003.8927001953125,
55.77_37.5,2022-04-30 19:00:00,5.650000095367432,1.8589162826538086,none,0.0,0.0,7.787990570068359,24.84000015258789,50.26508331298828,1006.341064453125,
55.77_37.5,2022-05-30 09:00:00,14.949999809265137,13.014335632324219,none,0.0,0.0,7.199999809265137,18.0,56.993186950683594,1002.2266845703125,
55.77_37.5,2022-06-09 14:00:00,25.149999618530273,25.91103744506836,none,0.0,0.0,6.608721733093262,18.35999870300293,43.170433044433594,995.6544799804688,
55.77_37.5,2022-08-02 09:00:00,20.350000381469727,20.008827209472656,none,0.0,0.0,9.08598804473877,20.15999984741211,63.10760498046875,1000.2386474609375,
55.77_37.51,2022-02-07 10:00:00,-1.7000000476837158,-7.687839508056641,none,0.0,62.0,23.732709884643555,32.39999771118164,91.85299682617188,983.8387451171875,
55.77_37.51,2022-03-13 00:00:00,-4.699999809265137,-8.528823852539062,none,0.0,49.0,6.608721733093262,10.799999237060547,92.35520935058594,1008.451904296875,
55.77_37.51,2022-04-19 19:00:00,8.600000381469727,4.6762237548828125,none,0.0,1.0,16.485485076904297,27.0,70.31847381591797,1000.4008178710938,
55.77_37.51,2022-05-03 22:00:00,9.75,6.022783279418945,none,0.0,0.0,13.551501274108887,33.119998931884766,59.56406784057617,989.9696044921875,
55.77_37.51,2022-05-09 11:00:00,8.5,3.1809139251708984,rain,0.10000000149011612,0.0,23.000591278076172,44.63999557495117,59.25266647338867,1003.0494384765625,
55.77_37.52,2022-04-02 21:00:00,-0.6499999761581421,-6.129058837890625,snow,1.100000023841858,39.0,21.38896942138672,36.0,93.28269958496094,977.2074584960938,
55.77_37.52,2022-06-29 11:00:00,21.100000381469727,20.442590713500977,none,0.0,0.0,9.585739135742188,24.84000015258789,38.986793518066406,1005.18896484375,
55.77_37.53,2022-03-02 10:00:00,-3.6500000953674316,-6.903580188751221,none,0.0,49.0,2.811689853668213,9.359999656677246,86.66190338134766,1008.0917358398438,
55.77_37.53,2022-03-18 13:00:00,1.75,-3.1536753177642822,none,0.0,46.0,15.072783470153809,23.759998321533203,62.74925231933594,1024.168212890625,
55.77_37.54,2022-01-01 02:00:00,-1.75,-6.424599647521973,snow,0.30000001192092896,41.0,14.904172897338867,22.68000030517578,93.5695571899414,982.3355102539062,
55.77_37.54,2022-01-19 17:00:00,-8.199999809265137,-14.650300979614258,none,0.0,52.999996185302734,21.470611572265625,28.440000534057617,81.20614624023438,993.943603515625,
55.77_37.54,2022-02-15 17:00:00,-2.5,-8.452865600585938,none,0.0,57.0,21.470611572265625,28.079999923706055,80.77300262451172,1001.2125244140625,
55.77_37.54,2022-06-10 09:00:00,23.450000762939453,22.9149227142334,none,0.0,0.0,15.62997055053711,29.15999984741211,55.20033645629883,996.6918334960938,
55.77_37.54,2022-07-09 00:00:00,17.600000381469727,16.949026107788086,none,0.0,0.0,7.636752605438232,10.079999923706055,67.44497680664062,999.0093994140625,
55.77_37.54,2022-07-18 00:00:00,15.0,13.715187072753906,none,0.0,0.0,8.145870208740234,10.799999237060547,70.12976837158203,997.4337158203125,
55.77_37.55,2022-05-11 17:00:00,16.850000381469727,11.774385452270508,none,0.0,0.0,19.665359497070312,33.839996337890625,30.645172119140625,989.3822021484375,
55.77_37.55,2022-08-08 00:00:00,18.450000762939453,18.480926513671875,none,0.0,0.0,15.617528915405273,24.84000015258789,88.98326110839844,1000.5960083007812,
55.77_37.56,2022-05-29 00:00:00,6.949999809265137,4.21424674987793,none,0.0,0.0,10.703569412231445,16.19999885559082,88.62152099609375,986.801513671875,
55.77_37.57,2022-03-11 14:00:00,-2.950000047683716,-7.525055885314941,none,0.0,50.0,9.227523803710938,15.480000495910645,59.68341064453125,1010.55908203125,
55.77_37.57,2022-04-15 19:00:00,6.099999904632568,2.77951717376709,rain,0.30000001192092896,7.0,9.693296432495117,14.399999618530273,71.5928726196289,994.791015625,
55.77_37.57,2022-05-12 10:00:00,14.300000190734863,12.60720443725586,none,0.0,0.0,9.360000610351562,19.079999923706055,69.28751373291016,986.9402465820312,
55.77_37.57,2022-07-07 15:00:00,26.100000381469727,24.921884536743164,none,0.0,0.0,25.638469696044922,39.599998474121094,56.036373138427734,994.3482666015625,
55.77_37.58,2022-01-04 13:00:00,-8.699999809265137,-13.542597770690918,none,0.0,41.0,10.703569412231445,14.75999927520752,87.84304809570312,984.4158935546875,
55.77_37.58,2022-02-16 14:00:00,-1.350000023841858,-6.742197036743164,none,0.0,58.0,18.356470108032227,26.639999389648438,79.73040771484375,997.2896118164062,
55.77_37.58,2022-05-13 08:00:00,10.699999809265137,4.182117462158203,none,0.0,0.0,34.80847930908203,55.79999923706055,62.82142639160156,983.611572265625,
55.77_37.58,2022-06-11 01:00:00,15.199999809265137,14.240049362182617,none,0.0,0.0,8.707237243652344,12.239999771118164,76.01497650146484,996.759033203125,
55.77_37.59,2022-03-08 22:00:00,-7.949999809265137,-13.47152042388916,none,0.0,51.0,15.281989097595215,23.03999900817871,81.88870239257812,1002.1956787109375,
55.77_37.59,2022-03-09 09:00:00,-13.449999809265137,-18.656856536865234,none,0.0,51.0,10.685391426086426,18.35999870300293,79.75691223144531,1004.3056030273438,
55.77_37.59,2022-04-12 20:00:00,4.650000095367432,0.9183845520019531,none,0.0,18.0,15.496735572814941,24.84000015258789,93.88789367675781,993.174072265625,
55.77_37.59,2022-04-15 12:00:00,9.800000190734863,6.257837295532227,none,0.0,9.0,9.255571365356445,19.079999923706055,48.878448486328125,995.964599609375,
55.77_37.59,2022-05-23 17:00:00,13.449999809265137,7.523567199707031,none,0.0,0.0,22.148046493530273,40.31999969482422,28.998594284057617,983.7395629882812,
55.77_37.59,2022-07-12 20:00:00,21.200000762939453,20.41265106201172,none,0.0,0.0,11.792404174804688,22.319997787475586,59.30695343017578,994.2658081054688,
55.77_37.59,2022-07-20 11:00:00,16.600000381469727,15.638208389282227,rain,2.299999952316284,0.0,11.519999504089355,23.399999618530273,75.74227142333984,986.6092529296875,
55.77_37.59,2022-07-30 21:00:00,16.100000381469727,14.429262161254883,none,0.0,0.0,8.31124496459961,12.59999942779541,59.66783142089844,998.429443359375,
55.77_37.6,2022-02-09 22:00:00,-1.399999976158142,-5.888012409210205,none,0.0,62.0,13.849475860595703,18.719999313354492,92.89813995361328,988.0584716796875,
55.77_37.6,2022-05-23 16:00:00,13.850000381469727,7.681490898132324,none,0.0,0.0,23.928491592407227,40.68000030517578,28.574195861816406,984.7803344726562,
55.77_37.6,2022-05-26 23:00:00,11.350000381469727,8.862977027893066,rain,1.7999999523162842,0.0,16.873979568481445,26.280000686645508,90.49485778808594,978.7515869140625,
55.77_37.6,2022-06-04 05:00:00,9.850000381469727,7.463651657104492,none,0.0,0.0,11.92898941040039,18.35999870300293,85.30996704101562,1002.0089721679688,
55.77_37.6,2022-06-21 14:00:00,16.549999237060547,15.804492950439453,none,0.0,0.0,4.349896430969238,14.039999961853027,63.299072265625,983.4314575195312,
55.77_37.6,2022-06-23 13:00:00,22.700000762939453,21.340669631958008,none,0.0,0.0,17.55161476135254,33.47999954223633,41.77698516845703,993.1959838867188,
55.77_37.6,2022-07-29 19:00:00,21.0,19.574079513549805,none,0.0,0.0,12.727921485900879,23.399999618530273,54.22105026245117,997.812255859375,
55.77_37.61,2022-01-26 15:00:00,-4.25,-9.101202011108398,none,0.0,60.000003814697266,13.441070556640625,20.51999855041504,87.59587097167969,995.3427734375,
55.77_37.61,2022-03-04 13:00:00,-2.6500000953674316,-8.270173072814941,none,0.0,49.0,19.917469024658203,31.319997787475586,87.75048065185547,992.622314453125,
55.77_37.61,2022-03-16 08:00:00,-8.949999809265137,-13.038679122924805,none,0.0,48.0,5.351784706115723,10.079999923706055,87.12483215332031,1017.0146484375,
55.77_37.61,2022-04-07 21:00:00,5.199999809265137,0.8779921531677246,none,0.0,41.0,18.692285537719727,32.39999771118164,86.31024932861328,981.2327880859375,
55.77_37.61,2022-04-08 20:00:00,9.5,3.9218006134033203,none,0.0,35.0,25.76201629638672,40.31999969482422,58.86831283569336,976.9190673828125,
55.77_37.61,2022-04-23 14:00:00,13.149999618530273,10.746281623840332,none,0.0,0.0,7.920000076293945,18.0,57.13005828857422,996.4860229492188,
55.77_37.61,2022-07-26 15:00:00,25.899999618530273,26.69654083251953,none,0.0,0.0,14.332341194152832,27.35999870300293,61.55921173095703,991.2913818359375,
55.77_37.61,2022-08-11 07:00:00,16.149999618530273,15.641555786132812,none,0.0,0.0,7.636752605438232,15.84000015258789,76.16891479492188,1006.6716918945312,
55.77_37.62,2022-02-05 17:00:00,-11.5,-16.928878784179688,none,0.0,61.0,13.493998527526855,16.19999885559082,89.35594177246094,991.3975830078125,
55.77_37.62,2022-02-20 06:00:00,1.100000023841858,-5.203799247741699,snow,0.30000001192092896,54.000003814697266,28.339569091796875,39.23999786376953,90.37577819824219,972.6035766601562,
55.77_37.62,2022-05-30 14:00:00,19.200000762939453,18.680294036865234,none,0.0,0.0,6.297428131103516,18.35999870300293,39.116817474365234,1003.4558715820312,
55.77_37.62,2022-07-06 00:00:00,19.399999618530273,21.3785343170166,none,0.0,0.0,5.804825305938721,9.0,90.47283935546875,997.7081909179688,
55.77_37.62,2022-08-05 16:00:00,30.049999237060547,28.753173828125,none,0.0,0.0,10.144082069396973,18.719999313354492,30.03441619873047,1004.5235595703125,
55.77_37.62,2022-08-06 22:00:00,22.799999237060547,23.17653465270996,none,0.0,0.0,11.54247760772705,20.15999984741211,65.50862884521484,1000.3231811523438,
55.77_37.63,2022-03-19 04:00:00,-8.100000381469727,-13.209177017211914,none,0.0,47.0,12.964998245239258,14.75999927520752,89.2947998046875,1020.5106201171875,
55.77_37.63,2022-03-31 06:00:00,-8.949999809265137,-13.868131637573242,none,0.0,33.0,11.01388168334961,14.039999961853027,86.7797622680664,990.1517333984375,
55.77_37.63,2022-06-08 16:00:00,22.700000762939453,21.43414878845215,none,0.0,0.0,4.104631423950195,14.75999927520752,28.800357818603516,994.8157958984375,
55.77_37.63,2022-06-24 13:00:00,24.700000762939453,23.44675064086914,none,0.0,0.0,17.727943420410156,33.119998931884766,39.34557342529297,996.7398071289062,
55.77_37.63,2022-07-10 23:00:00,21.399999618530273,21.075031280517578,none,0.0,0.0,12.768586158752441,21.599998474121094,65.42193603515625,990.8896484375,
55.77_37.64,2022-01-16 22:00:00,-7.199999809265137,-13.603172302246094,none,0.0,54.000003814697266,22.238561630249023,30.23999786376953,87.98804473876953,985.421142578125,
55.77_37.64,2022-01-29 23:00:00,-5.800000190734863,-9.670469284057617,none,0.0,60.000003814697266,6.193674087524414,11.879999160766602,92.99788665771484,983.5951538085938,
55.77_37.64,2022-02-06 09:00:00,-9.149999618530273,-14.560205459594727,snow,0.10000000149011612,62.0,14.336860656738281,21.239999771118164,87.45101165771484,983.1434936523438,
55.77_37.64,2022-02-25 14:00:00,0.8500000238418579,-4.9718098640441895,none,0.0,52.0,22.380884170532227,34.91999816894531,74.8907699584961,1000.2968139648438,
55.77_37.64,2022-02-28 07:00:00,-6.400000095367432,-11.300762176513672,none,0.0,50.0,12.605141639709473,18.0,90.1351318359375,1015.6753540039062,
55.77_37.64,2022-03-08 07:00:00,-5.0,-10.839296340942383,none,0.0,50.0,19.969457626342773,29.15999984741211,90.24530792236328,995.2880859375,
55.77_37.64,2022-05-31 14:00:00,16.200000762939453,14.932659149169922,rain,1.2000000476837158,0.0,15.6837739944458,26.639999389648438,82.41071319580078,999.9655151367188,
55.77_37.64,2022-07-14 14:00:00,18.450000762939453,18.861907958984375,rain,2.5,0.0,7.091177463531494,23.399999618530273,77.28192901611328,986.8604125976562,
55.77_37.64,2022-07-25 23:00:00,19.899999618530273,20.265350341796875,none,0.0,0.0,10.002559661865234,16.559999465942383,75.30203247070312,989.2907104492188,
55.77_37.65,2022-02-05 22:00:00,-11.300000190734863,-17.047988891601562,none,0.0,60.000003814697266,15.905319213867188,21.239999771118164,91.56159210205078,987.7506103515625,
55.77_37.65,2022-02-09 19:00:00,-1.399999976158142,-5.911348342895508,snow,0.10000000149011612,62.0,13.60876178741455,17.639999389648438,89.85107421875,989.8648071289062,
55.77_37.65,2022-03-04 21:00:00,-1.899999976158142,-7.356851577758789,none,0.0,46.0,19.242326736450195,28.799999237060547,86.51778411865234,994.8876953125,
55.77_37.65,2022-05-11 10:00:00,12.0,6.712998390197754,none,0.0,0.0,23.587554931640625,39.599998474121094,49.319244384765625,991.0545043945312,
55.77_37.65,2022-06-17 20:00:00,14.550000190734863,14.222188949584961,none,0.0,0.0,8.427383422851562,18.35999870300293,89.5406494140625,993.6753540039062,
55.77_37.65,2022-06-30 08:00:00,20.5,18.350568771362305,none,0.0,0.0,12.661563873291016,24.119998931884766,47.15390396118164,999.8657836914062,
55.77_37.65,2022-08-03 19:00:00,26.5,25.77741241455078,none,0.0,0.0,9.178235054016113,18.35999870300293,40.51362991333008,1000.0325927734375,
55.77_37.65,2022-08-08 11:00:00,,,,,,,,,,
55.77_37.66,2022-02-09 12:00:00,-1.850000023841858,-6.153895378112793,none,0.0,61.0,11.753875732421875,15.84000015258789,89.48092651367188,989.9898071289062,
55.77_37.66,2022-05-20 09:00:00,8.0,3.555582046508789,none,0.0,0.0,15.59676742553711,30.23999786376953,55.79722595214844,999.1676025390625,
55.77_37.66,2022-06-06 10:00:00,17.899999618530273,15.283313751220703,none,0.0,0.0,19.008546829223633,33.839996337890625,57.92457962036133,998.1624145507812,
55.77_37.66,2022-06-07 08:00:00,15.5,13.88680648803711,none,0.0,0.0,9.178235054016113,20.51999855041504,65.0078125,998.7809448242188,
55.77_37.66,2022-07-24 10:00:00,25.149999618530273,26.054887771606445,none,0.0,0.0,8.225034713745117,18.35999870300293,55.09224319458008,994.2542114257812,
55.77_37.66,2022-08-06 21:00:00,23.600000381469727,24.0076961517334,none,0.0,0.0,11.879999160766602,19.079999923706055,63.218326568603516,1000.5503540039062,
55.77_37.67,2022-04-05 15:00:00,2.700000047683716,-3.89351487159729,none,0.0,39.0,26.758922576904297,43.560001373291016,60.43599319458008,982.8392944335938,
55.77_37.67,2022-06-08 12:00:00,20.100000381469727,20.00313949584961,none,0.0,0.0,5.692099094390869,21.239999771118164,39.10411071777344,998.1768188476562,
55.77_37.68,2022-03-07 10:00:00,-1.350000023841858,-6.398674011230469,none,0.0,46.0,16.485485076904297,25.559999465942383,83.40168762207031,991.0570068359375,
55.77_37.68,2022-05-09 17:00:00,8.899999618530273,2.3343710899353027,rain,0.30000001192092896,0.0,29.834423065185547,46.439998626708984,51.36375045776367,1003.5947875976562,
55.77_37.68,2022-06-05 02:00:00,11.5,10.284870147705078,none,0.0,0.0,6.915374279022217,10.079999923706055,85.7744369506836,998.81689453125,
55.77_37.68,2022-06-20 08:00:00,14.050000190734863,11.829383850097656,none,0.0,0.0,18.193361282348633,30.599998474121094,84.06893920898438,988.9615478515625,
55.77_37.69,2022-01-05 22:00:00,-6.199999809265137,-10.06938362121582,none,0.0,45.0,5.692099094390869,9.720000267028809,90.499755859375,976.4453735351562,
55.77_37.69,2022-02-13 11:00:00,-0.05000000074505806,-7.2521491050720215,none,0.0,58.0,32.417991638183594,43.91999816894531,83.8740463256836,1002.2593383789062,
55.77_37.69,2022-03-20 19:00:00,2.0,-2.4764556884765625,none,0.0,42.0,13.551501274108887,20.51999855041504,71.30899810791016,1015.0640869140625,
55.77_37.69,2022-04-14 13:00:00,10.399999618530273,5.90888786315918,none,0.0,4.0,20.124610900878906,37.07999801635742,46.61610794067383,1003.30810546875,
55.77_37.69,2022-04-18 18:00:00,7.199999809265137,3.047945976257324,none,0.0,1.0,12.015588760375977,23.399999618530273,52.414608001708984,1002.4181518554688,
55.77_37.69,2022-05-28 09:00:00,11.75,9.627918243408203,rain,0.20000000298023224,0.0,10.972620010375977,21.239999771118164,77.79148864746094,982.4877319335938,
55.77_37.69,2022-06-29 13:00:00,21.649999618530273,21.421567916870117,none,0.0,0.0,7.594208240509033,23.03999900817871,37.052085876464844,1006.937744140625,
55.77_37.69,2022-07-21 19:00:00,19.100000381469727,16.434471130371094,none,0.0,0.0,22.862123489379883,37.79999923706055,64.08014678955078,991.6583862304688,
55.77_37.7,2022-02-16 07:00:00,-6.050000190734863,-12.503273010253906,none,0.0,56.0,22.972400665283203,30.599998474121094,84.74876403808594,1000.4563598632812,
55.77_37.72,2022-01-13 15:00:00,-12.25,-20.517295837402344,snow,0.4000000059604645,54.000003814697266,32.353965759277344,54.71999740600586,84.32967376708984,982.6983642578125,
55.77_37.72,2022-03-17 13:00:00,-1.75,-6.485965728759766,none,0.0,45.0,10.233122825622559,21.599998474121094,51.680789947509766,1024.182861328125,
55.77_37.73,2022-03-05 08:00:00,-2.25,-7.997556209564209,snow,0.10000000149011612,46.0,21.03152084350586,36.71999740600586,87.13276672363281,995.7810668945312,
55.77_37.73,2022-03-27 14:00:00,-2.450000047683716,-11.56491470336914,snow,0.10000000149011612,27.000001907348633,39.69969177246094,77.76000213623047,52.09682083129883,983.7515258789062,
55.77_37.73,2022-05-11 16:00:00,16.399999618530273,11.656448364257812,none,0.0,0.0,18.388212203979492,36.36000061035156,33.78441619873047,988.6927490234375,
55.77_37.79,2022-01-21 12:00:00,-3.9000000953674316,-9.720467567443848,snow,0.10000000149011612,55.0,20.523157119750977,33.839996337890625,89.30929565429688,978.0753784179688,
55.77_37.79,2022-03-29 16:00:00,0.0,-4.365788459777832,none,0.0,30.000001907348633,10.703569412231445,27.719999313354492,68.02172088623047,977.67919921875,
55.77_37.79,2022-04-15 15:00:00,9.0,6.437427520751953,none,0.0,1.0,3.219938039779663,7.559999465942383,54.070980072021484,993.915283203125,
55.77_37.8,2022-07-31 03:00:00,13.350000381469727,13.073102951049805,none,0.0,0.0,2.9024126529693604,5.039999961853027,82.60199737548828,999.101318359375,
55.77_37.81,2022-02-04 17:00:00,-6.5,-10.959524154663086,none,0.0,61.0,9.0,13.679999351501465,84.3655014038086,994.7970581054688,
55.77_37.81,2022-04-13 17:00:00,5.5,0.3298673629760742,none,0.0,3.0,22.033647537231445,43.91999816894531,73.03652954101562,997.9703369140625,
55.77_37.81,2022-07-19 18:00:00,19.700000762939453,16.487747192382812,none,0.0,0.0,17.163354873657227,34.20000076293945,44.442527770996094,993.4920043945312,
55.77_37.82,2022-03-14 10:00:00,1.5499999523162842,-2.541283130645752,rain,0.10000000149011612,46.0,12.55879020690918,21.959999084472656,83.7610855102539,1004.71923828125,
55.77_37.82,2022-04-18 14:00:00,10.100000381469727,5.616158485412598,none,0.0,0.0,13.79791259765625,32.39999771118164,39.12633514404297,999.12353515625,
55.77_37.82,2022-05-15 13:00:00,14.850000381469727,11.820037841796875,rain,0.10000000149011612,0.0,12.429126739501953,27.0,51.70531463623047,984.88623046875,
55.77_37.82,2022-06-04 12:00:00,18.649999618530273,16.972576141357422,none,0.0,0.0,14.399999618530273,30.599998474121094,51.13658142089844,1002.5071411132812,
55.77_37.82,2022-06-08 16:00:00,22.5,20.341033935546875,none,0.0,0.0,5.495161056518555,16.19999885559082,30.513256072998047,995.4415893554688,
55.77_37.82,2022-06-10 23:00:00,16.799999237060547,15.672883987426758,none,0.0,0.0,8.427383422851562,15.480000495910645,65.50978088378906,997.5809936523438,
55.77_37.82,2022-06-17 13:00:00,18.200000762939453,15.969964981079102,rain,0.6000000238418579,0.0,18.356470108032227,36.0,64.73222351074219,994.6702270507812,
55.77_37.82,2022-08-09 20:00:00,18.350000381469727,18.026220321655273,none,0.0,0.0,7.704335689544678,17.280000686645508,68.94374084472656,1003.96337890625,
55.77_37.83,2022-03-05 16:00:00,-1.399999976158142,-7.259678363800049,none,0.0,46.0,20.907913208007812,38.519996643066406,75.05001831054688,997.4915161132812,
55.77_37.83,2022-04-14 08:00:00,3.0,-1.9437386989593506,none,0.0,2.0,18.356470108032227,33.47999954223633,75.27159118652344,1000.3908081054688,
55.77_37.83,2022-04-28 18:00:00,7.099999904632568,2.999101161956787,none,0.0,0.0,7.754636764526367,15.84000015258789,36.509674072265625,1004.5016479492188,
55.77_37.83,2022-07-26 18:00:00,26.049999237060547,27.214900970458984,none,0.0,0.0,10.587918281555176,22.68000030517578,59.49708557128906,992.0902709960938,
55.77_37.84,2022-04-11 02:00:00,3.799999952316284,-0.014524459838867188,rain,0.10000000149011612,14.0,12.849528312683105,21.239999771118164,82.8344955444336,992.8450317382812,
55.77_37.84,2022-07-05 13:00:00,29.25,30.094417572021484,none,0.0,0.0,7.2805495262146,24.119998931884766,35.30952072143555,996.933349609375,
55.77_37.84,2022-07-11 08:00:00,23.299999237060547,23.130634307861328,none,0.0,0.0,15.978486061096191,29.51999855041504,64.5781478881836,992.1849365234375,
55.77_37.84,2022-08-06 08:00:00,23.25,24.866527557373047,none,0.0,0.0,9.346142768859863,20.51999855041504,73.04470825195312,1002.96923828125,
55.78_37.35,2022-03-11 17:00:00,-1.75,-6.011359691619873,none,0.0,46.0,7.2448601722717285,13.679999351501465,55.91848373413086,1008.8062744140625,
55.78_37.37,2022-01-04 19:00:00,-8.949999809265137,-13.829795837402344,none,0.0,39.0,10.853865623474121,18.35999870300293,88.16738891601562,985.1821899414062,
55.78_37.37,2022-01-31 02:00:00,-3.450000047683716,-9.058761596679688,snow,0.4000000059604645,57.0,19.602651596069336,33.839996337890625,91.04946899414062,972.5994262695312,
55.78_37.37,2022-04-02 08:00:00,-1.600000023841858,-7.426205635070801,snow,0.10000000149011612,29.0,21.734580993652344,41.39999771118164,84.31275177001953,985.223876953125,
55.78_37.37,2022-04-27 21:00:00,4.150000095367432,-0.36749935150146484,none,0.0,0.0,14.241629600524902,29.15999984741211,63.32436752319336,998.8526611328125,
55.78_37.37,2022-05-06 14:00:00,13.25,8.626737594604492,none,0.0,0.0,16.363178253173828,33.839996337890625,38.069496154785156,1007.9041748046875,
55.78_37.37,2022-05-21 13:00:00,13.550000190734863,10.668553352355957,none,0.0,0.0,6.924737930297852,20.880001068115234,38.4366455078125,990.6079711914062,
55.78_37.37,2022-06-10 16:00:00,25.649999618530273,23.58838653564453,none,0.0,0.0,16.039201736450195,33.839996337890625,34.76544189453125,994.4951782226562,
55.78_37.4,2022-03-25 17:00:00,6.900000095367432,3.2860708236694336,none,0.0,28.0,9.746630668640137,18.719999313354492,59.49601745605469,996.3862915039062,
55.78_37.44,2022-01-07 22:00:00,-6.75,-13.392810821533203,none,0.0,43.0,23.051246643066406,39.23999786376953,75.54286193847656,991.994873046875,
55.78_37.44,2022-06-27 06:00:00,20.5,21.704654693603516,none,0.0,0.0,8.279999732971191,14.75999927520752,79.5903091430664,1005.0512084960938,
55.78_37.44,2022-07-14 16:00:00,19.200000762939453,19.53352165222168,rain,1.7999999523162842,0.0,8.647496223449707,19.440000534057617,75.6731185913086,989.0292358398438,
55.78_37.44,2022-08-06 12:00:00,28.649999618530273,30.06061553955078,none,0.0,0.0,15.484185218811035,33.119998931884766,51.90130615234375,1004.0166015625,
55.78_37.45,2022-01-07 14:00:00,-7.050000190734863,-13.373680114746094,none,0.0,43.0,21.129884719848633,34.560001373291016,80.4163818359375,985.7808227539062,
55.78_37.45,2022-01-17 04:00:00,-4.599999904632568,-11.227139472961426,none,0.0,52.999996185302734,25.582805633544922,43.19999694824219,89.59082794189453,979.27490234375,
55.78_37.45,2022-01-28 12:00:00,-5.550000190734863,-12.00747299194336,snow,0.10000000149011612,56.0,23.34454917907715,42.839996337890625,85.13655853271484,986.5232543945312,
55.78_37.45,2022-07-01 14:00:00,21.25,17.932327270507812,none,0.0,0.0,20.972896575927734,43.19999694824219,29.525188446044922,1002.2036743164062,
55.78_37.46,2022-01-12 14:00:00,-16.350000381469727,-21.682523727416992,none,0.0,51.0,10.594036102294922,21.959999084472656,77.9466781616211,1008.8506469726562,
55.78_37.46,2022-02-06 10:00:00,-8.149999618530273,-12.815042495727539,snow,0.10000000149011612,61.0,9.67322063446045,18.35999870300293,86.52197265625,984.6674194335938,
55.78_37.46,2022-03-21 17:00:00,6.099999904632568,2.3222246170043945,none,0.0,41.0,10.972620010375977,19.079999923706055,63.32102966308594,1013.3876342773438,
55.78_37.46,2022-05-05 15:00:00,9.699999809265137,5.428570747375488,none,0.0,0.0,9.585739135742188,31.319997787475586,32.91850280761719,1006.0003051757812,
55.78_37.46,2022-05-08 18:00:00,13.850000381469727,10.539520263671875,none,0.0,0.0,18.94708251953125,41.03999710083008,67.34288787841797,998.46630859375,
55.78_37.46,2022-05-13 09:00:00,11.600000381469727,5.766139984130859,none,0.0,0.0,30.735231399536133,60.12000274658203,61.079872131347656,984.3558959960938,
55.78_37.46,2022-05-13 12:00:00,13.600000381469727,7.895751953125,none,0.0,0.0,28.496904373168945,60.12000274658203,49.93950271606445,984.5213012695312,
55.78_37.46,2022-05-26 16:00:00,18.850000381469727,15.272138595581055,none,0.0,0.0,13.910168647766113,27.719999313354492,35.73800277709961,985.0560302734375,
55.78_37.46,2022-07-11 10:00:00,27.549999237060547,27.672103881835938,none,0.0,0.0,18.455047607421875,36.36000061035156,52.61048889160156,992.2589111328125,
55.78_37.46,2022-08-05 15:00:00,29.75,29.56936264038086,none,0.0,0.0,7.903619289398193,28.079999923706055,33.635841369628906,1004.307373046875,
55.78_37.47,2022-01-09 21:00:00,-6.25,-11.422759056091309,snow,0.6000000238418579,46.0,14.565547943115234,19.440000534057617,90.14701843261719,996.1944580078125,
55.78_37.47,2022-02-22 11:00:00,2.5,-3.440743923187256,none,0.0,52.999996185302734,26.86767578125,38.519996643066406,87.5955581665039,976.699462890625,
55.78_37.47,2022-04-14 12:00:00,8.850000381469727,4.569549560546875,none,0.0,11.0,19.191747665405273,37.79999923706055,53.640262603759766,1001.3009643554688,
55.78_37.47,2022-06-27 01:00:00,19.600000381469727,20.08865737915039,none,0.0,0.0,8.759178161621094,14.75999927520752,75.98148345947266,1002.5265502929688,
55.78_37.47,2022-06-28 12:00:00,25.049999237060547,23.901710510253906,none,0.0,0.0,16.485485076904297,34.20000076293945,37.1367301940918,1002.4542846679688,
55.78_37.48,2022-01-18 09:00:00,-3.799999952316284,-11.186822891235352,snow,0.10000000149011612,54.000003814697266,30.652894973754883,46.439998626708984,83.08902740478516,977.554443359375,
55.78_37.48,2022-02-18 19:00:00,-2.3499999046325684,-7.300275802612305,none,0.0,54.000003814697266,14.973576545715332,20.15999984741211,82.96137237548828,978.5390625,
55.78_37.48,2022-02-20 21:00:00,-0.8999999761581421,-5.482014179229736,none,0.0,52.999996185302734,13.493998527526855,19.440000534057617,82.22189331054688,983.2015380859375,
55.78_37.48,2022-03-22 20:00:00,1.25,-2.9359970092773438,none,0.0,38.0,10.739831924438477,17.639999389648438,70.10485076904297,1010.7422485351562,
55.78_37.48,2022-04-09 22:00:00,6.699999809265137,2.7037596702575684,rain,0.20000000298023224,28.0,16.981164932250977,27.719999313354492,80.04119110107422,985.9453125,
55.78_37.48,2022-04-21 11:00:00,5.949999809265137,0.6178512573242188,rain,0.6000000238418579,0.0,25.364036560058594,47.519996643066406,80.78722381591797,999.0241088867188,
55.78_37.48,2022-06-16 09:00:00,19.25,17.552732467651367,none,0.0,0.0,15.815435409545898,33.47999954223633,55.78666687011719,994.6724853515625,
55.78_37.48,2022-06-27 19:00:00,28.399999618530273,28.631420135498047,none,0.0,0.0,11.681986808776855,25.919998168945312,46.08916473388672,1000.240234375,
55.78_37.48,2022-07-02 14:00:00,24.100000381469727,23.265064239501953,none,0.0,0.0,11.367109298706055,27.35999870300293,33.97638702392578,1002.0693969726562,
55.78_37.48,2022-07-20 19:00:00,17.899999618530273,15.49979019165039,none,0.0,0.0,18.681882858276367,29.51999855041504,64.23918151855469,987.8302612304688,
55.78_37.48,2022-07-25 13:00:00,24.75,27.33538055419922,none,0.0,0.0,8.049844741821289,23.03999900817871,64.27723693847656,989.61279296875,
55.78_37.49,2022-03-13 23:00:00,0.8999999761581421,-4.049057960510254,none,0.0,49.0,18.79254913330078,30.599998474121094,90.03225708007812,1004.83203125,
55.78_37.49,2022-04-04 10:00:00,-1.2999999523162842,-4.981169700622559,none,0.0,43.0,7.56856632232666,14.399999618530273,69.04408264160156,986.2123413085938,
55.78_37.49,2022-04-06 11:00:00,1.2000000476837158,-3.0294229984283447,none,0.0,42.0,15.484185218811035,25.19999885559082,64.53731536865234,981.6592407226562,
55.78_37.49,2022-05-28 01:00:00,6.75,4.176932334899902,none,0.0,0.0,9.957107543945312,16.559999465942383,91.41914367675781,981.454833984375,
55.78_37.5,2022-05-25 22:00:00,8.649999618530273,6.847367286682129,none,0.0,0.0,4.379589080810547,6.839999675750732,79.21090698242188,994.3182373046875,
55.78_37.5,2022-06-16 15:00:00,21.450000762939453,18.585041046142578,none,0.0,0.0,16.62248992919922,32.76000213623047,39.355587005615234,994.6591796875,
55.78_37.5,2022-07-10 01:00:00,16.850000381469727,17.672414779663086,none,0.0,0.0,8.647496223449707,14.75999927520752,95.03803253173828,993.2726440429688,
55.78_37.5,2022-07-10 15:00:00,27.350000381469727,24.502613067626953,rain,0.20000000298023224,0.0,24.63304901123047,43.560001373291016,39.56640625,991.3209838867188,
55.78_37.5,2022-07-16 22:00:00,15.600000381469727,14.814453125,none,0.0,0.0,7.928177833557129,10.079999923706055,75.07901000976562,996.0394287109375,
55.78_37.51,2022-05-31 00:00:00,13.850000381469727,10.829931259155273,none,0.0,0.0,14.399999618530273,22.68000030517578,60.56417465209961,1001.959228515625,
55.78_37.51,2022-07-07 19:00:00,25.399999618530273,25.503063201904297,none,0.0,0.0,17.87355613708496,35.63999938964844,61.8352165222168,995.32763671875,
55.78_37.52,2022-01-03 20:00:00,-8.399999618530273,-13.814998626708984,none,0.0,40.0,14.869351387023926,22.319997787475586,88.9178695678711,979.6190795898438,
55.78_37.52,2022-06-15 19:00:00,17.5,14.012275695800781,none,0.0,0.0,20.945072174072266,38.519996643066406,54.96798324584961,992.6370239257812,
55.78_37.52,2022-07-05 18:00:00,28.950000762939453,28.074512481689453,none,0.0,0.0,10.99032211303711,20.51999855041504,35.92755126953125,996.74755859375,
55.78_37.53,2022-01-17 14:00:00,-2.5,-9.63121223449707,snow,0.4000000059604645,54.000003814697266,30.599998474121094,41.76000213623047,89.42694854736328,967.5635375976562,
55.78_37.53,2022-01-31 19:00:00,-2.3499999046325684,-7.864929676055908,snow,0.4000000059604645,61.0,19.930479049682617,29.51999855041504,91.81068420410156,973.2913208007812,
55.78_37.53,2022-02-22 15:00:00,2.6500000953674316,-3.184995412826538,none,0.0,52.0,24.269983291625977,34.91999816894531,76.04114532470703,977.4107055664062,
55.78_37.53,2022-05-10 06:00:00,4.5,-0.8035938739776611,none,0.0,0.0,21.48569679260254,34.560001373291016,71.02165985107422,1001.4285888671875,
55.78_37.53,2022-05-10 08:00:00,5.699999809265137,-0.19730043411254883,none,0.0,0.0,25.14851951599121,42.119998931884766,63.45777130126953,1001.3364868164062,
55.78_37.53,2022-07-15 16:00:00,23.0,19.439468383789062,none,0.0,0.0,23.54080581665039,39.959999084472656,42.285606384277344,990.1312255859375,
55.78_37.54,2022-02-17 18:00:00,1.2000000476837158,-6.512304306030273,none,0.0,56.0,38.36492156982422,53.279998779296875,92.03787994384766,972.4298095703125,
55.78_37.54,2022-02-23 17:00:00,0.30000001192092896,-4.819336414337158,none,0.0,52.0,18.363529205322266,29.51999855041504,83.29947662353516,990.8868408203125,
55.78_37.54,2022-03-05 17:00:00,-2.450000047683716,-7.984291076660156,none,0.0,48.0,18.416383743286133,29.8799991607666,78.9620132446289,998.4147338867188,
55.78_37.54,2022-05-19 15:00:00,14.399999618530273,10.40217113494873,none,0.0,0.0,19.373218536376953,38.519996643066406,49.28731155395508,994.4107055664062,
55.78_37.55,2022-07-24 23:00:00,19.649999618530273,20.422910690307617,none,0.0,0.0,7.342587947845459,13.679999351501465,76.72421264648438,989.8806762695312,
55.78_37.56,2022-01-17 14:00:00,-3.950000047683716,-11.008363723754883,snow,0.4000000059604645,55.0,28.901073455810547,43.560001373291016,88.62966918945312,966.2931518554688,
55.78_37.56,2022-01-27 10:00:00,-9.100000381469727,-14.038127899169922,none,0.0,58.999996185302734,11.384199142456055,15.119998931884766,90.99107360839844,993.8607788085938,
55.78_37.56,2022-03-27 13:00:00,-3.0,-12.576536178588867,snow,0.10000000149011612,30.000001907348633,43.27942657470703,70.91999816894531,57.81793975830078,982.901611328125,
55.78_37.56,2022-03-31 09:00:00,-1.100000023841858,-4.877458095550537,none,0.0,33.0,7.2448601722717285,14.399999618530273,77.98960876464844,991.0459594726562,
55.78_37.56,2022-04-06 12:00:00,1.0499999523162842,-3.172452926635742,none,0.0,43.0,15.408671379089355,24.84000015258789,65.48313903808594,981.7703857421875,
55.78_37.56,2022-06-04 10:00:00,17.200000762939453,15.269643783569336,none,0.0,0.0,14.764389038085938,27.719999313354492,57.94691848754883,1001.8540649414062,
55.78_37.56,2022-07-12 18:00:00,22.700000762939453,21.186447143554688,none,0.0,0.0,16.7661075592041,32.39999771118164,54.120994567871094,992.656982421875,
55.78_37.56,2022-07-21 09:00:00,17.350000381469727,16.203596115112305,rain,0.10000000149011612,0.0,16.78156089782715,31.319997787475586,80.70246887207031,985.5667114257812,
55.78_37.56,2022-08-06 19:00:00,26.100000381469727,26.514123916625977,none,0.0,0.0,10.308831214904785,24.119998931884766,52.57483673095703,1000.2262573242188,
55.78_37.58,2022-01-10 18:00:00,-7.25,-13.54552173614502,snow,0.20000000298023224,51.0,21.413190841674805,28.799999237060547,87.2981948852539,998.0040893554688,
55.78_37.58,2022-01-17 10:00:00,-3.0999999046325684,-10.430551528930664,snow,0.20000000298023224,54.000003814697266,31.255794525146484,42.47999954223633,87.37673950195312,969.3912353515625,
55.78_37.58,2022-01-23 03:00:00,-4.949999809265137,-10.069619178771973,snow,0.10000000149011612,58.999996185302734,15.315873146057129,20.880001068115234,92.69232940673828,998.6661987304688,
55.78_37.58,2022-02-03 16:00:00,-6.099999904632568,-10.681370735168457,snow,0.10000000149011612,61.0,10.703569412231445,13.679999351501465,91.20802307128906,992.7562255859375,
55.78_37.58,2022-03-09 04:00:00,-13.100000381469727,-18.493328094482422,none,0.0,51.0,12.229406356811523,16.919998168945312,82.50128173828125,1002.9075927734375,
55.78_37.58,2022-03-12 13:00:00,-2.75,-7.701893329620361,none,0.0,50.0,14.869351387023926,22.68000030517578,84.49300384521484,1003.2115478515625,
55.78_37.58,2022-03-15 12:00:00,-1.5,-5.999642372131348,none,0.0,48.0,11.50311279296875,18.719999313354492,68.47503662109375,1014.5299682617188,
55.78_37.58,2022-04-06 12:00:00,1.0499999523162842,-3.172452926635742,none,0.0,43.0,15.408671379089355,24.84000015258789,65.48313903808594,982.1359252929688,
55.78_37.58,2022-04-18 09:00:00,4.699999809265137,0.3076491355895996,none,0.0,4.0,13.708390235900879,25.559999465942383,62.52762222290039,1001.3683471679688,
55.78_37.58,2022-06-09 17:00:00,25.850000381469727,24.132549285888672,none,0.0,0.0,12.646200180053711,22.319997787475586,37.86479949951172,992.5985107421875,
55.78_37.58,2022-06-18 00:00:00,12.199999809265137,11.487656593322754,none,0.0,0.0,8.279999732971191,12.959999084472656,96.12276458740234,994.0519409179688,
55.78_37.58,2022-07-05 00:00:00,20.299999237060547,20.086599349975586,none,0.0,0.0,6.489992141723633,11.879999160766602,60.26897048950195,995.7935791015625,
55.78_37.59,2022-02-21 18:00:00,-0.20000000298023224,-5.214637279510498,none,0.0,52.999996185302734,17.46278190612793,22.68000030517578,85.10660552978516,979.4521484375,
55.78_37.59,2022-04-12 20:00:00,4.650000095367432,0.9183845520019531,none,0.0,18.0,15.496735572814941,24.84000015258789,93.88789367675781,992.80908203125,
55.78_37.59,2022-05-06 01:00:00,4.400000095367432,-0.31979990005493164,none,0.0,0.0,13.556282043457031,20.880001068115234,51.830055236816406,1008.1901245117188,
55.78_37.59,2022-05-10 01:00:00,2.799999952316284,-1.8365709781646729,none,0.0,0.0,16.299694061279297,25.559999465942383,76.624755859375,1002.290771484375,
55.78_37.6,2022-03-31 21:00:00,-0.10000000149011612,-3.661747932434082,none,0.0,34.0,8.825508117675781,14.75999927520752,93.65393829345703,989.9656982421875,
55.78_37.6,2022-06-21 22:00:00,15.100000381469727,13.788290023803711,none,0.0,0.0,8.714676856994629,13.319999694824219,70.62106323242188,980.7682495117188,
55.78_37.6,2022-08-06 19:00:00,26.100000381469727,26.514123916625977,none,0.0,0.0,10.308831214904785,24.119998931884766,52.57483673095703,998.86181640625,
55.78_37.61,2022-02-26 19:00:00,-0.75,-4.90201473236084,none,0.0,51.0,11.367109298706055,15.480000495910645,87.2815933227539,1002.4103393554688,
55.78_37.61,2022-04-13 20:00:00,4.349999904632568,-0.8357384204864502,none,0.0,14.0,20.991426467895508,34.91999816894531,73.35126495361328,999.6764526367188,
55.78_37.62,2022-02-14 16:00:00,-0.550000011920929,-6.051830291748047,none,0.0,58.999996185302734,19.228851318359375,24.84000015258789,76.05487823486328,996.1435546875,
55.78_37.62,2022-02-27 21:00:00,-5.599999904632568,-10.806507110595703,none,0.0,50.0,14.830076217651367,23.399999618530273,86.12350463867188,1016.966064453125,
55.78_37.62,2022-05-17 10:00:00,9.949999809265137,5.622245788574219,rain,0.20000000298023224,0.0,24.575109481811523,43.560001373291016,82.45523834228516,985.3739013671875,
55.78_37.62,2022-06-04 14:00:00,19.799999237060547,17.641193389892578,none,0.0,0.0,14.512063980102539,29.8799991607666,44.7754020690918,1002.003662109375,
55.78_37.63,2022-01-29 21:00:00,-6.400000095367432,-10.81369400024414,none,0.0,61.0,9.585739135742188,12.239999771118164,93.68286895751953,983.6632690429688,
55.78_37.63,2022-02-14 17:00:00,-1.5,-7.242495536804199,none,0.0,58.999996185302734,20.523157119750977,26.639999389648438,78.81189727783203,995.1043090820312,
55.78_37.63,2022-02-20 01:00:00,0.8500000238418579,-6.245197772979736,none,0.0,54.000003814697266,32.617271423339844,44.63999557495117,84.60221099853516,969.2029418945312,
55.78_37.63,2022-02-26 19:00:00,-1.850000023841858,-6.156305313110352,none,0.0,51.0,11.770402908325195,16.19999885559082,89.48092651367188,1002.6353759765625,
55.78_37.63,2022-02-27 02:00:00,-2.9000000953674316,-7.499143600463867,none,0.0,51.0,12.758432388305664,17.639999389648438,88.05769348144531,1006.6143798828125,
55.78_37.63,2022-03-05 13:00:00,-0.8999999761581421,-7.521040916442871,none,0.0,49.0,26.280000686645508,39.599998474121094,73.45612335205078,995.93310546875,
55.78_37.63,2022-03-22 19:00:00,0.550000011920929,-3.7441163063049316,none,0.0,39.0,10.948972702026367,16.919998168945312,70.22356414794922,1009.5621337890625,
55.78_37.63,2022-04-06 04:00:00,0.8999999761581421,-4.3502302169799805,rain,0.10000000149011612,43.0,21.16665267944336,36.36000061035156,92.01904296875,975.24365234375,
55.78_37.63,2022-04-15 22:00:00,5.199999809265137,1.9514579772949219,rain,0.5,7.0,10.948972702026367,17.280000686645508,84.4966049194336,992.6841430664062,
55.78_37.63,2022-05-02 08:00:00,6.800000190734863,4.691046714782715,none,0.0,0.0,5.052840709686279,13.679999351501465,83.79485321044922,999.286376953125,
55.78_37.63,2022-06-30 12:00:00,23.0,20.821704864501953,none,0.0,0.0,17.581125259399414,36.0,33.20198059082031,998.7598876953125,
55.78_37.63,2022-07-05 09:00:00,25.0,25.751893997192383,none,0.0,0.0,5.623379707336426,15.84000015258789,52.97096633911133,995.9775390625,
55.78_37.63,2022-07-23 13:00:00,26.450000762939453,27.105138778686523,none,0.0,0.0,10.63676643371582,22.68000030517578,44.53524398803711,996.258544921875,
55.78_37.64,2022-01-16 16:00:00,-5.25,-10.927032470703125,none,0.0,54.000003814697266,17.651016235351562,22.319997787475586,79.74877166748047,987.2498779296875,
55.78_37.64,2022-02-03 15:00:00,-6.300000190734863,-10.812915802001953,none,0.0,61.0,10.00903606414795,12.59999942779541,90.14306640625,990.705810546875,
55.78_37.64,2022-02-09 12:00:00,-1.7000000476837158,-5.98499059677124,none,0.0,62.0,11.709688186645508,15.480000495910645,89.16065979003906,987.051025390625,
55.78_37.64,2022-05-18 18:00:00,11.5,6.539997100830078,none,0.0,0.0,22.06597328186035,41.39999771118164,53.202781677246094,993.664306640625,
55.78_37.65,2022-02-06 18:00:00,-7.900000095367432,-12.480342864990234,snow,0.30000001192092896,62.0,9.36691951751709,11.879999160766602,88.26671600341797,984.1082153320312,
55.78_37.65,2022-04-19 12:00:00,11.0,6.479561805725098,none,0.0,0.0,22.79684066772461,39.23999786376953,66.97021484375,999.2164306640625,
55.78_37.66,2022-02-09 14:00:00,-1.2000000476837158,-4.776002883911133,none,0.0,61.0,6.7637858390808105,16.919998168945312,85.3099365234375,988.8460693359375,
55.78_37.66,2022-02-14 17:00:00,-1.2999999523162842,-7.416348934173584,none,0.0,57.0,23.44150161743164,31.319997787475586,80.3394546508789,995.537841796875,
55.78_37.66,2022-03-16 14:00:00,-2.25,-7.2344536781311035,none,0.0,45.0,13.217443466186523,23.03999900817871,66.23419189453125,1017.6376342773438,
55.78_37.66,2022-04-01 19:00:00,0.30000001192092896,-5.108343124389648,none,0.0,30.000001907348633,18.709611892700195,29.8799991607666,72.31356811523438,991.8457641601562,
55.78_37.66,2022-07-03 20:00:00,23.549999237060547,22.034343719482422,none,0.0,0.0,9.422101020812988,15.84000015258789,40.76687240600586,996.715576171875,
55.78_37.66,2022-07-30 17:00:00,22.799999237060547,19.859386444091797,none,0.0,0.0,11.090103149414062,22.319997787475586,30.385011672973633,999.994873046875,
55.78_37.67,2022-01-21 06:00:00,-4.199999809265137,-10.128271102905273,snow,0.10000000149011612,54.000003814697266,21.188072204589844,30.23999786376953,90.65095520019531,980.9844970703125,
55.78_37.67,2022-01-26 09:00:00,-8.149999618530273,-12.83121395111084,snow,0.10000000149011612,58.999996185302734,10.002559661865234,13.319999694824219,89.29046630859375,994.5858764648438,
55.78_37.67,2022-02-19 02:00:00,-3.049999952316284,-8.920218467712402,none,0.0,52.0,21.710716247558594,28.799999237060547,91.07797241210938,982.2214965820312,
55.78_37.67,2022-04-10 01:00:00,6.599999904632568,2.7138938903808594,rain,0.4000000059604645,21.0,17.727943420410156,27.35999870300293,87.05931854248047,985.4479370117188,
55.78_37.67,2022-04-12 08:00:00,3.5999999046325684,-0.3468649387359619,none,0.0,12.0,15.546833038330078,27.0,93.50501251220703,990.991455078125,
55.78_37.67,2022-05-31 14:00:00,16.600000381469727,15.0577392578125,rain,1.899999976158142,0.0,16.29174041748047,27.0,77.50172424316406,1001.9922485351562,
55.78_37.67,2022-06-11 15:00:00,23.899999618530273,23.446651458740234,none,0.0,0.0,7.208993911743164,20.15999984741211,42.96529769897461,997.4899291992188,
55.78_37.68,2022-06-01 10:00:00,19.600000381469727,19.789548873901367,none,0.0,0.0,10.58791732788086,22.68000030517578,69.41535949707031,1004.5234985351562,
55.78_37.68,2022-06-29 11:00:00,20.200000762939453,18.959909439086914,none,0.0,0.0,10.805997848510742,25.19999885559082,40.92707443237305,1005.4490356445312,
55.78_37.68,2022-07-27 21:00:00,23.149999618530273,24.84398078918457,none,0.0,0.0,7.2805495262146,10.079999923706055,71.21186828613281,994.5094604492188,
55.78_37.69,2022-01-20 14:00:00,-3.1500000953674316,-9.367544174194336,none,0.0,52.999996185302734,23.933908462524414,39.599998474121094,90.38813781738281,985.4849853515625,
55.78_37.69,2022-03-18 18:00:00,-2.049999952316284,-6.399062156677246,none,0.0,44.0,9.686609268188477,14.039999961853027,71.85137176513672,1022.4102783203125,
55.78_37.69,2022-04-28 20:00:00,4.900000095367432,2.0459938049316406,none,0.0,0.0,1.6099690198898315,3.9600000381469727,54.15534210205078,1006.0955200195312,
55.78_37.69,2022-05-05 11:00:00,7.5,2.3811192512512207,none,0.0,0.0,18.356470108032227,37.07999801635742,42.31190490722656,1007.9549560546875,
55.78_37.69,2022-07-25 07:00:00,19.649999618530273,21.87542724609375,none,0.0,0.0,2.9024126529693604,9.359999656677246,86.85967254638672,991.5781860351562,
55.78_37.69,2022-08-08 09:00:00,,,,,,,,,,
55.78_37.7,2022-01-15 19:00:00,-2.3499999046325684,-9.331070899963379,none,0.0,54.000003814697266,28.822490692138672,46.439998626708984,82.33708953857422,981.1527099609375,
55.78_37.7,2022-01-22 06:00:00,-5.449999809265137,-11.218430519104004,none,0.0,58.0,19.008544921875,30.23999786376953,88.4937973022461,985.0655517578125,
55.78_37.7,2022-02-08 09:00:00,-1.350000023841858,-5.414386749267578,none,0.0,63.0,10.58791732788086,20.15999984741211,89.85506439208984,988.7841796875,
55.78_37.7,2022-06-10 11:00:00,24.799999237060547,25.060462951660156,none,0.0,0.0,14.512063980102539,31.319997787475586,47.85164260864258,997.5304565429688,
55.78_37.71,2022-04-06 03:00:00,0.8500000238418579,-4.862309455871582,snow,0.30000001192092896,39.0,24.387178421020508,41.76000213623047,92.6869888305664,977.7823486328125,
55.78_37.71,2022-05-26 20:00:00,13.350000381469727,12.984014511108398,rain,1.0,0.0,2.6208393573760986,15.480000495910645,80.1565933227539,985.1006469726562,
55.78_37.71,2022-05-27 17:00:00,14.050000190734863,9.97665786743164,none,0.0,0.0,21.077686309814453,44.279998779296875,58.35776138305664,983.6383056640625,
55.78_37.71,2022-08-09 23:00:00,,,,,,,,,,
55.78_37.72,2022-01-22 22:00:00,-5.0,-9.48171615600586,none,0.0,58.999996185302734,10.799999237060547,18.0,91.63479614257812,996.9187622070312,
55.78_37.72,2022-02-18 12:00:00,2.450000047683716,-1.938758134841919,none,0.0,52.0,15.844088554382324,26.280000686645508,85.71269226074219,973.5852661132812,
55.78_37.72,2022-03-05 23:00:00,-5.400000095367432,-10.166089057922363,none,0.0,46.0,11.874544143676758,24.119998931884766,85.48323822021484,1000.8335571289062,
55.78_37.72,2022-03-15 21:00:00,-5.949999809265137,-10.661293983459473,none,0.0,45.0,10.966712951660156,19.799999237060547,83.45410919189453,1016.9410400390625,
55.78_37.72,2022-04-09 12:00:00,8.5,4.334402084350586,rain,0.10000000149011612,25.0,16.37505340576172,35.279998779296875,64.10831451416016,987.1781616210938,
55.78_37.72,2022-04-19 13:00:00,12.5,8.255126953125,none,0.0,0.0,21.422269821166992,42.119998931884766,62.152130126953125,1000.2323608398438,
55.78_37.72,2022-06-15 22:00:00,14.600000381469727,12.125255584716797,none,0.0,0.0,14.812589645385742,29.51999855041504,68.18741607666016,992.83251953125,
55.78_37.72,2022-07-07 11:00:00,29.649999618530273,29.234439849853516,none,0.0,0.0,21.38896942138672,47.15999984741211,42.87284469604492,993.082763671875,
55.78_37.72,2022-07-11 08:00:00,25.100000381469727,24.733139038085938,none,0.0,0.0,18.455047607421875,35.63999938964844,59.46318054199219,993.1475830078125,
55.78_37.72,2022-07-18 12:00:00,21.450000762939453,22.18099021911621,rain,0.10000000149011612,0.0,1.1384198665618896,17.280000686645508,49.68515396118164,996.0711669921875,
55.78_37.73,2022-01-04 15:00:00,-8.0,-12.392651557922363,none,0.0,40.0,7.968938827514648,16.559999465942383,87.56598663330078,984.3816528320312,
55.78_37.73,2022-03-15 15:00:00,0.800000011920929,-3.7484450340270996,none,0.0,45.0,9.53150463104248,22.319997787475586,48.487186431884766,1016.1481323242188,
55.78_37.73,2022-03-21 13:00:00,5.800000190734863,1.8855056762695312,none,0.0,40.0,13.684735298156738,27.0,70.51251983642578,1014.7457885742188,
55.78_37.73,2022-03-24 13:00:00,8.75,6.194039344787598,none,0.0,33.0,4.104631423950195,15.480000495910645,50.39349365234375,999.005859375,
55.78_37.73,2022-03-31 22:00:00,-0.25,-3.751188278198242,none,0.0,31.0,8.31124496459961,14.75999927520752,93.98968505859375,992.0767211914062,
55.78_37.73,2022-04-26 13:00:00,15.550000190734863,12.667732238769531,none,0.0,0.0,13.849475860595703,28.440000534057617,55.2176628112793,988.6370239257812,
55.78_37.73,2022-04-28 09:00:00,3.5999999046325684,-0.4578261375427246,none,0.0,0.0,7.695919990539551,20.15999984741211,47.81855392456055,1006.1045532226562,
55.78_37.73,2022-06-02 17:00:00,24.0,24.0029296875,none,0.0,0.0,9.746630668640137,20.880001068115234,54.80416488647461,1001.213134765625,
55.78_37.73,2022-08-04 17:00:00,28.649999618530273,27.16805648803711,none,0.0,0.0,12.239999771118164,23.03999900817871,33.44032287597656,1002.9678955078125,
55.78_37.74,2022-03-15 08:00:00,-5.849999904632568,-10.441315650939941,none,0.0,46.0,10.390226364135742,18.719999313354492,85.4321060180664,1015.60986328125,
55.78_37.74,2022-05-26 20:00:00,13.350000381469727,12.984014511108398,rain,1.0,0.0,2.6208393573760986,15.480000495910645,80.1565933227539,983.930419921875,
55.78_37.74,2022-06-09 08:00:00,18.100000381469727,17.868534088134766,none,0.0,0.0,3.396233081817627,11.879999160766602,62.599693298339844,996.5591430664062,
55.78_37.74,2022-07-15 07:00:00,16.350000381469727,15.720327377319336,none,0.0,0.0,12.144330978393555,23.759998321533203,83.50971221923828,988.66552734375,
55.78_37.82,2022-01-02 00:00:00,-3.75,-10.176501274108887,none,0.0,41.0,24.315326690673828,38.519996643066406,85.01868438720703,983.9110107421875,
55.78_37.82,2022-04-09 04:00:00,6.599999904632568,2.8979053497314453,rain,0.699999988079071,26.0,17.848159790039062,35.63999938964844,93.00874328613281,977.6814575195312,
55.78_37.83,2022-05-08 16:00:00,15.399999618530273,11.648616790771484,none,0.0,0.0,19.969457626342773,51.839996337890625,56.13549041748047,997.8518676757812,
55.78_37.83,2022-06-18 13:00:00,21.049999237060547,17.364797592163086,none,0.0,0.0,21.659915924072266,41.39999771118164,40.61001205444336,995.9132080078125,
55.78_37.84,2022-03-27 02:00:00,-0.6499999761581421,-7.21719217300415,none,0.0,26.0,26.65458869934082,46.439998626708984,77.47880554199219,973.35595703125,
55.78_37.84,2022-05-10 13:00:00,8.0,0.46637487411499023,none,0.0,0.0,33.16887664794922,63.0,41.67143249511719,998.2700805664062,
55.78_37.84,2022-06-10 07:00:00,19.399999618530273,20.4940185546875,none,0.0,0.0,6.6380720138549805,15.84000015258789,80.7159423828125,994.65673828125,
55.78_37.84,2022-06-26 02:00:00,18.100000381469727,17.770978927612305,none,0.0,0.0,7.289444923400879,14.039999961853027,69.1207275390625,1001.3787841796875,
55.78_37.84,2022-07-01 02:00:00,15.350000381469727,13.303071975708008,none,0.0,0.0,12.522619247436523,21.599998474121094,66.52693176269531,998.1627807617188,
55.78_37.84,2022-07-04 05:00:00,16.799999237060547,16.931364059448242,none,0.0,0.0,6.92473840713501,10.799999237060547,81.15521240234375,997.4679565429688,
55.78_37.84,2022-07-14 15:00:00,20.0,21.074495315551758,rain,0.10000000149011612,0.0,4.213691711425781,13.679999351501465,73.1737060546875,986.2381591796875,
55.78_37.84,2022-07-17 03:00:00,13.699999809265137,13.68588638305664,none,0.0,0.0,3.7064266204833984,7.559999465942383,87.72244262695312,997.0764770507812,
55.78_37.84,2022-07-26 03:00:00,18.5,19.2724666595459,none,0.0,0.0,11.54247760772705,18.0,90.69721221923828,990.4031982421875,
55.78_37.84,2022-07-30 03:00:00,13.449999809265137,12.913612365722656,none,0.0,0.0,8.496304512023926,19.440000534057617,92.44996643066406,1000.7918090820312,
55.78_37.85,2022-06-15 20:00:00,16.200000762939453,13.39407730102539,none,0.0,0.0,16.450069427490234,32.03999710083008,60.09779357910156,992.9876708984375,
55.78_37.85,2022-08-08 14:00:00,,,,,,,,,,
55.79_37.36,2022-07-29 21:00:00,17.950000762939453,17.266862869262695,none,0.0,0.0,9.605998039245605,16.19999885559082,69.5466537475586,1001.1788940429688,
55.79_37.37,2022-04-27 15:00:00,11.199999809265137,6.2934770584106445,none,0.0,0.0,19.67194938659668,37.439998626708984,47.87214279174805,995.7803955078125,
55.79_37.37,2022-04-28 00:00:00,3.0999999046325684,-0.5787353515625,none,0.0,0.0,8.766572952270508,23.759998321533203,69.70842742919922,1002.4609375,
55.79_37.37,2022-05-17 17:00:00,12.949999809265137,8.516244888305664,none,0.0,0.0,21.27353286743164,42.839996337890625,56.287071228027344,987.0890502929688,
55.79_37.38,2022-05-29 09:00:00,12.399999618530273,8.681640625,rain,0.20000000298023224,0.0,19.336389541625977,41.03999710083008,66.80651092529297,990.4541625976562,
55.79_37.39,2022-03-12 12:00:00,-3.0999999046325684,-7.547347068786621,snow,0.10000000149011612,46.0,11.18320083618164,21.239999771118164,84.77193450927734,1004.5079345703125,
55.79_37.39,2022-04-15 06:00:00,1.7999999523162842,-1.3739051818847656,none,0.0,2.0,6.519876956939697,11.519999504089355,83.79154205322266,997.6144409179688,
55.79_37.39,2022-05-12 19:00:00,14.100000381469727,12.307197570800781,rain,1.5,0.0,17.67302894592285,35.63999938964844,90.09518432617188,978.0887451171875,
55.79_37.39,2022-05-29 05:00:00,6.5,3.3505563735961914,none,0.0,0.0,14.058449745178223,24.119998931884766,93.65049743652344,988.8989868164062,
55.79_37.39,2022-07-01 09:00:00,18.350000381469727,14.566535949707031,none,0.0,0.0,16.808570861816406,35.63999938964844,39.836090087890625,1001.2114868164062,
55.79_37.4,2022-06-02 17:00:00,24.450000762939453,24.05301284790039,rain,0.10000000149011612,0.0,10.041354179382324,21.239999771118164,49.99235534667969,1000.5348510742188,
55.79_37.45,2022-02-11 12:00:00,0.44999998807907104,-4.78874397277832,none,0.0,60.000003814697266,18.64369010925293,28.440000534057617,78.82083892822266,987.0693969726562,
55.79_37.45,2022-05-17 16:00:00,12.5,8.120566368103027,none,0.0,0.0,21.611995697021484,43.19999694824219,60.029056549072266,986.9252319335938,
55.79_37.45,2022-07-24 12:00:00,26.75,27.998451232910156,none,0.0,0.0,9.028754234313965,21.599998474121094,47.601219177246094,994.3217163085938,
55.79_37.45,2022-07-29 16:00:00,22.299999237060547,20.033573150634766,none,0.0,0.0,14.764389038085938,29.8799991607666,44.26887512207031,999.7888793945312,
55.79_37.46,2022-03-18 11:00:00,-1.2999999523162842,-6.117792129516602,none,0.0,46.0,12.397806167602539,20.880001068115234,64.19178009033203,1023.7398071289062,
55.79_37.46,2022-04-12 15:00:00,7.25,3.922475814819336,none,0.0,18.0,13.202726364135742,31.68000030517578,80.40145874023438,991.78173828125,
55.79_37.46,2022-06-26 17:00:00,30.600000381469727,29.748611450195312,none,0.0,0.0,8.427383422851562,17.280000686645508,30.386112213134766,1001.994384765625,
55.79_37.47,2022-02-05 12:00:00,-9.199999809265137,-13.001764297485352,none,0.0,61.0,3.6712939739227295,8.279999732971191,92.7999496459961,995.1957397460938,
55.79_37.47,2022-05-13 08:00:00,10.600000381469727,4.26835823059082,none,0.0,0.0,33.26251983642578,57.599998474121094,62.35795593261719,983.4091186523438,
55.79_37.47,2022-05-20 15:00:00,12.25,9.529712677001953,none,0.0,0.0,5.154415130615234,16.19999885559082,33.4274787902832,998.1414184570312,
55.79_37.47,2022-05-25 16:00:00,13.300000190734863,9.595016479492188,none,0.0,0.0,10.739832878112793,23.399999618530273,38.502952575683594,995.0473022460938,
55.79_37.47,2022-06-24 13:00:00,24.25,23.689647674560547,none,0.0,0.0,15.042658805847168,30.96000099182129,41.931976318359375,997.6914672851562,
55.79_37.48,2022-01-22 00:00:00,-6.849999904632568,-11.507173538208008,none,0.0,57.0,10.685391426086426,16.559999465942383,90.4498519897461,979.1725463867188,
55.79_37.48,2022-04-06 20:00:00,-0.20000000298023224,-5.1077880859375,snow,0.10000000149011612,41.0,16.595178604125977,34.560001373291016,84.16690826416016,982.9798583984375,
55.79_37.48,2022-04-26 16:00:00,14.300000190734863,10.900074005126953,none,0.0,0.0,14.113652229309082,27.719999313354492,51.37669372558594,988.1605224609375,
55.79_37.48,2022-05-06 17:00:00,14.199999809265137,10.697952270507812,none,0.0,0.0,9.931041717529297,29.51999855041504,39.049076080322266,1006.90625,
55.79_37.48,2022-05-11 23:00:00,6.449999809265137,3.127892017364502,none,0.0,0.0,8.534353256225586,12.59999942779541,64.7960433959961,988.3475952148438,
55.79_37.48,2022-05-14 17:00:00,14.75,10.238130569458008,none,0.0,0.0,20.124610900878906,37.79999923706055,45.867801666259766,983.760009765625,
55.79_37.48,2022-06-14 00:00:00,13.800000190734863,13.67220687866211,none,0.0,0.0,8.5873384475708,10.799999237060547,98.06855773925781,991.56494140625,
55.79_37.48,2022-06-18 14:00:00,20.850000381469727,17.27280044555664,none,0.0,0.0,17.819089889526367,38.880001068115234,38.250240325927734,995.0773315429688,
55.79_37.48,2022-06-23 21:00:00,16.649999618530273,15.253963470458984,none,0.0,0.0,8.90590763092041,14.399999618530273,63.10959243774414,996.0647583007812,
55.79_37.48,2022-07-24 08:00:00,20.950000762939453,22.580228805541992,none,0.0,0.0,4.213691711425781,12.59999942779541,75.47325897216797,993.4453735351562,
55.79_37.49,2022-02-02 15:00:00,-3.549999952316284,-8.41134262084961,none,0.0,61.0,13.441070556640625,19.079999923706055,82.4897689819336,986.4435424804688,
55.79_37.49,2022-02-07 12:00:00,-1.5499999523162842,-6.870643138885498,snow,0.6000000238418579,62.0,19.201873779296875,29.51999855041504,91.18372344970703,981.3379516601562,
55.79_37.49,2022-03-06 18:00:00,-2.5999999046325684,-8.204925537109375,none,0.0,48.0,17.283748626708984,27.719999313354492,66.41084289550781,989.9356689453125,
55.79_37.49,2022-03-07 21:00:00,-2.450000047683716,-5.839791774749756,snow,0.20000000298023224,48.0,5.399999618530273,9.720000267028809,92.83817291259766,990.365234375,
55.79_37.49,2022-04-08 08:00:00,4.75,0.5478191375732422,none,0.0,39.0,16.263872146606445,27.35999870300293,81.19737243652344,979.784912109375,
55.79_37.49,2022-06-17 14:00:00,19.0,16.885269165039062,rain,0.800000011920929,0.0,17.566377639770508,33.119998931884766,59.76280975341797,993.979736328125,
55.79_37.49,2022-07-07 21:00:00,21.149999618530273,20.26002311706543,none,0.0,0.0,14.764389991760254,27.35999870300293,63.286006927490234,995.8812866210938,
55.79_37.5,2022-04-29 13:00:00,8.649999618530273,3.5991811752319336,none,0.0,0.0,17.906156539916992,35.279998779296875,42.02151107788086,1003.9493408203125,
55.79_37.51,2022-03-10 17:00:00,-6.25,-11.761204719543457,none,0.0,49.0,14.044614791870117,22.68000030517578,59.050960540771484,1016.4708862304688,
55.79_37.51,2022-03-14 17:00:00,1.7000000476837158,-2.7631773948669434,none,0.0,48.0,12.64107608795166,18.0,67.88065338134766,1004.7565307617188,
55.79_37.51,2022-05-13 19:00:00,13.600000381469727,8.793046951293945,none,0.0,0.0,23.62324333190918,42.47999954223633,53.3880615234375,985.1522827148438,
55.79_37.51,2022-06-17 19:00:00,16.25,15.491222381591797,none,0.0,0.0,10.805997848510742,18.0,78.98778533935547,994.0991821289062,
55.79_37.51,2022-07-15 21:00:00,15.949999809265137,14.479841232299805,none,0.0,0.0,9.511088371276855,14.399999618530273,66.20858764648438,991.4060668945312,
55.79_37.52,2022-04-26 13:00:00,15.149999618530273,12.176197052001953,none,0.0,0.0,14.081478118896484,26.280000686645508,55.686927795410156,987.6248779296875,
55.79_37.53,2022-01-03 17:00:00,-8.399999618530273,-14.218345642089844,none,0.0,40.0,17.581125259399414,24.119998931884766,88.21956634521484,979.6334228515625,
55.79_37.53,2022-07-24 17:00:00,27.950000762939453,27.41771697998047,none,0.0,0.0,9.779816627502441,20.15999984741211,39.34600067138672,991.0051879882812,
55.79_37.54,2022-03-19 21:00:00,-3.299999952316284,-8.098285675048828,none,0.0,46.0,12.261157035827637,14.75999927520752,74.41816711425781,1021.5684814453125,
55.79_37.54,2022-05-12 19:00:00,15.100000381469727,13.424619674682617,rain,1.399999976158142,0.0,17.55161476135254,34.20000076293945,86.14138793945312,978.6633911132812,
55.79_37.54,2022-07-11 15:00:00,31.0,27.531953811645508,rain,0.30000001192092896,0.0,31.4500732421875,54.36000061035156,30.19514274597168,989.8427734375,
55.79_37.55,2022-02-17 19:00:00,1.2000000476837158,-6.717926979064941,rain,0.10000000149011612,57.0,40.258880615234375,54.36000061035156,95.08393096923828,970.5609130859375,
55.79_37.55,2022-02-25 09:00:00,-2.8499999046325684,-7.484858512878418,none,0.0,52.0,13.319999694824219,26.280000686645508,90.41100311279297,1000.96337890625,
55.79_37.55,2022-03-09 21:00:00,-12.699999809265137,-18.828611373901367,none,0.0,50.0,17.0762996673584,24.84000015258789,76.31491088867188,1011.2608642578125,
55.79_37.55,2022-03-17 08:00:00,-11.050000190734863,-15.640710830688477,none,0.0,47.0,7.386581897735596,14.75999927520752,80.4585189819336,1021.077392578125,
55.79_37.55,2022-04-05 12:00:00,1.7000000476837158,-3.8459458351135254,none,0.0,42.0,24.923337936401367,37.07999801635742,73.39532470703125,982.0634765625,
55.79_37.55,2022-04-22 21:00:00,4.699999809265137,1.7976436614990234,none,0.0,0.0,9.08598804473877,11.519999504089355,90.00294494628906,998.7455444335938,
55.79_37.55,2022-06-29 07:00:00,15.550000190734863,13.778087615966797,none,0.0,0.0,7.628262996673584,16.19999885559082,58.52824401855469,1004.71044921875,
55.79_37.56,2022-03-21 18:00:00,4.099999904632568,0.18810081481933594,none,0.0,42.0,11.18320083618164,16.559999465942383,69.1515121459961,1011.3085327148438,
55.79_37.56,2022-04-02 19:00:00,-0.6499999761581421,-6.439810276031494,snow,0.6000000238418579,39.0,23.424907684326172,36.0,92.59945678710938,976.3858642578125,
55.79_37.56,2022-05-12 12:00:00,19.600000381469727,17.293720245361328,none,0.0,0.0,21.129884719848633,37.07999801635742,50.02334976196289,984.0701904296875,
55.79_37.56,2022-05-22 14:00:00,11.399999618530273,6.547582626342773,none,0.0,0.0,18.86138916015625,38.15999984741211,33.425296783447266,984.2261352539062,
55.79_37.56,2022-06-10 20:00:00,22.75,21.772212982177734,none,0.0,0.0,8.91318130493164,22.68000030517578,47.6109619140625,994.2630615234375,
55.79_37.56,2022-07-10 08:00:00,19.0,20.48139762878418,rain,2.0999999046325684,0.0,7.412853240966797,13.679999351501465,89.30903625488281,991.0115966796875,
55.79_37.56,2022-07-11 08:00:00,22.549999237060547,22.377685546875,none,0.0,0.0,15.58430004119873,26.639999389648438,66.93557739257812,991.9104614257812,
55.79_37.56,2022-07-18 22:00:00,14.300000190734863,12.175342559814453,none,0.0,0.0,16.17998695373535,25.559999465942383,79.22821807861328,993.6394653320312,
55.79_37.57,2022-01-03 20:00:00,-8.399999618530273,-13.814998626708984,none,0.0,41.0,14.869351387023926,22.319997787475586,88.9178695678711,978.2351684570312,
55.79_37.57,2022-01-13 14:00:00,-16.149999618530273,-23.10647964477539,snow,0.10000000149011612,52.999996185302734,21.868331909179688,32.03999710083008,80.0024642944336,985.6878051757812,
55.79_37.57,2022-03-14 00:00:00,1.0,-3.964121103286743,none,0.0,50.0,18.94708251953125,29.51999855041504,89.7128677368164,1003.770263671875,
55.79_37.57,2022-04-16 11:00:00,2.450000047683716,-3.7671523094177246,none,0.0,6.0,28.167556762695312,45.36000061035156,84.48051452636719,994.7372436523438,
55.79_37.57,2022-05-13 01:00:00,9.850000381469727,4.302669525146484,none,0.0,0.0,31.73109245300293,54.71999740600586,78.84239959716797,979.8461303710938,
55.79_37.57,2022-06-04 13:00:00,19.200000762939453,17.17645835876465,none,0.0,0.0,15.905319213867188,29.51999855041504,48.57975769042969,1000.9617309570312,
55.79_37.57,2022-06-25 08:00:00,23.5,22.75020980834961,none,0.0,0.0,10.948972702026367,22.68000030517578,50.72825622558594,999.9859619140625,
55.79_37.57,2022-07-19 08:00:00,16.600000381469727,13.699869155883789,none,0.0,0.0,20.288164138793945,34.91999816894531,65.6856689453125,994.6544189453125,
55.79_37.57,2022-07-22 20:00:00,19.799999237060547,18.70008659362793,none,0.0,0.0,10.390226364135742,15.480000495910645,58.196651458740234,995.4672241210938,
55.79_37.57,2022-07-25 12:00:00,23.700000762939453,25.388835906982422,none,0.0,0.0,9.885261535644531,22.68000030517578,68.23912811279297,988.923095703125,
55.79_37.57,2022-08-09 00:00:00,17.450000762939453,17.82524871826172,rain,5.699999809265137,0.0,8.496304512023926,13.319999694824219,84.72254180908203,1002.7939453125,
55.79_37.58,2022-03-30 17:00:00,-1.149999976158142,-5.567453384399414,none,0.0,33.0,8.287821769714355,24.119998931884766,53.299949645996094,987.067626953125,
55.79_37.58,2022-05-07 03:00:00,5.25,1.7200288772583008,none,0.0,0.0,9.585739135742188,19.079999923706055,68.63957977294922,1005.8165283203125,
55.79_37.58,2022-05-18 21:00:00,9.600000381469727,5.078990936279297,none,0.0,0.0,17.584810256958008,32.03999710083008,55.21638870239258,995.0794677734375,
55.79_37.58,2022-05-25 18:00:00,13.149999618530273,8.834457397460938,none,0.0,0.0,14.869351387023926,25.19999885559082,40.02925109863281,993.1290893554688,
55.79_37.58,2022-07-27 09:00:00,26.75,29.69235610961914,none,0.0,0.0,5.495161056518555,16.19999885559082,64.50331115722656,991.365478515625,
55.79_37.59,2022-01-13 19:00:00,-7.0,-15.00412368774414,none,0.0,55.0,33.12977981567383,46.439998626708984,85.63450622558594,977.71435546875,
55.79_37.59,2022-02-21 23:00:00,1.0,-4.8588762283325195,snow,0.4000000059604645,54.000003814697266,25.92249870300293,35.279998779296875,95.0760726928711,975.089111328125,
55.79_37.59,2022-02-24 06:00:00,-2.3499999046325684,-5.729928016662598,none,0.0,52.0,5.804825305938721,7.920000076293945,96.00582885742188,999.3502807617188,
55.79_37.59,2022-03-25 21:00:00,2.549999952316284,-1.014538288116455,none,0.0,32.0,10.739831924438477,16.19999885559082,88.23394775390625,994.1791381835938,
55.79_37.59,2022-04-01 15:00:00,3.450000047683716,-2.082141160964966,none,0.0,33.0,20.05687713623047,34.560001373291016,60.39805221557617,991.1102294921875,
55.79_37.59,2022-04-15 14:00:00,8.649999618530273,6.027200698852539,none,0.0,7.0,2.545584201812744,19.440000534057617,51.2944450378418,993.944091796875,
55.79_37.59,2022-04-15 22:00:00,5.199999809265137,1.9514579772949219,rain,0.5,7.0,10.948972702026367,17.280000686645508,84.4966049194336,992.6841430664062,
55.79_37.59,2022-04-15 23:00:00,4.949999809265137,1.6975460052490234,rain,0.699999988079071,7.0,11.165804862976074,17.639999389648438,86.89774322509766,992.0310668945312,
55.79_37.59,2022-04-29 12:00:00,8.050000190734863,2.8935904502868652,none,0.0,0.0,17.399585723876953,30.96000099182129,43.602542877197266,1003.6455688476562,
55.79_37.59,2022-05-19 07:00:00,9.550000190734863,5.683069229125977,none,0.0,0.0,16.7661075592041,28.079999923706055,68.31829833984375,993.4542236328125,
55.79_37.59,2022-06-18 17:00:00,20.0,16.531726837158203,none,0.0,0.0,19.336389541625977,34.560001373291016,44.37516784667969,993.5289306640625,
55.79_37.59,2022-08-04 11:00:00,26.399999618530273,26.729337692260742,none,0.0,0.0,8.654986381530762,19.799999237060547,45.99312210083008,1001.5607299804688,
55.79_37.6,2022-01-23 14:00:00,-4.900000095367432,-8.721098899841309,none,0.0,58.0,6.130578517913818,15.480000495910645,89.56592559814453,1007.5474243164062,
55.79_37.6,2022-06-09 09:00:00,22.149999618530273,22.295671463012695,none,0.0,0.0,4.510787010192871,14.75999927520752,46.35176467895508,994.8302612304688,
55.79_37.6,2022-06-10 23:00:00,16.649999618530273,15.630565643310547,none,0.0,0.0,8.08999252319336,12.959999084472656,67.02458190917969,995.5632934570312,
55.79_37.6,2022-06-11 07:00:00,18.25,18.786285400390625,none,0.0,0.0,3.0758414268493652,10.079999923706055,71.91967010498047,996.0986328125,
55.79_37.6,2022-06-28 10:00:00,23.799999237060547,22.76190757751465,none,0.0,0.0,16.595178604125977,32.03999710083008,50.476295471191406,1001.0176391601562,
55.79_37.6,2022-07-25 01:00:00,17.25,18.25660514831543,none,0.0,0.0,6.287129878997803,10.079999923706055,90.32222747802734,988.889892578125,
55.79_37.61,2022-02-13 12:00:00,0.05000000074505806,-6.841059684753418,none,0.0,60.000003814697266,30.23999786376953,41.03999710083008,82.96039581298828,1000.1723022460938,
55.79_37.62,2022-02-14 13:00:00,-1.350000023841858,-7.231100082397461,none,0.0,58.999996185302734,21.868331909179688,29.51999855041504,80.9378890991211,996.0239868164062,
55.79_37.62,2022-03-14 13:00:00,2.5999999046325684,-2.055387258529663,none,0.0,49.0,15.937877655029297,22.319997787475586,74.92607116699219,1003.4122924804688,
55.79_37.62,2022-03-29 08:00:00,0.699999988079071,-5.235659599304199,none,0.0,33.0,24.522315979003906,39.599998474121094,84.58470916748047,973.0504150390625,
55.79_37.62,2022-04-08 12:00:00,12.949999809265137,8.451536178588867,none,0.0,38.0,23.35842514038086,33.839996337890625,59.72231674194336,979.15380859375,
55.79_37.62,2022-05-22 07:00:00,5.449999809265137,0.32503604888916016,none,0.0,0.0,19.453327178955078,32.76000213623047,62.70723342895508,985.2249145507812,
55.79_37.62,2022-06-02 07:00:00,17.049999237060547,16.580955505371094,none,0.0,0.0,12.261157035827637,23.759998321533203,82.51544189453125,1000.8052978515625,
55.79_37.62,2022-06-03 22:00:00,12.100000381469727,10.515149116516113,none,0.0,0.0,8.350137710571289,14.039999961853027,79.17448425292969,999.4692993164062,
55.79_37.62,2022-06-08 22:00:00,12.850000381469727,10.82210922241211,none,0.0,0.0,10.239453315734863,12.239999771118164,72.12218475341797,994.4635620117188,
55.79_37.62,2022-06-21 13:00:00,18.649999618530273,17.6802978515625,none,0.0,0.0,4.394360065460205,15.480000495910645,52.53972625732422,982.2098999023438,
55.79_37.62,2022-07-09 14:00:00,25.549999237060547,25.272125244140625,none,0.0,0.0,9.565437316894531,20.51999855041504,42.99747085571289,995.0100708007812,
55.79_37.62,2022-07-11 05:00:00,19.600000381469727,19.24085235595703,none,0.0,0.0,14.44044303894043,22.319997787475586,75.73788452148438,991.5239868164062,
55.79_37.62,2022-07-16 12:00:00,20.950000762939453,19.153636932373047,rain,0.10000000149011612,0.0,17.877180099487305,32.76000213623047,49.38520812988281,993.2796630859375,
55.79_37.62,2022-08-05 23:00:00,19.600000381469727,18.877761840820312,none,0.0,0.0,8.766572952270508,12.59999942779541,60.70170974731445,1002.4163818359375,
55.79_37.63,2022-01-30 11:00:00,-4.699999809265137,-11.457502365112305,none,0.0,60.000003814697266,25.499080657958984,33.839996337890625,80.76307678222656,975.96337890625,
55.79_37.63,2022-02-18 12:00:00,2.4000000953674316,-2.646141767501831,none,0.0,55.0,19.562946319580078,24.84000015258789,81.461669921875,971.1795043945312,
55.79_37.63,2022-05-06 18:00:00,14.449999809265137,10.737415313720703,none,0.0,0.0,11.212135314941406,27.719999313354492,38.00840377807617,1005.9480590820312,
55.79_37.63,2022-06-09 15:00:00,26.649999618530273,25.26194953918457,none,0.0,0.0,8.225034713745117,18.719999313354492,30.3129940032959,993.5072631835938,
55.79_37.63,2022-06-19 10:00:00,20.799999237060547,17.068389892578125,none,0.0,0.0,26.980792999267578,43.91999816894531,52.22679901123047,990.0673828125,
55.79_37.63,2022-07-29 08:00:00,18.899999618530273,17.39850616455078,none,0.0,0.0,15.778517723083496,28.440000534057617,66.61178588867188,998.0341186523438,
55.79_37.64,2022-02-11 12:00:00,0.20000000298023224,-4.912561893463135,snow,0.10000000149011612,61.0,18.0,35.279998779296875,81.760498046875,987.1992797851562,
55.79_37.64,2022-04-18 22:00:00,3.049999952316284,-1.4207134246826172,none,0.0,2.0,12.904882431030273,21.959999084472656,62.82763671875,999.7329711914062,
55.79_37.64,2022-06-10 14:00:00,25.850000381469727,24.069664001464844,none,0.0,0.0,16.548255920410156,34.20000076293945,34.588077545166016,995.4137573242188,
55.79_37.64,2022-07-24 21:00:00,21.850000381469727,22.580415725708008,none,0.0,0.0,6.696386814117432,10.799999237060547,65.51746368408203,989.7073974609375,
55.79_37.65,2022-04-16 20:00:00,1.7000000476837158,-4.096606254577637,none,0.0,2.0,22.782625198364258,45.0,73.94071960449219,999.9835205078125,
55.79_37.65,2022-05-15 13:00:00,14.699999809265137,11.606245040893555,rain,0.10000000149011612,0.0,12.224106788635254,27.719999313354492,50.594329833984375,984.0621337890625,
55.79_37.66,2022-01-19 14:00:00,-9.399999618530273,-14.699712753295898,none,0.0,54.000003814697266,13.089353561401367,20.880001068115234,82.34166717529297,994.9241943359375,
55.79_37.66,2022-03-31 10:00:00,-1.2999999523162842,-5.013091564178467,none,0.0,30.000001907348633,6.7637858390808105,14.75999927520752,78.84314727783203,992.841552734375,
55.79_37.66,2022-04-21 11:00:00,6.099999904632568,1.546677589416504,rain,1.600000023841858,0.0,21.267440795898438,46.439998626708984,85.49686431884766,998.236328125,
55.79_37.66,2022-04-24 12:00:00,12.550000190734863,10.087657928466797,none,0.0,0.0,10.972620010375977,24.119998931884766,67.06867218017578,994.217041015625,
55.79_37.66,2022-06-14 14:00:00,26.549999237060547,24.51093292236328,none,0.0,0.0,16.62248992919922,33.839996337890625,33.2985725402832,990.012451171875,
55.79_37.66,2022-06-15 14:00:00,17.75,12.85871696472168,none,0.0,0.0,28.847209930419922,53.279998779296875,50.548728942871094,990.9556884765625,
55.79_37.66,2022-07-18 11:00:00,20.549999237060547,20.7641544342041,none,0.0,0.0,4.6938252449035645,18.0,54.105621337890625,995.5369873046875,
55.79_37.66,2022-08-01 10:00:00,21.75,20.626766204833984,none,0.0,0.0,8.5873384475708,21.239999771118164,48.45767593383789,1000.53857421875,
55.79_37.68,2022-01-13 20:00:00,-6.099999904632568,-13.064772605895996,none,0.0,55.0,26.758922576904297,48.599998474121094,88.0927963256836,979.1730346679688,
55.79_37.68,2022-02-07 00:00:00,-7.0,-11.776311874389648,none,0.0,61.0,11.440978050231934,18.35999870300293,90.7904052734375,985.9528198242188,
55.79_37.68,2022-04-20 12:00:00,13.149999618530273,7.9513959884643555,none,0.0,0.0,26.25039291381836,50.7599983215332,39.30845260620117,998.6739501953125,
55.79_37.68,2022-06-03 18:00:00,16.649999618530273,13.47662353515625,none,0.0,0.0,20.431386947631836,42.119998931884766,61.642452239990234,999.38427734375,
55.79_37.68,2022-06-28 12:00:00,24.600000381469727,23.71257209777832,none,0.0,0.0,15.575981140136719,34.20000076293945,40.38326644897461,1002.8695678710938,
55.79_37.69,2022-02-14 14:00:00,-0.05000000074505806,-5.1396026611328125,none,0.0,57.0,16.56391143798828,34.91999816894531,74.44927978515625,996.9769287109375,
55.79_37.69,2022-06-30 10:00:00,21.350000381469727,18.337032318115234,none,0.0,0.0,17.11420440673828,36.0,35.83327865600586,1000.39892578125,
55.79_37.69,2022-07-27 17:00:00,28.100000381469727,27.576242446899414,none,0.0,0.0,16.862455368041992,32.76000213623047,46.90096664428711,992.5013427734375,
55.79_37.7,2022-08-11 14:00:00,23.200000762939453,23.2341251373291,none,0.0,0.0,6.297428131103516,19.799999237060547,42.62654495239258,1009.873779296875,
55.79_37.71,2022-05-04 12:00:00,8.399999618530273,4.232900619506836,rain,0.10000000149011612,0.0,20.140705108642578,41.39999771118164,54.89801788330078,993.429931640625,
55.79_37.71,2022-05-16 17:00:00,11.199999809265137,6.618042945861816,rain,0.10000000149011612,0.0,19.969457626342773,41.39999771118164,55.834293365478516,987.9669189453125,
55.79_37.72,2022-03-20 14:00:00,6.550000190734863,2.4565415382385254,none,0.0,42.0,13.450708389282227,30.599998474121094,62.74066925048828,1016.2937622070312,
55.79_37.72,2022-03-30 17:00:00,-3.4000000953674316,-7.796496391296387,none,0.0,30.000001907348633,8.31124496459961,18.719999313354492,64.439453125,989.63671875,
55.79_37.72,2022-07-11 09:00:00,25.100000381469727,24.733139038085938,none,0.0,0.0,18.455047607421875,35.63999938964844,59.46318054199219,994.0553588867188,
55.79_37.73,2022-01-21 19:00:00,-7.550000190734863,-12.914005279541016,snow,0.20000000298023224,57.0,15.141413688659668,27.35999870300293,90.74928283691406,978.9043579101562,
55.79_37.73,2022-03-30 17:00:00,-1.0499999523162842,-5.740993976593018,none,0.0,30.000001907348633,10.079999923706055,29.15999984741211,52.291500091552734,990.53857421875,
55.79_37.73,2022-05-11 05:00:00,6.699999809265137,1.5189752578735352,none,0.0,0.0,19.21199607849121,33.839996337890625,54.84438705444336,993.8731689453125,
55.79_37.73,2022-05-30 17:00:00,18.5,16.73861312866211,none,0.0,0.0,6.479999542236328,15.480000495910645,46.44063949584961,1002.690185546875,
55.79_37.74,2022-03-26 11:00:00,4.349999904632568,-1.5826940536499023,rain,0.20000000298023224,28.0,27.661497116088867,48.599998474121094,81.14232635498047,976.5316772460938,
55.79_37.74,2022-06-10 14:00:00,25.450000762939453,25.187236785888672,none,0.0,0.0,15.79083251953125,33.119998931884766,43.68259048461914,996.9127197265625,
55.79_37.74,2022-07-23 18:00:00,25.75,26.609954833984375,none,0.0,0.0,6.849466800689697,15.480000495910645,53.16260528564453,995.854248046875,
55.79_37.75,2022-01-15 00:00:00,-2.25,-8.884576797485352,none,0.0,55.0,26.795223236083984,50.7599983215332,84.5523681640625,963.520263671875,
55.79_37.75,2022-02-03 09:00:00,-8.600000381469727,-12.94072151184082,none,0.0,61.0,7.4215898513793945,12.59999942779541,89.25150299072266,993.1527709960938,
55.79_37.75,2022-02-07 19:00:00,-1.75,-7.290220737457275,none,0.0,62.0,20.3168888092041,33.47999954223633,89.48919677734375,984.3068237304688,
55.79_37.75,2022-02-18 06:00:00,1.5499999523162842,-4.448618412017822,rain,0.10000000149011612,52.999996185302734,27.15316390991211,46.07999801635742,93.06269836425781,968.7254028320312,
55.79_37.75,2022-03-26 20:00:00,0.8500000238418579,-4.9504852294921875,snow,0.10000000149011612,26.0,21.602998733520508,36.71999740600586,70.81366729736328,975.2032470703125,
55.79_37.75,2022-07-14 09:00:00,19.0,19.324087142944336,none,0.0,0.0,3.2599384784698486,28.799999237060547,66.19735717773438,992.2826538085938,
55.79_37.76,2022-06-07 16:00:00,20.200000762939453,17.79160499572754,none,0.0,0.0,10.972620010375977,23.03999900817871,33.564693450927734,998.03125,
55.79_37.77,2022-02-27 14:00:00,-0.8999999761581421,-5.742425441741943,none,0.0,47.0,12.245293617248535,28.799999237060547,59.98018264770508,1017.150634765625,
55.79_37.77,2022-04-01 08:00:00,-1.25,-6.090973854064941,none,0.0,31.0,16.17998695373535,29.51999855041504,91.20465087890625,994.44140625,
55.79_37.77,2022-05-12 16:00:00,21.049999237060547,17.682458877563477,none,0.0,0.0,19.272613525390625,36.71999740600586,40.05754470825195,982.3370361328125,
55.79_37.77,2022-06-06 08:00:00,17.049999237060547,14.714418411254883,rain,0.10000000149011612,0.0,17.11420440673828,33.47999954223633,65.3456802368164,998.4805908203125,
55.79_37.78,2022-01-14 18:00:00,-1.4500000476837158,-7.925601005554199,none,0.0,55.0,25.98491859436035,41.03999710083008,81.8404769897461,955.4102783203125,
55.79_37.78,2022-01-18 08:00:00,-2.700000047683716,-9.012382507324219,snow,0.20000000298023224,55.0,24.863468170166016,39.599998474121094,89.74650573730469,975.4739990234375,
55.79_37.78,2022-02-13 12:00:00,0.10000000149011612,-6.3068084716796875,none,0.0,58.0,27.009597778320312,44.63999557495117,83.27429962158203,1000.8521118164062,
55.79_37.78,2022-02-16 19:00:00,-2.200000047683716,-7.683303356170654,none,0.0,55.0,18.94024085998535,30.599998474121094,84.55828857421875,995.5270385742188,
55.79_37.78,2022-05-11 23:00:00,6.650000095367432,3.1864662170410156,none,0.0,0.0,9.504273414611816,15.480000495910645,63.91102981567383,987.9024658203125,
55.79_37.78,2022-05-19 18:00:00,11.399999618530273,7.608268737792969,rain,0.10000000149011612,0.0,17.654685974121094,41.76000213623047,64.7659683227539,994.8529663085938,
55.79_37.78,2022-06-01 08:00:00,18.350000381469727,18.057640075683594,none,0.0,0.0,9.826087951660156,21.599998474121094,73.59722137451172,1003.3583984375,
55.79_37.78,2022-06-29 18:00:00,22.850000381469727,20.224061965942383,none,0.0,0.0,7.2448601722717285,19.079999923706055,27.74603271484375,1001.7323608398438,
55.79_37.79,2022-03-27 13:00:00,-3.200000047683716,-12.429413795471191,snow,0.10000000149011612,27.000001907348633,40.87228775024414,75.95999908447266,58.453426361083984,982.3713989257812,
55.79_37.79,2022-07-04 18:00:00,29.399999618530273,28.082279205322266,none,0.0,0.0,9.0,17.280000686645508,29.855714797973633,995.4693603515625,
55.79_37.79,2022-07-18 14:00:00,18.100000381469727,17.097761154174805,rain,2.5,0.0,11.681986808776855,22.68000030517578,68.6680908203125,993.6364135742188,
55.79_37.79,2022-07-30 12:00:00,21.100000381469727,19.717464447021484,none,0.0,0.0,13.755579948425293,30.23999786376953,46.52975845336914,1000.0469970703125,
55.79_37.8,2022-05-05 09:00:00,6.349999904632568,1.22816801071167,none,0.0,0.0,18.440998077392578,36.36000061035156,44.25499725341797,1004.7457885742188,
55.79_37.82,2022-03-29 21:00:00,-4.199999809265137,-8.005655288696289,none,0.0,30.000001907348633,6.130578994750977,12.59999942779541,85.94591522216797,979.3202514648438,
55.79_37.82,2022-06-09 12:00:00,24.649999618530273,26.038352966308594,none,0.0,0.0,4.896529197692871,15.84000015258789,41.48859786987305,994.0863037109375,
55.79_37.82,2022-06-28 11:00:00,24.600000381469727,23.82571792602539,none,0.0,0.0,15.277749061584473,33.119998931884766,40.925716400146484,1001.5108642578125,
55.79_37.84,2022-02-04 14:00:00,-4.300000190734863,-8.176761627197266,none,0.0,61.0,5.399999618530273,13.679999351501465,75.10163879394531,993.7996826171875,
55.79_37.84,2022-03-09 00:00:00,-10.350000381469727,-15.590986251831055,none,0.0,47.0,12.475960731506348,23.03999900817871,85.59225463867188,1001.2395629882812,
55.79_37.84,2022-05-31 07:00:00,13.350000381469727,11.103848457336426,rain,0.5,0.0,15.124283790588379,27.719999313354492,79.09040069580078,1001.8173217773438,
55.79_37.84,2022-06-27 18:00:00,29.350000381469727,29.15123748779297,none,0.0,0.0,13.684735298156738,31.319997787475586,42.653709411621094,998.9872436523438,
55.7_37.07,2022-05-23 11:00:00,9.149999618530273,3.9578237533569336,none,0.0,0.0,19.67194938659668,44.279998779296875,47.810707092285156,984.9256591796875,
55.7_37.23,2022-01-26 18:00:00,-5.099999904632568,-9.846529006958008,none,0.0,56.0,12.101570129394531,21.959999084472656,87.1771469116211,991.8456420898438,
55.7_37.27,2022-06-27 17:00:00,30.299999237060547,29.737735748291016,none,0.0,0.0,15.379205703735352,32.76000213623047,39.61424255371094,995.08935546875,
55.7_37.4,2022-01-03 17:00:00,-8.600000381469727,-14.141704559326172,none,0.0,39.0,15.683775901794434,25.559999465942383,89.6042709350586,980.3745727539062,
55.7_37.4,2022-01-04 21:00:00,-10.300000190734863,-15.416670799255371,none,0.0,39.0,11.879999160766602,19.079999923706055,89.10236358642578,984.5823974609375,
55.7_37.4,2022-02-06 22:00:00,-5.5,-9.732014656066895,snow,0.10000000149011612,61.0,8.70723819732666,13.679999351501465,91.25049591064453,985.1199340820312,
55.7_37.4,2022-05-01 20:00:00,7.699999809265137,3.9749326705932617,none,0.0,0.0,9.65981388092041,24.119998931884766,52.939022064208984,1000.9594116210938,
55.7_37.4,2022-05-03 04:00:00,5.75,2.56463623046875,none,0.0,0.0,13.493998527526855,24.119998931884766,94.92708587646484,992.3543090820312,
55.7_37.4,2022-05-30 18:00:00,17.950000762939453,15.447158813476562,none,0.0,0.0,9.028754234313965,21.239999771118164,42.89287567138672,1002.8931274414062,
55.7_37.4,2022-06-21 13:00:00,18.600000381469727,17.77562141418457,none,0.0,0.0,4.320000171661377,14.399999618530273,54.51161193847656,985.0596313476562,
55.7_37.4,2022-06-27 22:00:00,24.450000762939453,24.8277530670166,none,0.0,0.0,10.703569412231445,17.280000686645508,58.184173583984375,1001.238037109375,
55.7_37.4,2022-07-04 10:00:00,26.100000381469727,26.613815307617188,none,0.0,0.0,10.661107063293457,24.479999542236328,51.0794792175293,997.2339477539062,
55.7_37.41,2022-06-01 14:00:00,22.200000762939453,22.530107498168945,none,0.0,0.0,12.31389331817627,27.35999870300293,60.90964126586914,1003.4207153320312,
55.7_37.42,2022-04-05 19:00:00,0.8999999761581421,-5.1481122970581055,none,0.0,40.0,23.424909591674805,41.39999771118164,71.35559844970703,977.6041259765625,
55.7_37.45,2022-04-05 23:00:00,0.75,-5.1428141593933105,snow,0.10000000149011612,44.0,25.212852478027344,40.31999969482422,90.67931365966797,976.5021362304688,
55.7_37.46,2022-04-21 02:00:00,7.800000190734863,2.093987464904785,none,0.0,0.0,23.587554931640625,42.839996337890625,53.94409942626953,995.8490600585938,
55.7_37.46,2022-05-03 10:00:00,12.5,9.515268325805664,rain,0.20000000298023224,0.0,16.80085563659668,33.839996337890625,73.79489135742188,987.5164184570312,
55.7_37.46,2022-05-24 07:00:00,8.25,2.9195709228515625,none,0.0,0.0,20.523157119750977,35.279998779296875,50.438133239746094,986.0732421875,
55.7_37.46,2022-06-11 14:00:00,23.350000381469727,22.85969352722168,none,0.0,0.0,7.4215898513793945,17.639999389648438,45.15766525268555,997.1791381835938,
55.7_37.46,2022-07-27 01:00:00,18.700000762939453,20.357505798339844,none,0.0,0.0,7.1003098487854,8.279999732971191,92.73929595947266,991.37353515625,
55.7_37.46,2022-08-01 17:00:00,24.200000762939453,22.823387145996094,none,0.0,0.0,8.089993476867676,18.0,38.68061447143555,997.4136962890625,
55.7_37.47,2022-01-10 08:00:00,-7.599999904632568,-12.574055671691895,snow,0.20000000298023224,49.0,12.496718406677246,16.559999465942383,91.45675659179688,993.1561889648438,
55.7_37.47,2022-03-26 16:00:00,3.5,-3.4136528968811035,none,0.0,30.000001907348633,30.489683151245117,53.63999557495117,65.31201171875,972.0318603515625,
55.7_37.48,2022-07-19 18:00:00,19.149999618530273,15.909284591674805,none,0.0,0.0,18.37411117553711,33.47999954223633,47.91008377075195,994.8900756835938,
55.7_37.49,2022-01-31 14:00:00,-1.7999999523162842,-6.847940444946289,snow,0.10000000149011612,61.0,17.287498474121094,23.399999618530273,92.53129577636719,969.188232421875,
55.7_37.49,2022-02-25 18:00:00,-2.049999952316284,-7.337100982666016,none,0.0,52.0,17.283748626708984,27.719999313354492,81.1435775756836,996.4237060546875,
55.7_37.5,2022-01-29 15:00:00,-5.550000190734863,-8.818349838256836,snow,0.10000000149011612,60.000003814697266,2.099142551422119,4.679999828338623,91.59759521484375,982.7342529296875,
55.7_37.5,2022-03-17 16:00:00,-0.6000000238418579,-4.603564262390137,none,0.0,48.0,5.014219284057617,12.59999942779541,48.073978424072266,1020.103271484375,
55.7_37.5,2022-06-29 21:00:00,18.200000762939453,16.006853103637695,none,0.0,0.0,7.4215898513793945,11.519999504089355,43.26326370239258,998.5624389648438,
55.7_37.5,2022-07-19 15:00:00,20.299999237060547,16.890668869018555,rain,0.10000000149011612,0.0,18.430452346801758,41.76000213623047,42.67576217651367,994.7139892578125,
55.7_37.5,2022-07-24 20:00:00,22.049999237060547,22.245548248291016,none,0.0,0.0,8.43506908416748,12.959999084472656,61.667911529541016,987.4085693359375,
55.7_37.51,2022-03-30 11:00:00,-2.9000000953674316,-8.049223899841309,none,0.0,34.0,13.849475860595703,25.559999465942383,63.0643310546875,985.058837890625,
55.7_37.51,2022-04-14 16:00:00,10.149999618530273,5.018293380737305,none,0.0,12.0,17.69867706298828,34.91999816894531,39.433555603027344,997.1322631835938,
55.7_37.51,2022-06-20 10:00:00,16.950000762939453,14.602970123291016,none,0.0,0.0,16.19999885559082,31.68000030517578,63.6017951965332,983.4768676757812,
55.7_37.52,2022-05-14 18:00:00,13.149999618530273,9.330090522766113,none,0.0,0.0,15.905319213867188,34.560001373291016,52.339561462402344,978.7020874023438,
55.7_37.52,2022-05-16 09:00:00,10.899999618530273,5.998208045959473,none,0.0,0.0,22.864959716796875,43.19999694824219,59.2176399230957,981.2258911132812,
55.7_37.53,2022-05-12 21:00:00,14.050000190734863,11.058029174804688,rain,1.100000023841858,0.0,25.445659637451172,42.839996337890625,89.20854187011719,971.0569458007812,
55.7_37.53,2022-05-26 19:00:00,13.100000381469727,12.45217514038086,rain,1.2999999523162842,0.0,4.553679466247559,15.480000495910645,81.47441101074219,977.3264770507812,
55.7_37.54,2022-02-17 13:00:00,1.0499999523162842,-6.423486709594727,none,0.0,57.0,36.72705841064453,50.39999771118164,93.03521728515625,973.0316772460938,
55.7_37.54,2022-02-18 14:00:00,1.850000023841858,-4.259095191955566,none,0.0,55.0,24.56983184814453,27.0,71.01508331298828,969.3943481445312,
55.7_37.55,2022-04-25 13:00:00,15.899999618530273,12.552362442016602,none,0.0,0.0,15.946009635925293,30.599998474121094,51.45165252685547,986.69677734375,
55.7_37.55,2022-06-03 15:00:00,17.299999237060547,14.646831512451172,none,0.0,0.0,25.045238494873047,46.79999923706055,66.49513244628906,994.6507568359375,
55.7_37.55,2022-06-24 14:00:00,24.450000762939453,23.33575439453125,none,0.0,0.0,17.584810256958008,34.20000076293945,41.02021026611328,992.28955078125,
55.7_37.55,2022-06-25 14:00:00,28.0,27.42742156982422,none,0.0,0.0,12.229406356811523,25.19999885559082,35.3094367980957,995.9993896484375,
55.7_37.56,2022-06-09 13:00:00,25.149999618530273,25.91103744506836,none,0.0,0.0,6.608721733093262,18.35999870300293,43.170433044433594,991.4595947265625,
55.7_37.57,2022-05-15 19:00:00,10.800000190734863,7.463910102844238,none,0.0,0.0,15.042658805847168,34.560001373291016,69.05532836914062,982.4566650390625,
55.7_37.58,2022-02-06 15:00:00,-7.650000095367432,-12.366715431213379,snow,0.10000000149011612,63.0,10.028438568115234,11.159998893737793,83.2344741821289,982.7548828125,
55.7_37.58,2022-02-09 15:00:00,-1.149999976158142,-5.245680809020996,none,0.0,62.0,9.585739135742188,12.959999084472656,79.46149444580078,987.7576293945312,
55.7_37.58,2022-02-17 16:00:00,1.350000023841858,-6.19100284576416,none,0.0,58.0,37.13762664794922,55.79999923706055,90.72295379638672,973.2844848632812,
55.7_37.58,2022-05-06 06:00:00,5.349999904632568,0.393338680267334,none,0.0,0.0,16.583459854125977,30.23999786376953,55.091251373291016,1006.7986450195312,
55.7_37.59,2022-01-30 22:00:00,-3.4000000953674316,-9.513164520263672,snow,0.20000000298023224,61.0,22.90743064880371,34.560001373291016,89.3515396118164,975.230712890625,
55.7_37.59,2022-02-06 21:00:00,-6.449999809265137,-10.846416473388672,none,0.0,63.0,9.178235054016113,12.959999084472656,90.83126831054688,986.1302490234375,
55.7_37.59,2022-08-08 09:00:00,,,,,,,,,,
55.7_37.59,2022-08-09 18:00:00,,,,,,,,,,
55.7_37.6,2022-01-28 22:00:00,-5.949999809265137,-11.533766746520996,snow,0.20000000298023224,60.000003814697266,17.57744026184082,26.639999389648438,90.17073822021484,986.4974975585938,
55.7_37.6,2022-03-02 22:00:00,-3.450000047683716,-7.8666486740112305,none,0.0,50.0,10.182336807250977,16.559999465942383,80.02104949951172,1001.9755249023438,
55.7_37.61,2022-01-31 01:00:00,-3.5,-9.49295711517334,snow,0.30000001192092896,61.0,22.159746170043945,32.76000213623047,90.70304107666016,975.3486328125,
55.7_37.61,2022-02-15 08:00:00,-4.349999904632568,-10.464590072631836,none,0.0,58.999996185302734,22.104116439819336,32.39999771118164,88.25667572021484,1001.284423828125,
55.7_37.61,2022-03-20 03:00:00,-4.099999904632568,-8.845993041992188,none,0.0,48.0,11.966954231262207,19.079999923706055,79.6164779663086,1022.6309814453125,
55.7_37.61,2022-07-01 15:00:00,21.649999618530273,18.06413459777832,none,0.0,0.0,18.875125885009766,43.560001373291016,25.062667846679688,1003.2869873046875,
55.7_37.61,2022-07-23 03:00:00,15.399999618530273,15.159948348999023,none,0.0,0.0,8.759178161621094,13.679999351501465,87.01893615722656,998.8327026367188,
55.7_37.62,2022-01-02 08:00:00,-7.099999904632568,-14.278399467468262,none,0.0,41.0,27.295976638793945,43.91999816894531,84.29215240478516,993.3300170898438,
55.7_37.62,2022-01-31 16:00:00,-1.4500000476837158,-6.542054176330566,snow,0.10000000149011612,62.0,17.81181526184082,25.919998168945312,91.86917877197266,975.3062133789062,
55.7_37.62,2022-05-10 00:00:00,3.25,-1.4938890933990479,none,0.0,0.0,17.287498474121094,30.599998474121094,75.5904541015625,1004.7945556640625,
55.7_37.62,2022-07-13 13:00:00,24.200000762939453,23.464845657348633,none,0.0,0.0,16.645864486694336,34.20000076293945,47.533382415771484,997.1995849609375,
55.7_37.63,2022-06-27 00:00:00,20.350000381469727,20.991735458374023,none,0.0,0.0,8.37338638305664,13.679999351501465,73.7060317993164,1005.4843139648438,
55.7_37.64,2022-05-24 15:00:00,8.449999809265137,2.9087448120117188,none,0.0,0.0,21.218631744384766,38.15999984741211,46.912418365478516,993.6942138671875,
55.7_37.64,2022-06-20 22:00:00,14.199999809265137,12.648038864135742,none,0.0,0.0,9.693296432495117,20.15999984741211,73.10530853271484,989.0079956054688,
55.7_37.65,2022-01-03 22:00:00,-8.5,-13.533207893371582,none,0.0,40.0,12.224106788635254,16.559999465942383,89.26018524169922,982.6825561523438,
55.7_37.66,2022-03-08 09:00:00,-4.949999809265137,-11.142638206481934,none,0.0,52.0,22.39246368408203,33.839996337890625,89.9049072265625,998.5381469726562,
55.7_37.67,2022-01-15 16:00:00,-2.1500000953674316,-10.052755355834961,snow,0.20000000298023224,58.0,35.452232360839844,47.519996643066406,83.61485290527344,976.5174560546875,
55.7_37.67,2022-05-25 20:00:00,9.350000381469727,7.022129058837891,rain,0.10000000149011612,0.0,6.7637858390808105,21.599998474121094,71.21094512939453,996.5015258789062,
55.7_37.67,2022-07-25 04:00:00,16.600000381469727,17.93744659423828,none,0.0,0.0,5.116561412811279,9.359999656677246,96.558349609375,992.0263061523438,
55.7_37.68,2022-07-11 17:00:00,28.950000762939453,27.82855987548828,none,0.0,0.0,19.881649017333984,47.519996643066406,43.5118293762207,994.4080200195312,
55.7_37.69,2022-05-10 15:00:00,8.050000190734863,0.0476231575012207,none,0.0,0.0,36.1455078125,61.560001373291016,40.60342788696289,1001.15625,
55.7_37.69,2022-08-02 13:00:00,25.0,23.26363182067871,none,0.0,0.0,12.879752159118652,27.719999313354492,39.959808349609375,1000.7864990234375,
55.7_37.71,2022-06-11 23:00:00,16.100000381469727,15.403535842895508,none,0.0,0.0,7.4215898513793945,12.959999084472656,72.95906066894531,1000.7564697265625,
55.7_37.71,2022-07-30 16:00:00,22.899999618530273,19.753528594970703,none,0.0,0.0,12.783802032470703,26.639999389648438,30.6263370513916,1004.5253295898438,
55.7_37.73,2022-02-02 12:00:00,-4.800000190734863,-11.679099082946777,none,0.0,63.0,26.758922576904297,36.71999740600586,85.5510025024414,987.7234497070312,
55.7_37.73,2022-03-18 19:00:00,-2.049999952316284,-6.399062156677246,none,0.0,49.0,9.686609268188477,14.039999961853027,71.85137176513672,1022.9240112304688,
55.7_37.73,2022-06-07 14:00:00,19.100000381469727,16.226810455322266,none,0.0,0.0,13.479582786560059,25.559999465942383,39.77447509765625,999.9012451171875,
55.7_37.73,2022-06-10 19:00:00,22.5,21.544965744018555,none,0.0,0.0,9.387651443481445,20.51999855041504,49.30953598022461,998.2625732421875,
55.7_37.73,2022-06-30 06:00:00,13.949999809265137,12.946090698242188,none,0.0,0.0,7.289444923400879,13.319999694824219,77.86717987060547,1004.5103759765625,
55.7_37.74,2022-03-26 18:00:00,2.9000000953674316,-3.396456480026245,none,0.0,32.0,25.006397247314453,42.839996337890625,61.16977310180664,975.4360961914062,
55.7_37.74,2022-03-30 17:00:00,-2.950000047683716,-7.423491954803467,none,0.0,36.0,8.66994857788086,17.280000686645508,60.86763000488281,989.6671752929688,
55.7_37.74,2022-06-20 10:00:00,14.949999809265137,12.827850341796875,none,0.0,0.0,16.676977157592773,30.599998474121094,77.24669647216797,988.6632080078125,
55.7_37.75,2022-01-15 19:00:00,-2.3499999046325684,-9.819429397583008,snow,0.10000000149011612,57.0,32.20943832397461,45.71999740600586,82.64871215820312,979.03271484375,
55.7_37.75,2022-01-31 16:00:00,-1.649999976158142,-7.3937788009643555,none,0.0,63.0,21.971799850463867,29.15999984741211,90.83865356445312,974.5364990234375,
55.7_37.75,2022-02-05 16:00:00,-10.75,-15.820211410522461,none,0.0,61.0,11.304228782653809,13.319999694824219,88.34899139404297,993.0038452148438,
55.7_37.75,2022-04-26 16:00:00,14.699999809265137,11.220239639282227,none,0.0,0.0,16.323528289794922,28.799999237060547,54.240962982177734,989.4114379882812,
55.7_37.76,2022-03-08 15:00:00,-4.800000190734863,-10.307271957397461,snow,0.10000000149011612,50.0,16.70415496826172,32.76000213623047,79.20186614990234,1000.0308227539062,
55.7_37.76,2022-04-17 17:00:00,6.349999904632568,1.1526155471801758,none,0.0,3.0,17.14824676513672,34.560001373291016,46.651695251464844,1003.6092529296875,
55.7_37.76,2022-06-13 11:00:00,22.75,22.470808029174805,none,0.0,0.0,13.679999351501465,31.68000030517578,55.2040901184082,993.7025146484375,
55.7_37.76,2022-07-29 07:00:00,16.200000762939453,15.174385070800781,none,0.0,0.0,13.441070556640625,24.479999542236328,81.07621002197266,1000.0006103515625,
55.7_37.77,2022-01-10 18:00:00,-7.099999904632568,-12.734214782714844,snow,0.5,52.0,16.96589469909668,27.719999313354492,87.31330871582031,1000.0690307617188,
55.7_37.77,2022-06-28 08:00:00,22.549999237060547,22.51561737060547,none,0.0,0.0,14.777549743652344,28.799999237060547,67.14935302734375,1002.619873046875,
55.7_37.78,2022-02-16 14:00:00,-0.6000000238418579,-5.8099775314331055,none,0.0,58.0,16.454008102416992,30.96000099182129,70.78585052490234,998.1438598632812,
55.7_37.78,2022-03-09 19:00:00,-10.25,-16.10651969909668,none,0.0,50.0,15.575981140136719,24.119998931884766,68.16165924072266,1010.579345703125,
55.7_37.78,2022-04-29 18:00:00,7.550000190734863,3.8075618743896484,none,0.0,0.0,9.585739135742188,25.19999885559082,52.70416259765625,1002.6644287109375,
55.7_37.78,2022-06-03 14:00:00,19.450000762939453,17.688093185424805,rain,0.10000000149011612,0.0,24.724950790405273,43.19999694824219,77.68341064453125,996.8005981445312,
55.7_37.78,2022-06-11 00:00:00,15.5,14.723066329956055,none,0.0,0.0,7.2448601722717285,13.679999351501465,74.0723648071289,997.8367919921875,
55.7_37.78,2022-06-24 21:00:00,20.649999618530273,18.70211410522461,none,0.0,0.0,14.345897674560547,23.03999900817871,52.01380920410156,998.3173828125,
55.7_37.79,2022-01-31 21:00:00,-2.200000047683716,-6.772583961486816,snow,0.30000001192092896,63.0,13.896186828613281,21.959999084472656,94.24458312988281,972.7850952148438,
55.7_37.79,2022-06-05 11:00:00,16.799999237060547,14.466608047485352,none,0.0,0.0,19.881649017333984,37.439998626708984,59.23366928100586,997.6566162109375,
55.7_37.79,2022-06-16 17:00:00,21.649999618530273,18.465288162231445,none,0.0,0.0,16.39482879638672,32.39999771118164,38.479339599609375,995.4755249023438,
55.7_37.79,2022-07-12 09:00:00,20.0,19.107175827026367,rain,2.299999952316284,0.0,23.688983917236328,42.839996337890625,83.92771911621094,991.926513671875,
55.7_37.79,2022-07-22 09:00:00,20.25,18.38764762878418,none,0.0,0.0,21.313093185424805,38.880001068115234,66.67588806152344,996.00390625,
55.7_37.8,2022-05-28 17:00:00,11.850000381469727,7.921304702758789,none,0.0,0.0,21.188072204589844,42.47999954223633,70.71192932128906,985.549072265625,
55.7_37.8,2022-07-23 07:00:00,20.75,22.19258689880371,none,0.0,0.0,6.214563369750977,15.119998931884766,77.63121795654297,998.9189453125,
55.7_37.81,2022-01-17 11:00:00,-3.1500000953674316,-9.99802017211914,snow,0.30000001192092896,56.0,27.908708572387695,44.279998779296875,87.37179565429688,971.9345092773438,
55.7_37.81,2022-02-11 08:00:00,-2.1500000953674316,-7.3771209716796875,none,0.0,62.0,17.873554229736328,27.719999313354492,89.79094696044922,989.4332275390625,
55.7_37.81,2022-02-18 02:00:00,2.200000047683716,-4.605085849761963,rain,0.5,56.0,33.12782287597656,49.68000030517578,91.44013214111328,968.5452880859375,
55.7_37.81,2022-02-25 20:00:00,-2.200000047683716,-7.242651462554932,none,0.0,51.0,15.84000015258789,29.51999855041504,83.92411041259766,1000.6381225585938,
55.7_37.81,2022-03-03 00:00:00,-4.900000095367432,-9.1968994140625,none,0.0,49.0,8.404285430908203,13.679999351501465,79.80211639404297,1000.6466064453125,
55.7_37.81,2022-03-25 18:00:00,6.400000095367432,2.677238941192627,none,0.0,31.0,10.390226364135742,16.559999465942383,61.128692626953125,999.8700561523438,
55.7_37.81,2022-04-10 14:00:00,6.599999904632568,3.537637710571289,none,0.0,24.0,10.315114974975586,26.639999389648438,79.4641342163086,991.6958618164062,
55.7_37.81,2022-05-10 01:00:00,3.0999999046325684,-1.6512949466705322,none,0.0,0.0,17.287498474121094,29.51999855041504,76.11786651611328,1004.3922119140625,
55.7_37.81,2022-06-12 22:00:00,17.649999618530273,14.804624557495117,none,0.0,0.0,10.58791732788086,17.280000686645508,42.06690216064453,997.2449340820312,
55.7_37.81,2022-06-16 18:00:00,21.149999618530273,17.347888946533203,none,0.0,0.0,18.37411117553711,32.39999771118164,35.90019226074219,995.975830078125,
55.7_37.81,2022-06-17 15:00:00,20.149999618530273,17.76495933532715,none,0.0,0.0,17.317459106445312,30.599998474121094,51.02036666870117,996.8082275390625,
55.7_37.81,2022-06-28 10:00:00,24.200000762939453,23.594242095947266,none,0.0,0.0,15.072783470153809,32.76000213623047,46.14674377441406,1003.9298706054688,
55.7_37.81,2022-07-17 17:00:00,20.899999618530273,19.716064453125,none,0.0,0.0,2.595996856689453,9.0,40.1522331237793,998.2042846679688,
55.7_37.82,2022-01-24 21:00:00,-10.199999809265137,-14.386893272399902,none,0.0,58.999996185302734,5.771238803863525,9.720000267028809,92.37142181396484,1014.740478515625,
55.7_37.82,2022-03-29 19:00:00,-1.399999976158142,-5.040705680847168,none,0.0,33.0,5.804825305938721,9.720000267028809,75.90716552734375,982.0684204101562,
55.7_37.82,2022-04-02 10:00:00,-0.25,-6.672024726867676,snow,0.20000000298023224,33.0,26.756500244140625,48.23999786376953,82.92188262939453,987.6934814453125,
55.7_37.82,2022-04-02 12:00:00,0.6499999761581421,-5.135376930236816,none,0.0,33.0,23.023117065429688,45.36000061035156,81.82162475585938,985.3141479492188,
55.7_37.82,2022-05-12 15:00:00,20.549999237060547,17.816675186157227,none,0.0,0.0,16.548255920410156,36.0,44.077701568603516,984.5450439453125,
55.7_37.83,2022-01-23 11:00:00,-4.550000190734863,-8.488395690917969,none,0.0,60.000003814697266,7.145795822143555,11.519999504089355,89.2540283203125,1008.7288818359375,
55.7_37.83,2022-01-26 12:00:00,-5.349999904632568,-9.75510025024414,snow,0.10000000149011612,61.0,9.693296432495117,14.399999618530273,88.16343688964844,996.78466796875,
55.7_37.83,2022-02-06 07:00:00,-9.25,-14.607477188110352,snow,0.10000000149011612,62.0,13.84947681427002,22.319997787475586,86.4034423828125,986.7042236328125,
55.7_37.83,2022-03-01 20:00:00,-5.099999904632568,-9.8094482421875,none,0.0,49.0,10.483357429504395,13.679999351501465,73.50485229492188,1012.9872436523438,
55.7_37.83,2022-04-11 22:00:00,2.4000000953674316,-1.4162302017211914,rain,0.20000000298023224,20.0,13.319999694824219,24.479999542236328,94.11511993408203,994.4916381835938,
55.7_37.83,2022-05-24 09:00:00,8.350000381469727,2.960890769958496,none,0.0,0.0,20.59250259399414,37.439998626708984,48.82497787475586,988.630126953125,
55.7_37.83,2022-06-05 04:00:00,10.5,9.276172637939453,none,0.0,0.0,6.696386814117432,9.359999656677246,90.7393569946289,999.1041259765625,
55.7_37.84,2022-01-27 21:00:00,-9.449999809265137,-15.265599250793457,none,0.0,60.000003814697266,17.015474319458008,26.639999389648438,88.11964416503906,994.0982666015625,
55.7_37.85,2022-02-25 15:00:00,1.649999976158142,-3.23783016204834,none,0.0,51.0,16.327497482299805,28.079999923706055,72.843994140625,1000.0411987304688,
55.7_37.85,2022-03-01 16:00:00,0.699999988079071,-2.3562204837799072,none,0.0,47.0,3.0758414268493652,8.279999732971191,73.48107147216797,1014.2326049804688,
55.7_37.85,2022-05-21 15:00:00,14.949999809265137,11.697393417358398,none,0.0,0.0,6.130578994750977,15.84000015258789,32.041683197021484,991.9031982421875,
55.7_37.85,2022-08-11 17:00:00,,,,,,,,,,
55.7_37.86,2022-04-02 18:00:00,-0.30000001192092896,-5.726387023925781,snow,0.10000000149011612,33.0,21.0284366607666,37.07999801635742,90.93577575683594,981.4248046875,
55.7_37.86,2022-05-24 17:00:00,7.650000095367432,2.7067208290100098,none,0.0,0.0,17.02689552307129,33.839996337890625,49.16815948486328,992.92578125,
55.7_37.86,2022-06-23 22:00:00,16.450000762939453,15.397581100463867,none,0.0,0.0,7.4215898513793945,11.159998893737793,65.87327575683594,996.81201171875,
55.7_37.87,2022-07-24 16:00:00,28.399999618530273,28.239967346191406,none,0.0,0.0,9.227523803710938,19.799999237060547,38.57978057861328,993.091552734375,
55.7_37.92,2022-02-11 20:00:00,-2.25,-7.40383768081665,none,0.0,60.000003814697266,16.919998168945312,29.15999984741211,86.80642700195312,993.4322509765625,
55.7_37.92,2022-02-18 19:00:00,-0.30000001192092896,-4.411898136138916,none,0.0,52.0,10.4399995803833,18.719999313354492,79.88746643066406,981.5181884765625,
55.7_37.92,2022-03-08 15:00:00,-4.650000095367432,-10.085453987121582,snow,0.10000000149011612,48.0,16.087610244750977,33.119998931884766,77.10630798339844,1001.7892456054688,
55.7_37.92,2022-06-21 19:00:00,17.950000762939453,16.316627502441406,none,0.0,0.0,9.220499038696289,17.280000686645508,55.456626892089844,985.471923828125,
55.7_37.93,2022-02-18 15:00:00,2.299999952316284,-3.044940710067749,none,0.0,52.0,20.61766242980957,28.799999237060547,76.26062774658203,977.51318359375,
55.7_37.93,2022-03-22 23:00:00,0.10000000149011612,-4.174103736877441,none,0.0,36.0,11.384198188781738,19.440000534057617,76.45199584960938,1014.2073364257812,
55.7_37.93,2022-03-23 16:00:00,9.949999809265137,5.870072364807129,none,0.0,34.0,8.825508117675781,20.15999984741211,34.26799774169922,1007.9935302734375,
55.7_37.93,2022-04-09 01:00:00,8.25,3.984577178955078,rain,0.20000000298023224,27.000001907348633,19.09358024597168,35.63999938964844,73.02687072753906,980.3492431640625,
55.7_37.93,2022-05-21 01:00:00,3.5,-0.048302650451660156,none,0.0,0.0,8.640000343322754,16.559999465942383,71.86746978759766,998.7866821289062,
55.7_37.93,2022-06-22 09:00:00,15.25,13.605934143066406,none,0.0,0.0,14.773163795471191,27.719999313354492,79.1031494140625,986.4690551757812,
55.7_37.93,2022-07-05 08:00:00,22.700000762939453,23.313508987426758,none,0.0,0.0,5.692099094390869,15.480000495910645,59.469932556152344,999.7987670898438,
55.7_37.94,2022-01-21 17:00:00,-7.300000190734863,-12.949976921081543,snow,0.4000000059604645,58.0,17.102840423583984,31.319997787475586,89.01546478271484,981.5197143554688,
55.7_37.94,2022-03-04 16:00:00,-2.200000047683716,-7.877161026000977,none,0.0,46.0,19.881649017333984,35.279998779296875,81.42947387695312,996.7892456054688,
55.7_37.94,2022-06-18 23:00:00,15.350000381469727,13.925479888916016,none,0.0,0.0,8.161764144897461,13.679999351501465,66.30323028564453,997.5672607421875,
55.81_37.37,2022-02-11 13:00:00,0.550000011920929,-4.4592437744140625,none,0.0,58.0,16.808568954467773,33.119998931884766,76.52838134765625,990.6437377929688,
55.81_37.39,2022-01-06 19:00:00,-0.75,-6.182912826538086,none,0.0,43.0,20.466245651245117,33.839996337890625,89.57135009765625,975.3207397460938,
55.81_37.39,2022-02-27 20:00:00,-5.0,-10.163762092590332,none,0.0,46.0,14.830076217651367,25.919998168945312,85.2000961303711,1015.172119140625,
55.81_37.39,2022-03-01 22:00:00,-7.449999809265137,-11.937444686889648,none,0.0,45.0,8.647496223449707,11.879999160766602,84.24913024902344,1010.3690185546875,
55.81_37.39,2022-03-19 13:00:00,3.25,0.47272729873657227,none,0.0,43.0,3.0758414268493652,8.640000343322754,64.772705078125,1022.6845703125,
55.81_37.39,2022-03-22 05:00:00,-3.5999999046325684,-8.1976318359375,none,0.0,37.0,12.287554740905762,20.880001068115234,88.66102600097656,1013.764892578125,
55.81_37.39,2022-04-18 21:00:00,4.400000095367432,0.1029047966003418,none,0.0,0.0,12.41347599029541,21.239999771118164,60.63526916503906,998.234375,
55.81_37.39,2022-05-09 10:00:00,7.800000190734863,2.92276668548584,rain,0.10000000149011612,0.0,21.19418716430664,43.560001373291016,66.98924255371094,1000.2905883789062,
55.81_37.39,2022-05-13 18:00:00,13.550000190734863,8.810089111328125,none,0.0,0.0,22.819570541381836,47.880001068115234,52.631622314453125,985.1303100585938,
55.81_37.39,2022-06-27 23:00:00,23.399999618530273,23.55923080444336,none,0.0,0.0,7.559999465942383,20.51999855041504,55.18781280517578,999.63671875,
55.81_37.39,2022-07-12 16:00:00,22.850000381469727,20.942846298217773,none,0.0,0.0,17.317459106445312,45.0,50.3902702331543,993.0068359375,
55.81_37.4,2022-03-31 16:00:00,0.949999988079071,-2.990457057952881,snow,0.20000000298023224,29.0,10.144082069396973,21.599998474121094,78.60710906982422,992.1611938476562,
55.81_37.4,2022-06-08 14:00:00,22.649999618530273,22.056442260742188,none,0.0,0.0,3.7064266204833984,15.84000015258789,28.58427619934082,995.2379150390625,
55.81_37.4,2022-06-23 18:00:00,23.0,20.504308700561523,none,0.0,0.0,14.039999008178711,27.35999870300293,38.99616622924805,994.0321655273438,
55.81_37.4,2022-06-24 15:00:00,26.25,23.53272819519043,none,0.0,0.0,18.345876693725586,35.63999938964844,34.70089340209961,997.636962890625,
55.81_37.4,2022-07-04 12:00:00,28.5,29.705276489257812,none,0.0,0.0,9.65981388092041,27.0,40.0167350769043,996.3831787109375,
55.81_37.4,2022-07-31 11:00:00,21.799999237060547,21.92103385925293,none,0.0,0.0,3.7585103511810303,14.75999927520752,45.029666900634766,999.600830078125,
55.81_37.41,2022-01-14 17:00:00,-0.949999988079071,-6.9977126121521,none,0.0,52.0,23.419376373291016,39.23999786376953,81.60295104980469,957.3155517578125,
55.81_37.41,2022-02-04 12:00:00,-5.849999904632568,-9.729069709777832,none,0.0,58.999996185302734,5.600285530090332,11.879999160766602,86.43006896972656,996.0029907226562,
55.81_37.41,2022-04-17 18:00:00,4.900000095367432,0.2209644317626953,none,0.0,1.0,13.513193130493164,29.51999855041504,51.19508361816406,1004.303466796875,
55.81_37.41,2022-07-09 23:00:00,17.75,18.65764617919922,none,0.0,0.0,7.235910415649414,14.039999961853027,88.07865142822266,994.7697143554688,
55.81_37.42,2022-03-23 17:00:00,3.049999952316284,-1.021010398864746,none,0.0,33.0,10.464797019958496,12.59999942779541,64.4863052368164,1005.7401123046875,
55.81_37.42,2022-03-24 12:00:00,5.199999809265137,2.756406307220459,none,0.0,32.0,3.2599384784698486,9.359999656677246,68.8785171508789,1000.5612182617188,
55.81_37.45,2022-07-06 10:00:00,25.5,28.24666976928711,none,0.0,0.0,3.0758414268493652,17.280000686645508,63.43464660644531,997.28466796875,
55.81_37.46,2022-02-12 10:00:00,-1.5,-7.025550365447998,none,0.0,60.000003814697266,19.191747665405273,27.719999313354492,80.00849151611328,993.8124389648438,
55.81_37.46,2022-03-06 16:00:00,-1.0499999523162842,-6.69032096862793,none,0.0,48.0,17.81181526184082,30.96000099182129,61.34867858886719,991.2828369140625,
55.81_37.46,2022-04-11 12:00:00,2.9000000953674316,-1.4793238639831543,rain,1.2999999523162842,23.0,17.654685974121094,32.03999710083008,93.4691390991211,989.8685913085938,
55.81_37.46,2022-05-14 18:00:00,14.399999618530273,9.888256072998047,none,0.0,0.0,19.486610412597656,37.439998626708984,45.28425216674805,984.57080078125,
55.81_37.46,2022-06-14 19:00:00,18.350000381469727,19.126171112060547,rain,0.6000000238418579,0.0,6.92473840713501,42.839996337890625,82.40898132324219,988.1126098632812,
55.81_37.46,2022-06-22 19:00:00,19.0,16.507965087890625,none,0.0,0.0,16.70415496826172,32.76000213623047,54.9819450378418,986.3538818359375,
55.81_37.46,2022-07-22 18:00:00,24.299999237060547,23.150409698486328,none,0.0,0.0,12.55879020690918,27.0,46.78579330444336,996.3666381835938,
55.81_37.46,2022-08-02 11:00:00,24.899999618530273,24.21779441833496,none,0.0,0.0,13.202726364135742,27.719999313354492,41.28346633911133,998.3510131835938,
55.81_37.46,2022-08-06 21:00:00,23.5,23.854480743408203,none,0.0,0.0,11.96695327758789,19.799999237060547,63.196266174316406,1000.462890625,
55.81_37.47,2022-01-26 08:00:00,-7.949999809265137,-11.99612808227539,snow,0.10000000149011612,58.999996185302734,5.815978050231934,7.920000076293945,90.01100158691406,992.8742065429688,
55.81_37.47,2022-05-15 17:00:00,14.949999809265137,11.011788368225098,none,0.0,0.0,14.693999290466309,28.440000534057617,41.58298110961914,983.8089599609375,
55.81_37.48,2022-05-10 18:00:00,9.100000381469727,3.152744770050049,none,0.0,0.0,23.377836227416992,42.47999954223633,42.62776184082031,994.6302490234375,
55.81_37.48,2022-06-13 17:00:00,19.649999618530273,21.138261795043945,none,0.0,0.0,4.349896430969238,13.319999694824219,80.23600769042969,990.9902954101562,
55.81_37.48,2022-07-11 15:00:00,30.25,27.66676139831543,rain,0.10000000149011612,0.0,28.309829711914062,55.439998626708984,34.22024154663086,989.1190795898438,
55.81_37.49,2022-03-29 11:00:00,-0.05000000074505806,-4.946845531463623,none,0.0,32.0,15.696165084838867,31.319997787475586,77.57707977294922,974.8148193359375,
55.81_37.49,2022-05-22 11:00:00,10.050000190734863,5.988652229309082,none,0.0,0.0,18.97100830078125,37.439998626708984,44.189903259277344,984.2680053710938,
55.81_37.5,2022-03-08 14:00:00,-4.949999809265137,-10.99326229095459,none,0.0,50.0,20.3168888092041,33.47999954223633,79.48595428466797,997.1467895507812,
55.81_37.5,2022-06-16 13:00:00,20.600000381469727,18.878002166748047,rain,0.10000000149011612,0.0,16.62248992919922,33.839996337890625,47.500648498535156,993.43994140625,
55.81_37.5,2022-06-29 14:00:00,23.049999237060547,21.75258445739746,none,0.0,0.0,6.915374279022217,22.68000030517578,26.741933822631836,1002.44482421875,
55.81_37.51,2022-01-01 09:00:00,-1.399999976158142,-5.060486316680908,none,0.0,41.0,8.31124496459961,12.239999771118164,93.93402099609375,980.1482543945312,
55.81_37.51,2022-01-21 09:00:00,-3.9000000953674316,-9.417409896850586,snow,0.10000000149011612,54.000003814697266,18.556594848632812,28.440000534057617,90.33060455322266,979.2096557617188,
55.81_37.51,2022-02-09 17:00:00,-1.350000023841858,-5.344172954559326,snow,0.10000000149011612,61.0,9.504273414611816,12.959999084472656,85.29302978515625,988.83056640625,
55.81_37.51,2022-04-19 13:00:00,12.0,7.650470733642578,none,0.0,1.0,21.40713882446289,39.23999786376953,62.034576416015625,998.825927734375,
55.81_37.51,2022-04-28 12:00:00,6.0,3.722320556640625,none,0.0,0.0,1.2979984283447266,16.559999465942383,44.486976623535156,1005.3082275390625,
55.81_37.51,2022-04-30 20:00:00,2.3499999046325684,-1.6386661529541016,none,0.0,0.0,9.726663589477539,12.959999084472656,66.76814270019531,1003.60107421875,
55.81_37.51,2022-07-15 18:00:00,21.649999618530273,18.462003707885742,none,0.0,0.0,19.41665267944336,36.71999740600586,43.349056243896484,989.2700805664062,
55.81_37.51,2022-07-25 13:00:00,25.049999237060547,27.38201332092285,none,0.0,0.0,8.90590763092041,25.919998168945312,61.366920471191406,988.6283569335938,
55.81_37.53,2022-03-22 19:00:00,2.049999952316284,-2.252718687057495,none,0.0,38.0,11.457958221435547,18.0,65.7120132446289,1009.006103515625,
55.81_37.54,2022-01-10 18:00:00,-7.25,-13.54552173614502,snow,0.20000000298023224,50.0,21.413190841674805,28.799999237060547,87.2981948852539,996.3452758789062,
55.81_37.54,2022-02-26 12:00:00,1.5,-2.616523504257202,none,0.0,50.0,12.682018280029297,19.079999923706055,83.75498962402344,998.6487426757812,
55.81_37.54,2022-03-13 11:00:00,-2.4000000953674316,-7.043868541717529,none,0.0,49.0,12.682018280029297,19.799999237060547,81.71009826660156,1006.9991455078125,
55.81_37.55,2022-05-26 18:00:00,14.600000381469727,12.560850143432617,rain,0.699999988079071,0.0,10.315114974975586,22.319997787475586,64.37059783935547,981.9993896484375,
55.81_37.56,2022-01-30 17:00:00,-3.9000000953674316,-10.616165161132812,snow,0.20000000298023224,60.000003814697266,26.518098831176758,36.36000061035156,87.96353912353516,972.6092529296875,
55.81_37.56,2022-04-11 08:00:00,3.799999952316284,-0.5036444664001465,snow,1.2999999523162842,25.0,17.317459106445312,27.719999313354492,88.66149139404297,989.6224365234375,
55.81_37.56,2022-06-02 14:00:00,24.700000762939453,25.321435928344727,rain,0.10000000149011612,0.0,9.726664543151855,22.319997787475586,52.38361740112305,998.3966674804688,
55.81_37.57,2022-01-07 16:00:00,-7.599999904632568,-14.307782173156738,none,0.0,45.0,23.469127655029297,30.96000099182129,80.33395385742188,982.3812255859375,
55.81_37.57,2022-04-12 15:00:00,8.199999809265137,4.708497047424316,none,0.0,19.0,15.379205703735352,30.96000099182129,79.42068481445312,990.0366821289062,
55.81_37.57,2022-07-25 20:00:00,23.549999237060547,24.40764045715332,none,0.0,0.0,6.877789497375488,12.59999942779541,60.63483810424805,987.6974487304688,
55.81_37.58,2022-01-10 19:00:00,-7.449999809265137,-13.437138557434082,snow,0.20000000298023224,51.0,19.21199607849121,28.799999237060547,87.62042236328125,997.239013671875,
55.81_37.58,2022-03-07 02:00:00,-2.25,-6.636065483093262,none,0.0,49.0,11.298495292663574,20.51999855041504,83.91797637939453,987.8378295898438,
55.81_37.58,2022-03-24 01:00:00,-3.549999952316284,-7.250999927520752,none,0.0,37.0,6.214563369750977,9.0,89.00162506103516,998.6145629882812,
55.81_37.58,2022-04-03 08:00:00,-2.0,-8.156518936157227,snow,0.10000000149011612,44.0,24.28866195678711,38.880001068115234,89.13510131835938,971.7799682617188,
55.81_37.58,2022-04-07 00:00:00,-3.6500000953674316,-8.057282447814941,none,0.0,42.0,11.019763946533203,18.35999870300293,89.33045196533203,984.7999877929688,
55.81_37.58,2022-05-03 14:00:00,17.200000762939453,10.838932991027832,rain,0.10000000149011612,0.0,29.62080192565918,49.31999969482422,30.192386627197266,984.644775390625,
55.81_37.58,2022-05-23 14:00:00,12.350000381469727,7.011536598205566,none,0.0,0.0,23.675302505493164,41.39999771118164,41.121726989746094,984.213623046875,
55.81_37.58,2022-07-04 07:00:00,22.700000762939453,23.412609100341797,none,0.0,0.0,7.342587947845459,16.919998168945312,63.01911544799805,996.3844604492188,
55.81_37.58,2022-07-19 08:00:00,16.600000381469727,13.699869155883789,none,0.0,0.0,20.288164138793945,34.91999816894531,65.6856689453125,993.719970703125,
55.81_37.59,2022-01-03 11:00:00,-9.25,-15.113224029541016,none,0.0,41.0,17.317459106445312,23.759998321533203,86.4034423828125,980.7525634765625,
55.81_37.59,2022-05-21 12:00:00,13.25,10.663028717041016,none,0.0,0.0,5.692099571228027,17.639999389648438,39.33789825439453,991.0189819335938,
55.81_37.59,2022-07-12 09:00:00,19.649999618530273,18.688282012939453,rain,0.20000000298023224,0.0,24.162946701049805,45.71999740600586,85.76866912841797,987.9461669921875,
55.81_37.6,2022-07-04 08:00:00,24.649999618530273,25.418411254882812,none,0.0,0.0,8.70723819732666,19.799999237060547,58.4183464050293,997.2590942382812,
55.81_37.6,2022-07-08 14:00:00,23.799999237060547,23.125213623046875,none,0.0,0.0,8.20926284790039,21.599998474121094,46.64952087402344,998.4180297851562,
55.81_37.6,2022-07-22 10:00:00,22.75,20.72681999206543,rain,0.10000000149011612,0.0,22.6828556060791,41.03999710083008,53.08168411254883,993.6744995117188,
55.81_37.61,2022-01-18 08:00:00,-3.5,-11.456380844116211,snow,0.10000000149011612,56.0,34.98674011230469,47.519996643066406,85.04761505126953,975.679443359375,
55.81_37.61,2022-01-24 15:00:00,-8.449999809265137,-12.44088077545166,none,0.0,58.0,5.351784706115723,10.079999923706055,92.48067474365234,1012.9757690429688,
55.81_37.61,2022-02-24 19:00:00,-4.449999809265137,-9.135305404663086,none,0.0,52.0,11.885453224182129,14.75999927520752,84.93727111816406,1001.5220336914062,
55.81_37.61,2022-03-30 10:00:00,-2.950000047683716,-8.187772750854492,none,0.0,33.0,14.512063980102539,24.84000015258789,63.795570373535156,986.1981201171875,
55.81_37.61,2022-07-07 18:00:00,27.0,26.52471160888672,none,0.0,0.0,21.677860260009766,35.279998779296875,56.079505920410156,993.0235595703125,
55.81_37.62,2022-02-17 16:00:00,1.5,-6.342743873596191,none,0.0,57.0,39.20695877075195,54.0,89.75277709960938,974.9329833984375,
55.81_37.62,2022-04-30 13:00:00,6.400000095367432,1.2271003723144531,none,0.0,0.0,16.548255920410156,36.36000061035156,44.605316162109375,1004.0608520507812,
55.81_37.64,2022-01-09 00:00:00,-3.8499999046325684,-9.433640480041504,none,0.0,45.0,19.16133689880371,31.68000030517578,91.36573028564453,1000.7080688476562,
55.81_37.64,2022-03-25 00:00:00,-2.6500000953674316,-6.400939464569092,none,0.0,34.0,6.297428131103516,11.519999504089355,81.05838012695312,997.7600708007812,
55.81_37.64,2022-03-25 17:00:00,5.650000095367432,1.934311866760254,none,0.0,32.0,10.239453315734863,16.559999465942383,63.91046905517578,997.409912109375,
55.81_37.64,2022-06-24 13:00:00,24.5,23.306900024414062,none,0.0,0.0,17.227420806884766,35.63999938964844,39.55326461791992,997.3956298828125,
55.81_37.66,2022-06-12 12:00:00,22.600000381469727,22.10083770751953,none,0.0,0.0,13.004920959472656,30.96000099182129,45.85990905761719,997.5444946289062,
55.81_37.66,2022-06-16 16:00:00,21.5,18.167957305908203,none,0.0,0.0,15.905319213867188,32.03999710083008,36.37593460083008,994.465576171875,
55.81_37.67,2022-01-29 10:00:00,-7.349999904632568,-11.301685333251953,none,0.0,60.000003814697266,5.634891033172607,10.079999923706055,91.47411346435547,984.443603515625,
55.81_37.67,2022-04-02 15:00:00,0.699999988079071,-4.66349983215332,snow,0.699999988079071,31.0,20.456745147705078,42.119998931884766,83.65692138671875,982.3798217773438,
55.81_37.72,2022-01-13 10:00:00,-17.100000381469727,-23.263465881347656,none,0.0,52.0,16.263872146606445,25.19999885559082,82.2850570678711,994.4360961914062,
55.81_37.72,2022-01-26 13:00:00,-4.550000190734863,-9.40235710144043,none,0.0,58.999996185302734,13.202726364135742,21.239999771118164,87.23249816894531,995.1668090820312,
55.81_37.72,2022-07-17 01:00:00,12.75,12.246854782104492,none,0.0,0.0,6.952754497528076,9.0,93.02261352539062,997.6143798828125,
55.81_37.73,2022-01-13 13:00:00,-16.100000381469727,-22.937763214111328,snow,0.10000000149011612,52.0,21.068458557128906,35.279998779296875,80.01038360595703,989.1231689453125,
55.81_37.73,2022-02-03 18:00:00,-5.75,-9.924202919006348,none,0.0,61.0,8.20926284790039,14.039999961853027,91.93637084960938,994.4263305664062,
55.81_37.73,2022-02-24 22:00:00,-4.449999809265137,-9.253828048706055,none,0.0,49.0,12.904882431030273,21.959999084472656,86.90982818603516,1004.0150756835938,
55.81_37.73,2022-03-29 08:00:00,0.800000011920929,-5.066551208496094,none,0.0,30.000001907348633,24.1441650390625,43.19999694824219,84.59638214111328,975.016845703125,
55.81_37.73,2022-04-27 07:00:00,7.199999809265137,4.3828229904174805,none,0.0,0.0,11.04326057434082,20.880001068115234,86.21317291259766,993.5416870117188,
55.81_37.73,2022-05-25 18:00:00,12.899999618530273,8.627331733703613,none,0.0,0.0,14.264361381530762,27.35999870300293,39.81059646606445,995.7354736328125,
55.81_37.73,2022-06-21 14:00:00,16.549999237060547,16.075912475585938,none,0.0,0.0,2.9686360359191895,13.319999694824219,64.36942291259766,985.8615112304688,
55.81_37.73,2022-06-22 11:00:00,19.899999618530273,17.844959259033203,rain,0.10000000149011612,0.0,20.00511932373047,39.23999786376953,53.57931137084961,984.9542846679688,
55.81_37.73,2022-07-04 14:00:00,29.600000381469727,29.55591583251953,none,0.0,0.0,7.594208240509033,20.880001068115234,30.010801315307617,997.0790405273438,
55.81_37.73,2022-08-01 13:00:00,24.5,23.684837341308594,none,0.0,0.0,8.049844741821289,21.959999084472656,37.35711669921875,1001.1585693359375,
55.81_37.74,2022-03-13 21:00:00,0.699999988079071,-4.499448299407959,none,0.0,47.0,20.05687713623047,33.47999954223633,88.3878173828125,1006.01416015625,
55.81_37.74,2022-03-17 09:00:00,-6.5,-10.901103973388672,none,0.0,45.0,7.65370512008667,15.84000015258789,73.81660461425781,1025.0142822265625,
55.81_37.74,2022-06-04 16:00:00,19.600000381469727,16.892473220825195,none,0.0,0.0,14.205182075500488,28.079999923706055,45.644962310791016,1001.4821166992188,
55.81_37.75,2022-02-07 23:00:00,-0.75,-5.896282196044922,snow,0.30000001192092896,62.0,19.011953353881836,30.599998474121094,93.27733612060547,983.4832153320312,
55.81_37.76,2022-01-13 07:00:00,-16.799999237060547,-21.2681941986084,snow,0.10000000149011612,52.0,4.693825721740723,16.919998168945312,81.62723541259766,998.7723388671875,
55.81_37.76,2022-03-01 11:00:00,-4.550000190734863,-8.108619689941406,none,0.0,47.0,3.7585103511810303,11.519999504089355,81.72417449951172,1015.2060546875,
55.81_37.76,2022-04-14 16:00:00,9.899999618530273,5.192595481872559,none,0.0,1.0,15.546833038330078,33.47999954223633,42.705753326416016,999.7667846679688,
55.81_37.78,2022-04-13 16:00:00,6.300000190734863,1.0193629264831543,none,0.0,3.0,23.424909591674805,45.71999740600586,71.88846588134766,998.1451416015625,
55.81_37.78,2022-04-30 02:00:00,0.6499999761581421,-3.059229850769043,none,0.0,0.0,10.495713233947754,18.35999870300293,93.01310729980469,1002.4969482421875,
55.81_37.78,2022-05-14 10:00:00,14.149999618530273,9.866203308105469,none,0.0,0.0,23.795427322387695,47.880001068115234,51.69669723510742,984.7017211914062,
55.81_37.78,2022-06-16 08:00:00,16.799999237060547,14.992673873901367,none,0.0,0.0,14.618837356567383,29.8799991607666,68.86225128173828,994.1528930664062,
55.81_37.78,2022-07-24 16:00:00,28.0,27.501419067382812,none,0.0,0.0,9.779816627502441,20.880001068115234,39.48881912231445,990.6858520507812,
55.81_37.78,2022-08-01 16:00:00,25.100000381469727,23.524948120117188,none,0.0,0.0,6.7637858390808105,18.0,33.114990234375,998.9874267578125,
55.81_37.79,2022-01-22 21:00:00,-4.650000095367432,-9.586158752441406,none,0.0,58.999996185302734,14.058449745178223,24.84000015258789,90.61724853515625,991.7452392578125,
55.81_37.79,2022-04-04 17:00:00,-0.550000011920929,-4.301595687866211,none,0.0,40.0,6.379216194152832,10.799999237060547,69.99592590332031,983.66357421875,
55.81_37.79,2022-05-16 21:00:00,8.649999618530273,4.2757062911987305,none,0.0,0.0,18.861387252807617,33.839996337890625,67.41080474853516,985.6663208007812,
55.81_37.79,2022-06-13 16:00:00,19.0,19.590408325195312,rain,2.299999952316284,0.0,9.0,26.280000686645508,80.66277313232422,991.536865234375,
55.81_37.8,2022-01-06 12:00:00,-0.550000011920929,-3.704895496368408,snow,0.30000001192092896,45.0,5.692099094390869,9.359999656677246,94.32051086425781,972.8262939453125,
55.81_37.8,2022-01-16 00:00:00,-3.549999952316284,-10.207524299621582,none,0.0,54.000003814697266,25.582805633544922,41.76000213623047,80.9295425415039,980.205078125,
55.81_37.8,2022-02-03 20:00:00,-5.650000095367432,-10.030787467956543,snow,0.10000000149011612,61.0,9.693296432495117,15.480000495910645,91.94290161132812,991.3728637695312,
55.81_37.8,2022-02-08 01:00:00,-0.4000000059604645,-5.176006317138672,snow,0.10000000149011612,63.0,16.808568954467773,28.799999237060547,93.29608917236328,980.8831176757812,
55.81_37.8,2022-02-22 18:00:00,1.7999999523162842,-4.131771087646484,none,0.0,49.0,24.640939712524414,40.68000030517578,79.02879333496094,975.5633544921875,
55.81_37.8,2022-03-13 14:00:00,1.5499999523162842,-3.25030255317688,none,0.0,47.0,14.869351387023926,28.440000534057617,68.10223388671875,1005.3175659179688,
55.81_37.8,2022-03-27 17:00:00,-2.6500000953674316,-11.183448791503906,none,0.0,27.000001907348633,34.860565185546875,67.67999267578125,45.77124786376953,985.777099609375,
55.81_37.8,2022-04-19 10:00:00,8.350000381469727,4.119797706604004,none,0.0,0.0,18.455047607421875,35.279998779296875,71.01653289794922,997.0194091796875,
55.81_37.8,2022-04-27 08:00:00,8.550000190734863,5.871608734130859,none,0.0,0.0,10.82995891571045,21.959999084472656,81.42635345458984,990.3666381835938,
55.81_37.8,2022-04-29 07:00:00,2.549999952316284,-0.4872736930847168,none,0.0,0.0,7.862518310546875,16.919998168945312,92.45257568359375,1003.6184692382812,
55.81_37.8,2022-04-29 14:00:00,9.649999618530273,4.469091415405273,none,0.0,0.0,16.37505340576172,35.279998779296875,34.96381759643555,1002.7810668945312,
55.81_37.8,2022-06-03 15:00:00,18.0,14.445178985595703,none,0.0,0.0,25.171695709228516,49.31999969482422,60.931610107421875,997.2649536132812,
55.81_37.8,2022-06-24 14:00:00,24.450000762939453,23.153963088989258,none,0.0,0.0,17.877180099487305,36.0,39.671817779541016,996.154296875,
55.81_37.81,2022-05-16 20:00:00,9.899999618530273,5.810718536376953,none,0.0,0.0,16.279802322387695,29.8799991607666,59.81346893310547,985.2210083007812,
55.81_37.81,2022-05-25 00:00:00,4.699999809265137,1.1853265762329102,none,0.0,0.0,8.759178161621094,16.19999885559082,67.77815246582031,993.451904296875,
55.81_37.81,2022-06-12 08:00:00,18.25,17.26467514038086,none,0.0,0.0,11.901798248291016,27.0,68.69805908203125,996.5275268554688,
55.81_37.81,2022-06-12 10:00:00,21.600000381469727,21.24833106994629,none,0.0,0.0,12.245293617248535,29.8799991607666,50.89573669433594,996.3492431640625,
55.81_37.82,2022-02-20 20:00:00,-1.350000023841858,-6.5538482666015625,none,0.0,50.0,16.946786880493164,31.68000030517578,78.83533477783203,983.3648071289062,
55.81_37.82,2022-08-05 21:00:00,24.25,23.317859649658203,none,0.0,0.0,10.188699722290039,18.0,45.70623016357422,1002.3400268554688,
55.81_37.83,2022-01-31 12:00:00,-1.899999976158142,-6.451486587524414,none,0.0,61.0,13.32486343383789,26.639999389648438,88.81156921386719,973.2757568359375,
55.81_37.83,2022-04-14 16:00:00,10.050000190734863,5.202394485473633,none,0.0,2.0,16.235960006713867,36.0,41.35171890258789,998.3676147460938,
55.81_37.83,2022-05-23 12:00:00,10.649999618530273,5.562398910522461,none,0.0,0.0,20.11172866821289,42.839996337890625,47.02833938598633,985.609375,
55.81_37.83,2022-06-20 03:00:00,13.600000381469727,11.645681381225586,rain,0.6000000238418579,0.0,14.404499053955078,25.919998168945312,81.2685317993164,986.783203125,
55.81_37.84,2022-06-07 17:00:00,19.5,16.151397705078125,none,0.0,0.0,12.599998474121094,26.280000686645508,34.807044982910156,995.5739135742188,
55.82_37.36,2022-05-10 15:00:00,8.350000381469727,0.6756329536437988,snow,0.5,0.0,33.85722732543945,72.36000061035156,39.635589599609375,1000.7412719726562,
55.82_37.39,2022-01-14 18:00:00,-1.4500000476837158,-8.622482299804688,none,0.0,52.0,30.56397819519043,51.47999954223633,80.3174819946289,959.4901123046875,
55.82_37.39,2022-04-10 00:00:00,6.75,2.646620750427246,rain,0.10000000149011612,20.0,18.250259399414062,31.68000030517578,82.0437240600586,987.9786376953125,
55.82_37.39,2022-05-06 23:00:00,9.0,4.647504806518555,none,0.0,0.0,14.658676147460938,25.919998168945312,51.01841735839844,1007.9349365234375,
55.82_37.39,2022-05-28 03:00:00,6.849999904632568,4.475346565246582,none,0.0,0.0,9.199390411376953,18.719999313354492,93.34449768066406,982.3392944335938,
55.82_37.39,2022-05-29 17:00:00,14.949999809265137,10.767476081848145,none,0.0,0.0,18.792551040649414,39.959999084472656,47.569610595703125,996.5032348632812,
55.82_37.4,2022-03-15 23:00:00,-7.25,-11.912164688110352,none,0.0,44.0,9.957108497619629,17.280000686645508,84.27374267578125,1017.66357421875,
55.82_37.43,2022-03-09 09:00:00,-13.399999618530273,-18.81587028503418,none,0.0,46.0,12.101570129394531,19.440000534057617,79.10355377197266,1008.89208984375,
55.82_37.43,2022-05-20 10:00:00,8.600000381469727,5.086661338806152,none,0.0,0.0,12.224106788635254,28.799999237060547,48.359901428222656,1002.3829345703125,
55.82_37.44,2022-01-18 18:00:00,-6.050000190734863,-12.364120483398438,none,0.0,51.0,21.62997817993164,31.68000030517578,80.56499481201172,994.76123046875,
55.82_37.44,2022-03-15 21:00:00,-6.699999809265137,-11.230873107910156,none,0.0,44.0,9.227523803710938,16.19999885559082,82.70783233642578,1016.8872680664062,
55.82_37.44,2022-07-23 19:00:00,23.049999237060547,24.28072738647461,none,0.0,0.0,6.379216194152832,9.720000267028809,65.56137084960938,996.7990112304688,
55.82_37.45,2022-08-08 14:00:00,,,,,,,,,,
55.82_37.46,2022-01-08 19:00:00,-5.400000095367432,-10.193670272827148,none,0.0,44.0,12.55879020690918,18.0,90.56067657470703,1002.3565063476562,
55.82_37.46,2022-05-04 18:00:00,6.050000190734863,0.17363739013671875,none,0.0,0.0,21.924562454223633,42.119998931884766,48.16619873046875,997.1339111328125,
55.82_37.5,2022-01-10 13:00:00,-6.75,-12.212453842163086,snow,0.10000000149011612,50.0,15.876774787902832,24.479999542236328,85.99754333496094,993.2470703125,
55.82_37.5,2022-03-02 18:00:00,-3.6500000953674316,-8.267454147338867,none,0.0,49.0,11.252518653869629,12.959999084472656,78.47173309326172,999.2924194335938,
55.82_37.5,2022-03-03 13:00:00,-0.15000000596046448,-3.5757393836975098,none,0.0,49.0,5.154415130615234,11.879999160766602,74.99158477783203,991.2607421875,
55.82_37.5,2022-05-14 17:00:00,14.75,10.238130569458008,none,0.0,0.0,20.124610900878906,37.79999923706055,45.867801666259766,983.0623168945312,
55.82_37.5,2022-05-23 13:00:00,11.5,6.254570007324219,none,0.0,0.0,21.1298828125,40.31999969482422,42.7053108215332,984.349853515625,
55.82_37.5,2022-05-23 16:00:00,14.050000190734863,8.67316722869873,none,0.0,0.0,21.533897399902344,39.959999084472656,27.995010375976562,984.1304321289062,
55.82_37.5,2022-06-14 19:00:00,18.049999237060547,18.741254806518555,rain,0.8999999761581421,0.0,10.805998802185059,17.280000686645508,90.66658782958984,985.62548828125,
55.82_37.5,2022-06-22 18:00:00,20.600000381469727,17.26425552368164,none,0.0,0.0,20.523157119750977,38.519996643066406,46.391605377197266,985.0343627929688,
55.82_37.5,2022-06-28 22:00:00,18.399999618530273,15.47568130493164,none,0.0,0.0,11.918120384216309,20.880001068115234,41.69810104370117,1002.0548095703125,
55.82_37.5,2022-06-29 16:00:00,23.149999618530273,20.349149703979492,none,0.0,0.0,8.08999252319336,20.880001068115234,26.113759994506836,1000.7457885742188,
55.82_37.51,2022-01-13 17:00:00,-9.149999618530273,-16.381500244140625,snow,0.10000000149011612,54.000003814697266,26.57668113708496,39.23999786376953,84.0376968383789,978.8988647460938,
55.82_37.51,2022-01-18 14:00:00,-5.400000095367432,-12.314080238342285,none,0.0,54.000003814697266,26.042211532592773,38.880001068115234,79.72583770751953,982.6696166992188,
55.82_37.51,2022-05-19 19:00:00,9.149999618530273,6.84097957611084,none,0.0,0.0,9.290511131286621,19.799999237060547,81.78794860839844,992.880859375,
55.82_37.51,2022-06-29 14:00:00,22.350000381469727,22.014556884765625,none,0.0,0.0,7.127635955810547,21.959999084472656,34.77684783935547,1002.0833740234375,
55.82_37.52,2022-02-06 22:00:00,-7.300000190734863,-11.690929412841797,none,0.0,62.0,8.5873384475708,11.879999160766602,90.4150619506836,982.7265625,
55.82_37.53,2022-05-20 09:00:00,7.849999904632568,3.3828840255737305,none,0.0,0.0,15.042658805847168,29.8799991607666,53.56467819213867,997.8043823242188,
55.82_37.56,2022-05-11 19:00:00,11.949999809265137,8.686173439025879,none,0.0,0.0,9.422101020812988,18.35999870300293,48.6042366027832,986.3787231445312,
55.82_37.56,2022-05-25 11:00:00,8.800000190734863,4.837428092956543,none,0.0,0.0,11.43531322479248,23.399999618530273,49.675392150878906,992.1674194335938,
55.82_37.56,2022-05-25 19:00:00,10.399999618530273,6.932248115539551,rain,0.10000000149011612,0.0,13.358860969543457,29.15999984741211,62.310813903808594,992.3619384765625,
55.82_37.58,2022-01-23 11:00:00,-4.849999904632568,-8.938397407531738,none,0.0,58.999996185302734,8.20926284790039,11.519999504089355,91.64490509033203,1004.2608642578125,
55.82_37.58,2022-01-27 10:00:00,-10.25,-15.077280044555664,none,0.0,58.999996185302734,10.13769245147705,12.59999942779541,92.3682632446289,993.2860107421875,
55.82_37.58,2022-05-15 17:00:00,15.199999809265137,11.070433616638184,none,0.0,0.0,15.946009635925293,28.440000534057617,40.774200439453125,983.1466064453125,
55.82_37.58,2022-05-25 09:00:00,7.650000095367432,3.819896697998047,rain,0.10000000149011612,0.0,11.592894554138184,23.759998321533203,57.978641510009766,994.3837890625,
55.82_37.58,2022-05-30 19:00:00,16.450000762939453,15.621892929077148,none,0.0,0.0,4.349896430969238,5.399999618530273,62.431129455566406,999.962646484375,
55.82_37.59,2022-01-19 20:00:00,-8.350000381469727,-14.465364456176758,none,0.0,54.000003814697266,19.67194938659668,26.280000686645508,88.57270812988281,991.0308837890625,
55.82_37.59,2022-04-02 15:00:00,0.75,-4.722602844238281,snow,1.0,34.0,21.252199172973633,37.439998626708984,83.66307830810547,980.8214111328125,
55.82_37.59,2022-06-02 13:00:00,24.149999618530273,25.69427490234375,none,0.0,0.0,9.028754234313965,24.84000015258789,61.74916458129883,999.3558959960938,
55.82_37.59,2022-06-13 13:00:00,23.850000381469727,23.27091407775879,none,0.0,0.0,14.917211532592773,32.03999710083008,54.0614128112793,990.8803100585938,
55.82_37.6,2022-01-19 14:00:00,-9.550000190734863,-15.247407913208008,none,0.0,55.0,15.62997055053711,19.440000534057617,80.68419647216797,992.9579467773438,
55.82_37.6,2022-06-04 16:00:00,19.649999618530273,16.805818557739258,none,0.0,0.0,14.973575592041016,27.0,45.19403076171875,999.507568359375,
55.82_37.6,2022-06-29 14:00:00,23.100000381469727,21.73878288269043,none,0.0,0.0,7.127635955810547,21.959999084472656,26.379281997680664,1000.9688110351562,
55.82_37.6,2022-07-20 13:00:00,17.100000381469727,16.884679794311523,rain,1.5,0.0,8.350137710571289,23.03999900817871,77.57820129394531,985.07568359375,
55.82_37.61,2022-03-24 18:00:00,6.150000095367432,2.8525500297546387,none,0.0,34.0,8.31124496459961,9.0,65.91043853759766,995.7716674804688,
55.82_37.61,2022-04-19 14:00:00,12.449999809265137,8.256942749023438,none,0.0,1.0,20.771093368530273,41.03999710083008,61.49647521972656,998.4215698242188,
55.82_37.61,2022-05-28 16:00:00,10.850000381469727,7.05821418762207,rain,0.20000000298023224,0.0,20.491559982299805,39.23999786376953,76.33279418945312,982.79638671875,
55.82_37.62,2022-01-14 14:00:00,0.949999988079071,-4.051472187042236,rain,0.10000000149011612,56.0,18.89914321899414,37.439998626708984,88.08821105957031,955.1560668945312,
55.82_37.62,2022-02-04 12:00:00,-5.199999809265137,-8.97571086883545,none,0.0,62.0,4.829906940460205,10.799999237060547,81.63343048095703,993.4510498046875,
55.82_37.62,2022-02-22 19:00:00,1.75,-4.884615421295166,rain,0.10000000149011612,52.999996185302734,29.949316024780273,51.119998931884766,82.26995849609375,975.86962890625,
55.82_37.62,2022-04-09 14:00:00,10.050000190734863,6.26351261138916,none,0.0,31.0,12.661563873291016,29.15999984741211,53.963050842285156,985.8601684570312,
55.82_37.62,2022-06-02 10:00:00,20.25,20.027931213378906,none,0.0,0.0,12.324414253234863,28.079999923706055,70.6726303100586,1000.7515258789062,
55.82_37.63,2022-04-29 21:00:00,4.75,1.0190672874450684,rain,0.10000000149011612,0.0,10.805998802185059,30.599998474121094,70.30146789550781,1002.4989013671875,
55.82_37.63,2022-05-27 18:00:00,12.449999809265137,8.657646179199219,none,0.0,0.0,21.068458557128906,37.79999923706055,70.34551239013672,981.6017456054688,
55.82_37.63,2022-06-10 16:00:00,25.549999237060547,23.50251007080078,none,0.0,0.0,15.815435409545898,33.839996337890625,35.20903778076172,995.1845092773438,
55.82_37.63,2022-06-27 14:00:00,31.549999237060547,33.0059814453125,none,0.0,0.0,14.512063980102539,31.68000030517578,42.84587097167969,1001.009033203125,
55.82_37.64,2022-01-28 17:00:00,-6.699999809265137,-12.779476165771484,snow,0.10000000149011612,60.000003814697266,20.3168888092041,37.07999801635742,88.03582763671875,985.5818481445312,
55.82_37.64,2022-02-16 23:00:00,-2.9000000953674316,-8.631499290466309,none,0.0,57.0,20.523157119750977,34.560001373291016,88.05769348144531,992.463623046875,
55.82_37.64,2022-03-12 13:00:00,-2.700000047683716,-7.454639434814453,none,0.0,50.0,13.441070556640625,25.19999885559082,83.54598236083984,1004.5069580078125,
55.82_37.64,2022-04-19 17:00:00,12.949999809265137,8.994363784790039,none,0.0,1.0,16.311613082885742,32.76000213623047,51.55261993408203,1000.021484375,
55.82_37.64,2022-06-06 09:00:00,17.799999237060547,15.350431442260742,rain,0.10000000149011612,0.0,17.55161476135254,34.91999816894531,57.12612533569336,998.6422729492188,
55.82_37.64,2022-06-20 02:00:00,16.299999237060547,14.12295150756836,none,0.0,0.0,12.496719360351562,26.280000686645508,60.529850006103516,988.2334594726562,
55.82_37.64,2022-07-06 18:00:00,26.5,25.570579528808594,rain,0.10000000149011612,0.0,18.581022262573242,34.91999816894531,50.20851516723633,995.9942016601562,
55.82_37.65,2022-03-05 14:00:00,-1.0,-7.503294467926025,none,0.0,49.0,25.210283279418945,47.880001068115234,72.05919647216797,997.9205322265625,
55.82_37.65,2022-04-29 15:00:00,9.350000381469727,4.143329620361328,none,0.0,0.0,16.17998695373535,35.63999938964844,34.348323822021484,1005.8078002929688,
55.82_37.65,2022-05-04 13:00:00,8.199999809265137,4.1499481201171875,rain,0.10000000149011612,0.0,19.513195037841797,41.76000213623047,55.04444122314453,993.635498046875,
55.82_37.66,2022-01-19 23:00:00,-5.849999904632568,-12.001212120056152,none,0.0,54.000003814697266,21.533897399902344,35.63999938964844,90.17863464355469,992.0347900390625,
55.82_37.66,2022-04-08 17:00:00,11.550000190734863,6.458364486694336,none,0.0,30.000001907348633,25.438020706176758,47.15999984741211,60.64160919189453,980.3379516601562,
55.82_37.66,2022-06-30 14:00:00,25.0,22.36313819885254,none,0.0,0.0,17.81181526184082,38.519996643066406,27.95207405090332,1000.0723876953125,
55.82_37.66,2022-07-20 18:00:00,18.350000381469727,15.868879318237305,none,0.0,0.0,18.5146427154541,35.63999938964844,61.01365661621094,989.7575073242188,
55.82_37.68,2022-04-14 07:00:00,2.75,-2.176727294921875,none,0.0,5.0,18.289274215698242,34.560001373291016,76.89683532714844,1002.3720092773438,
55.82_37.68,2022-07-05 14:00:00,27.649999618530273,27.42211151123047,rain,0.4000000059604645,0.0,13.319999694824219,30.23999786376953,42.46089553833008,998.1818237304688,
55.82_37.71,2022-01-09 20:00:00,-5.949999809265137,-11.1691312789917,snow,0.6000000238418579,45.0,15.077081680297852,25.919998168945312,90.17073822021484,997.5091552734375,
55.82_37.72,2022-06-05 06:00:00,13.149999618530273,10.423696517944336,rain,0.800000011920929,0.0,18.03236961364746,31.68000030517578,79.06123352050781,997.7125244140625,
55.82_37.72,2022-06-06 21:00:00,13.699999809265137,11.885807037353516,none,0.0,0.0,11.681986808776855,23.03999900817871,76.02386474609375,997.8448486328125,
55.82_37.73,2022-06-28 13:00:00,24.899999618530273,23.64954376220703,none,0.0,0.0,15.876774787902832,34.20000076293945,35.502586364746094,1003.0342407226562,
55.82_37.74,2022-05-11 18:00:00,14.399999618530273,10.908170700073242,none,0.0,0.0,12.181624412536621,26.639999389648438,44.48747634887695,988.6012573242188,
55.82_37.74,2022-06-02 23:00:00,17.299999237060547,17.749696731567383,none,0.0,0.0,10.787993431091309,17.639999389648438,91.48821258544922,999.6181640625,
55.82_37.74,2022-07-02 18:00:00,24.850000381469727,21.655048370361328,none,0.0,0.0,13.905508995056152,27.719999313354492,28.301498413085938,1001.131591796875,
55.82_37.75,2022-04-24 20:00:00,8.949999809265137,6.871344566345215,rain,0.20000000298023224,0.0,10.587918281555176,19.079999923706055,93.45147705078125,992.0916748046875,
55.82_37.75,2022-06-10 17:00:00,25.149999618530273,22.866928100585938,none,0.0,0.0,14.773163795471191,32.03999710083008,37.165016174316406,995.8111572265625,
55.82_37.76,2022-01-16 15:00:00,-3.8499999046325684,-7.707977294921875,none,0.0,54.000003814697266,6.489992141723633,20.51999855041504,83.7197265625,989.3460693359375,
55.82_37.76,2022-06-06 16:00:00,21.200000762939453,17.886999130249023,none,0.0,0.0,18.21827507019043,34.20000076293945,37.179039001464844,997.1182861328125,
55.82_37.77,2022-01-19 17:00:00,-8.449999809265137,-14.383161544799805,none,0.0,54.000003814697266,17.87355613708496,28.079999923706055,82.14457702636719,995.39990234375,
55.82_37.78,2022-05-24 22:00:00,5.25,1.6930150985717773,none,0.0,0.0,8.121970176696777,16.19999885559082,60.84596633911133,993.8273315429688,
55.82_37.79,2022-02-19 22:00:00,1.5,-5.200748443603516,none,0.0,51.0,30.652894973754883,53.279998779296875,85.29783630371094,972.6771240234375,
55.82_37.8,2022-02-14 15:00:00,-0.05000000074505806,-5.086564064025879,none,0.0,57.0,16.039201736450195,36.0,73.3399887084961,996.32958984375,
55.82_37.8,2022-05-15 13:00:00,14.850000381469727,11.820037841796875,rain,0.10000000149011612,0.0,12.429126739501953,27.0,51.70531463623047,983.4902954101562,
55.82_37.8,2022-05-16 19:00:00,10.850000381469727,6.853074073791504,none,0.0,0.0,15.646544456481934,38.880001068115234,56.14082336425781,986.62646484375,
55.82_37.81,2022-01-25 12:00:00,-9.899999618530273,-15.446147918701172,none,0.0,57.0,14.825706481933594,29.8799991607666,86.33267974853516,1001.5534057617188,
55.82_37.81,2022-03-23 14:00:00,6.650000095367432,3.38272762298584,none,0.0,35.0,7.895416259765625,20.51999855041504,57.300453186035156,1004.890869140625,
55.82_37.81,2022-04-13 17:00:00,5.300000190734863,0.2302389144897461,none,0.0,3.0,21.28875732421875,45.0,73.79155731201172,999.0545043945312,
55.82_37.81,2022-04-18 15:00:00,10.199999809265137,5.724926948547363,none,0.0,0.0,12.758432388305664,32.76000213623047,37.44234848022461,1000.1890869140625,
55.82_37.82,2022-03-18 14:00:00,2.200000047683716,-2.6858203411102295,none,0.0,44.0,13.830748558044434,29.15999984741211,55.48801040649414,1021.2767333984375,
55.82_37.83,2022-05-02 16:00:00,13.25,8.821566581726074,none,0.0,0.0,12.324414253234863,32.03999710083008,30.615388870239258,996.1207885742188,
55.82_37.83,2022-06-24 15:00:00,25.5,24.64028549194336,none,0.0,0.0,13.202726364135742,36.36000061035156,37.63998794555664,996.7219848632812,
55.82_37.84,2022-01-14 02:00:00,0.6499999761581421,-4.771781921386719,snow,0.10000000149011612,56.0,22.033647537231445,42.119998931884766,91.66886138916016,971.3511962890625,
55.82_37.84,2022-01-23 23:00:00,-8.600000381469727,-12.80800724029541,none,0.0,58.0,6.924737930297852,9.0,94.67509460449219,1012.1795043945312,
55.82_37.84,2022-02-24 19:00:00,-3.0,-6.77271032333374,none,0.0,49.0,7.208993911743164,12.239999771118164,89.72216796875,1002.3936767578125,
55.82_37.84,2022-08-05 15:00:00,30.450000762939453,29.58238983154297,none,0.0,0.0,9.605998039245605,25.559999465942383,31.678194046020508,1002.78466796875,
55.82_37.87,2022-02-15 19:00:00,-2.549999952316284,-8.033016204833984,none,0.0,56.0,18.626304626464844,33.119998931884766,84.1983871459961,998.6384887695312,
55.83_37.35,2022-02-18 21:00:00,-1.5,-6.692356109619141,none,0.0,50.0,17.974781036376953,29.15999984741211,88.18769073486328,976.9813842773438,
55.83_37.35,2022-03-14 16:00:00,2.049999952316284,-2.13187837600708,none,0.0,44.0,10.58791732788086,20.15999984741211,65.46672821044922,1003.9843139648438,
55.83_37.35,2022-07-06 10:00:00,25.649999618530273,28.486709594726562,none,0.0,0.0,2.741678237915039,16.919998168945312,62.87226867675781,994.7963256835938,
55.83_37.35,2022-07-21 09:00:00,15.350000381469727,14.217212677001953,rain,0.699999988079071,0.0,15.716793060302734,34.91999816894531,89.31120300292969,984.0830078125,
55.83_37.36,2022-03-02 18:00:00,-3.049999952316284,-7.347358703613281,none,0.0,45.0,9.504273414611816,12.959999084472656,78.86807250976562,998.4578857421875,
55.83_37.37,2022-05-18 19:00:00,11.399999618530273,6.685295104980469,none,0.0,0.0,20.140705108642578,46.07999801635742,52.79834747314453,997.905029296875,
55.83_37.38,2022-07-12 05:00:00,19.850000381469727,18.30253028869629,rain,4.099999904632568,0.0,24.336639404296875,42.119998931884766,77.74354553222656,991.639892578125,
55.83_37.39,2022-01-11 15:00:00,-12.350000381469727,-18.346223831176758,none,0.0,50.0,16.203998565673828,37.07999801635742,74.81063079833984,1011.3862915039062,
55.83_37.39,2022-04-06 00:00:00,1.0,-4.607615947723389,rain,0.10000000149011612,39.0,23.565567016601562,41.76000213623047,91.02788543701172,975.3890991210938,
55.83_37.39,2022-04-17 19:00:00,4.300000190734863,-0.403017520904541,none,0.0,1.0,13.32486343383789,24.119998931884766,51.6069221496582,1002.8856201171875,
55.83_37.39,2022-05-18 16:00:00,13.050000190734863,7.837369918823242,none,0.0,0.0,24.482646942138672,46.07999801635742,49.964229583740234,993.3804931640625,
55.83_37.39,2022-05-20 09:00:00,8.649999618530273,5.162748336791992,none,0.0,0.0,12.181625366210938,30.599998474121094,48.5522575378418,999.3626098632812,
55.83_37.39,2022-06-02 08:00:00,18.600000381469727,18.44803237915039,none,0.0,0.0,11.592893600463867,25.19999885559082,77.80543518066406,1000.9607543945312,
55.83_37.39,2022-08-05 17:00:00,28.350000381469727,28.613388061523438,none,0.0,0.0,6.696386814117432,16.559999465942383,41.028221130371094,1001.4200439453125,
55.83_37.4,2022-03-27 18:00:00,-3.25,-10.678881645202637,none,0.0,26.0,27.841293334960938,64.79999542236328,52.70268249511719,988.791748046875,
55.83_37.4,2022-06-12 22:00:00,18.5,15.815692901611328,none,0.0,0.0,12.727921485900879,21.959999084472656,46.28152847290039,994.3226318359375,
55.83_37.4,2022-06-15 15:00:00,18.649999618530273,14.236763000488281,none,0.0,0.0,25.318008422851562,51.839996337890625,47.285003662109375,993.5178833007812,
55.83_37.4,2022-07-30 22:00:00,15.949999809265137,14.662553787231445,none,0.0,0.0,7.594207286834717,12.59999942779541,64.67001342773438,1000.7732543945312,
55.83_37.41,2022-01-13 22:00:00,-2.8499999046325684,-8.934795379638672,none,0.0,52.0,23.587554931640625,39.959999084472656,93.16316986083984,978.3641357421875,
55.83_37.41,2022-01-21 17:00:00,-7.099999904632568,-12.968216896057129,snow,0.30000001192092896,52.999996185302734,18.837322235107422,36.0,90.43054962158203,979.6602172851562,
55.83_37.41,2022-03-31 07:00:00,-10.149999618530273,-14.998578071594238,none,0.0,29.0,10.137691497802734,13.679999351501465,89.47259521484375,992.3961791992188,
55.83_37.41,2022-04-01 15:00:00,3.200000047683716,-2.229651927947998,none,0.0,29.0,19.523155212402344,41.03999710083008,62.397090911865234,994.6387329101562,
55.83_37.41,2022-05-09 19:00:00,6.300000190734863,1.6426148414611816,none,0.0,0.0,17.317459106445312,39.959999084472656,63.829647064208984,1004.1956176757812,
55.83_37.42,2022-01-09 04:00:00,-4.550000190734863,-10.173623085021973,none,0.0,42.0,18.844202041625977,31.68000030517578,90.624755859375,1002.5079956054688,
55.83_37.42,2022-01-21 23:00:00,-6.849999904632568,-11.686946868896484,none,0.0,54.000003814697266,11.918120384216309,20.51999855041504,90.4498519897461,980.8655395507812,
55.83_37.42,2022-01-25 22:00:00,-9.149999618530273,-14.015457153320312,snow,0.4000000059604645,54.000003814697266,10.703569412231445,18.719999313354492,88.8505859375,997.685302734375,
55.83_37.42,2022-02-06 05:00:00,-8.949999809265137,-14.34282112121582,snow,0.20000000298023224,58.0,14.345897674560547,25.919998168945312,87.81863403320312,987.2732543945312,
55.83_37.42,2022-04-10 03:00:00,6.449999809265137,2.726261615753174,rain,1.5,19.0,17.11420440673828,31.319997787475586,90.13594818115234,985.5899047851562,
55.83_37.42,2022-06-15 06:00:00,12.600000381469727,9.891854286193848,none,0.0,0.0,17.33989715576172,32.76000213623047,80.32156372070312,992.7518920898438,
55.83_37.42,2022-07-03 00:00:00,18.399999618530273,16.469295501708984,none,0.0,0.0,9.565437316894531,16.19999885559082,50.551719665527344,1001.5361938476562,
55.83_37.42,2022-07-19 21:00:00,15.449999809265137,13.469144821166992,none,0.0,0.0,12.0693998336792,20.880001068115234,66.10163116455078,996.3380737304688,
55.83_37.42,2022-07-28 11:00:00,24.899999618530273,27.076881408691406,rain,0.10000000149011612,0.0,10.495713233947754,27.719999313354492,71.30854034423828,996.0745849609375,
55.83_37.43,2022-01-17 06:00:00,-3.700000047683716,-10.21738052368164,snow,0.10000000149011612,50.0,25.488914489746094,37.79999923706055,89.66500854492188,975.115966796875,
55.83_37.43,2022-06-02 09:00:00,18.649999618530273,18.396703720092773,none,0.0,0.0,12.287554740905762,25.559999465942383,77.56244659423828,1002.9517822265625,
55.83_37.43,2022-07-13 09:00:00,20.149999618530273,20.368593215942383,none,0.0,0.0,7.289444923400879,16.919998168945312,67.52605438232422,997.46240234375,
55.83_37.44,2022-03-01 18:00:00,-2.6500000953674316,-7.404814720153809,none,0.0,45.0,11.090103149414062,12.239999771118164,63.61969757080078,1012.6475830078125,
55.83_37.44,2022-04-11 09:00:00,3.950000047683716,0.12326431274414062,rain,0.699999988079071,14.0,14.168641090393066,28.799999237060547,88.35933685302734,993.60595703125,
55.83_37.44,2022-06-10 12:00:00,25.200000762939453,24.89011001586914,none,0.0,0.0,15.782622337341309,31.68000030517578,43.757301330566406,996.9667358398438,
55.83_37.44,2022-06-29 12:00:00,21.149999618530273,20.555509567260742,none,0.0,0.0,9.290511131286621,25.559999465942383,39.135292053222656,1005.8901977539062,
55.83_37.45,2022-01-31 15:00:00,-1.7000000476837158,-6.853124618530273,snow,0.20000000298023224,60.000003814697266,17.57744026184082,23.399999618530273,88.49862670898438,973.8983764648438,
55.83_37.46,2022-03-14 13:00:00,2.8499999046325684,-1.8016064167022705,none,0.0,48.0,15.484185218811035,25.19999885559082,71.21459197998047,1006.5298461914062,
55.83_37.49,2022-03-19 14:00:00,4.349999904632568,1.169565200805664,none,0.0,46.0,5.447788238525391,9.0,61.07350540161133,1022.0400390625,
55.83_37.49,2022-04-03 20:00:00,-1.7000000476837158,-6.583846092224121,none,0.0,43.0,12.496719360351562,19.799999237060547,63.357112884521484,979.412353515625,
55.83_37.49,2022-05-14 20:00:00,11.75,8.67596435546875,none,0.0,0.0,10.137691497802734,25.19999885559082,55.387046813964844,982.7017211914062,
55.83_37.49,2022-07-09 18:00:00,22.600000381469727,23.616605758666992,none,0.0,0.0,3.5638179779052734,19.079999923706055,60.80558395385742,992.7010498046875,
55.83_37.51,2022-05-05 10:00:00,6.400000095367432,1.3488845825195312,none,0.0,0.0,17.654687881469727,34.20000076293945,43.27668762207031,1004.358154296875,
55.83_37.52,2022-01-03 13:00:00,-9.100000381469727,-14.603958129882812,none,0.0,41.0,14.904172897338867,22.319997787475586,86.07669067382812,979.3510131835938,
55.83_37.52,2022-01-11 22:00:00,-13.25,-19.534515380859375,none,0.0,51.0,18.250259399414062,28.799999237060547,81.79995727539062,1007.90771484375,
55.83_37.52,2022-01-13 20:00:00,-4.650000095367432,-10.670722961425781,none,0.0,54.000003814697266,21.566974639892578,36.71999740600586,91.31013488769531,976.1580810546875,
55.83_37.52,2022-01-15 16:00:00,-2.700000047683716,-9.32107162475586,snow,0.10000000149011612,54.000003814697266,26.089447021484375,42.119998931884766,82.29020690917969,973.9029541015625,
55.83_37.52,2022-02-14 23:00:00,-2.25,-7.860531330108643,none,0.0,58.0,19.386592864990234,29.15999984741211,81.42249298095703,995.02685546875,
55.83_37.52,2022-03-01 10:00:00,-3.75,-7.183574676513672,none,0.0,49.0,2.9024126529693604,9.720000267028809,76.96118927001953,1011.5792846679688,
55.83_37.52,2022-04-06 13:00:00,1.9500000476837158,-2.2551236152648926,none,0.0,42.0,15.580141067504883,26.280000686645508,58.4501838684082,980.2286376953125,
55.83_37.52,2022-05-13 21:00:00,10.300000190734863,6.603270530700684,none,0.0,0.0,15.328560829162598,28.799999237060547,64.06659698486328,984.3257446289062,
55.83_37.52,2022-06-10 10:00:00,24.100000381469727,24.070743560791016,none,0.0,0.0,14.021525382995605,29.15999984741211,50.06285095214844,993.5695190429688,
55.83_37.52,2022-06-14 15:00:00,26.299999237060547,24.20674705505371,none,0.0,0.0,17.76081085205078,33.119998931884766,34.13637924194336,986.7540893554688,
55.83_37.52,2022-07-09 17:00:00,22.899999618530273,22.805856704711914,rain,0.10000000149011612,0.0,9.793058395385742,20.15999984741211,57.62381362915039,994.1412963867188,
55.83_37.53,2022-01-01 00:00:00,-2.700000047683716,-7.282093048095703,snow,0.4000000059604645,41.0,13.32486343383789,21.959999084472656,92.47730255126953,981.151123046875,
55.83_37.53,2022-02-08 18:00:00,-0.30000001192092896,-5.041197776794434,none,0.0,62.0,15.815435409545898,23.759998321533203,87.32575225830078,984.8557739257812,
55.83_37.53,2022-06-15 15:00:00,19.399999618530273,14.608795166015625,none,0.0,0.0,28.847209930419922,47.880001068115234,45.589107513427734,990.5767211914062,
55.83_37.53,2022-08-03 18:00:00,27.75,26.121177673339844,none,0.0,0.0,11.631956100463867,19.440000534057617,33.41136169433594,998.0700073242188,
55.83_37.53,2022-08-09 09:00:00,,,,,,,,,,
55.83_37.55,2022-08-09 12:00:00,,,,,,,,,,
55.83_37.57,2022-02-19 18:00:00,1.899999976158142,-5.145946502685547,snow,0.20000000298023224,54.000003814697266,33.90312957763672,51.119998931884766,88.17505645751953,971.2075805664062,
55.83_37.57,2022-03-19 11:00:00,-0.75,-4.023183345794678,none,0.0,47.0,4.394360065460205,10.440000534057617,80.41973876953125,1022.2978515625,
55.83_37.57,2022-04-24 14:00:00,11.600000381469727,9.155235290527344,rain,0.5,0.0,12.245293617248535,20.15999984741211,75.6766357421875,992.5152587890625,
55.83_37.57,2022-06-03 13:00:00,19.25,18.355327606201172,rain,0.30000001192092896,0.0,20.2753849029541,35.63999938964844,81.47289276123047,994.85302734375,
55.83_37.57,2022-06-23 17:00:00,23.549999237060547,20.932716369628906,none,0.0,0.0,14.345897674560547,27.0,36.58639907836914,993.071533203125,
55.83_37.58,2022-05-07 17:00:00,17.600000381469727,12.468900680541992,none,0.0,0.0,19.64228057861328,36.0,28.38496208190918,1002.7264404296875,
55.83_37.58,2022-06-11 19:00:00,22.049999237060547,20.407991409301758,none,0.0,0.0,13.783817291259766,22.68000030517578,50.17750549316406,995.2628784179688,
55.83_37.58,2022-06-14 17:00:00,24.399999618530273,21.469573974609375,none,0.0,0.0,23.03156089782715,36.36000061035156,44.11595153808594,987.5477905273438,
55.83_37.6,2022-06-19 18:00:00,22.0,18.539323806762695,none,0.0,0.0,24.216522216796875,37.79999923706055,47.0910530090332,984.6234130859375,
55.83_37.63,2022-07-02 09:00:00,19.549999237060547,16.670791625976562,none,0.0,0.0,12.727921485900879,27.719999313354492,40.88235092163086,1005.7615966796875,
55.83_37.64,2022-02-05 19:00:00,-10.300000190734863,-15.28663158416748,none,0.0,61.0,10.823972702026367,17.639999389648438,86.63616180419922,991.7360229492188,
55.83_37.64,2022-04-24 01:00:00,5.800000190734863,3.0163378715515137,none,0.0,0.0,7.386581897735596,14.039999961853027,79.34579467773438,996.4815063476562,
55.83_37.64,2022-06-03 08:00:00,17.200000762939453,17.283004760742188,rain,0.5,0.0,12.620553970336914,34.20000076293945,90.6082763671875,997.1510620117188,
55.83_37.65,2022-02-08 11:00:00,-0.10000000149011612,-5.019678115844727,none,0.0,62.0,16.323528289794922,30.23999786376953,81.11481475830078,988.4878540039062,
55.83_37.65,2022-05-26 15:00:00,18.600000381469727,15.379180908203125,none,0.0,0.0,12.261157989501953,22.68000030517578,37.86687469482422,986.9949340820312,
55.83_37.65,2022-07-26 16:00:00,25.799999237060547,26.76708984375,none,0.0,0.0,13.009902954101562,28.799999237060547,61.73054122924805,993.2067260742188,
55.83_37.65,2022-07-31 13:00:00,22.899999618530273,20.713045120239258,none,0.0,0.0,9.387650489807129,22.319997787475586,35.41709518432617,1001.8092041015625,
55.83_37.66,2022-07-07 10:00:00,28.200000762939453,27.83722686767578,none,0.0,0.0,19.852294921875,39.23999786376953,49.2260627746582,994.7954711914062,
55.83_37.71,2022-04-16 21:00:00,1.399999976158142,-4.242653846740723,none,0.0,2.0,21.37078285217285,40.31999969482422,73.33909606933594,1000.1328125,
55.83_37.73,2022-02-22 11:00:00,2.0,-3.203951835632324,none,0.0,51.0,21.98064422607422,38.519996643066406,91.7567367553711,974.1468505859375,
55.83_37.73,2022-06-25 12:00:00,26.399999618530273,25.597476959228516,none,0.0,0.0,12.313894271850586,27.35999870300293,40.08719253540039,998.5099487304688,
55.83_37.76,2022-06-13 16:00:00,19.100000381469727,20.859554290771484,rain,0.30000001192092896,0.0,1.7999999523162842,19.079999923706055,81.71430206298828,990.7239379882812,
55.83_37.76,2022-06-28 12:00:00,24.899999618530273,23.64954376220703,none,0.0,0.0,15.876774787902832,34.20000076293945,35.502586364746094,1001.2027587890625,
55.83_37.82,2022-02-18 12:00:00,1.7000000476837158,-2.3514182567596436,rain,0.10000000149011612,52.0,14.021525382995605,29.8799991607666,93.40699005126953,970.0841064453125,
55.83_37.82,2022-08-03 01:00:00,18.299999237060547,17.805444717407227,none,0.0,0.0,7.208993911743164,11.879999160766602,65.8317642211914,996.421142578125,
55.83_37.83,2022-01-28 19:00:00,-6.599999904632568,-12.116748809814453,snow,0.30000001192092896,58.999996185302734,16.61079216003418,31.68000030517578,89.0769271850586,984.429443359375,
55.83_37.83,2022-05-19 09:00:00,9.25,5.684118270874023,none,0.0,0.0,15.46324634552002,30.23999786376953,72.44747924804688,994.8153686523438,
55.84_37.35,2022-07-09 16:00:00,23.899999618530273,23.888551712036133,none,0.0,0.0,5.091168403625488,18.35999870300293,48.397422790527344,994.2710571289062,
55.84_37.36,2022-02-14 14:00:00,-0.6000000238418579,-6.0204668045043945,none,0.0,55.0,18.47259521484375,35.63999938964844,74.91078186035156,994.498291015625,
55.84_37.36,2022-03-13 14:00:00,2.5999999046325684,-2.1703989505767822,none,0.0,46.0,14.058449745178223,32.76000213623047,59.73323440551758,1005.39697265625,
55.84_37.36,2022-03-15 07:00:00,-8.199999809265137,-12.788216590881348,none,0.0,44.0,9.227523803710938,15.84000015258789,87.89166259765625,1012.7670288085938,
55.84_37.37,2022-01-17 14:00:00,-2.4000000953674316,-8.61965560913086,snow,0.5,51.0,24.472057342529297,42.839996337890625,89.77079010009766,965.4302978515625,
55.84_37.37,2022-05-06 17:00:00,14.699999809265137,9.968427658081055,none,0.0,0.0,15.484185218811035,35.63999938964844,30.58352279663086,1005.5457763671875,
55.84_37.37,2022-05-14 13:00:00,15.0,10.53166389465332,none,0.0,0.0,22.608457565307617,47.15999984741211,42.34496307373047,983.202880859375,
55.84_37.37,2022-07-11 19:00:00,26.75,25.30038070678711,none,0.0,0.0,19.191747665405273,34.560001373291016,45.939117431640625,989.4307861328125,
55.84_37.38,2022-02-21 18:00:00,0.25,-4.882752418518066,snow,0.10000000149011612,49.0,19.353137969970703,32.76000213623047,89.6525650024414,977.9703979492188,
55.84_37.38,2022-02-25 06:00:00,-4.800000190734863,-9.693639755249023,none,0.0,47.0,13.450708389282227,22.68000030517578,88.55297088623047,1001.2769775390625,
55.84_37.38,2022-04-06 13:00:00,2.1500000953674316,-2.2341058254241943,none,0.0,38.0,15.815435409545898,30.23999786376953,53.19413757324219,981.6989135742188,
55.84_37.38,2022-04-27 16:00:00,9.899999618530273,4.736266136169434,none,0.0,0.0,19.770523071289062,38.880001068115234,46.47234344482422,994.9262084960938,
55.84_37.38,2022-06-19 10:00:00,21.649999618530273,17.866397857666016,none,0.0,0.0,26.56204605102539,51.119998931884766,48.269187927246094,988.567138671875,
55.84_37.38,2022-07-12 23:00:00,17.100000381469727,16.997438430786133,none,0.0,0.0,6.8777899742126465,12.959999084472656,76.07228088378906,993.693115234375,
55.84_37.39,2022-05-23 08:00:00,6.650000095367432,1.97855806350708,none,0.0,0.0,15.5301513671875,31.68000030517578,54.22854232788086,985.7445678710938,
55.84_37.39,2022-05-26 16:00:00,18.850000381469727,15.444713592529297,none,0.0,0.0,12.661563873291016,24.479999542236328,35.61211395263672,983.5791625976562,
55.84_37.4,2022-01-22 23:00:00,-5.099999904632568,-9.692682266235352,none,0.0,55.0,11.525623321533203,21.599998474121094,91.9786605834961,993.4021606445312,
55.84_37.4,2022-01-28 21:00:00,-5.900000095367432,-11.09577465057373,snow,0.10000000149011612,56.0,14.98222827911377,25.919998168945312,90.52267456054688,983.7949829101562,
55.84_37.4,2022-05-19 15:00:00,13.649999618530273,9.74598217010498,none,0.0,0.0,16.548255920410156,37.79999923706055,50.84101867675781,992.4183349609375,
55.84_37.4,2022-07-29 16:00:00,22.299999237060547,20.033573150634766,none,0.0,0.0,14.764389038085938,29.8799991607666,44.26887512207031,998.1771240234375,
55.84_37.41,2022-03-24 17:00:00,9.949999809265137,6.365668296813965,none,0.0,30.000001907348633,5.351784706115723,6.839999675750732,34.00959014892578,999.7713012695312,
55.84_37.42,2022-04-21 02:00:00,6.449999809265137,0.7268800735473633,none,0.0,0.0,22.8819580078125,38.880001068115234,55.59023666381836,997.1514282226562,
55.84_37.42,2022-04-28 12:00:00,6.0,2.7750134468078613,none,0.0,0.0,2.811689853668213,12.959999084472656,44.15122985839844,1007.4196166992188,
55.84_37.42,2022-06-14 15:00:00,26.299999237060547,24.20674705505371,none,0.0,0.0,17.76081085205078,33.119998931884766,34.13637924194336,986.5298461914062,
55.84_37.42,2022-07-09 21:00:00,18.549999237060547,19.781078338623047,rain,0.30000001192092896,0.0,7.2448601722717285,23.03999900817871,88.14723205566406,994.4776611328125,
55.84_37.43,2022-01-18 07:00:00,-3.049999952316284,-9.848388671875,snow,0.20000000298023224,52.0,27.645092010498047,40.68000030517578,87.38166046142578,974.7110595703125,
55.84_37.43,2022-03-18 13:00:00,2.049999952316284,-2.783120632171631,none,0.0,43.0,14.021525382995605,23.399999618530273,58.255062103271484,1021.5308837890625,
55.84_37.43,2022-07-04 19:00:00,28.75,27.629077911376953,none,0.0,0.0,7.65370512008667,14.75999927520752,30.99972915649414,994.1124267578125,
55.84_37.44,2022-01-22 09:00:00,-5.449999809265137,-11.236948013305664,none,0.0,55.0,19.201873779296875,28.440000534057617,89.17680358886719,981.1173095703125,
55.84_37.44,2022-04-28 16:00:00,6.900000095367432,2.652533531188965,none,0.0,0.0,9.565437316894531,20.51999855041504,40.411712646484375,1003.2437744140625,
55.84_37.44,2022-04-29 16:00:00,9.300000190734863,3.957672119140625,rain,0.10000000149011612,0.0,17.595861434936523,32.76000213623047,36.203948974609375,1002.6511840820312,
55.84_37.44,2022-05-05 17:00:00,9.800000190734863,4.989483833312988,none,0.0,0.0,13.104198455810547,26.280000686645508,32.08140182495117,1003.7333374023438,
55.84_37.44,2022-05-10 08:00:00,5.599999904632568,-0.07159900665283203,none,0.0,0.0,23.399999618530273,42.119998931884766,62.972686767578125,998.7178344726562,
55.84_37.44,2022-06-22 09:00:00,16.75,14.855234146118164,rain,0.10000000149011612,0.0,16.489416122436523,31.68000030517578,71.8798599243164,981.2130126953125,
55.84_37.44,2022-07-18 03:00:00,13.899999618530273,13.283615112304688,none,0.0,0.0,8.161764144897461,12.239999771118164,87.45169067382812,996.0436401367188,
55.84_37.44,2022-07-22 09:00:00,20.299999237060547,18.653900146484375,none,0.0,0.0,19.586118698120117,35.63999938964844,66.04003143310547,993.2495727539062,
55.84_37.45,2022-01-25 06:00:00,-9.649999618530273,-14.349611282348633,none,0.0,56.0,9.387651443481445,14.039999961853027,89.87220001220703,1003.3549194335938,
55.84_37.45,2022-05-03 10:00:00,13.550000190734863,10.179978370666504,rain,0.10000000149011612,0.0,19.615869522094727,41.76000213623047,69.37252044677734,987.119873046875,
55.84_37.45,2022-06-29 18:00:00,22.850000381469727,20.038501739501953,none,0.0,0.0,7.628262996673584,19.799999237060547,26.40410614013672,1000.1036987304688,
55.84_37.45,2022-07-20 08:00:00,15.149999618530273,14.336519241333008,rain,0.20000000298023224,0.0,11.18320083618164,28.440000534057617,84.74761199951172,986.3600463867188,
55.84_37.46,2022-03-02 13:00:00,0.20000000298023224,-3.0532889366149902,none,0.0,49.0,4.510787010192871,11.159998893737793,76.7547836303711,1002.800048828125,
55.84_37.48,2022-01-19 12:00:00,-10.550000190734863,-15.40987777709961,none,0.0,54.000003814697266,9.726663589477539,12.959999084472656,84.8820571899414,994.3429565429688,
55.84_37.48,2022-01-30 22:00:00,-3.450000047683716,-9.177940368652344,snow,0.30000001192092896,58.999996185302734,20.304128646850586,31.319997787475586,90.02474975585938,971.8128662109375,
55.84_37.48,2022-07-09 13:00:00,25.25,25.60369873046875,none,0.0,0.0,6.6380720138549805,18.35999870300293,43.05596923828125,993.9918212890625,
55.84_37.48,2022-07-20 22:00:00,14.649999618530273,13.330814361572266,rain,0.30000001192092896,0.0,12.979984283447266,24.119998931884766,83.30966186523438,984.8871459960938,
55.84_37.49,2022-01-12 14:00:00,-15.25,-20.902095794677734,none,0.0,51.0,13.039753913879395,18.719999313354492,76.82107543945312,1005.967529296875,
55.84_37.49,2022-03-04 11:00:00,-3.1500000953674316,-8.460363388061523,none,0.0,48.0,17.518356323242188,31.319997787475586,88.70116424560547,991.655517578125,
55.84_37.49,2022-03-15 22:00:00,-6.699999809265137,-11.230873107910156,none,0.0,47.0,9.227523803710938,16.19999885559082,82.70783233642578,1013.775146484375,
55.84_37.49,2022-03-29 08:00:00,0.75,-4.811976432800293,none,0.0,32.0,21.959999084472656,39.23999786376953,84.28038024902344,972.691162109375,
55.84_37.49,2022-05-11 10:00:00,12.449999809265137,7.305876731872559,none,0.0,0.0,22.02776336669922,40.31999969482422,46.19635772705078,989.8241577148438,
55.84_37.49,2022-07-06 09:00:00,25.5,28.24666976928711,none,0.0,0.0,3.0758414268493652,17.280000686645508,63.43464660644531,995.0133666992188,
55.84_37.5,2022-04-15 22:00:00,4.849999904632568,1.704996109008789,rain,0.6000000238418579,6.0,10.365250587463379,17.639999389648438,87.19613647460938,993.2426147460938,
55.84_37.52,2022-03-23 09:00:00,-0.15000000596046448,-3.380107879638672,none,0.0,38.0,5.091168403625488,14.399999618530273,83.86183166503906,1007.1608276367188,
55.84_37.52,2022-04-02 21:00:00,-0.6499999761581421,-6.300772666931152,snow,0.4000000059604645,39.0,22.424270629882812,38.880001068115234,92.2594985961914,974.9201049804688,
55.84_37.52,2022-05-12 11:00:00,14.199999809265137,12.549144744873047,none,0.0,0.0,8.89134407043457,19.079999923706055,69.26753234863281,984.6173706054688,
55.84_37.52,2022-06-28 11:00:00,24.850000381469727,24.308544158935547,none,0.0,0.0,15.379205703735352,33.119998931884766,42.6614990234375,1000.3670043945312,
55.84_37.53,2022-03-13 18:00:00,0.05000000074505806,-4.647383213043213,none,0.0,49.0,14.799459457397461,22.68000030517578,80.237060546875,1003.2608032226562,
55.84_37.53,2022-05-16 18:00:00,11.050000190734863,6.531009674072266,none,0.0,0.0,19.164716720581055,34.560001373291016,55.20361328125,984.218994140625,
55.84_37.53,2022-05-31 17:00:00,16.649999618530273,16.88714027404785,none,0.0,0.0,5.014219284057617,18.35999870300293,79.30421447753906,999.97705078125,
55.84_37.54,2022-01-26 10:00:00,-7.0,-11.540806770324707,none,0.0,58.999996185302734,9.826087951660156,12.59999942779541,90.7904052734375,992.538818359375,
55.84_37.54,2022-01-31 12:00:00,-2.799999952316284,-7.314838409423828,none,0.0,60.000003814697266,12.904882431030273,19.079999923706055,93.51498413085938,971.229248046875,
55.84_37.54,2022-08-06 19:00:00,28.0,27.40081214904785,none,0.0,0.0,15.51762866973877,28.799999237060547,45.10333251953125,998.674560546875,
55.84_37.55,2022-01-11 16:00:00,-12.550000190734863,-18.862350463867188,none,0.0,51.0,18.532133102416992,24.119998931884766,78.91415405273438,1007.249267578125,
55.84_37.55,2022-01-21 22:00:00,-7.25,-12.45917797088623,snow,0.10000000149011612,57.0,14.168641090393066,21.599998474121094,89.71698760986328,978.0377807617188,
55.84_37.55,2022-02-09 15:00:00,-1.149999976158142,-4.684932708740234,none,0.0,61.0,6.439876079559326,15.480000495910645,84.68181610107422,987.11865234375,
55.84_37.55,2022-05-13 23:00:00,9.75,5.604757308959961,none,0.0,0.0,17.227418899536133,27.35999870300293,62.37763214111328,984.3079223632812,
55.84_37.55,2022-07-10 17:00:00,27.399999618530273,25.02579116821289,none,0.0,0.0,22.183128356933594,39.23999786376953,40.36638641357422,990.4957275390625,
55.84_37.56,2022-04-13 08:00:00,4.050000190734863,-0.7321217060089111,none,0.0,17.0,20.59879493713379,34.20000076293945,87.11836242675781,996.148193359375,
55.84_37.56,2022-05-27 18:00:00,14.050000190734863,9.337615966796875,none,0.0,0.0,25.153671264648438,42.119998931884766,57.556549072265625,980.843505859375,
55.84_37.57,2022-01-11 12:00:00,-10.699999809265137,-17.80519676208496,none,0.0,52.0,24.881702423095703,33.839996337890625,82.16138458251953,1006.4285278320312,
55.84_37.57,2022-01-14 18:00:00,-1.7000000476837158,-8.777972221374512,none,0.0,56.0,29.836593627929688,39.23999786376953,81.19303131103516,955.3279418945312,
55.84_37.57,2022-02-18 09:00:00,1.25,-3.6196601390838623,snow,0.30000001192092896,55.0,19.576189041137695,30.23999786376953,96.12051391601562,968.822509765625,
55.84_37.57,2022-03-03 09:00:00,-7.099999904632568,-11.728519439697266,none,0.0,50.0,9.726663589477539,13.679999351501465,83.3060073852539,992.4511108398438,
55.84_37.57,2022-03-29 09:00:00,1.0499999523162842,-4.099820613861084,snow,0.10000000149011612,33.0,19.134262084960938,37.79999923706055,82.47981262207031,973.3598022460938,
55.84_37.57,2022-04-15 08:00:00,6.949999809265137,4.564342498779297,none,0.0,10.0,3.054701328277588,11.159998893737793,66.56504821777344,996.2115478515625,
55.84_37.57,2022-07-20 09:00:00,15.550000190734863,14.51498031616211,rain,0.10000000149011612,0.0,13.044723510742188,26.280000686645508,83.41600036621094,987.0380859375,
55.84_37.58,2022-04-20 22:00:00,8.100000381469727,2.1632027626037598,none,0.0,0.0,25.07109832763672,39.959999084472656,52.46976089477539,996.9334716796875,
55.84_37.59,2022-04-21 11:00:00,6.099999904632568,1.229161262512207,rain,2.0,0.0,23.110206604003906,40.31999969482422,84.00641632080078,998.50341796875,
55.84_37.59,2022-08-09 17:00:00,,,,,,,,,,
55.84_37.62,2022-04-14 11:00:00,7.650000095367432,2.987118721008301,none,0.0,13.0,19.82943344116211,39.959999084472656,59.253299713134766,1002.1703491210938,
55.84_37.63,2022-04-25 18:00:00,13.050000190734863,10.251761436462402,none,0.0,0.0,14.168641090393066,25.19999885559082,67.40479278564453,991.53759765625,
55.84_37.64,2022-03-11 14:00:00,-1.0499999523162842,-5.532282829284668,none,0.0,50.0,8.78872013092041,18.35999870300293,53.32815170288086,1011.1558227539062,
55.84_37.64,2022-06-29 15:00:00,23.350000381469727,21.359039306640625,none,0.0,0.0,7.729526996612549,20.880001068115234,26.076082229614258,1004.6400756835938,
55.84_37.65,2022-03-25 10:00:00,2.200000047683716,-0.5413682460784912,none,0.0,34.0,2.6208393573760986,12.959999084472656,75.96407318115234,1002.8832397460938,
55.84_37.66,2022-03-12 01:00:00,-7.949999809265137,-12.476795196533203,none,0.0,47.0,8.43506908416748,15.480000495910645,81.56492614746094,1006.8405151367188,
55.84_37.66,2022-03-12 18:00:00,-1.7999999523162842,-5.884354114532471,none,0.0,48.0,9.387650489807129,16.919998168945312,82.41040802001953,1005.6905517578125,
55.84_37.66,2022-05-08 08:00:00,12.699999809265137,8.775344848632812,none,0.0,0.0,17.78268814086914,33.839996337890625,57.21537780761719,1001.339599609375,
55.84_37.66,2022-05-19 15:00:00,13.449999809265137,9.680885314941406,none,0.0,0.0,16.299694061279297,37.439998626708984,53.34814453125,994.8040161132812,
55.84_37.66,2022-05-23 03:00:00,2.75,-1.1020092964172363,none,0.0,0.0,9.44957160949707,20.880001068115234,68.61380004882812,989.010498046875,
55.84_37.66,2022-06-22 08:00:00,14.100000381469727,12.558469772338867,none,0.0,0.0,13.32486343383789,25.19999885559082,83.2441635131836,983.9386596679688,
55.84_37.67,2022-01-10 19:00:00,-7.650000095367432,-13.084726333618164,snow,0.10000000149011612,51.0,15.281989097595215,29.15999984741211,87.25770568847656,999.6699829101562,
55.84_37.68,2022-01-23 16:00:00,-5.400000095367432,-9.266066551208496,none,0.0,58.0,6.130578517913818,9.720000267028809,89.86853790283203,1009.48974609375,
55.84_37.68,2022-07-30 17:00:00,23.600000381469727,19.800457000732422,none,0.0,0.0,14.277982711791992,26.639999389648438,25.055660247802734,1001.0264892578125,
55.84_37.82,2022-01-31 21:00:00,-2.3499999046325684,-6.725465774536133,snow,0.4000000059604645,61.0,12.371644973754883,24.84000015258789,93.88745880126953,970.3827514648438,
55.85_37.34,2022-02-21 18:00:00,0.15000000596046448,-4.595061302185059,snow,0.10000000149011612,49.0,16.645864486694336,29.8799991607666,89.97370910644531,977.0370483398438,
55.85_37.35,2022-01-05 13:00:00,-5.849999904632568,-11.93941879272461,snow,0.5,41.0,21.17583465576172,36.36000061035156,90.87551879882812,973.2540283203125,
55.85_37.35,2022-02-25 15:00:00,1.899999976158142,-2.9131059646606445,none,0.0,48.0,15.815435409545898,31.319997787475586,71.55399322509766,995.4459228515625,
55.85_37.35,2022-04-12 22:00:00,3.9000000953674316,-0.17372608184814453,none,0.0,12.0,16.923828125,30.599998474121094,94.18438720703125,991.2728881835938,
55.85_37.35,2022-04-26 22:00:00,7.699999809265137,4.661243438720703,none,0.0,0.0,9.44957160949707,14.75999927520752,70.88919830322266,987.2363891601562,
55.85_37.35,2022-04-28 14:00:00,7.599999904632568,3.3035225868225098,rain,0.10000000149011612,0.0,9.793058395385742,20.15999984741211,38.08595657348633,1002.7382202148438,
55.85_37.35,2022-05-23 19:00:00,11.100000381469727,6.718173027038574,none,0.0,0.0,12.819234848022461,30.23999786376953,37.85104751586914,982.9882202148438,
55.85_37.35,2022-08-07 08:00:00,23.149999618530273,25.396318435668945,none,0.0,0.0,6.287129878997803,15.480000495910645,75.35366821289062,996.8871459960938,
55.85_37.36,2022-01-01 12:00:00,-0.8999999761581421,-5.238806247711182,none,0.0,40.0,12.55879020690918,23.399999618530273,87.59107208251953,979.3275146484375,
55.85_37.36,2022-01-17 18:00:00,-1.899999976158142,-7.142380237579346,snow,0.20000000298023224,51.0,18.35999870300293,33.47999954223633,91.15921020507812,963.2036743164062,
55.85_37.36,2022-01-18 08:00:00,-3.0999999046325684,-10.010004043579102,snow,0.20000000298023224,52.0,28.410364151000977,47.519996643066406,87.70728302001953,973.4800415039062,
55.85_37.36,2022-01-28 16:00:00,-6.150000095367432,-12.067953109741211,snow,0.10000000149011612,56.0,19.486608505249023,35.63999938964844,87.40853881835938,981.8157348632812,
55.85_37.36,2022-05-13 11:00:00,13.100000381469727,7.054343223571777,none,0.0,0.0,31.03525733947754,60.839996337890625,52.14204788208008,981.8390502929688,
55.85_37.36,2022-06-30 19:00:00,23.149999618530273,19.971357345581055,none,0.0,0.0,16.923828125,37.439998626708984,35.97747039794922,995.401123046875,
55.85_37.36,2022-07-15 09:00:00,18.75,17.842262268066406,none,0.0,0.0,14.044614791870117,28.440000534057617,71.77726745605469,985.644775390625,
55.85_37.37,2022-05-07 10:00:00,13.0,9.657587051391602,none,0.0,0.0,13.237038612365723,28.440000534057617,54.55329132080078,1005.2196655273438,
55.85_37.37,2022-05-18 12:00:00,14.149999618530273,9.702764511108398,none,0.0,0.0,22.12755584716797,43.560001373291016,43.78702163696289,991.9436645507812,
55.85_37.37,2022-08-07 08:00:00,23.399999618530273,25.628225326538086,none,0.0,0.0,6.4096174240112305,15.84000015258789,74.22443389892578,997.3618774414062,
55.85_37.38,2022-02-22 18:00:00,1.9500000476837158,-4.535933494567871,rain,0.20000000298023224,48.0,29.07988929748535,50.7599983215332,81.99655151367188,976.8956909179688,
55.85_37.38,2022-03-11 19:00:00,-4.949999809265137,-9.577784538269043,none,0.0,46.0,9.53150463104248,15.84000015258789,68.7898178100586,1007.313232421875,
55.85_37.38,2022-06-08 16:00:00,22.850000381469727,20.77535057067871,none,0.0,0.0,5.351784706115723,14.039999961853027,30.399126052856445,995.9207763671875,
55.85_37.39,2022-03-17 18:00:00,-6.099999904632568,-11.041952133178711,none,0.0,43.0,10.163227081298828,12.239999771118164,58.615150451660156,1025.171875,
55.85_37.39,2022-03-21 14:00:00,5.949999809265137,2.4486942291259766,none,0.0,40.0,11.090103149414062,24.479999542236328,69.53417205810547,1016.2637329101562,
55.85_37.39,2022-05-23 09:00:00,9.399999618530273,3.885104179382324,none,0.0,0.0,22.26767921447754,45.0,46.15828323364258,988.9090576171875,
55.85_37.39,2022-06-14 19:00:00,18.049999237060547,18.713581085205078,rain,2.200000047683716,0.0,10.853865623474121,19.079999923706055,90.37870788574219,990.1294555664062,
55.85_37.4,2022-08-07 22:00:00,18.549999237060547,19.065950393676758,none,0.0,0.0,12.43433952331543,21.599998474121094,88.70912170410156,998.0921630859375,
55.85_37.4,2022-08-09 11:00:00,19.149999618530273,18.35796546936035,none,0.0,0.0,12.181625366210938,25.919998168945312,67.98422241210938,1001.0125732421875,
55.85_37.42,2022-04-28 09:00:00,3.450000047683716,-0.39885807037353516,none,0.0,0.0,6.297428131103516,18.0,48.51185989379883,1003.3489379882812,
55.85_37.42,2022-08-02 19:00:00,21.0,20.744653701782227,none,0.0,0.0,7.56856632232666,9.0,59.06555938720703,995.14208984375,
55.85_37.43,2022-02-25 15:00:00,1.899999976158142,-2.929551124572754,none,0.0,47.0,16.51690101623535,34.20000076293945,75.07777404785156,995.9823608398438,
55.85_37.43,2022-05-02 11:00:00,11.949999809265137,7.908977508544922,none,0.0,0.0,12.371644973754883,24.84000015258789,39.9674186706543,996.4408569335938,
55.85_37.43,2022-07-22 19:00:00,23.350000381469727,23.070758819580078,none,0.0,0.0,8.766572952270508,21.239999771118164,52.71780776977539,993.0972900390625,
55.85_37.44,2022-01-25 23:00:00,-9.149999618530273,-13.501161575317383,snow,0.4000000059604645,54.000003814697266,7.2805495262146,14.75999927520752,90.27007293701172,992.8027954101562,
55.85_37.44,2022-01-26 22:00:00,-6.650000095367432,-10.90915298461914,none,0.0,56.0,7.895416259765625,12.959999084472656,88.38338470458984,994.0562133789062,
55.85_37.44,2022-04-15 11:00:00,9.949999809265137,6.409749984741211,none,0.0,4.0,9.605998039245605,21.239999771118164,49.636714935302734,994.4413452148438,
55.85_37.44,2022-04-24 22:00:00,8.75,6.748612403869629,rain,0.20000000298023224,0.0,9.885261535644531,17.639999389648438,94.07970428466797,988.7741088867188,
55.85_37.44,2022-07-08 19:00:00,23.799999237060547,22.638072967529297,none,0.0,0.0,7.56856632232666,14.399999618530273,40.97447967529297,996.6698608398438,
55.85_37.44,2022-07-13 08:00:00,19.049999237060547,19.4107666015625,rain,0.4000000059604645,0.0,4.394360065460205,16.19999885559082,68.63297271728516,993.6371459960938,
55.85_37.45,2022-01-08 04:00:00,-8.75,-13.173318862915039,none,0.0,45.0,7.199999809265137,19.079999923706055,79.84015655517578,992.7381591796875,
55.85_37.45,2022-02-06 16:00:00,-7.900000095367432,-12.193233489990234,snow,0.4000000059604645,62.0,7.342587947845459,10.079999923706055,87.57588958740234,982.0492553710938,
55.85_37.45,2022-03-15 18:00:00,-3.5999999046325684,-8.303926467895508,none,0.0,45.0,10.739832878112793,13.319999694824219,68.28040313720703,1011.7276611328125,
55.85_37.45,2022-03-19 19:00:00,-0.75,-5.115671634674072,none,0.0,45.0,10.188699722290039,15.480000495910645,68.1166000366211,1019.779052734375,
55.85_37.45,2022-04-10 20:00:00,4.199999809265137,1.1456570625305176,none,0.0,19.0,5.804825305938721,11.879999160766602,71.22107696533203,990.118408203125,
55.85_37.45,2022-05-18 09:00:00,11.199999809265137,7.499813079833984,none,0.0,0.0,16.243940353393555,31.68000030517578,63.158355712890625,990.378173828125,
55.85_37.45,2022-05-30 15:00:00,19.450000762939453,16.980472564697266,none,0.0,0.0,9.178235054016113,19.440000534057617,36.16455078125,999.0547485351562,
55.85_37.45,2022-06-30 13:00:00,24.25,22.01845932006836,none,0.0,0.0,18.12913703918457,36.36000061035156,31.11433982849121,996.6842041015625,
55.85_37.45,2022-07-08 08:00:00,18.399999618530273,18.072284698486328,none,0.0,0.0,9.0,19.799999237060547,71.24638366699219,998.1002807617188,
55.85_37.47,2022-02-16 07:00:00,-5.800000190734863,-11.357229232788086,none,0.0,57.0,17.0762996673584,24.84000015258789,85.76918029785156,996.65087890625,
55.85_37.47,2022-04-10 15:00:00,8.199999809265137,5.205187797546387,none,0.0,25.0,7.289444923400879,21.239999771118164,61.345306396484375,988.067138671875,
55.85_37.47,2022-07-30 13:00:00,21.5,19.05335807800293,none,0.0,0.0,14.44044303894043,28.799999237060547,42.29140090942383,998.6064453125,
55.85_37.48,2022-02-19 19:00:00,1.899999976158142,-4.137489318847656,rain,0.20000000298023224,52.999996185302734,26.98799705505371,44.63999557495117,88.17505645751953,970.1932983398438,
55.85_37.49,2022-01-06 18:00:00,-0.6499999761581421,-5.867987155914307,none,0.0,45.0,18.94708251953125,27.35999870300293,88.59246826171875,974.012939453125,
55.85_37.49,2022-04-24 15:00:00,11.449999809265137,8.959052085876465,rain,0.6000000238418579,0.0,12.646200180053711,21.599998474121094,76.69200897216797,991.4373779296875,
55.85_37.5,2022-01-28 16:00:00,-6.5,-12.444563865661621,snow,0.10000000149011612,58.999996185302734,19.48328399658203,30.96000099182129,87.71363830566406,984.8689575195312,
55.85_37.5,2022-05-09 17:00:00,7.949999809265137,1.5155186653137207,rain,0.10000000149011612,0.0,28.38526153564453,51.119998931884766,52.6208610534668,1002.20556640625,
55.85_37.5,2022-06-05 20:00:00,15.5,13.747303009033203,none,0.0,0.0,10.691452980041504,21.959999084472656,66.3352279663086,996.6396484375,
55.85_37.52,2022-03-03 19:00:00,-4.75,-9.613262176513672,none,0.0,49.0,12.574259757995605,14.75999927520752,81.69631958007812,991.090087890625,
55.85_37.52,2022-07-17 14:00:00,21.049999237060547,21.642698287963867,none,0.0,0.0,4.0249223709106445,16.919998168945312,52.64070129394531,995.0346069335938,
55.85_37.53,2022-06-29 13:00:00,22.350000381469727,22.014556884765625,none,0.0,0.0,7.127635955810547,21.959999084472656,34.77684783935547,1001.9681396484375,
55.85_37.54,2022-02-13 03:00:00,-2.1500000953674316,-8.087477684020996,none,0.0,58.999996185302734,21.897945404052734,32.03999710083008,82.98723602294922,996.6551513671875,
55.85_37.54,2022-06-10 18:00:00,25.0,22.645893096923828,none,0.0,0.0,15.546833038330078,27.719999313354492,37.87816619873047,994.0829467773438,
55.85_37.55,2022-04-04 10:00:00,-1.850000023841858,-5.768182754516602,none,0.0,41.0,6.130578517913818,11.159998893737793,66.07054901123047,985.8534545898438,
55.85_37.55,2022-04-12 00:00:00,1.600000023841858,-2.830185651779175,rain,0.6000000238418579,15.000000953674316,16.954431533813477,29.15999984741211,96.13140869140625,992.5448608398438,
55.85_37.55,2022-07-10 20:00:00,24.899999618530273,23.687559127807617,none,0.0,0.0,18.32820701599121,29.8799991607666,52.266143798828125,990.8622436523438,
55.85_37.55,2022-07-31 15:00:00,23.450000762939453,21.720733642578125,none,0.0,0.0,6.4096174240112305,17.639999389648438,34.49488067626953,999.1160278320312,
55.85_37.56,2022-06-21 21:00:00,14.899999618530273,13.80967903137207,none,0.0,0.0,7.1003098487854,11.879999160766602,71.29627990722656,981.8612060546875,
55.85_37.56,2022-06-29 19:00:00,20.399999618530273,19.20159149169922,none,0.0,0.0,4.452953815460205,12.59999942779541,44.487449645996094,1002.1007080078125,
55.85_37.56,2022-07-26 05:00:00,18.100000381469727,19.7070255279541,none,0.0,0.0,5.241678714752197,12.239999771118164,91.82916259765625,991.0384521484375,
55.85_37.56,2022-08-08 09:00:00,,,,,,,,,,
55.85_37.57,2022-07-19 18:00:00,18.899999618530273,16.1281681060791,none,0.0,0.0,15.856355667114258,31.319997787475586,50.0036735534668,995.0261840820312,
55.85_37.58,2022-01-31 16:00:00,-1.75,-7.2627973556518555,snow,0.20000000298023224,61.0,20.431386947631836,27.35999870300293,91.8497543334961,972.6741943359375,
55.85_37.58,2022-02-04 06:00:00,-7.349999904632568,-11.57492733001709,snow,0.10000000149011612,62.0,7.56856632232666,11.879999160766602,92.18890380859375,992.939697265625,
55.85_37.58,2022-03-08 03:00:00,-4.300000190734863,-9.517117500305176,none,0.0,49.0,15.844088554382324,29.8799991607666,86.92520141601562,992.9305419921875,
55.85_37.58,2022-05-31 10:00:00,14.300000190734863,12.303812026977539,rain,0.30000001192092896,0.0,18.17197608947754,34.20000076293945,86.62944793701172,1002.3801879882812,
55.85_37.58,2022-06-04 18:00:00,18.899999618530273,16.461097717285156,none,0.0,0.0,13.397611618041992,25.919998168945312,49.66548538208008,999.7216796875,
55.85_37.58,2022-06-11 22:00:00,17.850000381469727,16.378475189208984,none,0.0,0.0,11.592894554138184,20.15999984741211,62.96034622192383,997.9202270507812,
55.85_37.58,2022-06-23 07:00:00,17.149999618530273,14.698680877685547,none,0.0,0.0,16.62248992919922,29.51999855041504,62.1739616394043,992.6773681640625,
55.85_37.58,2022-06-23 21:00:00,16.350000381469727,15.448677062988281,none,0.0,0.0,7.993297576904297,11.519999504089355,69.92529296875,996.065185546875,
55.85_37.59,2022-02-03 15:00:00,-6.300000190734863,-10.812915802001953,none,0.0,61.0,10.00903606414795,12.59999942779541,90.14306640625,991.2113037109375,
55.85_37.59,2022-02-19 15:00:00,0.8999999761581421,-6.784231185913086,snow,0.4000000059604645,54.000003814697266,37.09572219848633,66.95999908447266,87.1233901977539,975.3069458007812,
55.85_37.59,2022-06-18 17:00:00,20.399999618530273,16.87141227722168,none,0.0,0.0,18.837322235107422,35.63999938964844,41.693199157714844,994.9214477539062,
55.85_37.59,2022-07-16 09:00:00,18.149999618530273,16.953052520751953,none,0.0,0.0,11.486200332641602,25.919998168945312,65.36648559570312,994.2925415039062,
55.85_37.59,2022-07-26 13:00:00,28.100000381469727,30.410247802734375,none,0.0,0.0,4.553679466247559,19.079999923706055,51.43402862548828,992.0364990234375,
55.85_37.6,2022-04-13 12:00:00,6.400000095367432,1.689626693725586,none,0.0,7.0,21.48569679260254,40.68000030517578,79.99803924560547,997.3858642578125,
55.85_37.6,2022-05-30 04:00:00,5.800000190734863,2.9422245025634766,none,0.0,0.0,10.464797019958496,16.919998168945312,91.03742218017578,1000.0430297851562,
55.85_37.61,2022-03-11 11:00:00,-7.150000095367432,-11.398802757263184,none,0.0,50.0,6.1516828536987305,14.039999961853027,72.23860931396484,1014.0123901367188,
55.85_37.61,2022-03-17 11:00:00,-4.400000095367432,-8.823923110961914,none,0.0,45.0,8.161764144897461,17.280000686645508,66.25603485107422,1024.513671875,
55.85_37.62,2022-05-25 18:00:00,13.0,8.712398529052734,none,0.0,0.0,14.264361381530762,28.440000534057617,39.26425552368164,995.3859252929688,
55.85_37.63,2022-02-23 20:00:00,-1.100000023841858,-5.580475807189941,none,0.0,52.999996185302734,13.397611618041992,24.119998931884766,87.8975830078125,995.3423461914062,
55.85_37.63,2022-03-29 17:00:00,-1.4500000476837158,-5.1180243492126465,none,0.0,33.0,5.804825305938721,11.879999160766602,74.75714111328125,980.1968994140625,
55.85_37.63,2022-04-10 20:00:00,4.75,1.5209145545959473,none,0.0,25.0,7.208993911743164,14.75999927520752,69.53916931152344,993.6596069335938,
55.85_37.64,2022-02-01 16:00:00,-2.0999999046325684,-6.673287868499756,none,0.0,63.0,12.819234848022461,21.239999771118164,84.88856506347656,978.7554931640625,
55.85_37.64,2022-05-22 08:00:00,7.849999904632568,2.964510917663574,none,0.0,0.0,18.161277770996094,37.439998626708984,54.55180740356445,987.5318603515625,
55.85_37.64,2022-07-11 11:00:00,29.549999237060547,29.44289779663086,none,0.0,0.0,23.06810760498047,50.7599983215332,45.52268600463867,991.7147827148438,
55.85_37.64,2022-07-15 23:00:00,15.300000190734863,13.530641555786133,none,0.0,0.0,10.805997848510742,18.35999870300293,67.19158935546875,992.1847534179688,
55.85_37.65,2022-03-31 21:00:00,-0.15000000596046448,-3.787687301635742,none,0.0,32.0,9.346142768859863,16.919998168945312,93.99449157714844,992.4080810546875,
55.85_37.65,2022-04-20 11:00:00,11.399999618530273,6.076763153076172,none,0.0,0.0,25.537172317504883,50.03999710083008,47.2423210144043,999.9689331054688,
55.85_37.65,2022-06-01 10:00:00,19.600000381469727,19.644075393676758,none,0.0,0.0,9.904906272888184,23.399999618530273,68.51932525634766,1003.337158203125,
55.85_37.67,2022-04-30 10:00:00,5.5,0.6339015960693359,rain,0.10000000149011612,0.0,16.87013816833496,34.91999816894531,52.13748550415039,1005.25,
55.85_37.67,2022-05-06 19:00:00,12.800000190734863,8.563506126403809,none,0.0,0.0,15.077081680297852,25.559999465942383,43.08454513549805,1007.8297119140625,
55.85_37.67,2022-07-16 19:00:00,18.950000762939453,17.697023391723633,none,0.0,0.0,7.920000076293945,22.68000030517578,54.601627349853516,996.5740356445312,
55.85_37.67,2022-07-28 13:00:00,23.100000381469727,25.52694320678711,rain,0.10000000149011612,0.0,6.989935398101807,25.919998168945312,78.46784973144531,995.0166625976562,
55.85_37.68,2022-02-07 12:00:00,-1.5,-7.15187931060791,snow,0.4000000059604645,62.0,21.605998992919922,36.71999740600586,91.86595153808594,982.2504272460938,
55.85_37.68,2022-02-12 12:00:00,-1.649999976158142,-7.68751335144043,none,0.0,58.999996185302734,21.868331909179688,39.23999786376953,74.43753814697266,995.18212890625,
55.85_37.68,2022-06-22 17:00:00,20.899999618530273,17.208589553833008,none,0.0,0.0,21.203357696533203,41.76000213623047,42.554622650146484,985.8178100585938,
55.85_37.68,2022-07-11 21:00:00,25.75,22.634004592895508,none,0.0,0.0,24.724950790405273,43.91999816894531,41.247840881347656,991.8765869140625,
55.85_37.68,2022-07-31 22:00:00,17.899999618530273,15.774978637695312,none,0.0,0.0,10.383987426757812,19.440000534057617,51.10940933227539,999.9116821289062,
55.85_37.78,2022-01-09 23:00:00,-6.349999904632568,-11.130023956298828,snow,0.4000000059604645,47.0,11.808877944946289,22.319997787475586,90.13910675048828,995.0155639648438,
55.85_37.78,2022-06-02 19:00:00,22.850000381469727,23.701868057250977,none,0.0,0.0,6.519876956939697,18.719999313354492,62.649322509765625,999.111572265625,
55.85_37.78,2022-07-30 01:00:00,15.149999618530273,14.106773376464844,none,0.0,0.0,11.525623321533203,20.51999855041504,81.740478515625,999.01318359375,
55.85_37.79,2022-01-14 23:00:00,-1.899999976158142,-8.769155502319336,snow,0.10000000149011612,55.0,28.483259201049805,54.71999740600586,83.01948547363281,958.4151000976562,
55.85_37.8,2022-01-01 21:00:00,-3.0,-7.818371772766113,snow,0.20000000298023224,41.0,14.458381652832031,29.51999855041504,90.39957427978516,981.7623291015625,
55.85_37.8,2022-06-16 23:00:00,14.0,12.711807250976562,none,0.0,0.0,7.695919990539551,11.519999504089355,73.5625228881836,992.7562255859375,
55.86_37.34,2022-05-12 07:00:00,10.100000381469727,7.742230415344238,rain,0.4000000059604645,0.0,8.55710220336914,20.880001068115234,73.1111068725586,984.6962890625,
55.86_37.35,2022-01-23 17:00:00,-5.0,-8.477275848388672,none,0.0,55.0,3.8773183822631836,8.640000343322754,91.28565979003906,1006.7066650390625,
55.86_37.35,2022-02-23 13:00:00,1.0499999523162842,-3.773373603820801,snow,0.10000000149011612,49.0,16.243940353393555,33.839996337890625,78.33274841308594,982.9066772460938,
55.86_37.35,2022-03-17 16:00:00,-1.350000023841858,-5.305163383483887,none,0.0,45.0,4.896529674530029,12.959999084472656,52.41188430786133,1020.197998046875,
55.86_37.35,2022-03-24 15:00:00,9.399999618530273,7.252579689025879,none,0.0,33.0,2.9024126529693604,9.0,61.634342193603516,995.9895629882812,
55.86_37.35,2022-03-31 17:00:00,0.44999998807907104,-3.189054012298584,snow,0.20000000298023224,32.0,8.121970176696777,21.239999771118164,81.79449462890625,989.0476684570312,
55.86_37.35,2022-04-01 22:00:00,-0.949999988079071,-6.288476943969727,none,0.0,32.0,18.5146427154541,35.279998779296875,81.29835510253906,988.1454467773438,
55.86_37.35,2022-06-27 21:00:00,24.299999237060547,23.9273681640625,none,0.0,0.0,10.594036102294922,19.440000534057617,51.43822479248047,998.1079711914062,
55.86_37.36,2022-03-04 12:00:00,-3.450000047683716,-8.655387878417969,none,0.0,47.0,16.343366622924805,32.39999771118164,86.68267822265625,991.8275146484375,
55.86_37.36,2022-04-12 00:00:00,1.5499999523162842,-2.7312674522399902,rain,0.30000001192092896,17.0,15.876774787902832,28.799999237060547,96.12985229492188,991.0421142578125,
55.86_37.36,2022-06-23 20:00:00,19.950000762939453,18.73750114440918,none,0.0,0.0,8.90590763092041,20.15999984741211,53.592254638671875,993.6527709960938,
55.86_37.37,2022-05-19 18:00:00,9.850000381469727,6.585512161254883,rain,1.0,0.0,15.379205703735352,39.23999786376953,76.43205261230469,995.4641723632812,
55.86_37.4,2022-01-07 13:00:00,-7.0,-12.689906120300293,none,0.0,44.0,16.62248992919922,24.119998931884766,78.23445129394531,981.4227294921875,
55.86_37.4,2022-01-26 01:00:00,-8.699999809265137,-13.265007972717285,snow,0.4000000059604645,57.0,8.90590763092041,12.59999942779541,89.24282836914062,992.057861328125,
55.86_37.4,2022-01-26 11:00:00,-5.5,-10.1025390625,none,0.0,58.0,11.11345100402832,15.84000015258789,89.86042022705078,992.629150390625,
55.86_37.4,2022-04-12 21:00:00,4.050000190734863,0.08600711822509766,none,0.0,12.0,16.559999465942383,28.440000534057617,95.194091796875,992.1102294921875,
55.86_37.4,2022-04-28 02:00:00,2.299999952316284,-1.0923573970794678,none,0.0,0.0,6.989935398101807,11.879999160766602,74.87273406982422,999.3355102539062,
55.86_37.4,2022-07-02 02:00:00,11.050000190734863,9.599387168884277,none,0.0,0.0,5.937272071838379,11.519999504089355,80.10503387451172,1002.6088256835938,
55.86_37.41,2022-01-27 21:00:00,-9.149999618530273,-15.263734817504883,none,0.0,57.0,19.11054229736328,28.440000534057617,86.75863647460938,987.6966552734375,
55.86_37.41,2022-07-04 17:00:00,29.399999618530273,28.203861236572266,none,0.0,0.0,6.830519199371338,16.919998168945312,28.485567092895508,994.7835693359375,
55.86_37.42,2022-02-10 14:00:00,1.100000023841858,-3.7178103923797607,none,0.0,60.000003814697266,17.639999389648438,24.84000015258789,87.14314270019531,984.1295776367188,
55.86_37.42,2022-03-05 22:00:00,-4.599999904632568,-9.259981155395508,none,0.0,46.0,11.54247760772705,23.03999900817871,84.27044677734375,997.1869506835938,
55.86_37.42,2022-06-29 17:00:00,23.149999618530273,20.349149703979492,none,0.0,0.0,8.08999252319336,20.880001068115234,26.113759994506836,1000.7457885742188,
55.86_37.42,2022-07-21 13:00:00,20.0,19.088163375854492,rain,0.10000000149011612,0.0,17.786331176757812,36.0,65.97669982910156,986.3026733398438,
55.86_37.43,2022-01-23 17:00:00,-5.75,-9.795491218566895,none,0.0,56.0,7.127635955810547,8.640000343322754,89.8401107788086,1008.30712890625,
55.86_37.43,2022-03-11 11:00:00,-6.650000095367432,-10.899389266967773,none,0.0,47.0,6.0346999168396,12.239999771118164,68.14260864257812,1010.6883544921875,
55.86_37.43,2022-04-28 18:00:00,6.050000190734863,1.877253532409668,none,0.0,0.0,10.002559661865234,18.35999870300293,47.09281539916992,1002.0079345703125,
55.86_37.43,2022-05-09 19:00:00,7.349999904632568,1.7543811798095703,none,0.0,0.0,23.233253479003906,40.68000030517578,57.272830963134766,1000.6595458984375,
55.86_37.43,2022-05-15 18:00:00,14.350000381469727,10.44635009765625,none,0.0,0.0,14.88241958618164,27.35999870300293,44.31525421142578,982.722900390625,
55.86_37.43,2022-06-22 17:00:00,20.600000381469727,17.26425552368164,none,0.0,0.0,20.523157119750977,38.519996643066406,46.391605377197266,983.2099609375,
55.86_37.43,2022-07-01 08:00:00,18.25,14.550989151000977,none,0.0,0.0,16.299694061279297,33.119998931884766,40.22711181640625,998.5006103515625,
55.86_37.43,2022-08-01 07:00:00,15.699999809265137,15.160242080688477,none,0.0,0.0,7.199999809265137,14.75999927520752,76.85413360595703,998.1275634765625,
55.86_37.44,2022-02-28 08:00:00,-4.599999904632568,-9.455286026000977,none,0.0,48.0,13.397611618041992,20.880001068115234,89.249755859375,1013.8197021484375,
55.86_37.44,2022-06-28 22:00:00,17.299999237060547,14.513362884521484,none,0.0,0.0,9.904906272888184,19.440000534057617,42.4094352722168,1001.3170166015625,
55.86_37.47,2022-02-22 06:00:00,1.350000023841858,-3.2548961639404297,none,0.0,52.999996185302734,17.595861434936523,25.919998168945312,94.4061050415039,972.44873046875,
55.86_37.47,2022-03-15 09:00:00,-4.75,-9.234188079833984,none,0.0,47.0,10.13769245147705,18.0,83.28553009033203,1013.8936157226562,
55.86_37.47,2022-03-20 19:00:00,2.200000047683716,-2.0690531730651855,none,0.0,43.0,12.218805313110352,18.719999313354492,70.82242584228516,1012.2664794921875,
55.86_37.47,2022-03-31 14:00:00,1.899999976158142,-2.3705649375915527,none,0.0,33.0,11.11345100402832,20.51999855041504,65.67781829833984,988.9395141601562,
55.86_37.47,2022-07-08 18:00:00,24.350000381469727,23.404878616333008,none,0.0,0.0,5.506940841674805,14.399999618530273,38.8534049987793,996.364990234375,
55.86_37.48,2022-04-18 19:00:00,7.0,3.274402141571045,none,0.0,1.0,9.422101020812988,20.15999984741211,54.523040771484375,997.5460815429688,
55.86_37.48,2022-05-11 23:00:00,6.449999809265137,3.127892017364502,none,0.0,0.0,8.534353256225586,12.59999942779541,64.7960433959961,987.265380859375,
55.86_37.48,2022-05-31 17:00:00,16.649999618530273,16.88714027404785,none,0.0,0.0,5.014219284057617,18.35999870300293,79.30421447753906,1000.3296508789062,
55.86_37.48,2022-07-26 09:00:00,23.200000762939453,24.83142852783203,none,0.0,0.0,11.304228782653809,23.759998321533203,76.3100814819336,989.9921875,
55.86_37.49,2022-01-20 20:00:00,-3.299999952316284,-9.379729270935059,snow,0.4000000059604645,52.999996185302734,22.910259246826172,35.63999938964844,90.71784973144531,979.9560546875,
55.86_37.49,2022-04-15 23:00:00,4.400000095367432,1.3244571685791016,rain,0.6000000238418579,3.0,10.144082069396973,16.559999465942383,91.2623291015625,992.402587890625,
55.86_37.49,2022-04-28 09:00:00,3.450000047683716,-0.39885807037353516,none,0.0,0.0,6.297428131103516,18.0,48.51185989379883,1002.608642578125,
55.86_37.49,2022-05-23 06:00:00,5.0,0.7127203941345215,none,0.0,0.0,13.513193130493164,25.919998168945312,63.758544921875,985.697998046875,
55.86_37.5,2022-03-09 17:00:00,-7.949999809265137,-13.287017822265625,none,0.0,49.0,11.92355728149414,22.68000030517578,55.77021408081055,1004.9774780273438,
55.86_37.5,2022-03-23 07:00:00,-2.299999952316284,-6.049579620361328,none,0.0,38.0,7.091177463531494,14.039999961853027,85.50636291503906,1007.4678344726562,
55.86_37.5,2022-05-30 08:00:00,14.850000381469727,12.971466064453125,none,0.0,0.0,7.695919990539551,19.079999923706055,59.56816101074219,998.3397827148438,
55.86_37.5,2022-08-05 20:00:00,23.350000381469727,23.72631072998047,none,0.0,0.0,7.56856632232666,9.720000267028809,57.546875,1001.1681518554688,
55.86_37.51,2022-01-22 08:00:00,-5.449999809265137,-11.091601371765137,snow,0.10000000149011612,58.0,18.17197608947754,26.639999389648438,88.834716796875,981.6797485351562,
55.86_37.51,2022-04-02 19:00:00,-0.6499999761581421,-6.341597557067871,snow,0.4000000059604645,38.0,22.65713119506836,37.439998626708984,91.92066192626953,977.5338134765625,
55.86_37.51,2022-05-13 07:00:00,9.350000381469727,4.458539962768555,none,0.0,0.0,24.482646942138672,42.119998931884766,71.710693359375,982.7763671875,
55.86_37.52,2022-02-07 12:00:00,-1.5499999523162842,-6.870643138885498,snow,0.6000000238418579,62.0,19.201873779296875,29.51999855041504,91.18372344970703,980.968994140625,
55.86_37.52,2022-06-16 09:00:00,18.149999618530273,16.432464599609375,none,0.0,0.0,13.896186828613281,30.599998474121094,63.02821350097656,993.229248046875,
55.86_37.52,2022-07-12 13:00:00,23.100000381469727,22.970308303833008,none,0.0,0.0,20.140705108642578,44.63999557495117,68.98865509033203,989.80517578125,
55.86_37.53,2022-03-17 20:00:00,-8.5,-13.771892547607422,none,0.0,46.0,12.31389331817627,14.039999961853027,69.11336517333984,1022.6355590820312,
55.86_37.53,2022-05-22 21:00:00,4.650000095367432,-0.17029333114624023,none,0.0,0.0,15.51762866973877,33.119998931884766,57.2011833190918,987.0238037109375,
55.86_37.53,2022-05-24 09:00:00,8.5,2.9280290603637695,none,0.0,0.0,21.566972732543945,38.880001068115234,47.274539947509766,985.3758544921875,
55.86_37.55,2022-02-04 13:00:00,-5.699999809265137,-9.555743217468262,none,0.0,62.0,5.191993713378906,7.920000076293945,82.84066772460938,993.6651000976562,
55.86_37.55,2022-03-13 16:00:00,1.5,-2.8955488204956055,none,0.0,49.0,11.92898941040039,20.51999855041504,67.33113861083984,1004.6096801757812,
55.86_37.55,2022-03-17 11:00:00,-2.950000047683716,-7.924566745758057,none,0.0,46.0,11.384198188781738,20.51999855041504,54.713104248046875,1023.1685180664062,
55.86_37.55,2022-05-22 17:00:00,8.899999618530273,3.7121787071228027,none,0.0,0.0,18.345876693725586,38.519996643066406,43.852962493896484,985.3121337890625,
55.86_37.55,2022-07-03 22:00:00,20.799999237060547,19.748178482055664,none,0.0,0.0,10.805998802185059,17.639999389648438,55.991146087646484,996.31591796875,
55.86_37.56,2022-02-01 21:00:00,-5.099999904632568,-10.721766471862793,none,0.0,62.0,18.37411117553711,35.63999938964844,89.8927993774414,978.2069702148438,
55.86_37.56,2022-02-07 14:00:00,-1.0,-6.0457763671875,none,0.0,62.0,17.584810256958008,29.8799991607666,89.55089569091797,981.6483154296875,
55.86_37.56,2022-03-19 23:00:00,-2.4000000953674316,-6.706526756286621,none,0.0,44.0,9.360000610351562,15.84000015258789,73.45149993896484,1021.9000244140625,
55.86_37.56,2022-04-15 22:00:00,4.400000095367432,1.139533519744873,rain,0.699999988079071,2.0,10.966712951660156,18.35999870300293,89.02851104736328,993.7692260742188,
55.86_37.57,2022-03-10 11:00:00,-9.149999618530273,-14.944581031799316,none,0.0,48.0,14.843179702758789,25.919998168945312,58.26850509643555,1016.442626953125,
55.86_37.57,2022-04-30 12:00:00,6.150000095367432,1.3752617835998535,none,0.0,0.0,17.377225875854492,34.91999816894531,46.945125579833984,1003.3836669921875,
55.86_37.57,2022-07-30 13:00:00,21.649999618530273,19.921724319458008,none,0.0,0.0,12.964998245239258,27.35999870300293,40.78068161010742,1000.480712890625,
55.86_37.58,2022-04-19 09:00:00,8.149999618530273,4.0238494873046875,none,0.0,0.0,17.287498474121094,33.839996337890625,70.22881317138672,999.253173828125,
55.86_37.58,2022-04-22 20:00:00,5.900000095367432,3.40799617767334,none,0.0,0.0,7.199999809265137,10.440000534057617,86.99113464355469,999.6121826171875,
55.86_37.58,2022-07-01 13:00:00,20.700000762939453,17.521089553833008,none,0.0,0.0,20.172853469848633,41.76000213623047,29.790544509887695,1000.8777465820312,
55.86_37.59,2022-01-12 08:00:00,-15.199999809265137,-21.499065399169922,none,0.0,50.0,17.654687881469727,31.319997787475586,80.4911880493164,1009.2727661132812,
55.86_37.59,2022-03-22 13:00:00,6.050000190734863,1.942427635192871,none,0.0,38.0,13.830748558044434,28.799999237060547,61.04292678833008,1012.3995361328125,
55.86_37.59,2022-05-07 13:00:00,15.300000190734863,10.287210464477539,none,0.0,0.0,21.413192749023438,38.519996643066406,39.09017562866211,1007.53466796875,
55.86_37.59,2022-05-08 16:00:00,14.850000381469727,11.311287879943848,none,0.0,0.0,19.079999923706055,50.7599983215332,59.56816101074219,998.2890014648438,
55.86_37.59,2022-06-24 11:00:00,23.700000762939453,22.977102279663086,none,0.0,0.0,14.75999927520752,32.03999710083008,42.05815887451172,998.230712890625,
55.86_37.59,2022-06-24 16:00:00,25.100000381469727,21.82124137878418,none,0.0,0.0,21.129884719848633,46.439998626708984,36.654563903808594,997.4583129882812,
55.86_37.59,2022-07-01 13:00:00,20.700000762939453,17.521089553833008,none,0.0,0.0,20.172853469848633,41.76000213623047,29.790544509887695,1001.3416137695312,
55.86_37.6,2022-05-03 12:00:00,14.199999809265137,9.563520431518555,rain,0.10000000149011612,0.0,24.63304901123047,52.19999694824219,57.00005340576172,988.0143432617188,
55.86_37.6,2022-07-15 13:00:00,22.899999618530273,20.630081176757812,none,0.0,0.0,20.83339500427246,41.03999710083008,44.733665466308594,990.2188720703125,
55.86_37.6,2022-08-06 20:00:00,26.399999618530273,26.337610244750977,none,0.0,0.0,12.371644973754883,30.23999786376953,50.182289123535156,1001.2681274414062,
55.86_37.6,2022-08-11 19:00:00,,,,,,,,,,
55.86_37.61,2022-05-10 19:00:00,9.399999618530273,3.703174114227295,none,0.0,0.0,22.104116439819336,42.119998931884766,43.35382843017578,996.6798095703125,
55.86_37.61,2022-06-05 14:00:00,17.200000762939453,14.69482421875,rain,0.10000000149011612,0.0,17.0762996673584,38.519996643066406,52.15577697753906,997.1325073242188,
55.86_37.61,2022-06-18 01:00:00,12.300000190734863,11.498344421386719,none,0.0,0.0,9.0,15.480000495910645,95.80892944335938,995.0277099609375,
55.86_37.61,2022-07-19 13:00:00,19.5,16.59170913696289,none,0.0,0.0,20.730501174926758,45.36000061035156,53.296592712402344,995.2945556640625,
55.86_37.61,2022-07-27 12:00:00,29.350000381469727,30.877246856689453,none,0.0,0.0,11.620808601379395,26.280000686645508,48.29299545288086,994.1973876953125,
55.86_37.62,2022-01-24 07:00:00,-7.900000095367432,-11.692428588867188,none,0.0,57.0,4.33497428894043,6.839999675750732,92.87657928466797,1016.4420776367188,
55.86_37.62,2022-02-27 21:00:00,-5.400000095367432,-10.548463821411133,none,0.0,49.0,14.5610990524292,26.639999389648438,86.14524841308594,1016.9801025390625,
55.86_37.63,2022-05-02 00:00:00,4.400000095367432,1.5007777214050293,none,0.0,0.0,5.959060192108154,10.440000534057617,76.33755493164062,1001.8645629882812,
55.86_37.64,2022-03-23 17:00:00,9.25,6.4796857833862305,none,0.0,34.0,3.2599384784698486,15.119998931884766,48.19094467163086,1006.3623046875,
55.86_37.65,2022-03-20 13:00:00,4.400000095367432,-0.026888370513916016,none,0.0,43.0,15.62997055053711,29.8799991607666,70.48688507080078,1017.6249389648438,
55.86_37.65,2022-05-14 21:00:00,9.850000381469727,6.804989814758301,none,0.0,0.0,9.746630668640137,18.719999313354492,62.18080139160156,985.1304931640625,
55.86_37.65,2022-05-26 09:00:00,12.550000190734863,11.088217735290527,none,0.0,0.0,2.1897945404052734,12.959999084472656,61.52021026611328,990.6611328125,
55.86_37.65,2022-06-11 10:00:00,23.5,23.335115432739258,none,0.0,0.0,6.6380720138549805,18.35999870300293,43.86616134643555,997.92431640625,
55.86_37.65,2022-07-12 20:00:00,19.799999237060547,18.97198486328125,none,0.0,0.0,10.93120288848877,20.880001068115234,62.57249069213867,995.15087890625,
55.86_37.65,2022-07-25 21:00:00,20.899999618530273,20.933685302734375,none,0.0,0.0,11.609650611877441,19.440000534057617,69.66759490966797,990.4179077148438,
55.86_37.65,2022-08-09 19:00:00,,,,,,,,,,
55.86_37.66,2022-02-17 01:00:00,-1.850000023841858,-7.395817279815674,none,0.0,55.0,20.570463180541992,34.20000076293945,91.84326171875,991.3121948242188,
55.86_37.66,2022-03-29 07:00:00,0.75,-4.955948829650879,none,0.0,31.0,23.04281234741211,42.119998931884766,84.90172576904297,974.3097534179688,
55.86_37.66,2022-08-08 22:00:00,,,,,,,,,,
55.86_37.67,2022-01-22 10:00:00,-5.199999809265137,-11.094364166259766,snow,0.20000000298023224,58.0,20.140705108642578,33.839996337890625,89.54094696044922,984.4614868164062,
55.86_37.67,2022-02-07 18:00:00,-1.4500000476837158,-7.024076461791992,none,0.0,62.0,20.80849838256836,34.560001373291016,89.51393127441406,980.755615234375,
55.86_37.67,2022-02-23 11:00:00,1.0499999523162842,-3.6126046180725098,none,0.0,51.0,16.57564353942871,30.96000099182129,87.45690155029297,984.0731201171875,
55.86_37.67,2022-06-13 20:00:00,19.200000762939453,20.048412322998047,rain,0.5,0.0,10.00903606414795,14.75999927520752,84.91050720214844,991.5552978515625,
55.86_37.67,2022-06-20 11:00:00,17.799999237060547,15.227441787719727,none,0.0,0.0,17.14824676513672,36.0,56.934104919433594,986.9348754882812,
55.86_37.67,2022-06-22 10:00:00,19.049999237060547,16.70775604248047,none,0.0,0.0,20.00511932373047,40.31999969482422,57.054725646972656,984.937255859375,
55.86_37.68,2022-06-07 14:00:00,19.200000762939453,16.257478713989258,none,0.0,0.0,12.261157035827637,26.280000686645508,37.11994934082031,996.669189453125,
55.86_37.69,2022-03-15 08:00:00,-7.300000190734863,-12.10952091217041,none,0.0,46.0,11.165804862976074,18.35999870300293,86.9522476196289,1013.5885620117188,
55.86_37.69,2022-06-06 19:00:00,16.350000381469727,14.152854919433594,none,0.0,0.0,13.089353561401367,32.76000213623047,61.36506271362305,995.9923095703125,
55.86_37.69,2022-07-08 10:00:00,20.600000381469727,20.03757095336914,none,0.0,0.0,9.107358932495117,22.68000030517578,59.55333709716797,999.2831420898438,
55.86_37.69,2022-07-26 13:00:00,27.600000381469727,30.08509063720703,none,0.0,0.0,6.792466163635254,22.319997787475586,55.52347946166992,990.6620483398438,
55.86_37.7,2022-07-04 17:00:00,29.25,27.807613372802734,none,0.0,0.0,8.70723819732666,18.35999870300293,28.927310943603516,995.4464111328125,
55.86_37.77,2022-01-23 06:00:00,-4.949999809265137,-9.11451244354248,snow,0.10000000149011612,58.999996185302734,8.766572952270508,18.0,92.69232940673828,1000.0787963867188,
55.87_37.41,2022-02-04 02:00:00,-6.349999904632568,-10.335786819458008,snow,0.20000000298023224,60.000003814697266,6.489992141723633,13.319999694824219,91.54304504394531,988.7930908203125,
55.87_37.41,2022-03-12 20:00:00,-2.299999952316284,-6.575064659118652,none,0.0,47.0,10.853865623474121,19.440000534057617,86.80131530761719,1003.7455444335938,
55.87_37.41,2022-04-03 19:00:00,-1.0499999523162842,-5.9291181564331055,none,0.0,42.0,12.496719360351562,21.599998474121094,60.64152526855469,978.484130859375,
55.87_37.41,2022-05-21 03:00:00,3.299999952316284,-0.15522050857543945,none,0.0,0.0,8.654986381530762,14.039999961853027,76.4295654296875,993.402587890625,
55.87_37.41,2022-06-02 14:00:00,23.899999618530273,24.951475143432617,rain,0.10000000149011612,0.0,10.308830261230469,25.919998168945312,62.08719253540039,998.1959228515625,
55.87_37.42,2022-02-06 17:00:00,-7.900000095367432,-12.193233489990234,snow,0.4000000059604645,61.0,7.342587947845459,10.079999923706055,87.57588958740234,979.9107666015625,
55.87_37.42,2022-06-02 01:00:00,13.800000190734863,13.254791259765625,none,0.0,0.0,10.383987426757812,17.280000686645508,95.23296356201172,998.850341796875,
55.87_37.44,2022-05-13 08:00:00,11.699999809265137,5.871071815490723,rain,0.10000000149011612,0.0,30.77104949951172,57.599998474121094,60.890533447265625,981.1323852539062,
55.87_37.45,2022-01-25 22:00:00,-9.149999618530273,-13.892364501953125,snow,0.4000000059604645,56.0,9.885261535644531,15.480000495910645,89.20356750488281,992.5842895507812,
55.87_37.45,2022-05-16 19:00:00,11.050000190734863,6.531009674072266,none,0.0,0.0,19.164716720581055,34.560001373291016,55.20361328125,984.3365478515625,
55.87_37.45,2022-06-16 19:00:00,18.450000762939453,16.81132698059082,none,0.0,0.0,8.891343116760254,27.35999870300293,53.02216720581055,992.2420043945312,
55.87_37.45,2022-07-16 01:00:00,13.699999809265137,12.194381713867188,none,0.0,0.0,8.90590763092041,16.19999885559082,74.25581359863281,989.61962890625,
55.87_37.46,2022-01-19 14:00:00,-9.0,-14.289656639099121,none,0.0,52.999996185302734,13.044721603393555,18.0,80.1218490600586,991.912841796875,
55.87_37.46,2022-03-12 19:00:00,-2.200000047683716,-6.414977550506592,none,0.0,49.0,10.086426734924316,15.480000495910645,83.29417419433594,1003.544677734375,
55.87_37.46,2022-03-13 19:00:00,1.2000000476837158,-3.8218882083892822,none,0.0,48.0,18.692285537719727,29.51999855041504,84.3337173461914,1003.056640625,
55.87_37.46,2022-05-14 14:00:00,15.600000381469727,11.559591293334961,none,0.0,0.0,21.897945404052734,43.91999816894531,44.51585388183594,983.0658569335938,
55.87_37.46,2022-05-20 20:00:00,9.5,6.809837341308594,none,0.0,0.0,5.315336227416992,7.559999465942383,56.595497131347656,994.7560424804688,
55.87_37.46,2022-07-30 22:00:00,15.75,14.34996223449707,none,0.0,0.0,7.993297576904297,12.959999084472656,64.62586975097656,998.1507568359375,
55.87_37.47,2022-03-05 21:00:00,-3.75,-8.767252922058105,none,0.0,48.0,14.404499053955078,24.84000015258789,82.77874755859375,996.178955078125,
55.87_37.47,2022-04-06 08:00:00,-1.0,-6.393118381500244,none,0.0,42.0,18.64369010925293,30.96000099182129,79.782958984375,978.2434692382812,
55.87_37.47,2022-04-18 18:00:00,7.0,3.274402141571045,none,0.0,1.0,9.422101020812988,20.15999984741211,54.523040771484375,997.4249267578125,
55.87_37.47,2022-06-10 16:00:00,25.700000762939453,23.709575653076172,none,0.0,0.0,15.79083251953125,31.319997787475586,35.1329231262207,993.8187866210938,
55.87_37.48,2022-02-10 20:00:00,-1.2000000476837158,-6.077049255371094,none,0.0,61.0,15.226763725280762,23.399999618530273,81.87457275390625,985.8850708007812,
55.87_37.48,2022-03-17 18:00:00,-3.3499999046325684,-8.105030059814453,none,0.0,46.0,9.199390411376953,10.440000534057617,50.40118408203125,1020.3857421875,
55.87_37.48,2022-04-04 19:00:00,-0.75,-5.036005973815918,none,0.0,42.0,9.360000610351562,10.799999237060547,66.06905364990234,982.7637939453125,
55.87_37.48,2022-04-05 09:00:00,-0.8999999761581421,-6.444201946258545,none,0.0,42.0,20.00835609436035,31.68000030517578,81.60984802246094,981.3822631835938,
55.87_37.48,2022-04-28 13:00:00,6.0,2.7750134468078613,none,0.0,0.0,2.811689853668213,12.959999084472656,44.15122985839844,1003.2515869140625,
55.87_37.48,2022-05-23 19:00:00,11.350000381469727,6.920384407043457,none,0.0,0.0,13.32486343383789,29.15999984741211,37.785282135009766,983.281005859375,
55.87_37.48,2022-06-20 18:00:00,20.5,17.12004852294922,none,0.0,0.0,15.62997055053711,30.23999786376953,37.62495803833008,984.6058959960938,
55.87_37.49,2022-03-27 10:00:00,-3.200000047683716,-12.23454475402832,snow,0.10000000149011612,29.0,39.12257385253906,70.19999694824219,54.86100769042969,979.2184448242188,
55.87_37.49,2022-04-06 13:00:00,2.450000047683716,-1.9940025806427002,none,0.0,42.0,16.422470092773438,26.639999389648438,56.19182205200195,979.7073974609375,
55.87_37.49,2022-04-07 18:00:00,5.150000095367432,1.2625255584716797,none,0.0,41.0,15.58430004119873,25.19999885559082,86.00035095214844,979.2355346679688,
55.87_37.49,2022-05-01 07:00:00,5.150000095367432,2.0458545684814453,none,0.0,0.0,6.877789497375488,15.480000495910645,70.12773895263672,1003.0637817382812,
55.87_37.49,2022-05-20 19:00:00,11.0,7.921154975891113,none,0.0,0.0,4.379589080810547,15.480000495910645,39.686214447021484,994.8674926757812,
55.87_37.5,2022-01-05 14:00:00,-6.150000095367432,-11.38150691986084,snow,0.6000000238418579,42.0,15.226763725280762,26.280000686645508,92.26487731933594,974.1834716796875,
55.87_37.5,2022-02-19 23:00:00,1.0,-5.466159343719482,none,0.0,52.999996185302734,28.449111938476562,42.119998931884766,84.61968231201172,970.8632202148438,
55.87_37.5,2022-04-03 00:00:00,-0.75,-6.315769195556641,snow,0.5,41.0,21.794126510620117,35.63999938964844,92.59357452392578,973.0704956054688,
55.87_37.5,2022-04-04 21:00:00,-1.100000023841858,-5.284552097320557,none,0.0,42.0,9.686609268188477,14.399999618530273,75.38809967041016,984.775390625,
55.87_37.5,2022-04-10 13:00:00,5.0,1.9942998886108398,none,0.0,23.0,9.220499038696289,25.559999465942383,85.37732696533203,987.0164794921875,
55.87_37.5,2022-06-01 18:00:00,20.600000381469727,19.128267288208008,none,0.0,0.0,17.0725040435791,30.96000099182129,62.54872512817383,1000.2021484375,
55.87_37.5,2022-07-15 17:00:00,21.649999618530273,18.462003707885742,none,0.0,0.0,19.41665267944336,36.71999740600586,43.349056243896484,988.9276123046875,
55.87_37.51,2022-04-05 08:00:00,-2.1500000953674316,-7.6735453605651855,snow,0.20000000298023224,42.0,19.13764762878418,29.51999855041504,83.61485290527344,982.0958251953125,
55.87_37.52,2022-01-17 07:00:00,-3.700000047683716,-10.21738052368164,snow,0.10000000149011612,52.0,25.488914489746094,37.79999923706055,89.66500854492188,971.0601196289062,
55.87_37.52,2022-03-05 18:00:00,-2.799999952316284,-8.121469497680664,none,0.0,48.0,16.919998168945312,29.15999984741211,80.72965240478516,996.2980346679688,
55.87_37.52,2022-03-16 17:00:00,-4.449999809265137,-8.966501235961914,none,0.0,46.0,8.714676856994629,13.319999694824219,65.72469329833984,1015.1824951171875,
55.87_37.52,2022-04-13 18:00:00,4.0,-1.119699239730835,none,0.0,9.0,21.129884719848633,38.519996643066406,78.22478485107422,997.71435546875,
55.87_37.52,2022-04-26 17:00:00,14.300000190734863,10.900074005126953,none,0.0,0.0,14.113652229309082,27.719999313354492,51.37669372558594,985.3564453125,
55.87_37.52,2022-07-30 18:00:00,20.600000381469727,18.41465950012207,none,0.0,0.0,12.096214294433594,22.68000030517578,45.459251403808594,997.334228515625,
55.87_37.53,2022-01-24 12:00:00,-8.0,-11.587789535522461,none,0.0,57.0,2.9024126529693604,7.199999809265137,93.23436737060547,1012.173095703125,
55.87_37.53,2022-04-08 17:00:00,10.149999618530273,5.695985794067383,none,0.0,34.0,21.27353286743164,37.07999801635742,67.25701904296875,977.0237426757812,
55.87_37.53,2022-05-03 13:00:00,14.949999809265137,10.519485473632812,rain,0.10000000149011612,0.0,25.60053253173828,48.23999786376953,51.912513732910156,984.3633422851562,
55.87_37.54,2022-02-11 20:00:00,-2.200000047683716,-6.981102466583252,none,0.0,60.000003814697266,14.404499053955078,23.03999900817871,86.81155395507812,987.6197509765625,
55.87_37.54,2022-06-15 20:00:00,16.850000381469727,13.445152282714844,none,0.0,0.0,21.09612274169922,39.959999084472656,58.84698486328125,990.1898803710938,
55.87_37.54,2022-06-22 11:00:00,19.399999618530273,17.087156295776367,rain,0.10000000149011612,0.0,20.59250259399414,39.599998474121094,54.71706008911133,983.5016479492188,
55.87_37.54,2022-07-30 16:00:00,23.350000381469727,20.3736629486084,none,0.0,0.0,10.4399995803833,24.119998931884766,28.08181381225586,998.9769897460938,
55.87_37.55,2022-03-22 12:00:00,6.099999904632568,2.0728678703308105,none,0.0,39.0,13.513193130493164,27.0,59.51218795776367,1010.5540161132812,
55.87_37.55,2022-04-15 21:00:00,5.099999904632568,1.5845832824707031,rain,0.4000000059604645,3.0,12.096214294433594,19.440000534057617,81.82608032226562,992.4615478515625,
55.87_37.55,2022-05-25 20:00:00,8.850000381469727,6.733336448669434,none,0.0,0.0,5.315336227416992,21.239999771118164,73.65087890625,991.5748901367188,
55.87_37.55,2022-06-01 02:00:00,9.899999618530273,8.927312850952148,none,0.0,0.0,6.489992141723633,9.359999656677246,99.66573333740234,1000.674072265625,
55.87_37.56,2022-02-13 09:00:00,-0.5,-6.2708892822265625,none,0.0,58.0,21.986541748046875,37.439998626708984,82.27523040771484,998.10107421875,
55.87_37.56,2022-05-20 07:00:00,6.699999809265137,2.421494483947754,none,0.0,0.0,14.458381652832031,30.23999786376953,60.97999954223633,997.6964721679688,
55.87_37.56,2022-05-20 16:00:00,12.100000381469727,9.355314254760742,none,0.0,0.0,5.506940841674805,16.559999465942383,34.39362716674805,996.3465576171875,
55.87_37.56,2022-07-11 01:00:00,20.149999618530273,19.763986587524414,none,0.0,0.0,11.43531322479248,20.880001068115234,67.52605438232422,989.8224487304688,
55.87_37.56,2022-07-27 14:00:00,30.950000762939453,30.616172790527344,none,0.0,0.0,12.646200180053711,26.280000686645508,37.07792282104492,991.2485961914062,
55.87_37.57,2022-04-01 19:00:00,-0.15000000596046448,-5.259505748748779,none,0.0,31.0,16.78156089782715,28.079999923706055,75.55587768554688,990.42626953125,
55.87_37.58,2022-03-24 15:00:00,10.149999618530273,7.073200225830078,none,0.0,33.0,2.099142551422119,6.479999542236328,34.32783508300781,997.8410034179688,
55.87_37.59,2022-02-04 19:00:00,-7.0,-11.682077407836914,none,0.0,61.0,10.495713233947754,17.280000686645508,87.32337951660156,994.9654541015625,
55.87_37.59,2022-03-12 15:00:00,-1.5499999523162842,-6.347994804382324,none,0.0,48.0,13.854154586791992,26.280000686645508,77.6230239868164,1003.48291015625,
55.87_37.59,2022-04-28 12:00:00,5.949999809265137,3.7822065353393555,none,0.0,0.0,2.4149534702301025,17.639999389648438,45.321556091308594,1004.8146362304688,
55.87_37.59,2022-05-05 23:00:00,4.25,0.07057476043701172,none,0.0,0.0,10.823972702026367,18.0,57.30963134765625,1007.267333984375,
55.87_37.59,2022-06-08 09:00:00,17.399999618530273,16.17897605895996,none,0.0,0.0,5.351784706115723,15.480000495910645,54.5706787109375,995.9210205078125,
55.87_37.6,2022-01-25 23:00:00,-9.25,-14.113035202026367,snow,0.30000001192092896,57.0,10.661107063293457,20.51999855041504,89.19483947753906,994.716064453125,
55.87_37.6,2022-06-27 15:00:00,32.04999923706055,31.789146423339844,none,0.0,0.0,15.546833038330078,32.03999710083008,33.073055267333984,1000.84033203125,
55.87_37.6,2022-07-02 19:00:00,22.899999618530273,20.857789993286133,none,0.0,0.0,8.55710220336914,24.479999542236328,35.660884857177734,1000.41064453125,
55.87_37.61,2022-03-26 16:00:00,3.549999952316284,-3.2321815490722656,none,0.0,28.0,29.275325775146484,59.03999710083008,63.41654586791992,974.636474609375,
55.87_37.61,2022-08-01 17:00:00,24.75,22.866500854492188,none,0.0,0.0,8.287821769714355,18.719999313354492,33.01609802246094,999.9119873046875,
55.87_37.62,2022-01-21 18:00:00,-7.449999809265137,-12.930721282958984,snow,0.20000000298023224,56.0,15.941944122314453,32.39999771118164,90.05128479003906,979.2330322265625,
55.87_37.62,2022-03-16 14:00:00,-1.850000023841858,-6.6775946617126465,none,0.0,46.0,11.92355728149414,24.119998931884766,62.588626861572266,1019.8406982421875,
55.87_37.64,2022-02-08 22:00:00,-0.8999999761581421,-5.616004943847656,none,0.0,62.0,15.459053993225098,28.079999923706055,89.89088439941406,987.4237670898438,
55.87_37.64,2022-02-09 18:00:00,-1.399999976158142,-5.348519325256348,snow,0.10000000149011612,61.0,9.107358932495117,14.75999927520752,84.96943664550781,990.0404052734375,
55.87_37.64,2022-03-04 16:00:00,-2.4000000953674316,-8.374014854431152,none,0.0,47.0,22.14804458618164,40.31999969482422,84.53459167480469,994.6127319335938,
55.87_37.64,2022-04-05 17:00:00,2.1500000953674316,-4.071903228759766,none,0.0,40.0,24.743289947509766,43.560001373291016,65.98077392578125,980.632080078125,
55.87_37.64,2022-04-14 20:00:00,3.450000047683716,-0.1960306167602539,none,0.0,3.0,9.114471435546875,15.119998931884766,71.07247924804688,999.9601440429688,
55.87_37.64,2022-04-20 09:00:00,10.149999618530273,4.428447723388672,none,0.0,0.0,24.881702423095703,46.79999923706055,50.05401611328125,999.5321044921875,
55.87_37.64,2022-05-05 18:00:00,8.699999809265137,6.539466857910156,none,0.0,0.0,3.239999771118164,15.84000015258789,65.5368881225586,1007.1767578125,
55.87_37.64,2022-05-12 17:00:00,17.5,14.339799880981445,none,0.0,0.0,22.26767921447754,43.560001373291016,62.46269607543945,980.915771484375,
55.87_37.64,2022-05-29 03:00:00,6.449999809265137,2.9592199325561523,none,0.0,0.0,15.807238578796387,23.399999618530273,91.39936828613281,988.3953857421875,
55.87_37.64,2022-06-23 15:00:00,23.5,22.132278442382812,none,0.0,0.0,13.049689292907715,34.91999816894531,35.46678924560547,994.4686279296875,
55.87_37.65,2022-02-25 14:00:00,0.949999988079071,-5.043610095977783,none,0.0,50.0,23.051246643066406,44.63999557495117,71.09928894042969,1001.173828125,
55.87_37.66,2022-04-11 10:00:00,3.700000047683716,-0.269484281539917,rain,2.0999999046325684,16.0,15.391839981079102,27.35999870300293,91.21480560302734,992.7324829101562,
55.87_37.66,2022-05-23 00:00:00,3.950000047683716,-0.2747609615325928,none,0.0,0.0,11.519999504089355,20.15999984741211,60.523128509521484,988.8419189453125,
55.87_37.66,2022-06-21 06:00:00,13.850000381469727,13.820472717285156,rain,0.10000000149011612,0.0,1.6099690198898315,5.039999961853027,81.0314712524414,986.6509399414062,
55.87_37.66,2022-07-05 18:00:00,27.25,26.485122680664062,none,0.0,0.0,11.726277351379395,22.319997787475586,41.39411926269531,997.4126586914062,
55.87_37.66,2022-07-18 19:00:00,17.450000762939453,15.153861999511719,none,0.0,0.0,16.641971588134766,32.76000213623047,63.290470123291016,995.3780517578125,
55.87_37.67,2022-02-26 20:00:00,-1.2999999523162842,-5.285416603088379,none,0.0,49.0,10.002559661865234,16.559999465942383,89.19459533691406,1004.0596923828125,
55.87_37.67,2022-05-05 18:00:00,9.399999618530273,5.463047981262207,none,0.0,0.0,8.91318130493164,25.559999465942383,39.35676574707031,1007.3374633789062,
55.87_37.68,2022-01-09 01:00:00,-3.8499999046325684,-9.433640480041504,none,0.0,44.0,19.16133689880371,31.68000030517578,91.36573028564453,1001.2138671875,
55.87_37.68,2022-02-19 19:00:00,1.850000023841858,-4.665506362915039,snow,0.20000000298023224,52.0,30.319177627563477,56.519996643066406,88.81143951416016,972.5492553710938,
55.87_37.68,2022-03-04 20:00:00,-1.75,-6.981934070587158,none,0.0,47.0,17.78268814086914,30.23999786376953,86.21041870117188,994.8447875976562,
55.87_37.68,2022-05-07 20:00:00,11.050000190734863,7.101006507873535,none,0.0,0.0,14.471820831298828,24.119998931884766,52.703704833984375,1003.8665161132812,
55.87_37.68,2022-05-30 22:00:00,14.75,11.853670120239258,none,0.0,0.0,12.397806167602539,21.599998474121094,54.25407028198242,1001.9749145507812,
55.87_37.68,2022-06-07 22:00:00,12.5,10.31134033203125,none,0.0,0.0,8.699792861938477,12.239999771118164,66.14142608642578,996.7260131835938,
55.87_37.68,2022-06-22 17:00:00,20.899999618530273,17.208589553833008,none,0.0,0.0,21.203357696533203,41.76000213623047,42.554622650146484,986.0457763671875,
55.87_37.69,2022-06-29 10:00:00,19.5,17.730587005615234,none,0.0,0.0,10.685391426086426,25.919998168945312,42.741851806640625,1005.3517456054688,
55.87_37.7,2022-02-17 10:00:00,-0.5,-6.518064022064209,none,0.0,55.0,25.277023315429688,47.880001068115234,93.63362884521484,981.242919921875,
55.87_37.7,2022-02-28 09:00:00,-3.5,-8.185080528259277,none,0.0,48.0,12.924952507019043,24.119998931884766,88.33509063720703,1015.4766845703125,
55.87_37.7,2022-03-16 10:00:00,-6.150000095367432,-10.111150741577148,none,0.0,45.0,5.495161056518555,13.679999351501465,81.18206787109375,1017.1103515625,
55.87_37.7,2022-04-20 10:00:00,10.149999618530273,4.428447723388672,none,0.0,0.0,24.881702423095703,46.79999923706055,50.05401611328125,997.4922485351562,
55.87_37.7,2022-04-20 19:00:00,9.350000381469727,3.641727924346924,none,0.0,0.0,23.210927963256836,40.31999969482422,47.17149353027344,998.82568359375,
55.87_37.71,2022-02-02 15:00:00,-3.700000047683716,-8.688568115234375,none,0.0,61.0,14.277982711791992,32.39999771118164,83.10195922851562,985.5159912109375,
55.87_37.71,2022-02-10 07:00:00,-1.899999976158142,-7.023049354553223,none,0.0,60.000003814697266,17.584810256958008,29.15999984741211,91.49905395507812,985.3456420898438,
55.87_37.71,2022-03-08 13:00:00,-4.949999809265137,-10.801011085510254,none,0.0,48.0,18.875125885009766,36.0,78.26228332519531,997.3875732421875,
55.87_37.71,2022-03-10 10:00:00,-10.449999809265137,-16.000232696533203,none,0.0,48.0,13.009902954101562,25.559999465942383,62.17831039428711,1016.6976318359375,
55.87_37.71,2022-05-11 15:00:00,16.75,11.886566162109375,none,0.0,0.0,19.25579261779785,38.519996643066406,30.728065490722656,988.6432495117188,
55.87_37.71,2022-05-28 18:00:00,10.050000190734863,6.935723304748535,rain,0.30000001192092896,0.0,16.17197608947754,33.119998931884766,81.62550354003906,983.8038330078125,
55.87_37.75,2022-05-16 12:00:00,13.550000190734863,9.462929725646973,none,0.0,0.0,22.288042068481445,45.71999740600586,47.34364700317383,986.9507446289062,
55.87_37.75,2022-07-30 00:00:00,15.850000381469727,15.047847747802734,none,0.0,0.0,10.315114974975586,18.0,79.18964385986328,1000.2562866210938,
55.88_37.41,2022-04-26 19:00:00,12.100000381469727,8.361108779907227,none,0.0,0.0,14.825706481933594,24.84000015258789,54.50815963745117,984.431640625,
55.88_37.43,2022-02-10 15:00:00,1.100000023841858,-3.737189292907715,rain,0.10000000149011612,60.000003814697266,17.87355613708496,26.280000686645508,87.78134155273438,983.7160034179688,
55.88_37.43,2022-04-26 19:00:00,11.350000381469727,8.319169998168945,none,0.0,0.0,9.585739135742188,24.479999542236328,56.071571350097656,986.8645629882812,
55.88_37.43,2022-04-29 03:00:00,1.4500000476837158,-1.4796042442321777,rain,0.10000000149011612,0.0,6.439876079559326,9.0,95.78131866455078,1003.4598388671875,
55.88_37.43,2022-04-29 18:00:00,7.449999809265137,3.4171595573425293,none,0.0,0.0,10.5142183303833,25.19999885559082,48.748722076416016,999.32861328125,
55.88_37.43,2022-06-09 18:00:00,25.649999618530273,24.467580795288086,none,0.0,0.0,11.252518653869629,22.68000030517578,41.21989822387695,991.3426513671875,
55.88_37.44,2022-04-13 21:00:00,4.400000095367432,-0.5698227882385254,none,0.0,8.0,19.353139877319336,33.839996337890625,72.30377197265625,997.3785400390625,
55.88_37.45,2022-02-08 12:00:00,0.30000001192092896,-4.297344207763672,none,0.0,61.0,14.512063980102539,24.479999542236328,81.4720230102539,983.750732421875,
55.88_37.45,2022-06-20 08:00:00,13.75,11.755115509033203,rain,0.20000000298023224,0.0,16.96589469909668,29.8799991607666,86.5759048461914,985.2154541015625,
55.88_37.45,2022-06-27 18:00:00,30.799999237060547,29.94115447998047,none,0.0,0.0,16.37505340576172,32.03999710083008,37.51765441894531,997.928466796875,
55.88_37.45,2022-07-26 22:00:00,21.0,23.340877532958984,none,0.0,0.0,6.130578994750977,8.640000343322754,86.71363067626953,989.2117309570312,
55.88_37.46,2022-03-23 23:00:00,-3.5999999046325684,-7.766378879547119,none,0.0,35.0,7.9932966232299805,9.720000267028809,76.69104766845703,998.9442138671875,
55.88_37.46,2022-06-02 20:00:00,17.75,18.557294845581055,none,0.0,0.0,7.5170207023620605,8.279999732971191,87.2371826171875,996.3013916015625,
55.88_37.46,2022-07-03 22:00:00,21.0,19.838899612426758,none,0.0,0.0,10.805998802185059,17.280000686645508,54.04193115234375,994.3707275390625,
55.88_37.46,2022-07-24 01:00:00,16.350000381469727,16.441978454589844,none,0.0,0.0,8.78872013092041,10.440000534057617,87.10779571533203,991.9854736328125,
55.88_37.47,2022-01-21 05:00:00,-3.75,-9.166349411010742,snow,0.10000000149011612,54.000003814697266,18.014392852783203,28.799999237060547,90.68449401855469,977.6044921875,
55.88_37.47,2022-03-20 02:00:00,-3.9000000953674316,-8.327770233154297,none,0.0,45.0,10.086426734924316,14.039999961853027,81.18975830078125,1018.4865112304688,
55.88_37.48,2022-01-01 07:00:00,-1.649999976158142,-5.481274127960205,none,0.0,42.0,9.255571365356445,14.75999927520752,93.92182159423828,977.5552978515625,
55.88_37.48,2022-02-20 09:00:00,1.350000023841858,-4.807204246520996,snow,0.10000000149011612,52.999996185302734,26.92549705505371,38.880001068115234,86.21985626220703,971.514892578125,
55.88_37.48,2022-04-10 11:00:00,4.949999809265137,1.2372512817382812,rain,0.10000000149011612,24.0,14.773163795471191,34.560001373291016,89.07452392578125,982.9098510742188,
55.88_37.48,2022-06-03 11:00:00,18.75,18.642074584960938,rain,1.2000000476837158,0.0,14.88241958618164,31.68000030517578,84.05423736572266,993.0462646484375,
55.88_37.48,2022-07-08 13:00:00,23.899999618530273,23.298337936401367,none,0.0,0.0,7.145795822143555,21.599998474121094,45.15961837768555,996.3836059570312,
55.88_37.49,2022-01-01 14:00:00,-1.149999976158142,-5.112109184265137,none,0.0,42.0,9.931041717529297,16.919998168945312,88.87705993652344,978.4024047851562,
55.88_37.49,2022-04-22 11:00:00,9.149999618530273,6.655508041381836,none,0.0,0.0,8.759178161621094,18.35999870300293,75.26253509521484,1000.241943359375,
55.88_37.52,2022-01-13 16:00:00,-11.5,-18.867618560791016,snow,0.5,52.999996185302734,26.552288055419922,50.03999710083008,85.45919799804688,980.0888061523438,
55.88_37.52,2022-01-14 07:00:00,1.5,-4.40626335144043,none,0.0,55.0,25.56253433227539,43.560001373291016,87.50017547607422,962.7025146484375,
55.88_37.52,2022-01-26 13:00:00,-4.5,-9.566682815551758,none,0.0,58.999996185302734,14.707221984863281,21.599998474121094,87.23750305175781,991.3961181640625,
55.88_37.52,2022-03-09 17:00:00,-7.949999809265137,-13.287017822265625,none,0.0,49.0,11.92355728149414,22.68000030517578,55.77021408081055,1004.9774780273438,
55.88_37.52,2022-04-12 10:00:00,5.199999809265137,1.807645320892334,none,0.0,18.0,13.104198455810547,27.35999870300293,90.04122161865234,988.5414428710938,
55.88_37.52,2022-04-23 19:00:00,11.649999618530273,9.445358276367188,none,0.0,0.0,6.989935874938965,11.879999160766602,64.37287902832031,992.89501953125,
55.88_37.52,2022-05-25 14:00:00,10.050000190734863,6.3218994140625,none,0.0,0.0,10.685391426086426,23.759998321533203,48.59463119506836,993.9589233398438,
55.88_37.52,2022-08-02 12:00:00,25.049999237060547,23.892236709594727,none,0.0,0.0,14.372974395751953,29.8799991607666,39.051109313964844,995.0608520507812,
55.88_37.53,2022-01-28 22:00:00,-6.199999809265137,-11.502062797546387,snow,0.10000000149011612,58.999996185302734,15.484185218811035,24.84000015258789,90.1509780883789,981.4637451171875,
55.88_37.53,2022-02-17 22:00:00,1.2999999523162842,-5.4536261558532715,snow,0.5,55.0,32.32992172241211,51.839996337890625,94.74532318115234,964.3732299804688,
55.88_37.53,2022-04-09 14:00:00,9.699999809265137,5.892200469970703,none,0.0,28.0,12.864648818969727,27.0,55.4415397644043,984.0795288085938,
55.88_37.53,2022-06-26 00:00:00,19.399999618530273,19.13926124572754,none,0.0,0.0,8.654986381530762,18.0,67.15316772460938,998.4705810546875,
55.88_37.53,2022-07-18 09:00:00,16.799999237060547,17.31609344482422,none,0.0,0.0,1.6099690198898315,8.279999732971191,75.27931213378906,993.7242431640625,
55.88_37.54,2022-01-30 20:00:00,-3.700000047683716,-9.780770301818848,snow,0.20000000298023224,58.999996185302734,22.608457565307617,37.07999801635742,90.6882095336914,971.15478515625,
55.88_37.54,2022-01-31 13:00:00,-1.9500000476837158,-6.617528915405273,none,0.0,60.000003814697266,14.332340240478516,23.03999900817871,90.81686401367188,970.4657592773438,
55.88_37.54,2022-02-01 10:00:00,-3.3499999046325684,-7.814278602600098,none,0.0,62.0,12.0693998336792,19.079999923706055,93.13555908203125,971.7701416015625,
55.88_37.54,2022-02-10 20:00:00,-1.100000023841858,-5.71815824508667,none,0.0,61.0,13.910168647766113,22.319997787475586,84.68766021728516,985.2294921875,
55.88_37.54,2022-03-16 11:00:00,-4.25,-8.191906929016113,none,0.0,47.0,5.815978050231934,13.319999694824219,74.53031158447266,1014.8565063476562,
55.88_37.54,2022-06-30 08:00:00,18.450000762939453,17.406766891479492,none,0.0,0.0,8.350137710571289,19.079999923706055,60.0300407409668,997.6248779296875,
55.88_37.55,2022-01-25 22:00:00,-9.199999809265137,-13.966970443725586,snow,0.4000000059604645,57.0,10.105681419372559,16.19999885559082,90.26612091064453,992.9640502929688,
55.88_37.55,2022-03-16 10:00:00,-4.25,-8.191906929016113,none,0.0,47.0,5.815978050231934,13.319999694824219,74.53031158447266,1016.6552124023438,
55.88_37.55,2022-04-22 15:00:00,11.050000190734863,9.215124130249023,none,0.0,0.0,2.9686360359191895,10.079999923706055,62.245094299316406,999.6580200195312,
55.88_37.55,2022-05-31 12:00:00,15.699999809265137,14.284004211425781,rain,0.6000000238418579,0.0,14.973576545715332,33.119998931884766,81.0100326538086,999.4400634765625,
55.88_37.55,2022-07-02 15:00:00,24.850000381469727,22.42582893371582,none,0.0,0.0,12.661563873291016,27.0,27.813627243041992,999.6648559570312,
55.88_37.55,2022-07-12 15:00:00,24.049999237060547,21.04460334777832,none,0.0,0.0,26.111791610717773,47.15999984741211,47.649131774902344,990.150634765625,
55.88_37.56,2022-02-17 13:00:00,1.25,-5.712251663208008,none,0.0,55.0,33.16887664794922,52.560001373291016,91.37622833251953,973.3190307617188,
55.88_37.56,2022-04-08 16:00:00,10.199999809265137,5.85957145690918,none,0.0,33.0,19.809812545776367,39.23999786376953,64.72286224365234,976.57861328125,
55.88_37.56,2022-05-26 22:00:00,11.449999809265137,9.408740997314453,rain,1.100000023841858,0.0,13.527571678161621,22.319997787475586,88.99884796142578,977.7306518554688,
55.88_37.56,2022-07-01 22:00:00,14.350000381469727,11.959022521972656,none,0.0,0.0,7.903619289398193,14.039999961853027,53.03021240234375,1000.416259765625,
55.88_37.59,2022-01-17 10:00:00,-3.299999952316284,-9.723928451538086,snow,0.20000000298023224,52.999996185302734,24.96230697631836,40.31999969482422,88.0201644897461,969.2809448242188,
55.88_37.59,2022-01-25 07:00:00,-9.899999618530273,-14.892868995666504,none,0.0,56.0,11.298495292663574,18.0,90.21038818359375,1003.167724609375,
55.88_37.59,2022-02-14 15:00:00,0.05000000074505806,-4.813536643981934,none,0.0,57.0,14.773163795471191,30.23999786376953,72.26490020751953,994.3068237304688,
55.88_37.59,2022-02-20 21:00:00,-0.949999988079071,-5.339714527130127,none,0.0,52.0,11.885453224182129,23.759998321533203,80.3906021118164,981.2321166992188,
55.88_37.59,2022-02-21 19:00:00,0.0,-5.072765350341797,snow,0.10000000149011612,51.0,18.556594848632812,28.440000534057617,88.6500015258789,977.9278564453125,
55.88_37.59,2022-06-20 12:00:00,19.049999237060547,17.318161010742188,none,0.0,0.0,15.778515815734863,33.119998931884766,50.72639846801758,985.9789428710938,
55.88_37.59,2022-07-11 12:00:00,29.350000381469727,29.426555633544922,none,0.0,0.0,22.40692710876465,41.03999710083008,46.936561584472656,990.1422119140625,
55.88_37.6,2022-08-08 18:00:00,,,,,,,,,,
55.88_37.63,2022-01-17 13:00:00,-2.700000047683716,-9.410863876342773,snow,0.20000000298023224,54.000003814697266,27.475807189941406,46.439998626708984,88.7410888671875,968.1153564453125,
55.88_37.63,2022-05-27 12:00:00,13.600000381469727,10.047826766967773,rain,0.10000000149011612,0.0,20.17606544494629,41.03999710083008,67.29039764404297,978.877685546875,
55.88_37.64,2022-04-09 12:00:00,8.5,4.4080352783203125,none,0.0,26.0,15.62997055053711,34.91999816894531,63.20011520385742,985.7678833007812,
55.88_37.64,2022-04-15 14:00:00,9.300000190734863,5.7881927490234375,none,0.0,2.0,10.495713233947754,21.959999084472656,55.73600769042969,995.6581420898438,
55.88_37.64,2022-05-12 22:00:00,12.949999809265137,8.708821296691895,rain,0.10000000149011612,0.0,29.98607635498047,55.07999801635742,84.50463104248047,975.8120727539062,
55.88_37.64,2022-06-09 09:00:00,22.149999618530273,22.360116958618164,none,0.0,0.0,3.7064266204833984,14.039999961853027,45.58282470703125,996.4373168945312,
55.88_37.65,2022-03-05 16:00:00,-2.0,-7.622257232666016,none,0.0,47.0,19.09358024597168,38.519996643066406,76.96280670166016,998.9593505859375,
55.88_37.65,2022-04-29 14:00:00,8.399999618530273,3.311218738555908,rain,0.10000000149011612,0.0,17.727943420410156,36.0,43.058895111083984,1005.2448120117188,
55.88_37.65,2022-05-11 21:00:00,10.25,6.693187713623047,none,0.0,0.0,9.931041717529297,17.639999389648438,49.36197280883789,990.3662719726562,
55.88_37.65,2022-05-25 10:00:00,8.600000381469727,4.789949417114258,none,0.0,0.0,10.63676643371582,25.559999465942383,51.28057098388672,997.3623046875,
55.88_37.66,2022-01-17 19:00:00,-2.0999999046325684,-8.195072174072266,snow,0.20000000298023224,54.000003814697266,23.993398666381836,41.03999710083008,90.80593872070312,965.7828979492188,
55.88_37.66,2022-03-27 00:00:00,-0.800000011920929,-6.97926664352417,none,0.0,27.000001907348633,24.363250732421875,43.19999694824219,81.01602935791016,973.3461303710938,
55.88_37.66,2022-04-29 19:00:00,7.449999809265137,3.584601879119873,none,0.0,0.0,9.726663589477539,24.84000015258789,50.213321685791016,1003.3365478515625,
55.88_37.66,2022-05-29 18:00:00,13.75,9.630900382995605,rain,0.10000000149011612,0.0,19.25579261779785,38.880001068115234,53.80274963378906,995.373291015625,
55.88_37.67,2022-01-07 17:00:00,-7.150000095367432,-14.027552604675293,none,0.0,45.0,25.14851951599121,41.76000213623047,83.627197265625,985.48046875,
55.88_37.67,2022-02-25 21:00:00,-2.700000047683716,-8.08226203918457,none,0.0,49.0,18.08977508544922,31.68000030517578,86.43392944335938,998.91162109375,
55.88_37.67,2022-04-10 03:00:00,6.5,2.616220474243164,rain,0.4000000059604645,21.0,18.356470108032227,31.319997787475586,90.45399475097656,984.6880493164062,
55.88_37.67,2022-05-06 13:00:00,13.350000381469727,8.571249008178711,none,0.0,0.0,17.429353713989258,34.560001373291016,37.8221321105957,1009.2289428710938,
55.88_37.68,2022-02-16 07:00:00,-5.699999809265137,-11.495782852172852,none,0.0,56.0,18.77530288696289,30.96000099182129,85.78032684326172,1000.0596313476562,
55.88_37.68,2022-02-23 19:00:00,-2.200000047683716,-6.737676620483398,none,0.0,50.0,12.979984283447266,22.319997787475586,88.78522491455078,993.8588256835938,
55.88_37.68,2022-04-09 15:00:00,10.25,6.29429817199707,none,0.0,24.0,14.399999618530273,27.719999313354492,55.18994903564453,987.5330810546875,
55.88_37.68,2022-05-14 20:00:00,11.800000190734863,8.653209686279297,none,0.0,0.0,10.895576477050781,26.639999389648438,55.99018478393555,985.0753173828125,
55.88_37.68,2022-05-15 18:00:00,13.149999618530273,9.191303253173828,none,0.0,0.0,16.26785659790039,29.51999855041504,50.7041015625,985.1199951171875,
55.88_37.68,2022-06-30 09:00:00,20.549999237060547,18.01516342163086,none,0.0,0.0,13.358860969543457,28.440000534057617,43.62996292114258,1001.0108642578125,
55.88_37.69,2022-04-13 10:00:00,5.849999904632568,1.2469100952148438,none,0.0,6.0,20.364673614501953,39.23999786376953,81.34757995605469,997.6395263671875,
55.88_37.69,2022-06-09 21:00:00,21.299999237060547,20.34559440612793,none,0.0,0.0,9.387651443481445,15.119998931884766,53.0560417175293,994.0106811523438,
55.88_37.69,2022-08-04 16:00:00,29.200000762939453,28.015132904052734,none,0.0,0.0,8.089993476867676,16.559999465942383,30.20256805419922,1003.1261596679688,
55.88_37.7,2022-03-19 17:00:00,3.450000047683716,-0.29577159881591797,none,0.0,44.0,8.5873384475708,11.879999160766602,64.57927703857422,1022.4310302734375,
55.88_37.71,2022-05-07 14:00:00,17.549999237060547,12.221681594848633,none,0.0,0.0,20.945072174072266,43.560001373291016,28.370725631713867,1004.58642578125,
55.88_37.72,2022-03-26 04:00:00,1.5,-3.278993844985962,none,0.0,30.000001907348633,17.884428024291992,30.96000099182129,87.81887817382812,987.0682983398438,
55.88_37.72,2022-04-06 07:00:00,-0.8500000238418579,-6.06633186340332,none,0.0,41.0,18.356470108032227,34.560001373291016,85.66704559326172,977.9339599609375,
55.88_37.72,2022-05-24 12:00:00,6.550000190734863,1.454538345336914,none,0.0,0.0,20.268991470336914,43.560001373291016,62.513450622558594,989.5892333984375,
55.88_37.72,2022-05-30 09:00:00,15.850000381469727,14.510793685913086,none,0.0,0.0,7.862518310546875,20.15999984741211,53.24405288696289,1000.844970703125,
55.88_37.72,2022-06-09 11:00:00,22.950000762939453,23.765504837036133,none,0.0,0.0,2.6208393573760986,12.959999084472656,41.70685577392578,994.6837158203125,
55.88_37.72,2022-08-01 03:00:00,12.949999809265137,12.184671401977539,none,0.0,0.0,6.1516828536987305,9.720000267028809,84.50463104248047,1001.158935546875,
55.88_37.73,2022-01-16 20:00:00,-6.5,-12.205436706542969,none,0.0,52.999996185302734,17.78268814086914,31.319997787475586,87.0346908569336,987.0401000976562,
55.88_37.73,2022-03-18 15:00:00,4.0,-0.7779397964477539,none,0.0,45.0,12.98497486114502,28.079999923706055,48.30209732055664,1022.845703125,
55.88_37.73,2022-03-18 20:00:00,-1.5,-5.632684230804443,none,0.0,45.0,9.178235054016113,15.119998931884766,76.46631622314453,1021.589599609375,
55.88_37.73,2022-03-29 02:00:00,0.10000000149011612,-5.655296325683594,none,0.0,31.0,22.862125396728516,41.39999771118164,85.45525360107422,971.3744506835938,
55.88_37.73,2022-04-27 20:00:00,5.400000095367432,0.6531457901000977,none,0.0,0.0,15.815435409545898,37.07999801635742,58.036991119384766,999.4534912109375,
55.88_37.73,2022-06-08 10:00:00,18.649999618530273,17.2814998626709,none,0.0,0.0,8.707237243652344,21.599998474121094,45.22335433959961,996.9930419921875,
55.88_37.73,2022-08-07 10:00:00,25.450000762939453,26.084274291992188,none,0.0,0.0,13.039753913879395,29.51999855041504,60.113258361816406,999.7905883789062,
55.89_37.38,2022-02-09 10:00:00,-2.200000047683716,-6.218748092651367,none,0.0,60.000003814697266,9.5042724609375,18.35999870300293,89.451904296875,985.4808349609375,
55.89_37.38,2022-05-12 04:00:00,6.349999904632568,3.180927276611328,none,0.0,0.0,9.359999656677246,15.84000015258789,73.45599365234375,984.4692993164062,
55.89_37.38,2022-07-12 22:00:00,17.899999618530273,17.563180923461914,none,0.0,0.0,7.56856632232666,16.919998168945312,70.45628356933594,990.8031005859375,
55.89_37.39,2022-05-11 08:00:00,11.0,6.025620460510254,none,0.0,0.0,20.19211769104004,40.31999969482422,48.68675994873047,988.1956176757812,
55.89_37.41,2022-06-10 08:00:00,20.899999618530273,21.501646041870117,none,0.0,0.0,10.703569412231445,23.03999900817871,74.74777221679688,993.2051391601562,
55.89_37.43,2022-01-16 00:00:00,-3.799999952316284,-10.024223327636719,none,0.0,52.0,22.473342895507812,36.0,81.2039794921875,979.751220703125,
55.89_37.43,2022-05-04 21:00:00,3.1500000953674316,-1.378605604171753,none,0.0,0.0,12.599998474121094,23.399999618530273,58.540733337402344,995.2493896484375,
55.89_37.43,2022-07-24 15:00:00,28.0,27.690053939819336,none,0.0,0.0,9.904906272888184,20.51999855041504,38.72108840942383,989.1349487304688,
55.89_37.44,2022-05-15 20:00:00,11.350000381469727,8.107145309448242,none,0.0,0.0,14.182354927062988,29.15999984741211,65.89106750488281,982.3995971679688,
55.89_37.44,2022-06-25 09:00:00,23.399999618530273,22.821903228759766,none,0.0,0.0,10.464797019958496,22.68000030517578,52.046653747558594,998.0138549804688,
55.89_37.48,2022-03-15 14:00:00,-0.800000011920929,-5.472168922424316,none,0.0,47.0,11.269782066345215,20.51999855041504,60.939666748046875,1011.0982666015625,
55.89_37.49,2022-02-12 19:00:00,-4.0,-9.678915977478027,none,0.0,58.999996185302734,18.430452346801758,27.35999870300293,79.63176727294922,995.291748046875,
55.89_37.49,2022-07-01 15:00:00,21.649999618530273,18.302827835083008,none,0.0,0.0,17.67302894592285,41.03999710083008,25.701740264892578,998.49560546875,
55.89_37.5,2022-01-15 15:00:00,-2.25,-9.05763053894043,snow,0.10000000149011612,54.000003814697266,27.369470596313477,46.07999801635742,79.59439086914062,971.5904541015625,
55.89_37.5,2022-02-06 08:00:00,-9.350000381469727,-14.63149356842041,snow,0.10000000149011612,61.0,13.378250122070312,21.959999084472656,87.77943420410156,981.199462890625,
55.89_37.5,2022-05-28 13:00:00,12.699999809265137,9.794570922851562,rain,0.20000000298023224,0.0,14.986553192138672,28.799999237060547,69.20195770263672,979.1795654296875,
55.89_37.5,2022-06-02 18:00:00,23.649999618530273,23.34661102294922,rain,0.10000000149011612,0.0,10.853865623474121,20.51999855041504,54.5389289855957,998.4411010742188,
55.89_37.5,2022-06-06 08:00:00,15.600000381469727,14.063667297363281,none,0.0,0.0,13.392773628234863,26.280000686645508,75.82862091064453,996.1015625,
55.89_37.5,2022-07-07 11:00:00,29.25,28.901626586914062,none,0.0,0.0,21.959999084472656,46.79999923706055,45.1530647277832,990.4072875976562,
55.89_37.51,2022-03-12 19:00:00,-2.299999952316284,-6.4717936515808105,none,0.0,49.0,10.105681419372559,16.559999465942383,86.4759521484375,1004.4044799804688,
55.89_37.51,2022-04-17 08:00:00,-0.550000011920929,-6.7251739501953125,none,0.0,2.0,22.59699058532715,39.959999084472656,67.13054656982422,1001.5332641601562,
55.89_37.52,2022-03-14 22:00:00,-3.1500000953674316,-7.957905292510986,none,0.0,47.0,13.217443466186523,24.84000015258789,81.29605865478516,1006.2990112304688,
55.89_37.53,2022-01-15 21:00:00,-3.0,-9.546923637390137,none,0.0,54.000003814697266,25.07109832763672,44.279998779296875,79.78366088867188,978.2127075195312,
55.89_37.53,2022-03-29 19:00:00,-2.549999952316284,-6.712802886962891,snow,0.10000000149011612,32.0,8.759178161621094,15.480000495910645,77.45816802978516,977.0933837890625,
55.89_37.53,2022-06-21 18:00:00,17.850000381469727,16.53129768371582,none,0.0,0.0,7.9932966232299805,18.35999870300293,57.71796417236328,980.5692138671875,
55.89_37.54,2022-01-16 22:00:00,-6.75,-12.411015510559082,none,0.0,52.999996185302734,17.47762107849121,27.35999870300293,88.7183609008789,981.0443725585938,
55.89_37.54,2022-01-18 18:00:00,-6.0,-12.064719200134277,none,0.0,54.000003814697266,20.037485122680664,32.39999771118164,81.5208740234375,988.4081420898438,
55.89_37.54,2022-02-09 16:00:00,-2.200000047683716,-6.109469413757324,none,0.0,61.0,7.952659606933594,10.079999923706055,82.98078155517578,985.3511352539062,
55.89_37.54,2022-03-06 18:00:00,-2.700000047683716,-8.14923095703125,none,0.0,48.0,16.215991973876953,27.35999870300293,66.90495300292969,986.7486572265625,
55.89_37.54,2022-04-05 15:00:00,3.3499999046325684,-2.7498161792755127,none,0.0,42.0,23.576562881469727,48.23999786376953,58.81239318847656,976.4057006835938,
55.89_37.54,2022-05-06 14:00:00,15.300000190734863,10.426390647888184,none,0.0,0.0,16.548255920410156,32.39999771118164,29.643978118896484,1003.7843627929688,
55.89_37.54,2022-06-03 10:00:00,18.600000381469727,18.988645553588867,rain,0.20000000298023224,0.0,12.31389331817627,24.119998931884766,86.48507690429688,992.1092529296875,
55.89_37.56,2022-04-06 16:00:00,1.7000000476837158,-3.987719774246216,none,0.0,40.0,20.268991470336914,36.0,63.21161651611328,978.0428466796875,
55.89_37.56,2022-05-18 17:00:00,12.699999809265137,7.611856460571289,none,0.0,0.0,24.27264976501465,43.91999816894531,52.96076583862305,991.2310791015625,
55.89_37.56,2022-07-22 18:00:00,24.5,23.143280029296875,none,0.0,0.0,12.239999771118164,28.079999923706055,43.85261535644531,993.3064575195312,
55.89_37.56,2022-07-29 18:00:00,21.600000381469727,19.655826568603516,none,0.0,0.0,14.417987823486328,25.559999465942383,49.23114013671875,995.9458618164062,
55.89_37.57,2022-05-01 17:00:00,10.550000190734863,6.182090759277344,none,0.0,0.0,13.684735298156738,27.35999870300293,42.426536560058594,998.9578857421875,
55.89_37.58,2022-03-20 14:00:00,7.150000095367432,2.892754554748535,none,0.0,43.0,12.413476943969727,28.799999237060547,51.25359344482422,1013.3756103515625,
55.89_37.59,2022-01-14 17:00:00,-1.149999976158142,-7.060105323791504,none,0.0,54.000003814697266,22.148046493530273,36.71999740600586,80.36140441894531,954.2791748046875,
55.89_37.59,2022-03-09 05:00:00,-13.449999809265137,-18.53789520263672,none,0.0,49.0,10.00903606414795,16.559999465942383,82.45260620117188,1002.4163208007812,
55.89_37.59,2022-03-16 15:00:00,-1.350000023841858,-6.145320892333984,none,0.0,46.0,10.182336807250977,18.35999870300293,48.811279296875,1017.0594482421875,
55.89_37.59,2022-03-30 10:00:00,-3.200000047683716,-8.327751159667969,none,0.0,31.0,13.441070556640625,24.84000015258789,64.48725128173828,986.107421875,
55.89_37.59,2022-05-11 14:00:00,15.5,10.961418151855469,none,0.0,0.0,23.0062255859375,43.19999694824219,39.85438919067383,989.5838012695312,
55.89_37.59,2022-07-07 23:00:00,19.799999237060547,19.336767196655273,none,0.0,0.0,11.72075080871582,23.03999900817871,68.5592269897461,994.6860961914062,
55.89_37.59,2022-07-20 19:00:00,17.649999618530273,15.095205307006836,none,0.0,0.0,18.91970443725586,30.96000099182129,63.54668426513672,985.6207885742188,
55.89_37.59,2022-07-20 21:00:00,14.600000381469727,13.29853630065918,rain,0.20000000298023224,0.0,12.64107608795166,24.119998931884766,83.02937316894531,985.7177124023438,
55.89_37.6,2022-02-14 22:00:00,-1.9500000476837158,-7.705982208251953,none,0.0,57.0,20.771093368530273,34.560001373291016,82.70123291015625,996.2559204101562,
55.89_37.6,2022-04-05 22:00:00,0.3499999940395355,-5.726217269897461,none,0.0,40.0,25.20256996154785,42.839996337890625,84.85580444335938,976.6978149414062,
55.89_37.6,2022-04-09 13:00:00,10.050000190734863,6.146302223205566,none,0.0,25.0,13.183079719543457,25.919998168945312,53.0015869140625,984.2680053710938,
55.89_37.6,2022-04-10 14:00:00,6.050000190734863,3.0542101860046387,none,0.0,19.0,9.793059349060059,22.319997787475586,82.24177551269531,988.501953125,
55.89_37.6,2022-05-17 08:00:00,7.800000190734863,3.7382326126098633,rain,0.4000000059604645,0.0,22.180206298828125,39.599998474121094,93.07323455810547,982.5823974609375,
55.89_37.6,2022-06-09 22:00:00,18.899999618530273,18.49071502685547,none,0.0,0.0,7.2805495262146,13.319999694824219,64.67158508300781,992.3605346679688,
55.89_37.61,2022-02-22 08:00:00,1.5499999523162842,-3.6284501552581787,rain,0.20000000298023224,52.0,21.749483108520508,36.0,94.41500091552734,973.1641235351562,
55.89_37.61,2022-04-12 01:00:00,1.899999976158142,-2.5008339881896973,rain,1.899999976158142,15.000000953674316,16.981164932250977,30.23999786376953,95.453369140625,991.5848999023438,
55.89_37.61,2022-05-18 15:00:00,13.149999618530273,7.9154863357543945,none,0.0,0.0,24.696102142333984,45.36000061035156,49.81520080566406,992.9746704101562,
55.89_37.61,2022-07-28 08:00:00,24.75,25.56984519958496,rain,0.5,0.0,14.799459457397461,30.23999786376953,66.75082397460938,992.8684692382812,
55.89_37.62,2022-05-11 16:00:00,16.75,11.886566162109375,none,0.0,0.0,19.25579261779785,38.519996643066406,30.728065490722656,990.0372314453125,
55.89_37.64,2022-01-13 04:00:00,-17.049999237060547,-21.26555061340332,none,0.0,51.0,2.879999876022339,12.239999771118164,81.24149322509766,999.5037841796875,
55.89_37.64,2022-02-09 01:00:00,-1.7000000476837158,-6.290602684020996,none,0.0,62.0,13.55150032043457,24.479999542236328,87.18762969970703,985.314453125,
55.89_37.64,2022-06-04 15:00:00,19.799999237060547,17.680707931518555,none,0.0,0.0,13.910168647766113,31.68000030517578,44.7754020690918,999.9096069335938,
55.89_37.64,2022-07-23 15:00:00,27.649999618530273,28.208633422851562,none,0.0,0.0,5.623379707336426,20.880001068115234,38.49659729003906,995.4334716796875,
55.89_37.64,2022-07-24 08:00:00,21.200000762939453,22.739276885986328,none,0.0,0.0,4.553679466247559,12.959999084472656,73.85195922851562,993.5762939453125,
55.89_37.65,2022-02-24 00:00:00,-2.4000000953674316,-6.328082084655762,snow,0.10000000149011612,50.0,9.007196426391602,15.480000495910645,91.80742645263672,994.6340942382812,
55.89_37.65,2022-04-15 20:00:00,5.849999904632568,2.5097122192382812,rain,0.20000000298023224,2.0,10.002559661865234,15.84000015258789,73.62738800048828,993.902099609375,
55.89_37.65,2022-06-28 09:00:00,22.850000381469727,21.758625030517578,none,0.0,0.0,15.408671379089355,33.119998931884766,55.95286560058594,1001.4168701171875,
55.89_37.66,2022-02-22 18:00:00,1.75,-4.237109184265137,none,0.0,50.0,25.068513870239258,42.47999954223633,79.60321807861328,975.86962890625,
55.89_37.66,2022-03-25 18:00:00,5.650000095367432,1.934311866760254,none,0.0,30.000001907348633,10.239453315734863,16.559999465942383,63.91046905517578,996.6798706054688,
55.89_37.66,2022-04-17 15:00:00,5.699999809265137,0.11843204498291016,none,0.0,1.0,17.974781036376953,47.15999984741211,40.51343536376953,1002.8118286132812,
55.89_37.67,2022-02-23 12:00:00,1.2999999523162842,-3.4778690338134766,none,0.0,50.0,16.39482879638672,32.39999771118164,79.82917785644531,985.7821655273438,
55.89_37.67,2022-03-07 12:00:00,-1.149999976158142,-5.8749871253967285,none,0.0,46.0,14.021525382995605,27.719999313354492,80.36140441894531,989.8046875,
55.89_37.67,2022-06-22 12:00:00,19.899999618530273,17.561738967895508,rain,0.10000000149011612,0.0,20.68355941772461,40.68000030517578,51.81603240966797,984.93798828125,
55.89_37.67,2022-06-25 12:00:00,27.5,27.09415626525879,none,0.0,0.0,12.218805313110352,27.719999313354492,36.597530364990234,999.44921875,
55.89_37.67,2022-06-25 16:00:00,28.200000762939453,27.372241973876953,none,0.0,0.0,10.58791732788086,23.399999618530273,34.326560974121094,1000.5088500976562,
55.89_37.67,2022-07-11 13:00:00,30.450000762939453,29.539024353027344,none,0.0,0.0,24.795612335205078,52.560001373291016,40.03937530517578,991.5960083007812,
55.89_37.68,2022-01-14 15:00:00,0.05000000074505806,-5.654898643493652,none,0.0,55.0,22.424270629882812,37.439998626708984,85.13494873046875,956.7460327148438,
55.89_37.68,2022-01-21 22:00:00,-7.449999809265137,-12.601544380187988,snow,0.30000001192092896,57.0,13.684735298156738,24.84000015258789,90.05128479003906,979.625732421875,
55.89_37.68,2022-02-10 04:00:00,-1.149999976158142,-5.537330627441406,none,0.0,60.000003814697266,12.979984283447266,23.03999900817871,89.87100219726562,989.0286865234375,
55.89_37.68,2022-03-04 02:00:00,-6.199999809265137,-10.920622825622559,none,0.0,47.0,11.18320083618164,19.799999237060547,86.72843933105469,992.8506469726562,
55.89_37.68,2022-03-27 20:00:00,-4.599999904632568,-11.725677490234375,none,0.0,28.0,25.570138931274414,46.439998626708984,56.47389221191406,990.5401000976562,
55.89_37.68,2022-06-12 16:00:00,24.200000762939453,22.625333786010742,none,0.0,0.0,8.699792861938477,21.959999084472656,34.47224426269531,996.4044189453125,
55.89_37.68,2022-06-18 22:00:00,15.899999618530273,14.49937629699707,none,0.0,0.0,8.089993476867676,13.319999694824219,64.22513580322266,994.8964233398438,
55.89_37.68,2022-06-25 18:00:00,27.100000381469727,24.986907958984375,none,0.0,0.0,16.57564353942871,32.03999710083008,36.60651779174805,1000.7177734375,
55.89_37.69,2022-05-06 03:00:00,4.150000095367432,-0.6132912635803223,none,0.0,0.0,13.358860969543457,21.239999771118164,50.21683883666992,1009.8557739257812,
55.89_37.69,2022-06-02 09:00:00,19.0,18.31279945373535,none,0.0,0.0,13.627795219421387,28.799999237060547,72.76126098632812,1002.8172607421875,
55.89_37.7,2022-01-16 22:00:00,-6.699999809265137,-12.770492553710938,none,0.0,52.999996185302734,20.469409942626953,34.91999816894531,90.46138763427734,984.6861572265625,
55.89_37.7,2022-03-21 23:00:00,-2.950000047683716,-7.092946529388428,none,0.0,39.0,9.360000610351562,14.399999618530273,86.08177947998047,1015.4925537109375,
55.89_37.7,2022-04-03 03:00:00,-1.4500000476837158,-7.005176544189453,snow,0.800000011920929,41.0,20.898611068725586,41.03999710083008,91.19071197509766,974.6762084960938,
55.89_37.71,2022-02-19 09:00:00,-0.8500000238418579,-6.305580139160156,none,0.0,51.0,20.991426467895508,34.91999816894531,92.92926025390625,982.9122314453125,
55.89_37.71,2022-05-02 16:00:00,13.199999809265137,8.666955947875977,none,0.0,0.0,13.378250122070312,31.319997787475586,31.646440505981445,997.441162109375,
55.89_37.71,2022-08-06 19:00:00,26.5,26.30792999267578,none,0.0,0.0,12.605141639709473,30.96000099182129,49.091697692871094,1001.159912109375,
55.89_37.72,2022-06-16 12:00:00,20.200000762939453,18.64933204650879,none,0.0,0.0,15.62997055053711,34.91999816894531,50.69258499145508,994.9315795898438,
55.89_37.73,2022-01-06 16:00:00,-2.4000000953674316,-6.9723801612854,none,0.0,45.0,13.551501274108887,22.68000030517578,92.84104919433594,975.9608764648438,
55.89_37.73,2022-01-08 04:00:00,-9.5,-15.205524444580078,none,0.0,45.0,15.30741024017334,39.599998474121094,75.03868103027344,993.7474975585938,
55.89_37.73,2022-02-05 12:00:00,-8.449999809265137,-12.052692413330078,none,0.0,61.0,2.4149534702301025,7.559999465942383,88.91339874267578,994.0527954101562,
55.8_37.3,2022-07-05 12:00:00,28.899999618530273,30.396541595458984,none,0.0,0.0,7.862518310546875,23.03999900817871,38.971923828125,996.0568237304688,
55.8_37.31,2022-05-28 11:00:00,11.149999618530273,8.413979530334473,rain,0.5,0.0,13.009902954101562,27.719999313354492,74.06139373779297,980.3609619140625,
55.8_37.31,2022-06-28 08:00:00,22.299999237060547,22.840309143066406,none,0.0,0.0,12.682018280029297,27.35999870300293,71.05525207519531,1002.43798828125,
55.8_37.31,2022-07-20 18:00:00,17.950000762939453,16.017702102661133,rain,0.5,0.0,17.068706512451172,38.15999984741211,67.29480743408203,987.7178344726562,
55.8_37.32,2022-01-29 09:00:00,-7.949999809265137,-11.737455368041992,none,0.0,56.0,4.213691711425781,7.559999465942383,92.15050506591797,986.0421752929688,
55.8_37.32,2022-02-11 09:00:00,-0.8999999761581421,-5.763651371002197,none,0.0,57.0,16.51690101623535,30.23999786376953,90.2237548828125,989.787841796875,
55.8_37.32,2022-06-01 10:00:00,20.75,21.555782318115234,none,0.0,0.0,9.826087951660156,25.559999465942383,64.44159698486328,1003.7923583984375,
55.8_37.33,2022-02-21 11:00:00,-0.05000000074505806,-5.026808738708496,none,0.0,48.0,17.33989715576172,31.68000030517578,85.12362670898438,984.6074829101562,
55.8_37.33,2022-03-27 14:00:00,-2.450000047683716,-11.70150089263916,snow,0.10000000149011612,25.0,40.01023864746094,75.95999908447266,46.952728271484375,988.6046142578125,
55.8_37.33,2022-07-13 22:00:00,16.350000381469727,15.873575210571289,none,0.0,0.0,7.636752605438232,10.799999237060547,75.70135498046875,995.0643920898438,
55.8_37.34,2022-06-09 10:00:00,22.549999237060547,22.700044631958008,none,0.0,0.0,3.8773183822631836,14.399999618530273,44.48728942871094,998.8900146484375,
55.8_37.35,2022-05-09 14:00:00,9.25,3.634699821472168,rain,0.10000000149011612,0.0,22.380884170532227,42.839996337890625,46.797916412353516,1003.7752685546875,
55.8_37.35,2022-06-27 00:00:00,20.450000762939453,21.621545791625977,none,0.0,0.0,6.379216194152832,11.519999504089355,76.11717987060547,1004.2066650390625,
55.8_37.35,2022-08-08 00:00:00,17.700000762939453,17.917001724243164,rain,0.699999988079071,0.0,13.493998527526855,27.0,91.51322174072266,1003.3870849609375,
55.8_37.38,2022-06-04 09:00:00,16.149999618530273,14.300426483154297,none,0.0,0.0,11.54247760772705,25.559999465942383,64.06499481201172,1003.04541015625,
55.8_37.38,2022-06-19 01:00:00,14.699999809265137,12.894813537597656,none,0.0,0.0,10.587918281555176,18.0,68.66959381103516,995.233642578125,
55.8_37.38,2022-07-01 18:00:00,21.0,16.602323532104492,none,0.0,0.0,17.0725040435791,37.07999801635742,27.133079528808594,1001.2360229492188,
55.8_37.39,2022-01-22 11:00:00,-4.949999809265137,-10.560226440429688,snow,0.20000000298023224,55.0,18.398780822753906,34.20000076293945,89.9049072265625,984.9696655273438,
55.8_37.39,2022-02-17 15:00:00,1.850000023841858,-5.070827960968018,none,0.0,52.999996185302734,33.5322151184082,59.39999771118164,91.41666412353516,974.813720703125,
55.8_37.39,2022-03-31 22:00:00,-0.25,-3.701956033706665,snow,0.10000000149011612,30.000001907348633,8.121970176696777,15.119998931884766,95.02645111083984,991.3346557617188,
55.8_37.39,2022-04-23 15:00:00,14.899999618530273,12.211591720581055,none,0.0,0.0,7.235910415649414,19.440000534057617,44.47293472290039,996.8187866210938,
55.8_37.4,2022-03-03 15:00:00,4.099999904632568,0.6482086181640625,none,0.0,45.0,4.553679466247559,9.720000267028809,51.35609436035156,991.2491455078125,
55.8_37.4,2022-06-19 21:00:00,19.200000762939453,17.079620361328125,none,0.0,0.0,17.283748626708984,32.39999771118164,60.20800018310547,987.9566040039062,
55.8_37.4,2022-07-12 09:00:00,19.700000762939453,18.8961238861084,rain,3.0999999046325684,0.0,22.932876586914062,46.439998626708984,85.23287963867188,989.7550048828125,
55.8_37.41,2022-02-10 13:00:00,0.5,-4.037492752075195,snow,0.20000000298023224,58.999996185302734,15.716793060302734,28.440000534057617,90.99262237548828,984.5985107421875,
55.8_37.41,2022-02-10 18:00:00,-0.699999988079071,-5.600686073303223,none,0.0,58.0,16.235960006713867,27.719999313354492,85.04967498779297,988.2702026367188,
55.8_37.41,2022-06-23 16:00:00,23.549999237060547,21.737939834594727,none,0.0,0.0,12.768586158752441,28.440000534057617,35.48103713989258,994.4398803710938,
55.8_37.41,2022-08-01 16:00:00,24.200000762939453,22.23178482055664,none,0.0,0.0,10.685391426086426,23.03999900817871,36.646881103515625,998.9652709960938,
55.8_37.42,2022-07-02 16:00:00,25.200000762939453,22.84809684753418,none,0.0,0.0,11.96695327758789,26.639999389648438,26.86235809326172,1004.1472778320312,
55.8_37.42,2022-07-09 13:00:00,25.149999618530273,25.48895835876465,rain,0.10000000149011612,0.0,7.559999465942383,20.15999984741211,43.743473052978516,998.6473388671875,
55.8_37.47,2022-01-22 18:00:00,-4.900000095367432,-9.556985855102539,snow,0.10000000149011612,58.0,11.96695327758789,17.639999389648438,90.59844970703125,990.3805541992188,
55.8_37.47,2022-05-21 14:00:00,13.100000381469727,9.949506759643555,none,0.0,0.0,6.569382667541504,17.639999389648438,39.29372024536133,990.4007568359375,
55.8_37.47,2022-07-05 20:00:00,24.049999237060547,25.357221603393555,none,0.0,0.0,6.696386814117432,29.51999855041504,62.916343688964844,996.6148681640625,
55.8_37.48,2022-01-23 14:00:00,-4.650000095367432,-8.574932098388672,none,0.0,57.0,6.877789497375488,14.039999961853027,88.22881317138672,1007.6944580078125,
55.8_37.48,2022-02-22 07:00:00,1.600000023841858,-3.306044816970825,rain,0.30000001192092896,52.999996185302734,19.881649017333984,28.440000534057617,94.0776596069336,973.0697631835938,
55.8_37.48,2022-04-18 12:00:00,8.199999809265137,4.249123573303223,none,0.0,3.0,14.799459457397461,31.68000030517578,47.1881217956543,1000.0997314453125,
55.8_37.49,2022-03-02 18:00:00,-3.6500000953674316,-8.267454147338867,none,0.0,49.0,11.252518653869629,12.959999084472656,78.47173309326172,999.9234008789062,
55.8_37.49,2022-06-17 12:00:00,16.899999618530273,16.2910213470459,rain,0.10000000149011612,0.0,8.654986381530762,37.07999801635742,73.34288024902344,993.9500732421875,
55.8_37.49,2022-07-28 22:00:00,19.25,19.740407943725586,none,0.0,0.0,13.183079719543457,21.959999084472656,86.00060272216797,994.3626098632812,
55.8_37.5,2022-03-05 14:00:00,-1.2000000476837158,-7.414491653442383,none,0.0,48.0,23.26669692993164,42.839996337890625,73.3993911743164,996.525146484375,
55.8_37.5,2022-03-11 13:00:00,-3.299999952316284,-7.715357303619385,none,0.0,49.0,8.049844741821289,14.75999927520752,60.53929138183594,1011.345703125,
55.8_37.5,2022-05-04 20:00:00,3.1500000953674316,-1.378605604171753,none,0.0,0.0,12.599998474121094,23.399999618530273,58.540733337402344,997.4581909179688,
55.8_37.5,2022-06-10 15:00:00,25.700000762939453,23.709575653076172,none,0.0,0.0,15.79083251953125,31.319997787475586,35.1329231262207,994.9514770507812,
55.8_37.5,2022-07-04 14:00:00,28.899999618530273,30.02402114868164,none,0.0,0.0,8.766572952270508,23.399999618530273,38.217750549316406,996.6461791992188,
55.8_37.5,2022-07-20 14:00:00,20.5,18.758819580078125,rain,0.10000000149011612,0.0,12.031756401062012,28.440000534057617,50.26519012451172,986.2698974609375,
55.8_37.5,2022-08-08 19:00:00,,,,,,,,,,
55.8_37.51,2022-03-05 09:00:00,-2.3499999046325684,-8.493599891662598,snow,0.10000000149011612,48.0,23.828083038330078,34.20000076293945,88.43994903564453,995.7197875976562,
55.8_37.51,2022-03-15 12:00:00,-1.5,-5.999642372131348,none,0.0,47.0,11.50311279296875,18.719999313354492,68.47503662109375,1015.420166015625,
55.8_37.51,2022-04-03 16:00:00,0.949999988079071,-4.180294990539551,none,0.0,43.0,15.256525993347168,27.719999313354492,59.084903717041016,978.5557250976562,
55.8_37.51,2022-05-05 19:00:00,8.899999618530273,6.649796485900879,none,0.0,0.0,3.545588731765747,15.84000015258789,63.51900100708008,1005.1487426757812,
55.8_37.51,2022-05-31 13:00:00,15.75,14.44692611694336,rain,0.6000000238418579,0.0,14.88241958618164,33.119998931884766,82.35491180419922,1000.0718383789062,
55.8_37.51,2022-07-26 11:00:00,26.350000381469727,28.978469848632812,rain,0.10000000149011612,0.0,9.199390411376953,23.399999618530273,63.61941146850586,989.8831176757812,
55.8_37.51,2022-07-29 21:00:00,18.149999618530273,17.35755157470703,none,0.0,0.0,9.470120429992676,14.399999618530273,66.89397430419922,999.22119140625,
55.8_37.52,2022-01-10 18:00:00,-7.25,-13.54552173614502,snow,0.20000000298023224,50.0,21.413190841674805,28.799999237060547,87.2981948852539,997.1101684570312,
55.8_37.52,2022-02-01 07:00:00,-2.049999952316284,-7.07366943359375,none,0.0,62.0,17.208602905273438,22.319997787475586,94.95368194580078,972.1644897460938,
55.8_37.52,2022-03-21 23:00:00,-2.950000047683716,-6.802076816558838,none,0.0,41.0,7.289444923400879,11.519999504089355,85.43347930908203,1014.5081787109375,
55.8_37.52,2022-07-11 18:00:00,28.899999618530273,27.518829345703125,none,0.0,0.0,20.873790740966797,49.31999969482422,42.804847717285156,991.3826293945312,
55.8_37.53,2022-01-03 22:00:00,-8.449999809265137,-13.333597183227539,none,0.0,40.0,11.252518653869629,15.84000015258789,89.61687469482422,979.0001220703125,
55.8_37.53,2022-03-15 09:00:00,-6.199999809265137,-10.463675498962402,none,0.0,47.0,8.049844741821289,15.84000015258789,86.72843933105469,1014.0006713867188,
55.8_37.53,2022-04-26 09:00:00,13.100000381469727,11.036237716674805,none,0.0,0.0,9.885261535644531,20.880001068115234,69.28237915039062,986.1470947265625,
55.8_37.53,2022-05-04 19:00:00,4.25,-0.48171043395996094,none,0.0,0.0,14.277982711791992,31.319997787475586,55.621498107910156,995.7993774414062,
55.8_37.53,2022-06-04 21:00:00,13.25,11.929628372192383,none,0.0,0.0,7.729526996612549,11.159998893737793,76.7210922241211,998.2584838867188,
55.8_37.53,2022-06-17 08:00:00,18.549999237060547,16.660228729248047,none,0.0,0.0,12.287554740905762,24.479999542236328,55.98396301269531,994.3883056640625,
55.8_37.53,2022-07-15 19:00:00,19.350000381469727,17.397310256958008,none,0.0,0.0,13.004920959472656,28.079999923706055,53.79602813720703,988.6254272460938,
55.8_37.53,2022-07-19 13:00:00,19.700000762939453,16.753053665161133,none,0.0,0.0,21.794126510620117,41.76000213623047,53.3486442565918,994.3638916015625,
55.8_37.54,2022-02-08 21:00:00,-1.0499999523162842,-6.077485084533691,none,0.0,62.0,17.414474487304688,25.19999885559082,89.54679870605469,985.5120239257812,
55.8_37.54,2022-02-19 14:00:00,0.699999988079071,-7.966094493865967,snow,0.4000000059604645,52.999996185302734,43.63134765625,57.959999084472656,87.10359954833984,975.4716186523438,
55.8_37.54,2022-02-22 16:00:00,2.6500000953674316,-3.184995412826538,none,0.0,52.0,24.269983291625977,34.91999816894531,76.04114532470703,976.0847778320312,
55.8_37.54,2022-05-16 10:00:00,12.0,7.220446586608887,none,0.0,0.0,24.162946701049805,43.19999694824219,54.289451599121094,985.0905151367188,
55.8_37.54,2022-05-24 22:00:00,5.900000095367432,1.9310555458068848,none,0.0,0.0,10.390226364135742,19.799999237060547,55.64888000488281,992.9945068359375,
55.8_37.54,2022-06-28 10:00:00,23.799999237060547,22.76190757751465,none,0.0,0.0,16.595178604125977,32.03999710083008,50.476295471191406,1001.591552734375,
55.8_37.54,2022-07-01 22:00:00,13.949999809265137,11.58308219909668,none,0.0,0.0,7.1003098487854,10.440000534057617,52.738826751708984,1002.5233154296875,
55.8_37.54,2022-08-12 13:00:00,,,,,,,,,,
55.8_37.55,2022-03-20 17:00:00,3.3499999046325684,-0.7246873378753662,none,0.0,44.0,11.43531322479248,16.919998168945312,68.23646545410156,1012.185546875,
55.8_37.55,2022-03-27 08:00:00,-3.25,-12.200753211975098,snow,0.10000000149011612,30.000001907348633,39.12257385253906,63.0,60.077022552490234,976.2293701171875,
55.8_37.55,2022-05-08 22:00:00,9.800000190734863,7.384145736694336,none,0.0,0.0,13.513193130493164,21.239999771118164,90.38343811035156,995.9317016601562,
55.8_37.55,2022-05-20 15:00:00,11.75,9.112128257751465,none,0.0,0.0,4.452953815460205,21.599998474121094,33.15475845336914,996.5735473632812,
55.8_37.55,2022-05-30 13:00:00,18.25,18.04877471923828,none,0.0,0.0,6.6380720138549805,20.15999984741211,43.57840347290039,1000.0498046875,
55.8_37.55,2022-05-31 09:00:00,13.350000381469727,11.474422454833984,rain,0.30000001192092896,0.0,16.363178253173828,27.0,89.44757080078125,1000.2568359375,
55.8_37.55,2022-06-19 09:00:00,20.799999237060547,17.068389892578125,none,0.0,0.0,26.980792999267578,43.91999816894531,52.22679901123047,988.6924438476562,
55.8_37.55,2022-07-01 14:00:00,21.200000762939453,17.73307991027832,none,0.0,0.0,22.039527893066406,40.31999969482422,29.93234634399414,998.6143798828125,
55.8_37.55,2022-07-06 18:00:00,28.75,27.685476303100586,none,0.0,0.0,15.072783470153809,25.559999465942383,39.312191009521484,993.5657348632812,
55.8_37.55,2022-07-15 17:00:00,22.25,18.932514190673828,none,0.0,0.0,21.971799850463867,39.959999084472656,44.40376281738281,987.7134399414062,
55.8_37.56,2022-02-07 14:00:00,-1.4500000476837158,-7.265122413635254,snow,0.10000000149011612,63.0,22.505037307739258,31.319997787475586,89.84707641601562,979.7735595703125,
55.8_37.56,2022-03-22 10:00:00,2.450000047683716,-2.0462846755981445,none,0.0,42.0,15.188414573669434,24.119998931884766,77.69544982910156,1011.3234252929688,
55.8_37.56,2022-03-27 19:00:00,-4.650000095367432,-11.9389066696167,none,0.0,30.000001907348633,26.712873458862305,42.839996337890625,56.914852142333984,987.9471435546875,
55.8_37.56,2022-07-11 16:00:00,29.25,25.53656005859375,none,0.0,0.0,31.470672607421875,59.7599983215332,36.366729736328125,989.409423828125,
55.8_37.56,2022-07-26 16:00:00,25.899999618530273,26.69654083251953,none,0.0,0.0,14.332341194152832,27.35999870300293,61.55921173095703,989.1498413085938,
55.8_37.56,2022-08-12 18:00:00,,,,,,,,,,
55.8_37.57,2022-02-24 21:00:00,-4.300000190734863,-9.376911163330078,none,0.0,52.0,14.812589645385742,20.51999855041504,86.26392364501953,1001.3208618164062,
55.8_37.58,2022-04-20 10:00:00,10.300000190734863,4.412592887878418,none,0.0,1.0,26.67403221130371,44.279998779296875,51.74967956542969,996.110107421875,
55.8_37.58,2022-04-25 00:00:00,8.550000190734863,6.720391273498535,rain,0.10000000149011612,0.0,8.70723819732666,14.75999927520752,95.36067962646484,989.9967651367188,
55.8_37.58,2022-05-25 23:00:00,8.649999618530273,6.321111679077148,none,0.0,0.0,7.695919990539551,11.519999504089355,78.11685943603516,992.42041015625,
55.8_37.58,2022-07-30 11:00:00,20.799999237060547,19.483829498291016,none,0.0,0.0,13.493998527526855,27.0,47.55550003051758,999.5471801757812,
55.8_37.6,2022-02-11 13:00:00,0.4000000059604645,-4.488400459289551,none,0.0,61.0,16.41852569580078,23.759998321533203,80.28816223144531,986.5996704101562,
55.8_37.6,2022-03-13 01:00:00,-6.150000095367432,-10.375862121582031,none,0.0,50.0,8.396570205688477,10.440000534057617,92.9778823852539,1006.52978515625,
55.8_37.6,2022-04-11 10:00:00,3.8499999046325684,-0.45090436935424805,rain,1.7000000476837158,25.0,17.298738479614258,27.0,88.3504409790039,989.7207641601562,
55.8_37.6,2022-04-26 12:00:00,14.449999809265137,11.84254264831543,none,0.0,0.0,12.287554740905762,24.119998931884766,60.08651351928711,986.842529296875,
55.8_37.6,2022-05-26 19:00:00,14.600000381469727,12.560850143432617,rain,0.699999988079071,0.0,10.315114974975586,22.319997787475586,64.37059783935547,982.3477783203125,
55.8_37.6,2022-08-12 14:00:00,,,,,,,,,,
55.8_37.61,2022-03-08 18:00:00,-6.199999809265137,-11.510501861572266,snow,0.10000000149011612,51.0,14.689587593078613,21.599998474121094,80.85829162597656,999.229248046875,
55.8_37.61,2022-04-10 19:00:00,6.099999904632568,3.368379592895508,none,0.0,25.0,5.483356475830078,8.640000343322754,70.82633209228516,990.7826538085938,
55.8_37.61,2022-05-31 16:00:00,17.950000762939453,16.346282958984375,none,0.0,0.0,15.58430004119873,35.279998779296875,68.8642349243164,1000.9234619140625,
55.8_37.62,2022-01-21 08:00:00,-4.199999809265137,-10.437207221984863,none,0.0,55.0,23.233253479003906,31.68000030517578,89.965087890625,978.068115234375,
55.8_37.62,2022-03-13 01:00:00,-6.150000095367432,-10.375862121582031,none,0.0,50.0,8.396570205688477,10.440000534057617,92.9778823852539,1005.5042114257812,
55.8_37.62,2022-06-11 19:00:00,22.049999237060547,20.407991409301758,none,0.0,0.0,13.783817291259766,22.68000030517578,50.17750549316406,995.1484375,
55.8_37.62,2022-06-13 00:00:00,16.350000381469727,13.566938400268555,none,0.0,0.0,10.233122825622559,17.280000686645508,45.83759689331055,993.5023193359375,
55.8_37.63,2022-06-12 23:00:00,16.25,13.141624450683594,none,0.0,0.0,11.090103149414062,19.799999237060547,43.00725555419922,994.412353515625,
55.8_37.63,2022-06-15 22:00:00,14.399999618530273,11.815109252929688,none,0.0,0.0,16.119800567626953,29.51999855041504,70.48603057861328,991.8992309570312,
55.8_37.64,2022-03-09 19:00:00,-10.300000190734863,-16.06167984008789,none,0.0,50.0,14.98222827911377,25.19999885559082,69.2818603515625,1008.4845581054688,
55.8_37.64,2022-05-29 19:00:00,13.199999809265137,10.027029037475586,rain,0.20000000298023224,0.0,13.556282043457031,37.07999801635742,57.94401550292969,993.5066528320312,
55.8_37.64,2022-07-10 16:00:00,29.200000762939453,26.351179122924805,none,0.0,0.0,20.188907623291016,48.599998474121094,30.91739845275879,989.9049682617188,
55.8_37.64,2022-07-15 16:00:00,22.899999618530273,19.19744873046875,none,0.0,0.0,23.03156089782715,43.91999816894531,40.30994415283203,988.6618041992188,
55.8_37.64,2022-07-17 23:00:00,15.449999809265137,14.50314712524414,none,0.0,0.0,5.447788238525391,9.720000267028809,67.22295379638672,995.9134521484375,
55.8_37.66,2022-03-24 00:00:00,-4.199999809265137,-8.120104789733887,none,0.0,34.0,6.915374279022217,9.720000267028809,85.94591522216797,999.4168090820312,
55.8_37.66,2022-04-24 03:00:00,5.900000095367432,3.0998401641845703,none,0.0,0.0,9.178235054016113,15.480000495910645,86.3819351196289,993.6168212890625,
55.8_37.7,2022-03-24 08:00:00,0.4000000059604645,-2.6906871795654297,none,0.0,34.0,4.452953815460205,14.039999961853027,82.69931030273438,999.618408203125,
55.8_37.7,2022-04-11 14:00:00,5.099999904632568,1.3487005233764648,rain,0.10000000149011612,15.000000953674316,14.843179702758789,29.8799991607666,87.22028350830078,991.7633056640625,
55.8_37.7,2022-05-18 09:00:00,11.300000190734863,7.721187591552734,none,0.0,0.0,15.978486061096191,32.03999710083008,64.5183334350586,995.4384155273438,
55.8_37.7,2022-08-05 15:00:00,30.049999237060547,28.75497817993164,none,0.0,0.0,10.538843154907227,21.239999771118164,30.436738967895508,1004.9896240234375,
55.8_37.71,2022-01-05 19:00:00,-8.300000190734863,-13.962037086486816,none,0.0,45.0,16.700275421142578,26.639999389648438,89.98267364501953,973.9183959960938,
55.8_37.71,2022-02-02 14:00:00,-3.6500000953674316,-8.59960651397705,none,0.0,61.0,14.081477165222168,31.68000030517578,83.42601013183594,987.709716796875,
55.8_37.71,2022-02-18 19:00:00,-0.550000011920929,-4.965930938720703,none,0.0,52.0,12.313894271850586,21.959999084472656,79.85022735595703,978.8345336914062,
55.8_37.71,2022-02-21 19:00:00,0.25,-4.944967269897461,snow,0.10000000149011612,51.0,19.586116790771484,31.68000030517578,88.3472900390625,982.3661499023438,
55.8_37.71,2022-03-26 10:00:00,4.25,-1.498046636581421,rain,0.20000000298023224,29.0,26.280000686645508,46.07999801635742,81.12853240966797,978.8709716796875,
55.8_37.71,2022-04-06 14:00:00,2.25,-2.133878707885742,none,0.0,39.0,16.119800567626953,28.799999237060547,58.749839782714844,983.7010498046875,
55.8_37.71,2022-04-26 15:00:00,15.350000381469727,12.333070755004883,none,0.0,0.0,13.755579948425293,28.440000534057617,53.48013687133789,988.981689453125,
55.8_37.71,2022-04-28 13:00:00,6.650000095367432,3.1035499572753906,none,0.0,0.0,5.091168403625488,16.559999465942383,42.538944244384766,1006.3809204101562,
55.8_37.71,2022-05-30 16:00:00,19.100000381469727,16.684123992919922,none,0.0,0.0,8.759178161621094,20.15999984741211,37.22130584716797,1002.490966796875,
55.8_37.71,2022-05-31 11:00:00,14.300000190734863,12.403985977172852,rain,0.30000001192092896,0.0,17.595861434936523,32.39999771118164,86.9148941040039,1002.8345336914062,
55.8_37.71,2022-06-25 16:00:00,28.549999237060547,27.04483413696289,none,0.0,0.0,11.885453224182129,23.399999618530273,33.080955505371094,1001.05419921875,
55.8_37.71,2022-07-06 17:00:00,28.450000762939453,27.834556579589844,none,0.0,0.0,12.599998474121094,25.19999885559082,40.658180236816406,996.0175170898438,
55.8_37.71,2022-07-13 12:00:00,24.0,23.01298713684082,none,0.0,0.0,17.068706512451172,34.20000076293945,48.424312591552734,995.9016723632812,
55.8_37.72,2022-01-05 14:00:00,-8.800000190734863,-15.037116050720215,snow,1.399999976158142,42.0,20.26579475402832,43.19999694824219,88.53123474121094,976.309814453125,
55.8_37.72,2022-05-24 15:00:00,8.199999809265137,2.8437929153442383,none,0.0,0.0,19.995399475097656,39.959999084472656,47.890846252441406,991.39794921875,
55.8_37.73,2022-03-01 09:00:00,-9.699999809265137,-14.246313095092773,none,0.0,47.0,8.089993476867676,12.239999771118164,86.70027160644531,1015.0028686523438,
55.8_37.73,2022-03-13 01:00:00,-5.949999809265137,-9.895248413085938,none,0.0,48.0,6.439876079559326,10.440000534057617,91.21867370605469,1008.37255859375,
55.8_37.75,2022-04-22 16:00:00,11.350000381469727,9.50857162475586,none,0.0,0.0,3.219938039779663,10.440000534057617,61.664737701416016,1002.2811279296875,
55.8_37.75,2022-05-06 19:00:00,12.75,8.481173515319824,none,0.0,0.0,15.408671379089355,27.0,43.538841247558594,1008.14306640625,
55.8_37.75,2022-05-26 22:00:00,11.25,9.059138298034668,rain,1.7000000476837158,0.0,14.843179702758789,25.559999465942383,91.09607696533203,981.2274780273438,
55.8_37.75,2022-06-27 21:00:00,24.899999618530273,24.72292709350586,none,0.0,0.0,11.609650611877441,19.079999923706055,52.77483367919922,1000.5928955078125,
55.8_37.75,2022-07-20 13:00:00,16.200000762939453,15.64668083190918,rain,4.099999904632568,0.0,10.086426734924316,24.479999542236328,80.81160736083984,987.994873046875,
55.8_37.75,2022-07-29 03:00:00,16.450000762939453,15.270885467529297,none,0.0,0.0,14.843179702758789,27.35999870300293,80.58154296875,997.819580078125,
55.8_37.76,2022-06-23 16:00:00,23.399999618530273,20.93538475036621,none,0.0,0.0,13.661038398742676,27.35999870300293,37.551700592041016,994.33251953125,
55.8_37.77,2022-05-01 16:00:00,11.550000190734863,6.848231315612793,none,0.0,0.0,14.707221984863281,30.599998474121094,35.79694366455078,1001.2155151367188,
55.8_37.77,2022-06-07 13:00:00,18.75,16.650737762451172,none,0.0,0.0,11.983187675476074,26.639999389648438,40.794612884521484,999.2626342773438,
55.8_37.77,2022-06-12 17:00:00,23.649999618530273,21.761930465698242,none,0.0,0.0,10.137691497802734,20.15999984741211,37.878562927246094,993.9578247070312,
55.8_37.77,2022-06-17 11:00:00,17.299999237060547,16.1093807220459,rain,0.4000000059604645,0.0,11.65977668762207,44.63999557495117,69.41910552978516,994.4422607421875,
55.8_37.79,2022-03-01 15:00:00,0.800000011920929,-2.2895355224609375,none,0.0,46.0,3.054701328277588,8.279999732971191,71.3356704711914,1012.0985717773438,
55.8_37.79,2022-03-04 19:00:00,-2.1500000953674316,-7.1481757164001465,none,0.0,46.0,15.89309310913086,29.15999984741211,86.49166107177734,992.4994506835938,
55.8_37.79,2022-04-14 20:00:00,4.75,1.1936297416687012,none,0.0,1.0,8.647496223449707,15.119998931884766,65.59603118896484,998.6995849609375,
55.8_37.8,2022-01-27 20:00:00,-10.350000381469727,-16.292404174804688,none,0.0,58.999996185302734,17.518356323242188,28.079999923706055,89.09793090820312,990.2505493164062,
55.8_37.8,2022-02-20 18:00:00,-0.44999998807907104,-5.745954513549805,none,0.0,50.0,17.462783813476562,29.8799991607666,72.98865509033203,981.515869140625,
55.8_37.8,2022-03-13 18:00:00,-0.15000000596046448,-5.141940593719482,none,0.0,46.0,16.559999465942383,27.719999313354492,79.61271667480469,1003.772705078125,
55.8_37.8,2022-06-16 17:00:00,21.0,17.313823699951172,none,0.0,0.0,17.283748626708984,32.39999771118164,35.73276138305664,992.87646484375,
55.8_37.8,2022-06-17 13:00:00,18.200000762939453,15.969964981079102,rain,0.6000000238418579,0.0,18.356470108032227,36.0,64.73222351074219,992.9286499023438,
55.8_37.8,2022-06-28 18:00:00,23.850000381469727,20.427278518676758,none,0.0,0.0,15.617528915405273,30.599998474121094,30.25837516784668,1000.9710693359375,
55.8_37.81,2022-03-23 09:00:00,0.10000000149011612,-3.4660069942474365,none,0.0,36.0,7.172948837280273,16.559999465942383,80.8424072265625,1006.5809326171875,
55.8_37.81,2022-05-20 16:00:00,12.25,9.571712493896484,none,0.0,0.0,5.411986351013184,16.559999465942383,35.475868225097656,995.903076171875,
55.8_37.81,2022-05-25 21:00:00,9.350000381469727,6.777446746826172,none,0.0,0.0,7.754636764526367,23.399999618530273,68.75808715820312,991.4929809570312,
55.8_37.81,2022-07-03 07:00:00,21.450000762939453,21.74427604675293,none,0.0,0.0,10.483357429504395,23.399999618530273,68.44534301757812,995.5645751953125,
55.8_37.81,2022-07-03 17:00:00,28.600000381469727,27.352783203125,none,0.0,0.0,7.091177463531494,18.0,29.735370635986328,994.3690185546875,
55.8_37.82,2022-03-20 14:00:00,7.949999809265137,3.467710494995117,none,0.0,42.0,14.707221984863281,33.839996337890625,51.47634506225586,1013.8284301757812,
55.8_37.82,2022-05-24 12:00:00,6.800000190734863,1.4528427124023438,rain,0.10000000149011612,0.0,22.206485748291016,50.7599983215332,62.346778869628906,986.70263671875,
55.8_37.84,2022-03-27 11:00:00,-3.8499999046325684,-12.300487518310547,snow,0.10000000149011612,27.000001907348633,35.58359146118164,72.36000061035156,61.846961975097656,977.6941528320312,
55.8_37.84,2022-04-04 17:00:00,2.0,-1.6627802848815918,none,0.0,40.0,4.680000305175781,16.19999885559082,51.74430465698242,982.6602783203125,
55.8_37.84,2022-05-27 23:00:00,8.25,5.850385665893555,none,0.0,0.0,11.43531322479248,21.599998474121094,92.77926635742188,979.7060546875,
55.8_37.84,2022-05-30 17:00:00,18.549999237060547,16.074552536010742,none,0.0,0.0,8.049844741821289,18.719999313354492,39.75469970703125,999.4031372070312,
55.91_37.39,2022-03-05 21:00:00,-3.950000047683716,-8.872491836547852,none,0.0,46.0,13.684735298156738,26.639999389648438,83.38787078857422,994.8763427734375,
55.91_37.39,2022-05-25 13:00:00,9.449999809265137,5.844969749450684,none,0.0,0.0,9.686609268188477,23.399999618530273,50.0399284362793,992.67578125,
55.91_37.4,2022-07-07 17:00:00,27.450000762939453,27.084182739257812,rain,0.4000000059604645,0.0,18.289274215698242,39.599998474121094,51.593196868896484,990.0768432617188,
55.91_37.41,2022-02-19 03:00:00,-1.0,-6.020139694213867,none,0.0,51.0,17.819089889526367,28.079999923706055,92.57881164550781,977.9495239257812,
55.91_37.41,2022-05-07 15:00:00,17.549999237060547,12.305498123168945,none,0.0,0.0,20.124610900878906,46.07999801635742,27.85629653930664,1001.1226196289062,
55.91_37.41,2022-07-27 15:00:00,30.200000762939453,30.12592315673828,none,0.0,0.0,11.901798248291016,25.559999465942383,39.71416091918945,989.2027587890625,
55.91_37.42,2022-06-27 12:00:00,30.149999618530273,32.05421447753906,none,0.0,0.0,13.513193130493164,30.599998474121094,47.74732208251953,998.5450439453125,
55.91_37.53,2022-01-18 18:00:00,-6.0,-12.064719200134277,none,0.0,54.000003814697266,20.037485122680664,32.39999771118164,81.5208740234375,988.03076171875,
55.91_37.53,2022-02-07 22:00:00,-1.2999999523162842,-6.292891979217529,snow,0.5,63.0,17.447933197021484,27.719999313354492,93.24771118164062,979.58984375,
55.91_37.53,2022-03-07 12:00:00,-0.949999988079071,-5.436989784240723,none,0.0,48.0,12.229406356811523,24.119998931884766,78.0137939453125,986.9768676757812,
55.91_37.53,2022-03-29 13:00:00,-0.6000000238418579,-5.473964691162109,none,0.0,32.0,13.746155738830566,26.639999389648438,67.89051818847656,974.9024658203125,
55.91_37.54,2022-01-25 23:00:00,-9.25,-14.066643714904785,snow,0.4000000059604645,57.0,10.446206092834473,15.84000015258789,90.6204605102539,990.0137329101562,
55.91_37.54,2022-03-18 16:00:00,3.299999952316284,-0.6332356929779053,none,0.0,46.0,8.161764144897461,20.15999984741211,55.9955940246582,1017.9828491210938,
55.91_37.54,2022-04-03 02:00:00,-1.0,-6.78066873550415,snow,0.4000000059604645,41.0,22.89611053466797,38.519996643066406,91.55956268310547,969.6491088867188,
55.91_37.54,2022-06-16 18:00:00,19.100000381469727,16.426315307617188,rain,0.30000001192092896,0.0,14.658676147460938,31.319997787475586,48.38764953613281,990.4568481445312,
55.91_37.54,2022-08-11 19:00:00,,,,,,,,,,
55.91_37.55,2022-04-09 18:00:00,8.800000190734863,5.210050582885742,none,0.0,27.000001907348633,13.104198455810547,27.719999313354492,65.32698822021484,981.4930419921875,
55.91_37.55,2022-06-01 15:00:00,22.200000762939453,20.94285774230957,rain,0.10000000149011612,0.0,16.78156089782715,26.280000686645508,53.99335479736328,999.0302734375,
55.91_37.55,2022-06-21 09:00:00,15.800000190734863,15.392499923706055,none,0.0,0.0,2.9024126529693604,10.440000534057617,68.43214416503906,980.553955078125,
55.91_37.55,2022-07-16 13:00:00,21.399999618530273,19.84452247619629,none,0.0,0.0,14.843179702758789,33.119998931884766,50.3379020690918,990.5755615234375,
55.91_37.56,2022-01-14 08:00:00,1.2999999523162842,-4.974301338195801,snow,0.8999999761581421,56.0,28.13763427734375,43.560001373291016,89.08710479736328,960.2454223632812,
55.91_37.56,2022-01-20 23:00:00,-3.25,-9.386133193969727,snow,0.20000000298023224,52.999996185302734,23.219301223754883,37.07999801635742,89.70181274414062,977.3737182617188,
55.91_37.56,2022-04-26 22:00:00,6.400000095367432,3.370297908782959,none,0.0,0.0,9.44957160949707,17.639999389648438,77.76547241210938,987.0479736328125,
55.91_37.56,2022-05-12 11:00:00,17.049999237060547,15.789140701293945,none,0.0,0.0,13.441070556640625,27.719999313354492,62.15091323852539,982.075439453125,
55.91_37.56,2022-05-24 14:00:00,8.100000381469727,2.73342227935791,none,0.0,0.0,19.839235305786133,40.31999969482422,47.33413314819336,987.0391845703125,
55.91_37.56,2022-06-07 14:00:00,19.149999618530273,16.285505294799805,none,0.0,0.0,12.738099098205566,25.559999465942383,37.23576736450195,994.347900390625,
55.91_37.56,2022-07-29 17:00:00,21.600000381469727,19.655826568603516,none,0.0,0.0,14.417987823486328,25.559999465942383,49.23114013671875,995.6009521484375,
55.91_37.57,2022-03-27 08:00:00,-4.099999904632568,-11.627531051635742,snow,0.10000000149011612,28.0,30.684587478637695,55.79999923706055,76.3097152709961,976.0973510742188,
55.91_37.57,2022-04-09 02:00:00,6.449999809265137,2.5163803100585938,rain,0.8999999761581421,29.0,19.21199607849121,36.0,93.00061798095703,975.271240234375,
55.91_37.57,2022-06-01 21:00:00,15.800000190734863,15.806840896606445,none,0.0,0.0,7.4215898513793945,13.679999351501465,85.651611328125,1000.0350341796875,
55.91_37.57,2022-06-18 00:00:00,12.5,11.991043090820312,none,0.0,0.0,7.208993911743164,12.59999942779541,95.18544006347656,992.4554443359375,
55.91_37.59,2022-02-25 00:00:00,-6.25,-10.668251037597656,none,0.0,50.0,9.360000610351562,14.399999618530273,89.79930877685547,1002.153076171875,
55.91_37.59,2022-02-25 03:00:00,-4.75,-9.225542068481445,none,0.0,50.0,11.04326057434082,14.039999961853027,92.70416259765625,1001.19384765625,
55.91_37.59,2022-02-26 09:00:00,-2.049999952316284,-6.081999778747559,none,0.0,50.0,10.233122825622559,16.559999465942383,93.55403137207031,997.1362915039062,
55.91_37.59,2022-05-07 16:00:00,17.149999618530273,12.720479965209961,none,0.0,0.0,16.17998504638672,36.71999740600586,32.09794998168945,1001.9129028320312,
55.91_37.59,2022-05-12 03:00:00,5.5,2.409137725830078,none,0.0,0.0,8.350137710571289,12.59999942779541,75.70426177978516,985.9678344726562,
55.91_37.59,2022-05-15 09:00:00,13.699999809265137,11.623296737670898,rain,0.10000000149011612,0.0,10.086426734924316,24.84000015258789,59.49263381958008,982.4268798828125,
55.91_37.59,2022-05-22 11:00:00,10.149999618530273,6.100465774536133,none,0.0,0.0,19.64228057861328,39.599998474121094,43.5739860534668,984.6093139648438,
55.91_37.59,2022-06-03 19:00:00,14.75,12.72055435180664,none,0.0,0.0,12.496719360351562,29.15999984741211,69.37722778320312,998.7489624023438,
55.91_37.59,2022-08-02 01:00:00,15.199999809265137,14.205537796020508,none,0.0,0.0,6.830519199371338,10.440000534057617,70.87712097167969,997.4267578125,
55.91_37.6,2022-03-18 21:00:00,-2.25,-6.410623073577881,none,0.0,45.0,9.107358932495117,14.399999618530273,78.69410705566406,1020.3206176757812,
55.91_37.6,2022-04-13 21:00:00,4.199999809265137,-0.8275859355926514,none,0.0,5.0,19.959718704223633,35.63999938964844,74.39509582519531,999.8621215820312,
55.91_37.6,2022-06-18 23:00:00,14.5,13.136865615844727,none,0.0,0.0,8.20926284790039,13.319999694824219,71.22055053710938,993.103759765625,
55.91_37.6,2022-06-23 12:00:00,21.75,20.818931579589844,none,0.0,0.0,16.099689483642578,34.91999816894531,45.0157585144043,993.5621337890625,
55.91_37.6,2022-06-27 18:00:00,29.5,29.27138900756836,none,0.0,0.0,14.021525382995605,29.15999984741211,42.421966552734375,999.3051147460938,
55.92_37.37,2022-02-21 07:00:00,-2.299999952316284,-7.092826843261719,none,0.0,51.0,15.02110481262207,26.639999389648438,91.81395721435547,977.0840454101562,
55.92_37.37,2022-07-23 13:00:00,26.399999618530273,27.406661987304688,none,0.0,0.0,9.021574020385742,23.399999618530273,44.08824157714844,993.7534790039062,
55.92_37.38,2022-03-05 09:00:00,-2.200000047683716,-8.535058975219727,none,0.0,47.0,23.762725830078125,41.76000213623047,76.34606170654297,992.7949829101562,
55.92_37.39,2022-01-09 06:00:00,-5.800000190734863,-11.730945587158203,none,0.0,44.0,19.48328399658203,36.36000061035156,84.12361145019531,994.515869140625,
55.92_37.39,2022-02-17 17:00:00,1.0499999523162842,-5.5530595779418945,none,0.0,54.000003814697266,30.758411407470703,56.880001068115234,93.03521728515625,967.3794555664062,
55.92_37.39,2022-04-10 10:00:00,4.599999904632568,0.35042285919189453,rain,0.10000000149011612,22.0,18.584508895874023,36.36000061035156,91.92217254638672,980.9654541015625,
55.92_37.39,2022-06-13 22:00:00,14.899999618530273,15.221464157104492,none,0.0,0.0,7.594207286834717,14.039999961853027,96.51362609863281,987.5429077148438,
55.92_37.4,2022-07-31 12:00:00,21.950000762939453,21.23053741455078,none,0.0,0.0,5.351784706115723,16.559999465942383,42.99570083618164,996.65185546875,
55.92_37.4,2022-08-01 19:00:00,20.799999237060547,19.974655151367188,none,0.0,0.0,6.849466800689697,9.359999656677246,51.88020706176758,994.3804931640625,
55.92_37.54,2022-01-21 05:00:00,-3.9000000953674316,-9.39150333404541,snow,0.10000000149011612,54.000003814697266,18.416383743286133,31.68000030517578,90.67333221435547,977.1959838867188,
55.92_37.54,2022-02-26 13:00:00,1.5499999523162842,-2.6798105239868164,none,0.0,50.0,12.496719360351562,21.959999084472656,77.54996490478516,998.3018798828125,
55.92_37.54,2022-02-28 02:00:00,-7.800000190734863,-12.633027076721191,none,0.0,49.0,11.212135314941406,18.35999870300293,88.97126007080078,1012.255126953125,
55.92_37.54,2022-03-15 18:00:00,-3.5,-8.04397201538086,none,0.0,47.0,9.793058395385742,12.59999942779541,69.10436248779297,1010.5877685546875,
55.92_37.54,2022-03-22 16:00:00,6.150000095367432,2.1270952224731445,none,0.0,38.0,10.805997848510742,18.0,54.8989143371582,1007.3963012695312,
55.92_37.54,2022-03-30 10:00:00,-3.200000047683716,-8.327751159667969,none,0.0,32.0,13.441070556640625,24.84000015258789,64.48725128173828,984.2451171875,
55.92_37.54,2022-07-06 19:00:00,26.299999237060547,25.375885009765625,none,0.0,0.0,17.49614906311035,30.599998474121094,49.51484298706055,992.494140625,
55.93_37.35,2022-06-24 09:00:00,20.899999618530273,20.011995315551758,none,0.0,0.0,7.993297576904297,19.079999923706055,52.776588439941406,994.4685668945312,
55.93_37.36,2022-03-25 07:00:00,-3.299999952316284,-6.99237060546875,none,0.0,32.0,6.193674087524414,11.159998893737793,87.6880111694336,995.8819580078125,
55.93_37.36,2022-05-01 23:00:00,4.800000190734863,2.1553115844726562,none,0.0,0.0,4.104631423950195,7.920000076293945,73.70023345947266,996.89794921875,
55.93_37.37,2022-02-16 17:00:00,-1.9500000476837158,-6.821393966674805,none,0.0,55.0,14.471820831298828,25.19999885559082,80.85211181640625,992.1417236328125,
55.93_37.37,2022-03-17 09:00:00,-8.399999618530273,-13.169641494750977,none,0.0,45.0,9.339207649230957,16.559999465942383,74.64044952392578,1019.5924072265625,
55.93_37.37,2022-05-20 15:00:00,11.899999618530273,9.43393325805664,none,0.0,0.0,4.693825721740723,21.599998474121094,32.95161819458008,995.039306640625,
55.93_37.38,2022-02-08 07:00:00,-0.15000000596046448,-4.708774566650391,none,0.0,62.0,14.843179702758789,27.0,88.31108856201172,981.34228515625,
55.93_37.4,2022-06-13 03:00:00,14.350000381469727,12.537975311279297,none,0.0,0.0,7.65370512008667,13.319999694824219,62.582942962646484,989.8469848632812,
55.93_37.55,2022-01-14 20:00:00,-1.7000000476837158,-8.876252174377441,snow,0.30000001192092896,54.000003814697266,30.589406967163086,49.31999969482422,81.80630493164062,953.8153686523438,
55.93_37.55,2022-01-24 08:00:00,-9.199999809265137,-13.620709419250488,none,0.0,57.0,7.968938827514648,9.0,93.53543853759766,1011.0223999023438,
55.93_37.55,2022-03-24 21:00:00,-3.4000000953674316,-8.34776496887207,none,0.0,33.0,13.55150032043457,16.559999465942383,77.31668090820312,994.7431640625,
55.93_37.55,2022-05-14 11:00:00,14.75,10.332319259643555,none,0.0,0.0,23.510507583618164,45.0,41.52488708496094,980.78466796875,
55.93_37.55,2022-07-26 00:00:00,18.850000381469727,19.24824333190918,none,0.0,0.0,11.966954231262207,20.51999855041504,84.60318756103516,986.72021484375,
55.94_37.36,2022-06-17 09:00:00,18.0,16.42401695251465,none,0.0,0.0,11.304228782653809,28.440000534057617,60.324527740478516,992.0488891601562,
55.94_37.37,2022-07-08 02:00:00,17.399999618530273,16.76788330078125,none,0.0,0.0,10.163227081298828,20.15999984741211,73.91368103027344,994.7655029296875,
55.94_37.53,2022-04-18 18:00:00,6.599999904632568,3.062086582183838,none,0.0,1.0,8.473393440246582,19.440000534057617,57.4976806640625,995.55419921875,
55.94_37.53,2022-06-28 16:00:00,23.899999618530273,20.93817710876465,none,0.0,0.0,14.654253959655762,30.23999786376953,33.228973388671875,999.2060546875,
55.94_37.54,2022-02-09 12:00:00,-1.7999999523162842,-5.798528671264648,none,0.0,62.0,9.44957160949707,16.19999885559082,87.50403594970703,986.0796508789062,
55.95_37.34,2022-01-26 09:00:00,-6.550000190734863,-10.981398582458496,none,0.0,57.0,9.44957160949707,15.84000015258789,91.8838882446289,988.9088745117188,
55.95_37.35,2022-04-30 14:00:00,6.949999809265137,1.923971176147461,none,0.0,0.0,14.904172897338867,32.76000213623047,40.2734260559082,1000.3248901367188,
55.95_37.35,2022-06-27 01:00:00,20.399999618530273,20.345537185668945,none,0.0,0.0,9.53150463104248,15.480000495910645,67.14078521728516,998.1845703125,
55.95_37.35,2022-06-30 18:00:00,23.0,20.152111053466797,none,0.0,0.0,14.081478118896484,39.959999084472656,35.44562530517578,993.7909545898438,
55.95_37.35,2022-07-08 20:00:00,21.950000762939453,21.822772979736328,none,0.0,0.0,4.896529674530029,11.879999160766602,52.874778747558594,995.03515625,
55.95_37.35,2022-07-29 17:00:00,21.799999237060547,19.946125030517578,none,0.0,0.0,13.397611618041992,27.35999870300293,47.98868179321289,994.6969604492188,
55.95_37.54,2022-02-28 07:00:00,-6.0,-10.801429748535156,none,0.0,49.0,12.245293617248535,19.440000534057617,90.8644790649414,1013.4459228515625,
55.95_37.56,2022-05-26 19:00:00,13.350000381469727,12.984630584716797,rain,0.8999999761581421,0.0,1.9386591911315918,18.719999313354492,78.2989730834961,978.8988647460938,
55.96_37.19,2022-02-12 15:00:00,-1.4500000476837158,-7.068850517272949,none,0.0,58.0,18.709611892700195,39.959999084472656,71.15257263183594,992.0872802734375,
55.96_37.19,2022-06-10 19:00:00,22.950000762939453,21.869369506835938,none,0.0,0.0,9.931041717529297,28.440000534057617,47.5076789855957,991.0980834960938,
55.97_37.15,2022-03-21 18:00:00,3.4000000953674316,-0.8505187034606934,none,0.0,41.0,12.64107608795166,22.319997787475586,67.99620056152344,1007.2930908203125,
55.97_37.16,2022-01-30 16:00:00,-4.0,-9.824382781982422,snow,0.10000000149011612,58.0,20.150354385375977,38.880001068115234,86.29603576660156,968.8262329101562,
55.97_37.16,2022-06-11 21:00:00,19.299999237060547,18.752805709838867,none,0.0,0.0,8.225034713745117,15.84000015258789,63.07896423339844,991.92333984375,
55.97_37.17,2022-02-07 14:00:00,-1.4500000476837158,-5.956606864929199,none,0.0,62.0,13.532360076904297,27.35999870300293,89.84707641601562,976.15185546875,
55.97_37.18,2022-03-19 04:00:00,-5.0,-9.384676933288574,none,0.0,45.0,9.422101020812988,16.19999885559082,84.54673767089844,1015.3985595703125,
55.97_37.18,2022-06-30 12:00:00,22.950000762939453,21.42003059387207,none,0.0,0.0,15.542661666870117,34.560001373291016,35.310020446777344,993.1011352539062,
55.97_37.19,2022-01-28 17:00:00,-6.25,-11.647088050842285,snow,0.10000000149011612,57.0,15.946009635925293,30.599998474121094,88.42035675048828,976.7740478515625,
55.98_37.15,2022-01-17 23:00:00,-2.200000047683716,-5.938282012939453,snow,0.20000000298023224,52.999996185302734,8.350137710571289,15.84000015258789,95.65515899658203,959.9559326171875,
55.98_37.15,2022-03-21 21:00:00,0.30000001192092896,-3.3969621658325195,none,0.0,41.0,8.473393440246582,17.639999389648438,82.38125610351562,1008.321044921875,
55.98_37.15,2022-05-05 17:00:00,9.649999618530273,4.89937686920166,none,0.0,0.0,12.979984283447266,29.51999855041504,33.40823745727539,999.5285034179688,
55.98_37.15,2022-05-08 19:00:00,10.800000190734863,8.404362678527832,rain,2.0,0.0,14.917211532592773,40.31999969482422,89.54680633544922,991.339111328125,
55.98_37.15,2022-06-21 18:00:00,17.350000381469727,15.850879669189453,none,0.0,0.0,8.66994857788086,18.35999870300293,58.37611389160156,976.5746459960938,
55.98_37.15,2022-06-28 21:00:00,18.799999237060547,16.668821334838867,none,0.0,0.0,9.504273414611816,20.15999984741211,46.524200439453125,996.8960571289062,
55.98_37.16,2022-01-30 00:00:00,-6.199999809265137,-9.804764747619629,none,0.0,58.0,4.104631423950195,13.319999694824219,92.97501373291016,976.4166259765625,
55.98_37.16,2022-02-20 14:00:00,1.0499999523162842,-5.5731658935546875,none,0.0,52.0,26.072052001953125,51.47999954223633,62.342525482177734,974.5075073242188,
55.98_37.16,2022-04-06 15:00:00,4.0,-1.9335410594940186,none,0.0,43.0,21.933425903320312,45.0,43.21979522705078,974.1409301757812,
55.98_37.16,2022-05-21 18:00:00,13.350000381469727,10.445704460144043,none,0.0,0.0,6.162207126617432,13.679999351501465,42.168514251708984,981.4539794921875,
55.98_37.16,2022-06-09 16:00:00,25.350000381469727,24.246192932128906,none,0.0,0.0,10.079999923706055,24.479999542236328,41.135990142822266,988.4871215820312,
55.98_37.16,2022-06-17 07:00:00,16.149999618530273,15.115316390991211,none,0.0,0.0,9.114471435546875,21.239999771118164,71.29405975341797,988.5987548828125,
55.98_37.16,2022-07-19 13:00:00,19.200000762939453,16.343441009521484,none,0.0,0.0,19.130874633789062,43.560001373291016,52.155113220214844,988.4655151367188,
55.98_37.16,2022-08-03 10:00:00,23.600000381469727,24.412588119506836,none,0.0,0.0,6.519876956939697,17.639999389648438,59.490684509277344,993.8206176757812,
55.98_37.16,2022-08-05 07:00:00,19.700000762939453,20.61395263671875,none,0.0,0.0,8.287821769714355,14.399999618530273,79.98739624023438,998.0013427734375,
55.98_37.17,2022-01-05 18:00:00,-8.5,-13.69221305847168,snow,0.10000000149011612,45.0,13.450708389282227,34.20000076293945,91.03508758544922,965.8025512695312,
55.98_37.17,2022-01-06 17:00:00,-0.699999988079071,-5.423072814941406,none,0.0,45.0,15.782622337341309,28.799999237060547,90.57259368896484,968.9869384765625,
55.98_37.17,2022-01-21 08:00:00,-3.75,-8.721887588500977,snow,0.30000001192092896,52.999996185302734,15.042658805847168,29.51999855041504,91.37263488769531,972.20361328125,
55.98_37.17,2022-04-08 15:00:00,12.100000381469727,7.381175994873047,none,0.0,37.0,22.53956413269043,51.839996337890625,57.46489715576172,972.7651977539062,
55.98_37.17,2022-04-19 18:00:00,10.149999618530273,6.435671806335449,none,0.0,2.0,13.281023025512695,25.559999465942383,57.374271392822266,992.4096069335938,
55.98_37.17,2022-05-20 09:00:00,8.25,4.978653907775879,none,0.0,0.0,10.703569412231445,28.079999923706055,50.069156646728516,993.6282958984375,
55.98_37.17,2022-06-01 17:00:00,20.299999237060547,18.96674346923828,none,0.0,0.0,15.30741024017334,32.76000213623047,62.27690505981445,996.28271484375,
55.98_37.17,2022-06-02 18:00:00,23.049999237060547,23.19448471069336,none,0.0,0.0,8.654986381530762,21.959999084472656,57.84706115722656,993.499755859375,
55.98_37.17,2022-07-07 14:00:00,26.649999618530273,26.15900230407715,none,0.0,0.0,19.29613494873047,46.79999923706055,54.246742248535156,987.816650390625,
55.98_37.17,2022-07-08 20:00:00,21.399999618530273,21.337196350097656,none,0.0,0.0,4.896529197692871,8.640000343322754,55.40771484375,992.6823120117188,
55.98_37.17,2022-08-04 11:00:00,26.899999618530273,26.5052490234375,none,0.0,0.0,10.829957962036133,24.84000015258789,39.832069396972656,996.8340454101562,
55.98_37.18,2022-01-09 20:00:00,-6.349999904632568,-10.812801361083984,snow,0.5,46.0,9.793059349060059,19.440000534057617,91.89706420898438,988.7913818359375,
55.98_37.18,2022-01-17 15:00:00,-3.8499999046325684,-8.447599411010742,snow,0.20000000298023224,52.999996185302734,12.324414253234863,25.919998168945312,90.67705535888672,959.43896484375,
55.98_37.18,2022-01-21 15:00:00,-6.400000095367432,-11.99073314666748,snow,0.30000001192092896,52.999996185302734,17.399585723876953,30.23999786376953,90.83495330810547,970.4519653320312,
55.98_37.18,2022-03-16 07:00:00,-10.25,-14.602209091186523,none,0.0,46.0,6.6380720138549805,12.239999771118164,88.75082397460938,1010.095703125,
55.98_37.18,2022-05-16 19:00:00,10.0,5.414419174194336,none,0.0,0.0,19.376562118530273,39.599998474121094,58.36698532104492,980.285888671875,
55.98_37.18,2022-07-26 19:00:00,24.549999237060547,27.260234832763672,none,0.0,0.0,3.096837043762207,6.479999542236328,69.2691879272461,984.8126220703125,
55.98_37.18,2022-08-09 15:00:00,,,,,,,,,,
55.98_37.19,2022-01-12 19:00:00,-16.450000762939453,-21.94450569152832,none,0.0,49.0,11.885453224182129,26.280000686645508,83.08162689208984,997.0170288085938,
55.98_37.19,2022-03-09 00:00:00,-9.699999809265137,-14.842697143554688,none,0.0,49.0,11.988594055175781,25.919998168945312,83.96845245361328,994.7904663085938,
55.98_37.19,2022-03-22 12:00:00,5.900000095367432,1.3164582252502441,none,0.0,40.0,14.186923027038574,30.96000099182129,53.42707824707031,1005.5712890625,
55.98_37.19,2022-05-17 16:00:00,12.0,7.70442008972168,none,0.0,0.0,20.326454162597656,43.560001373291016,59.907108306884766,978.5319213867188,
55.98_37.19,2022-07-03 16:00:00,28.850000381469727,27.937694549560547,none,0.0,0.0,10.079999923706055,24.84000015258789,30.410436630249023,990.1517333984375,
55.98_37.19,2022-07-21 22:00:00,16.899999618530273,15.313529968261719,none,0.0,0.0,13.104198455810547,27.35999870300293,68.42691040039062,985.00732421875,
55.98_37.22,2022-05-07 11:00:00,12.800000190734863,9.725956916809082,none,0.0,0.0,11.879999160766602,27.0,56.6435661315918,1002.01318359375,
55.98_37.24,2022-07-03 03:00:00,18.399999618530273,16.75814437866211,none,0.0,0.0,10.587918281555176,24.84000015258789,56.51241683959961,993.72705078125,
55.98_37.25,2022-04-08 15:00:00,11.449999809265137,6.788463592529297,none,0.0,37.0,21.413192749023438,47.519996643066406,57.705345153808594,974.5330200195312,
55.98_37.26,2022-05-23 18:00:00,12.75,7.029303550720215,none,0.0,0.0,20.89861297607422,41.39999771118164,30.813814163208008,980.0509033203125,
55.99_37.15,2022-01-27 16:00:00,-7.949999809265137,-12.969552040100098,none,0.0,57.0,11.609650611877441,24.119998931884766,79.01556396484375,986.6541748046875,
55.99_37.15,2022-05-21 07:00:00,6.400000095367432,3.416928768157959,none,0.0,0.0,6.92473840713501,16.19999885559082,68.14118957519531,987.7694702148438,
55.99_37.15,2022-05-25 17:00:00,12.050000190734863,7.8757171630859375,none,0.0,0.0,15.038350105285645,30.599998474121094,46.41499710083008,988.5413208007812,
55.99_37.18,2022-08-11 10:00:00,19.799999237060547,19.467906951904297,none,0.0,0.0,6.6380720138549805,18.35999870300293,60.94886016845703,1002.012451171875,
55.99_37.19,2022-02-21 17:00:00,0.44999998807907104,-3.6288552284240723,none,0.0,52.0,11.367109298706055,24.84000015258789,83.31832885742188,973.8638916015625,
55.99_37.19,2022-05-07 23:00:00,9.0,5.448263168334961,none,0.0,0.0,11.165804862976074,23.399999618530273,58.32265090942383,996.1777954101562,
55.99_37.19,2022-06-28 23:00:00,15.300000190734863,13.57675552368164,none,0.0,0.0,6.877789497375488,14.039999961853027,58.466590881347656,998.04931640625,
55.99_37.21,2022-03-20 11:00:00,2.5999999046325684,-1.9735195636749268,none,0.0,44.0,15.13713264465332,30.599998474121094,73.56302642822266,1012.26904296875,
55.99_37.21,2022-03-24 20:00:00,-2.4000000953674316,-7.370206356048584,none,0.0,35.0,13.979870796203613,16.19999885559082,74.01576232910156,992.01416015625,
55.99_37.21,2022-05-13 12:00:00,13.850000381469727,7.944477081298828,rain,0.10000000149011612,0.0,28.98167610168457,59.39999771118164,46.76036071777344,977.4005737304688,
55.99_37.21,2022-05-27 11:00:00,13.149999618530273,9.63916015625,rain,0.10000000149011612,0.0,19.13764762878418,41.39999771118164,67.19562530517578,973.6099243164062,
55.99_37.21,2022-06-01 05:00:00,12.300000190734863,11.754461288452148,none,0.0,0.0,7.56856632232666,11.879999160766602,96.76211547851562,996.8553466796875,
55.99_37.21,2022-06-05 22:00:00,11.199999809265137,9.473450660705566,none,0.0,0.0,10.703569412231445,18.719999313354492,88.38227844238281,990.377685546875,
55.99_37.23,2022-03-12 19:00:00,-2.3499999046325684,-6.46311092376709,none,0.0,48.0,9.387650489807129,16.919998168945312,84.22257232666016,1000.4559936523438,
55.9_37.39,2022-01-17 10:00:00,-3.299999952316284,-9.477058410644531,snow,0.20000000298023224,52.0,23.269481658935547,43.19999694824219,88.0201644897461,966.6446533203125,
55.9_37.4,2022-06-06 21:00:00,14.350000381469727,12.549293518066406,none,0.0,0.0,11.304228782653809,21.959999084472656,72.15641021728516,992.7210083007812,
55.9_37.42,2022-06-02 18:00:00,22.100000381469727,22.089414596557617,none,0.0,0.0,11.384198188781738,18.35999870300293,63.906494140625,996.2880859375,
55.9_37.42,2022-06-18 15:00:00,20.450000762939453,17.2125301361084,none,0.0,0.0,16.51690101623535,38.519996643066406,40.99838638305664,992.1727905273438,
55.9_37.43,2022-06-18 05:00:00,11.449999809265137,10.082399368286133,none,0.0,0.0,9.983105659484863,16.19999885559082,92.33524322509766,992.6218872070312,
55.9_37.43,2022-07-23 17:00:00,27.299999237060547,26.89887809753418,none,0.0,0.0,8.31124496459961,16.919998168945312,40.20656204223633,992.3760375976562,
55.9_37.5,2022-03-08 10:00:00,-5.550000190734863,-11.534282684326172,none,0.0,49.0,20.00511932373047,34.20000076293945,84.15435791015625,994.7282104492188,
55.9_37.52,2022-01-12 05:00:00,-15.100000381469727,-21.338191986083984,none,0.0,50.0,17.298738479614258,27.719999313354492,81.18831634521484,1006.0852661132812,
55.9_37.52,2022-01-26 04:00:00,-8.949999809265137,-12.90343952178955,none,0.0,58.999996185302734,4.553679466247559,7.920000076293945,88.86858367919922,990.9694213867188,
55.9_37.52,2022-03-17 09:00:00,-8.449999809265137,-13.242430686950684,none,0.0,46.0,9.65981388092041,15.119998931884766,77.064453125,1020.0143432617188,
55.9_37.52,2022-05-01 23:00:00,5.25,2.4898386001586914,none,0.0,0.0,4.680000305175781,10.799999237060547,70.40223693847656,997.4220581054688,
55.9_37.52,2022-06-25 18:00:00,26.700000762939453,25.34654998779297,none,0.0,0.0,12.101570129394531,24.479999542236328,38.35710525512695,997.7977905273438,
55.9_37.52,2022-07-11 09:00:00,24.450000762939453,24.435871124267578,none,0.0,0.0,16.327497482299805,30.599998474121094,62.21067428588867,989.5654296875,
55.9_37.53,2022-05-27 22:00:00,8.449999809265137,6.001853942871094,none,0.0,0.0,10.63676643371582,24.84000015258789,87.23705291748047,978.7742919921875,
55.9_37.53,2022-07-06 20:00:00,24.399999618530273,25.35128402709961,none,0.0,0.0,8.287821769714355,31.319997787475586,60.44446563720703,992.2532348632812,
55.9_37.54,2022-05-13 16:00:00,15.5,9.630719184875488,none,0.0,0.0,29.899511337280273,55.07999801635742,44.330726623535156,980.3438720703125,
55.9_37.55,2022-01-15 16:00:00,-2.25,-9.106215476989746,snow,0.30000001192092896,54.000003814697266,28.04305076599121,45.0,82.35045623779297,971.9340209960938,
55.9_37.55,2022-02-06 13:00:00,-7.300000190734863,-11.673964500427246,none,0.0,62.0,8.121970176696777,16.559999465942383,86.2740478515625,980.451416015625,
55.9_37.55,2022-02-17 08:00:00,-0.800000011920929,-6.579926490783691,none,0.0,56.0,23.499481201171875,37.439998626708984,94.65618133544922,980.8255615234375,
55.9_37.55,2022-03-04 13:00:00,-2.049999952316284,-7.895974159240723,none,0.0,48.0,21.077686309814453,36.0,80.83777618408203,990.3294677734375,
55.9_37.55,2022-03-17 14:00:00,0.15000000596046448,-4.586184978485107,none,0.0,45.0,8.714676856994629,19.799999237060547,36.535213470458984,1019.7266235351562,
55.9_37.55,2022-05-26 21:00:00,12.050000190734863,10.680313110351562,rain,0.8999999761581421,0.0,9.504273414611816,14.75999927520752,87.28045654296875,978.9684448242188,
55.9_37.55,2022-06-01 19:00:00,18.100000381469727,18.077556610107422,none,0.0,0.0,8.21715259552002,20.880001068115234,75.24876403808594,999.4779663085938,
55.9_37.56,2022-06-05 21:00:00,13.350000381469727,12.190139770507812,none,0.0,0.0,7.1003098487854,16.19999885559082,77.51455688476562,992.940673828125,
55.9_37.56,2022-06-21 13:00:00,19.100000381469727,18.224504470825195,none,0.0,0.0,2.4149534702301025,14.75999927520752,48.55241394042969,980.5581665039062,
55.9_37.57,2022-02-04 11:00:00,-6.199999809265137,-10.018630981445312,none,0.0,61.0,5.091168403625488,9.359999656677246,87.74285125732422,991.953125,
55.9_37.57,2022-02-17 08:00:00,-0.800000011920929,-6.579926490783691,none,0.0,56.0,23.499481201171875,37.439998626708984,94.65618133544922,981.438232421875,
55.9_37.57,2022-05-15 05:00:00,6.050000190734863,3.2095370292663574,none,0.0,0.0,9.387650489807129,15.480000495910645,85.19141387939453,981.174072265625,
55.9_37.57,2022-07-01 12:00:00,20.0,16.87315559387207,none,0.0,0.0,19.586118698120117,39.599998474121094,32.00237274169922,998.7265014648438,
55.9_37.58,2022-03-09 16:00:00,-7.099999904632568,-12.868453979492188,none,0.0,48.0,14.578889846801758,25.919998168945312,48.67488098144531,1006.3013916015625,
55.9_37.58,2022-03-25 12:00:00,3.4000000953674316,0.7779293060302734,none,0.0,31.0,3.096837043762207,8.279999732971191,76.72480010986328,997.3001098632812,
55.9_37.58,2022-07-21 21:00:00,17.299999237060547,15.662820816040039,none,0.0,0.0,14.399999618530273,25.919998168945312,68.73446655273438,989.8370361328125,
55.9_37.58,2022-07-28 19:00:00,21.799999237060547,22.717227935791016,none,0.0,0.0,13.684735298156738,25.559999465942383,79.02147674560547,992.3041381835938,
55.9_37.59,2022-01-30 22:00:00,-3.5,-9.227954864501953,snow,0.30000001192092896,58.999996185302734,20.304128646850586,33.839996337890625,90.3613510131836,972.5199584960938,
55.9_37.59,2022-02-02 01:00:00,-4.150000095367432,-9.414325714111328,none,0.0,61.0,16.489416122436523,26.280000686645508,88.94932556152344,978.3395385742188,
55.9_37.59,2022-02-19 14:00:00,0.6499999761581421,-7.143657207489014,snow,0.4000000059604645,52.0,37.64883804321289,57.23999786376953,87.41825103759766,973.8418579101562,
55.9_37.59,2022-04-20 14:00:00,13.300000190734863,8.085736274719238,none,0.0,0.0,26.081993103027344,48.23999786376953,39.928253173828125,995.9376831054688,
55.9_37.59,2022-04-20 20:00:00,9.0,3.5657553672790527,none,0.0,0.0,21.575986862182617,36.71999740600586,49.18910598754883,996.351806640625,
55.9_37.59,2022-07-26 18:00:00,25.700000762939453,28.069866180419922,none,0.0,0.0,4.320000171661377,13.319999694824219,63.27938461303711,989.8960571289062,
55.9_37.59,2022-08-07 02:00:00,20.100000381469727,21.115604400634766,none,0.0,0.0,7.172948837280273,12.239999771118164,77.2862548828125,997.6470336914062,
55.9_37.6,2022-02-25 17:00:00,0.4000000059604645,-4.839496612548828,none,0.0,50.0,18.430452346801758,32.03999710083008,77.650390625,997.0621948242188,
55.9_37.6,2022-04-05 10:00:00,0.05000000074505806,-5.439691543579102,none,0.0,41.0,20.188907623291016,34.20000076293945,79.93941497802734,981.21142578125,
55.9_37.6,2022-07-28 23:00:00,18.399999618530273,18.412229537963867,none,0.0,0.0,14.336860656738281,24.479999542236328,86.46580505371094,994.0206298828125,
55.9_37.6,2022-08-04 00:00:00,17.850000381469727,16.949493408203125,none,0.0,0.0,9.885261535644531,11.519999504089355,67.49649047851562,999.4909057617188,
55.9_37.61,2022-01-21 14:00:00,-6.849999904632568,-12.830089569091797,snow,0.5,55.0,19.665359497070312,33.119998931884766,89.40193176269531,977.8340454101562,
55.9_37.61,2022-02-01 08:00:00,-2.75,-7.23313570022583,none,0.0,62.0,12.646200180053711,24.84000015258789,92.82090759277344,974.2199096679688,
55.9_37.61,2022-02-09 10:00:00,-2.200000047683716,-6.016908645629883,none,0.0,61.0,8.161764144897461,13.319999694824219,89.78691864013672,988.0570678710938,
55.9_37.61,2022-03-12 16:00:00,-1.399999976158142,-6.114490032196045,none,0.0,48.0,13.319999694824219,24.119998931884766,77.06356811523438,1004.3890380859375,
55.9_37.61,2022-03-13 13:00:00,0.15000000596046448,-4.516740322113037,none,0.0,48.0,13.910168647766113,26.639999389648438,75.04525756835938,1007.2744750976562,
55.9_37.61,2022-06-07 19:00:00,18.200000762939453,15.481666564941406,none,0.0,0.0,10.799999237060547,27.35999870300293,42.81531524658203,996.0884399414062,
55.9_37.61,2022-07-10 17:00:00,27.399999618530273,25.15892791748047,none,0.0,0.0,19.586118698120117,39.23999786376953,38.4266357421875,991.0852661132812,
55.9_37.61,2022-07-12 14:00:00,23.649999618530273,22.55525779724121,rain,0.10000000149011612,0.0,22.884788513183594,44.279998779296875,63.43106460571289,990.9451904296875,
55.9_37.61,2022-07-23 08:00:00,21.25,22.569751739501953,none,0.0,0.0,7.342587947845459,16.919998168945312,75.76187896728516,996.9673461914062,
55.9_37.63,2022-03-18 07:00:00,-7.800000190734863,-12.96353816986084,none,0.0,45.0,12.229406356811523,20.51999855041504,73.56655883789062,1022.8831787109375,
55.9_37.63,2022-05-10 11:00:00,9.100000381469727,1.1208076477050781,none,0.0,0.0,37.46767807006836,69.12000274658203,36.8336181640625,998.162841796875,
55.9_37.63,2022-06-13 16:00:00,18.899999618530273,20.378286361694336,rain,3.799999952316284,0.0,3.3190360069274902,27.0,81.95068359375,991.43212890625,
55.9_37.63,2022-07-15 18:00:00,21.850000381469727,18.764184951782227,none,0.0,0.0,18.356470108032227,41.39999771118164,42.24689865112305,990.326904296875,
55.9_37.64,2022-03-12 12:00:00,-3.25,-7.8052215576171875,snow,0.10000000149011612,48.0,11.885453224182129,23.03999900817871,85.39965057373047,1001.616943359375,
55.9_37.65,2022-05-16 01:00:00,7.400000095367432,3.992237091064453,none,0.0,0.0,15.459053993225098,27.0,86.53372955322266,983.3294067382812,
55.9_37.66,2022-01-10 05:00:00,-7.449999809265137,-11.962005615234375,snow,0.4000000059604645,48.0,9.387651443481445,14.75999927520752,91.11136627197266,992.747802734375,
55.9_37.66,2022-07-25 08:00:00,21.299999237060547,23.072433471679688,none,0.0,0.0,7.208993911743164,17.639999389648438,80.45765686035156,988.8231811523438,
55.9_37.67,2022-05-03 14:00:00,16.950000762939453,10.90105152130127,none,0.0,0.0,28.41264533996582,52.19999694824219,32.861328125,986.2640991210938,
55.9_37.67,2022-06-10 08:00:00,22.350000381469727,22.078048706054688,none,0.0,0.0,13.830748558044434,29.15999984741211,63.96113204956055,995.006103515625,
56.01_37.14,2022-06-08 19:00:00,17.700000762939453,17.020036697387695,none,0.0,0.0,5.759999752044678,9.0,62.71709060668945,987.77001953125,
56.01_37.19,2022-07-27 17:00:00,29.049999237060547,29.176746368408203,none,0.0,0.0,9.885261535644531,24.119998931884766,41.75706481933594,985.7320556640625,
56.01_37.2,2022-03-13 19:00:00,1.149999976158142,-3.98590350151062,none,0.0,48.0,19.523155212402344,35.279998779296875,84.94743347167969,998.3118286132812,
56.02_37.19,2022-07-13 17:00:00,22.549999237060547,20.4431095123291,none,0.0,0.0,14.44044303894043,30.23999786376953,44.78614044189453,983.6344604492188,
56.02_37.19,2022-08-06 23:00:00,22.149999618530273,22.579666137695312,none,0.0,0.0,10.495713233947754,18.0,67.06767272949219,990.7662963867188,
56.0_37.16,2022-05-20 15:00:00,11.800000190734863,9.070133209228516,none,0.0,0.0,5.692099094390869,17.280000686645508,35.473785400390625,991.6975708007812,
56.0_37.19,2022-01-15 13:00:00,-2.4000000953674316,-8.866586685180664,none,0.0,52.999996185302734,24.993436813354492,44.279998779296875,80.17745971679688,963.7186279296875,
56.0_37.19,2022-01-30 20:00:00,-3.799999952316284,-9.466933250427246,snow,0.20000000298023224,58.0,19.770523071289062,37.79999923706055,91.36918640136719,966.5011596679688,
56.0_37.19,2022-03-06 17:00:00,-2.700000047683716,-8.331521034240723,none,0.0,47.0,17.373497009277344,32.39999771118164,66.13080596923828,982.88427734375,
56.0_37.2,2022-03-05 17:00:00,-2.0999999046325684,-7.949309825897217,none,0.0,48.0,19.4699764251709,41.39999771118164,68.08184814453125,990.9506225585938,
56.0_37.2,2022-04-09 07:00:00,2.8499999046325684,-0.6424980163574219,none,0.0,32.0,11.753875732421875,21.959999084472656,94.80972290039062,973.9918823242188,
56.0_37.21,2022-04-24 17:00:00,9.800000190734863,7.476239204406738,rain,0.30000001192092896,0.0,12.096214294433594,21.599998474121094,87.66233825683594,986.2152099609375,
56.0_37.21,2022-04-29 16:00:00,8.600000381469727,3.3295202255249023,none,0.0,0.0,17.373497009277344,37.79999923706055,38.97026824951172,996.854248046875,
56.0_37.21,2022-07-05 18:00:00,26.0,24.358591079711914,rain,0.10000000149011612,0.0,18.448022842407227,34.91999816894531,45.438106536865234,990.161376953125,
56.0_37.21,2022-08-01 19:00:00,20.200000762939453,19.36675453186035,none,0.0,0.0,7.5170207023620605,21.959999084472656,54.92135238647461,992.0158081054688,
56.0_37.24,2022-06-06 11:00:00,18.850000381469727,17.01968002319336,none,0.0,0.0,16.119800567626953,35.63999938964844,50.16002655029297,992.1632690429688,
56.0_37.24,2022-06-15 10:00:00,15.350000381469727,10.976224899291992,rain,0.10000000149011612,0.0,25.638469696044922,48.959999084472656,59.68946075439453,985.4554443359375,
56.0_37.24,2022-07-10 15:00:00,28.5,26.86508560180664,rain,0.10000000149011612,0.0,16.363178253173828,33.839996337890625,36.395992279052734,986.2684936523438,
