cell_id,time_bucket,temp_c,feels_like_c,precipitation_type,precipitation_mm,snow_depth_cm,wind_speed_ms,wind_gust_ms,humidity_pct,pressure_hpa,visibility_m
55.18_37.01,2024-05-26 23:00:00,15.55,15.137693,none,0.0,0.0,10.296251,16.919998,87.03302,1005.09467,
55.21_37.06,2024-09-15 15:00:00,24.75,21.709253,none,0.0,0.0,13.746156,30.599998,29.680077,1004.3429,
55.21_37.1,2024-06-01 06:00:00,16.25,16.435762,none,0.0,0.0,8.14587,14.4,87.66435,993.00854,
55.22_36.99,2024-08-02 14:00:00,20.35,19.791681,rain,0.1,0.0,14.182355,33.48,64.564316,979.41614,
55.25_37.08,2024-09-15 16:00:00,25.1,22.172516,none,0.0,0.0,10.44,25.919998,25.731789,1000.59467,
55.27_37.11,2024-06-16 16:00:00,24.15,22.78531,none,0.0,0.0,14.145756,34.92,47.36397,986.53973,
55.27_37.11,2024-11-13 14:00:00,1.75,-2.253179,none,0.0,0.0,10.484902,22.68,73.67685,997.11816,
55.27_37.13,2024-08-26 16:00:00,27.4,28.435055,none,0.0,0.0,2.9024127,12.24,45.085514,994.79333,
55.27_37.13,2024-10-01 11:00:00,13.55,10.669086,none,0.0,0.0,15.151039,33.839996,66.36787,994.6982,
55.28_37.16,2024-07-20 12:00:00,21.6,21.466896,rain,1.3,0.0,11.966953,28.44,65.46444,982.66907,
55.32_37.14,2024-06-02 16:00:00,26.0,25.46511,none,0.0,0.0,12.429127,25.199999,47.39974,986.7747,
55.32_37.15,2024-06-27 12:00:00,24.25,23.65956,none,0.0,0.0,15.226764,33.839996,43.20612,992.4629,
55.32_37.15,2024-07-19 08:00:00,19.6,20.771355,rain,0.1,0.0,12.57426,27.72,91.63063,990.18835,
55.32_37.35,2024-08-20 21:00:00,19.1,19.403511,none,0.0,0.0,10.163227,19.8,78.63432,994.2727,
55.33_37.2,2024-09-29 05:00:00,15.1,15.224768,none,0.0,0.0,7.579261,12.24,91.943954,991.93884,
55.33_37.28,2024-08-29 13:00:00,24.75,25.551249,none,0.0,0.0,9.504272,23.759998,55.34679,1002.75507,
55.34_37.17,2024-08-09 17:00:00,21.75,20.928839,none,0.0,0.0,10.990322,25.919998,55.67813,991.61475,
55.34_37.3,2024-05-13 13:00:00,6.9,3.302494,none,0.0,0.0,7.0911775,18.72,48.77262,1001.09186,
55.36_37.14,2024-05-19 14:00:00,18.5,17.22288,none,0.0,0.0,7.386582,21.96,38.77879,997.9777,
55.36_37.19,2024-09-20 07:00:00,9.9,8.455515,none,0.0,0.0,7.5685663,12.599999,92.24455,1004.7498,
55.36_37.37,2024-08-06 08:00:00,19.95,21.576147,none,0.0,0.0,4.1046314,15.119999,80.02157,985.835,
55.37_37.39,2024-12-12 17:00:00,-4.3,-9.276749,none,0.0,17.0,14.021525,37.44,85.2804,984.45593,
55.37_37.43,2024-08-24 21:00:00,17.35,17.221004,none,0.0,0.0,7.9932966,12.959999,76.86119,996.7649,
55.38_37.39,2024-08-13 10:00:00,17.5,16.043129,none,0.0,0.0,14.689588,34.56,71.07766,984.4921,
55.38_37.4,2024-06-09 08:00:00,17.5,16.518206,none,0.0,0.0,7.729527,21.599998,63.30173,990.6985,
55.38_37.4,2024-09-01 19:00:00,22.95,21.90335,none,0.0,0.0,10.44,18.0,48.620934,1003.6342,
55.39_37.33,2024-05-29 10:00:00,24.5,25.504799,none,0.0,0.0,0.0,9.36,42.563915,995.93976,
55.39_37.35,2024-12-01 19:00:00,0.35,-3.5744216,none,0.0,8.0,11.362834,22.68,90.982,1001.8782,
55.39_37.41,2024-09-04 21:00:00,15.35,12.618748,none,0.0,0.0,14.973577,27.359999,61.129677,1010.2969,
55.3_37.13,2024-07-05 17:00:00,24.85,26.459568,rain,1.6,0.0,10.483357,27.0,67.82582,982.0298,
55.3_37.2,2024-06-20 16:00:00,15.45,10.658955,rain,0.2,0.0,32.47591,59.399998,68.82099,978.68005,
55.3_37.21,2024-06-03 11:00:00,22.85,22.900236,rain,0.1,0.0,16.831684,38.519997,64.07011,983.22864,
55.3_37.21,2024-10-05 18:00:00,10.3,8.261947,none,0.0,0.0,7.2,14.04,74.93918,993.3212,
55.41_37.18,2024-07-17 22:00:00,23.75,23.656086,none,0.0,0.0,7.729527,12.959999,51.79887,995.88257,
55.41_37.19,2024-07-28 21:00:00,20.55,22.54398,none,0.0,0.0,1.2979984,4.32,76.6197,988.7574,
55.41_37.2,2024-09-07 22:00:00,16.65,15.454931,none,0.0,0.0,6.0347,7.2,59.800396,1006.37476,
55.41_37.24,2024-09-20 00:00:00,12.7,11.214533,none,0.0,0.0,8.12197,15.84,77.413376,1004.817,
55.41_37.25,2024-07-06 13:00:00,21.75,20.356771,none,0.0,0.0,16.78156,37.44,44.11532,992.0187,
55.41_37.38,2024-09-21 10:00:00,17.8,16.827213,none,0.0,0.0,12.7279215,28.44,72.54612,999.62665,
55.41_37.47,2024-07-15 16:00:00,27.5,28.823414,rain,0.2,0.0,13.708391,28.8,59.461388,998.14844,
55.42_37.4,2024-08-26 12:00:00,25.9,28.385433,none,0.0,0.0,3.5455887,13.32,57.610302,1001.41504,
55.42_37.41,2024-08-20 15:00:00,24.4,25.692463,rain,0.1,0.0,13.138765,29.519999,70.33266,994.2912,
55.43_36.87,2024-07-23 11:00:00,21.35,20.089434,none,0.0,0.0,14.345898,32.039997,57.621532,988.6247,
55.43_37.28,2024-08-26 16:00:00,27.55,29.100021,none,0.0,0.0,1.4399999,6.8399997,47.054523,998.68414,
55.44_36.87,2024-06-21 16:00:00,20.95,17.37203,none,0.0,0.0,21.203358,45.36,43.742466,983.9434,
55.45_36.95,2024-09-03 16:00:00,24.55,22.46007,none,0.0,0.0,10.296251,24.48,34.220383,1004.52466,
55.46_36.92,2024-08-13 09:00:00,15.8,13.763025,none,0.0,0.0,16.299694,33.12,73.63457,982.98004,
55.46_37.29,2024-06-07 16:00:00,22.2,19.73007,none,0.0,0.0,20.633371,42.839996,51.562687,988.44806,
55.46_37.3,2024-08-31 22:00:00,18.05,17.65591,none,0.0,0.0,7.289444,11.159999,68.43271,1000.7326,
55.47_37.26,2024-05-19 13:00:00,17.95,16.90532,none,0.0,0.0,8.669949,24.119999,39.1667,997.3969,
55.47_37.3,2024-08-09 15:00:00,21.0,20.293306,rain,0.1,0.0,12.538134,27.359999,62.23271,987.9668,
55.47_37.31,2024-10-10 08:00:00,6.1,3.1027231,none,0.0,0.0,10.196647,20.519999,83.711105,990.8105,
55.47_37.54,2024-09-12 20:00:00,21.85,18.284384,none,0.0,0.0,18.844202,39.96,37.75215,999.75446,
55.48_36.94,2024-09-29 11:00:00,18.35,15.667824,none,0.0,0.0,19.9954,39.6,61.216934,991.0672,
55.48_37.28,2024-05-28 00:00:00,13.35,11.464104,none,0.0,0.0,7.42159,11.5199995,64.75362,1004.2569,
55.48_37.3,2024-06-07 16:00:00,22.65,20.48737,none,0.0,0.0,20.633371,43.56,51.341965,987.91223,
55.48_37.34,2024-09-09 21:00:00,18.2,16.854012,none,0.0,0.0,9.726665,17.64,59.57141,997.3828,
55.48_37.52,2024-07-09 17:00:00,29.65,30.239346,none,0.0,0.0,5.6920996,15.4800005,39.30712,998.3151,
55.48_37.53,2024-05-23 07:00:00,11.4,8.330656,none,0.0,0.0,10.041354,20.519999,56.482803,1007.1506,
55.48_37.54,2024-05-10 21:00:00,8.2,5.1558523,none,0.0,0.0,12.24,23.4,79.144295,988.4021,
55.48_37.54,2024-07-23 17:00:00,22.5,19.913078,none,0.0,0.0,14.57889,28.8,40.06048,993.0051,
55.49_37.3,2024-06-13 10:00:00,23.25,25.679543,none,0.0,0.0,1.484318,17.28,69.67511,987.8123,
55.49_37.3,2024-06-13 15:00:00,20.9,20.032059,none,0.0,0.0,16.75064,34.56,67.89702,988.7642,
55.49_37.51,2024-08-15 15:00:00,20.5,18.382141,none,0.0,0.0,17.068707,34.2,49.595543,997.44116,
55.49_37.56,2024-09-08 20:00:00,16.9,15.327507,none,0.0,0.0,9.36,12.599999,60.468403,1006.3872,
55.49_37.57,2024-09-14 02:00:00,16.7,14.37945,none,0.0,0.0,11.983188,20.880001,55.70267,1003.80426,
55.4_37.19,2024-06-29 13:00:00,27.85,30.06577,none,0.0,0.0,5.0142193,18.359999,46.984207,991.3142,
55.4_37.24,2024-06-05 05:00:00,15.4,15.590168,none,0.0,0.0,9.0,16.56,94.67752,987.6834,
55.4_37.24,2024-07-03 19:00:00,25.3,26.464579,none,0.0,0.0,11.966953,24.119999,63.991924,984.1624,
55.4_37.44,2024-07-22 08:00:00,18.65,20.138823,rain,0.7,0.0,4.3498964,16.199999,85.39478,992.8122,
55.4_37.44,2024-08-09 14:00:00,21.7,21.165813,none,0.0,0.0,11.592894,24.48,60.0088,992.9701,
55.4_37.44,2024-08-30 00:00:00,15.75,15.505081,none,0.0,0.0,6.830519,11.159999,80.48673,1008.31146,
55.51_37.24,2024-09-08 16:00:00,24.1,23.196604,none,0.0,0.0,5.506941,13.32,39.83957,1006.95245,
55.51_37.44,2024-06-27 18:00:00,23.0,22.62138,none,0.0,0.0,9.449572,20.519999,53.844925,996.4701,
55.51_37.55,2024-05-22 07:00:00,13.3,10.955629,none,0.0,0.0,10.163227,20.16,63.859276,1000.9391,
55.51_37.55,2024-07-23 18:00:00,22.3,19.87681,none,0.0,0.0,13.281023,28.8,40.276306,994.21716,
55.51_37.56,2024-05-24 08:00:00,15.1,12.398567,none,0.0,0.0,6.638072,18.0,42.223473,1012.6208,
55.51_37.56,2024-06-12 13:00:00,27.05,29.228817,rain,0.3,0.0,14.182355,33.12,61.050877,988.5538,
55.51_37.56,2024-09-26 15:00:00,20.1,15.701126,none,0.0,0.0,19.800817,37.8,33.535915,998.9392,
55.52_37.33,2024-07-14 16:00:00,29.1,30.933086,none,0.0,0.0,7.2,19.44,51.045208,993.9215,
55.52_37.37,2024-07-13 08:00:00,22.4,23.044056,none,0.0,0.0,5.991594,20.880001,61.35066,996.7275,
55.52_37.38,2024-05-09 05:00:00,-1.6,-7.2203894,none,0.0,1.0,18.899143,37.8,73.3235,1000.73126,
55.52_37.39,2024-05-21 09:00:00,20.05,20.064606,none,0.0,0.0,6.297428,16.919998,63.661945,1000.39136,
55.52_37.5,2024-09-07 21:00:00,18.2,16.934603,none,0.0,0.0,6.151683,7.2,53.496952,1008.7296,
55.52_37.58,2024-08-07 03:00:00,14.25,14.566065,none,0.0,0.0,5.904439,8.28,96.18316,987.6835,
55.53_37.16,2024-06-14 20:00:00,19.6,20.877409,none,0.0,0.0,4.6938252,6.8399997,78.45552,993.2544,
55.53_37.21,2024-10-08 10:00:00,12.45,11.623002,rain,0.4,0.0,9.826088,20.16,96.76584,980.4337,
55.53_37.22,2024-08-02 05:00:00,12.4,11.247663,none,0.0,0.0,11.620809,21.24,95.81213,979.08374,
55.53_37.39,2024-07-05 13:00:00,21.95,23.419336,rain,0.1,0.0,12.10157,31.68,81.81414,987.97845,
55.53_37.44,2024-08-24 16:00:00,22.15,21.518415,none,0.0,0.0,10.144082,20.880001,55.05298,1001.383,
55.53_37.45,2024-05-24 05:00:00,6.55,4.041539,none,0.0,0.0,6.193674,11.879999,78.341545,1011.69293,
55.53_37.45,2024-09-22 12:00:00,12.95,9.952455,none,0.0,0.0,8.669949,22.68,48.53793,1001.6348,
55.53_37.51,2024-08-29 20:00:00,19.3,18.979082,none,0.0,0.0,7.5685663,11.879999,64.758675,1005.6268,
55.53_37.52,2024-08-20 13:00:00,23.75,25.12334,rain,0.1,0.0,13.556282,29.16,74.51521,994.21643,
55.53_37.52,2024-09-11 20:00:00,21.0,19.032574,none,0.0,0.0,13.684735,23.759998,49.564182,997.58716,
55.53_37.58,2024-06-20 19:00:00,14.5,11.348626,none,0.0,0.0,21.915691,52.56,74.893425,984.5585,
55.53_37.58,2024-07-06 15:00:00,22.6,20.187696,none,0.0,0.0,19.809813,39.96,40.088856,995.0701,
55.54_37.17,2024-07-05 19:00:00,23.05,25.284445,rain,2.4,0.0,8.64,25.199999,79.19734,982.8093,
55.54_37.18,2024-07-23 19:00:00,21.15,20.434883,none,0.0,0.0,6.193674,23.039999,50.945595,991.1578,
55.54_37.19,2024-07-30 15:00:00,18.9,17.522736,rain,0.3,0.0,18.359999,41.039997,73.21678,977.59283,
55.54_37.39,2024-07-04 12:00:00,30.65,32.94365,none,0.0,0.0,12.287555,28.08,45.67398,991.0002,
55.54_37.41,2024-09-05 18:00:00,16.4,14.7465515,none,0.0,0.0,7.754637,17.64,57.55283,1009.57404,
55.54_37.46,2024-07-03 21:00:00,22.5,24.492296,none,0.0,0.0,6.6185193,16.56,76.20035,988.8134,
55.54_37.48,2024-07-03 19:00:00,28.15,28.87614,none,0.0,0.0,13.281023,36.719997,52.266087,985.3052,
55.54_37.49,2024-09-20 19:00:00,15.3,13.676275,none,0.0,0.0,10.661107,18.359999,69.25384,1002.58307,
55.54_37.5,2024-05-20 17:00:00,22.35,19.406847,none,0.0,0.0,13.779114,26.64,35.381687,993.189,
55.54_37.5,2024-07-29 13:00:00,21.55,20.204313,none,0.0,0.0,21.413193,43.199997,58.620377,979.22485,
55.54_37.51,2024-07-20 20:00:00,20.9,20.637192,none,0.0,0.0,10.464797,23.039999,64.265434,987.8495,
55.54_37.51,2024-09-02 21:00:00,19.65,17.376284,none,0.0,0.0,11.570515,20.16,46.12805,1005.6536,
55.54_37.51,2024-10-02 15:00:00,19.0,16.517889,none,0.0,0.0,12.241323,25.56,46.579823,996.2766,
55.54_37.52,2024-05-23 21:00:00,11.8,8.491172,none,0.0,0.0,10.44,17.64,51.23845,1008.10815,
55.54_37.52,2024-05-25 18:00:00,20.9,18.918388,none,0.0,0.0,6.87779,22.68,38.13281,1004.60596,
55.54_37.52,2024-06-09 20:00:00,17.2,15.552359,none,0.0,0.0,6.1094027,9.72,51.27124,989.68005,
55.54_37.52,2024-06-21 18:00:00,20.3,18.02574,none,0.0,0.0,15.7908325,36.0,51.748352,987.9863,
55.54_37.52,2024-06-24 19:00:00,17.75,17.141415,none,0.0,0.0,7.5599995,17.28,67.25344,989.1116,
55.54_37.53,2024-07-18 14:00:00,27.8,29.4301,rain,0.2,0.0,6.638072,19.08,52.840878,993.5739,
55.54_37.54,2024-09-29 20:00:00,12.2,9.663762,none,0.0,0.0,15.602999,27.72,80.80932,997.8374,
55.54_37.56,2024-05-19 13:00:00,17.5,16.589697,none,0.0,0.0,8.942214,23.4,42.91376,998.6101,
55.54_37.57,2024-06-14 12:00:00,21.8,20.929863,none,0.0,0.0,16.595179,36.0,53.713818,989.47974,
55.54_37.58,2024-05-20 21:00:00,16.6,13.403807,none,0.0,0.0,15.137133,26.28,49.71987,995.1402,
55.54_37.58,2024-06-27 17:00:00,24.35,22.48754,none,0.0,0.0,14.869351,35.64,43.090736,993.50775,
55.54_37.58,2024-06-28 22:00:00,19.7,19.152042,none,0.0,0.0,6.9247384,11.159999,59.14271,995.8375,
55.54_37.58,2024-07-14 20:00:00,26.35,28.917793,none,0.0,0.0,4.379589,9.72,62.63323,989.46277,
55.54_37.58,2024-09-27 18:00:00,15.4,11.049047,rain,0.9,0.0,31.959505,59.399998,75.04543,990.09796,
55.55_37.33,2024-05-14 17:00:00,11.75,8.690308,none,0.0,0.0,7.172949,16.56,46.664604,1002.3425,
55.55_37.33,2024-06-24 08:00:00,16.55,15.68722,none,0.0,0.0,6.9153743,17.28,67.22742,992.0879,
55.55_37.34,2024-10-04 11:00:00,12.65,9.523207,rain,0.1,0.0,11.35285,26.28,54.653053,995.67194,
55.55_37.49,2024-06-25 08:00:00,17.6,15.558918,none,0.0,0.0,14.003028,28.8,60.837555,993.1884,
55.55_37.51,2024-06-08 12:00:00,21.4,20.334602,none,0.0,0.0,11.592894,27.359999,41.40941,988.5861,
55.55_37.51,2024-06-24 14:00:00,20.2,18.567133,rain,0.1,0.0,12.849528,27.0,49.68137,987.76447,
55.55_37.51,2024-08-14 20:00:00,17.0,14.537104,none,0.0,0.0,13.0447235,25.919998,54.839195,989.79987,
55.55_37.52,2024-06-29 07:00:00,22.85,24.549889,none,0.0,0.0,6.489992,15.84,71.38179,994.792,
55.55_37.52,2024-07-07 06:00:00,17.0,17.054834,none,0.0,0.0,4.2136917,13.679999,73.11969,1001.7465,
55.55_37.53,2024-08-11 14:00:00,19.0,16.381351,rain,0.1,0.0,19.969458,40.32,59.564762,981.93805,
55.55_37.53,2024-08-19 18:00:00,24.05,26.025898,none,0.0,0.0,5.04,9.0,67.029236,990.9292,
55.55_37.53,2024-10-10 15:00:00,10.6,7.267782,none,0.0,0.0,15.5395355,30.239998,71.69926,992.18695,
55.55_37.54,2024-06-22 14:00:00,20.35,17.273567,none,0.0,0.0,18.11841,38.16,46.009594,987.05756,
55.55_37.54,2024-08-10 06:00:00,14.35,14.789507,none,0.0,0.0,6.4096174,14.4,99.034256,990.0232,
55.55_37.54,2024-08-16 18:00:00,22.0,20.376589,none,0.0,0.0,14.291592,32.039997,51.340126,992.02216,
55.55_37.54,2024-10-02 17:00:00,17.4,14.899855,none,0.0,0.0,12.284918,22.68,51.32493,995.6926,
55.55_37.55,2024-08-12 15:00:00,18.05,14.745174,none,0.0,0.0,21.611996,46.8,56.99658,980.5287,
55.55_37.55,2024-09-01 19:00:00,22.4,21.939615,none,0.0,0.0,8.854829,14.4,54.04447,1002.7701,
55.55_37.56,2024-07-10 19:00:00,22.95,20.924538,none,0.0,0.0,11.440978,24.84,40.052456,1002.9249,
55.55_37.59,2024-05-22 23:00:00,13.1,8.640432,none,0.0,0.0,17.447933,31.68,44.590992,1001.60046,
55.55_37.59,2024-07-19 11:00:00,21.8,22.411657,none,0.0,0.0,10.630672,23.039999,70.73691,990.52356,
55.55_37.59,2024-07-21 00:00:00,17.05,16.864296,none,0.0,0.0,9.826088,16.56,81.45198,985.64453,
55.55_37.59,2024-07-27 17:00:00,26.3,24.269855,none,0.0,0.0,10.137692,21.24,31.15646,991.93024,
55.55_37.59,2024-08-13 10:00:00,16.45,14.82929,none,0.0,0.0,15.815435,37.8,75.96712,983.412,
55.55_37.59,2024-08-16 12:00:00,21.1,19.386898,none,0.0,0.0,19.05281,38.519997,53.35654,992.4249,
55.55_37.59,2024-09-18 10:00:00,18.75,18.563377,none,0.0,0.0,4.0249224,12.959999,61.92248,1010.8395,
55.55_37.59,2024-09-23 20:00:00,8.55,5.8203077,none,0.0,0.0,8.4963045,10.440001,71.30613,999.0241,
55.56_37.15,2024-08-01 03:00:00,13.5,12.758507,none,0.0,0.0,10.464798,19.8,93.6747,979.79553,
55.56_37.18,2024-10-11 22:00:00,9.75,6.25795,none,0.0,0.0,18.762356,35.28,83.28161,991.60406,
55.56_37.32,2024-08-27 17:00:00,27.4,28.456375,none,0.0,0.0,4.6938252,12.959999,47.317307,1001.38824,
55.56_37.33,2024-08-16 11:00:00,20.2,18.878284,none,0.0,0.0,16.981165,36.0,61.242535,996.35846,
55.56_37.33,2024-10-08 19:00:00,12.5,12.054159,rain,0.2,0.0,7.653705,14.4,97.72716,986.69305,
55.56_37.36,2024-05-17 16:00:00,19.75,16.4658,none,0.0,0.0,14.8257065,31.319998,39.13909,995.1549,
55.56_37.45,2024-05-25 15:00:00,22.05,19.611881,none,0.0,0.0,14.973577,32.039997,31.470345,1006.41315,
55.56_37.45,2024-06-06 22:00:00,17.35,18.649416,none,0.0,0.0,6.638072,9.36,94.75494,985.43243,
55.56_37.47,2024-06-17 10:00:00,22.8,22.839437,none,0.0,0.0,20.163212,42.48,75.06104,989.27136,
55.56_37.47,2024-06-19 20:00:00,21.85,21.823746,none,0.0,0.0,11.753877,20.519999,65.307175,988.62006,
55.56_37.49,2024-06-01 20:00:00,24.25,25.649086,none,0.0,0.0,6.638072,10.440001,62.960594,993.8106,
55.56_37.49,2024-06-19 07:00:00,18.15,17.4421,none,0.0,0.0,16.311613,34.56,81.856346,991.9697,
55.56_37.55,2024-07-31 13:00:00,18.8,17.244757,rain,0.1,0.0,16.489416,32.399998,67.69125,978.515,
55.56_37.55,2024-09-24 22:00:00,12.45,9.138346,none,0.0,0.0,12.620554,21.96,55.374516,997.12683,
55.56_37.56,2024-09-28 15:00:00,22.7,20.698376,none,0.0,0.0,26.354483,56.88,63.628414,987.32904,
55.56_37.58,2024-06-05 18:00:00,24.75,24.815632,none,0.0,0.0,5.3517847,11.5199995,47.062,986.3336,
55.56_37.59,2024-06-14 18:00:00,21.2,19.922798,none,0.0,0.0,10.661107,24.84,51.813034,993.62634,
55.56_37.59,2024-08-31 13:00:00,25.05,25.20494,none,0.0,0.0,9.422101,23.4,48.389732,1004.9708,
55.56_37.59,2024-09-06 11:00:00,18.85,18.09657,none,0.0,0.0,5.8603754,16.56,57.57888,1012.98956,
55.56_37.59,2024-09-28 11:00:00,16.15,14.070267,rain,1.4,0.0,22.571884,39.96,85.687614,990.7486,
55.56_37.59,2024-10-05 21:00:00,9.0,6.348364,none,0.0,0.0,11.953409,20.880001,83.76529,998.5209,
55.57_37.3,2024-07-07 15:00:00,25.15,25.618702,none,0.0,0.0,8.350138,21.24,42.886406,1001.1069,
55.57_37.36,2024-09-16 21:00:00,15.85,13.990944,none,0.0,0.0,8.905908,15.84,59.002388,1006.3489,
55.57_37.45,2024-08-07 14:00:00,22.85,23.267365,none,0.0,0.0,7.289445,17.64,59.31357,988.6205,
55.57_37.45,2024-08-10 03:00:00,12.45,12.443119,none,0.0,0.0,5.315336,9.72,100.0,989.8168,
55.57_37.45,2024-08-19 00:00:00,19.35,20.438278,none,0.0,0.0,5.315336,9.72,78.418976,991.4952,
55.57_37.45,2024-09-09 16:00:00,25.15,23.733463,none,0.0,0.0,9.021574,18.72,37.415382,1000.5196,
55.57_37.46,2024-10-03 20:00:00,11.5,8.685827,none,0.0,0.0,9.82114,14.04,60.842365,993.5058,
55.57_37.48,2024-06-28 23:00:00,19.25,18.457539,none,0.0,0.0,7.8625183,12.24,59.427242,994.453,
55.57_37.49,2024-05-10 18:00:00,10.85,6.4681168,none,0.0,0.0,18.72346,35.64,57.552948,984.9346,
55.57_37.49,2024-06-26 11:00:00,20.2,18.160606,none,0.0,0.0,20.49156,41.760002,53.478462,989.245,
55.57_37.49,2024-08-25 12:00:00,24.35,26.470268,none,0.0,0.0,4.6938257,15.119999,61.598217,998.16187,
55.57_37.5,2024-08-06 10:00:00,20.85,21.869274,none,0.0,0.0,7.42159,20.880001,74.264404,986.1654,
55.57_37.56,2024-06-14 15:00:00,22.2,20.61789,none,0.0,0.0,14.007655,30.599998,50.718254,988.6468,
55.57_37.56,2024-07-31 22:00:00,15.4,14.309788,none,0.0,0.0,14.707222,26.64,87.303085,983.21246,
55.57_37.56,2024-09-18 13:00:00,22.95,22.22639,none,0.0,0.0,2.968636,12.959999,40.73461,1008.5101,
55.57_37.57,2024-07-09 02:00:00,19.25,19.69413,none,0.0,0.0,5.0142193,10.08,70.0269,999.1025,
55.57_37.57,2024-07-15 13:00:00,28.8,32.287212,rain,0.2,0.0,6.4799995,19.44,56.16628,993.4855,
55.57_37.57,2024-09-13 20:00:00,20.75,18.200052,none,0.0,0.0,13.979872,27.359999,43.984196,1002.2438,
55.57_37.57,2024-09-18 16:00:00,22.3,21.905148,none,0.0,0.0,1.835647,5.7599998,44.120487,1009.9824,
55.57_37.58,2024-06-03 17:00:00,21.4,19.337578,none,0.0,0.0,20.767975,43.56,58.96833,987.25964,
55.57_37.58,2024-08-02 16:00:00,21.2,19.987478,rain,0.1,0.0,11.592895,25.199999,53.914738,982.99744,
55.57_37.58,2024-08-26 17:00:00,27.35,28.907623,none,0.0,0.0,2.1897945,7.2,48.53359,1000.4811,
55.57_37.59,2024-07-02 07:00:00,23.65,26.25604,none,0.0,0.0,7.5942082,17.64,78.546906,987.9304,
55.57_37.6,2024-06-01 13:00:00,28.45,26.705809,none,0.0,0.0,14.578888,30.960001,31.862425,996.4799,
55.57_37.6,2024-07-03 13:00:00,30.65,30.672688,none,0.0,0.0,22.127556,46.44,41.794888,985.6365,
55.57_37.6,2024-07-10 17:00:00,25.1,22.415886,none,0.0,0.0,14.973576,31.68,33.91272,1003.0791,
55.57_37.6,2024-07-15 21:00:00,24.3,26.743465,none,0.0,0.0,6.2145634,11.159999,72.09405,997.0225,
55.57_37.6,2024-07-19 09:00:00,19.95,21.046494,rain,0.7,0.0,13.556282,27.359999,90.51082,992.5054,
55.57_37.6,2024-08-30 08:00:00,16.45,16.62482,none,0.0,0.0,6.9899354,15.4800005,83.79326,1009.07477,
55.57_37.6,2024-09-18 08:00:00,13.7,12.769714,none,0.0,0.0,6.489992,12.24,78.35158,1013.11,
55.57_37.6,2024-09-25 23:00:00,16.0,11.712354,none,0.0,0.0,19.3104,33.839996,44.007004,1002.1109,
55.57_37.6,2024-09-28 10:00:00,14.85,12.68325,rain,1.3,0.0,22.090187,42.48,90.44432,991.4599,
55.57_37.62,2024-07-03 21:00:00,24.55,25.824816,none,0.0,0.0,11.525623,25.199999,67.341896,987.3016,
55.57_37.62,2024-08-11 22:00:00,14.25,12.709616,none,0.0,0.0,11.165805,18.359999,76.88023,983.35956,
55.57_37.63,2024-06-15 20:00:00,18.3,18.282883,none,0.0,0.0,9.531505,11.5199995,77.00931,994.8159,
55.57_37.63,2024-06-25 06:00:00,12.55,10.883789,none,0.0,0.0,12.229406,19.08,86.45802,993.5163,
55.57_37.64,2024-05-17 23:00:00,10.8,7.8119287,none,0.0,0.0,13.104198,22.68,70.50697,997.8982,
55.57_37.65,2024-07-18 18:00:00,26.1,27.660128,none,0.0,0.0,3.5455887,13.679999,53.936207,993.1899,
55.57_37.65,2024-08-17 09:00:00,19.95,20.384937,none,0.0,0.0,9.793059,20.16,75.551956,991.6183,
55.57_37.65,2024-10-01 14:00:00,17.7,14.754555,none,0.0,0.0,17.673029,33.839996,55.205807,1000.1125,
55.57_37.66,2024-06-23 16:00:00,21.2,20.305521,none,0.0,0.0,5.904439,15.84,45.47245,987.3971,
55.57_37.66,2024-10-08 20:00:00,12.25,11.837696,none,0.0,0.0,6.873078,11.879999,97.722755,985.3044,
55.57_37.67,2024-06-22 23:00:00,15.35,14.395615,none,0.0,0.0,6.849467,12.24,70.90573,989.947,
55.57_37.67,2024-07-13 10:00:00,25.35,26.305416,none,0.0,0.0,10.1376915,22.68,57.295128,997.2452,
55.57_37.67,2024-09-06 16:00:00,22.15,20.833595,none,0.0,0.0,5.692099,14.4,40.64577,1012.5968,
55.57_37.68,2024-06-26 21:00:00,17.7,16.659134,none,0.0,0.0,9.779817,20.880001,65.92148,994.399,
55.57_37.68,2024-07-07 18:00:00,25.6,24.503077,none,0.0,0.0,9.511088,17.64,39.86293,1004.2057,
55.57_37.69,2024-05-23 14:00:00,18.05,15.539915,none,0.0,0.0,14.84318,31.319998,35.129467,1009.87897,
55.57_37.69,2024-06-30 06:00:00,20.55,22.073292,none,0.0,0.0,7.8625183,13.679999,82.41553,995.22034,
55.58_37.16,2024-09-09 15:00:00,24.75,23.53521,none,0.0,0.0,8.707237,19.8,39.75641,1002.4522,
55.58_37.17,2024-08-01 21:00:00,14.85,13.67141,none,0.0,0.0,12.015589,22.68,82.242546,981.8204,
55.58_37.24,2024-06-15 00:00:00,13.9,13.883881,none,0.0,0.0,5.04,6.4799995,90.08051,991.867,
55.58_37.4,2024-12-14 14:00:00,-4.5,-9.1336975,snow,0.2,20.0,11.843124,23.759998,88.24275,989.57904,
55.58_37.44,2024-05-27 09:00:00,18.8,17.186375,none,0.0,0.0,10.308831,24.119999,46.843674,1005.15234,
55.58_37.46,2024-05-24 21:00:00,12.95,10.16161,none,0.0,0.0,8.699793,14.04,52.65552,1005.0284,
55.58_37.47,2024-05-17 10:00:00,16.9,16.315577,none,0.0,0.0,8.473393,25.56,67.97423,989.3599,
55.58_37.47,2024-05-24 17:00:00,20.3,17.98501,none,0.0,0.0,4.1046314,15.119999,30.643364,1005.98346,
55.58_37.47,2024-05-31 17:00:00,27.8,26.291962,none,0.0,0.0,9.1641035,22.319998,31.469202,990.2362,
55.58_37.47,2024-06-01 13:00:00,28.0,25.949104,none,0.0,0.0,14.830076,33.12,32.165512,989.10626,
55.58_37.47,2024-06-16 20:00:00,20.65,20.307198,rain,0.3,0.0,11.631956,25.919998,66.32813,988.01044,
55.58_37.47,2024-09-09 08:00:00,14.95,14.335472,none,0.0,0.0,7.072878,14.759999,79.05971,998.154,
55.58_37.48,2024-07-15 17:00:00,27.6,29.583809,none,0.0,0.0,8.534353,25.56,58.38045,990.2491,
55.58_37.52,2024-05-23 08:00:00,12.95,9.757111,none,0.0,0.0,10.823973,23.4,50.828754,998.5724,
55.58_37.57,2024-07-25 17:00:00,24.7,23.038431,none,0.0,0.0,10.703569,25.56,38.433395,987.9323,
55.58_37.57,2024-09-08 09:00:00,17.7,18.184566,none,0.0,0.0,2.2768397,9.72,72.05442,1009.28546,
55.58_37.57,2024-09-16 17:00:00,23.1,21.543869,none,0.0,0.0,7.9526596,21.24,39.289776,1006.8875,
55.58_37.58,2024-07-29 12:00:00,19.65,19.363583,rain,0.1,0.0,18.075441,37.8,83.09363,979.0626,
55.58_37.58,2024-08-16 17:00:00,22.6,20.372078,none,0.0,0.0,17.072504,35.64,47.412384,993.5346,
55.58_37.58,2024-09-25 15:00:00,21.25,18.373924,none,0.0,0.0,17.46,33.839996,44.725212,1000.31854,
55.58_37.58,2024-09-27 18:00:00,15.4,11.049047,rain,0.9,0.0,31.959505,59.399998,75.04543,990.91565,
55.58_37.59,2024-06-29 11:00:00,26.8,28.571346,none,0.0,0.0,6.6087217,19.8,53.76989,993.56464,
55.58_37.59,2024-09-09 22:00:00,18.0,16.549145,none,0.0,0.0,10.446206,17.28,60.324528,998.5521,
55.58_37.59,2024-09-12 17:00:00,25.45,22.272106,none,0.0,0.0,21.385939,38.16,37.125195,997.8309,
55.58_37.6,2024-06-06 08:00:00,20.05,21.75452,none,0.0,0.0,2.0364676,15.4800005,76.78651,985.7652,
55.58_37.6,2024-06-18 22:00:00,18.55,17.104185,none,0.0,0.0,20.082708,33.48,77.29732,988.29865,
55.58_37.6,2024-07-04 17:00:00,30.2,30.301594,none,0.0,0.0,11.4862,26.28,40.48717,988.81104,
55.58_37.6,2024-07-08 21:00:00,21.75,22.061268,none,0.0,0.0,8.4042845,10.440001,64.03603,997.8115,
55.58_37.6,2024-07-27 04:00:00,11.9,11.216866,none,0.0,0.0,5.5887027,6.4799995,90.533936,992.594,
55.58_37.6,2024-08-16 18:00:00,20.8,19.25347,none,0.0,0.0,15.072783,27.359999,57.486855,992.18115,
55.58_37.6,2024-09-06 13:00:00,20.65,20.01201,none,0.0,0.0,6.87779,19.08,48.974453,1011.216,
55.58_37.6,2024-09-17 13:00:00,23.15,22.608551,none,0.0,0.0,8.654986,20.519999,49.32092,1011.35254,
55.58_37.61,2024-07-13 13:00:00,26.0,27.323065,none,0.0,0.0,9.957108,23.039999,60.240345,992.8743,
55.58_37.61,2024-09-10 19:00:00,20.6,19.637184,none,0.0,0.0,8.404285,18.72,53.581997,995.9449,
55.58_37.64,2024-06-07 19:00:00,20.0,17.917948,none,0.0,0.0,18.089775,40.68,59.21471,987.9451,
55.58_37.64,2024-07-07 15:00:00,26.1,26.332647,none,0.0,0.0,4.1046314,13.32,37.433193,1001.98926,
55.58_37.64,2024-09-01 17:00:00,28.0,27.793701,none,0.0,0.0,8.714677,19.8,40.5333,1002.3532,
55.58_37.65,2024-05-15 12:00:00,13.15,10.564818,none,0.0,0.0,6.849467,18.0,50.7041,1004.8078,
55.58_37.65,2024-09-26 22:00:00,16.45,12.497297,none,0.0,0.0,18.11215,34.2,45.22978,995.83325,
55.58_37.66,2024-09-16 20:00:00,17.75,15.826851,none,0.0,0.0,9.0,16.199999,51.59426,1008.12866,
55.58_37.67,2024-05-20 17:00:00,21.45,18.867039,none,0.0,0.0,14.291592,24.48,42.27727,995.93054,
55.58_37.67,2024-09-21 22:00:00,15.45,12.817074,none,0.0,0.0,17.581125,29.88,68.590675,996.8358,
55.58_37.68,2024-06-02 07:00:00,19.4,20.347515,none,0.0,0.0,3.4152596,10.799999,72.83245,995.6558,
55.58_37.68,2024-06-07 18:00:00,21.25,18.576317,none,0.0,0.0,21.817902,40.32,54.285034,990.11145,
55.58_37.68,2024-06-13 07:00:00,20.0,22.105188,none,0.0,0.0,4.0249224,11.5199995,85.53358,990.2307,
55.58_37.68,2024-06-29 18:00:00,28.85,29.65343,none,0.0,0.0,4.73506,6.8399997,41.701935,994.39886,
55.58_37.68,2024-07-26 14:00:00,23.6,22.777342,none,0.0,0.0,9.449572,22.68,39.034473,992.7486,
55.58_37.68,2024-07-29 17:00:00,19.45,16.96879,none,0.0,0.0,17.906157,37.079998,55.83718,981.55695,
55.58_37.68,2024-08-13 16:00:00,18.95,16.716911,none,0.0,0.0,17.429354,32.399998,59.94954,987.4472,
55.58_37.68,2024-08-16 00:00:00,11.75,9.76974,none,0.0,0.0,10.703569,17.28,79.93205,995.2858,
55.58_37.68,2024-09-09 20:00:00,19.3,17.99799,none,0.0,0.0,9.028754,14.759999,54.87473,1000.5145,
55.58_37.68,2024-09-13 13:00:00,25.65,21.999126,none,0.0,0.0,24.458813,43.92,34.76544,1003.0488,
55.58_37.68,2024-09-28 15:00:00,23.1,20.772217,none,0.0,0.0,27.792374,53.639996,60.920994,991.07684,
55.58_37.69,2024-06-10 07:00:00,17.25,16.430601,none,0.0,0.0,8.473393,17.64,68.271225,990.8673,
55.58_37.69,2024-06-17 22:00:00,19.25,20.70245,none,0.0,0.0,11.592895,19.44,95.424706,988.1796,
55.58_37.69,2024-06-19 12:00:00,23.9,23.780514,rain,0.1,0.0,16.394829,32.399998,51.50127,995.7563,
55.58_37.69,2024-07-17 08:00:00,22.85,25.380863,none,0.0,0.0,6.6087217,16.199999,80.16215,1000.1914,
55.58_37.69,2024-07-23 18:00:00,22.3,20.343224,none,0.0,0.0,12.074766,27.359999,43.385105,994.10284,
55.58_37.69,2024-08-25 08:00:00,19.7,21.287703,none,0.0,0.0,4.510787,13.32,81.5304,1001.8951,
55.58_37.69,2024-10-10 15:00:00,10.7,7.3952637,none,0.0,0.0,15.275627,27.359999,70.977455,993.6995,
55.58_37.7,2024-06-17 16:00:00,24.3,25.52347,rain,0.3,0.0,16.563911,33.12,74.838326,990.2819,
55.58_37.7,2024-09-04 14:00:00,20.85,18.794792,none,0.0,0.0,17.477621,35.28,52.763546,1009.2142,
55.58_37.71,2024-06-17 08:00:00,20.6,20.333193,none,0.0,0.0,18.514643,33.839996,79.35229,991.16364,
55.58_37.71,2024-07-10 09:00:00,21.9,21.762268,none,0.0,0.0,12.387348,25.56,64.89914,1004.66644,
55.59_37.21,2024-09-22 16:00:00,12.9,9.697185,none,0.0,0.0,7.771331,18.72,42.18954,999.71356,
55.59_37.22,2024-10-11 08:00:00,7.5,4.144083,none,0.0,0.0,16.546299,30.239998,91.784164,992.0175,
55.59_37.3,2024-10-04 19:00:00,10.55,8.51848,rain,0.5,0.0,13.3649235,25.56,94.1611,987.06866,
55.59_37.35,2024-08-06 17:00:00,22.45,23.197966,none,0.0,0.0,4.39436,12.24,59.79663,987.24097,
55.59_37.38,2024-06-27 12:00:00,23.7,22.78512,none,0.0,0.0,16.575644,35.28,43.775875,992.97614,
55.59_37.38,2024-07-04 19:00:00,27.05,26.919716,none,0.0,0.0,16.676977,32.760002,52.817547,986.7341,
55.59_37.43,2024-06-07 21:00:00,18.85,16.947477,none,0.0,0.0,15.7908325,29.16,61.536804,988.3663,
55.59_37.43,2024-06-22 13:00:00,20.4,17.296804,none,0.0,0.0,19.09358,37.8,44.185738,988.05817,
55.59_37.45,2024-08-11 13:00:00,17.05,15.540903,rain,1.9,0.0,19.13426,40.68,74.09585,980.80414,
55.59_37.48,2024-06-17 00:00:00,18.45,17.008537,rain,1.7,0.0,19.8,33.839996,77.28193,989.6272,
55.59_37.48,2024-07-13 10:00:00,24.5,25.69813,rain,0.7,0.0,10.041354,24.48,63.81864,990.235,
55.59_37.52,2024-06-21 09:00:00,17.85,15.80739,none,0.0,0.0,18.374111,37.8,60.288933,985.4164,
55.59_37.52,2024-08-12 03:00:00,11.15,9.112192,none,0.0,0.0,14.578888,25.56,94.187874,978.124,
55.59_37.53,2024-07-09 11:00:00,26.85,28.645779,none,0.0,0.0,6.763786,19.44,48.400677,998.01666,
55.59_37.53,2024-07-13 12:00:00,25.9,27.852875,none,0.0,0.0,8.78872,22.319998,61.753036,992.06195,
55.59_37.53,2024-08-25 13:00:00,25.05,27.316206,none,0.0,0.0,4.39436,15.119999,58.700157,998.3601,
55.59_37.53,2024-09-08 20:00:00,16.8,15.438011,none,0.0,0.0,10.1376915,11.5199995,65.728714,1004.3548,
55.59_37.54,2024-06-15 09:00:00,20.15,20.335012,none,0.0,0.0,3.7585104,14.04,60.830303,992.9344,
55.59_37.54,2024-06-20 18:00:00,14.4,10.365386,none,0.0,0.0,27.776047,59.76,74.87647,980.3433,
55.59_37.54,2024-07-23 08:00:00,19.25,18.249506,none,0.0,0.0,14.799459,30.599998,69.799614,991.5718,
55.59_37.56,2024-08-18 20:00:00,20.35,21.307775,none,0.0,0.0,8.4042845,10.440001,77.57101,987.29584,
55.59_37.59,2024-06-14 21:00:00,17.85,18.126627,none,0.0,0.0,7.145796,9.0,78.45164,990.1844,
55.59_37.6,2024-05-10 11:00:00,7.75,2.1279454,none,0.0,1.0,24.798223,46.079998,61.236176,989.0972,
55.59_37.6,2024-05-27 18:00:00,21.85,19.357338,none,0.0,0.0,6.792466,15.84,30.22269,1003.56586,
55.59_37.6,2024-07-01 09:00:00,27.15,27.910343,none,0.0,0.0,6.725354,15.84,48.01588,990.8534,
55.59_37.6,2024-07-18 14:00:00,27.0,28.666698,rain,0.2,0.0,6.9899354,18.0,56.079506,991.93036,
55.59_37.6,2024-08-10 17:00:00,24.05,22.810444,none,0.0,0.0,10.495713,19.08,43.72775,987.4642,
55.59_37.6,2024-08-29 20:00:00,19.25,19.079615,none,0.0,0.0,7.5685663,11.159999,66.90323,1002.5851,
55.59_37.6,2024-08-30 17:00:00,24.1,22.79678,none,0.0,0.0,9.021574,17.64,40.92181,1004.7228,
55.59_37.6,2024-09-04 03:00:00,16.2,16.004124,none,0.0,0.0,9.290511,15.119999,84.586174,1005.3904,
55.59_37.6,2024-09-12 20:00:00,22.25,17.911264,none,0.0,0.0,23.664352,38.88,36.091145,999.74756,
55.59_37.6,2024-09-15 21:00:00,16.05,13.930292,none,0.0,0.0,8.699793,14.4,53.664474,1004.37646,
55.59_37.6,2024-10-06 16:00:00,10.0,6.5350847,rain,0.3,0.0,16.601036,28.08,75.146996,993.80585,
55.59_37.61,2024-09-24 10:00:00,12.65,9.727363,none,0.0,0.0,10.495713,21.599998,56.20987,1002.31116,
55.59_37.61,2024-10-04 11:00:00,13.5,9.595638,none,0.0,0.0,15.702356,29.16,49.037598,992.42267,
55.59_37.61,2024-10-05 13:00:00,12.25,9.866795,rain,0.1,0.0,11.571914,23.039999,71.76465,994.0933,
55.59_37.62,2024-06-03 20:00:00,20.35,18.841063,none,0.0,0.0,15.03835,31.319998,59.493805,984.7917,
55.59_37.62,2024-07-03 17:00:00,29.7,28.264427,none,0.0,0.0,21.897945,38.519997,41.53412,984.1774,
55.59_37.62,2024-07-26 17:00:00,23.55,22.322498,none,0.0,0.0,2.968636,13.679999,34.28753,991.8033,
55.59_37.63,2024-05-15 13:00:00,13.65,11.107244,none,0.0,0.0,5.8603754,17.28,47.204037,1004.76886,
55.59_37.63,2024-06-22 14:00:00,20.6,17.731989,none,0.0,0.0,20.364674,37.8,43.792812,987.97455,
55.59_37.64,2024-05-15 13:00:00,13.65,11.107244,none,0.0,0.0,5.8603754,17.28,47.204037,1004.76886,
55.59_37.64,2024-08-27 18:00:00,26.85,29.48975,none,0.0,0.0,2.3051248,10.08,58.938957,1001.367,
55.59_37.64,2024-09-06 18:00:00,20.65,20.753496,none,0.0,0.0,3.319036,13.32,57.26107,1009.5322,
55.59_37.64,2024-09-09 07:00:00,12.65,11.688808,none,0.0,0.0,7.69592,10.799999,86.75654,1003.82416,
55.59_37.65,2024-07-06 17:00:00,22.5,18.820839,none,0.0,0.0,17.902534,33.48,33.637337,994.5546,
55.59_37.65,2024-08-14 13:00:00,21.4,18.655954,none,0.0,0.0,23.269482,42.12,50.00384,988.7658,
55.59_37.65,2024-08-21 20:00:00,18.4,16.626923,none,0.0,0.0,12.261158,19.8,58.047573,993.7857,
55.59_37.65,2024-08-30 11:00:00,22.5,22.309172,none,0.0,0.0,11.013882,24.48,55.32155,1005.6875,
55.59_37.66,2024-05-14 19:00:00,9.3,6.9924984,none,0.0,0.0,3.8773184,4.68,61.610355,1002.19763,
55.59_37.66,2024-06-08 02:00:00,17.55,15.353262,none,0.0,0.0,16.363178,27.72,63.736145,990.2641,
55.59_37.66,2024-07-02 10:00:00,29.05,30.496326,none,0.0,0.0,13.979872,27.72,52.16693,987.15424,
55.59_37.66,2024-09-09 00:00:00,13.45,11.746627,none,0.0,0.0,11.113451,12.959999,77.79062,1004.1667,
55.59_37.68,2024-06-10 17:00:00,18.25,18.564472,rain,1.7,0.0,9.826088,25.919998,82.3967,990.6694,
55.59_37.69,2024-09-16 17:00:00,20.85,19.689507,none,0.0,0.0,7.5685663,13.679999,49.028606,1007.85486,
55.59_37.72,2024-07-16 18:00:00,26.7,27.154675,none,0.0,0.0,15.0038395,26.64,56.71846,997.7009,
55.59_37.73,2024-08-03 20:00:00,17.4,17.513218,none,0.0,0.0,6.5693827,11.159999,77.11995,985.21173,
55.59_37.73,2024-08-17 16:00:00,23.05,23.318844,none,0.0,0.0,11.457958,26.28,63.29898,991.09625,
55.59_37.73,2024-09-15 16:00:00,25.75,22.570763,none,0.0,0.0,12.096214,24.48,24.670004,1005.94977,
55.5_37.27,2024-11-17 17:00:00,4.7,0.6966343,rain,0.1,1.0,17.629894,34.2,94.885056,981.2737,
55.5_37.32,2024-06-18 13:00:00,21.3,21.457754,rain,0.3,0.0,16.923828,38.88,78.20634,988.42926,
55.5_37.52,2024-06-12 12:00:00,26.15,29.337105,rain,0.2,0.0,10.464797,34.92,66.41275,989.8706,
55.5_37.52,2024-07-10 21:00:00,20.75,18.876308,none,0.0,0.0,10.587917,18.0,46.12055,1005.404,
55.5_37.52,2024-07-15 18:00:00,27.45,29.68763,rain,0.2,0.0,7.928177,21.96,60.196445,995.2941,
55.5_37.53,2024-07-26 14:00:00,23.55,22.490782,none,0.0,0.0,9.686609,24.119999,38.10747,992.5334,
55.5_37.56,2024-06-12 16:00:00,24.95,25.791666,rain,0.8,0.0,13.722565,35.28,64.72646,989.8328,
55.5_37.56,2024-09-17 09:00:00,18.95,19.028622,none,0.0,0.0,5.3999996,15.4800005,67.28008,1011.8583,
55.5_37.57,2024-05-25 01:00:00,10.15,6.831953,none,0.0,0.0,9.0,15.84,52.08269,1010.6612,
55.5_37.57,2024-08-20 17:00:00,22.85,23.286753,none,0.0,0.0,10.853866,23.759998,64.894646,995.69147,
55.5_37.59,2024-07-08 00:00:00,15.4,14.819775,none,0.0,0.0,8.905908,10.799999,81.77254,1003.02954,
55.5_37.59,2024-07-21 17:00:00,23.4,23.072733,none,0.0,0.0,9.449572,29.16,53.075752,988.8796,
55.5_37.59,2024-07-24 07:00:00,18.5,18.636309,none,0.0,0.0,5.3517847,14.4,69.882195,994.65155,
55.5_37.59,2024-09-04 17:00:00,18.85,16.037363,none,0.0,0.0,14.84318,33.48,47.66463,1008.12683,
55.5_37.6,2024-09-06 18:00:00,20.15,20.450748,none,0.0,0.0,4.3349743,11.879999,63.269325,1010.6871,
55.61_37.27,2024-07-08 12:00:00,25.05,25.557451,none,0.0,0.0,10.990322,26.28,44.882202,999.02875,
55.61_37.29,2024-10-02 16:00:00,17.25,14.9748535,none,0.0,0.0,10.825469,21.24,51.991123,993.50525,
55.61_37.3,2024-08-25 20:00:00,20.9,21.678438,none,0.0,0.0,6.1094027,6.8399997,68.99894,995.8071,
55.61_37.3,2024-09-18 08:00:00,13.9,12.936871,none,0.0,0.0,6.519877,12.24,76.824715,1010.605,
55.61_37.34,2024-05-12 13:00:00,4.95,0.40984726,none,0.0,0.0,12.964998,30.599998,52.967308,994.4961,
55.61_37.34,2024-07-24 08:00:00,18.7,18.841537,none,0.0,0.0,5.315336,14.04,69.01307,991.0592,
55.61_37.34,2024-09-17 00:00:00,14.55,13.051521,none,0.0,0.0,8.669949,15.4800005,69.80635,1006.3354,
55.61_37.35,2024-05-24 07:00:00,11.35,9.261497,none,0.0,0.0,5.0528407,12.959999,62.098026,1009.51306,
55.61_37.36,2024-05-25 12:00:00,20.45,18.797417,none,0.0,0.0,11.753876,28.08,32.93432,1006.7993,
55.61_37.36,2024-08-02 12:00:00,19.25,18.298178,rain,0.2,0.0,14.33234,32.039997,64.747795,979.16846,
55.61_37.36,2024-08-26 10:00:00,25.05,26.979918,none,0.0,0.0,4.39436,14.4,60.594334,998.26355,
55.61_37.36,2024-09-01 22:00:00,19.85,18.596855,none,0.0,0.0,11.019764,19.08,57.25294,1001.3099,
55.61_37.49,2024-07-16 12:00:00,27.15,29.701214,rain,0.3,0.0,9.904906,24.48,60.50438,989.348,
55.61_37.49,2024-08-05 03:00:00,13.8,13.6465435,none,0.0,0.0,8.049845,14.759999,96.17003,978.7434,
55.61_37.49,2024-09-08 19:00:00,16.8,15.438011,none,0.0,0.0,10.1376915,11.5199995,65.728714,999.5365,
55.61_37.49,2024-09-21 16:00:00,21.2,18.485357,none,0.0,0.0,18.03237,34.56,47.66499,988.1251,
55.61_37.51,2024-07-09 19:00:00,24.6,24.360271,none,0.0,0.0,17.873554,41.760002,61.654823,991.73724,
55.61_37.52,2024-05-19 15:00:00,17.95,16.650158,none,0.0,0.0,8.404285,22.68,42.44751,992.0892,
55.61_37.52,2024-05-24 13:00:00,18.8,18.360687,none,0.0,0.0,4.6102495,17.28,35.34704,1006.34106,
55.61_37.52,2024-08-13 11:00:00,17.7,15.670017,none,0.0,0.0,17.414474,35.64,67.68877,978.86475,
55.61_37.52,2024-08-18 18:00:00,24.95,26.042866,none,0.0,0.0,6.6185193,20.519999,57.564667,983.3657,
55.61_37.52,2024-08-29 17:00:00,23.15,23.13863,none,0.0,0.0,6.696387,19.08,53.011368,998.56885,
55.61_37.53,2024-06-08 20:00:00,20.1,18.761322,none,0.0,0.0,5.5887027,18.72,45.629047,983.4489,
55.61_37.53,2024-08-04 19:00:00,20.45,19.88038,none,0.0,0.0,11.480557,20.16,64.16704,978.89874,
55.61_37.53,2024-08-15 13:00:00,19.6,17.8896,none,0.0,0.0,16.595179,34.56,52.260612,988.23956,
55.61_37.53,2024-09-23 10:00:00,12.2,9.430332,none,0.0,0.0,5.8603754,17.28,47.299557,996.3899,
55.61_37.53,2024-09-29 18:00:00,14.4,11.673463,none,0.0,0.0,18.417263,32.399998,73.88051,987.70886,
55.61_37.53,2024-10-10 08:00:00,6.6,3.144805,none,0.0,0.0,13.737904,26.28,82.60277,988.18445,
55.61_37.54,2024-06-21 09:00:00,16.6,13.885059,none,0.0,0.0,18.723461,37.8,65.03019,983.4476,
55.61_37.54,2024-09-07 22:00:00,18.1,16.743681,none,0.0,0.0,6.151683,6.8399997,52.572567,999.4811,
55.61_37.54,2024-09-19 13:00:00,21.15,19.549213,none,0.0,0.0,15.0038395,30.599998,55.527397,998.89984,
55.61_37.55,2024-05-28 08:00:00,17.35,16.392345,none,0.0,0.0,4.6800003,13.679999,57.78874,997.1921,
55.61_37.58,2024-07-03 18:00:00,29.7,28.264427,none,0.0,0.0,21.897945,38.519997,41.53412,980.9762,
55.61_37.58,2024-09-30 11:00:00,12.3,8.995742,none,0.0,0.0,17.229301,32.399998,69.59704,999.0992,
55.61_37.58,2024-10-10 20:00:00,8.6,5.1844673,none,0.0,0.0,15.661035,25.919998,80.31144,990.857,
55.61_37.59,2024-06-01 01:00:00,17.55,17.366692,none,0.0,0.0,7.2,10.799999,73.45733,992.4877,
55.61_37.59,2024-06-02 11:00:00,24.45,25.517817,none,0.0,0.0,7.69592,22.68,53.34501,989.65625,
55.61_37.59,2024-06-21 18:00:00,19.85,18.322638,none,0.0,0.0,13.004922,28.8,57.443005,988.23425,
55.61_37.59,2024-07-13 14:00:00,27.15,29.111301,none,0.0,0.0,10.495713,25.199999,59.00933,993.02625,
55.61_37.59,2024-07-31 12:00:00,18.8,17.065945,none,0.0,0.0,17.373497,33.12,67.029106,978.6289,
55.61_37.59,2024-08-20 01:00:00,20.45,21.039248,none,0.0,0.0,9.957108,17.64,75.39193,989.2943,
55.61_37.59,2024-08-24 00:00:00,12.85,12.455666,none,0.0,0.0,5.991594,14.759999,91.80731,991.9308,
55.61_37.59,2024-08-27 10:00:00,24.7,26.731693,none,0.0,0.0,6.489992,16.199999,66.95052,1000.0618,
55.61_37.59,2024-08-29 17:00:00,23.55,23.38841,none,0.0,0.0,6.9153743,18.0,50.575592,1002.27313,
55.61_37.59,2024-09-24 19:00:00,15.15,12.0765,none,0.0,0.0,11.874544,19.44,48.637016,998.5909,
55.61_37.59,2024-10-05 16:00:00,11.45,9.294411,none,0.0,0.0,8.473393,20.880001,70.877785,995.7185,
55.61_37.6,2024-05-29 11:00:00,25.05,25.81109,none,0.0,0.0,2.9024127,13.679999,37.261734,997.9459,
55.61_37.6,2024-06-07 18:00:00,20.9,18.12041,none,0.0,0.0,22.545315,40.32,55.46439,988.35455,
55.61_37.6,2024-06-28 20:00:00,23.55,24.86275,none,0.0,0.0,4.8433046,7.2,62.20675,993.9457,
55.61_37.6,2024-08-10 00:00:00,14.55,14.879351,none,0.0,0.0,5.692099,9.36,94.02994,990.87787,
55.61_37.6,2024-08-15 12:00:00,18.95,17.052944,none,0.0,0.0,17.447933,33.48,55.897545,994.49445,
55.61_37.6,2024-09-13 17:00:00,23.65,20.529392,none,0.0,0.0,17.884428,34.56,36.864582,1000.57495,
55.61_37.6,2024-09-26 19:00:00,17.9,12.960506,none,0.0,0.0,20.907913,34.92,33.13721,996.1586,
55.61_37.61,2024-05-17 17:00:00,18.75,16.104877,none,0.0,0.0,13.779114,30.599998,48.127266,994.9964,
55.61_37.61,2024-05-25 16:00:00,23.15,19.81941,none,0.0,0.0,14.689589,28.08,25.291553,1005.45703,
55.61_37.61,2024-08-04 02:00:00,14.0,14.098509,none,0.0,0.0,6.439876,11.159999,95.2402,985.0141,
55.61_37.61,2024-09-01 13:00:00,27.25,27.373432,none,0.0,0.0,14.81259,29.16,48.818893,1003.48724,
55.61_37.62,2024-05-18 13:00:00,17.35,15.069136,none,0.0,0.0,15.30741,30.599998,40.24953,999.9872,
55.61_37.62,2024-05-27 18:00:00,21.05,19.185534,none,0.0,0.0,6.151683,14.4,37.913483,1007.14655,
55.61_37.62,2024-05-30 18:00:00,26.7,23.180325,none,0.0,0.0,13.363711,25.919998,22.04641,994.9977,
55.61_37.62,2024-06-28 18:00:00,26.4,26.347605,none,0.0,0.0,3.0758414,8.28,38.91234,997.0937,
55.61_37.62,2024-07-14 12:00:00,29.6,33.194466,none,0.0,0.0,5.4477882,19.08,51.980827,992.0794,
55.61_37.62,2024-07-16 21:00:00,23.2,25.927763,none,0.0,0.0,5.0911684,17.64,78.23826,998.7408,
55.61_37.63,2024-07-19 18:00:00,23.5,22.647118,none,0.0,0.0,11.885453,21.599998,51.06146,991.35345,
55.61_37.63,2024-08-20 20:00:00,20.9,20.906694,none,0.0,0.0,12.324414,22.319998,70.568016,997.8639,
55.61_37.63,2024-08-28 18:00:00,22.7,23.555805,none,0.0,0.0,10.661107,19.08,69.56971,1006.6264,
55.61_37.63,2024-09-07 10:00:00,19.25,19.486536,none,0.0,0.0,1.4399999,10.440001,60.6196,1011.95844,
55.61_37.63,2024-09-07 18:00:00,20.95,20.031433,none,0.0,0.0,5.2416787,6.12,47.596584,1010.1038,
55.61_37.64,2024-05-25 12:00:00,21.4,19.594824,none,0.0,0.0,13.324863,28.08,31.395605,1009.79517,
55.61_37.66,2024-05-30 14:00:00,27.9,26.305159,none,0.0,0.0,12.181625,25.919998,25.77316,995.08496,
55.61_37.66,2024-05-31 08:00:00,23.6,23.791512,none,0.0,0.0,4.379589,14.759999,50.258537,998.1264,
55.61_37.66,2024-07-17 03:00:00,18.5,20.704922,none,0.0,0.0,5.8048253,10.799999,98.754395,999.9542,
55.61_37.66,2024-08-30 20:00:00,18.05,17.489218,none,0.0,0.0,8.654986,12.599999,68.88415,1006.9547,
55.61_37.66,2024-09-11 16:00:00,24.55,22.014297,none,0.0,0.0,17.373497,33.12,39.700035,998.1498,
55.61_37.66,2024-09-20 18:00:00,16.15,14.6712055,none,0.0,0.0,9.0,14.04,64.064995,1004.4355,
55.61_37.66,2024-09-23 19:00:00,9.95,7.1684847,none,0.0,0.0,8.587338,10.08,63.986633,1002.79456,
55.61_37.67,2024-10-09 20:00:00,6.55,3.626295,none,0.0,0.0,8.913181,16.56,77.78915,995.0758,
55.61_37.7,2024-06-18 18:00:00,21.6,20.130913,rain,0.4,0.0,24.066206,40.32,70.249596,987.3592,
55.61_37.7,2024-08-18 04:00:00,17.0,17.326065,none,0.0,0.0,11.090103,18.359999,92.05673,989.44214,
55.61_37.71,2024-08-05 17:00:00,23.1,22.322327,none,0.0,0.0,10.799999,20.880001,51.46013,985.18445,
55.61_37.71,2024-08-19 13:00:00,26.45,27.194395,none,0.0,0.0,7.2359104,17.28,47.52072,992.7241,
55.61_37.71,2024-09-02 12:00:00,25.1,23.89081,none,0.0,0.0,13.493999,26.64,41.891247,1005.87,
55.61_37.71,2024-09-10 08:00:00,16.05,15.393412,none,0.0,0.0,10.105681,18.72,80.001564,997.8788,
55.61_37.71,2024-09-29 10:00:00,18.15,14.914236,none,0.0,0.0,19.0392,34.92,52.407745,993.39417,
55.61_37.72,2024-05-30 14:00:00,27.9,26.305159,none,0.0,0.0,12.181625,25.919998,25.77316,993.62317,
55.61_37.72,2024-07-15 16:00:00,27.7,28.992691,rain,0.2,0.0,13.75558,28.8,58.58676,993.9735,
55.61_37.72,2024-07-22 19:00:00,18.5,19.01044,rain,0.2,0.0,9.9571085,29.16,84.02617,989.567,
55.61_37.72,2024-07-23 11:00:00,21.2,20.270493,none,0.0,0.0,14.021525,28.44,58.92039,993.7326,
55.61_37.72,2024-08-17 09:00:00,21.7,21.895794,none,0.0,0.0,12.10157,23.4,68.93461,992.00323,
55.61_37.72,2024-08-21 14:00:00,22.65,22.112719,none,0.0,0.0,10.538843,22.68,51.511135,995.546,
55.61_37.72,2024-08-22 12:00:00,24.05,23.404833,none,0.0,0.0,16.641972,31.68,52.726875,993.4053,
55.61_37.72,2024-09-25 16:00:00,21.35,18.401442,none,0.0,0.0,15.517629,30.599998,40.41841,999.1602,
55.61_37.74,2024-05-12 07:00:00,2.55,-2.2648876,none,0.0,0.0,16.93531,30.239998,74.64273,996.2616,
55.61_37.74,2024-05-31 15:00:00,28.4,26.801151,none,0.0,0.0,8.766573,20.519999,29.28231,996.0827,
55.61_37.74,2024-07-17 18:00:00,29.0,28.808727,none,0.0,0.0,5.4119864,15.4800005,34.893433,997.1137,
55.61_37.74,2024-09-24 08:00:00,10.05,7.389922,none,0.0,0.0,7.754637,16.919998,63.559986,1004.07605,
55.61_37.75,2024-06-18 21:00:00,19.15,18.246653,none,0.0,0.0,19.242327,36.0,79.91192,991.6733,
55.61_37.75,2024-06-21 19:00:00,19.9,18.564346,none,0.0,0.0,12.218805,28.8,58.221016,989.5179,
55.61_37.75,2024-06-28 14:00:00,25.95,28.00481,none,0.0,0.0,3.7064266,13.32,47.694622,999.14685,
55.61_37.75,2024-07-14 08:00:00,24.1,27.21627,none,0.0,0.0,1.4399999,11.5199995,72.73668,994.81396,
55.61_37.75,2024-10-01 08:00:00,8.15,4.4646187,none,0.0,0.0,17.363237,34.2,82.22545,1005.9158,
55.61_37.76,2024-07-07 20:00:00,22.7,22.610447,none,0.0,0.0,7.7043357,16.56,55.19153,1004.61194,
55.61_37.77,2024-06-22 20:00:00,15.75,15.009151,none,0.0,0.0,7.10031,10.08,73.1387,992.96985,
55.61_37.77,2024-08-28 21:00:00,20.45,20.397736,none,0.0,0.0,12.0694,21.599998,71.3958,1007.87036,
55.61_37.77,2024-09-26 23:00:00,16.95,12.950823,none,0.0,0.0,18.57143,31.319998,44.12356,998.5384,
55.61_37.77,2024-10-02 10:00:00,15.5,12.298706,none,0.0,0.0,13.748513,26.64,49.93691,1002.6743,
55.61_37.77,2024-10-08 17:00:00,12.8,12.14603,rain,0.1,0.0,9.080639,15.119999,95.82496,989.75195,
55.62_37.21,2024-09-13 20:00:00,20.0,17.469099,none,0.0,0.0,14.113652,28.08,46.5402,999.44104,
55.62_37.28,2024-05-27 16:00:00,22.3,20.006823,none,0.0,0.0,6.792466,18.0,31.541399,1004.9344,
55.62_37.34,2024-07-28 17:00:00,21.5,22.582819,rain,2.4,0.0,9.693296,29.88,75.80194,989.7358,
55.62_37.34,2024-08-20 00:00:00,20.4,21.25998,none,0.0,0.0,8.654986,16.199999,76.596275,989.38806,
55.62_37.4,2024-07-20 20:00:00,18.9,19.433403,none,0.0,0.0,6.1305785,16.199999,74.894905,986.6091,
55.62_37.41,2024-06-06 16:00:00,20.35,22.111824,rain,0.2,0.0,4.896529,25.199999,81.09786,984.62854,
55.62_37.42,2024-07-02 22:00:00,24.1,24.721178,none,0.0,0.0,9.72,15.4800005,60.375023,983.10187,
55.62_37.45,2024-05-21 15:00:00,18.65,18.951164,none,0.0,0.0,5.04,19.08,70.829765,994.8461,
55.62_37.46,2024-08-20 08:00:00,20.5,22.725674,rain,0.1,0.0,7.5685663,19.44,90.548546,989.8168,
55.62_37.48,2024-07-13 11:00:00,24.5,25.69813,rain,0.7,0.0,10.041354,24.48,63.81864,989.33057,
55.62_37.48,2024-07-20 08:00:00,21.2,21.534058,none,0.0,0.0,11.019764,25.56,70.85079,983.10425,
55.62_37.48,2024-07-26 11:00:00,22.45,21.889666,none,0.0,0.0,10.703569,25.199999,45.361496,986.8334,
55.62_37.48,2024-08-18 22:00:00,18.0,18.520756,none,0.0,0.0,9.346143,11.159999,85.601036,986.1578,
55.62_37.48,2024-09-12 19:00:00,21.4,17.975225,none,0.0,0.0,19.803272,42.12,41.97686,994.05457,
55.62_37.49,2024-06-16 16:00:00,24.75,23.001009,none,0.0,0.0,17.114204,34.92,46.14526,986.9685,
55.62_37.5,2024-06-03 10:00:00,20.95,21.155848,none,0.0,0.0,14.982228,31.319998,77.170235,977.8352,
55.62_37.5,2024-07-09 10:00:00,25.8,27.193302,none,0.0,0.0,6.489992,18.72,53.005276,990.88275,
55.62_37.51,2024-07-16 08:00:00,25.3,27.650602,rain,0.1,0.0,7.9932966,21.24,69.41293,987.578,
55.62_37.51,2024-09-13 13:00:00,25.8,21.783268,none,0.0,0.0,24.569836,47.16,32.752636,992.8881,
55.62_37.59,2024-06-17 19:00:00,20.2,21.98382,none,0.0,0.0,11.252519,22.319998,93.39959,985.1058,
55.62_37.59,2024-09-30 15:00:00,12.4,7.7122993,none,0.0,0.0,24.162947,42.12,61.69863,1001.43756,
55.62_37.59,2024-09-30 17:00:00,12.05,7.4205866,none,0.0,0.0,23.763409,42.48,63.134697,1001.1703,
55.62_37.6,2024-06-02 21:00:00,21.2,22.244495,none,0.0,0.0,8.942214,16.199999,75.51379,988.8164,
55.62_37.6,2024-09-10 16:00:00,24.55,21.517036,none,0.0,0.0,19.353138,34.56,37.750843,995.9071,
55.62_37.61,2024-05-26 00:00:00,12.75,10.371341,none,0.0,0.0,8.699793,13.679999,61.354572,1004.2321,
55.62_37.61,2024-06-03 13:00:00,22.05,21.791859,rain,0.6,0.0,18.899143,41.039997,69.444496,985.5601,
55.62_37.61,2024-06-10 10:00:00,23.0,21.207373,none,0.0,0.0,18.359999,34.92,45.97006,991.27325,
55.62_37.61,2024-06-12 01:00:00,18.1,19.084593,none,0.0,0.0,11.119281,21.24,95.08431,987.53516,
55.62_37.61,2024-06-16 08:00:00,21.65,21.006172,rain,0.1,0.0,17.31746,31.319998,68.266075,995.45953,
55.62_37.61,2024-07-02 11:00:00,29.65,30.330238,none,0.0,0.0,17.238699,32.760002,46.719906,986.46686,
55.62_37.61,2024-07-05 08:00:00,23.7,24.890448,none,0.0,0.0,14.973577,29.16,74.97334,988.1146,
55.62_37.61,2024-07-10 09:00:00,22.2,22.035196,none,0.0,0.0,12.181624,25.56,63.110786,1003.6273,
55.62_37.61,2024-08-13 16:00:00,18.95,16.602188,rain,0.1,0.0,17.906157,34.92,59.355286,986.62506,
55.62_37.61,2024-09-14 01:00:00,16.45,14.235399,none,0.0,0.0,13.392774,22.319998,61.38851,1003.41345,
55.62_37.61,2024-09-21 19:00:00,17.8,15.556564,none,0.0,0.0,16.279802,29.16,61.90925,996.28955,
55.62_37.61,2024-09-24 10:00:00,12.65,9.727363,none,0.0,0.0,10.495713,21.599998,56.20987,1001.71484,
55.62_37.62,2024-07-13 06:00:00,19.15,18.537231,none,0.0,0.0,11.542478,18.359999,69.10192,995.212,
55.62_37.63,2024-09-12 20:00:00,21.7,17.621088,none,0.0,0.0,22.771244,41.039997,38.75827,1001.1125,
55.62_37.65,2024-05-17 22:00:00,11.25,8.182931,none,0.0,0.0,13.570615,23.759998,68.19594,999.1685,
55.62_37.65,2024-05-21 20:00:00,16.75,15.977104,none,0.0,0.0,8.049845,19.44,70.235344,999.354,
55.62_37.66,2024-05-21 10:00:00,20.0,19.218834,rain,1.5,0.0,13.493999,25.199999,61.3975,998.84375,
55.62_37.66,2024-06-25 19:00:00,20.85,18.871271,none,0.0,0.0,15.575981,30.960001,53.115204,994.17664,
55.62_37.66,2024-06-30 21:00:00,23.95,25.261572,none,0.0,0.0,6.9527545,13.32,63.69887,993.39105,
55.62_37.66,2024-09-15 16:00:00,25.75,22.312819,none,0.0,0.0,13.392774,26.64,24.07074,1007.3087,
55.62_37.66,2024-09-30 13:00:00,13.0,8.731198,none,0.0,0.0,22.728518,39.96,63.35307,1005.356,
55.62_37.66,2024-10-03 20:00:00,12.35,9.53121,none,0.0,0.0,9.107359,14.4,55.348434,997.44855,
55.62_37.66,2024-10-06 08:00:00,7.2,4.6511583,none,0.0,0.0,9.422101,18.72,87.117355,999.9818,
55.62_37.67,2024-06-14 11:00:00,20.05,18.109058,none,0.0,0.0,20.056877,37.8,64.288864,992.57306,
55.62_37.67,2024-06-28 14:00:00,25.2,27.57055,none,0.0,0.0,4.0249224,15.84,49.70481,1000.1974,
55.62_37.67,2024-07-08 17:00:00,27.5,26.660322,none,0.0,0.0,9.107359,21.24,37.207584,1002.8505,
55.62_37.67,2024-08-29 16:00:00,24.45,23.452179,none,0.0,0.0,9.673221,19.8,43.838757,1008.8802,
55.62_37.67,2024-08-31 23:00:00,17.75,17.346136,none,0.0,0.0,8.942214,14.04,73.01337,1006.2865,
55.62_37.67,2024-09-03 16:00:00,24.85,23.119083,none,0.0,0.0,9.686609,20.519999,36.093323,1009.03125,
55.62_37.67,2024-09-19 13:00:00,21.3,19.619358,none,0.0,0.0,15.990646,30.239998,55.7483,1010.2076,
55.62_37.67,2024-09-19 20:00:00,15.55,13.7205105,none,0.0,0.0,11.879999,20.519999,67.696846,1009.8726,
55.62_37.68,2024-05-23 19:00:00,17.05,13.671326,none,0.0,0.0,11.966953,24.84,38.76827,1011.51764,
55.62_37.69,2024-05-18 15:00:00,17.8,15.283476,none,0.0,0.0,14.021525,29.519999,39.538128,999.9965,
55.62_37.7,2024-06-15 13:00:00,23.05,24.276659,none,0.0,0.0,6.9247384,19.08,50.443306,994.0217,
55.62_37.7,2024-09-10 18:00:00,20.95,20.303312,none,0.0,0.0,7.491114,26.28,54.568104,998.537,
55.62_37.71,2024-05-14 17:00:00,11.3,8.379208,none,0.0,0.0,6.725354,14.759999,49.65594,1002.75793,
55.62_37.71,2024-05-26 09:00:00,20.0,19.342215,none,0.0,0.0,6.1094027,17.64,55.236664,1003.96906,
55.62_37.71,2024-05-27 09:00:00,18.85,17.371782,none,0.0,0.0,9.746631,23.039999,47.017994,1007.7166,
55.62_37.71,2024-06-01 21:00:00,23.75,23.318872,none,0.0,0.0,7.4128532,10.440001,48.039986,996.4167,
55.62_37.71,2024-09-18 13:00:00,22.9,22.38027,none,0.0,0.0,3.0758414,14.4,41.83333,1012.49805,
55.62_37.71,2024-10-08 09:00:00,11.8,10.3580265,rain,0.2,0.0,12.224107,23.039999,95.47572,982.97986,
55.62_37.72,2024-05-14 09:00:00,5.35,2.4272242,none,0.0,0.0,6.28713,12.959999,72.22399,1000.90155,
55.62_37.72,2024-09-14 22:00:00,19.05,15.782482,none,0.0,0.0,16.485485,27.0,44.25945,1003.28253,
55.62_37.72,2024-10-11 18:00:00,10.55,7.108139,none,0.0,0.0,18.254698,30.599998,78.40747,993.8463,
55.62_37.73,2024-07-09 12:00:00,27.7,29.948639,none,0.0,0.0,7.127636,19.44,47.24599,1001.25885,
55.62_37.73,2024-07-15 16:00:00,27.7,28.992691,rain,0.2,0.0,13.75558,28.8,58.58676,995.09863,
55.62_37.73,2024-07-21 15:00:00,22.75,21.804047,rain,1.0,0.0,15.141414,29.16,57.40085,989.1274,
55.62_37.73,2024-07-25 21:00:00,19.9,18.277084,none,0.0,0.0,13.450708,24.119999,56.88692,989.944,
55.62_37.73,2024-08-02 20:00:00,17.05,16.37119,none,0.0,0.0,11.177405,18.72,77.065575,985.7048,
55.62_37.73,2024-10-07 09:00:00,12.6,11.561867,rain,0.3,0.0,10.299397,17.28,93.014694,988.0333,
55.62_37.74,2024-05-10 20:00:00,9.25,5.5919857,none,0.0,0.0,15.745627,32.039997,71.19158,989.3295,
55.62_37.74,2024-05-16 19:00:00,15.4,14.027313,none,0.0,0.0,7.072878,11.159999,64.3307,999.87494,
55.62_37.74,2024-05-27 15:00:00,22.45,20.982811,none,0.0,0.0,4.8433046,16.199999,30.39246,1006.9224,
55.62_37.74,2024-06-02 01:00:00,19.4,18.442202,none,0.0,0.0,8.891344,14.759999,58.680244,994.8807,
55.62_37.74,2024-06-14 20:00:00,19.45,20.609726,none,0.0,0.0,3.8939953,10.799999,76.20191,994.2848,
55.62_37.74,2024-06-21 08:00:00,16.75,13.976353,none,0.0,0.0,20.018072,37.079998,66.37878,990.6779,
55.62_37.75,2024-05-23 20:00:00,12.95,10.008635,none,0.0,0.0,9.227524,17.64,51.189552,1012.43744,
55.62_37.75,2024-06-02 12:00:00,21.1,22.275974,rain,0.9,0.0,7.754637,36.719997,75.49759,995.9499,
55.62_37.76,2024-06-26 23:00:00,16.0,14.972212,none,0.0,0.0,9.904906,16.56,73.91395,998.1701,
55.62_37.76,2024-07-14 08:00:00,24.1,27.21627,none,0.0,0.0,1.4399999,11.5199995,72.73668,997.7821,
55.62_37.79,2024-05-29 17:00:00,25.75,24.053507,none,0.0,0.0,12.303366,28.08,37.836605,1001.2906,
55.62_37.79,2024-06-05 08:00:00,20.7,21.05343,none,0.0,0.0,10.483357,23.039999,72.36377,997.42676,
55.62_37.79,2024-06-29 00:00:00,19.05,18.090328,none,0.0,0.0,9.114471,14.4,60.37225,1001.45135,
55.62_37.79,2024-07-06 23:00:00,15.2,13.901699,none,0.0,0.0,7.9526596,12.24,68.54004,1006.25525,
55.62_37.79,2024-08-01 05:00:00,13.5,12.608465,none,0.0,0.0,11.720751,19.8,94.290955,989.2054,
55.62_37.79,2024-09-27 20:00:00,13.95,8.438932,rain,0.6,0.0,34.471764,58.32,68.05377,997.39575,
55.62_37.79,2024-09-30 15:00:00,12.85,8.329396,none,0.0,0.0,23.090569,40.68,60.11414,1009.7756,
55.63_37.3,2024-06-13 09:00:00,22.7,25.57942,rain,0.1,0.0,1.8,16.919998,75.517555,987.0156,
55.63_37.33,2024-05-26 14:00:00,22.95,22.965555,none,0.0,0.0,10.931203,29.88,53.481697,1002.3204,
55.63_37.33,2024-09-12 00:00:00,18.05,16.02745,none,0.0,0.0,12.819235,24.119999,56.99658,994.543,
55.63_37.34,2024-06-11 20:00:00,20.05,21.211052,rain,0.2,0.0,10.799999,31.319998,85.80887,985.8465,
55.63_37.41,2024-10-06 18:00:00,9.05,6.057292,rain,0.9,0.0,15.338071,28.44,87.29393,993.65356,
55.63_37.43,2024-07-09 18:00:00,24.8,24.38901,none,0.0,0.0,18.331741,41.039997,59.96241,998.26025,
55.63_37.43,2024-07-21 17:00:00,22.95,22.467037,none,0.0,0.0,9.931042,21.24,53.65668,986.2091,
55.63_37.44,2024-05-21 17:00:00,22.7,21.160631,none,0.0,0.0,8.654986,19.8,41.49622,994.28784,
55.63_37.45,2024-08-16 14:00:00,22.7,21.069666,none,0.0,0.0,16.263872,33.48,47.439632,989.4861,
55.63_37.47,2024-05-26 05:00:00,10.5,8.23747,none,0.0,0.0,10.086427,16.56,78.399895,998.89844,
55.63_37.47,2024-07-06 03:00:00,17.65,17.638525,none,0.0,0.0,15.484185,27.0,92.682785,981.3237,
55.63_37.47,2024-08-18 17:00:00,24.85,26.071692,none,0.0,0.0,6.151683,20.16,58.466015,986.8253,
55.63_37.48,2024-06-09 17:00:00,21.8,19.208433,none,0.0,0.0,9.339208,19.8,33.321136,983.042,
55.63_37.48,2024-06-22 14:00:00,20.4,17.296804,none,0.0,0.0,19.09358,37.8,44.185738,983.48975,
55.63_37.48,2024-08-23 09:00:00,18.95,18.166983,none,0.0,0.0,11.770403,25.56,68.166145,986.905,
55.63_37.48,2024-08-29 18:00:00,23.1,23.239697,none,0.0,0.0,6.1305785,17.28,53.870464,998.33527,
55.63_37.48,2024-09-13 01:00:00,20.45,17.285442,none,0.0,0.0,15.856354,29.88,40.717777,994.60144,
55.63_37.48,2024-10-03 18:00:00,14.85,12.517633,none,0.0,0.0,8.083983,12.599999,52.795326,991.0816,
55.63_37.48,2024-10-04 08:00:00,11.75,7.610379,none,0.0,0.0,15.661035,28.44,49.959763,987.1736,
55.63_37.49,2024-10-01 09:00:00,9.15,5.155199,none,0.0,0.0,20.082708,38.16,79.01064,996.6391,
55.63_37.52,2024-06-14 09:00:00,18.55,16.737814,none,0.0,0.0,19.296133,41.399998,70.81089,981.42224,
55.63_37.52,2024-06-28 10:00:00,22.4,23.909414,none,0.0,0.0,4.1046314,14.759999,60.563297,990.20514,
55.63_37.52,2024-07-04 10:00:00,27.8,30.39404,none,0.0,0.0,10.365251,24.119999,60.65261,982.2587,
55.63_37.52,2024-07-16 16:00:00,29.45,30.086689,none,0.0,0.0,8.427383,21.599998,40.80311,988.11896,
55.63_37.53,2024-05-19 02:00:00,7.8,5.1385174,none,0.0,0.0,7.8954163,12.959999,74.50361,992.66846,
55.63_37.59,2024-08-15 00:00:00,12.4,10.572421,none,0.0,0.0,10.195057,16.919998,78.15533,992.4815,
55.63_37.59,2024-09-07 15:00:00,23.65,22.726986,none,0.0,0.0,2.9024127,11.5199995,36.99,1009.4542,
55.63_37.6,2024-05-10 21:00:00,8.0,4.53817,none,0.0,0.0,15.175612,25.199999,80.506836,985.39026,
55.63_37.6,2024-06-14 19:00:00,20.55,20.548668,none,0.0,0.0,6.9899354,21.24,62.741817,993.15564,
55.63_37.6,2024-07-03 21:00:00,23.05,24.892654,none,0.0,0.0,7.9526596,19.44,74.1657,987.386,
55.63_37.6,2024-07-22 15:00:00,21.5,22.55566,rain,0.1,0.0,8.435069,21.24,73.435074,989.05035,
55.63_37.6,2024-08-14 20:00:00,15.6,13.332428,none,0.0,0.0,11.966953,22.68,60.568375,991.69775,
55.63_37.6,2024-09-19 08:00:00,14.5,12.042582,none,0.0,0.0,14.241629,22.68,67.478836,1009.418,
55.63_37.6,2024-09-27 21:00:00,13.7,8.277612,rain,0.7,0.0,35.20875,59.399998,72.76931,990.01166,
55.63_37.6,2024-09-30 17:00:00,10.95,6.5588923,none,0.0,0.0,22.5,41.039997,69.08586,1003.87146,
55.63_37.6,2024-10-05 10:00:00,10.55,8.252026,rain,0.1,0.0,12.0921955,23.759998,83.947266,994.04205,
55.63_37.61,2024-06-12 11:00:00,24.6,26.182201,none,0.0,0.0,13.246826,37.44,70.81076,989.6666,
55.63_37.61,2024-08-05 14:00:00,22.55,21.998255,none,0.0,0.0,11.709688,24.119999,56.980408,985.063,
55.63_37.61,2024-08-07 17:00:00,22.65,22.29947,none,0.0,0.0,7.42159,14.759999,52.192734,987.0123,
55.63_37.61,2024-10-01 14:00:00,17.45,14.270712,none,0.0,0.0,18.741621,35.64,54.955124,999.1391,
55.63_37.62,2024-06-12 03:00:00,16.85,18.170391,none,0.0,0.0,6.638072,13.32,98.113205,989.13776,
55.63_37.62,2024-06-23 12:00:00,20.6,18.73011,none,0.0,0.0,11.019764,22.319998,47.340797,987.5016,
55.63_37.62,2024-07-15 14:00:00,29.35,32.12295,none,0.0,0.0,6.0347,19.8,51.7547,991.971,
55.63_37.62,2024-07-16 05:00:00,19.9,22.442451,none,0.0,0.0,6.8777895,10.440001,96.64287,994.71313,
55.63_37.62,2024-08-16 15:00:00,23.1,20.268433,none,0.0,0.0,19.8,37.44,43.901234,992.5417,
55.63_37.62,2024-09-11 11:00:00,22.95,20.8724,none,0.0,0.0,18.11841,34.92,49.430126,995.5511,
55.63_37.62,2024-10-01 08:00:00,7.95,4.1406746,none,0.0,0.0,17.992796,34.92,82.48602,1002.88617,
55.63_37.63,2024-06-26 16:00:00,21.9,18.242073,none,0.0,0.0,24.975283,43.92,44.15724,991.9194,
55.63_37.64,2024-06-07 16:00:00,23.05,20.407753,none,0.0,0.0,24.43761,44.28,50.609386,990.17865,
55.63_37.64,2024-08-30 16:00:00,24.5,23.27128,none,0.0,0.0,8.217153,18.0,39.553265,1006.8851,
55.63_37.65,2024-06-04 12:00:00,24.6,22.775284,none,0.0,0.0,23.469128,44.28,46.867367,987.9822,
55.63_37.66,2024-05-16 20:00:00,15.3,13.8786335,none,0.0,0.0,7.771331,11.879999,65.62527,997.13885,
55.63_37.66,2024-06-26 16:00:00,21.9,18.242073,none,0.0,0.0,24.975283,43.92,44.15724,991.2331,
55.63_37.67,2024-06-12 14:00:00,26.45,29.681156,rain,0.2,0.0,9.504272,33.12,65.65354,989.63824,
55.63_37.67,2024-08-05 21:00:00,18.5,18.491852,none,0.0,0.0,9.220499,15.84,75.55918,989.4039,
55.63_37.67,2024-08-07 01:00:00,14.6,14.656267,none,0.0,0.0,8.049845,9.72,94.953094,990.47876,
55.63_37.67,2024-08-12 22:00:00,14.15,11.835905,none,0.0,0.0,17.072504,28.44,78.94323,983.7503,
55.63_37.67,2024-09-24 21:00:00,13.25,9.894759,none,0.0,0.0,13.324863,21.599998,53.670235,1002.91785,
55.63_37.68,2024-05-16 16:00:00,19.9,17.310251,none,0.0,0.0,8.435069,19.08,35.168507,1001.3186,
55.63_37.68,2024-06-27 16:00:00,24.45,22.754025,none,0.0,0.0,17.654688,39.239998,43.98406,996.3755,
55.63_37.68,2024-09-19 08:00:00,14.25,12.134886,none,0.0,0.0,12.074766,18.72,69.04374,1011.5551,
55.63_37.7,2024-05-21 07:00:00,14.95,13.962942,none,0.0,0.0,6.87779,15.84,72.26697,1001.36414,
55.63_37.7,2024-06-24 15:00:00,20.15,17.90604,none,0.0,0.0,14.332341,27.0,50.003006,992.1597,
55.63_37.7,2024-09-06 03:00:00,8.15,6.1279755,none,0.0,0.0,9.178235,10.799999,94.697266,1014.6052,
55.63_37.7,2024-09-25 14:00:00,21.35,18.423475,none,0.0,0.0,17.176563,32.039997,43.411568,1003.63116,
55.63_37.71,2024-10-05 08:00:00,9.65,7.4618435,none,0.0,0.0,10.234705,18.72,85.28842,997.7541,
55.63_37.71,2024-10-05 18:00:00,9.15,7.29996,none,0.0,0.0,6.8541956,12.599999,84.36091,999.228,
55.63_37.72,2024-05-30 18:00:00,26.6,23.434866,none,0.0,0.0,11.928989,25.56,23.379084,995.7827,
55.63_37.73,2024-06-08 20:00:00,20.65,18.61521,none,0.0,0.0,8.350138,21.24,40.63519,993.7036,
55.63_37.74,2024-07-08 20:00:00,24.05,25.553198,none,0.0,0.0,5.495161,10.440001,63.1166,1004.3014,
55.63_37.74,2024-08-18 17:00:00,25.8,25.88209,none,0.0,0.0,10.990322,23.039999,51.49595,996.3309,
55.63_37.74,2024-09-28 18:00:00,21.9,19.276573,rain,0.2,0.0,28.0182,52.92,62.638218,996.5582,
55.63_37.75,2024-06-12 19:00:00,24.5,26.315216,none,0.0,0.0,8.759178,20.16,68.82703,995.25366,
55.63_37.75,2024-08-17 22:00:00,18.8,19.545628,rain,0.1,0.0,8.891343,17.28,83.52494,995.9989,
55.63_37.75,2024-09-15 21:00:00,17.15,15.017607,none,0.0,0.0,9.107359,14.759999,50.733406,1011.3142,
55.63_37.76,2024-05-23 18:00:00,18.15,14.319832,none,0.0,0.0,13.358861,24.48,32.73767,1013.61334,
55.63_37.76,2024-06-25 15:00:00,22.1,19.795704,none,0.0,0.0,24.535524,44.28,51.706814,999.3962,
55.63_37.76,2024-07-10 02:00:00,19.4,20.06714,none,0.0,0.0,12.261158,21.24,85.74345,1008.46893,
55.63_37.76,2024-10-06 18:00:00,9.45,6.3626423,rain,1.3,0.0,17.160524,29.16,89.13652,1001.2448,
55.63_37.78,2024-06-17 16:00:00,24.7,26.010218,rain,0.3,0.0,16.641972,33.12,73.98092,994.9751,
55.63_37.81,2024-06-28 14:00:00,25.95,28.00481,none,0.0,0.0,3.7064266,13.32,47.694622,997.3291,
55.63_37.81,2024-07-04 21:00:00,23.65,23.302795,none,0.0,0.0,15.273505,28.08,60.463997,992.7398,
55.63_37.81,2024-10-10 01:00:00,6.05,3.0038261,none,0.0,0.0,9.499157,17.28,79.38289,994.677,
55.64_37.32,2024-08-25 18:00:00,25.75,27.223372,none,0.0,0.0,3.319036,6.4799995,54.020348,998.48627,
55.64_37.33,2024-09-21 13:00:00,19.5,18.124027,none,0.0,0.0,14.689589,32.399998,63.74867,998.354,
55.64_37.34,2024-05-13 16:00:00,9.2,5.8997393,none,0.0,0.0,6.696387,19.44,39.740906,999.8321,
55.64_37.34,2024-06-03 08:00:00,21.75,22.198738,none,0.0,0.0,14.039999,29.88,74.651886,986.37384,
55.64_37.34,2024-06-08 15:00:00,22.5,21.402714,none,0.0,0.0,9.983106,26.28,36.28695,987.98016,
55.64_37.34,2024-06-19 00:00:00,17.1,16.035845,none,0.0,0.0,15.484185,30.599998,80.40735,990.08734,
55.64_37.34,2024-09-02 18:00:00,23.65,22.879557,none,0.0,0.0,7.2805495,15.119999,44.792362,1003.82184,
55.64_37.34,2024-09-20 14:00:00,19.15,17.705843,none,0.0,0.0,9.422101,23.759998,54.287853,1004.9743,
55.64_37.35,2024-05-12 17:00:00,4.85,0.28173113,none,0.0,0.0,12.324414,26.28,49.287994,997.6585,
55.64_37.35,2024-05-18 13:00:00,17.2,15.044323,none,0.0,0.0,14.255272,32.039997,39.78327,999.03973,
55.64_37.35,2024-05-24 12:00:00,19.0,18.446083,none,0.0,0.0,5.3517847,18.0,35.15591,1011.5467,
55.64_37.35,2024-06-24 00:00:00,14.55,13.452553,none,0.0,0.0,8.427383,14.759999,76.16242,987.80334,
55.64_37.35,2024-06-29 14:00:00,28.7,31.445435,none,0.0,0.0,3.096837,15.119999,47.362198,994.17896,
55.64_37.35,2024-07-01 18:00:00,29.6,29.551067,none,0.0,0.0,10.195057,22.319998,39.548126,988.0653,
55.64_37.35,2024-08-17 22:00:00,19.4,19.69219,none,0.0,0.0,9.449572,15.84,75.70556,988.5905,
55.64_37.35,2024-08-18 12:00:00,24.25,25.076296,none,0.0,0.0,14.689589,36.719997,66.43883,989.7169,
55.64_37.35,2024-09-05 21:00:00,14.3,12.416183,none,0.0,0.0,8.905908,14.4,64.743225,1009.01685,
55.64_37.35,2024-09-13 16:00:00,24.55,21.532845,none,0.0,0.0,17.610588,42.12,35.523624,1000.8363,
55.64_37.35,2024-09-24 20:00:00,12.75,9.668817,none,0.0,0.0,11.928989,21.24,56.829258,1000.2626,
55.64_37.35,2024-09-30 19:00:00,10.0,5.8186827,none,0.0,0.0,20.91256,40.32,73.09284,1003.9734,
55.64_37.36,2024-05-16 19:00:00,14.9,13.609224,none,0.0,0.0,6.151683,9.72,65.538445,996.38403,
55.64_37.36,2024-05-24 08:00:00,15.4,12.652618,none,0.0,0.0,6.830519,18.0,41.124226,1011.94745,
55.64_37.36,2024-06-14 21:00:00,17.55,17.952799,none,0.0,0.0,6.0347,7.92,79.432,991.6682,
55.64_37.36,2024-07-10 16:00:00,25.7,23.736364,none,0.0,0.0,15.188415,32.039997,35.251415,1003.2508,
55.64_37.36,2024-08-19 18:00:00,26.05,27.96991,none,0.0,0.0,4.072935,14.4,57.829117,991.6046,
55.64_37.36,2024-09-29 15:00:00,16.55,14.819763,none,0.0,0.0,16.344357,32.760002,74.99068,994.54926,
55.64_37.36,2024-10-03 13:00:00,19.4,17.184803,none,0.0,0.0,10.661107,22.319998,45.901535,996.0479,
55.64_37.36,2024-10-03 19:00:00,13.7,11.08838,none,0.0,0.0,8.431228,13.32,52.671864,995.4333,
55.64_37.37,2024-05-23 08:00:00,13.1,9.878067,none,0.0,0.0,10.8955765,23.039999,49.97805,1006.805,
55.64_37.39,2024-09-30 09:00:00,11.25,8.117092,none,0.0,0.0,16.299694,32.039997,75.35963,1002.1414,
55.64_37.4,2024-05-21 15:00:00,23.05,21.707884,none,0.0,0.0,9.007196,21.599998,40.216404,996.5202,
55.64_37.4,2024-05-28 12:00:00,23.6,23.645506,none,0.0,0.0,8.473393,21.96,38.12167,1003.0398,
55.64_37.4,2024-06-28 00:00:00,15.9,15.165289,none,0.0,0.0,7.8954163,13.32,74.387505,994.6967,
55.64_37.4,2024-09-26 14:00:00,19.1,15.047867,none,0.0,0.0,18.789963,36.0,38.278095,998.021,
55.64_37.41,2024-07-15 00:00:00,21.55,24.034891,none,0.0,0.0,5.6233797,9.36,84.62772,991.28937,
55.64_37.41,2024-10-08 21:00:00,12.2,11.949831,rain,0.1,0.0,5.6521144,12.599999,97.721886,985.43756,
55.64_37.45,2024-05-24 19:00:00,18.8,16.967419,none,0.0,0.0,5.3999996,14.759999,42.54273,1005.3483,
55.64_37.45,2024-06-02 17:00:00,25.9,25.266216,none,0.0,0.0,12.015589,21.96,46.307274,988.7204,
55.64_37.46,2024-05-16 21:00:00,13.15,11.047396,none,0.0,0.0,13.755579,31.319998,79.06123,994.3398,
55.64_37.46,2024-05-26 11:00:00,22.65,20.782198,rain,0.1,0.0,15.158522,32.039997,45.72096,999.927,
55.64_37.46,2024-06-12 22:00:00,18.85,20.816685,rain,5.6,0.0,4.6800003,14.4,91.29588,986.56055,
55.64_37.46,2024-06-27 19:00:00,23.05,22.00787,none,0.0,0.0,12.387348,26.28,51.27853,990.18097,
55.64_37.46,2024-09-05 08:00:00,11.8,9.602525,none,0.0,0.0,12.015589,24.119999,79.130646,1006.58185,
55.64_37.46,2024-09-05 10:00:00,15.25,12.899923,none,0.0,0.0,13.684735,29.16,64.73373,1008.5754,
55.64_37.47,2024-05-13 09:00:00,6.0,2.486826,none,0.0,0.0,6.2145634,19.8,50.55262,996.7385,
55.64_37.47,2024-06-11 23:00:00,18.85,19.86207,none,0.0,0.0,12.43434,21.96,93.62786,982.9693,
55.64_37.47,2024-06-27 18:00:00,23.05,22.00787,none,0.0,0.0,12.387348,26.28,51.27853,988.13715,
55.64_37.47,2024-09-02 16:00:00,25.55,24.270807,none,0.0,0.0,6.9527545,16.199999,35.090553,1001.52716,
55.64_37.47,2024-10-04 19:00:00,10.6,8.443157,rain,0.4,0.0,14.128566,26.28,93.53376,988.8699,
55.64_37.49,2024-06-24 18:00:00,19.65,17.636223,none,0.0,0.0,13.039754,23.759998,52.09864,986.4117,
55.64_37.49,2024-07-10 13:00:00,26.2,25.59949,none,0.0,0.0,16.327497,33.839996,41.101837,1000.8941,
55.64_37.49,2024-09-07 11:00:00,21.55,21.921558,none,0.0,0.0,1.609969,11.159999,50.377914,1008.14417,
55.64_37.51,2024-05-30 12:00:00,26.75,25.56739,none,0.0,0.0,13.138765,29.519999,29.930506,987.05914,
55.64_37.51,2024-07-29 14:00:00,21.5,19.810358,none,0.0,0.0,20.523157,39.96,56.721592,972.2842,
55.64_37.51,2024-08-26 19:00:00,23.05,25.303658,none,0.0,0.0,7.2,7.92,77.24627,992.50024,
55.64_37.51,2024-09-01 15:00:00,27.95,26.827496,none,0.0,0.0,14.05845,30.239998,39.60414,997.4109,
55.64_37.52,2024-05-11 17:00:00,9.85,3.9840221,none,0.0,0.0,22.476227,42.48,39.344147,979.34973,
55.64_37.52,2024-09-10 08:00:00,15.85,15.160353,none,0.0,0.0,10.105681,19.8,80.50031,990.9804,
55.64_37.53,2024-07-15 19:00:00,26.55,28.487381,none,0.0,0.0,9.021574,20.16,62.28699,987.52814,
55.64_37.53,2024-08-20 23:00:00,17.0,16.463442,none,0.0,0.0,11.384198,19.44,79.872406,989.14624,
55.64_37.54,2024-06-04 17:00:00,23.1,20.346498,none,0.0,0.0,22.682856,38.88,48.983498,983.0347,
55.64_37.54,2024-06-09 19:00:00,19.1,17.738827,none,0.0,0.0,5.3999996,21.24,47.896336,982.85547,
55.64_37.54,2024-07-08 19:00:00,26.05,26.321714,none,0.0,0.0,5.4477882,16.199999,45.451767,992.8324,
55.64_37.54,2024-09-12 14:00:00,25.7,23.154526,none,0.0,0.0,18.626305,35.28,38.586834,993.21375,
55.64_37.55,2024-06-02 17:00:00,25.9,24.489124,rain,0.3,0.0,16.279802,27.0,44.968323,985.78674,
55.64_37.59,2024-05-31 20:00:00,20.5,21.332502,none,0.0,0.0,4.452954,15.4800005,68.47679,995.252,
55.64_37.59,2024-09-20 16:00:00,19.8,17.417713,none,0.0,0.0,13.18308,24.84,47.28062,1002.7342,
55.64_37.6,2024-06-30 00:00:00,20.8,21.434376,none,0.0,0.0,8.287822,14.04,71.460266,993.2664,
55.64_37.6,2024-09-07 17:00:00,21.85,22.505276,none,0.0,0.0,3.0758414,8.64,58.88388,1010.6086,
55.64_37.6,2024-10-01 08:00:00,7.95,4.1406746,none,0.0,0.0,17.992796,34.92,82.48602,1003.1291,
55.64_37.61,2024-09-09 09:00:00,17.45,17.076488,none,0.0,0.0,6.489992,16.199999,69.67797,1006.2089,
55.64_37.61,2024-09-30 21:00:00,8.55,3.7622375,none,0.0,0.0,23.080044,39.239998,73.08211,1005.8098,
55.64_37.62,2024-07-17 13:00:00,28.45,31.537113,none,0.0,0.0,4.6938257,19.08,48.515373,998.08563,
55.64_37.62,2024-07-24 17:00:00,25.4,24.742393,none,0.0,0.0,6.9153743,14.4,40.87819,991.60394,
55.64_37.62,2024-08-10 05:00:00,13.05,13.021481,none,0.0,0.0,6.6087217,11.159999,99.3487,991.7282,
55.64_37.65,2024-07-08 09:00:00,23.05,22.239641,none,0.0,0.0,10.685391,22.68,51.110516,1003.2598,
55.64_37.65,2024-09-06 15:00:00,22.25,20.803669,none,0.0,0.0,5.8048253,15.119999,39.181347,1012.4864,
55.64_37.66,2024-05-16 17:00:00,18.65,17.658522,none,0.0,0.0,5.00128,17.28,53.433853,999.49725,
55.64_37.66,2024-06-08 16:00:00,22.35,19.629414,none,0.0,0.0,10.440001,22.68,32.560947,992.0247,
55.64_37.66,2024-06-10 12:00:00,22.65,19.32161,none,0.0,0.0,26.302181,45.36,49.841328,993.09283,
55.64_37.66,2024-06-21 17:00:00,20.45,17.562986,none,0.0,0.0,20.188908,37.44,51.615242,991.0942,
55.64_37.66,2024-06-28 14:00:00,25.25,27.749205,none,0.0,0.0,2.968636,14.759999,49.07702,999.0438,
55.64_37.66,2024-07-05 10:00:00,28.9,30.878494,rain,1.2,0.0,12.7279215,32.399998,53.11919,988.3237,
55.64_37.66,2024-07-19 17:00:00,23.6,23.082884,none,0.0,0.0,10.514218,21.24,52.098675,994.3883,
55.64_37.66,2024-08-03 16:00:00,22.2,21.5145,none,0.0,0.0,9.83268,23.4,53.81645,987.7884,
55.64_37.66,2024-08-28 18:00:00,22.7,23.555805,none,0.0,0.0,10.661107,19.08,69.56971,1007.4374,
55.64_37.66,2024-09-13 10:00:00,22.1,19.344606,none,0.0,0.0,19.878391,36.0,47.592236,1005.6763,
55.64_37.67,2024-07-03 16:00:00,30.4,28.261734,none,0.0,0.0,22.545315,55.079998,35.862213,986.9001,
55.64_37.67,2024-08-10 22:00:00,18.5,18.406998,none,0.0,0.0,8.699793,20.880001,73.38446,991.1889,
55.64_37.67,2024-08-27 16:00:00,28.05,28.508003,none,0.0,0.0,5.2416787,13.679999,41.615852,1003.2134,
55.64_37.67,2024-09-21 01:00:00,13.3,11.453738,none,0.0,0.0,13.363711,22.319998,82.04661,1005.04083,
55.64_37.68,2024-06-24 20:00:00,16.6,15.669014,none,0.0,0.0,9.028754,14.04,70.67317,992.09717,
55.64_37.68,2024-08-09 07:00:00,15.95,15.90513,none,0.0,0.0,10.483357,19.44,91.10834,992.8228,
55.64_37.68,2024-08-29 16:00:00,24.75,23.703632,none,0.0,0.0,8.654987,17.64,41.24141,1006.9212,
55.64_37.68,2024-09-16 09:00:00,16.9,16.101166,none,0.0,0.0,7.289444,15.119999,67.52419,1009.57025,
55.64_37.68,2024-09-26 01:00:00,14.85,10.224101,none,0.0,0.0,19.05281,32.039997,40.9643,1002.1337,
55.64_37.69,2024-06-15 18:00:00,23.8,23.957823,none,0.0,0.0,1.0182338,7.5599995,44.537346,996.61365,
55.64_37.69,2024-07-04 18:00:00,30.1,29.668152,none,0.0,0.0,13.70839,23.4,39.30487,992.8344,
55.64_37.69,2024-07-10 20:00:00,23.55,21.178572,none,0.0,0.0,13.009903,27.0,37.46704,1007.21704,
55.64_37.69,2024-07-25 15:00:00,19.8,19.067476,rain,2.1,0.0,19.161337,31.68,78.73568,991.92554,
55.64_37.69,2024-08-15 14:00:00,20.55,17.945854,none,0.0,0.0,19.813087,35.28,49.94282,1000.2416,
55.64_37.69,2024-08-19 09:00:00,23.2,24.740873,none,0.0,0.0,7.2805495,17.28,69.445786,996.4325,
55.64_37.69,2024-08-24 21:00:00,17.6,17.280134,none,0.0,0.0,8.714677,14.4,74.433235,1001.4998,
55.64_37.69,2024-08-25 21:00:00,18.7,18.658537,none,0.0,0.0,8.225035,10.08,72.23655,1001.8408,
55.64_37.69,2024-08-29 09:00:00,18.9,18.687782,none,0.0,0.0,10.00256,20.880001,72.50779,1011.1108,
55.64_37.69,2024-09-05 12:00:00,18.25,15.760839,none,0.0,0.0,16.199999,32.399998,51.903446,1015.00586,
55.64_37.69,2024-09-07 19:00:00,21.85,21.1196,none,0.0,0.0,1.9386592,2.8799999,41.81963,1012.61237,
55.64_37.69,2024-09-09 19:00:00,20.75,19.762228,none,0.0,0.0,7.8625183,12.24,51.867035,1003.74817,
55.64_37.7,2024-08-20 13:00:00,24.0,25.084316,rain,0.1,0.0,14.408997,27.72,71.81546,1000.4207,
55.64_37.71,2024-06-11 16:00:00,25.7,23.299732,none,0.0,0.0,27.492311,48.6,51.13968,988.7976,
55.64_37.71,2024-07-24 10:00:00,21.85,21.39847,none,0.0,0.0,8.534353,19.44,52.32824,999.926,
55.64_37.72,2024-07-10 18:00:00,25.3,22.686954,none,0.0,0.0,15.281989,29.519999,34.54944,1006.54724,
55.64_37.72,2024-09-07 05:00:00,11.1,10.683524,none,0.0,0.0,2.0991426,2.8799999,90.17385,1013.81305,
55.64_37.73,2024-07-19 16:00:00,23.35,23.242735,none,0.0,0.0,9.387651,19.44,55.354584,994.04755,
55.64_37.73,2024-09-06 18:00:00,20.65,21.472042,none,0.0,0.0,3.8939953,10.799999,66.758896,1013.3011,
55.64_37.74,2024-05-22 06:00:00,11.8,9.41762,none,0.0,0.0,10.028439,15.84,69.25808,1006.3157,
55.64_37.74,2024-07-18 18:00:00,26.2,27.540833,none,0.0,0.0,3.4152596,12.959999,51.59963,999.4295,
55.64_37.75,2024-06-19 18:00:00,23.05,22.944435,none,0.0,0.0,13.217443,21.599998,62.09413,997.4681,
55.64_37.76,2024-07-11 16:00:00,27.15,24.837584,none,0.0,0.0,11.304229,22.68,28.740934,1008.7686,
55.64_37.76,2024-09-10 23:00:00,18.15,17.683313,none,0.0,0.0,10.1887,16.199999,72.8464,1002.431,
55.64_37.77,2024-06-02 05:00:00,15.95,16.680582,none,0.0,0.0,3.5455887,10.799999,87.35361,999.9196,
55.64_37.77,2024-08-15 05:00:00,10.55,8.991379,none,0.0,0.0,9.931042,16.199999,93.53129,1000.33813,
55.64_37.81,2024-05-25 03:00:00,9.35,6.183074,none,0.0,0.0,8.699793,15.84,57.5804,1011.30884,
55.64_37.81,2024-06-06 22:00:00,18.1,19.58476,none,0.0,0.0,6.3690495,10.440001,92.41362,986.32556,
55.64_37.81,2024-06-23 16:00:00,21.4,20.081919,none,0.0,0.0,7.072878,16.919998,43.42563,988.4545,
55.64_37.81,2024-07-26 16:00:00,23.6,22.165125,none,0.0,0.0,6.151683,18.0,36.7253,992.8625,
55.64_37.82,2024-07-31 00:00:00,14.8,13.922232,none,0.0,0.0,13.608762,22.68,91.627205,980.445,
55.64_37.82,2024-10-07 05:00:00,10.05,8.3996,rain,0.3,0.0,10.560341,22.68,96.705185,988.1248,
55.65_37.3,2024-06-21 10:00:00,17.9,15.867849,none,0.0,0.0,17.782686,37.8,59.102165,987.80664,
55.65_37.34,2024-06-26 11:00:00,20.85,18.59103,rain,0.1,0.0,19.9954,42.12,49.68981,991.7184,
55.65_37.34,2024-07-26 16:00:00,23.7,22.23355,none,0.0,0.0,6.1094027,16.919998,36.134113,992.3001,
55.65_37.34,2024-09-18 17:00:00,22.5,23.534477,none,0.0,0.0,1.4399999,6.12,58.089664,1012.11,
55.65_37.35,2024-06-04 15:00:00,23.4,21.913857,none,0.0,0.0,18.03237,40.32,51.202538,989.9944,
55.65_37.35,2024-09-14 10:00:00,20.2,18.261803,none,0.0,0.0,13.584932,28.44,52.243458,1005.6204,
55.65_37.37,2024-06-07 15:00:00,21.85,20.622133,rain,1.2,0.0,20.12461,43.92,65.51746,989.95374,
55.65_37.37,2024-07-02 15:00:00,30.1,28.96294,none,0.0,0.0,19.008547,36.719997,37.932983,986.56177,
55.65_37.37,2024-07-07 17:00:00,25.65,24.642155,none,0.0,0.0,6.989936,20.16,37.30629,1003.53955,
55.65_37.37,2024-07-08 15:00:00,26.85,27.435123,none,0.0,0.0,9.449572,23.4,42.377903,999.20105,
55.65_37.37,2024-09-27 20:00:00,14.55,9.721142,rain,0.2,0.0,32.544178,58.32,72.43594,991.24384,
55.65_37.39,2024-05-25 16:00:00,22.65,18.983143,none,0.0,0.0,13.493999,28.8,26.726269,1006.3208,
55.65_37.39,2024-06-20 08:00:00,21.5,21.340525,none,0.0,0.0,20.608229,37.8,79.72849,984.8175,
55.65_37.39,2024-07-02 12:00:00,29.4,29.88338,none,0.0,0.0,17.414474,36.36,45.62719,986.3529,
55.65_37.39,2024-07-22 17:00:00,21.6,19.831797,rain,0.1,0.0,19.694992,37.8,59.79033,990.44495,
55.65_37.39,2024-09-24 20:00:00,13.9,10.6299305,none,0.0,0.0,13.084402,22.319998,52.3577,1000.86285,
55.65_37.4,2024-07-06 23:00:00,15.25,13.652229,none,0.0,0.0,8.707238,11.5199995,65.17276,998.52655,
55.65_37.4,2024-08-24 21:00:00,17.9,17.375595,none,0.0,0.0,10.233123,17.64,73.279015,998.1261,
55.65_37.41,2024-06-05 21:00:00,21.65,21.0737,none,0.0,0.0,9.085988,14.4,55.65307,986.53296,
55.65_37.41,2024-06-25 21:00:00,18.05,16.28504,none,0.0,0.0,11.720751,23.4,58.351513,990.6627,
55.65_37.41,2024-07-06 11:00:00,19.65,18.368807,none,0.0,0.0,18.998316,40.68,64.62288,991.28,
55.65_37.41,2024-08-14 11:00:00,20.25,18.194546,none,0.0,0.0,21.028437,41.399998,58.691822,988.3689,
55.65_37.45,2024-05-16 11:00:00,17.0,13.858128,none,0.0,0.0,12.4811535,27.359999,43.525467,999.8104,
55.65_37.45,2024-05-21 17:00:00,22.7,21.160631,none,0.0,0.0,8.654986,19.8,41.49622,995.0883,
55.65_37.45,2024-07-30 02:00:00,13.15,12.980593,none,0.0,0.0,3.7064266,7.5599995,87.96391,974.4126,
55.65_37.45,2024-09-08 17:00:00,23.5,22.424068,none,0.0,0.0,5.937272,15.119999,40.208122,1002.6834,
55.65_37.46,2024-05-15 19:00:00,13.7,12.348417,none,0.0,0.0,5.00128,6.8399997,66.626854,1001.4447,
55.65_37.47,2024-05-16 12:00:00,17.05,14.257883,none,0.0,0.0,10.365251,25.919998,43.99824,998.64264,
55.65_37.48,2024-05-23 15:00:00,19.15,15.958439,none,0.0,0.0,11.792404,24.84,28.929903,1005.70624,
55.65_37.48,2024-06-29 06:00:00,18.85,19.030924,none,0.0,0.0,10.739833,19.08,79.359344,992.9989,
55.65_37.48,2024-07-16 18:00:00,28.1,27.863804,none,0.0,0.0,13.684735,30.239998,45.56751,995.6485,
55.65_37.48,2024-08-02 12:00:00,19.9,18.642,rain,0.1,0.0,15.7908325,33.12,64.46633,980.112,
55.65_37.49,2024-06-03 20:00:00,20.35,18.998842,none,0.0,0.0,14.291592,29.519999,60.08314,982.9995,
55.65_37.49,2024-06-30 09:00:00,24.25,26.262135,none,0.0,0.0,7.5685663,17.28,70.08474,991.0193,
55.65_37.51,2024-09-13 17:00:00,25.15,21.474504,none,0.0,0.0,21.166653,41.399998,33.016518,996.8593,
55.65_37.51,2024-10-07 23:00:00,12.55,12.138962,none,0.0,0.0,5.154415,10.799999,90.880745,979.7103,
55.65_37.52,2024-05-31 17:00:00,27.95,25.949078,none,0.0,0.0,11.525623,22.319998,30.059807,990.80756,
55.65_37.52,2024-06-15 14:00:00,23.55,23.46285,none,0.0,0.0,5.6233797,15.4800005,47.82806,988.51776,
55.65_37.52,2024-07-22 10:00:00,20.4,21.3779,none,0.0,0.0,7.5685663,19.8,76.10923,983.2291,
55.65_37.52,2024-07-26 20:00:00,20.5,20.299744,none,0.0,0.0,6.28713,9.36,59.33434,986.2572,
55.65_37.52,2024-09-03 16:00:00,25.45,23.182188,none,0.0,0.0,10.587918,21.96,31.237535,998.96454,
55.65_37.52,2024-09-16 10:00:00,21.45,20.660177,none,0.0,0.0,9.007196,20.16,53.801083,1003.63586,
55.65_37.53,2024-07-29 03:00:00,15.75,16.71155,none,0.0,0.0,5.00128,7.92,95.60989,976.86487,
55.65_37.54,2024-05-25 12:00:00,21.4,19.594824,none,0.0,0.0,13.324863,28.08,31.395605,1004.09515,
55.65_37.54,2024-07-28 22:00:00,18.7,19.998055,none,0.0,0.0,5.937272,11.159999,85.6725,984.9687,
55.65_37.55,2024-07-15 11:00:00,28.0,31.493034,none,0.0,0.0,5.8048253,17.64,60.50998,989.2617,
55.65_37.55,2024-09-02 09:00:00,19.75,19.572607,none,0.0,0.0,8.913181,19.44,67.22525,1001.95624,
55.65_37.55,2024-09-04 13:00:00,21.25,19.561249,none,0.0,0.0,18.39878,35.64,57.408524,1003.60126,
55.65_37.56,2024-06-29 11:00:00,26.85,28.656708,none,0.0,0.0,6.489992,19.44,53.953472,990.8832,
55.65_37.56,2024-09-27 20:00:00,13.7,8.277612,rain,0.7,0.0,35.20875,59.399998,72.76931,986.9642,
55.65_37.57,2024-07-22 14:00:00,19.7,20.35403,rain,3.5,0.0,9.931042,28.44,79.73275,983.9159,
55.65_37.57,2024-08-14 08:00:00,15.8,13.53367,none,0.0,0.0,22.771244,39.239998,85.0953,985.3927,
55.65_37.58,2024-05-16 13:00:00,17.15,14.376978,none,0.0,0.0,10.163227,25.919998,43.568283,998.0468,
55.65_37.58,2024-05-28 15:00:00,25.1,24.371626,none,0.0,0.0,4.6800003,16.199999,32.890137,999.9129,
55.65_37.58,2024-07-05 23:00:00,19.95,21.420527,rain,0.3,0.0,10.365251,17.28,89.382126,982.30096,
55.65_37.58,2024-08-17 16:00:00,24.6,23.979197,none,0.0,0.0,15.03835,26.28,54.251377,987.5877,
55.65_37.58,2024-09-06 19:00:00,19.55,18.556757,none,0.0,0.0,4.5536795,6.4799995,49.673264,1008.49445,
55.65_37.58,2024-09-29 13:00:00,20.15,16.515894,none,0.0,0.0,22.47983,39.96,47.5375,990.2378,
55.65_37.59,2024-07-29 08:00:00,17.8,18.64909,rain,2.7,0.0,10.440001,19.08,93.57807,979.9534,
55.65_37.59,2024-09-01 22:00:00,20.25,18.901375,none,0.0,0.0,11.988594,20.519999,56.41093,1002.1177,
55.65_37.59,2024-10-02 16:00:00,17.65,14.84301,none,0.0,0.0,14.05845,25.199999,49.83497,994.8963,
55.65_37.59,2024-10-07 14:00:00,18.4,18.760412,none,0.0,0.0,8.854829,18.72,80.32379,984.20734,
55.65_37.6,2024-09-24 09:00:00,12.65,9.727363,none,0.0,0.0,10.495713,21.599998,56.20987,1000.1661,
55.65_37.6,2024-10-07 18:00:00,15.55,15.477594,none,0.0,0.0,9.793058,16.199999,91.37744,983.2179,
55.65_37.61,2024-06-25 19:00:00,20.85,18.871271,none,0.0,0.0,15.575981,30.960001,53.115204,990.73035,
55.65_37.61,2024-08-30 21:00:00,17.45,16.93957,none,0.0,0.0,8.311245,13.32,71.53708,1003.60004,
55.65_37.61,2024-09-11 15:00:00,25.0,22.433218,none,0.0,0.0,19.386593,37.079998,41.03796,993.05743,
55.65_37.61,2024-09-24 20:00:00,13.95,10.713668,none,0.0,0.0,12.783802,20.880001,52.005722,998.47626,
55.65_37.62,2024-06-06 18:00:00,20.1,22.093792,rain,0.4,0.0,3.6,10.799999,82.88383,984.93695,
55.65_37.62,2024-06-08 07:00:00,17.8,15.58876,none,0.0,0.0,14.113652,28.08,57.899914,989.90704,
55.65_37.62,2024-07-24 13:00:00,24.2,22.978636,none,0.0,0.0,11.246759,24.84,41.36237,992.095,
55.65_37.62,2024-08-06 16:00:00,23.65,23.45986,none,0.0,0.0,7.92,18.359999,51.435886,986.3678,
55.65_37.62,2024-09-04 15:00:00,20.85,18.400826,none,0.0,0.0,17.782686,34.56,51.377342,1007.11316,
55.65_37.62,2024-09-18 18:00:00,19.9,19.493801,none,0.0,0.0,6.489992,7.5599995,59.386387,1010.5331,
55.65_37.65,2024-05-17 22:00:00,11.25,8.182931,none,0.0,0.0,13.570615,23.759998,68.19594,997.73456,
55.65_37.65,2024-05-23 13:00:00,17.95,15.328419,none,0.0,0.0,15.39184,32.039997,35.2255,1008.08295,
55.65_37.65,2024-07-03 08:00:00,27.45,28.015823,none,0.0,0.0,17.462782,32.399998,57.98079,983.8474,
55.65_37.65,2024-09-15 16:00:00,25.75,22.312819,none,0.0,0.0,13.392774,26.64,24.07074,1006.85,
55.65_37.66,2024-09-24 08:00:00,7.4,4.1053467,none,0.0,0.0,10.829959,18.359999,70.83016,1003.815,
55.65_37.67,2024-07-16 10:00:00,26.1,28.213207,rain,0.1,0.0,9.449572,21.96,65.99051,997.80774,
55.65_37.67,2024-08-22 14:00:00,24.5,23.434834,none,0.0,0.0,18.161278,33.839996,51.490417,994.86224,
55.65_37.67,2024-08-27 13:00:00,27.55,28.73302,none,0.0,0.0,9.0645685,20.880001,48.27677,1004.0818,
55.65_37.67,2024-09-11 12:00:00,22.95,20.8724,none,0.0,0.0,18.11841,34.92,49.430126,996.92523,
55.65_37.67,2024-09-21 15:00:00,21.0,18.54773,none,0.0,0.0,19.13426,35.28,53.15414,998.17596,
55.65_37.69,2024-08-02 22:00:00,15.45,15.200081,none,0.0,0.0,9.422101,15.119999,88.16475,988.32495,
55.65_37.69,2024-08-07 09:00:00,19.8,21.19119,none,0.0,0.0,5.154415,14.4,79.74659,995.35724,
55.65_37.7,2024-09-19 08:00:00,16.05,14.073431,none,0.0,0.0,12.413477,22.319998,64.47497,1014.2131,
55.65_37.71,2024-09-06 17:00:00,21.1,21.432545,none,0.0,0.0,2.968636,11.5199995,57.749596,1016.2643,
55.65_37.72,2024-05-18 19:00:00,17.35,15.959272,none,0.0,0.0,5.692099,12.24,53.63831,1003.61725,
55.65_37.72,2024-06-08 11:00:00,20.85,19.60294,none,0.0,0.0,12.181624,25.56,48.37518,996.8048,
55.65_37.72,2024-07-06 20:00:00,20.45,17.910042,none,0.0,0.0,13.138765,25.199999,43.45342,1002.5146,
55.65_37.72,2024-07-11 12:00:00,25.35,25.9253,none,0.0,0.0,6.4096174,19.8,38.231865,1010.066,
55.65_37.72,2024-07-17 17:00:00,29.05,29.021656,none,0.0,0.0,4.73506,14.759999,35.253723,1002.52515,
55.65_37.72,2024-07-17 19:00:00,28.25,29.410538,none,0.0,0.0,3.319036,10.799999,44.308426,1002.05066,
55.65_37.72,2024-07-18 14:00:00,25.95,27.701206,rain,0.5,0.0,9.504272,20.519999,63.532623,999.5313,
55.65_37.72,2024-07-31 15:00:00,20.05,18.409588,rain,0.2,0.0,17.414474,33.839996,63.246998,988.1222,
55.65_37.72,2024-08-05 12:00:00,22.3,23.143951,none,0.0,0.0,11.019764,24.48,64.15598,992.64886,
55.65_37.72,2024-08-29 18:00:00,20.85,21.05163,none,0.0,0.0,6.792466,10.08,63.631573,1010.7082,
55.65_37.72,2024-10-05 06:00:00,8.95,6.868228,none,0.0,0.0,10.957846,19.08,94.73003,999.7187,
55.65_37.73,2024-06-11 22:00:00,19.9,21.065613,rain,0.1,0.0,12.768586,21.24,90.22397,993.686,
55.65_37.73,2024-06-26 16:00:00,22.15,18.579556,none,0.0,0.0,24.627787,43.56,44.227036,997.47455,
55.65_37.73,2024-09-02 19:00:00,21.6,19.851555,none,0.0,0.0,9.726665,17.28,43.77669,1011.6682,
55.65_37.74,2024-05-19 22:00:00,11.1,8.344166,none,0.0,0.0,11.212135,19.44,68.16477,1003.44336,
55.65_37.74,2024-06-03 18:00:00,21.65,19.766151,none,0.0,0.0,18.847641,40.32,56.94483,992.2242,
55.65_37.74,2024-07-13 01:00:00,18.9,18.216198,none,0.0,0.0,9.72,15.4800005,65.74323,1002.0723,
55.65_37.74,2024-08-15 17:00:00,19.85,17.352348,none,0.0,0.0,15.978484,32.039997,50.769436,1000.3421,
55.65_37.74,2024-09-05 12:00:00,18.45,16.017538,none,0.0,0.0,15.84,32.039997,51.430878,1017.96564,
55.65_37.75,2024-06-14 18:00:00,20.5,20.798347,none,0.0,0.0,6.130579,21.24,65.01823,998.46454,
55.65_37.75,2024-07-03 15:00:00,29.2,29.241188,none,0.0,0.0,17.654688,55.8,45.864456,989.77966,
55.65_37.76,2024-07-01 18:00:00,29.8,30.543598,none,0.0,0.0,7.754637,18.0,42.097954,994.8768,
55.65_37.76,2024-09-02 20:00:00,19.85,18.129461,none,0.0,0.0,9.0,15.4800005,47.777607,1011.96075,
55.65_37.76,2024-09-06 19:00:00,20.7,19.734732,none,0.0,0.0,5.00128,6.12,47.368263,1016.49945,
55.65_37.76,2024-09-17 06:00:00,10.9,9.8849325,none,0.0,0.0,6.87779,10.440001,93.548546,1017.1858,
55.65_37.77,2024-05-17 21:00:00,12.95,9.675416,none,0.0,0.0,14.84318,27.72,60.557053,1003.1782,
55.65_37.77,2024-08-31 10:00:00,22.2,22.381285,none,0.0,0.0,10.630672,23.039999,63.723103,1011.85767,
55.65_37.77,2024-10-09 22:00:00,6.25,3.3680286,none,0.0,0.0,8.373386,16.199999,78.29518,999.2615,
55.65_37.79,2024-07-27 11:00:00,25.1,25.99512,none,0.0,0.0,2.2768397,12.599999,37.026234,998.4013,
55.65_37.84,2024-09-08 20:00:00,17.25,15.61981,none,0.0,0.0,8.654986,12.959999,56.796257,1008.8516,
55.66_37.18,2024-09-14 19:00:00,20.15,18.0995,none,0.0,0.0,11.620809,20.16,47.5375,1000.0026,
55.66_37.34,2024-10-05 13:00:00,12.45,10.403729,none,0.0,0.0,9.178235,21.96,70.58648,995.35034,
55.66_37.4,2024-08-08 10:00:00,21.45,22.290121,rain,0.1,0.0,7.4128532,19.8,69.55053,989.27527,
55.66_37.4,2024-09-13 22:00:00,18.7,16.318089,none,0.0,0.0,15.281989,26.28,54.720993,1002.0258,
55.66_37.41,2024-05-19 18:00:00,16.85,14.380444,none,0.0,0.0,10.464797,19.8,49.616875,996.3079,
55.66_37.41,2024-05-20 18:00:00,20.45,18.068983,none,0.0,0.0,12.475961,23.759998,44.19976,994.6608,
55.66_37.41,2024-07-10 21:00:00,20.9,18.925222,none,0.0,0.0,10.829958,20.519999,44.93072,1001.7772,
55.66_37.41,2024-09-20 17:00:00,19.4,17.536987,none,0.0,0.0,10.883676,23.4,50.820156,1002.80316,
55.66_37.42,2024-05-24 20:00:00,16.2,14.456484,none,0.0,0.0,6.12,10.08,53.15354,1008.6931,
55.66_37.42,2024-06-05 10:00:00,24.4,25.506886,none,0.0,0.0,10.308831,25.919998,55.616463,989.12463,
55.66_37.42,2024-07-16 19:00:00,25.85,27.233686,none,0.0,0.0,6.8777895,21.24,57.41589,995.34863,
55.66_37.43,2024-06-10 12:00:00,23.05,21.170862,rain,0.5,0.0,16.489416,35.28,46.59881,988.35205,
55.66_37.43,2024-08-09 17:00:00,21.85,20.603159,none,0.0,0.0,12.57426,25.56,53.19844,989.69556,
55.66_37.43,2024-10-05 19:00:00,9.45,7.5544777,none,0.0,0.0,7.1661706,11.879999,82.67543,994.8365,
55.66_37.44,2024-05-24 04:00:00,6.75,3.8562174,none,0.0,0.0,7.4128532,11.159999,71.2085,1007.51245,
55.66_37.44,2024-05-30 13:00:00,27.05,25.962357,none,0.0,0.0,12.224107,27.72,31.049292,991.8073,
55.66_37.44,2024-06-09 11:00:00,19.1,18.968187,none,0.0,0.0,7.9932966,23.4,51.95328,987.74646,
55.66_37.44,2024-06-14 17:00:00,21.55,20.224983,none,0.0,0.0,11.298495,23.759998,51.22134,989.8852,
55.66_37.47,2024-05-23 14:00:00,18.35,15.56274,none,0.0,0.0,14.84318,33.12,35.216557,1005.93756,
55.66_37.47,2024-06-12 19:00:00,23.7,25.293005,none,0.0,0.0,10.446206,20.880001,72.43934,988.27704,
55.66_37.48,2024-05-17 15:00:00,19.6,17.100805,none,0.0,0.0,16.595179,32.760002,47.22545,994.1315,
55.66_37.48,2024-05-31 07:00:00,19.2,19.68352,none,0.0,0.0,4.0249224,10.440001,68.886986,994.5027,
55.66_37.48,2024-06-08 12:00:00,22.0,21.187698,none,0.0,0.0,11.609651,25.919998,40.19108,988.7274,
55.66_37.48,2024-08-30 18:00:00,19.8,19.555191,none,0.0,0.0,9.255571,10.440001,66.79935,1003.8342,
55.66_37.48,2024-09-11 12:00:00,24.0,21.714285,none,0.0,0.0,19.67195,36.719997,45.336872,993.7328,
55.66_37.5,2024-10-03 17:00:00,15.05,12.7134495,none,0.0,0.0,8.260411,12.24,52.483257,992.7377,
55.66_37.51,2024-06-03 15:00:00,23.0,20.720964,none,0.0,0.0,21.437386,38.16,52.283833,984.529,
55.66_37.51,2024-07-05 07:00:00,23.8,24.725908,none,0.0,0.0,16.299694,30.599998,73.82901,985.1968,
55.66_37.51,2024-08-11 04:00:00,16.0,16.190283,none,0.0,0.0,10.948973,18.0,95.61819,984.49805,
55.66_37.51,2024-09-04 03:00:00,14.9,15.018047,none,0.0,0.0,7.9932966,12.959999,94.04568,1004.556,
55.66_37.51,2024-09-04 04:00:00,15.05,15.26442,none,0.0,0.0,8.707237,13.679999,96.5176,1004.56775,
55.66_37.52,2024-05-17 09:00:00,17.1,16.290573,none,0.0,0.0,9.826088,25.199999,66.232315,991.81494,
55.66_37.52,2024-06-20 14:00:00,20.55,19.606485,rain,5.0,0.0,25.683926,48.239998,83.9894,973.4761,
55.66_37.52,2024-09-01 11:00:00,24.65,24.887022,none,0.0,0.0,12.904882,25.919998,59.168686,999.5505,
55.66_37.54,2024-05-13 08:00:00,5.15,1.3874464,none,0.0,0.0,9.531505,20.880001,61.27039,993.9398,
55.66_37.54,2024-05-25 23:00:00,12.75,10.371341,none,0.0,0.0,8.699793,13.679999,61.354572,1000.2967,
55.66_37.54,2024-06-26 18:00:00,21.1,18.312298,none,0.0,0.0,19.803272,40.32,50.09036,988.0726,
55.66_37.54,2024-07-20 14:00:00,21.3,20.714445,rain,1.5,0.0,14.81259,32.760002,66.2499,985.3044,
55.66_37.54,2024-08-28 21:00:00,20.2,20.219488,none,0.0,0.0,11.841756,20.519999,72.97406,1002.4728,
55.66_37.55,2024-05-31 09:00:00,23.6,23.791512,none,0.0,0.0,4.379589,14.759999,50.258537,991.62366,
55.66_37.55,2024-06-11 08:00:00,22.8,21.517141,none,0.0,0.0,25.325686,44.28,69.149155,982.5124,
55.66_37.55,2024-08-27 21:00:00,21.0,21.743532,none,0.0,0.0,8.759178,10.08,72.64921,998.83453,
55.66_37.56,2024-06-24 11:00:00,19.3,17.647165,none,0.0,0.0,11.659777,24.119999,52.181526,987.8933,
55.66_37.57,2024-05-22 19:00:00,18.95,15.7118,none,0.0,0.0,13.779114,25.919998,39.731304,998.6512,
55.66_37.57,2024-07-24 00:00:00,15.15,13.91608,none,0.0,0.0,8.766573,14.4,71.82216,990.9287,
55.66_37.57,2024-09-04 08:00:00,16.95,16.840595,none,0.0,0.0,15.175612,27.359999,94.7392,1006.00946,
55.66_37.57,2024-09-07 16:00:00,23.65,22.726986,none,0.0,0.0,2.9024127,11.5199995,36.99,1005.64276,
55.66_37.57,2024-09-11 09:00:00,20.05,18.392893,none,0.0,0.0,16.055355,30.960001,60.607418,992.94183,
55.66_37.58,2024-05-12 19:00:00,4.7,0.17586613,none,0.0,0.0,12.371645,24.48,51.525116,997.3293,
55.66_37.58,2024-05-27 09:00:00,18.8,17.147541,none,0.0,0.0,10.594036,24.119999,46.843674,1007.94794,
55.66_37.58,2024-06-22 22:00:00,15.85,14.835896,none,0.0,0.0,6.4799995,12.24,66.856766,988.58307,
55.66_37.58,2024-07-01 10:00:00,27.7,27.925346,none,0.0,0.0,8.534353,19.08,44.30111,990.8221,
55.66_37.59,2024-09-20 15:00:00,19.9,17.909767,none,0.0,0.0,12.031756,24.48,49.767807,1004.3409,
55.66_37.6,2024-09-26 22:00:00,16.95,12.430395,none,0.0,0.0,21.511318,37.079998,42.756317,995.1281,
55.66_37.6,2024-10-02 11:00:00,17.2,14.0517845,none,0.0,0.0,14.197196,27.72,46.558388,997.1038,
55.66_37.6,2024-10-08 19:00:00,12.6,11.794292,rain,0.3,0.0,9.9,17.64,96.45166,984.8215,
55.66_37.61,2024-05-19 21:00:00,13.0,10.213579,none,0.0,0.0,11.570515,19.8,60.569096,996.4828,
55.66_37.61,2024-09-23 16:00:00,15.0,12.278807,none,0.0,0.0,5.4119864,14.04,39.142735,1001.7573,
55.66_37.61,2024-09-28 13:00:00,20.75,18.281126,none,0.0,0.0,28.1169,50.039997,69.19189,988.50757,
55.66_37.62,2024-05-11 20:00:00,6.0,1.1647091,none,0.0,0.0,17.917007,35.28,62.381947,990.25385,
55.66_37.62,2024-06-17 18:00:00,20.15,21.447435,rain,0.5,0.0,13.450708,28.44,91.66418,988.37177,
55.66_37.62,2024-08-21 12:00:00,21.85,21.670942,none,0.0,0.0,11.252519,24.48,53.90375,996.01044,
55.66_37.62,2024-09-17 15:00:00,24.2,22.881088,none,0.0,0.0,7.7879906,20.880001,38.810966,1010.4733,
55.66_37.62,2024-10-01 15:00:00,17.95,14.904236,none,0.0,0.0,18.180891,34.56,53.97732,1000.323,
55.66_37.62,2024-10-05 08:00:00,8.45,6.195325,none,0.0,0.0,10.195057,17.64,90.594696,993.6322,
55.66_37.63,2024-06-06 10:00:00,22.35,23.51442,none,0.0,0.0,5.495161,18.359999,64.373146,987.11285,
55.66_37.63,2024-07-17 14:00:00,29.1,31.740757,none,0.0,0.0,5.495161,17.28,45.1125,998.08704,
55.66_37.63,2024-07-24 17:00:00,25.4,24.742393,none,0.0,0.0,6.9153743,14.4,40.87819,991.37756,
55.66_37.63,2024-09-18 08:00:00,16.65,16.355473,none,0.0,0.0,4.3498964,11.879999,69.752075,1012.93536,
55.66_37.64,2024-05-18 19:00:00,17.35,16.30964,none,0.0,0.0,4.6102495,15.4800005,56.438435,997.9862,
55.66_37.64,2024-06-28 14:00:00,25.25,27.749205,none,0.0,0.0,2.968636,14.759999,49.07702,996.7671,
55.66_37.64,2024-08-12 13:00:00,18.6,15.061056,rain,0.1,0.0,25.1614,46.8,58.877335,982.1555,
55.66_37.65,2024-05-28 16:00:00,25.1,24.01351,none,0.0,0.0,3.671294,14.4,33.454823,1001.527,
55.66_37.65,2024-06-26 16:00:00,21.9,18.242073,none,0.0,0.0,24.975283,43.92,44.15724,992.03357,
55.66_37.65,2024-09-07 17:00:00,21.85,22.505276,none,0.0,0.0,3.0758414,8.64,58.88388,1009.6762,
55.66_37.65,2024-09-09 17:00:00,23.0,21.68399,none,0.0,0.0,10.105681,20.880001,45.211315,1001.3885,
55.66_37.65,2024-09-15 13:00:00,25.05,22.33347,none,0.0,0.0,14.982228,28.8,33.4407,1006.4268,
55.66_37.7,2024-07-02 10:00:00,30.15,30.664505,none,0.0,0.0,17.414474,32.039997,44.399464,991.17426,
55.66_37.7,2024-09-26 20:00:00,17.5,12.806215,none,0.0,0.0,21.24,34.2,38.218056,1001.7596,
55.66_37.71,2024-05-17 08:00:00,15.9,15.260742,none,0.0,0.0,7.5599995,20.880001,75.12931,1000.64923,
55.66_37.71,2024-08-10 10:00:00,20.0,20.301958,none,0.0,0.0,9.511088,22.68,73.173706,996.771,
55.66_37.72,2024-09-06 15:00:00,22.4,21.042976,none,0.0,0.0,5.1919937,13.679999,38.825466,1016.00195,
55.66_37.73,2024-05-17 08:00:00,15.85,15.190208,none,0.0,0.0,7.5942073,18.72,75.12093,999.8214,
55.66_37.73,2024-06-15 12:00:00,23.25,24.605598,none,0.0,0.0,5.6920996,17.28,50.16571,998.6293,
55.66_37.73,2024-10-04 18:00:00,10.95,8.805765,rain,0.5,0.0,14.330079,26.28,92.30616,997.944,
55.66_37.74,2024-05-14 11:00:00,7.25,4.8673286,none,0.0,0.0,3.671294,13.679999,67.83398,1008.2234,
55.66_37.74,2024-07-10 08:00:00,22.15,22.269003,none,0.0,0.0,11.681987,24.84,65.58097,1009.09485,
55.66_37.74,2024-07-17 11:00:00,27.7,30.264996,none,0.0,0.0,6.618519,20.16,52.648674,1004.2553,
55.66_37.74,2024-07-30 14:00:00,22.45,21.957472,rain,0.2,0.0,9.255571,21.96,47.68758,984.2727,
55.66_37.74,2024-08-07 19:00:00,21.65,22.325893,none,0.0,0.0,5.904439,13.679999,64.42862,994.6897,
55.66_37.74,2024-09-23 11:00:00,13.3,10.612428,none,0.0,0.0,4.8433046,17.28,42.76573,1009.2845,
55.66_37.75,2024-05-11 18:00:00,9.05,3.239462,none,0.0,0.0,23.0653,44.639996,45.04863,994.16345,
55.66_37.75,2024-05-22 14:00:00,21.0,18.775156,none,0.0,0.0,16.039202,33.12,35.485237,1006.40344,
55.66_37.75,2024-05-25 19:00:00,18.0,16.409138,none,0.0,0.0,7.2359104,12.24,51.836956,1010.471,
55.66_37.75,2024-05-29 17:00:00,25.75,24.053507,none,0.0,0.0,12.303366,28.08,37.836605,1000.7199,
55.66_37.75,2024-06-05 11:00:00,24.8,25.366014,none,0.0,0.0,12.57426,28.44,52.749138,996.31506,
55.66_37.75,2024-06-28 14:00:00,25.95,28.00481,none,0.0,0.0,3.7064266,13.32,47.694622,1002.33813,
55.66_37.75,2024-07-01 18:00:00,28.75,29.655403,none,0.0,0.0,11.304229,18.72,49.68387,994.4086,
55.66_37.75,2024-09-08 17:00:00,24.3,23.230316,none,0.0,0.0,5.1544156,12.959999,37.30042,1012.1028,
55.66_37.76,2024-06-05 12:00:00,25.55,26.219095,none,0.0,0.0,12.522619,28.8,49.476192,995.43176,
55.66_37.76,2024-07-15 20:00:00,24.35,27.5582,none,0.0,0.0,5.3517847,7.92,77.921684,1000.6022,
55.66_37.76,2024-07-27 20:00:00,21.95,20.420898,none,0.0,0.0,14.618837,22.319998,53.04927,998.7304,
55.66_37.76,2024-09-15 13:00:00,24.2,22.490448,none,0.0,0.0,12.594856,25.56,39.8678,1012.0166,
55.66_37.77,2024-05-18 19:00:00,17.35,15.959272,none,0.0,0.0,5.692099,12.24,53.63831,1003.85236,
55.66_37.77,2024-05-25 20:00:00,18.0,16.409138,none,0.0,0.0,7.2359104,12.24,51.836956,1010.5891,
55.66_37.77,2024-06-13 15:00:00,21.8,20.734962,none,0.0,0.0,18.35647,32.399998,64.66911,994.71295,
55.66_37.77,2024-06-14 22:00:00,18.3,18.986181,none,0.0,0.0,3.6,5.04,74.79456,999.0852,
55.66_37.77,2024-07-11 16:00:00,27.15,24.837584,none,0.0,0.0,11.304229,22.68,28.740934,1008.1966,
55.66_37.77,2024-09-15 15:00:00,25.75,22.505283,none,0.0,0.0,12.682018,26.28,24.84363,1011.6794,
55.66_37.78,2024-06-04 21:00:00,19.4,19.179184,none,0.0,0.0,10.182337,20.16,70.51196,994.4333,
55.66_37.78,2024-07-11 18:00:00,25.85,25.194279,none,0.0,0.0,3.7064266,17.28,35.771275,1007.55945,
55.66_37.78,2024-07-15 12:00:00,28.75,32.399082,none,0.0,0.0,5.6920996,17.64,57.390587,999.2137,
55.66_37.78,2024-08-31 17:00:00,25.95,25.451628,none,0.0,0.0,6.989936,14.4,41.032032,1010.34155,
55.66_37.8,2024-07-04 21:00:00,25.15,25.058346,none,0.0,0.0,16.854767,30.960001,59.664005,994.10333,
55.66_37.83,2024-09-05 07:00:00,10.5,8.368912,none,0.0,0.0,11.384199,19.8,85.66998,1013.9988,
55.66_37.84,2024-06-17 17:00:00,20.0,21.051193,rain,1.7,0.0,14.182355,38.88,90.79828,992.10333,
55.66_37.84,2024-08-26 15:00:00,27.0,28.697647,none,0.0,0.0,3.6,13.679999,51.80621,1002.896,
55.67_37.09,2024-06-19 06:00:00,18.1,17.902166,none,0.0,0.0,13.207634,30.960001,82.90953,991.5825,
55.67_37.17,2024-08-28 13:00:00,25.35,27.09884,none,0.0,0.0,10.163227,24.119999,64.81153,1001.7889,
55.67_37.42,2024-07-03 04:00:00,21.05,21.30872,none,0.0,0.0,14.044615,24.48,75.72976,983.3553,
55.67_37.42,2024-07-03 19:00:00,25.55,26.465908,none,0.0,0.0,13.979871,27.359999,63.44557,985.4287,
55.67_37.42,2024-07-13 18:00:00,28.3,29.34005,none,0.0,0.0,7.653705,21.24,48.014893,991.11505,
55.67_37.42,2024-08-10 01:00:00,13.4,13.526249,none,0.0,0.0,5.315336,9.36,96.4734,990.7919,
55.67_37.43,2024-07-08 17:00:00,26.75,26.274279,none,0.0,0.0,7.5942073,18.72,40.05302,997.05237,
55.67_37.43,2024-09-23 17:00:00,14.15,11.765198,none,0.0,0.0,5.0911684,12.959999,46.514626,1000.35504,
55.67_37.44,2024-09-19 07:00:00,11.85,9.53994,none,0.0,0.0,11.659777,19.08,75.460785,1006.7585,
55.67_37.45,2024-06-05 17:00:00,25.85,25.166859,none,0.0,0.0,6.5693827,17.64,39.146103,987.84357,
55.67_37.45,2024-06-24 14:00:00,20.1,18.306282,none,0.0,0.0,13.276144,28.44,49.487553,989.11646,
55.67_37.45,2024-08-14 16:00:00,21.3,17.789822,none,0.0,0.0,21.178896,41.039997,43.544815,990.89795,
55.67_37.45,2024-09-22 11:00:00,12.75,9.557386,none,0.0,0.0,9.885262,24.48,48.828434,1001.62036,
55.67_37.46,2024-05-23 15:00:00,18.8,15.564077,none,0.0,0.0,12.429127,28.44,30.214666,1007.5561,
55.67_37.46,2024-05-29 16:00:00,26.0,23.840649,none,0.0,0.0,14.689589,29.88,36.296787,995.7472,
55.67_37.46,2024-06-16 13:00:00,24.1,23.975416,rain,0.1,0.0,18.692286,37.44,55.184555,995.7898,
55.67_37.46,2024-07-11 21:00:00,20.9,19.14254,none,0.0,0.0,10.805999,18.0,47.423153,1000.97125,
55.67_37.46,2024-08-25 20:00:00,18.65,19.025152,none,0.0,0.0,7.342588,10.440001,76.32043,999.15314,
55.67_37.46,2024-09-05 20:00:00,14.55,12.660728,none,0.0,0.0,9.028754,14.759999,63.922962,1011.28436,
55.67_37.47,2024-10-04 19:00:00,10.8,8.598583,rain,0.4,0.0,14.529915,25.199999,92.60757,991.7337,
55.67_37.49,2024-06-20 13:00:00,20.55,19.606485,rain,5.0,0.0,25.683926,48.239998,83.9894,977.6565,
55.67_37.49,2024-06-30 15:00:00,29.45,28.790634,none,0.0,0.0,14.759999,28.08,37.875324,992.9389,
55.67_37.49,2024-07-03 08:00:00,27.55,27.914307,none,0.0,0.0,18.214718,33.48,56.924202,982.86566,
55.67_37.5,2024-07-23 10:00:00,21.1,19.81822,none,0.0,0.0,14.512064,28.8,57.183586,991.8554,
55.67_37.5,2024-09-12 15:00:00,25.35,22.77612,none,0.0,0.0,19.228851,35.64,39.92525,994.6569,
55.67_37.5,2024-09-20 16:00:00,20.25,17.78308,none,0.0,0.0,13.324863,25.199999,45.20783,1001.97754,
55.67_37.5,2024-09-25 21:00:00,17.5,13.472008,none,0.0,0.0,20.304924,33.839996,45.842716,998.2624,
55.67_37.51,2024-09-21 18:00:00,19.3,16.869093,none,0.0,0.0,17.163355,32.760002,55.6133,992.341,
55.67_37.52,2024-05-17 18:00:00,18.8,16.07062,none,0.0,0.0,13.854155,30.239998,47.004135,993.12854,
55.67_37.52,2024-06-01 17:00:00,28.85,26.519115,none,0.0,0.0,14.05845,26.64,28.81769,990.9183,
55.67_37.52,2024-06-25 18:00:00,21.05,19.0112,none,0.0,0.0,15.575981,30.239998,51.773563,989.81244,
55.67_37.52,2024-09-26 19:00:00,17.9,12.945911,none,0.0,0.0,20.892412,34.56,32.9005,993.40564,
55.67_37.52,2024-10-10 20:00:00,8.6,5.110832,none,0.0,0.0,16.165964,27.0,80.31144,990.7594,
55.67_37.53,2024-08-09 13:00:00,21.25,21.161522,rain,0.1,0.0,11.019764,24.119999,65.81352,988.75305,
55.67_37.54,2024-07-27 11:00:00,25.25,25.969254,none,0.0,0.0,2.7416782,12.959999,35.842556,989.79266,
55.67_37.54,2024-09-10 08:00:00,16.15,15.302013,none,0.0,0.0,11.304229,20.16,79.23273,994.7425,
55.67_37.55,2024-05-20 08:00:00,15.05,12.875656,none,0.0,0.0,12.031756,23.039999,64.47078,991.9572,
55.67_37.55,2024-10-02 09:00:00,11.85,8.207901,none,0.0,0.0,15.021105,25.199999,58.010067,994.11926,
55.67_37.55,2024-10-06 19:00:00,9.25,5.7518063,rain,2.4,0.0,20.06334,34.2,90.65155,990.05524,
55.67_37.55,2024-10-07 16:00:00,19.0,19.484556,none,0.0,0.0,8.131936,19.8,77.615486,982.2079,
55.67_37.55,2024-10-10 14:00:00,10.65,7.1669197,none,0.0,0.0,16.34832,30.239998,70.72227,988.03796,
55.67_37.56,2024-05-15 19:00:00,11.05,8.508101,none,0.0,0.0,7.342588,11.159999,60.733685,999.4657,
55.67_37.56,2024-07-09 20:00:00,23.15,23.101082,none,0.0,0.0,17.298738,32.760002,68.34626,998.00507,
55.67_37.56,2024-07-22 16:00:00,20.65,19.348988,rain,0.8,0.0,19.721298,36.0,68.94982,986.6844,
55.67_37.56,2024-08-04 15:00:00,22.3,22.055044,rain,0.1,0.0,11.183201,23.759998,55.452255,981.32367,
55.67_37.56,2024-08-13 22:00:00,14.95,13.308804,none,0.0,0.0,17.31746,28.8,86.97651,984.1774,
55.67_37.56,2024-09-14 11:00:00,20.45,18.181095,none,0.0,0.0,14.88242,29.16,49.748753,1001.4125,
55.67_37.57,2024-09-15 22:00:00,16.05,13.930292,none,0.0,0.0,8.699793,14.4,53.664474,1004.37646,
55.67_37.58,2024-05-18 16:00:00,19.1,16.180428,none,0.0,0.0,7.7043357,18.359999,31.971167,997.37866,
55.67_37.58,2024-07-15 17:00:00,27.9,29.672611,rain,0.3,0.0,11.770403,26.28,59.369102,993.1862,
55.67_37.59,2024-06-01 17:00:00,28.95,26.562782,none,0.0,0.0,13.009903,29.519999,27.141336,994.3915,
55.67_37.59,2024-07-03 21:00:00,24.55,25.824816,none,0.0,0.0,11.525623,25.199999,67.341896,986.8503,
55.67_37.59,2024-07-12 07:00:00,18.95,18.396683,none,0.0,0.0,9.504272,18.72,66.84087,1000.6353,
55.67_37.59,2024-08-30 17:00:00,24.1,22.79678,none,0.0,0.0,9.021574,17.64,40.92181,1004.6078,
55.67_37.59,2024-10-06 21:00:00,9.5,6.1557226,rain,2.3,0.0,20.056877,34.2,92.8481,991.64703,
55.67_37.6,2024-08-23 01:00:00,17.6,15.475897,none,0.0,0.0,17.10284,32.039997,66.11889,993.542,
55.67_37.61,2024-07-24 09:00:00,21.9,21.348036,none,0.0,0.0,8.707237,20.519999,51.48378,994.6166,
55.67_37.61,2024-09-15 14:00:00,25.05,22.33347,none,0.0,0.0,14.982228,28.8,33.4407,1007.1165,
55.67_37.62,2024-08-09 00:00:00,15.35,15.631197,none,0.0,0.0,8.12197,14.4,94.37022,989.3675,
55.67_37.62,2024-09-02 09:00:00,19.75,19.572607,none,0.0,0.0,8.913181,19.44,67.22525,1004.9858,
55.67_37.62,2024-10-04 21:00:00,10.7,8.765809,none,0.0,0.0,12.88981,22.68,93.8528,992.0967,
55.67_37.63,2024-05-28 13:00:00,23.6,23.618933,none,0.0,0.0,8.557102,21.599998,38.12167,1003.9435,
55.67_37.63,2024-07-08 13:00:00,26.95,27.359537,none,0.0,0.0,11.119281,26.64,40.240894,1000.60504,
55.67_37.63,2024-07-11 16:00:00,27.25,24.89048,none,0.0,0.0,10.799999,23.4,27.612091,1003.16925,
55.67_37.63,2024-08-09 11:00:00,20.25,20.594563,rain,0.1,0.0,9.983106,22.68,72.98288,990.8899,
55.67_37.63,2024-09-16 09:00:00,16.8,16.012009,none,0.0,0.0,7.42159,15.84,68.40669,1008.37933,
55.67_37.63,2024-09-20 13:00:00,19.6,17.707104,none,0.0,0.0,11.457958,25.919998,50.873627,1006.3106,
55.67_37.65,2024-06-16 20:00:00,20.7,20.380835,rain,0.3,0.0,12.096214,26.64,67.20234,995.82385,
55.67_37.65,2024-06-28 17:00:00,26.4,26.347605,none,0.0,0.0,3.0758414,8.28,38.91234,997.32025,
55.67_37.65,2024-07-02 19:00:00,27.25,28.65041,none,0.0,0.0,8.217153,21.24,54.569103,985.0342,
55.67_37.66,2024-06-09 14:00:00,21.6,21.007154,none,0.0,0.0,9.3876505,22.319998,39.129704,990.28143,
55.67_37.66,2024-06-15 19:00:00,21.35,22.101746,none,0.0,0.0,5.771239,9.36,66.26034,997.4085,
55.67_37.66,2024-06-16 20:00:00,20.9,20.371923,rain,0.2,0.0,14.291592,23.759998,67.678505,994.81604,
55.67_37.66,2024-07-11 20:00:00,24.9,23.551464,none,0.0,0.0,6.792466,10.08,35.62285,1004.7712,
55.67_37.66,2024-10-02 17:00:00,17.65,14.862158,none,0.0,0.0,14.174356,24.84,50.349262,1000.71625,
55.67_37.67,2024-06-15 20:00:00,21.35,22.101746,none,0.0,0.0,5.771239,9.36,66.26034,996.9475,
55.67_37.72,2024-05-24 19:00:00,19.5,17.311863,none,0.0,0.0,5.937272,13.32,37.206615,1014.35236,
55.67_37.72,2024-07-21 15:00:00,22.9,22.767647,rain,0.1,0.0,11.440978,28.08,59.709488,991.8866,
55.67_37.72,2024-10-04 15:00:00,11.3,8.869492,rain,1.3,0.0,16.486465,26.64,90.794914,997.6606,
55.67_37.73,2024-05-29 16:00:00,27.25,25.80965,none,0.0,0.0,7.4128532,17.64,31.000069,999.31683,
55.67_37.74,2024-05-29 23:00:00,18.8,18.086632,none,0.0,0.0,7.6367526,18.359999,61.729313,999.3126,
55.67_37.74,2024-07-04 07:00:00,24.55,27.004677,none,0.0,0.0,8.287822,19.08,73.9557,994.6781,
55.67_37.74,2024-10-07 07:00:00,10.35,8.808793,none,0.0,0.0,10.195057,18.72,96.066986,991.66125,
55.67_37.75,2024-05-21 16:00:00,23.35,22.121138,none,0.0,0.0,7.2,17.28,40.030537,1001.58856,
55.67_37.75,2024-07-31 16:00:00,19.75,17.923586,rain,0.2,0.0,21.068459,40.68,68.77213,986.55,
55.67_37.76,2024-05-22 16:00:00,21.7,18.615318,none,0.0,0.0,13.324863,26.28,29.029808,1004.6778,
55.67_37.76,2024-06-14 14:00:00,22.2,20.65577,none,0.0,0.0,15.496736,30.599998,53.464165,995.0639,
55.67_37.76,2024-07-18 21:00:00,23.3,24.94651,none,0.0,0.0,5.0911684,7.92,66.87629,998.6317,
55.67_37.76,2024-08-24 11:00:00,21.0,20.768126,none,0.0,0.0,9.0,21.96,59.84374,1003.88635,
55.67_37.76,2024-10-10 09:00:00,6.55,3.026101,none,0.0,0.0,14.007655,25.919998,82.01754,999.3765,
55.67_37.77,2024-06-12 04:00:00,17.8,19.337269,none,0.0,0.0,7.928178,12.599999,98.12682,995.10767,
55.67_37.77,2024-07-02 13:00:00,30.3,30.918697,none,0.0,0.0,17.974781,35.64,43.60157,991.2324,
55.67_37.77,2024-09-07 15:00:00,22.95,22.859932,none,0.0,0.0,0.8049845,10.08,44.006367,1015.1005,
55.67_37.77,2024-10-07 01:00:00,10.15,7.208227,rain,4.1,0.0,19.130875,37.44,95.097755,995.89655,
55.67_37.78,2024-05-29 14:00:00,26.9,26.430273,none,0.0,0.0,3.2399998,12.959999,30.693611,1001.0935,
55.67_37.78,2024-05-31 15:00:00,28.4,26.692575,none,0.0,0.0,9.511088,21.599998,29.28231,999.3502,
55.67_37.78,2024-06-04 16:00:00,24.3,22.180649,none,0.0,0.0,20.929596,41.399998,46.022274,992.5751,
55.67_37.78,2024-07-06 16:00:00,22.6,19.70941,none,0.0,0.0,17.555305,35.28,35.210094,1000.7803,
55.67_37.78,2024-07-14 11:00:00,27.85,31.459763,none,0.0,0.0,1.9386592,14.759999,56.640682,997.2971,
55.67_37.78,2024-09-01 16:00:00,28.25,28.01004,none,0.0,0.0,8.707237,18.359999,39.687687,1008.27563,
55.67_37.78,2024-10-06 18:00:00,9.5,6.762685,rain,0.7,0.0,13.917154,26.64,85.85752,1000.97186,
55.67_37.79,2024-06-16 01:00:00,15.9,15.781471,none,0.0,0.0,6.989936,13.32,82.104614,999.7628,
55.67_37.79,2024-07-08 19:00:00,24.05,25.553198,none,0.0,0.0,5.495161,10.440001,63.1166,1003.9563,
55.67_37.79,2024-08-15 19:00:00,18.45,16.13195,none,0.0,0.0,15.034041,27.359999,55.958664,998.1563,
55.67_37.79,2024-08-29 19:00:00,19.4,19.163767,none,0.0,0.0,7.9036193,12.24,66.06532,1009.73804,
55.67_37.79,2024-10-05 13:00:00,12.4,10.228261,rain,0.1,0.0,10.6261,22.68,72.531395,1000.3644,
55.67_37.79,2024-10-06 10:00:00,9.1,6.355096,none,0.0,0.0,10.694485,21.96,76.30879,1004.1071,
55.67_37.81,2024-05-17 10:00:00,17.7,17.120754,rain,0.2,0.0,11.304229,29.519999,66.14014,999.59076,
55.67_37.84,2024-06-19 23:00:00,20.05,19.419092,none,0.0,0.0,15.646544,26.64,72.47982,993.4053,
55.68_37.15,2024-07-16 17:00:00,27.85,28.00071,none,0.0,0.0,11.165805,25.56,46.385395,995.72925,
55.68_37.28,2024-05-14 20:00:00,8.75,6.449952,none,0.0,0.0,5.154415,7.92,68.876564,998.5361,
55.68_37.28,2024-07-15 18:00:00,26.65,28.631592,none,0.0,0.0,8.557102,21.96,61.72784,992.25244,
55.68_37.42,2024-06-29 17:00:00,29.55,30.106968,none,0.0,0.0,4.5536795,12.599999,38.150166,993.61816,
55.68_37.42,2024-08-08 08:00:00,17.65,18.373312,none,0.0,0.0,7.289444,16.199999,86.116295,988.8195,
55.68_37.42,2024-09-03 13:00:00,24.9,24.021805,none,0.0,0.0,9.605998,22.68,38.8785,1005.56226,
55.68_37.43,2024-07-03 15:00:00,31.2,27.14321,none,0.0,0.0,29.88217,53.28,28.880285,985.0553,
55.68_37.43,2024-09-12 10:00:00,20.3,18.669094,none,0.0,0.0,13.608762,27.0,55.680805,998.18616,
55.68_37.44,2024-06-07 16:00:00,22.55,20.154896,none,0.0,0.0,21.897945,44.28,51.995472,990.6688,
55.68_37.44,2024-08-08 21:00:00,16.4,16.755129,none,0.0,0.0,8.12197,14.759999,89.39307,988.5314,
55.68_37.44,2024-09-30 18:00:00,10.75,6.414215,none,0.0,0.0,21.9718,41.399998,69.526184,1002.65424,
55.68_37.45,2024-08-28 17:00:00,24.65,25.285578,none,0.0,0.0,11.440979,23.759998,60.88801,1004.8118,
55.68_37.45,2024-09-12 10:00:00,20.3,18.669094,none,0.0,0.0,13.608762,27.0,55.680805,997.2603,
55.68_37.45,2024-10-01 10:00:00,12.65,9.249181,none,0.0,0.0,18.466455,37.8,69.666824,1001.50665,
55.68_37.46,2024-09-26 06:00:00,11.95,7.2209587,none,0.0,0.0,17.548845,30.599998,42.83688,999.68,
55.68_37.47,2024-06-01 01:00:00,16.65,16.40256,none,0.0,0.0,7.4128532,10.799999,77.25594,995.4312,
55.68_37.47,2024-06-04 19:00:00,20.4,20.11526,none,0.0,0.0,11.609651,27.0,68.015686,988.35535,
55.68_37.47,2024-06-19 18:00:00,24.4,24.338097,none,0.0,0.0,10.315115,22.68,53.678185,992.34595,
55.68_37.47,2024-09-20 01:00:00,13.55,12.278421,none,0.0,0.0,7.771331,12.599999,76.255104,1006.7938,
55.68_37.48,2024-05-27 14:00:00,21.85,20.400347,none,0.0,0.0,9.449572,24.48,33.21956,1006.4792,
55.68_37.48,2024-08-24 09:00:00,18.3,18.267166,none,0.0,0.0,8.287822,18.359999,74.31007,999.59125,
55.68_37.49,2024-08-20 00:00:00,20.5,21.305408,none,0.0,0.0,9.028754,18.359999,76.125114,992.1509,
55.68_37.5,2024-05-17 19:00:00,15.55,12.343386,none,0.0,0.0,16.394829,25.919998,55.98137,993.6369,
55.68_37.5,2024-06-25 19:00:00,21.05,19.0112,none,0.0,0.0,15.575981,30.239998,51.773563,989.6982,
55.68_37.5,2024-09-27 19:00:00,14.55,10.199148,rain,0.8,0.0,32.800034,58.32,81.3935,987.03284,
55.68_37.5,2024-10-03 20:00:00,13.25,10.388146,none,0.0,0.0,9.335737,14.4,51.999203,993.0583,
55.68_37.51,2024-06-04 22:00:00,17.55,17.236048,none,0.0,0.0,12.324414,20.519999,82.31045,986.7138,
55.68_37.51,2024-06-16 12:00:00,24.45,24.174925,rain,0.1,0.0,18.947083,35.28,53.8646,993.19714,
55.68_37.51,2024-09-05 12:00:00,18.2,15.618095,none,0.0,0.0,16.575644,32.760002,51.714283,1009.6611,
55.68_37.51,2024-10-01 20:00:00,12.1,9.193146,none,0.0,0.0,15.922626,26.28,74.73582,996.9952,
55.68_37.52,2024-08-14 19:00:00,18.75,16.264576,none,0.0,0.0,14.336861,29.519999,51.336826,990.9279,
55.68_37.52,2024-09-27 21:00:00,14.05,8.694645,rain,0.1,0.0,34.38424,57.96,70.18063,989.7439,
55.68_37.53,2024-05-24 08:00:00,15.55,12.734245,none,0.0,0.0,7.42159,18.72,41.02162,1011.3626,
55.68_37.53,2024-07-09 15:00:00,29.7,28.916878,none,0.0,0.0,12.496718,25.56,33.955513,996.0499,
55.68_37.53,2024-07-25 17:00:00,24.85,23.114695,none,0.0,0.0,11.304229,22.68,38.218636,985.3518,
55.68_37.53,2024-08-09 11:00:00,20.1,20.394453,rain,0.1,0.0,9.693296,22.319998,72.95643,988.10767,
55.68_37.53,2024-08-15 10:00:00,18.2,16.485735,none,0.0,0.0,15.596767,30.599998,60.978523,991.25806,
55.68_37.53,2024-08-19 19:00:00,22.2,23.288948,none,0.0,0.0,7.6367526,10.799999,69.47344,988.51764,
55.68_37.53,2024-09-29 09:00:00,16.95,14.622482,none,0.0,0.0,19.781174,32.760002,71.68001,990.5892,
55.68_37.53,2024-09-29 17:00:00,15.7,13.380667,none,0.0,0.0,16.904673,32.760002,70.97236,991.77905,
55.68_37.54,2024-07-05 15:00:00,25.65,23.984837,rain,0.8,0.0,28.220419,53.28,58.656036,984.4669,
55.68_37.54,2024-08-22 09:00:00,19.3,18.2252,none,0.0,0.0,15.1884165,28.8,69.35674,991.31964,
55.68_37.54,2024-09-21 21:00:00,16.15,13.40555,none,0.0,0.0,18.440998,30.960001,65.808815,992.1268,
55.68_37.54,2024-10-03 08:00:00,9.1,5.8442154,none,0.0,0.0,10.6261,16.199999,63.339973,992.83905,
55.68_37.54,2024-10-04 19:00:00,10.8,8.598583,rain,0.4,0.0,14.529915,25.199999,92.60757,988.88666,
55.68_37.55,2024-07-02 16:00:00,30.9,29.501446,none,0.0,0.0,19.255793,34.92,35.30725,983.8639,
55.68_37.55,2024-07-08 21:00:00,20.7,21.028143,none,0.0,0.0,7.2805495,11.159999,66.553604,997.71765,
55.68_37.55,2024-07-16 20:00:00,26.2,27.672987,none,0.0,0.0,6.989936,21.96,57.137333,996.06775,
55.68_37.55,2024-09-08 22:00:00,15.9,14.415058,none,0.0,0.0,8.854829,12.24,64.659,1001.57306,
55.68_37.55,2024-09-09 10:00:00,20.0,19.726212,none,0.0,0.0,7.928178,18.72,63.235813,1003.64844,
55.68_37.55,2024-09-20 06:00:00,9.25,7.9219666,none,0.0,0.0,6.4096174,10.08,95.06355,1005.8091,
55.68_37.55,2024-10-01 17:00:00,14.0,11.174502,none,0.0,0.0,16.32055,28.44,68.52737,999.31354,
55.68_37.56,2024-06-16 17:00:00,24.6,23.57797,none,0.0,0.0,13.854155,32.399998,48.903645,993.0085,
55.68_37.56,2024-06-25 13:00:00,21.85,19.609154,none,0.0,0.0,23.377836,43.92,52.501266,992.3229,
55.68_37.56,2024-07-26 06:00:00,16.25,15.951975,none,0.0,0.0,6.193674,13.679999,75.68496,991.07825,
55.68_37.56,2024-08-11 20:00:00,15.05,13.640743,none,0.0,0.0,10.464798,20.16,73.502304,980.8257,
55.68_37.57,2024-07-03 21:00:00,23.05,24.892654,none,0.0,0.0,7.9526596,19.44,74.1657,985.346,
55.68_37.57,2024-09-17 16:00:00,24.3,22.792822,none,0.0,0.0,6.130579,15.84,34.500637,1009.7696,
55.68_37.59,2024-05-10 21:00:00,8.35,4.8943186,none,0.0,0.0,14.707222,26.28,76.98784,985.9704,
55.68_37.59,2024-06-28 06:00:00,15.95,16.16992,none,0.0,0.0,6.439876,12.24,85.946144,996.32465,
55.68_37.59,2024-07-16 13:00:00,28.6,32.04319,rain,0.1,0.0,7.491114,21.599998,57.35478,996.9761,
55.68_37.59,2024-10-02 08:00:00,9.75,6.00515,none,0.0,0.0,14.545515,23.039999,62.598854,998.2457,
55.68_37.6,2024-05-30 11:00:00,26.65,25.116346,none,0.0,0.0,11.966953,27.359999,29.69944,995.6965,
55.68_37.6,2024-06-12 14:00:00,26.45,29.681156,rain,0.2,0.0,9.504272,33.12,65.65354,989.1884,
55.68_37.6,2024-07-01 16:00:00,30.15,30.41705,none,0.0,0.0,8.404285,19.8,38.689835,990.2441,
55.68_37.6,2024-07-16 12:00:00,27.0,29.808407,rain,0.4,0.0,10.365251,24.48,64.35645,996.8598,
55.68_37.6,2024-08-15 21:00:00,15.15,13.236013,none,0.0,0.0,10.966713,21.599998,65.81467,995.87317,
55.68_37.6,2024-08-21 00:00:00,15.65,14.974915,none,0.0,0.0,10.691453,18.0,83.15527,997.2812,
55.68_37.6,2024-08-27 22:00:00,21.5,21.980463,none,0.0,0.0,6.9899354,10.440001,64.604294,1003.1503,
55.68_37.6,2024-10-02 19:00:00,14.05,11.347215,none,0.0,0.0,12.145665,21.24,59.578068,999.0188,
55.68_37.61,2024-05-26 19:00:00,18.85,18.819382,none,0.0,0.0,6.0347,16.56,67.48015,1007.8625,
55.68_37.61,2024-10-03 04:00:00,7.25,4.209015,none,0.0,0.0,9.028754,14.759999,71.30603,1000.49286,
55.68_37.62,2024-06-03 17:00:00,21.7,19.397486,none,0.0,0.0,22.180206,41.760002,57.518692,988.093,
55.68_37.62,2024-06-28 15:00:00,25.75,27.817478,none,0.0,0.0,3.671294,13.679999,48.263126,998.7785,
55.68_37.62,2024-07-02 16:00:00,30.05,29.015434,none,0.0,0.0,17.713316,33.48,39.291042,987.3595,
55.68_37.62,2024-07-26 10:00:00,20.95,19.883408,none,0.0,0.0,9.931042,22.68,50.723,995.53436,
55.68_37.62,2024-08-02 23:00:00,15.4,15.015526,none,0.0,0.0,10.105681,16.199999,87.87384,985.27606,
55.68_37.62,2024-10-07 01:00:00,9.95,6.855036,rain,4.8,0.0,19.992968,39.239998,95.7323,992.69885,
55.68_37.63,2024-05-22 17:00:00,21.2,17.376719,none,0.0,0.0,15.072783,27.359999,30.0385,1004.0867,
55.68_37.63,2024-05-23 08:00:00,14.7,11.265696,none,0.0,0.0,12.224107,24.84,44.731697,1010.3191,
55.68_37.63,2024-09-03 09:00:00,18.85,18.824734,none,0.0,0.0,6.9247384,16.199999,69.26853,1012.68164,
55.68_37.63,2024-10-03 15:00:00,20.55,17.400316,none,0.0,0.0,12.882267,23.4,35.479393,999.2874,
55.68_37.64,2024-05-16 09:00:00,14.05,11.936743,none,0.0,0.0,10.308831,22.68,65.352936,1007.5222,
55.68_37.64,2024-05-19 12:00:00,17.0,15.675297,none,0.0,0.0,10.691453,24.119999,44.44679,1002.3504,
55.68_37.64,2024-07-29 21:00:00,15.7,15.207584,none,0.0,0.0,7.968939,14.04,79.42894,984.9405,
55.68_37.64,2024-08-27 12:00:00,27.1,28.258595,none,0.0,0.0,9.422101,19.8,50.850258,1005.8776,
55.68_37.65,2024-07-23 20:00:00,19.65,19.84368,none,0.0,0.0,6.3690495,11.159999,67.643715,999.22266,
55.68_37.65,2024-09-27 18:00:00,14.55,10.153184,rain,0.9,0.0,32.587955,55.44,80.05689,994.22076,
55.68_37.66,2024-05-13 18:00:00,8.65,4.1935053,none,0.0,0.0,12.768586,23.4,42.494614,1006.27466,
55.68_37.66,2024-05-19 18:00:00,18.2,15.103546,none,0.0,0.0,11.681987,20.16,39.376812,1001.1741,
55.68_37.66,2024-06-11 22:00:00,19.55,20.515682,none,0.0,0.0,13.363711,20.880001,90.76814,992.1157,
55.68_37.66,2024-08-22 16:00:00,24.3,22.137627,none,0.0,0.0,19.171478,34.56,46.32636,998.1424,
55.68_37.66,2024-08-31 11:00:00,22.1,22.112066,none,0.0,0.0,11.4862,23.4,63.701134,1011.0358,
55.68_37.66,2024-09-21 08:00:00,12.95,11.2818985,none,0.0,0.0,13.358861,23.039999,87.364174,1005.25385,
55.68_37.67,2024-05-18 11:00:00,16.95,14.61879,none,0.0,0.0,14.799459,29.16,40.847576,1005.6682,
55.68_37.67,2024-05-23 14:00:00,18.2,15.690195,none,0.0,0.0,14.512064,30.599998,34.18629,1013.27734,
55.68_37.67,2024-06-21 20:00:00,18.75,17.610588,none,0.0,0.0,11.090103,21.96,62.955086,992.85925,
55.68_37.67,2024-06-25 07:00:00,16.7,14.756445,none,0.0,0.0,13.044722,23.759998,63.75892,997.783,
55.68_37.67,2024-06-26 16:00:00,22.2,18.360115,none,0.0,0.0,25.620771,44.639996,42.776493,996.1956,
55.68_37.67,2024-07-24 17:00:00,25.35,24.613737,none,0.0,0.0,9.3876505,14.4,43.511513,995.11316,
55.68_37.67,2024-09-01 13:00:00,27.1,27.099695,none,0.0,0.0,15.94601,29.16,49.725636,1008.7249,
55.68_37.67,2024-09-17 11:00:00,20.75,20.634281,none,0.0,0.0,7.42159,17.64,61.369644,1016.56573,
55.68_37.68,2024-05-25 08:00:00,15.3,13.301691,none,0.0,0.0,6.9247384,16.199999,54.02385,1015.24927,
55.68_37.68,2024-09-04 21:00:00,14.35,11.538392,none,0.0,0.0,14.84318,24.84,63.44364,1013.1969,
55.68_37.69,2024-05-27 15:00:00,21.85,20.466528,none,0.0,0.0,9.107359,22.68,33.45166,1011.8366,
55.68_37.69,2024-05-30 14:00:00,27.75,26.73342,none,0.0,0.0,11.177405,25.56,29.903091,998.5442,
55.68_37.69,2024-08-14 16:00:00,21.75,17.942503,none,0.0,0.0,23.664352,39.96,43.08491,996.6007,
55.68_37.69,2024-08-27 08:00:00,22.75,25.368956,none,0.0,0.0,4.2136917,11.879999,77.92875,1007.64856,
55.68_37.7,2024-06-03 17:00:00,23.3,21.41474,none,0.0,0.0,20.371038,39.6,53.74619,991.7306,
55.68_37.7,2024-06-20 11:00:00,23.15,23.953867,rain,0.2,0.0,16.65754,38.519997,76.06417,984.5676,
55.68_37.7,2024-07-15 20:00:00,26.2,28.608753,none,0.0,0.0,7.92,14.4,66.216774,1000.8333,
55.68_37.7,2024-08-27 17:00:00,27.15,29.347763,none,0.0,0.0,2.16,9.72,54.200153,1006.62366,
55.68_37.71,2024-09-21 15:00:00,21.2,18.4708,none,0.0,0.0,20.617662,35.64,51.813034,1002.37225,
55.68_37.72,2024-07-11 19:00:00,24.9,23.551464,none,0.0,0.0,6.792466,10.08,35.62285,1007.3008,
55.68_37.72,2024-08-03 12:00:00,21.8,22.723803,rain,0.1,0.0,10.483357,23.4,66.781425,989.5727,
55.68_37.72,2024-09-11 18:00:00,23.55,21.573826,none,0.0,0.0,14.529915,30.239998,43.58865,1001.7149,
55.68_37.72,2024-09-21 14:00:00,20.85,18.52427,none,0.0,0.0,18.792551,34.2,54.54259,1002.83,
55.68_37.72,2024-09-22 01:00:00,12.2,10.042873,none,0.0,0.0,12.7279215,23.039999,79.99558,1002.7244,
55.68_37.72,2024-10-02 19:00:00,14.0,11.374967,none,0.0,0.0,12.007498,20.16,60.808914,1003.0516,
55.68_37.73,2024-06-27 22:00:00,17.85,17.290035,none,0.0,0.0,8.427383,12.959999,69.298836,1000.1229,
55.68_37.73,2024-06-29 10:00:00,27.1,29.198513,none,0.0,0.0,5.8603754,18.72,53.335728,1000.27026,
55.68_37.73,2024-07-05 17:00:00,26.1,26.5947,rain,0.1,0.0,12.397806,50.039997,55.858665,990.4544,
55.68_37.73,2024-07-19 15:00:00,23.15,23.249228,none,0.0,0.0,8.714677,19.8,57.127422,996.3426,
55.68_37.74,2024-05-30 10:00:00,26.7,25.263876,none,0.0,0.0,12.074766,26.28,30.326899,998.74243,
55.68_37.74,2024-07-10 17:00:00,26.0,23.174185,none,0.0,0.0,15.941944,30.960001,32.14798,1008.12726,
55.68_37.74,2024-07-17 19:00:00,26.35,28.555248,none,0.0,0.0,5.6002855,6.4799995,61.08324,1000.0269,
55.68_37.74,2024-08-08 13:00:00,23.55,23.671541,none,0.0,0.0,6.489992,18.359999,52.769485,992.7553,
55.68_37.74,2024-09-20 01:00:00,14.0,12.602692,none,0.0,0.0,8.350138,13.32,73.31556,1011.2737,
55.68_37.75,2024-05-13 11:00:00,6.7,2.945199,none,0.0,0.0,7.7879906,19.08,47.814796,1004.98065,
55.68_37.75,2024-05-16 16:00:00,19.45,16.740063,none,0.0,0.0,10.446206,20.16,39.052807,1002.66455,
55.68_37.75,2024-05-16 19:00:00,15.4,14.027313,none,0.0,0.0,7.072878,11.159999,64.3307,1001.17334,
55.68_37.75,2024-06-03 20:00:00,19.2,17.768938,none,0.0,0.0,14.84318,26.64,64.52473,989.83014,
55.68_37.75,2024-06-04 02:00:00,15.9,14.699821,none,0.0,0.0,14.291592,24.48,81.83644,990.0888,
55.68_37.75,2024-07-18 17:00:00,26.15,27.341047,none,0.0,0.0,5.1165614,15.84,52.587654,998.0479,
55.68_37.75,2024-08-08 18:00:00,20.9,21.29089,none,0.0,0.0,9.028754,19.08,69.44408,992.483,
55.68_37.75,2024-08-31 22:00:00,17.9,17.580917,none,0.0,0.0,8.942214,14.4,73.51868,1007.2182,
55.68_37.76,2024-06-07 01:00:00,16.65,17.089586,none,0.0,0.0,9.504272,15.84,92.33182,989.67554,
55.68_37.76,2024-06-14 11:00:00,20.85,19.191317,none,0.0,0.0,18.671474,37.079998,61.192635,995.0737,
55.68_37.76,2024-08-20 11:00:00,23.4,24.918228,rain,0.2,0.0,12.7279215,26.28,76.34135,997.6389,
55.68_37.76,2024-09-07 07:00:00,10.95,10.633024,none,0.0,0.0,4.198285,6.8399997,100.0,1015.6793,
55.68_37.76,2024-09-16 16:00:00,24.5,22.210072,none,0.0,0.0,10.495713,20.519999,32.72061,1011.5863,
55.68_37.76,2024-09-17 09:00:00,16.6,16.40787,none,0.0,0.0,6.130579,14.759999,75.49382,1015.9604,
55.68_37.77,2024-06-17 12:00:00,21.4,22.450329,rain,0.9,0.0,16.93531,30.599998,87.83865,994.4801,
55.68_37.77,2024-06-30 17:00:00,28.75,28.634274,none,0.0,0.0,11.165805,23.039999,42.079952,997.11566,
55.68_37.77,2024-07-15 20:00:00,26.15,29.44838,none,0.0,0.0,4.0249224,14.4,69.14564,999.59357,
55.68_37.77,2024-07-19 21:00:00,19.45,20.135792,none,0.0,0.0,6.489992,9.72,74.986374,995.4334,
55.68_37.77,2024-09-06 10:00:00,17.45,17.208721,none,0.0,0.0,3.2599385,12.959999,64.78304,1018.0449,
55.68_37.77,2024-10-03 20:00:00,12.1,9.3845005,none,0.0,0.0,8.93859,14.04,57.869656,999.9134,
55.68_37.78,2024-09-09 10:00:00,19.9,19.763285,none,0.0,0.0,7.5685663,18.0,64.67725,1008.31555,
55.68_37.78,2024-09-27 04:00:00,15.65,11.295205,none,0.0,0.0,21.36851,39.239998,48.775528,998.25696,
55.68_37.83,2024-08-07 03:00:00,14.25,14.5264225,none,0.0,0.0,6.297428,9.36,96.49627,992.1388,
55.68_37.83,2024-10-08 21:00:00,12.4,11.642525,rain,0.1,0.0,8.913181,15.119999,95.81213,990.2216,
55.68_37.85,2024-05-31 12:00:00,27.55,28.229637,none,0.0,0.0,7.928177,21.24,35.653812,999.1207,
55.68_37.85,2024-06-04 18:00:00,22.2,20.653185,rain,0.1,0.0,17.581125,38.88,56.709087,992.0459,
55.68_37.85,2024-10-06 14:00:00,11.45,8.276533,none,0.0,0.0,12.632101,24.48,62.121605,1000.2242,
55.68_37.86,2024-05-20 08:00:00,14.6,12.883766,none,0.0,0.0,9.339208,20.519999,67.499695,1000.34033,
55.68_37.86,2024-06-09 01:00:00,14.9,12.203316,rain,0.9,0.0,19.694992,35.64,75.21128,993.39453,
55.68_37.86,2024-08-24 21:00:00,17.75,17.360992,none,0.0,0.0,9.422101,15.4800005,74.21611,1002.114,
55.68_37.86,2024-08-27 21:00:00,20.7,21.78283,none,0.0,0.0,9.114471,10.08,78.61532,1005.3287,
55.68_37.86,2024-10-06 23:00:00,9.75,6.5725136,rain,4.2,0.0,19.36151,33.839996,92.861755,996.24164,
55.68_37.93,2024-07-08 08:00:00,21.05,21.943562,none,0.0,0.0,6.1094027,15.119999,69.69652,1007.2645,
55.69_37.13,2024-07-05 02:00:00,20.4,20.79366,none,0.0,0.0,11.298495,20.16,75.62493,985.7227,
55.69_37.13,2024-09-06 17:00:00,21.65,20.38065,none,0.0,0.0,5.634891,14.759999,42.333767,1007.4916,
55.69_37.24,2024-09-08 22:00:00,15.95,14.72587,none,0.0,0.0,7.92,11.879999,66.43101,1001.24414,
55.69_37.27,2024-07-25 17:00:00,24.65,23.354641,none,0.0,0.0,10.464797,22.68,41.626823,984.88654,
55.69_37.27,2024-08-04 06:00:00,14.0,14.195545,none,0.0,0.0,6.489992,10.08,97.11963,981.38916,
55.69_37.27,2024-08-07 06:00:00,14.8,15.744753,none,0.0,0.0,3.8268526,9.0,98.40055,984.33136,
55.69_37.41,2024-09-01 19:00:00,24.25,23.72997,none,0.0,0.0,10.296251,16.919998,49.776638,1004.26715,
55.69_37.41,2024-09-09 17:00:00,22.3,21.567574,none,0.0,0.0,8.287822,16.199999,50.5774,1001.2438,
55.69_37.42,2024-06-03 15:00:00,22.4,20.752403,none,0.0,0.0,18.626305,38.16,56.573837,987.4059,
55.69_37.42,2024-09-30 23:00:00,8.1,3.2033968,none,0.0,0.0,23.024525,41.399998,72.23141,1004.87213,
55.69_37.44,2024-09-09 18:00:00,20.3,18.88352,none,0.0,0.0,10.105681,16.919998,52.095432,1001.2977,
55.69_37.45,2024-10-10 20:00:00,8.6,5.2689,none,0.0,0.0,15.156384,27.0,80.590546,995.21765,
55.69_37.46,2024-05-25 13:00:00,22.1,20.15888,none,0.0,0.0,14.021525,28.8,31.374586,1006.96094,
55.69_37.47,2024-06-13 15:00:00,19.5,20.132381,rain,1.7,0.0,14.57889,24.48,89.0665,987.57477,
55.69_37.47,2024-06-22 09:00:00,18.85,17.366129,none,0.0,0.0,15.021105,29.519999,57.195713,989.1787,
55.69_37.47,2024-08-20 08:00:00,20.25,22.448496,rain,0.6,0.0,7.5942082,16.919998,91.670235,993.2461,
55.69_37.47,2024-09-07 21:00:00,20.15,19.42762,none,0.0,0.0,1.8,3.96,46.266945,1008.7267,
55.69_37.47,2024-10-08 16:00:00,13.15,12.343735,none,0.0,0.0,10.571074,21.599998,94.897224,984.97675,
55.69_37.48,2024-05-17 22:00:00,12.2,9.196798,none,0.0,0.0,13.207634,26.28,64.27374,999.7298,
55.69_37.48,2024-05-31 17:00:00,27.95,25.949078,none,0.0,0.0,11.525623,22.319998,30.059807,995.97156,
55.69_37.49,2024-05-10 15:00:00,12.0,6.069028,none,0.0,0.0,26.478973,46.079998,44.756367,988.5385,
55.69_37.49,2024-05-13 09:00:00,6.15,2.3710704,none,0.0,0.0,7.42159,18.0,47.29927,1001.8894,
55.69_37.49,2024-06-02 17:00:00,26.5,25.746561,none,0.0,0.0,11.304229,20.16,42.838165,990.80115,
55.69_37.49,2024-07-22 17:00:00,20.8,19.307293,rain,0.5,0.0,20.523157,37.8,67.44024,990.1113,
55.69_37.49,2024-08-21 14:00:00,22.45,21.872278,none,0.0,0.0,11.165805,23.759998,52.657257,997.81055,
55.69_37.5,2024-09-17 13:00:00,23.95,22.636066,none,0.0,0.0,10.1887,22.319998,42.836365,1011.3283,
55.69_37.52,2024-06-26 16:00:00,22.05,18.149586,none,0.0,0.0,23.675303,43.92,41.31252,990.75354,
55.69_37.53,2024-05-21 11:00:00,20.0,19.702059,none,0.0,0.0,8.557102,28.8,64.06828,995.6826,
55.69_37.53,2024-07-18 22:00:00,22.3,24.367956,rain,0.2,0.0,5.4833565,7.2,76.168846,992.25616,
55.69_37.54,2024-06-05 11:00:00,25.2,26.13102,none,0.0,0.0,11.792404,26.64,52.343533,988.04425,
55.69_37.54,2024-08-30 13:00:00,23.45,23.272434,none,0.0,0.0,9.793058,22.68,50.383728,1003.74963,
55.69_37.54,2024-09-04 23:00:00,13.55,10.852121,none,0.0,0.0,13.979871,26.28,66.59484,1006.6336,
55.69_37.54,2024-09-29 18:00:00,12.75,10.253034,none,0.0,0.0,15.611304,28.08,78.73715,994.91907,
55.69_37.55,2024-06-03 15:00:00,23.8,23.457888,rain,0.1,0.0,18.671474,41.760002,59.34718,984.28503,
55.69_37.55,2024-06-25 19:00:00,19.6,17.879576,none,0.0,0.0,12.88981,25.919998,55.689182,990.37256,
55.69_37.55,2024-08-11 16:00:00,19.55,16.571966,none,0.0,0.0,18.345877,35.28,50.00989,980.9341,
55.69_37.55,2024-09-05 14:00:00,19.65,17.109142,none,0.0,0.0,16.62249,32.760002,48.047375,1009.5578,
55.69_37.55,2024-09-06 13:00:00,21.2,20.67952,none,0.0,0.0,5.4119864,18.0,47.82511,1009.2108,
55.69_37.55,2024-09-12 16:00:00,25.65,23.040668,none,0.0,0.0,19.881649,32.039997,39.744823,997.8602,
55.69_37.55,2024-09-19 10:00:00,19.15,18.077698,none,0.0,0.0,10.30883,21.96,60.79695,1006.4089,
55.69_37.55,2024-10-07 15:00:00,18.75,19.476143,none,0.0,0.0,7.001514,16.56,79.85673,984.38165,
55.69_37.56,2024-08-27 21:00:00,21.0,21.743532,none,0.0,0.0,8.759178,10.08,72.64921,1001.1475,
55.69_37.57,2024-05-16 09:00:00,14.05,11.936743,none,0.0,0.0,10.308831,22.68,65.352936,1002.9951,
55.69_37.57,2024-06-01 15:00:00,28.8,26.61312,none,0.0,0.0,14.003029,27.359999,29.890787,993.6118,
55.69_37.57,2024-09-03 09:00:00,21.15,21.171926,none,0.0,0.0,7.42159,18.0,61.46174,1005.0713,
55.69_37.57,2024-09-18 08:00:00,13.8,13.022482,none,0.0,0.0,6.0347,11.5199995,79.420494,1011.31647,
55.69_37.57,2024-10-07 19:00:00,14.05,13.58486,none,0.0,0.0,9.485504,15.84,92.78684,984.849,
55.69_37.58,2024-05-19 19:00:00,14.8,12.166811,none,0.0,0.0,11.983188,19.8,57.546368,995.04517,
55.69_37.58,2024-05-25 22:00:00,14.65,12.14456,none,0.0,0.0,8.473393,13.32,51.47152,1003.75195,
55.69_37.58,2024-07-07 20:00:00,23.05,22.67662,none,0.0,0.0,8.714677,16.919998,52.640217,1002.34247,
55.69_37.58,2024-07-13 20:00:00,24.15,25.659092,none,0.0,0.0,8.0899935,9.72,66.41825,992.57684,
55.69_37.59,2024-08-22 15:00:00,24.45,22.452244,none,0.0,0.0,18.374111,34.92,46.367287,993.6084,
55.69_37.59,2024-09-17 18:00:00,18.85,17.272875,none,0.0,0.0,8.287822,15.84,51.363503,1011.4593,
55.69_37.6,2024-06-11 14:00:00,25.5,26.15834,rain,0.2,0.0,24.826954,51.48,67.954796,987.9734,
55.69_37.6,2024-06-11 20:00:00,20.8,21.399332,rain,0.1,0.0,14.799459,29.88,82.18651,988.7584,
55.69_37.6,2024-07-12 11:00:00,26.7,27.005135,none,0.0,0.0,8.12197,21.599998,35.652245,1002.53204,
55.69_37.6,2024-09-27 15:00:00,17.5,12.65819,rain,0.4,0.0,32.058193,55.079998,58.807167,991.6791,
55.69_37.61,2024-09-05 08:00:00,13.7,11.352712,none,0.0,0.0,13.397612,26.28,70.82819,1014.0626,
55.69_37.62,2024-05-17 17:00:00,19.45,15.923149,none,0.0,0.0,17.399586,32.760002,41.56569,999.0431,
55.69_37.62,2024-06-05 09:00:00,22.15,22.617027,none,0.0,0.0,9.83268,25.199999,66.42693,994.274,
55.69_37.62,2024-08-02 16:00:00,21.35,20.056114,none,0.0,0.0,11.609651,25.199999,52.718884,986.32404,
55.69_37.62,2024-08-10 18:00:00,23.4,22.6266,none,0.0,0.0,9.983106,19.8,49.387787,993.44104,
55.69_37.62,2024-09-04 18:00:00,19.05,15.7887,none,0.0,0.0,17.418196,34.2,46.11836,1011.5136,
55.69_37.62,2024-09-25 08:00:00,11.1,7.3108654,none,0.0,0.0,15.496736,24.84,59.26723,1005.8622,
55.69_37.66,2024-06-05 08:00:00,22.2,22.628822,none,0.0,0.0,10.365251,22.68,66.65021,995.8998,
55.69_37.66,2024-09-19 13:00:00,21.0,19.366106,none,0.0,0.0,16.79314,30.239998,58.67982,1012.65,
55.69_37.67,2024-06-28 16:00:00,27.05,27.661411,none,0.0,0.0,2.3051248,11.159999,35.869907,1002.01807,
55.69_37.67,2024-07-09 08:00:00,23.3,24.73182,none,0.0,0.0,3.6179552,11.879999,62.54945,1006.52045,
55.69_37.67,2024-07-22 22:00:00,18.2,16.679148,none,0.0,0.0,15.349684,24.48,68.46284,997.3942,
55.69_37.67,2024-09-20 15:00:00,20.0,17.942028,none,0.0,0.0,12.682018,24.48,49.79476,1009.9816,
55.69_37.67,2024-09-23 18:00:00,12.1,9.689217,none,0.0,0.0,7.968939,12.24,61.199615,1007.5035,
55.69_37.68,2024-05-19 13:00:00,17.35,16.266968,none,0.0,0.0,10.44,23.759998,44.85683,1004.07635,
55.69_37.68,2024-06-06 17:00:00,20.25,22.145256,rain,0.8,0.0,3.5455887,25.919998,80.82819,990.8102,
55.69_37.68,2024-09-14 17:00:00,24.3,21.42194,none,0.0,0.0,17.10284,32.399998,36.675274,1008.435,
55.69_37.69,2024-05-15 19:00:00,11.05,8.418306,none,0.0,0.0,7.5599995,10.799999,59.464134,1008.7451,
55.69_37.69,2024-06-06 08:00:00,19.5,21.702888,rain,0.4,0.0,0.71999997,16.56,83.34033,991.78735,
55.69_37.69,2024-08-04 21:00:00,17.15,17.528513,none,0.0,0.0,7.7043357,15.4800005,84.68997,989.18365,
55.69_37.7,2024-09-15 01:00:00,17.0,14.041767,none,0.0,0.0,14.689588,24.84,51.042088,1010.16425,
55.69_37.71,2024-05-22 09:00:00,17.35,15.451767,none,0.0,0.0,9.693296,20.519999,54.74329,1006.63403,
55.69_37.72,2024-06-13 01:00:00,18.55,20.661024,none,0.0,0.0,5.0528407,7.92,95.701485,993.82886,
55.69_37.73,2024-05-24 07:00:00,11.7,9.546883,none,0.0,0.0,6.130579,13.679999,62.615795,1018.3639,
55.69_37.73,2024-06-13 20:00:00,18.5,17.831158,none,0.0,0.0,16.965895,28.8,81.900444,994.45276,
55.69_37.73,2024-06-22 13:00:00,20.8,17.875345,none,0.0,0.0,21.166653,36.36,43.998238,994.76337,
55.69_37.73,2024-07-23 16:00:00,22.9,20.77919,none,0.0,0.0,13.104198,26.28,41.692772,998.349,
55.69_37.73,2024-07-24 18:00:00,23.6,23.123444,none,0.0,0.0,10.948973,20.16,53.127174,996.248,
55.69_37.73,2024-08-30 11:00:00,21.75,21.341385,none,0.0,0.0,11.159999,23.4,59.82573,1012.4714,
55.69_37.74,2024-06-06 22:00:00,18.6,20.222582,none,0.0,0.0,6.151683,9.36,90.99158,990.39575,
55.69_37.74,2024-06-12 11:00:00,22.75,24.238272,rain,0.2,0.0,11.966953,33.48,77.92875,994.6321,
55.69_37.75,2024-08-13 22:00:00,15.0,13.464317,none,0.0,0.0,17.057314,29.16,87.838455,990.9834,
55.69_37.75,2024-08-23 22:00:00,15.25,13.86273,rain,0.5,0.0,16.039202,25.919998,86.43838,998.4312,
55.69_37.75,2024-09-12 09:00:00,19.65,18.164537,none,0.0,0.0,13.246826,24.48,59.130714,1000.94965,
55.69_37.76,2024-05-23 16:00:00,18.9,15.603094,none,0.0,0.0,12.768586,26.64,30.134752,1011.6625,
55.69_37.76,2024-07-09 09:00:00,24.7,25.71635,none,0.0,0.0,7.42159,18.0,58.80432,1003.6126,
55.69_37.76,2024-07-11 20:00:00,23.75,23.68382,none,0.0,0.0,5.6920996,7.92,49.1577,1004.93695,
55.69_37.77,2024-07-16 16:00:00,28.8,28.9235,none,0.0,0.0,12.964998,24.84,45.61078,1000.1418,
55.69_37.82,2024-07-14 16:00:00,30.1,31.321522,none,0.0,0.0,7.10031,18.0,43.964783,995.9193,
55.69_37.82,2024-09-14 10:00:00,18.75,16.543142,none,0.0,0.0,14.081477,28.44,54.550217,1009.0548,
55.69_37.83,2024-05-25 18:00:00,21.05,18.812016,none,0.0,0.0,8.4042845,22.319998,37.39358,1008.96405,
55.69_37.83,2024-06-23 12:00:00,21.05,19.073261,none,0.0,0.0,11.525623,24.48,44.82074,992.2955,
55.69_37.83,2024-07-04 02:00:00,19.45,21.817425,none,0.0,0.0,5.00128,9.36,93.65607,993.3083,
55.69_37.83,2024-07-12 11:00:00,26.35,27.038277,none,0.0,0.0,6.6087217,19.44,37.37903,1003.9636,
55.69_37.83,2024-09-14 23:00:00,17.85,14.720991,none,0.0,0.0,15.778516,27.72,48.209156,1008.691,
55.69_37.85,2024-08-11 19:00:00,16.45,14.871849,none,0.0,0.0,12.429127,26.64,69.021324,985.7222,
55.69_37.85,2024-09-02 17:00:00,23.6,22.587662,none,0.0,0.0,8.12197,15.119999,43.74806,1009.7722,
55.69_37.85,2024-09-21 16:00:00,21.55,18.684055,none,0.0,0.0,19.164719,35.64,46.810486,999.8144,
55.69_37.86,2024-05-10 15:00:00,10.15,4.5353127,rain,0.1,0.0,25.60053,48.96,54.966396,992.4659,
55.69_37.86,2024-06-05 11:00:00,24.7,25.345476,none,0.0,0.0,12.783802,29.16,53.754486,993.59467,
55.69_37.92,2024-07-16 01:00:00,21.05,23.636852,none,0.0,0.0,7.2359104,11.879999,91.1508,1000.5735,
55.69_37.92,2024-10-01 20:00:00,12.8,10.016706,none,0.0,0.0,15.506141,25.919998,72.60491,1006.00696,
55.69_37.94,2024-08-15 15:00:00,20.3,18.010748,none,0.0,0.0,18.057508,36.0,50.889545,999.43475,
55.6_37.1,2024-07-17 09:00:00,24.3,26.407793,none,0.0,0.0,5.3517847,16.199999,67.71615,995.5521,
55.6_37.12,2024-09-20 16:00:00,19.8,17.977335,none,0.0,0.0,10.514218,21.96,49.40639,1002.6042,
55.6_37.17,2024-08-25 16:00:00,26.7,27.602789,none,0.0,0.0,1.835647,9.0,44.603733,997.0025,
55.6_37.21,2024-09-03 20:00:00,17.4,16.276077,none,0.0,0.0,8.4042845,9.72,63.06843,1004.8698,
55.6_37.24,2024-08-30 11:00:00,22.5,22.685232,none,0.0,0.0,9.3876505,24.48,56.59853,1003.6243,
55.6_37.24,2024-09-05 01:00:00,11.9,9.535909,none,0.0,0.0,11.440978,21.96,73.43699,1006.4106,
55.6_37.31,2024-08-14 09:00:00,18.7,16.544037,none,0.0,0.0,20.380579,42.12,67.670815,988.4289,
55.6_37.31,2024-10-19 18:00:00,3.55,0.41400528,none,0.0,1.0,7.8583965,10.08,82.505135,1006.8229,
55.6_37.32,2024-09-14 08:00:00,16.7,14.526991,none,0.0,0.0,12.55879,25.56,59.209385,1001.4675,
55.6_37.33,2024-05-09 04:00:00,-1.15,-6.771725,none,0.0,1.0,19.734436,37.44,77.10536,997.6654,
55.6_37.33,2024-06-03 01:00:00,17.85,19.09802,none,0.0,0.0,7.9932976,13.679999,93.877716,988.76263,
55.6_37.33,2024-09-30 18:00:00,10.0,5.8186827,none,0.0,0.0,20.91256,40.32,73.09284,1004.577,
55.6_37.35,2024-08-20 17:00:00,22.6,23.178413,none,0.0,0.0,9.746631,23.039999,65.67591,993.4678,
55.6_37.35,2024-09-15 00:00:00,17.8,14.718872,none,0.0,0.0,14.57889,28.44,46.56524,1001.2611,
55.6_37.36,2024-07-13 00:00:00,19.65,18.871983,none,0.0,0.0,9.3669195,16.56,60.91388,993.32715,
55.6_37.36,2024-07-21 23:00:00,16.95,17.315632,none,0.0,0.0,7.4128532,12.24,84.94229,986.3743,
55.6_37.4,2024-08-25 05:00:00,13.25,13.186497,none,0.0,0.0,5.815978,11.159999,95.21294,995.7096,
55.6_37.4,2024-09-14 12:00:00,21.65,19.752783,none,0.0,0.0,14.20062,29.519999,48.10828,1000.12933,
55.6_37.47,2024-10-05 08:00:00,9.1,7.585866,none,0.0,0.0,6.28713,14.759999,90.950294,991.34344,
55.6_37.5,2024-06-11 03:00:00,16.8,18.049902,rain,6.2,0.0,4.3498964,20.519999,92.34034,982.03076,
55.6_37.5,2024-07-14 07:00:00,22.95,25.27861,none,0.0,0.0,5.0911684,11.5199995,75.32133,987.2314,
55.6_37.5,2024-07-22 00:00:00,16.5,17.04343,none,0.0,0.0,6.830519,12.599999,88.82618,983.12085,
55.6_37.5,2024-08-30 09:00:00,18.5,18.820145,none,0.0,0.0,7.5942073,18.359999,76.791695,1000.41144,
55.6_37.51,2024-07-11 11:00:00,25.25,25.599726,none,0.0,0.0,6.763786,21.599998,36.820526,999.2897,
55.6_37.51,2024-08-08 10:00:00,20.6,21.437778,none,0.0,0.0,7.7043357,20.519999,73.74906,984.0117,
55.6_37.51,2024-08-15 19:00:00,18.35,15.738972,none,0.0,0.0,14.84318,30.239998,51.930016,989.0857,
55.6_37.53,2024-05-15 00:00:00,3.6,0.38800955,none,0.0,0.0,7.9932966,9.36,80.16586,998.957,
55.6_37.53,2024-09-09 18:00:00,22.55,21.718336,none,0.0,0.0,8.647496,16.56,49.32296,997.23645,
55.6_37.54,2024-07-19 22:00:00,19.6,19.504477,none,0.0,0.0,10.315115,16.919998,71.469185,984.0517,
55.6_37.54,2024-08-28 09:00:00,22.4,24.220156,none,0.0,0.0,9.6932955,25.919998,79.60251,1000.8901,
55.6_37.54,2024-08-29 00:00:00,17.65,16.986555,none,0.0,0.0,11.304229,19.8,74.68522,1002.2074,
55.6_37.54,2024-09-17 06:00:00,12.1,11.011533,none,0.0,0.0,8.669949,13.679999,90.24707,1006.24164,
55.6_37.55,2024-09-28 22:00:00,17.85,16.648777,rain,0.2,0.0,21.019962,37.8,86.13611,987.3037,
55.6_37.55,2024-10-07 16:00:00,18.95,19.590149,none,0.0,0.0,7.458606,20.519999,78.6125,978.4558,
55.6_37.59,2024-05-20 15:00:00,23.45,20.765238,none,0.0,0.0,11.923557,23.039999,32.647835,994.6377,
55.6_37.59,2024-05-22 23:00:00,13.0,8.553083,none,0.0,0.0,17.076298,29.88,44.08448,1001.452,
55.6_37.59,2024-05-24 15:00:00,19.55,18.625372,none,0.0,0.0,4.8965297,16.919998,35.564022,1009.0614,
55.6_37.59,2024-07-12 15:00:00,28.75,27.812302,none,0.0,0.0,8.209263,20.16,30.484863,997.24567,
55.6_37.59,2024-08-02 22:00:00,15.4,15.015526,none,0.0,0.0,10.105681,16.199999,87.87384,980.4078,
55.6_37.59,2024-08-05 14:00:00,22.55,21.998255,none,0.0,0.0,11.709688,24.119999,56.980408,984.2698,
55.6_37.59,2024-08-08 17:00:00,21.0,20.865318,rain,0.2,0.0,10.829958,25.56,65.97359,986.9752,
55.6_37.59,2024-09-27 20:00:00,14.6,9.290272,rain,0.2,0.0,34.711544,57.96,69.34737,990.037,
55.6_37.6,2024-05-19 16:00:00,18.65,15.78882,none,0.0,0.0,9.931042,20.519999,38.0145,997.27875,
55.6_37.6,2024-06-29 19:00:00,26.0,28.49279,none,0.0,0.0,4.8965297,7.5599995,63.942352,992.7682,
55.6_37.6,2024-08-12 11:00:00,17.45,14.296347,rain,0.1,0.0,24.162947,46.8,66.7476,981.598,
55.6_37.6,2024-09-04 15:00:00,21.2,17.96323,none,0.0,0.0,18.514643,33.839996,42.49468,1006.55585,
55.6_37.6,2024-09-25 17:00:00,19.55,16.303284,none,0.0,0.0,16.743872,28.44,43.64614,998.9707,
55.6_37.61,2024-05-12 14:00:00,5.3,0.7220535,none,0.0,0.0,13.684735,26.28,53.8615,997.764,
55.6_37.61,2024-05-17 12:00:00,18.35,17.117931,rain,0.1,0.0,15.03835,30.239998,59.210884,996.34467,
55.6_37.61,2024-05-29 11:00:00,25.05,25.81109,none,0.0,0.0,2.9024127,13.679999,37.261734,997.14886,
55.6_37.61,2024-06-28 08:00:00,21.0,22.072819,none,0.0,0.0,3.96,13.679999,68.35584,997.60986,
55.6_37.61,2024-06-28 21:00:00,21.3,20.961432,none,0.0,0.0,8.714677,12.959999,58.944378,995.2731,
55.6_37.62,2024-05-26 17:00:00,22.0,21.227041,none,0.0,0.0,11.923557,27.359999,56.845078,1003.77277,
55.6_37.62,2024-07-02 19:00:00,28.65,29.127533,none,0.0,0.0,12.783802,28.8,48.41433,984.34375,
55.6_37.62,2024-07-15 06:00:00,22.75,26.167627,none,0.0,0.0,4.452954,11.879999,86.60906,993.29913,
55.6_37.62,2024-08-02 18:00:00,21.1,19.822447,none,0.0,0.0,11.183201,22.68,53.00411,982.2933,
55.6_37.62,2024-09-08 10:00:00,21.9,21.824896,none,0.0,0.0,4.1046314,14.4,52.341293,1008.41724,
55.6_37.64,2024-06-03 00:00:00,18.2,19.542328,none,0.0,0.0,7.928178,14.759999,93.00649,988.7871,
55.6_37.66,2024-05-23 09:00:00,16.1,12.717985,none,0.0,0.0,14.154915,28.44,36.874256,1009.4153,
55.6_37.66,2024-07-15 11:00:00,27.9,31.577168,none,0.0,0.0,5.3517847,16.919998,61.24285,994.9724,
55.6_37.66,2024-08-04 09:00:00,19.25,20.726967,none,0.0,0.0,3.6,13.679999,80.696014,985.8294,
55.6_37.66,2024-09-17 10:00:00,18.5,18.53504,none,0.0,0.0,6.162207,16.199999,70.111015,1012.5155,
55.6_37.67,2024-07-03 13:00:00,31.1,31.533237,none,0.0,0.0,21.2522,41.399998,42.45348,984.5486,
55.6_37.67,2024-07-08 20:00:00,21.3,21.653496,none,0.0,0.0,8.373386,10.799999,66.2499,1000.6663,
55.6_37.67,2024-08-04 22:00:00,16.05,16.331305,none,0.0,0.0,7.9932966,13.32,89.94557,986.4491,
55.6_37.71,2024-07-25 19:00:00,23.2,23.507303,none,0.0,0.0,4.39436,17.64,52.679028,987.4894,
55.6_37.71,2024-09-27 14:00:00,18.75,14.081799,none,0.0,0.0,27.315554,50.76,47.47461,990.4034,
55.6_37.72,2024-06-21 15:00:00,20.45,17.145218,none,0.0,0.0,23.977188,43.56,51.27136,988.06165,
55.6_37.72,2024-06-24 09:00:00,18.7,18.256266,none,0.0,0.0,8.089993,19.08,57.158466,989.693,
55.6_37.72,2024-07-12 14:00:00,27.65,27.42571,none,0.0,0.0,7.145796,18.359999,33.945404,998.43445,
55.6_37.72,2024-08-05 12:00:00,22.45,22.297909,none,0.0,0.0,10.691453,23.759998,59.990364,986.51556,
55.6_37.72,2024-09-09 18:00:00,20.45,19.141193,none,0.0,0.0,9.3669195,15.4800005,51.615242,1000.03143,
55.6_37.72,2024-09-19 02:00:00,10.8,9.004947,none,0.0,0.0,8.557102,11.879999,82.281975,1008.6809,
55.6_37.72,2024-09-23 12:00:00,13.35,10.662841,none,0.0,0.0,4.8965297,16.919998,42.780254,1002.9717,
55.6_37.72,2024-10-10 20:00:00,8.7,5.515955,none,0.0,0.0,14.148046,23.759998,80.04744,993.59766,
55.6_37.73,2024-05-14 18:00:00,10.6,9.068278,none,0.0,0.0,2.5959969,12.599999,69.73779,1000.99335,
55.6_37.73,2024-06-06 17:00:00,20.45,22.400684,rain,0.2,0.0,3.8939953,10.440001,81.11084,985.9079,
55.6_37.73,2024-06-22 08:00:00,18.1,17.039434,none,0.0,0.0,12.984975,26.28,70.49445,989.3757,
55.6_37.73,2024-08-19 12:00:00,25.8,26.674072,none,0.0,0.0,5.815978,15.119999,49.38256,993.5236,
55.6_37.73,2024-08-28 17:00:00,25.2,25.846844,none,0.0,0.0,12.661564,23.759998,60.628796,1004.78485,
55.6_37.74,2024-06-18 11:00:00,21.9,22.592999,rain,0.2,0.0,13.849477,28.08,76.34615,987.1461,
55.6_37.74,2024-08-21 16:00:00,23.1,21.928574,none,0.0,0.0,9.826088,21.24,45.997555,995.479,
55.6_37.74,2024-08-23 11:00:00,21.95,22.799393,none,0.0,0.0,6.87779,27.0,64.70144,993.0486,
55.6_37.74,2024-09-02 05:00:00,13.55,13.048536,none,0.0,0.0,6.618519,10.440001,87.41954,1005.7924,
55.6_37.74,2024-09-05 08:00:00,13.7,11.554862,none,0.0,0.0,12.371645,25.199999,71.79296,1011.3212,
55.6_37.74,2024-09-12 11:00:00,22.95,20.697983,none,0.0,0.0,18.59845,33.48,48.460503,998.05133,
55.6_37.75,2024-07-03 09:00:00,28.9,29.408287,none,0.0,0.0,18.388212,33.48,51.4774,984.0402,
55.6_37.75,2024-07-19 00:00:00,21.85,22.084242,none,0.0,0.0,15.072783,24.119999,73.495544,993.18933,
55.6_37.75,2024-10-02 23:00:00,9.75,6.6924553,none,0.0,0.0,8.656858,13.679999,58.512222,997.37646,
55.6_37.76,2024-10-03 22:00:00,11.7,8.849672,none,0.0,0.0,9.257321,14.759999,57.56564,996.4721,
55.71_37.02,2024-08-24 17:00:00,22.3,21.604889,none,0.0,0.0,10.464797,23.759998,54.374172,998.77545,
55.71_37.02,2024-09-11 19:00:00,20.6,18.938255,none,0.0,0.0,12.88981,23.4,53.050224,996.0318,
55.71_37.06,2024-07-24 19:00:00,21.55,22.07353,none,0.0,0.0,5.937272,11.5199995,63.170105,990.8666,
55.71_37.08,2024-05-25 16:00:00,22.85,19.865454,none,0.0,0.0,13.276144,28.08,26.781525,1008.9109,
55.71_37.2,2024-06-23 09:00:00,18.75,18.818306,none,0.0,0.0,2.2768397,11.879999,61.92248,989.524,
55.71_37.38,2024-09-05 07:00:00,11.9,9.793282,none,0.0,0.0,11.659777,23.759998,79.413795,1011.52747,
55.71_37.39,2024-07-10 00:00:00,20.1,20.463732,none,0.0,0.0,14.77755,26.28,82.88383,1002.52313,
55.71_37.39,2024-09-06 15:00:00,22.15,20.956028,none,0.0,0.0,5.1165614,13.679999,41.06155,1012.83026,
55.71_37.4,2024-10-08 18:00:00,12.5,11.883003,rain,0.2,0.0,8.827344,16.919998,97.72716,986.34033,
55.71_37.41,2024-05-24 13:00:00,19.65,19.549227,none,0.0,0.0,3.096837,14.759999,36.73295,1012.41693,
55.71_37.41,2024-09-10 18:00:00,21.5,19.711138,none,0.0,0.0,14.168641,37.079998,50.869213,999.6101,
55.71_37.45,2024-07-26 19:00:00,20.5,20.299744,none,0.0,0.0,6.28713,9.36,59.33434,994.7484,
55.71_37.45,2024-09-27 14:00:00,17.85,12.644533,rain,0.1,0.0,32.901123,56.519997,54.13438,993.5782,
55.71_37.46,2024-06-12 10:00:00,21.65,22.455175,rain,5.4,0.0,16.65754,34.56,83.326935,993.0496,
55.71_37.46,2024-09-11 18:00:00,23.3,21.442225,none,0.0,0.0,14.021525,28.44,44.695488,997.8308,
55.71_37.46,2024-09-20 15:00:00,19.85,17.919804,none,0.0,0.0,12.181624,24.48,50.940384,1005.6214,
55.71_37.47,2024-09-27 19:00:00,14.7,9.585829,rain,0.2,0.0,34.500416,57.239998,71.73829,991.85925,
55.71_37.48,2024-05-29 12:00:00,25.9,26.872137,none,0.0,0.0,3.319036,14.759999,34.25403,998.95795,
55.71_37.48,2024-05-30 23:00:00,17.7,16.14878,none,0.0,0.0,7.754637,12.599999,54.46335,995.2162,
55.71_37.48,2024-06-07 17:00:00,21.5,18.89497,none,0.0,0.0,22.218153,43.56,54.888542,990.5853,
55.71_37.49,2024-09-30 14:00:00,12.8,8.593016,none,0.0,0.0,22.539564,39.6,64.85403,1004.7018,
55.71_37.5,2024-09-14 11:00:00,20.4,18.144705,none,0.0,0.0,15.077082,29.519999,50.407097,1005.49786,
55.71_37.51,2024-06-25 10:00:00,20.2,18.426332,rain,0.1,0.0,19.523155,39.6,58.486584,993.7673,
55.71_37.51,2024-06-27 01:00:00,13.85,12.914892,none,0.0,0.0,8.435069,13.32,82.663765,994.1787,
55.71_37.51,2024-07-21 21:00:00,19.45,19.983587,none,0.0,0.0,7.145796,10.799999,74.265274,989.4375,
55.71_37.51,2024-08-28 00:00:00,18.0,18.226408,none,0.0,0.0,7.8625183,11.879999,78.47368,1002.18616,
55.71_37.51,2024-09-28 09:00:00,15.3,12.490738,none,0.0,0.0,23.967726,39.239998,81.75972,988.92,
55.71_37.52,2024-07-29 21:00:00,15.8,15.390924,none,0.0,0.0,6.519877,12.599999,76.86988,976.64307,
55.71_37.53,2024-06-01 18:00:00,28.25,26.488718,none,0.0,0.0,11.659777,25.199999,31.488745,993.8975,
55.71_37.53,2024-09-12 16:00:00,25.1,22.972992,none,0.0,0.0,16.992609,33.12,41.614544,995.8891,
55.71_37.54,2024-09-04 08:00:00,16.95,16.859983,none,0.0,0.0,15.042659,26.64,94.7392,1004.94824,
55.71_37.54,2024-09-06 18:00:00,20.65,21.135653,none,0.0,0.0,3.4152596,12.24,61.95069,1008.7144,
55.71_37.55,2024-07-15 23:00:00,22.55,25.035225,none,0.0,0.0,7.42159,12.24,82.39984,999.92426,
55.71_37.55,2024-09-17 17:00:00,23.45,22.151066,none,0.0,0.0,7.5599995,15.119999,40.465504,1017.0345,
55.71_37.56,2024-06-20 14:00:00,20.55,19.606485,rain,5.0,0.0,25.683926,48.239998,83.9894,983.56726,
55.71_37.56,2024-06-22 16:00:00,21.4,18.213196,none,0.0,0.0,18.844202,34.2,38.539974,988.17847,
55.71_37.56,2024-07-21 19:00:00,22.2,22.214804,none,0.0,0.0,8.311245,20.519999,58.967525,993.6991,
55.71_37.56,2024-07-29 20:00:00,17.6,16.757767,none,0.0,0.0,7.8954163,23.039999,65.24765,979.1326,
55.71_37.57,2024-05-28 07:00:00,14.95,13.829222,none,0.0,0.0,4.896529,12.599999,65.107025,1006.82935,
55.71_37.57,2024-06-29 18:00:00,29.4,29.870895,none,0.0,0.0,5.634891,11.159999,38.984306,998.49786,
55.71_37.57,2024-09-09 11:00:00,22.15,21.63961,none,0.0,0.0,10.239453,21.599998,56.512012,1009.81134,
55.71_37.58,2024-09-02 15:00:00,25.75,23.3994,none,0.0,0.0,15.379206,30.960001,35.86329,1010.6756,
55.71_37.58,2024-09-08 22:00:00,15.6,14.392895,none,0.0,0.0,7.42159,10.799999,67.028854,1008.0396,
55.71_37.58,2024-09-09 09:00:00,20.05,19.772617,none,0.0,0.0,7.9526596,18.0,63.04042,1009.35986,
55.71_37.58,2024-09-19 08:00:00,14.5,12.042582,none,0.0,0.0,14.241629,22.68,67.478836,1010.8526,
55.71_37.59,2024-05-13 20:00:00,6.15,3.378214,none,0.0,0.0,5.815978,16.56,70.836235,1002.17804,
55.71_37.59,2024-05-29 07:00:00,17.55,17.94339,none,0.0,0.0,2.9024127,9.72,72.73905,1000.4038,
55.71_37.59,2024-05-29 16:00:00,27.2,25.590294,none,0.0,0.0,9.028754,18.0,31.62063,997.4047,
55.71_37.59,2024-06-04 05:00:00,15.75,14.659534,none,0.0,0.0,14.003028,23.759998,83.71261,988.7425,
55.71_37.59,2024-07-14 04:00:00,19.85,22.317331,none,0.0,0.0,3.219938,5.04,89.37446,993.3749,
55.71_37.59,2024-08-22 08:00:00,16.1,14.481489,none,0.0,0.0,14.81259,25.56,75.41118,996.67957,
55.71_37.59,2024-09-04 15:00:00,21.2,17.96323,none,0.0,0.0,18.514643,33.839996,42.49468,1010.7549,
55.71_37.59,2024-09-18 13:00:00,23.05,22.127523,none,0.0,0.0,3.0758414,14.4,38.61553,1014.1933,
55.71_37.59,2024-09-20 10:00:00,17.45,15.54533,none,0.0,0.0,10.990322,23.759998,57.03871,1008.8221,
55.71_37.59,2024-09-30 08:00:00,9.7,7.0571194,none,0.0,0.0,14.027302,24.48,87.35514,1005.01184,
55.71_37.59,2024-09-30 16:00:00,12.4,7.7122993,none,0.0,0.0,24.162947,42.12,61.69863,1005.7427,
55.71_37.6,2024-06-27 23:00:00,16.8,16.016397,none,0.0,0.0,8.654986,14.04,71.18038,997.43,
55.71_37.6,2024-07-27 10:00:00,24.65,24.98134,none,0.0,0.0,1.8,15.84,36.036633,997.3501,
55.71_37.61,2024-05-17 09:00:00,15.9,15.260742,none,0.0,0.0,7.5599995,20.880001,75.12931,999.4708,
55.71_37.61,2024-07-29 13:00:00,21.55,20.780449,rain,0.2,0.0,19.64228,37.079998,69.12612,983.8892,
55.71_37.61,2024-08-28 18:00:00,24.25,25.050358,none,0.0,0.0,11.177405,21.599998,63.5625,1008.93353,
55.71_37.61,2024-09-19 18:00:00,18.6,16.610043,none,0.0,0.0,13.358861,25.56,56.562572,1010.4254,
55.71_37.62,2024-05-10 23:00:00,8.05,4.90975,rain,0.1,0.0,13.5515,24.48,82.498726,991.10266,
55.71_37.62,2024-05-18 14:00:00,17.85,15.673029,none,0.0,0.0,14.05845,29.519999,39.55259,1004.04596,
55.71_37.62,2024-05-18 17:00:00,19.0,16.265327,none,0.0,0.0,7.42159,16.199999,34.054314,1002.23956,
55.71_37.62,2024-05-19 21:00:00,12.95,10.39073,none,0.0,0.0,10.390226,18.72,61.82849,1001.8292,
55.71_37.62,2024-05-20 09:00:00,19.05,17.505579,none,0.0,0.0,14.021525,27.0,55.922817,1000.21954,
55.71_37.62,2024-06-09 07:00:00,15.05,13.286411,none,0.0,0.0,13.397612,25.199999,74.73729,994.228,
55.71_37.62,2024-06-28 13:00:00,25.6,28.208302,none,0.0,0.0,2.6208394,12.959999,48.53688,1001.24646,
55.71_37.62,2024-07-10 17:00:00,25.55,22.85546,none,0.0,0.0,14.869351,29.88,32.79352,1008.26807,
55.71_37.62,2024-07-12 10:00:00,24.5,24.369692,none,0.0,0.0,7.9932976,21.599998,45.324722,1004.89795,
55.71_37.62,2024-07-13 15:00:00,27.7,29.430012,rain,0.1,0.0,9.36,23.039999,56.960346,997.8665,
55.71_37.62,2024-07-15 23:00:00,22.6,25.357529,none,0.0,0.0,7.072878,11.5199995,84.477646,998.2174,
55.71_37.62,2024-07-27 16:00:00,27.0,24.656643,none,0.0,0.0,11.183201,21.599998,28.601635,997.2514,
55.71_37.62,2024-09-13 18:00:00,21.85,19.311966,none,0.0,0.0,14.689588,28.08,42.39018,1006.27814,
55.71_37.62,2024-09-30 21:00:00,8.85,4.2450266,none,0.0,0.0,22.517992,36.0,74.16775,1009.1665,
55.71_37.62,2024-10-01 19:00:00,13.05,10.36057,none,0.0,0.0,15.299999,25.199999,72.6507,1004.5842,
55.71_37.62,2024-10-08 10:00:00,12.25,10.510245,rain,0.2,0.0,14.897651,24.48,94.548805,988.00867,
55.71_37.63,2024-05-26 11:00:00,21.75,20.226767,rain,0.5,0.0,17.771753,32.039997,53.878113,1008.7603,
55.71_37.63,2024-07-27 01:00:00,17.45,17.202547,none,0.0,0.0,5.1919937,9.72,68.76447,998.9759,
55.71_37.63,2024-08-15 16:00:00,20.7,17.368914,none,0.0,0.0,19.33639,34.2,44.11981,999.68665,
55.71_37.64,2024-06-23 16:00:00,21.65,20.199978,none,0.0,0.0,6.130579,15.4800005,40.91977,993.0645,
55.71_37.64,2024-07-04 12:00:00,31.15,33.424786,none,0.0,0.0,13.089354,26.64,45.235527,994.89386,
55.71_37.64,2024-09-20 07:00:00,11.85,10.477432,none,0.0,0.0,8.654987,16.56,85.81072,1012.4687,
55.71_37.65,2024-07-03 22:00:00,22.4,24.421703,none,0.0,0.0,8.311245,12.959999,79.60251,993.0005,
55.71_37.65,2024-07-04 08:00:00,24.6,26.759789,none,0.0,0.0,8.647496,19.08,71.47635,994.3393,
55.71_37.65,2024-08-15 01:00:00,12.1,10.615371,none,0.0,0.0,8.669949,14.4,82.16905,999.0943,
55.71_37.65,2024-09-12 18:00:00,24.1,20.150692,none,0.0,0.0,23.219301,37.44,35.39585,1005.07666,
55.71_37.65,2024-09-13 21:00:00,19.95,17.811926,none,0.0,0.0,13.324863,21.96,50.117565,1007.7739,
55.71_37.65,2024-10-06 23:00:00,9.7,6.4357643,rain,2.3,0.0,19.866161,32.039997,92.859024,997.12195,
55.71_37.65,2024-10-07 15:00:00,18.25,18.715906,none,0.0,0.0,8.131936,17.64,81.08286,989.36536,
55.71_37.66,2024-05-27 00:00:00,13.6,11.529027,none,0.0,0.0,8.049845,16.199999,61.98122,1010.60565,
55.71_37.66,2024-06-05 15:00:00,26.05,26.187395,none,0.0,0.0,9.346143,24.119999,45.156433,991.5585,
55.71_37.66,2024-06-06 08:00:00,19.9,21.46084,rain,0.3,0.0,1.9386592,14.759999,75.543846,990.87,
55.71_37.66,2024-07-19 17:00:00,23.6,22.887691,none,0.0,0.0,11.384198,20.16,51.422783,994.4515,
55.71_37.66,2024-07-25 12:00:00,24.0,25.435715,rain,0.1,0.0,9.220499,22.68,59.39431,991.64166,
55.71_37.66,2024-09-05 08:00:00,12.05,9.813505,none,0.0,0.0,12.371645,22.319998,78.102066,1016.35645,
55.71_37.67,2024-05-24 17:00:00,20.2,17.514997,none,0.0,0.0,6.2145634,14.759999,30.074636,1013.685,
55.71_37.67,2024-05-28 17:00:00,25.15,23.76232,none,0.0,0.0,4.802999,14.759999,32.12781,1005.3096,
55.71_37.67,2024-06-13 02:00:00,18.55,20.661024,none,0.0,0.0,5.0528407,7.92,95.701485,992.3214,
55.71_37.67,2024-06-17 14:00:00,20.9,21.59472,rain,0.5,0.0,20.211363,36.719997,91.99493,993.2383,
55.71_37.67,2024-07-22 09:00:00,20.3,21.310225,none,0.0,0.0,7.208994,19.08,76.33664,993.3204,
55.71_37.67,2024-08-01 07:00:00,16.5,14.858398,none,0.0,0.0,18.014393,30.239998,80.32569,985.7669,
55.71_37.67,2024-08-31 10:00:00,22.1,22.112066,none,0.0,0.0,11.4862,23.4,63.701134,1009.2879,
55.71_37.67,2024-10-02 21:00:00,12.65,9.875496,none,0.0,0.0,12.172312,19.08,63.93212,1000.85223,
55.71_37.68,2024-06-16 06:00:00,16.6,16.72858,none,0.0,0.0,8.913181,14.759999,86.56971,999.21814,
55.71_37.68,2024-06-25 18:00:00,21.9,18.943909,none,0.0,0.0,19.022177,36.719997,44.60535,996.3263,
55.71_37.68,2024-07-15 14:00:00,29.2,30.74086,none,0.0,0.0,8.287822,18.359999,49.801342,997.547,
55.71_37.68,2024-09-07 14:00:00,22.75,23.00181,none,0.0,0.0,0.35999998,10.08,44.098034,1013.8677,
55.71_37.68,2024-09-16 11:00:00,21.5,20.789505,none,0.0,0.0,9.007196,19.44,54.528255,1010.6185,
55.71_37.68,2024-09-17 18:00:00,21.0,20.248678,none,0.0,0.0,6.9527545,9.36,52.27922,1014.7937,
55.71_37.68,2024-10-06 10:00:00,9.05,6.3102074,none,0.0,0.0,10.805999,21.24,77.10043,1003.2564,
55.71_37.69,2024-05-30 19:00:00,22.85,22.342182,none,0.0,0.0,9.178235,12.959999,52.588383,998.6092,
55.71_37.69,2024-08-12 14:00:00,18.65,15.110674,rain,0.1,0.0,25.264202,45.0,58.889446,988.05457,
55.71_37.72,2024-06-27 09:00:00,21.25,20.450224,none,0.0,0.0,13.779114,25.919998,62.28938,999.15234,
55.71_37.73,2024-06-24 07:00:00,16.65,16.156857,none,0.0,0.0,4.5820518,13.32,67.24823,994.31146,
55.71_37.74,2024-05-12 14:00:00,5.7,1.1200228,none,0.0,0.0,13.698934,25.56,52.38802,1001.0881,
55.71_37.74,2024-05-28 11:00:00,22.05,21.240505,none,0.0,0.0,8.225035,20.880001,37.039204,1008.99963,
55.71_37.74,2024-07-13 17:00:00,29.2,29.43993,none,0.0,0.0,11.753877,23.4,44.14161,996.32434,
55.71_37.74,2024-07-28 16:00:00,25.6,24.4732,none,0.0,0.0,14.685176,25.919998,46.225742,993.40234,
55.71_37.75,2024-06-27 09:00:00,21.25,20.450224,none,0.0,0.0,13.779114,25.919998,62.28938,997.9971,
55.71_37.75,2024-10-02 19:00:00,14.0,11.374967,none,0.0,0.0,12.007498,20.16,60.808914,1001.62476,
55.71_37.75,2024-10-10 12:00:00,8.65,5.122941,none,0.0,0.0,15.338071,28.08,75.968765,998.4954,
55.71_37.76,2024-07-03 15:00:00,28.6,28.869713,rain,1.3,0.0,18.671474,63.0,49.487682,987.63184,
55.71_37.76,2024-07-21 18:00:00,22.85,21.977615,none,0.0,0.0,11.792404,21.96,52.76091,992.3761,
55.71_37.76,2024-08-02 01:00:00,14.1,13.05965,none,0.0,0.0,12.287555,20.880001,89.50589,984.77386,
55.71_37.77,2024-05-22 19:00:00,18.75,15.399019,none,0.0,0.0,14.480773,25.56,40.090816,1004.5732,
55.71_37.77,2024-06-03 17:00:00,23.4,21.445564,none,0.0,0.0,20.371038,40.68,52.730747,989.5736,
55.71_37.77,2024-08-14 23:00:00,13.25,11.888874,none,0.0,0.0,7.6367526,14.4,75.69456,996.0714,
55.71_37.79,2024-05-20 18:00:00,21.55,19.131157,none,0.0,0.0,13.783817,23.4,43.028664,996.4139,
55.71_37.79,2024-05-23 11:00:00,16.95,13.937538,none,0.0,0.0,15.158522,30.599998,35.311993,1010.99274,
55.71_37.79,2024-08-12 15:00:00,18.2,14.608288,none,0.0,0.0,23.86341,47.88,57.034,983.9171,
55.71_37.81,2024-06-04 10:00:00,22.15,21.011562,none,0.0,0.0,18.204042,38.88,59.532547,990.8781,
55.71_37.81,2024-06-21 19:00:00,19.95,18.47637,none,0.0,0.0,12.218805,27.72,56.335957,991.83923,
55.71_37.81,2024-07-12 18:00:00,27.6,26.443201,none,0.0,0.0,7.42159,16.919998,32.596344,1001.5845,
55.71_37.81,2024-08-17 17:00:00,23.9,23.663643,none,0.0,0.0,14.512064,29.88,59.56126,993.5148,
55.71_37.81,2024-08-25 11:00:00,23.1,25.242704,none,0.0,0.0,3.8939953,13.32,69.64643,1003.5878,
55.71_37.81,2024-09-12 19:00:00,22.55,18.914536,none,0.0,0.0,19.483284,38.519997,36.425938,1002.1239,
55.71_37.81,2024-10-09 14:00:00,8.35,5.353401,none,0.0,0.0,11.9140415,24.119999,78.34321,997.0876,
55.71_37.82,2024-06-18 20:00:00,19.7,18.87822,none,0.0,0.0,20.46941,39.96,80.498856,991.94055,
55.71_37.82,2024-06-27 00:00:00,14.85,13.818354,none,0.0,0.0,9.19939,15.119999,77.74563,996.873,
55.71_37.82,2024-07-08 12:00:00,26.35,26.81352,none,0.0,0.0,11.753876,27.359999,41.14368,1004.2781,
55.71_37.82,2024-09-07 23:00:00,17.95,17.285748,none,0.0,0.0,3.6,3.96,57.549053,1011.8042,
55.71_37.83,2024-05-20 16:00:00,23.55,21.42009,none,0.0,0.0,10.041354,24.119999,32.006405,998.6471,
55.71_37.83,2024-06-24 08:00:00,16.7,16.361385,none,0.0,0.0,3.8268526,12.959999,67.707756,993.14636,
55.71_37.83,2024-06-30 07:00:00,23.7,25.64497,none,0.0,0.0,7.5599995,17.28,71.761406,997.26215,
55.71_37.83,2024-07-23 23:00:00,17.55,15.576487,none,0.0,0.0,12.768586,24.84,59.415066,997.30695,
55.71_37.83,2024-08-11 21:00:00,15.4,14.111742,none,0.0,0.0,10.137692,21.96,73.07614,985.8756,
55.71_37.83,2024-09-21 01:00:00,13.35,11.64096,none,0.0,0.0,12.72283,21.96,82.602,1004.98785,
55.71_37.84,2024-05-11 23:00:00,4.2,-0.7563677,none,0.0,0.0,18.0036,36.0,66.93018,995.66376,
55.71_37.84,2024-07-14 11:00:00,28.05,31.45662,none,0.0,0.0,2.5455842,15.4800005,55.28616,996.5175,
55.71_37.84,2024-07-15 12:00:00,28.95,32.59402,none,0.0,0.0,4.452954,16.56,55.3344,997.75916,
55.71_37.84,2024-07-22 21:00:00,19.35,18.628397,none,0.0,0.0,13.493999,21.24,70.50247,995.43317,
55.71_37.84,2024-08-21 08:00:00,17.45,17.206041,none,0.0,0.0,8.311245,19.08,75.38685,1001.7415,
55.71_37.86,2024-08-30 08:00:00,16.65,17.060642,none,0.0,0.0,5.8603754,13.679999,83.81621,1009.89703,
55.71_37.86,2024-09-12 11:00:00,23.0,20.729523,none,0.0,0.0,18.089775,33.48,47.364105,1001.56775,
55.71_37.87,2024-06-14 12:00:00,21.0,19.487381,none,0.0,0.0,18.671474,38.16,60.630936,994.1773,
55.71_37.87,2024-07-16 15:00:00,29.05,32.445187,rain,0.1,0.0,2.6208394,18.0,53.32361,999.8452,
55.71_37.88,2024-09-08 20:00:00,17.55,16.308369,none,0.0,0.0,7.5599995,11.5199995,59.017338,1009.1258,
55.71_37.88,2024-10-06 13:00:00,11.7,8.579285,none,0.0,0.0,12.061341,25.56,60.465836,1001.5043,
55.71_37.89,2024-05-16 07:00:00,9.2,6.5899897,none,0.0,0.0,10.1376915,20.880001,77.124466,1008.25604,
55.71_37.89,2024-08-12 22:00:00,13.9,11.894873,none,0.0,0.0,15.463246,28.8,81.57891,986.4761,
55.71_37.9,2024-05-10 19:00:00,10.2,5.795738,none,0.0,0.0,19.45333,34.56,62.044193,990.9169,
55.71_37.9,2024-05-19 20:00:00,14.65,12.106699,none,0.0,0.0,10.739832,18.0,56.526035,1000.6786,
55.71_37.9,2024-07-30 16:00:00,20.3,18.424292,rain,0.1,0.0,18.751125,36.0,61.66843,982.3358,
55.71_37.91,2024-07-28 05:00:00,16.45,16.777836,none,0.0,0.0,10.1376915,17.28,93.2137,996.88324,
55.71_37.92,2024-08-18 01:00:00,17.9,18.444195,none,0.0,0.0,10.829958,18.0,89.508446,993.1171,
55.71_37.93,2024-08-31 11:00:00,22.2,22.446218,none,0.0,0.0,10.1887,22.68,63.723103,1009.6248,
55.71_37.94,2024-06-18 22:00:00,18.75,17.852438,none,0.0,0.0,18.0036,31.68,79.60062,994.60956,
55.71_37.94,2024-10-10 19:00:00,8.6,5.5351677,none,0.0,0.0,12.961249,23.039999,79.203514,998.9846,
55.72_37.14,2024-07-10 21:00:00,20.15,18.511944,none,0.0,0.0,9.339208,16.199999,48.51052,1005.89294,
55.72_37.16,2024-09-27 19:00:00,14.7,10.88781,rain,0.6,0.0,30.293522,58.679996,83.59054,991.0358,
55.72_37.38,2024-06-07 00:00:00,17.5,17.917387,none,0.0,0.0,9.387651,17.64,86.93482,985.8695,
55.72_37.38,2024-08-19 20:00:00,22.4,23.446169,none,0.0,0.0,6.9527545,10.440001,67.11876,992.7693,
55.72_37.38,2024-08-22 01:00:00,15.0,13.289566,none,0.0,0.0,13.441071,23.039999,75.98238,996.04047,
55.72_37.38,2024-08-28 11:00:00,23.3,24.622686,none,0.0,0.0,12.144331,26.64,73.97555,1004.5749,
55.72_37.4,2024-06-28 21:00:00,21.05,21.054577,none,0.0,0.0,7.42159,10.799999,61.639202,994.81244,
55.72_37.4,2024-08-03 01:00:00,14.4,14.255182,none,0.0,0.0,9.0645685,16.919998,95.25465,981.94366,
55.72_37.4,2024-08-30 12:00:00,22.4,22.560307,none,0.0,0.0,10.086427,23.759998,58.06549,1004.6391,
55.72_37.4,2024-10-05 21:00:00,9.45,6.953537,none,0.0,0.0,11.367109,20.519999,82.95988,995.71606,
55.72_37.41,2024-05-27 18:00:00,21.9,19.830677,none,0.0,0.0,5.3999996,14.04,32.546066,1005.44116,
55.72_37.41,2024-07-10 17:00:00,25.2,23.00396,none,0.0,0.0,12.783802,28.8,35.22888,1004.2628,
55.72_37.41,2024-08-11 17:00:00,19.25,15.920624,none,0.0,0.0,19.855558,37.079998,49.257187,982.98486,
55.72_37.41,2024-08-30 17:00:00,23.8,23.183826,none,0.0,0.0,6.638072,15.119999,44.982716,1004.9149,
55.72_37.42,2024-05-30 17:00:00,27.2,24.196068,none,0.0,0.0,12.224107,31.319998,24.203005,994.959,
55.72_37.42,2024-07-05 12:00:00,25.5,26.423807,rain,0.9,0.0,14.707222,29.88,64.64045,987.24976,
55.72_37.42,2024-07-22 09:00:00,19.45,20.449902,none,0.0,0.0,7.42159,19.8,80.72254,991.60547,
55.72_37.42,2024-08-12 19:00:00,15.8,13.701712,none,0.0,0.0,15.1884165,30.239998,70.05113,982.1629,
55.72_37.42,2024-09-14 19:00:00,20.55,18.325617,none,0.0,0.0,13.450708,24.119999,47.486942,1005.57465,
55.72_37.43,2024-05-21 18:00:00,22.05,21.072285,none,0.0,0.0,7.289445,15.4800005,47.104755,998.43884,
55.72_37.43,2024-06-29 13:00:00,27.8,30.713913,none,0.0,0.0,6.519877,19.08,53.008102,996.2826,
55.72_37.43,2024-09-02 16:00:00,26.6,24.26969,none,0.0,0.0,9.021574,18.72,26.779575,1006.69135,
55.72_37.43,2024-09-11 09:00:00,19.85,18.369738,none,0.0,0.0,15.629971,31.68,62.789368,996.5245,
55.72_37.43,2024-09-23 14:00:00,14.5,11.858177,none,0.0,0.0,5.8048253,16.199999,42.807037,1001.69995,
55.72_37.43,2024-10-02 21:00:00,12.85,9.857205,none,0.0,0.0,13.287122,21.599998,62.019203,998.14844,
55.72_37.44,2024-05-15 00:00:00,3.6,0.5655799,none,0.0,0.0,7.386582,9.72,83.406815,1002.6718,
55.72_37.44,2024-05-21 07:00:00,17.35,17.064947,none,0.0,0.0,6.87779,16.56,72.22721,996.95355,
55.72_37.44,2024-05-22 17:00:00,21.2,17.395487,none,0.0,0.0,14.255272,26.64,28.88892,1000.3601,
55.72_37.44,2024-07-09 11:00:00,28.05,30.202744,none,0.0,0.0,6.1305785,19.44,44.396683,999.3733,
55.72_37.44,2024-07-12 16:00:00,27.95,26.25515,none,0.0,0.0,9.885262,23.4,30.57116,997.362,
55.72_37.45,2024-06-26 15:00:00,21.95,18.378069,none,0.0,0.0,24.18707,43.199997,43.579956,992.7073,
55.72_37.45,2024-07-17 16:00:00,29.45,29.523792,none,0.0,0.0,6.130579,18.72,32.89398,997.94086,
55.72_37.45,2024-08-30 17:00:00,22.9,22.897793,none,0.0,0.0,5.4833565,15.84,52.086815,1006.2566,
55.72_37.45,2024-09-12 00:00:00,19.15,16.93568,none,0.0,0.0,14.799459,24.48,54.470146,996.77203,
55.72_37.45,2024-09-30 08:00:00,9.65,7.0186167,none,0.0,0.0,13.441071,23.759998,85.87314,1003.4144,
55.72_37.46,2024-05-14 15:00:00,9.7,7.0403337,none,0.0,0.0,6.725354,18.0,61.487644,1003.9166,
55.72_37.48,2024-09-16 12:00:00,23.7,21.60304,none,0.0,0.0,14.404499,28.08,40.400158,1010.0873,
55.72_37.48,2024-09-18 09:00:00,17.0,16.798618,none,0.0,0.0,4.0249224,11.5199995,68.90221,1016.55237,
55.72_37.5,2024-06-21 13:00:00,20.25,16.997313,none,0.0,0.0,25.488914,45.719997,53.31345,993.7622,
55.72_37.51,2024-09-12 17:00:00,25.65,23.040668,none,0.0,0.0,19.881649,32.039997,39.744823,1000.8202,
55.72_37.52,2024-05-19 18:00:00,18.35,15.293491,none,0.0,0.0,11.753876,20.880001,39.697014,998.41675,
55.72_37.52,2024-06-19 13:00:00,23.95,23.76544,none,0.0,0.0,16.75064,33.48,50.681103,995.88947,
55.72_37.53,2024-07-25 19:00:00,23.55,23.178963,none,0.0,0.0,5.8048253,16.56,46.89023,991.3732,
55.72_37.54,2024-06-02 18:00:00,22.65,21.816828,rain,0.1,0.0,19.562946,39.239998,65.68644,994.4659,
55.72_37.56,2024-05-31 07:00:00,19.2,19.68352,none,0.0,0.0,4.0249224,10.440001,68.886986,1000.0774,
55.72_37.57,2024-06-18 01:00:00,18.35,19.860058,none,0.0,0.0,9.021574,15.119999,96.60353,991.6913,
55.72_37.57,2024-07-12 19:00:00,27.2,25.586931,none,0.0,0.0,9.793058,20.880001,32.484447,1001.7678,
55.72_37.57,2024-08-26 12:00:00,26.45,28.872288,none,0.0,0.0,4.198285,15.119999,55.239594,1005.6704,
55.72_37.57,2024-09-02 19:00:00,21.7,19.930538,none,0.0,0.0,9.779817,16.919998,43.363087,1010.9719,
55.72_37.57,2024-09-28 12:00:00,18.45,16.440777,none,0.0,0.0,23.441502,40.32,76.78386,995.31946,
55.72_37.58,2024-09-05 14:00:00,19.7,17.174667,none,0.0,0.0,16.62249,31.68,48.224133,1015.78076,
55.72_37.6,2024-05-24 14:00:00,19.6,19.226955,none,0.0,0.0,4.0249224,16.56,35.578453,1015.3615,
55.72_37.6,2024-08-16 16:00:00,23.35,20.633722,none,0.0,0.0,19.008545,34.92,43.24309,996.3429,
55.72_37.6,2024-08-27 16:00:00,28.0,28.211624,none,0.0,0.0,7.42159,17.28,42.282486,1005.36804,
55.72_37.6,2024-09-02 09:00:00,19.8,19.724157,none,0.0,0.0,8.942214,18.359999,68.33702,1009.20166,
55.72_37.61,2024-06-14 15:00:00,22.3,20.99273,none,0.0,0.0,14.168641,28.44,52.273224,995.51196,
55.72_37.61,2024-07-11 17:00:00,26.8,25.124065,none,0.0,0.0,5.1544156,16.199999,27.20657,1005.61346,
55.72_37.61,2024-07-23 13:00:00,22.55,21.829605,none,0.0,0.0,13.684735,27.72,46.928177,997.7227,
55.72_37.61,2024-08-11 15:00:00,19.7,16.605265,none,0.0,0.0,18.692286,34.56,48.716248,986.3347,
55.72_37.62,2024-06-17 11:00:00,21.75,23.790257,rain,3.8,0.0,11.4862,24.48,88.14196,993.38275,
55.72_37.62,2024-08-22 21:00:00,19.45,17.88753,none,0.0,0.0,13.246826,25.919998,58.88718,997.45966,
55.72_37.62,2024-10-05 14:00:00,12.65,10.433293,none,0.0,0.0,10.597094,20.16,70.38463,999.4452,
55.72_37.63,2024-07-04 17:00:00,30.5,30.152199,none,0.0,0.0,14.565548,26.28,39.797005,994.3904,
55.72_37.63,2024-08-26 13:00:00,26.9,29.010265,none,0.0,0.0,4.198285,14.4,52.779335,1006.0357,
55.72_37.63,2024-09-02 15:00:00,25.75,23.355143,none,0.0,0.0,14.693999,30.599998,34.55985,1009.7713,
55.72_37.64,2024-06-08 12:00:00,21.45,20.253992,none,0.0,0.0,12.10157,26.28,45.23616,996.17505,
55.72_37.64,2024-07-05 10:00:00,29.4,31.861923,rain,0.1,0.0,10.703569,32.760002,52.913536,991.6959,
55.72_37.64,2024-07-09 20:00:00,23.15,23.289345,none,0.0,0.0,16.595179,32.399998,69.216995,1005.3696,
55.72_37.64,2024-09-03 10:00:00,21.3,21.437311,none,0.0,0.0,6.9899354,16.919998,61.496204,1011.9619,
55.72_37.66,2024-05-31 08:00:00,23.45,23.649183,none,0.0,0.0,4.2136917,14.04,50.549152,998.2325,
55.72_37.66,2024-06-18 16:00:00,22.95,22.829544,rain,0.1,0.0,20.696085,36.0,71.62567,990.77576,
55.72_37.66,2024-06-26 15:00:00,22.05,19.127102,none,0.0,0.0,24.033876,45.0,48.700653,996.64795,
55.72_37.67,2024-07-17 15:00:00,29.55,31.344067,none,0.0,0.0,6.3690495,18.0,42.02933,1000.1245,
55.72_37.67,2024-10-02 14:00:00,19.15,16.090845,none,0.0,0.0,15.784676,27.72,45.363617,1001.3141,
55.72_37.68,2024-05-21 09:00:00,19.7,19.743269,none,0.0,0.0,7.2805495,17.28,67.21497,1000.5052,
55.72_37.68,2024-07-07 03:00:00,14.15,12.704407,none,0.0,0.0,8.587338,13.679999,72.36257,1004.0876,
55.72_37.68,2024-08-05 08:00:00,19.15,19.956589,none,0.0,0.0,7.7879906,18.359999,80.42506,989.41705,
55.72_37.68,2024-08-29 18:00:00,21.05,21.376543,none,0.0,0.0,6.792466,9.72,64.29815,1008.1467,
55.72_37.68,2024-09-08 13:00:00,23.75,23.354813,none,0.0,0.0,5.937272,16.919998,42.49591,1011.08075,
55.72_37.69,2024-05-29 11:00:00,25.05,25.795656,none,0.0,0.0,2.5959969,12.959999,36.76395,1000.68384,
55.72_37.69,2024-06-01 15:00:00,29.8,27.381842,none,0.0,0.0,15.188415,28.08,24.892654,998.5484,
55.72_37.69,2024-07-03 22:00:00,23.5,25.582355,none,0.0,0.0,7.5685663,18.359999,74.00932,990.836,
55.72_37.69,2024-07-08 17:00:00,27.55,26.595575,none,0.0,0.0,9.255571,20.519999,36.370026,1002.7705,
55.72_37.69,2024-07-27 02:00:00,15.9,15.384636,none,0.0,0.0,6.9247384,7.92,75.62749,997.70013,
55.72_37.69,2024-08-27 12:00:00,27.6,28.859528,none,0.0,0.0,9.007196,20.16,48.75549,1006.58905,
55.72_37.69,2024-09-04 12:00:00,21.1,19.78867,none,0.0,0.0,16.981165,32.039997,62.053234,1011.61066,
55.72_37.69,2024-09-08 13:00:00,24.1,23.483294,none,0.0,0.0,5.937272,16.919998,40.92181,1011.01996,
55.72_37.7,2024-06-13 15:00:00,19.9,20.721394,rain,0.9,0.0,13.281023,23.4,86.88303,990.7382,
55.72_37.7,2024-07-11 12:00:00,26.5,26.799004,none,0.0,0.0,6.9247384,19.8,33.396854,1007.13885,
55.72_37.7,2024-09-05 20:00:00,14.5,12.841801,none,0.0,0.0,8.4042845,12.599999,66.57097,1014.01556,
55.72_37.71,2024-06-26 18:00:00,21.55,18.565144,none,0.0,0.0,20.172853,41.039997,47.12532,996.7048,
55.72_37.71,2024-08-03 11:00:00,21.8,22.723803,rain,0.1,0.0,10.483357,23.4,66.781425,988.773,
55.72_37.72,2024-05-13 15:00:00,7.5,3.5524082,none,0.0,0.0,9.885262,19.44,48.40287,1005.83276,
55.72_37.73,2024-09-05 22:00:00,13.6,11.970182,none,0.0,0.0,8.12197,12.599999,70.33062,1015.0011,
55.72_37.74,2024-07-25 09:00:00,22.25,23.360865,none,0.0,0.0,7.5942082,22.68,69.042114,993.11487,
55.72_37.74,2024-08-10 22:00:00,18.35,18.290443,none,0.0,0.0,9.449572,14.759999,76.02597,991.9975,
55.72_37.74,2024-08-15 08:00:00,15.65,14.451351,none,0.0,0.0,11.183201,22.319998,75.836815,998.552,
55.72_37.76,2024-06-04 08:00:00,18.35,17.767881,none,0.0,0.0,13.281023,25.919998,76.52009,989.961,
55.72_37.77,2024-05-16 12:00:00,17.7,14.829632,none,0.0,0.0,10.829958,25.919998,42.081238,1004.5933,
55.72_37.77,2024-07-03 23:00:00,21.6,23.544933,none,0.0,0.0,9.1641035,15.4800005,84.106125,990.0172,
55.72_37.77,2024-08-24 01:00:00,12.9,12.659853,none,0.0,0.0,5.692099,13.32,93.64592,998.1104,
55.72_37.77,2024-09-04 19:00:00,15.75,13.31765,none,0.0,0.0,13.009903,22.319998,59.78615,1010.9747,
55.72_37.77,2024-09-26 11:00:00,16.35,12.052216,none,0.0,0.0,17.460928,33.48,38.702072,1001.7018,
55.72_37.77,2024-10-01 18:00:00,13.1,10.251767,none,0.0,0.0,16.388899,28.44,72.41388,1003.0137,
55.72_37.78,2024-05-10 05:00:00,0.65,-4.803664,none,0.0,1.0,17.651016,29.88,61.53781,995.8205,
55.72_37.78,2024-07-24 16:00:00,25.9,24.999939,none,0.0,0.0,7.342588,17.64,38.132145,992.7648,
55.72_37.78,2024-07-28 17:00:00,23.75,23.237757,rain,0.1,0.0,15.077082,34.2,58.202923,993.08716,
55.72_37.79,2024-05-23 10:00:00,16.3,13.043303,none,0.0,0.0,13.009903,27.72,35.759563,1010.2392,
55.72_37.79,2024-06-05 10:00:00,23.6,24.334871,none,0.0,0.0,10.739833,27.0,59.490685,992.24994,
55.72_37.79,2024-07-12 18:00:00,27.0,25.699379,none,0.0,0.0,8.699793,20.880001,34.10419,998.56525,
55.72_37.79,2024-08-12 16:00:00,19.05,15.248772,none,0.0,0.0,23.269482,45.0,50.213978,984.7897,
55.72_37.79,2024-08-12 18:00:00,18.3,15.20459,none,0.0,0.0,19.8,38.88,55.35917,984.6777,
55.72_37.79,2024-09-08 20:00:00,15.95,14.872534,none,0.0,0.0,7.5942073,10.799999,68.006424,1007.82416,
55.72_37.79,2024-09-19 19:00:00,16.35,14.1342945,none,0.0,0.0,14.241629,24.84,63.68042,1008.9088,
55.72_37.8,2024-07-21 19:00:00,22.35,22.271496,none,0.0,0.0,8.707237,18.72,58.053383,990.30865,
55.72_37.8,2024-08-30 07:00:00,16.65,17.060642,none,0.0,0.0,5.8603754,13.679999,83.81621,1008.356,
55.72_37.8,2024-09-06 20:00:00,18.7,17.719862,none,0.0,0.0,4.1046314,5.3999996,51.672123,1013.0052,
55.72_37.81,2024-08-28 20:00:00,21.2,21.459875,none,0.0,0.0,12.074766,20.519999,71.76258,1007.03955,
55.72_37.81,2024-09-14 15:00:00,24.75,21.767319,none,0.0,0.0,17.373497,33.12,35.101437,1005.7761,
55.72_37.82,2024-05-16 19:00:00,15.3,13.823954,none,0.0,0.0,7.42159,11.879999,63.874714,1000.0065,
55.72_37.82,2024-06-30 19:00:00,27.95,28.480026,none,0.0,0.0,9.3669195,22.68,47.01104,995.1607,
55.72_37.82,2024-07-03 18:00:00,30.15,28.783298,none,0.0,0.0,19.862083,46.44,38.940315,987.5388,
55.72_37.82,2024-09-08 11:00:00,21.85,22.12635,none,0.0,0.0,2.9024127,12.599999,54.43813,1012.1264,
55.72_37.82,2024-09-18 13:00:00,23.0,22.378904,none,0.0,0.0,3.396233,14.759999,41.162926,1014.83514,
55.72_37.82,2024-09-20 15:00:00,20.25,18.016712,none,0.0,0.0,12.783802,24.84,47.08504,1005.9736,
55.72_37.83,2024-07-14 16:00:00,29.35,30.172215,rain,0.1,0.0,9.0,19.08,45.036373,995.74164,
55.72_37.84,2024-09-20 06:00:00,9.6,8.259677,none,0.0,0.0,6.763786,12.24,93.80074,1010.1298,
55.72_37.86,2024-09-27 07:00:00,16.85,11.969564,none,0.0,0.0,27.54941,48.6,50.826714,996.0118,
55.72_37.88,2024-05-31 17:00:00,27.7,26.529985,none,0.0,0.0,7.7043357,18.0,32.6243,998.08606,
55.72_37.9,2024-06-25 17:00:00,21.8,19.108244,none,0.0,0.0,17.873556,38.16,45.946198,995.87726,
55.72_37.9,2024-07-03 22:00:00,23.7,25.74036,none,0.0,0.0,7.69592,21.599998,72.89436,989.9531,
55.72_37.91,2024-08-15 01:00:00,11.45,10.127197,none,0.0,0.0,7.653705,12.959999,86.0585,996.7707,
55.73_37.04,2024-09-21 12:00:00,19.0,17.576462,none,0.0,0.0,14.345898,31.319998,64.480995,999.1217,
55.73_37.05,2024-08-29 18:00:00,23.2,23.4788,none,0.0,0.0,5.771239,15.84,54.425056,1006.9767,
55.73_37.21,2024-09-27 15:00:00,16.05,12.148722,rain,0.8,0.0,28.771297,53.639996,71.75029,991.2825,
55.73_37.38,2024-06-01 10:00:00,25.05,25.17939,none,0.0,0.0,9.085988,20.880001,49.665092,995.20544,
55.73_37.38,2024-06-07 18:00:00,20.75,18.294052,none,0.0,0.0,20.111729,41.039997,55.610023,989.4555,
55.73_37.38,2024-06-16 10:00:00,22.4,21.275562,rain,0.1,0.0,18.11841,34.92,61.35066,995.3976,
55.73_37.38,2024-07-16 01:00:00,21.25,23.610422,none,0.0,0.0,7.9526596,14.759999,88.64993,994.23926,
55.73_37.38,2024-07-28 17:00:00,23.7,23.81172,rain,0.1,0.0,12.261157,35.64,60.475574,989.3333,
55.73_37.38,2024-08-16 21:00:00,17.25,17.036243,none,0.0,0.0,6.9527545,14.04,73.88768,992.9496,
55.73_37.39,2024-05-29 13:00:00,26.3,26.187145,none,0.0,0.0,4.0249224,14.04,31.582897,995.7502,
55.73_37.39,2024-10-02 09:00:00,11.65,8.480021,none,0.0,0.0,12.88981,24.48,62.168713,997.0953,
55.73_37.4,2024-05-16 14:00:00,17.75,15.183052,none,0.0,0.0,9.178235,20.880001,42.835762,999.90375,
55.73_37.4,2024-08-30 22:00:00,17.1,16.903627,none,0.0,0.0,7.6367526,12.24,76.321465,1004.16144,
55.73_37.41,2024-05-16 14:00:00,18.0,15.718983,none,0.0,0.0,7.289444,18.359999,42.314278,999.21814,
55.73_37.41,2024-07-10 18:00:00,23.8,21.558502,none,0.0,0.0,13.009903,25.919998,38.178455,1003.4965,
55.73_37.41,2024-07-25 22:00:00,18.8,18.128952,none,0.0,0.0,7.771331,20.519999,62.551617,988.51855,
55.73_37.41,2024-08-01 08:00:00,16.25,14.584978,none,0.0,0.0,18.175545,34.2,81.61414,980.9932,
55.73_37.41,2024-08-22 17:00:00,23.75,22.059505,none,0.0,0.0,17.974781,35.28,50.794144,992.1457,
55.73_37.41,2024-09-03 18:00:00,23.95,23.555578,none,0.0,0.0,2.3051248,5.3999996,40.606586,1004.15436,
55.73_37.41,2024-09-05 07:00:00,12.0,9.802498,none,0.0,0.0,12.371645,24.48,79.15989,1011.2707,
55.73_37.41,2024-09-10 09:00:00,18.15,17.494366,none,0.0,0.0,11.720751,24.119999,73.32302,997.2302,
55.73_37.41,2024-09-26 17:00:00,18.55,13.658558,none,0.0,0.0,20.347166,36.36,31.359661,995.99286,
55.73_37.41,2024-10-01 07:00:00,7.0,2.628183,none,0.0,0.0,20.778112,38.16,83.52605,1002.25525,
55.73_37.41,2024-10-10 05:00:00,5.75,2.6535664,none,0.0,0.0,9.906544,18.72,81.333984,993.0096,
55.73_37.42,2024-07-09 10:00:00,26.1,27.515846,none,0.0,0.0,5.506941,15.84,50.915665,999.4077,
55.73_37.42,2024-07-11 21:00:00,22.2,20.693573,none,0.0,0.0,11.113451,19.08,46.988815,1001.1157,
55.73_37.42,2024-07-26 23:00:00,15.85,14.889265,none,0.0,0.0,10.086427,12.24,76.120445,992.1677,
55.73_37.42,2024-09-05 17:00:00,19.8,17.141165,none,0.0,0.0,13.202726,27.72,43.866615,1009.9984,
55.73_37.43,2024-08-10 17:00:00,23.7,22.421474,none,0.0,0.0,10.661107,20.880001,44.509647,990.15845,
55.73_37.45,2024-05-26 23:00:00,14.7,12.392874,none,0.0,0.0,10.308831,20.16,59.327896,1006.1968,
55.73_37.45,2024-06-24 13:00:00,19.9,17.73409,none,0.0,0.0,13.979871,27.359999,49.767807,990.25183,
55.73_37.45,2024-07-03 18:00:00,28.25,28.214558,none,0.0,0.0,17.026896,35.28,50.345055,985.9926,
55.73_37.45,2024-07-25 18:00:00,23.55,23.178963,none,0.0,0.0,5.8048253,16.56,46.89023,989.3278,
55.73_37.45,2024-08-21 01:00:00,15.1,14.626999,none,0.0,0.0,9.422101,15.4800005,86.42367,996.9878,
55.73_37.46,2024-05-17 15:00:00,20.2,17.098564,none,0.0,0.0,16.267857,30.599998,40.36741,996.4216,
55.73_37.46,2024-05-28 13:00:00,23.7,23.739996,none,0.0,0.0,8.209263,21.24,37.38274,1004.4277,
55.73_37.46,2024-06-09 21:00:00,18.4,17.185698,none,0.0,0.0,4.39436,7.92,50.03843,991.04974,
55.73_37.46,2024-06-19 16:00:00,24.7,23.685095,none,0.0,0.0,13.570615,26.64,48.295834,995.0141,
55.73_37.46,2024-07-11 20:00:00,22.55,20.906456,none,0.0,0.0,9.83268,15.84,42.58723,1002.5236,
55.73_37.46,2024-07-13 01:00:00,19.45,18.325466,none,0.0,0.0,11.525623,18.72,61.270107,997.4796,
55.73_37.46,2024-08-30 18:00:00,19.8,19.555191,none,0.0,0.0,9.255571,10.440001,66.79935,1005.11755,
55.73_37.46,2024-09-23 13:00:00,13.8,11.099893,none,0.0,0.0,5.154415,16.919998,41.996708,1002.80865,
55.73_37.46,2024-09-23 15:00:00,15.0,12.369217,none,0.0,0.0,4.73506,12.959999,39.00242,1002.9616,
55.73_37.47,2024-03-27 22:00:00,-3.35,-7.8228655,none,0.0,28.0,10.464797,12.959999,78.51966,996.5718,
55.73_37.47,2024-06-09 23:00:00,15.8,13.387178,none,0.0,0.0,11.113451,17.28,55.472046,989.3207,
55.73_37.47,2024-06-13 18:00:00,20.35,19.247564,none,0.0,0.0,18.1041,31.319998,69.78599,989.9079,
55.73_37.47,2024-09-16 13:00:00,23.95,21.448536,none,0.0,0.0,14.973576,28.44,38.09218,1009.65674,
55.73_37.47,2024-09-16 17:00:00,23.5,21.317974,none,0.0,0.0,10.931203,21.96,36.447857,1010.02234,
55.73_37.47,2024-09-18 13:00:00,23.05,22.070889,none,0.0,0.0,4.6938257,15.84,39.275593,1013.6725,
55.73_37.47,2024-09-30 13:00:00,12.8,8.593016,none,0.0,0.0,22.539564,39.6,64.85403,1005.1805,
55.73_37.47,2024-10-08 17:00:00,13.15,12.343735,none,0.0,0.0,10.571074,21.599998,94.897224,985.3281,
55.73_37.48,2024-06-14 00:00:00,16.25,14.800697,rain,0.4,0.0,20.240196,36.0,89.670456,989.8173,
55.73_37.48,2024-06-28 16:00:00,26.75,27.462795,none,0.0,0.0,2.5455842,12.24,37.49155,997.9004,
55.73_37.48,2024-08-10 10:00:00,19.85,20.305283,none,0.0,0.0,8.854829,22.319998,74.57225,993.96954,
55.73_37.49,2024-07-08 09:00:00,23.4,22.26327,none,0.0,0.0,10.948973,22.319998,47.16019,1004.0886,
55.73_37.49,2024-08-17 13:00:00,23.05,22.692194,rain,0.3,0.0,15.484185,30.239998,62.895115,993.59204,
55.73_37.49,2024-09-22 10:00:00,12.15,8.790729,none,0.0,0.0,11.212135,25.56,51.334324,1004.30743,
55.73_37.5,2024-05-16 02:00:00,6.0,2.6613731,none,0.0,0.0,10.823973,18.72,76.60406,1005.4306,
55.73_37.5,2024-06-11 18:00:00,23.0,22.899109,none,0.0,0.0,18.837322,42.12,70.736336,988.8072,
55.73_37.5,2024-07-15 03:00:00,19.45,22.289066,none,0.0,0.0,4.6800003,7.2,99.07124,994.534,
55.73_37.51,2024-09-20 21:00:00,14.85,13.135084,none,0.0,0.0,11.966953,19.44,72.977394,1003.4822,
55.73_37.52,2024-08-30 17:00:00,24.0,22.81085,none,0.0,0.0,8.534353,16.919998,41.58323,1009.19775,
55.73_37.53,2024-09-20 17:00:00,19.7,17.435024,none,0.0,0.0,13.18308,25.199999,49.046783,1008.2205,
55.73_37.54,2024-08-11 04:00:00,15.75,15.82493,none,0.0,0.0,11.212135,18.359999,95.91776,991.42035,
55.73_37.54,2024-09-18 19:00:00,19.3,18.765343,none,0.0,0.0,1.1384199,2.8799999,49.942448,1015.91724,
55.73_37.55,2024-05-26 15:00:00,18.8,17.60547,rain,1.1,0.0,19.652176,45.0,78.33825,1008.72174,
55.73_37.55,2024-08-23 10:00:00,20.3,19.302086,none,0.0,0.0,15.141414,28.44,66.04003,998.32166,
55.73_37.55,2024-09-08 21:00:00,16.25,15.068663,none,0.0,0.0,9.0,12.24,68.29519,1010.5743,
55.73_37.55,2024-09-13 20:00:00,20.8,18.192135,none,0.0,0.0,14.904173,26.64,44.75091,1007.952,
55.73_37.56,2024-06-27 18:00:00,23.45,22.471207,none,0.0,0.0,12.979984,25.56,51.5518,998.4277,
55.73_37.57,2024-06-02 16:00:00,27.4,26.426424,none,0.0,0.0,9.3876505,20.519999,36.690773,993.99316,
55.73_37.57,2024-06-20 15:00:00,16.1,11.424461,rain,0.1,0.0,34.08042,63.36,71.52175,985.74493,
55.73_37.57,2024-07-01 12:00:00,29.1,29.089409,none,0.0,0.0,12.031756,24.119999,39.40945,994.6186,
55.73_37.57,2024-08-13 16:00:00,19.45,17.099258,rain,0.1,0.0,17.414474,32.039997,56.58632,989.99316,
55.73_37.58,2024-05-13 19:00:00,7.0,4.305422,none,0.0,0.0,3.5455887,8.28,59.521103,1004.72156,
55.73_37.58,2024-05-17 10:00:00,17.2,16.213434,rain,0.1,0.0,10.594036,24.84,64.51293,1000.229,
55.73_37.58,2024-06-17 12:00:00,21.05,23.225695,rain,6.7,0.0,9.220499,26.28,89.74478,993.88654,
55.73_37.58,2024-08-23 12:00:00,22.15,22.671968,rain,1.1,0.0,11.384198,26.64,69.4638,997.0121,
55.73_37.58,2024-09-22 13:00:00,13.75,10.301836,none,0.0,0.0,10.685391,23.759998,43.204987,1005.2079,
55.73_37.58,2024-09-28 20:00:00,19.25,17.74634,none,0.0,0.0,24.313328,40.68,81.213196,995.58923,
55.73_37.59,2024-05-27 13:00:00,21.25,20.056648,none,0.0,0.0,10.829959,25.199999,34.582,1011.8718,
55.73_37.59,2024-06-29 17:00:00,29.65,29.90834,none,0.0,0.0,5.3999996,11.5199995,36.716873,998.3974,
55.73_37.59,2024-06-30 01:00:00,19.4,20.267284,none,0.0,0.0,6.830519,10.440001,78.17545,998.0552,
55.73_37.59,2024-07-02 20:00:00,26.0,27.140675,none,0.0,0.0,7.968939,15.119999,56.190098,989.45074,
55.73_37.59,2024-10-11 15:00:00,13.3,9.828152,none,0.0,0.0,19.540573,36.719997,68.38426,999.7234,
55.73_37.6,2024-05-25 00:00:00,11.15,7.8700647,none,0.0,0.0,10.00256,16.56,52.730774,1016.0223,
55.73_37.6,2024-06-01 17:00:00,29.3,26.591438,none,0.0,0.0,14.77755,27.359999,26.149467,999.45087,
55.73_37.6,2024-07-31 22:00:00,15.0,14.126762,none,0.0,0.0,14.05845,23.4,91.63964,987.9521,
55.73_37.6,2024-09-12 18:00:00,24.1,20.392307,none,0.0,0.0,22.9724,37.079998,37.369812,1003.95874,
55.73_37.61,2024-05-18 13:00:00,17.45,15.290005,none,0.0,0.0,14.904173,30.239998,40.99189,1004.0837,
55.73_37.61,2024-05-29 19:00:00,23.95,23.56463,none,0.0,0.0,6.87779,14.4,47.154217,998.8157,
55.73_37.61,2024-06-11 15:00:00,22.55,21.356195,rain,2.4,0.0,30.145567,57.239998,78.14349,988.29974,
55.73_37.61,2024-06-23 17:00:00,21.7,19.961945,none,0.0,0.0,7.6367526,14.759999,40.24275,991.98517,
55.73_37.61,2024-06-26 19:00:00,19.65,18.194105,none,0.0,0.0,12.620554,25.199999,58.353077,996.2892,
55.73_37.61,2024-07-07 19:00:00,23.55,22.734917,none,0.0,0.0,9.826088,15.4800005,48.30314,1005.60114,
55.73_37.61,2024-07-18 15:00:00,27.05,29.502804,none,0.0,0.0,5.4833565,19.08,60.481514,997.8151,
55.73_37.61,2024-08-15 22:00:00,13.7,12.114468,none,0.0,0.0,8.534353,14.759999,71.79296,999.24963,
55.73_37.61,2024-08-17 08:00:00,17.75,17.908438,none,0.0,0.0,9.339208,18.0,81.80573,996.8751,
55.73_37.61,2024-08-21 14:00:00,22.45,22.078922,none,0.0,0.0,10.8955765,23.4,50.784477,1001.0653,
55.73_37.61,2024-08-21 21:00:00,17.25,15.466145,none,0.0,0.0,11.659777,18.359999,60.95918,999.641,
55.73_37.61,2024-08-29 18:00:00,23.75,23.667952,none,0.0,0.0,6.3690495,15.84,49.97002,1008.85956,
55.73_37.61,2024-09-02 16:00:00,26.6,24.023632,none,0.0,0.0,10.028439,21.24,25.958279,1010.57086,
55.73_37.61,2024-10-01 13:00:00,17.0,13.888838,none,0.0,0.0,18.900856,34.56,57.897472,1005.39606,
55.73_37.62,2024-06-12 12:00:00,24.3,25.78767,rain,0.1,0.0,12.768586,34.92,72.09405,994.18823,
55.73_37.62,2024-07-03 15:00:00,33.05,28.997375,none,0.0,0.0,28.277763,45.719997,24.252333,987.94037,
55.73_37.62,2024-08-08 09:00:00,19.35,20.250921,none,0.0,0.0,7.4128532,17.28,79.93941,993.35474,
55.73_37.63,2024-06-22 03:00:00,13.15,11.502157,none,0.0,0.0,12.303366,19.44,83.68643,993.5505,
55.73_37.63,2024-07-27 14:00:00,26.2,26.77189,none,0.0,0.0,3.5455887,14.759999,33.31247,998.3532,
55.73_37.63,2024-07-30 13:00:00,21.5,20.827505,rain,0.1,0.0,9.531505,20.880001,51.549004,982.1675,
55.73_37.63,2024-10-10 09:00:00,7.1,3.3644094,none,0.0,0.0,15.661035,27.359999,79.81763,998.2164,
55.73_37.64,2024-06-01 19:00:00,26.9,25.63654,none,0.0,0.0,9.931042,22.319998,36.067177,999.64545,
55.73_37.64,2024-08-08 15:00:00,19.8,18.475777,rain,0.7,0.0,21.322214,36.36,75.28563,994.5002,
55.73_37.64,2024-08-16 18:00:00,22.45,20.540434,none,0.0,0.0,16.039202,30.960001,49.623497,998.85205,
55.73_37.64,2024-09-14 11:00:00,22.05,19.815535,none,0.0,0.0,15.990646,29.88,46.32424,1009.16144,
55.73_37.64,2024-10-07 09:00:00,13.5,12.61426,rain,0.2,0.0,11.003581,17.64,92.4528,992.2693,
55.73_37.65,2024-07-08 18:00:00,27.55,26.595575,none,0.0,0.0,9.255571,20.519999,36.370026,1004.7034,
55.73_37.66,2024-05-17 16:00:00,20.15,16.834978,none,0.0,0.0,16.854767,30.239998,40.912807,1000.59186,
55.73_37.66,2024-06-25 18:00:00,21.25,19.04629,none,0.0,0.0,16.299694,32.399998,50.46568,996.521,
55.73_37.66,2024-06-29 18:00:00,29.7,29.9436,none,0.0,0.0,4.1046314,11.159999,35.2037,998.7368,
55.73_37.66,2024-08-19 09:00:00,23.2,24.628685,none,0.0,0.0,8.049845,18.359999,69.445786,997.80756,
55.73_37.66,2024-09-05 09:00:00,15.75,13.294855,none,0.0,0.0,14.404499,27.359999,62.692394,1015.989,
55.73_37.67,2024-05-10 16:00:00,12.2,6.2231407,none,0.0,0.0,26.525429,44.639996,43.379055,991.3088,
55.73_37.67,2024-05-25 11:00:00,20.75,19.137386,none,0.0,0.0,11.681987,25.199999,32.78918,1012.4536,
55.73_37.67,2024-06-21 22:00:00,15.35,14.582613,none,0.0,0.0,7.386582,14.4,75.28651,991.598,
55.73_37.67,2024-06-26 09:00:00,18.55,16.467834,none,0.0,0.0,18.532135,34.2,65.668495,995.91644,
55.73_37.67,2024-07-10 19:00:00,23.55,21.178572,none,0.0,0.0,13.009903,27.0,37.46704,1008.14233,
55.73_37.67,2024-07-20 17:00:00,23.8,22.730106,rain,0.1,0.0,14.658676,27.0,51.98104,991.8977,
55.73_37.67,2024-08-08 14:00:00,23.55,23.671541,none,0.0,0.0,6.489992,18.359999,52.769485,991.61646,
55.73_37.68,2024-05-10 13:00:00,8.9,3.2972608,none,0.0,1.0,24.336637,42.839996,55.430218,993.3515,
55.73_37.68,2024-05-31 14:00:00,28.5,27.608732,none,0.0,0.0,10.009036,23.4,31.66396,997.9322,
55.73_37.68,2024-06-26 13:00:00,21.85,19.163965,none,0.0,0.0,24.18707,42.12,46.26913,994.1426,
55.73_37.68,2024-07-04 22:00:00,24.25,23.826355,none,0.0,0.0,16.199999,28.8,58.88556,993.472,
55.73_37.68,2024-07-31 18:00:00,18.95,17.29305,none,0.0,0.0,18.58451,32.399998,69.741486,985.5876,
55.73_37.68,2024-08-06 11:00:00,21.65,22.66912,rain,0.1,0.0,8.891344,21.599998,69.81182,991.8366,
55.73_37.68,2024-10-01 14:00:00,17.75,14.78326,none,0.0,0.0,18.547861,33.48,56.539207,1004.1606,
55.73_37.69,2024-06-20 20:00:00,14.75,12.087784,rain,0.1,0.0,20.380579,36.0,78.24819,989.2738,
55.73_37.7,2024-06-07 10:00:00,21.9,21.115881,rain,0.1,0.0,20.364674,38.16,70.08273,992.2588,
55.73_37.71,2024-07-15 12:00:00,28.75,32.020493,none,0.0,0.0,6.489992,18.359999,56.15411,997.4113,
55.73_37.71,2024-07-18 00:00:00,22.9,23.494228,none,0.0,0.0,9.227524,15.4800005,63.876347,999.6445,
55.73_37.71,2024-08-28 09:00:00,21.15,22.362053,none,0.0,0.0,12.287555,24.48,83.26905,1007.8937,
55.73_37.71,2024-10-06 17:00:00,10.2,6.7061024,rain,0.2,0.0,16.572712,26.64,73.38311,1000.0268,
55.73_37.72,2024-06-13 06:00:00,18.9,21.066668,none,0.0,0.0,3.7585104,10.440001,91.87704,992.4737,
55.73_37.72,2024-09-04 15:00:00,20.9,18.523018,none,0.0,0.0,17.287498,32.399998,51.21961,1011.53864,
55.73_37.72,2024-09-29 16:00:00,18.05,16.234617,none,0.0,0.0,17.035456,27.72,68.43271,998.6939,
55.73_37.73,2024-10-11 14:00:00,15.2,11.299942,none,0.0,0.0,22.390293,38.16,60.267017,997.13086,
55.73_37.74,2024-08-02 15:00:00,21.3,19.984478,none,0.0,0.0,12.904882,24.84,54.65729,985.75104,
55.73_37.74,2024-08-23 21:00:00,15.8,15.394802,rain,4.0,0.0,11.090103,37.44,87.62405,997.99164,
55.73_37.75,2024-06-25 08:00:00,16.75,14.98004,none,0.0,0.0,12.538134,24.84,65.06292,995.81415,
55.73_37.75,2024-08-06 14:00:00,22.7,23.002632,none,0.0,0.0,8.587338,21.96,60.63294,990.65607,
55.73_37.75,2024-08-19 21:00:00,21.7,22.222029,none,0.0,0.0,10.1376915,16.199999,69.37676,994.77216,
55.73_37.76,2024-06-25 14:00:00,21.7,19.001236,rain,0.1,0.0,23.83896,45.719997,50.250732,995.77185,
55.73_37.77,2024-09-09 15:00:00,24.95,23.838251,none,0.0,0.0,11.200571,25.919998,43.544163,1004.8553,
55.73_37.8,2024-07-13 18:00:00,28.85,29.430592,none,0.0,0.0,9.693296,22.319998,45.33373,993.3053,
55.73_37.81,2024-09-16 21:00:00,16.75,14.942337,none,0.0,0.0,9.693296,15.84,58.228603,1009.0419,
55.73_37.82,2024-05-17 17:00:00,19.6,16.497942,none,0.0,0.0,15.111424,32.039997,42.33127,997.44385,
55.73_37.82,2024-08-13 17:00:00,18.85,16.97705,none,0.0,0.0,16.1198,33.12,62.562977,989.7932,
55.73_37.83,2024-05-14 15:00:00,11.75,8.807049,none,0.0,0.0,6.763786,16.199999,47.855488,1005.8106,
55.73_37.83,2024-05-29 22:00:00,18.65,18.008373,none,0.0,0.0,6.725354,12.959999,61.490467,998.4703,
55.73_37.83,2024-07-23 18:00:00,21.6,21.118551,none,0.0,0.0,6.5693827,16.199999,52.78391,996.38904,
55.73_37.84,2024-07-26 09:00:00,21.05,20.106161,none,0.0,0.0,9.504272,21.599998,51.08894,995.0963,
55.73_37.84,2024-08-31 12:00:00,24.35,24.510798,none,0.0,0.0,10.97262,24.84,51.786583,1008.46,
55.73_37.84,2024-09-16 10:00:00,19.45,19.022585,none,0.0,0.0,7.072878,17.28,61.87895,1011.0462,
55.73_37.85,2024-05-10 22:00:00,8.3,4.914773,none,0.0,0.0,14.578888,25.56,78.60922,989.1571,
55.73_37.85,2024-05-25 18:00:00,22.4,19.190327,none,0.0,0.0,12.245294,26.64,30.060358,1007.7227,
55.73_37.85,2024-09-27 19:00:00,14.45,10.380054,rain,1.0,0.0,30.24214,56.16,80.30891,993.8041,
55.73_37.86,2024-07-27 11:00:00,25.1,25.794556,none,0.0,0.0,4.2136917,14.04,38.28927,997.1634,
55.74_36.96,2024-08-01 07:00:00,16.1,14.758558,rain,0.1,0.0,15.84,31.68,82.12973,986.12103,
55.74_37.02,2024-08-11 12:00:00,17.7,16.726261,rain,2.4,0.0,15.84409,35.64,79.45318,987.91626,
55.74_37.23,2024-07-17 09:00:00,24.45,25.925234,none,0.0,0.0,5.1165614,15.119999,60.842117,998.77203,
55.74_37.24,2024-10-06 18:00:00,8.95,5.760619,rain,1.2,0.0,17.1,30.960001,89.400764,994.7815,
55.74_37.25,2024-09-20 17:00:00,17.9,16.622042,none,0.0,0.0,9.360001,20.16,60.90814,1005.78564,
55.74_37.26,2024-07-14 20:00:00,25.6,29.3806,none,0.0,0.0,3.5455887,12.599999,75.049934,995.05914,
55.74_37.28,2024-06-22 19:00:00,18.3,17.63835,none,0.0,0.0,7.072878,12.24,63.271423,991.80853,
55.74_37.28,2024-07-29 21:00:00,16.0,15.820993,none,0.0,0.0,4.510787,9.0,74.89818,981.862,
55.74_37.29,2024-09-30 18:00:00,10.65,6.40613,none,0.0,0.0,21.26744,40.32,69.7478,1006.4333,
55.74_37.37,2024-07-01 10:00:00,28.25,28.647202,none,0.0,0.0,10.009036,21.24,41.942093,989.4057,
55.74_37.37,2024-08-22 16:00:00,24.05,22.15305,none,0.0,0.0,18.58451,36.36,48.75643,991.5521,
55.74_37.4,2024-07-19 12:00:00,21.8,22.95547,none,0.0,0.0,9.931042,23.039999,75.610664,990.63794,
55.74_37.4,2024-09-10 15:00:00,25.0,22.01612,none,0.0,0.0,19.201874,36.36,36.997944,995.31976,
55.74_37.4,2024-10-09 17:00:00,6.7,3.730771,none,0.0,0.0,9.67657,19.8,78.92003,991.36584,
55.74_37.41,2024-05-13 18:00:00,8.35,4.3600264,none,0.0,0.0,9.826088,23.759998,44.346638,999.4211,
55.74_37.41,2024-05-16 19:00:00,16.9,15.663263,none,0.0,0.0,7.24486,12.24,60.87672,997.332,
55.74_37.41,2024-05-22 15:00:00,21.3,18.360132,none,0.0,0.0,12.218805,27.0,29.330622,1000.19867,
55.74_37.41,2024-06-01 12:00:00,28.1,26.506824,none,0.0,0.0,14.440443,30.239998,33.17594,993.56335,
55.74_37.41,2024-06-04 15:00:00,23.35,21.470602,none,0.0,0.0,20.211363,41.760002,50.688667,986.3771,
55.74_37.41,2024-06-14 14:00:00,21.9,20.627356,none,0.0,0.0,13.570615,30.960001,51.65428,989.8947,
55.74_37.41,2024-07-31 18:00:00,19.1,17.591473,none,0.0,0.0,17.447933,34.92,68.86718,981.717,
55.74_37.41,2024-08-16 09:00:00,16.8,15.478895,none,0.0,0.0,11.808878,24.48,70.01286,995.18506,
55.74_37.41,2024-09-18 14:00:00,23.1,22.319376,none,0.0,0.0,2.5455842,12.599999,39.15698,1011.98456,
55.74_37.41,2024-10-08 06:00:00,11.8,9.690139,rain,1.2,0.0,16.285772,27.72,93.90419,983.39105,
55.74_37.42,2024-06-21 17:00:00,20.2,18.17979,none,0.0,0.0,14.84318,38.88,53.478462,989.1425,
55.74_37.42,2024-07-02 12:00:00,29.85,30.544048,none,0.0,0.0,17.388409,37.8,45.315033,985.0314,
55.74_37.42,2024-07-05 02:00:00,20.55,21.112047,none,0.0,0.0,11.966953,20.880001,78.096016,988.78906,
55.74_37.42,2024-07-24 13:00:00,24.85,23.829882,none,0.0,0.0,9.686609,24.84,39.78458,992.66986,
55.74_37.42,2024-09-04 01:00:00,16.35,16.544918,none,0.0,0.0,6.489992,10.799999,83.50971,1005.5395,
55.74_37.42,2024-09-30 13:00:00,12.45,8.461245,none,0.0,0.0,21.201067,40.68,66.817184,1004.01465,
55.74_37.43,2024-05-31 22:00:00,19.65,20.280666,none,0.0,0.0,3.9763298,8.64,68.75232,995.8344,
55.74_37.43,2024-07-23 13:00:00,22.9,21.723217,none,0.0,0.0,13.570615,29.519999,44.139816,994.32227,
55.74_37.43,2024-10-11 19:00:00,10.2,6.347396,none,0.0,0.0,21.152872,37.44,80.53497,994.2425,
55.74_37.44,2024-09-17 13:00:00,23.15,22.833864,none,0.0,0.0,8.854829,20.880001,52.15193,1011.0039,
55.74_37.46,2024-07-16 21:00:00,23.5,25.747015,none,0.0,0.0,5.8048253,11.879999,73.08816,999.21783,
55.74_37.47,2024-08-30 10:00:00,21.75,21.36899,none,0.0,0.0,11.212135,24.119999,60.21593,1008.2708,
55.74_37.48,2024-06-15 21:00:00,18.45,18.40101,none,0.0,0.0,9.007196,10.799999,74.81967,995.523,
55.74_37.48,2024-07-10 21:00:00,21.25,19.395353,none,0.0,0.0,10.365251,20.880001,44.574345,1005.7489,
55.74_37.48,2024-08-23 18:00:00,17.75,17.34213,none,0.0,0.0,15.580141,25.919998,86.68013,995.0851,
55.74_37.48,2024-09-01 23:00:00,19.55,18.13765,none,0.0,0.0,11.592894,19.44,57.36902,1006.0132,
55.74_37.48,2024-09-07 17:00:00,23.35,22.338633,none,0.0,0.0,3.0758414,11.159999,37.030426,1010.3974,
55.74_37.48,2024-09-12 13:00:00,24.55,21.925358,none,0.0,0.0,19.376562,36.0,41.598812,999.28253,
55.74_37.48,2024-10-08 13:00:00,13.6,12.552446,rain,0.1,0.0,12.337553,24.48,92.458466,984.51135,
55.74_37.49,2024-09-19 18:00:00,18.55,16.509665,none,0.0,0.0,13.32,26.64,55.983963,1009.81335,
55.74_37.49,2024-10-01 18:00:00,13.05,10.215166,none,0.0,0.0,16.208996,27.0,72.40466,1003.29144,
55.74_37.5,2024-07-06 11:00:00,21.05,19.342684,none,0.0,0.0,20.140705,39.239998,52.6407,997.95624,
55.74_37.5,2024-07-10 22:00:00,19.75,17.967987,none,0.0,0.0,10.144082,17.64,49.392845,1007.4072,
55.74_37.5,2024-07-14 17:00:00,28.1,28.981705,none,0.0,0.0,11.177405,22.68,51.271534,996.6186,
55.74_37.5,2024-08-25 02:00:00,16.1,15.73777,none,0.0,0.0,9.83268,17.64,83.753006,1002.9645,
55.74_37.5,2024-09-27 18:00:00,15.5,10.84347,rain,0.7,0.0,34.472233,58.679996,75.561516,993.47406,
55.74_37.51,2024-05-29 16:00:00,27.25,25.614685,none,0.0,0.0,9.021574,21.96,31.315914,997.86,
55.74_37.51,2024-05-31 13:00:00,28.0,28.263374,none,0.0,0.0,10.630672,24.48,34.270588,998.96204,
55.74_37.52,2024-05-23 07:00:00,13.2,9.951797,none,0.0,0.0,10.948973,22.319998,49.302395,1009.6664,
55.74_37.52,2024-08-02 16:00:00,21.4,20.10047,none,0.0,0.0,11.753877,24.119999,52.731907,984.0642,
55.74_37.53,2024-05-11 07:00:00,5.75,1.1954737,rain,0.1,0.0,20.808498,34.2,85.458984,988.69025,
55.74_37.53,2024-05-19 01:00:00,8.2,5.6522436,none,0.0,0.0,7.7879906,12.599999,75.09929,1003.3496,
55.74_37.53,2024-06-01 22:00:00,19.75,19.023935,none,0.0,0.0,8.14587,12.599999,58.95953,1000.0871,
55.74_37.53,2024-06-12 00:00:00,18.55,19.58745,none,0.0,0.0,11.503113,20.16,93.90949,990.6027,
55.74_37.53,2024-07-31 20:00:00,15.75,14.554413,none,0.0,0.0,15.192682,27.359999,84.812904,985.0472,
55.74_37.53,2024-08-10 18:00:00,21.95,22.20552,none,0.0,0.0,6.297428,14.759999,59.29216,991.6921,
55.74_37.53,2024-08-21 00:00:00,15.9,15.707396,none,0.0,0.0,8.669949,13.679999,84.82919,1001.20197,
55.74_37.53,2024-08-27 23:00:00,18.85,18.935734,none,0.0,0.0,7.5942073,11.5199995,72.02934,1007.5358,
55.74_37.53,2024-09-12 14:00:00,24.55,21.925358,none,0.0,0.0,19.376562,36.0,41.598812,999.51135,
55.74_37.53,2024-09-25 00:00:00,11.6,8.096562,none,0.0,0.0,13.276144,22.68,56.534344,1003.14886,
55.74_37.54,2024-06-25 23:00:00,16.6,14.815708,none,0.0,0.0,12.538134,20.519999,65.46653,996.0719,
55.74_37.54,2024-07-05 20:00:00,22.8,22.885607,rain,2.0,0.0,20.63023,35.28,76.24747,989.06396,
55.74_37.54,2024-08-27 06:00:00,16.25,17.464579,none,0.0,0.0,3.396233,4.32,92.90454,1006.77246,
55.74_37.54,2024-09-27 19:00:00,14.7,9.585829,rain,0.2,0.0,34.500416,57.239998,71.73829,993.6205,
55.74_37.54,2024-09-28 23:00:00,17.55,16.793922,none,0.0,0.0,17.968472,31.319998,87.77978,996.67993,
55.74_37.56,2024-05-12 13:00:00,5.8,1.215899,none,0.0,0.0,13.684735,26.64,51.833168,1002.3172,
55.74_37.56,2024-08-02 18:00:00,21.3,20.039457,none,0.0,0.0,11.592895,21.24,53.231888,987.3328,
55.74_37.57,2024-08-26 21:00:00,21.15,21.82677,none,0.0,0.0,8.669949,10.08,71.06852,1006.7783,
55.74_37.57,2024-08-29 23:00:00,15.35,15.006819,none,0.0,0.0,7.2805495,10.799999,82.035225,1010.7492,
55.74_37.58,2024-05-22 20:00:00,16.95,13.376295,none,0.0,0.0,14.480773,23.039999,41.57259,1005.5115,
55.74_37.58,2024-05-24 17:00:00,20.45,17.687315,none,0.0,0.0,6.9899354,15.84,30.038729,1014.18915,
55.74_37.58,2024-06-14 07:00:00,17.0,14.5572815,none,0.0,0.0,24.57511,40.68,80.13271,992.814,
55.74_37.58,2024-06-27 15:00:00,25.0,23.492414,none,0.0,0.0,16.563911,30.960001,41.86331,997.09064,
55.74_37.58,2024-07-08 14:00:00,27.1,27.406775,none,0.0,0.0,11.119281,25.56,39.108536,1004.48004,
55.74_37.58,2024-07-10 13:00:00,26.25,25.59722,none,0.0,0.0,16.418526,32.399998,40.57738,1007.86255,
55.74_37.58,2024-07-13 15:00:00,29.15,29.493614,none,0.0,0.0,11.043261,22.68,44.269386,996.49066,
55.74_37.58,2024-07-21 08:00:00,20.95,21.630207,rain,0.1,0.0,9.885262,21.24,74.04488,991.781,
55.74_37.58,2024-07-30 18:00:00,19.65,18.144697,none,0.0,0.0,15.463244,29.88,62.95058,982.8259,
55.74_37.58,2024-08-23 12:00:00,22.15,22.671968,rain,1.1,0.0,11.384198,26.64,69.4638,997.0121,
55.74_37.58,2024-09-20 10:00:00,16.15,14.867472,none,0.0,0.0,9.0,19.44,67.14401,1009.8468,
55.74_37.58,2024-10-01 13:00:00,17.0,13.888838,none,0.0,0.0,18.900856,34.56,57.897472,1004.57043,
55.74_37.59,2024-05-11 14:00:00,10.6,5.7930717,none,0.0,0.0,22.180206,39.6,48.223366,991.63873,
55.74_37.59,2024-06-02 19:00:00,22.7,23.121227,none,0.0,0.0,10.823973,38.88,65.278595,995.4493,
55.74_37.59,2024-06-16 18:00:00,22.0,21.166258,rain,0.4,0.0,15.745627,25.199999,62.25726,998.333,
55.74_37.59,2024-07-30 09:00:00,19.5,18.800278,none,0.0,0.0,8.287822,19.44,60.478294,982.1582,
55.74_37.59,2024-10-01 18:00:00,12.95,10.156184,none,0.0,0.0,15.84,25.919998,72.6324,1005.05695,
55.74_37.6,2024-05-13 19:00:00,8.3,4.9744825,none,0.0,0.0,5.3999996,19.8,44.996304,1003.53485,
55.74_37.6,2024-06-08 16:00:00,22.65,20.149784,none,0.0,0.0,10.028439,21.599998,31.530773,994.8218,
55.74_37.6,2024-07-08 13:00:00,27.1,27.406775,none,0.0,0.0,11.119281,25.56,39.108536,1004.2522,
55.74_37.6,2024-07-10 22:00:00,18.55,16.896418,none,0.0,0.0,9.449572,16.199999,53.58824,1009.26013,
55.74_37.6,2024-07-30 08:00:00,17.15,17.194637,none,0.0,0.0,4.39436,11.879999,72.667145,982.60583,
55.74_37.6,2024-09-02 09:00:00,21.9,21.806566,none,0.0,0.0,9.422101,20.519999,60.643272,1010.92377,
55.74_37.61,2024-05-22 11:00:00,20.4,17.960375,none,0.0,0.0,17.429354,32.760002,36.820927,1006.2641,
55.74_37.61,2024-06-12 18:00:00,24.8,25.97638,rain,0.2,0.0,11.27553,27.72,65.10325,993.63824,
55.74_37.61,2024-06-17 11:00:00,23.0,23.767143,rain,0.6,0.0,15.484185,37.44,74.62419,996.6264,
55.74_37.61,2024-06-18 13:00:00,22.4,23.029278,rain,0.6,0.0,17.974781,32.760002,73.822815,991.2974,
55.74_37.61,2024-07-25 14:00:00,19.25,19.837336,rain,5.3,0.0,10.948973,26.64,83.04637,995.5627,
55.74_37.61,2024-08-30 20:00:00,18.25,17.648933,none,0.0,0.0,9.605998,12.24,69.3775,1010.12994,
55.74_37.61,2024-10-11 08:00:00,8.75,5.142479,none,0.0,0.0,18.98552,31.68,86.966446,999.5298,
55.74_37.62,2024-05-14 13:00:00,9.5,6.444249,none,0.0,0.0,8.825508,18.359999,60.141792,1006.9996,
55.74_37.62,2024-06-11 12:00:00,24.9,23.723192,rain,0.4,0.0,30.75209,52.92,66.363754,990.59863,
55.74_37.62,2024-06-11 15:00:00,24.8,23.393944,rain,0.3,0.0,27.776047,48.96,63.48173,990.7135,
55.74_37.62,2024-06-22 01:00:00,13.4,12.315212,none,0.0,0.0,9.255571,14.04,84.55479,993.2689,
55.74_37.62,2024-06-27 08:00:00,21.25,20.450224,none,0.0,0.0,13.779114,25.919998,62.28938,998.92126,
55.74_37.62,2024-08-09 12:00:00,21.0,21.735142,rain,0.2,0.0,10.514218,23.039999,69.463455,996.67694,
55.74_37.62,2024-08-27 13:00:00,27.75,28.434399,none,0.0,0.0,9.47012,20.16,47.108162,1007.21356,
55.74_37.62,2024-09-05 10:00:00,17.2,14.468273,none,0.0,0.0,15.496736,29.88,55.452713,1017.00494,
55.74_37.62,2024-09-19 18:00:00,16.3,14.843239,none,0.0,0.0,9.227524,20.16,64.314026,1012.03796,
55.74_37.63,2024-07-08 10:00:00,24.95,24.814205,none,0.0,0.0,11.4862,25.56,42.830776,1006.8095,
55.74_37.63,2024-07-18 11:00:00,27.35,30.03389,rain,0.3,0.0,2.5455842,12.599999,55.81252,1000.00726,
55.74_37.64,2024-07-07 18:00:00,25.8,24.572693,none,0.0,0.0,8.78872,18.0,37.34862,1008.0989,
55.74_37.64,2024-07-15 15:00:00,27.8,29.528084,rain,0.3,0.0,12.57426,29.16,60.2767,999.50616,
55.74_37.64,2024-07-27 01:00:00,17.45,17.202547,none,0.0,0.0,5.1919937,9.72,68.76447,998.8588,
55.74_37.64,2024-09-21 23:00:00,13.85,11.45941,none,0.0,0.0,15.349684,28.44,74.53196,1002.5958,
55.74_37.65,2024-05-31 09:00:00,25.3,25.833246,none,0.0,0.0,5.3517847,15.84,43.92923,998.90875,
55.74_37.65,2024-05-31 13:00:00,28.25,28.578255,none,0.0,0.0,9.387651,23.039999,32.777905,998.9749,
55.74_37.65,2024-06-14 20:00:00,19.55,20.501217,none,0.0,0.0,4.0249224,11.879999,73.330795,995.9116,
55.74_37.65,2024-06-17 21:00:00,19.1,20.383665,none,0.0,0.0,12.43434,21.96,95.7191,992.4381,
55.74_37.65,2024-06-18 17:00:00,22.35,21.4686,rain,0.3,0.0,23.157824,38.16,71.970894,991.3808,
55.74_37.65,2024-07-04 23:00:00,22.1,22.746508,none,0.0,0.0,10.390226,23.4,69.45414,992.3389,
55.74_37.65,2024-07-14 13:00:00,30.3,32.44741,none,0.0,0.0,8.557102,20.880001,47.33824,994.08435,
55.74_37.65,2024-07-27 10:00:00,23.6,23.022575,none,0.0,0.0,6.763786,17.64,43.602566,1000.567,
55.74_37.65,2024-07-28 23:00:00,18.35,19.713434,none,0.0,0.0,5.771239,10.799999,88.130135,991.6216,
55.74_37.65,2024-08-05 12:00:00,22.25,22.87726,rain,0.1,0.0,11.592894,24.119999,64.14509,992.64667,
55.74_37.65,2024-08-17 21:00:00,19.35,20.336456,none,0.0,0.0,7.10031,23.759998,80.45193,993.77765,
55.74_37.65,2024-09-02 17:00:00,26.1,23.69608,none,0.0,0.0,10.464798,17.28,28.746313,1008.9691,
55.74_37.65,2024-09-17 15:00:00,24.25,22.781784,none,0.0,0.0,8.161764,20.519999,37.793095,1015.34644,
55.74_37.65,2024-09-26 18:00:00,18.8,13.891867,none,0.0,0.0,20.347166,33.839996,30.652271,1004.11993,
55.74_37.65,2024-09-28 20:00:00,19.45,17.678879,rain,0.1,0.0,25.59863,45.0,79.19016,998.3332,
55.74_37.66,2024-06-24 07:00:00,16.65,16.156857,none,0.0,0.0,4.5820518,13.32,67.24823,992.6771,
55.74_37.66,2024-08-27 10:00:00,26.1,27.880375,none,0.0,0.0,7.5942073,17.64,60.073948,1005.7736,
55.74_37.66,2024-09-13 22:00:00,18.85,16.854368,none,0.0,0.0,13.493999,21.96,55.872288,1005.86084,
55.74_37.66,2024-10-03 20:00:00,12.05,9.37721,none,0.0,0.0,9.059205,12.959999,59.293926,999.3555,
55.74_37.67,2024-07-10 16:00:00,26.0,23.174185,none,0.0,0.0,15.941944,30.960001,32.14798,1006.86566,
55.74_37.67,2024-07-16 13:00:00,28.0,31.422611,rain,0.1,0.0,8.225035,23.039999,60.50998,999.19495,
55.74_37.67,2024-07-17 22:00:00,24.35,24.452904,none,0.0,0.0,10.464798,16.199999,55.604015,999.10284,
55.74_37.67,2024-08-29 21:00:00,17.6,17.147823,none,0.0,0.0,8.473393,13.32,72.036125,1008.6172,
55.74_37.67,2024-09-10 15:00:00,26.0,23.59796,none,0.0,0.0,17.339897,30.960001,37.529976,999.74963,
55.74_37.67,2024-09-13 13:00:00,25.6,21.774097,none,0.0,0.0,25.96995,43.92,35.58075,1004.97473,
55.74_37.68,2024-06-12 10:00:00,22.45,23.486952,rain,2.7,0.0,15.546833,33.839996,80.108345,993.4389,
55.74_37.68,2024-06-27 15:00:00,25.05,23.560493,none,0.0,0.0,16.215992,33.48,41.46283,996.7674,
55.74_37.68,2024-07-17 13:00:00,28.5,31.519672,none,0.0,0.0,4.6800003,18.359999,47.763058,1001.2481,
55.74_37.68,2024-08-28 14:00:00,25.4,26.71489,none,0.0,0.0,13.363711,25.919998,65.639755,1007.89636,
55.74_37.68,2024-08-30 20:00:00,17.7,17.400946,none,0.0,0.0,7.9932976,11.879999,72.76593,1008.68164,
55.74_37.68,2024-09-01 10:00:00,24.5,24.58938,none,0.0,0.0,13.779114,26.28,59.511845,1006.9601,
55.74_37.7,2024-07-18 17:00:00,26.1,27.561327,none,0.0,0.0,2.1897945,12.959999,51.408516,997.2503,
55.74_37.7,2024-08-05 18:00:00,22.85,22.039478,none,0.0,0.0,10.799999,21.24,51.90322,989.89,
55.74_37.7,2024-09-18 20:00:00,19.55,18.48286,none,0.0,0.0,2.6208394,3.6,45.166027,1014.0603,
55.74_37.7,2024-09-21 17:00:00,21.0,17.981665,none,0.0,0.0,20.211363,35.64,48.41599,999.7372,
55.74_37.71,2024-05-23 19:00:00,15.65,12.222479,none,0.0,0.0,12.24,21.96,42.23258,1010.3792,
55.74_37.71,2024-09-11 07:00:00,16.75,15.392883,none,0.0,0.0,13.896187,23.759998,74.28802,999.73773,
55.74_37.72,2024-06-07 22:00:00,19.3,17.197224,none,0.0,0.0,17.057314,29.88,59.63648,993.58997,
55.74_37.72,2024-06-28 13:00:00,25.6,28.208302,none,0.0,0.0,2.6208394,12.959999,48.53688,999.53564,
55.74_37.72,2024-09-07 14:00:00,22.95,22.715755,none,0.0,0.0,1.0182338,10.08,42.843002,1012.53503,
55.74_37.73,2024-06-29 16:00:00,29.75,29.912518,none,0.0,0.0,5.8603754,15.4800005,35.44886,997.84296,
55.74_37.73,2024-08-19 07:00:00,19.4,21.256634,none,0.0,0.0,4.1046314,11.5199995,85.74345,997.0377,
55.74_37.73,2024-08-21 08:00:00,17.25,16.9141,none,0.0,0.0,8.825508,18.72,76.09645,1001.4954,
55.74_37.74,2024-09-04 18:00:00,18.75,16.069641,none,0.0,0.0,15.141414,32.760002,50.303463,1010.1601,
55.74_37.74,2024-10-11 22:00:00,8.75,4.62449,none,0.0,0.0,21.513577,37.8,83.15978,997.3991,
55.74_37.75,2024-09-08 15:00:00,24.05,23.491867,none,0.0,0.0,5.4119864,15.4800005,43.150425,1009.4839,
55.74_37.79,2024-07-27 23:00:00,20.05,19.554022,none,0.0,0.0,14.332341,26.64,71.78309,994.1263,
55.74_37.82,2024-06-01 13:00:00,28.6,26.985083,none,0.0,0.0,14.4,32.760002,31.586023,996.7551,
55.74_37.82,2024-06-02 23:00:00,19.65,20.820013,none,0.0,0.0,7.5170207,16.919998,82.04432,992.5359,
55.74_37.82,2024-06-19 09:00:00,20.55,19.805647,none,0.0,0.0,16.42247,34.2,70.27552,995.5028,
55.74_37.82,2024-09-23 19:00:00,9.65,6.800276,none,0.0,0.0,8.217153,11.5199995,62.354008,1004.78217,
55.74_37.82,2024-09-28 22:00:00,18.2,17.228132,rain,0.3,0.0,19.986485,39.6,85.34805,995.2233,
55.74_37.82,2024-10-01 08:00:00,8.25,4.562476,none,0.0,0.0,17.304358,36.0,81.38615,1005.41223,
55.74_37.82,2024-10-07 07:00:00,11.1,9.563112,none,0.0,0.0,11.144021,18.72,94.50066,989.4492,
55.74_37.83,2024-07-14 09:00:00,24.3,27.2535,none,0.0,0.0,2.8799999,12.599999,72.319305,994.3701,
55.74_37.83,2024-09-28 15:00:00,22.65,20.549065,none,0.0,0.0,25.715443,49.68,61.804554,991.74976,
55.74_37.84,2024-05-22 14:00:00,21.0,18.654188,none,0.0,0.0,16.323528,33.48,34.630787,1001.5042,
55.74_37.84,2024-07-18 06:00:00,22.25,24.620922,none,0.0,0.0,4.3349743,12.24,77.854904,997.76935,
55.74_37.84,2024-09-14 12:00:00,23.2,21.138962,none,0.0,0.0,15.683774,31.68,43.491055,1005.97687,
55.74_37.85,2024-05-14 05:00:00,2.6,-0.8790636,none,0.0,0.0,7.92,13.679999,75.201355,1003.48474,
55.74_37.85,2024-07-05 18:00:00,27.45,26.670002,none,0.0,0.0,14.471821,33.12,43.94722,988.1657,
55.74_37.85,2024-08-15 19:00:00,16.75,14.764145,none,0.0,0.0,12.10157,25.919998,60.84129,996.01483,
55.74_37.85,2024-09-09 20:00:00,18.3,17.645279,none,0.0,0.0,7.2359104,11.5199995,63.691956,1003.4501,
55.74_37.85,2024-10-02 21:00:00,12.9,10.075362,none,0.0,0.0,12.362475,20.519999,62.461372,1000.3489,
55.74_37.86,2024-06-05 21:00:00,20.55,20.658756,none,0.0,0.0,8.287822,10.08,66.30721,989.6922,
55.74_37.86,2024-07-15 22:00:00,23.5,26.482,none,0.0,0.0,6.2145634,10.440001,80.99796,996.9089,
55.74_37.86,2024-08-20 21:00:00,18.1,18.047117,none,0.0,0.0,11.043261,19.8,80.542366,998.39526,
55.74_37.86,2024-10-01 16:00:00,15.75,13.155277,none,0.0,0.0,15.725037,31.319998,63.545322,1002.3905,
55.74_37.86,2024-10-01 17:00:00,14.2,11.543722,none,0.0,0.0,15.426535,27.72,68.336334,1003.3198,
55.74_37.87,2024-08-12 13:00:00,18.0,15.109047,none,0.0,0.0,22.782625,46.44,65.33412,984.7576,
55.74_37.87,2024-09-09 14:00:00,25.0,23.94068,none,0.0,0.0,10.948973,25.199999,43.558025,1004.64526,
55.74_37.87,2024-09-17 17:00:00,23.4,23.371513,none,0.0,0.0,3.671294,11.159999,47.629936,1013.74866,
55.74_37.87,2024-09-18 17:00:00,22.55,22.41856,none,0.0,0.0,3.319036,8.64,48.513,1013.26074,
55.74_37.87,2024-09-19 21:00:00,16.5,14.529421,none,0.0,0.0,12.371645,24.48,62.652966,1008.7423,
55.74_37.88,2024-07-27 16:00:00,26.3,24.17589,none,0.0,0.0,11.304229,21.24,31.798038,995.4022,
55.75_37.19,2024-08-30 11:00:00,22.35,22.639526,none,0.0,0.0,9.746631,23.759998,59.00331,1009.6236,
55.75_37.19,2024-09-11 08:00:00,18.1,16.996262,none,0.0,0.0,13.281023,26.64,70.49445,998.9547,
55.75_37.32,2024-07-20 13:00:00,20.75,20.40246,rain,0.3,0.0,13.570615,27.0,69.19189,991.08044,
55.75_37.37,2024-06-08 13:00:00,22.15,21.255957,none,0.0,0.0,11.592895,27.72,37.45111,987.1448,
55.75_37.37,2024-08-26 09:00:00,21.6,23.791548,none,0.0,0.0,3.8773184,11.879999,78.2502,996.8676,
55.75_37.37,2024-09-16 11:00:00,22.85,21.885653,none,0.0,0.0,10.086427,21.96,48.7549,1004.691,
55.75_37.4,2024-09-12 20:00:00,21.6,17.801464,none,0.0,0.0,21.178896,36.719997,39.533356,995.7243,
55.75_37.41,2024-05-15 20:00:00,11.55,9.135438,none,0.0,0.0,7.5685663,12.599999,62.145176,1002.4239,
55.75_37.41,2024-05-21 21:00:00,14.65,14.034506,none,0.0,0.0,8.373386,10.799999,83.860535,995.85236,
55.75_37.41,2024-06-04 18:00:00,21.25,20.46437,none,0.0,0.0,14.417988,39.6,63.513744,986.60205,
55.75_37.41,2024-06-15 20:00:00,18.85,18.926086,none,0.0,0.0,7.9036193,10.08,72.498764,992.86646,
55.75_37.41,2024-06-18 16:00:00,22.5,21.96797,rain,0.2,0.0,19.602652,38.16,69.53124,985.84247,
55.75_37.41,2024-08-07 20:00:00,19.8,20.42529,none,0.0,0.0,5.6233797,9.72,71.0456,986.5916,
55.75_37.41,2024-08-16 12:00:00,21.35,19.668089,none,0.0,0.0,18.331741,36.719997,51.680717,992.6732,
55.75_37.41,2024-09-06 16:00:00,22.15,20.956028,none,0.0,0.0,5.1165614,13.679999,41.06155,1009.1023,
55.75_37.41,2024-09-15 11:00:00,21.1,19.451998,none,0.0,0.0,11.298495,23.759998,48.932236,1003.5887,
55.75_37.42,2024-08-31 13:00:00,24.9,25.017538,none,0.0,0.0,10.703569,25.56,50.43767,1003.69904,
55.75_37.43,2024-06-21 18:00:00,20.2,18.17979,none,0.0,0.0,14.84318,38.88,53.478462,991.2109,
55.75_37.45,2024-08-02 01:00:00,13.8,12.733126,none,0.0,0.0,12.245294,20.16,90.66713,986.37573,
55.75_37.45,2024-08-13 09:00:00,15.55,13.578096,none,0.0,0.0,17.673029,32.760002,79.14647,989.44696,
55.75_37.49,2024-09-10 10:00:00,20.65,19.99549,none,0.0,0.0,12.181625,24.48,63.587334,1000.1422,
55.75_37.49,2024-09-12 17:00:00,25.65,23.040668,none,0.0,0.0,19.881649,32.039997,39.744823,1001.3907,
55.75_37.49,2024-09-23 17:00:00,11.85,9.460216,none,0.0,0.0,7.968939,11.879999,62.65077,1005.22687,
55.75_37.49,2024-10-06 20:00:00,9.2,5.762766,rain,1.3,0.0,19.474136,33.48,90.33979,996.8522,
55.75_37.5,2024-06-20 08:00:00,21.85,21.662668,none,0.0,0.0,21.413193,36.36,79.02853,989.0865,
55.75_37.5,2024-08-05 15:00:00,23.25,22.357199,none,0.0,0.0,10.691453,21.24,49.67347,990.18616,
55.75_37.51,2024-05-10 22:00:00,8.15,4.707573,none,0.0,0.0,15.042659,25.199999,79.69068,990.44385,
55.75_37.51,2024-07-02 18:00:00,29.85,29.34037,none,0.0,0.0,15.94601,33.48,41.575367,989.28754,
55.75_37.51,2024-07-26 16:00:00,24.05,23.126728,none,0.0,0.0,5.6920996,19.44,36.110832,996.62085,
55.75_37.51,2024-08-25 15:00:00,26.75,27.7033,none,0.0,0.0,1.609969,9.36,44.61743,1004.2753,
55.75_37.51,2024-08-26 10:00:00,24.05,26.11296,none,0.0,0.0,4.896529,14.04,67.666115,1005.3014,
55.75_37.52,2024-07-12 15:00:00,28.1,26.820545,none,0.0,0.0,10.587917,23.759998,30.101316,1004.2283,
55.75_37.53,2024-05-18 12:00:00,16.9,14.419285,none,0.0,0.0,15.580141,30.960001,40.68947,1003.9942,
55.75_37.53,2024-05-27 16:00:00,22.4,20.692875,none,0.0,0.0,6.1305785,19.44,29.955027,1010.5214,
55.75_37.53,2024-09-10 18:00:00,20.75,19.638474,none,0.0,0.0,8.913181,21.599998,52.213676,1000.349,
55.75_37.53,2024-09-11 19:00:00,21.9,19.993876,none,0.0,0.0,13.755579,23.759998,47.696613,1000.6121,
55.75_37.53,2024-10-04 19:00:00,10.9,8.878223,none,0.0,0.0,13.298089,22.68,91.99421,997.2233,
55.75_37.54,2024-05-31 16:00:00,28.45,26.399435,none,0.0,0.0,10.703569,21.96,27.940096,998.7044,
55.75_37.54,2024-06-04 15:00:00,22.65,20.683704,rain,0.1,0.0,20.929596,34.56,55.90308,990.2362,
55.75_37.54,2024-09-09 14:00:00,25.15,23.650452,none,0.0,0.0,13.004922,27.0,41.905216,1007.0659,
55.75_37.54,2024-09-21 01:00:00,13.05,11.465262,none,0.0,0.0,11.770403,19.08,83.95426,1006.0043,
55.75_37.55,2024-05-17 13:00:00,19.35,17.807394,none,0.0,0.0,15.815435,30.239998,49.117702,999.79846,
55.75_37.55,2024-06-13 04:00:00,17.75,19.860115,none,0.0,0.0,2.8116899,5.7599998,95.97894,991.6865,
55.75_37.55,2024-07-02 22:00:00,24.05,24.40544,none,0.0,0.0,11.542478,17.64,60.556545,988.4049,
55.75_37.55,2024-08-22 15:00:00,24.65,23.126684,none,0.0,0.0,18.947083,34.92,50.208317,997.60535,
55.75_37.55,2024-09-11 11:00:00,21.55,19.46923,none,0.0,0.0,18.844202,33.839996,55.08212,999.8831,
55.75_37.56,2024-07-29 09:00:00,17.85,18.459513,rain,1.4,0.0,12.371645,19.8,93.877716,985.9731,
55.75_37.56,2024-08-19 21:00:00,21.45,22.025864,none,0.0,0.0,10.182337,16.56,71.124146,997.25726,
55.75_37.56,2024-08-23 18:00:00,20.25,22.17545,rain,0.1,0.0,5.8603754,11.5199995,85.29001,998.0755,
55.75_37.56,2024-09-10 18:00:00,21.55,19.65384,none,0.0,0.0,14.494192,34.56,50.043976,1001.2143,
55.75_37.56,2024-09-20 02:00:00,13.55,12.34322,none,0.0,0.0,7.5170207,11.5199995,76.769,1012.0899,
55.75_37.56,2024-09-25 10:00:00,15.55,12.639421,none,0.0,0.0,13.026081,24.48,52.7988,1005.6512,
55.75_37.56,2024-10-06 17:00:00,10.25,6.696455,rain,0.2,0.0,16.459915,26.64,71.38438,1000.5106,
55.75_37.56,2024-10-06 20:00:00,9.2,5.704665,rain,1.3,0.0,19.702394,32.039997,89.72612,998.9963,
55.75_37.57,2024-06-14 14:00:00,22.3,20.99273,none,0.0,0.0,14.168641,28.44,52.273224,996.08575,
55.75_37.57,2024-06-24 07:00:00,16.8,16.292095,none,0.0,0.0,4.5820518,13.32,66.38939,995.0205,
55.75_37.57,2024-07-29 20:00:00,17.7,16.805658,none,0.0,0.0,8.669949,24.119999,65.70344,984.31085,
55.75_37.57,2024-08-03 21:00:00,17.75,17.5779,none,0.0,0.0,8.287822,12.959999,74.9461,990.09064,
55.75_37.57,2024-08-06 23:00:00,16.1,16.726997,none,0.0,0.0,6.1305785,10.799999,90.8247,994.8994,
55.75_37.57,2024-09-21 17:00:00,21.0,18.086388,none,0.0,0.0,19.493261,35.28,48.41599,1001.841,
55.75_37.58,2024-05-16 18:00:00,18.8,17.109133,none,0.0,0.0,7.92,16.919998,49.302116,1002.81354,
55.75_37.58,2024-05-29 07:00:00,17.55,17.94339,none,0.0,0.0,2.9024127,9.72,72.73905,1001.10693,
55.75_37.58,2024-06-11 23:00:00,19.2,20.286346,none,0.0,0.0,11.923557,19.8,91.606094,990.71075,
55.75_37.58,2024-06-27 23:00:00,16.65,15.84956,none,0.0,0.0,8.557102,12.599999,71.38788,999.7482,
55.75_37.58,2024-07-08 13:00:00,26.5,26.64199,none,0.0,0.0,12.181624,26.64,39.458717,1004.188,
55.75_37.58,2024-07-12 14:00:00,29.0,28.399208,none,0.0,0.0,8.0899935,21.24,29.151783,1001.8947,
55.75_37.58,2024-07-24 08:00:00,20.85,20.818487,none,0.0,0.0,6.379216,15.4800005,60.200947,998.80206,
55.75_37.58,2024-07-31 09:00:00,17.7,16.389082,rain,0.1,0.0,17.174677,32.039997,77.41758,984.0214,
55.75_37.58,2024-08-03 19:00:00,19.25,19.125765,none,0.0,0.0,8.311245,18.359999,68.89688,990.81256,
55.75_37.58,2024-09-13 15:00:00,26.15,21.780165,none,0.0,0.0,26.009844,45.0,31.22061,1005.20013,
55.75_37.58,2024-09-14 15:00:00,24.7,21.48089,none,0.0,0.0,19.083395,33.12,35.325996,1009.6094,
55.75_37.58,2024-09-30 11:00:00,12.8,9.421696,none,0.0,0.0,17.655605,30.960001,67.12165,1007.0753,
55.75_37.59,2024-05-30 22:00:00,19.0,16.978456,none,0.0,0.0,9.0,14.4,46.42087,996.57684,
55.75_37.59,2024-06-05 15:00:00,26.2,26.618366,none,0.0,0.0,9.0,23.4,46.238262,990.79193,
55.75_37.59,2024-06-29 20:00:00,26.7,27.730604,none,0.0,0.0,7.729527,11.159999,52.7283,996.21686,
55.75_37.59,2024-07-28 17:00:00,23.85,23.57093,none,0.0,0.0,13.608762,33.48,58.040123,993.20667,
55.75_37.59,2024-08-23 07:00:00,16.55,15.214443,none,0.0,0.0,12.979984,24.119999,73.523094,996.3265,
55.75_37.59,2024-09-16 19:00:00,16.65,15.177193,none,0.0,0.0,8.12197,11.879999,60.205486,1010.9739,
55.75_37.6,2024-06-27 14:00:00,24.0,21.276339,none,0.0,0.0,20.880001,36.0,44.151325,997.3105,
55.75_37.6,2024-07-03 00:00:00,22.9,22.936512,none,0.0,0.0,12.6462,20.16,63.26586,987.5788,
55.75_37.6,2024-07-16 18:00:00,28.35,28.095917,none,0.0,0.0,14.471821,28.44,45.635147,1000.5115,
55.75_37.6,2024-08-26 22:00:00,20.5,21.226185,none,0.0,0.0,7.928177,9.72,73.26123,1004.06476,
55.75_37.6,2024-09-03 10:00:00,21.35,21.434763,none,0.0,0.0,6.9899354,16.919998,60.712494,1010.32733,
55.75_37.6,2024-09-22 16:00:00,13.25,9.262246,none,0.0,0.0,10.703569,21.599998,34.479115,1004.26514,
55.75_37.61,2024-05-17 17:00:00,19.1,16.18661,none,0.0,0.0,13.661038,28.8,43.369236,998.835,
55.75_37.61,2024-07-20 01:00:00,17.7,18.413048,none,0.0,0.0,6.5693827,10.08,84.20634,995.5869,
55.75_37.61,2024-07-20 21:00:00,18.15,18.824837,none,0.0,0.0,6.439876,9.72,81.069786,993.1647,
55.75_37.61,2024-08-15 18:00:00,18.5,16.147398,none,0.0,0.0,14.799459,28.08,54.85392,999.8729,
55.75_37.61,2024-09-06 15:00:00,21.55,20.875076,none,0.0,0.0,3.7585104,15.119999,46.18637,1016.7229,
55.75_37.61,2024-09-24 17:00:00,18.05,15.008577,none,0.0,0.0,11.720751,24.84,40.593315,1003.59357,
55.75_37.62,2024-06-22 21:00:00,15.35,14.231323,none,0.0,0.0,9.178235,14.4,73.80045,991.65906,
55.75_37.62,2024-08-22 00:00:00,15.35,13.728584,none,0.0,0.0,11.620809,19.08,71.38112,1000.62036,
55.75_37.63,2024-05-17 15:00:00,20.15,16.834978,none,0.0,0.0,16.854767,30.239998,40.912807,1000.59186,
55.75_37.63,2024-05-29 23:00:00,19.45,18.748634,none,0.0,0.0,6.924738,10.08,58.111233,998.4351,
55.75_37.63,2024-06-13 00:00:00,18.85,21.112513,rain,0.1,0.0,4.32,6.8399997,94.51577,994.2206,
55.75_37.63,2024-06-15 02:00:00,13.95,13.850973,none,0.0,0.0,7.0911775,8.64,93.69616,996.01465,
55.75_37.63,2024-07-02 16:00:00,30.35,28.660912,none,0.0,0.0,20.316889,34.56,36.79201,990.0645,
55.75_37.63,2024-07-21 02:00:00,15.85,16.092667,none,0.0,0.0,8.766573,13.679999,92.28611,991.0015,
55.75_37.63,2024-08-05 07:00:00,17.55,18.07801,none,0.0,0.0,8.4963045,18.0,86.383316,991.3961,
55.75_37.63,2024-08-10 01:00:00,13.75,13.824499,none,0.0,0.0,6.3690495,9.0,96.16855,994.6846,
55.75_37.63,2024-08-27 17:00:00,27.75,28.145287,none,0.0,0.0,6.28713,15.119999,43.043224,1006.3944,
55.75_37.64,2024-07-01 12:00:00,29.3,28.898907,none,0.0,0.0,13.276144,26.28,39.721367,995.8756,
55.75_37.64,2024-07-05 09:00:00,26.35,27.704983,none,0.0,0.0,15.646544,30.239998,66.24757,992.50867,
55.75_37.64,2024-07-20 00:00:00,17.95,18.531158,none,0.0,0.0,7.342588,11.159999,82.625305,994.89996,
55.75_37.64,2024-09-16 19:00:00,17.05,15.537703,none,0.0,0.0,8.209263,12.24,58.302456,1013.03796,
55.75_37.64,2024-10-07 14:00:00,18.25,18.715906,none,0.0,0.0,8.131936,17.64,81.08286,991.56506,
55.75_37.65,2024-05-21 12:00:00,16.75,16.340622,rain,5.0,0.0,12.475961,29.16,85.47213,1004.2396,
55.75_37.65,2024-06-11 03:00:00,17.1,18.006868,rain,4.6,0.0,7.653705,24.84,92.65287,992.00867,
55.75_37.65,2024-09-25 15:00:00,21.75,18.466541,none,0.0,0.0,19.98081,34.2,42.939457,1002.0863,
55.75_37.65,2024-09-26 14:00:00,20.75,15.928379,none,0.0,0.0,22.175825,37.44,31.320751,1003.8559,
55.75_37.66,2024-05-13 09:00:00,6.35,2.6414351,none,0.0,0.0,7.10031,17.28,47.35732,1003.3692,
55.75_37.66,2024-08-25 19:00:00,20.25,20.519705,none,0.0,0.0,9.47012,11.5199995,71.5889,1004.1255,
55.75_37.66,2024-09-15 10:00:00,19.4,17.55764,none,0.0,0.0,11.4862,22.68,52.207905,1011.8234,
55.75_37.66,2024-10-05 21:00:00,9.1,6.4608774,none,0.0,0.0,11.9466305,19.08,83.4894,1001.7314,
55.75_37.66,2024-10-08 06:00:00,11.7,9.201903,rain,1.7,0.0,18.33616,30.599998,92.657875,988.11676,
55.75_37.67,2024-06-25 17:00:00,22.45,18.967718,none,0.0,0.0,21.2522,37.079998,41.007484,998.2608,
55.75_37.68,2024-08-09 13:00:00,21.5,21.710161,rain,0.2,0.0,12.261157,24.84,65.44319,995.2221,
55.75_37.69,2024-06-08 23:00:00,16.8,15.967344,none,0.0,0.0,5.815978,10.08,64.20962,991.64087,
55.75_37.69,2024-06-24 22:00:00,15.9,14.341259,none,0.0,0.0,12.605142,19.44,72.20062,994.18176,
55.75_37.69,2024-07-15 01:00:00,20.6,23.487104,none,0.0,0.0,4.510787,7.92,92.55167,996.2202,
55.75_37.71,2024-07-15 12:00:00,29.05,32.127274,rain,0.1,0.0,6.9899354,18.72,54.332897,995.7565,
55.75_37.71,2024-07-24 07:00:00,16.25,16.499575,none,0.0,0.0,5.3999996,11.879999,82.4169,996.4517,
55.75_37.71,2024-09-18 08:00:00,13.6,13.015339,none,0.0,0.0,5.315336,10.440001,82.08476,1015.00684,
55.75_37.72,2024-06-21 17:00:00,20.25,18.28028,none,0.0,0.0,14.799459,37.44,53.84891,991.36237,
55.75_37.72,2024-08-01 08:00:00,16.5,14.858398,none,0.0,0.0,18.014393,30.239998,80.32569,983.79877,
55.75_37.72,2024-08-29 17:00:00,23.75,23.837805,none,0.0,0.0,6.1305785,15.84,51.294342,1007.4718,
55.75_37.72,2024-09-13 08:00:00,19.7,16.659874,none,0.0,0.0,20.172853,32.039997,52.11182,1005.0875,
55.75_37.72,2024-09-19 17:00:00,18.6,16.610043,none,0.0,0.0,13.358861,25.56,56.562572,1008.1874,
55.75_37.72,2024-10-03 22:00:00,11.55,8.506207,none,0.0,0.0,10.650465,17.64,58.34382,998.7696,
55.75_37.73,2024-07-09 12:00:00,28.85,31.133678,none,0.0,0.0,6.193674,19.8,42.379776,1001.48517,
55.75_37.74,2024-06-01 12:00:00,28.35,27.114641,none,0.0,0.0,15.546833,32.760002,32.479206,998.14734,
55.75_37.74,2024-06-14 21:00:00,17.1,17.180424,none,0.0,0.0,6.439876,7.92,77.831726,995.4185,
55.75_37.74,2024-09-17 12:00:00,22.35,22.379585,none,0.0,0.0,7.24486,18.359999,56.931244,1015.2276,
55.75_37.78,2024-08-23 03:00:00,16.5,14.463413,none,0.0,0.0,16.08761,27.359999,69.95452,993.35364,
55.75_37.78,2024-08-30 15:00:00,24.35,23.649185,none,0.0,0.0,6.28713,15.84,42.240185,1007.7978,
55.75_37.79,2024-05-16 16:00:00,19.5,17.25762,none,0.0,0.0,7.928177,23.759998,37.076767,1000.8093,
55.75_37.79,2024-08-05 18:00:00,21.7,21.71777,none,0.0,0.0,8.049845,17.64,60.400196,988.63434,
55.75_37.8,2024-05-21 16:00:00,23.45,21.833887,none,0.0,0.0,7.5685663,17.64,37.311646,999.0836,
55.75_37.8,2024-06-19 10:00:00,21.7,21.598778,none,0.0,0.0,14.24163,32.399998,62.39107,994.4243,
55.75_37.8,2024-08-18 14:00:00,24.45,24.891973,rain,0.1,0.0,13.779114,30.960001,63.00478,991.9143,
55.75_37.81,2024-08-04 14:00:00,22.45,22.636585,none,0.0,0.0,9.983106,23.039999,56.95583,984.85834,
55.75_37.82,2024-05-14 16:00:00,11.75,8.807049,none,0.0,0.0,6.763786,16.199999,47.855488,1003.6495,
55.75_37.82,2024-06-01 17:00:00,28.45,26.641682,none,0.0,0.0,10.661107,26.28,29.694006,996.0445,
55.75_37.82,2024-06-07 16:00:00,23.7,21.497524,none,0.0,0.0,22.406927,42.839996,48.983242,989.828,
55.75_37.82,2024-07-30 11:00:00,20.45,20.048416,none,0.0,0.0,7.5599995,19.44,56.64774,979.3969,
55.75_37.82,2024-08-02 19:00:00,20.25,20.069733,none,0.0,0.0,7.5170207,18.72,62.674194,982.9199,
55.75_37.82,2024-08-11 22:00:00,14.35,13.248106,none,0.0,0.0,9.0645685,16.919998,78.710205,983.6174,
55.75_37.82,2024-09-05 17:00:00,20.0,17.46844,none,0.0,0.0,12.661564,26.64,43.922974,1012.2628,
55.75_37.82,2024-09-17 10:00:00,20.9,21.052746,none,0.0,0.0,6.28713,17.28,62.00771,1013.2831,
55.75_37.82,2024-09-19 18:00:00,18.5,16.702393,none,0.0,0.0,12.429127,24.119999,57.68505,1007.7299,
55.75_37.82,2024-09-20 10:00:00,17.65,15.911304,none,0.0,0.0,10.685391,23.4,58.057903,1007.22217,
55.75_37.82,2024-09-26 09:00:00,13.85,10.009939,none,0.0,0.0,13.842457,26.64,44.171516,1001.6338,
55.75_37.84,2024-08-20 11:00:00,23.15,25.000841,rain,0.2,0.0,11.435313,26.28,78.96522,995.433,
55.75_37.84,2024-09-15 00:00:00,17.85,14.720991,none,0.0,0.0,15.778516,27.72,48.209156,1005.74457,
55.75_37.87,2024-05-20 00:00:00,10.3,7.722516,none,0.0,0.0,9.6932955,18.0,70.8998,998.69037,
55.75_37.87,2024-08-14 21:00:00,15.7,13.584217,none,0.0,0.0,11.27553,22.68,61.00497,994.1807,
55.75_37.87,2024-09-12 08:00:00,18.15,16.44217,none,0.0,0.0,14.88242,26.28,65.150795,999.614,
55.75_37.88,2024-05-18 01:00:00,10.4,7.250285,none,0.0,0.0,13.397612,25.919998,69.697685,1000.2565,
55.75_37.89,2024-08-22 03:00:00,14.1,12.416721,none,0.0,0.0,12.245293,20.519999,77.89007,997.61285,
55.76_37.23,2024-07-17 12:00:00,27.4,29.942245,none,0.0,0.0,5.00128,19.08,48.391655,1001.2563,
55.76_37.23,2024-09-08 15:00:00,23.75,23.19204,none,0.0,0.0,5.4119864,15.4800005,43.93566,1010.0447,
55.76_37.34,2024-08-06 15:00:00,23.35,23.484833,none,0.0,0.0,6.638072,18.0,53.758945,988.7265,
55.76_37.35,2024-08-31 07:00:00,16.25,16.268557,none,0.0,0.0,8.427383,17.64,85.69786,1006.5565,
55.76_37.37,2024-05-09 03:00:00,-1.35,-6.8738933,none,0.0,1.0,18.947083,34.2,77.363365,997.3016,
55.76_37.37,2024-05-29 07:00:00,17.05,17.394337,none,0.0,0.0,3.2399998,10.440001,75.074356,999.0821,
55.76_37.37,2024-06-19 21:00:00,21.35,20.681784,none,0.0,0.0,15.379206,25.919998,66.04717,989.9374,
55.76_37.37,2024-08-31 12:00:00,24.4,24.575136,none,0.0,0.0,11.457958,25.56,52.475925,1005.84656,
55.76_37.37,2024-09-12 04:00:00,16.7,15.435617,none,0.0,0.0,11.631956,19.8,70.92655,993.7282,
55.76_37.4,2024-09-03 09:00:00,18.65,18.717041,none,0.0,0.0,6.763786,16.56,71.06105,1004.2988,
55.76_37.4,2024-09-24 08:00:00,7.3,4.677314,none,0.0,0.0,7.8954163,14.04,78.18148,1000.3063,
55.76_37.41,2024-05-17 13:00:00,19.15,17.385399,none,0.0,0.0,16.24394,33.839996,49.733196,994.75726,
55.76_37.41,2024-05-25 00:00:00,12.0,8.742374,none,0.0,0.0,11.525623,19.8,54.868168,1009.46313,
55.76_37.41,2024-06-09 14:00:00,21.3,20.986076,none,0.0,0.0,8.12197,21.96,39.58314,988.4162,
55.76_37.41,2024-06-14 21:00:00,17.65,18.106346,none,0.0,0.0,6.162207,8.64,79.96248,991.8097,
55.76_37.41,2024-09-04 10:00:00,18.35,18.066748,none,0.0,0.0,13.661038,28.44,81.35708,1006.7011,
55.76_37.41,2024-09-17 16:00:00,24.1,22.905247,none,0.0,0.0,6.28713,15.4800005,38.134716,1011.2764,
55.76_37.41,2024-09-18 13:00:00,22.95,22.186764,none,0.0,0.0,3.5455887,14.04,40.052456,1010.9896,
55.76_37.42,2024-06-16 19:00:00,20.55,19.837263,rain,0.4,0.0,15.94601,29.88,69.82453,992.4396,
55.76_37.42,2024-07-16 13:00:00,28.0,30.690937,none,0.0,0.0,8.0899935,22.68,55.44754,995.57263,
55.76_37.46,2024-07-09 21:00:00,22.85,23.050196,none,0.0,0.0,16.327497,30.239998,70.70843,1006.2457,
55.76_37.48,2024-06-10 21:00:00,16.75,16.92066,none,0.0,0.0,10.948973,23.759998,90.86852,994.8459,
55.76_37.49,2024-05-30 08:00:00,23.65,23.699821,none,0.0,0.0,7.10031,16.919998,52.623642,999.45374,
55.76_37.49,2024-07-10 13:00:00,26.2,25.59949,none,0.0,0.0,16.327497,33.839996,41.101837,1009.1221,
55.76_37.51,2024-08-05 15:00:00,23.25,22.357199,none,0.0,0.0,10.691453,21.24,49.67347,991.5525,
55.76_37.51,2024-09-23 20:00:00,8.5,6.02034,none,0.0,0.0,6.9153743,10.799999,72.05305,1007.11774,
55.76_37.51,2024-09-25 08:00:00,13.45,10.223948,none,0.0,0.0,13.558673,24.84,56.023636,1006.3716,
55.76_37.52,2024-06-03 02:00:00,17.85,18.993904,none,0.0,0.0,8.707238,14.04,93.877716,994.4023,
55.76_37.52,2024-06-09 19:00:00,20.35,17.729406,none,0.0,0.0,11.966954,25.199999,40.68923,992.6009,
55.76_37.52,2024-06-20 08:00:00,22.25,22.68658,none,0.0,0.0,16.516901,39.239998,76.160965,986.05225,
55.76_37.52,2024-07-01 16:00:00,30.4,30.44682,none,0.0,0.0,9.9571085,21.96,36.449497,994.7727,
55.76_37.52,2024-07-22 17:00:00,19.2,19.596598,rain,0.9,0.0,12.397806,36.0,83.571045,994.18506,
55.76_37.52,2024-07-25 19:00:00,23.55,23.178963,none,0.0,0.0,5.8048253,16.56,46.89023,992.6258,
55.76_37.52,2024-08-12 10:00:00,15.9,13.308752,none,0.0,0.0,20.945072,39.96,75.12931,987.0491,
55.76_37.52,2024-08-13 09:00:00,16.45,14.7472515,none,0.0,0.0,16.489416,35.64,76.21723,989.09186,
55.76_37.52,2024-08-26 12:00:00,25.9,28.108082,none,0.0,0.0,4.8433046,15.119999,57.246094,1004.9557,
55.76_37.54,2024-09-26 09:00:00,15.45,10.797534,none,0.0,0.0,18.540874,31.68,37.75552,1003.04297,
55.76_37.55,2024-05-26 16:00:00,22.55,22.052443,none,0.0,0.0,12.413476,27.359999,55.878162,1007.94385,
55.76_37.55,2024-05-28 08:00:00,20.0,18.58557,none,0.0,0.0,6.9899354,17.64,47.496258,1007.6416,
55.76_37.55,2024-06-17 12:00:00,22.5,23.257736,rain,0.4,0.0,20.957443,32.039997,85.25595,993.60223,
55.76_37.55,2024-06-28 15:00:00,26.05,27.955688,none,0.0,0.0,4.198285,14.4,46.8019,1000.8447,
55.76_37.55,2024-07-10 13:00:00,26.25,25.59722,none,0.0,0.0,16.418526,32.399998,40.57738,1006.83124,
55.76_37.55,2024-09-05 18:00:00,16.65,15.258953,none,0.0,0.0,6.5693827,15.84,58.007084,1014.5442,
55.76_37.55,2024-10-09 18:00:00,6.5,3.2162228,none,0.0,0.0,11.19189,19.08,77.23215,998.30225,
55.76_37.56,2024-05-19 23:00:00,10.7,7.7857723,none,0.0,0.0,11.928989,18.72,68.79549,999.1419,
55.76_37.56,2024-05-25 21:00:00,16.8,14.068964,none,0.0,0.0,9.178235,13.679999,43.01392,1006.5226,
55.76_37.56,2024-06-04 11:00:00,22.75,21.264067,none,0.0,0.0,19.562946,37.079998,56.110245,991.39777,
55.76_37.56,2024-06-07 18:00:00,21.75,19.02455,none,0.0,0.0,22.932877,42.839996,53.878113,991.76196,
55.76_37.56,2024-07-14 11:00:00,27.95,31.11726,none,0.0,0.0,3.7585104,16.56,54.571354,994.0362,
55.76_37.56,2024-07-23 10:00:00,21.3,20.109707,none,0.0,0.0,14.658676,28.08,54.29782,996.4495,
55.76_37.56,2024-07-31 23:00:00,15.0,14.126762,none,0.0,0.0,14.05845,23.4,91.63964,984.68823,
55.76_37.56,2024-08-03 12:00:00,21.75,22.728659,rain,0.1,0.0,10.308831,22.68,67.41669,985.8061,
55.76_37.56,2024-08-29 16:00:00,25.05,24.040873,none,0.0,0.0,7.9932966,16.919998,39.973885,1009.1911,
55.76_37.56,2024-09-13 22:00:00,18.75,16.688059,none,0.0,0.0,13.755579,21.24,55.846992,1004.8183,
55.76_37.56,2024-10-01 21:00:00,11.75,8.959494,none,0.0,0.0,14.869351,24.84,75.701675,1001.6426,
55.76_37.57,2024-05-25 17:00:00,23.1,19.01871,none,0.0,0.0,15.484185,28.8,24.74268,1007.8899,
55.76_37.57,2024-06-26 14:00:00,21.85,18.61563,none,0.0,0.0,24.975283,43.199997,48.64656,993.38885,
55.76_37.57,2024-07-03 15:00:00,28.95,28.296307,none,0.0,0.0,21.322214,59.399998,45.360764,987.8987,
55.76_37.58,2024-05-27 19:00:00,21.55,19.18173,none,0.0,0.0,6.4096174,13.679999,31.548931,1009.0418,
55.76_37.58,2024-07-05 23:00:00,19.85,21.236738,rain,0.6,0.0,11.252519,20.16,90.50394,987.68646,
55.76_37.59,2024-05-16 08:00:00,14.0,11.9041,none,0.0,0.0,10.446206,21.96,66.238464,1006.248,
55.76_37.59,2024-06-09 22:00:00,15.65,13.805376,none,0.0,0.0,9.504272,14.04,61.408466,991.3125,
55.76_37.59,2024-06-12 13:00:00,24.45,27.425062,rain,0.1,0.0,8.669949,31.319998,74.6309,991.07654,
55.76_37.59,2024-09-13 09:00:00,20.65,18.039099,none,0.0,0.0,18.892282,32.039997,52.01381,1004.1948,
55.76_37.59,2024-09-19 18:00:00,16.3,14.843239,none,0.0,0.0,9.227524,20.16,64.314026,1008.59076,
55.76_37.6,2024-05-15 15:00:00,16.1,13.621542,none,0.0,0.0,2.5959969,13.32,33.21159,1005.74506,
55.76_37.6,2024-06-20 12:00:00,23.5,24.258287,rain,0.2,0.0,20.163212,38.88,74.00932,980.1034,
55.76_37.6,2024-06-23 18:00:00,21.0,19.296223,none,0.0,0.0,9.422101,15.84,45.41686,988.77094,
55.76_37.6,2024-07-16 23:00:00,21.45,24.301804,none,0.0,0.0,4.5820518,7.2,87.57006,998.6953,
55.76_37.6,2024-08-03 23:00:00,15.2,15.431501,none,0.0,0.0,6.725354,11.879999,91.058876,987.0755,
55.76_37.6,2024-08-06 21:00:00,18.1,18.440865,none,0.0,0.0,6.9527545,9.72,77.73006,990.19293,
55.76_37.6,2024-08-09 14:00:00,21.35,20.90377,none,0.0,0.0,11.720751,23.039999,62.514523,993.65393,
55.76_37.6,2024-08-12 16:00:00,19.1,15.324728,none,0.0,0.0,22.473343,40.32,48.88342,984.05505,
55.76_37.6,2024-09-19 17:00:00,18.4,16.497723,none,0.0,0.0,12.661564,24.119999,57.083847,1008.03735,
55.76_37.6,2024-09-28 21:00:00,17.6,17.011818,none,0.0,0.0,16.951565,33.12,87.78416,994.54144,
55.76_37.6,2024-10-05 00:00:00,10.9,9.379257,none,0.0,0.0,10.934166,18.72,95.44429,994.3585,
55.76_37.61,2024-06-16 01:00:00,15.6,15.146198,none,0.0,0.0,7.7043357,11.5199995,79.93898,997.3527,
55.76_37.61,2024-07-07 04:00:00,13.35,12.576197,none,0.0,0.0,6.1094027,10.08,82.05296,1003.3581,
55.76_37.61,2024-08-18 15:00:00,26.35,25.943874,none,0.0,0.0,13.044722,23.759998,48.267376,990.72266,
55.76_37.61,2024-09-07 21:00:00,20.25,19.502436,none,0.0,0.0,2.5959969,3.2399998,47.08504,1011.6637,
55.76_37.61,2024-09-12 00:00:00,19.0,16.867275,none,0.0,0.0,14.336861,22.68,55.1665,998.7205,
55.76_37.62,2024-05-17 04:00:00,9.3,8.092767,none,0.0,0.0,6.489992,7.92,97.99972,998.35364,
55.76_37.62,2024-05-22 14:00:00,21.1,18.51756,none,0.0,0.0,17.072504,32.760002,33.004944,1004.6265,
55.76_37.62,2024-06-05 16:00:00,26.3,25.311842,none,0.0,0.0,9.3876505,20.16,39.013298,991.78326,
55.76_37.62,2024-06-11 13:00:00,24.6,25.011086,rain,0.4,0.0,24.57511,51.839996,72.597885,986.92163,
55.76_37.62,2024-06-22 19:00:00,19.95,18.79877,none,0.0,0.0,8.287822,20.16,53.23548,992.2667,
55.76_37.62,2024-06-26 08:00:00,18.7,16.45291,none,0.0,0.0,19.008547,32.760002,63.780964,994.5135,
55.76_37.62,2024-06-27 18:00:00,23.45,22.471207,none,0.0,0.0,12.979984,25.56,51.5518,997.28174,
55.76_37.62,2024-07-08 17:00:00,27.65,26.667416,none,0.0,0.0,9.028754,20.519999,35.681866,1001.9967,
55.76_37.62,2024-07-27 05:00:00,12.6,12.420418,none,0.0,0.0,6.162207,9.72,98.050545,997.4454,
55.76_37.62,2024-08-26 13:00:00,26.95,29.202915,none,0.0,0.0,3.5455887,13.679999,52.960148,1003.545,
55.76_37.62,2024-09-26 22:00:00,17.0,12.485157,none,0.0,0.0,21.136784,34.92,41.88016,999.9677,
55.76_37.63,2024-07-07 23:00:00,19.05,18.227898,none,0.0,0.0,8.699793,14.04,61.37981,1004.5196,
55.76_37.63,2024-07-11 22:00:00,19.35,18.43764,none,0.0,0.0,6.849467,11.879999,55.625954,1004.2853,
55.76_37.63,2024-07-27 04:00:00,12.65,12.4935665,none,0.0,0.0,5.4477882,5.7599998,96.13613,996.79736,
55.76_37.63,2024-10-11 01:00:00,8.55,5.009019,none,0.0,0.0,16.895088,27.72,81.992516,996.64526,
55.76_37.64,2024-05-17 13:00:00,19.3,17.70014,none,0.0,0.0,15.893093,29.88,49.104115,995.9797,
55.76_37.64,2024-06-19 17:00:00,24.8,23.592386,none,0.0,0.0,13.854155,26.28,46.615253,994.22473,
55.76_37.64,2024-06-24 18:00:00,19.7,17.634003,none,0.0,0.0,13.684735,24.84,52.46259,990.68195,
55.76_37.64,2024-09-27 14:00:00,18.5,13.1695385,none,0.0,0.0,32.619255,54.36,49.72593,992.2889,
55.76_37.65,2024-06-21 12:00:00,19.55,15.918201,none,0.0,0.0,25.199997,46.8,54.390793,990.18176,
55.76_37.65,2024-07-20 17:00:00,23.8,22.730106,rain,0.1,0.0,14.658676,27.0,51.98104,989.05817,
55.76_37.65,2024-07-29 12:00:00,19.1,18.75435,rain,0.7,0.0,19.35314,32.760002,87.63734,980.7356,
55.76_37.65,2024-10-02 16:00:00,19.2,16.153738,none,0.0,0.0,15.696165,27.0,45.222523,998.4605,
55.76_37.66,2024-05-17 14:00:00,19.55,17.5322,none,0.0,0.0,16.676977,30.599998,46.257576,997.94977,
55.76_37.66,2024-05-31 08:00:00,21.25,21.365896,none,0.0,0.0,4.6800003,13.679999,57.59709,997.62524,
55.76_37.66,2024-06-18 17:00:00,22.35,21.4686,rain,0.3,0.0,23.157824,38.16,71.970894,989.09863,
55.76_37.66,2024-07-12 10:00:00,25.8,26.018421,none,0.0,0.0,7.342588,20.16,39.00222,1002.2708,
55.76_37.66,2024-07-22 19:00:00,19.25,20.655457,none,0.0,0.0,6.763786,17.64,85.728264,993.19916,
55.76_37.66,2024-08-02 23:00:00,15.45,15.200081,none,0.0,0.0,9.422101,15.119999,88.16475,984.4837,
55.76_37.66,2024-09-07 14:00:00,22.75,23.00181,none,0.0,0.0,0.35999998,10.08,44.098034,1012.46857,
55.76_37.66,2024-09-10 17:00:00,23.0,20.086779,none,0.0,0.0,20.957443,34.92,45.060898,999.4341,
55.76_37.66,2024-09-14 18:00:00,22.7,20.45719,none,0.0,0.0,13.570615,27.72,41.636395,1005.47284,
55.76_37.68,2024-09-16 07:00:00,14.15,13.049219,none,0.0,0.0,7.172949,13.679999,74.83397,1010.82733,
55.76_37.69,2024-05-15 08:00:00,11.45,9.812029,none,0.0,0.0,2.7416782,11.5199995,64.104034,1010.3341,
55.76_37.69,2024-07-06 23:00:00,15.45,13.99605,none,0.0,0.0,9.114471,11.5199995,67.67616,1002.3752,
55.76_37.69,2024-09-27 13:00:00,18.0,13.109566,none,0.0,0.0,28.50884,52.199997,49.08391,994.83875,
55.76_37.69,2024-10-06 09:00:00,7.3,4.753933,none,0.0,0.0,9.403169,18.0,86.52369,1004.8333,
55.76_37.7,2024-06-21 17:00:00,20.75,17.55597,none,0.0,0.0,21.129883,37.44,48.67378,992.39294,
55.76_37.7,2024-06-25 14:00:00,22.15,19.878874,none,0.0,0.0,23.863409,42.839996,51.379665,996.24066,
55.76_37.7,2024-08-14 17:00:00,20.35,17.295834,none,0.0,0.0,17.87718,35.64,45.853897,995.27405,
55.76_37.7,2024-08-28 09:00:00,21.15,22.362053,none,0.0,0.0,12.287555,24.48,83.26905,1007.66064,
55.76_37.71,2024-08-11 15:00:00,19.55,16.5219,none,0.0,0.0,19.242327,36.36,51.031876,985.7364,
55.76_37.71,2024-08-24 11:00:00,19.5,19.066973,none,0.0,0.0,10.308831,22.68,67.61312,1001.378,
55.76_37.71,2024-09-27 19:00:00,14.55,10.153184,rain,0.9,0.0,32.587955,55.44,80.05689,993.1624,
55.76_37.72,2024-05-17 11:00:00,17.9,16.72811,rain,0.1,0.0,11.792404,25.56,60.90814,997.499,
55.76_37.72,2024-06-06 08:00:00,19.7,21.584974,rain,0.3,0.0,2.1897945,18.72,81.0132,990.28284,
55.76_37.72,2024-08-31 17:00:00,23.95,24.42752,none,0.0,0.0,6.6185193,13.679999,55.147,1006.4667,
55.76_37.73,2024-09-11 12:00:00,23.7,21.625023,none,0.0,0.0,18.723461,37.079998,47.39783,997.08636,
55.76_37.74,2024-07-25 11:00:00,23.25,24.635141,none,0.0,0.0,7.928177,24.48,61.940548,990.82275,
55.76_37.74,2024-10-05 21:00:00,9.2,6.554143,none,0.0,0.0,12.0720825,20.880001,83.21477,1000.2889,
55.76_37.75,2024-08-30 15:00:00,23.5,23.267857,none,0.0,0.0,7.8625183,20.519999,50.562374,1008.2893,
55.76_37.75,2024-10-08 20:00:00,12.4,11.579617,none,0.0,0.0,9.236298,18.359999,95.49649,988.7861,
55.76_37.76,2024-07-15 10:00:00,27.15,30.7318,none,0.0,0.0,3.0758414,15.84,63.9904,995.7314,
55.76_37.76,2024-07-16 15:00:00,29.2,29.681538,none,0.0,0.0,11.592895,25.199999,45.573273,998.1512,
55.76_37.76,2024-10-02 21:00:00,12.2,9.280958,none,0.0,0.0,12.330985,22.319998,63.38883,999.15466,
55.76_37.77,2024-08-09 20:00:00,16.35,16.58766,none,0.0,0.0,6.924738,11.159999,85.153786,993.7501,
55.76_37.77,2024-08-14 18:00:00,18.7,16.05035,none,0.0,0.0,14.84318,30.239998,50.28998,993.5053,
55.76_37.77,2024-08-29 20:00:00,18.25,17.671112,none,0.0,0.0,9.227524,15.119999,68.92389,1006.55554,
55.76_37.78,2024-05-31 22:00:00,19.2,19.616323,none,0.0,0.0,3.5455887,7.2,67.11188,997.2494,
55.76_37.78,2024-07-22 03:00:00,15.25,16.245138,none,0.0,0.0,4.510787,7.5599995,98.08998,990.85254,
55.76_37.78,2024-08-22 01:00:00,15.0,13.267849,none,0.0,0.0,12.979984,21.599998,74.48025,997.4141,
55.76_37.78,2024-09-15 18:00:00,21.8,20.144798,none,0.0,0.0,7.754637,15.4800005,41.101807,1007.3903,
55.76_37.79,2024-06-25 12:00:00,21.65,19.952154,none,0.0,0.0,22.35481,44.639996,54.92656,993.7991,
55.76_37.79,2024-09-02 06:00:00,14.1,13.70393,none,0.0,0.0,7.2,11.5199995,87.7583,1007.3401,
55.76_37.8,2024-06-07 10:00:00,21.8,21.208948,rain,0.1,0.0,18.59845,39.239998,70.28747,989.4098,
55.76_37.8,2024-10-05 23:00:00,8.8,6.7543926,none,0.0,0.0,7.562142,15.84,84.03076,999.5466,
55.76_37.82,2024-06-09 10:00:00,20.05,19.617693,none,0.0,0.0,9.659814,24.84,49.307686,990.8535,
55.76_37.83,2024-05-27 15:00:00,21.85,20.83897,none,0.0,0.0,7.5170207,21.96,34.63379,1008.1063,
55.76_37.83,2024-08-01 08:00:00,16.65,15.201672,none,0.0,0.0,16.923828,30.960001,80.08455,983.1324,
55.76_37.84,2024-05-31 09:00:00,25.5,26.242647,none,0.0,0.0,4.829907,15.119999,44.419636,996.8718,
55.76_37.84,2024-06-03 21:00:00,19.3,17.836258,none,0.0,0.0,14.84318,25.919998,63.7043,987.8956,
55.76_37.84,2024-07-08 18:00:00,27.15,26.449392,none,0.0,0.0,8.587338,20.519999,38.48333,1000.8022,
55.76_37.84,2024-07-12 07:00:00,20.95,20.694506,none,0.0,0.0,8.4963045,19.44,60.817516,1002.9194,
55.76_37.84,2024-08-08 21:00:00,17.8,18.350735,none,0.0,0.0,7.42159,11.879999,83.14084,991.1374,
55.76_37.84,2024-09-14 03:00:00,14.5,12.371693,none,0.0,0.0,12.074766,20.519999,67.707504,1005.20874,
55.76_37.84,2024-10-11 22:00:00,9.05,5.0403996,none,0.0,0.0,20.87379,36.719997,82.05742,996.8935,
55.77_37.25,2024-06-27 21:00:00,18.2,18.004797,none,0.0,0.0,8.209263,13.679999,72.38154,999.7537,
55.77_37.37,2024-10-01 18:00:00,13.0,10.048075,none,0.0,0.0,17.1,30.239998,72.88841,1002.21466,
55.77_37.41,2024-08-18 19:00:00,22.95,24.752476,none,0.0,0.0,5.1919937,13.679999,70.059586,992.01764,
55.77_37.41,2024-08-27 15:00:00,27.85,28.42054,none,0.0,0.0,7.628263,17.64,45.64633,1004.69293,
55.77_37.41,2024-08-28 14:00:00,24.85,25.927435,none,0.0,0.0,12.413476,26.64,65.524765,1008.07837,
55.77_37.41,2024-10-04 11:00:00,13.0,9.617778,none,0.0,0.0,13.104198,26.28,53.41567,996.5448,
55.77_37.42,2024-05-25 16:00:00,22.9,19.702454,none,0.0,0.0,14.154915,29.519999,26.137886,1009.04755,
55.77_37.42,2024-08-27 11:00:00,26.05,28.65723,none,0.0,0.0,4.68,13.679999,63.753475,1006.93225,
55.77_37.47,2024-08-02 12:00:00,20.3,18.848753,rain,0.1,0.0,16.92383,32.399998,62.073494,984.27374,
55.77_37.48,2024-05-21 14:00:00,17.7,17.518862,rain,0.1,0.0,9.793058,29.16,78.1755,999.8089,
55.77_37.48,2024-09-04 17:00:00,20.5,17.03984,none,0.0,0.0,18.86139,33.48,42.296574,1009.87537,
55.77_37.49,2024-06-07 19:00:00,20.8,18.186445,none,0.0,0.0,21.407139,39.6,55.806614,993.7246,
55.77_37.49,2024-07-17 08:00:00,23.3,25.109655,none,0.0,0.0,6.638072,16.56,70.79212,1001.0072,
55.77_37.49,2024-09-05 11:00:00,17.1,14.303053,none,0.0,0.0,15.856356,31.319998,55.615627,1014.87494,
55.77_37.5,2024-06-29 14:00:00,28.15,30.95961,none,0.0,0.0,5.0142193,17.64,51.284435,998.1507,
55.77_37.51,2024-07-13 22:00:00,23.65,25.40903,none,0.0,0.0,6.379216,9.36,68.44491,995.9806,
55.77_37.51,2024-07-15 20:00:00,25.75,27.325441,none,0.0,0.0,10.08,20.519999,63.489117,998.6171,
55.77_37.51,2024-09-15 23:00:00,15.05,13.090109,none,0.0,0.0,8.0899935,13.32,58.404816,1009.35126,
55.77_37.52,2024-06-10 13:00:00,23.9,21.061832,rain,0.2,0.0,20.94507,33.839996,43.396477,993.6698,
55.77_37.53,2024-08-06 10:00:00,20.65,21.567265,rain,0.1,0.0,8.12197,20.16,75.184395,992.20734,
55.77_37.53,2024-10-04 14:00:00,11.0,8.282995,rain,2.0,0.0,16.203999,25.56,85.43307,994.7437,
55.77_37.54,2024-05-17 22:00:00,11.2,8.080169,none,0.0,0.0,14.007655,21.599998,68.65966,1000.55853,
55.77_37.54,2024-08-07 10:00:00,21.8,23.603268,none,0.0,0.0,4.379589,16.199999,70.28747,992.48474,
55.77_37.54,2024-08-25 11:00:00,24.3,26.303686,none,0.0,0.0,5.815978,15.84,62.57325,1002.4092,
55.77_37.54,2024-09-01 11:00:00,24.5,24.629992,none,0.0,0.0,13.779114,26.64,59.89252,1007.09204,
55.77_37.55,2024-10-04 20:00:00,10.75,8.832628,none,0.0,0.0,12.678185,21.599998,93.2281,994.6642,
55.77_37.56,2024-05-19 20:00:00,15.1,12.377676,none,0.0,0.0,11.966954,20.880001,54.911533,998.3825,
55.77_37.56,2024-06-24 11:00:00,19.4,17.553484,none,0.0,0.0,12.324414,24.48,51.509907,991.7007,
55.77_37.56,2024-08-21 22:00:00,16.6,14.652405,none,0.0,0.0,12.783802,19.8,63.52312,996.9453,
55.77_37.56,2024-09-05 13:00:00,19.7,17.174667,none,0.0,0.0,16.62249,31.68,48.224133,1013.42114,
55.77_37.57,2024-06-23 17:00:00,21.7,19.961945,none,0.0,0.0,7.6367526,14.759999,40.24275,990.1535,
55.77_37.57,2024-07-18 16:00:00,26.3,27.528345,none,0.0,0.0,4.32,16.56,51.460403,996.45294,
55.77_37.57,2024-08-02 17:00:00,21.55,20.36332,none,0.0,0.0,11.298495,23.039999,52.77092,984.0888,
55.77_37.58,2024-05-25 11:00:00,20.8,19.097273,none,0.0,0.0,11.923557,25.919998,32.118355,1010.23016,
55.77_37.58,2024-06-03 15:00:00,23.6,22.870749,rain,0.1,0.0,20.497883,39.96,58.920135,987.98865,
55.77_37.58,2024-06-27 18:00:00,24.45,22.591852,none,0.0,0.0,15.256526,27.72,43.405384,996.24567,
55.77_37.58,2024-07-14 11:00:00,27.95,31.11726,none,0.0,0.0,3.7585104,16.56,54.571354,994.71063,
55.77_37.58,2024-07-26 17:00:00,23.75,21.989069,none,0.0,0.0,6.9527545,13.679999,34.3444,994.4358,
55.77_37.58,2024-09-23 19:00:00,9.3,6.5812445,none,0.0,0.0,7.8954163,11.159999,65.90251,1004.15466,
55.77_37.58,2024-10-10 15:00:00,9.4,5.8761044,none,0.0,0.0,15.96327,27.72,74.523964,995.894,
55.77_37.59,2024-05-30 22:00:00,19.0,16.978456,none,0.0,0.0,9.0,14.4,46.42087,995.7643,
55.77_37.59,2024-05-31 16:00:00,28.45,26.399435,none,0.0,0.0,10.703569,21.96,27.940096,996.2263,
55.77_37.59,2024-06-03 14:00:00,23.05,21.895048,rain,0.5,0.0,21.767351,39.96,64.113594,987.91064,
55.77_37.59,2024-07-11 08:00:00,20.75,20.906324,none,0.0,0.0,3.396233,12.24,57.664032,1007.20154,
55.77_37.59,2024-08-17 07:00:00,17.75,17.908438,none,0.0,0.0,9.339208,18.0,81.80573,994.0786,
55.77_37.59,2024-08-31 22:00:00,17.8,17.230064,none,0.0,0.0,8.942214,13.679999,70.43715,1005.5636,
55.77_37.6,2024-05-20 14:00:00,22.25,20.133389,none,0.0,0.0,13.70839,26.64,39.449104,996.32355,
55.77_37.6,2024-06-24 16:00:00,20.55,18.27276,rain,0.1,0.0,13.084402,24.119999,46.221214,991.0479,
55.77_37.6,2024-07-01 17:00:00,30.4,30.402313,none,0.0,0.0,8.473393,21.599998,36.449497,990.7166,
55.77_37.6,2024-08-24 22:00:00,17.3,17.102547,none,0.0,0.0,9.178235,15.119999,78.62598,999.7445,
55.77_37.6,2024-09-25 00:00:00,11.7,8.476605,none,0.0,0.0,12.015589,19.44,58.17653,1002.09845,
55.77_37.6,2024-10-10 23:00:00,8.7,4.8895073,none,0.0,0.0,18.668005,29.88,80.88425,994.91785,
55.77_37.61,2024-05-23 16:00:00,19.25,16.21823,none,0.0,0.0,10.483357,22.68,28.338135,1010.1522,
55.77_37.61,2024-05-24 13:00:00,19.2,18.802011,none,0.0,0.0,4.68,17.28,35.587933,1013.9192,
55.77_37.61,2024-06-07 15:00:00,23.5,21.391016,none,0.0,0.0,23.113008,42.48,54.855927,990.23334,
55.77_37.61,2024-06-25 11:00:00,20.3,18.489155,none,0.0,0.0,20.140705,38.88,58.703903,995.17566,
55.77_37.61,2024-07-03 01:00:00,22.9,22.936512,none,0.0,0.0,12.6462,20.16,63.26586,986.1034,
55.77_37.61,2024-07-04 21:00:00,26.05,26.043047,none,0.0,0.0,17.727943,30.239998,58.380493,990.79095,
55.77_37.61,2024-07-06 02:00:00,18.2,18.343523,rain,0.1,0.0,15.856356,24.119999,92.41921,987.8608,
55.77_37.61,2024-07-06 14:00:00,22.95,19.896479,none,0.0,0.0,21.862406,38.88,37.936794,996.7291,
55.77_37.61,2024-07-08 20:00:00,25.2,26.215107,none,0.0,0.0,4.3349743,14.4,53.022163,1000.9415,
55.77_37.61,2024-08-24 16:00:00,22.4,21.526058,none,0.0,0.0,10.787993,21.599998,52.64429,1000.03143,
55.77_37.61,2024-08-28 09:00:00,22.55,23.94268,none,0.0,0.0,12.144331,23.759998,78.14349,1005.8492,
55.77_37.61,2024-08-28 12:00:00,24.9,26.357143,none,0.0,0.0,12.496719,26.28,66.781425,1006.0276,
55.77_37.61,2024-09-01 14:00:00,27.9,27.585175,none,0.0,0.0,16.595179,30.239998,46.99763,1005.7363,
55.77_37.61,2024-09-18 23:00:00,12.1,10.428231,none,0.0,0.0,8.766573,11.159999,78.640495,1010.999,
55.77_37.61,2024-10-03 09:00:00,11.1,8.492826,none,0.0,0.0,8.0599,15.119999,61.389378,999.00525,
55.77_37.62,2024-05-16 22:00:00,13.65,11.562662,none,0.0,0.0,13.746156,26.28,76.784935,1001.0309,
55.77_37.62,2024-05-22 11:00:00,19.75,17.475735,none,0.0,0.0,15.683774,30.239998,40.798496,1005.1591,
55.77_37.62,2024-07-10 20:00:00,23.25,21.0565,none,0.0,0.0,12.144331,27.0,38.67236,1006.37286,
55.77_37.62,2024-07-20 22:00:00,18.15,18.824837,none,0.0,0.0,6.439876,9.72,81.069786,991.30865,
55.77_37.62,2024-07-26 23:00:00,15.8,15.128929,none,0.0,0.0,6.725354,10.440001,73.14762,996.79266,
55.77_37.62,2024-08-07 10:00:00,21.8,23.603268,none,0.0,0.0,4.379589,16.199999,70.28747,991.68304,
55.77_37.62,2024-09-01 13:00:00,27.1,27.196571,none,0.0,0.0,15.778518,29.16,50.850258,1006.56934,
55.77_37.62,2024-09-26 12:00:00,17.85,13.324257,none,0.0,0.0,19.083395,33.839996,35.321922,1002.3802,
55.77_37.62,2024-09-26 19:00:00,17.95,13.06761,none,0.0,0.0,20.343185,32.760002,32.679756,1000.5186,
55.77_37.63,2024-08-30 20:00:00,18.25,17.648933,none,0.0,0.0,9.605998,12.24,69.3775,1006.4777,
55.77_37.64,2024-05-14 11:00:00,9.45,6.6170883,rain,0.1,0.0,6.87779,16.199999,58.855762,1003.22003,
55.77_37.64,2024-07-27 02:00:00,14.9,14.1299515,none,0.0,0.0,7.928177,9.0,78.79112,995.87616,
55.77_37.64,2024-08-21 13:00:00,22.45,22.078922,none,0.0,0.0,10.8955765,23.4,50.784477,998.4166,
55.77_37.64,2024-09-30 10:00:00,12.2,9.083832,none,0.0,0.0,16.021011,28.44,70.29653,1004.42163,
55.77_37.65,2024-07-09 18:00:00,29.4,27.942947,none,0.0,0.0,14.529915,27.359999,34.547874,1002.0117,
55.77_37.65,2024-07-25 09:00:00,22.25,23.360865,none,0.0,0.0,7.5942082,22.68,69.042114,991.2849,
55.77_37.65,2024-07-27 21:00:00,22.05,20.44988,none,0.0,0.0,17.015474,25.56,55.753284,995.4973,
55.77_37.65,2024-08-09 09:00:00,18.35,18.818935,rain,0.1,0.0,8.766573,20.880001,81.88154,993.8493,
55.77_37.65,2024-08-27 09:00:00,22.75,25.368956,none,0.0,0.0,4.2136917,11.879999,77.92875,1004.86926,
55.77_37.65,2024-09-24 18:00:00,15.25,12.315102,none,0.0,0.0,11.27553,17.64,49.17741,1003.0864,
55.77_37.65,2024-09-25 19:00:00,18.45,14.91552,none,0.0,0.0,17.84271,28.08,45.011826,1002.16284,
55.77_37.65,2024-09-26 10:00:00,16.55,11.828253,none,0.0,0.0,19.649702,34.2,36.610996,1001.597,
55.77_37.66,2024-06-30 14:00:00,29.55,30.937946,none,0.0,0.0,12.599999,27.359999,45.09044,996.0224,
55.77_37.66,2024-07-09 20:00:00,24.9,24.368374,none,0.0,0.0,19.586117,39.96,60.17651,1002.8051,
55.77_37.67,2024-07-30 14:00:00,22.5,21.310024,rain,0.2,0.0,13.32,24.119999,47.385124,981.6702,
55.77_37.68,2024-07-21 15:00:00,22.9,22.767647,rain,0.1,0.0,11.440978,28.08,59.709488,991.43036,
55.77_37.68,2024-08-13 18:00:00,19.05,16.732166,none,0.0,0.0,18.218275,33.12,59.973335,990.1336,
55.77_37.68,2024-09-23 13:00:00,13.75,10.967332,none,0.0,0.0,5.495161,16.919998,41.53155,1006.5981,
55.77_37.69,2024-06-03 23:00:00,17.2,16.17141,none,0.0,0.0,12.313894,22.319998,73.63705,990.4304,
55.77_37.69,2024-07-14 22:00:00,24.6,27.16488,none,0.0,0.0,3.6179552,9.36,68.41651,997.6296,
55.77_37.69,2024-09-12 13:00:00,24.75,22.131987,none,0.0,0.0,19.228851,34.2,40.96783,1001.89355,
55.77_37.69,2024-10-07 21:00:00,12.6,11.967318,none,0.0,0.0,7.2,12.24,92.09628,989.58405,
55.77_37.7,2024-06-06 07:00:00,19.7,21.584974,rain,0.3,0.0,2.1897945,18.72,81.0132,990.16766,
55.77_37.7,2024-08-20 08:00:00,19.5,21.666357,rain,0.7,0.0,6.696387,12.24,93.9522,996.25665,
55.77_37.7,2024-09-25 19:00:00,18.45,14.91552,none,0.0,0.0,17.84271,28.08,45.011826,1002.16284,
55.77_37.7,2024-10-08 18:00:00,12.6,11.492643,none,0.0,0.0,11.638917,20.519999,95.503395,988.16986,
55.77_37.71,2024-07-12 16:00:00,28.0,26.427387,none,0.0,0.0,9.605998,21.24,31.104065,1000.542,
55.77_37.72,2024-06-27 13:00:00,24.05,21.456665,none,0.0,0.0,19.469976,38.519997,43.294125,995.7464,
55.77_37.73,2024-07-14 10:00:00,27.05,29.96302,none,0.0,0.0,2.5455842,13.32,58.433468,993.9824,
55.77_37.74,2024-06-01 10:00:00,25.85,25.514305,none,0.0,0.0,10.787993,23.759998,45.694275,996.636,
55.77_37.74,2024-07-04 16:00:00,31.55,31.476982,none,0.0,0.0,10.464797,22.68,35.37281,991.4338,
55.77_37.75,2024-05-10 16:00:00,10.65,5.6513786,none,0.0,0.0,21.434364,48.239998,53.354496,990.2672,
55.77_37.75,2024-06-26 12:00:00,21.3,19.2011,none,0.0,0.0,21.175835,42.48,49.15025,993.32306,
55.77_37.75,2024-08-18 16:00:00,26.15,26.074358,none,0.0,0.0,11.808878,23.759998,50.11664,992.40125,
55.77_37.75,2024-09-24 13:00:00,18.15,14.509869,none,0.0,0.0,15.137133,31.68,38.950203,1004.6803,
55.77_37.81,2024-08-27 18:00:00,26.1,29.608665,none,0.0,0.0,4.510787,8.64,71.74643,1002.34235,
55.77_37.81,2024-10-01 09:00:00,11.05,7.2856255,none,0.0,0.0,19.662888,38.16,73.28378,1004.6491,
55.77_37.82,2024-05-25 02:00:00,10.4,7.0427094,none,0.0,0.0,9.83268,17.28,53.09628,1012.7439,
55.77_37.82,2024-06-08 17:00:00,22.0,19.043888,none,0.0,0.0,11.983188,22.68,33.146904,991.4971,
55.77_37.82,2024-08-05 08:00:00,17.65,18.420292,none,0.0,0.0,7.10031,17.28,86.39305,987.8086,
55.77_37.82,2024-08-06 19:00:00,21.8,22.275003,none,0.0,0.0,6.519877,15.4800005,62.615765,991.4033,
55.77_37.82,2024-08-24 13:00:00,21.25,20.496603,none,0.0,0.0,12.144331,25.56,60.098553,1001.5787,
55.77_37.82,2024-08-29 21:00:00,18.25,17.671112,none,0.0,0.0,9.227524,15.119999,68.92389,1008.32104,
55.77_37.82,2024-09-05 20:00:00,14.9,13.488079,none,0.0,0.0,7.342588,11.5199995,66.43116,1012.84204,
55.77_37.82,2024-10-01 09:00:00,9.5,5.5238876,none,0.0,0.0,19.879206,37.44,76.90568,1006.2459,
55.77_37.83,2024-05-22 16:00:00,21.1,17.276295,none,0.0,0.0,14.264361,28.08,28.860727,1003.71466,
55.77_37.83,2024-09-10 09:00:00,18.7,18.22458,none,0.0,0.0,10.483357,21.96,70.83918,1000.1447,
55.77_37.83,2024-09-21 14:00:00,21.05,18.574099,none,0.0,0.0,19.296133,37.079998,52.99113,998.44476,
55.77_37.84,2024-05-20 13:00:00,22.05,20.517433,none,0.0,0.0,12.864649,27.0,41.452793,997.41003,
55.77_37.84,2024-06-05 20:00:00,22.9,23.955797,none,0.0,0.0,6.6087217,7.92,64.69839,989.50934,
55.77_37.84,2024-08-08 18:00:00,20.9,21.378847,none,0.0,0.0,8.557102,19.8,69.667595,991.3345,
55.77_37.84,2024-10-11 19:00:00,9.65,5.741126,none,0.0,0.0,20.81239,36.36,81.01394,996.9025,
55.78_37.26,2024-09-15 16:00:00,25.25,22.52925,none,0.0,0.0,10.799999,26.28,27.827377,1009.0367,
55.78_37.27,2024-05-22 17:00:00,20.65,17.19291,none,0.0,0.0,12.819235,26.64,31.514229,1002.8563,
55.78_37.35,2024-07-03 18:00:00,28.95,28.490929,none,0.0,0.0,18.775303,39.239998,47.128407,987.12726,
55.78_37.35,2024-10-02 10:00:00,13.55,10.331337,none,0.0,0.0,13.3649235,26.64,55.273373,1001.5319,
55.78_37.36,2024-08-27 08:00:00,19.65,22.378426,none,0.0,0.0,0.5091169,7.2,88.798325,1004.4818,
55.78_37.37,2024-05-09 05:00:00,-1.65,-7.1396995,none,0.0,1.0,18.075441,33.839996,74.15523,999.376,
55.78_37.37,2024-05-30 00:00:00,17.9,17.187296,none,0.0,0.0,7.9526596,13.32,65.96413,995.0214,
55.78_37.37,2024-07-01 09:00:00,26.85,27.879807,none,0.0,0.0,6.489992,15.84,50.78521,993.0978,
55.78_37.37,2024-08-17 04:00:00,13.4,13.0644,none,0.0,0.0,7.5685663,12.599999,93.97784,995.6249,
55.78_37.37,2024-08-22 21:00:00,19.55,18.160013,none,0.0,0.0,13.237038,28.08,60.690002,993.7591,
55.78_37.37,2024-08-31 19:00:00,20.4,19.857183,none,0.0,0.0,10.00256,16.919998,62.096302,1004.5597,
55.78_37.37,2024-10-01 05:00:00,7.1,2.553566,none,0.0,0.0,21.492483,39.6,80.946465,1004.8962,
55.78_37.37,2024-10-08 18:00:00,12.45,11.648515,none,0.0,0.0,9.432412,19.8,96.130196,986.3173,
55.78_37.4,2024-05-20 14:00:00,22.1,20.809013,none,0.0,0.0,12.43434,27.359999,40.493813,997.6598,
55.78_37.4,2024-10-10 21:00:00,8.8,5.1892824,none,0.0,0.0,17.448862,31.319998,80.89796,994.43494,
55.78_37.44,2024-06-17 19:00:00,19.85,21.468468,rain,0.9,0.0,11.090103,30.960001,93.09112,993.7312,
55.78_37.44,2024-08-18 12:00:00,24.05,24.300417,none,0.0,0.0,16.1198,36.36,65.771286,994.9472,
55.78_37.44,2024-09-26 20:00:00,17.75,12.861765,none,0.0,0.0,21.447208,38.16,35.292847,1001.89026,
55.78_37.45,2024-07-13 12:00:00,25.8,27.814262,none,0.0,0.0,9.585739,23.4,63.699337,997.6204,
55.78_37.45,2024-07-15 17:00:00,27.45,28.89492,none,0.0,0.0,13.527572,29.88,60.384407,997.53687,
55.78_37.46,2024-05-21 21:00:00,16.15,15.776897,none,0.0,0.0,6.489992,11.879999,75.66857,1000.9623,
55.78_37.46,2024-05-28 14:00:00,24.45,24.524178,none,0.0,0.0,5.8603754,18.0,36.842106,1005.38416,
55.78_37.46,2024-06-09 06:00:00,13.5,12.462467,none,0.0,0.0,9.449572,18.72,85.411896,993.01904,
55.78_37.46,2024-06-11 13:00:00,24.4,24.474627,rain,0.3,0.0,24.962307,57.96,72.11185,987.0375,
55.78_37.46,2024-07-04 21:00:00,26.05,26.112055,none,0.0,0.0,17.551615,31.68,58.75063,991.60944,
55.78_37.46,2024-07-10 17:00:00,24.7,22.340727,none,0.0,0.0,13.276144,26.64,35.445892,1006.79156,
55.78_37.46,2024-09-24 20:00:00,14.5,11.179521,none,0.0,0.0,13.849476,23.759998,51.430893,1002.58496,
55.78_37.46,2024-10-10 21:00:00,8.65,5.0222483,none,0.0,0.0,17.339897,30.960001,80.87739,996.68695,
55.78_37.47,2024-05-25 17:00:00,23.0,19.085052,none,0.0,0.0,14.764389,28.08,25.522066,1008.0981,
55.78_37.47,2024-06-05 08:00:00,20.45,20.93602,none,0.0,0.0,10.390226,21.599998,74.91182,992.1072,
55.78_37.47,2024-07-06 15:00:00,22.75,19.81286,none,0.0,0.0,21.218632,39.6,38.0091,997.389,
55.78_37.47,2024-09-27 09:00:00,17.6,12.850632,none,0.0,0.0,27.958004,48.96,51.203423,994.1673,
55.78_37.48,2024-05-21 01:00:00,14.1,11.159275,none,0.0,0.0,13.698934,23.4,59.181072,998.6352,
55.78_37.48,2024-06-28 21:00:00,21.35,21.629557,none,0.0,0.0,6.989936,10.440001,62.92131,998.1737,
55.78_37.48,2024-07-28 20:00:00,19.25,20.496546,none,0.0,0.0,6.5693827,13.32,83.31122,991.7136,
55.78_37.48,2024-09-27 13:00:00,17.75,13.246166,none,0.0,0.0,27.038372,51.12,52.30184,993.5984,
55.78_37.49,2024-06-20 22:00:00,14.65,12.159723,rain,0.1,0.0,18.58451,32.399998,77.19989,986.6222,
55.78_37.49,2024-07-04 09:00:00,26.2,28.378654,none,0.0,0.0,9.0,20.519999,65.60157,991.8402,
55.78_37.49,2024-08-17 16:00:00,24.4,23.91117,none,0.0,0.0,15.30741,28.08,56.51765,992.4571,
55.78_37.49,2024-09-06 09:00:00,15.2,14.90003,none,0.0,0.0,3.2599385,11.879999,73.77418,1014.99976,
55.78_37.5,2024-05-23 09:00:00,14.95,11.510733,none,0.0,0.0,12.0694,24.84,43.55129,1010.4331,
55.78_37.5,2024-06-07 14:00:00,22.75,20.832531,rain,0.2,0.0,22.545315,42.839996,58.5278,991.41,
55.78_37.5,2024-08-15 17:00:00,20.6,17.211126,none,0.0,0.0,19.386593,35.28,43.792812,996.52246,
55.78_37.51,2024-05-16 18:00:00,18.45,17.312721,none,0.0,0.0,5.634891,20.519999,53.381634,1000.06775,
55.78_37.51,2024-07-26 18:00:00,22.65,22.007284,none,0.0,0.0,5.692099,9.36,46.489166,995.1227,
55.78_37.52,2024-05-22 23:00:00,12.9,8.59428,none,0.0,0.0,15.716793,27.72,43.269356,1006.1778,
55.78_37.52,2024-05-26 08:00:00,17.7,16.662773,none,0.0,0.0,6.9247384,16.919998,60.05188,1005.8909,
55.78_37.52,2024-08-26 20:00:00,22.3,23.172794,none,0.0,0.0,7.729527,8.64,66.88431,1002.8139,
55.78_37.52,2024-09-04 18:00:00,19.25,16.103168,none,0.0,0.0,16.965895,32.039997,46.174088,1010.91656,
55.78_37.52,2024-09-06 15:00:00,21.55,20.875076,none,0.0,0.0,3.7585104,15.119999,46.18637,1013.9067,
55.78_37.53,2024-07-11 10:00:00,24.7,24.89019,none,0.0,0.0,5.95906,19.08,39.083027,1007.331,
55.78_37.53,2024-09-27 18:00:00,15.55,10.861523,rain,0.7,0.0,34.796375,57.96,75.569786,992.5594,
55.78_37.53,2024-09-27 20:00:00,14.7,9.686094,rain,0.2,0.0,33.908863,54.36,71.97929,992.446,
55.78_37.54,2024-07-04 08:00:00,24.4,26.41771,none,0.0,0.0,8.647496,19.08,70.995285,992.39594,
55.78_37.54,2024-07-28 11:00:00,22.7,21.24818,rain,6.4,0.0,26.052162,42.839996,68.91065,993.4407,
55.78_37.54,2024-08-29 14:00:00,24.45,23.909307,none,0.0,0.0,8.14587,18.359999,45.310986,1007.5603,
55.78_37.54,2024-10-02 18:00:00,15.4,12.551535,none,0.0,0.0,13.379461,22.68,55.17892,999.73706,
55.78_37.55,2024-05-30 17:00:00,27.75,24.339697,none,0.0,0.0,13.202726,30.960001,21.397902,995.65314,
55.78_37.55,2024-07-24 09:00:00,20.85,20.818487,none,0.0,0.0,6.379216,15.4800005,60.200947,996.14453,
55.78_37.55,2024-07-27 12:00:00,25.25,25.54174,none,0.0,0.0,5.00128,15.84,35.601677,995.80743,
55.78_37.56,2024-05-29 19:00:00,25.6,24.375927,none,0.0,0.0,9.0645685,22.68,38.174797,996.1911,
55.78_37.56,2024-05-31 22:00:00,19.5,19.905203,none,0.0,0.0,4.6800003,7.5599995,67.833725,996.5727,
55.78_37.56,2024-06-23 13:00:00,21.5,19.622343,none,0.0,0.0,9.021574,20.16,41.43776,989.6199,
55.78_37.56,2024-08-21 13:00:00,22.45,22.078922,none,0.0,0.0,10.8955765,23.4,50.784477,998.3014,
55.78_37.56,2024-08-31 20:00:00,20.25,19.493132,none,0.0,0.0,9.659814,14.759999,59.469963,1005.5808,
55.78_37.56,2024-09-06 21:00:00,18.2,17.043224,none,0.0,0.0,5.8603754,6.8399997,54.408463,1012.5009,
55.78_37.56,2024-09-26 14:00:00,20.6,15.867775,none,0.0,0.0,22.019672,37.44,32.402023,1000.05066,
55.78_37.57,2024-06-05 17:00:00,25.9,25.344267,none,0.0,0.0,6.2145634,17.64,39.683266,989.7054,
55.78_37.57,2024-08-15 23:00:00,12.45,10.990397,none,0.0,0.0,7.491114,12.959999,77.374275,995.8711,
55.78_37.57,2024-08-26 13:00:00,26.45,28.872288,none,0.0,0.0,4.198285,15.119999,55.239594,1002.1331,
55.78_37.58,2024-05-15 17:00:00,16.0,13.702961,none,0.0,0.0,0.35999998,10.799999,31.763834,1006.19507,
55.78_37.58,2024-05-16 20:00:00,14.9,12.040403,none,0.0,0.0,16.641972,26.28,64.87587,998.7807,
55.78_37.58,2024-06-03 15:00:00,23.6,22.870749,rain,0.1,0.0,20.497883,39.96,58.920135,987.0822,
55.78_37.58,2024-06-21 18:00:00,20.25,18.200928,none,0.0,0.0,15.546833,35.64,54.20851,991.0005,
55.78_37.58,2024-06-30 11:00:00,28.4,29.951931,none,0.0,0.0,13.722565,28.08,49.749763,995.48047,
55.78_37.58,2024-07-21 00:00:00,17.0,17.031157,none,0.0,0.0,9.83268,15.84,84.94766,989.0341,
55.78_37.58,2024-07-27 00:00:00,15.8,15.128929,none,0.0,0.0,6.725354,10.440001,73.14762,995.267,
55.78_37.58,2024-08-17 18:00:00,23.2,22.670752,none,0.0,0.0,15.459054,26.64,60.55381,991.13007,
55.78_37.58,2024-09-02 18:00:00,24.15,22.308697,none,0.0,0.0,11.090103,18.0,38.53649,1007.49084,
55.78_37.58,2024-09-18 15:00:00,23.15,22.312256,none,0.0,0.0,1.8,12.24,37.353203,1013.32227,
55.78_37.58,2024-09-29 00:00:00,16.9,16.68516,none,0.0,0.0,14.799459,26.28,92.641975,995.43524,
55.78_37.59,2024-05-22 17:00:00,20.45,16.516808,none,0.0,0.0,14.773164,26.64,29.613869,1002.0845,
55.78_37.59,2024-06-13 14:00:00,20.1,20.650373,rain,0.4,0.0,14.386494,24.84,84.47093,989.5831,
55.78_37.59,2024-07-29 18:00:00,19.6,17.21973,none,0.0,0.0,17.414474,36.0,55.689182,981.25574,
55.78_37.59,2024-09-25 15:00:00,22.5,18.950657,none,0.0,0.0,19.885721,33.12,38.06752,1000.8697,
55.78_37.6,2024-06-25 20:00:00,18.0,16.53391,none,0.0,0.0,10.948973,19.8,61.135166,993.94226,
55.78_37.6,2024-07-05 17:00:00,25.15,26.651508,rain,0.1,0.0,8.891343,46.8,63.558105,986.7951,
55.78_37.6,2024-09-02 15:00:00,26.6,24.023632,none,0.0,0.0,10.028439,21.24,25.958279,1006.9037,
55.78_37.61,2024-07-23 16:00:00,23.05,20.918346,none,0.0,0.0,14.021525,25.919998,40.08079,995.31226,
55.78_37.61,2024-10-05 18:00:00,10.65,8.873349,none,0.0,0.0,6.1120534,14.04,75.517235,998.82245,
55.78_37.62,2024-08-06 17:00:00,23.05,22.758932,none,0.0,0.0,7.92,15.4800005,52.29684,990.48047,
55.78_37.62,2024-09-26 18:00:00,17.95,13.06761,none,0.0,0.0,20.343185,32.760002,32.679756,1000.5186,
55.78_37.62,2024-10-03 07:00:00,5.2,2.010242,none,0.0,0.0,9.741642,13.32,80.682335,999.5103,
55.78_37.63,2024-06-07 09:00:00,20.95,20.303411,rain,0.1,0.0,18.844202,35.64,73.80916,988.9152,
55.78_37.63,2024-07-05 23:00:00,19.85,21.236738,rain,0.6,0.0,11.252519,20.16,90.50394,986.42487,
55.78_37.63,2024-07-26 13:00:00,23.8,22.567896,none,0.0,0.0,9.693296,23.4,38.30768,992.7617,
55.78_37.63,2024-09-06 22:00:00,17.65,17.033026,none,0.0,0.0,2.16,6.4799995,56.32364,1011.9711,
55.78_37.63,2024-09-21 18:00:00,17.65,15.404469,none,0.0,0.0,16.394829,27.72,62.70572,996.64795,
55.78_37.64,2024-06-18 07:00:00,20.15,21.331652,none,0.0,0.0,11.879999,23.4,87.45459,987.5555,
55.78_37.64,2024-08-08 17:00:00,21.15,21.33253,rain,0.1,0.0,10.587917,23.759998,68.605835,990.17065,
55.78_37.64,2024-09-15 14:00:00,24.9,22.508318,none,0.0,0.0,14.4,26.64,36.22956,1007.435,
55.78_37.65,2024-05-20 17:00:00,21.9,19.319126,none,0.0,0.0,15.072783,23.759998,42.404278,996.35406,
55.78_37.66,2024-06-30 19:00:00,28.3,28.057114,none,0.0,0.0,11.659777,22.319998,42.778008,994.9413,
55.78_37.66,2024-07-17 18:00:00,28.8,28.60479,none,0.0,0.0,4.896529,11.879999,34.722828,998.57794,
55.78_37.67,2024-06-03 01:00:00,18.55,19.808746,none,0.0,0.0,7.628263,15.84,89.27418,992.5113,
55.78_37.67,2024-06-15 16:00:00,23.8,22.390234,none,0.0,0.0,10.24578,24.48,42.368267,995.68396,
55.78_37.67,2024-07-10 17:00:00,24.75,22.24227,none,0.0,0.0,14.205182,28.08,35.220623,1006.58093,
55.78_37.67,2024-08-02 18:00:00,20.45,19.656176,none,0.0,0.0,10.24578,19.44,59.322403,984.51373,
55.78_37.68,2024-06-05 06:00:00,17.0,17.04445,none,0.0,0.0,10.8955765,19.44,87.4492,992.9744,
55.78_37.68,2024-07-28 17:00:00,23.4,23.02505,none,0.0,0.0,14.4,36.0,59.82691,993.6218,
55.78_37.68,2024-08-08 19:00:00,18.55,19.58037,none,0.0,0.0,6.12,12.599999,83.22929,993.15393,
55.78_37.69,2024-05-11 21:00:00,5.2,0.04940796,none,0.0,0.0,18.86139,33.48,60.16552,995.2511,
55.78_37.69,2024-06-26 22:00:00,15.9,14.942413,none,0.0,0.0,9.107359,15.119999,73.65214,996.26575,
55.78_37.69,2024-07-31 18:00:00,19.3,17.646738,none,0.0,0.0,18.204042,37.079998,67.57229,985.2141,
55.78_37.69,2024-08-30 12:00:00,22.5,22.340435,none,0.0,0.0,10.661107,23.4,55.14121,1009.6321,
55.78_37.7,2024-06-10 19:00:00,18.8,18.280933,rain,0.2,0.0,13.854155,30.960001,76.34427,994.2851,
55.78_37.7,2024-07-11 21:00:00,21.85,20.234713,none,0.0,0.0,9.178235,19.8,43.699104,1006.18756,
55.78_37.7,2024-08-09 10:00:00,19.3,19.672684,rain,0.1,0.0,9.028754,21.599998,76.42342,995.91156,
55.78_37.71,2024-07-06 18:00:00,22.25,18.683813,none,0.0,0.0,17.28,33.12,34.389763,998.90094,
55.78_37.71,2024-08-20 16:00:00,23.15,23.186132,none,0.0,0.0,12.245294,24.48,61.71974,999.05145,
55.78_37.72,2024-05-15 09:00:00,12.2,10.015848,rain,0.1,0.0,5.0911684,15.119999,56.888035,1008.8407,
55.78_37.72,2024-06-06 13:00:00,24.75,27.167929,none,0.0,0.0,5.3517847,17.28,55.524807,989.5641,
55.78_37.72,2024-08-14 14:00:00,21.35,18.64704,none,0.0,0.0,22.86496,43.92,49.49296,992.9011,
55.78_37.72,2024-09-04 14:00:00,20.65,18.950298,none,0.0,0.0,15.459054,33.48,54.49151,1011.72144,
55.78_37.72,2024-09-19 15:00:00,21.0,18.31589,none,0.0,0.0,17.727943,34.2,48.092274,1010.6958,
55.78_37.72,2024-09-20 17:00:00,18.2,16.64675,none,0.0,0.0,10.365251,22.319998,57.998413,1006.8226,
55.78_37.73,2024-06-12 01:00:00,18.3,19.37459,none,0.0,0.0,10.948973,22.319998,94.79207,991.9597,
55.78_37.73,2024-08-28 00:00:00,18.85,19.682238,none,0.0,0.0,7.072878,10.799999,80.901634,1004.50366,
55.78_37.73,2024-09-10 08:00:00,16.4,15.803852,none,0.0,0.0,10.495713,20.16,80.050026,1001.29254,
55.78_37.73,2024-10-07 12:00:00,16.55,16.38686,none,0.0,0.0,10.662626,21.96,86.28532,989.1411,
55.78_37.74,2024-06-24 11:00:00,19.4,17.713303,none,0.0,0.0,11.901798,25.199999,52.032627,992.6415,
55.78_37.74,2024-06-28 14:00:00,25.85,28.465736,none,0.0,0.0,2.7416782,12.959999,48.13368,998.88275,
55.78_37.74,2024-07-03 11:00:00,30.3,30.400818,none,0.0,0.0,20.799152,44.639996,44.29933,986.4888,
55.78_37.74,2024-08-14 17:00:00,20.95,17.55073,none,0.0,0.0,19.803272,41.039997,43.446392,994.20557,
55.78_37.74,2024-08-26 13:00:00,26.35,28.796276,none,0.0,0.0,5.3517847,16.199999,57.35466,1004.5066,
55.78_37.74,2024-09-12 08:00:00,18.25,16.621695,none,0.0,0.0,14.336861,26.28,64.74314,1000.55493,
55.78_37.74,2024-09-20 22:00:00,14.4,12.605957,none,0.0,0.0,13.1041975,21.96,76.64792,1005.3388,
55.78_37.75,2024-10-02 23:00:00,11.3,8.511556,none,0.0,0.0,10.630672,20.519999,64.74356,1000.07336,
55.78_37.76,2024-06-10 14:00:00,22.15,20.318815,none,0.0,0.0,20.12461,45.719997,57.816475,992.09814,
55.78_37.82,2024-08-07 19:00:00,19.75,20.24295,none,0.0,0.0,5.904439,9.36,70.12285,991.1837,
55.78_37.84,2024-07-06 15:00:00,22.5,19.9941,none,0.0,0.0,15.844089,34.92,36.914234,997.143,
55.78_37.84,2024-07-11 15:00:00,26.8,24.622452,none,0.0,0.0,10.464797,23.4,29.438368,1005.0619,
55.78_37.85,2024-09-16 20:00:00,16.75,14.942337,none,0.0,0.0,9.693296,15.84,58.228603,1011.058,
55.79_37.35,2024-05-14 12:00:00,9.4,6.43855,none,0.0,0.0,8.669949,19.44,62.294853,1004.0858,
55.79_37.35,2024-08-02 21:00:00,15.95,15.914625,none,0.0,0.0,8.311245,16.56,86.22601,987.1679,
55.79_37.36,2024-06-11 11:00:00,22.85,21.80741,rain,3.4,0.0,27.859905,56.88,75.06921,988.55334,
55.79_37.36,2024-07-25 08:00:00,21.2,22.55015,none,0.0,0.0,5.991594,16.56,74.087364,992.10614,
55.79_37.36,2024-08-17 12:00:00,22.35,22.191349,none,0.0,0.0,13.584932,27.72,64.78748,996.26917,
55.79_37.37,2024-09-04 03:00:00,15.3,15.403803,none,0.0,0.0,9.085988,15.84,94.063576,1009.8161,
55.79_37.37,2024-09-13 23:00:00,18.25,16.133146,none,0.0,0.0,14.618837,25.56,58.596127,1005.0217,
55.79_37.37,2024-09-22 11:00:00,12.05,8.9201765,none,0.0,0.0,10.1376915,25.199999,53.16162,1004.18115,
55.79_37.37,2024-09-24 09:00:00,12.4,9.871086,none,0.0,0.0,8.707237,19.8,59.795887,1005.90497,
55.79_37.37,2024-09-26 11:00:00,16.45,12.252462,none,0.0,0.0,17.519281,33.839996,40.1307,1002.84717,
55.79_37.37,2024-09-30 09:00:00,11.2,8.212882,none,0.0,0.0,15.299999,30.239998,75.6097,1006.1795,
55.79_37.37,2024-10-11 09:00:00,10.35,6.9934454,none,0.0,0.0,18.581894,35.64,82.505714,996.58813,
55.79_37.38,2024-06-06 01:00:00,16.6,17.291348,none,0.0,0.0,5.815978,9.72,88.26333,989.868,
55.79_37.38,2024-08-08 13:00:00,22.0,21.416172,rain,1.4,0.0,12.661564,24.119999,60.07926,990.89294,
55.79_37.38,2024-09-03 22:00:00,16.85,16.889494,none,0.0,0.0,6.3690495,12.24,78.303894,1006.18585,
55.79_37.39,2024-06-29 11:00:00,27.45,30.24292,rain,0.1,0.0,7.072878,18.72,53.593475,998.71716,
55.79_37.39,2024-07-20 01:00:00,17.6,18.337883,none,0.0,0.0,6.924738,12.24,85.83525,991.8393,
55.79_37.4,2024-05-11 19:00:00,6.0,1.1365747,none,0.0,0.0,17.709658,38.519997,60.58603,993.3522,
55.79_37.4,2024-07-28 08:00:00,22.3,23.574385,none,0.0,0.0,11.542478,24.84,77.13255,995.23334,
55.79_37.4,2024-09-09 07:00:00,12.1,11.176211,none,0.0,0.0,8.049845,12.599999,91.76101,1007.62164,
55.79_37.4,2024-09-26 19:00:00,17.75,12.861765,none,0.0,0.0,21.447208,38.16,35.292847,999.4302,
55.79_37.41,2024-06-19 19:00:00,22.05,22.253468,none,0.0,0.0,10.30883,20.519999,64.72299,995.71204,
55.79_37.45,2024-05-13 19:00:00,6.7,3.648058,none,0.0,0.0,6.151683,10.440001,61.42474,1003.7268,
55.79_37.45,2024-08-18 13:00:00,24.5,25.233274,rain,0.1,0.0,13.0447235,29.88,62.22186,993.94653,
55.79_37.45,2024-09-11 05:00:00,14.75,13.412394,none,0.0,0.0,13.324863,23.759998,83.32151,998.61694,
55.79_37.45,2024-09-14 17:00:00,23.7,21.35648,none,0.0,0.0,15.0038395,32.760002,40.264626,1006.3582,
55.79_37.46,2024-05-16 13:00:00,18.15,15.626244,none,0.0,0.0,8.311245,20.880001,40.622116,1003.3649,
55.79_37.46,2024-06-25 18:00:00,21.65,19.420397,none,0.0,0.0,16.375053,34.56,49.080856,993.98047,
55.79_37.46,2024-07-04 18:00:00,29.55,29.570415,none,0.0,0.0,13.392774,25.199999,43.397316,992.1479,
55.79_37.46,2024-09-09 11:00:00,21.95,21.698725,none,0.0,0.0,9.531505,20.880001,58.907803,1006.3114,
55.79_37.47,2024-09-02 19:00:00,19.35,17.65943,none,0.0,0.0,9.0645685,15.4800005,49.78729,1007.80194,
55.79_37.48,2024-05-26 18:00:00,19.6,18.388395,rain,0.4,0.0,14.707222,28.8,65.4629,1005.46515,
55.79_37.48,2024-05-29 10:00:00,24.1,24.499428,none,0.0,0.0,3.2599385,13.679999,42.593784,1000.35065,
55.79_37.48,2024-07-03 17:00:00,29.85,27.772205,none,0.0,0.0,24.485292,47.88,39.362526,986.32794,
55.79_37.48,2024-08-02 13:00:00,20.6,19.361822,rain,0.1,0.0,15.315873,30.239998,61.33502,983.851,
55.79_37.49,2024-05-30 22:00:00,18.8,16.660456,none,0.0,0.0,9.726664,12.959999,46.843674,995.32324,
55.79_37.49,2024-06-04 21:00:00,19.1,19.285852,none,0.0,0.0,9.531505,20.880001,75.90116,989.94403,
55.79_37.49,2024-06-28 18:00:00,26.65,26.346115,none,0.0,0.0,4.6938257,9.72,38.216316,997.80383,
55.79_37.49,2024-07-14 09:00:00,26.65,29.548851,none,0.0,0.0,2.52,12.599999,60.76953,993.94385,
55.79_37.49,2024-09-15 00:00:00,16.75,13.972019,none,0.0,0.0,13.779114,24.84,52.573727,1005.8889,
55.79_37.5,2024-06-15 15:00:00,23.45,23.554441,rain,0.1,0.0,6.3690495,15.84,48.916203,996.12,
55.79_37.5,2024-08-08 09:00:00,20.75,21.64881,none,0.0,0.0,7.42159,18.72,73.304855,990.522,
55.79_37.51,2024-08-09 21:00:00,16.2,16.509487,none,0.0,0.0,6.924738,9.72,87.09383,993.8576,
55.79_37.51,2024-08-27 13:00:00,27.75,28.434399,none,0.0,0.0,9.47012,20.16,47.108162,1004.4814,
55.79_37.51,2024-08-27 15:00:00,27.85,28.349651,none,0.0,0.0,8.905908,19.8,46.534466,1003.75354,
55.79_37.51,2024-10-07 20:00:00,15.15,14.863096,none,0.0,0.0,9.796366,15.4800005,90.171745,987.14,
55.79_37.51,2024-10-09 20:00:00,6.35,3.2687554,none,0.0,0.0,9.614426,19.08,77.207954,995.7428,
55.79_37.52,2024-07-24 13:00:00,24.45,23.391306,none,0.0,0.0,10.948973,23.759998,41.15725,994.953,
55.79_37.52,2024-09-22 16:00:00,13.25,9.262246,none,0.0,0.0,10.703569,21.599998,34.479115,1002.95306,
55.79_37.53,2024-06-02 21:00:00,21.65,22.504578,none,0.0,0.0,9.387651,17.64,72.0734,992.64,
55.79_37.53,2024-06-12 14:00:00,25.4,26.85884,rain,2.2,0.0,16.279802,27.72,68.147125,991.0947,
55.79_37.53,2024-08-07 22:00:00,18.35,18.38449,none,0.0,0.0,8.435069,12.959999,75.29005,990.52057,
55.79_37.53,2024-09-17 22:00:00,15.25,13.4033165,none,0.0,0.0,9.255571,12.24,62.365356,1013.2695,
55.79_37.54,2024-05-26 22:00:00,16.0,13.418293,none,0.0,0.0,12.43434,20.519999,55.14445,1007.2954,
55.79_37.54,2024-05-29 17:00:00,27.55,26.092924,none,0.0,0.0,6.9899354,19.8,29.847734,996.66425,
55.79_37.54,2024-07-05 18:00:00,26.3,27.28688,none,0.0,0.0,9.885262,19.08,56.26357,986.64246,
55.79_37.54,2024-08-06 13:00:00,22.7,23.179722,rain,0.1,0.0,7.24486,20.16,60.437725,989.9724,
55.79_37.54,2024-08-24 16:00:00,22.4,21.526058,none,0.0,0.0,10.787993,21.599998,52.64429,1000.6076,
55.79_37.54,2024-09-04 14:00:00,21.05,19.12608,none,0.0,0.0,16.75064,32.760002,53.520626,1009.65674,
55.79_37.54,2024-09-13 18:00:00,23.6,20.515917,none,0.0,0.0,18.161278,33.839996,37.73627,1003.67426,
55.79_37.54,2024-10-03 16:00:00,18.15,16.284054,none,0.0,0.0,6.638072,15.4800005,46.342976,998.0113,
55.79_37.55,2024-06-08 07:00:00,16.85,14.411062,none,0.0,0.0,14.291592,25.919998,58.450565,992.16266,
55.79_37.55,2024-06-21 13:00:00,19.55,15.935753,none,0.0,0.0,25.277023,45.719997,54.75545,990.8557,
55.79_37.55,2024-06-24 21:00:00,16.5,15.381372,none,0.0,0.0,10.105681,15.84,70.65406,991.2566,
55.79_37.55,2024-06-26 14:00:00,21.55,18.341993,rain,0.2,0.0,25.346148,43.199997,49.381966,992.0766,
55.79_37.55,2024-07-15 13:00:00,28.9,31.119366,rain,0.1,0.0,5.4833565,18.0,52.62191,993.95355,
55.79_37.55,2024-07-17 05:00:00,20.0,22.336143,none,0.0,0.0,6.489992,11.879999,92.80839,999.7805,
55.79_37.55,2024-07-17 17:00:00,29.4,29.090904,none,0.0,0.0,5.3517847,16.56,33.207848,997.67163,
55.79_37.55,2024-07-18 11:00:00,26.75,28.804146,rain,0.2,0.0,4.3349743,16.56,56.90992,995.3042,
55.79_37.55,2024-08-09 07:00:00,15.75,15.62252,none,0.0,0.0,11.177405,20.16,92.57878,990.4546,
55.79_37.55,2024-09-11 05:00:00,14.65,13.322544,none,0.0,0.0,12.819235,21.24,82.76196,997.39075,
55.79_37.55,2024-09-16 11:00:00,23.1,21.838943,none,0.0,0.0,11.165805,21.96,46.612484,1009.22125,
55.79_37.56,2024-05-20 18:00:00,22.25,19.496868,none,0.0,0.0,15.281989,24.48,39.989475,995.24445,
55.79_37.56,2024-06-03 18:00:00,22.45,19.953411,none,0.0,0.0,22.476227,38.16,53.3532,987.14594,
55.79_37.56,2024-06-07 11:00:00,22.3,21.234615,rain,0.1,0.0,21.437386,38.88,66.03416,989.49133,
55.79_37.56,2024-06-21 14:00:00,20.45,17.01832,none,0.0,0.0,24.344624,42.839996,51.961155,989.1094,
55.79_37.56,2024-06-26 23:00:00,15.55,14.662872,none,0.0,0.0,8.311245,13.679999,74.574394,993.5473,
55.79_37.56,2024-06-27 11:00:00,23.3,21.98623,none,0.0,0.0,17.555305,32.039997,45.143864,994.9518,
55.79_37.56,2024-07-10 16:00:00,25.8,23.1633,none,0.0,0.0,14.471821,29.88,32.310757,1003.9757,
55.79_37.56,2024-08-21 15:00:00,23.1,21.557266,none,0.0,0.0,10.182337,21.599998,42.741554,997.73615,
55.79_37.56,2024-08-23 10:00:00,21.4,21.124447,rain,0.6,0.0,14.021525,33.839996,66.69884,994.5533,
55.79_37.57,2024-05-22 12:00:00,20.4,17.960375,none,0.0,0.0,17.429354,32.760002,36.820927,1002.07086,
55.79_37.57,2024-05-27 20:00:00,16.85,14.735178,none,0.0,0.0,7.491114,11.159999,48.432552,1006.1879,
55.79_37.57,2024-07-05 16:00:00,26.8,24.465668,rain,1.2,0.0,28.61264,52.92,49.80615,988.0611,
55.79_37.57,2024-08-24 22:00:00,17.65,17.291212,none,0.0,0.0,9.686609,15.4800005,75.66609,999.3567,
55.79_37.57,2024-10-04 07:00:00,11.7,7.789895,none,0.0,0.0,14.087228,22.319998,50.124893,995.0778,
55.79_37.58,2024-06-03 21:00:00,19.15,17.579609,none,0.0,0.0,15.021105,24.119999,63.253216,986.99994,
55.79_37.58,2024-07-02 21:00:00,26.0,27.140675,none,0.0,0.0,7.968939,15.119999,56.190098,984.9559,
55.79_37.58,2024-07-29 13:00:00,21.2,20.27838,rain,0.3,0.0,20.945072,36.719997,71.76258,980.03955,
55.79_37.58,2024-08-25 12:00:00,24.3,26.303686,none,0.0,0.0,5.815978,15.84,62.57325,1001.14813,
55.79_37.58,2024-09-10 17:00:00,21.55,19.65384,none,0.0,0.0,14.494192,34.56,50.043976,997.40424,
55.79_37.58,2024-09-25 11:00:00,17.6,14.797419,none,0.0,0.0,14.4415655,27.0,50.85477,1001.78595,
55.79_37.58,2024-10-06 21:00:00,9.45,6.2159653,rain,1.8,0.0,18.947083,30.599998,91.90561,993.7511,
55.79_37.59,2024-05-13 16:00:00,9.7,5.691556,none,0.0,0.0,10.30883,21.24,38.284386,1001.38214,
55.79_37.59,2024-05-16 09:00:00,14.0,11.9041,none,0.0,0.0,10.446206,21.96,66.238464,1004.3415,
55.79_37.59,2024-06-07 08:00:00,20.35,19.509043,none,0.0,0.0,19.35314,35.64,75.135086,988.6639,
55.79_37.59,2024-06-09 11:00:00,20.4,20.090126,none,0.0,0.0,9.107359,22.68,43.736546,990.6293,
55.79_37.59,2024-07-16 11:00:00,26.55,29.104355,rain,0.2,0.0,10.483357,23.759998,65.26761,997.3822,
55.79_37.59,2024-09-05 10:00:00,17.2,14.468273,none,0.0,0.0,15.496736,29.88,55.452713,1012.48346,
55.79_37.59,2024-09-09 11:00:00,23.65,22.817343,none,0.0,0.0,12.768586,25.199999,50.43665,1005.0007,
55.79_37.59,2024-09-11 03:00:00,15.75,15.209614,none,0.0,0.0,10.464797,16.56,84.26118,996.0139,
55.79_37.59,2024-09-11 12:00:00,22.95,20.840021,none,0.0,0.0,19.134262,34.92,50.416794,995.99225,
55.79_37.59,2024-09-14 21:00:00,18.75,15.57682,none,0.0,0.0,16.485485,25.919998,46.351246,1004.53,
55.79_37.59,2024-09-20 10:00:00,17.6,15.763201,none,0.0,0.0,10.799999,22.68,57.076202,1007.08124,
55.79_37.59,2024-09-22 16:00:00,13.25,9.262246,none,0.0,0.0,10.703569,21.599998,34.479115,1001.5235,
55.79_37.59,2024-09-30 13:00:00,12.85,8.7123995,none,0.0,0.0,22.06377,37.079998,64.6422,1004.086,
55.79_37.6,2024-06-23 01:00:00,12.1,11.19995,none,0.0,0.0,5.991594,7.92,86.12457,989.9619,
55.79_37.6,2024-07-15 17:00:00,27.75,29.444202,rain,0.2,0.0,12.144331,28.08,59.7051,995.2981,
55.79_37.6,2024-07-25 09:00:00,21.1,22.426249,none,0.0,0.0,6.297428,15.84,74.781006,990.37976,
55.79_37.6,2024-08-07 09:00:00,19.85,21.351208,none,0.0,0.0,4.6800003,13.679999,80.007904,990.85785,
55.79_37.6,2024-08-10 14:00:00,22.9,23.24727,none,0.0,0.0,10.538843,25.199999,57.437424,991.9323,
55.79_37.6,2024-09-05 16:00:00,20.2,17.382647,none,0.0,0.0,13.556282,26.28,41.493584,1011.43445,
55.79_37.61,2024-05-13 15:00:00,7.45,3.5492768,none,0.0,0.0,9.387651,19.08,47.852722,1002.0305,
55.79_37.61,2024-06-13 07:00:00,21.0,23.044518,none,0.0,0.0,5.8048253,14.4,82.72991,988.96747,
55.79_37.61,2024-06-23 18:00:00,20.4,18.986088,none,0.0,0.0,9.793058,18.0,51.2581,988.3895,
55.79_37.61,2024-07-01 01:00:00,19.45,21.473106,none,0.0,0.0,5.95906,8.64,91.0473,993.4648,
55.79_37.61,2024-07-01 09:00:00,28.05,28.015182,none,0.0,0.0,9.779817,20.519999,41.75117,992.6529,
55.79_37.61,2024-07-11 18:00:00,26.4,24.564013,none,0.0,0.0,6.5693827,13.32,28.241396,1003.0136,
55.79_37.61,2024-07-27 22:00:00,19.85,19.785446,none,0.0,0.0,13.084402,23.759998,75.77826,993.7502,
55.79_37.61,2024-09-19 22:00:00,15.75,13.849716,none,0.0,0.0,11.609651,19.08,65.06261,1007.7034,
55.79_37.61,2024-09-30 09:00:00,10.6,7.7007704,none,0.0,0.0,15.027575,25.919998,79.76841,1004.59656,
55.79_37.61,2024-10-04 17:00:00,11.15,8.903047,rain,0.6,0.0,15.22783,25.199999,91.70179,993.78033,
55.79_37.62,2024-06-18 12:00:00,21.95,22.354267,rain,0.1,0.0,15.379206,29.16,75.39638,986.7414,
55.79_37.62,2024-06-20 13:00:00,22.45,21.822027,rain,5.1,0.0,26.999998,50.039997,77.88447,979.1099,
55.79_37.62,2024-06-27 16:00:00,25.0,22.974741,none,0.0,0.0,16.09969,29.16,41.174515,994.81586,
55.79_37.62,2024-07-16 19:00:00,27.55,27.826649,none,0.0,0.0,11.923557,25.919998,49.05477,997.97986,
55.79_37.62,2024-08-19 12:00:00,26.0,26.948185,none,0.0,0.0,6.830519,16.919998,49.59525,994.3586,
55.79_37.62,2024-08-24 22:00:00,17.3,17.102547,none,0.0,0.0,9.178235,15.119999,78.62598,999.86176,
55.79_37.62,2024-09-14 11:00:00,20.4,18.1143,none,0.0,0.0,15.575981,29.16,50.916187,1005.8109,
55.79_37.63,2024-08-06 18:00:00,23.05,22.758932,none,0.0,0.0,7.92,15.4800005,52.29684,989.7976,
55.79_37.63,2024-09-05 18:00:00,19.4,17.343502,none,0.0,0.0,9.826088,24.119999,46.373714,1012.3614,
55.79_37.63,2024-10-08 06:00:00,11.75,9.106537,rain,1.4,0.0,19.434166,31.319998,92.66065,984.34735,
55.79_37.64,2024-05-19 18:00:00,17.15,14.222788,none,0.0,0.0,12.984975,21.599998,47.356842,997.8297,
55.79_37.64,2024-05-28 18:00:00,24.95,23.651133,none,0.0,0.0,2.8116899,11.159999,30.672565,1002.056,
55.79_37.64,2024-05-30 09:00:00,23.45,23.730637,none,0.0,0.0,7.5942082,18.72,56.283665,995.6806,
55.79_37.64,2024-07-25 11:00:00,23.25,24.636745,rain,0.1,0.0,8.587338,24.48,63.5457,990.48145,
55.79_37.64,2024-07-26 20:00:00,21.05,21.093342,none,0.0,0.0,5.634891,9.72,59.077534,993.861,
55.79_37.64,2024-08-16 22:00:00,16.3,15.78627,none,0.0,0.0,8.225035,13.32,76.69593,994.63464,
55.79_37.64,2024-09-02 18:00:00,24.15,22.308697,none,0.0,0.0,11.090103,18.0,38.53649,1006.9142,
55.79_37.64,2024-09-04 11:00:00,21.2,20.01476,none,0.0,0.0,16.179987,30.599998,62.075962,1009.0267,
55.79_37.65,2024-07-04 16:00:00,30.8,30.047203,none,0.0,0.0,14.512064,27.0,36.442383,991.9703,
55.79_37.66,2024-05-20 12:00:00,21.65,19.584887,none,0.0,0.0,13.039754,28.8,44.087357,998.20874,
55.79_37.66,2024-05-24 11:00:00,17.8,16.587236,none,0.0,0.0,6.439876,19.8,38.576153,1015.2694,
55.79_37.66,2024-07-19 04:00:00,19.25,19.982098,rain,0.2,0.0,13.896187,24.119999,90.46243,995.2341,
55.79_37.66,2024-09-13 09:00:00,20.5,18.37084,none,0.0,0.0,16.299694,32.760002,53.734493,1005.89655,
55.79_37.66,2024-09-16 14:00:00,23.6,21.58951,none,0.0,0.0,13.004921,27.0,40.91812,1008.55835,
55.79_37.68,2024-06-04 19:00:00,20.8,20.492188,none,0.0,0.0,12.144331,28.8,67.00609,990.26544,
55.79_37.68,2024-09-07 14:00:00,22.7,22.641434,none,0.0,0.0,1.484318,10.08,46.040646,1012.52045,
55.79_37.68,2024-09-08 17:00:00,23.7,22.8667,none,0.0,0.0,5.4119864,12.599999,41.36017,1009.27295,
55.79_37.68,2024-09-14 13:00:00,22.9,20.757118,none,0.0,0.0,16.279802,32.399998,44.733665,1007.2322,
55.79_37.68,2024-09-19 19:00:00,16.25,14.6318035,none,0.0,0.0,10.239453,20.880001,64.30292,1009.2792,
55.79_37.68,2024-09-23 17:00:00,11.2,8.938242,none,0.0,0.0,7.0911775,7.92,65.40128,1004.8042,
55.79_37.68,2024-09-27 21:00:00,14.05,9.026058,rain,0.6,0.0,32.93803,57.96,72.34418,991.15216,
55.79_37.69,2024-05-20 08:00:00,14.75,12.910736,none,0.0,0.0,10.00256,21.24,66.39913,998.3798,
55.79_37.69,2024-09-30 17:00:00,10.75,6.5885887,none,0.0,0.0,20.924952,38.16,70.01018,1006.51575,
55.79_37.7,2024-06-22 07:00:00,16.0,14.7576065,none,0.0,0.0,12.88981,24.84,77.409454,994.6654,
55.79_37.7,2024-07-08 11:00:00,25.75,25.889109,none,0.0,0.0,11.885453,27.0,40.97613,1005.21094,
55.79_37.7,2024-07-11 17:00:00,27.0,25.53508,none,0.0,0.0,4.829907,18.72,28.212841,1007.0774,
55.79_37.7,2024-08-20 09:00:00,21.65,23.664934,none,0.0,0.0,9.659814,20.880001,85.43403,998.1032,
55.79_37.7,2024-10-10 20:00:00,8.45,4.999901,none,0.0,0.0,15.602999,27.359999,80.01177,998.00995,
55.79_37.71,2024-06-14 19:00:00,19.2,20.289043,none,0.0,0.0,4.379589,11.879999,77.396675,996.81995,
55.79_37.71,2024-06-25 18:00:00,21.65,19.038427,none,0.0,0.0,17.709658,38.519997,46.995125,995.9672,
55.79_37.71,2024-07-01 11:00:00,29.2,29.61084,none,0.0,0.0,10.739832,23.4,39.05532,994.5117,
55.79_37.72,2024-07-28 18:00:00,22.8,23.386726,none,0.0,0.0,10.239453,21.24,65.717995,992.52594,
55.79_37.72,2024-08-12 11:00:00,17.0,14.230289,none,0.0,0.0,22.380884,45.0,70.51615,986.4834,
55.79_37.73,2024-05-13 08:00:00,5.45,1.7047606,none,0.0,0.0,9.178235,21.599998,58.912582,1004.854,
55.79_37.73,2024-06-02 01:00:00,20.35,18.856964,none,0.0,0.0,11.631956,20.16,53.69575,997.5831,
55.79_37.74,2024-06-04 17:00:00,23.4,20.810516,none,0.0,0.0,22.104116,41.399998,48.902798,990.57837,
55.79_37.74,2024-09-06 13:00:00,21.25,21.027023,none,0.0,0.0,4.0249224,16.199999,48.80938,1014.94745,
55.79_37.74,2024-09-13 08:00:00,20.6,18.267828,none,0.0,0.0,16.981165,32.760002,52.17429,1005.66925,
55.79_37.75,2024-08-17 15:00:00,23.9,23.148851,none,0.0,0.0,16.323528,30.239998,57.126137,994.7425,
55.79_37.77,2024-06-12 16:00:00,25.3,24.921349,rain,0.1,0.0,19.110542,39.239998,59.510033,993.5888,
55.79_37.77,2024-06-15 15:00:00,23.95,23.283546,none,0.0,0.0,6.8777895,15.84,44.431286,996.53973,
55.79_37.78,2024-07-13 23:00:00,21.25,23.289577,none,0.0,0.0,5.991594,8.28,81.726555,994.7289,
55.79_37.78,2024-08-16 11:00:00,20.9,18.84328,none,0.0,0.0,17.31746,34.92,46.788876,998.08856,
55.79_37.78,2024-08-19 19:00:00,24.35,26.98845,none,0.0,0.0,5.04,6.12,72.10293,994.71454,
55.79_37.79,2024-05-16 22:00:00,13.95,11.625883,none,0.0,0.0,14.799459,25.199999,73.80144,998.71783,
55.79_37.79,2024-06-21 16:00:00,20.75,17.663853,none,0.0,0.0,20.390114,38.519997,48.67378,990.4571,
55.79_37.79,2024-06-27 21:00:00,19.3,18.950907,none,0.0,0.0,8.217153,15.84,65.613205,996.05133,
55.79_37.79,2024-08-04 16:00:00,22.85,21.827799,none,0.0,0.0,10.703569,21.599998,49.566643,985.87335,
55.79_37.79,2024-08-31 20:00:00,20.25,19.309921,none,0.0,0.0,9.826088,15.84,57.54142,1005.5623,
55.79_37.8,2024-07-09 13:00:00,28.85,31.133678,none,0.0,0.0,6.193674,19.8,42.379776,1000.4698,
55.79_37.8,2024-09-16 10:00:00,19.45,18.939844,none,0.0,0.0,7.42159,17.64,61.47247,1009.0481,
55.79_37.82,2024-05-24 09:00:00,15.5,12.743263,none,0.0,0.0,7.8954163,20.16,43.248253,1013.9639,
55.79_37.82,2024-06-03 11:00:00,23.7,23.96428,rain,0.1,0.0,11.988594,34.2,61.254456,987.33777,
55.79_37.84,2024-05-20 11:00:00,20.4,19.587349,none,0.0,0.0,13.324863,29.519999,52.82187,997.2545,
55.79_37.84,2024-09-13 21:00:00,20.55,18.269339,none,0.0,0.0,14.021525,25.199999,47.80811,1002.2919,
55.7_37.06,2024-08-18 04:00:00,17.25,17.820486,none,0.0,0.0,10.931203,20.16,93.85029,990.932,
55.7_37.07,2024-09-07 16:00:00,23.35,22.790253,none,0.0,0.0,2.3051248,9.0,40.437244,1009.43427,
55.7_37.35,2024-06-18 10:00:00,21.45,22.374681,rain,0.1,0.0,11.367109,24.48,77.00267,985.03503,
55.7_37.4,2024-07-22 22:00:00,17.0,15.642803,none,0.0,0.0,13.896187,24.119999,73.11969,995.29016,
55.7_37.4,2024-08-09 08:00:00,17.0,17.029234,none,0.0,0.0,10.483357,21.96,86.32952,992.5218,
55.7_37.4,2024-08-31 14:00:00,25.25,25.0477,none,0.0,0.0,9.422101,22.68,47.97272,1007.59283,
55.7_37.4,2024-09-08 22:00:00,15.9,14.484352,none,0.0,0.0,8.473393,12.959999,64.87689,1007.48535,
55.7_37.41,2024-05-15 18:00:00,15.55,13.317213,none,0.0,0.0,1.835647,8.28,37.245594,1005.27856,
55.7_37.41,2024-08-27 00:00:00,17.7,17.686394,none,0.0,0.0,10.137692,11.5199995,81.272804,1002.6137,
55.7_37.42,2024-07-01 18:00:00,28.55,29.159134,none,0.0,0.0,10.1887,18.72,46.871826,989.5845,
55.7_37.43,2024-10-08 00:00:00,12.6,11.852221,rain,0.2,0.0,6.638072,10.440001,88.208145,985.2688,
55.7_37.45,2024-09-14 19:00:00,20.6,18.354788,none,0.0,0.0,12.864649,23.039999,46.078964,1005.2282,
55.7_37.46,2024-06-13 13:00:00,21.15,21.900455,rain,0.3,0.0,11.681987,25.56,76.9566,988.928,
55.7_37.46,2024-07-06 10:00:00,20.0,18.478666,rain,0.1,0.0,20.771093,40.68,63.235813,993.5117,
55.7_37.46,2024-09-01 14:00:00,27.9,27.721647,none,0.0,0.0,15.646544,29.519999,46.99763,1005.39514,
55.7_37.46,2024-09-13 16:00:00,25.599998,21.570766,none,0.0,0.0,22.68088,42.659996,31.023415,1003.4461,
55.7_37.47,2024-05-14 20:00:00,7.0,4.366976,none,0.0,0.0,5.8048253,7.2,70.751205,1003.00507,
55.7_37.47,2024-05-21 14:00:00,18.65,17.923435,none,0.0,0.0,11.384198,23.4,69.4559,998.5834,
55.7_37.47,2024-05-24 13:00:00,19.1,18.719572,none,0.0,0.0,4.510787,17.28,35.559002,1011.9072,
55.7_37.47,2024-06-07 11:00:00,21.65,20.450445,rain,0.1,0.0,21.533897,39.6,68.92481,989.4181,
55.7_37.48,2024-08-06 01:00:00,14.55,14.741718,none,0.0,0.0,6.8777895,9.72,94.643234,989.222,
55.7_37.49,2024-08-23 16:00:00,20.85,22.711985,rain,0.6,0.0,5.0911684,14.4,80.14393,993.52966,
55.7_37.49,2024-09-28 10:00:00,16.5,14.648207,rain,0.9,0.0,21.129883,40.32,84.07156,990.67456,
55.7_37.5,2024-06-18 16:00:00,22.3,21.27058,rain,0.1,0.0,23.157824,40.68,70.60571,986.9015,
55.7_37.5,2024-06-21 16:00:00,20.85,17.309858,none,0.0,0.0,22.657131,39.6,46.93297,987.666,
55.7_37.5,2024-08-19 14:00:00,26.7,27.20767,none,0.0,0.0,9.779817,20.880001,46.674683,992.6729,
55.7_37.5,2024-09-19 11:00:00,19.55,18.422043,none,0.0,0.0,12.096214,23.039999,61.901917,1007.43274,
55.7_37.5,2024-09-30 14:00:00,12.8,8.593016,none,0.0,0.0,22.539564,39.6,64.85403,1002.31335,
55.7_37.51,2024-05-11 22:00:00,4.4,-0.95229936,none,0.0,0.0,19.966211,34.2,62.225307,991.4839,
55.7_37.51,2024-05-20 15:00:00,22.25,20.533321,none,0.0,0.0,10.948973,24.84,39.31502,994.58685,
55.7_37.51,2024-05-28 18:00:00,24.05,23.533297,none,0.0,0.0,4.32,9.36,42.015896,998.59686,
55.7_37.51,2024-06-03 21:00:00,18.8,17.272013,none,0.0,0.0,14.512064,24.48,64.22525,985.33386,
55.7_37.51,2024-06-21 18:00:00,20.25,18.097128,none,0.0,0.0,16.055355,35.64,53.84891,988.5725,
55.7_37.52,2024-07-08 14:00:00,27.0,27.410831,none,0.0,0.0,10.787993,25.919998,39.729153,997.0009,
55.7_37.53,2024-05-22 11:00:00,20.45,18.198267,none,0.0,0.0,16.78156,33.12,37.61058,998.0359,
55.7_37.53,2024-05-26 17:00:00,20.3,18.88895,rain,0.6,0.0,16.42247,28.08,63.302788,1000.68005,
55.7_37.53,2024-06-20 13:00:00,22.2,21.857206,rain,4.6,0.0,24.36591,48.239998,80.32547,975.60345,
55.7_37.53,2024-06-21 21:00:00,14.85,14.051538,none,0.0,0.0,7.7043357,13.32,78.00402,985.8248,
55.7_37.55,2024-07-31 13:00:00,18.7,17.172468,none,0.0,0.0,16.299694,32.039997,68.11566,980.6762,
55.7_37.56,2024-07-23 20:00:00,19.9,19.361433,none,0.0,0.0,7.289445,12.599999,59.190742,993.31433,
55.7_37.57,2024-08-01 11:00:00,16.9,16.063076,rain,0.3,0.0,15.281989,29.16,84.389336,981.94855,
55.7_37.57,2024-09-01 10:00:00,24.7,24.81577,none,0.0,0.0,13.0447235,26.28,58.0583,1004.67206,
55.7_37.57,2024-09-22 16:00:00,13.2,9.324883,none,0.0,0.0,10.495713,21.96,36.153667,1000.44965,
55.7_37.57,2024-10-05 13:00:00,12.25,9.866795,rain,0.1,0.0,11.571914,23.039999,71.76465,995.7542,
55.7_37.58,2024-07-24 10:00:00,21.9,21.348036,none,0.0,0.0,8.707237,20.519999,51.48378,994.8462,
55.7_37.58,2024-07-27 13:00:00,25.9,26.466923,none,0.0,0.0,3.096837,14.4,32.229218,994.74475,
55.7_37.58,2024-08-27 08:00:00,22.95,25.399298,none,0.0,0.0,4.896529,13.32,76.270966,1003.84216,
55.7_37.58,2024-09-17 17:00:00,23.5,22.196053,none,0.0,0.0,7.5942082,13.679999,40.343674,1012.04755,
55.7_37.58,2024-09-19 21:00:00,15.75,13.771217,none,0.0,0.0,12.429127,21.599998,65.722595,1007.48663,
55.7_37.58,2024-09-28 15:00:00,22.6,20.206308,none,0.0,0.0,27.853508,49.68,62.192154,989.8238,
55.7_37.58,2024-09-30 15:00:00,12.5,8.11968,none,0.0,0.0,23.183693,40.32,64.56393,1003.7674,
55.7_37.59,2024-06-29 22:00:00,21.8,22.414146,none,0.0,0.0,8.825508,15.119999,67.860176,996.89435,
55.7_37.59,2024-09-27 11:00:00,17.9,12.967167,none,0.0,0.0,29.215502,51.12,50.245026,995.9505,
55.7_37.59,2024-09-27 20:00:00,13.7,8.277612,rain,0.7,0.0,35.20875,59.399998,72.76931,993.896,
55.7_37.6,2024-05-16 23:00:00,11.7,9.628657,none,0.0,0.0,14.512064,26.64,89.9169,1000.12805,
55.7_37.6,2024-05-25 14:00:00,21.9,19.864683,none,0.0,0.0,14.57889,29.519999,31.759575,1009.4878,
55.7_37.6,2024-09-05 11:00:00,17.05,14.2473545,none,0.0,0.0,15.84409,31.68,55.60287,1015.72675,
55.7_37.61,2024-05-15 20:00:00,11.05,8.508101,none,0.0,0.0,7.342588,11.159999,60.733685,1008.36017,
55.7_37.61,2024-07-15 17:00:00,27.9,29.672611,rain,0.3,0.0,11.770403,26.28,59.369102,998.2533,
55.7_37.61,2024-08-01 00:00:00,14.7,13.654366,none,0.0,0.0,14.759999,25.919998,92.21972,984.9025,
55.7_37.61,2024-08-08 13:00:00,23.1,24.213377,rain,0.1,0.0,8.225035,20.880001,58.99109,993.0112,
55.7_37.61,2024-08-28 12:00:00,25.0,26.697454,none,0.0,0.0,12.864649,27.72,68.06816,1009.38806,
55.7_37.62,2024-05-17 19:00:00,17.5,15.361498,none,0.0,0.0,11.165805,23.4,53.860218,1000.011,
55.7_37.62,2024-05-28 16:00:00,25.1,24.01351,none,0.0,0.0,3.671294,14.4,33.454823,1005.5367,
55.7_37.62,2024-06-08 08:00:00,18.15,15.83036,none,0.0,0.0,14.480773,27.359999,55.882732,995.86835,
55.7_37.62,2024-06-20 23:00:00,14.95,12.038483,rain,0.1,0.0,21.370783,34.2,75.470436,990.61487,
55.7_37.62,2024-07-12 01:00:00,17.7,17.141052,none,0.0,0.0,6.792466,10.440001,66.579384,1004.9077,
55.7_37.62,2024-07-12 17:00:00,28.1,26.294825,none,0.0,0.0,10.365251,23.039999,29.999935,1002.6843,
55.7_37.62,2024-09-15 16:00:00,25.75,22.312819,none,0.0,0.0,13.392774,26.64,24.07074,1010.2969,
55.7_37.62,2024-09-19 13:00:00,21.0,19.366106,none,0.0,0.0,16.79314,30.239998,58.67982,1011.59503,
55.7_37.63,2024-05-18 16:00:00,19.5,16.5979,none,0.0,0.0,7.7043357,16.919998,31.4082,1004.5297,
55.7_37.63,2024-07-11 09:00:00,23.85,23.161766,none,0.0,0.0,7.5942082,19.44,40.85143,1010.93274,
55.7_37.63,2024-08-09 12:00:00,21.5,21.710161,rain,0.2,0.0,12.261157,24.84,65.44319,997.4105,
55.7_37.63,2024-08-22 15:00:00,24.65,23.061806,none,0.0,0.0,18.947083,33.839996,49.558964,998.86145,
55.7_37.63,2024-08-23 17:00:00,19.8,21.223936,rain,0.2,0.0,9.605998,19.44,88.25321,999.6952,
55.7_37.63,2024-09-01 14:00:00,28.45,27.05774,none,0.0,0.0,15.905319,32.039997,38.46781,1009.3423,
55.7_37.63,2024-09-18 10:00:00,19.1,18.883442,none,0.0,0.0,4.3349743,12.959999,60.78523,1018.1932,
55.7_37.63,2024-10-03 23:00:00,11.2,8.305803,none,0.0,0.0,9.360001,14.4,58.875614,1001.0229,
55.7_37.64,2024-07-14 19:00:00,27.4,28.529053,none,0.0,0.0,10.823973,20.519999,54.95216,996.8231,
55.7_37.64,2024-08-10 19:00:00,20.65,20.336048,none,0.0,0.0,9.726664,14.759999,63.380695,994.08093,
55.7_37.64,2024-08-17 08:00:00,17.95,18.12874,none,0.0,0.0,9.19939,17.28,80.782486,995.9351,
55.7_37.65,2024-06-07 13:00:00,23.4,20.98233,none,0.0,0.0,24.985659,42.839996,54.830746,992.7319,
55.7_37.65,2024-08-15 19:00:00,16.75,14.694195,none,0.0,0.0,12.303366,25.199999,60.22936,998.3384,
55.7_37.65,2024-08-17 11:00:00,23.55,22.803638,none,0.0,0.0,16.42247,28.8,58.530506,996.20105,
55.7_37.66,2024-08-30 03:00:00,14.1,13.938152,none,0.0,0.0,6.830519,10.440001,90.98554,1009.8243,
55.7_37.67,2024-05-29 23:00:00,18.95,18.29442,none,0.0,0.0,6.924738,12.599999,60.549034,998.971,
55.7_37.67,2024-06-12 16:00:00,25.25,25.45688,none,0.0,0.0,16.862455,34.92,61.996887,993.6997,
55.7_37.67,2024-06-18 17:00:00,22.35,21.4686,rain,0.3,0.0,23.157824,38.16,71.970894,991.0382,
55.7_37.67,2024-07-19 17:00:00,23.65,23.240978,none,0.0,0.0,10.009036,19.08,52.281845,996.0057,
55.7_37.67,2024-07-25 21:00:00,18.2,17.691053,none,0.0,0.0,7.0911775,19.44,65.81041,993.3564,
55.7_37.67,2024-08-17 12:00:00,23.55,22.803638,none,0.0,0.0,16.42247,28.8,58.530506,996.6585,
55.7_37.67,2024-08-24 11:00:00,20.85,20.534035,none,0.0,0.0,9.726665,22.319998,60.200947,1002.61774,
55.7_37.67,2024-09-09 05:00:00,10.45,9.033486,none,0.0,0.0,8.766573,11.159999,93.52635,1009.7932,
55.7_37.69,2024-05-25 02:00:00,10.25,6.9314833,none,0.0,0.0,9.339208,16.199999,52.865383,1016.147,
55.7_37.69,2024-07-08 08:00:00,23.35,22.498434,none,0.0,0.0,10.630672,21.599998,49.700127,1008.0148,
55.7_37.73,2024-07-26 12:00:00,22.55,21.878017,none,0.0,0.0,10.703569,23.039999,45.237747,996.7718,
55.7_37.73,2024-09-16 16:00:00,24.5,21.896997,none,0.0,0.0,12.074766,21.599998,31.944523,1012.04956,
55.7_37.74,2024-06-21 21:00:00,17.05,16.011646,none,0.0,0.0,9.449572,17.64,68.00486,992.2634,
55.7_37.74,2024-07-24 19:00:00,21.8,21.947365,none,0.0,0.0,7.771331,17.28,61.01462,994.3533,
55.7_37.74,2024-09-06 17:00:00,22.15,20.820896,none,0.0,0.0,5.00128,13.679999,39.420647,1014.63965,
55.7_37.75,2024-07-28 12:00:00,20.25,21.017324,rain,4.0,0.0,11.570515,42.12,81.34225,995.1358,
55.7_37.75,2024-08-28 21:00:00,20.45,20.397736,none,0.0,0.0,12.0694,21.599998,71.3958,1009.62524,
55.7_37.76,2024-07-19 18:00:00,23.45,23.024805,none,0.0,0.0,10.00256,19.08,52.74365,994.2149,
55.7_37.76,2024-08-05 00:00:00,15.2,15.164103,none,0.0,0.0,9.793059,17.28,94.05911,988.6165,
55.7_37.76,2024-08-20 21:00:00,20.0,20.102942,none,0.0,0.0,12.0694,20.16,75.3184,999.4141,
55.7_37.76,2024-09-11 17:00:00,23.25,21.460667,none,0.0,0.0,13.755579,28.44,45.13003,999.7454,
55.7_37.76,2024-09-11 19:00:00,21.95,20.11377,none,0.0,0.0,13.276144,23.039999,47.551315,998.9651,
55.7_37.77,2024-05-18 14:00:00,17.8,15.605177,none,0.0,0.0,14.021525,29.88,39.261135,1003.2209,
55.7_37.77,2024-06-02 13:00:00,23.0,24.414587,rain,0.1,0.0,5.991594,21.599998,65.34219,995.81384,
55.7_37.77,2024-06-04 09:00:00,22.15,20.519695,none,0.0,0.0,19.33639,38.519997,56.696754,990.2911,
55.7_37.77,2024-06-04 20:00:00,21.1,20.503555,none,0.0,0.0,11.901798,31.68,62.053234,991.1668,
55.7_37.77,2024-06-05 18:00:00,25.2,25.594429,none,0.0,0.0,3.671294,11.159999,46.5715,991.2314,
55.7_37.77,2024-06-10 13:00:00,23.9,20.413193,none,0.0,0.0,25.189713,43.92,43.1086,993.5404,
55.7_37.77,2024-06-27 16:00:00,24.8,23.5026,none,0.0,0.0,15.496736,38.519997,43.073204,997.2088,
55.7_37.77,2024-07-03 05:00:00,21.5,21.86127,none,0.0,0.0,14.05845,23.039999,74.84729,986.5571,
55.7_37.77,2024-07-22 20:00:00,18.75,20.693567,none,0.0,0.0,3.0758414,9.72,88.444435,994.2924,
55.7_37.77,2024-07-24 21:00:00,19.75,19.957483,none,0.0,0.0,6.87779,12.599999,68.327,993.11884,
55.7_37.77,2024-08-14 20:00:00,17.1,14.626272,none,0.0,0.0,13.37825,24.48,55.05181,994.84753,
55.7_37.77,2024-09-22 17:00:00,11.75,8.704311,none,0.0,0.0,6.162207,19.08,43.88111,1004.7514,
55.7_37.77,2024-10-02 16:00:00,19.15,16.334564,none,0.0,0.0,14.277983,26.64,45.675243,1000.4179,
55.7_37.77,2024-10-04 11:00:00,13.05,9.76966,rain,0.3,0.0,12.879752,26.64,54.56643,997.2391,
55.7_37.78,2024-05-29 17:00:00,25.75,24.053507,none,0.0,0.0,12.303366,28.08,37.836605,998.3279,
55.7_37.78,2024-06-07 09:00:00,21.45,20.733093,rain,0.1,0.0,19.602652,38.519997,72.03732,990.466,
55.7_37.78,2024-06-12 17:00:00,26.2,26.012794,none,0.0,0.0,18.374111,31.68,57.137333,992.84534,
55.7_37.78,2024-07-30 10:00:00,19.6,19.027916,none,0.0,0.0,8.4042845,20.16,61.103256,981.26575,
55.7_37.78,2024-09-03 10:00:00,21.2,21.375954,none,0.0,0.0,6.725354,16.56,61.874477,1009.85144,
55.7_37.78,2024-10-05 20:00:00,9.5,7.1765566,none,0.0,0.0,9.9408245,16.199999,81.83377,1000.1785,
55.7_37.8,2024-07-08 11:00:00,25.65,26.00182,none,0.0,0.0,11.480557,25.199999,42.183514,1004.9763,
55.7_37.81,2024-05-15 08:00:00,10.2,9.068346,none,0.0,0.0,1.609969,9.72,77.55016,1009.51324,
55.7_37.81,2024-08-05 08:00:00,19.15,20.23288,none,0.0,0.0,6.439876,17.64,81.46007,990.2413,
55.7_37.81,2024-09-03 14:00:00,25.25,24.246653,none,0.0,0.0,9.360001,22.319998,37.821957,1009.8911,
55.7_37.82,2024-05-21 09:00:00,19.7,19.99877,none,0.0,0.0,6.130579,16.56,68.316986,1001.31976,
55.7_37.82,2024-05-25 11:00:00,20.6,19.123669,none,0.0,0.0,11.384198,25.919998,34.035816,1012.89594,
55.7_37.82,2024-07-02 20:00:00,25.75,26.895689,none,0.0,0.0,8.654986,13.32,57.94067,988.6215,
55.7_37.83,2024-05-18 06:00:00,11.0,8.8412485,none,0.0,0.0,8.891344,18.359999,74.289825,1004.44495,
55.7_37.83,2024-06-05 00:00:00,16.7,16.527754,none,0.0,0.0,11.609651,20.16,87.422,993.4718,
55.7_37.83,2024-07-08 18:00:00,27.15,26.449392,none,0.0,0.0,8.587338,20.519999,38.48333,1003.75696,
55.7_37.83,2024-08-17 15:00:00,23.1,23.039198,rain,0.1,0.0,14.264361,24.48,63.919964,995.0279,
55.7_37.84,2024-05-24 00:00:00,9.45,6.520665,none,0.0,0.0,7.24486,14.04,57.812637,1014.1666,
55.7_37.84,2024-05-24 14:00:00,19.35,19.0621,none,0.0,0.0,3.9763298,16.56,37.03344,1016.01685,
55.7_37.84,2024-07-23 15:00:00,22.7,21.03512,none,0.0,0.0,14.372974,30.599998,46.19427,998.09216,
55.7_37.85,2024-06-28 13:00:00,25.1,27.78125,none,0.0,0.0,2.6208394,13.679999,49.51732,1000.51874,
55.7_37.85,2024-07-23 08:00:00,18.25,17.563652,none,0.0,0.0,13.37825,26.28,75.76374,997.5986,
55.7_37.85,2024-08-22 22:00:00,18.45,17.317282,none,0.0,0.0,9.885262,22.68,61.85338,997.0458,
55.7_37.86,2024-06-01 13:00:00,28.6,26.985083,none,0.0,0.0,14.4,32.760002,31.586023,998.44366,
55.7_37.86,2024-06-27 11:00:00,23.75,21.371252,none,0.0,0.0,20.211363,38.16,41.931767,997.39526,
55.7_37.86,2024-09-06 11:00:00,20.1,19.771069,none,0.0,0.0,5.6920996,16.919998,53.810196,1016.0787,
55.7_37.88,2024-07-17 07:00:00,23.25,25.019258,none,0.0,0.0,6.9153743,17.28,71.00621,1001.94116,
55.7_37.91,2024-07-01 16:00:00,30.25,30.14486,none,0.0,0.0,10.1887,24.48,36.17189,994.5292,
55.7_37.92,2024-06-13 19:00:00,20.35,20.002523,none,0.0,0.0,14.48972,25.919998,72.53346,993.2609,
55.7_37.92,2024-06-27 11:00:00,23.75,21.371252,none,0.0,0.0,20.211363,38.16,41.931767,998.54016,
55.7_37.92,2024-07-17 20:00:00,26.45,27.660856,none,0.0,0.0,4.8433046,7.2,51.499237,1001.05585,
55.7_37.92,2024-08-24 01:00:00,13.25,13.073973,none,0.0,0.0,5.692099,11.159999,92.74331,1000.3895,
55.7_37.92,2024-09-07 16:00:00,23.65,23.076563,none,0.0,0.0,2.3051248,10.440001,39.578846,1014.4464,
55.7_37.93,2024-07-01 19:00:00,29.15,30.900093,none,0.0,0.0,5.8048253,13.32,48.85427,993.5438,
55.7_37.93,2024-08-20 18:00:00,22.6,23.008966,none,0.0,0.0,11.183201,22.319998,66.09683,1000.2708,
55.7_37.94,2024-05-17 16:00:00,19.7,16.637646,none,0.0,0.0,14.759999,29.519999,41.924778,1000.60486,
55.7_37.94,2024-05-20 17:00:00,23.1,20.735846,none,0.0,0.0,9.885262,24.48,33.92503,1000.93774,
55.7_37.94,2024-05-28 16:00:00,25.05,23.732355,none,0.0,0.0,6.489992,15.84,35.18643,1006.7986,
55.7_37.94,2024-06-15 10:00:00,21.1,22.24083,none,0.0,0.0,3.0758414,12.959999,59.28312,999.9378,
55.7_37.94,2024-08-24 16:00:00,22.05,21.431557,none,0.0,0.0,9.826088,19.44,55.027733,1004.6346,
55.7_37.94,2024-09-21 12:00:00,19.35,17.577448,none,0.0,0.0,16.516901,35.28,62.6764,1003.784,
55.81_37.39,2024-08-08 12:00:00,23.05,23.885363,rain,0.1,0.0,5.1165614,18.72,56.91826,990.3866,
55.81_37.39,2024-09-02 17:00:00,23.7,22.328417,none,0.0,0.0,9.885262,16.919998,42.481915,1007.0185,
55.81_37.39,2024-09-15 13:00:00,23.85,22.202213,none,0.0,0.0,12.10157,25.56,41.959824,1007.7326,
55.81_37.39,2024-10-03 14:00:00,20.2,17.55293,none,0.0,0.0,12.0694,23.759998,40.927074,998.3568,
55.81_37.4,2024-05-28 21:00:00,20.3,19.566923,none,0.0,0.0,3.8773184,7.5599995,49.37533,1001.3158,
55.81_37.4,2024-06-25 14:00:00,20.75,18.614126,rain,0.1,0.0,20.724247,46.8,54.156963,995.2675,
55.81_37.4,2024-07-29 18:00:00,19.3,17.114592,none,0.0,0.0,16.179987,37.8,56.92692,980.5683,
55.81_37.41,2024-05-19 16:00:00,19.1,16.751005,none,0.0,0.0,9.726664,22.68,36.573997,1000.4949,
55.81_37.41,2024-06-22 04:00:00,12.25,10.7903,none,0.0,0.0,11.013882,18.359999,88.767685,991.42804,
55.81_37.41,2024-08-23 17:00:00,20.15,22.23826,rain,1.7,0.0,4.8965297,14.759999,86.08963,996.03894,
55.81_37.41,2024-10-05 22:00:00,9.55,7.418582,none,0.0,0.0,8.863972,19.8,82.40454,1001.40546,
55.81_37.45,2024-06-29 18:00:00,29.45,30.182095,none,0.0,0.0,5.8603754,11.159999,40.9348,998.6265,
55.81_37.45,2024-09-08 12:00:00,23.5,23.29272,none,0.0,0.0,5.2416787,15.84,44.012535,1012.4602,
55.81_37.46,2024-07-13 15:00:00,27.15,28.958008,none,0.0,0.0,7.69592,20.880001,57.546783,995.11255,
55.81_37.46,2024-08-27 14:00:00,27.65,28.72224,none,0.0,0.0,7.928178,19.08,47.99526,1004.248,
55.81_37.47,2024-06-14 19:00:00,20.45,20.491165,none,0.0,0.0,7.172949,20.16,63.95843,993.9724,
55.81_37.47,2024-07-17 15:00:00,29.2,30.705101,none,0.0,0.0,6.3690495,18.359999,40.081013,998.05194,
55.81_37.47,2024-08-14 09:00:00,17.4,15.534637,rain,0.1,0.0,20.018072,36.0,76.86903,991.86096,
55.81_37.47,2024-08-28 19:00:00,22.15,23.215075,none,0.0,0.0,8.225035,16.56,70.3536,1006.4395,
55.81_37.48,2024-06-24 10:00:00,19.1,17.819094,rain,0.1,0.0,11.874544,24.119999,52.835648,990.5278,
55.81_37.48,2024-07-01 08:00:00,24.8,28.115837,none,0.0,0.0,4.6102495,12.959999,75.85239,993.37775,
55.81_37.48,2024-08-28 07:00:00,18.25,18.79785,none,0.0,0.0,14.561099,24.48,95.08983,1004.1833,
55.81_37.48,2024-09-26 15:00:00,20.15,15.771244,none,0.0,0.0,20.957443,36.36,35.73717,998.8982,
55.81_37.49,2024-05-27 00:00:00,13.1,11.2141285,none,0.0,0.0,7.42159,14.759999,65.8182,1006.23846,
55.81_37.49,2024-05-31 08:00:00,23.7,23.646837,none,0.0,0.0,5.154415,15.119999,48.66247,996.64526,
55.81_37.49,2024-06-08 13:00:00,22.85,21.753332,none,0.0,0.0,12.287555,26.64,36.015068,990.5582,
55.81_37.49,2024-06-18 21:00:00,18.6,17.28285,none,0.0,0.0,18.947083,31.319998,76.55953,990.1831,
55.81_37.49,2024-08-25 10:00:00,23.15,24.992281,none,0.0,0.0,5.3999996,15.4800005,68.78041,1000.8438,
55.81_37.5,2024-06-13 12:00:00,22.5,24.217625,rain,0.1,0.0,6.519877,16.56,73.14433,988.6878,
55.81_37.5,2024-09-06 10:00:00,18.9,18.583332,none,0.0,0.0,3.671294,14.04,58.949932,1013.4454,
55.81_37.51,2024-05-31 22:00:00,19.65,19.841183,none,0.0,0.0,6.9899354,10.440001,68.75232,997.20654,
55.81_37.51,2024-07-04 12:00:00,30.75,33.155506,none,0.0,0.0,12.4811535,26.28,46.57183,990.8694,
55.81_37.51,2024-07-16 08:00:00,24.95,27.08279,rain,0.1,0.0,10.829959,23.039999,72.659195,998.29083,
55.81_37.51,2024-08-12 16:00:00,18.9,15.132637,rain,0.1,0.0,22.682856,39.6,50.003674,983.69855,
55.81_37.51,2024-08-15 21:00:00,14.7,13.080448,none,0.0,0.0,8.766573,16.919998,67.292755,996.29553,
55.81_37.51,2024-09-13 08:00:00,20.6,18.23973,none,0.0,0.0,18.089775,31.68,53.76029,1003.72614,
55.81_37.52,2024-07-02 18:00:00,29.3,28.726597,none,0.0,0.0,16.923828,29.16,43.468037,985.18695,
55.81_37.53,2024-06-02 17:00:00,27.4,26.426424,none,0.0,0.0,9.3876505,20.519999,36.690773,991.29443,
55.81_37.57,2024-05-14 20:00:00,9.2,6.804716,none,0.0,0.0,5.4833565,6.4799995,65.64801,1001.9717,
55.81_37.57,2024-07-08 10:00:00,25.0,24.627407,none,0.0,0.0,12.24,26.28,41.72475,1002.01074,
55.81_37.58,2024-05-30 07:00:00,21.1,21.479359,none,0.0,0.0,5.815978,14.759999,63.06981,994.3136,
55.81_37.58,2024-06-05 05:00:00,16.9,17.059683,none,0.0,0.0,10.105681,18.359999,88.00516,990.7564,
55.81_37.58,2024-06-19 02:00:00,16.65,15.407122,none,0.0,0.0,17.076298,27.72,83.54469,991.37103,
55.81_37.58,2024-06-19 11:00:00,23.35,22.826677,rain,0.1,0.0,17.651016,32.039997,53.409912,994.466,
55.81_37.58,2024-06-19 12:00:00,23.95,23.684036,none,0.0,0.0,17.106628,32.760002,51.012955,993.98315,
55.81_37.58,2024-06-21 07:00:00,15.6,12.815502,none,0.0,0.0,19.694992,34.2,70.48135,989.6141,
55.81_37.58,2024-06-29 19:00:00,28.85,30.08284,none,0.0,0.0,5.495161,11.879999,45.62427,993.5302,
55.81_37.58,2024-07-01 17:00:00,30.3,30.689953,none,0.0,0.0,5.815978,16.56,36.658997,988.9005,
55.81_37.58,2024-07-06 16:00:00,23.0,19.832355,none,0.0,0.0,18.64369,33.839996,33.66361,995.7831,
55.81_37.58,2024-07-10 13:00:00,26.25,25.59722,none,0.0,0.0,16.418526,32.399998,40.57738,1004.31573,
55.81_37.58,2024-07-11 14:00:00,27.1,25.939732,none,0.0,0.0,7.2805495,20.16,30.438194,1003.3557,
55.81_37.58,2024-07-12 15:00:00,29.0,28.399208,none,0.0,0.0,8.0899935,21.24,29.151783,998.1763,
55.81_37.58,2024-07-18 19:00:00,25.2,27.503834,none,0.0,0.0,2.0364676,6.12,61.595295,994.17883,
55.81_37.58,2024-08-05 17:00:00,23.25,22.384697,none,0.0,0.0,10.948973,21.24,50.33075,987.12006,
55.81_37.58,2024-08-23 17:00:00,20.9,22.86535,rain,0.6,0.0,4.68,10.08,80.40424,993.763,
55.81_37.58,2024-10-05 21:00:00,9.4,6.8101387,none,0.0,0.0,11.767651,19.08,82.38548,998.594,
55.81_37.59,2024-05-22 21:00:00,15.25,11.109205,none,0.0,0.0,16.263872,25.56,41.2273,1002.8806,
55.81_37.59,2024-06-03 17:00:00,22.45,19.953411,none,0.0,0.0,22.476227,38.16,53.3532,986.3505,
55.81_37.59,2024-06-07 00:00:00,17.55,18.066593,none,0.0,0.0,8.707237,13.679999,86.661026,987.0628,
55.81_37.59,2024-07-08 08:00:00,21.55,22.11874,none,0.0,0.0,6.1305785,15.119999,63.992302,1003.4753,
55.81_37.59,2024-07-25 17:00:00,24.55,23.11874,none,0.0,0.0,9.220499,20.519999,38.909958,989.39166,
55.81_37.59,2024-08-09 14:00:00,21.35,20.90377,none,0.0,0.0,11.720751,23.039999,62.514523,992.0472,
55.81_37.59,2024-08-21 11:00:00,21.35,21.075415,none,0.0,0.0,11.165805,23.759998,55.944485,998.22723,
55.81_37.59,2024-09-27 19:00:00,14.7,9.686094,rain,0.2,0.0,33.908863,54.36,71.97929,990.3357,
55.81_37.6,2024-05-29 18:00:00,25.6,24.375927,none,0.0,0.0,9.0645685,22.68,38.174797,996.1911,
55.81_37.6,2024-06-24 02:00:00,12.65,11.797806,none,0.0,0.0,6.151683,9.72,84.47106,989.6451,
55.81_37.6,2024-08-04 12:00:00,19.4,20.153542,rain,0.1,0.0,7.342588,21.599998,77.67587,985.6432,
55.81_37.62,2024-05-23 08:00:00,15.05,11.665394,none,0.0,0.0,11.384199,23.4,42.510338,1008.6507,
55.81_37.62,2024-06-08 15:00:00,22.65,20.149784,none,0.0,0.0,10.028439,21.599998,31.530773,991.5054,
55.81_37.62,2024-06-09 23:00:00,15.65,13.805376,none,0.0,0.0,9.504272,14.04,61.408466,990.84534,
55.81_37.62,2024-06-15 20:00:00,21.45,21.633554,none,0.0,0.0,7.771331,11.879999,62.740063,994.7667,
55.81_37.62,2024-09-18 14:00:00,23.2,22.229595,none,0.0,0.0,3.0547013,13.679999,37.75059,1013.7363,
55.81_37.62,2024-10-03 19:00:00,13.75,11.177671,none,0.0,0.0,8.649369,12.599999,53.80275,997.09155,
55.81_37.63,2024-05-13 11:00:00,7.1,3.422245,none,0.0,0.0,7.771331,19.44,48.64867,1002.68835,
55.81_37.63,2024-06-10 10:00:00,23.35,21.312706,none,0.0,0.0,18.847641,37.079998,43.970825,992.4667,
55.81_37.63,2024-10-10 15:00:00,9.05,5.608902,none,0.0,0.0,15.2501545,29.88,75.77135,995.82697,
55.81_37.64,2024-05-16 20:00:00,15.0,12.492521,none,0.0,0.0,14.76439,25.199999,65.78224,998.3353,
55.81_37.64,2024-07-05 17:00:00,26.0,27.434347,none,0.0,0.0,7.9932976,18.359999,58.7388,986.61035,
55.81_37.64,2024-07-14 17:00:00,28.55,29.302433,rain,0.2,0.0,11.043261,21.96,48.851017,993.98724,
55.81_37.64,2024-07-26 16:00:00,24.35,23.280455,none,0.0,0.0,6.6185193,16.56,35.95151,993.82,
55.81_37.64,2024-08-04 15:00:00,23.5,22.805475,none,0.0,0.0,10.233123,22.319998,49.09078,985.05316,
55.81_37.64,2024-09-05 15:00:00,19.8,17.338428,none,0.0,0.0,14.081478,30.599998,47.925938,1012.799,
55.81_37.64,2024-09-13 20:00:00,20.9,18.309998,none,0.0,0.0,15.408671,27.359999,45.542732,1004.07605,
55.81_37.64,2024-09-15 16:00:00,23.95,22.212896,none,0.0,0.0,8.39657,21.599998,36.20521,1007.7734,
55.81_37.64,2024-09-21 22:00:00,14.7,12.139051,none,0.0,0.0,16.992609,30.599998,71.73829,998.1803,
55.81_37.64,2024-09-28 13:00:00,19.75,18.015282,none,0.0,0.0,22.314192,40.68,72.19273,990.2116,
55.81_37.65,2024-05-23 10:00:00,16.2,13.1511135,none,0.0,0.0,12.0694,26.64,37.03594,1011.5204,
55.81_37.65,2024-06-02 17:00:00,26.85,25.57582,none,0.0,0.0,12.413476,23.4,39.03853,992.86426,
55.81_37.65,2024-06-03 00:00:00,19.4,20.255692,none,0.0,0.0,9.531505,18.359999,83.064125,992.8381,
55.81_37.65,2024-06-12 21:00:00,20.35,21.788443,none,0.0,0.0,10.8955765,20.880001,87.74735,991.9244,
55.81_37.65,2024-08-21 22:00:00,16.0,14.057034,none,0.0,0.0,13.138765,22.68,66.88832,998.1421,
55.81_37.65,2024-09-14 22:00:00,18.7,15.44875,none,0.0,0.0,17.10284,28.44,46.655884,1006.73627,
55.81_37.71,2024-06-19 21:00:00,21.3,20.266418,none,0.0,0.0,16.992609,29.519999,64.77003,994.40753,
55.81_37.71,2024-07-07 01:00:00,14.15,12.941349,none,0.0,0.0,8.4963045,10.799999,76.35229,1001.9778,
55.81_37.71,2024-10-03 13:00:00,19.45,17.557537,none,0.0,0.0,9.3876505,20.519999,47.505966,1000.21344,
55.81_37.72,2024-07-01 16:00:00,30.4,30.14082,none,0.0,0.0,10.137692,23.759998,34.71259,991.7637,
55.81_37.72,2024-08-25 22:00:00,17.5,17.71302,none,0.0,0.0,6.725354,10.799999,78.40009,1001.6142,
55.81_37.72,2024-08-29 17:00:00,24.5,23.913342,none,0.0,0.0,7.386582,15.84,44.43633,1008.17377,
55.81_37.72,2024-10-03 22:00:00,11.8,8.920082,none,0.0,0.0,10.134495,16.56,59.232166,999.3402,
55.81_37.73,2024-06-30 17:00:00,28.75,28.412357,none,0.0,0.0,11.928989,23.4,41.27219,994.7703,
55.81_37.73,2024-07-14 10:00:00,27.05,29.96302,none,0.0,0.0,2.5455842,13.32,58.433468,994.772,
55.81_37.73,2024-09-27 15:00:00,19.05,14.303038,rain,0.3,0.0,31.974203,56.88,54.444424,993.7307,
55.81_37.76,2024-05-17 15:00:00,19.95,16.710176,none,0.0,0.0,16.055353,30.960001,41.422337,997.3317,
55.81_37.76,2024-05-19 13:00:00,17.45,16.541792,none,0.0,0.0,9.585739,24.48,45.041176,1002.0834,
55.81_37.76,2024-05-21 12:00:00,18.85,18.989483,rain,6.3,0.0,10.990322,24.84,69.722084,1001.438,
55.81_37.76,2024-07-25 18:00:00,23.35,22.819456,none,0.0,0.0,6.792466,13.679999,47.302704,990.3379,
55.81_37.76,2024-09-15 17:00:00,24.35,22.369066,none,0.0,0.0,8.707237,23.039999,33.470806,1007.6824,
55.81_37.76,2024-09-26 18:00:00,18.7,13.849306,none,0.0,0.0,19.84005,35.64,30.623577,1000.70404,
55.81_37.76,2024-09-28 17:00:00,22.55,19.867376,none,0.0,0.0,28.930204,51.12,60.99047,991.05884,
55.81_37.77,2024-08-12 06:00:00,12.1,9.876931,none,0.0,0.0,16.45007,28.08,90.24707,982.93976,
55.81_37.77,2024-08-21 11:00:00,20.5,20.152777,none,0.0,0.0,9.746631,22.68,59.92164,1000.1055,
55.81_37.77,2024-09-18 19:00:00,20.3,19.472498,none,0.0,0.0,3.4152596,4.68,47.418266,1012.2226,
55.81_37.77,2024-10-10 09:00:00,6.25,2.623496,none,0.0,0.0,14.248452,27.0,81.68951,995.22797,
55.81_37.78,2024-07-06 23:00:00,16.3,15.109301,none,0.0,0.0,7.5942073,12.24,64.7471,999.93256,
55.81_37.78,2024-09-01 10:00:00,24.2,24.37393,none,0.0,0.0,13.479583,27.72,60.97875,1005.7733,
55.81_37.78,2024-09-10 21:00:00,19.4,18.442558,none,0.0,0.0,10.163227,16.56,61.05669,997.6632,
55.81_37.78,2024-10-03 14:00:00,20.45,17.589905,none,0.0,0.0,12.140329,23.039999,37.872192,998.47064,
55.81_37.78,2024-10-10 21:00:00,8.55,4.9594946,none,0.0,0.0,16.712881,29.16,80.026054,995.3881,
55.81_37.79,2024-05-30 08:00:00,21.25,21.544252,none,0.0,0.0,6.0347,15.84,61.885887,995.359,
55.81_37.79,2024-06-07 22:00:00,18.95,17.07689,none,0.0,0.0,15.273505,27.72,60.549034,990.58124,
55.81_37.79,2024-06-20 18:00:00,14.4,10.383762,rain,0.1,0.0,27.748037,60.479996,75.12731,984.0376,
55.81_37.8,2024-06-07 00:00:00,17.6,18.192593,none,0.0,0.0,8.854829,14.4,87.78416,985.81335,
55.81_37.8,2024-06-21 19:00:00,19.95,18.312773,none,0.0,0.0,13.237038,27.72,56.14927,989.308,
55.81_37.8,2024-07-29 12:00:00,18.9,18.803507,rain,2.5,0.0,16.919998,31.319998,87.34205,979.7927,
55.81_37.8,2024-08-07 18:00:00,21.5,22.13851,none,0.0,0.0,5.3999996,13.679999,63.774876,989.3921,
55.81_37.8,2024-08-17 12:00:00,23.2,22.726742,none,0.0,0.0,14.81259,28.44,60.165802,992.6565,
55.81_37.8,2024-08-20 22:00:00,17.8,17.599598,none,0.0,0.0,11.165805,19.44,80.24223,996.0432,
55.81_37.8,2024-09-02 19:00:00,19.6,18.017586,none,0.0,0.0,9.422101,15.4800005,51.045208,1006.7632,
55.81_37.8,2024-09-10 09:00:00,18.6,18.040722,none,0.0,0.0,11.177405,22.68,71.51636,999.0887,
55.81_37.8,2024-09-18 22:00:00,13.2,11.796383,none,0.0,0.0,7.928178,9.0,75.94183,1010.28577,
55.81_37.8,2024-10-05 18:00:00,10.05,8.362169,none,0.0,0.0,5.9834766,12.959999,80.238434,996.86426,
55.81_37.81,2024-07-23 09:00:00,19.05,18.573475,none,0.0,0.0,10.966713,26.28,70.216606,994.83984,
55.81_37.81,2024-08-22 07:00:00,14.45,13.072796,none,0.0,0.0,12.303366,22.68,81.650246,995.80585,
55.81_37.82,2024-07-15 07:00:00,24.05,27.332876,none,0.0,0.0,5.1919937,16.199999,79.82808,995.33777,
55.81_37.82,2024-08-30 07:00:00,14.45,14.103693,none,0.0,0.0,8.209263,14.759999,89.24028,1007.8963,
55.81_37.82,2024-10-10 16:00:00,8.75,5.459441,none,0.0,0.0,13.929953,28.8,76.250946,995.88275,
55.81_37.83,2024-06-23 00:00:00,11.95,10.9775715,none,0.0,0.0,5.815978,7.92,84.96129,990.2866,
55.81_37.83,2024-06-25 23:00:00,16.6,14.893656,none,0.0,0.0,11.709688,20.519999,64.81298,994.042,
55.81_37.83,2024-07-12 21:00:00,22.35,21.623941,none,0.0,0.0,9.220499,14.759999,51.943176,998.0176,
55.81_37.84,2024-06-13 21:00:00,17.5,16.488531,rain,1.7,0.0,20.12461,36.36,88.90714,989.11163,
55.81_37.84,2024-07-22 14:00:00,21.95,22.577276,rain,0.2,0.0,12.522619,27.359999,73.28028,991.48047,
55.82_37.39,2024-07-14 17:00:00,27.55,29.471394,none,0.0,0.0,6.9153743,20.16,56.2138,996.95807,
55.82_37.39,2024-08-10 21:00:00,18.2,18.319933,rain,0.1,0.0,9.220499,18.72,78.757065,993.15955,
55.82_37.39,2024-08-18 20:00:00,18.85,19.765759,none,0.0,0.0,7.8625183,10.440001,83.53071,996.2185,
55.82_37.39,2024-08-25 12:00:00,25.1,27.14781,none,0.0,0.0,5.6920996,16.919998,58.5255,1002.71844,
55.82_37.4,2024-05-29 22:00:00,19.05,18.571602,none,0.0,0.0,6.130579,13.32,60.975025,998.0814,
55.82_37.4,2024-07-01 23:00:00,24.1,24.399113,none,0.0,0.0,13.324863,25.56,62.330128,991.70825,
55.82_37.43,2024-06-05 13:00:00,25.8,26.979013,none,0.0,0.0,9.885262,26.28,49.54238,994.2701,
55.82_37.43,2024-07-14 15:00:00,26.65,27.499039,rain,0.6,0.0,15.844089,26.64,61.151257,995.9973,
55.82_37.43,2024-09-09 12:00:00,24.3,23.289795,none,0.0,0.0,13.584932,27.0,46.93983,1008.3365,
55.82_37.43,2024-09-25 07:00:00,8.55,5.940504,none,0.0,0.0,7.8728137,12.599999,72.06253,1005.15784,
55.82_37.44,2024-05-27 17:00:00,22.25,19.997038,none,0.0,0.0,5.95906,17.28,30.764402,1011.0515,
55.82_37.45,2024-05-11 13:00:00,9.4,4.824833,rain,0.1,0.0,20.972897,42.48,55.762268,989.3882,
55.82_37.45,2024-07-26 15:00:00,23.8,22.165768,none,0.0,0.0,8.39657,20.16,37.538097,995.6272,
55.82_37.46,2024-06-01 19:00:00,26.8,26.046192,none,0.0,0.0,7.5685663,21.599998,37.630165,998.3926,
55.82_37.46,2024-06-19 09:00:00,21.75,21.578201,none,0.0,0.0,14.241629,28.08,61.59933,997.5153,
55.82_37.46,2024-07-01 14:00:00,29.5,30.188068,none,0.0,0.0,10.514218,24.84,39.392788,993.0699,
55.82_37.5,2024-06-22 23:00:00,15.55,15.252377,none,0.0,0.0,2.7416782,11.5199995,70.94383,990.0961,
55.82_37.5,2024-07-08 21:00:00,21.45,21.602436,none,0.0,0.0,9.3669195,11.5199995,65.011826,998.63165,
55.82_37.5,2024-07-19 18:00:00,23.65,22.87012,none,0.0,0.0,11.384198,23.039999,50.601994,991.606,
55.82_37.5,2024-07-27 21:00:00,20.4,19.736166,none,0.0,0.0,13.339445,21.599998,66.49112,993.45703,
55.82_37.5,2024-07-31 16:00:00,19.5,18.358362,rain,0.8,0.0,17.873554,40.32,71.91456,982.9688,
55.82_37.5,2024-09-07 11:00:00,21.55,22.01808,none,0.0,0.0,0.35999998,10.799999,49.546745,1011.2917,
55.82_37.5,2024-10-03 11:00:00,15.8,14.189371,none,0.0,0.0,5.3699164,14.4,54.904068,998.05554,
55.82_37.5,2024-10-07 06:00:00,9.65,7.939707,none,0.0,0.0,10.404249,18.359999,97.348114,986.95624,
55.82_37.51,2024-05-20 18:00:00,22.25,20.288692,none,0.0,0.0,11.457958,19.08,42.502853,993.657,
55.82_37.51,2024-08-31 16:00:00,26.1,25.318226,none,0.0,0.0,8.39657,17.28,40.00318,1005.6128,
55.82_37.52,2024-07-10 07:00:00,20.7,20.671345,none,0.0,0.0,11.384199,23.039999,69.40522,1005.1312,
55.82_37.52,2024-08-09 21:00:00,16.15,16.606861,none,0.0,0.0,6.28713,9.72,88.224915,992.1021,
55.82_37.52,2024-09-02 23:00:00,15.975,14.711571,none,0.0,0.0,7.760613,12.779999,65.3833,1006.3331,
55.82_37.52,2024-09-18 14:00:00,23.05,22.151165,none,0.0,0.0,2.3051248,12.959999,37.707893,1012.44635,
55.82_37.52,2024-09-25 14:00:00,21.4,18.608473,none,0.0,0.0,18.751125,33.12,47.400974,1000.7461,
55.82_37.56,2024-10-03 19:00:00,13.75,11.177671,none,0.0,0.0,8.649369,12.599999,53.80275,996.38214,
55.82_37.57,2024-06-05 16:00:00,26.3,25.311842,none,0.0,0.0,9.3876505,20.16,39.013298,989.7557,
55.82_37.57,2024-09-17 10:00:00,18.8,18.736086,none,0.0,0.0,7.072878,16.56,69.25872,1012.63403,
55.82_37.57,2024-09-26 10:00:00,15.45,10.797534,none,0.0,0.0,18.540874,31.68,37.75552,1000.44354,
55.82_37.57,2024-10-06 19:00:00,9.25,6.0294704,rain,1.4,0.0,17.313717,27.72,87.611786,996.15485,
55.82_37.58,2024-06-28 14:00:00,26.05,27.955688,none,0.0,0.0,4.198285,14.4,46.8019,997.4335,
55.82_37.58,2024-07-15 15:00:00,27.75,29.136055,rain,0.6,0.0,14.587776,28.08,60.078003,994.74976,
55.82_37.58,2024-08-07 15:00:00,22.75,22.989492,rain,0.1,0.0,5.4477882,13.679999,55.024414,988.31976,
55.82_37.58,2024-09-18 18:00:00,22.2,21.282597,none,0.0,0.0,3.219938,4.32,40.9367,1011.5075,
55.82_37.58,2024-10-07 01:00:00,9.95,6.741315,rain,5.5,0.0,20.49235,33.12,94.77057,990.6509,
55.82_37.59,2024-08-11 09:00:00,18.9,18.782495,rain,0.1,0.0,12.522619,24.84,78.605255,985.6609,
55.82_37.59,2024-09-04 12:00:00,21.3,19.56256,none,0.0,0.0,17.388409,32.760002,57.42079,1008.4687,
55.82_37.59,2024-10-03 09:00:00,11.1,8.492826,none,0.0,0.0,8.0599,15.119999,61.389378,998.0486,
55.82_37.6,2024-05-15 16:00:00,16.0,13.702961,none,0.0,0.0,0.35999998,10.799999,31.763834,1005.95807,
55.82_37.6,2024-05-23 10:00:00,16.35,12.995413,none,0.0,0.0,13.5515,27.0,35.517998,1009.1741,
55.82_37.6,2024-05-26 14:00:00,23.65,23.75986,none,0.0,0.0,16.09969,31.319998,54.01059,1003.8658,
55.82_37.6,2024-07-09 10:00:00,27.45,28.87276,none,0.0,0.0,6.989936,19.08,44.23274,1000.7903,
55.82_37.6,2024-07-10 07:00:00,19.0,19.227823,none,0.0,0.0,10.948973,21.24,79.635506,1004.70496,
55.82_37.6,2024-07-11 12:00:00,25.45,26.010431,none,0.0,0.0,5.4833565,18.359999,36.50762,1004.88416,
55.82_37.6,2024-09-27 08:00:00,16.85,11.739573,none,0.0,0.0,29.36704,47.519997,51.353138,993.43774,
55.82_37.61,2024-06-04 10:00:00,21.9,21.022781,none,0.0,0.0,16.92383,37.8,61.434433,987.6999,
55.82_37.61,2024-07-20 17:00:00,23.75,22.81327,none,0.0,0.0,14.707222,26.64,53.512333,988.1481,
55.82_37.61,2024-07-28 19:00:00,22.55,22.925497,none,0.0,0.0,11.966954,19.8,67.14935,989.6274,
55.82_37.61,2024-09-20 10:00:00,16.15,14.912025,none,0.0,0.0,8.891343,20.16,67.59436,1008.54004,
55.82_37.62,2024-05-31 16:00:00,28.55,26.722446,none,0.0,0.0,9.793059,21.24,28.445265,995.68494,
55.82_37.62,2024-06-03 08:00:00,23.1,23.589157,rain,0.1,0.0,13.75558,29.16,68.7706,987.87384,
55.82_37.62,2024-06-29 04:00:00,16.3,16.286924,none,0.0,0.0,9.885262,16.919998,88.23775,997.53503,
55.82_37.62,2024-07-03 16:00:00,32.3,28.925407,none,0.0,0.0,25.630886,48.239998,26.775093,985.16595,
55.82_37.62,2024-07-09 13:00:00,28.75,30.755692,none,0.0,0.0,6.8399997,18.72,42.76368,1000.84576,
55.82_37.62,2024-08-21 20:00:00,17.25,15.352488,none,0.0,0.0,12.7279215,20.880001,61.575336,997.28064,
55.82_37.62,2024-09-19 23:00:00,13.75,12.315842,none,0.0,0.0,7.9526596,19.8,72.778404,1008.40485,
55.82_37.63,2024-05-18 21:00:00,11.6,8.5902815,none,0.0,0.0,10.086427,17.28,57.13601,999.8694,
55.82_37.63,2024-06-18 01:00:00,18.4,19.765844,none,0.0,0.0,10.163227,18.0,96.60485,989.808,
55.82_37.63,2024-09-05 18:00:00,16.05,14.793739,none,0.0,0.0,6.638072,13.679999,62.549767,1012.83856,
55.82_37.63,2024-09-06 11:00:00,19.9,19.694502,none,0.0,0.0,4.896529,16.199999,54.662487,1013.82666,
55.82_37.63,2024-09-09 08:00:00,14.65,14.022278,none,0.0,0.0,6.638072,14.04,79.27866,1006.37494,
55.82_37.63,2024-09-22 18:00:00,10.9,7.891224,none,0.0,0.0,5.8048253,18.359999,46.085327,1001.9123,
55.82_37.64,2024-06-02 17:00:00,26.85,25.57582,none,0.0,0.0,12.413476,23.4,39.03853,993.7662,
55.82_37.64,2024-06-10 17:00:00,19.9,17.854893,none,0.0,0.0,21.24305,43.92,65.74099,993.94836,
55.82_37.64,2024-06-30 23:00:00,21.2,23.061218,none,0.0,0.0,5.692099,9.36,79.43618,995.22,
55.82_37.64,2024-07-07 04:00:00,12.05,11.335585,none,0.0,0.0,6.4096174,10.799999,91.45322,1003.94165,
55.82_37.64,2024-08-05 17:00:00,23.2,22.395813,none,0.0,0.0,10.195057,21.96,49.98785,989.6147,
55.82_37.64,2024-08-15 17:00:00,19.65,16.943151,none,0.0,0.0,16.394829,33.12,49.53278,997.1781,
55.82_37.64,2024-08-19 10:00:00,24.4,25.307524,none,0.0,0.0,7.342588,20.519999,56.155655,997.1866,
55.82_37.64,2024-08-26 23:00:00,18.65,19.291763,none,0.0,0.0,6.9247384,7.92,79.0763,1003.5128,
55.82_37.64,2024-08-29 15:00:00,24.8,23.983107,none,0.0,0.0,7.491114,15.84,41.668808,1007.7944,
55.82_37.64,2024-09-20 10:00:00,16.15,14.912025,none,0.0,0.0,8.891343,20.16,67.59436,1010.08453,
55.82_37.64,2024-10-03 14:00:00,20.2,17.352484,none,0.0,0.0,12.585848,24.48,39.40425,999.0521,
55.82_37.64,2024-10-07 08:00:00,11.65,10.431328,rain,0.2,0.0,10.692969,18.359999,96.42559,990.2145,
55.82_37.65,2024-05-14 10:00:00,7.5,5.0446863,none,0.0,0.0,3.8773184,15.119999,65.502525,1004.69147,
55.82_37.65,2024-06-20 09:00:00,22.15,22.49707,rain,0.3,0.0,18.057508,41.039997,78.0849,986.0311,
55.82_37.65,2024-06-22 19:00:00,19.55,18.18131,none,0.0,0.0,9.3876505,19.8,53.847813,991.4366,
55.82_37.65,2024-07-09 14:00:00,28.75,30.755692,none,0.0,0.0,6.8399997,18.72,42.76368,1002.4274,
55.82_37.65,2024-07-18 12:00:00,26.6,29.393242,rain,0.2,0.0,4.39436,18.359999,60.948765,997.26324,
55.82_37.65,2024-09-03 13:00:00,25.05,24.215878,none,0.0,0.0,8.12197,20.880001,38.147167,1009.26953,
55.82_37.65,2024-09-17 19:00:00,18.9,17.80918,none,0.0,0.0,7.289445,7.92,55.698128,1014.7695,
55.82_37.65,2024-09-22 10:00:00,11.05,7.650687,none,0.0,0.0,12.24,27.359999,57.60382,1004.6427,
55.82_37.66,2024-06-15 11:00:00,21.85,22.93134,none,0.0,0.0,2.5455842,12.599999,53.726658,998.22656,
55.82_37.66,2024-06-18 08:00:00,21.15,22.127789,none,0.0,0.0,12.964998,27.0,81.713974,989.9239,
55.82_37.66,2024-07-26 20:00:00,18.15,17.396124,none,0.0,0.0,6.5693827,10.08,61.5789,996.2779,
55.82_37.66,2024-09-09 16:00:00,24.25,23.478888,none,0.0,0.0,7.5942082,18.72,43.638355,1004.6196,
55.82_37.66,2024-09-25 03:00:00,9.85,7.0084505,none,0.0,0.0,8.287822,14.4,61.96106,1005.30853,
55.82_37.66,2024-09-25 08:00:00,10.65,7.6031322,none,0.0,0.0,11.555102,18.359999,64.82403,1005.23364,
55.82_37.66,2024-10-02 20:00:00,12.95,9.926169,none,0.0,0.0,13.8049555,23.039999,62.47302,1000.7509,
55.82_37.67,2024-08-08 08:00:00,17.95,18.948042,none,0.0,0.0,5.8048253,14.04,85.32203,992.3154,
55.82_37.68,2024-06-05 17:00:00,25.85,25.496359,none,0.0,0.0,6.2145634,18.0,41.549023,991.29596,
55.82_37.68,2024-10-02 16:00:00,18.8,16.254295,none,0.0,0.0,13.437455,26.64,48.635643,1000.55023,
55.82_37.69,2024-05-29 20:00:00,23.45,22.785006,none,0.0,0.0,7.928178,16.919998,47.329906,998.8052,
55.82_37.7,2024-06-29 14:00:00,28.5,31.16505,none,0.0,0.0,5.6920996,16.919998,50.890327,997.98755,
55.82_37.72,2024-07-21 01:00:00,16.4,16.50031,none,0.0,0.0,9.360001,17.28,88.246284,991.07135,
55.82_37.74,2024-10-01 20:00:00,12.6,9.739641,none,0.0,0.0,16.208996,28.08,74.063736,1002.86304,
55.82_37.74,2024-10-06 20:00:00,9.25,5.860235,rain,1.3,0.0,19.14865,33.48,90.036255,996.7894,
55.82_37.74,2024-10-09 18:00:00,6.7,3.6742964,none,0.0,0.0,9.67657,19.44,77.26434,995.4496,
55.82_37.75,2024-08-28 17:00:00,24.75,25.493374,none,0.0,0.0,11.27553,24.119999,61.298725,1007.0194,
55.82_37.75,2024-09-14 20:00:00,19.9,17.251373,none,0.0,0.0,14.658676,24.48,46.354794,1005.9093,
55.82_37.78,2024-07-30 07:00:00,15.35,15.246811,none,0.0,0.0,5.634891,13.679999,82.035225,980.54,
55.82_37.79,2024-05-22 19:00:00,16.85,13.136538,none,0.0,0.0,14.77755,25.199999,40.389008,1003.6186,
55.82_37.79,2024-06-03 17:00:00,23.3,21.471611,none,0.0,0.0,19.862083,42.48,53.5714,987.21454,
55.82_37.79,2024-08-29 17:00:00,24.5,23.913342,none,0.0,0.0,7.386582,15.84,44.43633,1007.59717,
55.82_37.8,2024-07-18 12:00:00,25.65,28.22517,rain,0.1,0.0,9.360001,25.919998,68.62179,996.4823,
55.82_37.8,2024-08-29 08:00:00,18.9,18.842031,none,0.0,0.0,8.217153,19.08,71.107864,1009.4224,
55.82_37.81,2024-05-24 20:00:00,14.75,12.189205,none,0.0,0.0,8.64,14.04,50.607967,1012.0253,
55.82_37.81,2024-07-03 19:00:00,27.0,27.762646,none,0.0,0.0,13.339445,29.16,56.25669,987.39966,
55.82_37.81,2024-08-11 20:00:00,15.15,13.764511,none,0.0,0.0,10.703569,21.599998,74.01154,983.2052,
55.82_37.81,2024-10-04 18:00:00,10.7,8.700772,rain,0.4,0.0,13.239486,24.84,93.538704,993.8897,
55.82_37.82,2024-08-27 18:00:00,23.4,25.203625,none,0.0,0.0,7.289444,8.28,71.257706,1003.0897,
55.82_37.84,2024-09-07 16:00:00,23.35,22.886162,none,0.0,0.0,2.3051248,9.72,41.400455,1010.8256,
55.82_37.84,2024-10-03 21:00:00,11.95,9.063792,none,0.0,0.0,10.383987,17.28,59.269238,997.56134,
55.82_37.87,2024-05-24 13:00:00,19.25,18.96886,none,0.0,0.0,4.6938257,18.359999,37.26466,1012.9786,
55.82_37.87,2024-08-17 02:00:00,14.3,13.983141,none,0.0,0.0,6.9899354,11.879999,87.48826,993.0321,
55.82_37.87,2024-08-28 09:00:00,22.5,24.375696,none,0.0,0.0,9.9571085,23.4,80.11507,1005.1692,
55.82_37.87,2024-08-29 19:00:00,18.75,18.520763,none,0.0,0.0,8.089993,13.32,69.24887,1005.8051,
55.83_37.35,2024-05-26 11:00:00,21.25,20.494585,rain,0.3,0.0,15.986595,35.28,58.73998,1004.48865,
55.83_37.35,2024-06-17 07:00:00,19.2,18.36164,none,0.0,0.0,17.727943,33.12,77.64569,991.2779,
55.83_37.35,2024-06-28 20:00:00,21.05,21.054577,none,0.0,0.0,7.42159,10.799999,61.639202,995.84894,
55.83_37.35,2024-07-06 14:00:00,22.25,20.129011,none,0.0,0.0,19.586117,39.239998,41.93259,995.03186,
55.83_37.35,2024-10-02 22:00:00,11.85,8.704823,none,0.0,0.0,11.953409,22.319998,59.03718,996.8114,
55.83_37.38,2024-06-21 10:00:00,18.05,15.887829,none,0.0,0.0,19.201874,38.16,59.934727,992.96423,
55.83_37.39,2024-05-09 05:00:00,-1.35,-6.791624,none,0.0,1.0,17.782686,33.48,72.81584,1004.8125,
55.83_37.39,2024-08-10 21:00:00,18.2,18.319933,rain,0.1,0.0,9.220499,18.72,78.757065,993.6242,
55.83_37.4,2024-07-25 08:00:00,21.2,22.55015,none,0.0,0.0,5.991594,16.56,74.087364,991.64716,
55.83_37.4,2024-08-28 16:00:00,25.15,25.763054,none,0.0,0.0,11.165805,23.759998,58.537415,1008.06195,
55.83_37.4,2024-10-01 00:00:00,8.4,3.4353356,none,0.0,0.0,23.688984,42.12,71.528625,1005.25806,
55.83_37.41,2024-06-14 16:00:00,21.3,20.313465,none,0.0,0.0,10.464797,25.56,54.47729,996.015,
55.83_37.41,2024-07-02 19:00:00,28.55,28.747223,none,0.0,0.0,14.277983,28.8,48.23435,987.7014,
55.83_37.41,2024-07-16 16:00:00,28.4,28.205452,none,0.0,0.0,14.332341,29.16,45.7951,1000.1899,
55.83_37.41,2024-08-31 18:00:00,21.95,21.74504,none,0.0,0.0,8.854829,14.759999,58.335365,1007.61633,
55.83_37.41,2024-09-10 17:00:00,21.5,19.711138,none,0.0,0.0,14.168641,37.079998,50.869213,1000.65045,
55.83_37.42,2024-07-13 04:00:00,17.0,17.32026,none,0.0,0.0,6.725354,10.440001,82.509285,998.8671,
55.83_37.42,2024-10-09 16:00:00,6.7,3.730771,none,0.0,0.0,9.67657,19.8,78.92003,997.89746,
55.83_37.43,2024-08-25 23:00:00,17.4,17.699434,none,0.0,0.0,8.373386,12.24,83.63158,1002.44934,
55.83_37.45,2024-06-15 23:00:00,17.0,17.18411,none,0.0,0.0,7.4128532,12.24,81.97586,995.47003,
55.83_37.45,2024-07-19 09:00:00,19.9,21.281467,rain,0.9,0.0,11.91812,21.599998,91.362404,994.13446,
55.83_37.45,2024-09-07 18:00:00,21.95,23.279129,none,0.0,0.0,1.9386592,5.7599998,64.07972,1009.6641,
55.83_37.45,2024-09-11 12:00:00,23.75,21.580761,none,0.0,0.0,19.296135,36.0,47.25539,997.0075,
55.83_37.45,2024-09-19 12:00:00,19.45,18.46584,none,0.0,0.0,12.229406,23.4,64.36796,1010.595,
55.83_37.46,2024-06-09 09:00:00,17.3,16.211475,none,0.0,0.0,8.161764,20.880001,63.468143,991.963,
55.83_37.47,2024-07-26 02:00:00,14.5,13.516388,none,0.0,0.0,6.9527545,14.04,74.64347,991.29987,
55.83_37.49,2024-06-28 09:00:00,21.1,22.461216,none,0.0,0.0,2.9024127,12.24,69.48284,998.2919,
55.83_37.49,2024-08-29 17:00:00,24.5,23.555511,none,0.0,0.0,8.161764,15.84,42.141834,1005.5082,
55.83_37.49,2024-10-03 07:00:00,8.05,5.5756626,none,0.0,0.0,6.945761,11.879999,74.54764,997.3746,
55.83_37.5,2024-08-05 20:00:00,19.7,20.108418,none,0.0,0.0,7.491114,14.759999,72.18369,988.0979,
55.83_37.51,2024-09-20 17:00:00,19.55,17.6096,none,0.0,0.0,12.7279215,24.119999,52.776173,1004.01794,
55.83_37.52,2024-07-31 14:00:00,19.05,17.239874,none,0.0,0.0,17.555307,30.960001,65.34497,983.0048,
55.83_37.52,2024-08-31 14:00:00,25.05,24.65032,none,0.0,0.0,11.246759,23.759998,49.343513,1005.9556,
55.83_37.52,2024-09-09 08:00:00,14.65,14.08404,none,0.0,0.0,6.2145634,13.32,79.27866,1005.5633,
55.83_37.57,2024-08-03 17:00:00,22.4,20.953417,none,0.0,0.0,12.864649,21.599998,49.77455,985.2476,
55.83_37.57,2024-09-25 10:00:00,15.55,12.639421,none,0.0,0.0,13.026081,24.48,52.7988,1001.2727,
55.83_37.57,2024-10-07 11:00:00,14.45,14.149006,none,0.0,0.0,8.825508,18.0,91.605354,987.7857,
55.83_37.58,2024-08-21 07:00:00,15.5,14.840851,none,0.0,0.0,8.891344,17.64,79.92504,998.7416,
55.83_37.58,2024-09-25 08:00:00,13.4,10.480915,none,0.0,0.0,11.525623,20.880001,56.402573,1001.478,
55.83_37.59,2024-05-17 19:00:00,15.65,12.240332,none,0.0,0.0,17.227419,27.0,54.30211,997.14343,
55.83_37.59,2024-06-29 13:00:00,27.95,30.949036,none,0.0,0.0,6.130579,18.0,53.550285,996.08105,
55.83_37.59,2024-09-22 17:00:00,13.25,9.262246,none,0.0,0.0,10.703569,21.599998,34.479115,1001.04767,
55.83_37.6,2024-05-28 15:00:00,24.6,24.361143,none,0.0,0.0,7.2805495,20.519999,35.658413,1002.9816,
55.83_37.6,2024-06-16 23:00:00,19.75,18.442577,none,0.0,0.0,15.596767,33.12,65.28147,994.56354,
55.83_37.6,2024-07-17 20:00:00,27.25,28.003464,none,0.0,0.0,4.5820518,9.36,45.190536,997.0187,
55.83_37.61,2024-06-29 17:00:00,29.75,30.424515,none,0.0,0.0,2.5455842,10.799999,36.50604,996.0063,
55.83_37.62,2024-06-28 13:00:00,25.75,28.27657,none,0.0,0.0,3.0758414,13.32,48.106888,997.7245,
55.83_37.62,2024-07-21 11:00:00,23.15,23.98502,rain,0.1,0.0,11.384198,27.0,61.71974,989.23535,
55.83_37.63,2024-06-25 21:00:00,18.05,16.398842,none,0.0,0.0,11.720751,21.24,59.934727,995.3591,
55.83_37.63,2024-08-26 20:00:00,21.3,21.98493,none,0.0,0.0,6.618519,7.92,67.10882,1003.414,
55.83_37.63,2024-09-07 17:00:00,22.5,22.433578,none,0.0,0.0,1.1384199,4.32,45.985573,1011.6968,
55.83_37.64,2024-06-24 22:00:00,14.95,12.713951,none,0.0,0.0,14.764389,25.919998,70.59219,994.7955,
55.83_37.64,2024-08-06 09:00:00,19.65,20.34209,none,0.0,0.0,8.707238,20.880001,78.212364,991.5748,
55.83_37.64,2024-08-14 09:00:00,17.45,15.549273,none,0.0,0.0,19.67195,37.8,75.38685,993.5469,
55.83_37.64,2024-08-17 09:00:00,19.95,20.167376,none,0.0,0.0,10.883676,21.599998,74.82876,994.4548,
55.83_37.64,2024-08-20 22:00:00,17.55,17.305729,none,0.0,0.0,10.966713,19.44,80.468285,999.7462,
55.83_37.64,2024-08-22 17:00:00,23.75,21.636837,none,0.0,0.0,18.289274,34.2,47.09983,996.6588,
55.83_37.64,2024-09-12 18:00:00,23.9,20.42795,none,0.0,0.0,22.366402,39.239998,39.251408,1002.2066,
55.83_37.65,2024-06-03 11:00:00,22.65,22.812843,rain,0.1,0.0,14.693999,33.839996,68.68237,989.9566,
55.83_37.65,2024-06-22 13:00:00,20.15,16.949594,none,0.0,0.0,20.12461,41.760002,46.110256,992.42377,
55.83_37.65,2024-07-01 19:00:00,28.95,30.940868,none,0.0,0.0,4.452954,13.32,49.73612,990.9746,
55.83_37.65,2024-07-06 11:00:00,20.85,19.765974,rain,0.1,0.0,18.837322,38.519997,57.499115,997.2864,
55.83_37.65,2024-07-14 23:00:00,23.3,26.11305,none,0.0,0.0,1.609969,4.32,73.513214,995.94507,
55.83_37.65,2024-07-15 09:00:00,26.8,30.525997,none,0.0,0.0,3.319036,16.199999,66.958305,997.5067,
55.83_37.65,2024-07-25 18:00:00,23.05,22.45668,none,0.0,0.0,7.653705,15.84,48.808746,992.9417,
55.83_37.65,2024-08-01 21:00:00,15.5,14.344635,none,0.0,0.0,12.849528,23.4,81.24996,984.73724,
55.83_37.65,2024-08-08 17:00:00,21.3,21.525194,none,0.0,0.0,10.163227,24.48,67.75943,992.7185,
55.83_37.65,2024-08-25 00:00:00,16.45,16.12677,none,0.0,0.0,10.163227,17.28,83.250275,1002.0801,
55.83_37.65,2024-09-02 19:00:00,19.5,17.757895,none,0.0,0.0,9.779817,15.84,49.996407,1009.3369,
55.83_37.66,2024-05-28 11:00:00,22.15,21.285976,none,0.0,0.0,8.654986,21.96,37.067806,1008.77234,
55.83_37.66,2024-06-24 19:00:00,18.9,17.806087,none,0.0,0.0,9.826088,22.68,60.53728,992.2128,
55.83_37.66,2024-07-04 19:00:00,27.5,27.424252,none,0.0,0.0,16.87398,30.239998,52.099827,992.80414,
55.83_37.66,2024-07-23 18:00:00,21.6,19.94416,none,0.0,0.0,12.24,21.96,48.90405,997.04626,
55.83_37.82,2024-09-17 04:00:00,11.45,10.46355,none,0.0,0.0,7.072878,11.879999,91.41456,1011.57983,
55.83_37.82,2024-10-07 23:00:00,12.2,11.7806015,none,0.0,0.0,4.6938252,11.5199995,91.46286,986.5549,
55.84_37.34,2024-10-06 19:00:00,8.95,5.7505817,rain,1.2,0.0,16.755476,28.44,87.88457,994.955,
55.84_37.35,2024-05-11 15:00:00,10.2,5.7124805,none,0.0,0.0,20.808498,39.96,48.991352,986.93964,
55.84_37.35,2024-06-24 19:00:00,18.8,17.623825,none,0.0,0.0,10.182337,22.68,60.513714,990.3401,
55.84_37.35,2024-06-25 00:00:00,12.8,11.039426,none,0.0,0.0,9.826088,17.64,76.39052,991.5722,
55.84_37.35,2024-08-14 11:00:00,19.4,17.441412,rain,0.1,0.0,19.734436,37.44,65.84962,991.6263,
55.84_37.35,2024-08-18 02:00:00,17.85,18.897701,none,0.0,0.0,9.3669195,16.199999,93.877716,989.1896,
55.84_37.35,2024-09-12 19:00:00,21.85,18.539547,none,0.0,0.0,19.191748,41.039997,41.11598,1000.31995,
55.84_37.36,2024-05-20 21:00:00,18.15,14.846666,none,0.0,0.0,16.179987,28.08,45.709,995.9456,
55.84_37.36,2024-08-03 17:00:00,22.25,21.061062,none,0.0,0.0,11.525623,23.039999,50.8994,984.54175,
55.84_37.36,2024-08-09 19:00:00,19.6,19.856764,none,0.0,0.0,8.4042845,24.119999,72.39905,991.9107,
55.84_37.36,2024-09-18 14:00:00,23.1,22.319376,none,0.0,0.0,2.5455842,12.599999,39.15698,1012.21716,
55.84_37.36,2024-10-04 11:00:00,11.45,9.248586,rain,1.2,0.0,10.914888,23.039999,77.48061,994.1095,
55.84_37.36,2024-10-08 09:00:00,12.25,10.36014,rain,0.2,0.0,14.98331,25.919998,91.770294,983.4034,
55.84_37.36,2024-10-10 17:00:00,9.25,6.055149,none,0.0,0.0,14.148046,30.239998,76.865326,994.3468,
55.84_37.37,2024-06-19 12:00:00,23.25,22.97518,none,0.0,0.0,16.09969,33.12,53.558586,994.5576,
55.84_37.37,2024-06-24 12:00:00,19.7,18.343077,none,0.0,0.0,12.287555,26.64,50.900352,990.9933,
55.84_37.37,2024-08-06 21:00:00,17.25,17.85952,none,0.0,0.0,6.12,11.879999,84.15598,989.7372,
55.84_37.37,2024-09-10 08:00:00,15.95,15.2723255,none,0.0,0.0,10.823973,20.519999,81.8428,998.4587,
55.84_37.38,2024-05-18 15:00:00,18.1,15.898491,none,0.0,0.0,12.218805,28.8,39.34791,1000.5824,
55.84_37.38,2024-05-21 18:00:00,20.35,19.415545,none,0.0,0.0,9.360001,17.28,56.435886,998.7234,
55.84_37.38,2024-07-18 22:00:00,22.9,25.384148,none,0.0,0.0,4.0249224,6.8399997,75.549736,994.3711,
55.84_37.38,2024-07-24 02:00:00,13.7,13.060295,none,0.0,0.0,6.4096174,12.959999,83.473045,995.3657,
55.84_37.38,2024-08-04 17:00:00,22.3,21.311571,none,0.0,0.0,10.691453,24.119999,51.58898,985.58185,
55.84_37.38,2024-10-01 08:00:00,9.3,5.1829157,none,0.0,0.0,20.620806,39.239998,77.14046,1003.71295,
55.84_37.39,2024-05-12 00:00:00,2.95,-1.4873786,rain,0.1,0.0,15.034041,34.92,76.37062,997.0324,
55.84_37.39,2024-05-17 01:00:00,11.45,9.541513,none,0.0,0.0,13.493999,29.519999,91.72055,995.9855,
55.84_37.39,2024-07-10 15:00:00,26.0,25.250801,none,0.0,0.0,13.493999,29.88,40.240536,1004.3478,
55.84_37.39,2024-07-18 20:00:00,23.9,26.159182,none,0.0,0.0,5.0911684,6.8399997,70.45972,994.32166,
55.84_37.39,2024-07-23 07:00:00,17.85,17.047913,none,0.0,0.0,13.202726,26.64,75.69869,997.8096,
55.84_37.39,2024-08-05 08:00:00,17.5,18.267054,none,0.0,0.0,6.989936,16.919998,86.93482,990.2147,
55.84_37.39,2024-09-04 18:00:00,17.5,15.011742,none,0.0,0.0,14.003029,29.16,54.78197,1008.17096,
55.84_37.39,2024-09-16 23:00:00,14.45,13.082741,none,0.0,0.0,8.049845,14.759999,70.97191,1013.2577,
55.84_37.39,2024-09-20 16:00:00,19.45,17.674099,none,0.0,0.0,11.792404,24.84,53.46249,1004.2258,
55.84_37.39,2024-09-26 15:00:00,20.1,15.831816,none,0.0,0.0,20.199335,38.16,35.847855,999.1265,
55.84_37.39,2024-10-02 17:00:00,17.6,14.981676,none,0.0,0.0,13.513193,24.119999,51.554173,997.4945,
55.84_37.4,2024-06-29 11:00:00,27.0,29.182629,none,0.0,0.0,6.12,18.0,54.506733,998.11096,
55.84_37.4,2024-08-04 15:00:00,22.45,22.855469,none,0.0,0.0,10.464797,23.4,61.16447,985.3124,
55.84_37.4,2024-09-24 01:00:00,7.05,4.232458,none,0.0,0.0,8.12197,14.4,74.89965,1003.81146,
55.84_37.4,2024-10-07 14:00:00,17.35,18.016867,none,0.0,0.0,7.2805495,18.0,86.92073,986.86426,
55.84_37.41,2024-05-31 14:00:00,28.4,28.664032,none,0.0,0.0,10.086427,24.119999,34.38251,998.46185,
55.84_37.41,2024-09-28 22:00:00,17.2,16.857794,none,0.0,0.0,15.266079,26.64,90.02992,997.478,
55.84_37.42,2024-07-19 17:00:00,23.65,22.87012,none,0.0,0.0,11.384198,23.039999,50.601994,994.9106,
55.84_37.42,2024-09-19 10:00:00,18.85,17.973568,none,0.0,0.0,9.826088,19.8,63.604206,1011.8167,
55.84_37.42,2024-10-06 18:00:00,9.65,6.44168,rain,0.5,0.0,15.070633,25.919998,77.73178,997.3712,
55.84_37.43,2024-06-04 09:00:00,20.6,19.588089,none,0.0,0.0,16.595179,34.92,67.18183,986.57166,
55.84_37.43,2024-06-05 09:00:00,22.35,22.912323,none,0.0,0.0,9.178235,24.48,65.62321,991.5554,
55.84_37.43,2024-10-09 19:00:00,6.15,3.1170692,none,0.0,0.0,9.220499,19.08,78.00238,994.00903,
55.84_37.44,2024-06-19 18:00:00,24.4,24.328087,none,0.0,0.0,10.636766,26.64,54.026127,991.9231,
55.84_37.44,2024-06-27 20:00:00,21.65,21.436302,none,0.0,0.0,10.00256,20.16,61.178226,995.13855,
55.84_37.44,2024-07-11 19:00:00,23.8,22.77592,none,0.0,0.0,8.404285,12.599999,43.51322,1002.0466,
55.84_37.44,2024-08-10 09:00:00,19.9,20.710337,none,0.0,0.0,7.8954163,21.24,77.0091,991.91394,
55.84_37.44,2024-08-21 12:00:00,21.95,21.727186,none,0.0,0.0,10.853866,23.759998,52.527306,997.14966,
55.84_37.45,2024-03-27 15:00:00,4.3,0.63460684,none,0.0,26.0,9.007196,10.08,65.735176,994.4591,
55.84_37.45,2024-05-27 17:00:00,22.25,19.997038,none,0.0,0.0,5.95906,17.28,30.764402,1006.8649,
55.84_37.45,2024-06-07 18:00:00,20.9,18.395575,none,0.0,0.0,20.65848,37.8,55.46439,990.3991,
55.84_37.45,2024-09-09 20:00:00,17.3,16.558369,none,0.0,0.0,8.473393,12.959999,69.19024,1000.3951,
55.84_37.45,2024-09-28 05:00:00,13.8,12.293177,rain,2.5,0.0,16.167967,28.44,93.077644,991.09607,
55.84_37.46,2024-05-27 16:00:00,22.35,20.658056,none,0.0,0.0,6.439876,18.359999,30.792736,1007.0316,
55.84_37.46,2024-06-12 23:00:00,18.85,21.103897,rain,0.1,0.0,5.1544156,10.08,96.01202,989.8362,
55.84_37.46,2024-08-22 16:00:00,24.05,22.011961,none,0.0,0.0,18.875126,34.92,47.805946,994.02136,
55.84_37.47,2024-09-07 10:00:00,18.3,18.884315,none,0.0,0.0,1.1384199,10.440001,68.48294,1013.07587,
55.84_37.48,2024-05-30 21:00:00,18.8,16.660456,none,0.0,0.0,9.726664,12.959999,46.843674,993.93176,
55.84_37.49,2024-06-02 19:00:00,24.5,22.733372,none,0.0,0.0,21.129885,34.92,52.16269,990.5419,
55.84_37.49,2024-09-16 17:00:00,23.1,21.461988,none,0.0,0.0,9.422101,22.319998,40.639786,1008.339,
55.84_37.5,2024-05-15 08:00:00,10.55,9.138598,none,0.0,0.0,2.5959969,11.159999,72.68891,1004.72284,
55.84_37.51,2024-05-24 16:00:00,20.85,18.97868,none,0.0,0.0,5.7599998,15.84,30.691347,1011.75073,
55.84_37.51,2024-10-08 19:00:00,12.35,11.548165,none,0.0,0.0,9.109138,16.56,95.81053,986.1734,
55.84_37.53,2024-05-22 08:00:00,15.3,13.423468,none,0.0,0.0,8.854829,19.08,60.703186,1000.35095,
55.84_37.53,2024-08-30 18:00:00,23.05,23.734518,none,0.0,0.0,4.452954,12.599999,57.102962,1005.6885,
55.84_37.54,2024-10-04 12:00:00,12.0,9.725155,rain,0.9,0.0,9.927779,23.039999,70.257256,994.0084,
55.84_37.55,2024-07-04 12:00:00,32.25,33.573753,none,0.0,0.0,14.512064,28.44,37.437172,991.0091,
55.84_37.55,2024-07-30 07:00:00,15.25,15.197435,none,0.0,0.0,5.3999996,13.679999,82.83507,979.6083,
55.84_37.57,2024-06-30 15:00:00,29.9,28.986507,none,0.0,0.0,15.124284,27.359999,35.839973,993.66406,
55.84_37.57,2024-08-11 11:00:00,16.35,15.2295685,rain,3.4,0.0,15.629971,36.719997,83.78177,985.61163,
55.84_37.57,2024-08-26 00:00:00,17.35,17.339605,none,0.0,0.0,7.8954163,12.24,78.37794,999.47546,
55.84_37.57,2024-09-11 15:00:00,25.15,22.51093,none,0.0,0.0,19.881649,36.36,40.67279,996.2457,
55.84_37.58,2024-09-07 18:00:00,22.45,23.72068,none,0.0,0.0,1.4399999,7.2,60.77088,1009.48224,
55.84_37.59,2024-06-03 10:00:00,21.6,21.37777,rain,1.2,0.0,17.339897,30.960001,73.21942,987.6809,
55.84_37.62,2024-09-14 18:00:00,22.15,20.065506,none,0.0,0.0,13.0447235,26.64,43.93063,1007.3769,
55.84_37.63,2024-06-09 18:00:00,21.6,18.321983,none,0.0,0.0,12.783802,25.199999,31.674109,992.6696,
55.84_37.64,2024-05-14 15:00:00,10.0,7.1431694,none,0.0,0.0,7.9526596,19.44,59.83813,1005.1671,
55.84_37.64,2024-06-16 23:00:00,20.55,18.616278,none,0.0,0.0,21.194187,36.36,64.398056,997.7447,
55.84_37.64,2024-07-23 22:00:00,16.7,15.086611,none,0.0,0.0,10.587918,17.28,63.332954,997.5713,
55.84_37.64,2024-08-20 12:00:00,23.55,24.88752,rain,0.1,0.0,13.202726,28.8,73.78659,997.05865,
55.84_37.64,2024-09-20 18:00:00,16.35,14.839508,none,0.0,0.0,10.661107,18.0,66.51582,1006.38055,
55.84_37.64,2024-09-29 18:00:00,13.9,11.44499,none,0.0,0.0,15.885956,30.960001,74.54059,1001.2665,
55.84_37.66,2024-06-18 15:00:00,23.15,24.633598,rain,0.4,0.0,15.629972,32.039997,76.780525,988.7947,
55.84_37.66,2024-06-27 18:00:00,24.15,22.410542,none,0.0,0.0,14.759999,29.16,44.634136,997.027,
55.84_37.66,2024-06-28 18:00:00,26.8,26.612244,none,0.0,0.0,4.2136917,9.36,38.258427,998.8477,
55.84_37.66,2024-07-01 19:00:00,28.95,30.940868,none,0.0,0.0,4.452954,13.32,49.73612,989.97,
55.84_37.66,2024-07-04 14:00:00,32.35,32.571625,none,0.0,0.0,13.70839,27.72,32.941494,993.57117,
55.84_37.66,2024-07-20 10:00:00,22.1,22.460917,none,0.0,0.0,12.181624,27.72,67.920395,991.20776,
55.84_37.66,2024-08-10 00:00:00,14.6,14.937683,none,0.0,0.0,5.634891,9.0,93.72697,993.69824,
55.84_37.66,2024-09-16 21:00:00,16.75,14.724798,none,0.0,0.0,10.390226,17.28,56.47832,1010.68146,
55.84_37.67,2024-05-18 11:00:00,16.2,13.591181,none,0.0,0.0,14.565548,30.239998,42.84177,1003.67786,
55.84_37.67,2024-05-27 22:00:00,15.05,12.7416,none,0.0,0.0,7.9932966,12.24,52.30142,1008.20764,
55.84_37.67,2024-06-13 08:00:00,22.25,23.796747,none,0.0,0.0,7.9932976,22.68,74.73486,989.4062,
55.84_37.67,2024-07-02 16:00:00,31.0,29.599888,none,0.0,0.0,19.130875,36.719997,35.10635,987.0812,
55.84_37.67,2024-07-31 11:00:00,18.8,17.34251,rain,0.1,0.0,16.279802,33.48,68.58308,984.90735,
55.84_37.67,2024-08-13 19:00:00,17.25,15.528952,none,0.0,0.0,16.279802,33.48,71.73556,990.4694,
55.84_37.81,2024-08-18 18:00:00,24.6,25.91498,none,0.0,0.0,6.2145634,19.44,60.298496,990.2243,
55.84_37.82,2024-08-16 21:00:00,16.05,15.638582,none,0.0,0.0,7.4128532,12.24,77.672264,993.35046,
55.84_37.82,2024-09-16 14:00:00,23.45,21.678436,none,0.0,0.0,11.367109,25.56,41.289803,1008.086,
55.85_37.34,2024-06-25 02:00:00,12.4,10.664437,none,0.0,0.0,9.114471,16.199999,76.844444,992.17114,
55.85_37.34,2024-08-22 12:00:00,22.45,21.934963,none,0.0,0.0,16.92383,32.399998,62.761364,993.73663,
55.85_37.34,2024-08-29 11:00:00,21.85,21.737368,none,0.0,0.0,9.0645685,21.599998,59.655106,1006.22156,
55.85_37.34,2024-09-16 12:00:00,23.65,21.861301,none,0.0,0.0,12.682018,25.56,41.20774,1007.8679,
55.85_37.35,2024-05-21 18:00:00,19.95,19.600216,none,0.0,0.0,7.0911775,17.28,60.98379,997.28937,
55.85_37.35,2024-08-19 17:00:00,26.0,27.646791,none,0.0,0.0,4.2136917,13.32,55.83405,992.2931,
55.85_37.35,2024-10-11 19:00:00,10.5,7.0290785,none,0.0,0.0,18.864824,32.039997,80.02739,993.6129,
55.85_37.36,2024-06-07 17:00:00,21.85,19.120996,none,0.0,0.0,23.1774,46.44,53.90375,989.6781,
55.85_37.36,2024-06-10 09:00:00,20.9,18.777649,none,0.0,0.0,15.844089,33.12,51.73404,990.3973,
55.85_37.36,2024-06-17 15:00:00,21.15,22.648167,rain,1.0,0.0,15.546833,36.719997,92.00949,987.785,
55.85_37.36,2024-06-20 14:00:00,13.9,10.421446,rain,2.5,0.0,28.337282,61.920002,88.90368,979.8385,
55.85_37.36,2024-06-22 20:00:00,18.25,17.155699,none,0.0,0.0,9.107359,16.56,61.60208,988.56696,
55.85_37.36,2024-07-06 15:00:00,22.2,19.357702,none,0.0,0.0,20.620806,40.68,40.522182,994.6018,
55.85_37.36,2024-07-10 22:00:00,17.55,16.09664,none,0.0,0.0,7.8954163,15.4800005,56.679916,1004.11707,
55.85_37.36,2024-07-23 10:00:00,21.15,19.929592,none,0.0,0.0,14.24163,29.88,56.44897,993.9083,
55.85_37.36,2024-07-30 16:00:00,19.7,18.575842,none,0.0,0.0,12.849528,31.319998,62.755524,979.3409,
55.85_37.36,2024-08-03 23:00:00,15.15,15.457714,none,0.0,0.0,6.5693827,12.959999,92.245804,984.72626,
55.85_37.36,2024-08-22 13:00:00,23.55,22.756289,none,0.0,0.0,18.35647,36.36,57.0407,993.289,
55.85_37.36,2024-08-22 17:00:00,23.25,21.328564,none,0.0,0.0,18.079027,36.0,50.16571,993.57697,
55.85_37.36,2024-09-14 15:00:00,24.25,21.35403,none,0.0,0.0,17.49615,32.039997,37.160446,1003.382,
55.85_37.36,2024-09-29 16:00:00,15.65,13.565105,none,0.0,0.0,14.897651,29.88,70.25611,996.0469,
55.85_37.37,2024-06-05 11:00:00,25.2,26.273376,none,0.0,0.0,11.212135,27.359999,52.51247,989.4125,
55.85_37.37,2024-06-17 09:00:00,22.45,22.235468,none,0.0,0.0,20.523155,46.079998,74.53282,990.45245,
55.85_37.37,2024-06-23 17:00:00,21.2,19.520632,none,0.0,0.0,7.491114,16.199999,41.920227,987.4781,
55.85_37.37,2024-09-25 12:00:00,20.35,17.858494,none,0.0,0.0,15.841023,31.319998,49.057835,1000.25665,
55.85_37.37,2024-10-06 15:00:00,10.65,7.1513596,none,0.0,0.0,13.504799,26.28,61.065968,996.7666,
55.85_37.38,2024-05-19 02:00:00,8.0,5.2998915,none,0.0,0.0,9.107359,15.119999,77.20122,1000.52386,
55.85_37.38,2024-09-14 20:00:00,19.7,17.185244,none,0.0,0.0,14.986553,25.56,49.21279,1004.5511,
55.85_37.38,2024-09-27 16:00:00,16.95,12.397434,rain,0.5,0.0,33.132225,58.32,67.53451,991.8864,
55.85_37.39,2024-09-06 06:00:00,7.95,6.376193,none,0.0,0.0,6.9527545,9.72,99.32205,1016.28894,
55.85_37.4,2024-06-28 18:00:00,26.6,26.493345,none,0.0,0.0,2.3051248,7.2,37.07786,996.8796,
55.85_37.4,2024-09-26 09:00:00,14.15,10.6112995,none,0.0,0.0,12.503199,23.759998,45.21286,999.99854,
55.85_37.41,2024-07-14 21:00:00,23.75,26.711739,none,0.0,0.0,5.1544156,7.92,78.07542,992.2248,
55.85_37.41,2024-08-22 20:00:00,20.35,18.539986,none,0.0,0.0,15.683774,27.0,56.998463,992.87805,
55.85_37.41,2024-09-09 14:00:00,24.75,23.506508,none,0.0,0.0,13.513193,27.359999,44.65228,1001.9927,
55.85_37.42,2024-08-22 17:00:00,22.95,21.381763,none,0.0,0.0,16.79314,32.039997,52.786785,992.92053,
55.85_37.42,2024-09-08 18:00:00,22.2,22.290812,none,0.0,0.0,4.73506,11.159999,54.17077,1006.0057,
55.85_37.42,2024-09-14 16:00:00,24.35,21.420275,none,0.0,0.0,18.0,32.039997,37.31459,1003.48676,
55.85_37.42,2024-09-19 09:00:00,17.6,16.477613,none,0.0,0.0,9.19939,19.44,63.95975,1008.11816,
55.85_37.43,2024-06-22 03:00:00,12.95,11.380923,none,0.0,0.0,11.165805,18.0,83.10605,988.21454,
55.85_37.43,2024-07-23 10:00:00,20.2,19.222046,none,0.0,0.0,12.641076,26.28,62.254158,993.62915,
55.85_37.43,2024-09-19 18:00:00,18.1,16.335562,none,0.0,0.0,11.620809,22.319998,57.97382,1005.76263,
55.85_37.43,2024-09-25 16:00:00,22.15,19.044012,none,0.0,0.0,18.852798,32.039997,42.04633,998.9226,
55.85_37.44,2024-06-11 14:00:00,23.1,21.963167,rain,1.1,0.0,29.168886,55.44,75.11001,984.8622,
55.85_37.44,2024-06-12 14:00:00,24.95,28.611942,rain,0.1,0.0,7.145796,28.44,74.482414,988.93524,
55.85_37.44,2024-07-30 13:00:00,21.45,20.450996,rain,0.2,0.0,12.015589,23.759998,52.2237,977.297,
55.85_37.44,2024-08-02 19:00:00,20.25,19.80196,none,0.0,0.0,9.007196,18.359999,62.062073,981.99225,
55.85_37.44,2024-08-13 18:00:00,18.8,16.783897,none,0.0,0.0,16.78156,32.039997,62.13927,987.203,
55.85_37.44,2024-09-14 14:00:00,23.65,21.275276,none,0.0,0.0,17.174677,31.68,42.895477,1003.5377,
55.85_37.44,2024-09-19 13:00:00,20.45,19.055887,none,0.0,0.0,15.379206,28.44,61.1,1006.9827,
55.85_37.44,2024-10-04 07:00:00,11.3,7.9372873,none,0.0,0.0,11.052058,18.359999,53.719975,993.1481,
55.85_37.44,2024-10-06 18:00:00,9.1,5.9479704,rain,1.3,0.0,16.595179,27.359999,87.59793,993.38635,
55.85_37.44,2024-10-06 19:00:00,9.1,5.9479704,rain,1.3,0.0,16.595179,27.359999,87.59793,995.18414,
55.85_37.45,2024-05-12 13:00:00,5.25,0.68520975,none,0.0,0.0,13.679999,28.08,54.453075,996.9552,
55.85_37.45,2024-05-24 16:00:00,20.85,18.97868,none,0.0,0.0,5.7599998,15.84,30.691347,1010.8142,
55.85_37.45,2024-05-29 20:00:00,22.95,23.206387,none,0.0,0.0,6.28713,12.599999,55.7961,994.8811,
55.85_37.45,2024-06-03 20:00:00,20.5,19.405453,none,0.0,0.0,13.324863,31.319998,60.91183,985.32404,
55.85_37.45,2024-06-26 11:00:00,21.05,18.775883,none,0.0,0.0,22.007162,40.68,49.910038,991.1915,
55.85_37.45,2024-07-24 20:00:00,21.8,21.870237,none,0.0,0.0,7.5685663,17.64,59.837517,990.88336,
55.85_37.45,2024-09-05 01:00:00,11.85,9.517854,none,0.0,0.0,11.726277,19.8,75.203995,1009.8284,
55.85_37.45,2024-09-15 17:00:00,24.2,22.238228,none,0.0,0.0,9.504273,21.96,35.064575,1005.84625,
55.85_37.45,2024-09-16 12:00:00,23.0,21.983273,none,0.0,0.0,10.086427,21.24,47.837,1008.0559,
55.85_37.45,2024-10-05 15:00:00,12.25,10.148996,none,0.0,0.0,10.914888,20.880001,75.52791,994.8822,
55.85_37.47,2024-07-27 09:00:00,23.65,23.30216,none,0.0,0.0,6.489992,17.28,45.390705,994.7316,
55.85_37.47,2024-08-09 22:00:00,15.45,15.834682,none,0.0,0.0,6.28713,9.36,91.07539,991.8198,
55.85_37.47,2024-08-10 17:00:00,23.75,22.180635,none,0.0,0.0,12.245293,22.319998,43.789772,989.83685,
55.85_37.48,2024-06-11 19:00:00,21.8,22.57563,none,0.0,0.0,12.387348,34.2,75.37208,987.304,
55.85_37.49,2024-06-05 14:00:00,26.3,27.181149,none,0.0,0.0,10.483357,24.48,46.7178,988.85614,
55.85_37.49,2024-06-27 20:00:00,19.2,19.142925,none,0.0,0.0,8.0899935,16.56,69.563225,995.447,
55.85_37.49,2024-08-05 00:00:00,14.8,15.033762,none,0.0,0.0,7.2,12.24,94.65334,986.5898,
55.85_37.49,2024-08-15 10:00:00,17.25,15.614292,none,0.0,0.0,13.441071,26.64,66.927315,994.2042,
55.85_37.49,2024-10-06 14:00:00,11.05,7.488346,none,0.0,0.0,14.068817,25.919998,59.884686,997.7847,
55.85_37.5,2024-05-20 16:00:00,23.7,20.86807,none,0.0,0.0,12.074766,24.119999,30.21619,995.14343,
55.85_37.5,2024-05-30 09:00:00,25.45,25.00648,none,0.0,0.0,10.685391,22.319998,43.111465,996.16034,
55.85_37.5,2024-08-30 16:00:00,24.35,23.745775,none,0.0,0.0,6.0347,15.119999,42.805557,1008.35736,
55.85_37.5,2024-09-02 12:00:00,25.5,24.385227,none,0.0,0.0,14.565548,28.08,42.420727,1006.8821,
55.85_37.5,2024-09-16 13:00:00,23.8,21.646727,none,0.0,0.0,13.698934,26.28,40.023045,1009.95984,
55.85_37.51,2024-06-12 15:00:00,25.5,28.148518,rain,0.6,0.0,9.449572,26.64,69.02067,989.6623,
55.85_37.51,2024-07-24 07:00:00,19.1,19.573374,none,0.0,0.0,4.452954,12.599999,69.99805,995.0215,
55.85_37.51,2024-08-02 14:00:00,20.05,18.919918,rain,0.1,0.0,13.684735,26.64,62.834435,982.9365,
55.85_37.52,2024-07-29 21:00:00,16.65,16.988379,none,0.0,0.0,3.0547013,8.64,76.49994,979.4331,
55.85_37.52,2024-08-26 18:00:00,25.9,28.250061,none,0.0,0.0,3.219938,7.5599995,60.980907,1000.74414,
55.85_37.52,2024-09-04 18:00:00,19.1,16.266088,none,0.0,0.0,15.844089,31.319998,48.552414,1008.88837,
55.85_37.52,2024-09-07 14:00:00,22.55,22.618345,none,0.0,0.0,1.609969,11.5199995,44.636494,1010.9239,
55.85_37.52,2024-09-12 11:00:00,23.45,21.230589,none,0.0,0.0,19.346441,34.2,48.435467,999.6728,
55.85_37.55,2024-07-26 17:00:00,23.4,21.981367,none,0.0,0.0,6.2145634,14.759999,37.424374,994.62726,
55.85_37.55,2024-08-10 12:00:00,22.35,23.200945,rain,0.1,0.0,9.255571,24.84,61.9357,992.73175,
55.85_37.55,2024-09-24 20:00:00,14.25,11.064417,none,0.0,0.0,12.57426,19.44,51.36312,1001.8361,
55.85_37.56,2024-06-02 16:00:00,27.45,26.915756,none,0.0,0.0,9.227524,22.319998,37.31664,992.72943,
55.85_37.56,2024-06-17 07:00:00,19.3,18.268557,none,0.0,0.0,18.919704,30.599998,76.916275,993.59515,
55.85_37.56,2024-09-24 11:00:00,16.85,13.141031,none,0.0,0.0,15.815435,29.519999,42.72764,1004.2863,
55.85_37.57,2024-05-21 08:00:00,17.4,17.2163,none,0.0,0.0,6.519877,15.4800005,72.71213,998.9634,
55.85_37.57,2024-06-05 09:00:00,22.2,22.74665,none,0.0,0.0,9.6932955,24.84,66.86375,992.34625,
55.85_37.57,2024-06-12 00:00:00,18.25,19.398426,none,0.0,0.0,10.144082,17.64,94.49121,989.8729,
55.85_37.57,2024-06-12 11:00:00,23.0,24.984966,rain,0.1,0.0,9.693296,29.519999,78.45343,991.6913,
55.85_37.57,2024-06-24 18:00:00,19.1,17.818481,none,0.0,0.0,10.594036,22.68,58.80257,992.91895,
55.85_37.57,2024-08-05 13:00:00,21.75,21.281618,rain,0.2,0.0,12.738099,23.039999,62.402344,988.5206,
55.85_37.57,2024-09-05 10:00:00,15.7,13.323769,none,0.0,0.0,14.044615,27.359999,63.319805,1014.16974,
55.85_37.58,2024-05-22 09:00:00,17.25,15.217262,none,0.0,0.0,10.703569,21.96,55.27765,1002.95654,
55.85_37.58,2024-07-15 11:00:00,28.4,31.424736,none,0.0,0.0,6.849467,18.359999,56.950848,995.80334,
55.85_37.58,2024-08-06 09:00:00,19.7,20.689407,none,0.0,0.0,8.049845,18.72,80.498856,990.19525,
55.85_37.58,2024-08-16 11:00:00,21.35,19.258913,none,0.0,0.0,19.011953,34.56,48.187614,995.67676,
55.85_37.58,2024-09-16 16:00:00,24.4,21.591562,none,0.0,0.0,12.849528,23.4,31.26414,1009.25116,
55.85_37.58,2024-09-21 23:00:00,13.5,10.997016,none,0.0,0.0,15.281989,29.88,73.97116,998.7737,
55.85_37.58,2024-09-30 09:00:00,10.6,7.7007704,none,0.0,0.0,15.027575,25.919998,79.76841,1005.31964,
55.85_37.58,2024-10-08 18:00:00,12.55,11.579137,none,0.0,0.0,10.484903,18.72,95.18728,987.97076,
55.85_37.58,2024-10-09 00:00:00,11.15,9.577416,rain,0.5,0.0,11.989945,19.8,96.091255,989.6486,
55.85_37.59,2024-05-12 16:00:00,5.4,0.8011055,none,0.0,0.0,12.7279215,27.0,48.341434,1001.0464,
55.85_37.59,2024-05-24 15:00:00,19.8,19.066395,none,0.0,0.0,4.1046314,15.84,35.88681,1013.09357,
55.85_37.59,2024-06-01 16:00:00,29.15,26.805481,none,0.0,0.0,12.979984,28.44,27.103516,996.74493,
55.85_37.59,2024-09-19 18:00:00,18.05,16.251469,none,0.0,0.0,12.144331,23.4,58.74382,1008.4859,
55.85_37.6,2024-06-15 21:00:00,17.95,17.77409,none,0.0,0.0,9.028754,12.959999,75.46911,997.47156,
55.85_37.6,2024-07-06 07:00:00,17.5,15.899969,none,0.0,0.0,19.523155,40.68,79.167625,991.90356,
55.85_37.6,2024-08-21 07:00:00,15.65,15.066349,none,0.0,0.0,8.373386,18.359999,79.16089,1001.2272,
55.85_37.6,2024-08-26 22:00:00,20.6,21.209682,none,0.0,0.0,6.8777895,7.92,69.60964,1002.5586,
55.85_37.6,2024-09-03 07:00:00,16.35,16.091242,none,0.0,0.0,7.491114,14.4,78.74392,1008.49567,
55.85_37.61,2024-06-17 13:00:00,22.65,23.454836,rain,0.2,0.0,19.110542,32.760002,82.15619,991.9941,
55.85_37.61,2024-07-04 08:00:00,26.15,28.576004,none,0.0,0.0,7.968939,19.8,66.61956,993.07904,
55.85_37.61,2024-08-18 15:00:00,24.75,25.08588,none,0.0,0.0,12.682018,27.359999,58.816162,992.9841,
55.85_37.62,2024-07-27 20:00:00,22.9,22.107311,none,0.0,0.0,9.565437,15.84,50.072697,995.4971,
55.85_37.62,2024-08-16 20:00:00,17.3,16.860619,none,0.0,0.0,7.491114,15.119999,71.5092,996.23535,
55.85_37.62,2024-09-03 18:00:00,23.05,22.952213,none,0.0,0.0,5.3517847,5.7599998,50.443306,1008.1362,
55.85_37.63,2024-05-18 18:00:00,17.5,15.163767,none,0.0,0.0,10.182337,17.28,48.94699,1000.90405,
55.85_37.63,2024-07-05 15:00:00,27.65,24.992348,none,0.0,0.0,25.40743,55.8,41.23551,989.3702,
55.85_37.63,2024-07-11 08:00:00,20.75,21.20328,none,0.0,0.0,2.5959969,11.159999,59.784584,1008.25214,
55.85_37.63,2024-07-20 20:00:00,19.25,19.766684,none,0.0,0.0,6.8777895,17.64,74.471214,991.3891,
55.85_37.63,2024-09-07 10:00:00,18.25,18.949013,none,0.0,0.0,1.609969,10.799999,71.218346,1014.49396,
55.85_37.63,2024-09-12 07:00:00,18.4,16.98397,none,0.0,0.0,13.202726,25.56,64.77589,999.9983,
55.85_37.63,2024-10-02 12:00:00,16.6,13.691221,none,0.0,0.0,13.633737,28.08,50.75912,1001.83386,
55.85_37.64,2024-06-14 21:00:00,17.7,17.805937,none,0.0,0.0,6.618519,7.5599995,75.67424,995.76776,
55.85_37.64,2024-07-06 14:00:00,22.5,19.853828,none,0.0,0.0,20.150354,39.6,40.88309,997.6372,
55.85_37.64,2024-07-07 14:00:00,25.65,25.909079,none,0.0,0.0,8.28,20.16,40.009506,1006.6328,
55.85_37.64,2024-08-06 23:00:00,16.85,17.180775,none,0.0,0.0,8.287822,13.679999,86.87362,991.8044,
55.85_37.64,2024-08-29 09:00:00,18.95,18.851715,none,0.0,0.0,8.373386,19.08,70.656,1009.7789,
55.85_37.64,2024-09-05 18:00:00,16.05,14.793739,none,0.0,0.0,6.638072,13.679999,62.549767,1014.2706,
55.85_37.64,2024-09-11 18:00:00,21.55,19.71396,none,0.0,0.0,13.276144,24.119999,48.727695,998.36523,
55.85_37.64,2024-09-18 17:00:00,22.7,22.002357,none,0.0,0.0,1.8,5.7599998,39.84633,1012.80347,
55.85_37.64,2024-09-21 13:00:00,20.5,18.391806,none,0.0,0.0,17.727943,34.92,56.473286,999.8285,
55.85_37.64,2024-09-21 19:00:00,16.8,14.396479,none,0.0,0.0,17.782688,30.960001,66.833084,998.8365,
55.85_37.64,2024-09-30 14:00:00,12.65,8.7209,none,0.0,0.0,20.634155,38.519997,65.49419,1007.1648,
55.85_37.65,2024-05-13 13:00:00,7.35,3.6513186,none,0.0,0.0,8.089993,20.16,48.539734,1003.48334,
55.85_37.65,2024-05-30 12:00:00,26.85,26.113337,none,0.0,0.0,8.311245,23.4,32.605556,997.322,
55.85_37.65,2024-07-21 04:00:00,15.3,15.523247,none,0.0,0.0,9.028754,14.759999,95.9038,990.63605,
55.85_37.65,2024-09-04 19:00:00,15.6,13.330175,none,0.0,0.0,12.0694,21.24,60.774532,1011.6807,
55.85_37.66,2024-06-03 17:00:00,22.55,20.137308,none,0.0,0.0,21.67487,40.68,52.683212,988.1914,
55.85_37.66,2024-06-08 07:00:00,16.75,14.35277,none,0.0,0.0,14.186923,28.08,59.22152,993.80707,
55.85_37.66,2024-06-09 16:00:00,21.65,18.92226,none,0.0,0.0,10.636766,23.4,34.218067,992.2796,
55.85_37.66,2024-07-03 01:00:00,22.35,22.37981,none,0.0,0.0,12.964998,21.96,65.8336,986.68445,
55.85_37.66,2024-07-04 18:00:00,29.65,29.247025,none,0.0,0.0,15.349684,29.88,42.19185,991.9038,
55.85_37.66,2024-10-06 19:00:00,9.1,6.1047316,rain,1.3,0.0,15.68584,27.0,88.19921,998.52814,
55.85_37.67,2024-07-17 13:00:00,28.3,30.978424,none,0.0,0.0,4.6800003,18.72,45.475605,1000.65735,
55.85_37.67,2024-07-19 18:00:00,22.85,22.910751,none,0.0,0.0,7.9932966,20.519999,56.684834,991.4727,
55.85_37.67,2024-07-20 22:00:00,18.25,18.797668,none,0.0,0.0,6.9247384,11.5199995,79.787476,990.8685,
55.85_37.67,2024-08-22 09:00:00,17.85,16.618347,none,0.0,0.0,13.479583,27.0,70.215805,997.2752,
55.85_37.67,2024-08-27 17:00:00,27.25,28.348568,none,0.0,0.0,4.802999,14.759999,48.196945,1004.6591,
55.85_37.67,2024-09-13 08:00:00,19.4,16.676655,none,0.0,0.0,18.289274,32.399998,53.628975,1005.2851,
55.85_37.67,2024-09-26 21:00:00,17.4,12.702858,none,0.0,0.0,20.880775,36.719997,37.651924,999.2123,
55.85_37.67,2024-10-10 14:00:00,9.75,6.254141,none,0.0,0.0,15.990646,30.599998,73.55664,996.2436,
55.85_37.68,2024-08-05 08:00:00,17.7,18.49043,none,0.0,0.0,6.696387,16.56,85.57026,988.85315,
55.85_37.68,2024-09-04 11:00:00,20.1,19.389746,none,0.0,0.0,14.654254,29.88,69.51271,1010.22455,
55.85_37.78,2024-05-09 09:00:00,0.4,-6.7635336,snow,0.1,1.0,28.006056,54.0,53.52713,999.3422,
55.85_37.78,2024-06-25 09:00:00,18.25,16.13829,none,0.0,0.0,15.778516,32.399998,60.990242,994.6012,
55.86_37.34,2024-07-09 16:00:00,27.55,26.84912,none,0.0,0.0,16.08761,28.8,46.155773,999.22687,
55.86_37.35,2024-05-10 20:00:00,8.8,5.0501785,none,0.0,0.0,16.167967,32.039997,72.617355,986.04694,
55.86_37.35,2024-05-24 22:00:00,13.8,10.980059,none,0.0,0.0,9.585739,15.84,51.601913,1009.2068,
55.86_37.36,2024-05-22 04:00:00,10.4,7.4353666,none,0.0,0.0,9.387651,18.359999,60.576035,999.9266,
55.86_37.36,2024-05-25 15:00:00,21.95,19.718632,none,0.0,0.0,14.336861,31.319998,32.902645,1006.6126,
55.86_37.36,2024-10-03 00:00:00,8.6,5.7285633,none,0.0,0.0,9.007196,12.959999,69.333496,996.95483,
55.86_37.4,2024-07-08 01:00:00,15.05,14.497026,none,0.0,0.0,9.511088,12.599999,85.57409,1001.72424,
55.86_37.4,2024-09-24 20:00:00,14.1,11.089875,none,0.0,0.0,11.792404,19.08,52.963566,1000.77893,
55.86_37.4,2024-10-07 08:00:00,11.7,10.501267,rain,0.7,0.0,10.348043,15.84,95.472244,987.4217,
55.86_37.41,2024-05-10 00:00:00,0.9,-4.0325274,none,0.0,1.0,14.113653,23.4,60.669727,994.9851,
55.86_37.42,2024-05-16 09:00:00,14.2,12.328329,none,0.0,0.0,9.779817,20.880001,67.6452,1004.2367,
55.86_37.42,2024-05-20 20:00:00,17.4,14.809113,none,0.0,0.0,12.413477,19.8,50.281555,996.01044,
55.86_37.42,2024-05-26 20:00:00,18.85,18.558887,none,0.0,0.0,6.9153743,15.119999,65.73255,1004.32446,
55.86_37.42,2024-06-03 16:00:00,24.1,21.369051,none,0.0,0.0,22.961115,40.68,46.731323,986.68427,
55.86_37.42,2024-07-18 18:00:00,26.05,27.998764,none,0.0,0.0,1.2979984,10.799999,54.61596,995.192,
55.86_37.43,2024-05-26 15:00:00,19.1,18.912264,rain,0.7,0.0,12.4811535,39.96,76.63815,1004.30035,
55.86_37.43,2024-05-28 20:00:00,22.35,22.247015,none,0.0,0.0,3.5455887,3.96,49.761177,1000.44556,
55.86_37.43,2024-07-09 16:00:00,29.25,29.552979,none,0.0,0.0,7.42159,19.8,36.36673,999.2565,
55.86_37.43,2024-07-25 09:00:00,22.55,23.542908,none,0.0,0.0,7.5942082,23.4,66.93558,989.1216,
55.86_37.43,2024-08-07 13:00:00,22.7,23.437763,none,0.0,0.0,4.2136917,15.119999,58.51581,989.8966,
55.86_37.43,2024-10-02 22:00:00,11.85,9.145289,none,0.0,0.0,11.08572,19.8,65.54468,996.8884,
55.86_37.44,2024-05-26 07:00:00,18.0,17.320864,none,0.0,0.0,5.154415,14.759999,60.324528,1003.6777,
55.86_37.45,2024-07-17 11:00:00,27.55,29.866718,none,0.0,0.0,5.904439,20.519999,47.662205,998.0957,
55.86_37.46,2024-09-21 10:00:00,18.0,16.146648,none,0.0,0.0,16.854767,33.839996,67.7502,999.61786,
55.86_37.47,2024-06-26 08:00:00,18.75,16.326393,none,0.0,0.0,19.469975,33.839996,62.127804,992.8763,
55.86_37.47,2024-07-07 12:00:00,24.95,26.031025,none,0.0,0.0,6.87779,18.72,42.548317,1003.44525,
55.86_37.48,2024-05-18 13:00:00,17.75,15.960567,none,0.0,0.0,12.768586,28.08,42.39028,1000.9515,
55.86_37.48,2024-06-07 14:00:00,23.6,21.494665,none,0.0,0.0,23.333443,42.12,54.8811,988.6351,
55.86_37.49,2024-08-17 11:00:00,22.15,22.0356,none,0.0,0.0,13.684735,26.28,66.21454,992.47485,
55.86_37.49,2024-10-05 17:00:00,11.75,9.522051,none,0.0,0.0,8.656858,17.64,68.53557,996.8117,
55.86_37.5,2024-05-18 18:00:00,19.4,17.226358,none,0.0,0.0,6.9153743,15.4800005,39.447674,998.22363,
55.86_37.5,2024-08-30 16:00:00,24.05,23.435682,none,0.0,0.0,6.519877,14.04,44.1652,1006.199,
55.86_37.51,2024-07-08 19:00:00,24.25,26.052397,none,0.0,0.0,6.379216,9.36,66.43883,1000.65466,
55.86_37.51,2024-10-07 13:00:00,16.9,17.15676,rain,0.1,0.0,9.05205,19.44,87.15886,987.9397,
55.86_37.53,2024-08-28 15:00:00,24.85,25.794586,none,0.0,0.0,12.864649,25.919998,64.9092,1006.6805,
55.86_37.53,2024-09-07 22:00:00,18.1,17.276663,none,0.0,0.0,1.8,4.68,51.163017,1009.0764,
55.86_37.53,2024-09-24 12:00:00,16.5,13.067089,none,0.0,0.0,14.759999,28.08,45.56094,1002.9863,
55.86_37.54,2024-05-26 20:00:00,18.65,18.004385,none,0.0,0.0,7.7043357,16.56,63.34997,1006.05035,
55.86_37.54,2024-07-09 18:00:00,24.85,24.74255,none,0.0,0.0,17.25373,40.32,61.127373,1002.1476,
55.86_37.54,2024-08-20 18:00:00,20.9,21.448965,none,0.0,0.0,9.007196,21.599998,71.25003,995.8212,
55.86_37.54,2024-09-01 18:00:00,22.55,23.999569,none,0.0,0.0,7.172949,14.04,71.10143,1004.6993,
55.86_37.55,2024-05-30 20:00:00,19.95,17.928825,none,0.0,0.0,10.182337,12.24,45.89839,995.1825,
55.86_37.55,2024-06-28 18:00:00,26.9,26.763733,none,0.0,0.0,4.072935,9.0,38.286488,996.9284,
55.86_37.55,2024-07-02 11:00:00,29.6,30.217255,none,0.0,0.0,16.434305,31.68,46.264587,987.279,
55.86_37.55,2024-09-06 15:00:00,21.15,20.903717,none,0.0,0.0,2.2768397,12.959999,49.770462,1013.2771,
55.86_37.56,2024-05-27 20:00:00,16.1,13.986675,none,0.0,0.0,8.4963045,12.24,53.127113,1006.2556,
55.86_37.56,2024-06-02 23:00:00,19.3,20.275955,none,0.0,0.0,8.707238,15.4800005,83.58254,991.90784,
55.86_37.56,2024-06-05 15:00:00,26.05,26.40846,none,0.0,0.0,8.707237,24.119999,45.748795,990.44507,
55.86_37.57,2024-05-11 21:00:00,5.0,-0.2176547,none,0.0,0.0,18.86139,34.92,58.79774,993.3198,
55.86_37.57,2024-06-03 20:00:00,20.35,19.386984,none,0.0,0.0,12.538134,32.399998,61.6799,987.9617,
55.86_37.57,2024-06-05 18:00:00,25.85,25.590927,none,0.0,0.0,5.2416787,16.199999,41.139732,989.1534,
55.86_37.57,2024-09-16 19:00:00,17.25,15.849834,none,0.0,0.0,9.028754,12.959999,60.95918,1009.512,
55.86_37.58,2024-05-20 10:00:00,20.35,19.591566,none,0.0,0.0,13.479583,29.16,53.874702,997.94574,
55.86_37.58,2024-05-20 16:00:00,23.3,20.864069,none,0.0,0.0,9.83268,22.68,32.718075,996.4231,
55.86_37.58,2024-06-25 20:00:00,18.05,16.398842,none,0.0,0.0,11.720751,21.24,59.934727,994.312,
55.86_37.58,2024-08-01 17:00:00,19.55,17.050611,none,0.0,0.0,16.179985,32.760002,52.07225,983.34546,
55.86_37.58,2024-09-13 20:00:00,20.9,18.309998,none,0.0,0.0,15.408671,27.359999,45.542732,1004.65735,
55.86_37.58,2024-10-01 17:00:00,15.15,12.552681,none,0.0,0.0,14.84318,29.16,63.840996,1002.07544,
55.86_37.58,2024-10-06 19:00:00,9.1,6.1047316,rain,1.3,0.0,15.68584,27.0,88.19921,997.92596,
55.86_37.59,2024-05-22 12:00:00,19.95,17.653994,none,0.0,0.0,16.563911,34.2,37.859756,1003.18713,
55.86_37.59,2024-06-10 00:00:00,14.3,12.708208,none,0.0,0.0,7.42159,15.119999,66.07805,991.40247,
55.86_37.59,2024-06-20 13:00:00,20.45,20.109041,rain,4.4,0.0,24.20314,53.639996,89.141045,980.16125,
55.86_37.59,2024-07-04 23:00:00,23.0,22.34882,none,0.0,0.0,17.49615,32.039997,63.08568,992.03357,
55.86_37.59,2024-08-11 19:00:00,17.45,15.381496,none,0.0,0.0,15.281989,31.319998,63.713787,985.4162,
55.86_37.59,2024-09-16 12:00:00,23.55,21.731281,none,0.0,0.0,12.979984,26.64,41.595974,1010.15906,
55.86_37.59,2024-09-26 12:00:00,17.5,13.356924,none,0.0,0.0,17.46371,33.839996,38.218056,1001.538,
55.86_37.6,2024-06-27 20:00:00,21.6,21.37046,none,0.0,0.0,9.504273,21.599998,60.376816,997.6841,
55.86_37.6,2024-09-22 19:00:00,9.0,5.750946,none,0.0,0.0,6.8399997,10.799999,50.096355,1003.4017,
55.86_37.61,2024-05-18 20:00:00,15.2,11.947035,none,0.0,0.0,13.527572,24.119999,49.50808,1001.35724,
55.86_37.61,2024-06-22 16:00:00,20.85,17.680765,none,0.0,0.0,18.218275,35.28,40.97185,992.1519,
55.86_37.61,2024-06-23 11:00:00,20.5,19.559427,none,0.0,0.0,8.14587,19.44,47.794407,991.4104,
55.86_37.61,2024-06-27 17:00:00,24.65,22.742203,none,0.0,0.0,15.39184,30.960001,42.464684,996.8428,
55.86_37.61,2024-07-02 10:00:00,29.9,30.57412,none,0.0,0.0,16.299694,32.760002,45.18492,989.407,
55.86_37.61,2024-07-04 15:00:00,30.75,31.651417,none,0.0,0.0,9.007196,22.319998,42.089367,993.1517,
55.86_37.61,2024-07-09 18:00:00,25.15,24.671497,none,0.0,0.0,18.792551,42.12,58.72387,1002.9826,
55.86_37.61,2024-07-10 12:00:00,25.35,25.154593,none,0.0,0.0,15.034041,32.399998,45.4088,1006.9758,
55.86_37.61,2024-07-14 03:00:00,18.75,20.743547,none,0.0,0.0,5.3999996,6.8399997,93.62315,995.1771,
55.86_37.61,2024-07-22 19:00:00,21.45,21.705128,none,0.0,0.0,7.2805495,28.44,62.740063,993.4634,
55.86_37.61,2024-07-29 17:00:00,20.05,16.765898,none,0.0,0.0,21.749483,41.399998,50.82287,981.559,
55.86_37.62,2024-06-08 00:00:00,16.7,15.20627,none,0.0,0.0,12.261157,23.4,68.84223,992.95624,
55.86_37.62,2024-07-20 13:00:00,21.85,21.557894,rain,0.4,0.0,12.413477,26.64,63.441162,990.5554,
55.86_37.62,2024-08-26 15:00:00,26.85,28.695343,none,0.0,0.0,3.319036,13.32,53.611977,1003.7982,
55.86_37.63,2024-07-28 03:00:00,16.1,16.24481,none,0.0,0.0,10.08,16.56,92.300446,995.7101,
55.86_37.63,2024-08-18 21:00:00,18.6,19.520546,none,0.0,0.0,7.968939,10.08,85.11762,994.4626,
55.86_37.64,2024-06-05 15:00:00,26.2,26.59982,none,0.0,0.0,8.699793,24.84,46.08829,991.9197,
55.86_37.64,2024-07-15 12:00:00,28.3,31.419743,rain,0.1,0.0,6.162207,18.359999,57.461903,996.6979,
55.86_37.64,2024-08-01 09:00:00,16.45,15.14085,rain,1.2,0.0,16.923828,36.0,83.250275,984.7914,
55.86_37.64,2024-09-26 13:00:00,19.45,15.17981,none,0.0,0.0,19.866161,37.8,36.675182,1002.5845,
55.86_37.64,2024-10-09 10:00:00,7.55,4.4434605,none,0.0,0.0,13.32,26.28,85.35529,995.3012,
55.86_37.65,2024-05-15 23:00:00,6.35,3.8655338,none,0.0,0.0,6.28713,11.159999,80.55794,1007.19635,
55.86_37.65,2024-05-20 10:00:00,20.35,19.591566,none,0.0,0.0,13.479583,29.16,53.874702,999.56775,
55.86_37.65,2024-05-28 23:00:00,15.55,13.962046,none,0.0,0.0,7.5685663,12.24,61.38496,1002.5961,
55.86_37.65,2024-06-21 18:00:00,19.85,18.122133,none,0.0,0.0,13.755579,27.359999,56.310932,991.37274,
55.86_37.65,2024-08-31 01:00:00,15.4,14.968597,none,0.0,0.0,8.905908,15.119999,84.22188,1008.4406,
55.86_37.65,2024-09-25 08:00:00,10.65,7.6031322,none,0.0,0.0,11.555102,18.359999,64.82403,1003.90796,
55.86_37.66,2024-06-30 23:00:00,19.95,21.839975,none,0.0,0.0,6.4096174,8.64,87.43665,994.8189,
55.86_37.66,2024-07-08 08:00:00,21.25,22.100735,none,0.0,0.0,5.3517847,14.4,67.09856,1005.5467,
55.86_37.66,2024-07-15 18:00:00,26.75,28.541458,rain,0.4,0.0,8.905908,22.319998,60.22381,997.3251,
55.86_37.66,2024-07-16 00:00:00,21.9,24.2961,none,0.0,0.0,8.707238,15.84,86.7979,997.996,
55.86_37.66,2024-07-20 11:00:00,22.8,23.479397,none,0.0,0.0,12.181624,27.72,63.65036,991.3777,
55.86_37.66,2024-08-01 20:00:00,16.95,15.719929,none,0.0,0.0,13.358861,25.56,74.07858,983.468,
55.86_37.66,2024-09-09 12:00:00,23.3,22.831432,none,0.0,0.0,11.503113,25.199999,53.397102,1007.04083,
55.86_37.66,2024-10-03 19:00:00,14.25,11.621112,none,0.0,0.0,9.107359,14.4,52.268845,999.7076,
55.86_37.67,2024-07-10 22:00:00,19.25,17.404161,none,0.0,0.0,11.043261,18.359999,51.818134,1006.53815,
55.86_37.68,2024-06-18 08:00:00,19.9,21.171602,none,0.0,0.0,11.885453,25.199999,89.941315,987.8834,
55.86_37.69,2024-06-24 09:00:00,19.05,17.714699,rain,0.1,0.0,11.659777,25.199999,52.29147,991.10156,
55.86_37.69,2024-07-02 20:00:00,25.75,26.982347,none,0.0,0.0,7.628263,19.08,57.39178,985.7256,
55.86_37.69,2024-07-17 02:00:00,19.85,21.655178,none,0.0,0.0,8.854829,14.4,91.3592,999.182,
55.86_37.69,2024-09-15 19:00:00,19.2,17.147297,none,0.0,0.0,8.557102,13.32,44.606815,1007.4405,
55.86_37.69,2024-09-29 20:00:00,12.15,9.879879,none,0.0,0.0,14.056144,26.64,81.8992,999.71906,
55.86_37.69,2024-10-02 12:00:00,16.6,13.691221,none,0.0,0.0,13.633737,28.08,50.75912,999.36523,
55.86_37.7,2024-08-09 10:00:00,19.15,19.472168,rain,0.1,0.0,8.854829,21.599998,76.15414,992.0652,
55.86_37.7,2024-08-14 15:00:00,21.4,17.871984,none,0.0,0.0,21.30093,41.039997,43.27879,991.6252,
55.86_37.7,2024-09-24 20:00:00,14.1,10.907922,none,0.0,0.0,12.758432,21.24,52.22851,1001.58856,
55.86_37.71,2024-07-11 16:00:00,26.6,25.209604,none,0.0,0.0,4.6938257,16.56,29.282665,1003.9918,
55.86_37.77,2024-08-08 23:00:00,16.15,16.426386,none,0.0,0.0,8.28,15.119999,89.952965,990.6635,
55.87_37.41,2024-06-01 07:00:00,19.6,19.128658,none,0.0,0.0,8.373386,16.56,63.146286,994.7009,
55.87_37.41,2024-09-20 12:00:00,18.15,16.329283,none,0.0,0.0,11.246759,25.56,56.260082,1005.7855,
55.87_37.42,2024-06-03 18:00:00,21.35,19.473558,none,0.0,0.0,18.455048,38.88,57.433033,984.4881,
55.87_37.44,2024-05-29 08:00:00,20.6,20.850622,none,0.0,0.0,3.7585104,12.24,59.94528,998.1004,
55.87_37.44,2024-08-02 17:00:00,21.55,20.349773,none,0.0,0.0,10.966713,22.319998,52.077194,981.0247,
55.87_37.44,2024-08-06 19:00:00,19.5,20.103857,none,0.0,0.0,6.151683,9.36,73.08579,988.0141,
55.87_37.44,2024-08-18 11:00:00,23.25,23.913897,none,0.0,0.0,14.799459,34.2,71.454834,990.3605,
55.87_37.44,2024-09-10 20:00:00,19.85,19.178015,none,0.0,0.0,6.618519,10.08,56.498234,996.32025,
55.87_37.46,2024-05-19 14:00:00,18.15,16.583035,none,0.0,0.0,9.504272,23.039999,40.906853,998.73157,
55.87_37.46,2024-05-20 13:00:00,21.7,19.472668,none,0.0,0.0,13.084402,27.72,42.34787,995.90924,
55.87_37.46,2024-07-25 21:00:00,20.4,19.409504,none,0.0,0.0,9.9571085,16.56,56.635315,988.66406,
55.87_37.46,2024-08-14 07:00:00,14.65,12.8783,none,0.0,0.0,18.328207,30.599998,88.96469,990.33234,
55.87_37.47,2024-09-19 19:00:00,16.15,14.192265,none,0.0,0.0,12.758432,21.24,65.15004,1006.4842,
55.87_37.47,2024-09-30 16:00:00,11.85,7.4773035,none,0.0,0.0,22.224714,38.16,64.641914,1004.49396,
55.87_37.48,2024-05-30 11:00:00,26.3,25.427618,none,0.0,0.0,10.464797,24.48,35.066296,993.7533,
55.87_37.48,2024-08-02 20:00:00,18.55,17.769066,none,0.0,0.0,11.525623,19.08,69.43633,981.8582,
55.87_37.48,2024-08-11 13:00:00,16.35,13.729279,rain,2.6,0.0,23.233253,40.32,77.71798,982.896,
55.87_37.48,2024-10-02 18:00:00,13.95,11.245626,none,0.0,0.0,12.313894,21.24,60.380016,997.25757,
55.87_37.49,2024-05-27 17:00:00,21.9,19.741028,none,0.0,0.0,5.315336,14.759999,31.427687,1005.65515,
55.87_37.49,2024-06-01 13:00:00,28.55,26.934101,none,0.0,0.0,14.764389,29.519999,30.737488,994.7014,
55.87_37.49,2024-09-05 15:00:00,19.85,17.279242,none,0.0,0.0,14.830076,30.599998,47.777607,1010.2173,
55.87_37.51,2024-08-18 17:00:00,25.8,25.690966,none,0.0,0.0,10.883676,23.4,49.702656,990.3194,
55.87_37.52,2024-05-30 20:00:00,22.8,21.028801,none,0.0,0.0,8.287822,15.4800005,38.283096,993.80914,
55.87_37.52,2024-06-18 12:00:00,22.75,23.535053,rain,0.7,0.0,18.504139,33.839996,71.58933,987.0204,
55.87_37.53,2024-06-19 07:00:00,17.95,17.385115,none,0.0,0.0,15.725037,29.519999,83.694855,992.62537,
55.87_37.53,2024-07-07 13:00:00,24.8,25.867466,none,0.0,0.0,6.9899354,19.44,42.930916,1003.6646,
55.87_37.53,2024-07-14 22:00:00,22.35,25.104832,none,0.0,0.0,4.5820518,5.04,81.86393,992.5212,
55.87_37.53,2024-10-07 16:00:00,17.45,18.784172,none,0.0,0.0,2.968636,14.04,86.93014,986.0971,
55.87_37.54,2024-06-24 18:00:00,18.75,17.63232,none,0.0,0.0,9.885262,21.599998,60.90483,990.2215,
55.87_37.54,2024-07-13 12:00:00,25.8,28.049904,none,0.0,0.0,8.557102,21.96,63.10301,994.6706,
55.87_37.55,2024-06-05 15:00:00,26.35,25.653093,none,0.0,0.0,7.92,18.72,39.547207,988.6486,
55.87_37.55,2024-09-12 08:00:00,19.4,17.786835,none,0.0,0.0,14.336861,25.199999,60.454765,997.6974,
55.87_37.56,2024-06-10 19:00:00,19.05,17.88676,none,0.0,0.0,16.645864,35.28,72.06578,989.8611,
55.87_37.56,2024-06-14 19:00:00,18.85,19.867796,none,0.0,0.0,5.00128,11.159999,79.359344,992.97296,
55.87_37.56,2024-07-03 16:00:00,32.05,28.90387,none,0.0,0.0,24.696104,43.56,27.702726,983.83386,
55.87_37.56,2024-10-05 13:00:00,11.9,9.73718,none,0.0,0.0,10.735306,22.319998,75.46919,995.13574,
55.87_37.58,2024-06-28 21:00:00,19.95,19.19133,none,0.0,0.0,8.049845,11.879999,57.658188,996.9137,
55.87_37.58,2024-07-21 20:00:00,20.7,21.421682,none,0.0,0.0,6.3690495,10.799999,69.62897,989.7988,
55.87_37.58,2024-10-05 21:00:00,9.5,7.538645,none,0.0,0.0,7.2202215,15.84,80.99354,999.59467,
55.87_37.59,2024-06-17 17:00:00,24.8,26.162018,rain,0.1,0.0,15.778518,34.92,72.85888,990.0175,
55.87_37.59,2024-06-30 16:00:00,29.3,29.054966,none,0.0,0.0,12.413476,25.199999,39.210026,993.62756,
55.87_37.59,2024-07-10 19:00:00,23.9,21.448725,none,0.0,0.0,13.556282,27.72,36.68595,1005.6905,
55.87_37.59,2024-07-11 23:00:00,18.85,18.05272,none,0.0,0.0,6.763786,14.4,58.741985,1003.9031,
55.87_37.59,2024-07-21 10:00:00,22.3,22.926823,rain,0.1,0.0,10.883676,24.84,67.09833,989.8336,
55.87_37.59,2024-08-08 17:00:00,21.15,21.303997,none,0.0,0.0,10.390226,24.119999,67.94737,991.1853,
55.87_37.59,2024-09-24 10:00:00,14.4,11.5460205,none,0.0,0.0,11.440979,24.48,53.787033,1004.04565,
55.87_37.59,2024-10-06 14:00:00,11.4,8.044124,none,0.0,0.0,12.991212,26.28,59.55048,999.6691,
55.87_37.6,2024-05-12 07:00:00,2.35,-2.447155,none,0.0,0.0,16.575644,31.319998,74.33294,998.06946,
55.87_37.6,2024-05-22 15:00:00,20.7,18.105108,none,0.0,0.0,16.08761,33.839996,35.770836,1002.8414,
55.87_37.6,2024-06-16 20:00:00,20.15,19.560595,rain,0.1,0.0,13.324863,29.16,68.40701,996.0326,
55.87_37.6,2024-07-11 12:00:00,26.1,26.486488,none,0.0,0.0,6.8399997,19.44,35.962082,1005.6119,
55.87_37.6,2024-08-12 15:00:00,18.95,15.190264,rain,0.1,0.0,22.89611,44.28,50.35734,985.0135,
55.87_37.6,2024-08-15 09:00:00,17.1,15.50132,none,0.0,0.0,12.979984,27.359999,67.11846,996.6634,
55.87_37.6,2024-09-07 14:00:00,22.55,22.93047,none,0.0,0.0,1.1384199,10.08,47.241444,1012.2232,
55.87_37.61,2024-06-02 12:00:00,26.3,27.358294,none,0.0,0.0,8.699793,20.880001,47.021557,995.28894,
55.87_37.61,2024-06-29 03:00:00,16.3,16.286924,none,0.0,0.0,9.885262,16.919998,88.23775,998.23926,
55.87_37.61,2024-06-29 16:00:00,29.75,30.424515,none,0.0,0.0,2.5455842,10.799999,36.50604,995.33466,
55.87_37.61,2024-07-18 21:00:00,23.0,24.75372,none,0.0,0.0,6.12,6.8399997,70.736336,996.66626,
55.87_37.61,2024-08-05 19:00:00,21.6,21.451633,none,0.0,0.0,8.707237,18.72,59.985264,990.0978,
55.87_37.61,2024-08-11 08:00:00,18.1,18.644394,rain,0.1,0.0,7.5942073,23.759998,81.85001,987.5184,
55.87_37.61,2024-08-30 11:00:00,22.2,22.333324,none,0.0,0.0,9.726665,23.4,57.828606,1009.24756,
55.87_37.62,2024-05-14 06:00:00,3.5,0.31628132,none,0.0,0.0,7.42159,12.959999,78.71458,1004.2869,
55.87_37.62,2024-05-24 08:00:00,13.7,11.373938,none,0.0,0.0,7.172949,17.28,54.54623,1015.7678,
55.87_37.62,2024-08-18 21:00:00,18.6,19.520546,none,0.0,0.0,7.968939,10.08,85.11762,993.8824,
55.87_37.62,2024-08-30 06:00:00,14.35,14.061893,none,0.0,0.0,7.69592,14.04,89.52522,1009.5407,
55.87_37.62,2024-09-01 03:00:00,16.25,15.99897,none,0.0,0.0,8.714677,14.759999,82.148544,1006.19604,
55.87_37.62,2024-09-27 20:00:00,14.45,9.805187,rain,0.4,0.0,32.058193,57.6,74.88495,993.2336,
55.87_37.63,2024-05-14 18:00:00,10.8,9.211691,none,0.0,0.0,2.5455842,11.159999,67.395195,1004.0568,
55.87_37.63,2024-06-02 17:00:00,26.85,25.57582,none,0.0,0.0,12.413476,23.4,39.03853,992.6389,
55.87_37.64,2024-06-14 21:00:00,17.3,17.249908,none,0.0,0.0,6.28713,7.5599995,74.62606,995.08057,
55.87_37.64,2024-06-23 21:00:00,16.45,15.227259,none,0.0,0.0,9.686609,14.759999,68.33579,990.43,
55.87_37.64,2024-09-11 01:00:00,16.6,16.113028,none,0.0,0.0,10.805998,17.64,81.39363,998.7484,
55.87_37.64,2024-09-15 18:00:00,21.4,19.974573,none,0.0,0.0,7.42159,14.759999,44.16642,1009.2298,
55.87_37.64,2024-09-21 17:00:00,20.7,18.11074,none,0.0,0.0,17.462784,35.28,49.649437,998.13513,
55.87_37.64,2024-09-22 16:00:00,13.5,9.631872,none,0.0,0.0,10.495713,23.759998,35.584126,1003.92267,
55.87_37.65,2024-07-16 15:00:00,28.25,30.513966,rain,0.2,0.0,7.9526596,20.880001,56.91475,999.75903,
55.87_37.65,2024-08-28 18:00:00,23.65,24.779716,none,0.0,0.0,9.360001,21.599998,66.525345,1008.4028,
55.87_37.65,2024-09-03 15:00:00,25.05,23.976484,none,0.0,0.0,7.289444,19.08,38.403534,1008.76117,
55.87_37.66,2024-05-12 16:00:00,5.5,0.79171133,none,0.0,0.0,13.556282,29.16,48.370308,1001.9836,
55.87_37.66,2024-05-15 20:00:00,9.7,6.566267,none,0.0,0.0,9.0,15.4800005,58.083435,1007.87024,
55.87_37.66,2024-05-29 22:00:00,19.65,19.100195,none,0.0,0.0,6.618519,16.56,58.74076,998.52704,
55.87_37.66,2024-06-07 16:00:00,23.15,20.589483,none,0.0,0.0,23.1774,44.28,50.139164,992.72284,
55.87_37.66,2024-06-15 20:00:00,20.7,20.671173,none,0.0,0.0,7.771331,16.199999,63.18579,997.2562,
55.87_37.66,2024-06-16 08:00:00,20.65,21.178326,none,0.0,0.0,9.826088,20.519999,73.522224,999.8622,
55.87_37.66,2024-07-01 16:00:00,30.15,29.783424,none,0.0,0.0,10.594036,23.4,34.75661,993.1978,
55.87_37.66,2024-07-17 18:00:00,28.8,29.016144,none,0.0,0.0,3.6179552,13.679999,36.360317,999.3378,
55.87_37.66,2024-07-20 05:00:00,16.1,16.43592,none,0.0,0.0,9.290511,15.119999,93.496155,991.89496,
55.87_37.66,2024-08-20 15:00:00,24.0,24.249872,rain,0.1,0.0,16.575644,33.12,66.80789,997.06885,
55.87_37.66,2024-10-10 17:00:00,8.75,5.350688,none,0.0,0.0,14.81915,29.88,76.78435,996.4084,
55.87_37.67,2024-05-24 20:00:00,16.6,14.769188,none,0.0,0.0,6.638072,10.440001,51.639786,1013.1379,
55.87_37.67,2024-05-29 08:00:00,23.0,23.097239,none,0.0,0.0,2.5959969,11.879999,48.47399,1001.30365,
55.87_37.67,2024-07-05 18:00:00,26.4,27.256306,none,0.0,0.0,8.647496,17.28,53.32793,988.3602,
55.87_37.67,2024-07-16 03:00:00,20.4,22.704998,none,0.0,0.0,8.669949,14.759999,93.99228,997.59064,
55.87_37.67,2024-07-16 08:00:00,23.95,26.42422,none,0.0,0.0,9.693296,21.24,78.83341,999.39124,
55.87_37.67,2024-07-20 21:00:00,19.25,19.766684,none,0.0,0.0,6.8777895,17.64,74.471214,991.50464,
55.87_37.67,2024-08-04 19:00:00,19.75,19.877392,none,0.0,0.0,9.1641035,29.88,71.49688,987.6318,
55.87_37.67,2024-08-27 15:00:00,27.5,28.231201,none,0.0,0.0,8.669949,20.16,49.04157,1004.5284,
55.87_37.67,2024-09-04 22:00:00,14.05,11.279132,none,0.0,0.0,14.145756,24.119999,63.59244,1011.0964,
55.87_37.67,2024-10-04 08:00:00,11.1,7.4292097,none,0.0,0.0,12.98248,22.319998,53.85812,996.5461,
55.87_37.68,2024-05-13 23:00:00,1.55,-2.1486704,none,0.0,0.0,8.39657,13.679999,74.738655,1002.6478,
55.87_37.68,2024-05-28 16:00:00,24.85,23.652636,none,0.0,0.0,2.5959969,12.599999,31.498745,1003.57184,
55.87_37.68,2024-06-07 19:00:00,20.9,18.551666,none,0.0,0.0,20.240198,41.399998,56.572826,992.2684,
55.87_37.68,2024-06-13 15:00:00,19.9,20.980577,rain,1.1,0.0,12.57426,27.0,88.81845,990.04736,
55.87_37.68,2024-06-13 23:00:00,17.0,15.394867,rain,0.5,0.0,21.434364,38.16,85.77443,991.0889,
55.87_37.68,2024-06-24 08:00:00,16.95,16.381865,none,0.0,0.0,4.6938257,13.32,65.10651,990.8323,
55.87_37.68,2024-06-29 00:00:00,18.0,17.299942,none,0.0,0.0,9.3876505,15.4800005,68.64809,997.73865,
55.87_37.68,2024-07-06 18:00:00,21.35,19.323524,none,0.0,0.0,11.183201,29.519999,43.706585,998.9769,
55.87_37.68,2024-07-16 21:00:00,23.1,25.73407,none,0.0,0.0,5.2416787,9.0,77.98023,999.53827,
55.87_37.68,2024-07-25 04:00:00,14.45,14.399822,none,0.0,0.0,7.69592,9.36,93.1114,991.8218,
55.87_37.68,2024-08-29 16:00:00,24.8,23.983107,none,0.0,0.0,7.491114,15.84,41.668808,1007.7944,
55.87_37.68,2024-09-05 15:00:00,20.2,17.738293,none,0.0,0.0,12.015589,25.199999,43.087368,1013.94226,
55.87_37.68,2024-09-12 17:00:00,25.05,23.145224,none,0.0,0.0,17.072504,29.16,43.860126,1001.43805,
55.87_37.69,2024-06-21 08:00:00,16.8,14.105881,none,0.0,0.0,18.875126,37.44,64.85683,991.06616,
55.87_37.69,2024-07-04 21:00:00,24.55,24.332758,none,0.0,0.0,16.299694,29.16,59.904198,992.02734,
55.87_37.69,2024-09-11 13:00:00,24.25,21.973234,none,0.0,0.0,19.08,37.8,45.10678,997.15234,
55.87_37.7,2024-07-11 20:00:00,21.4,20.210218,none,0.0,0.0,7.289444,16.199999,46.612465,1003.02826,
55.87_37.71,2024-05-10 10:00:00,9.2,3.7672024,none,0.0,1.0,25.364037,48.6,50.33552,991.6421,
55.87_37.71,2024-06-19 11:00:00,23.2,22.698374,rain,0.1,0.0,16.595179,33.839996,53.024235,994.9294,
55.87_37.71,2024-07-12 16:00:00,27.55,27.00542,none,0.0,0.0,7.968939,21.24,33.691586,999.6637,
55.87_37.71,2024-08-21 11:00:00,20.55,19.96689,none,0.0,0.0,10.446206,23.4,58.187126,998.60266,
55.87_37.71,2024-09-14 16:00:00,24.3,21.636732,none,0.0,0.0,15.629971,31.319998,36.675274,1005.51874,
55.87_37.72,2024-05-10 00:00:00,1.05,-4.173568,none,0.0,1.0,15.5843,27.0,56.676945,995.2219,
55.87_37.72,2024-05-21 11:00:00,20.7,21.00308,none,0.0,0.0,8.4042845,23.4,57.084984,999.2011,
55.87_37.72,2024-07-23 03:00:00,14.3,12.496914,none,0.0,0.0,11.988594,20.880001,74.110985,994.4832,
55.87_37.72,2024-09-08 20:00:00,17.5,16.155998,none,0.0,0.0,9.028754,10.08,60.814,1007.44934,
55.88_37.41,2024-09-11 07:00:00,15.25,13.810682,none,0.0,0.0,14.021525,21.96,80.684,995.0595,
55.88_37.42,2024-08-25 10:00:00,21.55,23.360983,none,0.0,0.0,4.5536795,14.4,75.33144,999.60095,
55.88_37.42,2024-09-17 15:00:00,24.1,22.73537,none,0.0,0.0,6.3690495,15.4800005,36.61848,1011.2405,
55.88_37.43,2024-09-20 03:00:00,12.6,11.407245,none,0.0,0.0,7.5170207,12.599999,81.95709,1006.58325,
55.88_37.43,2024-10-06 20:00:00,9.15,6.036331,rain,1.1,0.0,17.34083,31.319998,90.95373,993.8927,
55.88_37.44,2024-05-29 08:00:00,20.6,20.850622,none,0.0,0.0,3.7585104,12.24,59.94528,998.6787,
55.88_37.44,2024-05-31 23:00:00,17.85,18.12497,none,0.0,0.0,5.937272,9.0,75.9454,995.41644,
55.88_37.44,2024-07-22 08:00:00,19.05,20.04022,rain,0.1,0.0,7.628263,19.08,83.02271,988.81256,
55.88_37.45,2024-08-14 10:00:00,18.55,16.601547,none,0.0,0.0,20.466246,41.760002,71.274376,990.6452,
55.88_37.45,2024-08-15 08:00:00,14.0,12.905859,none,0.0,0.0,9.422101,19.08,81.591896,994.6568,
55.88_37.45,2024-08-18 19:00:00,23.05,24.791454,none,0.0,0.0,5.315336,12.959999,69.19763,990.65674,
55.88_37.45,2024-09-03 22:00:00,17.25,16.965385,none,0.0,0.0,7.8954163,11.5199995,74.86228,1005.8597,
55.88_37.45,2024-09-14 09:00:00,16.9,14.626247,none,0.0,0.0,14.168641,25.919998,60.468403,1004.3454,
55.88_37.45,2024-10-07 20:00:00,15.35,15.612375,none,0.0,0.0,7.8728137,11.879999,93.45954,985.75665,
55.88_37.46,2024-07-01 21:00:00,24.5,24.665997,none,0.0,0.0,13.392774,20.519999,59.70191,987.8509,
55.88_37.46,2024-09-20 19:00:00,15.2,13.838415,none,0.0,0.0,10.1376915,16.199999,72.797104,1002.1432,
55.88_37.46,2024-09-24 21:00:00,13.35,10.346004,none,0.0,0.0,11.609651,19.08,55.221336,999.3985,
55.88_37.47,2024-06-10 09:00:00,21.3,19.207098,none,0.0,0.0,15.844089,30.239998,50.816113,990.0649,
55.88_37.47,2024-08-13 20:00:00,16.35,15.291311,none,0.0,0.0,13.551501,23.759998,80.0431,986.1975,
55.88_37.47,2024-08-18 16:00:00,26.15,25.786968,none,0.0,0.0,12.496718,24.119999,48.526577,990.1321,
55.88_37.47,2024-08-20 02:00:00,20.15,21.345028,none,0.0,0.0,7.771331,13.679999,80.30354,989.87897,
55.88_37.48,2024-06-09 12:00:00,20.35,20.15456,none,0.0,0.0,8.311245,21.96,43.57361,989.0191,
55.88_37.48,2024-09-17 08:00:00,16.3,16.173435,none,0.0,0.0,6.130579,14.4,77.965836,1011.15424,
55.88_37.49,2024-05-29 21:00:00,21.4,20.674643,none,0.0,0.0,9.0,13.679999,54.682728,993.7263,
55.88_37.49,2024-09-10 19:00:00,19.85,19.178015,none,0.0,0.0,6.618519,10.08,56.498234,995.9732,
55.88_37.49,2024-09-20 08:00:00,11.85,10.366573,none,0.0,0.0,8.942214,16.199999,84.38103,1006.2973,
55.88_37.49,2024-09-27 10:00:00,18.0,13.866827,none,0.0,0.0,24.842607,47.519997,52.190502,991.64923,
55.88_37.52,2024-05-19 15:00:00,18.8,16.387327,none,0.0,0.0,9.449572,22.319998,35.849804,996.73315,
55.88_37.52,2024-08-16 10:00:00,18.6,16.98302,none,0.0,0.0,16.1198,31.319998,66.987595,994.43427,
55.88_37.52,2024-10-03 16:00:00,17.3,15.724455,none,0.0,0.0,7.1321807,14.759999,54.175335,996.0872,
55.88_37.52,2024-10-10 20:00:00,8.15,4.6319523,none,0.0,0.0,15.922626,27.359999,81.09021,992.7374,
55.88_37.53,2024-05-11 16:00:00,10.15,4.293518,none,0.0,0.0,22.66857,41.760002,39.433556,986.7918,
55.88_37.53,2024-07-15 21:00:00,23.15,26.3067,none,0.0,0.0,5.1919937,10.08,82.984116,994.42145,
55.88_37.53,2024-07-19 20:00:00,21.35,22.481388,none,0.0,0.0,4.6102495,14.759999,68.64539,989.3335,
55.88_37.53,2024-09-18 09:00:00,16.4,16.573881,none,0.0,0.0,2.3051248,9.36,73.4967,1012.5607,
55.88_37.54,2024-05-30 07:00:00,21.1,21.635017,none,0.0,0.0,5.8603754,15.4800005,64.936646,993.624,
55.88_37.54,2024-06-13 18:00:00,19.25,18.346226,none,0.0,0.0,17.651016,30.960001,76.41552,987.33673,
55.88_37.54,2024-07-08 16:00:00,27.35,27.065588,none,0.0,0.0,9.9571085,23.039999,37.909416,999.3943,
55.88_37.54,2024-07-09 19:00:00,23.3,23.703163,none,0.0,0.0,15.379206,30.960001,69.465034,1000.1141,
55.88_37.55,2024-05-31 17:00:00,28.6,26.650627,none,0.0,0.0,10.009036,20.16,27.69772,994.5652,
55.88_37.55,2024-07-17 00:00:00,20.3,22.356197,none,0.0,0.0,7.289444,12.24,89.12935,997.5719,
55.88_37.55,2024-07-30 10:00:00,19.9,19.28451,none,0.0,0.0,7.2805495,18.359999,58.221016,978.4215,
55.88_37.55,2024-09-21 22:00:00,14.4,11.887474,none,0.0,0.0,16.279802,28.8,72.165665,996.1347,
55.88_37.56,2024-08-07 12:00:00,22.3,23.813114,rain,0.1,0.0,4.73506,17.28,63.745064,989.41425,
55.88_37.56,2024-09-06 23:00:00,13.5,12.970312,none,0.0,0.0,5.04,8.64,82.896034,1010.10925,
55.88_37.56,2024-10-03 15:00:00,20.05,17.239866,none,0.0,0.0,12.638512,23.4,40.324505,996.28094,
55.88_37.58,2024-06-28 11:00:00,23.5,25.646128,none,0.0,0.0,2.0991426,12.24,53.622543,997.1888,
55.88_37.58,2024-07-08 23:00:00,18.15,18.05367,none,0.0,0.0,10.703569,12.599999,79.00468,998.88995,
55.88_37.58,2024-07-22 23:00:00,17.05,15.066313,none,0.0,0.0,13.513193,25.199999,62.778614,992.0907,
55.88_37.59,2024-05-23 19:00:00,14.95,12.40073,none,0.0,0.0,8.28,17.28,49.266598,1007.95013,
55.88_37.59,2024-06-13 19:00:00,18.55,17.813599,none,0.0,0.0,17.163355,30.960001,81.12212,989.2276,
55.88_37.59,2024-06-23 01:00:00,11.7,10.469343,none,0.0,0.0,7.208994,8.64,85.22019,989.22565,
55.88_37.59,2024-08-19 23:00:00,20.9,21.431019,none,0.0,0.0,10.630672,17.28,73.80058,992.7357,
55.88_37.6,2024-08-04 20:00:00,16.7,17.166773,none,0.0,0.0,7.10031,15.119999,87.14032,985.92865,
55.88_37.6,2024-09-24 15:00:00,18.55,15.206963,none,0.0,0.0,13.441071,26.28,38.65759,1002.7476,
55.88_37.61,2024-06-15 21:00:00,17.95,17.77409,none,0.0,0.0,9.028754,12.959999,75.46911,996.42206,
55.88_37.62,2024-10-07 13:00:00,17.05,17.415201,none,0.0,0.0,8.43699,20.519999,86.61308,988.5644,
55.88_37.64,2024-05-17 15:00:00,19.3,16.193068,none,0.0,0.0,17.114204,33.12,46.822475,998.1672,
55.88_37.64,2024-07-12 20:00:00,24.75,24.708183,none,0.0,0.0,5.8603754,16.199999,46.754654,998.26294,
55.88_37.64,2024-07-18 21:00:00,23.0,24.75372,none,0.0,0.0,6.12,6.8399997,70.736336,996.208,
55.88_37.64,2024-08-11 10:00:00,19.1,19.258858,rain,0.1,0.0,10.495713,23.759998,77.38143,986.741,
55.88_37.64,2024-09-30 19:00:00,10.25,6.002779,none,0.0,0.0,20.778112,37.079998,69.91057,1007.8652,
55.88_37.64,2024-10-01 17:00:00,15.3,12.583115,none,0.0,0.0,16.109747,31.319998,64.30844,1002.9335,
55.88_37.65,2024-07-01 19:00:00,28.95,30.940868,none,0.0,0.0,4.452954,13.32,49.73612,990.8631,
55.88_37.65,2024-09-04 08:00:00,17.2,17.086227,none,0.0,0.0,14.24163,27.359999,91.1899,1011.30927,
55.88_37.65,2024-09-22 12:00:00,12.7,9.325491,none,0.0,0.0,10.829959,25.56,48.123474,1004.74414,
55.88_37.66,2024-05-09 21:00:00,2.05,-2.2792482,none,0.0,1.0,10.086427,19.8,56.51266,998.15063,
55.88_37.66,2024-09-02 14:00:00,25.25,23.489193,none,0.0,0.0,13.830749,29.88,40.29722,1009.36523,
55.88_37.67,2024-06-29 09:00:00,26.5,28.87542,none,0.0,0.0,4.3349743,16.199999,57.7542,998.53613,
55.88_37.67,2024-07-09 23:00:00,20.2,20.628204,none,0.0,0.0,14.77755,26.28,83.15825,1004.66266,
55.88_37.68,2024-08-01 08:00:00,16.35,14.84206,none,0.0,0.0,16.981165,33.12,80.83164,984.27,
55.88_37.69,2024-06-04 01:00:00,15.85,14.770662,none,0.0,0.0,13.004922,22.319998,81.0299,988.7419,
55.88_37.69,2024-07-25 18:00:00,24.2,22.937319,none,0.0,0.0,8.161764,20.519999,39.8678,990.8431,
55.88_37.69,2024-08-12 20:00:00,16.0,13.844791,none,0.0,0.0,15.379206,30.960001,68.7017,985.8035,
55.88_37.69,2024-08-25 22:00:00,18.0,18.280222,none,0.0,0.0,8.12197,11.159999,79.75272,1001.4102,
55.88_37.69,2024-09-14 20:00:00,19.55,16.951492,none,0.0,0.0,14.84318,24.48,48.346672,1005.7708,
55.88_37.7,2024-05-20 20:00:00,18.85,16.117723,none,0.0,0.0,13.70839,25.56,46.538105,997.74713,
55.88_37.7,2024-06-08 17:00:00,22.15,19.413519,none,0.0,0.0,10.990322,23.039999,33.65401,991.44147,
55.88_37.7,2024-06-24 14:00:00,20.35,18.771864,rain,0.1,0.0,15.111424,31.319998,49.22309,991.9244,
55.88_37.71,2024-05-29 07:00:00,18.95,20.065836,none,0.0,0.0,1.0182338,7.5599995,72.51674,1000.7619,
55.88_37.71,2024-07-07 20:00:00,22.1,22.334656,none,0.0,0.0,6.439876,13.32,58.7524,1004.5772,
55.88_37.71,2024-07-30 19:00:00,18.9,18.01979,none,0.0,0.0,11.631956,24.48,66.83048,982.43884,
55.88_37.71,2024-09-02 14:00:00,25.05,23.764935,none,0.0,0.0,12.496718,27.359999,43.428406,1008.20233,
55.88_37.72,2024-06-10 20:00:00,18.1,17.529459,none,0.0,0.0,14.336861,31.319998,80.02449,991.8791,
55.88_37.72,2024-07-01 14:00:00,29.15,28.925587,none,0.0,0.0,11.753876,26.64,39.551376,993.14886,
55.88_37.72,2024-07-12 20:00:00,23.95,24.473015,none,0.0,0.0,5.8048253,12.24,54.438187,999.47327,
55.88_37.72,2024-07-21 03:00:00,15.4,15.84627,none,0.0,0.0,6.9899354,12.24,94.06804,991.10974,
55.88_37.72,2024-08-26 13:00:00,26.05,28.403095,none,0.0,0.0,5.3999996,16.919998,57.646336,1003.11914,
55.88_37.72,2024-09-03 16:00:00,25.35,24.6179,none,0.0,0.0,5.6920996,14.04,38.746033,1007.5301,
55.88_37.73,2024-05-12 18:00:00,5.0,0.41372395,none,0.0,0.0,12.371645,25.919998,48.408424,1001.0199,
55.88_37.73,2024-05-18 14:00:00,17.7,16.011961,none,0.0,0.0,11.885453,28.8,41.93455,1002.2568,
55.88_37.73,2024-05-24 13:00:00,19.15,18.973263,none,0.0,0.0,4.510787,18.359999,38.42647,1014.99927,
55.88_37.73,2024-07-01 21:00:00,24.4,25.01307,none,0.0,0.0,10.1887,17.28,59.869213,991.24023,
55.88_37.73,2024-07-02 22:00:00,24.8,25.529593,none,0.0,0.0,10.086427,16.56,59.39284,987.1044,
55.88_37.73,2024-08-02 21:00:00,17.2,16.533253,none,0.0,0.0,9.83268,17.64,73.63705,985.07214,
55.88_37.73,2024-08-05 19:00:00,21.35,21.429457,none,0.0,0.0,7.628263,19.08,61.707893,989.7399,
55.88_37.73,2024-09-01 01:00:00,16.75,16.394703,none,0.0,0.0,8.4963045,15.119999,77.524704,1005.9501,
55.88_37.73,2024-09-16 08:00:00,14.2,13.1415825,none,0.0,0.0,7.172949,14.4,75.34545,1009.7318,
55.88_37.73,2024-09-27 05:00:00,15.45,10.733842,none,0.0,0.0,24.209164,43.199997,50.271748,995.8123,
55.88_37.73,2024-09-29 08:00:00,15.5,15.961988,none,0.0,0.0,8.427383,13.679999,97.1525,996.3837,
55.88_37.73,2024-10-02 09:00:00,11.65,8.588067,none,0.0,0.0,12.362475,23.759998,62.82284,1001.06866,
55.88_37.73,2024-10-04 13:00:00,10.75,8.383766,rain,2.0,0.0,13.88919,24.48,87.15808,995.0856,
55.89_37.4,2024-05-23 12:00:00,17.35,15.258596,none,0.0,0.0,11.874544,28.8,35.428585,1007.3317,
55.89_37.4,2024-06-03 21:00:00,17.75,16.367815,none,0.0,0.0,14.512064,25.919998,70.65927,985.0628,
55.89_37.4,2024-06-06 15:00:00,25.65,27.040699,none,0.0,0.0,5.1919937,17.28,47.7689,984.4136,
55.89_37.4,2024-09-03 09:00:00,19.2,19.405842,none,0.0,0.0,6.28713,15.84,69.563225,1005.84265,
55.89_37.4,2024-09-18 07:00:00,11.85,10.415358,none,0.0,0.0,6.696387,7.5599995,78.60315,1010.5872,
55.89_37.4,2024-09-27 11:00:00,16.4,12.259199,rain,0.5,0.0,27.727594,55.8,64.12072,990.544,
55.89_37.43,2024-07-01 09:00:00,26.7,28.19778,none,0.0,0.0,6.379216,15.84,54.952145,991.39923,
55.89_37.44,2024-06-02 22:00:00,20.5,21.417423,none,0.0,0.0,9.387651,14.759999,78.08861,989.91125,
55.89_37.44,2024-07-03 10:00:00,28.3,28.861183,none,0.0,0.0,16.981165,32.760002,53.807114,983.5828,
55.89_37.44,2024-07-03 16:00:00,32.25,29.097397,none,0.0,0.0,26.302181,45.0,28.689058,982.8596,
55.89_37.48,2024-07-14 22:00:00,22.3,25.339066,none,0.0,0.0,5.315336,7.5599995,86.29894,992.28906,
55.89_37.48,2024-09-09 03:00:00,10.2,8.872257,none,0.0,0.0,7.968939,10.799999,94.46255,1004.5759,
55.89_37.49,2024-05-20 17:00:00,23.5,20.99203,none,0.0,0.0,10.948973,21.599998,33.229626,994.0532,
55.89_37.49,2024-06-18 20:00:00,19.15,18.280201,none,0.0,0.0,17.811815,31.319998,77.63815,988.67523,
55.89_37.49,2024-07-13 11:00:00,24.3,25.636814,rain,0.1,0.0,10.787993,25.199999,62.77218,994.40186,
55.89_37.49,2024-08-10 03:00:00,12.85,12.773651,none,0.0,0.0,5.904439,9.0,97.73331,991.7539,
55.89_37.5,2024-05-21 02:00:00,11.0,9.323993,none,0.0,0.0,7.5685663,12.599999,80.645386,995.5315,
55.89_37.5,2024-05-23 16:00:00,19.0,15.6977005,none,0.0,0.0,9.449572,20.16,30.490072,1008.2944,
55.89_37.5,2024-07-02 12:00:00,29.9,29.995705,none,0.0,0.0,19.576189,36.0,43.91046,985.7588,
55.89_37.5,2024-07-03 10:00:00,29.1,29.628502,none,0.0,0.0,17.87718,40.32,50.406723,984.09143,
55.89_37.5,2024-10-05 18:00:00,9.85,7.656212,none,0.0,0.0,8.656858,13.679999,78.57131,997.60144,
55.89_37.52,2024-07-02 12:00:00,29.85,30.002811,none,0.0,0.0,19.08,36.719997,43.617966,986.4201,
55.89_37.52,2024-07-09 11:00:00,26.75,28.452087,none,0.0,0.0,6.9153743,18.359999,48.37405,998.80237,
55.89_37.52,2024-10-09 08:00:00,7.05,3.9959831,none,0.0,0.0,12.886039,23.759998,88.016396,990.49176,
55.89_37.52,2024-10-10 18:00:00,8.15,4.7962265,none,0.0,0.0,14.650938,25.199999,80.52782,993.2179,
55.89_37.53,2024-08-16 15:00:00,23.05,20.61427,none,0.0,0.0,17.283749,34.2,44.329327,993.69525,
55.89_37.54,2024-05-20 11:00:00,21.55,21.18084,none,0.0,0.0,12.768586,27.0,49.217678,994.2906,
55.89_37.54,2024-06-10 12:00:00,22.7,19.998875,none,0.0,0.0,20.523157,39.239998,47.439632,989.90204,
55.89_37.54,2024-06-19 11:00:00,23.25,22.839127,none,0.0,0.0,16.676977,32.039997,52.864296,992.8785,
55.89_37.54,2024-09-03 21:00:00,17.75,17.422548,none,0.0,0.0,9.0,11.879999,74.21611,1004.62103,
55.89_37.54,2024-09-27 20:00:00,14.4,10.026326,rain,0.5,0.0,30.993471,55.8,77.16079,988.01245,
55.89_37.56,2024-09-18 14:00:00,22.9,22.108494,none,0.0,0.0,2.6208394,13.32,39.633835,1010.92474,
55.89_37.56,2024-09-28 14:00:00,21.6,18.873617,none,0.0,0.0,30.796837,50.039997,67.17023,988.0609,
55.89_37.57,2024-07-24 04:00:00,12.3,11.4500885,none,0.0,0.0,8.373386,9.72,92.998825,994.47833,
55.89_37.58,2024-07-08 09:00:00,23.85,23.39491,none,0.0,0.0,11.165805,24.119999,47.59497,1002.3103,
55.89_37.59,2024-06-03 19:00:00,21.3,19.416756,none,0.0,0.0,18.388212,39.239998,57.42079,986.7787,
55.89_37.59,2024-06-08 08:00:00,17.95,15.752689,none,0.0,0.0,13.363711,28.44,56.020527,992.253,
55.89_37.59,2024-06-16 18:00:00,22.7,22.373617,none,0.0,0.0,11.885453,19.8,59.086655,995.63367,
55.89_37.59,2024-06-21 14:00:00,19.85,16.662464,none,0.0,0.0,23.0653,44.639996,53.92533,990.08624,
55.89_37.59,2024-06-27 20:00:00,19.0,18.900658,none,0.0,0.0,7.9036193,15.119999,69.524254,995.3178,
55.89_37.59,2024-07-01 22:00:00,24.0,24.684118,none,0.0,0.0,10.685391,16.56,62.70553,988.3979,
55.89_37.59,2024-07-20 13:00:00,21.2,20.966665,rain,0.5,0.0,12.397806,24.84,66.65741,988.9965,
55.89_37.59,2024-08-09 07:00:00,15.2,15.048386,none,0.0,0.0,11.090103,21.96,95.28335,991.46747,
55.89_37.59,2024-08-14 20:00:00,16.85,14.529377,none,0.0,0.0,12.0694,25.199999,55.36307,992.57935,
55.89_37.59,2024-08-24 12:00:00,20.8,19.973019,none,0.0,0.0,13.363711,26.64,63.00277,999.6002,
55.89_37.59,2024-09-25 18:00:00,19.05,16.21028,none,0.0,0.0,15.367616,27.72,47.719772,1000.2711,
55.89_37.59,2024-10-05 16:00:00,11.5,9.343852,none,0.0,0.0,8.477216,18.359999,70.64383,997.0324,
55.89_37.59,2024-10-08 20:00:00,12.15,11.657905,none,0.0,0.0,6.6624317,14.04,96.121254,987.57153,
55.89_37.6,2024-06-12 19:00:00,21.4,23.51584,rain,5.1,0.0,7.9932976,19.08,85.1421,991.2499,
55.89_37.6,2024-06-21 10:00:00,18.05,16.036703,none,0.0,0.0,18.58451,37.079998,60.538128,989.4251,
55.89_37.6,2024-08-02 21:00:00,16.15,15.839338,none,0.0,0.0,8.654986,18.359999,81.60128,983.0404,
55.89_37.6,2024-08-11 12:00:00,17.55,17.302181,rain,0.2,0.0,9.885262,28.44,78.153175,984.3622,
55.89_37.6,2024-08-11 20:00:00,15.85,14.560673,none,0.0,0.0,10.24578,24.84,71.237564,983.3678,
55.89_37.61,2024-07-01 19:00:00,28.95,30.940868,none,0.0,0.0,4.452954,13.32,49.73612,989.0779,
55.89_37.61,2024-07-05 19:00:00,26.4,27.256306,none,0.0,0.0,8.647496,17.28,53.32793,985.7799,
55.89_37.61,2024-07-30 18:00:00,19.2,18.168756,none,0.0,0.0,12.10157,25.919998,64.52473,981.656,
55.89_37.61,2024-08-12 02:00:00,12.4,10.714015,none,0.0,0.0,13.276144,22.68,89.96939,982.64667,
55.89_37.62,2024-05-12 19:00:00,4.75,0.43594503,none,0.0,0.0,11.090103,25.56,52.123585,1001.3471,
55.89_37.62,2024-06-02 14:00:00,23.4,23.832977,none,0.0,0.0,10.195057,26.64,61.77647,994.70953,
55.89_37.62,2024-09-08 17:00:00,23.7,22.8667,none,0.0,0.0,5.4119864,12.599999,41.36017,1008.3474,
55.89_37.63,2024-05-10 13:00:00,9.15,3.5572567,none,0.0,1.0,23.73271,46.079998,52.56604,991.0596,
55.89_37.63,2024-07-19 19:00:00,22.85,22.910751,none,0.0,0.0,7.9932966,20.519999,56.684834,991.81506,
55.89_37.63,2024-08-07 21:00:00,18.7,18.907873,none,0.0,0.0,7.491114,12.24,74.13741,991.2187,
55.89_37.63,2024-09-05 12:00:00,18.0,15.7843685,none,0.0,0.0,14.764389,31.319998,53.807903,1013.1308,
55.89_37.63,2024-09-23 08:00:00,5.25,3.151228,none,0.0,0.0,3.319036,8.64,85.40462,1004.6183,
55.89_37.64,2024-05-10 09:00:00,8.4,3.653656,none,0.0,1.0,20.780453,40.68,56.71795,993.16656,
55.89_37.64,2024-09-10 12:00:00,24.35,23.984453,none,0.0,0.0,12.879752,26.64,53.147175,999.5314,
55.89_37.65,2024-06-21 15:00:00,20.25,17.1076,none,0.0,0.0,22.039528,44.28,52.431442,989.8013,
55.89_37.65,2024-08-05 22:00:00,15.8,16.354292,none,0.0,0.0,5.495161,9.36,89.927086,988.01685,
55.89_37.65,2024-09-25 13:00:00,21.05,18.336552,none,0.0,0.0,17.643673,33.839996,47.464275,1001.3645,
55.89_37.66,2024-05-22 10:00:00,19.4,17.179955,none,0.0,0.0,15.484185,31.68,41.83927,1002.78394,
55.89_37.66,2024-05-31 15:00:00,28.8,28.55032,none,0.0,0.0,8.669949,22.319998,31.641579,995.8123,
55.89_37.66,2024-06-04 12:00:00,23.7,22.49127,rain,0.1,0.0,20.523157,43.199997,52.63655,988.0701,
55.89_37.66,2024-06-08 09:00:00,19.15,17.46479,none,0.0,0.0,10.787993,27.72,53.744198,991.32684,
55.89_37.66,2024-06-15 10:00:00,21.85,22.93134,none,0.0,0.0,2.5455842,12.599999,53.726658,995.4653,
55.89_37.66,2024-07-12 20:00:00,22.25,21.81111,none,0.0,0.0,6.489992,10.08,51.067764,998.6204,
55.89_37.66,2024-07-18 18:00:00,26.2,27.716951,none,0.0,0.0,1.0182338,12.599999,50.129776,994.9899,
55.89_37.66,2024-10-04 15:00:00,10.8,8.808187,rain,2.5,0.0,12.241323,25.919998,89.848816,993.4829,
55.89_37.66,2024-10-07 07:00:00,10.35,8.73094,none,0.0,0.0,10.825469,19.8,96.38944,988.4508,
55.89_37.67,2024-05-15 15:00:00,14.15,12.14028,none,0.0,0.0,3.8939953,14.4,50.09096,1006.73376,
55.89_37.67,2024-05-18 11:00:00,16.2,13.591181,none,0.0,0.0,14.565548,30.239998,42.84177,1001.6722,
55.89_37.67,2024-06-10 19:00:00,18.95,18.115093,rain,0.2,0.0,15.137133,34.56,73.94046,992.9387,
55.89_37.67,2024-06-25 23:00:00,16.5,14.71789,none,0.0,0.0,12.229406,20.519999,65.22629,994.69934,
55.89_37.67,2024-07-03 00:00:00,22.8,22.840326,none,0.0,0.0,12.620554,21.24,63.65036,986.6645,
55.89_37.67,2024-07-18 14:00:00,26.65,29.64952,rain,0.1,0.0,6.849467,20.880001,64.28182,996.2771,
55.89_37.67,2024-08-30 14:00:00,23.45,23.349821,none,0.0,0.0,7.42159,19.8,51.383484,1008.7496,
55.89_37.67,2024-08-30 22:00:00,16.85,16.552967,none,0.0,0.0,9.028754,14.4,79.07438,1008.35425,
55.89_37.67,2024-09-05 18:00:00,18.9,17.444141,none,0.0,0.0,7.6367526,21.599998,51.550804,1011.7197,
55.89_37.67,2024-09-11 12:00:00,22.55,20.775215,none,0.0,0.0,17.884428,36.0,53.20426,998.1301,
55.89_37.67,2024-09-24 19:00:00,14.1,10.907922,none,0.0,0.0,12.758432,21.24,52.22851,1002.895,
55.89_37.68,2024-06-19 20:00:00,21.2,20.647417,none,0.0,0.0,14.458382,23.4,66.44288,993.36707,
55.89_37.68,2024-06-22 18:00:00,19.9,18.374405,none,0.0,0.0,10.365251,30.239998,52.515102,992.54193,
55.89_37.68,2024-06-26 18:00:00,20.75,18.852293,none,0.0,0.0,15.124284,37.079998,53.620758,995.0147,
55.89_37.68,2024-07-14 16:00:00,29.55,31.150772,none,0.0,0.0,5.506941,15.4800005,46.39812,995.20557,
55.89_37.68,2024-07-24 11:00:00,23.4,22.86263,none,0.0,0.0,10.948973,24.48,45.171482,996.85205,
55.89_37.68,2024-07-28 02:00:00,17.8,18.141277,none,0.0,0.0,10.308831,18.359999,86.131165,995.5151,
55.89_37.68,2024-08-10 01:00:00,14.15,14.420832,none,0.0,0.0,5.495161,9.0,94.935875,994.1397,
55.89_37.68,2024-10-01 18:00:00,13.75,10.85309,none,0.0,0.0,16.546299,28.44,68.943,1003.1522,
55.89_37.69,2024-06-29 18:00:00,28.2,30.45905,none,0.0,0.0,3.8268526,10.440001,53.276802,996.2008,
55.89_37.69,2024-08-15 08:00:00,13.9,13.016626,none,0.0,0.0,8.287822,18.359999,82.94471,997.74115,
55.89_37.7,2024-07-14 10:00:00,26.7,29.66502,none,0.0,0.0,2.5455842,13.32,60.40131,995.1893,
55.89_37.7,2024-07-20 15:00:00,22.9,22.594265,rain,0.1,0.0,13.608762,29.519999,59.325413,990.6324,
55.89_37.7,2024-08-30 10:00:00,20.35,20.554598,none,0.0,0.0,8.759178,20.519999,69.1136,1009.3145,
55.89_37.7,2024-09-01 23:00:00,20.3,19.408812,none,0.0,0.0,10.691453,19.44,59.481903,1007.2296,
55.89_37.7,2024-10-02 17:00:00,17.15,14.584938,none,0.0,0.0,12.730467,23.4,52.142475,1000.1002,
55.89_37.71,2024-05-30 00:00:00,15.8,14.790596,none,0.0,0.0,9.885262,11.5199995,75.11256,997.6774,
55.89_37.71,2024-07-31 00:00:00,14.25,13.725901,none,0.0,0.0,11.304229,20.16,95.24923,983.0634,
55.89_37.71,2024-08-13 12:00:00,16.55,14.671225,rain,0.2,0.0,17.58481,34.56,75.48557,988.7936,
55.89_37.71,2024-09-05 14:00:00,19.3,17.491817,none,0.0,0.0,12.620554,29.16,50.965103,1014.8914,
55.8_37.29,2024-05-21 16:00:00,22.85,21.455282,none,0.0,0.0,7.754637,15.119999,41.25948,998.2264,
55.8_37.3,2024-06-26 12:00:00,21.0,18.870302,rain,0.1,0.0,21.129883,39.96,49.564182,993.45135,
55.8_37.3,2024-08-23 09:00:00,19.8,19.149866,none,0.0,0.0,12.758432,25.199999,68.11547,993.79877,
55.8_37.31,2024-08-19 17:00:00,26.75,26.92353,none,0.0,0.0,7.2,16.199999,44.908207,995.23157,
55.8_37.32,2024-07-01 07:00:00,24.75,27.970345,none,0.0,0.0,5.0911684,13.32,75.844475,995.40485,
55.8_37.32,2024-08-02 10:00:00,17.1,15.661633,rain,0.1,0.0,15.807239,29.519999,75.57606,984.6783,
55.8_37.32,2024-08-07 15:00:00,23.05,22.962646,none,0.0,0.0,6.638072,17.28,52.46828,991.6394,
55.8_37.33,2024-08-31 19:00:00,20.4,19.857183,none,0.0,0.0,10.00256,16.919998,62.096302,1009.2316,
55.8_37.33,2024-09-21 08:00:00,12.8,11.373146,none,0.0,0.0,12.015589,21.599998,89.10847,1006.28125,
55.8_37.33,2024-09-22 09:00:00,10.05,6.673731,none,0.0,0.0,12.599999,26.28,63.336273,1005.9329,
55.8_37.33,2024-10-07 08:00:00,12.05,10.965359,rain,0.2,0.0,9.983106,17.28,94.540474,992.07404,
55.8_37.35,2024-09-01 19:00:00,23.85,23.95799,none,0.0,0.0,7.42159,11.879999,53.018856,1008.6431,
55.8_37.35,2024-09-12 20:00:00,20.95,17.380573,none,0.0,0.0,20.883102,38.519997,43.29902,1004.56476,
55.8_37.35,2024-10-02 20:00:00,13.0,9.957954,none,0.0,0.0,14.083778,24.119999,62.700768,1001.86835,
55.8_37.38,2024-05-20 19:00:00,19.0,16.142822,none,0.0,0.0,14.4,25.56,45.789852,996.692,
55.8_37.38,2024-06-22 02:00:00,13.2,11.586579,none,0.0,0.0,11.966954,20.880001,83.13622,992.569,
55.8_37.39,2024-06-05 07:00:00,20.5,21.219376,none,0.0,0.0,9.0645685,21.24,75.159744,992.1103,
55.8_37.39,2024-06-17 17:00:00,24.35,25.415642,rain,0.1,0.0,16.645864,34.56,73.235176,991.70654,
55.8_37.39,2024-06-21 14:00:00,20.3,16.9196,none,0.0,0.0,23.277834,45.36,51.575573,990.9199,
55.8_37.39,2024-07-10 18:00:00,23.8,21.558502,none,0.0,0.0,13.009903,25.919998,38.178455,1006.2612,
55.8_37.39,2024-09-13 17:00:00,24.8,21.459677,none,0.0,0.0,19.914215,41.039997,35.115612,1004.0441,
55.8_37.39,2024-09-26 11:00:00,16.45,12.252462,none,0.0,0.0,17.519281,33.839996,40.1307,1001.6687,
55.8_37.4,2024-06-03 19:00:00,21.15,19.524483,none,0.0,0.0,16.73516,40.32,58.141808,987.3079,
55.8_37.4,2024-06-14 19:00:00,20.6,20.687706,none,0.0,0.0,6.379216,19.08,62.548725,994.0968,
55.8_37.4,2024-06-29 19:00:00,27.95,29.070473,none,0.0,0.0,7.24486,12.959999,49.16026,994.93427,
55.8_37.4,2024-07-08 19:00:00,26.1,26.715105,none,0.0,0.0,5.4119864,15.4800005,48.20057,1001.23987,
55.8_37.4,2024-08-24 20:00:00,18.4,18.296978,none,0.0,0.0,8.287822,13.32,72.89096,1000.2425,
55.8_37.4,2024-08-25 11:00:00,23.25,25.09164,none,0.0,0.0,5.0142193,15.119999,67.71959,1002.1156,
55.8_37.4,2024-08-27 16:00:00,27.9,28.282398,none,0.0,0.0,7.628263,16.919998,44.07043,1003.6736,
55.8_37.4,2024-09-18 09:00:00,16.5,16.54173,none,0.0,0.0,3.319036,11.5199995,73.2721,1014.2349,
55.8_37.41,2024-06-15 19:00:00,23.2,23.908127,none,0.0,0.0,1.2979984,7.92,52.164925,996.08905,
55.8_37.41,2024-08-05 20:00:00,18.1,18.748808,none,0.0,0.0,6.6185193,12.599999,81.32475,989.70886,
55.8_37.41,2024-10-09 18:00:00,6.5,3.5126681,none,0.0,0.0,9.605998,19.08,79.1692,997.23193,
55.8_37.42,2024-06-14 20:00:00,19.3,20.298922,none,0.0,0.0,4.2136917,11.879999,75.44605,996.9416,
55.8_37.42,2024-06-29 03:00:00,17.1,16.611547,none,0.0,0.0,10.105681,17.28,77.32542,999.5575,
55.8_37.42,2024-09-13 18:00:00,22.05,19.09844,none,0.0,0.0,16.992609,33.12,41.03322,1006.34204,
55.8_37.43,2024-06-15 14:00:00,23.1,23.464216,none,0.0,0.0,5.0911684,14.759999,50.290966,999.0648,
55.8_37.43,2024-07-10 19:00:00,23.8,21.558502,none,0.0,0.0,13.009903,25.919998,38.178455,1009.15076,
55.8_37.43,2024-08-24 17:00:00,22.35,21.51054,none,0.0,0.0,11.113451,22.68,53.67855,1003.50836,
55.8_37.45,2024-06-18 14:00:00,22.0,23.068338,rain,1.3,0.0,13.896187,35.28,80.04755,988.2096,
55.8_37.45,2024-08-26 10:00:00,23.3,25.415071,none,0.0,0.0,5.154415,14.04,71.68914,1003.2839,
55.8_37.45,2024-08-28 17:00:00,23.9,24.783955,none,0.0,0.0,9.885262,20.519999,63.8906,1008.186,
55.8_37.46,2024-05-14 09:00:00,5.85,3.059773,none,0.0,0.0,5.771239,14.04,71.544334,1003.899,
55.8_37.48,2024-05-19 17:00:00,18.35,15.398752,none,0.0,0.0,11.525623,19.8,40.679665,997.38654,
55.8_37.48,2024-07-12 19:00:00,24.85,24.57835,none,0.0,0.0,7.208994,15.119999,46.172554,997.71484,
55.8_37.48,2024-09-21 19:00:00,16.75,14.379486,none,0.0,0.0,17.25373,28.44,66.37878,996.80334,
55.8_37.49,2024-06-22 06:00:00,14.6,13.254343,none,0.0,0.0,12.7279215,23.039999,82.4831,990.5604,
55.8_37.49,2024-06-24 21:00:00,16.35,15.085344,none,0.0,0.0,11.212135,18.72,71.56842,991.57794,
55.8_37.49,2024-07-07 01:00:00,13.95,13.092882,none,0.0,0.0,7.386582,11.5199995,80.77572,1001.1294,
55.8_37.5,2024-05-19 14:00:00,17.95,16.631721,none,0.0,0.0,10.296251,24.48,41.56903,1000.414,
55.8_37.5,2024-06-19 08:00:00,20.55,19.90882,none,0.0,0.0,14.81259,30.599998,68.708145,995.1568,
55.8_37.5,2024-07-05 00:00:00,22.25,22.42656,none,0.0,0.0,12.641076,28.08,67.30277,991.4331,
55.8_37.5,2024-08-27 17:00:00,27.5,28.210705,none,0.0,0.0,7.5942082,15.84,47.648827,1003.09686,
55.8_37.5,2024-09-24 13:00:00,17.6,13.8295555,none,0.0,0.0,16.23596,30.599998,40.748447,1002.90344,
55.8_37.51,2024-09-13 16:00:00,26.0,21.690296,none,0.0,0.0,23.933908,42.48,29.417767,1004.08276,
55.8_37.52,2024-07-09 20:00:00,22.8,23.0871,none,0.0,0.0,16.327497,30.239998,71.82484,1002.6598,
55.8_37.52,2024-10-03 07:00:00,8.35,5.494193,none,0.0,0.0,8.2584505,11.879999,68.06686,998.2406,
55.8_37.53,2024-05-19 23:00:00,11.25,8.54641,none,0.0,0.0,10.853866,18.0,67.490395,998.31934,
55.8_37.53,2024-07-03 11:00:00,29.5,29.735142,none,0.0,0.0,19.319628,40.68,48.485363,984.99005,
55.8_37.53,2024-07-04 19:00:00,29.55,28.435474,none,0.0,0.0,19.171478,30.960001,41.359673,991.1442,
55.8_37.53,2024-07-14 11:00:00,27.95,31.11726,none,0.0,0.0,3.7585104,16.56,54.571354,993.69904,
55.8_37.53,2024-07-26 02:00:00,15.75,14.778692,none,0.0,0.0,7.8625183,14.04,71.218704,991.4589,
55.8_37.53,2024-10-01 20:00:00,12.1,9.224871,none,0.0,0.0,15.876775,25.199999,75.24634,1001.1234,
55.8_37.54,2024-05-17 17:00:00,19.6,16.166653,none,0.0,0.0,17.068707,31.319998,41.75217,996.1335,
55.8_37.54,2024-07-12 08:00:00,21.35,20.541294,none,0.0,0.0,11.019764,21.96,57.245083,1002.8464,
55.8_37.54,2024-09-05 09:00:00,13.9,11.636139,none,0.0,0.0,13.004921,25.199999,70.38903,1013.45264,
55.8_37.54,2024-09-09 07:00:00,14.6,13.906748,none,0.0,0.0,6.5693827,13.679999,78.22568,1006.3927,
55.8_37.54,2024-09-09 18:00:00,20.5,19.635748,none,0.0,0.0,7.42159,11.879999,53.378307,1001.5249,
55.8_37.54,2024-09-15 17:00:00,22.1,20.190647,none,0.0,0.0,8.557102,16.56,38.872433,1006.7306,
55.8_37.54,2024-09-25 09:00:00,13.4,10.480915,none,0.0,0.0,11.525623,20.880001,56.402573,1001.2403,
55.8_37.55,2024-05-28 12:00:00,23.65,23.640953,none,0.0,0.0,7.69592,21.24,36.11989,1003.7165,
55.8_37.57,2024-05-13 19:00:00,8.3,4.9744825,none,0.0,0.0,5.3999996,19.8,44.996304,1000.3843,
55.8_37.57,2024-07-02 22:00:00,24.9,25.57711,none,0.0,0.0,9.746631,14.759999,58.106255,984.74506,
55.8_37.57,2024-09-17 14:00:00,23.95,22.708511,none,0.0,0.0,9.793059,20.519999,42.979237,1012.1216,
55.8_37.58,2024-06-21 19:00:00,20.0,18.296492,none,0.0,0.0,14.003028,25.919998,56.53567,989.1796,
55.8_37.58,2024-06-22 12:00:00,20.15,18.849281,none,0.0,0.0,17.566378,32.039997,50.50943,989.7948,
55.8_37.58,2024-07-06 14:00:00,22.95,19.896479,none,0.0,0.0,21.862406,38.88,37.936794,995.12634,
55.8_37.58,2024-07-27 14:00:00,26.15,26.370262,none,0.0,0.0,5.0911684,16.56,32.740116,994.0441,
55.8_37.58,2024-08-05 18:00:00,21.65,21.491158,none,0.0,0.0,9.504272,17.64,60.97994,988.02856,
55.8_37.58,2024-08-06 02:00:00,14.25,14.423897,none,0.0,0.0,6.638072,9.0,95.559654,988.4017,
55.8_37.58,2024-09-01 17:00:00,28.75,28.190224,none,0.0,0.0,8.714677,15.84,36.227154,1004.5705,
55.8_37.58,2024-09-17 09:00:00,16.55,16.40846,none,0.0,0.0,6.12,14.4,76.48402,1012.501,
55.8_37.58,2024-10-11 13:00:00,14.95,11.085362,none,0.0,0.0,22.832344,39.6,62.93492,993.72473,
55.8_37.59,2024-06-17 13:00:00,22.5,23.257736,rain,0.4,0.0,20.957443,32.039997,85.25595,989.7191,
55.8_37.59,2024-07-20 19:00:00,20.85,20.876482,none,0.0,0.0,10.233123,25.199999,67.450424,988.53253,
55.8_37.6,2024-05-13 11:00:00,6.4,2.6343932,none,0.0,0.0,7.69592,17.28,48.086826,1001.7618,
55.8_37.6,2024-08-19 17:00:00,26.75,27.573929,none,0.0,0.0,4.73506,12.959999,47.295147,993.4695,
55.8_37.6,2024-09-20 16:00:00,19.8,17.484812,none,0.0,0.0,13.891522,25.199999,49.40639,1004.2683,
55.8_37.6,2024-09-25 09:00:00,15.55,12.639421,none,0.0,0.0,13.026081,24.48,52.7988,1002.21735,
55.8_37.61,2024-05-26 20:00:00,19.35,18.776587,none,0.0,0.0,7.10031,18.0,60.44298,1005.43024,
55.8_37.61,2024-06-23 15:00:00,22.1,19.86857,none,0.0,0.0,11.090103,20.519999,39.13861,988.222,
55.8_37.61,2024-07-01 17:00:00,30.4,30.402313,none,0.0,0.0,8.473393,21.599998,36.449497,989.717,
55.8_37.61,2024-08-29 10:00:00,20.85,20.52117,none,0.0,0.0,10.308831,21.599998,63.4251,1007.8635,
55.8_37.61,2024-09-17 19:00:00,17.25,15.530272,none,0.0,0.0,9.449572,12.959999,57.181614,1012.84796,
55.8_37.61,2024-09-22 13:00:00,13.75,10.301836,none,0.0,0.0,10.685391,23.759998,43.204987,1002.23035,
55.8_37.62,2024-05-16 00:00:00,6.45,3.199564,none,0.0,0.0,10.587918,16.56,75.865875,1005.14545,
55.8_37.62,2024-06-09 16:00:00,21.85,19.23457,none,0.0,0.0,9.793058,20.880001,33.685192,989.54645,
55.8_37.62,2024-06-11 09:00:00,22.85,21.74389,none,0.0,0.0,24.842607,41.760002,70.04062,985.38947,
55.8_37.62,2024-06-28 17:00:00,27.05,26.855478,none,0.0,0.0,1.8,10.799999,34.809643,996.87805,
55.8_37.62,2024-08-12 08:00:00,14.3,11.806175,none,0.0,0.0,20.172853,39.239998,82.993164,983.67535,
55.8_37.62,2024-08-14 22:00:00,13.85,12.392101,none,0.0,0.0,7.5685663,15.4800005,70.857,993.7466,
55.8_37.62,2024-10-01 07:00:00,6.95,2.6307983,none,0.0,0.0,20.20896,33.12,82.93723,1003.83527,
55.8_37.63,2024-05-30 11:00:00,26.35,25.169317,none,0.0,0.0,10.464797,25.56,33.580353,995.8896,
55.8_37.63,2024-06-04 17:00:00,22.9,20.336657,rain,0.1,0.0,22.148045,42.12,50.73631,988.25854,
55.8_37.63,2024-06-07 22:00:00,19.1,17.112814,none,0.0,0.0,16.055355,29.519999,59.985203,991.7108,
55.8_37.63,2024-10-06 13:00:00,11.4,8.044124,none,0.0,0.0,12.991212,26.28,59.55048,999.54926,
55.8_37.64,2024-06-07 18:00:00,20.9,18.551666,none,0.0,0.0,20.240198,41.399998,56.572826,990.8909,
55.8_37.64,2024-07-17 02:00:00,19.45,21.349855,none,0.0,0.0,8.049845,14.759999,93.36302,998.8077,
55.8_37.64,2024-08-06 19:00:00,21.75,22.222809,none,0.0,0.0,6.0347,16.199999,61.999687,989.6691,
55.8_37.66,2024-05-20 10:00:00,18.75,17.38499,none,0.0,0.0,13.004922,27.72,57.36225,996.2807,
55.8_37.69,2024-06-01 14:00:00,28.9,27.31261,none,0.0,0.0,13.324863,30.599998,30.526344,997.1521,
55.8_37.69,2024-06-05 15:00:00,26.2,26.59982,none,0.0,0.0,8.699793,24.84,46.08829,990.0033,
55.8_37.71,2024-06-04 17:00:00,23.75,21.350843,none,0.0,0.0,20.907913,43.199997,48.039986,990.712,
55.8_37.71,2024-06-27 14:00:00,24.05,21.456665,none,0.0,0.0,19.469976,38.519997,43.294125,996.0888,
55.8_37.71,2024-07-14 14:00:00,27.4,29.504482,rain,0.8,0.0,5.815978,21.599998,56.88798,994.8372,
55.8_37.71,2024-08-06 11:00:00,22.45,23.839745,none,0.0,0.0,8.217153,22.319998,65.22546,991.7671,
55.8_37.71,2024-09-03 12:00:00,24.55,23.748909,none,0.0,0.0,10.440001,23.039999,42.86132,1010.09644,
55.8_37.71,2024-09-15 18:00:00,21.8,20.144798,none,0.0,0.0,7.754637,15.4800005,41.101807,1009.01996,
55.8_37.71,2024-09-30 16:00:00,12.4,8.053637,none,0.0,0.0,21.822353,39.96,61.69863,1007.379,
55.8_37.71,2024-10-06 18:00:00,9.25,6.249441,rain,1.4,0.0,16.056362,27.72,88.514114,999.0191,
55.8_37.72,2024-07-10 16:00:00,25.7,23.244059,none,0.0,0.0,14.113653,30.960001,33.624226,1007.1928,
55.8_37.73,2024-06-08 09:00:00,20.4,19.506433,none,0.0,0.0,10.464797,25.56,50.745995,993.5673,
55.8_37.73,2024-07-28 10:00:00,24.6,25.111805,rain,0.1,0.0,15.226764,31.68,65.06092,993.94305,
55.8_37.73,2024-09-25 16:00:00,21.15,18.320574,none,0.0,0.0,15.808263,32.039997,42.770405,1004.0296,
55.8_37.75,2024-05-23 05:00:00,9.75,6.505643,none,0.0,0.0,11.177405,18.72,62.820766,1008.8728,
55.8_37.75,2024-07-07 10:00:00,22.95,23.326006,none,0.0,0.0,6.130579,17.64,50.916603,1006.4769,
55.8_37.75,2024-09-18 10:00:00,21.1,20.892324,none,0.0,0.0,4.6938257,14.4,54.42624,1015.9986,
55.8_37.75,2024-10-02 17:00:00,17.4,14.658724,none,0.0,0.0,14.021525,24.84,51.50067,1000.4481,
55.8_37.77,2024-05-19 19:00:00,16.85,14.554501,none,0.0,0.0,9.585739,18.359999,50.305054,998.61127,
55.8_37.77,2024-05-22 20:00:00,15.3,10.993003,none,0.0,0.0,17.10284,29.519999,40.368893,1005.6102,
55.8_37.78,2024-08-08 00:00:00,16.8,17.04586,none,0.0,0.0,6.989936,11.879999,83.02188,991.02264,
55.8_37.78,2024-08-18 13:00:00,23.95,24.165024,rain,0.2,0.0,15.484185,36.0,65.12891,992.56555,
55.8_37.78,2024-09-06 14:00:00,21.5,21.00848,none,0.0,0.0,3.0758414,14.4,47.269737,1013.5523,
55.8_37.78,2024-09-25 19:00:00,18.4,14.883549,none,0.0,0.0,17.640919,29.88,44.997757,1001.82776,
55.8_37.78,2024-10-10 07:00:00,5.85,2.3562222,none,0.0,0.0,13.207634,24.84,83.38616,996.1482,
55.8_37.79,2024-05-12 03:00:00,2.1,-2.2028155,none,0.0,0.0,13.044722,22.68,74.837074,994.48804,
55.8_37.79,2024-05-28 21:00:00,18.65,17.378395,none,0.0,0.0,7.386582,10.440001,54.34137,1001.09064,
55.8_37.8,2024-05-20 18:00:00,22.1,19.947369,none,0.0,0.0,12.496718,21.96,42.46063,995.2348,
55.8_37.8,2024-05-30 15:00:00,27.85,26.949213,none,0.0,0.0,10.587917,24.48,30.543407,994.5193,
55.8_37.8,2024-06-03 09:00:00,23.05,23.523792,none,0.0,0.0,14.154915,28.8,69.41694,987.74176,
55.8_37.8,2024-06-27 18:00:00,24.25,22.59139,none,0.0,0.0,14.205182,29.88,44.367214,994.768,
55.8_37.8,2024-09-05 14:00:00,19.55,17.33506,none,0.0,0.0,15.226764,32.039997,50.00989,1011.8611,
55.8_37.8,2024-10-01 12:00:00,15.95,12.891718,none,0.0,0.0,18.180891,36.0,61.06404,1002.2426,
55.8_37.81,2024-05-20 11:00:00,20.55,19.657257,none,0.0,0.0,13.684735,29.16,52.335358,996.7846,
55.8_37.81,2024-07-16 15:00:00,28.85,31.601238,rain,0.1,0.0,5.8603754,18.72,54.453133,997.1184,
55.8_37.81,2024-07-30 18:00:00,19.2,18.318695,none,0.0,0.0,11.298495,28.8,64.94972,980.0733,
55.8_37.81,2024-09-13 02:00:00,20.75,17.47876,none,0.0,0.0,17.31746,29.88,41.224754,1001.89764,
55.8_37.81,2024-09-18 19:00:00,20.3,19.472498,none,0.0,0.0,3.4152596,4.68,47.418266,1010.46277,
55.8_37.82,2024-06-18 15:00:00,23.05,24.291246,rain,0.3,0.0,14.494192,33.839996,76.286644,986.5186,
55.8_37.82,2024-09-29 13:00:00,19.9,17.186005,none,0.0,0.0,17.935986,40.68,51.469585,995.1724,
55.8_37.82,2024-10-02 19:00:00,13.55,10.774481,none,0.0,0.0,12.566526,21.96,61.33247,997.70245,
55.8_37.83,2024-05-17 09:00:00,16.4,15.452295,none,0.0,0.0,8.311245,25.919998,69.70311,995.76465,
55.8_37.83,2024-09-02 11:00:00,23.2,23.398855,none,0.0,0.0,8.913181,20.519999,58.258373,1007.30225,
55.8_37.84,2024-08-15 18:00:00,18.1,16.009867,none,0.0,0.0,13.854155,29.16,57.97382,993.3651,
55.91_37.41,2024-08-22 10:00:00,20.55,19.552843,none,0.0,0.0,15.379206,31.68,65.45265,992.94604,
55.91_37.53,2024-06-12 02:00:00,17.3,18.797104,none,0.0,0.0,6.28713,14.04,97.19124,987.94025,
55.91_37.53,2024-09-15 16:00:00,25.0,22.320002,none,0.0,0.0,11.966954,24.84,30.16306,1005.3902,
55.91_37.54,2024-07-02 14:00:00,30.3,30.121948,none,0.0,0.0,19.161337,37.079998,43.325188,982.4029,
55.91_37.54,2024-07-24 10:00:00,22.1,21.783957,none,0.0,0.0,8.534353,20.16,53.263,992.4538,
55.91_37.54,2024-08-15 09:00:00,15.6,14.412731,none,0.0,0.0,10.787993,22.68,75.32816,992.5643,
55.91_37.54,2024-08-26 14:00:00,26.5,28.608364,none,0.0,0.0,5.1165614,14.759999,54.728348,999.18146,
55.91_37.55,2024-05-30 20:00:00,19.95,17.928825,none,0.0,0.0,10.182337,12.24,45.89839,992.2977,
55.91_37.55,2024-06-11 13:00:00,21.65,23.198374,rain,13.3,0.0,13.684735,54.36,86.77458,982.6856,
55.91_37.56,2024-07-06 09:00:00,18.55,16.848728,rain,0.1,0.0,19.486609,37.44,72.68088,989.75854,
55.91_37.56,2024-08-04 21:00:00,15.55,15.879843,none,0.0,0.0,7.7879906,13.32,93.167946,982.6857,
55.91_37.56,2024-09-30 15:00:00,11.65,7.476061,none,0.0,0.0,21.01071,37.8,65.95662,1003.35583,
55.91_37.57,2024-05-31 00:00:00,17.95,15.822552,none,0.0,0.0,8.669949,13.679999,47.415718,994.18604,
55.91_37.57,2024-07-04 12:00:00,31.75,33.66046,none,0.0,0.0,11.966954,27.359999,39.633575,990.51245,
55.91_37.57,2024-09-29 15:00:00,18.1,17.116001,none,0.0,0.0,13.854155,36.36,73.31422,994.7841,
55.91_37.59,2024-05-11 15:00:00,10.15,4.293518,none,0.0,0.0,22.66857,41.760002,39.433556,988.45245,
55.91_37.59,2024-06-02 17:00:00,27.05,25.863707,none,0.0,0.0,11.165805,23.039999,37.825283,991.72174,
55.91_37.59,2024-06-11 07:00:00,20.0,20.196743,none,0.0,0.0,15.484185,33.12,82.6098,985.79663,
55.91_37.6,2024-07-09 19:00:00,23.3,23.703163,none,0.0,0.0,15.379206,30.960001,69.465034,1001.1479,
55.91_37.6,2024-08-19 06:00:00,14.1,14.214119,none,0.0,0.0,7.289444,7.5599995,97.121826,994.6863,
55.92_37.39,2024-09-06 21:00:00,16.9,15.963867,none,0.0,0.0,3.096837,7.5599995,56.324734,1008.8391,
55.92_37.4,2024-10-01 01:00:00,8.65,3.748423,none,0.0,0.0,22.798264,42.12,68.61319,1002.29706,
55.92_37.53,2024-07-07 21:00:00,20.75,19.830025,none,0.0,0.0,9.686609,15.4800005,55.794056,1000.0876,
55.92_37.54,2024-07-12 00:00:00,17.2,16.597889,none,0.0,0.0,6.87779,11.5199995,68.26109,1000.86096,
55.92_37.54,2024-07-14 19:00:00,26.55,28.586712,none,0.0,0.0,6.28713,13.679999,59.801125,991.21796,
55.92_37.54,2024-08-03 14:00:00,22.3,22.320951,rain,0.1,0.0,8.759178,20.519999,59.37527,982.8092,
55.92_37.54,2024-08-04 19:00:00,17.85,18.384361,none,0.0,0.0,7.145796,17.28,82.08256,983.9124,
55.92_37.54,2024-08-23 11:00:00,20.65,20.136204,rain,1.6,0.0,15.530151,35.64,69.84375,992.1872,
55.92_37.54,2024-09-24 11:00:00,14.0,11.27341,none,0.0,0.0,10.787993,22.68,55.776375,1001.1674,
55.92_37.55,2024-06-09 21:00:00,17.75,15.680176,none,0.0,0.0,6.9527545,14.04,45.28231,987.20856,
55.93_37.35,2024-05-11 10:00:00,6.7,1.5703864,rain,0.1,0.0,20.767975,44.639996,63.004086,983.88654,
55.93_37.38,2024-06-28 08:00:00,21.25,22.461203,none,0.0,0.0,2.8799999,12.24,67.09856,996.1117,
55.93_37.38,2024-08-27 19:00:00,21.05,22.192774,none,0.0,0.0,8.557102,10.440001,76.69755,1000.0116,
55.93_37.38,2024-10-01 13:00:00,15.05,11.97484,none,0.0,0.0,17.505404,37.079998,62.74427,999.93494,
55.93_37.39,2024-06-23 17:00:00,20.75,19.099716,none,0.0,0.0,6.9527545,17.28,42.512188,985.2617,
55.93_37.54,2024-07-01 00:00:00,19.7,21.702272,none,0.0,0.0,6.4096174,9.36,90.20975,990.76556,
55.93_37.54,2024-07-01 01:00:00,18.75,20.510313,none,0.0,0.0,6.696387,9.0,93.03488,991.6486,
55.93_37.54,2024-10-10 08:00:00,5.65,2.1766605,none,0.0,0.0,13.00243,23.4,84.25027,992.7594,
55.93_37.55,2024-06-29 23:00:00,20.4,21.23751,none,0.0,0.0,8.669949,11.159999,76.352425,991.203,
55.93_37.55,2024-07-11 08:00:00,20.75,21.209526,none,0.0,0.0,2.0991426,10.440001,59.005665,1003.2439,
55.93_37.55,2024-09-19 16:00:00,20.45,17.989666,none,0.0,0.0,16.09969,32.039997,49.58206,1005.83484,
55.94_37.35,2024-09-27 12:00:00,16.4,12.259199,rain,0.5,0.0,27.727594,55.8,64.12072,989.4973,
55.94_37.39,2024-06-15 11:00:00,22.0,23.702776,none,0.0,0.0,1.08,12.599999,53.237186,993.6729,
55.94_37.52,2024-05-23 13:00:00,18.75,16.846645,none,0.0,0.0,11.440978,25.56,34.345703,1007.1027,
55.94_37.52,2024-09-29 15:00:00,15.95,14.108194,none,0.0,0.0,15.275627,33.12,73.66091,994.46655,
55.94_37.53,2024-05-15 09:00:00,11.7,9.690401,rain,0.1,0.0,3.8268526,13.32,58.586975,1003.609,
55.94_37.53,2024-06-24 20:00:00,17.5,16.474577,none,0.0,0.0,9.779817,17.64,66.97952,988.71075,
55.94_37.53,2024-09-23 09:00:00,8.5,6.5095463,none,0.0,0.0,3.096837,10.799999,70.298584,1001.7682,
55.94_37.54,2024-07-14 23:00:00,20.5,22.980482,none,0.0,0.0,6.638072,7.92,91.971535,991.9041,
55.94_37.54,2024-08-22 21:00:00,19.2,17.622349,none,0.0,0.0,13.246826,25.199999,59.61258,992.7932,
55.94_37.55,2024-07-14 22:00:00,22.35,25.104832,none,0.0,0.0,4.5820518,5.04,81.86393,991.15076,
55.94_37.56,2024-06-17 22:00:00,18.6,19.812527,none,0.0,0.0,11.367109,23.039999,95.70305,986.0461,
55.95_37.35,2024-07-12 05:00:00,15.55,14.825527,none,0.0,0.0,9.339208,15.4800005,79.66941,999.5022,
55.95_37.35,2024-09-11 06:00:00,15.0,13.687222,none,0.0,0.0,13.0447235,22.68,81.72118,994.1015,
55.95_37.35,2024-10-04 18:00:00,10.55,8.363434,rain,0.2,0.0,14.428097,26.64,94.1611,990.25415,
55.95_37.36,2024-09-12 05:00:00,16.65,15.186159,none,0.0,0.0,11.440978,20.519999,67.69749,995.57324,
55.95_37.39,2024-09-02 22:00:00,17.15,15.56159,none,0.0,0.0,8.64,16.199999,57.739212,1006.3645,
55.95_37.54,2024-07-12 16:00:00,27.6,26.326033,none,0.0,0.0,8.225035,20.16,32.596344,997.6919,
55.95_37.55,2024-08-09 17:00:00,19.95,18.847391,none,0.0,0.0,15.137133,30.239998,66.18129,991.2438,
55.96_37.19,2024-07-01 22:00:00,24.45,24.43505,none,0.0,0.0,13.53236,23.759998,58.37059,985.83154,
55.97_37.15,2024-05-16 08:00:00,12.0,9.948962,none,0.0,0.0,7.9932976,19.44,69.060524,1000.12445,
55.97_37.15,2024-07-25 10:00:00,23.5,24.866562,rain,0.1,0.0,8.217153,26.28,61.99704,985.15625,
55.97_37.16,2024-05-12 00:00:00,1.85,-2.2892766,none,0.0,0.0,12.397806,27.359999,79.03643,989.83307,
55.97_37.16,2024-06-26 17:00:00,21.0,18.103607,none,0.0,0.0,18.057508,41.039997,46.18977,988.45514,
55.97_37.17,2024-09-26 11:00:00,17.25,13.526886,none,0.0,0.0,15.3042345,32.399998,40.362434,995.7856,
55.97_37.18,2024-05-29 07:00:00,20.95,20.906557,none,0.0,0.0,2.3051248,9.36,52.789604,994.76465,
55.97_37.18,2024-08-15 15:00:00,19.95,17.6492,none,0.0,0.0,17.287498,36.719997,50.796158,991.2557,
55.97_37.18,2024-09-30 13:00:00,11.6,7.932868,none,0.0,0.0,18.448023,38.16,68.979294,1000.0361,
55.97_37.19,2024-06-28 21:00:00,19.75,19.821878,none,0.0,0.0,6.6087217,10.440001,66.139175,992.37695,
55.98_37.15,2024-05-14 20:00:00,9.75,7.5526743,none,0.0,0.0,4.32,5.04,63.940826,997.56433,
55.98_37.15,2024-05-30 12:00:00,25.95,25.606487,none,0.0,0.0,9.3876505,25.919998,37.515877,990.2469,
55.98_37.15,2024-07-25 17:00:00,24.6,23.257462,none,0.0,0.0,10.483357,23.4,41.33676,984.5454,
55.98_37.15,2024-07-26 14:00:00,22.9,21.479836,none,0.0,0.0,7.653705,21.599998,40.72048,988.2483,
55.98_37.16,2024-05-10 12:00:00,9.45,3.8001976,none,0.0,2.0,23.40277,47.519997,48.957752,985.6493,
55.98_37.16,2024-05-24 21:00:00,13.85,10.842818,none,0.0,0.0,10.00256,17.28,49.13487,1005.50977,
55.98_37.16,2024-07-17 08:00:00,24.15,25.102549,none,0.0,0.0,6.763786,17.64,59.239822,994.72754,
55.98_37.16,2024-08-29 10:00:00,21.85,21.604212,none,0.0,0.0,8.287822,21.96,56.808075,1003.07526,
55.98_37.16,2024-08-29 15:00:00,24.7,24.134459,none,0.0,0.0,6.28713,15.4800005,42.619698,1001.13293,
55.98_37.16,2024-09-04 22:00:00,14.05,11.538265,none,0.0,0.0,13.556282,24.48,66.70141,1005.24426,
55.98_37.17,2024-07-22 22:00:00,18.25,16.779764,none,0.0,0.0,14.336861,25.919998,66.914795,988.3775,
55.98_37.17,2024-08-02 08:00:00,14.7,13.429264,rain,0.1,0.0,14.77755,30.960001,88.38862,977.0827,
55.98_37.17,2024-09-18 14:00:00,22.8,21.619883,none,0.0,0.0,4.8433046,14.4,39.20458,1007.5534,
55.98_37.17,2024-09-26 19:00:00,17.2,12.461498,none,0.0,0.0,20.00026,37.44,35.63864,991.86945,
55.98_37.18,2024-06-19 15:00:00,24.6,22.559643,none,0.0,0.0,15.778518,32.760002,42.029926,988.1786,
55.98_37.18,2024-07-11 09:00:00,23.1,23.244581,none,0.0,0.0,3.396233,13.32,44.78911,1000.8073,
55.98_37.18,2024-07-20 23:00:00,16.9,16.77595,none,0.0,0.0,10.144082,18.0,83.8448,983.7679,
55.98_37.18,2024-07-30 08:00:00,18.5,18.04335,none,0.0,0.0,6.8399997,17.28,64.79767,973.8717,
55.98_37.18,2024-08-04 13:00:00,21.8,22.418285,none,0.0,0.0,9.693296,24.84,63.840763,979.9959,
55.98_37.18,2024-08-26 11:00:00,25.7,27.618046,none,0.0,0.0,6.1305785,17.28,57.197735,995.50775,
55.98_37.18,2024-09-15 09:00:00,16.8,14.94912,none,0.0,0.0,10.805998,23.039999,59.83645,1000.53253,
55.98_37.18,2024-09-23 11:00:00,12.45,9.758264,none,0.0,0.0,5.154415,16.919998,46.030758,998.7338,
55.98_37.18,2024-10-07 22:00:00,13.85,13.504253,none,0.0,0.0,9.016185,15.84,94.92431,980.6979,
55.98_37.19,2024-05-18 17:00:00,19.3,16.207457,none,0.0,0.0,9.686609,21.96,33.06995,993.24426,
55.98_37.19,2024-05-24 16:00:00,20.65,18.395674,none,0.0,0.0,8.707238,22.319998,31.84989,1005.45026,
55.98_37.19,2024-06-09 13:00:00,20.35,20.517582,none,0.0,0.0,6.5693827,22.319998,42.544178,983.9082,
55.98_37.19,2024-06-24 22:00:00,14.35,12.401392,none,0.0,0.0,12.224107,23.4,71.91426,986.59326,
55.98_37.19,2024-07-07 22:00:00,17.25,17.35643,none,0.0,0.0,6.379216,13.32,77.3485,996.53723,
55.98_37.19,2024-07-21 16:00:00,23.05,23.35638,rain,0.1,0.0,9.0,23.4,57.84706,983.5335,
55.98_37.2,2024-06-13 18:00:00,18.45,17.246588,none,0.0,0.0,19.839235,38.88,80.58931,985.36774,
55.98_37.2,2024-07-05 12:00:00,24.65,26.074816,rain,0.3,0.0,18.919704,45.719997,69.723015,983.12866,
55.98_37.21,2024-05-20 14:00:00,22.55,20.73159,none,0.0,0.0,12.594856,28.08,38.736134,991.16565,
55.98_37.22,2024-09-19 07:00:00,12.25,9.7899065,none,0.0,0.0,12.43434,21.599998,72.75162,1005.9733,
55.99_37.15,2024-06-07 09:00:00,20.25,19.485207,none,0.0,0.0,17.884428,37.8,73.925415,983.8366,
55.99_37.15,2024-08-18 17:00:00,24.95,25.088709,none,0.0,0.0,10.086427,23.039999,53.47258,986.84814,
55.99_37.18,2024-07-16 12:00:00,27.65,30.226131,none,0.0,0.0,6.28713,19.44,52.802773,991.2658,
55.99_37.19,2024-06-02 16:00:00,26.45,25.571964,none,0.0,0.0,10.464798,23.759998,40.901627,987.07776,
55.99_37.19,2024-06-18 18:00:00,19.3,18.364754,none,0.0,0.0,20.140705,44.28,80.445244,984.55835,
55.99_37.19,2024-09-02 18:00:00,20.55,18.985935,none,0.0,0.0,8.647496,15.4800005,47.008755,1000.73737,
55.99_37.19,2024-09-18 18:00:00,18.8,17.800104,none,0.0,0.0,6.5693827,11.159999,55.85965,1005.6408,
55.99_37.21,2024-05-24 17:00:00,20.55,17.715443,none,0.0,0.0,9.007196,22.319998,32.502052,1006.19696,
55.99_37.21,2024-06-29 18:00:00,27.75,29.44178,none,0.0,0.0,4.8965297,13.679999,51.506886,989.29865,
55.99_37.21,2024-07-19 21:00:00,19.65,19.917881,none,0.0,0.0,7.2,13.32,70.10372,988.2427,
55.99_37.21,2024-08-30 14:00:00,23.2,23.150723,none,0.0,0.0,6.849467,18.72,51.82465,1002.25165,
55.99_37.21,2024-09-19 10:00:00,17.2,16.182486,none,0.0,0.0,8.891343,21.24,66.47401,1004.1797,
55.99_37.21,2024-09-28 06:00:00,13.55,12.117107,rain,0.9,0.0,15.891054,29.519999,95.22387,987.3807,
55.99_37.22,2024-06-08 14:00:00,22.0,20.494274,none,0.0,0.0,10.464797,29.88,36.268635,986.82245,
55.99_37.22,2024-07-16 20:00:00,24.5,26.612915,none,0.0,0.0,5.315336,18.0,66.90987,993.5005,
55.99_37.23,2024-07-13 17:00:00,27.45,29.09684,none,0.0,0.0,5.3517847,16.199999,52.584976,989.9207,
55.99_37.23,2024-08-26 19:00:00,20.15,21.191294,none,0.0,0.0,8.825508,9.72,80.30354,997.115,
55.99_37.23,2024-08-28 18:00:00,21.2,21.028578,none,0.0,0.0,9.107359,17.64,61.874477,1002.70514,
55.9_37.38,2024-06-14 16:00:00,21.05,19.886078,none,0.0,0.0,10.931203,23.039999,54.05477,991.20605,
55.9_37.39,2024-05-18 04:00:00,7.25,4.710024,none,0.0,0.0,8.427383,14.759999,82.974625,996.5943,
55.9_37.39,2024-05-28 17:00:00,24.5,22.599968,none,0.0,0.0,4.73506,13.679999,28.500595,998.6131,
55.9_37.39,2024-07-22 19:00:00,21.65,21.05466,none,0.0,0.0,10.823973,33.12,58.26293,990.0238,
55.9_37.39,2024-08-20 14:00:00,23.6,23.746826,none,0.0,0.0,15.517629,32.039997,65.88565,992.905,
55.9_37.39,2024-09-05 00:00:00,12.6,10.143794,none,0.0,0.0,12.661564,23.759998,71.83047,1006.56616,
55.9_37.4,2024-08-03 15:00:00,21.75,20.836704,none,0.0,0.0,10.948973,23.4,54.59187,983.5691,
55.9_37.4,2024-08-16 22:00:00,15.65,15.088026,none,0.0,0.0,8.557102,14.4,79.94595,991.31616,
55.9_37.42,2024-06-10 12:00:00,22.05,19.479538,rain,0.2,0.0,20.150354,41.039997,50.177505,989.62805,
55.9_37.42,2024-08-21 11:00:00,20.1,19.500744,none,0.0,0.0,10.805999,24.84,60.221848,996.24097,
55.9_37.42,2024-09-26 12:00:00,17.6,13.466301,none,0.0,0.0,17.46371,31.68,38.11221,998.07104,
55.9_37.5,2024-06-12 16:00:00,24.8,25.288042,rain,0.4,0.0,12.738099,34.92,60.729305,988.9341,
55.9_37.5,2024-06-13 08:00:00,21.8,23.665323,none,0.0,0.0,6.5693827,20.880001,78.03343,987.439,
55.9_37.51,2024-07-11 10:00:00,23.45,23.347664,none,0.0,0.0,5.0142193,15.84,43.7063,1004.3028,
55.9_37.51,2024-08-28 10:00:00,23.5,24.60027,none,0.0,0.0,12.57426,25.919998,71.50034,1004.0124,
55.9_37.52,2024-05-25 00:00:00,11.6,8.692116,none,0.0,0.0,9.585739,15.119999,57.743332,1009.335,
55.9_37.52,2024-07-17 12:00:00,27.4,29.542904,none,0.0,0.0,5.904439,20.519999,46.413193,997.7468,
55.9_37.53,2024-08-29 14:00:00,23.85,23.891151,none,0.0,0.0,6.489992,16.919998,46.356148,1005.3447,
55.9_37.53,2024-09-17 07:00:00,14.25,13.642822,none,0.0,0.0,7.2359104,13.32,83.26206,1011.26373,
55.9_37.53,2024-09-30 16:00:00,11.65,7.476061,none,0.0,0.0,21.01071,37.8,65.95662,1004.07513,
55.9_37.54,2024-05-27 23:00:00,13.4,10.933217,none,0.0,0.0,8.209263,12.959999,55.815765,1002.8737,
55.9_37.54,2024-09-23 00:00:00,4.95,1.8934302,none,0.0,0.0,8.707237,10.799999,81.51501,1000.4536,
55.9_37.54,2024-09-23 20:00:00,8.2,5.279642,none,0.0,0.0,8.891343,11.5199995,69.49736,1000.445,
55.9_37.55,2024-05-18 19:00:00,14.85,11.659789,none,0.0,0.0,12.397806,24.48,48.895267,997.5365,
55.9_37.55,2024-05-23 21:00:00,12.15,8.797582,none,0.0,0.0,10.44,16.919998,49.185085,1008.29987,
55.9_37.55,2024-07-31 18:00:00,19.2,18.0452,none,0.0,0.0,15.978484,32.039997,70.2453,980.6144,
55.9_37.55,2024-09-08 19:00:00,17.9,16.568432,none,0.0,0.0,11.043261,12.24,63.602654,1004.9062,
55.9_37.55,2024-09-16 17:00:00,20.0,19.395046,none,0.0,0.0,7.42159,12.24,58.24534,1007.40717,
55.9_37.55,2024-09-17 17:00:00,23.0,23.363665,none,0.0,0.0,3.5455887,12.24,52.627254,1010.3513,
55.9_37.56,2024-05-14 09:00:00,6.1,3.4798832,none,0.0,0.0,4.379589,12.599999,69.31504,1000.3738,
55.9_37.56,2024-06-30 00:00:00,20.9,21.50682,none,0.0,0.0,8.209263,13.32,70.568016,991.56726,
55.9_37.57,2024-06-17 17:00:00,25.0,26.56139,none,0.0,0.0,14.241629,33.839996,71.77134,988.33563,
55.9_37.57,2024-06-30 18:00:00,27.25,28.118668,none,0.0,0.0,8.557102,18.0,50.727295,991.7156,
55.9_37.57,2024-07-21 14:00:00,22.4,21.959877,rain,0.1,0.0,13.044722,25.919998,60.759308,988.324,
55.9_37.57,2024-07-29 00:00:00,16.5,17.173767,none,0.0,0.0,8.707238,10.440001,95.02496,985.45197,
55.9_37.57,2024-08-27 21:00:00,19.95,20.2727,none,0.0,0.0,10.028439,12.24,74.58905,1001.3251,
55.9_37.58,2024-08-19 19:00:00,23.6,25.236052,none,0.0,0.0,7.072878,8.28,68.43506,991.8384,
55.9_37.58,2024-08-22 16:00:00,23.55,21.649185,none,0.0,0.0,17.713316,32.760002,48.943043,993.223,
55.9_37.59,2024-05-10 02:00:00,0.55,-4.39069,none,0.0,1.0,14.205182,24.119999,62.457233,993.68085,
55.9_37.59,2024-05-12 23:00:00,2.2,-1.199965,none,0.0,0.0,7.2805495,9.0,76.8055,999.46014,
55.9_37.59,2024-05-22 18:00:00,19.7,16.247345,none,0.0,0.0,12.984975,26.28,33.77668,1001.05035,
55.9_37.59,2024-06-06 20:00:00,21.7,23.34921,none,0.0,0.0,2.5455842,6.8399997,69.598755,985.12854,
55.9_37.59,2024-06-21 23:00:00,14.05,13.250839,none,0.0,0.0,7.0911775,11.159999,80.52108,988.6055,
55.9_37.59,2024-06-25 12:00:00,20.8,19.312016,none,0.0,0.0,20.870687,42.48,57.676273,993.79034,
55.9_37.59,2024-08-08 19:00:00,19.15,19.166378,none,0.0,0.0,10.308831,20.16,74.93655,989.7584,
55.9_37.59,2024-08-09 19:00:00,17.5,17.976116,none,0.0,0.0,6.151683,12.599999,80.98427,992.23114,
55.9_37.59,2024-08-20 01:00:00,20.45,21.465782,none,0.0,0.0,8.287822,16.199999,77.58608,992.3605,
55.9_37.59,2024-09-04 12:00:00,20.9,19.570133,none,0.0,0.0,15.629971,30.960001,60.607597,1008.40436,
55.9_37.59,2024-09-10 10:00:00,22.35,22.30713,none,0.0,0.0,10.829958,23.039999,61.736294,998.40356,
55.9_37.6,2024-05-17 08:00:00,15.0,14.382835,none,0.0,0.0,7.5170207,16.919998,79.855125,997.0015,
55.9_37.6,2024-05-19 15:00:00,18.8,16.387327,none,0.0,0.0,9.449572,22.319998,35.849804,998.36084,
55.9_37.6,2024-05-21 08:00:00,17.9,18.065151,none,0.0,0.0,5.04,13.679999,72.32723,998.19653,
55.9_37.6,2024-05-22 13:00:00,20.35,18.008244,none,0.0,0.0,16.363178,33.839996,36.045395,1003.016,
55.9_37.6,2024-06-13 23:00:00,17.0,15.294006,rain,0.4,0.0,20.991426,36.719997,83.31513,988.82806,
55.9_37.6,2024-07-02 00:00:00,22.9,23.600174,none,0.0,0.0,10.44,20.519999,66.79432,988.0471,
55.9_37.6,2024-08-17 22:00:00,18.45,18.77595,rain,0.1,0.0,11.770403,20.519999,85.37404,990.84955,
55.9_37.61,2024-06-07 14:00:00,23.3,21.363052,none,0.0,0.0,22.180206,44.28,55.88324,990.35034,
55.9_37.61,2024-06-25 13:00:00,21.6,20.230688,none,0.0,0.0,21.749481,43.56,54.733536,995.14056,
55.9_37.61,2024-07-06 17:00:00,22.45,19.25027,none,0.0,0.0,15.226764,33.12,34.685562,997.35315,
55.9_37.61,2024-07-10 09:00:00,22.05,22.12849,none,0.0,0.0,11.165805,24.48,64.72299,1006.362,
55.9_37.61,2024-07-20 03:00:00,15.8,16.292301,none,0.0,0.0,7.5685663,12.959999,93.78326,990.9243,
55.9_37.61,2024-08-01 13:00:00,19.4,18.553474,rain,0.2,0.0,17.339897,36.36,69.151115,982.33923,
55.9_37.61,2024-08-27 17:00:00,26.95,28.076305,none,0.0,0.0,6.792466,15.119999,51.628498,1003.6167,
55.9_37.61,2024-08-31 19:00:00,20.15,19.201683,none,0.0,0.0,10.315115,16.919998,58.66768,1005.78925,
55.9_37.62,2024-05-29 14:00:00,26.9,25.53537,none,0.0,0.0,10.30883,23.4,29.365765,997.366,
55.9_37.62,2024-06-19 17:00:00,24.3,23.834171,none,0.0,0.0,11.841756,30.239998,52.280247,993.49133,
55.9_37.63,2024-06-04 06:00:00,15.75,14.899252,none,0.0,0.0,12.475961,22.68,83.9865,987.6945,
55.9_37.63,2024-06-11 12:00:00,22.55,24.075432,rain,9.9,0.0,14.003029,57.239998,82.39984,986.6039,
55.9_37.63,2024-07-02 13:00:00,30.5,30.670319,none,0.0,0.0,19.161337,37.8,42.424572,986.3517,
55.9_37.64,2024-07-19 15:00:00,24.35,24.966976,none,0.0,0.0,9.885262,25.56,59.66681,991.9142,
55.9_37.65,2024-09-25 13:00:00,20.3,17.771847,none,0.0,0.0,15.905319,31.319998,48.8795,1000.9134,
55.9_37.66,2024-09-07 20:00:00,19.6,19.12144,none,0.0,0.0,1.2979984,2.16,50.02335,1009.39276,
55.9_37.67,2024-08-03 20:00:00,17.65,17.787878,none,0.0,0.0,6.638072,12.599999,76.40917,986.86194,
55.9_37.68,2024-07-08 14:00:00,26.7,27.27788,none,0.0,0.0,10.315115,25.56,41.10607,1003.7745,
56.01_37.19,2024-09-12 09:00:00,19.5,17.768324,none,0.0,0.0,14.512064,29.519999,58.89926,992.32196,
56.01_37.2,2024-06-09 23:00:00,14.3,12.3276825,none,0.0,0.0,7.771331,13.32,60.256893,984.9106,
56.01_37.2,2024-08-19 21:00:00,21.15,21.154839,none,0.0,0.0,9.746631,16.56,65.15776,987.4397,
56.01_37.2,2024-09-02 13:00:00,24.95,23.877222,none,0.0,0.0,13.755579,29.519999,44.122395,1001.16766,
56.01_37.2,2024-10-07 21:00:00,13.95,13.743216,none,0.0,0.0,8.297589,14.759999,94.92816,980.6876,
56.01_37.21,2024-05-24 12:00:00,19.65,19.407167,none,0.0,0.0,5.04,17.64,37.77331,1006.86487,
56.01_37.21,2024-06-11 18:00:00,21.75,21.76914,rain,0.2,0.0,16.548256,43.199997,73.94577,981.5881,
56.01_37.21,2024-10-09 17:00:00,5.55,2.4482007,none,0.0,0.0,9.505977,19.44,80.44502,988.6415,
56.01_37.8,2024-08-05 22:00:00,16.5,17.275621,none,0.0,0.0,5.495161,10.799999,89.40081,987.40393,
56.0_37.19,2024-09-18 14:00:00,22.75,21.718693,none,0.0,0.0,4.896529,14.04,40.953815,1007.025,
56.0_37.2,2024-09-14 10:00:00,19.55,17.506346,none,0.0,0.0,14.113652,30.239998,54.028275,999.83044,
56.0_37.21,2024-06-09 02:00:00,14.0,13.076267,none,0.0,0.0,5.95906,11.879999,75.56486,985.1372,
56.0_37.21,2024-06-10 16:00:00,20.7,18.519829,none,0.0,0.0,20.883104,43.92,60.362965,986.08606,
56.0_37.21,2024-06-26 23:00:00,14.8,13.953787,none,0.0,0.0,7.4128532,12.24,76.71165,988.15247,
56.0_37.21,2024-07-04 20:00:00,27.15,27.061714,none,0.0,0.0,14.291592,28.08,50.057823,985.527,
56.0_37.21,2024-07-10 18:00:00,22.6,20.93541,none,0.0,0.0,9.605998,24.84,41.889816,999.98566,
56.0_37.21,2024-08-13 18:00:00,18.05,16.490812,none,0.0,0.0,14.618837,34.2,67.09399,982.287,
56.0_37.21,2024-08-19 11:00:00,24.9,25.497793,none,0.0,0.0,7.9036193,19.08,52.774834,989.29156,
56.0_37.22,2024-09-13 15:00:00,25.25,21.249212,none,0.0,0.0,23.740902,49.32,33.27029,997.28864,
56.0_37.22,2024-09-13 16:00:00,24.4,21.06056,none,0.0,0.0,18.864824,45.36,34.52901,997.4804,
56.0_37.22,2024-09-14 17:00:00,23.2,20.697742,none,0.0,0.0,15.072783,33.839996,39.98807,999.1564,
56.0_37.24,2024-09-30 15:00:00,11.35,7.101404,none,0.0,0.0,20.215368,40.32,63.193047,1000.82947,
