cell_id,time_bucket,temp_c,feels_like_c,precipitation_type,precipitation_mm,snow_depth_cm,wind_speed_ms,wind_gust_ms,humidity_pct,pressure_hpa,visibility_m
55.0_37.0,2023-10-10 22:00:00,0.8,-3.2102218,none,0.0,0.0,9.659814,19.08,73.22614,994.7247,
55.21_36.97,2024-03-30 19:00:00,4.75,1.7208071,rain,0.4,23.0,9.007196,15.4800005,85.04722,989.1061,
55.24_37.04,2023-10-15 18:00:00,9.85,6.840294,none,0.0,0.0,13.479583,27.0,75.90534,979.6338,
55.24_37.05,2024-03-23 01:00:00,2.0,-2.727098,none,0.0,46.0,17.477621,32.039997,84.4279,983.3644,
55.24_37.06,2024-01-26 10:00:00,-3.55,-6.9159856,none,0.0,66.0,4.379589,9.0,93.12448,982.4996,
55.25_37.18,2023-12-01 20:00:00,-5.1,-9.001143,snow,0.3,30.000002,6.9247384,14.04,93.39303,976.9216,
55.28_37.12,2024-02-01 10:00:00,0.55,-3.3382132,none,0.0,61.0,11.983188,25.199999,95.403946,983.08075,
55.31_37.18,2024-04-14 17:00:00,13.0,8.905896,none,0.0,0.0,19.8,38.519997,58.501736,980.62195,
55.31_37.23,2024-01-21 22:00:00,-12.95,-17.989841,none,0.0,65.0,10.028439,19.08,85.64045,1007.3547,
55.32_37.15,2023-10-11 13:00:00,6.25,0.82296944,none,0.0,0.0,20.898613,43.199997,56.569027,998.556,
55.32_37.26,2024-01-29 14:00:00,-4.1,-9.616005,none,0.0,62.0,18.0,35.28,86.61495,1011.031,
55.34_37.32,2023-10-14 14:00:00,14.0,10.149736,none,0.0,0.0,24.33664,47.88,71.12553,983.9912,
55.35_37.34,2023-11-28 05:00:00,-5.3,-10.564191,snow,0.1,23.0,15.5843,30.599998,87.82991,970.40906,
55.35_37.34,2024-04-12 13:00:00,15.2,10.191303,none,0.0,0.0,26.882141,53.28,52.70565,991.0073,
55.37_37.38,2024-01-28 10:00:00,-5.95,-9.504836,none,0.0,60.000004,3.6,9.0,89.47809,1005.6968,
55.37_37.42,2024-02-25 15:00:00,-1.7,-7.186507,snow,0.2,66.0,18.806337,38.16,80.28077,1007.1203,
55.38_37.39,2024-02-06 08:00:00,-8.3,-13.436231,none,0.0,55.0,13.039754,22.68,89.27751,968.60724,
55.38_37.4,2023-11-21 20:00:00,-8.35,-14.306053,none,0.0,2.0,16.279802,32.399998,58.970016,993.95306,
55.39_37.29,2024-02-09 08:00:00,-15.75,-21.699171,none,0.0,61.0,15.119999,29.519999,81.09091,978.4843,
55.39_37.29,2024-02-16 03:00:00,-9.1,-14.039611,snow,0.2,71.0,11.212135,22.319998,88.50349,1006.9063,
55.39_37.31,2023-10-29 08:00:00,-0.55,-4.9726696,none,0.0,11.0,13.584932,29.88,88.60134,978.0599,
55.39_37.33,2024-03-27 21:00:00,-0.7,-4.5146084,none,0.0,30.000002,7.42159,11.879999,75.175385,992.8364,
55.39_37.36,2024-01-22 21:00:00,-8.85,-16.300821,none,0.0,60.000004,28.694056,54.719997,90.29383,1003.15894,
55.39_37.41,2024-05-18 20:00:00,11.0,8.470547,none,0.0,0.0,9.290511,11.5199995,67.43755,999.88184,
55.39_37.42,2023-11-12 17:00:00,5.15,0.7569752,none,0.0,0.0,20.991426,39.239998,95.23561,976.35736,
55.41_37.19,2023-11-12 17:00:00,6.1,1.8664012,none,0.0,0.0,21.120682,39.6,94.6119,973.6224,
55.41_37.19,2024-03-02 00:00:00,-1.55,-4.774773,none,0.0,63.0,5.506941,7.2,96.386635,1008.39496,
55.41_37.26,2024-05-06 16:00:00,9.3,7.95496,rain,0.2,0.0,0.8049845,11.879999,74.24746,986.6226,
55.42_37.25,2023-10-13 19:00:00,7.25,3.3384995,none,0.0,0.0,12.522619,23.4,61.114456,992.178,
55.42_37.29,2023-10-05 08:00:00,10.45,6.6568804,none,0.0,0.0,21.659916,40.32,82.23739,993.1784,
55.42_37.3,2023-10-09 18:00:00,3.65,-1.5045605,rain,0.1,0.0,21.868332,43.56,82.81542,981.2701,
55.42_37.41,2023-11-03 09:00:00,1.5,-1.214561,none,0.0,0.0,3.319036,12.959999,85.29784,994.48663,
55.43_36.86,2023-05-21 01:00:00,10.75,7.9898043,none,0.0,0.0,10.08,19.8,65.98948,1000.7874,
55.43_37.27,2023-11-04 17:00:00,4.9,0.6326847,rain,0.1,0.0,19.576189,37.079998,94.229904,989.43524,
55.43_37.28,2024-04-12 17:00:00,14.0,9.817398,none,0.0,0.0,20.478907,54.719997,55.006306,991.3065,
55.43_37.28,2024-04-22 20:00:00,8.55,3.8268661,none,0.0,0.0,21.900904,43.199997,70.30853,993.0494,
55.43_37.34,2024-03-07 15:00:00,1.2,-3.1855474,none,0.0,58.0,9.178235,21.24,51.91668,1003.14026,
55.44_36.83,2024-04-10 21:00:00,15.0,13.819775,none,0.0,0.0,12.245293,20.880001,81.99087,993.2004,
55.44_36.87,2023-10-27 07:00:00,-2.55,-7.6729074,snow,0.1,3.0,16.311613,31.68,85.47839,978.827,
55.44_37.16,2024-04-11 16:00:00,17.3,13.32412,none,0.0,0.0,16.904673,36.719997,39.952747,994.9957,
55.44_37.29,2024-04-03 17:00:00,10.35,4.339534,rain,0.2,1.0,30.993471,70.2,63.18297,974.65326,
55.45_37.29,2024-02-15 07:00:00,-12.4,-18.554634,snow,1.5,64.0,17.654688,34.56,81.58525,1006.8177,
55.45_37.32,2024-04-30 21:00:00,14.75,11.061882,none,0.0,0.0,16.299694,35.28,50.431496,1003.6141,
55.45_37.53,2023-11-12 13:00:00,4.0,-0.911479,rain,1.0,0.0,22.66857,42.839996,93.52537,979.55804,
55.46_36.93,2024-01-30 17:00:00,-0.8,-4.4420705,none,0.0,58.999996,8.049845,14.4,88.907425,1005.9221,
55.46_36.94,2024-01-16 15:00:00,-3.35,-8.040222,none,0.0,57.0,12.303366,24.84,81.57836,966.8617,
55.46_37.29,2024-02-04 23:00:00,-2.05,-6.8811007,none,0.0,55.0,14.869351,27.72,86.82689,964.2129,
55.47_36.93,2024-01-01 05:00:00,-13.35,-19.639465,none,0.0,44.0,17.826363,37.079998,73.68762,989.9469,
55.47_36.93,2024-02-17 14:00:00,-3.55,-9.581993,none,0.0,72.0,21.398056,41.039997,81.8625,996.98267,
55.47_37.3,2023-10-12 19:00:00,11.6,7.842084,none,0.0,0.0,24.821732,48.6,86.65431,976.1705,
55.47_37.3,2023-10-30 19:00:00,6.25,2.8687997,none,0.0,9.0,15.349684,26.64,93.96384,982.88275,
55.47_37.3,2024-01-05 15:00:00,-20.0,-24.914484,none,0.0,41.0,6.830519,17.28,76.28484,987.0123,
55.47_37.3,2024-03-03 06:00:00,-8.3,-12.673449,none,0.0,58.999996,7.754637,13.32,88.57729,1005.9465,
55.47_37.46,2023-12-11 10:00:00,-7.4,-12.86093,rain,0.1,42.0,15.546833,26.28,86.601944,1004.957,
55.47_37.47,2024-04-20 08:00:00,4.4,0.1775055,snow,0.3,0.0,15.876775,30.599998,80.56954,994.9966,
55.47_37.55,2023-11-19 12:00:00,-5.5,-9.609997,none,0.0,2.0,4.8433046,13.679999,59.968544,1001.5349,
55.48_36.94,2024-04-14 12:00:00,12.05,8.576509,rain,0.1,0.0,15.617529,32.399998,62.479683,984.6999,
55.48_37.27,2023-10-14 12:00:00,9.85,5.100667,none,0.0,0.0,26.496098,50.039997,79.66065,986.61487,
55.48_37.27,2023-11-13 10:00:00,1.8,-3.6725433,snow,0.7,0.0,24.387178,49.68,96.48319,973.6193,
55.48_37.3,2024-02-09 17:00:00,-10.4,-15.842858,none,0.0,58.999996,12.6462,24.48,67.56776,982.0652,
55.48_37.37,2023-11-23 19:00:00,-7.8,-14.57052,snow,0.4,4.0,23.224882,47.519997,73.272675,969.29865,
55.49_36.95,2024-02-02 03:00:00,-1.25,-6.0635233,none,0.0,57.0,15.725037,28.8,89.19883,972.8794,
55.49_36.95,2024-03-09 17:00:00,-3.35,-8.117224,none,0.0,58.999996,9.47012,26.64,52.045258,992.2858,
55.49_37.3,2023-10-23 08:00:00,4.15,1.7311592,rain,0.1,0.0,6.763786,12.24,98.606575,984.09064,
55.49_37.31,2023-11-03 13:00:00,5.65,2.4941936,none,0.0,0.0,6.9153743,19.08,66.27829,996.07837,
55.49_37.32,2024-04-14 23:00:00,10.0,6.370182,none,0.0,0.0,22.104116,45.719997,90.09238,977.3658,
55.49_37.39,2024-03-03 20:00:00,-2.45,-6.7582192,none,0.0,57.0,10.009036,17.28,78.96201,1008.6752,
55.49_37.43,2024-01-17 07:00:00,-10.7,-17.040075,none,0.0,54.000004,19.48661,37.44,79.8599,978.4381,
55.49_37.5,2023-10-01 19:00:00,11.6,9.442021,none,0.0,0.0,8.647496,14.759999,70.66331,996.3506,
55.49_37.57,2023-12-09 22:00:00,-12.95,-18.807915,none,0.0,40.0,15.379206,28.44,80.8338,1009.2734,
55.4_37.21,2024-04-29 19:00:00,12.05,9.605889,none,0.0,0.0,7.491114,8.64,59.293926,1008.9552,
55.4_37.24,2023-02-05 04:00:00,-3.4,-6.705438,snow,0.2,33.0,4.6938252,9.36,98.51802,998.75775,
55.4_37.26,2023-10-31 12:00:00,9.35,7.1562605,none,0.0,3.0,10.44,22.319998,87.621,991.6249,
55.4_37.43,2024-08-04 05:00:00,12.95,13.003988,none,0.0,0.0,5.3517847,9.0,98.055824,984.94336,
55.51_37.25,2023-06-22 21:00:00,17.85,16.582766,none,0.0,0.0,9.585739,11.159999,61.7147,992.5491,
55.51_37.34,2023-09-27 07:00:00,9.2,7.348192,none,0.0,0.0,7.928178,14.759999,87.90716,1010.8819,
55.51_37.35,2023-12-20 17:00:00,1.85,-2.3252625,none,0.0,39.0,14.982228,29.88,93.079124,979.60565,
55.51_37.35,2024-04-23 17:00:00,12.1,7.9251156,none,0.0,0.0,14.986553,33.48,46.09626,999.5673,
55.51_37.36,2023-11-19 19:00:00,-6.9,-11.046799,none,0.0,2.0,5.00128,11.879999,65.671326,1001.3106,
55.51_37.36,2023-12-04 13:00:00,-6.4,-12.283291,snow,0.1,38.0,18.388212,35.64,79.572014,992.11334,
55.51_37.54,2023-10-02 14:00:00,13.05,10.54597,rain,0.1,0.0,11.019764,26.64,64.24336,995.5482,
55.51_37.54,2024-01-10 10:00:00,-10.9,-16.965117,none,0.0,49.0,17.727943,37.44,83.139175,993.86053,
55.51_37.55,2023-12-02 15:00:00,-6.55,-11.06138,none,0.0,29.0,9.504272,18.72,86.355064,988.90875,
55.51_37.56,2023-11-01 16:00:00,12.0,9.313461,none,0.0,0.0,15.725037,28.44,79.15989,983.30804,
55.51_37.56,2024-04-04 06:00:00,4.2,-0.14119864,none,0.0,0.0,16.575644,32.399998,81.12162,981.72186,
55.51_37.57,2024-04-06 16:00:00,7.95,4.1026344,none,0.0,0.0,12.964998,25.919998,61.72711,994.7298,
55.51_37.59,2023-10-22 20:00:00,2.7,-0.89626074,rain,0.6,0.0,11.753877,23.4,91.801765,993.13495,
55.51_37.6,2024-01-17 18:00:00,-14.75,-20.962374,none,0.0,54.000004,17.015474,28.8,76.586006,990.04517,
55.52_37.22,2024-01-13 13:00:00,-22.1,-26.68684,none,0.0,54.000004,3.96,12.959999,66.51998,993.9021,
55.52_37.37,2024-01-08 16:00:00,-16.85,-22.832933,none,0.0,46.0,14.830076,26.28,75.5492,1004.3854,
55.52_37.37,2024-05-04 16:00:00,13.35,9.029718,none,0.0,0.0,13.783817,29.16,31.338436,992.85016,
55.52_37.52,2023-10-20 23:00:00,3.3,-0.73731375,none,0.0,0.0,15.856354,30.239998,93.82273,992.0307,
55.52_37.52,2023-10-26 19:00:00,-1.45,-7.4580264,none,0.0,1.0,20.268991,37.44,62.687016,993.71027,
55.52_37.52,2023-10-31 22:00:00,7.55,4.747036,none,0.0,1.0,14.20062,25.199999,97.30405,992.11456,
55.52_37.58,2024-04-13 12:00:00,12.05,8.39018,none,0.0,0.0,12.783802,28.08,45.91621,993.28015,
55.53_37.15,2023-11-28 16:00:00,-5.75,-11.39937,none,0.0,24.0,17.399586,32.399998,82.192894,983.941,
55.53_37.15,2024-05-01 22:00:00,9.15,5.9138184,none,0.0,0.0,12.783802,21.96,71.42197,1000.0993,
55.53_37.39,2024-01-07 00:00:00,-21.05,-26.358309,none,0.0,46.0,9.47012,16.199999,81.34611,997.22485,
55.53_37.45,2024-03-18 16:00:00,2.0,-1.7595229,none,0.0,45.0,10.739832,20.519999,83.81585,999.80396,
55.53_37.5,2023-12-20 17:00:00,1.75,-2.7499673,none,0.0,39.0,17.208603,31.319998,93.74662,979.5982,
55.53_37.5,2024-03-29 19:00:00,5.7,1.8703918,none,0.0,16.0,15.124284,28.44,82.48776,982.8345,
55.53_37.51,2023-12-25 17:00:00,-3.05,-8.088582,none,0.0,38.0,15.463246,26.64,86.397,968.90906,
55.53_37.51,2024-02-12 11:00:00,-3.15,-7.9094114,rain,0.1,58.0,13.779114,24.48,89.036316,991.7637,
55.53_37.51,2024-02-28 09:00:00,-5.1,-11.003477,none,0.0,62.0,19.483284,33.48,81.64743,1007.13983,
55.53_37.51,2024-03-29 10:00:00,4.55,0.35927773,rain,0.1,19.0,15.716793,31.68,80.0153,984.99493,
55.53_37.51,2024-04-27 17:00:00,11.3,7.7961216,none,0.0,0.0,18.59845,37.8,74.342354,999.2724,
55.53_37.52,2023-12-14 20:00:00,-10.45,-16.958061,snow,0.4,46.0,21.096123,38.88,85.2368,999.4038,
55.53_37.52,2024-08-11 03:00:00,15.95,16.049204,none,0.0,0.0,11.440978,19.8,95.61654,986.6802,
55.53_37.53,2023-10-01 20:00:00,11.1,8.585419,none,0.0,0.0,11.013882,18.72,72.79018,992.7275,
55.53_37.53,2023-10-23 08:00:00,4.15,1.6352296,rain,0.1,0.0,7.42159,12.959999,98.606575,983.08887,
55.53_37.54,2023-10-03 15:00:00,15.15,11.105728,none,0.0,0.0,20.26899,37.079998,52.87523,997.20715,
55.53_37.54,2024-05-04 14:00:00,11.9,7.5792847,none,0.0,0.0,15.349684,32.039997,37.117535,993.1351,
55.53_37.58,2024-02-04 00:00:00,-2.2,-6.6701703,none,0.0,54.000004,13.324863,21.96,95.300766,968.46063,
55.53_37.58,2024-03-04 23:00:00,-6.55,-10.713453,none,0.0,57.0,7.208994,11.879999,87.36857,1002.6643,
55.54_37.16,2023-10-14 20:00:00,13.45,9.910127,none,0.0,0.0,25.277023,46.44,82.065704,981.38806,
55.54_37.17,2023-11-28 07:00:00,-5.75,-11.032521,snow,0.1,24.0,15.192682,29.519999,85.44348,971.0172,
55.54_37.17,2023-11-29 18:00:00,-3.3,-9.415788,snow,0.2,24.0,22.963936,42.48,89.023315,985.65027,
55.54_37.17,2024-03-27 16:00:00,4.6,1.2070355,none,0.0,28.0,5.8603754,15.119999,58.045094,991.3161,
55.54_37.19,2024-04-27 19:00:00,10.9,8.137187,none,0.0,0.0,12.55879,33.12,73.25663,998.4279,
55.54_37.2,2024-01-12 13:00:00,-11.35,-18.158274,snow,0.2,54.000004,21.862406,42.12,70.49558,983.7329,
55.54_37.36,2023-10-23 08:00:00,4.05,1.5100346,rain,0.1,0.0,7.5942082,13.32,99.30057,984.4326,
55.54_37.37,2023-12-30 14:00:00,2.15,-1.486587,none,0.0,39.0,10.739833,24.48,87.879524,983.1227,
55.54_37.37,2024-04-05 20:00:00,-1.25,-5.558153,none,0.0,0.0,10.495713,18.0,75.93332,1001.4043,
55.54_37.39,2024-03-12 20:00:00,-0.15,-3.95548,none,0.0,54.000004,4.5536795,5.3999996,52.752777,1005.6179,
55.54_37.4,2023-10-05 18:00:00,11.6,8.117249,none,0.0,0.0,14.336861,28.8,60.230137,993.30493,
55.54_37.46,2023-10-06 07:00:00,9.55,6.204014,rain,0.1,0.0,18.678415,34.92,87.6394,982.5467,
55.54_37.5,2024-03-04 15:00:00,1.1,-2.3607123,none,0.0,57.0,4.802999,12.959999,64.75783,1004.286,
55.54_37.51,2024-01-18 14:00:00,-11.65,-19.663317,snow,0.6,52.999996,30.652895,50.76,81.027855,984.4293,
55.54_37.51,2024-02-13 20:00:00,-11.1,-17.569454,none,0.0,58.999996,20.696085,36.0,87.60568,1002.02637,
55.54_37.51,2024-02-16 17:00:00,-8.15,-13.0684805,none,0.0,70.0,11.384198,19.08,86.18134,1011.8611,
55.54_37.51,2024-03-07 20:00:00,-4.65,-9.644264,none,0.0,55.0,13.281023,21.24,79.225266,997.7484,
55.54_37.51,2024-04-10 14:00:00,20.0,19.6688,none,0.0,0.0,8.311245,22.319998,61.599403,999.3065,
55.54_37.52,2024-03-07 12:00:00,-1.45,-5.9441056,none,0.0,56.0,9.793059,19.44,61.96381,1001.78766,
55.54_37.53,2023-10-18 18:00:00,4.65,1.7644701,none,0.0,0.0,8.905908,15.84,89.9991,986.1907,
55.54_37.53,2023-12-19 18:00:00,2.05,-4.492526,rain,0.2,46.0,30.993471,54.719997,90.446754,977.18396,
55.54_37.53,2023-12-22 17:00:00,-1.25,-7.062207,none,0.0,39.0,22.97522,39.96,92.2225,968.43964,
55.54_37.53,2024-01-13 20:00:00,-25.25,-30.973501,none,0.0,52.0,11.4862,18.359999,73.88911,992.8219,
55.54_37.53,2024-04-08 16:00:00,17.8,14.42873,rain,0.1,0.0,23.319553,44.639996,60.47899,995.2781,
55.54_37.53,2024-04-20 05:00:00,0.35,-4.0758333,none,0.0,0.0,14.168641,24.84,86.749596,991.4866,
55.54_37.54,2023-10-20 18:00:00,3.8,0.030623436,none,0.0,0.0,14.081477,25.56,90.89807,990.7997,
55.54_37.56,2023-11-28 16:00:00,-5.6,-11.44903,none,0.0,23.0,18.678415,33.12,80.31823,982.99585,
55.54_37.56,2024-01-13 23:00:00,-25.95,-32.13962,none,0.0,52.0,14.618837,23.759998,75.137695,991.36884,
55.54_37.57,2023-11-17 19:00:00,-6.25,-10.560169,none,0.0,2.0,6.849467,11.159999,70.43713,999.92444,
55.54_37.58,2024-01-31 08:00:00,-7.75,-12.753935,none,0.0,56.0,12.849528,19.44,94.34454,1004.17255,
55.55_37.14,2024-01-15 03:00:00,-4.45,-10.079165,none,0.0,54.000004,18.775301,35.28,88.92302,970.3231,
55.55_37.32,2023-11-19 18:00:00,-7.0,-11.187927,none,0.0,2.0,5.1919937,12.599999,65.12114,1000.0612,
55.55_37.47,2024-04-05 16:00:00,3.25,-0.47926903,none,0.0,0.0,7.2805495,18.0,59.007465,998.1642,
55.55_37.51,2024-04-27 08:00:00,12.6,11.883341,none,0.0,0.0,9.9571085,19.44,98.373116,989.96387,
55.55_37.53,2023-12-31 14:00:00,0.65,-2.9670725,snow,0.2,40.0,10.495713,24.48,97.15131,975.98755,
55.55_37.53,2024-03-03 23:00:00,-5.1,-9.515841,none,0.0,57.0,8.942214,15.84,78.23792,1007.7353,
55.55_37.54,2023-10-04 13:00:00,17.05,11.364726,none,0.0,0.0,37.84283,68.03999,60.50403,983.2609,
55.55_37.54,2023-10-14 08:00:00,6.5,1.9578676,none,0.0,0.0,20.724247,36.36,81.14912,988.7792,
55.55_37.54,2024-04-02 18:00:00,18.6,16.703997,none,0.0,1.0,14.4,24.84,59.866196,978.72784,
55.55_37.54,2024-04-11 17:00:00,16.4,12.823841,none,0.0,0.0,15.042659,34.56,44.27611,996.98615,
55.55_37.54,2024-04-24 13:00:00,11.8,8.988225,none,0.0,0.0,6.0347,17.64,48.214752,998.36615,
55.55_37.55,2023-11-02 10:00:00,7.9,3.546669,rain,1.0,0.0,24.503809,45.0,93.71901,978.93634,
55.55_37.55,2023-12-22 12:00:00,-1.5,-7.279971,none,0.0,40.0,21.749481,39.239998,86.237,968.65393,
55.55_37.55,2023-12-22 13:00:00,-1.45,-7.1042533,none,0.0,40.0,20.929594,36.719997,86.2423,967.1231,
55.55_37.55,2024-02-25 09:00:00,-0.75,-7.104316,snow,0.3,67.0,26.693459,47.519997,88.91176,1004.57355,
55.55_37.55,2024-03-05 09:00:00,-6.05,-11.332046,none,0.0,57.0,15.379206,25.919998,89.469666,998.8561,
55.55_37.55,2024-03-10 17:00:00,-4.9,-9.381989,none,0.0,55.0,7.5599995,21.599998,58.935383,998.5771,
55.55_37.55,2024-04-20 12:00:00,7.25,2.2952929,rain,0.1,0.0,21.485697,40.68,68.565125,994.40436,
55.55_37.56,2024-02-01 11:00:00,0.95,-3.228668,none,0.0,56.0,14.186923,24.84,94.046974,984.24274,
55.55_37.57,2023-11-13 16:00:00,3.4,-2.1528924,none,0.0,0.0,23.090569,45.36,76.168816,976.139,
55.55_37.58,2023-12-29 07:00:00,-4.85,-9.696181,snow,0.2,39.0,13.441071,23.039999,91.99483,981.2719,
55.55_37.59,2023-10-03 21:00:00,12.7,8.50738,none,0.0,0.0,20.767975,37.8,60.496777,992.04065,
55.55_37.59,2023-10-09 20:00:00,3.2,-2.117185,none,0.0,0.0,22.104116,41.039997,80.6902,984.0014,
55.55_37.59,2023-12-11 09:00:00,-8.05,-13.7447605,none,0.0,41.0,16.870138,29.519999,87.56101,1001.4666,
55.55_37.59,2023-12-21 08:00:00,0.25,-4.3317137,snow,0.1,41.0,16.323528,27.359999,94.701035,970.7822,
55.55_37.59,2024-02-16 04:00:00,-10.1,-15.3263645,snow,0.1,70.0,12.538134,24.48,86.31081,1008.49677,
55.55_37.59,2024-03-03 06:00:00,-8.5,-13.03986,none,0.0,58.999996,8.707237,15.4800005,87.5162,1007.15576,
55.56_37.18,2024-04-18 20:00:00,6.15,1.851367,rain,0.5,0.0,21.273533,39.96,92.984314,980.8661,
55.56_37.31,2024-03-21 12:00:00,3.95,0.7715249,none,0.0,42.0,3.396233,11.879999,53.289608,1004.9364,
55.56_37.33,2023-10-14 14:00:00,13.75,10.493929,none,0.0,0.0,20.63023,47.519997,73.27083,986.4036,
55.56_37.33,2023-12-14 11:00:00,-11.35,-17.201519,none,0.0,45.0,15.990646,34.2,81.73637,1002.78644,
55.56_37.33,2024-03-16 11:00:00,3.0,-0.7375946,none,0.0,51.0,9.693296,22.319998,73.0993,1001.5387,
55.56_37.44,2023-11-16 21:00:00,-0.85,-5.0621066,none,0.0,2.0,10.464798,19.08,78.32336,992.8216,
55.56_37.44,2024-03-13 20:00:00,-4.7,-9.190072,none,0.0,54.000004,9.983106,15.84,81.07541,1004.47797,
55.56_37.44,2024-04-18 20:00:00,5.75,1.2491188,rain,0.3,0.0,22.226902,40.32,93.613335,984.12396,
55.56_37.44,2024-05-03 02:00:00,5.7,1.6714563,none,0.0,0.0,13.004921,21.599998,66.53033,996.83545,
55.56_37.47,2023-11-13 18:00:00,3.5,-1.7713983,none,0.0,0.0,21.897945,40.68,79.5739,976.0132,
55.56_37.49,2023-12-23 17:00:00,0.15,-3.3348172,none,0.0,37.0,8.699793,15.119999,94.696785,964.2378,
55.56_37.49,2024-04-22 21:00:00,7.45,3.1189194,none,0.0,0.0,18.374111,38.519997,72.364296,994.0587,
55.56_37.5,2023-11-21 10:00:00,-8.1,-14.185449,none,0.0,2.0,17.518356,33.839996,62.266212,988.75464,
55.56_37.51,2023-10-30 18:00:00,5.75,1.8545408,rain,0.8,10.0,18.075441,32.039997,93.613335,983.08136,
55.56_37.55,2023-12-24 16:00:00,-3.5,-7.399748,snow,0.1,39.0,7.729527,14.4,90.020805,964.21747,
55.56_37.55,2024-04-30 15:00:00,20.2,16.402645,none,0.0,0.0,23.759998,44.28,41.351315,1004.7795,
55.56_37.56,2024-03-28 21:00:00,0.6,-4.0125494,none,0.0,20.0,14.84318,25.919998,81.21287,989.19305,
55.56_37.57,2024-02-21 19:00:00,-5.6,-11.2555275,none,0.0,70.0,17.87718,30.599998,85.79145,1000.4514,
55.56_37.58,2023-12-14 14:00:00,-10.55,-16.439009,none,0.0,45.0,16.563911,29.88,81.51947,999.8018,
55.56_37.59,2023-10-09 14:00:00,4.25,-1.7454219,none,0.0,0.0,27.748037,51.839996,79.97172,980.49744,
55.56_37.59,2023-11-12 17:00:00,4.75,0.123969555,none,0.0,0.0,22.104116,39.96,95.55513,975.24585,
55.56_37.59,2024-04-15 18:00:00,5.3,0.2775402,none,0.0,0.0,22.862123,45.36,82.729485,975.4179,
55.56_37.6,2023-10-17 11:00:00,4.35,-2.2402925,none,0.0,0.0,30.5173,57.239998,72.82103,983.63153,
55.57_37.15,2023-10-27 17:00:00,-1.55,-5.9862137,snow,1.2,5.0,13.493999,30.960001,93.9267,980.83966,
55.57_37.2,2024-03-16 21:00:00,-1.55,-5.756363,none,0.0,50.0,11.043261,19.08,87.20254,998.6489,
55.57_37.21,2024-04-03 16:00:00,9.75,3.633603,rain,0.1,0.0,31.853388,66.6,66.23409,971.70807,
55.57_37.3,2024-03-23 12:00:00,4.0,-1.4951355,rain,0.3,38.0,24.951921,47.16,84.65978,978.34564,
55.57_37.45,2023-12-20 08:00:00,1.9,-3.2831814,none,0.0,40.0,21.129885,39.96,88.17506,977.69037,
55.57_37.49,2023-11-12 19:00:00,6.35,1.8222094,rain,1.0,0.0,23.584808,42.48,94.95088,970.56366,
55.57_37.49,2023-12-04 19:00:00,-7.8,-13.187875,none,0.0,36.0,14.417988,27.359999,81.58625,991.7769,
55.57_37.49,2024-04-24 23:00:00,9.45,5.0827427,none,0.0,0.0,17.163355,30.239998,58.01994,992.3173,
55.57_37.56,2024-01-24 12:00:00,-0.85,-6.5314565,none,0.0,60.000004,22.493519,39.96,92.58767,989.8554,
55.57_37.56,2024-02-20 11:00:00,-8.8,-13.757797,none,0.0,71.0,11.440979,21.599998,87.833305,1004.4601,
55.57_37.56,2024-03-09 18:00:00,-6.05,-10.61198,none,0.0,58.0,8.350138,17.64,66.93091,992.90704,
55.57_37.57,2024-01-08 11:00:00,-19.3,-24.457485,none,0.0,47.0,8.707238,17.64,78.456055,1005.11206,
55.57_37.57,2024-04-19 23:00:00,2.0,-4.038544,none,0.0,0.0,24.946726,51.839996,75.37265,984.0539,
55.57_37.58,2023-10-09 02:00:00,1.85,-3.8136322,rain,0.2,0.0,25.35637,46.8,94.0894,969.47253,
55.57_37.58,2023-10-20 09:00:00,3.05,0.8020811,none,0.0,0.0,3.219938,7.92,93.47686,989.5175,
55.57_37.58,2023-11-02 18:00:00,3.5,-1.3340733,none,0.0,0.0,18.899143,37.079998,79.5739,985.3899,
55.57_37.58,2023-11-10 06:00:00,3.0,-0.16808462,none,0.0,0.0,9.9571085,17.64,96.1745,994.4326,
55.57_37.58,2024-04-12 18:00:00,12.5,7.991025,none,0.0,0.0,23.233253,42.12,62.15213,992.0635,
55.57_37.58,2024-04-20 22:00:00,2.95,-0.67518926,none,0.0,0.0,9.565437,13.32,76.929924,1001.56055,
55.57_37.58,2024-05-01 11:00:00,16.0,13.328573,none,0.0,0.0,15.696165,32.399998,49.727737,1004.0333,
55.57_37.59,2023-10-27 14:00:00,-0.45,-5.676791,snow,0.3,4.0,18.782204,34.92,85.71091,982.7155,
55.57_37.59,2023-11-09 08:00:00,-0.9,-4.1357727,none,0.0,0.0,6.489992,9.0,98.54825,988.39404,
55.57_37.6,2023-10-01 14:00:00,16.85,14.213795,none,0.0,0.0,16.93531,33.839996,61.27574,992.1258,
55.57_37.61,2023-11-24 22:00:00,-6.35,-10.684374,none,0.0,8.0,8.534353,14.4,87.72826,961.0681,
55.57_37.62,2024-01-31 01:00:00,-8.5,-12.849064,none,0.0,57.0,8.209263,10.799999,98.07002,1007.62335,
55.57_37.62,2024-02-20 22:00:00,-11.25,-17.355389,none,0.0,71.0,18.089775,24.84,86.88476,1005.3066,
55.57_37.62,2024-05-04 12:00:00,10.7,7.432416,none,0.0,0.0,13.237038,27.72,37.17384,995.0372,
55.57_37.63,2023-10-30 08:00:00,-1.8,-5.743562,snow,0.2,10.0,9.114471,16.919998,87.83148,995.14325,
55.57_37.63,2023-12-03 08:00:00,-6.45,-11.6446085,snow,0.1,28.0,14.84318,24.84,92.96067,991.05676,
55.57_37.63,2024-02-01 20:00:00,-1.05,-6.1190314,none,0.0,55.0,17.654688,25.199999,89.21573,979.4876,
55.57_37.63,2024-02-19 21:00:00,-8.1,-12.331271,none,0.0,72.0,6.6185193,7.2,85.17249,1007.4954,
55.57_37.63,2024-04-07 19:00:00,10.05,7.9045,none,0.0,0.0,8.4042845,14.759999,77.7941,998.5296,
55.57_37.64,2023-12-27 00:00:00,-4.5,-9.06205,none,0.0,40.0,11.212135,20.16,86.90469,976.8958,
55.57_37.65,2023-10-12 05:00:00,6.25,-0.051306248,rain,1.1,0.0,32.26572,54.719997,80.25969,983.76495,
55.57_37.65,2024-01-11 15:00:00,-9.4,-17.940588,none,0.0,56.0,34.726475,59.76,74.150856,972.4686,
55.57_37.65,2024-04-09 11:00:00,16.0,15.498302,none,0.0,0.0,6.297428,17.28,73.91395,996.15295,
55.57_37.67,2023-12-17 19:00:00,0.15,-6.169166,none,0.0,54.000004,26.544964,42.12,83.89842,989.6261,
55.57_37.67,2024-04-07 12:00:00,12.4,10.132871,none,0.0,0.0,11.966954,25.199999,74.53368,997.4666,
55.57_37.68,2023-10-06 18:00:00,5.85,-0.959373,rain,0.1,0.0,36.40275,62.639996,85.469826,986.1839,
55.57_37.69,2024-02-06 23:00:00,-10.95,-16.26656,none,0.0,57.0,12.9249525,17.28,88.68665,976.73615,
55.58_37.13,2023-10-24 17:00:00,0.0,-4.633645,none,0.0,0.0,13.849476,26.28,77.0082,991.21783,
55.58_37.19,2024-03-27 15:00:00,5.1,1.9358635,none,0.0,27.000002,4.73506,13.679999,58.174343,994.98376,
55.58_37.22,2024-01-08 23:00:00,-11.8,-17.881126,snow,0.4,47.0,17.208603,33.839996,78.71195,995.04376,
55.58_37.23,2023-11-23 02:00:00,-8.4,-13.947729,none,0.0,3.0,13.830749,29.88,63.734776,991.2416,
55.58_37.24,2023-10-23 11:00:00,4.95,2.6701245,rain,0.2,0.0,6.9247384,13.32,98.61551,980.631,
55.58_37.24,2023-12-02 01:00:00,-5.35,-9.223085,none,0.0,29.0,6.696387,11.879999,94.81611,980.0583,
55.58_37.25,2024-05-08 16:00:00,3.05,-3.577141,snow,0.1,1.0,25.41763,50.399998,50.284737,992.67395,
55.58_37.26,2023-12-11 18:00:00,-7.9,-14.029619,snow,0.5,42.0,19.770523,37.44,85.53227,997.8085,
55.58_37.38,2024-03-11 10:00:00,-4.7,-9.35972,none,0.0,55.0,10.464798,28.08,74.44686,1001.4087,
55.58_37.38,2024-03-28 10:00:00,5.45,1.5361128,none,0.0,23.0,9.346143,21.599998,54.30502,993.05145,
55.58_37.47,2024-02-29 19:00:00,0.5,-4.3520756,none,0.0,61.0,16.485485,30.599998,81.80128,997.8071,
55.58_37.56,2023-09-29 20:00:00,15.95,15.261423,none,0.0,0.0,11.480557,19.08,83.19099,999.5156,
55.58_37.56,2023-10-30 09:00:00,-2.0,-6.2199736,snow,1.1,10.0,11.435313,20.519999,92.51934,991.2577,
55.58_37.56,2023-11-03 18:00:00,1.1,-2.0831547,none,0.0,0.0,6.0347,10.440001,84.63131,994.607,
55.58_37.56,2024-04-24 19:00:00,8.75,5.7689447,none,0.0,0.0,8.557102,19.8,64.16565,996.3695,
55.58_37.57,2024-02-14 10:00:00,-14.05,-20.275618,none,0.0,61.0,17.518356,36.719997,80.667404,1005.9597,
55.58_37.57,2024-02-29 22:00:00,-0.6,-4.518031,none,0.0,63.0,10.30883,18.359999,90.24678,1002.1265,
55.58_37.58,2023-10-14 23:00:00,13.35,9.260393,none,0.0,0.0,28.449112,53.28,80.96454,981.33435,
55.58_37.58,2023-11-06 01:00:00,9.05,5.9934673,rain,1.6,0.0,17.906157,33.12,95.0559,977.37506,
55.58_37.58,2023-11-29 07:00:00,-13.15,-18.014086,none,0.0,22.0,8.654987,17.64,83.8695,991.5239,
55.58_37.59,2023-10-09 12:00:00,3.65,-2.1790862,none,0.0,0.0,26.493652,48.96,82.81542,977.30133,
55.58_37.59,2023-11-07 20:00:00,6.65,3.2519417,none,0.0,0.0,15.39184,26.64,91.0957,985.06744,
55.58_37.59,2023-12-03 05:00:00,-5.35,-9.895351,none,0.0,28.0,11.200571,19.8,93.736885,990.43024,
55.58_37.59,2023-12-16 10:00:00,-7.6,-12.990807,none,0.0,54.000004,14.869351,24.48,85.56646,997.25867,
55.58_37.59,2023-12-24 18:00:00,-4.0,-8.008451,none,0.0,39.0,8.209263,13.679999,91.01004,967.46576,
55.58_37.59,2024-02-02 15:00:00,-2.45,-8.485699,none,0.0,55.0,20.176065,37.8,65.16977,977.3895,
55.58_37.59,2024-03-17 22:00:00,0.85,-2.8771586,none,0.0,48.0,10.464798,19.08,90.686615,993.57196,
55.58_37.6,2023-10-01 11:00:00,14.8,12.799015,none,0.0,0.0,16.263872,28.8,79.03793,990.01587,
55.58_37.6,2023-11-05 09:00:00,8.95,3.9590368,none,0.0,0.0,29.620802,53.28,90.01368,982.1228,
55.58_37.6,2023-11-17 01:00:00,-1.85,-6.791257,none,0.0,2.0,14.759999,25.919998,78.75704,992.29236,
55.58_37.6,2023-11-30 17:00:00,-5.45,-11.2343235,none,0.0,25.0,18.888851,32.399998,86.13982,982.8999,
55.58_37.6,2024-01-16 08:00:00,-3.1,-9.091224,none,0.0,56.0,22.26477,31.68,89.04063,970.4473,
55.58_37.6,2024-01-25 18:00:00,-2.15,-7.174615,snow,0.1,58.999996,16.610792,23.759998,90.80229,980.6139,
55.58_37.6,2024-02-15 19:00:00,-10.65,-16.360268,snow,0.1,70.0,15.580141,22.68,85.903404,1009.9459,
55.58_37.61,2024-02-08 19:00:00,-14.95,-22.309864,none,0.0,60.000004,24.86868,33.48,77.528,978.88916,
55.58_37.61,2024-02-11 15:00:00,-7.9,-14.678618,none,0.0,60.000004,23.185787,33.12,72.66814,998.2487,
55.58_37.61,2024-05-03 16:00:00,8.95,4.382803,none,0.0,0.0,11.885453,27.0,27.150879,996.8688,
55.58_37.64,2023-09-29 15:00:00,22.35,20.964748,none,0.0,0.0,11.090103,20.16,47.819138,1000.89526,
55.58_37.64,2023-11-09 17:00:00,4.9,1.354393,none,0.0,0.0,14.021525,23.4,91.29604,987.3961,
55.58_37.64,2024-01-07 16:00:00,-23.4,-29.140121,none,0.0,47.0,11.874544,19.44,74.9505,1003.19183,
55.58_37.64,2024-02-02 17:00:00,-3.95,-10.632275,none,0.0,55.0,24.187069,32.399998,69.0072,976.67236,
55.58_37.65,2023-10-01 17:00:00,12.85,10.685921,none,0.0,0.0,9.007196,23.4,65.99009,991.5157,
55.58_37.65,2023-10-26 17:00:00,-0.95,-6.8480864,none,0.0,0.0,19.296133,33.12,58.817272,992.4014,
55.58_37.65,2024-05-02 17:00:00,10.5,5.7009716,none,0.0,0.0,17.771753,32.760002,46.306385,995.8974,
55.58_37.66,2023-10-08 21:00:00,2.35,-3.2566423,rain,0.1,0.0,24.798223,42.839996,89.82013,966.1798,
55.58_37.66,2023-10-27 16:00:00,-1.1,-6.097392,snow,0.9,4.0,17.163355,32.399998,89.542694,981.9786,
55.58_37.66,2023-11-01 18:00:00,11.45,8.710721,none,0.0,0.0,15.379206,25.919998,79.88955,983.2489,
55.58_37.66,2023-12-28 22:00:00,-5.2,-10.263648,none,0.0,40.0,13.979871,28.44,84.849335,991.0166,
55.58_37.66,2024-04-22 09:00:00,15.85,12.791988,none,0.0,0.0,21.273533,38.88,68.67146,988.16754,
55.58_37.67,2023-11-30 11:00:00,-1.35,-6.942477,none,0.0,25.0,20.5484,34.56,85.93189,981.7358,
55.58_37.68,2023-10-24 08:00:00,1.7,-2.504163,none,0.0,0.0,14.685176,28.08,91.076904,988.82623,
55.58_37.68,2023-12-19 12:00:00,1.65,-3.9346967,none,0.0,49.0,24.48,36.0,93.40438,985.36633,
55.58_37.68,2023-12-28 07:00:00,-5.5,-10.212626,none,0.0,41.0,11.901798,19.8,90.206154,989.3557,
55.58_37.68,2023-12-30 06:00:00,2.7,-2.9691522,rain,0.4,43.0,25.171696,40.32,87.29953,977.00745,
55.58_37.68,2024-01-01 03:00:00,-11.9,-18.612278,none,0.0,43.0,21.203358,35.64,73.66613,991.0206,
55.58_37.68,2024-01-09 15:00:00,-8.4,-13.323281,none,0.0,49.0,10.823973,23.4,80.21316,998.7382,
55.58_37.68,2024-02-09 19:00:00,-11.6,-17.686047,none,0.0,61.0,16.87398,24.84,71.324005,986.0558,
55.58_37.68,2024-03-13 14:00:00,1.55,-3.6466608,none,0.0,58.0,16.179987,25.56,59.46506,1005.1846,
55.58_37.68,2024-03-22 08:00:00,-4.9,-9.497993,none,0.0,40.0,12.10157,19.44,95.92152,999.6905,
55.58_37.69,2023-10-03 12:00:00,14.15,10.810092,none,0.0,0.0,15.141414,28.44,55.621727,999.1844,
55.58_37.69,2023-10-26 11:00:00,0.0,-6.5296793,none,0.0,0.0,24.269983,44.28,59.29253,996.9869,
55.58_37.69,2024-01-08 21:00:00,-14.15,-20.747242,none,0.0,48.0,19.493261,30.960001,69.58949,1000.929,
55.58_37.69,2024-02-17 07:00:00,-8.2,-13.713432,none,0.0,73.0,15.517629,23.039999,87.20172,1009.63153,
55.58_37.69,2024-02-19 13:00:00,-6.7,-11.464142,none,0.0,74.0,10.685391,18.72,81.10279,1008.66675,
55.58_37.69,2024-03-18 18:00:00,1.25,-2.443316,none,0.0,47.0,10.182337,16.56,87.79543,999.0467,
55.58_37.69,2024-04-29 17:00:00,17.85,15.100901,none,0.0,0.0,7.208994,16.919998,35.955322,1012.35657,
55.58_37.69,2024-05-09 19:00:00,4.85,-0.56660604,none,0.0,1.0,17.727943,40.32,47.27779,997.84827,
55.58_37.7,2023-10-04 10:00:00,14.75,9.979486,none,0.0,0.0,29.834423,50.76,65.72813,988.05817,
55.58_37.7,2024-02-20 22:00:00,-9.45,-15.06218,none,0.0,72.0,15.496736,23.759998,86.38172,1005.42377,
55.58_37.7,2024-02-23 09:00:00,-0.9,-6.483434,none,0.0,71.0,21.407139,32.039997,89.890884,1000.5749,
55.58_37.7,2024-04-13 23:00:00,7.9,6.1361055,none,0.0,0.0,3.8939953,9.36,82.479645,992.4111,
55.58_37.7,2024-04-17 15:00:00,10.45,8.182887,none,0.0,0.0,5.1919937,20.519999,62.32261,979.808,
55.58_37.71,2023-10-11 13:00:00,6.35,0.8861122,none,0.0,0.0,21.533897,39.239998,57.855747,1000.7067,
55.58_37.71,2023-12-08 06:00:00,-13.85,-19.366074,none,0.0,35.0,12.979984,19.44,85.89091,1017.17413,
55.58_37.71,2024-02-12 06:00:00,-5.25,-10.09878,none,0.0,61.0,13.004922,19.44,90.22575,992.9557,
55.59_37.12,2024-05-03 18:00:00,8.25,3.9371662,none,0.0,0.0,8.557102,19.08,31.253387,995.3637,
55.59_37.21,2023-12-15 05:00:00,-7.95,-13.636372,snow,0.3,52.999996,16.676977,32.760002,85.18998,988.60126,
55.59_37.22,2023-11-04 14:00:00,5.7,1.6004992,none,0.0,0.0,17.10284,37.8,83.07352,989.163,
55.59_37.22,2023-11-17 11:00:00,-3.4,-8.1051035,none,0.0,2.0,11.753876,26.64,76.13788,996.92017,
55.59_37.22,2024-04-22 21:00:00,8.0,3.4978533,none,0.0,0.0,20.188908,43.92,72.21251,994.0422,
55.59_37.23,2023-11-21 19:00:00,-8.8,-14.709437,none,0.0,2.0,15.978484,32.399998,61.326336,992.7948,
55.59_37.27,2023-11-23 05:00:00,-8.55,-14.125816,none,0.0,3.0,14.003029,28.8,64.22054,988.89624,
55.59_37.35,2023-11-06 00:00:00,9.15,6.1323814,rain,1.1,0.0,17.727943,34.56,94.73818,977.107,
55.59_37.35,2024-02-02 20:00:00,-4.5,-10.437118,none,0.0,52.999996,19.652176,38.16,77.43099,978.09656,
55.59_37.35,2024-04-10 08:00:00,13.55,12.85906,none,0.0,0.0,7.072878,17.64,85.13444,996.7146,
55.59_37.36,2024-01-19 16:00:00,-7.25,-11.582779,none,0.0,61.0,7.754637,14.04,84.93764,981.7118,
55.59_37.37,2024-02-16 13:00:00,-7.7,-12.282797,snow,0.3,70.0,9.1641035,20.880001,84.21829,1009.75824,
55.59_37.37,2024-04-14 16:00:00,12.6,9.024321,none,0.0,0.0,15.530151,36.36,57.995506,982.10815,
55.59_37.43,2024-02-08 14:00:00,-13.8,-20.643293,none,0.0,58.0,21.313093,39.239998,70.25958,975.7919,
55.59_37.46,2024-04-07 13:00:00,14.55,11.907972,rain,0.1,0.0,14.973576,30.599998,65.90796,994.1038,
55.59_37.48,2024-02-02 13:00:00,-1.25,-7.816017,snow,0.1,54.000004,25.603062,49.32,73.11205,971.81036,
55.59_37.52,2024-02-04 04:00:00,-1.3,-6.148588,snow,0.7,54.000004,16.78156,28.08,95.686775,958.58514,
55.59_37.53,2023-10-06 12:00:00,10.5,7.515398,rain,0.7,0.0,15.696165,35.28,80.57649,975.2596,
55.59_37.53,2023-12-25 04:00:00,-6.55,-11.500416,none,0.0,38.0,13.1041975,21.96,92.954926,969.6441,
55.59_37.53,2024-04-13 22:00:00,6.35,3.6975317,none,0.0,0.0,9.339208,12.959999,88.87959,988.84924,
55.59_37.53,2024-04-16 00:00:00,3.55,-1.0004299,none,0.0,0.0,18.532133,34.92,87.69457,972.10724,
55.59_37.53,2024-05-06 09:00:00,7.15,4.498515,none,0.0,0.0,5.692099,15.84,69.03575,987.974,
55.59_37.54,2023-10-13 13:00:00,11.8,6.388686,none,0.0,0.0,25.099514,53.639996,51.97385,988.0062,
55.59_37.54,2023-10-30 07:00:00,-2.2,-6.093802,none,0.0,10.0,8.647496,15.119999,89.451904,992.17224,
55.59_37.55,2023-09-30 20:00:00,15.55,13.428921,none,0.0,0.0,13.217443,23.039999,66.12307,992.6773,
55.59_37.55,2023-10-14 12:00:00,11.75,6.991499,none,0.0,0.0,28.449112,56.16,75.96017,983.48486,
55.59_37.55,2023-12-12 16:00:00,-7.35,-14.103045,snow,0.2,43.0,24.464113,41.760002,86.947075,995.322,
55.59_37.55,2024-02-18 14:00:00,-1.75,-8.015331,snow,0.2,73.0,23.688984,40.32,77.00487,990.8707,
55.59_37.59,2024-01-07 11:00:00,-26.0,-31.844503,none,0.0,47.0,12.24,18.0,74.77691,1000.1291,
55.59_37.6,2023-10-09 09:00:00,3.15,-2.783808,none,0.0,0.0,27.267473,49.68,86.09709,975.78656,
55.59_37.6,2023-10-14 15:00:00,12.4,8.79956,none,0.0,0.0,24.122686,46.44,83.31847,984.55255,
55.59_37.6,2023-11-05 22:00:00,9.2,5.672716,rain,0.1,0.0,20.608229,35.64,92.20309,977.63574,
55.59_37.6,2023-11-21 15:00:00,-8.45,-14.637304,none,0.0,2.0,18.057508,32.039997,61.922768,991.2334,
55.59_37.6,2024-01-03 22:00:00,-27.8,-32.94251,none,0.0,42.0,7.2,12.24,73.00494,988.407,
55.59_37.6,2024-02-18 12:00:00,-0.45,-7.0795813,none,0.0,73.0,27.661497,38.88,80.46334,991.6414,
55.59_37.61,2023-11-04 21:00:00,6.35,1.9553294,rain,0.1,0.0,22.59699,37.8,94.62243,989.3613,
55.59_37.61,2023-12-29 11:00:00,-2.55,-6.964946,snow,0.2,41.0,12.387348,19.44,93.17966,980.41455,
55.59_37.61,2024-04-14 19:00:00,10.1,6.695465,rain,0.5,0.0,19.08,33.12,84.46898,980.81885,
55.59_37.63,2024-03-08 02:00:00,-9.0,-14.364187,none,0.0,58.0,14.33234,18.0,90.63956,995.28613,
55.59_37.63,2024-03-16 12:00:00,2.95,-1.3518867,none,0.0,52.999996,14.408997,19.8,78.05945,999.1202,
55.59_37.63,2024-03-20 09:00:00,-4.2,-7.926815,none,0.0,44.0,6.696387,13.679999,96.307434,1003.86414,
55.59_37.64,2023-11-30 15:00:00,-4.55,-10.586281,snow,0.1,25.0,20.880001,33.12,82.991615,982.693,
55.59_37.64,2024-02-18 18:00:00,-2.95,-9.563517,none,0.0,73.0,24.774696,33.48,73.06512,997.6145,
55.59_37.64,2024-03-18 19:00:00,0.95,-2.93045,none,0.0,46.0,11.212135,17.64,88.08821,998.0321,
55.59_37.65,2023-11-05 17:00:00,10.2,6.1671476,none,0.0,0.0,23.051247,40.32,82.769035,979.73,
55.59_37.65,2023-12-01 17:00:00,-4.55,-8.850925,snow,0.1,26.0,10.028439,15.84,93.06864,980.90704,
55.59_37.66,2023-10-10 14:00:00,3.05,-2.2905476,snow,0.2,0.0,20.88,37.8,73.91646,991.597,
55.59_37.66,2023-10-11 08:00:00,0.65,-3.445169,none,0.0,0.0,11.525623,22.319998,82.42735,1000.9319,
55.59_37.66,2023-11-13 13:00:00,2.75,-2.7915018,none,0.0,0.0,24.464113,47.16,87.935104,973.4478,
55.59_37.66,2024-01-12 08:00:00,-12.75,-20.735466,none,0.0,55.0,29.914679,45.0,78.55533,982.8191,
55.59_37.67,2023-11-15 08:00:00,0.95,-1.895869,none,0.0,0.0,5.154415,9.0,94.73063,981.69385,
55.59_37.67,2023-12-04 08:00:00,-7.5,-13.84774,none,0.0,36.0,21.542923,33.12,86.25231,986.08826,
55.59_37.67,2024-03-27 07:00:00,-1.45,-5.718355,none,0.0,26.0,11.384199,17.64,85.92105,993.6137,
55.59_37.67,2024-04-12 18:00:00,13.7,9.146872,none,0.0,0.0,23.535301,45.0,57.468426,991.85333,
55.59_37.67,2024-04-24 09:00:00,6.8,4.411046,none,0.0,0.0,2.1897945,12.24,63.485294,1000.8173,
55.59_37.68,2024-02-27 20:00:00,-4.75,-10.49914,none,0.0,66.0,18.584509,26.64,81.06823,1007.1926,
55.59_37.68,2024-04-19 20:00:00,4.1,-3.6131797,none,0.0,0.0,37.249126,63.36,69.15151,978.7641,
55.59_37.72,2023-12-28 18:00:00,-3.75,-8.740876,none,0.0,41.0,14.578888,29.16,85.99505,992.75146,
55.59_37.72,2024-01-04 01:00:00,-27.0,-32.420563,none,0.0,43.0,9.220499,19.44,74.927155,991.58124,
55.59_37.72,2024-01-07 17:00:00,-23.05,-28.82043,none,0.0,48.0,12.144331,19.8,75.362335,1006.5656,
55.59_37.72,2024-01-22 23:00:00,-9.35,-17.491173,none,0.0,61.0,32.789658,54.36,85.025345,1004.78125,
55.59_37.73,2023-10-14 17:00:00,12.95,8.952053,none,0.0,0.0,27.722336,46.8,82.8288,984.8434,
55.59_37.73,2023-10-22 02:00:00,-1.55,-4.6701946,none,0.0,0.0,4.3349743,10.08,92.88962,1002.3945,
55.59_37.73,2023-10-22 19:00:00,2.5,-1.7705123,none,0.0,0.0,15.141414,25.919998,86.0285,995.5682,
55.59_37.73,2023-12-07 23:00:00,-14.1,-19.471764,none,0.0,35.0,11.901798,17.64,85.86225,1016.88477,
55.59_37.73,2024-01-11 18:00:00,-9.85,-17.59799,none,0.0,55.0,29.142216,43.199997,74.6694,974.79095,
55.59_37.73,2024-02-12 18:00:00,-1.25,-5.119376,rain,0.2,63.0,9.339208,15.84,89.863045,989.97705,
55.59_37.73,2024-02-28 10:00:00,-3.7,-9.175961,none,0.0,66.0,17.072504,27.359999,78.16288,1006.45734,
55.5_36.92,2024-03-28 18:00:00,4.35,0.14264154,none,0.0,26.0,12.0694,22.68,62.213215,988.4701,
55.5_37.29,2024-02-25 19:00:00,-0.85,-6.4532185,none,0.0,66.0,19.45333,36.719997,74.30284,1008.4907,
55.5_37.34,2024-03-06 07:00:00,-12.4,-17.1725,none,0.0,57.0,8.311245,15.119999,83.96579,1007.3263,
55.5_37.34,2024-04-28 08:00:00,11.15,9.523073,none,0.0,0.0,3.5455887,12.959999,68.17517,1007.2532,
55.5_37.52,2024-04-08 14:00:00,17.75,14.786745,none,0.0,0.0,21.316135,43.92,62.31186,996.0289,
55.5_37.53,2023-10-19 20:00:00,4.05,2.2143097,none,0.0,0.0,1.835647,5.3999996,94.52449,988.07007,
55.5_37.53,2023-10-29 16:00:00,0.3,-3.949675,none,0.0,10.0,13.1041975,25.199999,88.028244,989.2372,
55.5_37.53,2024-02-21 22:00:00,-5.55,-11.028828,none,0.0,68.0,16.92383,29.519999,88.14466,1001.3564,
55.5_37.57,2024-01-23 18:00:00,-3.9,-10.410425,snow,0.2,58.0,24.962307,44.28,86.63584,997.9284,
55.5_37.58,2023-12-12 08:00:00,-7.05,-13.148521,snow,0.1,44.0,20.00512,34.2,85.294464,998.1141,
55.5_37.58,2024-04-23 16:00:00,12.4,8.084996,none,0.0,0.0,16.171976,32.760002,45.851364,999.34973,
55.5_37.59,2023-11-23 00:00:00,-7.1,-13.060916,none,0.0,3.0,16.80857,31.68,59.304817,995.0756,
55.5_37.6,2023-11-09 08:00:00,0.4,-2.4538286,none,0.0,0.0,5.315336,9.72,99.27951,986.86584,
55.61_37.29,2023-12-27 07:00:00,-3.85,-7.3819904,snow,0.1,40.0,5.3999996,12.959999,94.16715,971.54456,
55.61_37.29,2024-04-24 07:00:00,2.95,0.47117567,none,0.0,0.0,3.2399998,10.440001,85.45814,998.0997,
55.61_37.3,2024-02-10 06:00:00,-25.0,-30.24077,none,0.0,58.0,8.39657,10.08,83.75414,988.31726,
55.61_37.3,2024-02-21 09:00:00,-9.3,-14.809643,none,0.0,68.0,14.84318,27.0,86.05451,999.5363,
55.61_37.33,2023-11-04 14:00:00,5.65,1.0538406,none,0.0,0.0,20.380579,41.399998,82.77386,991.07367,
55.61_37.34,2024-04-16 15:00:00,11.0,6.265847,none,0.0,0.0,18.057508,39.6,47.12832,977.44714,
55.61_37.35,2023-12-22 01:00:00,-2.3,-6.9824686,none,0.0,40.0,14.264361,29.519999,91.81396,970.5161,
55.61_37.35,2024-04-17 00:00:00,7.7,4.7294083,none,0.0,0.0,6.8399997,15.4800005,62.336487,976.08716,
55.61_37.36,2024-03-30 18:00:00,6.4,2.7388988,none,0.0,13.0,12.261157,25.199999,71.13997,989.4325,
55.61_37.36,2024-04-10 04:00:00,9.15,7.6341314,none,0.0,0.0,6.989936,14.4,93.14477,993.34644,
55.61_37.37,2023-10-19 00:00:00,4.5,1.130424,none,0.0,0.0,12.096214,25.199999,90.30644,983.0824,
55.61_37.39,2023-12-30 19:00:00,1.3,-3.0447803,none,0.0,39.0,15.273505,29.88,91.37961,978.24133,
55.61_37.39,2024-01-23 19:00:00,-3.75,-10.299985,snow,0.3,58.0,25.488914,44.28,87.97773,994.0436,
55.61_37.49,2023-10-01 08:00:00,13.5,10.753294,none,0.0,0.0,18.171976,30.960001,77.27812,984.41437,
55.61_37.49,2023-10-28 03:00:00,-1.8,-5.910343,none,0.0,8.0,11.304229,21.24,96.02369,970.3196,
55.61_37.49,2023-11-15 22:00:00,0.2,-2.7591307,none,0.0,0.0,4.6938257,5.3999996,91.63925,975.7988,
55.61_37.49,2023-12-23 01:00:00,0.75,-4.580763,snow,0.2,38.0,21.980644,38.88,94.7222,955.7636,
55.61_37.49,2023-12-27 13:00:00,-2.95,-6.73814,none,0.0,39.0,7.5942082,14.04,91.77135,968.8647,
55.61_37.49,2024-01-24 06:00:00,-3.05,-8.93585,none,0.0,58.0,21.817902,38.16,91.07797,985.9184,
55.61_37.49,2024-03-10 12:00:00,-5.45,-10.748506,none,0.0,55.0,13.627795,25.919998,66.2747,990.1084,
55.61_37.49,2024-04-07 16:00:00,13.55,11.104556,none,0.0,0.0,11.177405,27.0,63.69694,988.6497,
55.61_37.5,2023-11-02 16:00:00,5.1,0.03166294,none,0.0,0.0,23.617756,42.839996,85.99511,975.41626,
55.61_37.5,2023-11-28 05:00:00,-5.25,-10.86372,snow,0.1,22.0,18.014393,33.12,87.834724,964.41626,
55.61_37.5,2024-04-26 05:00:00,11.0,10.055401,none,0.0,0.0,6.297428,11.159999,92.618805,982.02185,
55.61_37.51,2024-02-05 17:00:00,-4.4,-8.583811,none,0.0,54.000004,8.311245,13.32,83.330414,954.71606,
55.61_37.52,2023-10-19 12:00:00,5.25,2.4607263,rain,0.4,0.0,8.311245,18.0,86.62089,978.27496,
55.61_37.52,2023-11-18 05:00:00,-8.0,-11.880289,none,0.0,2.0,4.510787,9.0,88.25731,997.25397,
55.61_37.52,2024-02-23 22:00:00,-0.3,-6.2546573,none,0.0,66.0,24.842607,43.199997,92.280975,993.6919,
55.61_37.53,2023-11-13 12:00:00,2.6,-2.700123,rain,0.1,0.0,22.86496,47.88,89.196205,969.60223,
55.61_37.53,2024-02-08 13:00:00,-13.65,-20.35811,none,0.0,58.0,20.431387,37.8,70.29232,970.86444,
55.61_37.53,2024-03-21 05:00:00,-9.05,-13.344808,none,0.0,40.0,6.638072,7.92,86.08223,993.2912,
55.61_37.53,2024-03-30 06:00:00,2.4,-1.5589514,none,0.0,15.000001,14.182355,23.4,93.44336,982.91736,
55.61_37.53,2024-04-19 21:00:00,3.65,-3.8810883,none,0.0,0.0,36.0,65.88,71.372826,972.5199,
55.61_37.54,2023-10-02 07:00:00,8.5,6.2359114,none,0.0,0.0,11.090103,18.359999,93.42877,984.9432,
55.61_37.54,2023-10-08 20:00:00,1.95,-3.602496,snow,0.4,0.0,24.149532,48.96,90.7663,957.2796,
55.61_37.54,2023-10-26 16:00:00,-0.9,-6.7636547,none,0.0,0.0,18.998314,38.16,58.14993,984.8241,
55.61_37.54,2024-01-10 12:00:00,-12.2,-17.288187,none,0.0,50.0,10.495713,26.28,82.96508,988.7625,
55.61_37.54,2024-01-11 23:00:00,-12.15,-19.42617,none,0.0,52.999996,25.233406,52.56,78.008354,971.60895,
55.61_37.54,2024-03-20 18:00:00,-0.45,-4.162262,none,0.0,40.0,7.2,12.24,77.22181,994.1504,
55.61_37.55,2024-04-13 20:00:00,8.4,5.9413843,none,0.0,0.0,8.225035,13.32,78.07821,986.1126,
55.61_37.58,2024-04-13 15:00:00,12.95,8.807152,none,0.0,0.0,14.48972,28.8,42.81816,989.0882,
55.61_37.59,2023-10-24 08:00:00,2.0,-2.29856,none,0.0,0.0,14.799459,27.359999,85.9754,984.8718,
55.61_37.59,2023-12-27 15:00:00,-2.5,-7.019649,none,0.0,40.0,12.979984,18.0,91.80088,973.9103,
55.61_37.59,2024-03-13 19:00:00,-3.6,-8.901097,none,0.0,56.0,15.807239,20.16,76.98661,1000.926,
55.61_37.6,2023-10-26 13:00:00,0.7,-5.69138,none,0.0,0.0,22.963936,42.839996,54.026836,993.31287,
55.61_37.6,2023-11-09 11:00:00,3.55,1.275487,none,0.0,0.0,4.39436,12.599999,95.51272,985.31757,
55.61_37.6,2023-12-02 13:00:00,-6.75,-11.196458,none,0.0,28.0,9.028754,14.4,87.34852,986.69476,
55.61_37.6,2023-12-15 02:00:00,-8.45,-15.377735,snow,1.9,50.0,25.161398,34.56,88.214836,992.05286,
55.61_37.6,2023-12-25 11:00:00,-3.8,-9.016728,none,0.0,39.0,16.199999,23.759998,86.97627,970.7536,
55.61_37.6,2024-01-04 19:00:00,-25.85,-31.010542,none,0.0,42.0,7.5685663,11.879999,74.80713,989.2638,
55.61_37.6,2024-01-12 09:00:00,-12.45,-20.809412,none,0.0,54.000004,32.587456,45.36,78.604965,981.7584,
55.61_37.6,2024-02-18 18:00:00,-2.95,-9.563517,none,0.0,73.0,24.774696,33.48,73.06512,996.7356,
55.61_37.6,2024-04-11 17:00:00,16.65,12.586327,none,0.0,0.0,17.114204,35.64,40.760826,997.70776,
55.61_37.61,2023-10-13 08:00:00,8.3,2.9617682,none,0.0,0.0,27.757376,46.44,77.790726,983.9962,
55.61_37.61,2023-10-27 00:00:00,-2.1,-7.728507,snow,0.3,1.0,19.06301,33.12,76.94595,990.7329,
55.61_37.61,2023-11-16 19:00:00,-0.4,-4.922986,none,0.0,1.0,12.964998,21.96,78.39479,989.92444,
55.61_37.61,2023-11-22 12:00:00,-6.9,-12.856314,none,0.0,3.0,16.92383,32.039997,60.085876,994.6127,
55.61_37.61,2023-12-02 12:00:00,-7.45,-11.597586,none,0.0,28.0,6.5693827,14.759999,87.27797,987.6089,
55.61_37.61,2024-01-06 18:00:00,-16.6,-21.037712,snow,0.1,47.0,4.6102495,8.28,83.41558,990.95074,
55.61_37.61,2024-01-09 18:00:00,-8.05,-14.1138525,snow,0.3,48.0,19.346441,28.8,86.87425,991.1029,
55.61_37.61,2024-02-27 22:00:00,-6.95,-13.3060875,none,0.0,65.0,21.434364,29.519999,80.7484,1005.7488,
55.61_37.61,2024-03-12 08:00:00,-3.55,-8.32138,none,0.0,57.0,13.18308,21.96,85.69071,1002.7975,
55.61_37.61,2024-03-13 09:00:00,-3.25,-7.5405884,none,0.0,56.0,9.387651,18.0,79.441734,1004.824,
55.61_37.61,2024-03-26 07:00:00,-1.65,-5.3679156,none,0.0,27.000002,7.9932966,12.24,90.16584,989.14374,
55.61_37.61,2024-04-25 16:00:00,19.35,16.567999,none,0.0,0.0,17.555305,30.960001,51.67036,987.57776,
55.61_37.61,2024-05-05 14:00:00,10.5,4.0898914,rain,0.5,0.0,34.268143,62.279995,56.450615,980.57263,
55.61_37.62,2023-09-29 07:00:00,12.45,11.160459,none,0.0,0.0,9.746631,16.199999,87.317764,1003.5363,
55.61_37.62,2023-09-29 08:00:00,14.4,13.7567425,none,0.0,0.0,6.849467,16.199999,80.83637,1005.0056,
55.61_37.62,2023-11-14 10:00:00,3.7,-1.5829992,rain,0.1,0.0,24.522314,41.039997,91.865456,979.2448,
55.61_37.62,2023-11-15 15:00:00,3.35,0.09715271,none,0.0,0.0,7.8954163,15.119999,79.551605,984.04333,
55.61_37.62,2024-02-04 08:00:00,1.2,-5.246308,snow,0.2,57.0,29.162226,39.96,88.755104,960.48425,
55.61_37.62,2024-02-20 08:00:00,-11.2,-16.309275,none,0.0,71.0,11.503113,16.199999,90.4694,1006.44934,
55.61_37.62,2024-03-03 16:00:00,1.75,-2.478879,none,0.0,60.000004,11.720751,15.4800005,71.79032,1012.3089,
55.61_37.62,2024-04-20 19:00:00,8.1,5.4130707,none,0.0,0.0,7.10031,12.24,69.23127,998.6419,
55.61_37.63,2023-12-23 08:00:00,1.25,-4.083235,none,0.0,39.0,22.26477,31.319998,93.04623,963.7038,
55.61_37.63,2024-02-09 09:00:00,-17.15,-24.437729,none,0.0,60.000004,23.828083,32.760002,78.819786,984.3999,
55.61_37.63,2024-04-24 10:00:00,7.75,5.4469337,none,0.0,0.0,1.4399999,12.24,58.850964,1002.8314,
55.61_37.66,2023-10-04 08:00:00,13.45,8.817471,none,0.0,0.0,28.712116,48.96,71.0205,989.73773,
55.61_37.67,2023-10-02 19:00:00,9.25,7.313346,none,0.0,0.0,7.208994,11.159999,82.935165,997.1035,
55.61_37.67,2024-01-12 10:00:00,-11.6,-18.93068,snow,0.3,55.0,25.932495,43.199997,80.04641,985.762,
55.61_37.67,2024-05-07 16:00:00,1.8,-3.2865953,snow,0.8,0.0,21.9718,37.8,97.87655,986.2593,
55.61_37.7,2023-11-14 20:00:00,2.3,-2.5267942,rain,0.1,0.0,19.228851,33.839996,88.850204,980.6564,
55.61_37.7,2023-12-21 17:00:00,0.05,-4.786051,none,0.0,41.0,18.11841,27.0,96.433235,974.09784,
55.61_37.7,2024-01-06 16:00:00,-15.25,-20.036182,none,0.0,47.0,7.2805495,12.959999,80.82405,990.8151,
55.61_37.71,2024-02-05 20:00:00,-7.25,-12.553058,none,0.0,58.0,14.57889,20.880001,86.95743,963.52924,
55.61_37.71,2024-02-25 22:00:00,-1.65,-8.142418,none,0.0,68.0,24.842607,37.8,73.313995,1006.2697,
55.61_37.71,2024-04-19 16:00:00,9.9,3.071979,rain,0.3,0.0,35.62363,63.72,61.753944,973.34973,
55.61_37.72,2023-12-03 17:00:00,-6.2,-12.068629,snow,0.3,34.0,19.242327,32.399998,88.7678,980.92487,
55.61_37.72,2023-12-04 16:00:00,-7.55,-12.951721,none,0.0,36.0,14.618837,21.24,81.29995,991.9773,
55.61_37.72,2024-02-06 16:00:00,-3.4,-8.368637,none,0.0,57.0,13.661038,24.84,77.02046,971.6201,
55.61_37.72,2024-02-29 08:00:00,-3.95,-9.400918,none,0.0,65.0,17.447933,25.56,84.67178,1002.252,
55.61_37.72,2024-04-18 10:00:00,8.3,5.2609005,rain,0.1,0.0,13.37825,25.919998,83.10454,984.0866,
55.61_37.72,2024-04-19 21:00:00,4.1,-3.6131797,none,0.0,0.0,37.249126,63.36,69.15151,979.00433,
55.61_37.72,2024-05-02 18:00:00,9.8,4.815728,none,0.0,0.0,18.94024,34.2,48.17147,996.65045,
55.61_37.73,2024-04-01 10:00:00,13.9,10.665701,none,0.0,7.0,18.511143,33.839996,67.35338,990.9458,
55.61_37.73,2024-04-07 16:00:00,13.85,11.341972,none,0.0,0.0,11.525623,25.199999,62.253117,997.8787,
55.61_37.74,2023-10-20 01:00:00,4.1,1.7059231,none,0.0,0.0,5.8603754,10.440001,95.19599,989.9782,
55.61_37.74,2023-10-29 09:00:00,-0.65,-5.3099375,none,0.0,10.0,15.629971,26.64,92.2595,981.47504,
55.61_37.74,2023-12-30 17:00:00,1.25,-3.1964588,none,0.0,41.0,16.29174,25.919998,93.72177,982.8127,
55.61_37.74,2024-01-10 16:00:00,-12.1,-16.502392,none,0.0,52.0,5.991594,9.36,85.73847,998.0891,
55.61_37.74,2024-04-12 11:00:00,13.45,7.56666,none,0.0,0.0,31.780067,55.079998,56.023636,994.40625,
55.61_37.75,2023-11-14 11:00:00,4.1,-1.31304,rain,0.3,0.0,24.985659,43.56,87.12325,980.89246,
55.61_37.75,2024-04-20 20:00:00,4.4,1.0711827,none,0.0,0.0,8.311245,12.24,73.360535,1001.0271,
55.61_37.76,2023-10-08 13:00:00,3.95,-3.1706548,rain,0.3,0.0,33.790176,73.799995,73.0108,966.15216,
55.61_37.76,2023-10-27 05:00:00,-2.25,-8.320339,snow,0.2,2.0,22.539564,38.88,81.42249,987.15265,
55.61_37.76,2023-12-12 13:00:00,-5.45,-12.277158,snow,0.5,44.0,26.072052,39.239998,86.47265,999.5181,
55.61_37.76,2024-02-27 02:00:00,-6.45,-12.126815,none,0.0,67.0,17.057314,26.64,80.82177,1009.38544,
55.61_37.76,2024-04-18 14:00:00,8.55,4.90055,rain,0.3,0.0,18.171976,30.239998,84.00154,988.9078,
55.61_37.76,2024-04-21 03:00:00,3.85,0.25827646,none,0.0,0.0,9.3876505,15.119999,72.462006,1005.2696,
55.61_37.76,2024-04-22 18:00:00,10.95,5.6945744,none,0.0,0.0,25.420181,46.8,59.439423,995.28723,
55.61_37.77,2023-11-05 22:00:00,9.15,5.5441656,none,0.0,0.0,20.63023,35.64,90.64447,981.70435,
55.61_37.77,2023-12-17 02:00:00,-7.15,-12.669874,none,0.0,54.000004,16.418526,23.759998,90.426674,1002.0431,
55.61_37.77,2024-05-07 22:00:00,2.2,-2.9232197,none,0.0,0.0,19.586119,32.760002,79.670265,993.49634,
55.62_37.27,2023-11-03 14:00:00,5.75,2.5127616,none,0.0,0.0,7.42159,19.08,65.58243,995.1381,
55.62_37.27,2024-04-24 13:00:00,11.2,8.877832,none,0.0,0.0,6.193674,20.880001,48.918945,999.0275,
55.62_37.39,2024-01-24 21:00:00,-0.5,-5.58965,none,0.0,57.0,18.671474,36.36,91.93026,985.88947,
55.62_37.45,2024-01-14 01:00:00,-24.65,-31.136076,none,0.0,52.0,16.78156,28.08,73.3304,988.4356,
55.62_37.45,2024-03-11 08:00:00,-11.05,-16.565521,none,0.0,55.0,14.154915,23.039999,87.25766,1000.6707,
55.62_37.47,2023-12-02 21:00:00,-5.65,-10.252977,none,0.0,28.0,11.183201,21.96,91.59081,985.56476,
55.62_37.47,2023-12-24 00:00:00,-2.2,-5.6383677,none,0.0,37.0,6.162207,9.72,94.59548,959.8409,
55.62_37.48,2023-10-20 00:00:00,4.0,2.1492763,rain,0.2,0.0,1.9386592,4.32,94.856735,981.838,
55.62_37.48,2024-01-05 03:00:00,-27.5,-32.875805,none,0.0,41.0,8.913181,16.919998,78.45395,982.02,
55.62_37.48,2024-01-27 10:00:00,-6.6,-10.767043,snow,0.1,58.0,7.6367526,13.679999,92.23652,989.4322,
55.62_37.48,2024-02-22 09:00:00,-4.5,-9.782533,none,0.0,68.0,16.327497,28.8,88.58012,992.07153,
55.62_37.48,2024-03-30 04:00:00,2.8,-0.84716344,none,0.0,15.000001,12.57426,22.68,93.798325,979.6812,
55.62_37.49,2023-10-21 12:00:00,3.6,-0.9128394,none,0.0,0.0,15.856354,34.92,74.55809,990.8432,
55.62_37.49,2023-11-10 19:00:00,3.7,0.1537013,none,0.0,0.0,12.245293,20.880001,89.925735,990.6345,
55.62_37.5,2023-12-06 11:00:00,-15.6,-19.448086,none,0.0,36.0,1.0182338,5.04,87.141945,998.24963,
55.62_37.5,2023-12-13 13:00:00,-12.0,-18.741104,snow,0.1,44.0,21.889065,38.519997,82.652916,988.57465,
55.62_37.5,2024-01-28 02:00:00,-6.7,-10.697486,none,0.0,58.0,6.379216,10.440001,91.87398,994.35693,
55.62_37.5,2024-02-02 10:00:00,-0.9,-6.4441833,snow,0.1,54.000004,20.345573,37.8,84.08254,968.042,
55.62_37.5,2024-03-30 20:00:00,5.8,2.3535938,rain,0.3,11.0,12.496719,23.759998,81.91887,981.55646,
55.62_37.51,2023-10-03 16:00:00,14.65,10.617587,none,0.0,0.0,21.028437,39.239998,56.721382,987.3262,
55.62_37.51,2023-11-04 03:00:00,-0.9,-5.203168,none,0.0,0.0,13.18308,22.319998,93.95831,987.014,
55.62_37.51,2023-11-21 19:00:00,-8.35,-14.474036,none,0.0,2.0,17.58481,33.48,60.940998,983.69525,
55.62_37.51,2023-11-22 14:00:00,-7.25,-13.304531,none,0.0,3.0,17.22742,34.2,57.359566,985.51117,
55.62_37.51,2024-02-26 14:00:00,-2.05,-8.175568,none,0.0,64.0,22.007162,39.96,72.958595,994.8419,
55.62_37.52,2023-10-05 07:00:00,8.85,5.639847,none,0.0,0.0,17.0763,31.68,89.39277,983.6404,
55.62_37.55,2023-10-17 10:00:00,3.35,-2.9051323,none,0.0,0.0,29.07989,53.28,82.77717,977.79175,
55.62_37.58,2024-03-31 15:00:00,14.2,11.924084,none,0.0,8.0,7.771331,18.0,55.24986,993.9798,
55.62_37.59,2023-11-09 11:00:00,3.55,1.275487,none,0.0,0.0,4.39436,12.599999,95.51272,984.83325,
55.62_37.59,2023-12-15 20:00:00,-11.2,-17.5816,none,0.0,55.0,19.770523,27.359999,83.09923,990.18005,
55.62_37.6,2023-10-12 07:00:00,7.45,0.75746536,none,0.0,0.0,35.870163,61.199997,77.65704,980.3018,
55.62_37.6,2023-10-18 19:00:00,5.9,1.7686844,rain,0.1,0.0,18.440998,31.319998,86.991135,984.4527,
55.62_37.6,2023-10-24 08:00:00,2.0,-2.29856,none,0.0,0.0,14.799459,27.359999,85.9754,985.96783,
55.62_37.6,2024-02-21 22:00:00,-5.65,-11.516836,none,0.0,70.0,19.486609,27.72,87.796165,998.1411,
55.62_37.6,2024-04-10 18:00:00,18.8,18.651497,none,0.0,0.0,7.072878,17.64,68.13588,996.6049,
55.62_37.61,2023-10-23 04:00:00,2.7,-0.71721554,rain,1.0,0.0,11.480557,20.519999,97.198006,987.23944,
55.62_37.61,2023-10-23 19:00:00,4.3,0.42758608,rain,0.5,0.0,16.394829,28.08,95.876076,980.06506,
55.62_37.61,2023-10-25 10:00:00,-0.2,-4.0455894,none,0.0,0.0,5.634891,14.759999,58.55988,996.2869,
55.62_37.61,2023-10-28 12:00:00,-0.25,-5.234831,none,0.0,8.0,18.289274,31.68,92.622955,975.3634,
55.62_37.61,2023-12-18 19:00:00,1.15,-4.185341,none,0.0,52.0,21.96,30.239998,91.70157,987.1431,
55.62_37.61,2024-01-02 10:00:00,-21.7,-28.120373,none,0.0,42.0,16.870138,27.359999,77.34232,994.1843,
55.62_37.62,2023-11-17 22:00:00,-6.75,-11.257076,none,0.0,2.0,7.729527,15.119999,67.84825,1003.2883,
55.62_37.62,2023-12-04 11:00:00,-7.35,-13.892787,none,0.0,36.0,22.79684,34.92,84.26143,989.7123,
55.62_37.62,2024-02-07 09:00:00,-14.9,-20.139202,none,0.0,56.0,10.703569,14.04,85.4119,973.46356,
55.62_37.62,2024-04-11 13:00:00,15.7,11.988459,none,0.0,0.0,19.376562,35.64,54.31516,998.89166,
55.62_37.63,2023-10-10 00:00:00,2.35,-2.5226166,none,0.0,0.0,18.11841,31.319998,80.27618,986.15515,
55.62_37.65,2023-11-16 09:00:00,0.6,-2.2803142,snow,0.1,1.0,4.1046314,7.5599995,88.702736,988.3279,
55.62_37.65,2023-12-14 23:00:00,-9.05,-15.905057,snow,1.2,48.0,24.269983,33.839996,87.114525,997.12683,
55.62_37.65,2024-04-09 15:00:00,18.5,17.719269,none,0.0,0.0,8.311245,17.64,63.31633,997.96576,
55.62_37.66,2023-10-05 14:00:00,14.15,9.761709,none,0.0,0.0,22.553936,42.48,56.203426,993.1586,
55.62_37.66,2023-12-02 21:00:00,-5.6,-10.421541,none,0.0,28.0,12.682018,21.599998,91.24345,991.6707,
55.62_37.66,2024-03-20 00:00:00,-5.25,-9.789938,none,0.0,45.0,11.5199995,15.4800005,96.642166,1003.7395,
55.62_37.66,2024-04-13 11:00:00,9.55,6.0300436,none,0.0,0.0,10.44,23.759998,54.41411,995.43524,
55.62_37.66,2024-04-26 14:00:00,20.85,19.961178,rain,0.5,0.0,17.673029,36.36,69.434364,990.44727,
55.62_37.67,2023-10-09 14:00:00,4.6,-1.5319133,none,0.0,0.0,28.515089,52.199997,77.20038,982.87573,
55.62_37.67,2023-10-19 07:00:00,4.0,1.385602,rain,0.3,0.0,7.5685663,13.679999,96.88525,986.9092,
55.62_37.67,2023-11-08 13:00:00,7.8,4.0133533,none,0.0,0.0,16.766108,32.760002,79.08482,992.47345,
55.62_37.67,2024-02-03 13:00:00,-5.15,-10.137901,none,0.0,56.0,14.20062,20.880001,91.97541,977.75275,
55.62_37.67,2024-04-05 19:00:00,-0.6,-4.5858874,none,0.0,0.0,8.557102,13.679999,74.34873,1003.2047,
55.62_37.68,2023-10-13 07:00:00,8.2,3.1625051,none,0.0,0.0,26.124195,44.28,79.97602,988.6002,
55.62_37.69,2024-04-25 08:00:00,12.15,7.9467907,none,0.0,0.0,24.387178,43.199997,73.23155,988.25684,
55.62_37.7,2023-11-14 17:00:00,2.5,-2.3851244,rain,0.1,0.0,20.188908,39.239998,90.80577,982.7787,
55.62_37.7,2024-03-07 14:00:00,1.05,-3.663592,none,0.0,60.000004,11.91812,17.64,55.600445,1001.66315,
55.62_37.7,2024-04-15 08:00:00,7.2,3.0824366,none,0.0,0.0,18.079027,31.68,78.44153,978.48645,
55.62_37.71,2024-01-31 07:00:00,-8.15,-12.253318,none,0.0,58.0,6.379216,10.440001,93.591324,1006.0512,
55.62_37.71,2024-02-12 17:00:00,-1.25,-5.119376,rain,0.2,63.0,9.339208,15.84,89.863045,988.3681,
55.62_37.71,2024-02-19 14:00:00,-6.7,-11.464142,none,0.0,74.0,10.685391,18.72,81.10279,1007.50824,
55.62_37.71,2024-04-09 21:00:00,12.7,10.624774,none,0.0,0.0,12.074766,19.44,77.15244,992.59814,
55.62_37.71,2024-04-17 07:00:00,7.4,5.2025576,rain,1.1,0.0,8.759178,16.199999,93.05183,976.54663,
55.62_37.71,2024-04-24 17:00:00,12.85,9.4245405,none,0.0,0.0,12.10157,20.16,50.264214,998.65,
55.62_37.72,2023-10-20 11:00:00,4.2,1.7087078,none,0.0,0.0,5.6920996,12.959999,90.28403,989.3666,
55.62_37.72,2023-10-20 14:00:00,5.45,2.1496053,none,0.0,0.0,10.805999,19.8,80.71738,991.1116,
55.62_37.72,2023-11-23 13:00:00,-7.05,-13.322377,none,0.0,3.0,18.681883,34.2,56.02265,983.4737,
55.62_37.72,2023-12-02 14:00:00,-6.65,-11.138435,none,0.0,28.0,9.227524,15.119999,85.67398,988.0897,
55.62_37.72,2024-01-18 19:00:00,-8.35,-16.733406,snow,1.3,58.0,34.776817,56.519997,82.813515,980.2249,
55.62_37.72,2024-03-30 18:00:00,9.2,4.7023363,none,0.0,13.0,19.08,31.68,62.69165,992.20874,
55.62_37.73,2023-10-22 12:00:00,3.35,-0.7197294,none,0.0,0.0,12.413477,23.759998,73.70165,1000.5841,
55.62_37.73,2024-02-24 17:00:00,0.95,-4.853383,none,0.0,69.0,24.448214,36.719997,88.41025,1007.36566,
55.62_37.73,2024-04-12 16:00:00,14.45,9.599098,none,0.0,0.0,25.651104,49.68,54.932552,992.3364,
55.62_37.74,2023-09-29 12:00:00,19.35,19.504936,none,0.0,0.0,5.8048253,16.199999,67.36236,1003.18274,
55.62_37.74,2023-11-17 13:00:00,-2.6,-7.61298,none,0.0,2.0,12.397806,24.48,59.540367,1001.738,
55.62_37.74,2023-11-24 17:00:00,-6.7,-11.369068,none,0.0,8.0,10.495713,21.24,86.338905,957.1282,
55.62_37.74,2023-12-30 14:00:00,1.85,-2.8589752,none,0.0,42.0,17.771753,31.68,87.851585,982.24664,
55.62_37.74,2024-01-11 10:00:00,0.2,-6.441107,snow,0.1,55.0,29.598919,47.16,89.32049,970.7994,
55.62_37.74,2024-01-25 15:00:00,-1.65,-6.728789,snow,0.1,60.000004,17.238699,26.64,89.497444,984.5996,
55.62_37.74,2024-05-01 12:00:00,17.3,14.27627,none,0.0,0.0,19.862083,38.16,44.531933,1003.0203,
55.62_37.75,2023-09-28 09:00:00,15.1,13.510391,none,0.0,0.0,11.304229,21.96,72.29451,1010.1901,
55.62_37.75,2023-11-08 15:00:00,7.5,4.883856,none,0.0,0.0,8.669949,19.44,80.43668,990.3246,
55.62_37.75,2023-12-30 16:00:00,0.85,-3.8041325,none,0.0,41.0,16.92383,26.64,91.34911,982.1503,
55.62_37.75,2024-04-28 19:00:00,13.35,10.993023,none,0.0,0.0,7.172949,11.879999,55.221336,1008.0623,
55.62_37.77,2023-10-18 16:00:00,4.9,1.9871993,rain,0.1,0.0,8.209263,15.84,84.16239,992.6825,
55.62_37.78,2023-10-04 08:00:00,14.3,10.162712,none,0.0,0.0,25.671307,52.199997,68.12583,993.13745,
55.62_37.78,2023-10-24 21:00:00,-0.9,-5.5665574,none,0.0,0.0,12.287555,24.48,69.12945,1000.78394,
55.62_37.78,2023-11-01 03:00:00,9.6,6.7079926,none,0.0,1.0,17.313717,29.519999,93.48407,993.6866,
55.62_37.78,2024-01-06 18:00:00,-16.4,-21.01809,snow,0.1,47.0,5.904439,10.08,83.44239,997.6866,
55.62_37.78,2024-02-20 22:00:00,-10.85,-16.640263,none,0.0,72.0,16.039202,24.119999,85.88084,1011.5564,
55.62_37.78,2024-02-28 06:00:00,-7.1,-12.938379,none,0.0,66.0,18.079027,25.919998,83.96228,1012.72906,
55.62_37.78,2024-05-07 10:00:00,2.55,-2.494103,snow,0.3,0.0,19.652176,34.92,81.186485,991.2473,
55.62_37.79,2024-03-21 04:00:00,-7.25,-11.281992,none,0.0,43.0,5.692099,7.5599995,84.93764,1010.7197,
55.63_37.3,2023-11-12 20:00:00,6.7,2.657176,none,0.0,0.0,20.94507,41.399998,95.62284,969.8346,
55.63_37.42,2023-10-18 18:00:00,4.55,1.6153402,none,0.0,0.0,9.178235,16.199999,90.31017,984.3955,
55.63_37.42,2023-10-26 16:00:00,-1.2,-7.0969305,none,0.0,1.0,19.13426,36.36,58.75177,990.9189,
55.63_37.42,2024-02-12 20:00:00,-1.5,-5.13566,snow,0.3,60.000004,8.049845,14.759999,93.92915,987.05896,
55.63_37.43,2023-12-28 11:00:00,-3.8,-8.999294,none,0.0,39.0,16.263872,29.88,88.64311,988.8915,
55.63_37.43,2024-03-01 15:00:00,1.9,-0.5884805,none,0.0,61.0,2.5455842,6.8399997,87.53847,1004.3703,
55.63_37.44,2024-04-06 13:00:00,5.3,1.5347109,rain,0.1,0.0,12.287555,24.48,73.526596,991.96466,
55.63_37.45,2023-09-30 15:00:00,21.55,18.543999,none,0.0,0.0,18.440998,42.12,44.059376,993.1231,
55.63_37.47,2023-10-02 17:00:00,13.15,10.925451,none,0.0,0.0,8.78872,22.68,62.952152,990.12994,
55.63_37.47,2024-02-28 22:00:00,-2.6,-8.265804,none,0.0,62.0,19.995398,33.48,85.47279,999.0511,
55.63_37.47,2024-03-31 12:00:00,12.7,11.613616,none,0.0,8.0,4.452954,15.4800005,65.95751,992.3404,
55.63_37.48,2024-02-22 11:00:00,-2.95,-8.238544,none,0.0,68.0,17.25373,30.960001,86.40757,991.7322,
55.63_37.48,2024-02-23 14:00:00,1.5,-3.9816794,none,0.0,67.0,22.702845,42.839996,87.81888,992.97217,
55.63_37.48,2024-02-25 20:00:00,-1.2,-7.4405217,none,0.0,65.0,23.78453,41.399998,75.94204,1000.42633,
55.63_37.48,2024-04-01 18:00:00,16.35,12.648689,none,0.0,2.0,20.523157,37.079998,54.858387,980.5208,
55.63_37.48,2024-04-03 12:00:00,11.75,5.151249,none,0.0,0.0,35.772484,69.84,59.845963,965.404,
55.63_37.49,2024-04-25 18:00:00,15.9,15.191475,none,0.0,0.0,6.5693827,18.359999,71.72242,982.4722,
55.63_37.51,2023-10-21 11:00:00,3.6,-0.9128394,none,0.0,0.0,15.856354,34.92,74.55809,988.4136,
55.63_37.51,2024-02-07 13:00:00,-6.6,-13.381563,snow,0.4,54.000004,24.951921,43.56,85.34631,956.5505,
55.63_37.51,2024-04-20 22:00:00,2.95,-0.67518926,none,0.0,0.0,9.565437,13.32,76.929924,991.13196,
55.63_37.52,2023-10-16 01:00:00,6.6,4.170121,none,0.0,0.0,9.19939,17.64,93.33159,974.759,
55.63_37.52,2023-10-21 11:00:00,3.6,-0.9128394,none,0.0,0.0,15.856354,34.92,74.55809,988.29205,
55.63_37.52,2023-10-26 02:00:00,-2.4,-7.1909904,none,0.0,1.0,12.245294,22.319998,69.87617,988.23755,
55.63_37.52,2023-10-29 12:00:00,-0.1,-4.6970987,none,0.0,10.0,15.2947035,30.960001,89.29549,975.20807,
55.63_37.52,2023-11-22 10:00:00,-7.15,-13.03769,none,0.0,3.0,16.516901,33.12,62.002277,985.4845,
55.63_37.52,2023-12-02 11:00:00,-7.2,-11.67153,none,0.0,28.0,8.905908,18.359999,86.9626,977.1942,
55.63_37.52,2023-12-31 21:00:00,-11.7,-18.949673,none,0.0,41.0,25.20257,48.239998,77.76388,974.4148,
55.63_37.52,2024-03-22 08:00:00,-5.2,-9.554003,none,0.0,38.0,10.464797,21.599998,98.49566,988.7228,
55.63_37.52,2024-04-22 20:00:00,8.15,3.5310435,none,0.0,0.0,21.120682,41.760002,71.986595,986.44806,
55.63_37.54,2023-10-22 12:00:00,3.3,-0.847929,none,0.0,0.0,13.049689,25.56,74.5043,993.63837,
55.63_37.6,2023-10-08 20:00:00,2.1,-3.743841,snow,0.3,0.0,26.368616,48.239998,91.10474,965.9107,
55.63_37.6,2023-10-22 14:00:00,3.15,-1.0496764,none,0.0,0.0,13.70839,24.48,76.96295,996.9578,
55.63_37.6,2024-01-17 16:00:00,-14.05,-20.915865,none,0.0,55.0,21.542923,29.519999,73.239075,985.13654,
55.63_37.6,2024-01-26 18:00:00,-5.15,-9.183982,snow,0.1,60.000004,7.729527,10.799999,92.68047,990.8665,
55.63_37.6,2024-02-23 23:00:00,-1.3,-8.09252,none,0.0,68.0,29.69727,43.56,92.56105,1003.5593,
55.63_37.6,2024-04-07 13:00:00,13.9,11.327213,none,0.0,0.0,14.587776,27.72,68.97328,997.4534,
55.63_37.6,2024-04-12 17:00:00,14.4,9.099134,none,0.0,0.0,28.001427,50.039997,53.228554,991.15924,
55.63_37.6,2024-04-27 15:00:00,11.8,7.9860506,none,0.0,0.0,21.382906,39.96,73.922775,998.54486,
55.63_37.61,2023-10-03 18:00:00,12.95,9.3643875,none,0.0,0.0,18.278645,32.760002,64.22086,995.443,
55.63_37.61,2023-10-07 05:00:00,0.6,-3.4423041,none,0.0,0.0,12.371645,21.599998,90.66836,986.36725,
55.63_37.61,2023-10-13 18:00:00,8.6,3.9406052,none,0.0,0.0,17.227419,31.319998,54.1597,992.28534,
55.63_37.61,2023-10-17 18:00:00,3.65,-2.2838445,rain,0.6,0.0,27.959742,47.519997,86.76835,983.54083,
55.63_37.61,2023-11-22 20:00:00,-7.2,-13.447731,none,0.0,3.0,19.137648,36.719997,64.030426,995.32086,
55.63_37.61,2023-12-11 11:00:00,-7.1,-13.826932,none,0.0,41.0,24.458813,33.48,87.31331,1000.79614,
55.63_37.61,2024-05-02 15:00:00,10.35,5.995309,none,0.0,0.0,14.471821,28.8,45.926876,995.1804,
55.63_37.61,2024-05-08 13:00:00,3.6,-2.712942,snow,0.8,0.0,25.20257,45.0,58.656887,990.83905,
55.63_37.62,2023-12-24 16:00:00,-5.25,-9.751459,none,0.0,39.0,10.829958,15.119999,92.32113,967.6108,
55.63_37.62,2024-02-25 23:00:00,-1.8,-8.759645,snow,0.1,67.0,28.082308,40.32,74.40997,1005.33374,
55.63_37.62,2024-03-27 07:00:00,-1.5,-5.8160987,none,0.0,25.0,11.503113,17.28,84.6408,993.11206,
55.63_37.62,2024-04-26 17:00:00,20.55,18.918083,none,0.0,0.0,17.81909,35.64,62.13047,987.6939,
55.63_37.65,2023-10-06 13:00:00,11.65,8.875703,rain,0.2,0.0,14.84318,32.039997,76.46324,980.4768,
55.63_37.65,2023-10-11 09:00:00,2.85,-1.330812,none,0.0,0.0,13.324863,25.56,77.19458,1002.11554,
55.63_37.65,2023-11-03 16:00:00,1.9,-1.2777898,none,0.0,0.0,5.8048253,11.5199995,78.75473,997.1896,
55.63_37.65,2023-11-13 20:00:00,4.2,-0.30853963,rain,0.4,0.0,18.844202,34.2,86.82331,977.7173,
55.63_37.65,2023-11-27 14:00:00,2.1,-4.0092773,rain,0.1,23.0,28.412645,43.199997,92.425865,962.67096,
55.63_37.65,2024-04-07 18:00:00,12.65,10.547627,none,0.0,0.0,8.825508,23.039999,67.55205,997.61145,
55.63_37.65,2024-05-05 00:00:00,8.2,4.8200274,rain,0.1,0.0,15.7908325,25.919998,83.960526,987.09717,
55.63_37.66,2023-10-01 15:00:00,16.25,12.855949,none,0.0,0.0,18.416384,33.839996,55.208893,993.53326,
55.63_37.66,2023-10-07 16:00:00,7.45,2.7521935,rain,0.6,0.0,26.141552,47.88,93.69711,966.6253,
55.63_37.66,2024-03-03 16:00:00,0.75,-3.8124108,none,0.0,61.0,13.237039,16.919998,72.13074,1011.4388,
55.63_37.66,2024-04-14 22:00:00,9.5,5.8872786,rain,0.4,0.0,21.194187,36.0,90.36164,979.9195,
55.63_37.67,2024-01-13 14:00:00,-24.35,-30.032312,none,0.0,55.0,11.304229,14.759999,73.05486,994.92926,
55.63_37.67,2024-04-10 17:00:00,19.9,19.007013,none,0.0,0.0,9.504273,18.359999,58.801163,999.3178,
55.63_37.68,2024-02-13 18:00:00,-10.5,-16.806192,none,0.0,63.0,19.734436,29.16,85.92033,1003.24286,
55.63_37.68,2024-04-14 16:00:00,12.95,9.26165,none,0.0,0.0,16.800856,30.960001,58.08331,987.5615,
55.63_37.7,2024-04-21 19:00:00,14.3,9.819604,none,0.0,0.0,23.411074,42.12,56.241833,994.9545,
55.63_37.71,2024-01-03 18:00:00,-24.75,-30.441013,none,0.0,43.0,11.384198,20.16,76.78142,994.7075,
55.63_37.71,2024-04-03 06:00:00,13.0,8.453854,none,0.0,1.0,22.682856,37.8,57.893818,974.1107,
55.63_37.73,2024-02-17 11:00:00,-5.6,-11.86602,none,0.0,73.0,21.38897,33.839996,78.76876,1009.2957,
55.63_37.73,2024-04-27 07:00:00,12.7,12.682146,none,0.0,0.0,4.829907,10.799999,96.772064,993.81067,
55.63_37.74,2023-10-09 17:00:00,4.25,-1.4526613,none,0.0,0.0,25.683926,51.12,79.68481,985.7546,
55.63_37.74,2023-11-10 15:00:00,6.4,2.2451963,none,0.0,0.0,15.646544,28.44,71.13997,1001.5184,
55.63_37.74,2024-04-17 15:00:00,10.7,8.322095,none,0.0,0.0,5.6233797,20.880001,60.222473,982.4139,
55.63_37.75,2023-10-28 18:00:00,-0.1,-5.1970124,snow,1.9,8.0,19.602652,32.760002,95.37986,976.395,
55.63_37.76,2023-10-08 19:00:00,1.85,-4.1750436,snow,0.6,0.0,27.77838,52.56,93.75156,971.39764,
55.63_37.76,2024-02-07 18:00:00,-6.35,-12.211295,snow,0.1,60.000004,19.191748,30.239998,89.79112,966.33484,
55.63_37.76,2024-03-17 18:00:00,2.25,-2.2353895,none,0.0,50.0,14.917212,22.319998,77.66324,1001.4792,
55.63_37.76,2024-04-18 12:00:00,8.85,5.930645,rain,0.1,0.0,12.783802,25.56,80.90481,991.9593,
55.63_37.77,2024-01-17 19:00:00,-14.95,-21.788206,none,0.0,56.0,21.188072,31.319998,75.26299,996.18085,
55.63_37.8,2024-01-03 08:00:00,-26.6,-32.4998,none,0.0,43.0,12.55879,22.319998,75.36139,998.2632,
55.63_37.8,2024-04-21 13:00:00,16.35,10.224036,none,0.0,0.0,35.945957,64.079994,44.886303,999.1028,
55.63_37.81,2023-11-24 19:00:00,-6.5,-10.274717,snow,0.0,8.0,4.452954,8.64,86.02506,960.1536,
55.64_37.31,2023-10-10 08:00:00,0.95,-3.8018491,none,0.0,0.0,16.075521,31.319998,80.9628,987.8377,
55.64_37.33,2023-11-16 17:00:00,-0.55,-4.5084896,snow,0.1,2.0,9.3876505,17.64,81.35419,990.6332,
55.64_37.33,2024-04-26 09:00:00,16.2,15.647705,none,0.0,0.0,9.504272,20.880001,79.499954,988.5774,
55.64_37.34,2023-12-09 17:00:00,-14.65,-21.118954,snow,0.1,39.0,19.0392,33.12,81.597,1010.4549,
55.64_37.34,2024-01-26 12:00:00,-3.45,-7.162428,snow,0.1,58.999996,6.638072,13.32,91.393326,989.8973,
55.64_37.34,2024-04-03 08:00:00,13.5,9.685026,none,0.0,1.0,21.38897,40.68,66.13078,970.4818,
55.64_37.35,2023-11-03 16:00:00,1.85,-1.376049,none,0.0,0.0,5.991594,12.24,78.17093,995.3371,
55.64_37.35,2023-11-13 17:00:00,3.2,-2.3655453,none,0.0,0.0,22.9724,45.0,76.13486,977.24963,
55.64_37.35,2023-12-22 17:00:00,-1.3,-6.8255005,none,0.0,39.0,20.87379,39.239998,91.53947,967.29456,
55.64_37.35,2024-03-12 15:00:00,2.65,-0.7925911,none,0.0,54.000004,3.5455887,15.119999,51.53279,1003.02747,
55.64_37.36,2023-10-09 23:00:00,2.0,-2.5268936,none,0.0,0.0,15.646544,33.48,81.70453,984.1088,
55.64_37.36,2023-10-21 15:00:00,3.1,-0.9218385,none,0.0,0.0,11.119281,27.359999,69.70843,998.56793,
55.64_37.36,2023-12-29 22:00:00,1.3,-2.5697317,rain,0.1,40.0,12.229406,23.039999,92.71295,979.2859,
55.64_37.36,2024-03-10 17:00:00,-7.9,-12.766735,none,0.0,55.0,9.3669195,11.5199995,63.858345,999.2168,
55.64_37.36,2024-04-08 11:00:00,13.65,10.832558,none,0.0,0.0,17.072504,36.0,72.270454,995.0957,
55.64_37.37,2024-02-08 08:00:00,-16.7,-23.285446,none,0.0,58.0,19.171478,35.28,79.915146,972.74384,
55.64_37.38,2024-02-27 23:00:00,-6.15,-12.128529,none,0.0,63.0,19.416653,33.48,82.13814,1006.2633,
55.64_37.39,2024-01-01 20:00:00,-16.55,-21.495163,none,0.0,41.0,8.089993,16.56,83.067924,994.33887,
55.64_37.4,2024-01-31 11:00:00,-3.95,-8.60095,none,0.0,55.0,12.879752,24.48,93.10223,1001.77466,
55.64_37.4,2024-03-02 21:00:00,-1.75,-6.1905723,none,0.0,58.999996,12.819235,22.319998,89.82308,1007.7278,
55.64_37.4,2024-03-25 15:00:00,4.45,1.4347205,none,0.0,28.0,2.968636,7.2,57.148712,984.841,
55.64_37.45,2024-04-13 23:00:00,5.7,3.0397787,none,0.0,0.0,8.557102,10.799999,89.136795,988.4333,
55.64_37.46,2023-10-06 11:00:00,11.0,7.9471827,rain,0.1,0.0,16.92383,40.32,80.37128,975.53656,
55.64_37.46,2023-10-13 17:00:00,9.75,5.0769873,none,0.0,0.0,17.373497,36.36,50.30612,988.114,
55.64_37.46,2024-01-06 20:00:00,-16.85,-21.459457,none,0.0,46.0,5.815978,10.440001,85.9061,988.7216,
55.64_37.46,2024-01-14 10:00:00,-18.9,-25.333853,none,0.0,52.0,17.64,29.88,81.314186,982.3768,
55.64_37.46,2024-03-25 09:00:00,0.75,-3.8432682,none,0.0,29.0,16.09969,30.239998,89.36612,980.05347,
55.64_37.49,2023-10-17 19:00:00,3.35,-2.038021,rain,0.3,0.0,24.216522,46.079998,88.62237,980.0907,
55.64_37.49,2024-02-10 07:00:00,-23.0,-27.850595,none,0.0,58.0,5.991594,9.0,81.78164,989.71924,
55.64_37.49,2024-04-12 17:00:00,13.6,8.755317,none,0.0,0.0,25.683926,49.68,58.245758,987.89294,
55.64_37.51,2023-09-29 14:00:00,21.7,20.666273,none,0.0,0.0,11.113451,22.68,53.688114,995.8908,
55.64_37.51,2024-02-06 14:00:00,-3.3,-8.934033,none,0.0,54.000004,18.775303,26.64,81.27487,966.86646,
55.64_37.51,2024-04-10 15:00:00,20.2,19.721413,none,0.0,0.0,7.8625183,18.359999,59.850586,991.8179,
55.64_37.51,2024-05-01 15:00:00,18.1,13.945307,none,0.0,0.0,17.283749,34.56,34.279255,992.6545,
55.64_37.52,2023-10-15 15:00:00,10.9,8.098883,rain,0.9,0.0,14.773164,26.28,79.539474,974.151,
55.64_37.52,2023-10-31 21:00:00,7.4,4.2100716,none,0.0,1.0,16.363178,26.64,96.30539,983.65594,
55.64_37.52,2024-04-02 18:00:00,16.85,14.680485,none,0.0,1.0,15.277749,25.919998,64.65144,972.0526,
55.64_37.52,2024-04-14 23:00:00,9.45,5.795885,rain,0.6,0.0,21.915693,37.8,92.217926,969.69385,
55.64_37.53,2023-10-09 15:00:00,4.15,-1.7331872,none,0.0,0.0,26.865265,52.92,79.95716,972.9629,
55.64_37.53,2023-11-04 17:00:00,4.85,0.08362198,rain,0.1,0.0,22.392464,37.44,91.61475,983.0172,
55.64_37.53,2023-11-08 14:00:00,7.75,4.4956665,none,0.0,0.0,12.496719,30.239998,76.89071,981.5429,
55.64_37.53,2023-11-23 08:00:00,-8.05,-13.920103,none,0.0,3.0,15.941944,29.88,60.76989,979.9796,
55.64_37.53,2024-04-10 18:00:00,16.2,15.744396,none,0.0,0.0,8.049845,12.959999,77.69513,990.917,
55.64_37.53,2024-04-16 17:00:00,12.2,8.3083315,none,0.0,0.0,12.387348,30.960001,43.852814,972.45044,
55.64_37.54,2023-11-18 13:00:00,-4.4,-8.047073,none,0.0,2.0,2.3051248,11.5199995,61.2204,998.4306,
55.64_37.54,2024-03-20 06:00:00,-7.3,-10.813946,none,0.0,42.0,2.968636,7.92,95.10009,998.87964,
55.64_37.54,2024-03-21 13:00:00,2.65,-0.17737627,none,0.0,39.0,5.0142193,6.4799995,71.96617,999.4532,
55.64_37.54,2024-04-09 18:00:00,17.65,17.906113,none,0.0,0.0,5.3517847,15.84,75.419815,989.1477,
55.64_37.54,2024-04-12 20:00:00,10.75,6.7899485,rain,0.1,0.0,20.456745,42.839996,72.97723,985.63477,
55.64_37.58,2024-01-15 22:00:00,-2.1,-8.5513735,snow,0.3,56.0,26.478973,36.719997,91.14517,969.7253,
55.64_37.58,2024-05-01 17:00:00,17.75,13.433889,none,0.0,0.0,18.079027,34.2,36.440186,996.8815,
55.64_37.59,2023-09-29 14:00:00,21.5,20.613344,none,0.0,0.0,10.990322,22.68,55.79843,1001.8505,
55.64_37.59,2023-10-18 17:00:00,4.75,1.7399273,rain,0.1,0.0,9.0,15.84,85.653625,986.8771,
55.64_37.59,2023-11-18 17:00:00,-7.3,-11.370638,none,0.0,2.0,5.154415,6.4799995,75.74356,1004.8952,
55.64_37.59,2024-03-14 10:00:00,-4.1,-9.245312,none,0.0,56.0,15.281989,23.4,84.978065,1001.7908,
55.64_37.59,2024-03-21 08:00:00,-6.4,-10.59074,none,0.0,42.0,7.127636,10.440001,83.39637,1003.6022,
55.64_37.6,2023-10-20 19:00:00,3.9,0.0048480034,none,0.0,0.0,14.88242,25.199999,89.94124,992.8546,
55.64_37.6,2023-11-16 00:00:00,-1.2,-4.5884953,none,0.0,0.0,7.10031,9.72,97.465546,986.0377,
55.64_37.6,2024-01-16 10:00:00,-3.05,-8.833139,none,0.0,56.0,20.799152,30.960001,88.3763,971.1605,
55.64_37.61,2023-11-05 16:00:00,10.35,6.0917587,none,0.0,0.0,24.098497,44.639996,80.280525,981.5267,
55.64_37.61,2024-03-22 18:00:00,0.85,-4.7002535,none,0.0,38.0,21.273533,28.44,79.76235,993.5196,
55.64_37.61,2024-03-23 11:00:00,3.35,-2.689322,rain,0.3,36.0,28.62396,39.6,88.30584,981.3284,
55.64_37.61,2024-03-27 21:00:00,-3.3,-7.649543,none,0.0,23.0,9.449572,11.879999,76.74235,995.3198,
55.64_37.62,2023-12-19 13:00:00,1.45,-4.6122236,none,0.0,48.0,27.698954,37.44,94.41055,984.34985,
55.64_37.62,2024-04-27 19:00:00,10.95,7.6691704,none,0.0,0.0,15.876775,34.92,72.2626,1002.21173,
55.64_37.63,2023-12-29 18:00:00,1.6,-3.6165993,none,0.0,41.0,21.2522,31.319998,89.436066,982.8608,
55.64_37.64,2023-10-09 14:00:00,4.4,-1.8818011,none,0.0,0.0,29.598919,50.039997,78.56943,981.328,
55.64_37.66,2023-10-17 19:00:00,3.25,-2.2684126,rain,0.2,0.0,24.993439,47.16,88.61364,985.2592,
55.64_37.66,2024-01-06 15:00:00,-15.45,-20.378382,none,0.0,47.0,8.225035,13.32,81.4796,992.2368,
55.64_37.66,2024-02-11 02:00:00,-19.15,-24.869244,none,0.0,61.0,12.7279215,16.56,82.70693,1001.54376,
55.64_37.67,2023-09-29 16:00:00,20.9,20.591633,none,0.0,0.0,6.9153743,20.16,57.700733,1003.3807,
55.64_37.67,2023-10-13 10:00:00,9.85,3.9062662,none,0.0,0.0,31.212229,54.36,67.66587,988.1076,
55.64_37.67,2023-10-31 17:00:00,6.35,3.7539682,none,0.0,2.0,10.1887,16.199999,94.29498,995.1774,
55.64_37.67,2023-12-25 17:00:00,-3.05,-8.270202,none,0.0,40.0,16.595179,24.119999,85.42222,970.5955,
55.64_37.67,2024-03-15 00:00:00,-3.9,-9.5038805,none,0.0,57.0,18.532133,26.64,84.6777,1002.1461,
55.64_37.67,2024-03-16 18:00:00,2.2,-2.5588534,none,0.0,52.0,16.171976,21.599998,74.30573,1001.3965,
55.64_37.67,2024-04-13 12:00:00,10.95,6.8990297,none,0.0,0.0,14.386494,28.8,47.456535,995.3567,
55.64_37.67,2024-05-01 00:00:00,13.7,11.025451,none,0.0,0.0,13.32,23.759998,64.60993,1006.8394,
55.64_37.68,2023-10-08 18:00:00,1.9,-4.713864,snow,0.4,0.0,31.427404,53.28,91.090836,966.1878,
55.64_37.68,2024-01-05 14:00:00,-19.9,-24.889666,none,0.0,43.0,7.491114,14.4,80.45173,994.0384,
55.64_37.68,2024-01-14 18:00:00,-13.7,-20.165144,none,0.0,55.0,19.296133,29.519999,81.05748,982.71375,
55.64_37.68,2024-01-15 09:00:00,-3.6,-10.354252,snow,0.1,56.0,27.038372,38.16,88.325905,974.1344,
55.64_37.68,2024-02-24 20:00:00,1.15,-5.5245724,none,0.0,68.0,30.676142,42.48,88.75076,1009.2134,
55.64_37.69,2023-10-04 13:00:00,16.95,11.367851,none,0.0,0.0,35.844864,59.399998,58.081184,986.65686,
55.64_37.69,2023-10-13 22:00:00,5.7,1.7839098,none,0.0,0.0,13.37825,22.68,71.77286,997.30774,
55.64_37.69,2023-10-22 16:00:00,3.1,-1.57621,none,0.0,0.0,16.87398,27.72,76.67486,1004.08405,
55.64_37.69,2023-10-26 12:00:00,0.0,-6.5296793,none,0.0,0.0,24.269983,44.28,59.29253,998.2299,
55.64_37.69,2023-12-07 19:00:00,-12.25,-17.613358,none,0.0,35.0,12.324414,18.0,82.28017,1020.69965,
55.64_37.69,2023-12-15 13:00:00,-7.0,-11.729653,snow,0.4,55.0,11.525623,21.599998,95.480515,991.707,
55.64_37.69,2024-01-05 17:00:00,-20.4,-25.305637,none,0.0,43.0,6.830519,11.879999,81.08587,994.76764,
55.64_37.69,2024-02-29 08:00:00,-2.9,-8.399492,none,0.0,65.0,18.25026,27.0,82.26334,1005.8103,
55.64_37.69,2024-03-18 10:00:00,1.15,-1.8139691,none,0.0,50.0,5.8048253,8.28,92.368996,1000.4326,
55.64_37.69,2024-03-22 19:00:00,1.05,-3.7496483,none,0.0,38.0,16.45007,25.199999,80.67923,995.3097,
55.64_37.69,2024-04-19 18:00:00,6.8,0.3380413,none,0.0,0.0,31.82082,57.6,70.71161,979.62024,
55.64_37.7,2023-10-23 09:00:00,4.9,2.7685719,rain,0.2,0.0,5.6233797,11.879999,97.5873,985.7204,
55.64_37.7,2024-03-05 11:00:00,-0.8,-6.628087,none,0.0,60.000004,22.682856,31.319998,86.31103,1008.37286,
55.64_37.71,2024-03-02 04:00:00,-5.75,-9.254057,none,0.0,64.0,4.379589,5.7599998,99.99999,1014.61676,
55.64_37.71,2024-03-17 07:00:00,-4.4,-9.042401,none,0.0,52.0,11.659777,16.919998,85.26896,1003.0753,
55.64_37.72,2023-11-07 16:00:00,9.1,5.6284685,none,0.0,0.0,17.106628,30.960001,81.499725,987.6012,
55.64_37.72,2024-01-17 02:00:00,-4.95,-11.489512,snow,0.2,56.0,24.363249,35.64,85.86349,976.92267,
55.64_37.72,2024-05-09 18:00:00,5.35,-0.9339473,none,0.0,1.0,23.565569,52.56,45.14441,999.29974,
55.64_37.73,2023-10-05 10:00:00,12.55,8.505583,none,0.0,0.0,22.79684,45.719997,69.88557,995.6974,
55.64_37.73,2024-03-17 22:00:00,1.0,-2.9212847,none,0.0,50.0,11.542478,19.44,88.092804,997.41473,
55.64_37.74,2024-01-21 18:00:00,-15.65,-20.991669,none,0.0,62.0,11.165805,16.56,85.322586,1016.5287,
55.64_37.74,2024-04-03 21:00:00,5.05,-1.1550989,none,0.0,0.0,29.01743,55.44,74.81579,981.6047,
55.64_37.75,2023-10-09 16:00:00,4.3,-1.6017704,none,0.0,0.0,27.162708,50.76,79.97899,986.76355,
55.64_37.75,2024-01-14 19:00:00,-12.1,-18.147898,none,0.0,55.0,17.057314,26.28,81.96424,986.12286,
55.64_37.75,2024-02-15 18:00:00,-10.65,-16.392414,snow,0.1,72.0,15.580141,24.84,82.501816,1018.5915,
55.64_37.75,2024-03-16 18:00:00,2.95,-1.5875449,none,0.0,52.0,15.034041,21.599998,72.555435,1005.3822,
55.64_37.75,2024-04-06 18:00:00,6.3,3.3463268,none,0.0,0.0,7.2359104,15.4800005,70.865906,1001.61884,
55.64_37.76,2023-10-07 16:00:00,8.1,3.1599274,rain,1.0,0.0,28.36471,47.519997,91.821815,971.062,
55.64_37.76,2024-04-15 15:00:00,8.15,2.391808,rain,1.2,0.0,27.416782,49.68,66.11712,982.1026,
55.64_37.77,2024-04-24 14:00:00,11.7,8.986025,none,0.0,0.0,5.495161,18.359999,48.013664,1006.08014,
55.64_37.8,2024-03-27 10:00:00,1.4,-2.3538647,none,0.0,26.0,10.195057,18.359999,84.357346,997.4163,
55.64_37.81,2024-01-10 07:00:00,-6.65,-13.0822315,none,0.0,52.0,22.7057,47.519997,87.35854,990.4767,
55.64_37.81,2024-01-31 09:00:00,-7.55,-11.64797,none,0.0,57.0,6.849467,11.879999,95.45986,1005.4148,
55.64_37.82,2023-10-22 09:00:00,0.95,-2.9948041,none,0.0,0.0,10.966713,19.44,83.68766,1002.5111,
55.64_37.82,2024-01-22 11:00:00,-10.5,-16.146107,none,0.0,61.0,15.629971,28.8,92.352455,1013.1663,
55.64_37.83,2024-03-23 03:00:00,2.1,-3.2148902,none,0.0,39.0,21.611996,32.760002,84.43961,990.2739,
55.65_37.31,2023-11-02 00:00:00,11.2,9.341034,none,0.0,0.0,12.181625,23.039999,90.181206,980.7248,
55.65_37.34,2023-10-03 10:00:00,11.25,9.001858,none,0.0,0.0,9.504273,20.880001,73.068436,998.45386,
55.65_37.34,2023-11-22 09:00:00,-7.6,-13.364288,none,0.0,3.0,15.844089,30.960001,66.304504,995.4448,
55.65_37.35,2023-11-07 10:00:00,8.7,4.9607162,rain,0.2,0.0,19.969458,36.719997,87.560905,980.3631,
55.65_37.35,2023-12-22 09:00:00,-0.9,-6.8081346,none,0.0,38.0,23.143827,41.039997,86.30048,971.61365,
55.65_37.36,2023-11-11 16:00:00,4.25,0.2858343,none,0.0,0.0,15.111424,26.64,86.5197,991.2882,
55.65_37.37,2023-10-14 20:00:00,13.15,9.53687,none,0.0,0.0,25.77962,48.239998,83.68643,980.4514,
55.65_37.37,2023-11-07 18:00:00,6.8,3.5579734,none,0.0,0.0,14.618837,25.919998,91.42243,987.0627,
55.65_37.37,2023-11-22 07:00:00,-7.9,-13.70777,none,0.0,3.0,16.1198,30.960001,67.5879,997.04285,
55.65_37.37,2024-01-13 15:00:00,-20.8,-26.131443,none,0.0,52.0,9.422101,17.64,72.15678,992.2001,
55.65_37.37,2024-02-17 19:00:00,-2.6,-8.926159,none,0.0,69.0,25.12016,44.28,90.43,997.9091,
55.65_37.37,2024-05-01 14:00:00,17.3,13.946547,none,0.0,0.0,18.374111,37.44,42.558014,1000.6906,
55.65_37.39,2023-10-04 18:00:00,12.35,8.797289,none,0.0,0.0,23.795427,44.639996,83.59246,989.05493,
55.65_37.39,2023-11-10 18:00:00,4.4,0.8529949,none,0.0,0.0,12.43434,20.880001,86.534935,996.84,
55.65_37.39,2023-11-16 18:00:00,-0.6,-4.941244,none,0.0,1.0,11.885453,22.319998,80.74244,991.7375,
55.65_37.39,2024-01-19 08:00:00,-6.05,-10.851992,none,0.0,61.0,12.413477,20.519999,92.98361,976.54333,
55.65_37.39,2024-03-28 17:00:00,4.3,0.23971462,none,0.0,21.0,11.384199,20.16,64.06437,992.13434,
55.65_37.39,2024-05-07 08:00:00,1.9,-3.1362078,snow,0.1,0.0,18.35647,34.92,77.606705,984.1485,
55.65_37.4,2024-04-10 17:00:00,18.55,18.673168,none,0.0,0.0,6.379216,17.28,71.50711,998.4656,
55.65_37.41,2023-12-14 11:00:00,-11.35,-17.709248,none,0.0,44.0,19.513195,35.64,82.40535,999.6643,
55.65_37.41,2023-12-30 18:00:00,1.3,-3.0447803,none,0.0,41.0,15.273505,29.88,91.37961,977.7566,
55.65_37.41,2024-04-12 21:00:00,9.9,5.238886,none,0.0,0.0,23.185787,42.12,70.08476,991.1338,
55.65_37.42,2024-03-04 09:00:00,-6.4,-11.159745,none,0.0,57.0,10.883676,18.0,81.783455,1003.86865,
55.65_37.44,2023-11-07 20:00:00,6.6,3.1701307,none,0.0,0.0,15.683776,27.72,91.727196,984.2475,
55.65_37.45,2023-10-31 13:00:00,9.8,7.5297976,none,0.0,2.0,10.383987,22.68,83.003006,990.6314,
55.65_37.45,2024-04-03 13:00:00,11.75,5.151249,none,0.0,0.0,35.772484,69.84,59.845963,968.6354,
55.65_37.47,2023-11-09 18:00:00,5.25,1.7619095,none,0.0,0.0,13.363711,24.48,87.852455,988.0105,
55.65_37.47,2024-03-04 14:00:00,0.65,-3.038435,none,0.0,57.0,6.28713,14.04,66.38721,1001.4992,
55.65_37.47,2024-03-17 15:00:00,4.55,0.6095476,none,0.0,47.0,11.183201,24.48,66.03306,992.896,
55.65_37.48,2023-11-26 21:00:00,-5.5,-11.722391,snow,0.2,12.0,22.288042,40.68,90.553085,976.25305,
55.65_37.48,2024-01-09 21:00:00,-5.85,-11.885486,snow,0.3,48.0,20.418695,37.44,86.76503,986.4239,
55.65_37.48,2024-01-26 17:00:00,-5.05,-8.9936905,snow,0.1,64.0,7.145796,14.04,92.33356,989.3538,
55.65_37.49,2024-05-08 15:00:00,3.85,-2.0628011,snow,0.9,0.0,23.358423,49.32,62.322678,989.44916,
55.65_37.5,2023-10-31 14:00:00,10.05,7.6360874,none,0.0,2.0,11.043261,20.16,80.51417,989.03064,
55.65_37.5,2023-12-02 15:00:00,-5.8,-9.636551,none,0.0,28.0,5.8603754,12.599999,91.933105,983.85364,
55.65_37.5,2024-02-06 22:00:00,-9.4,-14.831823,none,0.0,60.000004,14.408997,18.72,88.124435,969.96747,
55.65_37.5,2024-03-02 17:00:00,-1.5,-5.8669224,none,0.0,66.0,12.144331,15.119999,86.88293,1004.1819,
55.65_37.51,2023-10-09 15:00:00,4.25,-1.9152842,none,0.0,0.0,28.856194,49.32,79.68481,974.9173,
55.65_37.51,2023-10-13 19:00:00,7.9,3.2727652,none,0.0,0.0,17.377226,28.08,58.25316,987.6904,
55.65_37.51,2024-03-26 14:00:00,2.75,-0.25956345,none,0.0,32.0,6.12,10.440001,82.40117,985.6271,
55.65_37.51,2024-04-10 21:00:00,14.05,12.551605,none,0.0,0.0,11.681987,18.359999,79.98714,992.42883,
55.65_37.52,2023-11-26 17:00:00,-5.4,-10.546568,none,0.0,10.0,14.77755,23.4,88.49837,976.5754,
55.65_37.52,2023-12-08 19:00:00,-14.6,-21.244524,none,0.0,35.0,20.275385,27.72,81.9472,1008.7211,
55.65_37.52,2024-03-03 21:00:00,-5.95,-11.110632,none,0.0,65.0,13.779114,18.0,80.579765,1003.88934,
55.65_37.52,2024-03-04 15:00:00,0.5,-3.0889425,none,0.0,65.0,6.193674,10.440001,71.008766,999.3558,
55.65_37.52,2024-04-09 12:00:00,18.45,16.399775,rain,0.1,0.0,14.654254,28.08,58.840965,991.239,
55.65_37.53,2023-10-30 20:00:00,5.85,1.9135752,none,0.0,8.0,18.35647,31.319998,92.96798,978.27814,
55.65_37.53,2024-02-14 18:00:00,-9.4,-16.240688,none,0.0,58.999996,23.266697,30.239998,76.89985,999.40424,
55.65_37.53,2024-03-11 17:00:00,0.65,-5.225068,none,0.0,62.0,20.721119,28.44,62.719654,994.8701,
55.65_37.53,2024-04-18 19:00:00,6.2,1.5903754,rain,0.4,0.0,23.188583,39.239998,91.70168,978.7127,
55.65_37.54,2023-10-07 07:00:00,1.35,-3.127315,none,0.0,0.0,14.618837,24.119999,81.31711,978.84534,
55.65_37.54,2023-11-08 17:00:00,6.15,3.1427116,none,0.0,0.0,10.464797,16.56,84.30847,986.0686,
55.65_37.54,2024-02-29 20:00:00,-0.2,-4.5885735,none,0.0,68.0,13.397612,19.8,86.693474,999.27594,
55.65_37.55,2024-02-21 11:00:00,-7.2,-13.185309,none,0.0,68.0,18.782204,28.08,81.030304,996.4844,
55.65_37.56,2023-10-14 11:00:00,8.2,2.648653,rain,0.4,0.0,30.158459,50.76,81.94687,982.8136,
55.65_37.56,2023-10-17 20:00:00,3.15,-2.2811267,snow,0.8,0.0,23.933907,42.48,86.71808,978.1738,
55.65_37.56,2024-02-09 18:00:00,-11.4,-17.872341,none,0.0,65.0,19.523155,26.28,70.193275,980.92285,
55.65_37.56,2024-03-18 19:00:00,0.95,-2.93045,none,0.0,52.999996,11.212135,17.64,88.08821,993.46155,
55.65_37.56,2024-03-27 14:00:00,3.65,0.2729416,none,0.0,29.0,7.7879906,9.72,72.15978,991.1887,
55.65_37.56,2024-04-11 11:00:00,15.95,12.333298,none,0.0,0.0,22.915916,42.12,63.163067,992.0575,
55.65_37.57,2023-10-04 21:00:00,11.8,7.9365263,none,0.0,0.0,23.000591,40.32,77.7992,984.6129,
55.65_37.57,2023-11-25 16:00:00,-6.4,-10.117722,none,0.0,10.0,4.2136917,16.56,87.04495,970.30206,
55.65_37.57,2024-01-17 00:00:00,-5.1,-10.260212,none,0.0,58.999996,15.072783,21.96,88.52572,964.1105,
55.65_37.57,2024-02-07 19:00:00,-6.65,-12.210926,snow,0.3,64.0,17.068707,28.08,91.16882,953.3793,
55.65_37.58,2023-10-25 12:00:00,0.2,-3.8156173,none,0.0,0.0,6.6087217,16.919998,55.58308,995.1082,
55.65_37.58,2024-01-19 14:00:00,-6.0,-10.838913,none,0.0,62.0,11.631956,18.72,81.520874,977.5717,
55.65_37.58,2024-04-27 07:00:00,12.35,11.929907,none,0.0,0.0,7.145796,14.04,97.72452,988.11926,
55.65_37.6,2023-10-03 15:00:00,15.1,10.731976,none,0.0,0.0,22.26477,38.16,52.496616,993.60126,
55.65_37.6,2023-10-17 15:00:00,4.9,-1.3404102,rain,0.1,0.0,27.551172,51.48,67.328674,980.28485,
55.65_37.6,2024-04-01 18:00:00,16.65,12.777607,none,0.0,3.0,21.862406,37.079998,54.190895,984.5651,
55.65_37.6,2024-04-03 09:00:00,15.45,10.674919,none,0.0,0.0,28.137634,49.32,58.703762,970.81964,
55.65_37.6,2024-04-11 13:00:00,15.7,11.988459,none,0.0,0.0,19.376562,35.64,54.31516,996.3069,
55.65_37.61,2023-12-08 15:00:00,-14.25,-20.76953,none,0.0,35.0,19.386593,28.08,78.96477,1013.4949,
55.65_37.61,2024-01-05 17:00:00,-22.0,-26.971348,none,0.0,42.0,6.924738,10.08,79.04506,989.238,
55.65_37.61,2024-04-03 12:00:00,12.8,5.6596212,none,0.0,0.0,40.044235,69.84,57.44107,971.58624,
55.65_37.61,2024-04-09 14:00:00,17.3,16.695827,rain,0.5,0.0,9.178235,27.359999,72.69415,994.16187,
55.65_37.61,2024-04-17 13:00:00,12.05,8.675679,none,0.0,0.0,12.261158,25.919998,54.49496,975.6515,
55.65_37.62,2024-03-28 13:00:00,5.5,2.1273494,none,0.0,27.000002,9.779817,17.28,64.10901,993.26385,
55.65_37.62,2024-04-11 15:00:00,15.9,11.834446,none,0.0,0.0,18.193361,35.28,45.232193,997.5152,
55.65_37.62,2024-05-09 15:00:00,3.7,-3.9048872,snow,0.1,1.0,31.255795,56.16,43.464252,996.7604,
55.65_37.65,2024-02-29 00:00:00,-2.9,-9.126249,none,0.0,70.0,23.34455,31.68,83.20486,1003.71265,
55.65_37.66,2023-10-27 05:00:00,-2.5,-8.449629,snow,0.2,2.0,21.749481,36.36,83.255974,987.4338,
55.65_37.66,2024-01-06 09:00:00,-19.4,-24.23855,none,0.0,47.0,6.6087217,9.72,81.95226,992.5248,
55.65_37.66,2024-01-22 14:00:00,-11.35,-18.213282,none,0.0,61.0,23.507753,36.0,91.18996,1011.3957,
55.65_37.66,2024-04-21 23:00:00,14.15,9.328323,none,0.0,0.0,28.291512,47.88,63.39814,991.4906,
55.65_37.69,2023-09-30 00:00:00,13.2,12.3409,none,0.0,0.0,9.178235,15.4800005,89.73193,1005.69684,
55.65_37.7,2023-09-29 22:00:00,14.65,13.709684,none,0.0,0.0,10.931203,18.359999,84.69287,1005.8478,
55.65_37.7,2023-12-30 17:00:00,1.7,-3.4729972,none,0.0,46.0,21.382906,32.760002,91.406586,986.94165,
55.65_37.7,2024-01-15 08:00:00,-3.6,-10.354252,snow,0.1,56.0,27.038372,38.16,88.325905,978.57404,
55.65_37.7,2024-03-23 15:00:00,3.5,-1.9581375,rain,0.3,43.0,24.993437,38.519997,89.2708,984.31866,
55.65_37.71,2023-10-03 16:00:00,15.5,11.181886,none,0.0,0.0,21.479664,36.0,50.11089,1002.1452,
55.65_37.71,2023-12-20 15:00:00,1.95,-3.3119745,none,0.0,44.0,22.322903,34.2,91.75351,984.02893,
55.65_37.71,2024-04-27 06:00:00,12.2,11.649803,none,0.0,0.0,7.928177,14.4,98.36806,998.0363,
55.65_37.72,2023-11-02 07:00:00,10.1,7.4965677,rain,1.2,0.0,16.62249,27.0,94.7766,987.4628,
55.65_37.72,2023-11-27 17:00:00,1.45,-5.013619,rain,0.1,21.0,29.69727,46.079998,89.748795,969.49457,
55.65_37.72,2023-12-27 20:00:00,-3.7,-8.354544,none,0.0,41.0,12.904882,20.16,91.3761,988.42267,
55.65_37.72,2024-01-19 09:00:00,-6.25,-11.057999,none,0.0,64.0,12.096214,19.8,90.49593,984.53864,
55.65_37.72,2024-02-28 11:00:00,-0.9,-6.7139997,none,0.0,71.0,20.898611,31.68,74.57471,1012.17993,
55.65_37.72,2024-04-19 19:00:00,5.15,-2.1011844,rain,0.1,0.0,35.58359,62.279995,71.40781,984.018,
55.65_37.73,2023-11-03 11:00:00,3.05,0.42722034,none,0.0,0.0,3.4152596,12.599999,80.37706,1001.9639,
55.65_37.73,2023-11-15 07:00:00,1.4,-1.2350554,none,0.0,0.0,4.198285,7.5599995,94.74951,987.1706,
55.65_37.73,2024-04-01 09:00:00,14.1,10.875618,none,0.0,17.0,18.35647,33.839996,66.25995,996.3973,
55.65_37.73,2024-04-26 16:00:00,20.6,18.687246,none,0.0,0.0,19.164719,40.32,60.93508,995.0014,
55.65_37.74,2023-09-28 17:00:00,19.25,17.130932,none,0.0,0.0,15.124284,31.319998,55.973255,1010.76776,
55.65_37.74,2023-10-18 18:00:00,5.0,1.8857846,none,0.0,0.0,10.931203,17.28,90.025925,992.68176,
55.65_37.74,2024-01-11 03:00:00,-5.1,-11.980058,snow,0.5,58.0,27.0024,45.36,89.8928,981.9621,
55.65_37.74,2024-02-26 11:00:00,-3.35,-9.5766535,none,0.0,73.0,22.35481,38.519997,77.32503,1012.9141,
55.65_37.75,2023-11-01 21:00:00,11.35,8.544735,none,0.0,0.0,15.484185,25.919998,79.33405,989.67615,
55.65_37.75,2023-12-13 23:00:00,-11.9,-18.484219,snow,0.1,45.0,20.774214,31.319998,81.32348,1008.21185,
55.65_37.75,2024-03-30 12:00:00,9.85,6.1242456,none,0.0,16.0,17.418196,33.48,66.95762,996.8958,
55.65_37.75,2024-04-22 09:00:00,16.2,13.24346,none,0.0,0.0,21.575987,39.6,69.43236,994.72565,
55.65_37.76,2023-10-10 17:00:00,3.2,-1.8224475,none,0.0,0.0,17.566378,31.319998,66.95642,1000.05023,
55.65_37.76,2024-03-14 20:00:00,-1.55,-6.724368,none,0.0,58.999996,16.862455,24.119999,80.909355,1007.7245,
55.65_37.77,2023-12-31 17:00:00,-4.4,-10.778257,snow,0.1,44.0,23.770906,42.12,87.24753,985.21747,
55.65_37.77,2024-03-08 04:00:00,-9.0,-14.493189,none,0.0,61.0,15.034041,21.24,88.16261,1002.3459,
55.65_37.77,2024-04-26 12:00:00,19.7,19.040249,none,0.0,0.0,14.05845,27.72,70.79755,994.1995,
55.65_37.79,2023-11-01 14:00:00,14.65,12.157682,none,0.0,0.0,19.319628,45.36,79.01614,988.7575,
55.65_37.83,2023-11-11 18:00:00,3.3,-0.96137667,none,0.0,0.0,17.026896,28.44,91.84007,997.83966,
55.65_37.84,2023-10-30 20:00:00,5.0,1.1562862,rain,2.6,9.0,16.80857,28.44,94.234436,988.6128,
55.65_37.84,2023-11-07 17:00:00,8.6,5.0117073,none,0.0,0.0,17.294992,31.68,81.99901,988.2789,
55.66_37.4,2023-10-06 20:00:00,4.9,-1.5585752,rain,0.1,0.0,30.532158,59.76,74.52032,987.23425,
55.66_37.4,2024-03-08 10:00:00,-4.1,-9.733929,none,0.0,58.0,18.844202,33.48,86.94567,993.48157,
55.66_37.4,2024-04-24 19:00:00,10.95,7.878393,none,0.0,0.0,10.315115,21.599998,59.021324,996.0814,
55.66_37.41,2023-10-04 11:00:00,15.45,10.316078,none,0.0,0.0,31.883888,60.120003,61.779602,984.50397,
55.66_37.41,2023-11-26 15:00:00,-5.45,-10.471739,none,0.0,10.0,14.021525,26.64,89.86448,980.6189,
55.66_37.42,2023-11-03 19:00:00,-0.05,-3.490715,none,0.0,0.0,7.4128532,12.24,89.29966,996.3147,
55.66_37.42,2023-11-26 11:00:00,-5.75,-10.340569,none,0.0,10.0,10.931203,20.880001,90.53409,980.8121,
55.66_37.42,2024-01-03 00:00:00,-24.05,-30.376074,none,0.0,42.0,15.876775,27.359999,78.694046,992.0858,
55.66_37.42,2024-04-02 18:00:00,18.65,16.697926,none,0.0,2.0,14.480773,25.56,59.08602,978.748,
55.66_37.43,2023-10-24 15:00:00,0.55,-3.7947307,none,0.0,0.0,12.6462,24.84,79.129135,989.7963,
55.66_37.43,2023-11-15 23:00:00,-1.45,-4.8240433,none,0.0,0.0,6.763786,10.08,97.46036,982.2503,
55.66_37.43,2024-02-11 13:00:00,-9.95,-15.608204,none,0.0,58.999996,15.0038395,27.0,78.05896,995.4764,
55.66_37.43,2024-03-01 07:00:00,-0.5,-3.3472836,none,0.0,64.0,4.0249224,9.72,97.1246,1001.94775,
55.66_37.44,2023-10-05 19:00:00,10.55,6.935049,none,0.0,0.0,15.03835,26.64,63.898983,988.5236,
55.66_37.44,2024-03-22 20:00:00,0.3,-4.886512,none,0.0,39.0,19.008547,32.039997,84.5379,988.408,
55.66_37.47,2023-10-02 16:00:00,13.15,10.925451,none,0.0,0.0,8.78872,22.68,62.952152,994.373,
55.66_37.47,2023-10-05 14:00:00,13.85,9.52409,none,0.0,0.0,21.38897,43.56,55.351265,989.4954,
55.66_37.48,2023-10-23 19:00:00,4.55,1.0793648,rain,0.7,0.0,14.044615,24.119999,96.22139,978.5681,
55.66_37.48,2024-01-04 18:00:00,-25.45,-30.670506,none,0.0,45.0,8.049845,12.599999,75.94053,985.9653,
55.66_37.48,2024-02-06 12:00:00,-3.75,-9.502808,none,0.0,60.000004,19.483284,25.919998,83.0955,970.1487,
55.66_37.48,2024-02-24 19:00:00,1.05,-5.5020027,none,0.0,72.0,29.784426,42.12,89.06593,1004.26294,
55.66_37.48,2024-03-30 16:00:00,11.1,7.283987,none,0.0,19.0,14.529915,27.0,55.610455,989.28406,
55.66_37.48,2024-04-02 13:00:00,20.4,19.0133,none,0.0,5.0,15.328561,29.16,61.28883,981.3041,
55.66_37.48,2024-04-10 17:00:00,19.85,18.965778,none,0.0,0.0,9.659814,18.72,59.374413,998.2702,
55.66_37.48,2024-04-18 16:00:00,8.9,4.9884443,rain,0.1,0.0,18.331741,33.839996,76.01054,984.0072,
55.66_37.48,2024-04-22 17:00:00,11.35,5.4278297,none,0.0,0.0,28.910038,51.12,54.502968,990.8269,
55.66_37.49,2023-10-03 09:00:00,9.15,6.6071663,none,0.0,0.0,10.661107,20.880001,80.94584,994.47986,
55.66_37.49,2023-10-27 08:00:00,-2.15,-7.7105436,snow,0.1,3.0,19.469975,37.44,84.2467,981.56683,
55.66_37.51,2023-11-03 23:00:00,-0.2,-4.097061,none,0.0,0.0,10.685391,24.119999,91.27733,992.74274,
55.66_37.51,2023-11-09 23:00:00,4.8,1.3164229,none,0.0,0.0,12.371645,20.16,85.96354,988.57544,
55.66_37.51,2024-05-05 23:00:00,2.6,-0.6808057,none,0.0,0.0,8.905908,11.159999,88.556694,985.57825,
55.66_37.52,2023-09-30 20:00:00,16.15,13.805618,none,0.0,0.0,14.654254,25.199999,63.421654,990.68146,
55.66_37.52,2023-10-04 10:00:00,14.6,9.77274,none,0.0,0.0,29.957972,50.399998,65.6956,982.35443,
55.66_37.52,2024-02-07 19:00:00,-6.45,-12.668181,snow,0.1,63.0,21.575987,29.519999,89.78291,954.66345,
55.66_37.52,2024-04-06 16:00:00,7.9,3.8204594,none,0.0,1.0,14.332341,27.0,61.052414,990.6638,
55.66_37.52,2024-04-07 13:00:00,14.7,11.987587,rain,0.1,0.0,15.192682,29.519999,64.611984,993.4311,
55.66_37.53,2023-10-14 15:00:00,12.9,9.387148,none,0.0,0.0,23.617756,44.28,80.904015,979.76245,
55.66_37.53,2024-01-01 21:00:00,-18.1,-22.761536,none,0.0,46.0,5.692099,10.799999,81.78722,989.9982,
55.66_37.53,2024-04-30 22:00:00,15.0,12.334484,none,0.0,0.0,13.339445,21.24,59.604603,999.32104,
55.66_37.54,2024-02-17 19:00:00,-2.65,-9.184582,none,0.0,75.0,26.427528,36.36,89.75057,994.27374,
55.66_37.54,2024-03-04 17:00:00,-0.55,-4.0318575,none,0.0,65.0,6.0347,9.72,80.74961,998.5282,
55.66_37.54,2024-03-15 21:00:00,-0.8,-6.0967073,none,0.0,58.999996,19.486609,26.64,89.56726,996.4633,
55.66_37.54,2024-04-25 15:00:00,19.55,16.580456,none,0.0,0.0,17.654688,31.319998,48.840435,984.8746,
55.66_37.55,2024-02-22 17:00:00,-3.55,-9.467528,none,0.0,74.0,21.30093,29.16,87.99662,994.2007,
55.66_37.55,2024-03-15 17:00:00,2.65,-2.458938,none,0.0,61.0,19.242327,25.56,75.763245,996.3928,
55.66_37.55,2024-03-18 11:00:00,1.25,-1.8712633,none,0.0,54.000004,6.9899354,10.440001,92.37501,992.9468,
55.66_37.55,2024-04-17 23:00:00,5.45,2.0548835,none,0.0,0.0,9.693296,15.4800005,72.50363,978.3988,
55.66_37.56,2023-11-22 18:00:00,-7.9,-14.656763,none,0.0,3.0,22.26477,38.88,63.083496,994.60266,
55.66_37.57,2023-10-11 12:00:00,5.9,0.44394588,none,0.0,0.0,21.67487,39.239998,60.56128,996.70557,
55.66_37.57,2024-04-06 12:00:00,4.7,0.46574926,none,0.0,1.0,14.205182,26.28,70.291374,993.95734,
55.66_37.57,2024-04-16 12:00:00,10.4,5.184223,none,0.0,0.0,22.180206,40.68,51.777115,977.124,
55.66_37.58,2023-10-13 16:00:00,11.1,5.731388,none,0.0,0.0,21.986542,43.92,45.47759,990.09247,
55.66_37.58,2023-10-19 18:00:00,4.6,2.5548425,rain,0.3,0.0,3.6,7.5599995,92.57254,986.4865,
55.66_37.58,2023-12-05 21:00:00,-17.2,-22.539955,none,0.0,35.0,11.090103,14.04,95.47509,1001.45917,
55.66_37.58,2024-03-16 01:00:00,-3.2,-8.515673,none,0.0,61.0,17.477621,23.759998,88.36257,999.35345,
55.66_37.58,2024-04-20 04:00:00,0.65,-4.321078,none,0.0,0.0,16.80857,30.239998,77.69097,988.88776,
55.66_37.59,2023-10-04 18:00:00,13.35,9.716887,none,0.0,0.0,26.729847,47.16,84.830666,986.5214,
55.66_37.6,2023-10-21 18:00:00,1.5,-2.1762397,none,0.0,0.0,8.287822,18.0,75.28476,1002.6832,
55.66_37.6,2023-11-15 14:00:00,3.5,0.37933493,none,0.0,0.0,7.42159,14.759999,81.02458,982.5279,
55.66_37.6,2024-02-26 12:00:00,-2.8,-9.557841,none,0.0,72.0,26.341572,37.079998,77.12158,1003.4148,
55.66_37.61,2023-11-03 08:00:00,0.0,-3.6637628,none,0.0,0.0,9.085988,14.759999,89.96194,994.1014,
55.66_37.61,2023-11-05 21:00:00,9.2,5.672716,rain,0.1,0.0,20.608229,35.64,92.20309,979.4041,
55.66_37.61,2023-11-11 07:00:00,2.7,-1.73978,none,0.0,0.0,17.654686,29.519999,92.46145,994.504,
55.66_37.61,2023-11-20 07:00:00,-7.2,-12.186754,none,0.0,2.0,11.090103,20.16,71.083984,996.4522,
55.66_37.61,2024-02-20 13:00:00,-8.0,-13.477523,none,0.0,76.0,15.463244,22.68,88.25731,1005.88403,
55.66_37.61,2024-04-30 18:00:00,19.55,15.858011,none,0.0,0.0,19.959719,34.92,43.946453,1004.3616,
55.66_37.62,2023-10-27 16:00:00,-1.4,-6.4296365,snow,1.2,4.0,17.518356,32.399998,92.55511,982.25116,
55.66_37.62,2023-11-18 13:00:00,-4.5,-8.135851,none,0.0,2.0,2.3051248,11.159999,62.421246,1003.3596,
55.66_37.62,2023-12-22 20:00:00,0.2,-5.619341,none,0.0,43.0,24.606731,36.36,93.669106,966.87317,
55.66_37.62,2024-02-26 13:00:00,-2.35,-9.08599,none,0.0,72.0,26.368616,37.079998,76.02987,1004.5491,
55.66_37.63,2024-03-12 16:00:00,1.7,-1.8120356,none,0.0,63.0,6.28713,10.440001,68.901764,1004.3153,
55.66_37.63,2024-04-22 20:00:00,8.4,3.535437,none,0.0,0.0,22.870626,41.039997,71.026306,994.99005,
55.66_37.63,2024-04-27 20:00:00,9.5,7.5186586,none,0.0,0.0,7.2,20.16,80.43763,1002.3557,
55.66_37.63,2024-05-04 21:00:00,9.3,5.510845,rain,0.1,0.0,15.496736,26.64,66.83913,988.0338,
55.66_37.64,2023-10-16 23:00:00,5.3,1.3736095,rain,0.2,0.0,17.10284,29.16,91.00289,979.3232,
55.66_37.64,2023-11-09 19:00:00,5.35,1.871501,none,0.0,0.0,13.363711,24.84,87.55253,989.2781,
55.66_37.64,2024-02-01 20:00:00,-1.2,-6.4018893,none,0.0,60.000004,18.388212,27.359999,88.87271,979.10736,
55.66_37.64,2024-03-26 12:00:00,2.1,-1.1706295,none,0.0,33.0,7.5942082,12.959999,84.43961,990.4472,
55.66_37.65,2023-11-23 21:00:00,-8.0,-13.929162,none,0.0,4.0,17.771753,38.519997,78.381256,968.32855,
55.66_37.65,2023-12-29 21:00:00,1.5,-3.1272984,none,0.0,44.0,17.31746,26.64,90.73381,981.9273,
55.66_37.7,2024-03-08 21:00:00,-4.4,-10.326277,none,0.0,65.0,20.497883,28.08,85.595924,998.17975,
55.66_37.73,2023-11-13 18:00:00,3.75,-1.9216561,none,0.0,0.0,24.26998,42.12,76.228065,983.6664,
55.66_37.73,2024-01-16 10:00:00,-3.0,-8.30697,none,0.0,61.0,17.651016,27.72,89.04926,977.3757,
55.66_37.73,2024-01-24 10:00:00,-1.7,-7.35927,none,0.0,65.0,21.479664,32.399998,91.853,999.181,
55.66_37.73,2024-04-07 17:00:00,14.15,11.39031,none,0.0,1.0,12.224107,24.119999,58.3826,1002.42426,
55.66_37.74,2023-10-16 23:00:00,5.3,1.294631,rain,0.1,0.0,17.174677,29.88,88.790535,984.79126,
55.66_37.74,2023-10-30 15:00:00,2.7,-0.9297354,none,0.0,12.0,12.57426,23.4,95.14237,990.3063,
55.66_37.74,2024-01-07 17:00:00,-22.95,-28.721252,none,0.0,52.0,12.181625,20.519999,76.07081,1012.47986,
55.66_37.74,2024-02-03 07:00:00,-9.25,-15.363762,none,0.0,61.0,19.110542,32.760002,87.44096,982.9449,
55.66_37.74,2024-04-09 15:00:00,18.35,17.612803,none,0.0,0.0,7.69592,16.919998,63.282654,1000.6232,
55.66_37.74,2024-04-20 20:00:00,5.45,1.9853315,none,0.0,0.0,9.511088,11.879999,69.431404,1004.75476,
55.66_37.75,2023-10-05 07:00:00,9.2,5.916786,none,0.0,0.0,17.57744,31.319998,87.3081,997.5644,
55.66_37.75,2023-10-06 16:00:00,7.65,1.3756423,rain,0.5,0.0,35.864746,61.920002,88.070335,987.6308,
55.66_37.75,2023-10-06 22:00:00,5.2,-1.2261815,rain,0.1,0.0,30.421598,56.16,73.50823,992.67596,
55.66_37.75,2023-11-11 16:00:00,4.35,0.5025897,none,0.0,0.0,14.494192,24.119999,86.83824,1000.753,
55.66_37.75,2023-11-16 07:00:00,0.75,-2.2950947,none,0.0,0.0,5.634891,10.08,90.34943,992.848,
55.66_37.75,2024-03-10 17:00:00,-4.6,-9.217016,none,0.0,64.0,9.007196,19.8,62.64426,1006.51025,
55.66_37.76,2023-09-29 12:00:00,19.35,19.504936,none,0.0,0.0,5.8048253,16.199999,67.36236,1009.27423,
55.66_37.76,2024-01-16 13:00:00,-3.1,-8.359409,none,0.0,58.0,17.015474,28.44,87.04729,977.2475,
55.66_37.76,2024-03-21 09:00:00,-4.2,-7.6985807,none,0.0,44.0,4.0249224,9.36,85.945915,1010.86633,
55.66_37.76,2024-04-09 11:00:00,16.05,15.274796,none,0.0,0.0,6.6185193,18.0,70.09977,1003.3358,
55.66_37.76,2024-04-22 09:00:00,15.4,12.799088,none,0.0,0.0,20.799152,38.88,77.06135,994.4707,
55.66_37.77,2024-01-29 09:00:00,-6.3,-11.656756,none,0.0,61.0,15.575981,23.4,87.73312,1020.09863,
55.66_37.78,2023-11-16 18:00:00,-0.2,-4.482922,none,0.0,1.0,11.570515,20.16,79.01387,997.2774,
55.66_37.78,2024-01-11 13:00:00,-4.0,-11.707968,snow,0.1,57.0,32.343952,49.32,79.63177,976.38525,
55.66_37.78,2024-03-19 11:00:00,0.95,-3.297887,none,0.0,49.0,14.241629,22.68,91.3559,1009.259,
55.66_37.78,2024-04-24 18:00:00,11.5,8.984999,none,0.0,0.0,7.0911775,16.199999,58.743313,1002.05396,
55.66_37.79,2024-01-20 20:00:00,-12.1,-17.40586,none,0.0,63.0,12.413477,19.44,89.66715,1001.247,
55.66_37.8,2024-02-26 22:00:00,-5.95,-11.902439,none,0.0,69.0,18.751125,29.519999,75.68684,1009.9291,
55.66_37.81,2024-04-02 21:00:00,15.25,12.347492,none,0.0,3.0,18.204042,30.599998,66.505684,981.9345,
55.66_37.82,2023-12-12 18:00:00,-7.7,-14.85235,snow,0.2,43.0,26.729847,42.12,83.55689,1001.99097,
55.66_37.82,2024-01-19 08:00:00,-6.25,-11.057999,none,0.0,65.0,12.096214,19.8,90.49593,981.40314,
55.66_37.82,2024-01-20 09:00:00,-7.95,-12.806522,none,0.0,64.0,11.177405,16.56,87.570946,995.2984,
55.66_37.83,2024-02-08 06:00:00,-16.5,-23.620695,none,0.0,63.0,22.91026,36.36,80.2892,973.24664,
55.66_37.83,2024-03-31 16:00:00,15.5,12.902168,none,0.0,12.0,7.9932976,16.56,46.080235,998.4863,
55.66_37.84,2023-10-05 09:00:00,12.1,7.820384,none,0.0,0.0,24.826952,45.0,73.22253,993.88995,
55.66_37.84,2023-10-09 19:00:00,3.7,-1.8981171,rain,0.1,0.0,24.57511,42.48,80.76076,986.82043,
55.66_37.84,2023-10-11 04:00:00,-0.4,-4.5912523,none,0.0,0.0,11.726277,19.08,85.716385,1002.08405,
55.66_37.84,2023-11-13 16:00:00,3.15,-2.8979208,none,0.0,0.0,26.178707,46.44,75.8493,980.4482,
55.66_37.84,2024-03-18 21:00:00,0.45,-3.4609094,none,0.0,50.0,10.495713,14.759999,85.180145,1002.52625,
55.67_37.17,2023-10-12 21:00:00,10.45,6.515252,rain,0.1,0.0,23.664352,45.36,85.664734,975.97687,
55.67_37.17,2024-03-30 18:00:00,8.85,5.0767603,none,0.0,15.000001,13.684735,27.0,62.609173,988.26355,
55.67_37.42,2023-12-23 18:00:00,-0.25,-3.632224,none,0.0,39.0,7.5942073,15.4800005,94.67974,964.76166,
55.67_37.42,2024-01-03 01:00:00,-24.35,-30.565987,none,0.0,42.0,15.077082,27.0,78.642,991.55176,
55.67_37.42,2024-04-01 08:00:00,9.65,6.1037664,none,0.0,10.0,18.888851,33.48,82.98454,989.0814,
55.67_37.42,2024-04-14 14:00:00,13.2,9.67042,none,0.0,0.0,15.856354,31.319998,57.542152,985.15936,
55.67_37.43,2023-10-13 05:00:00,7.95,3.2610483,none,0.0,0.0,23.806318,42.839996,81.629555,980.6012,
55.67_37.43,2023-10-14 00:00:00,5.35,1.5367212,none,0.0,0.0,13.479583,23.4,77.32182,992.4696,
55.67_37.43,2024-01-09 16:00:00,-8.5,-14.200872,snow,0.1,48.0,16.641972,29.519999,87.17106,991.1645,
55.67_37.43,2024-02-01 07:00:00,0.1,-4.2683134,none,0.0,56.0,14.707222,25.56,94.69466,985.92505,
55.67_37.43,2024-02-06 16:00:00,-4.65,-9.440393,none,0.0,56.0,12.074766,24.48,81.08258,970.6991,
55.67_37.44,2023-12-08 15:00:00,-14.05,-19.840939,none,0.0,35.0,14.587776,27.0,81.68439,1013.25745,
55.67_37.44,2024-02-15 18:00:00,-10.6,-16.128864,snow,0.1,70.0,14.291592,24.48,84.87606,1009.2654,
55.67_37.45,2023-12-09 14:00:00,-14.3,-20.638098,snow,0.2,37.0,18.289274,33.12,82.333626,1010.93945,
55.67_37.45,2023-12-29 18:00:00,1.65,-2.9768965,none,0.0,44.0,17.208603,32.039997,89.11664,980.6526,
55.67_37.45,2024-04-04 18:00:00,1.3,-4.187854,none,0.0,0.0,18.25026,36.0,61.00137,992.4438,
55.67_37.45,2024-04-25 10:00:00,15.15,11.427679,none,0.0,0.0,24.48,50.399998,68.52989,985.46655,
55.67_37.46,2023-11-09 19:00:00,5.3,1.7039104,none,0.0,0.0,13.779114,24.48,86.01609,990.5129,
55.67_37.46,2024-01-26 18:00:00,-5.15,-9.090889,snow,0.1,64.0,7.0911775,12.24,92.68047,991.36945,
55.67_37.46,2024-04-05 22:00:00,-1.95,-6.5781717,none,0.0,0.0,12.313894,20.16,76.97123,1000.65393,
55.67_37.47,2024-03-12 09:00:00,-3.65,-8.371381,none,0.0,62.0,12.4811535,23.039999,83.108406,1002.6044,
55.67_37.48,2024-02-20 15:00:00,-7.45,-13.116838,none,0.0,75.0,16.87398,23.759998,85.920044,1005.505,
55.67_37.49,2024-02-02 16:00:00,-3.75,-10.407154,none,0.0,58.999996,24.162945,32.039997,69.31998,978.3197,
55.67_37.49,2024-02-25 02:00:00,0.75,-6.230507,snow,0.1,71.0,31.035257,42.12,80.042786,1004.7908,
55.67_37.49,2024-04-17 14:00:00,11.9,8.537611,none,0.0,0.0,10.390226,24.119999,49.645233,975.4859,
55.67_37.5,2023-12-26 20:00:00,-3.6,-9.109831,none,0.0,43.0,17.643673,28.8,80.61337,974.92664,
55.67_37.5,2024-02-27 20:00:00,-6.15,-12.126732,none,0.0,70.0,19.523155,25.199999,83.42849,1005.0192,
55.67_37.5,2024-04-09 20:00:00,12.65,11.105988,none,0.0,0.0,10.8955765,16.56,84.47106,991.4134,
55.67_37.51,2024-01-11 14:00:00,-9.65,-18.223846,none,0.0,58.0,34.76377,54.0,72.90776,969.8024,
55.67_37.51,2024-03-08 06:00:00,-8.2,-13.894923,none,0.0,63.0,16.73516,21.599998,86.85857,990.76025,
55.67_37.51,2024-03-13 14:00:00,1.45,-3.8974264,none,0.0,61.0,17.287498,24.48,60.34877,1001.2535,
55.67_37.52,2023-10-06 14:00:00,12.8,10.029271,rain,0.1,0.0,14.145756,28.08,68.98588,974.6963,
55.67_37.52,2023-11-16 02:00:00,-1.3,-4.722844,none,0.0,0.0,7.145796,9.36,96.749306,981.07935,
55.67_37.52,2023-12-18 12:00:00,-0.7,-6.063222,none,0.0,52.999996,20.883104,27.72,95.70768,983.62885,
55.67_37.52,2024-02-26 08:00:00,-4.2,-11.082021,none,0.0,71.0,26.28986,35.64,77.18235,1001.48553,
55.67_37.52,2024-04-12 21:00:00,10.65,6.1371746,none,0.0,0.0,23.18579,37.8,69.9903,987.4807,
55.67_37.52,2024-04-18 19:00:00,6.75,2.4140625,rain,0.3,0.0,21.749483,37.44,90.1585,981.41626,
55.67_37.52,2024-04-23 19:00:00,8.5,4.9173794,none,0.0,0.0,12.682018,24.84,65.25981,995.6616,
55.67_37.53,2023-10-27 14:00:00,-0.45,-5.964117,snow,0.1,3.0,20.268991,35.28,82.28189,978.1904,
55.67_37.53,2023-11-17 18:00:00,-6.0,-10.601835,none,0.0,2.0,8.4042845,12.959999,64.32291,995.9801,
55.67_37.53,2024-01-16 17:00:00,-3.5,-8.31815,none,0.0,58.999996,13.358861,18.0,84.082825,963.7819,
55.67_37.53,2024-02-22 21:00:00,-3.9,-9.785881,none,0.0,74.0,21.120682,28.8,90.67333,994.2517,
55.67_37.54,2023-11-04 17:00:00,4.95,0.28449392,rain,0.1,0.0,22.238562,38.88,93.57335,987.459,
55.67_37.54,2024-03-25 09:00:00,1.1,-3.5027945,none,0.0,36.0,16.520823,26.64,89.395004,978.45996,
55.67_37.54,2024-04-05 21:00:00,-1.15,-5.328972,none,0.0,0.0,9.686609,15.119999,75.950745,994.797,
55.67_37.55,2023-12-03 17:00:00,-6.3,-12.4578905,snow,0.4,33.0,21.194187,31.68,89.10311,977.56354,
55.67_37.55,2023-12-30 21:00:00,0.2,-3.6468916,snow,0.5,45.0,11.542478,17.28,96.788666,974.67084,
55.67_37.56,2023-10-07 11:00:00,3.25,-2.6770034,snow,1.7,0.0,28.08923,48.6,90.21252,972.6423,
55.67_37.56,2023-11-21 14:00:00,-6.55,-12.860457,none,0.0,2.0,19.416653,35.28,59.21052,989.3445,
55.67_37.56,2023-11-28 08:00:00,-5.5,-11.239954,snow,0.1,22.0,18.584509,28.8,86.46733,973.147,
55.67_37.56,2024-02-14 21:00:00,-9.7,-17.16623,snow,0.1,66.0,27.210379,38.16,73.79284,1003.95746,
55.67_37.56,2024-04-16 15:00:00,12.7,7.987673,none,0.0,0.0,16.923828,30.960001,39.319057,977.0567,
55.67_37.57,2023-10-16 10:00:00,7.05,4.890417,rain,0.3,0.0,7.42159,13.679999,90.808,980.01855,
55.67_37.57,2023-10-28 17:00:00,-0.4,-5.606137,snow,1.8,7.0,20.150354,33.48,96.06858,969.9182,
55.67_37.57,2024-02-15 09:00:00,-13.05,-20.360716,snow,1.5,72.0,25.305208,38.16,80.81878,1009.0737,
55.67_37.57,2024-04-19 12:00:00,15.15,9.510595,none,0.0,0.0,34.743263,59.76,61.49981,970.4199,
55.67_37.58,2024-04-06 09:00:00,1.0,-3.5668077,none,0.0,1.0,13.905509,25.919998,74.91761,995.2926,
55.67_37.59,2024-03-25 13:00:00,2.7,0.12302971,none,0.0,36.0,3.2599385,9.72,83.29524,985.01544,
55.67_37.59,2024-04-12 18:00:00,12.55,7.897629,none,0.0,0.0,24.216522,42.48,61.94865,991.2803,
55.67_37.59,2024-04-21 14:00:00,14.75,9.461515,none,0.0,0.0,30.430117,64.439995,58.33053,994.0437,
55.67_37.59,2024-05-07 11:00:00,2.15,-3.0233922,snow,0.6,0.0,20.746122,36.36,84.752655,983.4844,
55.67_37.6,2023-11-11 14:00:00,6.2,2.2544231,none,0.0,0.0,15.856356,29.519999,79.40509,995.9387,
55.67_37.6,2024-01-15 08:00:00,-4.15,-10.588369,snow,0.1,58.999996,24.50381,34.2,88.61169,973.4282,
55.67_37.61,2023-10-06 16:00:00,7.05,0.68750286,rain,0.6,0.0,35.426632,61.199997,87.40645,982.44366,
55.67_37.63,2023-11-12 12:00:00,3.7,-1.8959816,rain,1.2,0.0,26.544964,45.0,91.214806,981.6931,
55.67_37.63,2023-11-25 05:00:00,-7.05,-11.913537,snow,0.2,9.0,11.91812,20.880001,89.73353,965.42523,
55.67_37.63,2023-11-26 13:00:00,-5.65,-10.645548,none,0.0,10.0,13.70839,22.319998,89.84824,982.3125,
55.67_37.63,2023-12-05 20:00:00,-15.25,-20.516294,none,0.0,35.0,11.090103,14.759999,92.42666,1002.58093,
55.67_37.63,2023-12-27 11:00:00,-5.55,-9.502932,none,0.0,43.0,7.172949,9.0,95.534355,976.3504,
55.67_37.63,2024-01-14 01:00:00,-27.8,-34.332928,none,0.0,58.0,16.78156,23.4,76.20061,991.0522,
55.67_37.63,2024-01-22 10:00:00,-10.6,-16.522617,none,0.0,65.0,17.477621,29.88,92.34612,1011.9463,
55.67_37.63,2024-03-03 22:00:00,-7.3,-12.410095,none,0.0,66.0,12.88981,17.64,82.95316,1007.997,
55.67_37.63,2024-03-18 14:00:00,2.8,-0.47479582,none,0.0,54.000004,8.587338,11.159999,85.75045,998.584,
55.67_37.63,2024-04-05 12:00:00,2.1,-1.6034112,none,0.0,1.0,10.233123,25.919998,55.884792,999.9111,
55.67_37.65,2024-01-12 16:00:00,-17.1,-24.010008,none,0.0,58.999996,20.771093,28.8,66.26444,989.63043,
55.67_37.65,2024-02-16 17:00:00,-8.45,-13.496322,none,0.0,78.0,12.074766,18.359999,85.80825,1015.7467,
55.67_37.66,2023-10-19 11:00:00,5.05,2.2701473,rain,0.1,0.0,8.311245,16.199999,88.14478,986.1688,
55.67_37.66,2024-01-15 18:00:00,-2.75,-9.000981,none,0.0,60.000004,24.482647,36.719997,90.41862,972.9946,
55.67_37.66,2024-03-26 11:00:00,2.05,-0.9521375,none,0.0,35.0,5.495161,10.08,83.214005,991.76654,
55.67_37.72,2024-02-29 15:00:00,1.75,-3.6944582,none,0.0,70.0,20.188908,28.08,72.59352,1006.74133,
55.67_37.73,2023-11-17 14:00:00,-3.1,-8.077416,none,0.0,1.0,12.0694,22.319998,61.068806,1004.4403,
55.67_37.74,2024-03-12 16:00:00,2.0,-1.9424076,none,0.0,64.0,9.028754,15.4800005,66.19376,1008.3222,
55.67_37.75,2023-10-03 16:00:00,15.1,11.174687,none,0.0,0.0,19.453327,38.88,53.045414,1000.7637,
55.67_37.75,2024-02-14 23:00:00,-10.4,-17.476383,none,0.0,67.0,24.269983,38.88,73.95848,1013.7443,
55.67_37.76,2023-09-28 23:00:00,13.9,12.037519,none,0.0,0.0,12.979984,22.68,77.59969,1008.63983,
55.67_37.76,2023-12-25 19:00:00,-2.95,-8.077946,none,0.0,40.0,16.267857,25.919998,87.39151,973.41833,
55.67_37.76,2024-03-16 10:00:00,1.9,-2.1351128,none,0.0,57.0,12.074766,18.0,81.09607,1004.13635,
55.67_37.76,2024-03-25 19:00:00,2.4,-0.5717461,none,0.0,31.0,2.4149535,2.8799999,64.575386,990.8558,
55.67_37.76,2024-04-01 12:00:00,18.15,14.954103,none,0.0,9.0,20.991426,39.239998,52.585773,993.49536,
55.67_37.77,2023-10-19 06:00:00,3.95,1.3823252,rain,0.2,0.0,6.725354,15.84,94.52017,991.18207,
55.67_37.77,2023-10-22 16:00:00,3.2,-1.2003117,none,0.0,0.0,14.982228,27.359999,76.13486,1003.3219,
55.67_37.77,2024-04-08 13:00:00,16.3,13.375452,none,0.0,0.0,19.966211,37.079998,65.84107,1000.78815,
55.67_37.77,2024-05-08 06:00:00,0.1,-5.0239573,none,0.0,0.0,17.25373,30.239998,76.73795,998.07684,
55.67_37.78,2023-10-17 19:00:00,4.05,-1.2684121,none,0.0,0.0,23.857979,43.56,84.96874,988.7558,
55.67_37.78,2023-10-24 19:00:00,-0.7,-5.7956014,none,0.0,0.0,15.484185,29.16,69.96471,999.1061,
55.67_37.78,2023-12-07 20:00:00,-13.0,-18.431578,none,0.0,34.0,12.620554,18.359999,84.23542,1023.6487,
55.67_37.78,2023-12-21 10:00:00,0.5,-4.083662,snow,0.1,42.0,16.595179,25.56,94.711624,978.90826,
55.67_37.78,2024-01-07 12:00:00,-25.2,-30.728539,none,0.0,49.0,10.195057,19.44,75.98879,1009.2905,
55.67_37.78,2024-01-08 17:00:00,-17.55,-23.607664,none,0.0,49.0,15.192682,23.759998,76.073494,1008.2575,
55.67_37.79,2023-11-10 18:00:00,3.65,0.1945157,none,0.0,0.0,11.440979,19.08,89.28316,1002.63367,
55.67_37.79,2024-02-10 19:00:00,-20.15,-25.85287,none,0.0,62.0,12.413477,15.4800005,83.29417,1002.8708,
55.67_37.79,2024-02-26 21:00:00,-5.15,-11.889167,none,0.0,69.0,24.546085,36.719997,75.23992,1011.06305,
55.67_37.79,2024-03-30 15:00:00,10.8,6.3418217,none,0.0,17.0,20.150354,36.36,60.67315,996.47284,
55.67_37.79,2024-04-07 13:00:00,14.05,11.578764,none,0.0,0.0,13.979871,27.359999,68.53756,1001.8484,
55.67_37.79,2024-05-03 17:00:00,8.9,4.0411053,none,0.0,0.0,11.901798,25.56,28.437084,1001.1523,
55.67_37.84,2023-10-19 05:00:00,3.9,1.2819839,rain,0.2,0.0,6.87779,16.199999,93.851814,988.7456,
55.67_37.84,2023-11-24 03:00:00,-7.35,-12.702344,snow,0.1,5.0,14.689588,26.64,84.92583,962.97144,
55.67_37.84,2024-01-30 16:00:00,-0.05,-3.9546375,none,0.0,58.999996,10.594036,18.0,89.29966,1011.86664,
55.68_37.08,2024-01-05 11:00:00,-23.9,-28.84099,none,0.0,41.0,6.379216,12.959999,77.647415,987.8033,
55.68_37.15,2023-10-04 19:00:00,12.1,8.457693,none,0.0,0.0,21.746502,39.96,77.05753,987.8365,
55.68_37.28,2023-09-29 14:00:00,22.6,21.55031,none,0.0,0.0,9.19939,23.759998,47.72838,998.7568,
55.68_37.42,2023-10-05 03:00:00,8.35,4.945038,none,0.0,0.0,16.418526,28.8,84.85354,991.42957,
55.68_37.42,2023-12-06 13:00:00,-13.85,-17.56678,none,0.0,35.0,0.8049845,5.3999996,89.148254,1009.2541,
55.68_37.42,2023-12-23 16:00:00,0.05,-3.5311248,none,0.0,39.0,9.360001,16.199999,95.38544,965.7918,
55.68_37.42,2024-03-05 21:00:00,-6.75,-12.367777,none,0.0,58.999996,16.595179,29.88,82.05555,1005.07,
55.68_37.43,2024-04-20 13:00:00,8.65,3.9446516,rain,0.1,0.0,19.64228,43.199997,61.454025,996.82983,
55.68_37.44,2023-12-03 14:00:00,-6.75,-12.702345,snow,0.9,31.0,19.721298,35.64,91.51558,984.26636,
55.68_37.45,2023-12-15 21:00:00,-11.05,-17.007458,none,0.0,54.000004,16.946787,28.8,83.45727,991.0678,
55.68_37.46,2023-11-03 23:00:00,-0.2,-4.669099,none,0.0,0.0,14.512064,23.759998,90.609604,995.3698,
55.68_37.46,2023-11-29 06:00:00,-16.45,-21.999496,none,0.0,22.0,12.55879,16.199999,90.424995,992.4066,
55.68_37.46,2024-04-13 10:00:00,9.45,6.1811333,none,0.0,0.0,8.942214,21.599998,55.575203,993.63214,
55.68_37.47,2023-11-09 16:00:00,6.2,3.0242696,none,0.0,0.0,11.753877,23.4,84.61122,988.31067,
55.68_37.47,2024-04-21 21:00:00,13.5,8.374762,none,0.0,0.0,28.137634,47.519997,60.06362,991.66315,
55.68_37.47,2024-04-25 13:00:00,17.4,14.804617,none,0.0,0.0,19.917469,39.6,66.076355,986.5232,
55.68_37.48,2023-09-30 23:00:00,14.65,11.7998085,none,0.0,0.0,18.218275,30.239998,70.06144,992.5086,
55.68_37.48,2024-01-02 18:00:00,-22.95,-29.162676,none,0.0,45.0,15.192682,27.0,75.38187,993.0783,
55.68_37.48,2024-04-06 20:00:00,5.6,2.2305355,none,0.0,1.0,10.086427,15.84,74.37767,995.8248,
55.68_37.49,2023-11-16 16:00:00,-0.25,-4.5756288,none,0.0,1.0,11.570515,20.880001,77.25494,988.05005,
55.68_37.49,2024-04-29 18:00:00,17.75,15.8118515,none,0.0,0.0,1.835647,10.799999,36.569687,1007.9985,
55.68_37.5,2024-04-22 17:00:00,10.8,5.321001,none,0.0,0.0,26.693459,49.32,59.192814,989.8907,
55.68_37.51,2024-03-30 16:00:00,11.1,7.283987,none,0.0,19.0,14.529915,27.0,55.610455,988.57416,
55.68_37.52,2023-11-13 14:00:00,3.1,-3.0140204,none,0.0,0.0,27.729347,46.44,82.14928,974.43097,
55.68_37.52,2023-11-29 02:00:00,-10.8,-15.775704,none,0.0,22.0,10.587917,19.08,87.63573,988.89307,
55.68_37.52,2024-02-18 07:00:00,-0.15,-5.280415,none,0.0,77.0,19.33639,27.72,92.29015,990.45935,
55.68_37.52,2024-03-12 13:00:00,0.6,-3.6250978,none,0.0,62.0,10.799999,17.28,72.10145,1001.1584,
55.68_37.52,2024-03-24 18:00:00,3.6,-1.1553447,rain,0.1,38.0,20.780453,30.960001,91.85913,973.99286,
55.68_37.52,2024-04-08 19:00:00,13.6,12.141441,none,0.0,0.0,10.308831,21.599998,79.391754,994.85876,
55.68_37.53,2023-10-12 19:00:00,11.6,7.4499035,rain,0.1,0.0,27.322077,46.44,86.073784,975.81805,
55.68_37.53,2023-12-14 13:00:00,-10.8,-17.35179,none,0.0,44.0,21.129883,29.16,83.489914,1000.267,
55.68_37.53,2023-12-17 17:00:00,1.15,-5.8538117,none,0.0,54.000004,32.23357,44.639996,84.327805,981.5542,
55.68_37.53,2024-04-30 19:00:00,18.3,15.140121,none,0.0,0.0,17.057314,32.039997,48.998302,1001.3619,
55.68_37.54,2023-11-16 16:00:00,-0.25,-4.5756288,none,0.0,1.0,11.570515,20.880001,77.25494,986.32794,
55.68_37.54,2024-03-08 14:00:00,-1.0,-6.747496,none,0.0,63.0,21.611996,29.519999,83.75754,989.72516,
55.68_37.55,2023-12-25 17:00:00,-3.0,-7.5525703,none,0.0,42.0,12.245293,16.56,87.05739,967.9146,
55.68_37.55,2024-03-03 22:00:00,-7.45,-12.533834,none,0.0,66.0,12.682018,16.919998,83.588905,1006.56586,
55.68_37.55,2024-03-30 20:00:00,5.0,1.1646404,rain,0.2,18.0,15.226764,25.199999,86.90267,986.2888,
55.68_37.55,2024-04-24 17:00:00,13.5,9.908724,none,0.0,0.0,9.3876505,17.64,37.72864,995.3333,
55.68_37.55,2024-04-25 15:00:00,19.55,16.580456,none,0.0,0.0,17.654688,31.319998,48.840435,985.10333,
55.68_37.56,2023-10-01 14:00:00,16.25,12.855949,none,0.0,0.0,18.416384,33.839996,55.208893,990.73346,
55.68_37.56,2023-10-15 16:00:00,10.55,7.2683754,none,0.0,0.0,16.831684,28.08,77.339096,981.6551,
55.68_37.56,2023-11-01 09:00:00,11.1,7.6690397,none,0.0,1.0,23.933907,39.6,93.87155,984.76776,
55.68_37.56,2023-11-25 08:00:00,-6.6,-11.014463,snow,0.1,11.0,9.021574,16.56,88.73189,966.05194,
55.68_37.56,2024-03-01 19:00:00,0.65,-2.7562225,none,0.0,69.0,8.161764,10.799999,91.3355,1006.5161,
55.68_37.56,2024-03-26 13:00:00,2.1,-1.1706295,none,0.0,33.0,7.5942082,12.959999,84.43961,989.9575,
55.68_37.56,2024-04-02 22:00:00,14.1,10.867624,none,0.0,5.0,18.58451,31.319998,66.712036,976.67365,
55.68_37.56,2024-04-12 17:00:00,13.65,8.888014,none,0.0,0.0,24.967499,48.239998,57.655502,990.6936,
55.68_37.57,2024-01-10 14:00:00,-12.55,-17.369621,none,0.0,55.0,8.557102,16.919998,83.602394,994.6077,
55.68_37.57,2024-03-15 20:00:00,-0.4,-5.629167,none,0.0,61.0,19.161337,25.919998,87.96318,998.29504,
55.68_37.57,2024-03-22 07:00:00,-6.3,-10.7236595,none,0.0,45.0,9.885262,15.84,95.50663,996.1791,
55.68_37.57,2024-04-02 08:00:00,10.35,8.273652,none,0.0,9.0,11.720751,20.880001,88.90832,983.3787,
55.68_37.57,2024-04-08 17:00:00,15.75,13.965155,none,0.0,0.0,13.441071,32.039997,71.218704,994.1388,
55.68_37.57,2024-04-16 12:00:00,9.8,4.63097,rain,0.1,0.0,21.915693,39.96,54.090324,978.5443,
55.68_37.58,2023-10-23 18:00:00,4.8,1.3471546,rain,0.5,0.0,14.404499,24.119999,96.90503,979.11096,
55.68_37.58,2024-05-07 10:00:00,2.4,-2.7858403,snow,0.3,0.0,20.316889,35.64,80.28341,984.62445,
55.68_37.59,2023-10-30 23:00:00,5.75,1.8040257,rain,0.1,6.0,18.709612,30.239998,94.927086,986.38617,
55.68_37.59,2023-11-04 21:00:00,5.9,1.5145845,none,0.0,0.0,21.868332,37.079998,94.60346,991.0463,
55.68_37.59,2023-11-21 19:00:00,-8.25,-14.531021,none,0.0,2.0,18.720001,32.760002,61.21741,994.6516,
55.68_37.6,2023-10-02 15:00:00,13.5,10.765291,none,0.0,0.0,11.592894,23.039999,59.64971,996.726,
55.68_37.6,2024-02-09 22:00:00,-17.25,-23.238863,none,0.0,65.0,14.986553,21.24,81.21142,987.552,
55.68_37.6,2024-03-21 08:00:00,-6.4,-10.59074,none,0.0,48.0,7.127636,10.440001,83.39637,1004.8828,
55.68_37.62,2023-11-13 20:00:00,4.2,-0.30853963,rain,0.4,0.0,18.844202,34.2,86.82331,980.4807,
55.68_37.62,2023-12-15 23:00:00,-11.35,-17.21331,none,0.0,55.0,16.071491,23.759998,81.73637,997.12726,
55.68_37.63,2023-10-19 18:00:00,4.6,2.5548425,rain,0.3,0.0,3.6,7.5599995,92.57254,990.4836,
55.68_37.63,2023-10-30 11:00:00,-0.05,-5.7115607,rain,0.5,12.0,22.73707,41.399998,89.95801,992.93097,
55.68_37.63,2023-12-23 20:00:00,-0.4,-3.3952873,none,0.0,42.0,5.04,10.440001,96.42023,968.2466,
55.68_37.63,2024-01-15 13:00:00,-2.4,-8.703339,snow,0.2,60.000004,24.923338,37.079998,88.7676,975.2743,
55.68_37.63,2024-01-15 23:00:00,-2.05,-8.521328,snow,0.2,60.000004,26.405453,37.8,89.13083,973.06903,
55.68_37.63,2024-02-25 19:00:00,-1.1,-7.7460747,none,0.0,73.0,26.642431,37.079998,75.959435,1008.318,
55.68_37.63,2024-04-30 18:00:00,19.55,15.858011,none,0.0,0.0,19.959719,34.92,43.946453,1007.2853,
55.68_37.64,2023-10-09 13:00:00,4.5,-1.9694972,none,0.0,0.0,30.551254,52.92,76.35434,984.69257,
55.68_37.64,2023-11-28 00:00:00,-3.25,-9.714112,none,0.0,22.0,25.199997,41.039997,87.36192,969.81995,
55.68_37.64,2023-12-06 07:00:00,-12.85,-16.54722,none,0.0,35.0,1.2979984,2.52,93.71625,1009.8903,
55.68_37.64,2024-03-29 08:00:00,2.75,-1.6080451,none,0.0,26.0,15.580141,25.56,83.6035,988.81714,
55.68_37.64,2024-04-10 14:00:00,19.6,19.025305,none,0.0,0.0,10.661107,23.759998,59.90559,1002.05347,
55.68_37.65,2023-11-06 22:00:00,8.65,4.7637796,none,0.0,0.0,21.382906,34.2,89.376785,978.69183,
55.68_37.65,2023-11-15 15:00:00,2.6,-0.58370304,none,0.0,0.0,6.28713,11.159999,77.43613,989.69763,
55.68_37.65,2023-12-13 16:00:00,-12.2,-19.442423,none,0.0,44.0,25.133053,36.719997,80.6139,1007.4716,
55.68_37.65,2024-02-11 18:00:00,-7.6,-13.559133,none,0.0,64.0,18.440998,27.0,81.61462,999.36383,
55.68_37.65,2024-03-20 23:00:00,-6.2,-10.996513,none,0.0,48.0,11.252519,13.32,81.81136,1006.8525,
55.68_37.65,2024-03-31 17:00:00,15.15,12.15889,none,0.0,18.0,9.826088,17.64,45.018883,1001.4569,
55.68_37.65,2024-04-07 21:00:00,6.25,3.790041,none,0.0,0.0,8.089993,11.879999,89.807,1002.81177,
55.68_37.65,2024-04-22 10:00:00,16.25,13.265116,none,0.0,0.0,22.38378,38.88,70.606224,991.49225,
55.68_37.65,2024-05-04 22:00:00,9.5,5.7397614,none,0.0,0.0,15.496736,25.919998,66.647255,992.02545,
55.68_37.66,2023-11-01 00:00:00,8.1,5.1267424,none,0.0,2.0,15.617529,27.0,94.69521,993.6203,
55.68_37.66,2024-02-14 12:00:00,-12.6,-19.18324,none,0.0,67.0,20.211363,31.68,76.016655,1013.50494,
55.68_37.66,2024-04-10 16:00:00,19.85,18.911396,none,0.0,0.0,9.178235,17.28,57.8248,1003.36847,
55.68_37.66,2024-04-15 23:00:00,4.05,-0.8585367,none,0.0,0.0,20.929596,35.64,84.36326,979.6563,
55.68_37.67,2023-10-02 22:00:00,8.3,6.1230497,none,0.0,0.0,9.826088,15.4800005,92.14926,1001.41174,
55.68_37.67,2023-11-08 12:00:00,7.4,3.3474073,none,0.0,0.0,19.011953,32.399998,82.99326,995.0022,
55.68_37.67,2024-02-01 12:00:00,1.15,-3.4537194,none,0.0,61.0,17.208603,24.48,93.37821,990.409,
55.68_37.67,2024-02-13 18:00:00,-9.55,-16.025581,none,0.0,67.0,21.175835,29.16,83.651726,1005.45154,
55.68_37.67,2024-02-26 11:00:00,-2.8,-9.481365,none,0.0,73.0,25.922499,37.44,78.00989,1011.1201,
55.68_37.67,2024-04-07 16:00:00,14.2,11.218779,none,0.0,1.0,13.358861,25.919998,57.197506,1002.6646,
55.68_37.67,2024-04-18 08:00:00,6.25,3.2907171,none,0.0,0.0,9.673221,16.919998,81.68951,989.7881,
55.68_37.68,2023-11-14 09:00:00,3.2,-0.8996861,rain,0.2,0.0,16.039202,28.08,93.1523,983.9444,
55.68_37.68,2023-11-18 11:00:00,-5.85,-9.571833,none,0.0,1.0,3.0758414,11.159999,71.08107,1010.3385,
55.68_37.68,2023-12-19 16:00:00,1.45,-5.8849545,snow,0.5,50.0,36.04497,51.839996,92.05353,982.6553,
55.68_37.68,2024-03-11 19:00:00,-0.75,-6.9568644,none,0.0,64.0,23.14103,32.760002,70.48737,1006.793,
55.68_37.68,2024-03-29 15:00:00,5.55,2.0567312,none,0.0,26.0,13.009903,23.759998,84.23859,987.6912,
55.68_37.68,2024-04-18 20:00:00,6.3,1.7367606,rain,0.4,0.0,22.870626,37.079998,91.07177,989.4831,
55.68_37.68,2024-04-20 12:00:00,7.9,2.9684095,rain,0.1,0.0,21.566973,38.16,66.53491,1001.1253,
55.68_37.69,2023-12-23 11:00:00,1.35,-3.5223036,none,0.0,43.0,19.211996,29.519999,93.05173,969.00793,
55.68_37.69,2023-12-25 15:00:00,-3.25,-8.407527,none,0.0,43.0,15.978484,24.119999,85.076454,976.6484,
55.68_37.69,2024-01-22 15:00:00,-9.35,-16.452993,none,0.0,65.0,26.072052,36.719997,90.61279,1014.9302,
55.68_37.69,2024-01-23 17:00:00,-4.25,-11.333401,snow,0.2,65.0,28.712116,42.12,87.262535,1003.2484,
55.68_37.69,2024-04-02 21:00:00,15.05,12.201811,none,0.0,6.0,18.204042,29.16,68.279495,984.1658,
55.68_37.69,2024-04-03 16:00:00,12.9,5.6021442,none,0.0,3.0,38.592266,74.88,49.92276,977.30365,
55.68_37.69,2024-05-02 12:00:00,10.4,5.901681,none,0.0,0.0,17.771753,34.2,53.478615,1003.49475,
55.68_37.7,2023-10-12 09:00:00,8.7,2.5994153,rain,0.2,0.0,34.296494,55.079998,80.604454,987.0532,
55.68_37.7,2024-01-23 09:00:00,-4.95,-13.280333,none,0.0,65.0,36.445442,52.199997,83.90404,1004.17847,
55.68_37.72,2023-09-30 00:00:00,13.9,13.0254345,none,0.0,0.0,10.041354,17.28,87.7404,1005.1356,
55.68_37.72,2023-10-17 18:00:00,3.9,-2.0680037,snow,0.5,0.0,28.312117,46.079998,85.86823,988.71796,
55.68_37.72,2023-10-26 16:00:00,-0.6,-6.598472,none,0.0,0.0,19.770523,34.92,55.796547,999.6114,
55.68_37.72,2023-11-15 07:00:00,0.7,-2.123885,none,0.0,0.0,4.8965297,8.28,95.755844,986.59326,
55.68_37.72,2024-04-02 08:00:00,10.55,8.580866,none,0.0,11.0,10.805999,17.64,87.139114,990.26184,
55.68_37.73,2023-10-10 21:00:00,2.2,-2.3064127,none,0.0,0.0,12.979984,22.68,65.74618,1001.1433,
55.68_37.73,2023-10-23 19:00:00,4.25,0.47939253,rain,0.6,0.0,15.629972,25.56,95.87443,984.5211,
55.68_37.74,2023-11-12 17:00:00,5.55,0.8884511,none,0.0,0.0,23.4,40.68,95.25059,978.927,
55.68_37.74,2023-12-07 10:00:00,-11.8,-17.271461,none,0.0,35.0,13.570615,19.44,87.89149,1021.1855,
55.68_37.74,2024-03-02 23:00:00,-1.95,-6.6282005,none,0.0,68.0,14.277983,19.8,89.80703,1014.06555,
55.68_37.74,2024-03-15 23:00:00,-2.2,-7.416885,none,0.0,62.0,17.555307,24.119999,88.12295,1004.5687,
55.68_37.75,2023-10-07 15:00:00,6.65,1.4282584,rain,0.5,0.0,27.897097,51.12,91.0957,972.7186,
55.68_37.75,2023-11-02 03:00:00,11.0,9.370568,none,0.0,0.0,10.799999,19.44,92.00027,985.9708,
55.68_37.75,2023-11-30 15:00:00,-4.25,-10.176825,none,0.0,25.0,20.163212,33.48,81.45232,987.2767,
55.68_37.76,2023-11-12 22:00:00,7.75,3.613802,rain,0.2,0.0,22.771244,41.039997,93.71173,975.02435,
55.68_37.76,2024-01-16 14:00:00,-2.7,-7.7610044,none,0.0,58.0,15.39184,24.119999,82.29021,973.3891,
55.68_37.76,2024-02-08 19:00:00,-14.65,-21.910553,none,0.0,63.0,24.20314,35.64,75.959366,982.9493,
55.68_37.76,2024-03-08 23:00:00,-5.3,-11.257399,none,0.0,61.0,20.140705,29.88,85.82476,996.5728,
55.68_37.76,2024-04-02 15:00:00,21.3,20.253847,none,0.0,4.0,13.450708,27.0,58.752007,985.3106,
55.68_37.77,2023-10-20 19:00:00,4.2,0.35816574,none,0.0,0.0,14.57889,25.199999,88.38152,996.1718,
55.68_37.77,2024-04-24 11:00:00,9.1,7.119853,none,0.0,0.0,4.379589,15.84,56.28857,1006.36383,
55.68_37.78,2023-09-28 21:00:00,15.15,12.877136,none,0.0,0.0,15.596767,26.28,71.10516,1007.236,
55.68_37.78,2024-04-01 13:00:00,18.15,14.954103,none,0.0,9.0,20.991426,39.239998,52.585773,992.1022,
55.68_37.83,2023-11-12 17:00:00,5.5,0.8731241,none,0.0,0.0,23.090569,41.760002,95.248726,979.4584,
55.68_37.83,2023-12-12 08:00:00,-7.0,-13.48482,snow,0.1,42.0,22.682856,37.079998,85.30023,1002.02295,
55.68_37.84,2024-01-16 18:00:00,-3.7,-8.117575,none,0.0,57.0,10.829958,17.64,87.317345,972.88165,
55.68_37.84,2024-02-29 20:00:00,-0.1,-4.085925,none,0.0,67.0,10.636766,18.0,86.066284,1006.88214,
55.68_37.84,2024-04-25 08:00:00,11.8,7.228429,none,0.0,0.0,25.277023,50.76,69.97686,991.58167,
55.68_37.85,2023-10-15 18:00:00,10.1,6.853183,none,0.0,0.0,14.57889,27.0,72.858,986.46704,
55.68_37.85,2023-10-23 17:00:00,5.25,2.5592947,rain,0.2,0.0,9.885262,17.64,97.254524,983.12555,
55.68_37.85,2023-12-18 19:00:00,1.15,-3.8913026,none,0.0,52.0,19.734436,32.039997,90.379524,992.10425,
55.68_37.85,2024-03-14 07:00:00,-9.3,-14.172025,none,0.0,58.999996,10.495713,18.359999,86.39803,1006.94507,
55.68_37.86,2023-11-17 11:00:00,-3.15,-8.276805,none,0.0,1.0,13.551501,26.28,65.25911,1002.38727,
55.68_37.86,2023-12-29 06:00:00,-5.3,-9.986907,snow,0.1,39.0,11.928989,20.16,90.915825,988.0297,
55.68_37.86,2024-04-04 23:00:00,-1.2,-5.9212537,none,0.0,0.0,12.24,21.599998,67.49988,998.7817,
55.68_37.86,2024-04-14 19:00:00,10.75,7.2849026,rain,0.3,0.0,18.089775,31.68,76.31641,985.5826,
55.68_37.86,2024-04-19 11:00:00,14.45,10.957346,rain,0.1,0.0,25.153671,47.16,77.4261,975.4684,
55.68_37.86,2024-04-25 15:00:00,17.9,16.65784,none,0.0,0.0,13.5515,29.16,69.995255,991.9093,
55.68_37.86,2024-04-29 22:00:00,8.2,5.5676394,none,0.0,0.0,7.8954163,10.799999,73.27503,1015.1735,
55.68_37.93,2024-03-06 19:00:00,-9.6,-14.671461,none,0.0,58.0,10.685391,12.24,71.74015,1010.62036,
55.68_37.93,2024-04-15 08:00:00,7.4,3.2518024,none,0.0,0.0,18.089775,34.2,76.56367,981.87225,
55.69_37.27,2023-10-04 12:00:00,16.2,11.045639,none,0.0,0.0,32.553635,61.56,60.097794,980.4807,
55.69_37.27,2024-02-26 17:00:00,-1.85,-7.643302,none,0.0,64.0,19.45333,35.28,69.723816,999.9865,
55.69_37.35,2023-12-01 08:00:00,-6.85,-11.621155,none,0.0,25.0,11.165805,21.24,86.998726,985.58344,
55.69_37.41,2023-11-04 18:00:00,4.95,0.45824718,rain,0.2,0.0,21.2522,40.68,94.56313,992.30145,
55.69_37.41,2023-11-13 07:00:00,3.05,-1.4141247,none,0.0,0.0,18.35647,32.760002,93.14423,970.22455,
55.69_37.41,2023-11-20 20:00:00,-7.1,-12.8919735,none,0.0,2.0,15.990646,30.960001,63.28306,993.30334,
55.69_37.41,2023-11-22 12:00:00,-7.1,-12.946505,none,0.0,3.0,15.941944,32.039997,58.345837,996.1912,
55.69_37.41,2023-12-27 11:00:00,-4.8,-8.413609,none,0.0,40.0,5.2416787,10.440001,94.121864,976.6566,
55.69_37.41,2024-01-25 13:00:00,-0.65,-6.0454493,snow,0.1,58.999996,20.393293,36.36,90.24295,980.39905,
55.69_37.41,2024-03-15 14:00:00,3.55,-1.2049508,none,0.0,55.0,17.414474,33.12,74.27802,1000.32745,
55.69_37.41,2024-04-12 21:00:00,9.9,5.238886,none,0.0,0.0,23.185787,42.12,70.08476,993.2808,
55.69_37.43,2023-12-29 20:00:00,1.4,-2.839584,none,0.0,41.0,14.658676,28.08,91.38636,981.55536,
55.69_37.44,2024-03-09 14:00:00,-4.15,-9.701748,none,0.0,58.0,15.978486,30.960001,65.79477,997.78467,
55.69_37.44,2024-03-17 09:00:00,-1.9,-6.563921,none,0.0,52.0,13.441071,23.759998,83.64603,997.4523,
55.69_37.45,2024-04-05 19:00:00,-0.4,-4.45358,none,0.0,0.0,9.021574,15.119999,73.27379,1001.2435,
55.69_37.46,2024-05-06 19:00:00,6.5,1.7045603,none,0.0,0.0,17.84816,33.839996,61.153152,989.2734,
55.69_37.47,2023-11-19 15:00:00,-6.5,-10.4572735,none,0.0,2.0,4.1046314,11.5199995,68.176125,1001.3964,
55.69_37.47,2024-01-15 10:00:00,-3.2,-9.822298,snow,0.1,58.999996,26.437336,35.64,88.36257,972.2003,
55.69_37.47,2024-02-21 21:00:00,-5.75,-11.687887,none,0.0,74.0,19.813087,27.359999,86.77543,1000.5175,
55.69_37.48,2023-10-10 12:00:00,3.4,-2.0452268,none,0.0,0.0,20.88,37.079998,68.24716,992.69165,
55.69_37.48,2023-10-17 21:00:00,3.6,-1.9921691,none,0.0,0.0,25.210283,42.48,84.91797,986.4035,
55.69_37.48,2024-01-20 11:00:00,-7.5,-12.570756,none,0.0,65.0,12.758432,16.919998,85.91449,994.055,
55.69_37.48,2024-03-14 10:00:00,-1.7,-6.5641704,none,0.0,61.0,14.345898,21.96,78.78058,1002.3548,
55.69_37.49,2023-11-08 13:00:00,7.2,3.1187048,none,0.0,0.0,19.137648,33.48,83.842445,989.667,
55.69_37.49,2023-11-12 09:00:00,3.95,-2.1769147,rain,0.2,0.0,28.820242,48.6,82.55678,983.0966,
55.69_37.49,2023-11-27 17:00:00,1.3,-5.156968,rain,0.2,22.0,29.651413,45.36,90.71932,962.48224,
55.69_37.49,2024-01-20 00:00:00,-15.15,-20.865911,none,0.0,65.0,14.021525,17.28,88.29013,988.38104,
55.69_37.49,2024-04-06 10:00:00,3.35,-1.1013117,none,0.0,1.0,14.587776,26.64,71.31363,998.11127,
55.69_37.49,2024-05-04 15:00:00,13.45,8.937246,none,0.0,0.0,14.799459,27.72,30.788626,991.0901,
55.69_37.49,2024-05-06 13:00:00,8.2,5.1842566,none,0.0,0.0,7.8954163,18.359999,63.12992,989.8733,
55.69_37.5,2023-11-28 09:00:00,-5.9,-11.8549385,none,0.0,22.0,19.586117,29.519999,84.11129,976.28046,
55.69_37.51,2024-03-01 19:00:00,-0.05,-3.5852852,none,0.0,68.0,8.4963045,10.440001,92.296265,1005.832,
55.69_37.52,2023-10-17 09:00:00,2.4,-3.2813458,none,0.0,0.0,25.478743,42.839996,90.472725,980.28235,
55.69_37.52,2024-04-05 16:00:00,3.5,-0.3025751,none,0.0,0.0,7.072878,19.8,54.17952,998.3549,
55.69_37.54,2023-09-30 21:00:00,15.0,12.34477,none,0.0,0.0,17.068707,27.359999,68.96179,990.8381,
55.69_37.54,2023-10-17 23:00:00,3.35,-2.183431,rain,0.1,0.0,24.522316,40.68,84.88965,982.77997,
55.69_37.54,2023-10-21 11:00:00,3.7,-0.83873415,none,0.0,0.0,15.580141,31.68,71.64407,995.53546,
55.69_37.54,2023-12-19 15:00:00,2.0,-5.0236545,rain,0.4,49.0,34.458603,46.079998,91.75674,977.27704,
55.69_37.54,2023-12-23 09:00:00,1.3,-3.8549523,none,0.0,42.0,21.096123,30.599998,93.04898,960.3895,
55.69_37.54,2023-12-28 11:00:00,-3.65,-8.920976,none,0.0,43.0,16.904673,25.199999,88.992935,988.70917,
55.69_37.54,2024-01-12 16:00:00,-17.9,-24.619856,none,0.0,58.0,19.33639,25.199999,67.24359,985.4203,
55.69_37.54,2024-03-26 03:00:00,-4.1,-7.9895086,none,0.0,33.0,6.989936,10.799999,87.94459,986.0937,
55.69_37.55,2023-10-23 20:00:00,4.0,0.1637783,rain,0.7,0.0,15.683776,26.64,95.52869,978.5329,
55.69_37.55,2023-10-25 19:00:00,-2.45,-6.366812,none,0.0,1.0,5.991594,10.08,68.00485,996.13763,
55.69_37.55,2023-10-29 18:00:00,-0.05,-4.5496073,none,0.0,10.0,14.578888,24.48,88.64559,987.65094,
55.69_37.55,2023-11-10 20:00:00,3.9,0.022910118,none,0.0,0.0,14.33234,23.039999,87.727325,994.967,
55.69_37.55,2024-02-14 20:00:00,-9.55,-17.047714,none,0.0,65.0,27.44749,38.16,73.22467,1006.07904,
55.69_37.55,2024-04-07 11:00:00,11.2,8.751364,none,0.0,1.0,11.525623,24.119999,75.35117,994.5431,
55.69_37.55,2024-04-23 09:00:00,8.65,4.2007627,none,0.0,0.0,16.645864,32.039997,57.19414,996.4634,
55.69_37.56,2023-10-15 14:00:00,11.1,8.077531,rain,0.5,0.0,16.039202,27.0,77.69073,981.12823,
55.69_37.56,2023-10-30 20:00:00,5.85,1.9135752,none,0.0,8.0,18.35647,31.319998,92.96798,982.8187,
55.69_37.56,2023-12-13 13:00:00,-11.85,-19.302471,none,0.0,44.0,26.826641,37.8,82.67346,996.8864,
55.69_37.56,2024-01-08 14:00:00,-17.55,-22.799017,none,0.0,51.0,9.659814,15.119999,76.403885,1001.6017,
55.69_37.56,2024-03-07 23:00:00,-9.9,-15.147527,none,0.0,64.0,13.0447235,15.119999,90.21039,996.3772,
55.69_37.56,2024-04-11 23:00:00,8.55,4.385393,none,0.0,0.0,14.205182,23.039999,55.739914,996.7862,
55.69_37.57,2024-01-04 14:00:00,-25.5,-30.750519,none,0.0,46.0,8.217153,16.56,74.18259,986.95105,
55.69_37.57,2024-01-18 10:00:00,-13.8,-21.0164,none,0.0,58.999996,24.312662,33.48,79.03842,990.9448,
55.69_37.57,2024-02-22 19:00:00,-3.9,-9.756676,none,0.0,75.0,20.808498,29.16,89.64858,996.30396,
55.69_37.57,2024-02-28 08:00:00,-5.5,-11.5714445,none,0.0,70.0,20.447239,29.519999,82.22699,1004.96454,
55.69_37.58,2024-02-01 17:00:00,0.05,-5.237586,none,0.0,60.000004,20.172853,27.72,89.308,981.1136,
55.69_37.58,2024-04-24 13:00:00,10.9,8.132818,none,0.0,0.0,5.8603754,19.8,50.082382,999.08093,
55.69_37.6,2023-10-05 20:00:00,10.05,6.1505537,none,0.0,0.0,17.057314,28.44,66.29955,990.9443,
55.69_37.6,2023-11-07 17:00:00,7.5,4.0695,none,0.0,0.0,15.986595,27.72,87.44886,987.1007,
55.69_37.6,2024-02-27 14:00:00,-0.5,-6.0904446,none,0.0,71.0,19.443333,28.44,72.97909,1009.5108,
55.69_37.6,2024-03-06 08:00:00,-14.25,-19.5187,none,0.0,65.0,11.159999,15.119999,86.20268,1010.48065,
55.69_37.62,2023-10-22 04:00:00,-0.9,-4.1354055,none,0.0,0.0,5.3517847,11.159999,90.223755,1006.64575,
55.69_37.62,2023-11-03 19:00:00,0.05,-3.1647415,none,0.0,0.0,5.95906,9.72,89.308,1002.29926,
55.69_37.62,2023-11-12 19:00:00,6.1,1.3161774,none,0.0,0.0,24.967497,42.12,94.94098,977.84204,
55.69_37.62,2023-11-13 18:00:00,4.05,-0.9009037,rain,0.1,0.0,20.304129,42.48,79.65532,982.5959,
55.69_37.62,2023-12-23 08:00:00,1.25,-4.083235,none,0.0,43.0,22.26477,31.319998,93.04623,966.81744,
55.69_37.62,2024-03-19 20:00:00,-0.9,-5.3360023,none,0.0,50.0,13.358861,18.0,88.57022,1008.3423,
55.69_37.62,2024-03-28 16:00:00,4.85,1.086278,none,0.0,26.0,9.826088,15.119999,63.957584,997.1968,
55.69_37.62,2024-04-01 11:00:00,16.85,13.264412,none,0.0,14.0,22.45315,41.039997,55.740963,992.83484,
55.69_37.62,2024-04-05 15:00:00,3.5,-0.34201717,none,0.0,1.0,8.373386,23.4,53.568737,1004.68634,
55.69_37.62,2024-04-21 16:00:00,15.75,10.187077,none,0.0,0.0,28.66694,55.8,46.15085,997.73004,
55.69_37.63,2024-04-27 12:00:00,12.4,9.822908,rain,6.3,0.0,19.386591,38.519997,89.96939,999.5661,
55.69_37.65,2024-03-06 00:00:00,-6.8,-11.842488,none,0.0,66.0,12.879752,16.919998,84.99068,1012.0317,
55.69_37.66,2024-01-22 20:00:00,-8.7,-17.085123,none,0.0,65.0,35.208294,49.68,90.66242,1013.12823,
55.69_37.67,2023-11-14 16:00:00,2.5,-2.6295702,rain,0.3,0.0,22.26768,37.8,93.1145,986.64264,
55.69_37.67,2024-01-08 14:00:00,-17.3,-22.660904,none,0.0,52.0,10.538843,18.359999,77.781944,1011.30597,
55.69_37.67,2024-03-28 21:00:00,0.4,-4.3054223,none,0.0,27.000002,14.986553,23.039999,79.106155,997.0581,
55.69_37.67,2024-04-01 15:00:00,19.5,15.357178,none,0.0,13.0,23.051247,38.16,44.083187,991.64124,
55.69_37.67,2024-04-29 17:00:00,18.15,15.348633,none,0.0,0.0,6.130579,16.919998,32.38758,1017.7165,
55.69_37.67,2024-05-05 18:00:00,8.85,2.73974,none,0.0,0.0,27.70831,53.639996,55.217052,991.71967,
55.69_37.67,2024-05-08 13:00:00,5.3,-0.19284153,snow,0.1,0.0,20.65848,45.719997,57.159237,998.14905,
55.69_37.68,2024-01-18 17:00:00,-9.4,-19.113657,snow,1.4,62.0,43.30936,65.520004,81.68411,985.0819,
55.69_37.72,2024-04-04 11:00:00,5.35,0.7400694,none,0.0,2.0,17.581125,32.039997,70.932976,991.07794,
55.69_37.73,2024-01-14 17:00:00,-13.7,-20.165144,none,0.0,58.999996,19.296133,29.519999,81.05748,986.84863,
55.69_37.73,2024-03-03 19:00:00,-3.35,-8.4943905,none,0.0,67.0,14.799459,19.8,76.146614,1015.84827,
55.69_37.73,2024-03-24 03:00:00,-0.9,-5.123795,none,0.0,42.0,13.363711,18.72,99.271774,985.6638,
55.69_37.73,2024-05-04 14:00:00,12.5,8.1224785,none,0.0,0.0,15.856354,30.960001,34.512302,998.1048,
55.69_37.74,2023-12-08 16:00:00,-14.05,-20.494982,none,0.0,35.0,19.0392,27.0,81.00511,1021.3975,
55.69_37.74,2023-12-31 17:00:00,-7.2,-13.886588,snow,0.2,47.0,23.838959,39.96,83.949776,985.9668,
55.69_37.74,2024-01-19 07:00:00,-5.25,-9.54894,none,0.0,68.0,9.511088,13.32,93.02915,980.92896,
55.69_37.74,2024-04-26 19:00:00,18.0,17.766705,rain,0.3,0.0,9.422101,23.759998,75.23223,993.4262,
55.69_37.75,2023-11-20 13:00:00,-5.35,-10.320091,snow,0.1,2.0,11.609651,23.4,68.16136,999.2248,
55.69_37.75,2024-01-12 16:00:00,-15.9,-22.641676,none,0.0,58.999996,19.813087,29.519999,64.56427,989.1695,
55.69_37.82,2024-01-23 10:00:00,-4.85,-12.257536,none,0.0,62.0,30.085318,50.039997,82.952415,1003.8823,
55.69_37.83,2023-11-27 12:00:00,2.45,-2.9895627,rain,0.1,22.0,23.933907,42.839996,90.802185,967.752,
55.69_37.83,2023-12-29 12:00:00,-0.9,-4.707535,snow,0.1,42.0,9.504272,16.199999,91.904625,983.8176,
55.69_37.83,2024-01-04 13:00:00,-25.7,-30.759777,none,0.0,44.0,6.9153743,16.919998,75.89209,993.3286,
55.69_37.83,2024-01-12 07:00:00,-13.55,-20.438456,none,0.0,56.0,22.148046,38.519997,79.07918,986.7838,
55.69_37.83,2024-05-03 10:00:00,4.2,-0.8501785,none,0.0,0.0,16.766108,34.92,43.61435,1003.0823,
55.69_37.85,2024-01-11 14:00:00,-7.9,-15.991279,none,0.0,54.000004,32.44996,58.679996,75.93787,975.7768,
55.69_37.85,2024-04-08 15:00:00,17.35,14.615866,none,0.0,0.0,19.64558,36.36,63.69143,998.65314,
55.69_37.85,2024-04-17 20:00:00,8.2,5.675948,none,0.0,0.0,7.42159,13.679999,74.31261,983.50226,
55.69_37.85,2024-04-25 18:00:00,18.55,17.372993,none,0.0,0.0,10.1887,26.64,61.46727,992.3037,
55.69_37.86,2023-11-02 19:00:00,3.75,-1.227309,none,0.0,0.0,19.881649,37.44,78.18559,988.67944,
55.69_37.86,2024-05-08 22:00:00,-0.25,-6.022707,none,0.0,0.0,20.018072,36.719997,66.94255,998.69226,
55.69_37.92,2024-03-27 21:00:00,-0.1,-3.5686815,none,0.0,22.0,3.6179552,5.7599998,62.059826,1001.1168,
55.69_37.93,2023-10-19 18:00:00,4.7,2.7105021,rain,0.2,0.0,3.6179552,6.4799995,93.8903,992.6542,
55.69_37.94,2023-10-22 17:00:00,2.85,-1.35326,none,0.0,0.0,13.783817,27.0,78.90091,1001.62366,
55.69_37.94,2024-01-08 18:00:00,-17.35,-23.302309,none,0.0,46.0,14.458382,24.119999,74.48,1007.59247,
55.69_37.95,2024-03-01 06:00:00,-1.05,-3.7568877,none,0.0,64.0,2.1897945,9.0,94.64542,1011.25665,
55.6_37.11,2024-04-29 17:00:00,17.0,15.665974,none,0.0,0.0,3.8773184,13.679999,51.7469,1008.8831,
55.6_37.16,2023-10-03 07:00:00,6.8,4.11808,none,0.0,0.0,10.703569,16.56,91.105934,995.1937,
55.6_37.16,2024-03-23 11:00:00,3.2,-1.8968806,rain,0.5,39.0,21.986542,42.48,88.292404,977.9477,
55.6_37.25,2023-10-15 17:00:00,10.5,7.197875,none,0.0,0.0,15.7908325,29.88,73.691414,979.5348,
55.6_37.32,2023-10-05 20:00:00,9.9,6.259552,none,0.0,0.0,15.349684,28.44,67.20365,988.0237,
55.6_37.32,2023-12-26 16:00:00,-2.45,-7.941507,none,0.0,40.0,18.532133,39.239998,82.32372,974.4125,
55.6_37.34,2024-02-28 10:00:00,-3.3,-8.3004265,none,0.0,63.0,13.779114,28.08,75.57231,1004.16895,
55.6_37.34,2024-04-20 18:00:00,10.6,7.6064463,none,0.0,0.0,5.8048253,25.56,47.35679,995.9933,
55.6_37.35,2024-02-13 15:00:00,-6.55,-12.236103,none,0.0,60.000004,16.923828,34.56,79.23697,995.6675,
55.6_37.4,2024-03-27 08:00:00,0.55,-3.042678,none,0.0,26.0,7.8954163,17.64,81.80806,992.8327,
55.6_37.41,2023-02-16 12:00:00,-5.0,-9.60742,none,0.0,35.0,10.44,20.880001,79.47823,1002.701,
55.6_37.41,2024-01-03 23:00:00,-27.6,-33.05891,none,0.0,41.0,9.449572,18.0,76.965416,989.9349,
55.6_37.41,2024-03-20 07:00:00,-6.55,-10.445324,none,0.0,43.0,6.162207,10.799999,96.235,999.2394,
55.6_37.46,2024-01-31 04:00:00,-6.85,-10.303364,none,0.0,55.0,2.9024127,7.92,95.85524,1004.0891,
55.6_37.47,2023-12-26 12:00:00,0.4,-4.8196735,none,0.0,39.0,19.852295,35.28,88.037506,964.3679,
55.6_37.47,2024-04-18 14:00:00,8.55,5.480747,rain,0.2,0.0,14.039999,26.28,83.42314,982.19904,
55.6_37.48,2023-10-02 13:00:00,13.25,10.897975,none,0.0,0.0,12.72283,27.359999,70.98218,990.39984,
55.6_37.48,2023-10-30 08:00:00,-2.0,-6.2199736,snow,1.1,10.0,11.435313,20.519999,92.51934,989.2711,
55.6_37.48,2023-12-22 21:00:00,0.75,-4.572076,none,0.0,38.0,21.868332,38.16,94.37929,962.4448,
55.6_37.5,2023-11-28 01:00:00,-3.75,-9.755775,snow,0.1,22.0,21.794127,40.32,88.3121,962.71155,
55.6_37.51,2024-03-14 16:00:00,3.5,-0.8753061,none,0.0,52.999996,11.874544,25.199999,58.850964,995.4823,
55.6_37.52,2023-10-06 15:00:00,9.15,3.766675,rain,0.5,0.0,31.404713,60.839996,85.527214,975.7038,
55.6_37.53,2023-09-30 15:00:00,20.75,18.238033,none,0.0,0.0,16.548256,35.28,48.837418,991.6188,
55.6_37.53,2023-10-24 18:00:00,-0.9,-6.0007377,none,0.0,0.0,15.629971,31.319998,71.8062,990.3908,
55.6_37.53,2024-02-15 12:00:00,-11.35,-18.412388,snow,0.2,67.0,24.014996,41.760002,77.18771,1006.9414,
55.6_37.54,2023-10-17 10:00:00,3.35,-2.9051323,none,0.0,0.0,29.07989,53.28,82.77717,978.5133,
55.6_37.54,2023-12-07 13:00:00,-11.3,-16.463829,none,0.0,36.0,11.525623,21.599998,85.48246,1008.99225,
55.6_37.54,2023-12-25 21:00:00,-3.1,-8.203629,snow,0.6,38.0,16.454008,30.599998,91.417366,959.4969,
55.6_37.55,2024-04-26 20:00:00,15.15,15.126038,rain,0.7,0.0,6.924738,20.880001,87.56548,983.554,
55.6_37.59,2023-09-29 08:00:00,12.45,11.160459,none,0.0,0.0,9.746631,16.199999,87.317764,1002.81915,
55.6_37.59,2023-10-01 01:00:00,13.7,10.776287,none,0.0,0.0,18.723461,30.960001,74.50615,991.9901,
55.6_37.59,2023-12-08 21:00:00,-15.1,-21.778112,none,0.0,35.0,20.393293,28.08,82.915245,1014.4494,
55.6_37.59,2023-12-15 15:00:00,-6.6,-10.837758,snow,0.3,55.0,8.089993,13.679999,91.8806,984.66943,
55.6_37.59,2024-03-01 16:00:00,-0.15,-3.3822277,none,0.0,63.0,6.3690495,7.92,92.62881,1004.6264,
55.6_37.59,2024-03-19 19:00:00,0.0,-4.5242534,none,0.0,44.0,14.145756,18.0,84.1909,1002.0891,
55.6_37.59,2024-04-12 08:00:00,8.7,3.7461963,none,0.0,0.0,21.068459,34.56,60.59248,992.7551,
55.6_37.59,2024-05-03 09:00:00,4.15,-1.177499,none,0.0,0.0,18.331741,36.719997,43.26487,997.7743,
55.6_37.6,2023-10-07 19:00:00,8.6,5.0106297,rain,2.7,0.0,20.774214,48.96,95.03862,961.4849,
55.6_37.6,2023-11-13 20:00:00,4.2,-0.30853963,rain,0.4,0.0,18.844202,34.2,86.82331,977.5973,
55.6_37.6,2023-11-22 09:00:00,-7.55,-13.674441,none,0.0,3.0,18.11841,32.760002,63.685745,993.9203,
55.6_37.6,2024-02-12 00:00:00,-6.45,-11.944064,none,0.0,60.000004,16.548256,22.68,89.090034,994.68054,
55.6_37.6,2024-03-22 19:00:00,-0.05,-5.5602016,none,0.0,38.0,20.771093,28.44,83.56421,990.78674,
55.6_37.6,2024-04-05 13:00:00,2.9,-0.76152086,none,0.0,0.0,9.449572,25.199999,55.04852,1000.0,
55.6_37.6,2024-04-18 11:00:00,9.15,6.0062084,none,0.0,0.0,14.021525,27.72,78.19388,984.5841,
55.6_37.6,2024-05-09 04:00:00,-1.25,-7.131335,none,0.0,1.0,21.710716,36.36,79.14812,997.76544,
55.6_37.61,2023-10-07 18:00:00,8.6,5.0106297,rain,2.7,0.0,20.774214,48.96,95.03862,961.253,
55.6_37.61,2023-10-15 14:00:00,10.9,8.288489,rain,0.8,0.0,15.844089,26.64,87.1723,980.4672,
55.6_37.61,2023-10-18 18:00:00,4.65,1.7184529,rain,0.1,0.0,9.028754,15.119999,89.04945,985.7079,
55.6_37.61,2023-10-19 20:00:00,4.3,2.460105,rain,0.1,0.0,1.8,5.3999996,92.55517,988.42883,
55.6_37.61,2023-10-26 13:00:00,0.7,-5.69138,none,0.0,0.0,22.963936,42.839996,54.026836,993.1897,
55.6_37.61,2023-11-09 15:00:00,6.85,3.4721713,none,0.0,0.0,13.684735,24.119999,83.21587,985.9512,
55.6_37.61,2024-04-30 20:00:00,16.75,13.666721,none,0.0,0.0,14.830076,32.039997,50.27789,1004.05927,
55.6_37.62,2023-09-29 22:00:00,15.2,13.993139,none,0.0,0.0,12.979984,21.599998,82.28638,1001.0348,
55.6_37.62,2023-10-02 07:00:00,8.8,6.4009686,none,0.0,0.0,12.015589,19.44,91.55257,992.62634,
55.6_37.62,2023-11-11 18:00:00,3.6,-0.56983495,none,0.0,0.0,16.520823,27.0,90.56095,994.6247,
55.6_37.62,2023-12-01 22:00:00,-5.65,-9.374851,snow,0.1,28.0,5.3999996,11.879999,94.0809,980.524,
55.6_37.62,2024-02-28 20:00:00,-2.55,-8.437775,none,0.0,64.0,21.325253,28.8,83.5648,1005.8161,
55.6_37.64,2024-01-08 18:00:00,-16.75,-23.020428,none,0.0,47.0,16.676977,25.919998,71.75133,1002.33124,
55.6_37.64,2024-02-12 09:00:00,-3.95,-8.885396,none,0.0,60.000004,14.565548,21.24,90.66962,991.53705,
55.6_37.65,2023-12-29 11:00:00,-2.55,-6.964946,snow,0.2,41.0,12.387348,19.44,93.17966,981.6481,
55.6_37.65,2024-01-22 22:00:00,-8.9,-17.652628,none,0.0,61.0,37.462494,51.839996,88.52199,1006.088,
55.6_37.65,2024-04-10 20:00:00,14.25,13.217371,none,0.0,0.0,9.0,13.679999,80.281334,998.7484,
55.6_37.65,2024-04-27 18:00:00,11.3,7.4909124,none,0.0,0.0,19.969458,36.36,72.079414,999.9585,
55.6_37.65,2024-05-03 18:00:00,8.25,3.4372077,none,0.0,0.0,11.525623,23.4,29.485134,996.3266,
55.6_37.66,2024-01-03 23:00:00,-28.05,-33.41062,none,0.0,43.0,8.669949,14.4,72.95108,991.18756,
55.6_37.66,2024-02-01 22:00:00,-0.8,-5.508279,none,0.0,57.0,15.315873,23.759998,88.57913,979.75134,
55.6_37.66,2024-05-02 11:00:00,10.6,6.25383,none,0.0,0.0,17.373497,34.2,54.888943,998.2428,
55.6_37.67,2023-12-12 19:00:00,-7.75,-14.420681,snow,0.2,44.0,23.4,35.28,83.55049,999.60956,
55.6_37.67,2024-03-16 17:00:00,4.2,-0.27792716,none,0.0,52.0,14.917212,20.519999,67.91862,1000.40094,
55.6_37.71,2023-10-23 09:00:00,4.3,1.8380384,rain,0.1,0.0,7.127636,11.879999,97.91883,981.8729,
55.6_37.71,2024-02-01 19:00:00,-0.65,-5.798791,none,0.0,57.0,18.472595,28.8,88.59247,979.3224,
55.6_37.71,2024-03-18 12:00:00,2.65,-0.3889134,none,0.0,49.0,6.696387,9.0,85.11708,995.9918,
55.6_37.72,2023-09-30 11:00:00,20.45,18.800234,none,0.0,0.0,16.563911,30.960001,60.106747,997.4843,
55.6_37.72,2023-10-11 08:00:00,-0.9,-5.380424,none,0.0,0.0,13.397612,19.8,86.62154,999.9894,
55.6_37.72,2023-11-25 18:00:00,-6.95,-10.738995,none,0.0,11.0,4.6102495,7.2,89.741776,977.42035,
55.6_37.72,2024-02-23 22:00:00,-0.25,-6.21281,none,0.0,70.0,24.850431,37.079998,91.609505,1002.0959,
55.6_37.72,2024-04-01 03:00:00,8.2,5.136448,none,0.0,8.0,14.77755,24.119999,88.42338,991.30865,
55.6_37.72,2024-04-10 15:00:00,20.3,19.757757,none,0.0,0.0,7.42159,17.28,57.934883,998.61395,
55.6_37.73,2023-10-24 09:00:00,2.05,-2.1251237,none,0.0,0.0,14.05845,27.0,86.29311,988.3146,
55.6_37.73,2024-01-11 13:00:00,-7.3,-16.40958,none,0.0,56.0,39.86096,59.76,77.56832,971.0813,
55.6_37.73,2024-01-15 15:00:00,-3.55,-9.386004,none,0.0,56.0,20.892412,31.319998,89.33889,972.02344,
55.6_37.73,2024-03-29 19:00:00,4.55,0.65345955,none,0.0,17.0,15.328561,24.48,88.09966,982.87787,
55.6_37.74,2023-12-22 18:00:00,-0.65,-6.3658667,none,0.0,40.0,22.870626,35.64,92.2595,968.8488,
55.6_37.75,2024-03-07 06:00:00,-15.7,-21.30597,none,0.0,58.999996,12.72283,15.4800005,79.73445,1001.6432,
55.6_37.75,2024-03-19 15:00:00,2.4,-1.3684068,none,0.0,45.0,10.296251,16.199999,78.54434,1001.5664,
55.6_37.76,2023-11-25 01:00:00,-5.9,-10.5234585,snow,0.1,8.0,10.8955765,19.44,88.79465,962.9386,
55.6_37.76,2023-12-10 08:00:00,-11.5,-18.035938,snow,0.1,39.0,20.68356,32.039997,82.72124,1006.4575,
55.6_37.76,2024-01-21 02:00:00,-14.1,-19.63815,none,0.0,62.0,13.202726,19.8,89.12581,998.6393,
55.71_37.06,2023-12-13 07:00:00,-10.75,-16.953691,snow,0.2,43.0,18.678415,38.519997,82.15441,997.91754,
55.71_37.06,2024-04-27 21:00:00,8.2,6.3889704,none,0.0,0.0,5.4119864,6.4799995,85.42549,1002.23804,
55.71_37.07,2024-03-01 08:00:00,0.3,-2.5231302,none,0.0,62.0,4.2136917,10.08,94.01604,1008.458,
55.71_37.08,2023-10-27 15:00:00,-1.2,-6.2013707,snow,0.8,5.0,17.057314,32.760002,89.20306,984.40857,
55.71_37.08,2024-03-11 19:00:00,-0.35,-5.413085,none,0.0,56.0,15.188415,28.08,67.6877,1005.2997,
55.71_37.1,2023-11-16 13:00:00,1.15,-2.3483038,none,0.0,1.0,8.049845,16.919998,83.405876,989.81494,
55.71_37.1,2024-02-21 17:00:00,-5.2,-10.182984,none,0.0,68.0,13.202726,24.119999,82.586624,1001.9714,
55.71_37.39,2024-01-08 11:00:00,-20.75,-25.842432,none,0.0,47.0,8.049845,16.199999,81.39166,1008.0605,
55.71_37.39,2024-01-13 11:00:00,-26.35,-31.56058,none,0.0,54.000004,7.8625183,15.119999,75.41091,995.6106,
55.71_37.39,2024-04-28 19:00:00,11.05,8.869146,none,0.0,0.0,6.6087217,9.0,66.28544,1007.09515,
55.71_37.4,2023-10-19 18:00:00,4.1,2.0251641,rain,0.1,0.0,3.671294,6.8399997,95.19599,989.5771,
55.71_37.4,2023-12-20 12:00:00,2.35,-2.8339298,none,0.0,41.0,21.67786,37.079998,88.534676,977.83997,
55.71_37.4,2024-03-03 15:00:00,2.0,-1.8133268,none,0.0,61.0,8.311245,16.919998,67.18992,1012.9805,
55.71_37.41,2024-04-17 08:00:00,7.7,5.264777,rain,0.2,0.0,10.233123,18.0,90.54095,979.3359,
55.71_37.42,2023-10-16 13:00:00,7.35,5.1870575,rain,0.4,0.0,6.849467,15.119999,86.52872,981.78754,
55.71_37.42,2023-10-24 16:00:00,0.25,-4.4454546,none,0.0,0.0,14.4,27.0,76.47749,995.9692,
55.71_37.42,2023-12-22 05:00:00,-1.35,-6.4036775,none,0.0,40.0,17.81909,30.599998,93.24501,973.4631,
55.71_37.42,2024-02-01 01:00:00,-1.45,-5.6022015,none,0.0,56.0,11.367109,21.96,91.86918,996.7388,
55.71_37.42,2024-03-20 14:00:00,1.95,-1.0285442,none,0.0,43.0,4.1046314,11.5199995,76.48199,1007.57056,
55.71_37.45,2023-10-11 09:00:00,3.0,-1.1833334,none,0.0,0.0,13.392774,25.56,76.65817,1004.0324,
55.71_37.45,2023-12-01 17:00:00,-4.15,-8.435198,snow,0.2,26.0,10.144082,16.199999,92.389084,985.1075,
55.71_37.45,2024-01-18 19:00:00,-7.75,-15.795752,snow,0.6,58.0,32.909985,52.56,84.54468,979.7898,
55.71_37.45,2024-02-07 07:00:00,-16.4,-21.67333,none,0.0,55.0,10.514218,12.599999,86.32294,975.92755,
55.71_37.46,2023-12-23 17:00:00,0.15,-3.5528421,none,0.0,42.0,10.144082,14.04,94.35227,968.0872,
55.71_37.47,2023-12-19 08:00:00,1.1,-3.372854,none,0.0,51.0,16.418526,22.68,94.394966,990.54846,
55.71_37.48,2023-11-02 08:00:00,9.0,5.520068,rain,1.4,0.0,20.721119,34.92,95.05398,983.3212,
55.71_37.48,2023-12-17 10:00:00,-3.75,-10.822292,snow,0.4,52.999996,29.144442,39.6,88.64759,988.6208,
55.71_37.48,2024-03-07 21:00:00,-8.1,-13.224264,none,0.0,63.0,12.768586,18.0,85.5094,999.71716,
55.71_37.49,2024-04-12 15:00:00,14.5,9.070541,none,0.0,0.0,28.66694,51.48,52.335968,994.5151,
55.71_37.5,2023-12-18 09:00:00,-6.05,-12.108789,none,0.0,52.999996,21.03152,27.359999,92.98361,989.4267,
55.71_37.5,2024-01-06 08:00:00,-17.85,-22.772667,snow,0.1,50.0,7.42159,13.32,78.362175,991.0126,
55.71_37.5,2024-04-14 14:00:00,13.55,9.853434,none,0.0,0.0,16.641972,31.319998,55.273373,987.5456,
55.71_37.5,2024-04-25 23:00:00,9.85,8.256762,none,0.0,0.0,8.049845,10.440001,90.69383,990.93164,
55.71_37.51,2024-03-12 15:00:00,1.65,-2.3361993,none,0.0,62.0,9.0,14.4,65.867294,1004.285,
55.71_37.52,2023-10-05 17:00:00,11.95,8.654655,none,0.0,0.0,13.891522,28.44,61.37752,990.29114,
55.71_37.52,2024-05-09 14:00:00,3.15,-4.475884,none,0.0,1.0,31.367548,57.239998,45.00884,996.2985,
55.71_37.53,2023-12-16 13:00:00,-4.4,-9.826686,snow,0.1,54.000004,17.106628,23.4,85.924,998.33234,
55.71_37.53,2024-02-14 20:00:00,-9.55,-17.047714,none,0.0,65.0,27.44749,38.16,73.22467,1007.6377,
55.71_37.56,2023-10-06 19:00:00,4.85,-2.384914,none,0.0,0.0,36.941685,66.24,80.05875,987.40027,
55.71_37.57,2023-10-18 10:00:00,4.35,0.3359766,none,0.0,0.0,14.33234,29.519999,80.273895,992.38586,
55.71_37.57,2023-12-14 18:00:00,-10.5,-17.706322,snow,0.3,45.0,25.772078,35.64,83.866905,1000.0215,
55.71_37.57,2024-02-01 11:00:00,1.0,-3.4899907,none,0.0,61.0,16.375053,23.759998,94.04934,986.2273,
55.71_37.57,2024-04-07 16:00:00,14.2,11.156699,none,0.0,0.0,13.708391,26.28,57.000053,1002.56616,
55.71_37.58,2023-10-24 13:00:00,2.0,-2.412096,rain,0.1,0.0,14.512064,26.64,79.64051,992.5238,
55.71_37.58,2023-12-22 12:00:00,-1.5,-7.6597605,none,0.0,43.0,24.269983,33.48,85.59534,971.8573,
55.71_37.58,2024-04-30 23:00:00,14.35,11.466076,none,0.0,0.0,14.264361,24.48,60.68395,1006.38293,
55.71_37.59,2023-10-06 05:00:00,9.5,5.4852257,rain,0.1,0.0,22.26477,37.079998,84.40085,986.09064,
55.71_37.59,2023-12-27 23:00:00,-3.65,-8.200921,none,0.0,43.0,12.387348,19.08,92.768715,985.95404,
55.71_37.59,2024-02-21 08:00:00,-10.85,-17.03381,none,0.0,75.0,18.782204,24.84,86.57701,1004.45703,
55.71_37.59,2024-02-26 11:00:00,-3.55,-10.105164,none,0.0,72.0,24.64094,38.519997,78.78933,1008.6209,
55.71_37.59,2024-03-12 17:00:00,1.35,-2.4332714,none,0.0,63.0,7.771331,9.0,68.31426,1005.9877,
55.71_37.59,2024-03-14 13:00:00,1.8,-3.0793662,none,0.0,62.0,15.7908325,21.96,69.180214,1003.96014,
55.71_37.59,2024-03-20 20:00:00,1.65,-2.1173046,none,0.0,48.0,5.771239,6.8399997,55.33863,1006.6587,
55.71_37.59,2024-04-09 11:00:00,18.0,16.750505,none,0.0,0.0,10.948973,23.4,61.135166,998.72076,
55.71_37.59,2024-04-21 19:00:00,14.1,9.175961,none,0.0,0.0,25.929996,41.039997,55.608807,994.0973,
55.71_37.6,2023-12-27 08:00:00,-4.45,-7.9852924,snow,0.1,43.0,5.00128,9.36,94.49579,977.56006,
55.71_37.6,2024-02-12 09:00:00,-4.45,-9.502522,none,0.0,65.0,15.072783,21.24,91.32409,995.59393,
55.71_37.6,2024-02-20 10:00:00,-10.0,-15.034252,none,0.0,76.0,11.435313,16.199999,88.77361,1008.80206,
55.71_37.6,2024-03-10 15:00:00,-4.1,-9.559081,none,0.0,64.0,13.75558,19.8,50.792694,1002.11926,
55.71_37.6,2024-03-14 15:00:00,2.9,-1.7416925,none,0.0,62.0,14.205182,19.08,64.21188,1003.4282,
55.71_37.6,2024-04-14 23:00:00,10.0,5.655525,none,0.0,0.0,26.826641,45.0,89.484024,978.1681,
55.71_37.6,2024-04-26 11:00:00,19.5,18.850239,none,0.0,0.0,14.241629,28.08,72.147484,990.2807,
55.71_37.61,2024-02-29 19:00:00,0.4,-4.579059,none,0.0,69.0,17.174677,26.28,81.18493,1007.02325,
55.71_37.61,2024-03-07 15:00:00,0.65,-4.026058,none,0.0,64.0,11.966954,16.919998,59.23338,1004.2785,
55.71_37.61,2024-03-19 23:00:00,-4.05,-8.655724,none,0.0,50.0,12.6462,17.28,94.5137,1007.17017,
55.71_37.62,2023-10-09 20:00:00,3.6,-2.0589168,rain,0.1,0.0,24.881702,40.68,80.74668,988.272,
55.71_37.62,2023-10-19 00:00:00,5.15,1.6580124,none,0.0,0.0,13.324863,22.68,88.15376,990.7635,
55.71_37.62,2023-10-25 14:00:00,0.9,-2.8580532,none,0.0,0.0,4.8433046,15.4800005,52.844017,1002.3167,
55.71_37.62,2023-10-27 09:00:00,-1.3,-7.3688993,none,0.0,3.0,23.358425,37.8,82.1683,988.87805,
55.71_37.62,2023-11-24 08:00:00,-6.7,-12.119626,snow,0.1,6.0,15.379206,25.56,83.35772,959.7454,
55.71_37.62,2023-12-16 18:00:00,-4.8,-11.237112,none,0.0,54.000004,23.795427,34.2,86.21017,1003.4855,
55.71_37.62,2023-12-27 20:00:00,-4.0,-8.716838,none,0.0,43.0,13.1041975,19.08,91.35535,986.04016,
55.71_37.62,2024-01-22 12:00:00,-10.55,-17.643503,none,0.0,65.0,25.364037,36.719997,89.79759,1016.4884,
55.71_37.62,2024-02-05 22:00:00,-7.1,-12.2644005,none,0.0,61.0,13.891522,18.72,89.03308,970.0654,
55.71_37.62,2024-03-08 10:00:00,-2.8,-8.815874,none,0.0,64.0,22.473343,33.48,87.40628,998.3622,
55.71_37.62,2024-03-20 07:00:00,-7.45,-11.012592,none,0.0,50.0,3.2399998,7.92,95.46361,1008.47174,
55.71_37.62,2024-03-23 20:00:00,2.4,-2.3484113,none,0.0,41.0,19.770523,28.44,94.45259,984.45807,
55.71_37.62,2024-04-18 11:00:00,8.55,5.258667,rain,0.1,0.0,14.587776,28.08,79.748566,989.8089,
55.71_37.62,2024-04-19 10:00:00,12.2,8.942083,none,0.0,0.0,23.34455,37.44,89.05995,975.35895,
55.71_37.62,2024-04-20 11:00:00,6.6,2.4991217,snow,0.5,0.0,15.990646,29.519999,73.24044,1000.172,
55.71_37.63,2023-10-04 13:00:00,16.95,11.367851,none,0.0,0.0,35.844864,59.399998,58.081184,990.2541,
55.71_37.63,2023-10-09 20:00:00,3.35,-2.2317262,none,0.0,0.0,24.079666,40.32,80.71141,990.3329,
55.71_37.63,2023-10-10 23:00:00,1.95,-1.9461513,none,0.0,0.0,8.669949,18.359999,66.18248,1002.4113,
55.71_37.63,2023-11-24 10:00:00,-6.35,-11.6256,snow,0.2,6.0,14.685176,26.28,84.38376,958.85956,
55.71_37.63,2023-11-29 13:00:00,-5.2,-11.841678,none,0.0,22.0,24.703976,37.8,83.872925,996.30444,
55.71_37.63,2024-02-15 05:00:00,-12.35,-19.505863,snow,0.7,68.0,24.482647,37.079998,80.591194,1015.73175,
55.71_37.63,2024-03-17 19:00:00,2.05,-2.5555563,none,0.0,55.0,15.986595,22.319998,80.232704,1000.503,
55.71_37.63,2024-04-02 18:00:00,18.9,16.732557,none,0.0,5.0,15.856354,25.199999,57.97658,985.48804,
55.71_37.63,2024-05-08 20:00:00,0.85,-5.119647,none,0.0,0.0,21.479664,34.56,62.530518,1001.03186,
55.71_37.64,2023-10-23 18:00:00,4.8,1.431901,rain,0.5,0.0,13.684735,22.319998,96.228874,984.64246,
55.71_37.64,2024-04-02 17:00:00,21.0,19.054203,none,0.0,6.0,15.349684,25.919998,52.62765,985.41504,
55.71_37.65,2023-10-12 18:00:00,11.4,7.719634,rain,0.2,0.0,24.863466,51.48,89.59355,982.27905,
55.71_37.65,2023-10-21 21:00:00,-1.45,-5.0521727,none,0.0,0.0,7.2,10.440001,88.85093,1005.89484,
55.71_37.65,2023-11-01 15:00:00,13.7,11.262149,none,0.0,0.0,15.39184,27.359999,74.50615,989.8711,
55.71_37.65,2023-11-14 18:00:00,2.5,-2.3117683,rain,0.1,0.0,19.8,33.839996,91.460175,986.085,
55.71_37.65,2024-02-01 10:00:00,0.9,-3.894481,none,0.0,61.0,18.35647,25.919998,94.0446,991.8201,
55.71_37.65,2024-04-06 15:00:00,7.8,4.0003824,none,0.0,1.0,13.684735,24.84,66.51303,999.21106,
55.71_37.66,2023-09-28 14:00:00,21.0,18.06792,none,0.0,0.0,18.11841,33.12,45.87922,1009.18256,
55.71_37.66,2023-10-07 16:00:00,7.45,2.6211152,rain,0.6,0.0,26.882141,46.8,93.05453,969.58044,
55.71_37.66,2023-11-03 14:00:00,5.5,2.413855,none,0.0,0.0,6.489992,15.84,67.2144,1001.1669,
55.71_37.66,2023-11-13 22:00:00,4.6,-1.3418226,rain,0.2,0.0,28.856194,45.36,85.333496,982.0708,
55.71_37.66,2023-12-27 08:00:00,-4.0,-7.5076365,snow,0.1,44.0,5.1165614,8.64,94.16003,978.2096,
55.71_37.66,2024-04-02 16:00:00,21.95,19.54364,none,0.0,8.0,15.629971,25.919998,45.071342,984.2043,
55.71_37.66,2024-04-10 18:00:00,18.9,18.80242,none,0.0,0.0,6.151683,16.919998,66.611786,1003.02155,
55.71_37.66,2024-04-26 17:00:00,20.55,18.925348,none,0.0,0.0,18.0036,35.28,62.53744,992.0532,
55.71_37.66,2024-05-07 17:00:00,2.3,-2.7523317,snow,0.8,0.0,21.9718,35.28,95.80991,989.51953,
55.71_37.66,2024-05-08 16:00:00,5.25,-1.4716454,none,0.0,0.0,27.698954,46.44,43.760952,998.05493,
55.71_37.67,2023-10-12 20:00:00,11.0,6.6205387,rain,0.1,0.0,27.333935,44.639996,84.57039,983.25745,
55.71_37.67,2023-10-26 23:00:00,-1.9,-7.887089,snow,0.3,1.0,21.41319,34.2,74.95992,994.9314,
55.71_37.67,2023-10-27 00:00:00,-1.9,-7.887089,snow,0.3,1.0,21.41319,34.2,74.95992,994.6817,
55.71_37.67,2023-11-14 08:00:00,2.7,-1.7453158,none,0.0,0.0,17.287498,30.239998,90.17076,983.2093,
55.71_37.67,2024-04-01 16:00:00,18.55,14.8790245,none,0.0,12.0,20.898611,37.44,48.89961,990.8338,
55.71_37.67,2024-04-05 11:00:00,0.25,-4.3912168,none,0.0,1.0,11.298495,25.919998,56.24451,1004.7707,
55.71_37.67,2024-04-09 08:00:00,10.8,9.116235,none,0.0,0.0,9.028754,15.119999,86.28337,1000.402,
55.71_37.68,2024-03-26 13:00:00,2.95,-0.11303377,none,0.0,34.0,6.12,10.440001,79.20364,995.6802,
55.71_37.69,2023-10-02 10:00:00,12.4,9.861865,none,0.0,0.0,14.707222,27.359999,77.10506,999.8775,
55.71_37.72,2023-10-09 07:00:00,2.5,-3.026931,rain,0.2,0.0,24.703974,44.28,91.460175,979.9541,
55.71_37.72,2024-02-29 05:00:00,-4.05,-9.7543,none,0.0,70.0,19.255793,27.0,85.962326,1009.5654,
55.71_37.72,2024-03-01 12:00:00,1.05,-2.0446339,none,0.0,70.0,6.489992,10.08,91.695045,1012.154,
55.71_37.72,2024-03-25 18:00:00,1.0,-2.0331898,none,0.0,35.0,2.5455842,3.96,69.53055,992.3935,
55.71_37.73,2023-10-02 17:00:00,13.55,11.037434,none,0.0,0.0,10.685391,21.599998,61.12142,999.8897,
55.71_37.73,2024-02-16 19:00:00,-8.9,-14.3234,none,0.0,78.0,14.529915,20.880001,87.12999,1017.8106,
55.71_37.73,2024-02-27 02:00:00,-6.6,-12.751795,none,0.0,72.0,20.172853,29.519999,80.168236,1011.59406,
55.71_37.73,2024-04-04 21:00:00,0.2,-4.617331,none,0.0,1.0,13.358861,23.759998,64.05778,998.8843,
55.71_37.73,2024-04-21 08:00:00,7.35,2.4622555,none,0.0,0.0,19.652176,30.239998,62.477955,1007.07983,
55.71_37.74,2023-10-02 17:00:00,13.55,11.037434,none,0.0,0.0,10.685391,21.599998,61.12142,999.0586,
55.71_37.74,2023-11-08 16:00:00,7.5,5.0379295,none,0.0,0.0,7.2,19.44,78.76333,992.8724,
55.71_37.74,2024-03-28 14:00:00,5.1,1.6463137,none,0.0,28.0,8.473393,12.599999,66.155975,998.4424,
55.71_37.75,2023-10-13 19:00:00,7.85,3.3476543,none,0.0,0.0,16.520823,26.64,58.45167,997.20135,
55.71_37.75,2024-01-06 06:00:00,-17.8,-22.772997,snow,0.5,47.0,7.754637,15.119999,77.69454,994.62335,
55.71_37.75,2024-02-01 14:00:00,1.25,-3.4214282,none,0.0,58.0,17.566378,24.48,92.04101,987.7604,
55.71_37.75,2024-03-12 14:00:00,1.05,-3.401443,none,0.0,60.000004,12.7279215,19.44,72.189186,1007.984,
55.71_37.76,2023-10-03 14:00:00,15.25,11.122007,none,0.0,0.0,20.767975,36.0,52.354942,1000.0429,
55.71_37.76,2024-02-21 21:00:00,-5.55,-11.181572,none,0.0,73.0,17.873556,27.72,87.131615,1004.3292,
55.71_37.77,2023-10-06 20:00:00,4.7,-2.5277395,none,0.0,0.0,36.658184,67.32,79.75095,989.50146,
55.71_37.77,2023-12-08 16:00:00,-13.75,-19.83117,none,0.0,34.0,16.595179,25.199999,80.04268,1019.7124,
55.71_37.77,2024-03-02 19:00:00,-0.45,-4.7365007,none,0.0,64.0,12.245293,17.28,85.07818,1012.4029,
55.71_37.77,2024-03-14 18:00:00,-0.75,-5.850203,none,0.0,58.999996,16.394829,22.68,76.5942,1004.0509,
55.71_37.77,2024-04-09 01:00:00,10.15,8.844364,none,0.0,0.0,7.072878,14.759999,92.25929,998.6807,
55.71_37.77,2024-04-28 19:00:00,10.95,8.332681,none,0.0,0.0,7.2,11.879999,59.021324,1010.0109,
55.71_37.78,2023-11-05 18:00:00,10.05,6.183364,none,0.0,0.0,21.99538,37.8,83.888885,984.0248,
55.71_37.78,2024-03-27 14:00:00,4.4,1.6963372,none,0.0,26.0,6.618519,12.959999,72.83045,998.00977,
55.71_37.78,2024-04-07 15:00:00,14.45,11.863554,none,0.0,0.0,14.154915,29.88,65.218414,999.619,
55.71_37.79,2024-03-24 19:00:00,3.5,-1.0445328,rain,0.1,35.0,19.211996,31.68,91.852776,979.6404,
55.71_37.79,2024-03-27 17:00:00,5.05,1.3444481,none,0.0,25.0,6.8777895,11.5199995,50.853874,995.46106,
55.71_37.79,2024-04-16 15:00:00,12.75,8.199279,none,0.0,0.0,16.1198,31.319998,40.057175,981.9383,
55.71_37.79,2024-05-03 14:00:00,8.35,3.7596207,none,0.0,0.0,16.862455,34.56,33.78778,999.22125,
55.71_37.8,2023-12-07 22:00:00,-13.95,-19.222015,none,0.0,34.0,11.183201,20.16,84.11486,1020.7314,
55.71_37.8,2024-02-14 15:00:00,-10.65,-16.571941,none,0.0,64.0,16.09969,28.8,71.522705,1009.861,
55.71_37.81,2023-10-03 13:00:00,14.45,11.131972,none,0.0,0.0,14.84318,30.599998,54.175346,1000.7831,
55.71_37.81,2024-02-01 16:00:00,0.55,-4.335552,none,0.0,58.0,18.35647,31.319998,92.332756,984.74646,
55.71_37.81,2024-02-09 07:00:00,-17.45,-24.509346,none,0.0,63.0,22.19773,36.719997,79.110115,986.3442,
55.71_37.81,2024-02-09 19:00:00,-12.05,-17.825314,none,0.0,63.0,14.707222,26.64,73.33179,988.28046,
55.71_37.81,2024-02-12 13:00:00,-2.15,-6.8395543,snow,0.4,63.0,14.021525,24.48,88.45805,994.7188,
55.71_37.82,2023-12-31 01:00:00,0.25,-2.698703,snow,0.1,44.0,5.8048253,14.04,99.27862,980.15875,
55.71_37.82,2024-02-27 13:00:00,-1.1,-6.505308,none,0.0,68.0,18.057508,30.960001,75.3881,1011.1241,
55.71_37.82,2024-03-14 15:00:00,2.55,-1.8887839,none,0.0,58.999996,12.7279215,23.4,65.33713,1006.1751,
55.71_37.82,2024-04-30 12:00:00,19.95,16.184164,none,0.0,0.0,24.087738,45.719997,39.605656,1013.1981,
55.71_37.83,2023-10-06 15:00:00,10.95,7.946707,rain,0.1,0.0,16.24394,28.44,79.546684,983.3722,
55.71_37.84,2024-02-07 12:00:00,-10.1,-15.90771,snow,0.2,58.999996,16.595179,26.64,87.35488,973.39905,
55.71_37.84,2024-05-09 05:00:00,-1.65,-7.3776445,none,0.0,1.0,19.174856,36.36,70.03331,1001.5743,
55.71_37.85,2023-12-13 16:00:00,-12.25,-18.887686,none,0.0,44.0,20.929594,34.92,79.94538,1005.1039,
55.71_37.85,2024-03-08 13:00:00,-1.35,-6.710756,none,0.0,61.0,18.875126,32.039997,85.29303,996.16455,
55.71_37.86,2024-02-25 21:00:00,-1.45,-7.673071,none,0.0,67.0,23.14103,38.519997,73.352,1010.9038,
55.71_37.86,2024-03-13 12:00:00,1.1,-3.5553217,none,0.0,56.0,12.7279215,22.319998,63.067223,1009.20996,
55.71_37.88,2023-10-01 12:00:00,15.85,13.68395,none,0.0,0.0,16.563911,31.68,71.95192,994.6518,
55.71_37.88,2023-11-05 06:00:00,8.3,3.3744364,rain,0.1,0.0,28.673721,50.399998,92.14926,988.4226,
55.71_37.88,2023-11-09 08:00:00,0.45,-2.2954035,none,0.0,0.0,4.6800003,6.12,99.63932,990.43604,
55.71_37.88,2024-02-15 16:00:00,-11.4,-17.464315,snow,0.1,70.0,17.429354,32.039997,81.7292,1015.4048,
55.71_37.88,2024-02-25 21:00:00,-1.15,-7.2829447,none,0.0,67.0,22.81957,37.079998,73.967094,1011.1775,
55.71_37.88,2024-03-25 09:00:00,1.2,-3.3073728,none,0.0,29.0,15.815435,30.239998,88.43262,986.48236,
55.71_37.88,2024-04-06 09:00:00,2.25,-1.965127,none,0.0,0.0,12.074766,23.759998,71.88821,1000.2041,
55.71_37.88,2024-04-28 18:00:00,13.3,10.795483,none,0.0,0.0,7.628263,12.959999,53.87205,1009.8581,
55.71_37.89,2023-11-17 04:00:00,-2.35,-7.431319,none,0.0,1.0,12.979984,23.759998,59.372475,998.9466,
55.71_37.89,2023-11-29 15:00:00,-4.75,-11.069485,none,0.0,20.0,22.657131,40.32,82.64657,994.59174,
55.71_37.89,2024-04-26 21:00:00,15.0,14.873528,rain,1.1,0.0,9.793058,15.84,93.74581,993.71716,
55.71_37.9,2023-09-27 18:00:00,17.35,16.52424,none,0.0,0.0,3.96,5.3999996,58.17974,1012.51855,
55.71_37.9,2023-11-02 09:00:00,9.55,6.462143,rain,1.2,0.0,19.201874,33.839996,95.71904,984.5462,
55.71_37.9,2024-01-21 15:00:00,-12.6,-17.800514,none,0.0,60.000004,10.853866,17.28,78.255554,1012.4375,
55.71_37.91,2024-02-23 20:00:00,0.45,-5.199218,none,0.0,69.0,23.491207,38.88,92.32669,1006.23987,
55.71_37.92,2023-09-30 20:00:00,16.2,13.874758,none,0.0,0.0,14.336861,24.84,62.79545,998.48474,
55.71_37.92,2023-11-08 10:00:00,6.5,2.9797935,none,0.0,0.0,15.646544,30.239998,89.51405,993.7551,
55.71_37.92,2024-01-02 15:00:00,-20.6,-27.25212,none,0.0,42.0,18.59845,32.760002,75.16134,997.8318,
55.71_37.92,2024-01-25 14:00:00,-0.2,-5.359393,snow,0.2,58.0,19.008547,34.2,88.959206,985.5334,
55.71_37.92,2024-02-17 14:00:00,-4.05,-9.797641,none,0.0,72.0,18.448023,31.319998,75.73068,1008.0732,
55.71_37.92,2024-02-22 11:00:00,-3.3,-8.653824,none,0.0,70.0,17.287498,29.88,85.070694,1003.853,
55.71_37.93,2024-01-12 12:00:00,-13.1,-20.352242,none,0.0,54.000004,24.014996,41.399998,64.43441,989.04193,
55.71_37.94,2023-11-07 15:00:00,8.9,5.5005684,rain,0.3,0.0,16.923828,34.92,83.753456,988.92883,
55.71_37.95,2024-01-09 10:00:00,-9.05,-14.7427635,none,0.0,47.0,15.856354,32.039997,81.0825,1003.38,
55.71_37.95,2024-03-24 01:00:00,0.4,-3.0220013,none,0.0,33.0,8.891344,18.72,97.145546,985.17664,
55.72_37.06,2023-12-11 01:00:00,-9.2,-14.215622,snow,0.1,41.0,11.480557,22.68,85.723564,1009.307,
55.72_37.08,2023-12-25 07:00:00,-3.15,-7.7160554,none,0.0,38.0,12.7279215,22.319998,91.41394,976.45197,
55.72_37.14,2023-12-14 19:00:00,-10.3,-16.751343,snow,0.3,45.0,20.61766,37.44,82.88362,1001.39355,
55.72_37.17,2023-11-26 18:00:00,-5.15,-10.300315,none,0.0,10.0,15.072783,27.359999,89.545105,982.02325,
55.72_37.19,2024-04-29 10:00:00,14.55,12.369019,none,0.0,0.0,8.0899935,19.8,54.389973,1012.4496,
55.72_37.26,2023-11-20 12:00:00,-5.8,-10.878644,none,0.0,2.0,11.91812,24.84,65.930275,998.6972,
55.72_37.38,2023-10-14 18:00:00,12.85,9.152182,rain,5.4,0.0,26.260265,47.519997,85.059044,983.1352,
55.72_37.38,2023-11-22 13:00:00,-7.75,-13.937175,none,0.0,3.0,18.057508,34.92,58.64861,996.65753,
55.72_37.38,2023-11-26 13:00:00,-5.7,-10.697823,none,0.0,10.0,13.527572,25.56,88.13054,981.7547,
55.72_37.38,2024-02-11 03:00:00,-16.15,-22.00128,none,0.0,58.999996,14.33234,23.039999,81.030624,999.31604,
55.72_37.38,2024-02-18 23:00:00,-5.0,-10.499531,none,0.0,72.0,16.80857,29.88,81.977615,1002.0951,
55.72_37.38,2024-03-22 10:00:00,-3.5,-7.4087167,none,0.0,41.0,8.78872,19.08,98.88575,998.11456,
55.72_37.39,2023-10-08 12:00:00,4.1,-2.9017491,rain,0.2,0.0,32.569557,69.479996,70.16978,963.46313,
55.72_37.39,2024-04-01 10:00:00,13.35,10.50713,none,0.0,9.0,16.263872,30.599998,71.001335,989.027,
55.72_37.39,2024-04-11 21:00:00,9.2,5.0438395,none,0.0,0.0,14.471821,24.119999,54.517136,998.59656,
55.72_37.4,2023-10-18 16:00:00,4.8,2.049827,snow,0.5,0.0,7.342588,14.04,85.96354,985.11633,
55.72_37.4,2023-12-29 17:00:00,1.7,-3.3716354,none,0.0,41.0,20.364674,34.92,89.444244,980.5076,
55.72_37.4,2024-01-19 14:00:00,-5.8,-10.354847,none,0.0,62.0,9.422101,21.599998,77.51492,981.48016,
55.72_37.4,2024-02-20 08:00:00,-9.35,-14.373573,none,0.0,71.0,11.609651,19.8,87.779434,1005.79944,
55.72_37.4,2024-04-13 16:00:00,13.05,9.935553,none,0.0,0.0,9.227524,19.44,47.54005,990.9413,
55.72_37.41,2023-10-03 14:00:00,15.35,11.258421,none,0.0,0.0,20.073025,40.68,50.948116,998.3985,
55.72_37.41,2023-12-26 17:00:00,-2.1,-8.144162,none,0.0,41.0,22.668568,41.039997,82.9937,973.33875,
55.72_37.41,2024-01-28 20:00:00,-12.7,-17.635448,none,0.0,58.999996,9.9571085,12.959999,95.646484,1011.0797,
55.72_37.41,2024-04-01 14:00:00,17.85,14.4932575,none,0.0,7.0,21.129885,39.96,55.995205,987.49646,
55.72_37.41,2024-04-08 17:00:00,15.95,13.737457,none,0.0,0.0,16.171976,36.0,69.84717,995.22644,
55.72_37.41,2024-05-04 19:00:00,11.0,8.879413,none,0.0,0.0,4.32,22.68,60.5083,988.3394,
55.72_37.42,2023-10-20 13:00:00,5.5,2.1671743,rain,0.1,0.0,11.090103,25.56,80.72438,992.7134,
55.72_37.42,2023-11-08 15:00:00,7.5,5.014187,none,0.0,0.0,7.5685663,19.08,79.59612,992.05164,
55.72_37.42,2023-11-25 20:00:00,-6.65,-10.426102,none,0.0,10.0,4.829907,8.64,91.16882,981.6379,
55.72_37.42,2023-12-15 21:00:00,-11.4,-17.38499,none,0.0,54.000004,16.946787,29.519999,82.73485,995.7858,
55.72_37.42,2023-12-30 17:00:00,1.9,-2.9610286,none,0.0,41.0,19.35314,33.839996,90.762695,980.9104,
55.72_37.42,2024-02-18 08:00:00,0.4,-5.05688,snow,0.1,73.0,21.575987,36.719997,88.685196,995.0397,
55.72_37.42,2024-03-15 08:00:00,-2.7,-7.6812725,none,0.0,56.0,15.575981,25.56,88.40818,1002.17926,
55.72_37.42,2024-04-10 12:00:00,18.15,17.521698,none,0.0,0.0,10.966713,25.199999,65.79974,1001.2229,
55.72_37.42,2024-04-27 21:00:00,8.45,6.684019,none,0.0,0.0,5.95906,11.879999,87.23705,1000.70654,
55.72_37.43,2023-10-20 11:00:00,5.15,1.9381514,none,0.0,0.0,10.823973,25.199999,85.39371,992.1294,
55.72_37.43,2023-12-02 17:00:00,-5.75,-9.404623,none,0.0,28.0,4.68,11.879999,92.289955,990.62476,
55.72_37.43,2024-01-30 18:00:00,-1.8,-5.8574715,none,0.0,57.0,10.495713,14.759999,92.531296,1008.00903,
55.72_37.43,2024-02-12 08:00:00,-4.85,-9.978924,none,0.0,60.000004,15.273505,20.519999,90.94859,992.03723,
55.72_37.44,2023-10-06 02:00:00,10.2,6.3947096,rain,0.1,0.0,21.407139,35.64,82.48681,985.8011,
55.72_37.44,2023-10-09 19:00:00,3.4,-2.0973616,none,0.0,0.0,23.773632,42.839996,81.892845,983.4759,
55.72_37.44,2023-12-01 10:00:00,-4.55,-9.114542,none,0.0,25.0,11.159999,19.44,86.567764,985.9727,
55.72_37.44,2024-02-15 09:00:00,-12.9,-20.651913,snow,1.6,66.0,28.348713,40.68,80.174934,1009.29285,
55.72_37.45,2023-10-24 15:00:00,0.65,-3.901364,none,0.0,0.0,13.75558,25.199999,76.5453,992.88403,
55.72_37.45,2023-11-07 17:00:00,7.35,3.93285,none,0.0,0.0,15.745627,27.72,87.73861,984.69824,
55.72_37.45,2023-11-15 06:00:00,0.8,-1.9428587,none,0.0,0.0,4.39436,10.08,95.41316,981.5348,
55.72_37.45,2023-12-28 21:00:00,-4.95,-10.803475,none,0.0,42.0,19.559633,27.72,84.87872,992.5608,
55.72_37.45,2024-01-06 11:00:00,-17.0,-22.182575,none,0.0,50.0,9.511088,16.56,80.90158,992.79614,
55.72_37.45,2024-01-07 08:00:00,-26.8,-32.136414,none,0.0,51.0,8.654986,14.04,74.26355,1002.12286,
55.72_37.45,2024-04-02 23:00:00,13.25,9.97344,none,0.0,3.0,18.03237,30.960001,68.14115,977.0788,
55.72_37.45,2024-04-09 12:00:00,17.55,16.879725,none,0.0,0.0,8.435069,20.16,65.88946,996.6088,
55.72_37.45,2024-04-20 15:00:00,10.25,5.5082617,rain,0.4,0.0,19.862083,37.079998,54.405228,998.1857,
55.72_37.46,2023-09-27 18:00:00,15.4,14.617611,none,0.0,0.0,3.7585104,3.96,66.09093,1008.9691,
55.72_37.46,2023-10-09 19:00:00,3.35,-2.1779416,none,0.0,0.0,23.710857,40.32,80.71141,986.60626,
55.72_37.46,2023-11-13 09:00:00,3.7,-1.0893149,none,0.0,0.0,21.261345,35.28,92.52022,971.66174,
55.72_37.46,2024-05-07 12:00:00,2.55,-3.006016,snow,0.7,0.0,23.740902,40.32,84.49217,984.33905,
55.72_37.47,2023-11-01 15:00:00,13.55,11.259241,none,0.0,0.0,14.759999,27.0,76.255104,985.54156,
55.72_37.47,2024-04-14 11:00:00,12.7,9.47337,rain,0.1,0.0,15.349684,29.519999,63.94346,990.1205,
55.72_37.47,2024-04-18 19:00:00,6.75,2.4140625,rain,0.3,0.0,21.749483,37.44,90.1585,987.1587,
55.72_37.48,2023-11-09 19:00:00,5.4,1.9583507,none,0.0,0.0,12.979984,21.96,86.63596,993.33105,
55.72_37.51,2023-11-30 17:00:00,-5.5,-11.1377125,none,0.0,25.0,17.81909,30.599998,85.80257,988.2129,
55.72_37.51,2024-03-19 15:00:00,1.75,-1.6681554,none,0.0,49.0,7.9932976,12.599999,82.87321,1007.3047,
55.72_37.52,2023-10-06 12:00:00,11.9,9.311884,rain,0.4,0.0,14.081477,32.760002,76.76439,980.16156,
55.72_37.54,2024-05-01 00:00:00,12.9,10.919654,none,0.0,0.0,10.703569,20.16,74.11631,1008.6098,
55.72_37.56,2023-12-26 15:00:00,-0.15,-6.5008307,none,0.0,44.0,26.807312,36.719997,86.06094,976.0924,
55.72_37.56,2024-01-21 14:00:00,-13.7,-19.274738,none,0.0,65.0,13.207634,18.0,81.39564,1013.2006,
55.72_37.56,2024-05-01 17:00:00,17.75,13.476574,none,0.0,0.0,17.786331,33.839996,36.440186,1005.17847,
55.72_37.57,2023-10-18 14:00:00,5.55,1.1871157,none,0.0,0.0,15.941944,29.16,70.208626,991.57355,
55.72_37.57,2023-10-29 01:00:00,-0.6,-5.5498114,snow,0.6,9.0,18.0,28.08,94.66476,980.37024,
55.72_37.57,2023-11-12 18:00:00,5.15,0.23344135,none,0.0,0.0,24.651457,40.32,95.569145,979.18567,
55.72_37.57,2023-12-21 18:00:00,0.35,-5.105566,none,0.0,44.0,22.26477,31.319998,93.67667,978.92737,
55.72_37.57,2024-01-22 12:00:00,-10.2,-16.48948,none,0.0,65.0,20.018072,28.8,89.82669,1016.48016,
55.72_37.57,2024-03-13 09:00:00,-3.45,-7.416521,none,0.0,63.0,7.2,14.759999,80.94392,1011.0398,
55.72_37.57,2024-05-01 16:00:00,18.5,13.981129,none,0.0,0.0,19.406637,34.92,32.956387,1005.0622,
55.72_37.58,2023-11-28 19:00:00,-6.3,-12.2736,none,0.0,22.0,19.353138,29.519999,82.76114,991.23413,
55.72_37.58,2023-12-09 17:00:00,-14.6,-21.470158,snow,0.1,38.0,21.758419,31.68,80.583405,1016.05316,
55.72_37.58,2024-04-02 15:00:00,21.1,19.789373,none,0.0,6.0,15.034041,29.16,59.08949,985.7872,
55.72_37.58,2024-04-18 17:00:00,8.2,4.1559925,rain,0.5,0.0,20.268991,33.839996,83.670204,990.7389,
55.72_37.58,2024-04-29 16:00:00,18.4,15.652746,none,0.0,0.0,6.519877,16.56,31.883623,1016.10547,
55.72_37.59,2024-03-06 15:00:00,-2.55,-6.8210273,none,0.0,65.0,5.904439,12.24,47.683403,1009.11383,
55.72_37.6,2023-11-09 09:00:00,1.35,-1.1424322,none,0.0,0.0,3.8939953,7.2,99.28507,989.9788,
55.72_37.6,2023-12-20 17:00:00,1.8,-3.0273104,none,0.0,43.0,19.453327,28.08,93.41221,981.2962,
55.72_37.6,2024-02-21 08:00:00,-10.65,-16.763605,none,0.0,75.0,18.345877,25.56,85.903404,1006.2978,
55.72_37.6,2024-03-07 13:00:00,-0.25,-4.767125,none,0.0,64.0,10.636766,16.919998,61.54892,1003.4585,
55.72_37.6,2024-04-06 12:00:00,5.15,1.2781811,rain,0.1,1.0,12.57426,23.039999,72.185745,998.71924,
55.72_37.6,2024-04-15 12:00:00,9.75,2.877262,none,0.0,0.0,31.99142,53.639996,48.68669,979.36914,
55.72_37.61,2023-10-10 10:00:00,3.0,-2.31702,rain,0.1,0.0,20.620804,35.64,73.637085,993.12933,
55.72_37.61,2023-10-17 17:00:00,3.65,-2.0732749,snow,0.7,0.0,26.282465,41.760002,85.53463,986.38995,
55.72_37.61,2023-10-20 02:00:00,4.1,2.0617685,rain,0.2,0.0,2.9024127,4.32,92.54354,991.8265,
55.72_37.61,2024-03-03 17:00:00,0.7,-3.7981775,none,0.0,66.0,12.879752,16.56,72.934326,1013.32263,
55.72_37.61,2024-03-24 20:00:00,3.45,-1.7920635,rain,0.2,38.0,23.933908,36.36,91.84961,979.67303,
55.72_37.61,2024-04-29 18:00:00,17.95,15.7961445,none,0.0,0.0,3.7585104,10.799999,37.018738,1014.53735,
55.72_37.62,2024-02-07 14:00:00,-6.35,-13.509351,snow,0.6,61.0,27.783045,41.039997,86.37656,969.05365,
55.72_37.62,2024-03-05 10:00:00,-0.8,-6.628087,none,0.0,65.0,22.682856,31.319998,86.31103,1006.4829,
55.72_37.62,2024-05-06 19:00:00,6.9,2.2110386,none,0.0,0.0,17.429354,30.599998,60.80785,992.7954,
55.72_37.64,2023-10-06 17:00:00,7.35,0.96743155,rain,0.6,0.0,35.931534,59.039997,87.13181,986.5919,
55.72_37.64,2023-12-01 05:00:00,-6.9,-12.577663,none,0.0,25.0,17.148247,31.68,84.64721,993.3187,
55.72_37.65,2023-11-21 16:00:00,-8.05,-14.339802,none,0.0,2.0,18.919704,31.319998,62.025116,998.9124,
55.72_37.65,2023-11-26 15:00:00,-5.05,-10.021662,none,0.0,10.0,13.746156,21.599998,87.85393,987.0219,
55.72_37.65,2023-12-29 17:00:00,1.65,-3.8473465,none,0.0,45.0,23.177402,33.839996,89.11664,986.35156,
55.72_37.65,2023-12-30 17:00:00,1.7,-3.4729972,none,0.0,45.0,21.382906,32.760002,91.406586,986.3304,
55.72_37.65,2024-05-01 17:00:00,17.05,13.365734,none,0.0,0.0,15.509274,30.599998,41.894554,1004.80615,
55.72_37.66,2023-10-04 09:00:00,14.45,10.172244,none,0.0,0.0,26.544964,50.399998,67.24037,990.05115,
55.72_37.66,2023-10-04 13:00:00,17.25,11.575095,none,0.0,0.0,37.490158,60.120003,59.143227,988.5457,
55.72_37.66,2024-02-04 14:00:00,0.7,-6.2182093,none,0.0,63.0,30.5173,47.88,79.740005,968.60834,
55.72_37.66,2024-02-25 14:00:00,-1.6,-8.643671,snow,0.1,74.0,29.88,46.079998,82.74699,1010.4155,
55.72_37.66,2024-03-11 18:00:00,-0.75,-6.9568644,none,0.0,64.0,23.14103,32.760002,70.48737,1005.40955,
55.72_37.66,2024-04-23 23:00:00,4.45,1.498209,none,0.0,0.0,9.360001,15.119999,91.265724,1003.4155,
55.72_37.66,2024-04-24 07:00:00,5.3,2.6713538,none,0.0,0.0,4.1046314,12.959999,71.69541,1004.37787,
55.72_37.67,2024-03-17 18:00:00,2.6,-1.9195349,none,0.0,56.0,15.546833,20.880001,78.00393,997.844,
55.72_37.68,2023-10-26 16:00:00,-0.6,-6.598472,none,0.0,0.0,19.770523,34.92,55.796547,997.36584,
55.72_37.68,2024-01-13 11:00:00,-27.3,-33.136845,none,0.0,58.999996,12.074766,17.64,77.02177,997.77234,
55.72_37.68,2024-03-28 10:00:00,1.55,-2.2011385,none,0.0,30.000002,9.83268,14.4,81.34477,999.492,
55.72_37.68,2024-04-05 15:00:00,3.65,-0.23791695,none,0.0,1.0,8.534353,22.319998,52.209393,1003.3119,
55.72_37.69,2023-11-09 17:00:00,5.2,1.6506348,none,0.0,0.0,13.849477,23.4,88.46965,992.654,
55.72_37.69,2023-11-13 17:00:00,3.45,-2.4139616,none,0.0,0.0,24.766848,42.839996,73.451416,981.1468,
55.72_37.69,2024-02-20 13:00:00,-8.05,-13.521154,none,0.0,77.0,15.39184,23.039999,88.25262,1010.14905,
55.72_37.69,2024-04-16 15:00:00,11.6,6.4887295,none,0.0,0.0,20.966715,39.239998,46.286255,983.39294,
55.72_37.7,2023-10-04 16:00:00,14.65,10.454599,rain,0.5,0.0,29.871325,54.719997,76.17865,989.3525,
55.72_37.7,2023-10-08 21:00:00,2.25,-3.3939428,rain,0.3,0.0,25.620771,43.199997,93.771324,969.522,
55.72_37.7,2023-10-20 16:00:00,4.6,1.0806007,none,0.0,0.0,12.245293,24.84,85.333496,994.3615,
55.72_37.7,2023-11-21 07:00:00,-8.75,-14.870934,none,0.0,2.0,17.76081,30.599998,65.49688,994.1032,
55.72_37.7,2023-11-30 16:00:00,-4.8,-10.833309,none,0.0,25.0,20.892412,32.399998,84.89634,987.93713,
55.72_37.7,2024-02-29 11:00:00,-0.85,-5.690796,none,0.0,70.0,15.226764,28.44,81.61674,1005.7837,
55.72_37.7,2024-03-22 06:00:00,-8.3,-13.135431,none,0.0,46.0,11.4862,14.4,95.8049,1001.13983,
55.72_37.71,2023-11-07 17:00:00,8.5,4.8592434,none,0.0,0.0,17.654688,32.039997,82.55581,989.70776,
55.72_37.72,2023-12-03 18:00:00,-6.15,-12.312451,snow,0.4,33.0,21.288757,32.760002,88.77229,987.5932,
55.72_37.72,2024-04-28 13:00:00,14.45,11.380743,none,0.0,0.0,9.47012,19.8,44.818985,1011.3971,
55.72_37.73,2023-09-28 17:00:00,19.6,17.470821,none,0.0,0.0,15.192682,30.960001,54.76823,1009.27545,
55.72_37.73,2023-12-25 00:00:00,-9.1,-14.230457,none,0.0,43.0,12.88981,18.0,93.5408,976.92816,
55.72_37.73,2023-12-30 18:00:00,1.65,-3.183185,none,0.0,46.0,19.107151,32.760002,92.06601,984.8857,
55.72_37.73,2024-02-29 09:00:00,-3.15,-8.805024,none,0.0,70.0,19.353138,27.0,84.12554,1007.88165,
55.72_37.74,2023-11-26 17:00:00,-4.75,-10.185144,none,0.0,10.0,17.373497,26.64,90.264786,984.10126,
55.72_37.74,2024-01-31 15:00:00,-1.55,-6.7876005,none,0.0,61.0,18.899143,27.0,93.23418,1002.9285,
55.72_37.75,2024-04-14 16:00:00,12.95,9.132701,none,0.0,0.0,16.08761,34.2,53.5905,988.6023,
55.72_37.77,2024-01-03 22:00:00,-27.6,-33.1436,none,0.0,44.0,10.086427,17.64,80.689865,994.9019,
55.72_37.77,2024-01-26 13:00:00,-3.75,-7.4616385,snow,0.1,62.0,6.28713,13.679999,90.34215,991.8217,
55.72_37.77,2024-03-12 14:00:00,1.75,-2.3076458,none,0.0,60.000004,9.449572,19.08,65.1531,1007.2096,
55.72_37.77,2024-04-26 10:00:00,18.6,18.17165,none,0.0,0.0,12.10157,25.199999,75.08766,991.2649,
55.72_37.77,2024-04-30 10:00:00,17.45,14.70813,none,0.0,0.0,17.447933,33.48,58.400635,1013.3814,
55.72_37.78,2023-10-15 17:00:00,10.55,7.4290447,none,0.0,0.0,16.135872,28.08,78.67659,984.4073,
55.72_37.78,2023-11-15 18:00:00,1.9,-0.632776,none,0.0,0.0,2.9024127,6.12,87.85625,986.21387,
55.72_37.78,2023-12-29 22:00:00,1.45,-2.625192,none,0.0,42.0,13.584932,27.72,91.38974,981.6771,
55.72_37.78,2024-01-11 08:00:00,0.1,-6.2273827,snow,0.3,56.0,27.44749,46.44,89.96979,970.64874,
55.72_37.78,2024-02-15 18:00:00,-11.45,-17.131786,snow,0.3,73.0,15.077082,27.359999,86.512024,1014.70734,
55.72_37.78,2024-03-09 14:00:00,-4.0,-9.81222,none,0.0,61.0,17.654686,31.68,64.04293,999.0173,
55.72_37.78,2024-05-01 19:00:00,15.0,11.995445,none,0.0,0.0,11.966953,25.199999,50.499775,1001.8545,
55.72_37.79,2024-03-19 07:00:00,-1.4,-5.5085926,none,0.0,49.0,11.753877,18.72,96.74666,1003.63226,
55.72_37.79,2024-05-06 16:00:00,9.05,5.3058662,none,0.0,0.0,12.599998,23.759998,58.544937,990.60535,
55.72_37.8,2023-10-09 21:00:00,3.5,-1.9007394,rain,0.1,0.0,23.166218,42.12,81.61138,986.15393,
55.72_37.8,2023-11-15 13:00:00,3.4,0.7077503,none,0.0,0.0,5.04,12.24,84.590744,984.42755,
55.72_37.8,2023-12-13 15:00:00,-11.9,-18.23627,rain,0.1,44.0,19.09358,37.079998,81.657425,1002.1864,
55.72_37.8,2024-02-01 23:00:00,-0.75,-5.601567,none,0.0,58.0,16.434305,26.64,89.24101,979.60754,
55.72_37.8,2024-02-03 16:00:00,-3.2,-7.805745,none,0.0,57.0,13.039754,21.96,92.10038,975.7066,
55.72_37.8,2024-03-21 07:00:00,-7.3,-11.27701,none,0.0,44.0,5.3999996,7.2,86.27405,1005.2953,
55.72_37.8,2024-05-04 19:00:00,11.15,7.865287,none,0.0,0.0,8.4963045,19.08,47.85797,991.767,
55.72_37.81,2023-11-10 21:00:00,3.25,-0.32812715,none,0.0,0.0,12.10157,20.880001,90.859184,998.64136,
55.72_37.81,2024-02-21 21:00:00,-5.65,-11.198429,none,0.0,73.0,17.238699,29.16,87.121475,1002.5052,
55.72_37.81,2024-03-30 07:00:00,2.25,-1.5094581,none,0.0,20.0,12.641076,23.039999,93.43559,989.67413,
55.72_37.82,2023-11-01 09:00:00,11.1,8.023149,none,0.0,1.0,21.407139,36.719997,93.55838,989.1001,
55.72_37.82,2024-03-26 23:00:00,-0.05,-3.7478118,none,0.0,28.0,8.707237,14.759999,86.071625,995.26196,
55.72_37.83,2023-10-27 15:00:00,-1.0,-6.126783,snow,0.8,4.0,17.873556,32.760002,87.58144,985.7505,
55.72_37.83,2023-11-23 16:00:00,-7.55,-13.997154,snow,0.4,4.0,20.774214,39.96,69.043205,978.5829,
55.72_37.83,2023-12-04 16:00:00,-7.35,-12.983891,none,0.0,34.0,16.454008,27.0,82.94654,996.6159,
55.72_37.83,2024-04-20 10:00:00,6.3,2.2401085,rain,0.3,0.0,15.408671,34.56,73.44682,998.08057,
55.72_37.84,2024-01-29 23:00:00,-2.0,-7.816559,none,0.0,60.000004,21.915693,38.16,88.802795,1010.3468,
55.72_37.84,2024-04-14 20:00:00,10.75,7.2849026,rain,0.3,0.0,18.089775,31.68,76.31641,984.2833,
55.72_37.85,2023-10-29 23:00:00,-0.65,-4.7242866,none,0.0,10.0,11.013882,21.599998,87.93981,996.5505,
55.72_37.85,2024-05-01 20:00:00,10.7,8.109144,none,0.0,0.0,8.707237,20.880001,65.519104,1002.77606,
55.72_37.86,2023-11-14 16:00:00,2.6,-2.3245559,rain,0.3,0.0,21.096123,39.239998,93.78853,984.06946,
55.72_37.86,2024-01-26 14:00:00,-3.65,-7.279223,snow,0.1,60.000004,5.7599998,12.24,90.008896,993.27875,
55.72_37.88,2023-12-19 16:00:00,1.1,-5.5103645,snow,0.9,47.0,30.96837,50.76,93.714294,982.4724,
55.72_37.91,2023-10-22 15:00:00,2.95,-1.5526676,none,0.0,0.0,15.683774,29.519999,77.49286,1002.04565,
55.72_37.93,2023-11-17 07:00:00,-3.9,-8.432866,none,0.0,1.0,8.854829,18.0,63.315,1001.42737,
55.72_37.93,2024-01-12 06:00:00,-13.55,-20.438456,none,0.0,54.000004,22.148046,38.519997,79.07918,986.52484,
55.72_37.93,2024-03-27 09:00:00,1.15,-2.7241006,none,0.0,24.0,9.826088,19.44,78.348526,998.0484,
55.73_37.04,2024-02-16 16:00:00,-7.75,-12.46013,none,0.0,70.0,9.983106,19.44,83.88072,1011.82904,
55.73_37.04,2024-04-04 12:00:00,3.75,-0.52099466,rain,0.1,0.0,15.03835,30.599998,78.18559,986.31305,
55.73_37.22,2024-03-19 16:00:00,2.25,-1.0599682,none,0.0,43.0,6.519877,18.0,75.694084,1002.864,
55.73_37.23,2024-02-28 00:00:00,-6.35,-11.817945,none,0.0,63.0,15.856356,27.72,82.754486,1005.52515,
55.73_37.38,2023-10-20 17:00:00,4.05,0.26596403,none,0.0,0.0,14.182355,25.199999,89.31601,989.8703,
55.73_37.38,2023-12-14 10:00:00,-11.2,-17.884937,snow,0.1,44.0,21.767351,37.079998,81.7578,1000.7814,
55.73_37.4,2024-03-13 10:00:00,-3.0,-7.2656355,none,0.0,57.0,8.942214,18.359999,75.62562,1004.33905,
55.73_37.41,2023-10-02 18:00:00,10.45,8.615399,none,0.0,0.0,6.9899354,15.84,78.12385,994.3829,
55.73_37.41,2023-10-17 23:00:00,3.0,-2.3603292,rain,0.1,0.0,23.110207,43.56,85.77198,983.3569,
55.73_37.41,2023-10-18 12:00:00,5.3,1.1501474,none,0.0,0.0,14.81259,32.760002,72.99923,985.01337,
55.73_37.41,2024-03-02 11:00:00,-4.2,-7.814643,none,0.0,62.0,6.162207,14.759999,98.50814,1008.32263,
55.73_37.41,2024-04-20 13:00:00,8.7,4.0223465,rain,0.1,0.0,19.174856,41.039997,60.59248,994.4741,
55.73_37.41,2024-05-05 18:00:00,8.85,2.7836037,none,0.0,0.0,27.086262,55.079998,54.030674,984.85547,
55.73_37.42,2023-10-11 19:00:00,5.65,-1.4028339,none,0.0,0.0,30.319181,54.36,51.023117,993.02515,
55.73_37.42,2023-10-21 21:00:00,-2.0,-5.692131,none,0.0,0.0,7.729527,10.799999,91.8335,1002.4556,
55.73_37.42,2023-11-10 15:00:00,5.5,2.818438,none,0.0,0.0,6.439876,19.08,79.86776,995.9008,
55.73_37.42,2024-01-20 12:00:00,-6.3,-11.199242,none,0.0,61.0,12.074766,21.599998,83.73497,991.68005,
55.73_37.42,2024-04-20 15:00:00,10.15,5.674239,none,0.0,0.0,18.335276,40.32,55.163578,996.28394,
55.73_37.42,2024-04-27 09:00:00,12.35,10.088486,rain,1.2,0.0,16.311613,30.599998,87.60024,992.31866,
55.73_37.43,2024-02-09 10:00:00,-14.5,-21.031172,none,0.0,60.000004,19.201874,32.760002,75.03005,982.3514,
55.73_37.44,2024-01-30 23:00:00,-6.8,-11.22381,none,0.0,56.0,9.885262,11.5199995,99.23508,1007.4692,
55.73_37.44,2024-03-16 16:00:00,3.7,-0.9466822,none,0.0,52.0,16.171976,20.519999,70.86241,998.9405,
55.73_37.45,2023-10-05 16:00:00,13.3,9.106704,none,0.0,0.0,21.518847,40.68,60.223186,993.83093,
55.73_37.45,2023-10-20 17:00:00,4.0,0.2234745,none,0.0,0.0,14.007655,23.039999,88.994865,991.22754,
55.73_37.45,2023-12-11 20:00:00,-7.45,-14.462878,snow,0.1,41.0,25.992397,36.0,84.58096,999.94885,
55.73_37.46,2023-11-17 08:00:00,-4.6,-9.086142,none,0.0,2.0,10.587917,16.199999,86.5625,996.8777,
55.73_37.47,2023-12-28 17:00:00,-4.1,-9.138409,none,0.0,42.0,14.689589,26.64,86.28535,993.7295,
55.73_37.47,2024-04-09 11:00:00,16.05,15.235516,none,0.0,0.0,7.0911775,18.359999,70.567894,998.66016,
55.73_37.47,2024-04-16 00:00:00,3.7,-1.1251388,none,0.0,0.0,20.240196,37.079998,85.846924,977.20667,
55.73_37.48,2023-10-31 13:00:00,10.2,7.699128,none,0.0,2.0,11.720751,23.039999,79.984856,994.26056,
55.73_37.48,2023-12-22 17:00:00,-1.5,-7.9544516,none,0.0,42.0,26.932714,36.719997,90.51294,970.26514,
55.73_37.48,2024-03-11 13:00:00,0.05,-6.3838325,none,0.0,62.0,24.735432,33.839996,66.756,1005.7636,
55.73_37.48,2024-03-22 18:00:00,2.4,-2.8557801,none,0.0,42.0,19.486609,25.199999,72.717735,993.6306,
55.73_37.48,2024-04-21 20:00:00,13.5,8.374762,none,0.0,0.0,28.137634,47.519997,60.06362,993.5492,
55.73_37.48,2024-05-03 13:00:00,7.05,3.059401,none,0.0,0.0,16.766108,34.92,39.24473,1000.6213,
55.73_37.49,2023-09-28 03:00:00,8.55,6.9135075,none,0.0,0.0,6.618519,13.679999,92.47961,1009.2861,
55.73_37.49,2023-10-06 13:00:00,11.9,9.311884,rain,0.4,0.0,14.081477,32.760002,76.76439,981.3327,
55.73_37.49,2023-10-21 18:00:00,1.3,-2.1965075,none,0.0,0.0,7.145796,17.28,76.93878,1002.7933,
55.73_37.49,2023-11-22 13:00:00,-7.05,-13.10907,none,0.0,3.0,17.399586,31.68,58.12183,997.59735,
55.73_37.5,2023-11-22 10:00:00,-7.55,-13.521744,none,0.0,3.0,17.114204,31.319998,64.20427,996.43964,
55.73_37.5,2024-01-17 01:00:00,-4.95,-9.95421,snow,0.2,58.999996,14.277983,19.08,90.24921,971.19116,
55.73_37.5,2024-05-03 09:00:00,3.45,-2.2155213,none,0.0,0.0,18.720001,36.36,48.32663,1000.6437,
55.73_37.51,2023-10-08 19:00:00,2.15,-3.8221388,rain,0.3,0.0,27.248457,47.88,90.78067,968.5667,
55.73_37.51,2023-11-05 14:00:00,11.4,6.776518,none,0.0,0.0,28.038431,54.719997,79.34132,982.8881,
55.73_37.51,2024-03-08 22:00:00,-5.25,-11.278774,none,0.0,63.0,20.63023,27.0,85.50021,997.2509,
55.73_37.51,2024-05-09 08:00:00,-0.3,-7.0662746,snow,0.1,1.0,25.501621,44.639996,57.859512,1002.3946,
55.73_37.52,2024-02-19 17:00:00,-6.45,-10.432329,none,0.0,76.0,5.495161,10.440001,81.45711,1010.74786,
55.73_37.53,2023-12-23 13:00:00,0.75,-3.6001158,none,0.0,42.0,14.332341,20.16,88.715866,968.48114,
55.73_37.53,2024-02-08 16:00:00,-12.45,-19.427546,none,0.0,64.0,22.450264,29.519999,66.80979,980.95575,
55.73_37.54,2023-10-22 15:00:00,3.15,-1.102792,none,0.0,0.0,14.021525,24.119999,76.68318,1001.2896,
55.73_37.54,2024-01-01 04:00:00,-12.45,-19.196424,none,0.0,46.0,21.313093,34.56,74.79164,994.93353,
55.73_37.55,2023-12-08 06:00:00,-14.6,-20.317228,none,0.0,35.0,14.081478,19.8,85.44741,1022.9433,
55.73_37.55,2024-02-06 23:00:00,-12.7,-18.204004,none,0.0,60.000004,13.708391,18.0,92.96494,979.88434,
55.73_37.55,2024-03-02 21:00:00,-1.75,-6.4397607,none,0.0,66.0,14.4,18.72,88.82472,1014.9286,
55.73_37.55,2024-03-12 15:00:00,1.65,-2.3361993,none,0.0,63.0,9.0,14.4,65.867294,1009.64825,
55.73_37.56,2023-10-20 21:00:00,3.0,-1.2850533,none,0.0,0.0,17.309975,30.599998,94.4789,996.6423,
55.73_37.56,2024-03-31 12:00:00,11.6,10.9530945,none,0.0,18.0,0.8049845,14.4,71.15108,1002.856,
55.73_37.56,2024-04-13 22:00:00,7.25,4.5934286,none,0.0,0.0,7.145796,10.08,74.406364,997.7038,
55.73_37.56,2024-04-23 12:00:00,13.4,9.176447,none,0.0,0.0,18.043148,32.399998,41.579144,1004.8198,
55.73_37.57,2023-11-14 15:00:00,2.8,-2.4100358,rain,0.3,0.0,23.113008,37.079998,92.79853,983.9554,
55.73_37.57,2024-04-27 09:00:00,13.65,12.136765,rain,0.9,0.0,13.556282,26.28,86.852844,996.62683,
55.73_37.58,2023-12-08 14:00:00,-14.15,-20.86907,none,0.0,35.0,20.771093,30.960001,78.65072,1020.2452,
55.73_37.58,2023-12-11 17:00:00,-7.95,-14.944792,snow,0.3,41.0,25.812277,36.719997,87.22721,1006.52966,
55.73_37.58,2024-02-22 16:00:00,-2.65,-8.74049,none,0.0,75.0,22.90743,34.2,85.79011,1001.99927,
55.73_37.58,2024-04-08 15:00:00,17.3,14.362175,none,0.0,0.0,20.545246,34.56,62.835537,1000.03754,
55.73_37.58,2024-04-12 17:00:00,14.05,8.496903,rain,0.1,0.0,30.096085,52.92,55.40312,994.5854,
55.73_37.59,2023-11-05 15:00:00,11.0,6.3284016,none,0.0,0.0,26.282465,44.28,74.80201,984.8301,
55.73_37.59,2024-03-26 15:00:00,3.8,0.20016956,none,0.0,32.0,8.557102,10.440001,68.08213,996.11993,
55.73_37.59,2024-04-07 15:00:00,14.45,11.773573,none,0.0,1.0,14.685176,28.08,64.99709,1001.89056,
55.73_37.59,2024-04-30 13:00:00,20.4,16.457857,none,0.0,0.0,25.567604,44.28,39.46159,1013.6317,
55.73_37.59,2024-05-01 17:00:00,16.95,13.314413,none,0.0,0.0,15.175612,30.599998,42.160778,1004.4275,
55.73_37.6,2024-04-06 15:00:00,7.7,3.542818,none,0.0,1.0,14.587776,26.64,60.78399,1000.0538,
55.73_37.6,2024-04-28 17:00:00,14.85,11.972361,none,0.0,0.0,7.42159,14.04,41.851562,1011.68744,
55.73_37.61,2023-12-26 14:00:00,0.45,-5.106432,snow,0.1,44.0,22.553936,33.12,90.32675,973.3641,
55.73_37.61,2024-01-14 16:00:00,-14.0,-20.856771,none,0.0,58.0,21.829777,30.960001,80.00354,986.0923,
55.73_37.61,2024-02-19 13:00:00,-6.6,-11.239208,none,0.0,77.0,9.885262,17.64,81.11724,1012.63965,
55.73_37.61,2024-03-16 13:00:00,3.7,-0.5480921,none,0.0,58.999996,14.561099,19.8,76.77459,1003.95996,
55.73_37.61,2024-04-07 14:00:00,14.65,11.861097,rain,0.1,1.0,15.629971,29.16,64.60089,1000.7568,
55.73_37.61,2024-04-16 16:00:00,12.35,8.022947,none,0.0,0.0,14.33234,29.88,40.379135,984.8445,
55.73_37.61,2024-04-25 18:00:00,18.5,17.007706,none,0.0,0.0,11.631956,26.64,60.24213,993.01416,
55.73_37.61,2024-05-01 17:00:00,17.95,13.521692,none,0.0,0.0,18.171976,33.48,34.60395,1002.97595,
55.73_37.62,2023-09-29 20:00:00,15.85,15.201498,none,0.0,0.0,10.739832,16.56,82.63714,1004.7618,
55.73_37.62,2023-11-04 21:00:00,6.25,1.8707285,rain,0.1,0.0,22.26768,36.0,94.29053,994.5043,
55.73_37.62,2023-11-10 21:00:00,3.3,-0.43841743,none,0.0,0.0,12.904882,20.519999,88.935646,1001.5527,
55.73_37.62,2024-01-09 18:00:00,-8.05,-14.193012,snow,0.3,52.0,19.862083,29.88,86.53269,997.00226,
55.73_37.62,2024-01-16 22:00:00,-5.0,-10.58257,none,0.0,60.000004,18.278645,25.199999,90.93769,973.41534,
55.73_37.62,2024-02-08 11:00:00,-16.3,-23.676596,none,0.0,65.0,24.490585,34.92,74.68459,981.22046,
55.73_37.62,2024-02-10 14:00:00,-17.85,-22.184847,none,0.0,64.0,3.4152596,7.5599995,79.04383,1001.13794,
55.73_37.63,2023-10-24 15:00:00,1.8,-2.5928075,none,0.0,0.0,13.849476,25.56,77.590515,996.9171,
55.73_37.63,2024-04-10 09:00:00,15.55,14.802399,none,0.0,0.0,9.3876505,20.16,79.40756,1002.30383,
55.73_37.64,2023-12-12 19:00:00,-7.8,-15.183193,snow,0.3,43.0,28.33957,42.12,84.53861,1003.8769,
55.73_37.64,2024-01-16 00:00:00,-1.9,-8.662579,snow,0.2,60.000004,28.528723,41.760002,89.14363,977.3641,
55.73_37.64,2024-03-22 13:00:00,2.4,-1.6778936,none,0.0,44.0,13.797912,19.44,78.54434,1001.01215,
55.73_37.64,2024-04-10 17:00:00,19.85,18.911396,none,0.0,0.0,9.178235,17.28,57.8248,1004.5358,
55.73_37.64,2024-04-22 18:00:00,11.1,5.4374237,none,0.0,0.0,27.887802,47.88,57.820614,998.80347,
55.73_37.65,2024-04-17 18:00:00,10.5,7.555154,none,0.0,0.0,10.105681,15.84,62.995888,984.98065,
55.73_37.66,2023-10-27 14:00:00,-0.35,-5.7845006,none,0.0,3.0,19.809813,34.2,82.29518,986.60364,
55.73_37.66,2023-11-04 01:00:00,-1.15,-5.0758514,none,0.0,0.0,10.315115,16.199999,93.60043,1002.2004,
55.73_37.66,2023-11-06 15:00:00,10.2,6.391411,rain,0.4,0.0,24.144167,40.32,91.64193,978.39185,
55.73_37.66,2024-02-07 13:00:00,-8.4,-14.959143,snow,0.4,62.0,22.553936,30.960001,86.83764,970.5118,
55.73_37.66,2024-03-02 18:00:00,-0.45,-4.8356533,none,0.0,68.0,13.1041975,18.0,86.34782,1014.0476,
55.73_37.66,2024-03-21 19:00:00,-1.75,-6.7716045,none,0.0,46.0,14.264361,16.919998,70.01241,1004.65546,
55.73_37.66,2024-04-04 18:00:00,1.95,-3.7574298,none,0.0,1.0,20.056877,34.56,60.01971,995.4945,
55.73_37.67,2023-11-17 18:00:00,-6.35,-10.591438,none,0.0,1.0,6.638072,9.72,73.84524,1006.2149,
55.73_37.67,2023-11-27 09:00:00,0.85,-4.72838,snow,1.3,23.0,24.490587,36.719997,99.28214,967.9174,
55.73_37.67,2023-12-06 12:00:00,-16.25,-20.216057,none,0.0,35.0,1.609969,6.12,86.70563,1011.98676,
55.73_37.67,2024-02-05 06:00:00,-3.6,-8.970149,none,0.0,62.0,17.58481,26.64,88.661026,968.85864,
55.73_37.67,2024-02-09 07:00:00,-17.65,-25.225143,none,0.0,66.0,25.721743,36.36,80.10802,986.65955,
55.73_37.68,2024-02-07 20:00:00,-6.6,-12.421399,snow,0.1,65.0,18.792551,32.399998,90.119255,962.2818,
55.73_37.68,2024-04-09 13:00:00,18.8,16.518835,none,0.0,0.0,15.646544,28.44,56.423584,999.7391,
55.73_37.68,2024-04-21 05:00:00,5.9,1.5630322,none,0.0,0.0,15.119999,23.4,65.61618,1006.0373,
55.73_37.68,2024-05-04 16:00:00,13.4,8.886547,none,0.0,0.0,14.4,26.64,29.75545,995.21564,
55.73_37.69,2023-11-10 19:00:00,3.65,0.14647484,none,0.0,0.0,11.770403,18.359999,89.28316,1000.3424,
55.73_37.7,2024-03-29 21:00:00,3.35,-0.4642129,none,0.0,25.0,13.661038,21.599998,89.89851,987.395,
55.73_37.71,2023-10-16 10:00:00,7.6,5.368684,rain,0.4,0.0,8.217153,14.759999,88.677185,986.1832,
55.73_37.71,2023-11-06 13:00:00,10.5,7.1579485,rain,0.2,0.0,20.945072,33.12,89.82597,979.1766,
55.73_37.71,2024-04-29 13:00:00,16.8,14.699326,none,0.0,0.0,12.324414,26.28,41.969887,1015.0237,
55.73_37.71,2024-05-09 00:00:00,-0.65,-6.528954,none,0.0,0.0,20.929594,34.2,70.241066,999.7365,
55.73_37.72,2023-10-05 12:00:00,13.95,9.417484,rain,0.1,0.0,24.149532,42.48,58.534824,995.4841,
55.73_37.72,2023-12-20 08:00:00,2.15,-4.5335703,none,0.0,45.0,31.154043,47.16,85.06084,981.285,
55.73_37.73,2023-11-17 12:00:00,-2.9,-8.01104,none,0.0,1.0,13.18308,25.919998,61.84257,1002.64233,
55.73_37.73,2023-12-16 20:00:00,-5.3,-11.521835,none,0.0,54.000004,21.986542,33.48,86.15609,1002.58923,
55.73_37.73,2023-12-28 23:00:00,-5.85,-11.307304,none,0.0,43.0,16.42247,24.119999,86.43007,994.3084,
55.73_37.73,2024-04-10 11:00:00,18.3,17.497532,none,0.0,0.0,11.165805,24.119999,63.06208,1002.7539,
55.73_37.74,2023-10-09 23:00:00,2.6,-2.2034054,none,0.0,0.0,18.131613,34.739998,81.63826,988.4501,
55.73_37.74,2023-10-23 19:00:00,4.6,1.3167276,rain,0.5,0.0,12.964998,22.319998,96.90011,982.82214,
55.73_37.74,2023-11-11 19:00:00,3.2,-0.9857068,none,0.0,0.0,16.327497,25.919998,91.506645,998.62054,
55.73_37.74,2024-03-12 15:00:00,1.6,-2.5821524,none,0.0,64.0,10.630672,18.359999,67.85891,1007.92194,
55.73_37.74,2024-04-08 13:00:00,17.15,13.58758,none,0.0,0.0,25.325686,46.44,64.50193,998.36536,
55.73_37.75,2023-10-18 15:00:00,5.6,1.8710303,rain,0.1,0.0,11.269782,29.16,68.46494,989.25507,
55.73_37.75,2024-04-04 12:00:00,5.25,1.1122961,rain,0.1,2.0,15.124284,32.399998,75.12034,988.12976,
55.73_37.75,2024-04-13 20:00:00,9.65,7.4830036,none,0.0,0.0,6.297428,7.92,72.01849,993.84937,
55.73_37.76,2023-11-01 12:00:00,13.85,10.956327,none,0.0,1.0,22.59699,43.92,84.60469,988.03064,
55.73_37.76,2023-11-13 16:00:00,3.3,-2.454536,none,0.0,0.0,23.966375,45.0,73.96219,979.49255,
55.73_37.76,2024-02-14 08:00:00,-15.7,-22.335709,none,0.0,64.0,19.813087,33.839996,80.413864,1009.49084,
55.73_37.77,2024-02-28 15:00:00,0.75,-4.7298365,none,0.0,68.0,19.694992,34.2,73.2167,1008.22125,
55.73_37.78,2023-10-03 00:00:00,7.85,5.6831017,none,0.0,0.0,9.511088,17.64,94.03838,998.69635,
55.73_37.78,2024-01-26 01:00:00,-2.65,-7.126856,snow,0.2,62.0,12.7279215,21.599998,93.17417,985.5679,
55.73_37.79,2023-12-22 13:00:00,-1.25,-6.9799285,none,0.0,41.0,21.575987,36.719997,85.9427,972.1692,
55.73_37.79,2024-04-10 20:00:00,14.0,13.12639,none,0.0,0.0,8.534353,13.32,83.232216,1000.8636,
55.73_37.8,2024-01-28 20:00:00,-11.6,-16.010672,none,0.0,61.0,6.489992,10.08,89.709496,1012.5219,
55.73_37.8,2024-05-08 15:00:00,5.65,-0.42979288,none,0.0,0.0,24.490585,46.079998,45.404755,993.65015,
55.73_37.83,2023-10-04 07:00:00,13.6,9.226509,none,0.0,0.0,27.381306,48.239998,71.53182,992.02185,
55.73_37.83,2023-11-07 06:00:00,8.2,4.716055,none,0.0,0.0,18.218275,33.48,90.576836,981.70337,
55.73_37.83,2023-11-27 15:00:00,2.45,-3.158744,none,0.0,21.0,24.86868,43.199997,89.50534,966.5016,
55.73_37.84,2024-02-04 10:00:00,0.85,-6.093297,snow,0.5,58.999996,32.569557,52.199997,91.01733,964.00006,
55.73_37.85,2023-11-01 18:00:00,11.4,8.801708,none,0.0,0.0,14.587776,25.199999,80.70024,986.4258,
55.73_37.85,2024-01-15 08:00:00,-4.25,-10.2980385,none,0.0,57.0,21.647945,36.36,87.59587,975.7864,
55.73_37.85,2024-02-29 10:00:00,-0.75,-5.411471,none,0.0,64.0,13.708391,24.119999,78.92875,1005.83374,
55.73_37.86,2024-04-14 14:00:00,13.15,9.477636,none,0.0,0.0,17.49615,35.64,59.564205,990.04987,
55.74_37.0,2023-11-24 17:00:00,-7.1,-10.83638,none,0.0,8.0,3.8939953,15.4800005,86.633736,960.55475,
55.74_37.24,2023-12-23 20:00:00,-0.05,-3.320048,none,0.0,38.0,6.924738,13.32,93.9993,965.5212,
55.74_37.24,2024-02-06 21:00:00,-8.4,-13.067023,none,0.0,52.999996,9.605998,18.0,87.181305,976.51355,
55.74_37.25,2024-03-11 20:00:00,-0.65,-5.8006,none,0.0,55.0,16.311613,29.519999,72.950386,1004.2202,
55.74_37.27,2024-04-24 07:00:00,5.05,2.8553905,none,0.0,0.0,1.8,10.08,76.17242,1004.8532,
55.74_37.29,2024-01-11 14:00:00,-8.0,-15.70781,none,0.0,52.0,29.723444,58.679996,75.31549,974.4708,
55.74_37.37,2023-10-20 20:00:00,3.85,-0.45430803,rain,0.1,0.0,17.873556,32.039997,91.22502,988.7399,
55.74_37.37,2024-01-02 17:00:00,-21.45,-27.812813,none,0.0,42.0,16.548256,32.760002,78.43346,991.60944,
55.74_37.39,2023-10-06 02:00:00,10.0,6.299532,rain,0.1,0.0,21.194187,38.519997,85.32612,982.99335,
55.74_37.4,2023-10-24 15:00:00,1.75,-2.4517567,none,0.0,0.0,12.682018,24.48,78.731514,990.2215,
55.74_37.4,2023-11-20 08:00:00,-7.25,-12.495522,none,0.0,2.0,12.768586,24.48,70.22559,995.41174,
55.74_37.4,2023-12-12 11:00:00,-5.8,-12.306604,snow,0.1,42.0,23.617756,40.68,86.10172,994.6426,
55.74_37.41,2023-10-23 13:00:00,5.8,3.8530025,rain,0.2,0.0,5.5887027,13.32,97.26649,978.8516,
55.74_37.41,2023-11-07 18:00:00,7.35,3.9849014,none,0.0,0.0,15.463244,29.88,88.04341,985.8936,
55.74_37.41,2024-02-03 02:00:00,-5.9,-12.23204,none,0.0,55.0,21.96,36.719997,81.85314,978.3505,
55.74_37.41,2024-02-07 13:00:00,-7.95,-14.905522,snow,0.5,56.0,25.460936,43.199997,86.20323,965.7038,
55.74_37.41,2024-03-22 15:00:00,5.55,1.1764336,none,0.0,40.0,12.849528,21.96,55.55548,993.1063,
55.74_37.42,2023-10-14 18:00:00,12.9,9.070966,none,0.0,0.0,27.059933,47.88,84.49904,983.879,
55.74_37.42,2024-01-29 20:00:00,-2.85,-9.134831,none,0.0,58.0,24.514387,41.399998,89.397705,1008.93274,
55.74_37.42,2024-01-30 19:00:00,-1.2,-4.933477,none,0.0,57.0,8.766573,16.56,92.22559,1008.18274,
55.74_37.42,2024-02-08 12:00:00,-16.05,-23.098335,none,0.0,60.000004,22.226902,39.239998,72.83306,976.89795,
55.74_37.42,2024-03-13 20:00:00,-4.4,-9.524406,none,0.0,56.0,14.693999,24.48,82.69299,1003.5731,
55.74_37.42,2024-03-25 14:00:00,3.55,0.7140188,none,0.0,31.0,3.7064266,10.799999,71.35311,985.9298,
55.74_37.42,2024-05-04 21:00:00,9.95,5.980892,none,0.0,0.0,15.517629,27.359999,59.825806,989.56604,
55.74_37.43,2023-11-14 18:00:00,2.3,-2.636232,rain,0.2,0.0,20.767975,39.6,93.43819,979.9716,
55.74_37.43,2023-12-13 08:00:00,-11.2,-18.509197,snow,0.3,43.0,26.089447,44.28,82.42606,998.27234,
55.74_37.43,2024-02-27 16:00:00,0.3,-4.750997,none,0.0,66.0,16.299694,28.08,72.585304,1005.4117,
55.74_37.43,2024-03-06 22:00:00,-13.7,-18.497269,none,0.0,58.999996,7.928178,10.08,82.41774,1004.472,
55.74_37.43,2024-03-30 19:00:00,5.7,1.9851341,rain,0.3,16.0,13.896187,20.519999,80.46627,990.65216,
55.74_37.43,2024-03-31 14:00:00,14.05,11.876261,none,0.0,12.0,7.5942073,17.28,57.159603,995.51984,
55.74_37.43,2024-04-08 01:00:00,5.4,2.3326883,none,0.0,0.0,11.212135,18.359999,90.37325,996.7949,
55.74_37.43,2024-04-19 08:00:00,7.05,3.1462717,none,0.0,0.0,20.696085,41.399998,96.295235,970.9423,
55.74_37.44,2023-11-01 19:00:00,11.4,8.724935,none,0.0,0.0,15.379206,27.0,81.52542,982.325,
55.74_37.44,2024-01-08 17:00:00,-17.05,-23.170263,none,0.0,47.0,15.683776,23.759998,74.53867,1001.3844,
55.74_37.46,2023-11-10 15:00:00,5.5,2.8338242,none,0.0,0.0,6.151683,16.56,79.01921,998.5562,
55.74_37.48,2024-01-04 14:00:00,-25.85,-31.132195,none,0.0,45.0,8.39657,15.119999,74.458145,991.678,
55.74_37.48,2024-02-23 23:00:00,-0.7,-7.565052,none,0.0,73.0,30.703587,41.760002,92.25644,1003.8131,
55.74_37.48,2024-05-04 11:00:00,9.6,6.249837,none,0.0,0.0,11.988594,28.44,41.37173,997.20496,
55.74_37.49,2023-11-08 00:00:00,6.5,2.4513645,rain,0.6,0.0,19.559633,32.399998,90.76924,991.84174,
55.74_37.49,2024-04-02 18:00:00,16.95,14.534824,none,0.0,4.0,16.375053,26.64,62.96637,981.83215,
55.74_37.5,2023-10-11 14:00:00,6.65,0.9307585,none,0.0,0.0,22.66857,40.32,54.029045,1004.23627,
55.74_37.5,2024-02-28 09:00:00,-5.4,-11.087057,none,0.0,69.0,17.873556,25.919998,82.240616,1010.2841,
55.74_37.51,2023-10-22 19:00:00,2.55,-1.8764613,none,0.0,0.0,15.941944,27.359999,84.1868,998.32965,
55.74_37.51,2023-11-24 16:00:00,-6.95,-11.640347,none,0.0,8.0,10.464797,20.16,85.97546,960.2707,
55.74_37.51,2023-12-27 16:00:00,-7.95,-12.470497,none,0.0,43.0,9.504272,11.159999,95.4447,980.913,
55.74_37.51,2024-02-23 18:00:00,0.65,-5.4816647,none,0.0,73.0,26.901417,36.36,91.66886,1004.72485,
55.74_37.51,2024-03-26 17:00:00,2.6,-1.1663842,none,0.0,31.0,9.227524,11.879999,71.42788,992.9584,
55.74_37.51,2024-04-15 12:00:00,9.55,2.6476889,none,0.0,0.0,31.99142,55.44,48.630028,978.39435,
55.74_37.52,2024-02-06 14:00:00,-3.3,-8.934033,none,0.0,60.000004,18.775303,26.64,81.27487,974.69727,
55.74_37.52,2024-04-21 10:00:00,9.2,4.0900555,none,0.0,0.0,22.55106,37.8,60.067963,1002.0713,
55.74_37.53,2023-10-12 08:00:00,8.35,2.1793413,rain,0.1,0.0,33.39473,60.120003,77.25723,984.40497,
55.74_37.53,2023-10-20 23:00:00,3.0,-1.3812127,none,0.0,0.0,17.84816,30.599998,93.8081,995.95435,
55.74_37.53,2023-10-31 07:00:00,5.15,2.8496046,none,0.0,3.0,7.2805495,12.24,98.27479,993.59625,
55.74_37.53,2023-12-13 14:00:00,-11.95,-19.15013,snow,0.1,44.0,25.076267,36.36,82.998764,1001.79,
55.74_37.53,2023-12-24 20:00:00,-7.5,-11.788538,none,0.0,42.0,8.373386,11.159999,97.70741,971.8443,
55.74_37.53,2024-03-28 12:00:00,4.95,1.411159,none,0.0,27.000002,10.587917,17.64,66.85037,998.36365,
55.74_37.53,2024-04-14 21:00:00,9.6,5.892168,rain,0.4,0.0,21.933426,37.44,90.0625,981.1466,
55.74_37.53,2024-05-02 18:00:00,9.95,5.1418915,none,0.0,0.0,16.75064,34.56,44.323345,998.7984,
55.74_37.54,2023-10-19 07:00:00,4.05,1.3461895,rain,0.3,0.0,8.049845,13.679999,95.86789,990.4572,
55.74_37.54,2023-11-16 20:00:00,-0.55,-5.216127,none,0.0,1.0,13.339445,24.119999,74.919785,994.86163,
55.74_37.54,2024-04-01 09:00:00,11.5,8.512727,none,0.0,14.0,16.56,31.68,78.01799,994.2843,
55.74_37.54,2024-05-07 14:00:00,2.1,-3.0381353,snow,1.1,0.0,22.26768,42.48,95.460625,988.4042,
55.74_37.55,2023-11-15 10:00:00,2.3,-0.6491854,none,0.0,0.0,6.519877,14.04,89.81617,985.49567,
55.74_37.56,2023-12-20 09:00:00,2.2,-4.2493815,none,0.0,44.0,29.495842,43.199997,84.45132,981.9411,
55.74_37.56,2024-02-29 21:00:00,-0.3,-4.4354434,none,0.0,69.0,11.753877,15.84,87.9725,1008.4059,
55.74_37.57,2023-11-30 07:00:00,0.0,-5.43042,snow,0.2,25.0,21.889065,38.16,94.6904,986.2089,
55.74_37.57,2024-02-29 18:00:00,0.15,-4.7714343,none,0.0,69.0,16.1198,24.48,78.19004,1006.6853,
55.74_37.57,2024-03-15 14:00:00,3.35,-1.4849601,none,0.0,61.0,18.532135,25.919998,78.4066,1004.7817,
55.74_37.58,2023-11-20 16:00:00,-6.6,-11.5556965,none,0.0,2.0,10.805998,20.880001,67.0724,997.453,
55.74_37.58,2024-04-27 18:00:00,11.25,7.522829,none,0.0,0.0,19.171478,34.56,71.575386,1003.55237,
55.74_37.59,2023-10-31 13:00:00,10.25,7.877939,none,0.0,3.0,10.514218,20.519999,78.63156,998.3336,
55.74_37.59,2023-11-19 16:00:00,-6.4,-10.306153,none,0.0,2.0,3.8773184,10.440001,69.01876,1004.98834,
55.74_37.59,2024-02-24 07:00:00,-1.6,-8.057505,none,0.0,74.0,26.437336,39.239998,87.19757,1008.8331,
55.74_37.59,2024-03-27 13:00:00,4.3,1.576736,none,0.0,30.000002,6.28713,9.36,65.97699,999.17993,
55.74_37.6,2023-10-09 15:00:00,4.3,-1.6450219,none,0.0,0.0,27.459293,46.079998,79.97899,984.9256,
55.74_37.6,2024-03-09 17:00:00,-4.0,-9.192154,none,0.0,64.0,12.849528,22.319998,58.938927,1001.4493,
55.74_37.6,2024-04-01 12:00:00,17.15,13.542736,none,0.0,14.0,22.608458,39.6,55.064674,992.5562,
55.74_37.6,2024-04-24 14:00:00,12.3,9.068614,none,0.0,0.0,8.350138,19.44,45.004955,1002.8608,
55.74_37.61,2023-10-31 11:00:00,9.45,7.2283897,none,0.0,3.0,10.883676,19.8,87.92965,997.92847,
55.74_37.61,2024-05-08 11:00:00,4.95,-1.322408,none,0.0,0.0,24.20314,44.28,49.877804,997.71204,
55.74_37.62,2023-11-23 18:00:00,-7.85,-14.324204,snow,0.3,4.0,21.288757,40.32,74.743324,976.90784,
55.74_37.62,2023-12-26 13:00:00,0.45,-5.053712,snow,0.1,44.0,22.392462,33.48,91.65572,972.79,
55.74_37.62,2024-02-29 13:00:00,0.8,-4.0241385,none,0.0,69.0,15.978486,23.4,78.003784,1007.99664,
55.74_37.62,2024-04-30 23:00:00,13.6,11.30578,none,0.0,0.0,11.720751,18.359999,67.75043,1009.80554,
55.74_37.63,2023-10-04 14:00:00,17.25,11.575095,none,0.0,0.0,37.490158,60.120003,59.143227,989.2417,
55.74_37.63,2023-10-09 18:00:00,3.6,-2.040188,none,0.0,0.0,24.863466,42.839996,81.33124,988.5331,
55.74_37.63,2023-10-18 17:00:00,4.75,1.9400554,rain,0.2,0.0,8.647496,13.679999,90.64436,991.6495,
55.74_37.64,2024-02-11 10:00:00,-13.25,-19.033207,none,0.0,64.0,14.689589,21.96,79.45761,1004.77734,
55.74_37.64,2024-03-25 13:00:00,2.5,-0.40110135,none,0.0,36.0,4.802999,13.32,80.59081,990.83185,
55.74_37.64,2024-04-22 15:00:00,11.75,5.9839535,none,0.0,0.0,28.856194,49.32,56.175182,997.8106,
55.74_37.65,2023-09-29 20:00:00,15.5,14.6308975,none,0.0,0.0,11.792404,18.359999,83.41012,1003.4593,
55.74_37.65,2023-11-03 09:00:00,0.15,-3.4433308,none,0.0,0.0,8.699793,13.679999,89.644485,1000.0745,
55.74_37.65,2023-11-12 19:00:00,6.0,1.1602516,none,0.0,0.0,25.277025,41.039997,95.26736,976.72156,
55.74_37.65,2023-12-30 04:00:00,0.9,-4.7543325,snow,1.0,47.0,24.627789,36.0,96.45763,978.87634,
55.74_37.65,2024-01-29 10:00:00,-5.55,-11.043622,none,0.0,63.0,16.992609,24.119999,87.80581,1019.32806,
55.74_37.65,2024-03-11 19:00:00,-0.75,-6.8536177,none,0.0,64.0,22.884789,32.399998,73.76241,1006.98975,
55.74_37.65,2024-04-22 15:00:00,13.7,8.155842,none,0.0,0.0,29.239891,50.76,54.54623,997.462,
55.74_37.66,2023-10-21 10:00:00,3.1,-1.7426677,none,0.0,0.0,17.713316,33.12,75.01464,1001.26624,
55.74_37.66,2023-10-27 20:00:00,-1.4,-5.783951,snow,0.8,7.0,13.363711,22.68,94.63029,983.92926,
55.74_37.66,2023-12-03 14:00:00,-6.35,-12.707444,snow,0.8,30.000002,22.657131,34.2,90.48827,989.3775,
55.74_37.66,2024-01-09 14:00:00,-8.25,-13.78847,none,0.0,52.999996,15.042659,29.16,79.28305,1000.42596,
55.74_37.66,2024-01-25 14:00:00,-0.4,-6.2006464,snow,0.2,64.0,23.358425,33.839996,89.93044,983.75146,
55.74_37.66,2024-02-09 19:00:00,-11.75,-18.250553,none,0.0,65.0,19.64558,27.72,70.99703,988.0018,
55.74_37.66,2024-04-23 11:00:00,10.95,6.743264,none,0.0,0.0,15.94601,30.599998,52.113995,1002.1363,
55.74_37.67,2023-11-02 19:00:00,3.65,-1.4718397,none,0.0,0.0,20.65848,36.0,77.60574,988.1403,
55.74_37.67,2024-01-18 08:00:00,-19.85,-26.038582,none,0.0,60.000004,15.876775,21.24,85.552185,997.62494,
55.74_37.67,2024-02-01 07:00:00,0.3,-4.453124,none,0.0,61.0,17.447933,24.48,94.01604,990.81647,
55.74_37.68,2023-12-21 17:00:00,0.1,-5.216526,none,0.0,45.0,21.41319,30.599998,96.08443,977.18677,
55.74_37.68,2024-03-02 18:00:00,-0.45,-4.8356533,none,0.0,68.0,13.1041975,18.0,86.34782,1011.771,
55.74_37.68,2024-04-25 10:00:00,15.6,11.678707,none,0.0,0.0,26.319422,46.44,67.70716,990.68604,
55.74_37.68,2024-05-05 06:00:00,8.5,4.3789635,rain,0.1,0.0,21.2522,33.12,83.705956,984.1822,
55.74_37.69,2023-11-26 21:00:00,-5.4,-11.839012,snow,0.2,11.0,23.773632,38.16,89.86854,980.8894,
55.74_37.7,2024-03-16 03:00:00,-0.25,-4.8572803,none,0.0,62.0,15.175612,21.96,88.954895,1004.274,
55.74_37.7,2024-04-18 12:00:00,8.95,5.819701,rain,0.1,0.0,13.854155,25.56,78.98088,989.15,
55.74_37.71,2024-02-21 22:00:00,-5.65,-11.614593,none,0.0,76.0,20.12461,29.519999,87.45824,1004.35205,
55.74_37.72,2023-10-26 07:00:00,-3.4,-8.534738,none,0.0,0.0,14.05845,22.68,70.480415,1000.25183,
55.74_37.72,2024-01-26 16:00:00,-4.45,-8.492516,none,0.0,65.0,7.8954163,11.879999,88.92302,993.7726,
55.74_37.73,2023-11-09 22:00:00,4.75,0.7906189,none,0.0,0.0,14.480773,25.56,80.618996,994.202,
55.74_37.73,2024-02-21 01:00:00,-11.6,-17.260067,none,0.0,76.0,14.84318,23.759998,86.145065,1007.8317,
55.74_37.73,2024-03-21 08:00:00,-3.8,-7.22105,none,0.0,49.0,3.7064266,9.36,85.33736,1008.23816,
55.74_37.74,2024-01-17 08:00:00,-12.7,-19.680702,none,0.0,60.000004,23.042812,39.6,78.563614,980.3049,
55.74_37.75,2023-10-03 16:00:00,15.5,11.371726,none,0.0,0.0,19.95972,37.44,49.590576,997.44666,
55.74_37.75,2024-01-21 20:00:00,-14.7,-19.486736,none,0.0,66.0,7.5685663,13.32,83.318214,1011.8168,
55.74_37.75,2024-02-11 00:00:00,-17.9,-23.293991,none,0.0,62.0,10.739832,18.0,81.1132,1002.1443,
55.74_37.76,2023-09-28 23:00:00,14.2,12.234694,none,0.0,0.0,13.684735,23.759998,76.10551,1005.0551,
55.74_37.76,2023-10-25 08:00:00,-2.55,-6.490613,none,0.0,0.0,7.2,11.879999,77.163536,998.75977,
55.74_37.76,2024-05-06 16:00:00,9.05,5.3058662,none,0.0,0.0,12.599998,23.759998,58.544937,990.4858,
55.74_37.77,2023-10-04 21:00:00,11.55,7.6856737,none,0.0,0.0,21.479666,40.68,74.38602,991.4168,
55.74_37.77,2024-04-17 11:00:00,10.8,7.974477,none,0.0,0.0,9.6932955,25.199999,63.065628,979.2222,
55.74_37.77,2024-04-22 13:00:00,16.05,11.579215,none,0.0,0.0,26.795223,51.12,55.72658,990.9881,
55.74_37.79,2023-12-11 09:00:00,-8.3,-14.310344,none,0.0,40.0,18.844202,31.319998,86.8481,1005.5728,
55.74_37.8,2023-10-26 08:00:00,-3.5,-8.693695,none,0.0,0.0,14.618837,25.199999,72.39675,998.70306,
55.74_37.8,2024-02-22 01:00:00,-5.2,-10.616055,none,0.0,73.0,16.79314,28.8,88.85689,1001.7155,
55.74_37.8,2024-04-05 16:00:00,3.65,-0.12361908,none,0.0,0.0,6.9899354,19.8,54.220608,1002.0558,
55.74_37.8,2024-04-20 14:00:00,9.85,5.131157,rain,0.2,0.0,20.12461,41.399998,56.281902,998.9442,
55.74_37.81,2024-04-07 09:00:00,6.4,3.6372561,none,0.0,1.0,8.654987,18.0,82.28713,997.4744,
55.74_37.82,2023-12-08 15:00:00,-13.8,-19.721,none,0.0,34.0,15.463244,26.28,79.701485,1018.3001,
55.74_37.82,2024-01-05 14:00:00,-19.75,-24.717913,none,0.0,44.0,7.289444,15.4800005,77.69094,993.48016,
55.74_37.82,2024-05-02 09:00:00,9.4,5.754842,none,0.0,0.0,11.298495,25.56,54.965206,1001.4269,
55.74_37.83,2023-10-24 12:00:00,2.55,-1.4461889,none,0.0,0.0,12.261158,25.56,80.01316,991.99866,
55.74_37.84,2024-04-10 18:00:00,18.5,18.924086,none,0.0,0.0,4.5536795,14.4,72.20026,1001.5764,
55.74_37.85,2023-10-02 08:00:00,8.75,6.6863003,none,0.0,0.0,9.885262,17.64,92.491104,996.2464,
55.74_37.85,2024-02-01 08:00:00,0.1,-4.2910547,none,0.0,58.0,14.81259,23.759998,94.35001,990.3095,
55.74_37.85,2024-05-08 21:00:00,0.1,-5.7284336,none,0.0,0.0,20.65848,36.719997,67.02076,996.0598,
55.74_37.86,2023-10-04 19:00:00,12.4,8.723137,none,0.0,0.0,23.795427,43.92,80.83643,990.9647,
55.74_37.86,2023-10-04 20:00:00,12.4,8.723137,none,0.0,0.0,23.795427,43.92,80.83643,991.43744,
55.74_37.86,2023-10-16 19:00:00,6.1,3.7149034,rain,0.4,0.0,7.8625183,13.679999,92.015396,982.504,
55.74_37.86,2023-12-22 22:00:00,1.15,-3.9545453,none,0.0,38.0,20.3774,34.56,91.70157,968.926,
55.74_37.86,2023-12-26 19:00:00,-2.7,-8.529553,none,0.0,40.0,20.774214,38.519997,83.23045,977.4123,
55.74_37.86,2024-01-24 14:00:00,0.2,-5.566716,none,0.0,58.999996,23.847115,39.239998,90.97136,991.5192,
55.74_37.86,2024-04-01 17:00:00,18.35,15.100534,none,0.0,3.0,18.782204,36.36,51.05625,988.93805,
55.74_37.87,2023-11-08 19:00:00,4.25,1.0476804,none,0.0,0.0,10.948973,19.44,91.900185,992.25665,
55.74_37.87,2024-03-22 14:00:00,2.65,-0.9707906,none,0.0,38.0,10.24578,19.08,75.21016,997.91644,
55.74_37.87,2024-04-03 18:00:00,7.55,0.8322849,rain,0.1,0.0,34.488674,60.839996,70.8597,976.1274,
55.75_36.94,2023-10-16 14:00:00,7.55,5.233534,rain,0.2,0.0,8.049845,19.08,85.95021,981.3466,
55.75_37.18,2023-11-01 15:00:00,14.1,12.120163,none,0.0,0.0,16.1198,34.56,82.694534,987.0404,
55.75_37.19,2024-03-15 08:00:00,-2.7,-7.3686686,none,0.0,52.999996,13.392774,23.4,88.076385,1002.8382,
55.75_37.2,2023-12-21 08:00:00,0.15,-3.515519,snow,0.1,39.0,10.195057,20.16,96.43613,975.6201,
55.75_37.24,2024-04-27 12:00:00,12.35,10.126217,rain,3.9,0.0,17.58481,34.92,92.08139,998.2681,
55.75_37.3,2024-03-22 10:00:00,-2.85,-6.638335,none,0.0,39.0,8.0899935,19.08,95.27587,1000.38824,
55.75_37.31,2023-12-10 08:00:00,-12.25,-18.66832,snow,0.1,39.0,19.694992,33.839996,84.67567,1010.73627,
55.75_37.33,2023-10-13 12:00:00,11.5,5.758747,none,0.0,0.0,27.607563,56.16,53.773407,989.3065,
55.75_37.37,2023-10-10 03:00:00,1.75,-3.0344634,none,0.0,0.0,17.114204,32.760002,81.37237,982.67957,
55.75_37.37,2024-02-20 21:00:00,-8.9,-14.452335,none,0.0,70.0,15.517629,26.28,88.52199,999.50037,
55.75_37.37,2024-04-05 20:00:00,-0.2,-4.357969,none,0.0,0.0,9.659814,17.64,71.673836,996.1556,
55.75_37.4,2023-12-11 14:00:00,-6.75,-13.158664,none,0.0,40.0,22.42427,39.6,86.670685,997.95984,
55.75_37.41,2023-10-07 16:00:00,7.85,3.0685291,rain,0.8,0.0,27.276978,48.96,93.39577,964.0195,
55.75_37.41,2023-12-28 11:00:00,-3.45,-8.540201,none,0.0,38.0,15.778518,28.8,88.67443,988.9758,
55.75_37.41,2024-02-05 18:00:00,-5.65,-10.444012,none,0.0,54.000004,11.874544,19.08,85.12497,962.61285,
55.75_37.41,2024-02-21 20:00:00,-5.55,-11.237623,none,0.0,68.0,18.193361,30.960001,86.46203,997.93536,
55.75_37.41,2024-03-15 17:00:00,3.1,-1.6907718,none,0.0,52.0,17.208603,29.16,74.19655,996.4354,
55.75_37.41,2024-04-03 18:00:00,6.3,-0.28617668,rain,0.1,0.0,32.55363,58.679996,72.66395,971.1916,
55.75_37.42,2024-02-10 10:00:00,-22.6,-27.227375,none,0.0,58.999996,4.6102495,7.2,85.21629,991.7969,
55.75_37.42,2024-03-24 17:00:00,4.75,-0.024652958,rain,0.4,35.0,21.41319,36.719997,87.18644,974.29333,
55.75_37.42,2024-04-17 09:00:00,8.85,5.9343014,rain,0.1,0.0,14.081478,27.359999,85.78959,975.30206,
55.75_37.42,2024-05-04 18:00:00,12.4,8.250171,none,0.0,0.0,12.475961,30.599998,38.37756,989.2488,
55.75_37.43,2023-10-06 18:00:00,5.35,-1.6167526,none,0.0,0.0,36.445442,66.96,83.620674,984.3087,
55.75_37.43,2023-11-18 07:00:00,-7.75,-11.431515,none,0.0,1.0,3.5455887,7.92,91.44631,1009.46606,
55.75_37.43,2024-02-12 18:00:00,-1.65,-5.5668163,rain,0.2,62.0,9.531505,18.72,91.51592,990.3646,
55.75_37.45,2023-11-07 18:00:00,7.35,3.93285,none,0.0,0.0,15.745627,27.72,87.73861,991.0524,
55.75_37.49,2024-05-02 10:00:00,10.6,6.450571,none,0.0,0.0,18.0,34.56,54.49828,1001.35034,
55.75_37.5,2023-09-30 17:00:00,20.3,17.961159,none,0.0,0.0,15.077082,30.960001,49.708347,998.8589,
55.75_37.5,2023-10-07 19:00:00,8.7,5.183509,rain,0.5,0.0,20.447239,47.519997,95.04247,965.8716,
55.75_37.5,2023-10-12 14:00:00,12.2,7.0593424,rain,0.4,0.0,35.069984,61.56,85.55993,980.4034,
55.75_37.5,2023-12-18 06:00:00,-6.1,-11.754755,none,0.0,52.999996,18.129137,22.68,91.91348,991.5277,
55.75_37.5,2024-01-23 08:00:00,-5.05,-13.1241665,none,0.0,61.0,34.62369,47.88,83.89162,1002.2791,
55.75_37.51,2023-10-18 14:00:00,5.45,1.2136335,none,0.0,0.0,15.2947035,28.08,71.72449,992.0301,
55.75_37.51,2024-02-05 18:00:00,-8.55,-13.820588,none,0.0,60.000004,13.797912,16.56,88.90446,967.82416,
55.75_37.51,2024-03-15 14:00:00,3.45,-1.5310287,none,0.0,60.000004,19.272614,25.56,76.45476,1004.29266,
55.75_37.52,2023-09-29 11:00:00,19.55,19.412743,none,0.0,0.0,6.763786,16.919998,64.601105,1007.542,
55.75_37.52,2024-03-19 20:00:00,-0.8,-5.2739897,none,0.0,47.0,13.397612,16.919998,86.31103,1006.86395,
55.75_37.53,2023-11-12 17:00:00,4.45,-0.51096773,none,0.0,0.0,23.993399,41.399998,95.544586,979.85565,
55.75_37.53,2024-02-12 08:00:00,-4.5,-9.558088,none,0.0,62.0,15.03835,20.519999,90.97397,995.87067,
55.75_37.53,2024-02-13 22:00:00,-11.3,-18.082401,none,0.0,66.0,22.81957,30.960001,88.654366,1007.2657,
55.75_37.53,2024-04-10 19:00:00,14.3,13.331398,none,0.0,0.0,9.290511,14.4,81.90171,1003.5355,
55.75_37.53,2024-04-27 23:00:00,5.95,3.5166397,none,0.0,0.0,8.049845,11.879999,92.327576,1006.9247,
55.75_37.54,2023-12-19 09:00:00,1.15,-3.6328802,none,0.0,51.0,18.59845,24.84,94.397194,993.31165,
55.75_37.54,2024-02-28 18:00:00,-1.2,-6.8168936,none,0.0,69.0,20.056877,27.359999,80.053024,1010.109,
55.75_37.54,2024-04-02 17:00:00,20.95,18.974152,none,0.0,3.0,15.349684,27.0,52.4401,985.0856,
55.75_37.54,2024-05-04 12:00:00,10.85,7.6508694,none,0.0,0.0,12.984975,27.359999,37.636387,999.9723,
55.75_37.55,2023-10-01 19:00:00,12.2,9.919612,none,0.0,0.0,9.885262,18.359999,69.10103,996.8248,
55.75_37.55,2023-10-13 22:00:00,5.85,1.9329987,none,0.0,0.0,13.441071,23.039999,71.28766,997.6547,
55.75_37.55,2023-10-20 01:00:00,4.1,2.0617685,rain,0.2,0.0,2.9024127,4.32,92.54354,994.75476,
55.75_37.55,2024-04-03 10:00:00,15.7,10.927895,none,0.0,2.0,28.1169,46.8,57.7713,974.6534,
55.75_37.55,2024-04-10 18:00:00,15.5,14.924257,none,0.0,0.0,8.209263,10.08,79.66235,1003.0493,
55.75_37.55,2024-05-06 21:00:00,5.9,0.8222294,none,0.0,0.0,19.228851,31.319998,61.229584,993.1523,
55.75_37.56,2023-10-09 17:00:00,3.6,-2.0077407,none,0.0,0.0,24.863466,44.28,82.511604,987.16156,
55.75_37.56,2023-11-28 17:00:00,-6.7,-12.611993,none,0.0,22.0,18.58451,30.239998,81.42155,988.8073,
55.75_37.56,2023-12-07 09:00:00,-11.85,-17.133587,none,0.0,34.0,12.303366,17.64,88.60335,1020.62164,
55.75_37.56,2024-01-09 19:00:00,-6.3,-12.544697,snow,0.7,52.999996,21.603,32.039997,87.05519,993.2963,
55.75_37.56,2024-01-23 21:00:00,-3.4,-10.043962,snow,0.1,64.0,26.282465,38.519997,87.01693,1001.487,
55.75_37.56,2024-03-24 00:00:00,1.0,-3.346868,none,0.0,38.0,15.716793,24.119999,96.11272,986.73083,
55.75_37.56,2024-03-27 00:00:00,0.15,-3.2111392,none,0.0,29.0,6.725354,11.5199995,87.048935,998.99725,
55.75_37.56,2024-04-09 07:00:00,9.25,7.240263,none,0.0,0.0,9.178235,13.32,88.21244,1001.4368,
55.75_37.56,2024-04-20 22:00:00,3.3,-0.21495104,none,0.0,0.0,9.0645685,11.879999,76.429565,1004.7978,
55.75_37.56,2024-04-24 07:00:00,3.05,0.24614096,none,0.0,0.0,5.8048253,12.599999,86.708,1006.13336,
55.75_37.57,2023-10-12 16:00:00,11.25,7.3942347,rain,0.4,0.0,25.96995,43.92,90.18488,983.5632,
55.75_37.57,2023-12-16 18:00:00,-4.55,-10.8331375,none,0.0,52.999996,22.91026,32.039997,86.23708,1004.01105,
55.75_37.57,2024-04-26 02:00:00,9.1,7.58751,none,0.0,0.0,6.792466,10.08,92.82618,994.81274,
55.75_37.58,2023-10-02 23:00:00,8.1,5.885312,none,0.0,0.0,10.00256,15.84,93.089226,1002.08167,
55.75_37.58,2023-10-05 09:00:00,12.1,7.622553,none,0.0,0.0,25.932495,46.079998,72.47609,995.25726,
55.75_37.58,2023-10-07 19:00:00,8.75,4.8215284,rain,0.1,0.0,23.18579,46.8,94.40031,964.8433,
55.75_37.58,2023-10-17 13:00:00,5.1,-1.6081963,rain,0.1,0.0,30.911821,53.639996,67.12731,986.1847,
55.75_37.58,2023-11-01 09:00:00,12.25,9.148245,none,0.0,1.0,22.881958,37.079998,90.558685,989.367,
55.75_37.58,2023-11-14 16:00:00,2.45,-2.7314703,rain,0.2,0.0,22.565422,37.8,93.11179,984.00836,
55.75_37.58,2023-12-26 10:00:00,-0.7,-4.40492,snow,0.1,42.0,9.3669195,12.959999,94.66048,968.2496,
55.75_37.58,2024-01-17 07:00:00,-11.6,-18.896988,none,0.0,58.0,25.6233,38.16,78.74473,980.5853,
55.75_37.58,2024-01-30 09:00:00,-1.35,-7.0059395,none,0.0,60.000004,21.068459,32.039997,86.57498,1009.368,
55.75_37.58,2024-02-03 15:00:00,-4.75,-9.511055,none,0.0,60.000004,12.964998,18.359999,92.352135,977.36865,
55.75_37.58,2024-05-01 19:00:00,12.25,9.768431,none,0.0,0.0,8.311245,17.28,60.177746,1002.5761,
55.75_37.59,2023-09-29 23:00:00,14.35,13.427635,none,0.0,0.0,10.587917,17.64,85.78321,1002.7395,
55.75_37.59,2023-10-05 00:00:00,9.85,6.848339,none,0.0,0.0,14.512064,28.08,79.66065,993.0641,
55.75_37.59,2023-12-28 17:00:00,-3.35,-8.96286,none,0.0,43.0,19.137648,28.8,86.038506,995.4864,
55.75_37.59,2024-03-05 11:00:00,-0.2,-5.9647946,none,0.0,63.0,21.94524,34.2,80.49956,1005.78455,
55.75_37.59,2024-04-10 14:00:00,19.9,19.004337,none,0.0,0.0,9.826088,22.319998,57.837063,1002.4207,
55.75_37.59,2024-04-17 12:00:00,11.05,7.926673,none,0.0,0.0,10.931203,23.759998,59.464134,980.2947,
55.75_37.59,2024-04-22 21:00:00,8.3,3.7695045,none,0.0,0.0,20.188908,37.8,70.01095,998.433,
55.75_37.6,2023-10-17 19:00:00,3.2,-2.2133152,rain,0.2,0.0,24.098497,45.36,87.97655,986.29694,
55.75_37.6,2023-10-27 17:00:00,-1.3,-6.1918626,snow,1.0,4.0,16.394829,31.68,90.5279,985.78156,
55.75_37.6,2023-11-28 16:00:00,-6.7,-12.611993,none,0.0,21.0,18.58451,30.239998,81.42155,987.9232,
55.75_37.6,2024-01-23 01:00:00,-8.75,-17.29088,none,0.0,62.0,35.65454,50.76,82.7599,1006.66046,
55.75_37.6,2024-01-23 19:00:00,-3.8,-10.694175,snow,0.1,64.0,27.666182,39.239998,86.64628,1001.672,
55.75_37.6,2024-01-25 12:00:00,-0.35,-6.4879284,snow,0.1,63.0,25.671307,36.36,89.60394,984.59,
55.75_37.6,2024-03-05 16:00:00,-0.8,-6.5315714,none,0.0,63.0,18.374111,29.519999,59.774403,1007.1035,
55.75_37.6,2024-04-26 09:00:00,16.45,15.659878,none,0.0,0.0,11.709688,22.68,79.535324,992.1853,
55.75_37.61,2023-10-11 15:00:00,7.05,1.1382747,none,0.0,0.0,24.26998,40.32,53.740852,1001.7395,
55.75_37.61,2023-12-14 17:00:00,-10.65,-17.562216,snow,0.2,44.0,23.710857,34.2,84.18728,1005.4452,
55.75_37.61,2023-12-15 09:00:00,-7.45,-13.58618,snow,0.3,52.999996,20.291357,30.960001,88.30891,992.75806,
55.75_37.61,2024-04-11 22:00:00,9.35,5.3409443,none,0.0,0.0,13.138765,20.880001,52.811504,1002.00507,
55.75_37.61,2024-05-04 15:00:00,13.2,8.299682,none,0.0,0.0,16.641972,30.960001,33.708553,996.7817,
55.75_37.62,2024-04-01 22:00:00,13.0,9.424134,none,0.0,9.0,19.33639,33.839996,67.16395,991.09985,
55.75_37.62,2024-04-14 00:00:00,6.05,3.3630242,none,0.0,0.0,7.289445,10.08,80.51571,995.9613,
55.75_37.62,2024-04-30 15:00:00,20.75,16.08671,none,0.0,0.0,27.359999,48.6,37.56661,1012.8434,
55.75_37.63,2023-10-28 21:00:00,-0.3,-5.315629,snow,1.0,8.0,18.844202,29.519999,95.37242,978.0746,
55.75_37.63,2024-04-02 17:00:00,21.0,19.054203,none,0.0,4.0,15.349684,25.919998,52.62765,984.6165,
55.75_37.63,2024-04-12 12:00:00,13.65,7.5217705,none,0.0,0.0,33.24498,57.239998,54.723793,996.5683,
55.75_37.63,2024-04-30 18:00:00,19.85,16.576334,none,0.0,0.0,18.59845,35.28,45.87055,1008.8839,
55.75_37.63,2024-04-30 20:00:00,15.7,13.17062,none,0.0,0.0,12.24,24.119999,56.59827,1009.91724,
55.75_37.64,2023-10-01 00:00:00,14.45,11.627226,none,0.0,0.0,18.218275,28.8,71.45096,998.012,
55.75_37.64,2024-02-01 08:00:00,0.3,-4.453124,none,0.0,58.0,17.447933,24.48,94.01604,991.55707,
55.75_37.64,2024-03-05 18:00:00,-4.0,-9.778503,none,0.0,65.0,18.440998,25.56,73.42939,1009.7566,
55.75_37.64,2024-05-02 08:00:00,8.6,4.6341543,none,0.0,0.0,13.276144,26.64,57.181232,1003.92737,
55.75_37.65,2024-01-12 02:00:00,-16.15,-24.367535,none,0.0,58.0,30.141266,43.199997,70.95487,988.82574,
55.75_37.65,2024-03-13 08:00:00,-8.9,-13.82017,none,0.0,64.0,10.703569,14.04,82.0821,1010.6312,
55.75_37.65,2024-04-10 10:00:00,15.55,14.802399,none,0.0,0.0,9.3876505,20.16,79.40756,1003.4868,
55.75_37.66,2023-09-29 15:00:00,22.6,22.106192,none,0.0,0.0,8.404285,21.96,52.35135,1007.74603,
55.75_37.66,2023-12-20 06:00:00,1.8,-3.4105434,none,0.0,40.0,21.370783,42.839996,89.12926,980.8413,
55.75_37.66,2024-02-21 18:00:00,-5.5,-11.653659,none,0.0,76.0,21.261345,29.88,84.81394,1007.16614,
55.75_37.66,2024-03-17 02:00:00,-4.95,-10.075556,none,0.0,50.0,14.869351,20.16,87.863525,1000.57513,
55.75_37.66,2024-04-09 20:00:00,13.15,12.22621,none,0.0,0.0,8.669949,14.04,87.38268,998.3299,
55.75_37.67,2023-12-18 10:00:00,-4.7,-10.703102,none,0.0,51.0,21.626984,30.239998,93.41448,993.04517,
55.75_37.68,2024-03-27 12:00:00,4.0,1.4476566,none,0.0,24.0,6.1094027,9.72,72.227104,998.8916,
55.75_37.68,2024-04-21 04:00:00,5.15,1.0781994,none,0.0,0.0,13.039754,20.519999,67.874794,1006.03937,
55.75_37.69,2023-12-21 11:00:00,0.7,-4.5157113,none,0.0,39.0,20.929594,29.88,93.35452,977.39026,
55.75_37.69,2024-02-15 09:00:00,-13.15,-21.247974,snow,1.7,71.0,30.61482,46.44,79.804276,1013.5346,
55.75_37.69,2024-02-24 23:00:00,0.95,-5.963294,snow,0.1,67.0,31.32207,45.719997,83.68766,1009.8437,
55.75_37.7,2024-05-08 22:00:00,-0.1,-6.0766964,none,0.0,0.0,21.67487,35.28,67.9999,997.4575,
55.75_37.71,2023-10-24 17:00:00,-0.45,-5.72597,none,0.0,0.0,17.057314,28.08,71.08474,995.8372,
55.75_37.71,2023-11-23 03:00:00,-8.0,-14.081907,none,0.0,3.0,17.595861,30.960001,63.05846,995.4498,
55.75_37.71,2024-02-12 07:00:00,-4.8,-10.040573,none,0.0,58.999996,16.039202,22.68,90.60598,994.37854,
55.75_37.71,2024-02-26 14:00:00,-1.85,-8.379326,none,0.0,67.0,25.277023,37.44,75.82845,1007.5368,
55.75_37.71,2024-03-23 20:00:00,2.4,-2.3484113,none,0.0,42.0,19.770523,28.44,94.45259,982.0283,
55.75_37.72,2023-10-28 19:00:00,-0.2,-5.371024,snow,1.3,7.0,19.95972,31.319998,95.02845,973.8581,
55.75_37.72,2023-11-14 07:00:00,2.75,-1.7532375,rain,0.5,0.0,18.504139,34.92,94.46796,980.9269,
55.75_37.72,2023-11-22 18:00:00,-8.0,-14.6396475,none,0.0,3.0,21.461555,38.88,63.57434,997.4652,
55.75_37.72,2024-02-07 18:00:00,-6.3,-12.441985,snow,0.7,58.999996,20.991426,36.36,88.07386,962.8398,
55.75_37.72,2024-04-19 14:00:00,13.7,7.6651134,rain,0.1,0.0,34.07091,66.24,58.47279,975.5915,
55.75_37.73,2023-10-09 21:00:00,3.15,-2.016161,none,0.0,0.0,21.068459,41.039997,80.97579,987.20483,
55.75_37.73,2024-02-19 15:00:00,-6.3,-10.702348,none,0.0,72.0,8.404285,15.84,80.8437,1009.5004,
55.75_37.73,2024-04-01 12:00:00,17.0,13.684179,none,0.0,16.0,21.188072,41.039997,56.925983,991.8131,
55.75_37.74,2023-09-27 06:00:00,6.5,4.419162,none,0.0,0.0,7.5685663,11.879999,97.28161,1013.5429,
55.75_37.74,2023-10-09 12:00:00,4.15,-1.7393844,none,0.0,0.0,26.739542,48.239998,79.09863,980.7401,
55.75_37.74,2023-11-06 16:00:00,10.15,6.404071,rain,0.1,0.0,23.806318,42.839996,92.25929,977.0962,
55.75_37.74,2023-11-24 00:00:00,-7.05,-12.630345,snow,0.6,5.0,15.978486,35.64,79.785126,966.1233,
55.75_37.75,2023-11-25 03:00:00,-7.35,-12.030172,snow,0.1,9.0,10.365251,18.72,88.31826,966.1958,
55.75_37.76,2024-01-22 13:00:00,-10.8,-17.284336,none,0.0,62.0,21.09305,37.44,90.13805,1013.2804,
55.75_37.76,2024-04-01 13:00:00,17.95,14.8187275,none,0.0,9.0,21.288757,41.039997,54.712563,990.1555,
55.75_37.77,2023-10-27 14:00:00,-0.25,-5.5498877,snow,0.1,3.0,18.671474,37.079998,80.193115,984.8637,
55.75_37.77,2024-01-24 10:00:00,-1.25,-6.873009,none,0.0,62.0,21.67786,35.64,92.2225,993.85724,
55.75_37.78,2023-10-15 01:00:00,13.0,9.382128,none,0.0,0.0,25.812277,48.6,84.51021,982.68317,
55.75_37.78,2023-10-20 19:00:00,4.05,-0.016336918,rain,0.1,0.0,16.179987,28.08,89.63393,993.5252,
55.75_37.78,2023-11-27 17:00:00,1.2,-4.779312,none,0.0,21.0,25.959969,48.239998,88.755104,965.7146,
55.75_37.78,2024-02-09 09:00:00,-17.45,-24.290836,none,0.0,63.0,20.674158,34.92,78.43034,984.0159,
55.75_37.78,2024-04-03 14:00:00,12.2,5.267645,none,0.0,0.0,36.918873,74.159996,54.72733,973.3285,
55.75_37.78,2024-04-14 21:00:00,9.6,6.034462,rain,0.4,0.0,20.870687,36.719997,89.756996,980.0842,
55.75_37.78,2024-05-03 17:00:00,8.3,3.7255049,none,0.0,0.0,10.446206,23.039999,31.511116,998.8636,
55.75_37.79,2023-10-10 20:00:00,1.95,-2.7812405,none,0.0,0.0,14.904173,28.8,69.211754,996.26776,
55.75_37.79,2024-04-07 13:00:00,14.65,11.987999,rain,0.1,0.0,14.934577,30.599998,65.04113,998.2738,
55.75_37.8,2023-09-30 11:00:00,18.9,18.122324,none,0.0,0.0,11.966954,24.48,68.827515,998.888,
55.75_37.8,2023-10-12 09:00:00,8.75,3.070354,rain,0.2,0.0,31.485083,55.8,80.611404,983.1496,
55.75_37.8,2023-10-19 19:00:00,4.7,2.8737369,none,0.0,0.0,2.0991426,3.96,91.92844,989.2538,
55.75_37.8,2023-11-16 21:00:00,-0.7,-4.933237,none,0.0,1.0,10.853866,18.72,79.232635,993.43353,
55.75_37.8,2023-11-20 18:00:00,-6.9,-12.769322,none,0.0,1.0,16.434305,31.319998,61.316635,994.6001,
55.75_37.8,2024-01-25 20:00:00,-2.3,-7.236022,snow,0.4,58.0,16.08761,26.28,92.50137,983.6297,
55.75_37.8,2024-04-19 23:00:00,2.05,-4.21354,none,0.0,0.0,25.984919,51.839996,72.11551,984.80914,
55.75_37.81,2024-04-01 16:00:00,18.3,14.958023,none,0.0,4.0,19.416653,37.079998,51.21659,987.58435,
55.75_37.81,2024-04-05 08:00:00,-2.3,-7.697381,none,0.0,0.0,15.496736,30.599998,61.99269,1000.75305,
55.75_37.81,2024-05-07 16:00:00,2.25,-2.3897479,snow,1.0,0.0,18.792551,38.16,94.108116,985.2896,
55.75_37.82,2023-10-25 11:00:00,0.05,-3.641385,none,0.0,0.0,4.6102495,13.679999,57.72922,999.13916,
55.75_37.82,2023-11-16 17:00:00,-0.1,-4.0843635,none,0.0,1.0,9.779817,17.64,80.2151,991.5842,
55.75_37.82,2023-12-15 12:00:00,-6.85,-12.076735,snow,0.4,52.999996,14.408997,26.64,88.364845,989.0711,
55.75_37.82,2024-01-11 19:00:00,-10.0,-17.852385,none,0.0,52.999996,29.795301,49.32,74.64109,976.99304,
55.75_37.82,2024-01-18 14:00:00,-11.65,-19.2357,snow,0.1,52.999996,27.661497,48.96,80.038666,989.2882,
55.75_37.82,2024-01-21 16:00:00,-12.6,-17.800514,none,0.0,58.999996,10.853866,17.28,78.255554,1010.19196,
55.75_37.82,2024-03-17 19:00:00,1.95,-2.1682022,none,0.0,47.0,12.496719,21.24,79.925156,996.12225,
55.75_37.83,2023-11-14 06:00:00,3.05,-1.8539262,rain,0.7,0.0,21.252197,37.44,92.4821,979.5431,
55.75_37.83,2023-12-29 22:00:00,1.15,-3.0421617,rain,0.1,40.0,14.386494,23.4,93.37821,981.24,
55.75_37.83,2024-04-25 15:00:00,17.9,16.65784,none,0.0,0.0,13.5515,29.16,69.995255,989.8227,
55.75_37.84,2023-10-10 19:00:00,2.95,-1.9947808,none,0.0,0.0,16.80857,29.519999,66.90119,995.90027,
55.75_37.84,2023-10-20 23:00:00,3.5,-0.51925707,none,0.0,0.0,15.856354,28.44,93.1684,993.46295,
55.75_37.84,2023-11-26 00:00:00,-5.85,-9.532164,none,0.0,10.0,4.73506,7.5599995,91.5772,983.1016,
55.75_37.84,2024-03-01 22:00:00,-1.0,-4.367979,none,0.0,61.0,6.489992,8.64,92.57881,1009.19403,
55.75_37.86,2023-10-09 23:00:00,2.65,-2.2311096,none,0.0,0.0,18.847641,37.8,82.38811,986.51514,
55.75_37.86,2024-01-01 20:00:00,-16.65,-21.613619,none,0.0,42.0,8.287822,13.32,85.565025,996.9704,
55.75_37.86,2024-03-03 04:00:00,-7.3,-11.790027,none,0.0,61.0,9.178235,16.56,89.36354,1011.6582,
55.75_37.86,2024-04-06 13:00:00,6.3,2.5905638,none,0.0,0.0,12.074766,24.48,69.356224,996.5292,
55.75_37.87,2023-10-05 14:00:00,14.25,10.297783,none,0.0,0.0,20.478907,43.199997,58.206345,993.18463,
55.75_37.88,2023-11-07 18:00:00,6.95,3.6075835,none,0.0,0.0,15.158522,28.8,89.86118,987.6189,
55.75_37.88,2023-12-27 15:00:00,-2.4,-6.4606395,none,0.0,39.0,9.83268,16.56,91.12403,979.4661,
55.75_37.88,2024-02-12 08:00:00,-4.75,-9.762698,none,0.0,60.000004,14.512064,23.4,90.60974,994.0737,
55.76_37.24,2024-03-30 20:00:00,5.4,1.637711,rain,0.6,12.0,14.408997,24.119999,83.0361,993.33105,
55.76_37.34,2024-03-18 05:00:00,0.5,-2.6023958,none,0.0,45.0,6.489992,12.959999,95.0563,994.97534,
55.76_37.35,2023-12-03 21:00:00,-6.35,-11.826363,snow,0.5,33.0,16.489416,33.12,89.09875,981.7246,
55.76_37.37,2023-11-22 22:00:00,-7.05,-13.141141,none,0.0,3.0,17.84816,33.48,60.782684,996.0783,
55.76_37.37,2023-11-30 16:00:00,-4.95,-10.790401,none,0.0,24.0,19.469976,34.56,84.87872,985.7811,
55.76_37.37,2024-02-08 23:00:00,-15.75,-22.720442,none,0.0,58.0,22.007162,36.719997,78.38259,978.8943,
55.76_37.38,2024-02-04 21:00:00,-2.6,-7.9918313,snow,0.2,54.000004,18.511143,31.319998,88.74995,966.0537,
55.76_37.39,2023-11-07 18:00:00,7.35,3.9849014,none,0.0,0.0,15.463244,29.88,88.04341,984.69824,
55.76_37.39,2024-03-03 12:00:00,-2.5,-6.7003684,none,0.0,58.999996,9.565437,19.44,81.6963,1008.8787,
55.76_37.4,2023-11-03 16:00:00,3.1,0.08846474,none,0.0,0.0,4.379589,11.5199995,70.7422,994.09247,
55.76_37.41,2023-10-05 11:00:00,12.0,7.98715,rain,0.1,0.0,22.007162,45.719997,70.74106,989.44775,
55.76_37.41,2023-10-29 12:00:00,0.25,-4.1805987,none,0.0,9.0,14.48972,29.519999,89.32465,983.3289,
55.76_37.41,2023-11-23 20:00:00,-7.6,-13.794069,snow,0.0,4.0,19.416653,38.519997,73.89983,967.8424,
55.76_37.41,2024-01-25 15:00:00,-0.55,-5.926138,snow,0.2,56.0,20.447239,36.719997,90.91791,979.25745,
55.76_37.41,2024-02-06 09:00:00,-7.85,-13.43885,none,0.0,54.000004,16.394829,26.28,89.31636,968.15015,
55.76_37.41,2024-02-16 19:00:00,-8.45,-13.582126,none,0.0,69.0,12.768586,23.4,87.176186,1009.0118,
55.76_37.41,2024-04-03 16:00:00,12.3,5.6265574,rain,0.4,0.0,35.406506,73.439995,55.14087,970.0829,
55.76_37.43,2023-10-06 17:00:00,6.5,0.18011904,rain,0.3,0.0,34.20568,62.279995,86.74581,986.8494,
55.76_37.43,2024-04-03 17:00:00,10.35,4.1722393,none,0.0,0.0,31.614477,66.6,61.426025,975.66565,
55.76_37.47,2023-10-09 19:00:00,3.35,-2.1779416,none,0.0,0.0,23.710857,40.32,80.71141,989.40454,
55.76_37.47,2024-04-23 11:00:00,10.75,6.5214186,none,0.0,0.0,15.807239,30.239998,51.872963,1003.32623,
55.76_37.47,2024-05-08 18:00:00,2.7,-4.2549214,none,0.0,0.0,28.348713,50.399998,55.412838,999.30615,
55.76_37.49,2023-12-19 12:00:00,1.5,-4.042162,none,0.0,49.0,24.023088,32.399998,93.39654,990.15894,
55.76_37.49,2024-01-30 18:00:00,-1.8,-5.8574715,none,0.0,58.0,10.495713,14.759999,92.531296,1013.20685,
55.76_37.49,2024-03-01 19:00:00,-0.05,-3.5852852,none,0.0,65.0,8.4963045,10.440001,92.296265,1012.75037,
55.76_37.52,2023-11-15 10:00:00,1.4,-1.4605746,none,0.0,0.0,5.634891,11.159999,94.06824,984.8757,
55.76_37.52,2023-12-22 20:00:00,0.1,-5.8427825,none,0.0,40.0,25.20257,36.0,92.643425,971.2331,
55.76_37.53,2023-10-20 10:00:00,4.35,1.4750881,none,0.0,0.0,8.64,16.199999,90.936714,994.0475,
55.76_37.53,2024-02-27 14:00:00,-0.55,-6.099593,none,0.0,68.0,19.201874,28.08,73.52209,1012.0598,
55.76_37.53,2024-04-05 20:00:00,-0.4,-4.45358,none,0.0,0.0,9.021574,15.119999,73.27379,1004.122,
55.76_37.53,2024-04-11 15:00:00,15.85,11.6770935,none,0.0,0.0,18.86139,35.28,45.21799,1003.18634,
55.76_37.53,2024-04-25 15:00:00,17.9,15.979118,none,0.0,0.0,17.208603,29.16,67.95337,991.69495,
55.76_37.54,2023-12-19 16:00:00,1.15,-5.89613,snow,0.8,48.0,33.90313,48.239998,93.04072,982.57043,
55.76_37.54,2024-01-11 10:00:00,0.25,-6.5742607,snow,0.1,56.0,30.758411,43.199997,88.34729,973.8299,
55.76_37.55,2023-10-29 17:00:00,0.1,-4.4133253,none,0.0,9.0,14.578888,23.759998,87.04396,993.98254,
55.76_37.55,2023-11-12 21:00:00,7.3,2.9750214,rain,0.3,0.0,23.664352,38.88,94.988205,973.4605,
55.76_37.55,2024-02-16 21:00:00,-8.9,-14.093612,none,0.0,75.0,12.979984,18.72,87.476135,1015.9759,
55.76_37.55,2024-03-15 23:00:00,-1.85,-6.7905927,none,0.0,58.0,16.1198,22.319998,89.48093,1002.8836,
55.76_37.55,2024-03-23 20:00:00,2.75,-2.0149634,none,0.0,38.0,19.826164,29.519999,91.80497,982.0979,
55.76_37.55,2024-04-13 22:00:00,7.25,4.5934286,none,0.0,0.0,7.145796,10.08,74.406364,995.7664,
55.76_37.55,2024-04-19 12:00:00,15.6,10.169297,none,0.0,0.0,33.71338,55.44,60.568375,975.68115,
55.76_37.56,2023-09-29 08:00:00,12.05,10.786732,none,0.0,0.0,9.3669195,15.4800005,89.047775,1007.3694,
55.76_37.56,2023-10-01 02:00:00,13.8,11.078669,none,0.0,0.0,17.429354,27.72,74.27318,995.61346,
55.76_37.56,2023-10-02 03:00:00,8.45,6.432414,none,0.0,0.0,9.0645685,15.84,92.47384,994.47925,
55.76_37.56,2023-10-23 19:00:00,4.45,0.95955944,rain,0.7,0.0,14.044615,22.68,96.21841,981.44305,
55.76_37.56,2023-11-08 12:00:00,6.9,3.0131168,none,0.0,0.0,18.161278,32.039997,87.088394,992.02167,
55.76_37.56,2023-12-09 02:00:00,-15.1,-22.06763,none,0.0,34.0,22.33161,32.039997,81.875206,1018.54285,
55.76_37.56,2023-12-24 07:00:00,-2.0,-6.7948346,snow,0.4,41.0,15.683776,23.4,94.95573,968.4328,
55.76_37.56,2024-01-02 08:00:00,-21.4,-27.589619,none,0.0,44.0,15.379206,23.759998,78.793434,996.42487,
55.76_37.56,2024-01-27 17:00:00,-8.7,-13.518936,none,0.0,62.0,10.594036,12.24,88.540474,1004.53046,
55.76_37.56,2024-03-21 13:00:00,2.7,-0.6979923,none,0.0,44.0,7.653705,9.72,70.9228,1008.3274,
55.76_37.56,2024-04-01 14:00:00,18.3,14.499418,none,0.0,10.0,23.266697,40.32,52.625336,989.8017,
55.76_37.56,2024-04-09 19:00:00,13.35,12.377745,none,0.0,0.0,9.422101,14.759999,87.40112,995.87354,
55.76_37.56,2024-04-17 15:00:00,12.25,9.397785,none,0.0,0.0,6.3690495,19.8,46.975475,980.88306,
55.76_37.56,2024-05-01 11:00:00,16.2,12.974577,none,0.0,0.0,18.584509,33.839996,47.75208,1006.1953,
55.76_37.57,2023-10-06 20:00:00,4.95,-1.7363544,rain,0.2,0.0,33.004364,56.519997,78.65402,989.6282,
55.76_37.57,2023-11-02 13:00:00,6.75,2.7096243,rain,0.5,0.0,19.576189,33.839996,89.533966,984.7925,
55.76_37.57,2023-12-05 15:00:00,-10.5,-15.09132,none,0.0,34.0,7.9526596,11.159999,85.575005,1002.6845,
55.76_37.57,2024-02-11 12:00:00,-12.2,-18.275768,none,0.0,62.0,17.114204,25.56,80.28294,1001.28094,
55.76_37.57,2024-02-24 03:00:00,-0.45,-6.798138,none,0.0,72.0,27.112564,38.88,90.25826,1005.8269,
55.76_37.58,2023-12-15 19:00:00,-10.95,-17.165747,none,0.0,54.000004,18.782204,25.919998,83.80937,995.80115,
55.76_37.58,2023-12-22 21:00:00,0.65,-5.0735807,none,0.0,41.0,24.464113,38.519997,94.03273,970.4368,
55.76_37.58,2024-01-27 18:00:00,-7.75,-12.451282,none,0.0,62.0,10.308831,14.4,88.62764,1004.96313,
55.76_37.58,2024-02-07 18:00:00,-6.5,-13.018349,snow,0.1,62.0,23.540806,34.2,89.08566,962.9269,
55.76_37.58,2024-03-11 07:00:00,-11.75,-17.475191,none,0.0,61.0,15.226764,20.880001,86.12831,1006.2815,
55.76_37.58,2024-04-16 11:00:00,10.1,4.786312,rain,0.1,0.0,22.963936,39.96,53.20617,983.1051,
55.76_37.58,2024-04-25 21:00:00,10.35,8.524221,none,0.0,0.0,10.00256,13.32,88.90832,991.5039,
55.76_37.59,2023-10-01 18:00:00,13.8,11.246086,none,0.0,0.0,11.5199995,27.0,61.603176,994.3339,
55.76_37.59,2023-10-17 19:00:00,3.2,-2.2133152,rain,0.2,0.0,24.098497,45.36,87.97655,985.6897,
55.76_37.59,2024-01-08 19:00:00,-16.25,-22.849867,none,0.0,49.0,18.998314,28.8,70.32316,1002.29645,
55.76_37.59,2024-02-17 02:00:00,-8.9,-14.255608,none,0.0,75.0,14.168641,19.8,88.52199,1011.59814,
55.76_37.59,2024-03-12 18:00:00,-1.55,-5.9150267,none,0.0,60.000004,9.227524,10.440001,64.87839,1005.3447,
55.76_37.6,2023-09-29 21:00:00,15.15,14.3510475,none,0.0,0.0,10.630672,16.56,83.64302,1002.4908,
55.76_37.6,2023-09-30 13:00:00,21.7,18.225292,none,0.0,0.0,25.318008,42.839996,49.587025,998.1051,
55.76_37.6,2023-10-17 09:00:00,3.05,-2.9750028,none,0.0,0.0,28.006058,46.44,87.33339,983.6014,
55.76_37.6,2023-11-05 20:00:00,9.55,5.893854,rain,0.4,0.0,21.578989,36.36,90.36529,981.1396,
55.76_37.6,2023-11-05 21:00:00,9.45,5.796447,rain,0.1,0.0,21.30093,35.28,90.05126,980.8386,
55.76_37.6,2024-01-29 18:00:00,-3.1,-9.178338,none,0.0,60.000004,22.862123,32.399998,89.04063,1011.4882,
55.76_37.6,2024-02-09 16:00:00,-10.45,-16.483421,none,0.0,63.0,16.62249,23.039999,66.72395,985.0311,
55.76_37.6,2024-02-20 10:00:00,-9.15,-14.154318,none,0.0,74.0,11.503113,18.359999,86.75864,1008.2508,
55.76_37.6,2024-02-21 15:00:00,-4.4,-10.2633705,none,0.0,73.0,19.33639,28.8,78.654495,1003.15796,
55.76_37.6,2024-02-26 13:00:00,-2.25,-8.889497,none,0.0,70.0,25.922499,37.44,77.21374,1006.98596,
55.76_37.6,2024-04-10 16:00:00,19.9,19.04031,none,0.0,0.0,8.217153,18.72,56.88692,1001.2387,
55.76_37.6,2024-04-24 09:00:00,7.55,5.043213,none,0.0,0.0,2.52,12.959999,56.909046,1003.8892,
55.76_37.6,2024-04-30 16:00:00,21.1,16.573956,none,0.0,0.0,22.89611,40.68,35.26796,1008.1926,
55.76_37.61,2023-09-30 04:00:00,10.8,9.707992,none,0.0,0.0,7.8954163,12.24,95.76025,1000.1303,
55.76_37.61,2023-10-21 06:00:00,1.6,-3.1100469,none,0.0,0.0,17.673029,31.68,88.789825,995.65076,
55.76_37.61,2023-11-27 18:00:00,1.1,-5.1124163,none,0.0,21.0,27.558228,46.079998,89.395004,964.5537,
55.76_37.61,2023-12-21 01:00:00,0.3,-2.8574052,snow,0.1,40.0,7.289444,15.84,99.27891,979.1946,
55.76_37.61,2024-01-02 15:00:00,-21.45,-28.00264,none,0.0,44.0,17.786331,28.8,76.01229,995.82086,
55.76_37.61,2024-01-12 08:00:00,-12.15,-20.236872,snow,0.1,57.0,30.811037,43.92,78.330795,983.7061,
55.76_37.61,2024-04-13 19:00:00,10.95,9.029742,none,0.0,0.0,5.04,12.24,67.42699,995.16797,
55.76_37.61,2024-04-24 20:00:00,8.8,4.3699875,none,0.0,0.0,15.03835,23.759998,51.149124,997.7056,
55.76_37.62,2023-11-01 15:00:00,13.65,11.496996,none,0.0,0.0,13.910169,24.84,76.015686,986.953,
55.76_37.62,2024-02-22 19:00:00,-3.75,-9.790155,none,0.0,73.0,22.104116,31.68,88.98422,1000.5062,
55.76_37.62,2024-03-28 21:00:00,0.4,-4.37494,none,0.0,24.0,15.463246,24.119999,79.106155,994.13513,
55.76_37.62,2024-03-30 12:00:00,9.9,5.7563524,none,0.0,19.0,20.774214,36.0,66.733795,992.88416,
55.76_37.62,2024-04-16 15:00:00,11.45,6.3702774,none,0.0,0.0,20.696085,40.32,46.578873,984.3256,
55.76_37.63,2023-10-15 19:00:00,8.85,5.524494,none,0.0,0.0,15.192682,24.119999,79.51569,985.9931,
55.76_37.63,2023-11-07 18:00:00,7.5,4.0509253,none,0.0,0.0,16.039202,28.8,87.14624,987.721,
55.76_37.63,2023-11-12 04:00:00,2.1,-2.7733295,none,0.0,0.0,18.899143,30.599998,86.29833,992.2622,
55.76_37.63,2024-03-07 20:00:00,-5.4,-10.702147,none,0.0,62.0,15.141414,21.599998,81.28941,1000.47644,
55.76_37.63,2024-04-05 18:00:00,2.95,-1.3740029,none,0.0,1.0,10.495713,18.359999,55.48047,999.73944,
55.76_37.63,2024-04-09 17:00:00,17.6,16.993996,none,0.0,0.0,8.854829,17.28,70.630714,996.55945,
55.76_37.64,2023-12-01 18:00:00,-4.25,-8.616817,snow,0.1,25.0,10.703569,16.56,93.085464,983.1423,
55.76_37.64,2024-04-10 13:00:00,19.6,18.98213,none,0.0,0.0,10.137692,22.319998,58.34089,1000.4052,
55.76_37.64,2024-04-19 15:00:00,12.5,5.1778355,none,0.0,0.0,38.948273,65.88,51.79578,974.9075,
55.76_37.65,2023-09-30 17:00:00,18.3,16.120247,none,0.0,0.0,13.70839,24.84,55.732986,996.8984,
55.76_37.65,2023-10-18 19:00:00,5.75,1.8769798,rain,0.2,0.0,17.148247,27.0,90.08305,987.59045,
55.76_37.65,2023-12-01 17:00:00,-3.95,-8.307024,snow,0.2,25.0,10.787993,16.56,92.401344,984.59705,
55.76_37.65,2023-12-28 21:00:00,-5.25,-10.840351,none,0.0,41.0,17.462784,30.599998,83.866684,991.6002,
55.76_37.65,2024-01-14 20:00:00,-11.25,-17.56548,none,0.0,56.0,19.296133,27.359999,83.092545,980.6204,
55.76_37.65,2024-02-06 18:00:00,-5.6,-10.4260845,none,0.0,56.0,12.031756,18.72,84.14822,974.83905,
55.76_37.65,2024-03-05 21:00:00,-6.2,-11.553635,none,0.0,63.0,15.072783,23.759998,81.81136,1007.0461,
55.76_37.65,2024-04-19 15:00:00,12.5,5.1778355,none,0.0,0.0,38.948273,65.88,51.79578,975.3723,
55.76_37.66,2023-10-03 17:00:00,13.05,9.627345,none,0.0,0.0,17.477621,32.399998,64.68683,997.7224,
55.76_37.66,2023-11-20 20:00:00,-6.8,-12.734744,none,0.0,2.0,16.904673,28.44,61.094543,994.37146,
55.76_37.66,2024-02-12 19:00:00,-1.55,-5.667966,rain,0.2,62.0,11.043261,16.199999,91.86272,993.35565,
55.76_37.66,2024-04-28 21:00:00,11.95,9.534397,none,0.0,0.0,4.802999,11.159999,52.199875,1008.7994,
55.76_37.67,2023-09-29 13:00:00,21.55,20.867477,none,0.0,0.0,10.495713,20.880001,57.10691,1006.97736,
55.76_37.67,2024-02-22 16:00:00,-2.7,-8.561869,none,0.0,70.0,21.30093,32.760002,85.7846,1002.4728,
55.76_37.68,2024-04-01 10:00:00,15.55,11.692865,none,0.0,6.0,22.180206,37.8,59.130314,994.93744,
55.76_37.69,2023-10-29 15:00:00,0.6,-3.999379,none,0.0,10.0,15.941944,25.199999,89.02769,990.91376,
55.76_37.69,2023-12-06 15:00:00,-14.3,-18.354282,none,0.0,33.0,2.9024127,7.92,88.00613,1014.31757,
55.76_37.69,2024-01-08 13:00:00,-17.3,-22.660904,none,0.0,46.0,10.538843,18.359999,77.781944,1009.28955,
55.76_37.69,2024-01-14 03:00:00,-26.2,-32.4738,none,0.0,52.999996,15.141414,20.519999,73.69151,995.68414,
55.76_37.69,2024-01-21 15:00:00,-13.7,-19.490858,none,0.0,60.000004,14.689589,20.880001,81.39564,1013.23535,
55.76_37.69,2024-03-16 13:00:00,3.65,-0.65772843,none,0.0,52.0,14.917212,20.880001,76.766304,1003.19073,
55.76_37.69,2024-04-16 12:00:00,10.5,5.184901,none,0.0,0.0,22.805367,39.96,51.24828,983.3844,
55.76_37.7,2023-10-17 19:00:00,3.2,-2.4056888,rain,0.3,0.0,25.417631,45.719997,87.97655,985.78784,
55.76_37.7,2023-11-14 19:00:00,2.5,-2.3117683,rain,0.1,0.0,19.8,33.839996,91.460175,984.86755,
55.76_37.71,2024-04-11 15:00:00,17.2,12.866966,none,0.0,0.0,19.486609,38.519997,40.49026,1001.4186,
55.76_37.72,2023-11-15 15:00:00,3.25,-0.051927567,none,0.0,0.0,7.8625183,16.199999,78.106865,985.61285,
55.76_37.72,2024-02-20 11:00:00,-8.4,-13.381354,none,0.0,71.0,11.841756,21.599998,88.21957,1009.6075,
55.76_37.73,2023-11-19 20:00:00,-6.55,-10.772095,none,0.0,1.0,5.495161,12.599999,63.675095,1001.81946,
55.76_37.73,2023-12-29 13:00:00,-1.0,-4.803997,snow,0.1,40.0,9.387651,16.56,91.8982,981.8692,
55.76_37.73,2024-04-04 18:00:00,1.8,-3.7286103,none,0.0,0.0,18.792551,35.64,60.437164,993.39166,
55.76_37.73,2024-04-08 16:00:00,16.25,13.625996,none,0.0,0.0,18.792551,35.64,68.067795,996.9263,
55.76_37.74,2023-10-23 21:00:00,2.85,-1.3200915,rain,0.9,0.0,16.279802,28.8,94.13603,981.27515,
55.76_37.74,2024-03-09 09:00:00,-5.7,-11.872406,none,0.0,58.0,19.493261,30.960001,66.2166,998.85376,
55.76_37.74,2024-04-09 07:00:00,9.95,8.304159,none,0.0,0.0,7.968939,14.04,88.57403,999.3655,
55.76_37.74,2024-04-22 09:00:00,15.55,12.708658,none,0.0,0.0,22.553934,41.760002,76.57686,990.49744,
55.76_37.74,2024-04-29 13:00:00,16.85,14.960371,none,0.0,0.0,11.252519,25.919998,42.42891,1013.7165,
55.76_37.75,2023-10-14 00:00:00,5.2,1.5805635,none,0.0,0.0,12.387348,21.96,79.2564,996.3951,
55.76_37.75,2024-02-13 13:00:00,-7.2,-12.866655,none,0.0,61.0,16.489416,31.319998,79.76205,1001.0003,
55.76_37.75,2024-04-22 08:00:00,14.8,12.726551,none,0.0,0.0,17.610588,33.839996,81.15773,990.60516,
55.76_37.75,2024-04-25 11:00:00,15.95,12.933212,none,0.0,0.0,20.892412,47.88,68.006424,990.22144,
55.76_37.76,2023-12-22 22:00:00,1.05,-4.2181187,none,0.0,37.0,21.817902,37.44,94.392715,968.2549,
55.76_37.77,2024-02-10 17:00:00,-17.2,-22.340134,none,0.0,58.0,9.0,9.72,76.468056,999.11365,
55.76_37.78,2023-10-03 17:00:00,14.6,10.884254,none,0.0,0.0,19.406637,36.0,58.29332,997.0733,
55.76_37.78,2024-01-11 20:00:00,-10.1,-18.260378,snow,0.1,52.999996,31.845247,53.28,74.318756,978.51215,
55.76_37.78,2024-04-12 13:00:00,14.65,8.992019,none,0.0,0.0,31.259945,57.96,54.41616,993.3683,
55.76_37.79,2023-09-29 11:00:00,17.9,17.995586,none,0.0,0.0,4.829907,15.119999,70.91998,1003.9441,
55.76_37.79,2024-03-07 22:00:00,-7.75,-12.408603,none,0.0,57.0,9.793059,15.119999,85.88664,999.0593,
55.76_37.79,2024-04-14 23:00:00,9.8,6.178606,rain,0.6,0.0,21.868332,37.8,90.69033,977.25354,
55.76_37.79,2024-04-25 08:00:00,13.3,9.383284,none,0.0,0.0,23.277834,50.399998,70.272064,988.96246,
55.76_37.8,2023-10-03 19:00:00,12.65,8.728835,none,0.0,0.0,19.881649,34.92,63.491913,995.30756,
55.76_37.8,2023-11-09 12:00:00,5.6,3.6090531,none,0.0,0.0,4.1046314,12.24,90.388016,989.0285,
55.76_37.8,2024-02-17 20:00:00,-2.4,-8.691231,none,0.0,70.0,25.045238,41.039997,90.44516,999.8215,
55.76_37.82,2023-10-09 20:00:00,3.65,-1.7426627,rain,0.1,0.0,23.166218,42.48,81.04544,986.13574,
55.76_37.82,2023-10-24 16:00:00,0.8,-3.7321005,none,0.0,0.0,13.493999,25.919998,74.88182,994.18066,
55.76_37.82,2023-11-13 22:00:00,4.3,-0.9622867,rain,0.5,0.0,24.75638,41.399998,89.97217,979.908,
55.76_37.82,2023-11-29 10:00:00,-11.95,-17.405682,none,0.0,20.0,13.441071,21.96,88.59405,995.1939,
55.76_37.82,2023-12-23 17:00:00,0.3,-2.9974182,none,0.0,36.0,7.5170207,13.32,94.35905,966.532,
55.76_37.82,2024-01-29 14:00:00,-3.0,-8.8683,none,0.0,57.0,21.26744,36.719997,87.05739,1012.6812,
55.76_37.82,2024-04-20 16:00:00,11.05,6.66173,none,0.0,0.0,14.904173,31.68,44.481163,999.8099,
55.76_37.83,2023-11-10 14:00:00,6.3,2.3362808,none,0.0,0.0,14.512064,28.08,72.40463,998.0041,
55.76_37.83,2024-01-09 20:00:00,-6.75,-12.774802,snow,0.7,48.0,19.881649,34.2,87.68921,991.0256,
55.76_37.83,2024-02-02 09:00:00,-1.4,-7.5582156,snow,0.4,52.999996,24.64094,40.68,87.869316,977.6006,
55.76_37.83,2024-03-13 19:00:00,-3.65,-8.411463,none,0.0,54.000004,12.24,20.16,78.47173,1005.73364,
55.76_37.83,2024-03-15 17:00:00,3.05,-1.4443026,none,0.0,52.0,15.175612,24.84,74.459366,1001.5965,
55.76_37.84,2023-11-05 19:00:00,9.9,6.1263905,rain,0.1,0.0,21.273533,38.16,84.446335,982.5563,
55.76_37.84,2023-12-26 16:00:00,-1.75,-7.6145515,none,0.0,39.0,21.915693,40.68,84.6114,974.66016,
55.76_37.84,2024-02-03 23:00:00,-2.2,-6.8354836,none,0.0,52.999996,14.154915,23.4,92.85252,970.51215,
55.76_37.84,2024-03-27 07:00:00,-2.9,-7.261727,none,0.0,25.0,11.013882,17.64,87.067474,995.0097,
55.76_37.84,2024-04-10 12:00:00,19.05,18.839949,none,0.0,0.0,8.311245,21.24,60.37225,1000.7191,
55.76_37.84,2024-04-11 21:00:00,10.5,6.6673584,none,0.0,0.0,12.864649,21.24,51.991127,999.9574,
55.76_37.84,2024-04-24 07:00:00,3.4,0.6954608,none,0.0,0.0,5.3517847,13.32,85.81487,1002.94006,
55.76_37.84,2024-05-06 14:00:00,9.2,6.4701605,none,0.0,0.0,6.4096174,17.64,60.714596,991.06305,
55.77_37.37,2023-10-12 10:00:00,9.65,4.240181,none,0.0,0.0,31.667723,57.239998,82.98454,981.97345,
55.77_37.37,2023-11-24 06:00:00,-6.6,-11.791857,snow,0.1,5.0,14.021525,26.28,85.01415,957.79443,
55.77_37.37,2023-11-24 07:00:00,-6.6,-11.791857,snow,0.1,5.0,14.021525,26.28,85.01415,957.91675,
55.77_37.37,2023-12-06 12:00:00,-16.25,-20.088455,none,0.0,33.0,0.71999997,5.3999996,86.3398,1011.7447,
55.77_37.37,2024-02-24 18:00:00,1.0,-5.4117327,none,0.0,65.0,28.82249,48.6,89.38676,1007.80884,
55.77_37.37,2024-03-30 01:00:00,3.0,-0.8168545,none,0.0,17.0,13.797913,25.199999,92.809814,986.37103,
55.77_37.37,2024-05-07 09:00:00,2.55,-2.421855,snow,0.4,0.0,18.59845,35.28,77.995995,987.2659,
55.77_37.4,2023-12-25 19:00:00,-2.9,-8.311385,none,0.0,37.0,18.25026,31.68,87.396454,970.016,
55.77_37.4,2024-01-24 21:00:00,-0.3,-5.426345,none,0.0,57.0,18.971008,36.719997,90.935776,988.9366,
55.77_37.42,2023-11-21 18:00:00,-8.3,-14.327452,none,0.0,2.0,16.981165,32.760002,61.45577,997.27515,
55.77_37.43,2024-01-14 23:00:00,-6.7,-12.996702,snow,0.2,52.999996,21.626984,36.36,86.00305,980.349,
55.77_37.43,2024-04-24 18:00:00,12.5,8.732742,none,0.0,0.0,12.758432,23.759998,46.543396,1000.57556,
55.77_37.47,2023-10-15 01:00:00,13.35,9.277006,none,0.0,0.0,28.732422,50.399998,82.05296,985.14276,
55.77_37.47,2024-02-29 13:00:00,1.0,-4.021688,none,0.0,67.0,16.981165,23.039999,74.6397,1005.03546,
55.77_37.48,2023-10-16 22:00:00,5.55,1.9627552,rain,0.2,0.0,15.1884165,25.919998,91.33959,983.41693,
55.77_37.48,2023-11-02 17:00:00,3.8,-1.3410132,none,0.0,0.0,21.166653,36.36,78.760666,986.8326,
55.77_37.48,2023-11-16 17:00:00,-0.3,-4.5306816,none,0.0,1.0,11.212135,20.16,79.59013,993.7516,
55.77_37.48,2023-12-14 09:00:00,-11.35,-18.273813,snow,0.1,43.0,23.363974,31.319998,82.07025,1005.2661,
55.77_37.48,2024-04-19 14:00:00,13.45,6.4588585,none,0.0,0.0,36.932915,63.36,49.37181,975.61127,
55.77_37.49,2024-04-25 14:00:00,18.0,16.064482,rain,0.1,0.0,17.418196,30.960001,67.7502,990.90656,
55.77_37.5,2023-11-28 20:00:00,-6.6,-12.853474,none,0.0,21.0,21.068459,32.399998,82.39815,990.35614,
55.77_37.5,2023-12-07 16:00:00,-12.65,-17.74506,none,0.0,34.0,10.464798,15.84,84.6265,1021.00665,
55.77_37.5,2023-12-21 21:00:00,0.25,-4.9004097,none,0.0,41.0,19.969458,27.0,92.99089,976.77203,
55.77_37.51,2023-11-18 09:00:00,-7.45,-11.197634,none,0.0,1.0,3.8268526,6.4799995,87.27797,1008.5855,
55.77_37.52,2024-02-27 19:00:00,-3.5,-9.129268,none,0.0,68.0,18.359999,25.56,79.099754,1010.6553,
55.77_37.52,2024-04-29 08:00:00,10.5,8.472984,none,0.0,0.0,6.2145634,15.4800005,70.93866,1014.69745,
55.77_37.53,2023-10-20 17:00:00,4.1,0.25889874,none,0.0,0.0,14.512064,23.4,88.687485,993.8681,
55.77_37.53,2023-10-27 16:00:00,-1.3,-6.1918626,snow,1.0,4.0,16.394829,31.68,90.5279,984.67114,
55.77_37.53,2023-11-02 18:00:00,3.85,-1.2405789,none,0.0,0.0,20.65848,34.56,77.63785,986.9805,
55.77_37.53,2024-04-29 15:00:00,18.4,15.652746,none,0.0,0.0,6.519877,16.56,31.883623,1014.20807,
55.77_37.54,2023-12-14 12:00:00,-11.15,-17.880363,none,0.0,43.0,22.183128,35.28,83.105896,1004.2046,
55.77_37.54,2023-12-19 17:00:00,1.5,-5.588216,snow,0.4,47.0,34.353127,48.96,91.72435,979.3467,
55.77_37.54,2024-03-07 14:00:00,-0.25,-4.767125,none,0.0,61.0,10.636766,16.919998,61.54892,1004.0846,
55.77_37.55,2023-11-23 11:00:00,-7.75,-13.965199,none,0.0,3.0,18.171976,32.039997,57.694054,987.44293,
55.77_37.55,2024-01-10 21:00:00,-10.55,-17.124783,snow,0.2,52.999996,21.53089,30.239998,85.569244,993.0306,
55.77_37.55,2024-05-09 04:00:00,-1.5,-7.1200833,none,0.0,1.0,19.453327,31.319998,77.046814,1000.62415,
55.77_37.56,2023-10-05 17:00:00,12.0,8.769903,none,0.0,0.0,14.021525,28.44,62.904106,993.4132,
55.77_37.56,2023-10-07 18:00:00,8.85,3.97056,none,0.0,0.0,29.024128,49.32,91.24398,964.7282,
55.77_37.56,2023-10-09 14:00:00,4.25,-1.7755075,none,0.0,0.0,27.841293,47.88,79.39881,982.5223,
55.77_37.56,2023-11-02 17:00:00,4.55,-0.52626157,none,0.0,0.0,21.38897,37.079998,78.02975,985.58435,
55.77_37.56,2024-01-04 11:00:00,-27.0,-32.155563,none,0.0,44.0,7.386582,14.759999,73.872154,991.42584,
55.77_37.56,2024-01-08 12:00:00,-20.0,-25.427414,none,0.0,49.0,10.440001,19.08,79.37961,1007.9602,
55.77_37.56,2024-01-12 10:00:00,-11.65,-18.728834,snow,0.2,57.0,24.031178,39.6,77.45335,986.95026,
55.77_37.56,2024-03-05 20:00:00,-6.0,-11.533192,none,0.0,63.0,16.363178,23.759998,81.203606,1007.4094,
55.77_37.56,2024-04-01 14:00:00,18.3,14.499418,none,0.0,10.0,23.266697,40.32,52.625336,989.686,
55.77_37.56,2024-04-28 14:00:00,14.55,11.506484,none,0.0,0.0,9.107359,18.359999,44.0585,1008.5764,
55.77_37.57,2023-12-11 10:00:00,-7.9,-14.356395,rain,0.1,39.0,22.148046,31.319998,87.23231,1005.986,
55.77_37.57,2024-03-14 12:00:00,-0.35,-4.899313,none,0.0,60.000004,13.1041975,21.599998,77.81862,1004.9671,
55.77_37.58,2023-10-06 20:00:00,4.95,-1.7363544,rain,0.2,0.0,33.004364,56.519997,78.65402,989.0227,
55.77_37.58,2023-11-15 19:00:00,1.4,-1.228092,none,0.0,0.0,3.8773184,6.12,93.054474,986.5481,
55.77_37.58,2024-02-14 13:00:00,-11.7,-18.201614,none,0.0,64.0,19.813087,29.88,73.40117,1009.4507,
55.77_37.59,2023-10-01 00:00:00,14.6,11.919535,none,0.0,0.0,17.148247,28.08,70.52469,994.40454,
55.77_37.59,2023-10-14 14:00:00,13.7,9.654269,none,0.0,0.0,26.230639,46.8,74.00622,986.69116,
55.77_37.59,2023-10-24 13:00:00,1.8,-2.550496,none,0.0,0.0,13.797912,24.48,79.02879,992.4847,
55.77_37.59,2023-11-02 12:00:00,7.75,3.715046,rain,0.5,0.0,21.046917,39.6,89.61303,983.35657,
55.77_37.59,2024-01-25 15:00:00,-1.85,-7.1973667,snow,0.2,61.0,19.08,28.44,90.824135,983.5003,
55.77_37.59,2024-03-02 02:00:00,-4.2,-7.8395,none,0.0,66.0,6.2145634,8.64,97.40226,1009.4155,
55.77_37.59,2024-04-30 15:00:00,20.75,16.08671,none,0.0,0.0,27.359999,48.6,37.56661,1010.1477,
55.77_37.59,2024-05-06 17:00:00,7.0,1.800262,none,0.0,0.0,20.620804,36.0,59.08961,990.80585,
55.77_37.6,2023-10-16 10:00:00,7.15,4.9150887,rain,0.3,0.0,7.7879906,14.04,89.56569,983.8405,
55.77_37.6,2023-10-17 13:00:00,5.1,-1.6081963,rain,0.1,0.0,30.911821,53.639996,67.12731,984.25604,
55.77_37.6,2023-11-03 09:00:00,0.05,-3.5036304,none,0.0,0.0,8.427383,13.679999,90.296394,994.8484,
55.77_37.6,2024-01-17 10:00:00,-12.95,-20.26337,snow,0.1,58.0,25.199999,36.0,77.87261,980.37463,
55.77_37.6,2024-02-18 04:00:00,-1.05,-6.8267636,snow,0.9,76.0,22.961115,34.56,92.57586,993.15247,
55.77_37.6,2024-03-10 12:00:00,-5.8,-10.744705,none,0.0,61.0,11.252519,19.44,68.60341,1000.632,
55.77_37.6,2024-04-25 15:00:00,19.95,16.864437,none,0.0,0.0,17.654686,31.68,46.21143,988.686,
55.77_37.6,2024-04-29 20:00:00,16.35,14.663902,none,0.0,0.0,1.1384199,3.2399998,42.285114,1012.4309,
55.77_37.6,2024-04-30 22:00:00,14.45,12.187817,none,0.0,0.0,11.159999,17.64,63.250317,1005.22,
55.77_37.61,2023-10-16 20:00:00,6.0,2.9156752,rain,0.3,0.0,12.229406,19.8,90.73382,981.4196,
55.77_37.61,2023-11-02 22:00:00,1.65,-2.5977335,none,0.0,0.0,13.53236,25.56,82.55809,989.5575,
55.77_37.61,2023-12-01 10:00:00,-5.5,-10.333193,none,0.0,24.0,12.496719,19.08,87.81064,988.5163,
55.77_37.61,2024-01-19 21:00:00,-12.1,-18.00104,none,0.0,64.0,16.167967,22.68,84.0041,988.59247,
55.77_37.61,2024-02-02 11:00:00,-0.8,-7.116781,snow,0.1,58.0,25.729298,36.36,84.09463,977.6208,
55.77_37.61,2024-03-06 09:00:00,-11.25,-16.10033,none,0.0,63.0,9.0645685,14.4,80.100525,1008.4063,
55.77_37.61,2024-03-14 21:00:00,-3.15,-8.64265,none,0.0,58.999996,18.388212,25.199999,85.41095,1002.2713,
55.77_37.62,2023-11-14 18:00:00,2.4,-2.6241171,rain,0.2,0.0,21.370783,36.719997,92.77586,984.5665,
55.77_37.62,2023-12-13 15:00:00,-12.2,-19.533127,snow,0.1,43.0,25.812277,37.44,81.61416,1004.1253,
55.77_37.62,2024-01-24 14:00:00,0.1,-5.9196887,none,0.0,62.0,25.630886,36.719997,91.96849,992.7956,
55.77_37.62,2024-02-01 17:00:00,0.55,-4.516772,none,0.0,58.0,19.296135,27.72,90.33431,984.6726,
55.77_37.62,2024-02-04 17:00:00,-0.85,-6.4121003,none,0.0,60.000004,20.172853,28.08,81.61674,967.3105,
55.77_37.62,2024-04-02 17:00:00,19.0,16.87666,none,0.0,4.0,15.856354,25.199999,58.194553,983.1157,
55.77_37.63,2023-09-29 20:00:00,15.15,14.3510475,none,0.0,0.0,10.630672,16.56,83.64302,1001.308,
55.77_37.63,2023-10-24 18:00:00,-0.65,-5.7972674,none,0.0,0.0,15.986595,27.72,70.77565,995.149,
55.77_37.63,2023-11-22 23:00:00,-6.9,-13.110754,none,0.0,3.0,18.626305,30.239998,59.59979,996.5307,
55.77_37.63,2024-02-09 14:00:00,-11.4,-17.872175,none,0.0,63.0,19.48661,28.08,69.61339,984.6709,
55.77_37.63,2024-02-15 14:00:00,-11.25,-18.037058,snow,0.1,73.0,22.26477,36.36,78.80189,1012.02765,
55.77_37.63,2024-03-19 07:00:00,-1.4,-5.6093197,none,0.0,50.0,12.397806,16.919998,96.39104,1002.87854,
55.77_37.64,2023-09-30 06:00:00,11.1,9.760215,none,0.0,0.0,9.693296,14.759999,94.18564,1000.281,
55.77_37.64,2023-10-01 00:00:00,14.15,11.510168,none,0.0,0.0,16.870138,27.359999,72.60643,994.59143,
55.77_37.64,2023-11-06 23:00:00,7.75,3.772541,none,0.0,0.0,20.808498,33.839996,90.23309,977.5075,
55.77_37.64,2024-02-14 15:00:00,-10.05,-16.344631,none,0.0,64.0,19.13426,28.8,75.24167,1010.496,
55.77_37.64,2024-04-13 07:00:00,6.45,3.3506083,none,0.0,0.0,8.942214,17.28,73.21276,996.84674,
55.77_37.65,2024-01-16 21:00:00,-4.6,-9.795742,none,0.0,55.0,15.94601,21.96,91.31363,971.4449,
55.77_37.65,2024-01-26 19:00:00,-5.15,-9.149293,snow,0.1,63.0,7.42159,11.159999,91.97541,995.0265,
55.77_37.65,2024-04-13 16:00:00,13.2,9.672593,none,0.0,0.0,11.113451,20.519999,44.4601,992.8984,
55.77_37.66,2023-09-29 23:00:00,14.65,13.709684,none,0.0,0.0,10.931203,18.359999,84.69287,1002.4019,
55.77_37.66,2023-10-24 12:00:00,2.45,-1.8397036,none,0.0,0.0,13.722565,24.84,77.41174,993.24255,
55.77_37.66,2024-01-12 16:00:00,-17.1,-24.010008,none,0.0,54.000004,20.771093,28.8,66.26444,989.63043,
55.77_37.66,2024-03-27 08:00:00,0.1,-4.2435446,none,0.0,25.0,13.089354,18.72,84.82701,997.03314,
55.77_37.67,2024-02-02 12:00:00,-0.85,-7.879925,snow,0.1,54.000004,30.113304,42.839996,80.706566,980.94745,
55.77_37.67,2024-04-19 15:00:00,13.9,6.8621445,none,0.0,0.0,37.77256,62.639996,49.322353,977.1093,
55.77_37.68,2023-10-02 08:00:00,10.7,8.115372,none,0.0,0.0,14.494192,24.84,84.5367,996.80286,
55.77_37.68,2023-10-10 15:00:00,3.55,-2.1781576,rain,0.1,0.0,22.961115,38.519997,68.27923,995.08215,
55.77_37.68,2023-10-28 10:00:00,-0.95,-5.537451,none,0.0,7.0,15.03835,24.48,93.61067,980.18024,
55.77_37.68,2023-10-30 15:00:00,2.55,-1.1745057,none,0.0,13.0,13.1041975,23.039999,95.47689,988.7566,
55.77_37.68,2023-11-04 17:00:00,4.9,0.12447643,rain,0.2,0.0,22.322903,36.719997,90.65517,995.04834,
55.77_37.68,2024-02-03 11:00:00,-7.05,-12.693016,none,0.0,54.000004,17.414474,25.919998,91.494896,980.53644,
55.77_37.68,2024-03-03 18:00:00,-0.85,-5.8815303,none,0.0,60.000004,15.192682,19.44,71.81611,1013.751,
55.77_37.68,2024-03-07 18:00:00,-1.8,-6.857833,none,0.0,58.0,14.241629,17.64,68.14764,1003.0931,
55.77_37.68,2024-04-05 10:00:00,-0.65,-5.5931735,none,0.0,0.0,12.594856,28.44,56.43731,1003.86145,
55.77_37.68,2024-04-20 20:00:00,5.85,2.5570588,none,0.0,0.0,8.4963045,11.159999,68.27059,1003.0865,
55.77_37.68,2024-05-04 16:00:00,13.4,8.886547,none,0.0,0.0,14.4,26.64,29.75545,994.2698,
55.77_37.69,2023-11-13 21:00:00,4.6,-1.3418226,rain,0.2,0.0,28.856194,45.36,85.333496,983.2754,
55.77_37.69,2024-01-07 13:00:00,-24.5,-30.05791,none,0.0,46.0,10.464797,16.56,74.73111,1009.77435,
55.77_37.69,2024-01-28 11:00:00,-5.35,-9.21114,none,0.0,58.0,6.1305785,9.36,89.87258,1013.8115,
55.77_37.7,2024-01-17 10:00:00,-12.95,-19.996174,snow,0.0,55.0,23.40277,38.16,78.52214,982.8748,
55.77_37.7,2024-04-11 01:00:00,13.0,11.020142,none,0.0,0.0,15.188415,25.199999,86.2153,1000.47437,
55.77_37.71,2023-11-17 20:00:00,-6.35,-11.223467,none,0.0,1.0,9.693296,16.919998,59.745182,1005.3923,
55.77_37.71,2024-03-13 07:00:00,-10.95,-15.661915,none,0.0,56.0,8.427383,10.799999,83.132515,1007.2251,
55.77_37.72,2023-09-28 22:00:00,14.2,12.234694,none,0.0,0.0,13.684735,23.759998,76.10551,1005.7697,
55.77_37.72,2023-11-16 14:00:00,0.95,-2.7522664,none,0.0,1.0,8.647496,18.359999,79.48326,990.9551,
55.77_37.73,2023-10-06 19:00:00,4.85,-2.10923,none,0.0,0.0,35.58905,63.36,82.6722,986.39685,
55.77_37.73,2023-10-23 17:00:00,5.25,2.9185805,rain,0.2,0.0,7.42159,12.959999,97.254524,981.76013,
55.77_37.73,2023-10-26 01:00:00,-2.85,-7.6835957,none,0.0,0.0,11.901798,21.24,66.870995,999.0036,
55.77_37.73,2023-11-06 18:00:00,10.3,7.1166925,rain,1.6,0.0,20.598795,37.44,93.518906,975.9518,
55.77_37.73,2023-11-18 19:00:00,-8.25,-12.540926,none,0.0,1.0,6.638072,7.92,81.19892,1006.78357,
55.77_37.73,2023-12-05 13:00:00,-10.4,-15.163406,none,0.0,33.0,9.178235,16.56,85.5865,1000.93365,
55.77_37.73,2023-12-07 21:00:00,-13.95,-19.424301,none,0.0,33.0,12.605142,20.519999,84.816765,1019.89154,
55.77_37.73,2024-01-23 12:00:00,-4.15,-11.396503,none,0.0,58.999996,29.414444,48.96,82.72606,1000.2244,
55.77_37.73,2024-01-24 08:00:00,-2.25,-7.752111,none,0.0,58.999996,19.969458,32.760002,92.16023,995.3618,
55.77_37.73,2024-02-22 12:00:00,-3.0,-8.594835,none,0.0,70.0,19.201874,32.399998,85.42786,1000.5462,
55.77_37.73,2024-04-25 13:00:00,17.2,14.616993,none,0.0,0.0,19.523155,42.12,66.25355,989.0206,
55.77_37.74,2024-01-18 16:00:00,-11.9,-19.522896,snow,0.6,54.000004,28.075384,42.839996,84.37338,984.5027,
55.77_37.74,2024-04-11 16:00:00,16.55,12.689247,none,0.0,0.0,16.516901,36.36,42.79166,1000.20325,
55.77_37.8,2024-04-18 22:00:00,5.0,0.32093334,rain,0.5,0.0,22.33161,39.96,93.24809,982.2932,
55.77_37.82,2023-10-19 14:00:00,5.55,3.071979,rain,0.4,0.0,6.5693827,15.4800005,86.65102,989.811,
55.77_37.82,2024-03-31 17:00:00,14.4,12.285023,none,0.0,8.0,7.342588,13.679999,56.267418,998.81226,
55.77_37.82,2024-04-05 17:00:00,3.4,-0.5143244,none,0.0,0.0,7.9932976,18.359999,55.392673,1003.4469,
55.77_37.82,2024-05-01 10:00:00,15.4,12.218456,none,0.0,0.0,15.580141,31.319998,51.673973,1003.73615,
55.77_37.83,2023-10-16 10:00:00,7.35,5.2743053,rain,0.3,0.0,6.696387,13.679999,88.34915,985.2883,
55.77_37.83,2023-12-22 12:00:00,-1.15,-6.608919,none,0.0,38.0,19.803272,33.839996,85.95352,972.1289,
55.77_37.83,2024-04-05 13:00:00,2.3,-1.2957361,none,0.0,0.0,9.504272,25.56,55.51511,1003.64014,
55.77_37.83,2024-04-13 15:00:00,13.05,9.007255,none,0.0,0.0,13.584932,29.16,41.929256,995.3688,
55.77_37.84,2023-10-14 20:00:00,12.9,9.53607,none,0.0,0.0,23.770906,43.92,84.21759,985.87134,
55.77_37.84,2023-10-23 21:00:00,3.15,-0.84949136,rain,0.6,0.0,15.596767,28.8,94.82204,982.4319,
55.77_37.84,2024-02-04 19:00:00,-2.0,-7.1140776,none,0.0,56.0,17.015474,29.519999,88.14149,966.5045,
55.77_37.84,2024-03-04 19:00:00,0.35,-3.0824652,none,0.0,58.0,3.8268526,5.04,63.125572,1005.56116,
55.78_37.35,2023-10-07 19:00:00,8.9,5.4406004,rain,0.1,0.0,20.316889,47.88,94.728,963.8409,
55.78_37.35,2024-02-09 11:00:00,-14.5,-21.031172,none,0.0,58.0,19.201874,32.760002,75.03005,986.23566,
55.78_37.37,2024-04-09 01:00:00,9.85,8.377483,none,0.0,0.0,8.217153,14.04,94.12965,996.5455,
55.78_37.37,2024-04-25 22:00:00,10.95,9.653942,none,0.0,0.0,6.9153743,12.24,87.17702,990.09717,
55.78_37.4,2024-03-29 10:00:00,3.55,-1.0114806,none,0.0,19.0,17.57744,31.68,82.20852,984.6568,
55.78_37.4,2024-04-16 17:00:00,11.6,9.772596,none,0.0,0.0,3.0547013,19.08,60.441586,979.67285,
55.78_37.45,2023-12-04 06:00:00,-7.6,-13.586728,none,0.0,34.0,19.0392,32.039997,86.580696,989.4733,
55.78_37.45,2024-01-06 08:00:00,-17.8,-22.643044,snow,0.1,48.0,6.9247384,14.04,79.39483,994.3238,
55.78_37.45,2024-01-31 20:00:00,-1.45,-5.9518447,none,0.0,58.0,13.854155,23.4,92.55214,998.9156,
55.78_37.45,2024-03-16 16:00:00,5.2,1.0290756,none,0.0,49.0,13.009903,22.68,64.27383,1003.0449,
55.78_37.46,2023-10-10 19:00:00,2.5,-2.248196,none,0.0,0.0,15.021105,30.960001,66.55347,997.24445,
55.78_37.46,2023-10-12 22:00:00,10.05,5.9638376,none,0.0,0.0,23.83896,47.16,85.04123,983.8485,
55.78_37.46,2023-10-17 10:00:00,2.75,-3.027665,none,0.0,0.0,26.309572,48.6,89.20868,984.6034,
55.78_37.46,2023-11-07 19:00:00,6.75,3.4643803,none,0.0,0.0,14.84318,27.0,91.41914,989.02576,
55.78_37.46,2023-12-11 11:00:00,-7.0,-13.389919,none,0.0,39.0,22.148046,39.96,86.644295,1004.8702,
55.78_37.46,2023-12-15 07:00:00,-7.65,-13.989434,snow,0.4,52.0,21.485697,38.88,87.257706,991.7198,
55.78_37.46,2024-02-09 13:00:00,-11.65,-17.741123,none,0.0,62.0,16.700275,29.88,68.12538,986.8318,
55.78_37.46,2024-03-12 17:00:00,1.5,-2.1013389,none,0.0,60.000004,6.12,7.92,65.095314,1006.7202,
55.78_37.46,2024-03-13 17:00:00,0.95,-3.8689084,none,0.0,58.999996,13.849477,26.28,63.751186,1006.27997,
55.78_37.46,2024-04-06 11:00:00,3.8,-0.036030293,rain,0.1,1.0,11.525623,25.56,75.13788,998.41254,
55.78_37.46,2024-04-20 11:00:00,8.0,3.1646013,rain,0.1,0.0,20.592503,40.68,61.961346,998.1719,
55.78_37.47,2023-10-06 10:00:00,11.1,7.902342,rain,0.1,0.0,17.917007,37.8,79.83978,983.0482,
55.78_37.47,2023-10-08 17:00:00,2.3,-4.555557,rain,0.3,0.0,32.491867,57.239998,85.07775,966.91077,
55.78_37.47,2024-05-03 07:00:00,3.6,-2.1331522,none,0.0,0.0,19.64228,36.0,50.25047,1000.16364,
55.78_37.47,2024-05-08 21:00:00,0.6,-5.3631067,none,0.0,0.0,21.252197,36.0,62.46946,997.4599,
55.78_37.48,2023-11-27 14:00:00,2.05,-3.5801826,rain,0.1,21.0,25.071096,38.16,92.422874,965.1064,
55.78_37.48,2023-12-26 15:00:00,-0.1,-6.167077,none,0.0,42.0,24.72495,33.839996,84.80392,972.9824,
55.78_37.48,2024-01-21 15:00:00,-13.7,-19.274738,none,0.0,62.0,13.207634,18.0,81.39564,1010.2804,
55.78_37.48,2024-03-04 12:00:00,-0.8,-4.54282,none,0.0,62.0,6.696387,12.599999,74.03208,1008.32605,
55.78_37.48,2024-03-11 16:00:00,0.65,-5.225068,none,0.0,60.000004,20.721119,28.44,62.719654,1003.6822,
55.78_37.48,2024-04-25 19:00:00,16.1,15.441582,none,0.0,0.0,6.638072,18.359999,71.75956,990.4951,
55.78_37.49,2024-04-10 10:00:00,15.55,14.802399,none,0.0,0.0,9.3876505,20.880001,79.40756,1000.76807,
55.78_37.5,2023-10-07 00:00:00,4.9,-0.874048,none,0.0,0.0,23.419376,42.12,62.806007,990.4392,
55.78_37.5,2023-12-19 12:00:00,1.5,-4.042162,none,0.0,49.0,24.023088,32.399998,93.39654,987.4621,
55.78_37.5,2024-04-22 10:00:00,16.0,12.996555,none,0.0,0.0,21.897945,39.96,70.323814,990.2309,
55.78_37.51,2023-10-28 17:00:00,-0.45,-5.463731,snow,1.3,7.0,18.584509,30.960001,94.67118,975.2105,
55.78_37.51,2023-12-03 23:00:00,-6.5,-11.423283,snow,0.4,33.0,12.7279215,17.64,90.47677,983.4253,
55.78_37.51,2023-12-11 08:00:00,-8.15,-14.413127,rain,0.1,39.0,20.65848,27.72,86.8638,1006.355,
55.78_37.51,2024-04-02 18:00:00,19.0,16.87666,none,0.0,3.0,15.856354,25.199999,58.194553,982.88684,
55.78_37.52,2023-10-11 09:00:00,2.95,-1.2022665,none,0.0,0.0,13.281023,24.84,77.49286,1003.312,
55.78_37.52,2023-10-12 16:00:00,11.25,7.3942347,rain,0.4,0.0,25.96995,43.92,90.18488,981.44543,
55.78_37.52,2023-10-20 18:00:00,4.1,0.25889874,none,0.0,0.0,14.512064,23.4,88.687485,993.3801,
55.78_37.52,2023-11-07 07:00:00,8.1,4.454794,none,0.0,0.0,19.083395,32.399998,90.259,981.52124,
55.78_37.52,2023-11-15 14:00:00,3.2,-0.15493965,none,0.0,0.0,8.12197,14.759999,77.81567,985.8524,
55.78_37.52,2023-12-20 01:00:00,2.65,-2.1781693,rain,0.1,44.0,19.855558,37.079998,90.16696,980.0233,
55.78_37.52,2024-01-12 17:00:00,-17.0,-23.773502,none,0.0,56.0,19.813087,26.64,65.13763,989.8678,
55.78_37.52,2024-01-18 16:00:00,-10.7,-20.761055,snow,1.4,57.0,45.086315,69.12,81.16788,984.1119,
55.78_37.52,2024-01-19 17:00:00,-10.6,-16.270008,none,0.0,63.0,15.463246,18.72,88.00879,986.4333,
55.78_37.52,2024-04-03 09:00:00,15.7,10.927895,none,0.0,2.0,28.1169,46.8,57.7713,973.7345,
55.78_37.53,2024-01-11 15:00:00,-9.45,-17.378983,none,0.0,56.0,30.489683,48.96,73.84122,977.035,
55.78_37.53,2024-03-10 13:00:00,-4.9,-10.496004,none,0.0,60.000004,15.745627,24.84,64.33273,1001.2762,
55.78_37.53,2024-04-01 11:00:00,15.45,11.649807,none,0.0,11.0,21.96,37.44,59.917477,991.922,
55.78_37.53,2024-05-03 08:00:00,3.25,-2.513015,none,0.0,0.0,19.319628,34.2,48.63964,1000.9516,
55.78_37.54,2023-10-17 22:00:00,3.6,-1.9921691,snow,0.3,0.0,25.210283,42.48,84.91797,985.8433,
55.78_37.54,2023-12-07 11:00:00,-11.75,-17.191032,none,0.0,34.0,13.32,19.8,86.83171,1018.729,
55.78_37.54,2024-01-09 22:00:00,-4.45,-10.204992,snow,0.3,52.0,19.602652,32.399998,88.58463,988.00134,
55.78_37.55,2023-09-28 10:00:00,15.25,13.449888,none,0.0,0.0,11.966954,22.319998,69.70978,1009.6454,
55.78_37.55,2023-10-27 14:00:00,-0.3,-5.8322086,snow,0.1,3.0,20.393293,35.28,81.388954,984.5164,
55.78_37.56,2023-10-13 10:00:00,9.8,3.9284344,none,0.0,0.0,30.855171,51.839996,68.370346,987.3347,
55.78_37.56,2023-10-17 11:00:00,3.5,-3.1593041,none,0.0,0.0,31.796375,51.839996,81.61138,983.58685,
55.78_37.56,2024-04-15 09:00:00,8.95,3.0664606,none,0.0,0.0,26.758923,46.079998,57.06576,978.13873,
55.78_37.56,2024-05-02 12:00:00,10.35,5.8575373,none,0.0,0.0,17.731598,33.839996,53.657272,999.8388,
55.78_37.56,2024-05-04 13:00:00,12.85,8.524916,none,0.0,0.0,16.299694,30.239998,33.730015,993.87524,
55.78_37.57,2023-10-06 22:00:00,5.25,-0.8508754,none,0.0,0.0,26.493652,47.88,65.23124,989.51056,
55.78_37.57,2023-10-10 19:00:00,2.5,-2.3498833,none,0.0,0.0,15.546833,28.08,65.569595,996.30994,
55.78_37.57,2024-04-28 05:00:00,5.1,2.495441,none,0.0,0.0,6.9153743,11.159999,86.912544,1007.40344,
55.78_37.58,2023-10-13 17:00:00,9.9,5.1166887,none,0.0,0.0,18.448023,35.28,50.898045,993.07227,
55.78_37.58,2023-10-19 22:00:00,4.45,2.6656275,none,0.0,0.0,1.484318,3.2399998,91.912766,988.4914,
55.78_37.58,2023-11-08 21:00:00,3.1,0.19717121,none,0.0,0.0,7.771331,14.04,93.47944,990.713,
55.78_37.58,2023-11-15 21:00:00,1.2,-1.665062,none,0.0,0.0,5.4477882,8.64,94.05881,986.6576,
55.78_37.58,2024-01-08 19:00:00,-15.2,-21.861137,none,0.0,49.0,19.652176,29.88,69.65251,1002.0923,
55.78_37.58,2024-02-03 05:00:00,-8.1,-14.584434,none,0.0,58.0,21.96295,30.960001,83.836555,978.91614,
55.78_37.58,2024-03-12 15:00:00,2.05,-1.5487752,none,0.0,61.0,6.924738,11.159999,67.45199,1005.86017,
55.78_37.58,2024-04-10 10:00:00,17.25,16.172167,none,0.0,0.0,11.043261,23.039999,68.72444,1000.581,
55.78_37.58,2024-05-01 17:00:00,17.95,13.521692,none,0.0,0.0,18.171976,33.48,34.60395,1001.8035,
55.78_37.58,2024-05-07 13:00:00,2.4,-2.6713562,snow,1.0,0.0,21.868332,39.96,93.77871,986.8125,
55.78_37.58,2024-05-08 19:00:00,2.3,-4.032908,none,0.0,0.0,24.195107,46.8,57.661934,995.9033,
55.78_37.59,2023-10-02 02:00:00,9.4,7.234394,none,0.0,0.0,10.08,16.199999,86.73234,994.0077,
55.78_37.59,2023-10-13 10:00:00,9.8,3.9284344,none,0.0,0.0,30.855171,51.839996,68.370346,987.92883,
55.78_37.59,2024-02-02 13:00:00,-1.45,-8.189537,none,0.0,58.0,26.903828,41.760002,75.04102,979.06726,
55.78_37.59,2024-02-13 23:00:00,-12.2,-18.713417,none,0.0,64.0,20.5484,32.039997,87.852005,1005.5577,
55.78_37.59,2024-03-19 06:00:00,-1.25,-5.259081,none,0.0,50.0,11.165805,15.4800005,96.39544,1003.37665,
55.78_37.6,2023-11-01 15:00:00,14.6,12.365494,none,0.0,0.0,17.447933,36.719997,79.00886,984.93335,
55.78_37.6,2024-02-24 02:00:00,-0.8,-7.209049,none,0.0,72.0,27.343414,42.12,91.2359,1004.3659,
55.78_37.6,2024-02-29 20:00:00,0.4,-3.8511577,none,0.0,67.0,12.594856,18.359999,83.92882,1003.64545,
55.78_37.6,2024-04-19 17:00:00,10.05,3.0397882,rain,0.1,0.0,36.432995,64.079994,59.638344,975.5836,
55.78_37.63,2023-10-23 08:00:00,3.3,0.23454571,rain,0.1,0.0,10.009036,15.4800005,98.24899,985.0251,
55.78_37.63,2024-02-03 18:00:00,-2.55,-7.5224032,snow,0.2,57.0,16.167967,23.759998,92.83243,973.2057,
55.78_37.63,2024-03-17 22:00:00,0.7,-2.9224641,none,0.0,52.0,9.746631,17.28,91.67214,995.31494,
55.78_37.63,2024-04-05 07:00:00,-2.45,-8.130053,none,0.0,1.0,17.287498,29.88,61.47343,1001.0636,
55.78_37.64,2023-10-14 19:00:00,13.1,9.70152,none,0.0,0.0,24.408424,43.199997,84.24028,983.7347,
55.78_37.64,2024-03-11 14:00:00,0.1,-6.398447,none,0.0,61.0,25.478743,36.719997,68.56008,1003.41693,
55.78_37.65,2024-03-08 20:00:00,-4.4,-10.326277,none,0.0,58.0,20.497883,28.08,85.595924,995.4018,
55.78_37.66,2024-01-11 20:00:00,-11.2,-19.657486,none,0.0,54.000004,33.46645,52.199997,74.413025,980.1143,
55.78_37.66,2024-03-24 09:00:00,0.9,-2.7909875,none,0.0,34.0,11.659777,16.919998,99.64065,983.64276,
55.78_37.66,2024-04-05 18:00:00,1.05,-2.7585282,none,0.0,0.0,7.42159,17.64,66.47736,1001.9524,
55.78_37.66,2024-04-08 18:00:00,13.1,11.659641,none,0.0,0.0,9.793058,21.96,80.93095,995.809,
55.78_37.67,2023-11-24 22:00:00,-6.65,-10.594757,snow,0.1,8.0,5.5887027,9.36,86.681206,963.33014,
55.78_37.68,2023-12-10 04:00:00,-13.6,-20.327713,snow,0.1,37.0,21.288757,30.599998,84.15945,1010.96124,
55.78_37.68,2024-01-09 14:00:00,-8.6,-13.66456,none,0.0,47.0,11.792404,23.039999,81.47219,1000.9708,
55.78_37.69,2024-04-01 09:00:00,11.85,8.856916,none,0.0,7.0,16.343367,28.08,75.460785,993.3132,
55.78_37.7,2024-04-06 14:00:00,5.85,2.1222281,none,0.0,0.0,12.313893,24.119999,72.06014,999.32214,
55.78_37.71,2024-04-14 20:00:00,9.8,6.646286,rain,0.7,0.0,17.873556,33.48,87.961075,983.00714,
55.78_37.71,2024-04-19 16:00:00,12.7,5.606659,none,0.0,0.0,37.827415,70.56,52.402843,978.4107,
55.78_37.72,2023-11-01 14:00:00,14.45,11.785,none,0.0,0.0,20.608229,47.16,80.30891,988.41376,
55.78_37.72,2023-11-11 17:00:00,4.4,0.6152916,none,0.0,0.0,14.003029,24.119999,86.22763,998.32715,
55.78_37.72,2023-11-22 18:00:00,-8.0,-14.6396475,none,0.0,3.0,21.461555,38.88,63.57434,999.64417,
55.78_37.72,2024-01-19 06:00:00,-5.4,-9.478326,none,0.0,62.0,7.928177,12.959999,93.37688,977.6436,
55.78_37.72,2024-04-03 15:00:00,12.7,4.662057,none,0.0,0.0,43.17149,73.799995,49.163223,974.6903,
55.78_37.72,2024-04-07 15:00:00,14.45,11.940063,none,0.0,0.0,13.979871,29.88,66.11034,1000.5864,
55.78_37.72,2024-04-16 19:00:00,9.9,6.9133434,none,0.0,0.0,8.473393,12.24,58.96851,982.8964,
55.78_37.73,2023-10-18 18:00:00,4.65,1.8426223,rain,0.6,0.0,8.049845,13.32,88.4213,989.8221,
55.78_37.73,2023-12-10 18:00:00,-10.8,-17.461174,snow,0.2,38.0,21.94524,36.36,84.50962,1009.0345,
55.78_37.73,2023-12-27 16:00:00,-5.6,-9.64002,none,0.0,39.0,7.289445,11.879999,90.893875,982.42865,
55.78_37.73,2024-04-15 11:00:00,9.9,3.3967862,none,0.0,0.0,29.714724,57.239998,49.084835,978.43616,
55.78_37.73,2024-05-06 17:00:00,7.05,2.155723,none,0.0,0.0,18.837324,34.92,60.185986,991.0723,
55.78_37.74,2023-11-29 13:00:00,-6.75,-12.510126,none,0.0,20.0,17.771753,28.8,84.335,994.84344,
55.78_37.74,2024-01-04 06:00:00,-28.15,-33.618507,none,0.0,42.0,9.531505,16.919998,82.14166,992.3671,
55.78_37.74,2024-02-23 18:00:00,0.7,-5.0522084,none,0.0,69.0,24.248613,39.96,91.00675,1004.2468,
55.78_37.74,2024-02-28 21:00:00,-2.65,-8.0068245,none,0.0,65.0,17.76081,29.16,84.824585,1006.9072,
55.78_37.75,2023-12-29 12:00:00,-2.05,-5.9826965,snow,0.1,40.0,9.422101,17.64,92.51635,983.1953,
55.78_37.75,2024-01-30 09:00:00,-1.1,-6.468089,none,0.0,57.0,19.353138,34.92,86.92345,1008.6834,
55.78_37.77,2023-11-02 15:00:00,5.35,0.5041895,none,0.0,0.0,22.608458,40.32,86.93718,983.15985,
55.78_37.82,2024-03-11 16:00:00,1.4,-4.0565605,none,0.0,56.0,18.374111,33.839996,62.664387,1002.9894,
55.78_37.83,2024-03-29 21:00:00,3.2,-0.57540274,none,0.0,17.0,13.276144,22.319998,90.20873,984.9331,
55.78_37.83,2024-04-11 20:00:00,11.45,7.657686,none,0.0,0.0,13.1041975,21.599998,50.41548,1000.6201,
55.78_37.85,2023-10-19 22:00:00,4.5,2.647705,rain,0.1,0.0,2.8116899,4.68,95.88261,990.82837,
55.78_37.85,2023-12-19 22:00:00,3.05,-2.622049,none,0.0,43.0,25.872454,47.519997,88.914375,978.75824,
55.79_37.35,2023-12-23 06:00:00,1.1,-4.342175,rain,0.1,38.0,23.0653,40.32,94.394966,966.6551,
55.79_37.35,2024-01-01 07:00:00,-14.5,-20.868847,none,0.0,40.0,18.289274,33.12,79.25621,996.9288,
55.79_37.35,2024-01-07 12:00:00,-23.75,-28.901836,none,0.0,46.0,7.7879906,15.4800005,74.881,1009.237,
55.79_37.35,2024-05-04 14:00:00,12.5,8.287305,none,0.0,0.0,15.580141,31.68,36.21264,997.5101,
55.79_37.36,2023-10-14 19:00:00,12.9,9.070966,none,0.0,0.0,27.059933,47.88,84.49904,987.16315,
55.79_37.36,2023-12-23 07:00:00,1.1,-4.342175,rain,0.1,38.0,23.0653,40.32,94.394966,966.5351,
55.79_37.36,2024-04-13 14:00:00,12.85,8.808581,none,0.0,0.0,13.684735,28.44,42.789062,996.20337,
55.79_37.36,2024-05-01 22:00:00,10.05,6.502904,none,0.0,0.0,15.546833,26.64,69.384834,1003.7546,
55.79_37.37,2024-01-12 00:00:00,-12.1,-19.537039,none,0.0,52.0,26.299719,44.28,77.05688,983.73535,
55.79_37.39,2023-11-01 20:00:00,11.4,8.724935,none,0.0,0.0,15.379206,27.0,81.52542,985.85626,
55.79_37.4,2023-10-22 11:00:00,2.8,-1.2372491,none,0.0,0.0,12.24,24.84,76.90511,1002.76416,
55.79_37.4,2024-01-17 08:00:00,-11.85,-18.89569,none,0.0,52.999996,23.803596,41.399998,78.70375,980.253,
55.79_37.4,2024-02-03 12:00:00,-7.2,-12.658697,none,0.0,52.0,16.1198,31.319998,92.198456,979.4522,
55.79_37.4,2024-05-02 21:00:00,8.15,3.8145065,none,0.0,0.0,14.440443,26.64,53.646023,999.3373,
55.79_37.45,2023-10-25 13:00:00,0.9,-2.7340665,none,0.0,1.0,4.0249224,14.4,53.04863,999.70526,
55.79_37.45,2024-02-05 19:00:00,-6.6,-11.641968,none,0.0,58.0,13.202726,21.96,87.36356,967.80054,
55.79_37.45,2024-02-08 11:00:00,-16.9,-23.783886,none,0.0,62.0,20.945072,28.44,74.24653,977.20935,
55.79_37.45,2024-03-18 19:00:00,0.8,-2.6396995,none,0.0,49.0,7.69592,14.4,85.84676,1002.6107,
55.79_37.46,2023-10-06 10:00:00,10.65,7.451418,rain,0.4,0.0,17.414474,35.28,80.59718,982.07715,
55.79_37.46,2023-11-08 13:00:00,7.1,3.0330505,none,0.0,0.0,19.0392,33.12,84.418175,992.1106,
55.79_37.46,2024-04-29 21:00:00,14.45,12.429314,none,0.0,0.0,4.1046314,4.32,49.47449,1014.03485,
55.79_37.47,2023-10-09 19:00:00,3.5,-1.8816597,none,0.0,0.0,23.090569,39.96,81.9062,985.5887,
55.79_37.47,2023-12-01 10:00:00,-5.85,-10.64613,none,0.0,25.0,12.015589,18.0,87.77681,989.14716,
55.79_37.48,2023-10-14 18:00:00,12.7,8.915969,none,0.0,0.0,26.552288,43.56,85.04281,985.2721,
55.79_37.48,2023-11-01 22:00:00,11.25,8.998083,none,0.0,0.0,13.37825,22.68,85.17169,984.43243,
55.79_37.48,2024-03-15 11:00:00,2.85,-1.8769197,none,0.0,58.0,17.477621,23.759998,79.47707,1001.016,
55.79_37.49,2023-10-20 22:00:00,2.85,-1.3416784,none,0.0,0.0,16.548256,31.319998,94.80972,993.393,
55.79_37.49,2024-01-09 05:00:00,-9.1,-15.03732,none,0.0,50.0,17.581125,23.759998,82.05423,999.0451,
55.79_37.49,2024-01-19 23:00:00,-16.25,-21.751417,none,0.0,63.0,12.43434,15.84,93.925354,988.90955,
55.79_37.49,2024-02-17 10:00:00,-5.95,-12.369899,none,0.0,73.0,22.682856,31.68,83.45411,1007.3526,
55.79_37.49,2024-03-09 17:00:00,-4.05,-9.037023,none,0.0,61.0,11.367109,20.16,58.458958,998.28394,
55.79_37.49,2024-03-22 19:00:00,0.0,-5.0402308,none,0.0,40.0,17.414474,24.48,82.341606,992.4991,
55.79_37.5,2023-11-18 12:00:00,-5.1,-8.732986,none,0.0,1.0,2.4149535,11.879999,66.61886,1007.4983,
55.79_37.5,2024-02-08 06:00:00,-17.05,-23.376823,none,0.0,62.0,17.31746,24.48,80.20285,973.8554,
55.79_37.5,2024-03-13 10:00:00,-2.65,-6.818647,none,0.0,58.999996,8.587338,16.199999,76.268295,1008.068,
55.79_37.5,2024-04-03 07:00:00,13.6,9.300438,none,0.0,2.0,24.216522,39.6,64.3668,972.7494,
55.79_37.5,2024-04-12 11:00:00,13.55,7.639126,none,0.0,0.0,32.112724,55.8,56.04937,994.57245,
55.79_37.51,2023-10-02 17:00:00,13.6,11.001496,none,0.0,0.0,11.119281,22.68,60.504116,997.284,
55.79_37.51,2023-10-03 13:00:00,14.5,10.894056,none,0.0,0.0,17.114204,30.239998,54.755413,999.05096,
55.79_37.51,2023-11-01 16:00:00,13.65,11.496996,none,0.0,0.0,13.910169,24.84,76.015686,985.54803,
55.79_37.51,2024-01-23 13:00:00,-3.75,-11.558795,snow,0.1,61.0,33.651817,48.239998,83.732216,999.69336,
55.79_37.51,2024-04-02 09:00:00,12.7,11.381099,none,0.0,6.0,8.669949,16.919998,82.24516,986.27264,
55.79_37.52,2023-09-30 12:00:00,20.9,18.791088,none,0.0,0.0,18.59845,32.399998,56.572826,998.9722,
55.79_37.52,2023-11-24 08:00:00,-6.75,-12.181894,none,0.0,5.0,15.463246,25.56,83.67804,957.1468,
55.79_37.52,2024-03-01 23:00:00,-1.05,-4.397664,none,0.0,65.0,6.489992,8.64,93.95104,1009.639,
55.79_37.53,2024-04-07 16:00:00,14.15,11.179733,none,0.0,0.0,13.207634,23.759998,57.18488,999.57697,
55.79_37.53,2024-04-28 19:00:00,13.55,11.11847,none,0.0,0.0,7.127636,11.879999,53.00204,1008.1955,
55.79_37.54,2023-09-28 20:00:00,15.85,13.567785,none,0.0,0.0,15.175612,23.759998,66.856766,1004.92645,
55.79_37.54,2023-11-19 18:00:00,-6.55,-10.893527,none,0.0,1.0,6.489992,12.24,65.49087,1002.6333,
55.79_37.54,2024-02-03 02:00:00,-6.1,-12.754767,none,0.0,57.0,23.936617,33.48,80.55761,980.88354,
55.79_37.54,2024-04-13 17:00:00,13.15,9.694899,none,0.0,0.0,10.966713,20.519999,45.57432,993.60345,
55.79_37.55,2023-10-12 13:00:00,12.1,6.8472595,rain,0.5,0.0,34.882866,65.520004,83.28251,978.77924,
55.79_37.55,2023-12-13 22:00:00,-12.05,-18.973537,snow,0.1,43.0,23.023117,32.399998,80.96847,1002.40326,
55.79_37.55,2024-01-01 01:00:00,-14.15,-21.259459,none,0.0,44.0,23.4,39.239998,77.66673,988.7878,
55.79_37.55,2024-01-06 15:00:00,-15.95,-21.01837,none,0.0,48.0,9.021574,15.4800005,81.0608,992.78485,
55.79_37.55,2024-01-15 10:00:00,-3.15,-9.976009,snow,0.1,57.0,27.834309,39.6,88.034256,973.7985,
55.79_37.55,2024-01-17 18:00:00,-15.25,-22.202965,none,0.0,57.0,21.96,30.599998,76.821075,988.7301,
55.79_37.55,2024-02-16 11:00:00,-8.9,-14.529546,snow,0.1,73.0,15.7908325,26.28,85.078545,1013.4601,
55.79_37.55,2024-03-06 09:00:00,-11.25,-16.10033,none,0.0,62.0,9.0645685,14.4,80.100525,1009.0617,
55.79_37.55,2024-03-23 14:00:00,3.75,-1.5261393,rain,0.2,39.0,23.686249,35.64,87.40068,980.15076,
55.79_37.55,2024-03-25 10:00:00,1.2,-3.5973356,none,0.0,34.0,17.651016,28.8,87.471344,984.6991,
55.79_37.55,2024-03-30 16:00:00,11.3,7.7477045,none,0.0,17.0,12.783802,24.84,55.073437,991.45245,
55.79_37.55,2024-04-09 19:00:00,13.35,12.377745,none,0.0,0.0,9.422101,14.759999,87.40112,995.5186,
55.79_37.55,2024-05-03 12:00:00,6.25,2.0930414,none,0.0,0.0,17.114204,33.839996,41.304604,999.4231,
55.79_37.56,2023-10-06 19:00:00,4.65,-2.3407383,rain,0.1,0.0,35.208298,63.72,80.89381,986.86346,
55.79_37.56,2023-10-31 16:00:00,6.25,3.8739824,none,0.0,3.0,8.0899935,11.879999,92.34534,994.76074,
55.79_37.56,2024-01-22 14:00:00,-10.8,-17.38344,none,0.0,62.0,21.749483,34.2,89.77672,1011.9359,
55.79_37.56,2024-03-03 17:00:00,0.7,-3.7981775,none,0.0,64.0,12.879752,16.56,72.934326,1011.8122,
55.79_37.56,2024-03-04 12:00:00,-1.4,-5.0644903,none,0.0,63.0,6.12,12.599999,77.06357,1007.09155,
55.79_37.56,2024-04-05 14:00:00,3.6,-0.31364322,none,0.0,1.0,8.707237,22.68,52.3935,1001.70557,
55.79_37.56,2024-04-06 16:00:00,7.7,3.542818,none,0.0,1.0,14.587776,26.64,60.78399,995.6987,
55.79_37.56,2024-04-13 04:00:00,4.1,1.0711684,none,0.0,0.0,8.942214,13.679999,88.687485,994.92926,
55.79_37.56,2024-04-16 17:00:00,12.35,8.022947,none,0.0,0.0,14.33234,29.88,40.379135,980.27515,
55.79_37.56,2024-04-28 13:00:00,14.4,11.477105,none,0.0,0.0,8.4042845,18.359999,44.804684,1007.0716,
55.79_37.57,2023-10-14 22:00:00,13.75,9.425916,none,0.0,0.0,31.160282,48.96,81.83118,983.7316,
55.79_37.57,2023-10-22 17:00:00,2.95,-1.4487255,none,0.0,0.0,15.124284,28.8,78.34411,998.6222,
55.79_37.57,2023-11-12 17:00:00,4.45,-0.51057386,none,0.0,0.0,23.990698,40.68,95.544586,976.573,
55.79_37.57,2023-11-17 23:00:00,-7.4,-11.425995,none,0.0,1.0,5.4833565,8.64,83.92473,1004.62616,
55.79_37.57,2023-11-29 19:00:00,-3.3,-10.128765,snow,0.1,21.0,27.852928,42.839996,89.023315,990.49896,
55.79_37.57,2023-12-08 09:00:00,-13.4,-19.42476,none,0.0,34.0,16.595179,23.4,85.235374,1019.08057,
55.79_37.57,2023-12-30 11:00:00,1.8,-3.2179334,none,0.0,44.0,20.211363,33.12,90.101875,980.2408,
55.79_37.57,2024-01-25 14:00:00,-0.55,-6.3086085,snow,0.1,61.0,23.023117,33.839996,90.58371,981.0186,
55.79_37.57,2024-03-20 17:00:00,2.9,-0.37370396,none,0.0,45.0,3.6,3.96,57.385113,1004.5901,
55.79_37.57,2024-04-10 18:00:00,18.75,18.534948,none,0.0,0.0,6.6185193,16.56,66.58036,998.8104,
55.79_37.57,2024-04-23 16:00:00,13.05,8.532845,none,0.0,0.0,16.62249,29.519999,41.326992,999.0803,
55.79_37.57,2024-05-04 13:00:00,12.85,8.524916,none,0.0,0.0,16.299694,30.239998,33.730015,993.28406,
55.79_37.58,2023-10-14 18:00:00,12.75,8.904453,none,0.0,0.0,26.87491,43.56,84.48226,984.416,
55.79_37.58,2023-10-19 22:00:00,4.45,2.6656275,none,0.0,0.0,1.484318,3.2399998,91.912766,988.61273,
55.79_37.58,2024-03-20 20:00:00,1.1,-2.4601097,none,0.0,45.0,4.3498964,5.7599998,57.564686,1004.57074,
55.79_37.59,2023-10-03 19:00:00,12.8,9.131421,none,0.0,0.0,18.847641,30.239998,64.85403,995.29785,
55.79_37.59,2023-10-29 04:00:00,-0.8,-5.441415,none,0.0,10.0,15.408671,25.199999,92.59062,978.6738,
55.79_37.59,2023-12-12 08:00:00,-7.35,-14.280898,snow,0.1,41.0,25.570139,36.719997,85.59486,997.7364,
55.79_37.59,2024-02-11 01:00:00,-18.9,-24.588133,none,0.0,62.0,12.538134,16.919998,81.669075,999.8231,
55.79_37.59,2024-03-15 16:00:00,3.4,-1.5140991,none,0.0,58.0,18.1041,24.84,72.90731,1000.66046,
55.79_37.59,2024-03-30 22:00:00,5.1,0.9162407,rain,1.0,17.0,17.298738,25.919998,84.785194,990.158,
55.79_37.59,2024-04-07 12:00:00,12.45,9.957447,none,0.0,1.0,13.339445,25.919998,73.78603,997.2741,
55.79_37.59,2024-04-09 20:00:00,13.35,12.377745,none,0.0,0.0,9.422101,14.759999,87.40112,995.28186,
55.79_37.6,2023-11-28 11:00:00,-5.7,-11.854537,none,0.0,21.0,20.833395,31.319998,81.56319,979.435,
55.79_37.6,2023-12-29 19:00:00,1.6,-3.5400603,none,0.0,43.0,20.780453,32.039997,89.76074,982.0798,
55.79_37.6,2024-01-08 11:00:00,-20.0,-25.427414,none,0.0,49.0,10.440001,19.08,79.37961,1007.4185,
55.79_37.61,2023-10-16 22:00:00,5.3,1.580123,rain,0.1,0.0,15.484185,24.84,90.048836,980.99994,
55.79_37.61,2023-11-01 08:00:00,10.4,7.2630835,none,0.0,1.0,20.65848,32.760002,94.15438,986.6483,
55.79_37.61,2023-11-04 14:00:00,5.4,0.009466648,none,0.0,0.0,25.199997,39.6,81.28633,993.7487,
55.79_37.61,2023-11-27 08:00:00,-1.0,-6.762833,snow,1.3,20.0,23.051247,40.68,93.608116,966.7087,
55.79_37.61,2024-01-08 12:00:00,-20.0,-25.427414,none,0.0,49.0,10.440001,19.08,79.37961,1007.01227,
55.79_37.61,2024-04-17 12:00:00,11.05,7.926673,none,0.0,0.0,10.931203,23.759998,59.464134,978.3007,
55.79_37.62,2023-10-21 06:00:00,1.45,-3.0828652,none,0.0,0.0,15.990646,28.8,86.86083,997.29224,
55.79_37.62,2024-01-06 13:00:00,-16.95,-22.085844,none,0.0,49.0,9.1641035,16.199999,79.87527,992.3068,
55.79_37.62,2024-03-28 12:00:00,4.7,1.3787427,none,0.0,25.0,9.028754,15.4800005,68.27432,996.3687,
55.79_37.62,2024-04-10 10:00:00,17.25,16.172167,none,0.0,0.0,11.043261,23.039999,68.72444,999.5261,
55.79_37.63,2023-10-21 23:00:00,-2.25,-5.750873,none,0.0,0.0,6.12,7.5599995,91.134605,1003.5845,
55.79_37.63,2023-10-30 19:00:00,4.55,0.8460245,rain,0.9,10.0,14.84318,23.4,92.243835,986.5726,
55.79_37.63,2023-11-02 17:00:00,4.55,-0.52626157,none,0.0,0.0,21.38897,37.079998,78.02975,984.136,
55.79_37.63,2023-11-08 09:00:00,5.3,1.7302837,none,0.0,0.0,15.137133,23.4,93.26386,990.72046,
55.79_37.63,2023-11-08 12:00:00,6.9,3.0131168,none,0.0,0.0,18.161278,32.039997,87.088394,991.2982,
55.79_37.63,2023-11-18 13:00:00,-4.2,-7.707592,none,0.0,1.0,1.2979984,9.0,59.830017,1006.3093,
55.79_37.63,2023-11-22 22:00:00,-6.9,-13.110754,none,0.0,3.0,18.626305,30.239998,59.59979,996.1488,
55.79_37.63,2024-03-21 16:00:00,3.3,-0.5864854,none,0.0,43.0,9.686609,12.24,65.99526,1004.0874,
55.79_37.64,2023-11-19 02:00:00,-8.45,-12.720361,none,0.0,1.0,6.297428,10.440001,79.8864,1005.4004,
55.79_37.64,2023-12-29 17:00:00,1.65,-3.6452491,none,0.0,43.0,21.897945,32.039997,89.76471,982.0835,
55.79_37.64,2024-04-01 22:00:00,12.0,8.731768,none,0.0,7.0,17.22742,30.960001,71.71749,986.91455,
55.79_37.65,2023-09-28 01:00:00,9.15,7.6225224,none,0.0,0.0,7.24486,11.879999,93.77927,1009.44507,
55.79_37.66,2023-10-18 21:00:00,5.6,2.335586,rain,1.1,0.0,13.18308,23.039999,91.984505,986.5405,
55.79_37.66,2023-11-05 16:00:00,10.45,6.203764,none,0.0,0.0,23.688984,45.719997,78.6616,983.18427,
55.79_37.66,2023-11-16 05:00:00,0.65,-2.3195305,none,0.0,0.0,5.1165614,9.72,91.00323,989.24457,
55.79_37.66,2024-01-03 15:00:00,-25.2,-30.593454,none,0.0,42.0,9.255571,16.199999,75.28653,995.6888,
55.79_37.66,2024-03-12 23:00:00,-8.7,-13.540546,none,0.0,56.0,10.182337,11.5199995,81.133545,1007.16223,
55.79_37.66,2024-04-19 19:00:00,7.05,0.7449322,none,0.0,0.0,31.534437,57.239998,72.80433,978.1571,
55.79_37.67,2024-02-10 19:00:00,-18.9,-24.019278,none,0.0,58.999996,8.534353,14.759999,78.52439,999.96106,
55.79_37.68,2023-09-30 11:00:00,20.65,18.82479,none,0.0,0.0,17.31746,33.48,58.59543,999.32135,
55.79_37.68,2023-11-28 06:00:00,-5.1,-10.969694,snow,0.1,20.0,19.803272,35.64,87.17715,976.61115,
55.79_37.68,2024-01-03 20:00:00,-27.4,-33.024895,none,0.0,42.0,10.587918,17.64,75.55908,995.4302,
55.79_37.68,2024-01-23 19:00:00,-3.9,-10.478167,snow,0.1,58.999996,25.49908,42.839996,87.297455,997.52386,
55.79_37.68,2024-02-09 09:00:00,-16.35,-22.839632,none,0.0,60.000004,18.448023,30.599998,75.968544,985.54095,
55.79_37.68,2024-04-22 13:00:00,15.1,10.03883,none,0.0,0.0,28.082308,52.92,55.1013,992.2172,
55.79_37.68,2024-04-26 19:00:00,14.35,14.82373,rain,0.1,0.0,3.396233,34.56,91.89879,992.2468,
55.79_37.69,2023-09-30 18:00:00,17.1,14.698582,none,0.0,0.0,15.137133,25.199999,59.908417,996.8971,
55.79_37.69,2023-10-18 10:00:00,4.3,-0.18885231,none,0.0,0.0,17.76081,33.48,81.42684,990.0197,
55.79_37.69,2024-02-15 08:00:00,-13.05,-20.293598,snow,1.9,64.0,24.75638,46.44,79.16034,1013.70935,
55.79_37.7,2023-11-01 13:00:00,14.35,11.004155,none,0.0,0.0,25.277025,51.48,80.82964,988.52496,
55.79_37.7,2024-02-12 18:00:00,-1.65,-5.3831425,rain,0.2,62.0,8.4042845,14.759999,92.540245,993.0736,
55.79_37.71,2023-10-02 19:00:00,9.3,6.8919525,none,0.0,0.0,9.659814,15.84,79.85645,999.5228,
55.79_37.71,2023-12-08 16:00:00,-14.15,-20.15349,none,0.0,33.0,15.978486,26.28,80.99012,1019.745,
55.79_37.72,2023-10-25 14:00:00,0.85,-3.0578666,none,0.0,0.0,6.193674,14.759999,55.120247,1001.8681,
55.79_37.72,2024-01-13 10:00:00,-26.55,-31.97769,none,0.0,52.999996,9.339208,16.199999,76.08299,997.45935,
55.79_37.72,2024-03-27 18:00:00,4.25,0.59645176,none,0.0,22.0,5.937272,9.0,50.81899,997.70374,
55.79_37.73,2024-04-10 09:00:00,13.65,13.051844,none,0.0,0.0,7.928178,18.72,88.590645,1001.30505,
55.79_37.74,2023-11-22 17:00:00,-8.4,-15.059357,none,0.0,3.0,21.413193,38.88,63.216022,998.9741,
55.79_37.74,2024-04-22 03:00:00,13.05,9.716546,rain,0.1,0.0,19.191748,40.68,71.18543,992.9328,
55.79_37.75,2023-09-28 21:00:00,14.7,12.60907,none,0.0,0.0,14.05845,24.84,72.4634,1007.18866,
55.79_37.75,2023-11-16 15:00:00,0.85,-2.9433775,none,0.0,1.0,9.0,17.64,78.301155,993.31274,
55.79_37.75,2024-04-24 22:00:00,8.15,4.0560894,none,0.0,0.0,14.044615,24.84,58.527824,999.41327,
55.79_37.77,2023-11-07 08:00:00,8.35,4.957693,none,0.0,0.0,17.429354,32.760002,89.046364,983.5527,
55.79_37.77,2023-11-10 18:00:00,3.5,-0.02273035,none,0.0,0.0,11.841756,19.44,89.91019,1000.7022,
55.79_37.77,2023-12-08 08:00:00,-13.55,-19.263933,none,0.0,33.0,14.408997,23.4,85.21752,1020.5656,
55.79_37.77,2023-12-14 20:00:00,-10.35,-16.978691,snow,0.2,43.0,21.900904,36.719997,84.224815,1002.3329,
55.79_37.77,2024-01-11 18:00:00,-9.75,-17.42351,none,0.0,52.999996,28.673721,46.8,74.68825,977.8828,
55.79_37.77,2024-02-28 15:00:00,0.75,-4.7298365,none,0.0,64.0,19.694992,34.2,73.2167,1008.9737,
55.79_37.77,2024-04-02 13:00:00,19.7,18.985455,none,0.0,2.0,11.298495,24.119999,65.05779,986.43304,
55.79_37.78,2023-10-07 21:00:00,9.55,4.6741524,rain,0.1,0.0,29.16889,49.68,87.6394,962.64966,
55.79_37.78,2023-11-13 14:00:00,3.2,-2.855147,none,0.0,0.0,27.598173,50.76,83.05719,978.1879,
55.79_37.78,2024-02-22 14:00:00,-2.5,-8.121372,none,0.0,69.0,19.652176,33.48,84.52272,1001.77185,
55.79_37.78,2024-04-04 15:00:00,3.95,-0.54077005,none,0.0,0.0,14.618837,28.44,67.12135,991.3838,
55.79_37.78,2024-04-25 08:00:00,13.3,9.383284,none,0.0,0.0,23.277834,50.399998,70.272064,989.90314,
55.79_37.78,2024-04-27 01:00:00,13.7,13.136879,none,0.0,0.0,10.390226,18.359999,95.541016,992.4619,
55.79_37.78,2024-05-02 21:00:00,7.8,3.8741446,none,0.0,0.0,11.183201,24.48,53.160645,997.3954,
55.79_37.79,2023-10-06 15:00:00,9.65,5.331377,rain,0.9,0.0,26.121714,45.0,89.76086,981.46063,
55.79_37.79,2023-10-17 19:00:00,3.3,-2.1927798,rain,0.1,0.0,24.18707,47.519997,84.88398,984.3856,
55.79_37.79,2023-11-16 19:00:00,-0.3,-4.335275,none,0.0,1.0,9.9571085,17.64,80.185776,992.15704,
55.79_37.79,2023-11-18 21:00:00,-8.15,-12.177948,none,0.0,1.0,5.04,8.28,83.169075,1005.69086,
55.79_37.79,2024-01-15 13:00:00,-2.2,-8.172806,snow,0.1,54.000004,22.862125,41.399998,89.11801,974.55334,
55.79_37.79,2024-03-28 15:00:00,5.6,2.1891918,none,0.0,21.0,8.4042845,14.759999,65.31067,995.28406,
55.79_37.8,2023-11-20 15:00:00,-5.05,-10.366695,none,0.0,1.0,13.551501,25.919998,62.283497,995.35156,
55.79_37.8,2023-11-29 18:00:00,-3.8,-10.240466,snow,0.1,20.0,24.627787,42.12,87.307396,991.11,
55.79_37.8,2023-12-30 18:00:00,1.45,-3.0830173,none,0.0,40.0,16.831684,33.12,92.05353,981.1904,
55.79_37.8,2024-01-26 09:00:00,-4.5,-8.579039,snow,0.3,58.0,8.654986,13.679999,94.13621,988.6672,
55.79_37.81,2023-10-28 21:00:00,-0.35,-5.1370945,snow,1.0,7.0,17.227419,29.88,95.37055,973.3234,
55.79_37.81,2023-11-14 16:00:00,2.5,-2.4839687,rain,0.2,0.0,21.385939,39.239998,93.783615,981.3186,
55.79_37.81,2024-02-26 13:00:00,-2.2,-8.411123,none,0.0,66.0,22.805367,38.519997,75.47888,1006.525,
55.79_37.81,2024-03-12 14:00:00,2.1,-1.7424221,none,0.0,55.0,7.42159,17.28,60.28485,1004.6475,
55.79_37.81,2024-04-25 18:00:00,16.25,15.685986,none,0.0,0.0,6.6185193,19.8,72.50441,990.0384,
55.79_37.82,2023-09-29 14:00:00,21.35,20.93683,none,0.0,0.0,9.693296,21.24,59.536686,1002.9002,
55.79_37.82,2024-01-12 13:00:00,-14.45,-21.298458,none,0.0,52.999996,20.858265,37.079998,63.82099,987.65283,
55.79_37.82,2024-04-09 08:00:00,10.7,9.692774,none,0.0,0.0,4.8433046,13.679999,88.33908,998.45636,
55.79_37.84,2023-10-04 22:00:00,11.0,7.38258,none,0.0,0.0,19.13426,36.719997,75.059265,991.22034,
55.79_37.84,2023-12-10 18:00:00,-11.35,-17.34922,snow,0.1,38.0,17.148247,30.239998,84.09924,1007.94324,
55.79_37.84,2024-01-20 21:00:00,-10.15,-14.854752,none,0.0,60.000004,8.891344,17.64,85.615204,997.0397,
55.79_37.84,2024-04-20 15:00:00,10.25,5.7668743,rain,0.4,0.0,18.075441,39.239998,55.387684,997.826,
55.7_37.12,2024-02-25 21:00:00,-1.05,-6.9494305,rain,0.1,66.0,21.599998,39.239998,76.25518,1004.11456,
55.7_37.4,2023-12-03 12:00:00,-6.55,-12.285454,snow,1.0,29.0,18.359999,33.12,91.529335,992.6334,
55.7_37.4,2023-12-05 05:00:00,-10.5,-14.675036,snow,0.1,35.0,5.3517847,9.36,89.44255,999.6345,
55.7_37.4,2024-01-06 19:00:00,-16.85,-21.459457,none,0.0,47.0,5.815978,10.440001,85.9061,993.45526,
55.7_37.4,2024-02-02 13:00:00,-1.35,-7.736017,snow,0.1,55.0,24.149532,48.96,71.99015,980.9396,
55.7_37.4,2024-02-24 11:00:00,0.0,-6.0508738,snow,0.1,68.0,24.842607,48.6,85.76003,1009.2467,
55.7_37.41,2023-12-02 14:00:00,-6.65,-11.095384,none,0.0,28.0,9.021574,17.28,86.681206,990.2651,
55.7_37.41,2024-01-30 17:00:00,-1.15,-4.9670954,none,0.0,57.0,9.114471,14.759999,90.204506,1008.90204,
55.7_37.42,2023-10-28 10:00:00,-1.25,-5.7593737,none,0.0,7.0,14.408997,27.0,94.98621,976.95105,
55.7_37.42,2023-11-10 01:00:00,4.6,1.8257046,none,0.0,0.0,6.9527545,20.880001,84.42724,992.4479,
55.7_37.42,2023-11-10 21:00:00,3.5,-0.5724604,none,0.0,0.0,15.137133,26.28,87.3767,997.35876,
55.7_37.42,2024-05-07 10:00:00,2.2,-2.8275635,snow,0.3,0.0,19.08,36.0,80.54798,985.58276,
55.7_37.45,2023-12-20 08:00:00,2.45,-3.9336362,rain,0.1,41.0,29.46947,38.16,85.40316,978.3924,
55.7_37.46,2023-09-30 05:00:00,11.2,9.919246,none,0.0,0.0,9.387651,15.119999,93.876236,1000.0596,
55.7_37.46,2023-10-05 00:00:00,9.9,6.7465553,none,0.0,0.0,15.315873,29.519999,78.57885,991.6141,
55.7_37.47,2023-11-12 19:00:00,6.4,1.8571076,none,0.0,0.0,23.990698,42.48,95.94387,973.0969,
55.7_37.47,2024-01-23 16:00:00,-4.9,-12.071236,snow,0.3,63.0,28.829233,38.519997,86.863525,998.1177,
55.7_37.47,2024-03-06 12:00:00,-5.95,-10.367846,none,0.0,64.0,7.928178,14.759999,72.47831,1008.5108,
55.7_37.47,2024-04-24 22:00:00,8.6,4.4453983,none,0.0,0.0,16.299694,26.64,63.675934,995.2047,
55.7_37.47,2024-05-04 20:00:00,9.15,6.0344906,none,0.0,0.0,7.172949,10.440001,54.11125,989.52905,
55.7_37.5,2023-10-04 08:00:00,14.45,10.151573,none,0.0,0.0,26.420174,51.48,66.560326,986.2485,
55.7_37.5,2023-12-31 17:00:00,-5.65,-12.169677,snow,0.1,46.0,23.770906,38.519997,85.7859,979.0826,
55.7_37.5,2024-01-10 02:00:00,-2.0,-7.6045833,snow,0.1,54.000004,20.63023,27.72,90.13863,985.2706,
55.7_37.5,2024-04-16 13:00:00,10.8,5.584223,none,0.0,0.0,22.180206,41.039997,50.4163,979.5401,
55.7_37.51,2023-09-30 13:00:00,21.55,18.15122,none,0.0,0.0,24.696104,43.92,49.87775,996.69617,
55.7_37.51,2023-10-18 08:00:00,2.1,-2.248706,none,0.0,0.0,16.171976,28.08,91.43345,984.1449,
55.7_37.51,2023-11-18 17:00:00,-7.7,-11.852312,none,0.0,2.0,5.815978,7.5599995,79.36957,1003.96045,
55.7_37.51,2023-12-18 19:00:00,1.35,-3.8289816,none,0.0,52.0,21.046917,28.44,91.38298,987.15924,
55.7_37.51,2024-03-29 15:00:00,5.8,2.3907247,none,0.0,23.0,12.758432,24.48,84.26776,982.00323,
55.7_37.52,2024-01-08 09:00:00,-21.05,-26.657007,none,0.0,50.0,11.440979,17.28,78.50251,1004.2932,
55.7_37.53,2024-05-08 09:00:00,3.85,-1.9192245,none,0.0,0.0,21.767351,43.92,59.16106,988.8659,
55.7_37.54,2023-09-30 12:00:00,20.8,18.629591,none,0.0,0.0,18.584509,33.48,56.176212,994.8114,
55.7_37.54,2024-01-24 07:00:00,-2.5,-8.197175,none,0.0,63.0,21.096123,29.16,92.14455,990.44977,
55.7_37.55,2023-10-16 18:00:00,6.1,3.7892895,rain,0.3,0.0,7.208994,11.879999,91.37619,978.3775,
55.7_37.55,2023-11-27 09:00:00,0.75,-4.9494796,snow,1.2,23.0,25.210283,37.44,99.28156,962.6782,
55.7_37.55,2024-02-01 20:00:00,-1.1,-6.15212,none,0.0,60.000004,17.31746,24.84,87.89758,977.4283,
55.7_37.55,2024-02-22 13:00:00,-2.55,-8.317563,none,0.0,74.0,20.771093,28.8,85.80109,995.79614,
55.7_37.55,2024-03-31 20:00:00,8.25,4.9318094,none,0.0,16.0,10.685391,16.199999,65.66995,993.363,
55.7_37.55,2024-04-12 14:00:00,14.65,8.959409,none,0.0,0.0,31.259945,55.8,53.85296,990.0658,
55.7_37.56,2023-10-04 08:00:00,13.75,8.928497,none,0.0,0.0,30.007679,50.039997,69.64825,985.92786,
55.7_37.56,2023-10-13 08:00:00,8.3,3.0197773,none,0.0,0.0,27.288855,46.079998,77.51956,983.6606,
55.7_37.56,2024-02-18 17:00:00,-2.6,-9.176919,none,0.0,78.0,23.979893,32.039997,66.66877,995.8592,
55.7_37.56,2024-03-22 21:00:00,0.1,-5.480327,none,0.0,43.0,21.2522,28.08,82.660324,990.26306,
55.7_37.56,2024-04-23 15:00:00,11.5,7.042921,none,0.0,0.0,18.374111,34.56,52.450294,997.3558,
55.7_37.57,2023-10-09 22:00:00,2.95,-2.3614113,none,0.0,0.0,21.485697,39.6,78.91621,985.5167,
55.7_37.57,2023-10-10 13:00:00,3.8,-1.8340962,rain,0.1,0.0,21.897945,38.519997,64.899605,989.5779,
55.7_37.57,2023-10-31 15:00:00,10.05,7.6360874,none,0.0,3.0,11.043261,20.16,80.51417,992.9583,
55.7_37.57,2024-02-05 18:00:00,-8.45,-14.147823,none,0.0,61.0,16.78156,21.24,88.9134,964.24835,
55.7_37.58,2023-11-18 20:00:00,-8.1,-12.233276,none,0.0,2.0,5.506941,8.64,79.62286,1005.8241,
55.7_37.58,2023-11-24 18:00:00,-6.7,-10.477127,snow,0.1,8.0,4.3498964,8.64,86.00305,960.01587,
55.7_37.58,2023-12-13 10:00:00,-11.6,-19.035389,snow,0.2,44.0,26.729847,37.079998,81.36731,999.50684,
55.7_37.58,2023-12-19 16:00:00,1.5,-5.8093824,snow,0.5,49.0,35.815926,50.399998,91.393105,979.0854,
55.7_37.58,2024-01-18 12:00:00,-12.25,-20.463634,none,0.0,58.999996,31.624725,42.839996,77.99145,993.3787,
55.7_37.58,2024-02-04 03:00:00,-1.85,-7.18449,snow,0.4,60.000004,19.562946,26.64,95.314095,964.3587,
55.7_37.58,2024-04-13 20:00:00,10.8,8.834186,none,0.0,0.0,4.072935,7.5599995,63.956093,991.78235,
55.7_37.58,2024-04-22 11:00:00,15.65,11.324264,none,0.0,0.0,27.534704,49.32,57.75884,990.2194,
55.7_37.59,2023-10-02 17:00:00,11.0,9.16823,none,0.0,0.0,6.489992,16.56,73.78074,999.1798,
55.7_37.59,2023-10-27 11:00:00,-1.05,-6.8762927,none,0.0,3.0,21.900904,38.16,82.20181,987.2902,
55.7_37.6,2023-11-08 23:00:00,2.9,-0.019490719,none,0.0,0.0,7.7043357,13.679999,93.80321,992.6558,
55.7_37.6,2024-02-10 19:00:00,-21.3,-26.928272,none,0.0,64.0,11.753877,14.4,86.517265,1001.42175,
55.7_37.61,2023-10-25 16:00:00,-1.15,-5.4653206,none,0.0,0.0,8.350138,18.359999,58.9935,1002.3764,
55.7_37.61,2023-11-26 06:00:00,-6.9,-11.465987,none,0.0,10.0,10.24578,15.84,92.93473,986.31104,
55.7_37.61,2023-11-27 02:00:00,-4.8,-12.00675,snow,2.2,13.0,29.59235,47.519997,91.29966,977.7267,
55.7_37.61,2023-11-27 14:00:00,2.1,-4.0092773,rain,0.1,22.0,28.412645,43.199997,92.425865,965.6512,
55.7_37.61,2023-12-21 06:00:00,0.15,-4.329405,snow,0.7,44.0,15.827721,21.24,96.78737,977.8851,
55.7_37.61,2023-12-22 11:00:00,-1.5,-7.8346024,none,0.0,43.0,25.764534,36.36,87.85988,975.13293,
55.7_37.61,2024-01-09 10:00:00,-8.95,-14.854505,none,0.0,52.0,17.477621,28.8,82.73297,1002.8438,
55.7_37.61,2024-03-13 20:00:00,-5.0,-10.417532,none,0.0,62.0,16.1198,20.880001,80.719315,1008.21716,
55.7_37.62,2023-10-06 13:00:00,11.5,8.852512,rain,0.3,0.0,13.551501,32.399998,75.9188,984.2269,
55.7_37.62,2023-10-08 05:00:00,4.3,-1.9432573,rain,0.1,0.0,30.259275,51.839996,83.79174,966.9595,
55.7_37.62,2023-10-10 12:00:00,3.3,-2.204912,none,0.0,0.0,21.382906,38.16,69.238396,994.2758,
55.7_37.62,2023-11-09 09:00:00,2.25,-0.27979565,none,0.0,0.0,5.0911684,11.879999,98.58505,992.93256,
55.7_37.62,2023-12-26 13:00:00,0.35,-5.333316,snow,0.1,44.0,23.177402,33.12,89.332954,971.528,
55.7_37.62,2024-01-30 10:00:00,0.1,-5.5862036,none,0.0,62.0,22.66857,32.399998,87.36482,1011.2278,
55.7_37.62,2024-02-15 15:00:00,-11.35,-18.09196,snow,0.2,75.0,21.915691,33.12,78.78559,1016.80133,
55.7_37.62,2024-03-31 02:00:00,3.9,-0.047698975,none,0.0,19.0,15.119999,27.0,89.303696,995.0027,
55.7_37.62,2024-04-30 00:00:00,8.3,5.222292,none,0.0,0.0,8.854829,13.32,64.75172,1016.21216,
55.7_37.63,2023-10-02 16:00:00,13.6,10.824051,none,0.0,0.0,12.181624,22.319998,60.08784,1000.8838,
55.7_37.63,2023-10-18 19:00:00,5.75,1.8769798,rain,0.2,0.0,17.148247,27.0,90.08305,991.335,
55.7_37.63,2023-10-31 12:00:00,9.95,7.6347904,none,0.0,3.0,11.525623,20.519999,85.03028,998.79767,
55.7_37.63,2024-02-02 11:00:00,-0.85,-7.879925,snow,0.1,60.000004,30.113304,42.839996,80.706566,982.5434,
55.7_37.64,2023-09-28 20:00:00,15.25,13.017109,none,0.0,0.0,14.934577,24.119999,69.70978,1008.3333,
55.7_37.64,2023-12-28 13:00:00,-3.2,-8.805203,none,0.0,43.0,19.272614,28.08,86.7086,996.8463,
55.7_37.64,2024-04-04 17:00:00,3.3,-2.0777895,none,0.0,1.0,18.998316,31.319998,61.040573,995.2349,
55.7_37.64,2024-04-09 11:00:00,16.0,15.0160675,none,0.0,0.0,6.9527545,17.64,67.789665,1001.6994,
55.7_37.66,2023-10-08 18:00:00,1.9,-4.713864,snow,0.4,0.0,31.427404,53.28,91.090836,968.94226,
55.7_37.66,2023-10-29 16:00:00,0.2,-4.130787,none,0.0,10.0,13.708391,22.319998,88.99352,992.8309,
55.7_37.66,2023-11-12 19:00:00,6.5,1.9101696,none,0.0,0.0,24.312662,41.039997,95.28587,977.4353,
55.7_37.66,2024-01-17 11:00:00,-12.7,-20.327152,snow,0.1,60.000004,27.36947,41.039997,76.63258,985.9467,
55.7_37.66,2024-04-15 14:00:00,10.05,2.9603195,none,0.0,0.0,33.326744,54.719997,47.19961,979.8973,
55.7_37.66,2024-04-20 21:00:00,3.25,-0.20429182,none,0.0,0.0,9.0645685,11.879999,78.96202,1004.42334,
55.7_37.66,2024-04-30 21:00:00,15.0,12.413311,none,0.0,0.0,12.964998,20.16,60.013573,1009.18494,
55.7_37.66,2024-05-09 04:00:00,-1.4,-7.139425,none,0.0,1.0,20.65848,33.12,79.42344,1003.29443,
55.7_37.69,2023-12-04 12:00:00,-7.3,-13.798796,none,0.0,35.0,22.55106,35.28,84.59909,995.7709,
55.7_37.71,2024-05-04 13:00:00,12.5,8.1224785,none,0.0,0.0,15.856354,30.960001,34.512302,998.46204,
55.7_37.73,2023-10-27 22:00:00,-1.0,-5.3618097,none,0.0,7.0,13.397612,22.68,93.26389,984.5751,
55.7_37.73,2023-11-10 18:00:00,3.65,0.4144802,none,0.0,0.0,9.693296,14.759999,88.01781,1001.8203,
55.7_37.73,2023-12-08 04:00:00,-14.85,-20.363358,none,0.0,35.0,12.599999,17.64,85.41783,1023.69916,
55.7_37.73,2023-12-15 18:00:00,-10.45,-16.861698,none,0.0,55.0,20.345573,28.08,83.873276,996.48083,
55.7_37.73,2023-12-23 08:00:00,1.3,-4.1046276,none,0.0,43.0,22.862123,34.2,93.38608,968.35956,
55.7_37.73,2023-12-23 16:00:00,0.2,-3.3327773,none,0.0,42.0,9.028754,13.679999,94.35452,969.90076,
55.7_37.73,2024-01-19 15:00:00,-6.3,-10.957315,none,0.0,67.0,10.239453,17.28,81.797424,988.30963,
55.7_37.73,2024-02-18 08:00:00,0.2,-5.2185535,snow,0.1,79.0,21.707731,30.239998,92.64925,997.4194,
55.7_37.73,2024-02-26 13:00:00,-2.25,-9.000684,none,0.0,73.0,26.576681,38.16,76.33743,1010.98645,
55.7_37.73,2024-04-18 08:00:00,6.25,3.2907171,none,0.0,0.0,9.673221,16.919998,81.68951,989.4261,
55.7_37.74,2023-11-09 13:00:00,7.15,4.0683317,none,0.0,0.0,11.792404,20.880001,82.0959,991.0821,
55.7_37.74,2024-03-28 16:00:00,4.75,0.95118284,none,0.0,28.0,9.779817,14.4,63.001457,996.0919,
55.7_37.75,2024-01-05 19:00:00,-21.9,-26.9128,none,0.0,47.0,7.2359104,10.440001,79.41739,994.6081,
55.7_37.75,2024-04-25 23:00:00,9.15,7.285903,none,0.0,0.0,9.290511,10.08,92.82893,992.81995,
55.7_37.76,2023-12-03 12:00:00,-6.35,-12.028366,snow,0.9,28.0,18.03237,30.239998,90.838646,992.0551,
55.7_37.76,2023-12-15 15:00:00,-6.3,-10.402359,snow,0.3,55.0,7.289445,14.759999,91.19381,990.9242,
55.7_37.76,2024-04-05 16:00:00,3.55,-0.3080163,none,0.0,0.0,7.5685663,20.16,54.60376,1003.65295,
55.7_37.76,2024-04-22 14:00:00,13.7,8.413103,none,0.0,0.0,27.475807,51.48,54.54623,995.0763,
55.7_37.77,2023-10-16 17:00:00,5.85,3.770173,rain,0.3,0.0,5.4119864,10.440001,91.99997,984.3197,
55.7_37.77,2023-10-23 20:00:00,4.7,1.1347561,rain,0.5,0.0,14.830076,25.199999,95.88911,983.26575,
55.7_37.77,2024-01-14 04:00:00,-24.7,-30.959435,none,0.0,56.0,15.281989,23.4,76.43715,993.16046,
55.7_37.77,2024-02-10 09:00:00,-24.0,-28.76734,none,0.0,62.0,5.2416787,9.0,80.88948,996.5326,
55.7_37.77,2024-04-12 16:00:00,14.85,9.271223,none,0.0,0.0,29.834423,53.639996,51.525585,995.1249,
55.7_37.77,2024-05-03 18:00:00,7.4,3.5143557,none,0.0,0.0,7.5685663,21.24,41.02476,999.02295,
55.7_37.78,2023-10-07 18:00:00,8.7,3.7765532,rain,0.1,0.0,28.99062,52.199997,90.9228,966.1052,
55.7_37.78,2023-11-02 16:00:00,4.85,-0.3377123,none,0.0,0.0,23.441502,42.12,82.6722,986.17755,
55.7_37.78,2023-11-08 22:00:00,2.85,-0.053351402,none,0.0,0.0,7.653705,12.599999,94.47235,992.16296,
55.7_37.78,2023-11-11 19:00:00,3.3,-0.96137667,none,0.0,0.0,17.026896,28.44,91.84007,996.97986,
55.7_37.78,2023-12-06 12:00:00,-15.65,-19.57695,none,0.0,34.0,1.5273507,6.12,86.77108,1012.36346,
55.7_37.78,2023-12-17 09:00:00,-3.8,-10.639753,snow,0.3,52.999996,27.475807,41.039997,88.307495,991.17975,
55.7_37.78,2024-01-25 17:00:00,-2.0,-6.826431,snow,0.1,61.0,15.379206,24.119999,90.81322,985.634,
55.7_37.78,2024-02-25 00:00:00,0.85,-5.5489836,none,0.0,70.0,27.0024,40.68,79.175,1010.2846,
55.7_37.78,2024-04-09 10:00:00,16.05,15.274796,none,0.0,0.0,6.6185193,18.0,70.09977,1000.3861,
55.7_37.78,2024-04-11 20:00:00,10.1,6.465291,none,0.0,0.0,11.620809,19.8,53.78295,1001.59186,
55.7_37.78,2024-04-21 04:00:00,5.3,1.154623,none,0.0,0.0,13.441071,21.96,66.68414,1005.55695,
55.7_37.79,2023-11-13 19:00:00,4.2,-0.87225366,none,0.0,0.0,20.969807,42.12,77.974525,981.25653,
55.7_37.79,2024-03-28 15:00:00,5.9,2.3999753,none,0.0,23.0,8.311245,16.199999,60.783325,997.0214,
55.7_37.79,2024-05-02 14:00:00,11.05,6.524249,none,0.0,0.0,18.25026,36.0,52.141243,999.26263,
55.7_37.8,2023-12-05 17:00:00,-11.75,-16.691399,none,0.0,34.0,9.9571085,12.599999,87.896385,1005.5319,
55.7_37.8,2024-03-31 11:00:00,12.0,11.442389,none,0.0,14.0,0.5091169,14.4,69.77638,1000.4832,
55.7_37.81,2023-10-24 00:00:00,1.45,-3.428356,snow,0.5,0.0,20.140705,34.56,97.87052,987.03577,
55.7_37.81,2023-10-28 00:00:00,-0.75,-4.6926694,none,0.0,7.0,10.805999,21.599998,93.620895,984.2952,
55.7_37.81,2023-11-06 21:00:00,8.6,4.8368645,none,0.0,0.0,20.620804,36.0,89.98723,979.497,
55.7_37.81,2023-12-20 09:00:00,2.1,-4.159813,none,0.0,42.0,28.512817,46.44,86.92591,982.3053,
55.7_37.81,2024-05-07 16:00:00,2.0,-2.9542615,snow,0.8,0.0,21.24,36.36,97.53054,989.0841,
55.7_37.82,2023-10-10 13:00:00,3.5,-1.4139793,snow,0.2,0.0,18.864824,38.16,76.46314,994.707,
55.7_37.82,2024-02-04 10:00:00,0.85,-5.8268695,snow,0.6,60.000004,30.589407,55.079998,90.02837,966.0401,
55.7_37.82,2024-04-19 17:00:00,9.05,2.400714,none,0.0,0.0,34.847553,66.96,67.021355,979.07214,
55.7_37.83,2023-11-13 08:00:00,3.55,-1.0219994,none,0.0,0.0,19.523155,33.839996,92.18319,974.9184,
55.7_37.83,2023-11-18 07:00:00,-8.55,-12.476377,none,0.0,1.0,4.5536795,6.4799995,88.5543,1009.02386,
55.7_37.83,2023-12-30 22:00:00,0.35,-3.320325,snow,0.4,43.0,10.594036,18.359999,97.49733,983.06055,
55.7_37.83,2024-02-11 03:00:00,-16.3,-21.921474,none,0.0,62.0,12.7279215,20.16,81.353645,1003.6757,
55.7_37.83,2024-04-13 20:00:00,9.85,7.6657543,none,0.0,0.0,6.1305785,7.92,70.07481,996.01715,
55.7_37.83,2024-04-20 19:00:00,10.2,7.6736794,none,0.0,0.0,2.8116899,16.56,49.347927,1004.1702,
55.7_37.84,2024-03-30 12:00:00,9.6,6.0943556,none,0.0,18.0,16.516901,33.12,70.270294,994.38605,
55.7_37.85,2023-10-13 15:00:00,11.2,6.0102367,none,0.0,0.0,21.288757,45.719997,46.845245,994.6554,
55.7_37.86,2024-02-02 09:00:00,-1.1,-6.993455,snow,0.3,55.0,23.042812,40.68,87.5718,979.9983,
55.7_37.86,2024-03-22 03:00:00,-6.65,-10.832317,none,0.0,39.0,7.491114,12.599999,89.766495,1003.2036,
55.7_37.87,2023-10-04 19:00:00,12.95,9.356839,none,0.0,0.0,25.045238,46.8,83.10605,991.17786,
55.7_37.92,2023-10-12 21:00:00,11.2,7.0396376,rain,0.1,0.0,26.282465,46.44,84.87911,984.70306,
55.7_37.92,2024-01-27 13:00:00,-5.05,-8.920258,none,0.0,60.000004,6.193674,12.24,87.85393,1002.77716,
55.7_37.93,2024-03-02 23:00:00,-1.85,-6.2562656,none,0.0,61.0,12.413477,19.8,89.147896,1014.4245,
55.7_37.93,2024-04-10 01:00:00,11.2,10.02596,rain,0.1,0.0,5.8048253,25.199999,84.87911,999.1603,
55.7_37.93,2024-04-22 07:00:00,14.85,12.933491,none,0.0,0.0,16.641972,30.960001,81.16432,993.8555,
55.7_37.94,2023-09-29 09:00:00,14.3,13.824394,none,0.0,0.0,5.8048253,14.759999,81.63082,1009.29407,
55.7_37.94,2023-12-30 03:00:00,1.05,-3.9738777,snow,0.8,41.0,20.523157,34.56,96.810646,982.00964,
55.7_37.94,2024-02-26 14:00:00,-1.55,-7.302764,none,0.0,67.0,19.416653,34.2,70.05416,1011.4664,
55.7_37.94,2024-04-30 16:00:00,21.05,16.592495,none,0.0,0.0,22.346113,42.12,35.131157,1013.14557,
55.81_37.38,2023-10-12 18:00:00,12.2,8.241641,none,0.0,0.0,27.059933,51.48,85.846886,981.69946,
55.81_37.38,2024-03-12 09:00:00,-2.25,-6.5528193,none,0.0,55.0,10.495713,20.519999,82.0401,1005.5985,
55.81_37.39,2023-12-29 19:00:00,1.6,-2.9675648,none,0.0,39.0,16.854767,30.960001,89.76074,982.4685,
55.81_37.39,2024-01-15 08:00:00,-3.95,-10.055649,snow,0.1,52.999996,22.33161,38.16,88.29367,973.34784,
55.81_37.39,2024-02-27 14:00:00,-0.1,-5.032064,none,0.0,64.0,15.124284,28.08,72.23565,1008.7699,
55.81_37.39,2024-04-08 19:00:00,13.25,11.890514,none,0.0,0.0,9.531505,20.880001,80.95112,997.08136,
55.81_37.39,2024-05-02 13:00:00,10.3,6.0088415,none,0.0,0.0,16.700275,33.839996,55.00604,998.70123,
55.81_37.4,2023-11-07 09:00:00,8.5,4.6523895,rain,0.2,0.0,20.87379,35.64,89.36478,981.26447,
55.81_37.4,2024-01-04 09:00:00,-27.9,-33.469982,none,0.0,40.0,10.233123,21.599998,80.64129,990.6609,
55.81_37.4,2024-04-24 15:00:00,12.3,9.172649,none,0.0,0.0,7.6367526,19.08,45.004955,999.9174,
55.81_37.4,2024-05-08 21:00:00,0.6,-5.251955,none,0.0,0.0,20.746122,38.16,64.15264,995.8233,
55.81_37.41,2023-11-11 10:00:00,5.35,1.5478716,none,0.0,0.0,14.494192,34.2,82.44273,999.12494,
55.81_37.41,2024-04-03 17:00:00,10.35,4.1722393,none,0.0,0.0,31.614477,66.6,61.426025,975.314,
55.81_37.41,2024-04-15 22:00:00,4.15,-0.5900135,none,0.0,0.0,20.431387,38.16,87.12812,979.02875,
55.81_37.41,2024-04-30 18:00:00,19.6,16.618862,none,0.0,0.0,17.114204,34.56,47.547276,1008.7335,
55.81_37.44,2024-04-30 16:00:00,19.95,16.426632,none,0.0,0.0,19.296133,36.36,43.759056,1010.9299,
55.81_37.45,2023-10-12 18:00:00,11.95,8.063861,rain,0.1,0.0,26.081993,46.8,85.82107,981.3517,
55.81_37.46,2023-10-16 15:00:00,6.65,4.241579,rain,0.3,0.0,7.24486,13.32,85.257286,982.69403,
55.81_37.46,2023-11-07 09:00:00,8.45,4.681034,rain,0.2,0.0,20.172853,32.039997,89.0546,982.8249,
55.81_37.46,2023-11-21 10:00:00,-7.55,-13.727163,snow,0.1,2.0,18.374111,32.760002,62.40579,993.5712,
55.81_37.46,2023-11-22 13:00:00,-7.85,-14.085421,none,0.0,3.0,18.388212,32.760002,59.104362,996.6494,
55.81_37.46,2023-12-08 13:00:00,-14.1,-20.532337,none,0.0,34.0,18.837322,27.359999,78.98936,1018.1066,
55.81_37.46,2024-01-24 17:00:00,-0.35,-5.877605,none,0.0,61.0,21.67487,32.760002,90.93221,989.392,
55.81_37.46,2024-01-26 13:00:00,-3.75,-7.5312176,snow,0.1,62.0,6.8399997,12.599999,91.02799,990.81976,
55.81_37.46,2024-02-04 16:00:00,0.55,-4.514407,none,0.0,58.999996,17.581125,27.0,79.129135,965.78815,
55.81_37.46,2024-03-13 19:00:00,-4.95,-10.209346,none,0.0,58.999996,15.0038395,19.08,80.10414,1005.59607,
55.81_37.47,2023-10-07 11:00:00,3.2,-2.474843,snow,1.8,0.0,26.478973,46.8,91.180626,977.93286,
55.81_37.47,2023-10-19 08:00:00,4.0,1.2423553,rain,0.1,0.0,8.287822,14.04,95.52869,986.8111,
55.81_37.47,2023-10-25 23:00:00,-2.95,-7.6650276,none,0.0,1.0,11.212135,18.72,68.42293,999.3738,
55.81_37.47,2023-12-03 15:00:00,-6.6,-12.424341,snow,1.1,31.0,18.720001,28.8,89.07693,986.5156,
55.81_37.47,2024-01-14 01:00:00,-29.65,-35.49769,none,0.0,55.0,11.988594,14.4,83.09948,992.5896,
55.81_37.47,2024-01-15 08:00:00,-4.25,-10.438567,none,0.0,57.0,22.682856,30.960001,88.26594,972.31573,
55.81_37.47,2024-04-17 13:00:00,12.15,8.608967,none,0.0,0.0,12.959999,27.72,51.700497,979.1936,
55.81_37.47,2024-04-24 19:00:00,10.6,6.5493126,none,0.0,0.0,14.759999,24.119999,52.96015,996.7296,
55.81_37.47,2024-05-02 00:00:00,7.45,4.1940565,none,0.0,0.0,11.384198,22.319998,73.91753,1001.6617,
55.81_37.48,2023-11-04 17:00:00,4.8,0.566061,rain,0.4,0.0,19.008545,34.92,93.23755,993.5807,
55.81_37.48,2023-11-10 20:00:00,3.2,-0.4212892,none,0.0,0.0,12.10157,20.16,89.5659,997.63135,
55.81_37.49,2023-12-14 13:00:00,-10.75,-17.088753,none,0.0,43.0,19.734436,28.08,84.17477,1001.95685,
55.81_37.49,2023-12-19 22:00:00,3.05,-2.570192,none,0.0,45.0,25.516865,37.44,88.914375,977.018,
55.81_37.5,2023-10-15 06:00:00,12.75,11.117923,rain,1.0,0.0,14.693999,32.399998,93.02261,980.83026,
55.81_37.5,2024-01-06 09:00:00,-17.9,-22.785004,none,0.0,48.0,7.2,11.159999,79.72272,991.8299,
55.81_37.5,2024-02-07 15:00:00,-6.5,-13.385346,snow,1.4,58.999996,25.96496,35.28,88.05487,964.02045,
55.81_37.5,2024-03-02 01:00:00,-2.4,-5.983899,none,0.0,65.0,7.072878,8.64,95.29313,1008.4966,
55.81_37.5,2024-03-07 11:00:00,-5.5,-9.995683,none,0.0,61.0,8.707237,15.4800005,72.56747,1002.5837,
55.81_37.5,2024-03-19 21:00:00,-1.4,-5.590828,none,0.0,47.0,11.367109,14.4,89.51805,1003.3426,
55.81_37.5,2024-04-24 10:00:00,7.35,4.8135805,none,0.0,0.0,2.8116899,13.32,57.691406,1002.9018,
55.81_37.5,2024-04-24 17:00:00,12.7,9.198152,none,0.0,0.0,8.825508,16.919998,39.89683,998.6493,
55.81_37.51,2023-09-28 08:00:00,10.15,7.988474,none,0.0,0.0,11.592894,18.0,87.69437,1009.32056,
55.81_37.51,2023-10-03 09:00:00,8.85,6.45426,none,0.0,0.0,10.041354,19.8,84.03659,999.04504,
55.81_37.51,2023-10-12 19:00:00,10.95,7.642315,rain,0.4,0.0,21.734581,46.079998,90.466286,979.4895,
55.81_37.51,2023-10-23 17:00:00,4.85,2.1247168,rain,0.2,0.0,9.346143,15.119999,96.23037,981.809,
55.81_37.51,2023-11-16 10:00:00,0.75,-2.638184,none,0.0,1.0,7.342588,14.4,86.15662,990.1064,
55.81_37.51,2023-12-26 16:00:00,-1.8,-7.738353,none,0.0,42.0,22.180206,33.839996,83.03236,974.0429,
55.81_37.51,2024-04-05 21:00:00,-1.3,-5.4160323,none,0.0,0.0,9.178235,14.4,76.212074,1000.6488,
55.81_37.51,2024-04-10 14:00:00,19.75,18.979376,none,0.0,0.0,9.085988,21.96,58.57086,1000.66565,
55.81_37.51,2024-04-10 19:00:00,15.05,14.361107,none,0.0,0.0,8.766573,10.799999,81.4588,999.8298,
55.81_37.54,2023-10-18 17:00:00,4.7,1.9238958,rain,0.3,0.0,8.350138,12.959999,90.64077,986.3383,
55.81_37.56,2024-03-23 11:00:00,2.9,-3.1423302,rain,0.4,40.0,28.296091,40.32,89.221146,979.8228,
55.81_37.57,2023-10-20 19:00:00,3.95,-0.30540752,none,0.0,0.0,17.414474,26.64,89.945114,991.8114,
55.81_37.57,2023-11-10 07:00:00,3.4,0.34782505,none,0.0,0.0,9.726665,15.84,96.527954,994.43823,
55.81_37.57,2023-11-22 19:00:00,-6.95,-13.022103,none,0.0,3.0,18.0,32.760002,63.57648,995.85077,
55.81_37.57,2023-12-01 17:00:00,-4.05,-8.424219,snow,0.2,25.0,10.829958,16.56,92.39522,982.8483,
55.81_37.57,2024-01-16 12:00:00,-3.0,-8.300253,none,0.0,58.0,17.106628,28.8,84.78367,971.1156,
55.81_37.57,2024-03-15 16:00:00,3.4,-1.5140991,none,0.0,58.0,18.1041,24.84,72.90731,999.42993,
55.81_37.57,2024-04-04 23:00:00,-1.25,-5.96898,none,0.0,1.0,11.885453,20.880001,65.199,995.3549,
55.81_37.57,2024-04-25 09:00:00,15.3,11.278453,none,0.0,0.0,26.437336,47.519997,67.64513,987.6335,
55.81_37.58,2023-11-18 20:00:00,-7.95,-12.163554,none,0.0,1.0,6.28713,8.64,81.564926,1005.06213,
55.81_37.58,2023-12-25 06:00:00,-5.15,-9.736948,none,0.0,41.0,11.4862,17.28,92.327354,973.3218,
55.81_37.58,2024-01-04 17:00:00,-25.45,-30.650806,none,0.0,44.0,7.8954163,12.599999,74.88752,988.8119,
55.81_37.58,2024-02-21 18:00:00,-5.15,-11.086298,none,0.0,73.0,19.803272,27.72,82.91309,1001.57446,
55.81_37.58,2024-03-28 12:00:00,3.9,0.25462246,none,0.0,26.0,9.504273,15.84,70.902336,995.798,
55.81_37.58,2024-03-30 14:00:00,10.25,5.7509604,none,0.0,18.0,20.364674,36.36,62.71621,991.554,
55.81_37.58,2024-04-04 10:00:00,5.6,0.7596679,none,0.0,1.0,18.998314,32.399998,68.96202,984.2206,
55.81_37.58,2024-04-27 01:00:00,13.45,12.920963,none,0.0,0.0,9.693296,16.199999,95.84568,991.3071,
55.81_37.59,2023-10-13 13:00:00,11.8,5.3778954,none,0.0,0.0,31.608328,55.44,50.692955,989.4087,
55.81_37.59,2023-10-18 11:00:00,4.75,0.3872285,none,0.0,0.0,16.78156,31.319998,78.34181,987.48157,
55.81_37.59,2024-04-10 14:00:00,19.9,19.004337,none,0.0,0.0,9.826088,22.319998,57.837063,999.9781,
55.81_37.59,2024-05-03 15:00:00,8.05,3.755001,none,0.0,0.0,15.192682,32.399998,35.284203,998.7692,
55.81_37.6,2023-11-23 13:00:00,-7.05,-13.492596,none,0.0,3.0,19.809813,33.48,55.565483,983.6408,
55.81_37.6,2024-02-23 20:00:00,0.45,-5.8713913,none,0.0,72.0,28.202042,40.32,93.00201,1002.9991,
55.81_37.61,2024-01-23 16:00:00,-4.9,-12.132739,snow,0.3,62.0,29.250967,41.760002,86.863525,998.46893,
55.81_37.62,2023-10-22 19:00:00,2.65,-1.7835293,none,0.0,0.0,15.778518,26.64,82.38811,997.22797,
55.81_37.62,2023-11-01 17:00:00,11.8,9.596334,none,0.0,0.0,13.138765,22.319998,82.40847,983.9202,
55.81_37.62,2023-12-16 11:00:00,-5.45,-10.428574,snow,0.1,52.999996,13.363711,22.319998,86.13982,1000.4621,
55.81_37.62,2023-12-20 23:00:00,0.8,-3.2977052,none,0.0,40.0,13.684735,19.44,95.41316,979.896,
55.81_37.62,2023-12-23 16:00:00,0.25,-3.3354375,none,0.0,40.0,9.339208,14.04,93.67163,966.64874,
55.81_37.62,2024-05-06 18:00:00,6.35,1.4845386,none,0.0,0.0,18.328207,34.56,61.787815,990.73956,
55.81_37.62,2024-05-07 14:00:00,2.4,-2.6713562,snow,1.0,0.0,21.868332,39.96,93.77871,984.86444,
55.81_37.63,2024-01-30 22:00:00,-2.65,-6.3048306,none,0.0,58.999996,7.0911775,13.32,93.17417,1009.33673,
55.81_37.63,2024-03-04 17:00:00,-0.55,-4.1544447,none,0.0,63.0,6.379216,8.64,77.20523,1006.03186,
55.81_37.64,2023-11-05 23:00:00,8.7,5.1666546,rain,0.1,0.0,20.304129,35.64,94.07744,980.6359,
55.81_37.64,2024-01-01 19:00:00,-16.95,-21.544727,none,0.0,44.0,5.5887027,10.440001,83.368484,996.4162,
55.81_37.64,2024-01-31 01:00:00,-8.85,-13.566063,none,0.0,58.999996,10.464798,12.24,97.29944,1008.9878,
55.81_37.64,2024-02-14 13:00:00,-12.7,-18.833769,none,0.0,64.0,16.923828,29.519999,72.89735,1009.0689,
55.81_37.64,2024-02-19 11:00:00,-6.65,-11.341797,none,0.0,75.0,10.24578,21.24,81.42867,1006.76587,
55.81_37.64,2024-03-26 10:00:00,2.1,-1.0114772,none,0.0,31.0,5.692099,12.959999,79.655396,992.13806,
55.81_37.65,2023-11-16 20:00:00,-0.5,-4.821014,none,0.0,1.0,11.212135,19.8,76.34958,993.996,
55.81_37.65,2024-02-12 09:00:00,-4.7,-9.699722,none,0.0,63.0,14.529915,24.48,91.30664,994.79193,
55.81_37.65,2024-03-06 19:00:00,-7.85,-12.86157,none,0.0,62.0,9.9571085,10.799999,58.62161,1007.98193,
55.81_37.68,2023-11-30 15:00:00,-4.2,-10.136808,none,0.0,23.0,20.570463,36.36,84.318954,984.8645,
55.81_37.7,2023-10-27 16:00:00,-1.2,-6.3252954,snow,0.7,4.0,17.731598,32.399998,87.888176,986.2312,
55.81_37.7,2023-11-16 19:00:00,-0.5,-4.821014,none,0.0,1.0,11.212135,19.8,76.34958,994.8651,
55.81_37.7,2024-04-12 08:00:00,10.0,5.443822,none,0.0,0.0,19.855558,36.719997,60.69345,997.568,
55.81_37.7,2024-05-06 15:00:00,8.35,4.585018,none,0.0,0.0,12.287555,26.64,59.64288,993.7001,
55.81_37.71,2023-11-09 17:00:00,4.9,1.4064307,none,0.0,0.0,13.53236,23.4,90.65517,992.3638,
55.81_37.71,2023-12-07 19:00:00,-12.2,-17.670677,none,0.0,33.0,12.964998,21.599998,80.28294,1020.50006,
55.81_37.71,2024-04-27 22:00:00,7.1,5.098324,none,0.0,0.0,6.489992,12.959999,91.12634,1005.303,
55.81_37.72,2023-11-18 06:00:00,-8.7,-12.723395,none,0.0,1.0,5.1919937,6.8399997,89.24283,1006.96954,
55.81_37.72,2023-11-22 09:00:00,-7.65,-13.606458,none,0.0,3.0,16.92383,33.12,63.66102,998.63525,
55.81_37.72,2024-01-24 09:00:00,-2.25,-7.752111,none,0.0,58.999996,19.969458,32.760002,92.16023,995.98737,
55.81_37.72,2024-04-04 18:00:00,1.8,-3.7286103,none,0.0,0.0,18.792551,35.64,60.437164,993.8838,
55.81_37.73,2023-10-25 17:00:00,-1.8,-5.4713173,none,0.0,0.0,4.2136917,14.759999,64.072334,1001.67834,
55.81_37.73,2024-01-09 08:00:00,-8.8,-14.827013,none,0.0,47.0,18.391737,31.319998,82.75318,1001.09796,
55.81_37.73,2024-02-26 18:00:00,-3.3,-9.384309,none,0.0,67.0,21.046917,33.839996,74.13209,1007.531,
55.81_37.73,2024-04-18 09:00:00,8.1,4.9765615,none,0.0,0.0,12.641076,25.199999,79.12944,988.78217,
55.81_37.74,2023-10-04 15:00:00,14.55,10.616495,rain,0.7,0.0,28.583183,59.76,77.95855,989.48236,
55.81_37.74,2023-11-25 18:00:00,-7.05,-10.764082,none,0.0,10.0,3.9763298,7.5599995,89.037476,980.9455,
55.81_37.75,2023-10-05 21:00:00,10.25,6.467539,none,0.0,0.0,16.323528,29.16,65.64926,993.56714,
55.81_37.75,2023-10-13 00:00:00,8.6,4.58379,none,0.0,0.0,21.868332,39.239998,88.155,984.5095,
55.81_37.75,2023-11-25 07:00:00,-7.4,-12.190988,snow,0.1,10.0,11.183201,21.599998,89.35498,968.6547,
55.81_37.75,2024-03-13 08:00:00,-9.5,-13.92606,none,0.0,56.0,7.145796,10.799999,83.65815,1008.8658,
55.81_37.77,2023-11-13 19:00:00,3.85,-1.3573039,none,0.0,0.0,21.566973,41.399998,78.20128,979.1329,
55.81_37.77,2023-12-20 17:00:00,1.7,-2.8780603,none,0.0,37.0,17.57744,30.239998,93.07092,980.4908,
55.81_37.77,2024-01-13 17:00:00,-23.55,-29.049908,none,0.0,52.999996,10.182337,15.84,73.89806,996.38574,
55.81_37.77,2024-03-26 11:00:00,2.15,-1.0109637,none,0.0,27.000002,6.1305785,13.679999,79.95455,993.0253,
55.81_37.77,2024-04-13 10:00:00,8.7,5.143179,none,0.0,0.0,11.200571,25.199999,59.515957,995.83514,
55.81_37.77,2024-05-06 17:00:00,7.05,2.155723,none,0.0,0.0,18.837324,34.92,60.185986,989.74884,
55.81_37.78,2023-10-29 11:00:00,0.05,-4.676164,none,0.0,10.0,16.179987,30.599998,88.32921,985.69336,
55.81_37.78,2023-11-09 17:00:00,4.9,1.4064307,none,0.0,0.0,13.53236,23.4,90.65517,991.0281,
55.81_37.78,2024-02-28 07:00:00,-7.2,-12.811167,none,0.0,64.0,16.520823,26.28,84.61112,1007.1947,
55.81_37.78,2024-02-29 15:00:00,1.85,-3.1707704,none,0.0,63.0,17.283749,28.8,72.07664,1003.6105,
55.81_37.78,2024-04-11 15:00:00,17.2,12.866966,none,0.0,0.0,19.486609,38.519997,40.49026,999.7763,
55.81_37.78,2024-04-16 00:00:00,4.05,-0.78448415,none,0.0,0.0,20.598795,36.36,85.27292,977.1768,
55.81_37.78,2024-04-22 18:00:00,11.25,5.901248,none,0.0,0.0,25.86494,51.839996,57.65462,994.5361,
55.81_37.78,2024-05-02 15:00:00,11.2,6.500086,none,0.0,0.0,19.0392,37.44,50.346207,998.04315,
55.81_37.79,2024-02-05 20:00:00,-6.95,-11.753031,none,0.0,55.0,11.384198,20.16,87.6696,965.92255,
55.81_37.79,2024-03-11 22:00:00,-1.5,-6.952138,none,0.0,56.0,18.532133,30.239998,78.8119,1002.66254,
55.81_37.79,2024-04-20 16:00:00,11.05,6.502612,none,0.0,0.0,16.199999,33.48,45.133713,999.35284,
55.81_37.79,2024-04-25 11:00:00,16.65,13.45859,none,0.0,0.0,22.782625,42.12,66.57927,987.8423,
55.81_37.8,2023-10-28 19:00:00,-0.2,-5.1175685,snow,0.9,7.0,18.171976,33.12,94.68188,972.4768,
55.81_37.8,2023-10-29 00:00:00,-0.4,-5.174882,snow,0.6,9.0,16.946787,30.239998,94.32734,975.6933,
55.81_37.8,2023-10-30 21:00:00,5.6,1.9821033,none,0.0,8.0,16.171976,27.72,94.590775,984.7722,
55.81_37.8,2023-11-24 18:00:00,-6.8,-10.727573,snow,0.1,8.0,5.3517847,10.440001,86.32813,959.6403,
55.81_37.8,2023-11-26 15:00:00,-4.9,-9.940936,none,0.0,10.0,14.255272,24.48,87.19732,981.01086,
55.81_37.8,2023-12-20 17:00:00,1.7,-2.8780603,none,0.0,37.0,17.57744,30.239998,93.07092,979.2776,
55.81_37.8,2024-01-03 14:00:00,-25.6,-30.805449,none,0.0,41.0,7.8954163,16.919998,74.16204,994.0365,
55.81_37.8,2024-01-11 10:00:00,0.2,-6.181984,snow,0.2,52.999996,27.345785,46.079998,86.09826,969.1773,
55.81_37.8,2024-01-16 14:00:00,-2.9,-8.058445,none,0.0,54.000004,16.171976,28.08,84.47513,970.707,
55.81_37.8,2024-02-02 07:00:00,-1.8,-7.4498386,snow,0.3,52.999996,21.068459,34.2,89.81908,976.1755,
55.81_37.8,2024-02-16 23:00:00,-9.5,-14.674578,none,0.0,71.0,12.594856,19.8,88.11485,1011.9431,
55.81_37.8,2024-03-12 13:00:00,1.0,-3.087202,none,0.0,55.0,10.315115,19.44,72.99141,1004.98175,
55.81_37.8,2024-03-14 17:00:00,2.55,-1.7210488,none,0.0,54.000004,11.966953,19.44,67.561325,1001.8979,
55.81_37.8,2024-04-06 19:00:00,4.55,1.1999216,none,0.0,0.0,9.779817,16.199999,79.158936,996.456,
55.81_37.8,2024-04-07 14:00:00,14.65,11.987999,rain,0.1,0.0,14.934577,30.599998,65.04113,997.44775,
55.81_37.8,2024-04-26 07:00:00,13.1,12.298254,none,0.0,0.0,9.0,15.119999,90.91814,989.2833,
55.81_37.81,2023-11-08 01:00:00,7.1,3.6203957,rain,0.1,0.0,16.700275,32.039997,91.44215,989.16437,
55.81_37.81,2024-02-16 19:00:00,-9.0,-13.958168,none,0.0,71.0,11.212135,20.16,86.08776,1012.7999,
55.81_37.82,2024-04-12 07:00:00,8.45,3.8295612,none,0.0,0.0,18.899143,34.56,62.068962,996.2106,
55.81_37.82,2024-05-05 15:00:00,10.6,3.8302994,none,0.0,0.0,30.154163,58.679996,42.285496,985.07556,
55.81_37.83,2023-10-18 18:00:00,4.45,1.6700726,rain,0.4,0.0,7.2359104,12.959999,86.54002,987.99036,
55.81_37.83,2023-11-16 16:00:00,-0.15,-4.6083126,none,0.0,1.0,12.605142,25.919998,77.560745,991.29065,
55.81_37.83,2024-01-05 19:00:00,-23.35,-28.408068,none,0.0,41.0,7.2359104,12.24,76.341965,992.7598,
55.81_37.83,2024-02-14 13:00:00,-12.55,-18.490095,none,0.0,60.000004,15.496736,29.88,70.23628,1008.88184,
55.81_37.83,2024-02-22 07:00:00,-5.2,-10.566023,none,0.0,69.0,16.45007,29.519999,88.85689,1000.3247,
55.81_37.83,2024-03-13 09:00:00,-4.05,-7.960265,none,0.0,55.0,5.692099,14.4,74.27893,1007.5259,
55.81_37.83,2024-03-27 16:00:00,4.2,0.6520686,none,0.0,23.0,6.792466,15.4800005,59.03034,995.4249,
55.81_37.84,2023-10-01 03:00:00,13.95,11.614815,none,0.0,0.0,15.349684,28.44,75.051384,991.7729,
55.81_37.84,2023-10-04 16:00:00,14.45,10.827491,rain,0.7,0.0,26.758923,60.120003,79.24985,987.17426,
55.81_37.84,2023-11-09 20:00:00,4.9,0.97471714,none,0.0,0.0,15.463244,28.08,85.66975,990.922,
55.81_37.84,2023-11-15 07:00:00,-0.75,-4.0885296,none,0.0,0.0,7.145796,9.0,97.11875,982.2049,
55.81_37.84,2023-11-26 23:00:00,-5.15,-11.0390625,snow,0.2,11.0,19.969458,38.519997,87.84432,979.3333,
55.81_37.84,2024-04-27 13:00:00,12.45,10.072208,rain,9.1,0.0,19.592731,41.399998,94.24523,994.5549,
55.82_37.39,2024-03-08 02:00:00,-8.5,-13.704784,none,0.0,56.0,13.32,21.96,88.2101,1001.7809,
55.82_37.4,2023-11-26 13:00:00,-5.7,-10.697823,none,0.0,10.0,13.527572,25.56,88.13054,984.8825,
55.82_37.4,2024-03-20 15:00:00,1.0,-2.1780348,none,0.0,41.0,5.0528407,11.879999,79.19787,1007.9537,
55.82_37.43,2023-11-23 07:00:00,-8.0,-13.744647,none,0.0,3.0,15.141414,28.44,61.28218,994.68585,
55.82_37.43,2024-03-11 08:00:00,-7.55,-13.019186,none,0.0,55.0,15.188415,26.64,82.59375,1009.9608,
55.82_37.44,2024-01-30 10:00:00,0.45,-4.646599,none,0.0,55.0,18.532133,24.119999,84.55548,1011.09576,
55.82_37.45,2024-01-25 20:00:00,-2.45,-7.1250277,snow,0.4,61.0,14.255272,20.880001,93.18514,985.8209,
55.82_37.46,2023-12-14 10:00:00,-11.3,-18.011759,snow,0.1,43.0,21.9718,29.519999,82.74846,1004.747,
55.82_37.46,2024-02-07 15:00:00,-6.5,-13.385346,snow,1.4,58.999996,25.96496,35.28,88.05487,965.7443,
55.82_37.46,2024-02-28 13:00:00,0.25,-4.888529,none,0.0,67.0,16.981165,24.119999,73.396545,1009.1648,
55.82_37.49,2023-11-06 04:00:00,8.6,5.7334204,rain,0.3,0.0,15.990646,26.64,95.687325,976.5028,
55.82_37.49,2023-11-30 13:00:00,-3.65,-9.403477,snow,0.1,24.0,19.523155,30.960001,82.791885,983.74896,
55.82_37.49,2024-01-26 12:00:00,-3.95,-7.951364,snow,0.2,62.0,8.311245,12.959999,92.052666,990.1081,
55.82_37.49,2024-02-26 17:00:00,-2.2,-8.245762,none,0.0,69.0,21.2522,30.239998,72.09713,1005.028,
55.82_37.49,2024-04-12 23:00:00,7.95,4.3803196,none,0.0,0.0,15.629971,37.079998,79.66165,993.4033,
55.82_37.5,2023-10-02 17:00:00,13.45,11.143936,none,0.0,0.0,9.504273,23.039999,62.159782,995.2627,
55.82_37.5,2023-11-04 14:00:00,4.9,-0.22175694,none,0.0,0.0,23.233252,38.88,83.566055,993.46967,
55.82_37.5,2023-11-08 23:00:00,2.2,-0.64727926,none,0.0,0.0,6.792466,11.159999,96.14997,988.5954,
55.82_37.5,2023-11-23 23:00:00,-6.6,-12.567634,snow,0.4,4.0,18.448023,33.12,74.97496,965.3831,
55.82_37.5,2023-12-24 18:00:00,-7.9,-12.3642845,none,0.0,40.0,9.422101,11.159999,98.84389,969.59015,
55.82_37.5,2023-12-28 17:00:00,-3.55,-8.908435,none,0.0,41.0,17.208603,23.759998,85.69071,992.93506,
55.82_37.5,2024-02-29 13:00:00,0.95,-3.7585285,none,0.0,67.0,15.141414,20.16,76.88046,1002.9396,
55.82_37.5,2024-03-04 16:00:00,-0.85,-4.2842035,none,0.0,62.0,5.6233797,9.0,81.92215,1004.2517,
55.82_37.51,2024-02-23 06:00:00,-2.4,-7.866777,snow,0.1,72.0,19.64228,27.0,92.49536,998.0763,
55.82_37.51,2024-04-28 18:00:00,13.1,10.671066,none,0.0,0.0,7.386582,13.32,55.34959,1005.6303,
55.82_37.52,2023-09-28 16:00:00,20.7,18.020872,none,0.0,0.0,18.079027,32.399998,49.649437,1005.44366,
55.82_37.52,2023-10-04 10:00:00,14.6,10.501146,none,0.0,0.0,25.40743,45.719997,66.8181,986.367,
55.82_37.52,2023-10-16 07:00:00,6.45,3.694646,rain,0.2,0.0,9.693296,15.4800005,86.74086,983.08545,
55.82_37.52,2023-11-03 19:00:00,-0.25,-3.548835,none,0.0,0.0,6.297428,11.5199995,89.61207,997.66595,
55.82_37.52,2024-01-01 16:00:00,-17.3,-22.778404,none,0.0,44.0,11.4862,13.32,81.55338,995.2701,
55.82_37.52,2024-03-26 18:00:00,3.15,-0.7370372,none,0.0,29.0,9.826088,13.32,67.44222,990.89417,
55.82_37.52,2024-04-10 10:00:00,15.3,14.790224,none,0.0,0.0,8.311245,19.8,82.02891,999.19867,
55.82_37.52,2024-04-28 12:00:00,14.05,11.820524,none,0.0,0.0,4.73506,14.04,48.673,1008.15515,
55.82_37.57,2023-10-20 07:00:00,3.15,1.1732883,none,0.0,0.0,2.0991426,4.68,96.86402,989.96295,
55.82_37.58,2023-10-04 20:00:00,12.2,8.392179,none,0.0,0.0,23.683512,42.12,78.92185,989.5546,
55.82_37.58,2023-12-30 20:00:00,0.95,-3.0862288,rain,0.1,43.0,13.104198,24.84,93.3677,980.6641,
55.82_37.58,2024-03-20 09:00:00,-4.2,-7.96396,none,0.0,47.0,6.989936,14.759999,96.67115,1005.614,
55.82_37.58,2024-04-12 15:00:00,14.5,8.89962,none,0.0,0.0,30.05515,50.76,52.88575,992.6532,
55.82_37.59,2023-10-10 16:00:00,3.65,-2.0055666,rain,0.1,0.0,22.183128,38.16,66.318184,993.2307,
55.82_37.59,2023-11-28 19:00:00,-6.3,-12.2736,none,0.0,21.0,19.353138,29.519999,82.76114,987.1963,
55.82_37.59,2024-04-27 16:00:00,11.6,7.817028,none,0.0,0.0,20.188908,36.36,71.888306,999.2936,
55.82_37.6,2024-04-11 16:00:00,16.7,12.3828125,none,0.0,0.0,17.654686,34.2,37.985306,999.13715,
55.82_37.62,2023-10-05 14:00:00,14.05,9.910422,none,0.0,0.0,21.841648,44.639996,59.16882,992.289,
55.82_37.62,2023-10-20 01:00:00,4.1,2.0557332,rain,0.1,0.0,3.396233,5.3999996,94.8608,989.6371,
55.82_37.62,2023-10-23 17:00:00,4.65,1.5223184,rain,0.2,0.0,11.966953,20.16,96.90134,980.1134,
55.82_37.62,2023-11-14 19:00:00,2.35,-2.487226,rain,0.2,0.0,20.08916,37.079998,93.10637,982.98285,
55.82_37.62,2024-03-06 15:00:00,-2.15,-6.143635,none,0.0,62.0,4.3349743,11.879999,48.963882,1008.15735,
55.82_37.62,2024-05-02 16:00:00,10.15,5.2765884,none,0.0,0.0,18.079027,35.64,46.71444,998.10223,
55.82_37.63,2023-10-06 10:00:00,11.2,7.6268225,rain,0.3,0.0,19.483284,37.8,76.129105,981.3682,
55.82_37.63,2023-11-05 15:00:00,10.75,6.1441736,none,0.0,0.0,25.671307,47.519997,75.53408,981.61273,
55.82_37.63,2023-12-22 17:00:00,-1.45,-7.6985235,none,0.0,41.0,25.741888,43.56,91.86918,970.3197,
55.82_37.63,2024-01-24 16:00:00,-0.5,-6.506774,snow,0.1,62.0,24.912935,42.12,91.5929,989.79517,
55.82_37.63,2024-03-30 17:00:00,5.5,2.1647978,none,0.0,17.0,10.799999,16.199999,79.30117,991.7667,
55.82_37.64,2023-11-09 20:00:00,5.05,1.4323616,none,0.0,0.0,13.797912,23.759998,86.907616,993.33746,
55.82_37.64,2023-11-14 17:00:00,2.45,-2.6583319,rain,0.2,0.0,22.180206,40.32,93.781166,983.56885,
55.82_37.64,2024-04-11 20:00:00,11.45,7.5225973,none,0.0,0.0,13.627795,22.68,49.16545,1001.698,
55.82_37.64,2024-04-19 13:00:00,14.9,9.0765295,none,0.0,0.0,35.33506,66.24,58.3677,975.4731,
55.82_37.64,2024-04-26 09:00:00,16.4,15.6252,none,0.0,0.0,11.720751,24.119999,80.050026,990.99835,
55.82_37.64,2024-05-02 00:00:00,6.4,3.1275682,none,0.0,0.0,10.009036,20.16,72.94271,1003.2961,
55.82_37.65,2024-01-22 19:00:00,-8.9,-16.161953,none,0.0,62.0,27.345785,45.719997,89.93379,1009.36945,
55.82_37.65,2024-01-24 16:00:00,-0.85,-6.686566,snow,0.1,62.0,23.510508,39.6,92.24721,991.8445,
55.82_37.65,2024-05-08 16:00:00,4.5,-1.8818543,snow,0.2,0.0,24.57511,48.239998,44.20996,996.42065,
55.82_37.66,2023-10-19 18:00:00,4.75,2.9866705,rain,0.1,0.0,1.8,3.96,92.255875,990.8572,
55.82_37.66,2023-11-07 18:00:00,7.65,4.189396,none,0.0,0.0,16.343367,31.319998,87.160645,988.9728,
55.82_37.66,2024-01-18 22:00:00,-6.35,-13.482443,snow,1.4,58.999996,27.783045,50.039997,88.41115,978.5573,
55.82_37.66,2024-04-07 10:00:00,8.15,5.5364876,none,0.0,0.0,9.793059,20.519999,81.37273,1001.29736,
55.82_37.66,2024-05-06 12:00:00,7.15,4.016657,none,0.0,0.0,7.7879906,18.72,64.02686,993.7041,
55.82_37.67,2024-02-02 10:00:00,-0.95,-6.5765533,snow,0.1,54.000004,21.38897,37.079998,87.91169,979.2971,
55.82_37.71,2024-01-04 14:00:00,-25.05,-30.029915,none,0.0,42.0,6.439876,14.759999,75.31615,991.978,
55.82_37.71,2024-04-12 19:00:00,10.3,6.723199,rain,0.8,0.0,18.775303,42.839996,78.36954,995.06525,
55.82_37.71,2024-04-15 09:00:00,7.85,2.5941849,rain,0.1,0.0,24.216522,46.079998,68.44647,979.804,
55.82_37.72,2023-12-28 14:00:00,-3.55,-9.11665,none,0.0,39.0,18.709612,33.48,86.344,994.45197,
55.82_37.72,2024-03-19 09:00:00,0.25,-3.8844986,none,0.0,45.0,13.1041975,24.119999,93.67163,1006.3596,
55.82_37.73,2023-10-01 23:00:00,10.2,7.950884,none,0.0,0.0,10.239453,16.919998,80.81129,994.7559,
55.82_37.73,2024-03-14 18:00:00,-0.55,-5.334566,none,0.0,55.0,14.512064,22.68,77.495224,1003.7428,
55.82_37.74,2024-02-29 22:00:00,-1.5,-5.590712,snow,0.2,64.0,10.636766,17.28,89.84309,1005.57184,
55.82_37.75,2023-11-29 09:00:00,-11.95,-17.405682,none,0.0,20.0,13.441071,21.96,88.59405,994.4164,
55.82_37.75,2024-03-12 09:00:00,-2.6,-7.143542,none,0.0,56.0,12.261157,23.039999,85.15106,1005.1104,
55.82_37.76,2023-11-06 23:00:00,7.9,4.092206,none,0.0,0.0,19.95972,35.64,90.55532,979.0376,
55.82_37.79,2024-03-28 10:00:00,1.7,-1.7621799,none,0.0,22.0,7.754637,12.959999,79.88831,998.8832,
55.82_37.8,2023-10-09 06:00:00,2.45,-3.1729567,rain,0.1,0.0,25.305208,45.0,91.45684,973.9502,
55.82_37.8,2023-11-25 11:00:00,-6.6,-11.035072,snow,0.1,10.0,8.891344,18.0,85.6796,971.838,
55.82_37.8,2023-12-05 21:00:00,-13.8,-18.429256,none,0.0,33.0,6.9527545,10.799999,86.610855,1005.0706,
55.82_37.8,2024-01-09 18:00:00,-8.3,-14.092504,snow,0.4,47.0,17.377226,30.599998,87.19152,994.771,
55.82_37.8,2024-02-09 19:00:00,-11.8,-17.472569,none,0.0,58.0,14.003029,25.199999,71.876205,987.0306,
55.82_37.8,2024-04-02 15:00:00,21.5,19.514671,none,0.0,1.0,14.20062,27.0,48.71415,983.042,
55.82_37.8,2024-04-20 16:00:00,11.1,6.4888897,rain,0.1,0.0,16.179987,32.760002,43.532623,1000.4225,
55.82_37.8,2024-05-02 19:00:00,8.55,4.1855135,none,0.0,0.0,13.708391,29.16,48.702507,997.764,
55.82_37.81,2024-04-19 15:00:00,13.8,7.4535046,rain,0.1,0.0,34.38895,65.159996,53.254723,974.6721,
55.82_37.82,2024-04-15 15:00:00,7.35,2.4484673,snow,1.0,0.0,21.603,47.16,70.06849,977.32513,
55.82_37.83,2023-11-03 14:00:00,4.95,2.1962347,none,0.0,0.0,4.5820518,15.84,71.62741,998.7122,
55.82_37.83,2023-12-23 08:00:00,1.3,-3.2883923,rain,0.1,37.0,17.373497,34.56,94.06352,963.97974,
55.82_37.83,2024-02-16 15:00:00,-8.25,-12.881682,none,0.0,71.0,9.0,18.0,81.5222,1013.9033,
55.82_37.83,2024-03-20 08:00:00,-6.95,-10.799842,none,0.0,42.0,5.5887027,11.879999,96.22247,1005.4512,
55.82_37.83,2024-04-01 18:00:00,16.0,12.541103,none,0.0,3.0,18.861387,33.12,56.09619,988.1326,
55.82_37.84,2023-10-01 09:00:00,13.45,11.524877,rain,1.9,0.0,16.595179,41.039997,88.57384,991.62115,
55.82_37.84,2024-01-07 19:00:00,-24.7,-30.211239,none,0.0,46.0,10.137692,20.519999,75.73429,1007.65094,
55.82_37.87,2023-10-06 12:00:00,10.95,8.24622,rain,1.9,0.0,14.021525,33.12,79.00569,980.2932,
55.82_37.87,2024-05-07 11:00:00,2.7,-1.9697733,snow,0.6,0.0,17.610588,33.839996,83.29524,984.6912,
55.83_37.35,2024-05-04 13:00:00,12.65,8.569091,none,0.0,0.0,15.580141,30.960001,37.203102,993.0336,
55.83_37.36,2024-04-11 06:00:00,13.25,10.345949,none,0.0,0.0,18.03237,30.960001,75.185844,995.5625,
55.83_37.37,2024-02-08 03:00:00,-12.5,-19.543789,none,0.0,58.0,23.73271,42.12,81.90735,971.89636,
55.83_37.37,2024-02-16 06:00:00,-9.9,-15.106937,none,0.0,69.0,12.475961,21.599998,85.98764,1011.71265,
55.83_37.38,2023-11-25 12:00:00,-5.9,-10.369826,none,0.0,10.0,9.220499,20.16,82.17239,977.4932,
55.83_37.38,2024-01-25 08:00:00,-0.8,-6.49879,snow,0.2,56.0,22.380884,38.88,90.56516,983.62585,
55.83_37.39,2024-01-04 09:00:00,-27.9,-33.469982,none,0.0,40.0,10.233123,21.599998,80.64129,993.8275,
55.83_37.39,2024-01-31 07:00:00,-7.45,-11.75215,none,0.0,54.000004,8.311245,12.599999,95.46361,1011.3395,
55.83_37.39,2024-02-13 04:00:00,-4.4,-9.807127,none,0.0,60.000004,17.57744,29.519999,91.67511,998.7282,
55.83_37.39,2024-04-22 07:00:00,14.65,11.960148,none,0.0,0.0,20.674156,40.68,79.01614,992.76483,
55.83_37.4,2023-10-01 20:00:00,11.25,8.875992,none,0.0,0.0,11.013882,18.72,75.10195,994.6825,
55.83_37.4,2024-01-09 16:00:00,-8.35,-13.959917,snow,0.1,46.0,15.9134655,27.359999,84.80686,998.3283,
55.83_37.4,2024-02-20 09:00:00,-9.35,-14.373573,none,0.0,69.0,11.609651,19.8,87.779434,1009.04736,
55.83_37.4,2024-04-17 14:00:00,11.95,8.685234,none,0.0,0.0,9.779817,24.48,49.659157,980.7623,
55.83_37.41,2023-12-16 09:00:00,-8.05,-13.392385,none,0.0,52.0,14.264361,25.919998,85.178314,1001.15076,
55.83_37.41,2024-01-04 15:00:00,-24.15,-29.40422,none,0.0,40.0,8.534353,15.4800005,79.764534,992.7819,
55.83_37.41,2024-04-03 21:00:00,4.8,-1.0706251,none,0.0,0.0,26.28,50.76,73.9668,979.13385,
55.83_37.42,2024-04-19 08:00:00,6.95,2.8689594,none,0.0,0.0,21.67487,37.8,95.96135,976.33734,
55.83_37.43,2024-02-03 08:00:00,-11.0,-16.903168,none,0.0,52.0,17.015474,25.199999,90.12186,981.10815,
55.83_37.43,2024-04-22 18:00:00,11.1,5.888981,none,0.0,0.0,25.050413,50.039997,58.643375,996.7358,
55.83_37.45,2023-11-03 09:00:00,-0.15,-3.6126218,none,0.0,0.0,7.754637,13.32,91.280754,996.6952,
55.83_37.45,2023-11-30 13:00:00,-3.0,-8.726492,snow,0.1,24.0,19.917469,32.399998,83.82548,985.19464,
55.83_37.45,2023-12-13 16:00:00,-12.25,-19.095528,snow,0.1,43.0,22.392464,32.399998,80.60635,1003.1721,
55.83_37.45,2024-01-13 14:00:00,-24.4,-30.088242,none,0.0,52.0,11.304229,12.959999,71.37248,995.5077,
55.83_37.45,2024-02-02 13:00:00,-1.55,-7.985797,none,0.0,52.0,24.490585,37.8,73.05465,978.71686,
55.83_37.45,2024-04-19 08:00:00,6.95,2.8689594,none,0.0,0.0,21.67487,37.8,95.96135,974.20355,
55.83_37.45,2024-04-21 14:00:00,15.2,9.587889,rain,1.3,0.0,32.809414,60.839996,57.056282,998.56573,
55.83_37.49,2023-10-18 09:00:00,3.15,-1.5388808,none,0.0,0.0,19.130875,31.68,88.287926,986.366,
55.83_37.49,2023-11-07 23:00:00,5.65,2.10433,none,0.0,0.0,15.463244,25.56,93.282196,987.57697,
55.83_37.49,2023-12-05 16:00:00,-14.15,-19.277395,none,0.0,34.0,10.495713,12.24,91.73685,1001.40576,
55.83_37.49,2023-12-21 16:00:00,0.25,-4.3825655,none,0.0,41.0,16.418526,22.319998,92.99089,974.9119,
55.83_37.49,2024-01-22 19:00:00,-10.4,-17.600727,none,0.0,61.0,25.959969,34.92,86.625435,1006.77997,
55.83_37.49,2024-04-03 15:00:00,11.65,3.7598448,rain,0.2,1.0,43.22699,68.76,55.951283,971.24835,
55.83_37.5,2023-10-22 22:00:00,2.75,-0.99751115,rain,0.1,0.0,13.202726,21.96,93.79588,993.2878,
55.83_37.5,2023-12-13 15:00:00,-11.95,-18.757954,none,0.0,43.0,22.406927,30.960001,83.33898,1000.258,
55.83_37.51,2024-01-15 10:00:00,-3.2,-9.556313,snow,0.1,57.0,24.57511,33.48,88.02956,972.02954,
55.83_37.52,2023-11-03 20:00:00,-0.65,-3.979917,none,0.0,0.0,6.3690495,10.08,91.246284,998.1073,
55.83_37.52,2023-11-07 17:00:00,7.35,4.067216,none,0.0,0.0,14.973576,28.44,88.34915,986.0565,
55.83_37.52,2024-01-18 13:00:00,-11.25,-19.926685,snow,0.1,56.0,35.04596,47.16,75.9485,988.666,
55.83_37.53,2023-12-29 21:00:00,1.2,-2.7243488,none,0.0,42.0,12.496718,20.16,92.70719,980.6114,
55.83_37.57,2023-10-19 21:00:00,4.3,2.4186707,none,0.0,0.0,2.7416782,5.3999996,95.876076,987.5808,
55.83_37.57,2024-01-11 16:00:00,-9.35,-17.126099,none,0.0,57.0,29.462873,43.199997,73.561775,974.56696,
55.83_37.57,2024-03-17 16:00:00,3.4,-0.4941814,none,0.0,52.999996,11.159999,15.4800005,73.17429,995.7361,
55.83_37.57,2024-03-21 20:00:00,-2.9,-7.8719764,none,0.0,43.0,13.684735,16.919998,74.206604,1001.7008,
55.83_37.58,2023-12-07 09:00:00,-11.85,-17.256527,none,0.0,34.0,13.1041975,19.44,87.886566,1017.1996,
55.83_37.58,2023-12-29 17:00:00,1.65,-3.6452491,none,0.0,43.0,21.897945,32.039997,89.76471,982.0835,
55.83_37.58,2024-04-30 20:00:00,15.25,12.989422,none,0.0,0.0,10.8955765,21.24,59.461887,1005.37286,
55.83_37.59,2023-10-19 20:00:00,3.9,1.5806336,none,0.0,0.0,4.829907,6.4799995,93.851814,988.32513,
55.83_37.59,2023-11-11 18:00:00,3.6,-0.111899376,none,0.0,0.0,13.32,21.599998,90.23896,995.0161,
55.83_37.64,2023-10-10 18:00:00,3.15,-1.782645,none,0.0,0.0,16.548256,30.599998,64.99035,996.97076,
55.83_37.64,2024-01-19 10:00:00,-6.7,-11.253536,none,0.0,65.0,9.793059,17.28,87.35353,981.68396,
55.83_37.64,2024-04-09 23:00:00,12.4,10.47312,none,0.0,0.0,10.966713,18.72,78.41985,996.17615,
55.83_37.65,2023-09-28 16:00:00,20.7,17.964819,none,0.0,0.0,18.079027,33.839996,48.98799,1007.211,
55.83_37.65,2023-09-29 14:00:00,21.15,20.619108,none,0.0,0.0,10.383987,22.319998,60.07503,1004.99554,
55.83_37.65,2023-11-18 09:00:00,-6.5,-10.04606,none,0.0,1.0,2.3051248,9.36,79.55656,1008.4925,
55.83_37.65,2023-12-11 20:00:00,-7.5,-14.415011,snow,0.3,40.0,25.376808,43.199997,85.577835,1003.31836,
55.83_37.65,2023-12-30 20:00:00,0.3,-3.3517466,snow,0.3,40.0,10.308831,24.119999,96.79127,983.1073,
55.83_37.65,2024-01-19 10:00:00,-6.75,-11.3766,none,0.0,65.0,10.086427,16.919998,85.32905,982.34,
55.83_37.65,2024-03-10 14:00:00,-4.3,-9.601957,none,0.0,57.0,13.5515,25.56,59.803913,1003.44916,
55.83_37.66,2024-02-16 13:00:00,-8.65,-13.614584,snow,0.3,72.0,11.384198,22.68,85.44626,1014.7192,
55.83_37.66,2024-03-14 21:00:00,-2.15,-7.323183,none,0.0,55.0,16.73516,27.0,83.61485,1004.965,
55.83_37.66,2024-03-21 19:00:00,-0.4,-4.7304296,none,0.0,39.0,9.255571,12.959999,61.51148,1003.99304,
55.83_37.66,2024-04-30 16:00:00,20.7,16.434088,none,0.0,0.0,21.629978,44.28,37.03544,1009.02216,
55.83_37.7,2024-01-15 19:00:00,-2.5,-8.610242,snow,0.1,55.0,23.762726,39.6,90.77672,974.9241,
55.83_37.7,2024-03-25 11:00:00,2.55,-1.1889343,none,0.0,29.0,10.446206,25.919998,79.72219,987.7773,
55.83_37.71,2024-01-09 11:00:00,-8.6,-14.193633,none,0.0,47.0,15.273505,26.28,79.544945,1001.578,
55.83_37.81,2024-03-20 08:00:00,-6.95,-10.799842,none,0.0,42.0,5.5887027,11.879999,96.22247,1005.3224,
55.83_37.83,2023-10-10 02:00:00,2.5,-2.0748022,none,0.0,0.0,16.279802,30.239998,80.59081,986.8969,
55.83_37.83,2023-11-18 23:00:00,-8.5,-12.775596,none,0.0,1.0,6.6087217,11.159999,83.785866,1005.9802,
55.84_37.35,2023-10-04 14:00:00,14.9,10.974545,rain,1.0,0.0,28.019936,63.72,74.96115,985.3334,
55.84_37.35,2023-10-05 19:00:00,10.5,7.286848,none,0.0,0.0,13.044722,21.24,66.62988,991.4739,
55.84_37.35,2023-12-03 21:00:00,-6.45,-11.676214,snow,0.4,33.0,14.618837,28.8,88.05961,980.7859,
55.84_37.35,2024-03-15 14:00:00,3.75,-0.8470876,none,0.0,52.999996,16.485485,27.359999,74.04421,998.9926,
55.84_37.35,2024-05-07 19:00:00,2.0,-2.34585,rain,0.2,0.0,15.281989,30.960001,86.91594,988.4087,
55.84_37.36,2023-10-15 17:00:00,9.95,6.7902517,none,0.0,0.0,15.124284,27.72,77.5109,982.6526,
55.84_37.36,2024-02-20 16:00:00,-7.15,-12.449045,none,0.0,69.0,14.494192,26.64,85.617546,1006.3643,
55.84_37.36,2024-03-02 13:00:00,-2.65,-6.265299,none,0.0,60.000004,7.5942073,16.919998,99.62998,1009.4274,
55.84_37.36,2024-04-08 00:00:00,5.4,2.3326883,none,0.0,0.0,11.212135,18.359999,90.37325,997.1602,
55.84_37.36,2024-04-09 12:00:00,18.15,16.481537,none,0.0,0.0,13.0447235,27.0,61.989964,997.2691,
55.84_37.36,2024-04-12 05:00:00,8.3,3.513483,none,0.0,0.0,18.204042,31.68,55.673992,995.6902,
55.84_37.37,2023-12-03 21:00:00,-6.4,-11.360014,snow,0.6,33.0,12.979984,28.08,89.78702,981.7481,
55.84_37.37,2024-03-04 00:00:00,-6.25,-10.531977,none,0.0,58.0,7.6367526,14.04,81.167694,1008.24146,
55.84_37.37,2024-04-21 18:00:00,14.35,9.542001,none,0.0,0.0,24.84,46.079998,53.96116,992.31085,
55.84_37.38,2023-11-09 13:00:00,6.5,3.8643742,none,0.0,0.0,8.942214,18.72,86.74581,987.98596,
55.84_37.38,2023-12-22 11:00:00,-1.25,-7.254558,none,0.0,38.0,23.587555,42.12,86.90827,971.4394,
55.84_37.38,2023-12-26 18:00:00,-2.6,-8.5603075,none,0.0,39.0,21.746504,40.32,83.243225,975.4056,
55.84_37.38,2024-01-07 13:00:00,-23.75,-28.901836,none,0.0,46.0,7.7879906,15.4800005,74.881,1005.2515,
55.84_37.38,2024-02-18 17:00:00,-2.1,-8.318926,none,0.0,71.0,21.9718,38.16,67.82013,999.0047,
55.84_37.38,2024-04-09 11:00:00,15.65,14.970739,none,0.0,0.0,6.989936,18.0,74.344574,998.51605,
55.84_37.39,2023-11-08 08:00:00,5.15,1.6142335,none,0.0,0.0,14.973577,25.919998,94.571655,989.718,
55.84_37.39,2024-01-05 23:00:00,-21.5,-26.59695,none,0.0,40.0,8.089993,16.199999,87.26391,991.75977,
55.84_37.39,2024-01-19 02:00:00,0.05,-3.6972246,snow,0.6,60.000004,10.703569,20.16,96.78476,975.9174,
55.84_37.39,2024-03-15 21:00:00,-0.2,-4.991772,none,0.0,52.0,16.676977,31.68,90.27736,1000.3046,
55.84_37.39,2024-04-25 19:00:00,16.05,15.304592,none,0.0,0.0,6.924738,18.72,71.27526,988.7632,
55.84_37.4,2023-11-01 23:00:00,11.45,9.079752,none,0.0,0.0,14.372974,26.64,84.62073,985.26984,
55.84_37.4,2023-12-15 04:00:00,-8.65,-15.5301,snow,0.6,50.0,24.675106,41.760002,87.501175,993.36005,
55.84_37.4,2024-02-17 23:00:00,-1.15,-7.5210266,none,0.0,68.0,26.807312,45.36,91.54953,997.7407,
55.84_37.4,2024-02-21 18:00:00,-5.4,-11.07036,none,0.0,68.0,18.043148,30.239998,85.15392,1004.9877,
55.84_37.4,2024-04-17 10:00:00,9.2,6.0584383,none,0.0,0.0,14.689589,30.239998,80.39569,977.87885,
55.84_37.41,2023-11-12 18:00:00,5.15,0.32940817,none,0.0,0.0,23.993399,42.839996,95.569145,977.57367,
55.84_37.41,2024-03-30 22:00:00,5.25,0.91374254,rain,0.2,12.0,18.03237,29.88,82.42984,993.0038,
55.84_37.42,2023-11-20 00:00:00,-6.55,-11.022518,none,0.0,1.0,7.42159,13.679999,66.01807,1003.91125,
55.84_37.42,2024-04-19 17:00:00,9.65,3.0409884,rain,0.3,0.0,35.09769,64.799995,66.21223,976.7702,
55.84_37.43,2023-12-31 13:00:00,0.1,-4.4847994,none,0.0,40.0,15.546833,25.56,90.30021,980.741,
55.84_37.43,2024-05-05 01:00:00,8.35,5.0780487,rain,0.6,0.0,15.893093,25.56,86.3305,987.38916,
55.84_37.44,2023-09-28 17:00:00,19.65,17.623209,none,0.0,0.0,14.689588,30.960001,54.964108,1004.16486,
55.84_37.44,2023-09-29 12:00:00,19.15,18.967243,none,0.0,0.0,7.653705,18.0,67.32127,1003.9077,
55.84_37.45,2023-09-28 23:00:00,13.35,11.692714,none,0.0,0.0,11.183201,19.8,79.355774,1003.1119,
55.84_37.45,2023-10-31 17:00:00,6.15,3.7458396,none,0.0,2.0,7.9932966,11.5199995,91.6985,992.5977,
55.84_37.45,2023-11-13 08:00:00,3.45,-0.797523,none,0.0,0.0,17.114204,28.44,91.84961,969.7645,
55.84_37.45,2023-11-19 16:00:00,-6.4,-10.542089,none,0.0,1.0,5.495161,11.159999,69.01876,1000.9534,
55.84_37.45,2023-12-06 12:00:00,-16.5,-20.353601,none,0.0,33.0,0.71999997,5.3999996,85.58277,1009.1541,
55.84_37.45,2023-12-30 12:00:00,1.8,-3.0163758,none,0.0,44.0,18.775301,28.44,89.77663,980.1196,
55.84_37.45,2024-03-06 08:00:00,-13.75,-19.108276,none,0.0,62.0,11.792404,14.759999,83.09875,1006.28534,
55.84_37.45,2024-03-20 10:00:00,-4.15,-7.885148,none,0.0,42.0,6.792466,14.4,96.30896,1004.95294,
55.84_37.46,2023-10-26 18:00:00,-1.5,-7.6402836,none,0.0,1.0,21.175835,35.64,62.917522,993.50214,
55.84_37.46,2023-11-18 01:00:00,-7.25,-11.174475,none,0.0,1.0,5.2416787,9.36,88.3276,1003.2616,
55.84_37.46,2024-02-21 17:00:00,-4.75,-10.353177,none,0.0,72.0,17.551615,24.84,80.7558,1001.2843,
55.84_37.48,2023-11-04 06:00:00,-1.8,-6.472124,none,0.0,0.0,15.021105,25.199999,94.96388,994.938,
55.84_37.48,2024-01-17 10:00:00,-12.75,-19.590004,snow,0.1,57.0,21.9718,30.599998,76.942635,979.397,
55.84_37.48,2024-02-05 16:00:00,-4.85,-9.187702,none,0.0,58.0,8.905908,10.799999,81.682365,962.33826,
55.84_37.48,2024-04-24 08:00:00,5.0,2.4699082,none,0.0,0.0,3.319036,11.879999,72.68026,1001.78046,
55.84_37.49,2023-10-05 21:00:00,10.4,6.674242,none,0.0,0.0,16.489416,27.0,66.841545,989.9757,
55.84_37.49,2023-10-06 21:00:00,4.9,-1.6417022,rain,0.3,0.0,31.89608,55.079998,78.365105,987.42395,
55.84_37.49,2023-10-19 18:00:00,4.75,2.792036,rain,0.1,0.0,2.5455842,5.04,89.373146,987.8276,
55.84_37.49,2023-10-25 11:00:00,0.3,-3.5298495,none,0.0,1.0,5.495161,15.4800005,56.258022,997.7198,
55.84_37.49,2023-11-04 21:00:00,6.05,1.9447966,rain,0.1,0.0,20.240198,33.48,94.938995,989.33826,
55.84_37.49,2023-11-18 11:00:00,-5.0,-8.274232,none,0.0,1.0,0.35999998,9.72,70.14535,1005.8449,
55.84_37.49,2024-01-25 10:00:00,-0.85,-6.674327,snow,0.1,60.000004,23.241617,32.039997,90.89639,981.16705,
55.84_37.49,2024-03-27 08:00:00,0.8,-3.0002007,none,0.0,29.0,9.227524,16.56,79.75491,995.3225,
55.84_37.49,2024-04-29 09:00:00,12.9,10.733506,none,0.0,0.0,7.24486,17.28,60.755337,1010.71936,
55.84_37.5,2023-10-08 10:00:00,5.3,-2.7273588,snow,0.5,0.0,40.32,69.479996,67.90693,962.14197,
55.84_37.5,2023-10-17 21:00:00,3.45,-2.1476927,rain,0.2,0.0,24.850431,43.56,83.6889,984.71344,
55.84_37.5,2023-11-10 09:00:00,5.5,2.170751,none,0.0,0.0,12.605142,23.039999,87.87541,995.69916,
55.84_37.5,2024-04-22 12:00:00,16.35,12.311764,none,0.0,0.0,28.1169,50.399998,58.72476,989.07764,
55.84_37.52,2023-11-16 23:00:00,-1.55,-6.358403,none,0.0,1.0,13.698934,24.119999,75.88097,992.48505,
55.84_37.52,2024-04-30 17:00:00,20.05,16.582315,none,0.0,0.0,19.416653,34.56,44.389225,1007.6909,
55.84_37.53,2023-11-06 18:00:00,10.15,6.99835,rain,0.9,0.0,20.008356,33.48,93.19703,974.24207,
55.84_37.53,2023-11-18 17:00:00,-7.45,-11.622599,none,0.0,1.0,5.506941,6.8399997,72.46735,1004.9132,
55.84_37.53,2023-12-12 09:00:00,-7.15,-13.64775,snow,0.1,41.0,22.771244,31.319998,86.29029,996.8214,
55.84_37.53,2024-03-07 08:00:00,-14.6,-20.070381,none,0.0,61.0,12.224107,15.119999,81.9472,1002.01245,
55.84_37.54,2023-10-09 13:00:00,4.7,-1.6790562,none,0.0,0.0,30.04221,49.68,75.83972,980.15137,
55.84_37.54,2023-10-24 13:00:00,2.15,-2.1540718,none,0.0,0.0,13.722565,24.48,78.50538,991.82355,
55.84_37.54,2024-02-06 10:00:00,-6.4,-11.993095,none,0.0,58.0,17.227419,24.48,88.74986,971.4944,
55.84_37.54,2024-04-30 19:00:00,18.25,15.479647,none,0.0,0.0,15.5843,30.239998,51.552273,1006.0649,
55.84_37.56,2023-10-05 08:00:00,11.05,7.041833,none,0.0,0.0,22.881958,36.719997,78.21554,993.19104,
55.84_37.56,2023-11-14 21:00:00,2.5,-2.2666578,rain,0.1,0.0,19.376562,32.760002,90.80577,983.0912,
55.84_37.57,2024-02-15 16:00:00,-11.5,-18.09806,snow,0.2,73.0,21.028437,30.960001,81.38187,1012.2365,
55.84_37.58,2023-11-28 20:00:00,-6.65,-12.900591,none,0.0,21.0,20.991426,32.760002,82.06935,988.5403,
55.84_37.59,2024-01-09 19:00:00,-6.3,-12.544697,snow,0.7,52.0,21.603,32.039997,87.05519,990.1341,
55.84_37.64,2024-04-04 16:00:00,3.75,-0.70094585,none,0.0,1.0,13.830749,27.72,65.369064,992.81,
55.84_37.64,2024-04-13 12:00:00,11.9,7.94442,none,0.0,0.0,14.658676,30.599998,45.70793,996.61633,
55.84_37.64,2024-04-28 17:00:00,15.0,11.947178,none,0.0,0.0,8.089993,16.199999,40.137524,1009.1663,
55.84_37.65,2024-03-01 18:00:00,1.1,-1.9673781,none,0.0,67.0,5.1919937,5.3999996,84.32189,1010.3068,
55.84_37.65,2024-03-02 11:00:00,-2.1,-5.4277506,none,0.0,62.0,5.937272,14.04,98.17033,1012.1069,
55.84_37.66,2023-10-23 19:00:00,3.8,-0.0069408417,rain,0.2,0.0,15.158522,26.64,95.18457,983.1188,
55.84_37.66,2023-10-26 17:00:00,-1.35,-7.166785,none,0.0,0.0,18.584509,32.760002,59.40118,997.74475,
55.84_37.66,2023-11-23 21:00:00,-7.55,-13.686254,snow,0.1,4.0,19.09358,38.88,74.50154,970.77686,
55.84_37.66,2023-11-28 13:00:00,-5.45,-10.866142,snow,0.2,20.0,16.23596,29.519999,84.81984,984.0713,
55.84_37.66,2023-11-29 12:00:00,-7.2,-12.773695,none,0.0,20.0,16.263872,28.44,84.61112,995.8306,
55.84_37.8,2024-02-07 14:00:00,-6.7,-13.105989,snow,0.6,55.0,22.288042,48.6,85.00241,965.76324,
55.84_37.8,2024-02-25 14:00:00,-1.75,-7.434414,snow,0.1,67.0,20.478907,40.32,83.03879,1008.0415,
55.84_37.81,2023-10-20 23:00:00,2.7,-1.2519519,rain,0.1,0.0,14.904173,28.44,95.823265,992.0844,
55.84_37.81,2024-02-14 18:00:00,-9.95,-16.680855,none,0.0,60.000004,21.841648,39.239998,70.505005,1007.7972,
55.84_37.81,2024-03-28 16:00:00,6.95,3.1565847,none,0.0,21.0,7.928178,19.8,46.477478,993.1187,
55.85_37.34,2023-11-07 17:00:00,8.2,4.876602,none,0.0,0.0,15.629972,32.039997,84.836815,984.93353,
55.85_37.34,2024-03-09 20:00:00,-9.65,-14.75411,none,0.0,55.0,11.183201,15.4800005,75.92849,996.6422,
55.85_37.35,2023-10-24 07:00:00,1.7,-2.1306086,none,0.0,0.0,12.015589,21.96,90.4207,987.2852,
55.85_37.35,2023-11-15 08:00:00,-0.6,-3.8400342,none,0.0,0.0,6.6185193,11.159999,97.12227,980.8679,
55.85_37.35,2024-05-04 21:00:00,9.75,6.138998,rain,0.1,0.0,13.75558,24.119999,63.043377,989.6706,
55.85_37.36,2023-10-08 16:00:00,2.1,-4.3913794,rain,0.3,0.0,29.888672,59.039997,85.67477,963.52216,
55.85_37.36,2023-10-15 20:00:00,8.8,5.380827,none,0.0,0.0,16.363178,28.8,81.74194,983.081,
55.85_37.36,2023-10-27 20:00:00,-1.5,-5.989292,snow,0.2,7.0,14.04,25.919998,94.97608,979.9884,
55.85_37.36,2023-11-11 16:00:00,5.55,1.8919888,none,0.0,0.0,13.32,25.199999,80.44502,994.6495,
55.85_37.37,2023-11-04 17:00:00,5.0,0.7043638,rain,0.4,0.0,19.770523,38.16,93.57585,991.60065,
55.85_37.37,2023-11-07 10:00:00,8.85,4.979767,rain,0.1,0.0,20.948164,37.079998,86.97613,981.1617,
55.85_37.37,2024-05-02 17:00:00,10.15,5.3510513,none,0.0,0.0,17.873556,34.92,47.74703,997.22,
55.85_37.38,2023-10-09 15:00:00,4.15,-1.8826418,none,0.0,0.0,28.1169,52.199997,81.114716,983.7983,
55.85_37.39,2023-10-09 19:00:00,3.4,-1.9949517,none,0.0,0.0,22.90743,41.760002,81.01066,988.1898,
55.85_37.39,2024-04-08 16:00:00,15.95,13.737457,none,0.0,0.0,16.171976,36.0,69.84717,999.6898,
55.85_37.39,2024-05-04 12:00:00,10.7,7.701827,none,0.0,0.0,12.261157,27.72,40.187336,997.7086,
55.85_37.39,2024-05-07 16:00:00,2.6,-2.3173246,snow,0.8,0.0,20.870687,36.36,92.78721,988.80457,
55.85_37.4,2023-10-23 13:00:00,5.7,3.6385736,rain,0.1,0.0,6.151683,11.879999,96.927055,979.908,
55.85_37.4,2023-11-21 17:00:00,-8.3,-14.376493,none,0.0,2.0,17.31746,33.12,61.45577,993.2731,
55.85_37.4,2024-01-25 19:00:00,-2.2,-7.104399,snow,0.4,57.0,15.9134655,21.96,92.16335,981.8883,
55.85_37.41,2023-09-29 21:00:00,14.6,13.872583,none,0.0,0.0,9.693296,14.759999,85.52725,999.73267,
55.85_37.41,2023-12-06 11:00:00,-16.5,-20.353601,none,0.0,33.0,0.71999997,5.3999996,85.58277,1008.352,
55.85_37.41,2023-12-09 03:00:00,-15.65,-21.766735,snow,0.1,33.0,16.343367,23.039999,82.14224,1012.8515,
55.85_37.41,2024-02-13 16:00:00,-7.15,-13.002279,none,0.0,61.0,17.57744,24.84,77.28702,998.95074,
55.85_37.41,2024-02-29 08:00:00,-3.05,-7.970662,none,0.0,64.0,14.578888,19.8,85.746056,1002.1476,
55.85_37.42,2023-11-29 01:00:00,-8.25,-13.189132,none,0.0,21.0,11.525623,22.319998,86.85334,990.6963,
55.85_37.42,2023-12-12 01:00:00,-6.5,-12.91801,snow,0.1,40.0,22.608458,31.319998,86.36044,997.4718,
55.85_37.42,2023-12-19 15:00:00,1.95,-4.562537,rain,0.4,46.0,30.953718,42.12,92.08468,979.0822,
55.85_37.42,2024-01-07 12:00:00,-25.5,-30.774223,none,0.0,46.0,8.373386,12.24,73.837326,1003.28326,
55.85_37.42,2024-02-24 21:00:00,1.2,-5.134264,rain,0.1,66.0,28.496904,39.239998,89.40323,1004.952,
55.85_37.42,2024-03-26 00:00:00,-4.45,-8.672344,none,0.0,30.000002,9.1641035,11.879999,89.26255,987.47473,
55.85_37.43,2024-02-15 09:00:00,-12.8,-20.270607,snow,1.7,64.0,26.474075,39.6,80.5228,1009.33124,
55.85_37.43,2024-03-27 17:00:00,6.25,3.027049,none,0.0,25.0,1.835647,4.68,39.15284,994.068,
55.85_37.44,2023-09-29 20:00:00,15.2,14.58198,none,0.0,0.0,8.942214,13.679999,82.28638,1000.2481,
55.85_37.44,2023-10-21 15:00:00,3.2,-0.888,none,0.0,0.0,11.113451,19.8,66.709274,999.90063,
55.85_37.44,2023-11-15 11:00:00,2.15,-0.5752814,none,0.0,0.0,5.04,12.959999,91.10821,981.35254,
55.85_37.44,2023-11-21 09:00:00,-8.2,-14.216561,snow,0.1,2.0,17.106628,31.319998,63.524673,991.58057,
55.85_37.44,2024-03-02 08:00:00,-6.1,-9.582893,none,0.0,60.000004,3.671294,8.64,96.61842,1007.7711,
55.85_37.44,2024-03-12 21:00:00,-2.65,-6.538556,none,0.0,56.0,5.4833565,7.92,66.39941,1001.9232,
55.85_37.44,2024-03-21 15:00:00,3.2,-0.6060662,none,0.0,41.0,9.686609,11.879999,69.47286,1001.9807,
55.85_37.45,2023-12-11 07:00:00,-8.9,-14.840455,none,0.0,38.0,18.075441,25.919998,87.12999,1003.1981,
55.85_37.45,2023-12-14 08:00:00,-11.45,-17.718721,snow,0.2,43.0,18.892282,28.44,83.06583,1001.50757,
55.85_37.45,2024-02-29 19:00:00,-0.75,-5.06839,none,0.0,66.0,11.983188,17.64,83.47699,1002.11,
55.85_37.45,2024-04-20 13:00:00,9.7,4.9419937,rain,0.1,0.0,19.881649,37.8,56.24285,996.8171,
55.85_37.47,2024-02-18 15:00:00,-1.7,-8.288224,snow,0.2,75.0,25.35637,35.28,72.47151,995.15875,
55.85_37.47,2024-04-25 23:00:00,8.75,6.7285175,none,0.0,0.0,9.511088,11.879999,92.17624,989.08685,
55.85_37.48,2023-10-30 18:00:00,4.25,0.5942426,rain,6.9,9.0,14.186923,25.56,92.55226,984.5195,
55.85_37.49,2024-04-26 15:00:00,20.9,18.785143,none,0.0,0.0,20.780453,38.16,60.212715,989.4513,
55.85_37.5,2023-09-28 20:00:00,15.0,12.9165535,none,0.0,0.0,13.910169,23.759998,70.83889,1005.46405,
55.85_37.5,2023-11-22 15:00:00,-7.85,-14.284607,none,0.0,2.0,19.813087,34.2,59.835148,998.5989,
55.85_37.5,2023-12-14 18:00:00,-10.6,-17.204517,snow,0.2,43.0,21.578989,29.519999,83.51595,1002.843,
55.85_37.5,2023-12-28 23:00:00,-5.75,-10.845979,none,0.0,40.0,14.039999,19.44,86.77543,991.99786,
55.85_37.52,2023-10-01 19:00:00,11.1,8.841863,none,0.0,0.0,10.1376915,16.199999,75.592926,993.14655,
55.85_37.52,2023-11-09 00:00:00,2.2,-0.64727926,none,0.0,0.0,6.792466,11.159999,96.14997,989.8182,
55.85_37.52,2024-02-11 18:00:00,-8.35,-14.226334,none,0.0,61.0,17.309975,25.919998,79.26726,996.90247,
55.85_37.52,2024-03-08 23:00:00,-6.0,-11.778717,none,0.0,60.000004,18.532135,24.48,86.41405,995.99915,
55.85_37.52,2024-04-08 20:00:00,10.55,9.036814,none,0.0,0.0,8.4042845,15.84,89.527245,996.4753,
55.85_37.52,2024-04-14 16:00:00,12.95,8.965163,none,0.0,0.0,17.10284,32.760002,53.21476,987.01434,
55.85_37.52,2024-04-15 07:00:00,5.7,1.5305653,none,0.0,0.0,17.518356,28.08,82.78018,979.1627,
55.85_37.52,2024-04-16 18:00:00,9.5,6.9104204,none,0.0,0.0,6.12,8.64,61.877678,980.66595,
55.85_37.52,2024-04-19 20:00:00,4.85,-2.252677,rain,0.1,0.0,34.838253,58.32,74.24321,977.6574,
55.85_37.52,2024-04-20 18:00:00,10.4,6.21624,none,0.0,0.0,14.336861,30.599998,49.225605,1000.60486,
55.85_37.54,2024-04-23 09:00:00,8.3,3.8344326,none,0.0,0.0,16.92383,32.039997,59.202545,999.9567,
55.85_37.56,2023-10-26 17:00:00,-1.25,-7.373234,none,0.0,0.0,20.870687,33.48,60.356327,995.0864,
55.85_37.56,2023-12-01 07:00:00,-6.8,-11.550711,none,0.0,24.0,10.966713,19.44,85.99202,989.315,
55.85_37.56,2024-02-27 15:00:00,0.85,-4.1075087,none,0.0,66.0,16.071491,27.359999,72.42023,1009.3081,
55.85_37.56,2024-03-02 13:00:00,-2.6,-6.1837163,none,0.0,65.0,7.289444,14.759999,98.527794,1011.4651,
55.85_37.56,2024-03-26 08:00:00,0.15,-3.5292616,none,0.0,28.0,8.534353,16.919998,84.5203,993.4567,
55.85_37.56,2024-04-19 16:00:00,10.05,3.0397882,rain,0.1,0.0,36.432995,64.079994,59.638344,977.3441,
55.85_37.57,2023-10-31 18:00:00,5.85,3.2439246,none,0.0,3.0,9.449572,14.4,93.944984,995.167,
55.85_37.57,2023-11-06 16:00:00,10.15,6.3906794,rain,0.5,0.0,23.806318,38.519997,91.94856,975.3749,
55.85_37.57,2024-04-06 19:00:00,4.55,1.3125901,none,0.0,1.0,9.0645685,13.679999,79.44348,996.8466,
55.85_37.57,2024-04-28 00:00:00,5.65,3.2874198,none,0.0,0.0,7.42159,11.159999,93.60835,1005.2597,
55.85_37.58,2023-10-03 20:00:00,13.0,8.865572,none,0.0,0.0,21.26744,33.839996,61.840267,996.5575,
55.85_37.58,2023-10-27 15:00:00,-0.45,-5.5823293,snow,0.1,3.0,17.651016,34.92,82.28189,985.2681,
55.85_37.58,2023-12-17 12:00:00,0.45,-6.288767,snow,0.5,52.999996,30.911821,43.92,91.99066,984.37396,
55.85_37.58,2024-01-05 18:00:00,-22.0,-26.924665,none,0.0,42.0,6.5693827,11.879999,77.63658,993.2904,
55.85_37.58,2024-01-19 18:00:00,-10.9,-16.743717,none,0.0,64.0,16.45007,20.519999,86.921715,985.8554,
55.85_37.58,2024-03-05 09:00:00,-4.3,-9.322578,none,0.0,63.0,14.904173,20.880001,90.643486,1003.0676,
55.85_37.58,2024-03-11 16:00:00,1.45,-4.3415833,none,0.0,61.0,20.633371,30.960001,62.204693,1002.96686,
55.85_37.58,2024-04-09 12:00:00,17.05,16.449875,none,0.0,0.0,7.42159,18.72,67.331276,998.0764,
55.85_37.58,2024-05-02 19:00:00,9.55,4.9046297,none,0.0,0.0,16.215992,35.28,47.575764,998.83856,
55.85_37.59,2023-10-30 20:00:00,4.9,1.2819214,rain,0.9,9.0,15.124284,25.56,94.229904,985.2917,
55.85_37.59,2024-01-15 18:00:00,-2.7,-8.997185,none,0.0,58.0,24.84,36.36,90.42241,973.807,
55.85_37.59,2024-03-07 08:00:00,-13.3,-18.667608,none,0.0,62.0,11.874544,18.359999,80.446365,1004.2293,
55.85_37.59,2024-05-08 19:00:00,2.3,-4.032908,none,0.0,0.0,24.195107,46.8,57.661934,996.02637,
55.85_37.6,2024-03-02 20:00:00,-0.25,-4.498315,none,0.0,65.0,12.57426,20.519999,87.977165,1009.99176,
55.85_37.6,2024-05-09 04:00:00,-1.55,-7.2751737,none,0.0,1.0,19.8,34.92,74.45589,1000.0209,
55.85_37.62,2024-01-31 21:00:00,-1.45,-5.65637,none,0.0,58.0,11.91812,20.16,93.23959,998.50586,
55.85_37.62,2024-02-05 21:00:00,-6.7,-11.488572,none,0.0,57.0,11.525623,18.72,88.72286,968.5062,
55.85_37.63,2023-10-21 22:00:00,-1.75,-5.115403,none,0.0,0.0,5.1919937,8.28,87.83622,1005.13306,
55.85_37.63,2023-11-09 16:00:00,5.85,2.6039705,none,0.0,0.0,12.10157,21.96,86.07357,991.90845,
55.85_37.63,2023-11-14 23:00:00,2.2,-1.9227855,none,0.0,0.0,14.904173,28.8,92.43181,983.6273,
55.85_37.63,2023-12-09 11:00:00,-14.85,-21.394867,snow,0.1,35.0,19.386591,32.760002,79.19932,1016.938,
55.85_37.63,2024-02-07 14:00:00,-6.8,-13.588198,snow,0.7,57.0,24.967497,46.44,86.32813,968.4268,
55.85_37.63,2024-02-27 18:00:00,-1.55,-6.9215198,none,0.0,66.0,17.673029,29.519999,76.747604,1010.0134,
55.85_37.63,2024-03-07 12:00:00,-1.85,-6.097929,none,0.0,62.0,8.78872,17.64,69.191154,1004.439,
55.85_37.63,2024-03-14 07:00:00,-9.35,-14.096511,none,0.0,60.000004,9.659814,17.28,87.08355,1006.4854,
55.85_37.64,2023-10-27 19:00:00,-1.75,-5.964619,snow,2.2,6.0,11.928989,27.0,94.96592,984.96344,
55.85_37.64,2023-11-07 15:00:00,8.7,5.0103035,none,0.0,0.0,18.448023,32.399998,83.153656,987.064,
55.85_37.64,2024-01-31 16:00:00,-1.85,-6.2943125,none,0.0,58.0,13.324863,27.72,94.26082,1001.61993,
55.85_37.64,2024-04-02 08:00:00,10.15,8.259164,none,0.0,7.0,10.538843,18.0,90.40876,986.8153,
55.85_37.64,2024-04-29 11:00:00,16.2,13.991787,none,0.0,0.0,11.525623,27.359999,43.2966,1014.7709,
55.85_37.65,2023-10-01 13:00:00,17.2,14.325644,none,0.0,0.0,17.731598,35.64,58.14281,993.15326,
55.85_37.65,2023-12-16 19:00:00,-4.65,-10.509917,none,0.0,52.999996,19.770523,33.48,84.58858,1002.565,
55.85_37.66,2023-09-30 12:00:00,20.65,18.82479,none,0.0,0.0,17.31746,33.48,58.59543,999.78455,
55.85_37.66,2024-04-28 16:00:00,15.5,12.599945,none,0.0,0.0,6.638072,16.919998,37.906044,1007.9451,
55.85_37.66,2024-05-08 19:00:00,2.15,-3.984505,none,0.0,0.0,23.1774,47.519997,60.297474,996.28723,
55.85_37.67,2023-12-02 16:00:00,-6.4,-10.5024605,none,0.0,26.0,7.386582,15.4800005,92.96355,991.82697,
55.85_37.67,2024-01-26 21:00:00,-5.9,-9.419268,none,0.0,60.000004,3.6179552,7.5599995,91.926575,995.23895,
55.85_37.67,2024-02-20 16:00:00,-7.95,-13.470764,none,0.0,71.0,15.815435,28.08,88.60937,1009.30817,
55.85_37.67,2024-04-30 14:00:00,20.2,16.44769,none,0.0,0.0,24.569832,47.16,40.64639,1011.40686,
55.85_37.67,2024-05-08 10:00:00,4.65,-1.0601916,none,0.0,0.0,22.415602,46.8,57.414337,995.22815,
55.85_37.68,2023-10-26 09:00:00,-2.05,-7.8848886,none,0.0,0.0,18.86139,38.16,63.76476,999.36487,
55.85_37.68,2023-12-30 08:00:00,1.35,-3.5836108,snow,0.5,43.0,19.959719,33.48,95.08982,978.81757,
55.85_37.68,2024-04-05 19:00:00,-0.5,-4.5686936,none,0.0,0.0,8.854829,15.119999,71.88535,1002.71027,
55.85_37.78,2023-10-06 06:00:00,9.5,5.7959538,rain,0.1,0.0,20.380579,37.079998,85.27221,984.94476,
55.85_37.78,2024-03-06 11:00:00,-4.55,-8.792612,none,0.0,58.999996,6.162207,15.119999,59.738533,1009.35077,
55.85_37.79,2023-10-14 04:00:00,5.05,1.7130919,none,0.0,0.0,11.808878,22.319998,86.60074,994.8219,
55.85_37.79,2024-02-25 18:00:00,-1.1,-6.7969646,none,0.0,67.0,20.172853,37.44,76.24655,1008.4861,
55.85_37.79,2024-03-21 23:00:00,-4.0,-8.194922,none,0.0,38.0,8.0899935,13.32,78.11418,1001.64386,
55.86_37.34,2024-05-03 08:00:00,3.35,-2.221729,none,0.0,0.0,18.35647,34.56,50.178917,997.98096,
55.86_37.35,2023-10-29 14:00:00,0.65,-4.1205683,none,0.0,9.0,16.485485,34.92,84.57887,986.71326,
55.86_37.35,2023-12-21 19:00:00,0.05,-4.7703123,none,0.0,38.0,17.555305,32.760002,93.32008,972.3656,
55.86_37.35,2024-02-23 21:00:00,0.45,-4.988517,none,0.0,66.0,22.148045,35.28,93.00201,999.5928,
55.86_37.35,2024-04-21 14:00:00,15.4,9.209151,none,0.0,0.0,34.07091,60.479996,46.867355,994.58026,
55.86_37.36,2023-11-26 07:00:00,-6.4,-10.889614,none,0.0,9.0,10.041354,17.28,92.96355,983.17664,
55.86_37.36,2024-01-21 14:00:00,-13.8,-18.830944,none,0.0,58.999996,9.360001,19.08,79.701485,1007.2687,
55.86_37.37,2024-03-03 16:00:00,1.35,-2.4677231,none,0.0,60.000004,8.0899935,19.08,68.82745,1014.3608,
55.86_37.4,2023-10-31 06:00:00,5.8,3.038463,none,0.0,3.0,10.805999,21.24,95.59179,990.50354,
55.86_37.4,2023-11-01 18:00:00,10.7,8.44372,none,0.0,0.0,12.864649,20.880001,86.56577,983.9616,
55.86_37.4,2023-11-01 23:00:00,11.25,8.998083,none,0.0,0.0,13.37825,22.68,85.17169,982.5491,
55.86_37.4,2023-12-13 06:00:00,-10.45,-17.588696,snow,0.2,41.0,25.264202,34.92,82.863434,998.9843,
55.86_37.4,2024-02-27 07:00:00,-4.5,-9.496391,none,0.0,66.0,13.849476,19.44,83.63817,1006.8044,
55.86_37.41,2024-02-29 16:00:00,1.9,-2.8775198,none,0.0,64.0,15.84,21.599998,73.161674,1001.8579,
55.86_37.41,2024-04-17 17:00:00,12.5,9.118025,none,0.0,0.0,9.0,15.84,43.309433,978.33093,
55.86_37.42,2023-10-19 10:00:00,4.7,2.4099126,rain,0.1,0.0,5.4119864,14.04,92.57832,986.7923,
55.86_37.42,2023-11-17 18:00:00,-5.75,-10.264248,none,0.0,1.0,7.5685663,11.5199995,60.62986,1002.0057,
55.86_37.42,2023-12-19 14:00:00,1.95,-4.562537,rain,0.4,46.0,30.953718,42.12,92.08468,980.0515,
55.86_37.42,2024-03-31 20:00:00,5.8,2.2713013,none,0.0,11.0,11.885453,15.84,76.57098,995.47125,
55.86_37.43,2024-04-15 14:00:00,9.15,2.3856707,none,0.0,0.0,31.557035,55.079998,51.80821,974.93536,
55.86_37.44,2023-11-12 15:00:00,3.85,-1.314079,rain,0.1,0.0,24.40046,41.760002,94.51585,976.267,
55.86_37.44,2023-11-27 08:00:00,-1.5,-7.358202,snow,1.3,19.0,23.199759,41.039997,93.23689,966.1184,
55.86_37.44,2023-11-28 18:00:00,-7.0,-12.549012,none,0.0,21.0,16.179985,27.72,84.30441,984.6794,
55.86_37.44,2023-12-31 03:00:00,0.0,-3.5174916,none,0.0,42.0,9.3876505,14.759999,98.91745,975.01794,
55.86_37.44,2024-01-19 07:00:00,-7.9,-12.359911,none,0.0,62.0,9.0,9.72,93.97038,975.4409,
55.86_37.44,2024-03-23 11:00:00,2.9,-2.6727724,rain,0.4,38.0,25.076267,34.56,89.221146,979.2878,
55.86_37.44,2024-05-09 22:00:00,1.25,-3.5921035,none,0.0,1.0,13.493999,21.24,59.162403,994.7608,
55.86_37.45,2023-10-24 17:00:00,-0.3,-5.358962,none,0.0,1.0,15.876775,28.08,72.46923,992.604,
55.86_37.45,2024-01-05 12:00:00,-21.65,-26.57675,none,0.0,42.0,6.489992,10.440001,71.64968,989.7702,
55.86_37.45,2024-01-17 15:00:00,-12.4,-19.039843,none,0.0,55.0,20.478907,32.760002,72.65454,984.71216,
55.86_37.45,2024-02-09 18:00:00,-11.55,-17.61245,none,0.0,58.999996,16.520823,21.24,67.864975,984.2289,
55.86_37.45,2024-04-07 19:00:00,6.5,3.665125,none,0.0,0.0,10.661107,12.959999,88.27422,997.9559,
55.86_37.46,2023-10-13 09:00:00,8.85,3.4544392,none,0.0,0.0,28.08,47.88,74.68783,985.4565,
55.86_37.46,2024-03-05 14:00:00,-0.3,-6.119767,none,0.0,61.0,20.018072,28.44,64.92278,1003.48364,
55.86_37.47,2023-10-26 05:00:00,-4.4,-8.994556,none,0.0,1.0,10.446206,17.28,76.85052,997.8914,
55.86_37.47,2024-04-15 14:00:00,8.65,2.0645542,rain,0.2,0.0,31.404713,54.36,57.608017,974.89825,
55.86_37.48,2024-05-05 19:00:00,7.85,2.7728066,none,0.0,0.0,21.398056,45.719997,62.14844,985.70325,
55.86_37.49,2023-11-09 19:00:00,5.35,2.0911288,none,0.0,0.0,11.923557,20.16,87.86164,990.53955,
55.86_37.49,2024-01-18 15:00:00,-11.35,-20.764122,snow,0.7,56.0,40.258884,54.719997,79.10869,983.8016,
55.86_37.49,2024-03-12 18:00:00,-0.2,-4.4217725,none,0.0,58.0,7.771331,8.64,55.473766,1003.8449,
55.86_37.49,2024-04-14 12:00:00,12.65,8.896403,none,0.0,0.0,18.504139,33.839996,62.836617,987.9778,
55.86_37.5,2023-10-28 16:00:00,-0.3,-5.0332975,rain,0.1,7.0,16.323528,30.599998,91.27044,973.112,
55.86_37.5,2024-01-15 19:00:00,-2.4,-8.507378,snow,0.1,57.0,23.78453,32.760002,90.44516,972.43365,
55.86_37.5,2024-03-17 19:00:00,1.55,-2.2550464,none,0.0,50.0,10.948973,14.759999,85.92735,994.0485,
55.86_37.5,2024-04-04 13:00:00,4.0,-0.3183322,rain,0.1,0.0,15.580141,29.16,77.94289,987.18475,
55.86_37.5,2024-04-29 15:00:00,18.5,15.869038,none,0.0,0.0,6.151683,16.199999,32.605103,1010.787,
55.86_37.5,2024-04-30 17:00:00,19.7,16.801908,none,0.0,0.0,16.808569,32.399998,47.73641,1005.8493,
55.86_37.51,2023-10-08 19:00:00,1.8,-4.138053,snow,0.7,0.0,27.181787,46.079998,94.08705,966.06146,
55.86_37.51,2023-11-01 03:00:00,8.95,6.547841,none,0.0,1.0,12.979984,22.319998,94.088844,988.61505,
55.86_37.51,2023-11-14 20:00:00,2.5,-2.2321854,none,0.0,0.0,19.083395,33.12,90.48012,982.50757,
55.86_37.51,2023-12-23 08:00:00,1.25,-3.7949796,none,0.0,39.0,20.288164,29.88,93.04623,963.12805,
55.86_37.51,2024-03-10 19:00:00,-12.95,-18.310238,none,0.0,58.999996,11.720751,13.32,76.26974,1002.59235,
55.86_37.51,2024-04-13 18:00:00,12.25,9.842185,none,0.0,0.0,6.489992,19.08,56.30427,993.4663,
55.86_37.52,2024-04-24 15:00:00,12.3,8.97335,none,0.0,0.0,9.0,20.16,44.520535,999.77716,
55.86_37.53,2023-10-02 19:00:00,9.4,6.961317,none,0.0,0.0,9.793059,15.84,79.04776,998.76263,
55.86_37.53,2023-11-29 12:00:00,-9.6,-15.274707,none,0.0,21.0,15.827721,23.4,86.02114,993.14276,
55.86_37.54,2023-11-24 10:00:00,-6.5,-11.630905,snow,0.1,5.0,13.722565,24.48,85.69084,954.89355,
55.86_37.54,2023-11-30 15:00:00,-4.25,-10.168696,none,0.0,24.0,20.275383,34.92,83.030685,983.944,
55.86_37.55,2023-09-28 19:00:00,15.75,13.538641,none,0.0,0.0,14.118243,23.759998,65.9439,1004.8217,
55.86_37.55,2023-10-04 12:00:00,16.2,11.1965685,none,0.0,0.0,31.877792,56.519997,60.916733,985.7357,
55.86_37.55,2024-02-23 00:00:00,-3.25,-8.5722685,none,0.0,71.0,17.873556,28.8,91.75157,998.6657,
55.86_37.55,2024-04-16 14:00:00,10.45,5.17667,none,0.0,0.0,23.143827,42.48,53.492065,981.78876,
55.86_37.55,2024-04-18 00:00:00,5.3,2.3073392,none,0.0,0.0,8.209263,14.04,79.27134,984.105,
55.86_37.56,2024-03-15 19:00:00,0.65,-4.117152,none,0.0,54.000004,16.179985,25.919998,82.73171,999.61414,
55.86_37.56,2024-03-19 18:00:00,0.9,-2.7045496,none,0.0,44.0,8.161764,9.72,80.95574,1004.93005,
55.86_37.56,2024-03-30 10:00:00,5.75,2.3075967,none,0.0,16.0,11.841756,21.96,79.33836,990.206,
55.86_37.57,2023-11-05 10:00:00,9.1,4.138197,rain,0.7,0.0,29.337238,57.6,88.80412,982.65784,
55.86_37.57,2024-02-27 12:00:00,-1.05,-6.2085586,none,0.0,67.0,16.954432,28.08,79.476685,1009.14874,
55.86_37.58,2023-10-08 20:00:00,2.25,-3.294319,rain,0.2,0.0,24.482647,45.0,91.11514,966.408,
55.86_37.58,2023-10-09 05:00:00,2.25,-3.3479238,rain,0.2,0.0,25.076267,45.36,92.43478,974.155,
55.86_37.58,2023-11-18 02:00:00,-7.75,-11.605734,none,0.0,1.0,4.510787,6.8399997,88.62764,1005.6776,
55.86_37.58,2023-12-14 09:00:00,-11.6,-18.019018,snow,0.2,43.0,19.881649,33.48,83.38513,1004.4309,
55.86_37.58,2024-02-22 20:00:00,-4.1,-9.932808,none,0.0,70.0,20.570463,33.839996,90.31518,1000.8321,
55.86_37.58,2024-02-27 02:00:00,-6.5,-12.314827,none,0.0,67.0,18.0036,30.599998,81.13168,1008.53564,
55.86_37.59,2023-10-21 11:00:00,3.8,-0.6669431,none,0.0,0.0,15.03835,32.399998,70.882385,1001.1864,
55.86_37.59,2023-12-31 17:00:00,-6.4,-12.583817,snow,0.1,42.0,20.883102,39.6,84.37768,983.05115,
55.86_37.59,2023-12-31 18:00:00,-10.15,-17.09377,none,0.0,42.0,23.950148,42.839996,81.24826,985.0841,
55.86_37.59,2024-03-29 14:00:00,4.8,1.0030003,none,0.0,19.0,14.458382,28.8,85.65901,985.47253,
55.86_37.6,2024-05-02 11:00:00,10.25,5.814659,none,0.0,0.0,17.339897,35.28,54.01659,1001.4269,
55.86_37.61,2023-10-19 16:00:00,5.35,2.9559388,rain,0.1,0.0,4.1046314,9.72,78.996574,989.2914,
55.86_37.61,2023-10-23 21:00:00,2.95,-1.0568717,rain,0.6,0.0,15.463244,28.8,95.152016,983.33527,
55.86_37.61,2023-11-14 13:00:00,3.6,-0.9797232,rain,0.3,0.0,19.576189,39.96,91.85913,982.6377,
55.86_37.61,2023-11-21 17:00:00,-8.1,-14.240181,none,0.0,2.0,17.873554,33.12,62.01235,995.9329,
55.86_37.61,2024-04-10 12:00:00,18.95,18.58913,none,0.0,0.0,8.905908,21.599998,60.14879,1001.7629,
55.86_37.61,2024-05-04 17:00:00,13.2,8.482617,none,0.0,0.0,14.264361,28.08,30.600752,993.3536,
55.86_37.62,2023-10-14 20:00:00,12.9,9.778756,none,0.0,0.0,22.608458,45.719997,85.63318,986.065,
55.86_37.62,2023-10-17 18:00:00,4.1,-1.6709797,none,0.0,0.0,26.552288,46.8,82.576096,985.8877,
55.86_37.64,2024-04-07 12:00:00,14.15,11.550953,none,0.0,0.0,14.241629,29.16,66.49634,1000.25366,
55.86_37.65,2023-12-02 16:00:00,-6.4,-10.5024605,none,0.0,26.0,7.386582,15.4800005,92.96355,991.95355,
55.86_37.66,2023-10-03 16:00:00,14.65,10.966368,none,0.0,0.0,19.107151,36.719997,57.90602,998.2965,
55.86_37.66,2023-10-12 18:00:00,11.25,7.804344,rain,0.7,0.0,22.870626,54.719997,89.28174,981.62256,
55.86_37.66,2023-12-02 17:00:00,-6.25,-10.007873,none,0.0,26.0,5.154415,12.959999,93.33078,993.0592,
55.86_37.66,2023-12-25 18:00:00,-3.05,-8.451957,none,0.0,38.0,17.917007,29.88,86.070984,970.5447,
55.86_37.67,2023-10-08 18:00:00,1.7,-4.1958704,snow,0.7,0.0,26.836306,53.639996,94.42167,965.6623,
55.86_37.67,2023-12-01 18:00:00,-4.65,-9.109185,snow,0.1,24.0,11.113451,18.359999,93.7725,983.36945,
55.86_37.67,2023-12-20 08:00:00,1.4,-2.9261594,snow,0.9,40.0,15.629971,35.28,93.72924,979.4331,
55.86_37.67,2024-04-08 10:00:00,12.0,8.038019,none,0.0,0.0,23.157824,42.12,75.229416,997.4105,
55.86_37.67,2024-04-28 18:00:00,14.35,11.510269,none,0.0,0.0,8.78872,16.199999,47.40123,1007.3568,
55.86_37.68,2023-12-10 14:00:00,-10.75,-17.033146,snow,0.1,37.0,19.201874,36.0,81.821915,1007.8608,
55.86_37.68,2024-03-31 10:00:00,7.55,5.799281,none,0.0,13.0,4.6938257,16.56,88.06137,997.0609,
55.86_37.69,2024-01-11 22:00:00,-11.85,-19.637363,none,0.0,54.000004,28.739187,47.88,76.152794,980.31885,
55.86_37.7,2024-02-09 10:00:00,-16.35,-22.839632,none,0.0,60.000004,18.448023,30.599998,75.968544,983.454,
55.86_37.7,2024-03-30 12:00:00,7.45,4.0539923,none,0.0,16.0,15.941944,30.599998,77.112785,991.63965,
55.86_37.77,2024-02-03 21:00:00,-2.35,-6.9872766,none,0.0,55.0,14.081478,25.56,93.190605,970.77094,
55.87_37.4,2024-01-01 06:00:00,-14.75,-20.714909,none,0.0,42.0,15.379206,25.919998,77.89087,989.39355,
55.87_37.4,2024-01-20 03:00:00,-15.95,-21.345003,none,0.0,61.0,11.753877,14.4,92.76926,987.6568,
55.87_37.41,2023-10-25 18:00:00,-3.5,-7.5043435,none,0.0,1.0,6.9153743,9.72,76.41379,998.25415,
55.87_37.41,2023-12-24 13:00:00,-1.8,-6.733491,none,0.0,38.0,15.986593,21.96,88.489624,965.5363,
55.87_37.41,2024-04-01 23:00:00,10.3,7.773901,none,0.0,4.0,12.303366,24.48,80.82495,984.9679,
55.87_37.42,2024-01-24 22:00:00,-0.35,-5.5369644,none,0.0,58.0,19.386593,26.28,91.26699,982.9601,
55.87_37.44,2023-10-31 06:00:00,4.3,1.8321867,none,0.0,3.0,7.2359104,17.28,98.26301,989.3039,
55.87_37.44,2023-11-14 00:00:00,3.55,-1.4891515,none,0.0,0.0,22.180206,43.56,89.27491,977.6008,
55.87_37.44,2024-02-16 10:00:00,-9.6,-15.134936,none,0.0,70.0,14.773164,20.16,84.65625,1011.5422,
55.87_37.44,2024-04-04 21:00:00,0.5,-4.245399,none,0.0,0.0,12.758432,24.119999,61.971146,993.30646,
55.87_37.45,2023-10-07 19:00:00,9.1,5.743121,rain,0.4,0.0,19.008547,37.079998,91.26059,959.973,
55.87_37.46,2024-04-15 01:00:00,9.6,5.9143877,none,0.0,0.0,21.868332,36.36,90.36891,975.5553,
55.87_37.47,2024-04-06 02:00:00,-1.8,-6.2607074,none,0.0,0.0,11.165805,18.72,76.12556,998.36273,
55.87_37.47,2024-04-15 14:00:00,9.15,2.3856707,none,0.0,0.0,31.557035,55.079998,51.80821,975.4055,
55.87_37.48,2023-11-07 21:00:00,5.65,2.1844416,none,0.0,0.0,14.84318,24.84,92.95703,986.46216,
55.87_37.48,2024-04-08 11:00:00,14.9,11.926701,none,0.0,0.0,20.188908,38.16,69.64077,995.38666,
55.87_37.48,2024-04-21 14:00:00,15.75,9.486679,none,0.0,0.0,35.364388,60.479996,45.667984,994.8011,
55.87_37.49,2023-10-06 14:00:00,10.05,6.9779367,rain,3.1,0.0,17.313717,32.039997,86.50129,979.3866,
55.87_37.49,2023-11-22 19:00:00,-6.75,-12.704454,none,0.0,2.0,17.193533,31.319998,62.607586,995.4859,
55.87_37.49,2024-03-12 13:00:00,1.3,-2.6644962,none,0.0,58.0,8.891343,14.04,67.79357,1003.4841,
55.87_37.49,2024-04-06 18:00:00,7.35,4.3542824,none,0.0,0.0,7.9932976,20.880001,67.85525,994.51965,
55.87_37.49,2024-05-06 20:00:00,5.75,0.8479667,none,0.0,0.0,18.837324,32.760002,65.58243,988.40497,
55.87_37.5,2023-11-18 08:00:00,-7.25,-10.955309,none,0.0,1.0,3.8268526,6.8399997,89.36783,1006.4072,
55.87_37.51,2023-10-02 01:00:00,9.3,7.210285,none,0.0,0.0,9.726665,15.84,87.91616,993.2825,
55.87_37.51,2023-12-04 08:00:00,-7.7,-13.847069,none,0.0,33.0,20.082708,27.359999,86.57002,986.2549,
55.87_37.51,2024-02-01 09:00:00,0.65,-3.655268,none,0.0,57.0,14.84318,20.880001,94.71797,988.6769,
55.87_37.51,2024-04-10 16:00:00,19.65,18.942148,none,0.0,0.0,7.491114,18.359999,58.353077,999.3627,
55.87_37.52,2024-01-25 17:00:00,-2.1,-7.1094966,snow,0.4,60.000004,16.676977,24.84,91.827,980.9657,
55.87_37.53,2024-03-08 15:00:00,-1.05,-6.401666,none,0.0,60.000004,18.079027,32.760002,77.99767,993.3601,
55.87_37.53,2024-04-03 19:00:00,6.7,0.31969547,rain,0.1,0.0,31.92654,54.719997,74.04493,972.84064,
55.87_37.53,2024-05-03 09:00:00,3.0,-2.500154,none,0.0,0.0,17.114204,34.56,47.27773,999.05804,
55.87_37.54,2023-10-19 16:00:00,4.85,2.7140965,none,0.0,0.0,3.319036,10.08,86.58055,987.4203,
55.87_37.54,2023-11-11 21:00:00,2.05,-1.8471525,none,0.0,0.0,13.584932,23.4,94.776634,993.8214,
55.87_37.54,2023-11-13 17:00:00,2.8,-2.6650429,none,0.0,0.0,21.980644,42.48,76.624756,976.8952,
55.87_37.54,2023-11-18 21:00:00,-8.35,-12.489536,none,0.0,1.0,5.8048253,8.64,84.4717,1005.12274,
55.87_37.54,2023-12-15 11:00:00,-7.55,-12.844716,snow,0.3,52.0,14.578888,26.64,89.69209,988.5623,
55.87_37.54,2024-02-26 14:00:00,-2.1,-8.3958,none,0.0,69.0,23.675303,38.88,77.23878,1005.1466,
55.87_37.55,2023-09-30 19:00:00,15.95,13.717493,none,0.0,0.0,14.168641,23.759998,64.88786,994.69366,
55.87_37.55,2023-10-15 17:00:00,10.15,6.913267,none,0.0,0.0,16.363178,28.44,78.88712,981.4896,
55.87_37.55,2023-11-14 15:00:00,2.95,-1.003191,rain,0.3,0.0,14.973577,28.8,94.476715,979.48114,
55.87_37.55,2023-11-26 18:00:00,-4.85,-10.176682,none,0.0,9.0,16.489416,27.72,89.57008,981.2193,
55.87_37.55,2024-04-08 19:00:00,12.75,11.30036,none,0.0,0.0,9.47012,20.16,81.70198,996.00073,
55.87_37.55,2024-04-29 20:00:00,15.95,13.518187,none,0.0,0.0,5.4119864,6.4799995,41.430237,1012.16547,
55.87_37.55,2024-05-08 20:00:00,0.3,-5.307586,none,0.0,1.0,19.107151,33.48,65.807396,994.39276,
55.87_37.56,2023-11-06 12:00:00,9.8,6.5525455,none,0.0,0.0,19.0392,32.399998,89.772385,976.25507,
55.87_37.56,2023-11-15 18:00:00,1.65,-1.0000262,none,0.0,0.0,3.6,6.12,88.79415,984.001,
55.87_37.56,2024-03-09 16:00:00,-3.2,-8.600421,none,0.0,58.0,13.556282,25.919998,49.24322,997.0897,
55.87_37.56,2024-03-13 13:00:00,1.05,-3.8786492,none,0.0,57.0,14.48972,23.759998,62.579266,1006.06287,
55.87_37.56,2024-04-18 20:00:00,5.4,0.79094124,rain,0.5,0.0,22.057161,38.88,91.65033,983.95184,
55.87_37.59,2023-10-14 13:00:00,10.2,6.067814,rain,0.1,0.0,24.75638,46.8,86.22275,987.14966,
55.87_37.59,2023-10-16 22:00:00,5.5,2.1386771,rain,0.2,0.0,13.70839,24.84,91.978294,981.1774,
55.87_37.59,2023-10-27 17:00:00,-1.4,-6.122426,snow,1.0,4.0,15.188415,32.760002,90.85676,983.75104,
55.87_37.59,2023-11-01 17:00:00,11.9,9.580978,none,0.0,0.0,14.113653,24.84,82.42107,984.8673,
55.87_37.59,2024-01-08 13:00:00,-17.9,-23.350088,none,0.0,47.0,11.013882,21.24,78.01468,1006.9852,
55.87_37.59,2024-01-16 23:00:00,-5.3,-9.897256,snow,0.1,55.0,11.212135,24.48,89.87664,970.3308,
55.87_37.59,2024-01-23 15:00:00,-3.45,-10.340077,snow,0.1,58.999996,27.748037,48.96,85.37706,998.3006,
55.87_37.59,2024-02-26 11:00:00,-3.45,-9.641335,none,0.0,68.0,22.180206,38.16,78.50371,1007.5123,
55.87_37.59,2024-03-02 21:00:00,-1.3,-5.474068,none,0.0,61.0,11.384198,18.359999,89.85905,1010.1079,
55.87_37.59,2024-03-28 14:00:00,5.45,1.8698387,none,0.0,21.0,9.565437,16.919998,65.993416,996.0267,
55.87_37.59,2024-05-01 19:00:00,14.6,11.814211,none,0.0,0.0,10.538843,23.4,51.99919,1000.1314,
55.87_37.6,2023-10-31 11:00:00,7.95,5.8664103,none,0.0,3.0,9.021574,16.919998,93.721436,994.9011,
55.87_37.6,2023-12-13 18:00:00,-12.5,-19.599745,none,0.0,42.0,24.023088,40.32,80.23677,1003.4803,
55.87_37.6,2024-02-16 13:00:00,-8.9,-14.123267,snow,0.3,72.0,13.004922,23.039999,85.078545,1014.53754,
55.87_37.6,2024-05-05 23:00:00,1.8,-1.5950043,none,0.0,0.0,9.028754,11.5199995,89.77663,990.35266,
55.87_37.61,2023-10-31 21:00:00,6.85,3.5299606,none,0.0,2.0,16.299694,27.72,95.95819,994.6083,
55.87_37.62,2023-10-12 18:00:00,11.25,7.804344,rain,0.7,0.0,22.870626,54.719997,89.28174,981.7402,
55.87_37.62,2023-11-14 19:00:00,2.35,-2.487226,rain,0.2,0.0,20.08916,37.079998,93.10637,984.0767,
55.87_37.63,2023-11-24 16:00:00,-6.85,-11.583595,none,0.0,7.0,10.703569,20.880001,84.65322,960.2773,
55.87_37.64,2023-10-20 13:00:00,5.4,2.2054815,none,0.0,0.0,10.390226,25.199999,82.449165,993.5331,
55.87_37.64,2023-11-08 19:00:00,4.9,1.8567371,none,0.0,0.0,10.182337,19.08,89.38533,992.0561,
55.87_37.64,2023-12-03 17:00:00,-6.3,-12.156847,snow,0.8,31.0,19.161337,32.760002,89.44857,986.8726,
55.87_37.64,2023-12-29 17:00:00,1.3,-3.189209,none,0.0,41.0,16.263872,27.0,91.37961,983.2029,
55.87_37.64,2024-01-18 21:00:00,-7.35,-14.969479,snow,0.8,58.999996,30.376833,55.8,86.607254,978.6404,
55.87_37.64,2024-03-06 09:00:00,-11.05,-16.376083,none,0.0,58.999996,12.429127,18.0,80.45852,1010.5529,
55.87_37.64,2024-03-24 21:00:00,3.4,-1.5104504,rain,0.1,32.0,21.659918,38.16,92.17403,978.9687,
55.87_37.64,2024-04-12 13:00:00,14.45,9.019936,none,0.0,0.0,29.69727,56.519997,55.12331,994.7866,
55.87_37.64,2024-04-12 18:00:00,13.45,9.012339,rain,0.1,0.0,23.499481,47.88,60.468033,993.4673,
55.87_37.64,2024-05-04 16:00:00,13.3,9.114617,none,0.0,0.0,12.496718,25.919998,30.859745,994.5201,
55.87_37.65,2023-11-08 18:00:00,4.9,1.8567371,none,0.0,0.0,10.182337,19.08,89.38533,992.9065,
55.87_37.65,2023-11-28 19:00:00,-6.45,-12.348827,none,0.0,20.0,18.899143,32.039997,84.3716,989.2304,
55.87_37.65,2023-12-20 08:00:00,2.25,-3.6435695,rain,0.1,40.0,25.842384,43.199997,85.07211,979.68634,
55.87_37.65,2024-05-04 20:00:00,9.2,6.161791,none,0.0,0.0,6.9153743,9.72,54.91213,992.68207,
55.87_37.66,2023-10-18 21:00:00,5.6,2.335586,rain,1.1,0.0,13.18308,23.039999,91.984505,989.1945,
55.87_37.66,2023-10-23 10:00:00,3.95,1.6711984,rain,0.2,0.0,5.3999996,12.599999,97.91298,986.58203,
55.87_37.66,2023-11-08 16:00:00,7.25,4.8137436,none,0.0,0.0,7.0911775,21.599998,80.40146,992.63806,
55.87_37.66,2024-02-15 13:00:00,-11.65,-18.150745,snow,0.1,69.0,20.12461,40.32,78.41398,1015.09247,
55.87_37.66,2024-03-01 21:00:00,-0.45,-3.8043003,none,0.0,63.0,6.489992,10.799999,89.59581,1011.15393,
55.87_37.66,2024-04-03 09:00:00,15.5,10.999142,none,0.0,1.0,27.021591,50.039997,60.338905,973.6078,
55.87_37.67,2023-11-02 00:00:00,11.25,8.950232,none,0.0,0.0,13.797913,23.759998,85.45962,984.2163,
55.87_37.67,2023-11-14 19:00:00,2.45,-2.3815458,rain,0.1,0.0,19.878391,35.64,91.45684,983.86346,
55.87_37.67,2024-01-09 08:00:00,-8.75,-14.751704,none,0.0,48.0,18.218275,30.960001,82.43085,1000.81305,
55.87_37.67,2024-01-24 07:00:00,-2.65,-8.099094,none,0.0,58.999996,19.228851,32.399998,91.79105,997.74835,
55.87_37.67,2024-01-27 04:00:00,-6.15,-10.114628,none,0.0,60.000004,6.4096174,10.440001,90.85343,997.84753,
55.87_37.67,2024-03-06 19:00:00,-7.85,-12.86157,none,0.0,58.0,9.9571085,10.799999,58.62161,1009.14667,
55.87_37.67,2024-04-01 13:00:00,17.95,14.404707,none,0.0,5.0,22.148045,41.399998,55.08349,990.24365,
55.87_37.67,2024-04-08 12:00:00,15.85,12.912916,none,0.0,0.0,20.150354,41.399998,67.98592,998.114,
55.87_37.67,2024-04-10 16:00:00,19.6,18.919296,none,0.0,0.0,7.2,17.64,58.34089,1002.50146,
55.87_37.67,2024-04-26 20:00:00,14.35,14.82373,rain,0.1,0.0,3.396233,34.56,91.89879,992.48206,
55.87_37.68,2023-10-10 19:00:00,2.0,-2.694503,none,0.0,0.0,14.480773,27.72,67.94575,996.6413,
55.87_37.68,2023-10-20 14:00:00,4.9,1.0152569,rain,0.2,0.0,14.689589,24.48,83.26929,993.3835,
55.87_37.68,2023-11-01 20:00:00,11.35,8.634452,none,0.0,0.0,15.39184,27.0,80.96772,985.40106,
55.87_37.68,2023-11-08 16:00:00,7.25,4.8137436,none,0.0,0.0,7.0911775,21.599998,80.40146,992.156,
55.87_37.68,2023-11-17 21:00:00,-6.4,-10.849538,none,0.0,1.0,7.628263,14.759999,69.294136,1003.3762,
55.87_37.68,2023-12-23 07:00:00,1.15,-4.0460443,none,0.0,37.0,21.485697,37.8,94.73903,964.51245,
55.87_37.68,2024-02-06 18:00:00,-4.1,-8.597534,none,0.0,56.0,10.296251,20.519999,79.923325,975.9643,
55.87_37.68,2024-04-03 17:00:00,8.6,2.5967612,rain,0.6,0.0,31.826931,60.479996,74.38332,974.89795,
55.87_37.68,2024-05-01 13:00:00,17.25,14.135372,none,0.0,0.0,19.586119,38.88,44.363068,1002.03705,
55.87_37.7,2023-10-27 18:00:00,-1.5,-6.1173472,snow,1.4,4.0,14.512064,26.64,91.86595,983.3488,
55.87_37.7,2024-03-29 16:00:00,5.55,1.9090691,none,0.0,19.0,12.594856,27.72,77.63064,984.1224,
55.87_37.71,2023-10-13 00:00:00,8.4,4.3486843,none,0.0,0.0,21.868332,39.239998,88.44074,981.54675,
55.87_37.71,2023-10-28 14:00:00,0.15,-4.574464,none,0.0,7.0,16.311613,31.68,88.66322,975.72675,
55.87_37.71,2023-11-02 10:00:00,7.85,3.7720041,rain,1.1,0.0,22.45315,40.32,93.39577,982.2918,
55.87_37.71,2023-11-08 20:00:00,3.6,0.46017933,none,0.0,0.0,9.826088,18.359999,92.51438,990.09125,
55.87_37.71,2023-12-15 08:00:00,-7.8,-13.764509,snow,0.3,52.0,18.775303,34.2,86.559395,990.7898,
55.87_37.71,2024-01-16 12:00:00,-3.0,-8.837057,none,0.0,56.0,20.49156,39.239998,82.249886,973.95776,
55.87_37.71,2024-03-14 08:00:00,-6.6,-11.557349,none,0.0,55.0,12.413476,21.96,85.01415,1004.2351,
55.87_37.71,2024-03-16 19:00:00,0.85,-3.7049313,none,0.0,50.0,14.494192,24.48,80.05748,1000.4341,
55.87_37.71,2024-05-04 11:00:00,10.3,7.3889856,none,0.0,0.0,11.457958,27.72,40.068592,995.4319,
55.87_37.72,2023-12-24 12:00:00,-2.05,-6.915106,snow,0.1,39.0,15.349684,28.08,88.79841,966.85065,
55.87_37.75,2023-10-06 08:00:00,9.6,6.1704483,rain,0.1,0.0,19.33639,39.239998,87.64399,984.4477,
55.88_37.42,2023-11-11 12:00:00,6.05,2.3771362,none,0.0,0.0,14.113653,27.72,80.80113,994.57043,
55.88_37.42,2024-03-11 22:00:00,-1.2,-6.7225637,none,0.0,57.0,18.86139,25.199999,75.94204,999.9024,
55.88_37.43,2023-10-11 11:00:00,4.75,0.33461952,none,0.0,0.0,15.815435,29.519999,71.84833,999.8518,
55.88_37.43,2024-02-20 19:00:00,-9.15,-14.81082,none,0.0,70.0,16.055353,21.24,87.45101,1004.80347,
55.88_37.43,2024-04-08 20:00:00,12.0,10.443737,none,0.0,0.0,10.105681,15.84,85.53889,995.82227,
55.88_37.43,2024-04-22 23:00:00,6.05,2.031517,none,0.0,0.0,15.978484,28.08,78.54255,996.15955,
55.88_37.43,2024-04-24 10:00:00,7.35,4.8135805,none,0.0,0.0,2.8116899,13.32,57.691406,1000.957,
55.88_37.44,2024-01-04 21:00:00,-29.7,-35.78529,none,0.0,42.0,13.527572,15.4800005,76.19599,988.1664,
55.88_37.44,2024-01-08 15:00:00,-18.8,-25.012987,none,0.0,47.0,15.978486,19.44,76.1727,1002.24274,
55.88_37.44,2024-03-13 16:00:00,0.85,-4.040184,none,0.0,56.0,14.48972,20.880001,65.190384,1004.1775,
55.88_37.44,2024-04-22 10:00:00,16.65,13.445232,none,0.0,0.0,24.472057,43.56,65.25891,987.4661,
55.88_37.45,2023-10-03 21:00:00,12.2,8.109035,none,0.0,0.0,20.969807,36.0,65.16953,993.7648,
55.88_37.45,2023-10-16 07:00:00,6.35,3.632722,rain,0.1,0.0,9.085988,15.4800005,85.82421,982.12115,
55.88_37.45,2024-01-23 07:00:00,-5.2,-12.722698,none,0.0,60.000004,30.77737,42.48,84.19729,997.5699,
55.88_37.45,2024-02-28 17:00:00,0.65,-4.4227266,none,0.0,65.0,17.072504,23.4,74.854935,1003.8856,
55.88_37.45,2024-03-15 23:00:00,-3.15,-7.9133673,none,0.0,54.000004,14.20062,18.359999,92.45009,999.7915,
55.88_37.45,2024-03-17 19:00:00,1.75,-2.1415772,none,0.0,49.0,11.440978,14.759999,84.09151,993.84344,
55.88_37.45,2024-03-23 02:00:00,1.85,-3.080935,none,0.0,39.0,18.875126,25.199999,85.33677,987.3941,
55.88_37.46,2023-09-28 21:00:00,15.0,12.9165535,none,0.0,0.0,13.910169,23.759998,70.83889,1005.1079,
55.88_37.47,2024-03-03 18:00:00,-2.4,-7.1444836,none,0.0,61.0,12.783802,15.119999,76.89529,1008.97253,
55.88_37.48,2023-11-19 07:00:00,-6.45,-10.477388,none,0.0,1.0,5.0911684,10.08,73.53464,1001.17664,
55.88_37.48,2024-02-06 11:00:00,-4.35,-9.792824,none,0.0,57.0,17.114204,23.039999,84.62431,970.07556,
55.88_37.48,2024-03-17 20:00:00,1.55,-2.2550464,none,0.0,50.0,10.948973,14.759999,85.92735,993.43335,
55.88_37.48,2024-03-25 16:00:00,4.55,1.3848829,none,0.0,30.000002,3.8268526,6.8399997,55.910263,985.45215,
55.88_37.48,2024-03-29 17:00:00,5.0,1.4877038,none,0.0,20.0,11.592894,18.0,80.080414,981.5505,
55.88_37.48,2024-05-04 21:00:00,9.75,5.7271748,none,0.0,0.0,15.517629,25.199999,59.35237,988.2853,
55.88_37.49,2024-02-20 21:00:00,-9.35,-14.727709,none,0.0,72.0,14.113653,19.44,88.83255,1003.8113,
55.88_37.5,2024-01-19 15:00:00,-11.0,-16.316936,none,0.0,63.0,12.904882,15.119999,88.68205,982.6729,
55.88_37.52,2023-11-14 18:00:00,2.2,-2.6232717,rain,0.2,0.0,19.878391,35.64,93.433,979.4049,
55.88_37.52,2024-02-19 15:00:00,-6.2,-10.353117,none,0.0,73.0,6.638072,12.599999,79.60293,1006.5526,
55.88_37.52,2024-05-01 13:00:00,17.05,13.995785,none,0.0,0.0,19.376562,37.44,45.399445,1001.6518,
55.88_37.53,2023-10-16 10:00:00,6.9,4.6215515,rain,0.2,0.0,7.42159,14.04,88.30956,981.21857,
55.88_37.53,2023-11-22 15:00:00,-8.7,-15.19826,none,0.0,2.0,20.288164,35.64,64.446785,995.14105,
55.88_37.53,2024-02-03 16:00:00,-3.2,-7.7602506,snow,0.1,56.0,13.009903,20.880001,94.551506,971.5623,
55.88_37.53,2024-02-08 22:00:00,-15.75,-22.439398,none,0.0,61.0,19.995398,32.039997,76.40476,978.8898,
55.88_37.53,2024-03-31 15:00:00,13.05,11.361478,none,0.0,12.0,5.506941,15.119999,64.46476,996.13586,
55.88_37.53,2024-04-22 17:00:00,11.25,5.642576,none,0.0,0.0,27.381308,52.199997,56.845074,991.4325,
55.88_37.54,2023-10-06 23:00:00,4.5,-1.2590129,none,0.0,0.0,23.507751,44.28,65.539474,987.2097,
55.88_37.54,2023-12-14 19:00:00,-10.55,-17.098518,snow,0.2,43.0,21.261345,34.92,84.199814,998.3004,
55.88_37.54,2024-01-09 15:00:00,-8.55,-13.991642,snow,0.1,49.0,14.57889,22.68,83.77952,994.4328,
55.88_37.54,2024-02-02 20:00:00,-4.55,-10.735668,snow,0.1,56.0,21.67487,34.56,80.78492,977.239,
55.88_37.54,2024-02-05 14:00:00,-3.5,-7.335829,none,0.0,58.0,6.130579,11.159999,79.70792,962.3741,
55.88_37.55,2023-11-07 03:00:00,7.75,4.3801594,none,0.0,0.0,16.641972,30.960001,90.23309,977.75214,
55.88_37.55,2023-11-15 08:00:00,0.55,-2.1942086,none,0.0,0.0,4.3498964,7.5599995,96.797745,980.05524,
55.88_37.55,2024-02-01 21:00:00,-1.15,-5.9951735,none,0.0,55.0,15.509274,27.359999,85.31556,978.2559,
55.88_37.55,2024-03-16 10:00:00,1.55,-2.317915,none,0.0,55.0,11.177405,19.08,84.68348,1000.09503,
55.88_37.55,2024-03-29 15:00:00,4.6,0.8064203,none,0.0,19.0,14.003029,26.64,84.72838,982.10657,
55.88_37.55,2024-04-14 08:00:00,9.3,7.2748356,none,0.0,0.0,7.8954163,18.359999,82.94135,988.1954,
55.88_37.56,2023-10-03 16:00:00,14.45,11.019855,none,0.0,0.0,17.84816,34.56,59.880646,994.7858,
55.88_37.56,2024-01-23 13:00:00,-3.7,-10.639767,snow,0.3,58.999996,28.01531,46.079998,86.32804,996.54663,
55.88_37.56,2024-01-29 06:00:00,-6.45,-11.115683,none,0.0,58.0,10.805998,16.56,88.4019,1011.945,
55.88_37.56,2024-01-31 14:00:00,-2.6,-7.2165737,none,0.0,56.0,13.854155,22.68,94.22596,999.7525,
55.88_37.56,2024-02-21 21:00:00,-5.9,-11.540431,none,0.0,71.0,17.709658,29.16,87.09604,1000.3191,
55.88_37.56,2024-03-22 15:00:00,3.2,-0.6280494,none,0.0,38.0,10.805999,18.72,74.758865,993.9088,
55.88_37.57,2024-03-05 11:00:00,-0.55,-6.1334877,none,0.0,58.999996,20.65848,34.2,82.268585,1002.1261,
55.88_37.58,2023-10-23 09:00:00,3.35,0.7770181,rain,0.2,0.0,6.696387,14.759999,98.249695,982.7177,
55.88_37.59,2023-11-13 12:00:00,1.65,-4.138829,snow,0.8,0.0,26.61323,51.839996,97.87397,973.52563,
55.88_37.59,2023-12-25 10:00:00,-3.4,-7.920587,none,0.0,38.0,12.218805,24.119999,91.396774,973.63074,
55.88_37.59,2024-03-03 10:00:00,-3.7,-7.7290273,none,0.0,61.0,7.386582,14.4,80.29063,1012.0265,
55.88_37.59,2024-04-02 12:00:00,19.45,18.773888,none,0.0,2.0,11.503113,23.759998,66.9447,983.12885,
55.88_37.59,2024-04-09 17:00:00,17.8,16.888594,none,0.0,0.0,9.422101,19.8,66.60041,995.35187,
55.88_37.6,2023-10-02 14:00:00,13.65,11.102381,rain,0.1,0.0,13.202726,27.359999,66.84374,995.7749,
55.88_37.6,2024-04-05 11:00:00,0.05,-4.5792575,none,0.0,0.0,11.435313,27.72,57.507122,1002.7028,
55.88_37.61,2024-04-13 21:00:00,8.75,6.377102,none,0.0,0.0,5.5887027,8.28,68.63394,993.8118,
55.88_37.62,2024-02-09 18:00:00,-11.65,-17.636265,none,0.0,60.000004,16.171976,26.64,71.31348,986.6259,
55.88_37.63,2023-11-20 12:00:00,-5.2,-10.157608,none,0.0,1.0,10.990322,23.759998,61.997986,996.76874,
55.88_37.63,2024-02-15 08:00:00,-12.7,-19.978672,snow,1.9,65.0,25.212852,42.839996,80.871346,1013.10736,
55.88_37.64,2024-04-19 08:00:00,8.85,5.8338957,none,0.0,0.0,17.10284,36.36,94.40463,972.5996,
55.88_37.64,2024-04-27 12:00:00,12.0,9.949961,rain,3.3,0.0,15.978486,38.88,92.9829,995.81067,
55.88_37.65,2023-10-17 08:00:00,1.6,-3.4365704,none,0.0,0.0,20.447239,36.0,92.0629,984.00824,
55.88_37.65,2024-03-01 18:00:00,1.1,-1.9673781,none,0.0,63.0,5.1919937,5.3999996,84.32189,1010.93396,
55.88_37.66,2023-10-07 19:00:00,8.8,5.8480854,rain,0.9,0.0,16.489416,46.079998,94.08199,963.64874,
55.88_37.66,2024-04-26 18:00:00,20.0,19.228802,none,0.0,0.0,13.1041975,30.960001,66.407524,991.24945,
55.88_37.68,2023-11-03 11:00:00,2.7,-0.04698181,none,0.0,0.0,4.2136917,13.679999,82.09636,997.89703,
55.88_37.68,2023-12-12 06:00:00,-7.75,-14.331001,snow,0.1,40.0,22.97522,38.519997,85.88664,1000.2732,
55.88_37.68,2024-01-08 15:00:00,-17.8,-23.217987,none,0.0,47.0,10.805998,18.359999,77.69454,1006.7318,
55.88_37.69,2023-10-13 21:00:00,5.8,1.850234,none,0.0,0.0,13.779114,25.919998,72.05055,996.4582,
55.88_37.69,2024-01-16 16:00:00,-3.05,-7.9851217,none,0.0,55.0,14.830076,26.28,87.052345,971.8696,
55.88_37.69,2024-02-09 21:00:00,-14.35,-19.635778,none,0.0,60.000004,10.799999,22.68,76.98149,988.3422,
55.88_37.7,2023-12-17 16:00:00,1.45,-5.111293,none,0.0,52.0,29.495842,51.48,84.363235,987.5813,
55.88_37.7,2024-01-11 09:00:00,0.1,-5.618405,snow,0.3,55.0,23.03156,42.839996,88.33373,970.0836,
55.88_37.7,2024-02-14 07:00:00,-15.15,-21.914959,none,0.0,61.0,20.880001,33.839996,80.83922,1009.6132,
55.88_37.71,2023-10-31 20:00:00,6.6,3.3219547,none,0.0,2.0,15.546833,27.0,95.61941,994.56934,
55.88_37.71,2023-12-19 15:00:00,1.85,-4.2758746,rain,0.3,46.0,28.357855,50.039997,93.079124,981.4772,
55.88_37.71,2024-01-18 16:00:00,-12.1,-18.611853,snow,0.6,55.0,20.316889,34.56,83.319145,986.4133,
55.88_37.71,2024-03-22 05:00:00,-8.35,-12.602195,none,0.0,40.0,7.2,10.799999,92.48683,1001.2035,
55.88_37.72,2023-09-29 18:00:00,17.05,16.207722,none,0.0,0.0,9.1641035,15.4800005,70.29321,1001.8655,
55.88_37.72,2023-12-22 20:00:00,0.05,-5.421047,none,0.0,38.0,22.218153,39.96,94.69252,970.91943,
55.88_37.72,2024-01-12 05:00:00,-14.85,-21.770243,none,0.0,54.000004,21.94524,43.56,78.86602,985.69,
55.88_37.72,2024-02-29 12:00:00,0.8,-3.7763963,none,0.0,64.0,14.05845,28.44,76.57067,1004.2455,
55.88_37.72,2024-03-03 01:00:00,-4.35,-8.979765,none,0.0,61.0,12.10157,20.519999,89.953094,1012.70575,
55.88_37.72,2024-03-24 19:00:00,3.4,-1.0543149,rain,0.2,32.0,18.532133,31.319998,92.17403,979.0983,
55.88_37.73,2023-12-18 12:00:00,-2.45,-7.1732907,none,0.0,50.0,14.799459,27.72,94.937294,989.61487,
55.88_37.73,2024-01-05 10:00:00,-24.2,-29.25375,none,0.0,42.0,7.10031,10.799999,77.23787,993.2075,
55.88_37.73,2024-03-24 16:00:00,4.5,-0.04440403,rain,0.3,33.0,19.70815,34.92,88.09512,978.4176,
55.88_37.73,2024-04-26 20:00:00,14.4,13.76016,none,0.0,0.0,11.384198,21.24,92.503586,991.7206,
55.88_37.73,2024-05-07 13:00:00,2.85,-2.5556962,snow,0.6,0.0,22.657131,41.039997,82.414215,987.40485,
55.88_37.74,2024-03-30 14:00:00,7.4,3.8765736,none,0.0,15.000001,12.522619,31.319998,71.3352,993.17896,
55.89_37.38,2023-11-01 20:00:00,11.2,8.808865,none,0.0,0.0,14.241629,25.919998,85.1663,981.3315,
55.89_37.38,2024-03-26 20:00:00,2.35,-1.4630423,none,0.0,28.0,9.686609,16.56,73.516594,994.5124,
55.89_37.4,2023-10-01 22:00:00,10.85,8.182497,none,0.0,0.0,12.620554,22.319998,75.810745,990.1594,
55.89_37.4,2023-10-27 16:00:00,-1.45,-6.489698,snow,0.7,4.0,17.057314,33.839996,88.85093,980.57477,
55.89_37.4,2024-02-07 11:00:00,-11.0,-16.622555,snow,0.1,55.0,15.137133,26.28,90.849556,969.59656,
55.89_37.4,2024-04-17 10:00:00,9.25,6.0439672,none,0.0,0.0,13.493999,29.519999,74.23863,975.66595,
55.89_37.4,2024-04-28 14:00:00,14.2,11.579258,none,0.0,0.0,6.519877,15.84,45.87388,1006.22284,
55.89_37.43,2023-12-18 06:00:00,-7.4,-12.787321,none,0.0,50.0,15.629972,18.72,93.6308,985.52277,
55.89_37.43,2024-03-30 11:00:00,5.75,2.3064456,none,0.0,19.0,12.413476,20.519999,81.91226,988.9759,
55.89_37.43,2024-04-24 01:00:00,3.3,0.4704008,none,0.0,0.0,7.208994,12.959999,91.84007,998.5116,
55.89_37.44,2023-12-28 18:00:00,-4.15,-8.957219,none,0.0,39.0,13.1041975,23.759998,86.60972,990.7688,
55.89_37.44,2024-03-16 16:00:00,3.65,-0.85249805,none,0.0,51.0,15.281989,19.8,71.6343,997.75934,
55.89_37.47,2024-04-09 15:00:00,18.15,17.201742,none,0.0,0.0,8.311245,16.919998,62.40344,993.44434,
55.89_37.47,2024-04-19 08:00:00,6.95,2.8689594,none,0.0,0.0,21.67487,37.8,95.96135,969.59875,
55.89_37.48,2023-11-15 09:00:00,0.5,-2.224359,none,0.0,0.0,4.2136917,7.5599995,97.14785,979.8077,
55.89_37.48,2023-12-29 22:00:00,1.2,-2.7243488,none,0.0,42.0,12.496718,20.16,92.70719,979.27454,
55.89_37.48,2024-01-21 11:00:00,-13.05,-18.384777,none,0.0,61.0,12.031756,17.28,85.982056,1005.2741,
55.89_37.49,2024-03-01 15:00:00,1.0,-1.6906295,none,0.0,65.0,3.8773184,6.4799995,93.032455,1006.832,
55.89_37.5,2023-11-15 14:00:00,3.15,-0.16547489,none,0.0,0.0,7.5942073,14.759999,76.68318,982.2131,
55.89_37.5,2024-04-08 16:00:00,16.6,13.723721,rain,0.1,0.0,20.12461,34.2,65.68567,996.09125,
55.89_37.51,2023-11-30 16:00:00,-4.85,-10.678303,none,0.0,24.0,19.45333,34.56,84.890465,984.1641,
55.89_37.51,2023-12-18 06:00:00,-5.05,-9.726824,none,0.0,51.0,11.928989,18.359999,89.89684,987.03046,
55.89_37.52,2024-04-22 17:00:00,11.0,6.090993,none,0.0,0.0,23.110207,51.12,59.451782,992.08435,
55.89_37.53,2023-11-07 19:00:00,6.6,3.4054203,none,0.0,0.0,13.849476,25.56,90.776306,985.6967,
55.89_37.53,2023-11-11 17:00:00,3.55,-0.1304388,none,0.0,0.0,13.1041975,22.68,90.5573,993.6672,
55.89_37.53,2023-11-21 19:00:00,-8.45,-14.538343,none,0.0,2.0,17.418196,32.039997,62.432243,993.8171,
55.89_37.53,2023-11-30 08:00:00,-0.4,-5.846602,snow,0.2,23.0,21.650938,40.32,95.02044,980.5406,
55.89_37.53,2024-02-03 11:00:00,-7.2,-12.221186,none,0.0,56.0,13.089354,23.4,91.84086,977.10095,
55.89_37.53,2024-04-25 16:00:00,19.5,16.942028,none,0.0,0.0,15.192682,32.039997,49.659733,987.8687,
55.89_37.54,2023-09-27 17:00:00,17.8,18.250095,none,0.0,0.0,1.835647,10.799999,70.206184,1007.91455,
55.89_37.54,2024-01-18 08:00:00,-22.4,-28.53129,none,0.0,56.0,15.141414,18.359999,92.76677,991.52515,
55.89_37.54,2024-03-05 16:00:00,-1.35,-6.7588267,none,0.0,61.0,15.696165,28.44,58.712402,1002.23157,
55.89_37.56,2024-04-06 11:00:00,3.0,-1.3867233,none,0.0,1.0,14.241629,27.0,73.637085,995.2622,
55.89_37.56,2024-04-08 14:00:00,16.65,13.372425,none,0.0,0.0,23.675303,42.12,67.24823,993.6756,
55.89_37.59,2023-11-06 02:00:00,8.65,5.607497,rain,1.3,0.0,17.283749,31.68,95.68901,978.44855,
55.89_37.59,2024-03-09 19:00:00,-10.55,-15.814547,none,0.0,58.0,11.966954,15.119999,76.69835,997.47,
55.89_37.59,2024-03-17 18:00:00,1.95,-1.6115489,none,0.0,49.0,9.178235,14.04,82.898766,995.3607,
55.89_37.59,2024-03-20 19:00:00,0.95,-3.0170505,none,0.0,42.0,7.24486,7.5599995,58.859783,1004.08746,
55.89_37.59,2024-04-24 10:00:00,7.25,4.673189,none,0.0,0.0,3.219938,14.4,58.087086,1001.9455,
55.89_37.59,2024-04-24 22:00:00,8.4,3.897707,none,0.0,0.0,15.5843,26.28,52.7441,996.0505,
55.89_37.6,2023-10-06 13:00:00,11.95,9.656629,rain,0.1,0.0,12.496718,29.519999,77.82235,979.59906,
55.89_37.6,2024-02-13 08:00:00,-5.75,-10.806147,snow,0.1,62.0,13.830749,21.599998,87.44831,996.0349,
55.89_37.6,2024-04-05 22:00:00,-1.75,-5.779727,none,0.0,0.0,8.39657,16.56,77.297035,1001.1592,
55.89_37.6,2024-04-24 21:00:00,8.35,3.8722134,none,0.0,0.0,15.517629,28.08,53.31038,996.6492,
55.89_37.61,2023-11-01 19:00:00,10.85,8.098009,none,0.0,0.0,15.379206,26.28,82.849556,984.26746,
55.89_37.61,2024-01-19 08:00:00,-6.35,-11.032839,none,0.0,62.0,11.269782,18.0,91.543045,978.4152,
55.89_37.61,2024-04-26 19:00:00,14.35,14.82373,rain,0.1,0.0,3.396233,34.56,91.89879,991.1899,
55.89_37.61,2024-05-09 15:00:00,3.7,-3.9893498,none,0.0,1.0,31.614477,59.039997,42.302746,998.84595,
55.89_37.62,2023-10-01 14:00:00,15.95,12.631731,none,0.0,0.0,17.731598,34.92,55.89192,994.15533,
55.89_37.62,2023-10-10 18:00:00,3.15,-1.782645,none,0.0,0.0,16.548256,30.599998,64.99035,995.49774,
55.89_37.62,2024-01-13 15:00:00,-21.9,-27.219122,none,0.0,54.000004,9.114471,16.919998,70.6277,996.7639,
55.89_37.63,2023-11-07 08:00:00,8.25,4.745535,none,0.0,0.0,18.11841,33.839996,89.3447,980.3807,
55.89_37.64,2023-11-28 21:00:00,-6.95,-12.941734,none,0.0,20.0,19.130875,34.56,82.99932,989.72046,
55.89_37.65,2024-01-04 12:00:00,-27.1,-32.1846,none,0.0,42.0,6.8777895,14.759999,73.15494,989.36316,
55.89_37.65,2024-03-31 17:00:00,13.9,11.903212,none,0.0,9.0,6.6087217,11.879999,58.32047,996.79016,
55.89_37.65,2024-04-28 22:00:00,8.85,5.7212152,none,0.0,0.0,9.693296,19.08,64.18855,1007.21106,
55.89_37.66,2023-10-06 22:00:00,5.05,-0.96023107,none,0.0,0.0,26.28,50.76,68.1006,988.57495,
55.89_37.66,2023-11-04 14:00:00,4.9,-0.18939495,none,0.0,0.0,22.828087,40.68,82.678566,994.03064,
55.89_37.66,2023-12-16 23:00:00,-5.6,-10.9172,none,0.0,52.0,15.815435,26.64,88.480095,1000.30457,
55.89_37.66,2024-01-20 08:00:00,-8.75,-13.055448,none,0.0,61.0,7.072878,11.159999,88.88654,992.6454,
55.89_37.66,2024-01-25 17:00:00,-2.0,-7.0413284,snow,0.4,58.0,16.981165,29.88,91.8335,982.6475,
55.89_37.66,2024-05-08 16:00:00,3.85,-2.842878,snow,0.5,0.0,26.368616,48.6,50.131126,994.6898,
55.89_37.67,2023-11-12 19:00:00,5.7,0.94709015,rain,0.1,0.0,24.315327,42.839996,95.58831,974.4962,
55.89_37.67,2023-12-16 21:00:00,-5.15,-10.628718,none,0.0,52.0,16.923828,29.88,85.51153,1001.57074,
55.89_37.67,2023-12-26 13:00:00,0.6,-4.252387,snow,0.1,40.0,18.129137,30.599998,92.000145,970.7894,
55.89_37.67,2024-02-01 13:00:00,1.2,-3.1740143,none,0.0,55.0,15.580141,26.28,92.70719,985.2619,
55.89_37.67,2024-02-17 03:00:00,-9.1,-14.396441,none,0.0,72.0,13.684735,22.319998,88.85509,1012.463,
55.89_37.67,2024-03-15 21:00:00,-1.05,-5.641123,none,0.0,52.999996,14.512064,25.56,90.21221,1002.9669,
55.89_37.67,2024-04-25 23:00:00,8.85,7.0565653,none,0.0,0.0,8.373386,10.08,93.12897,991.72363,
55.89_37.67,2024-04-29 14:00:00,17.5,14.993233,none,0.0,0.0,12.144331,26.28,41.439697,1012.3127,
55.89_37.68,2023-11-05 21:00:00,9.3,5.6983356,rain,0.1,0.0,20.94507,37.8,90.964005,982.70166,
55.89_37.69,2023-09-30 00:00:00,12.95,12.039352,none,0.0,0.0,9.0,15.84,89.712875,1002.2604,
55.89_37.69,2023-12-08 00:00:00,-14.8,-20.05563,none,0.0,33.0,10.799999,18.72,84.35833,1020.93524,
55.89_37.69,2024-01-21 00:00:00,-11.2,-16.432098,none,0.0,61.0,12.10157,20.16,86.53915,1000.6346,
55.89_37.69,2024-03-22 04:00:00,-6.9,-11.007393,none,0.0,40.0,6.9153743,11.879999,90.79787,1002.7335,
55.89_37.7,2023-10-12 22:00:00,9.95,5.8769407,none,0.0,0.0,23.749088,45.719997,85.61207,982.9963,
55.89_37.7,2023-11-07 19:00:00,6.65,3.3730917,none,0.0,0.0,14.561099,28.08,91.0957,988.2438,
55.89_37.7,2023-11-14 18:00:00,2.25,-2.5565126,rain,0.2,0.0,19.878391,38.519997,93.771324,983.28925,
55.89_37.7,2024-01-12 07:00:00,-12.7,-19.507645,snow,0.1,54.000004,21.892027,37.8,79.216866,985.4867,
55.89_37.71,2023-10-03 20:00:00,12.6,8.667656,none,0.0,0.0,20.188908,36.36,64.3638,997.28534,
55.89_37.71,2024-01-02 19:00:00,-23.2,-29.755457,none,0.0,42.0,17.49615,30.239998,74.99013,996.7335,
55.89_37.71,2024-01-07 20:00:00,-25.4,-30.847439,none,0.0,47.0,9.605998,20.880001,75.597824,1010.0408,
55.89_37.72,2023-10-12 20:00:00,11.35,7.7281446,rain,0.1,0.0,24.269983,45.36,89.28972,980.70844,
55.8_37.3,2023-12-13 08:00:00,-11.35,-18.17815,snow,0.1,42.0,22.728518,36.719997,82.40535,1000.79315,
55.8_37.31,2023-10-13 20:00:00,7.05,2.9080229,none,0.0,0.0,14.759999,26.28,64.699295,995.7085,
55.8_37.32,2024-01-10 21:00:00,-10.2,-15.815608,snow,0.1,48.0,15.137133,23.4,85.95403,994.11084,
55.8_37.33,2024-01-19 07:00:00,-6.35,-11.115162,none,0.0,58.999996,11.770403,19.8,90.838646,981.362,
55.8_37.33,2024-03-22 08:00:00,-6.3,-10.53174,none,0.0,38.0,8.669949,16.919998,96.61279,1002.29535,
55.8_37.34,2023-09-29 13:00:00,21.3,20.52512,none,0.0,0.0,10.787993,22.68,57.42079,1006.63275,
55.8_37.34,2023-11-29 18:00:00,-3.35,-10.148668,snow,0.1,21.0,27.684914,47.88,89.693634,993.3296,
55.8_37.34,2024-01-06 01:00:00,-21.5,-26.655813,none,0.0,39.0,8.534353,16.919998,88.82099,997.45715,
55.8_37.35,2023-11-29 16:00:00,-4.55,-11.258647,snow,0.1,21.0,25.862436,45.36,86.567764,994.772,
55.8_37.35,2023-12-23 07:00:00,1.1,-4.342175,rain,0.1,38.0,23.0653,40.32,94.394966,966.775,
55.8_37.35,2024-03-20 17:00:00,1.55,-1.3917699,none,0.0,40.0,3.6179552,6.12,77.26467,1008.552,
55.8_37.37,2024-04-30 21:00:00,15.3,12.957312,none,0.0,0.0,11.542478,22.68,59.47404,1009.51764,
55.8_37.38,2023-10-06 16:00:00,6.5,0.18011904,rain,0.3,0.0,34.20568,62.279995,86.74581,984.80884,
55.8_37.38,2023-10-15 05:00:00,13.1,10.152728,none,0.0,0.0,22.545315,40.32,87.66835,983.5412,
55.8_37.38,2023-12-03 07:00:00,-5.3,-10.449352,none,0.0,27.000002,15.30741,26.28,93.02631,993.65576,
55.8_37.39,2023-10-14 18:00:00,12.85,9.152182,rain,5.4,0.0,26.260265,47.519997,85.059044,985.3606,
55.8_37.39,2023-11-30 12:00:00,-2.4,-8.244902,snow,0.1,24.0,21.03152,39.6,82.64213,984.42035,
55.8_37.39,2024-01-25 14:00:00,-0.55,-5.926138,snow,0.2,56.0,20.447239,36.719997,90.91791,982.686,
55.8_37.39,2024-02-03 10:00:00,-7.75,-13.3546295,none,0.0,52.0,16.645864,32.039997,90.38008,979.5541,
55.8_37.39,2024-02-08 21:00:00,-14.65,-21.655472,none,0.0,58.0,22.545315,37.079998,77.90803,981.5976,
55.8_37.39,2024-02-13 17:00:00,-7.85,-13.941018,none,0.0,58.999996,19.161337,32.039997,80.93547,1001.8481,
55.8_37.4,2023-10-18 19:00:00,4.85,2.0580425,rain,0.1,0.0,9.255571,15.84,93.56834,987.5511,
55.8_37.4,2023-11-14 15:00:00,3.3,-1.692594,rain,0.8,0.0,21.980644,40.68,91.51327,981.77856,
55.8_37.4,2023-12-11 19:00:00,-7.4,-14.226032,snow,0.1,40.0,24.766848,42.839996,84.919914,1001.26434,
55.8_37.4,2023-12-15 13:00:00,-7.15,-11.861803,snow,0.4,52.999996,11.090103,22.68,92.920265,989.0071,
55.8_37.4,2023-12-19 14:00:00,1.85,-4.255832,rain,0.1,46.0,28.220419,47.519997,93.079124,983.0979,
55.8_37.4,2024-01-19 15:00:00,-6.05,-10.423212,none,0.0,60.000004,8.350138,17.64,80.880165,983.5763,
55.8_37.4,2024-02-21 14:00:00,-4.35,-10.206256,none,0.0,68.0,19.255793,37.079998,78.05718,1003.4449,
55.8_37.4,2024-04-06 17:00:00,7.45,4.671322,none,0.0,0.0,6.924738,20.880001,69.09769,996.7234,
55.8_37.4,2024-04-09 12:00:00,18.15,16.481537,none,0.0,0.0,13.0447235,27.0,61.989964,997.8521,
55.8_37.41,2024-04-27 12:00:00,11.8,9.528105,rain,0.7,0.0,16.58346,38.519997,91.43714,995.7147,
55.8_37.42,2024-04-14 03:00:00,3.75,1.2285337,none,0.0,0.0,6.151683,10.440001,94.51153,994.8449,
55.8_37.42,2024-05-03 00:00:00,7.1,3.3906174,none,0.0,0.0,11.298495,18.359999,62.418407,1000.50165,
55.8_37.45,2023-10-01 11:00:00,14.25,12.60293,none,0.0,0.0,15.119999,28.44,85.209274,992.8505,
55.8_37.45,2024-01-12 13:00:00,-13.5,-20.568848,none,0.0,56.0,22.61419,32.039997,63.78856,988.926,
55.8_37.47,2023-10-24 18:00:00,-0.9,-5.903591,none,0.0,0.0,15.03835,28.08,72.35248,995.35315,
55.8_37.47,2023-10-31 12:00:00,9.45,7.2103252,none,0.0,3.0,10.587918,20.16,86.441376,994.78546,
55.8_37.47,2023-11-16 17:00:00,-0.3,-4.567168,none,0.0,1.0,11.252519,19.44,78.11818,992.6058,
55.8_37.47,2024-04-10 11:00:00,18.2,17.589151,none,0.0,0.0,9.983106,23.039999,63.669636,1000.62256,
55.8_37.48,2023-10-27 11:00:00,-1.35,-7.184827,none,0.0,3.0,21.794127,37.44,82.77957,985.76196,
55.8_37.48,2023-11-29 12:00:00,-9.6,-15.274707,none,0.0,21.0,15.827721,23.4,86.02114,993.65576,
55.8_37.48,2023-12-27 08:00:00,-4.1,-7.7759404,none,0.0,41.0,6.193674,7.5599995,94.15529,976.0039,
55.8_37.48,2024-03-12 10:00:00,-0.6,-4.819257,none,0.0,60.000004,10.514218,16.919998,76.90781,1005.87787,
55.8_37.48,2024-04-26 17:00:00,20.05,19.519997,none,0.0,0.0,11.570515,28.8,66.41801,989.77405,
55.8_37.48,2024-05-09 12:00:00,3.45,-4.1772666,snow,0.1,1.0,32.25166,56.88,44.751774,997.2556,
55.8_37.49,2023-10-10 19:00:00,2.35,-2.3578115,none,0.0,0.0,14.529915,28.08,66.02603,994.3074,
55.8_37.49,2024-02-24 15:00:00,0.65,-5.3464584,snow,0.1,70.0,25.671307,35.28,89.68479,1005.6302,
55.8_37.49,2024-04-14 10:00:00,11.05,8.896267,none,0.0,0.0,9.178235,20.16,75.06781,989.27856,
55.8_37.5,2023-12-02 16:00:00,-6.25,-10.412381,none,0.0,27.000002,7.8954163,13.679999,92.97216,990.09656,
55.8_37.5,2023-12-27 21:00:00,-4.9,-9.458878,none,0.0,41.0,11.435313,15.119999,91.99159,983.1997,
55.8_37.5,2024-01-15 13:00:00,-2.05,-7.9548717,none,0.0,57.0,22.314192,32.760002,87.479706,972.998,
55.8_37.51,2023-10-21 16:00:00,2.35,-1.407485,none,0.0,0.0,8.891343,19.8,71.11508,1002.2287,
55.8_37.51,2023-11-22 18:00:00,-7.45,-14.1035185,none,0.0,3.0,21.746502,38.16,63.19591,997.57574,
55.8_37.51,2024-02-10 23:00:00,-21.65,-27.280977,none,0.0,61.0,11.681987,14.759999,85.71337,999.3736,
55.8_37.51,2024-03-07 21:00:00,-8.15,-13.24969,none,0.0,61.0,12.599998,16.919998,85.8419,1000.00055,
55.8_37.51,2024-03-28 07:00:00,-3.45,-7.354058,none,0.0,26.0,7.2359104,10.440001,85.05338,996.21674,
55.8_37.51,2024-04-03 09:00:00,14.65,10.804318,none,0.0,2.0,23.051247,40.68,65.04113,972.81573,
55.8_37.51,2024-04-15 21:00:00,4.55,-0.38677478,none,0.0,0.0,21.659916,34.92,84.12114,977.4615,
55.8_37.51,2024-04-26 17:00:00,20.15,18.776588,none,0.0,0.0,16.87398,36.36,65.154686,989.99335,
55.8_37.52,2023-10-13 16:00:00,9.9,5.1166887,none,0.0,0.0,18.448023,35.28,50.898045,992.9527,
55.8_37.52,2023-12-01 14:00:00,-3.65,-8.140863,none,0.0,25.0,11.592894,19.8,89.33045,986.2505,
55.8_37.52,2023-12-19 06:00:00,1.15,-3.5602646,none,0.0,50.0,17.992796,25.919998,93.716774,990.6253,
55.8_37.52,2023-12-29 12:00:00,-0.85,-4.737004,snow,0.1,42.0,10.1887,14.759999,92.58767,981.04596,
55.8_37.52,2024-02-09 07:00:00,-17.95,-25.211174,none,0.0,62.0,23.469128,33.48,79.37028,982.83026,
55.8_37.53,2023-11-17 22:00:00,-7.15,-11.263992,none,0.0,1.0,5.815978,9.72,79.1425,1003.7398,
55.8_37.53,2023-11-24 17:00:00,-6.8,-11.57282,none,0.0,7.0,10.97262,19.44,84.328896,958.3193,
55.8_37.53,2023-12-01 09:00:00,-6.2,-11.063391,none,0.0,25.0,12.224107,18.359999,87.40355,987.456,
55.8_37.53,2024-04-02 09:00:00,12.7,11.381099,none,0.0,6.0,8.669949,16.919998,82.24516,985.56836,
55.8_37.54,2023-10-26 14:00:00,0.75,-5.6104736,none,0.0,1.0,23.143827,40.68,56.379463,995.11804,
55.8_37.54,2024-03-31 11:00:00,11.6,10.9530945,none,0.0,15.000001,0.8049845,14.4,71.15108,998.1894,
55.8_37.55,2023-10-04 17:00:00,13.7,9.950848,rain,0.4,0.0,28.357855,48.239998,85.15053,985.7426,
55.8_37.55,2023-11-08 21:00:00,3.55,0.50948095,none,0.0,0.0,9.021574,16.919998,92.18319,989.45526,
55.8_37.55,2024-02-06 21:00:00,-9.15,-14.46485,none,0.0,58.0,13.708391,19.08,87.799034,975.25385,
55.8_37.55,2024-02-25 19:00:00,-1.0,-7.372334,none,0.0,70.0,24.881702,34.92,76.26378,1007.41547,
55.8_37.56,2023-12-03 17:00:00,-6.2,-12.323707,snow,0.4,32.0,20.991426,32.039997,88.7678,982.8874,
55.8_37.56,2023-12-18 06:00:00,-5.3,-10.843064,none,0.0,52.0,17.731598,24.119999,90.221855,986.4541,
55.8_37.56,2024-03-12 08:00:00,-3.95,-9.07946,none,0.0,61.0,15.349684,22.319998,85.646225,1002.87854,
55.8_37.56,2024-04-27 09:00:00,13.3,11.968367,none,0.0,0.0,12.849528,24.48,90.33388,991.6269,
55.8_37.57,2023-09-27 15:00:00,18.85,17.551533,none,0.0,0.0,6.28713,21.24,51.19003,1009.73486,
55.8_37.57,2023-10-06 21:00:00,4.95,-1.7363544,rain,0.2,0.0,33.004364,56.519997,78.65402,987.45056,
55.8_37.57,2024-01-24 13:00:00,0.1,-5.9196887,none,0.0,62.0,25.630886,36.719997,91.96849,988.9696,
55.8_37.57,2024-04-26 13:00:00,21.3,20.421606,none,0.0,0.0,16.563911,33.48,65.82407,988.52966,
55.8_37.58,2023-10-05 16:00:00,13.45,9.07392,none,0.0,0.0,23.000591,39.96,60.25945,991.87537,
55.8_37.58,2023-10-18 18:00:00,4.75,1.9453154,rain,0.1,0.0,9.007196,14.04,92.5812,985.9276,
55.8_37.58,2023-11-13 21:00:00,3.8,-0.5403528,rain,0.4,0.0,17.935081,29.16,90.57553,978.43,
55.8_37.58,2023-12-04 13:00:00,-6.8,-13.143956,none,0.0,34.0,21.659918,32.039997,83.344826,991.3396,
55.8_37.58,2023-12-18 01:00:00,-3.6,-9.698376,none,0.0,52.0,22.691425,31.319998,89.673195,988.94324,
55.8_37.58,2024-04-11 18:00:00,15.45,11.7340355,none,0.0,0.0,14.408997,29.16,43.233875,999.05133,
55.8_37.58,2024-04-20 12:00:00,9.0,3.9761171,rain,0.1,0.0,21.203358,39.239998,58.11367,996.757,
55.8_37.58,2024-05-08 16:00:00,4.8,-1.967181,snow,0.1,0.0,26.925497,46.8,42.634308,993.4688,
55.8_37.59,2023-10-18 09:00:00,4.1,-0.4466431,none,0.0,0.0,18.214718,32.039997,82.87256,986.70764,
55.8_37.59,2024-02-17 03:00:00,-8.9,-14.255608,none,0.0,75.0,14.168641,19.8,88.52199,1010.55634,
55.8_37.59,2024-02-29 13:00:00,0.8,-4.0241385,none,0.0,68.0,15.978486,23.4,78.003784,1002.99896,
55.8_37.61,2023-10-04 13:00:00,17.0,11.462213,none,0.0,0.0,35.450405,58.679996,57.70201,985.67126,
55.8_37.61,2024-03-19 08:00:00,-0.95,-5.3098445,none,0.0,50.0,13.905509,20.16,96.75856,1003.40216,
55.8_37.61,2024-04-25 10:00:00,15.3,11.278453,none,0.0,0.0,26.437336,47.519997,67.64513,988.44934,
55.8_37.62,2023-10-18 17:00:00,4.85,1.9848795,rain,0.1,0.0,7.6367526,15.4800005,83.26312,987.6327,
55.8_37.62,2023-11-07 21:00:00,6.05,2.5242958,none,0.0,0.0,15.683776,25.199999,92.33351,987.5218,
55.8_37.62,2024-03-11 09:00:00,-8.05,-13.962414,none,0.0,61.0,18.014393,24.84,83.18219,1004.3691,
55.8_37.62,2024-03-18 23:00:00,-1.9,-6.342024,none,0.0,50.0,12.57426,16.919998,88.81157,1001.414,
55.8_37.62,2024-04-18 09:00:00,7.1,4.208541,none,0.0,0.0,10.144082,18.0,80.946465,985.527,
55.8_37.62,2024-05-05 22:00:00,2.65,-0.74916553,none,0.0,0.0,9.605998,11.5199995,87.60977,988.6505,
55.8_37.63,2023-10-27 20:00:00,-1.45,-6.0077114,snow,0.2,7.0,14.417988,23.759998,93.93159,982.17914,
55.8_37.63,2024-01-21 09:00:00,-12.75,-18.067303,none,0.0,63.0,11.988594,19.44,85.31252,1005.17834,
55.8_37.63,2024-04-13 13:00:00,11.9,7.94442,none,0.0,0.0,14.658676,30.599998,45.70793,994.3576,
55.8_37.64,2023-10-12 18:00:00,12.05,7.9913807,none,0.0,0.0,27.553524,50.039997,86.11951,979.4854,
55.8_37.64,2023-11-16 16:00:00,-0.1,-4.552202,none,0.0,1.0,12.605142,24.84,77.56892,990.43,
55.8_37.64,2024-01-24 18:00:00,-0.4,-6.0444827,none,0.0,62.0,22.476227,41.399998,91.26355,988.8441,
55.8_37.64,2024-02-07 19:00:00,-6.5,-12.753052,snow,0.2,62.0,21.659916,37.079998,88.39728,960.42267,
55.8_37.64,2024-02-26 14:00:00,-2.0,-8.277627,none,0.0,70.0,23.441502,41.039997,75.802124,1006.3319,
55.8_37.64,2024-04-25 09:00:00,13.2,9.248749,none,0.0,0.0,23.688984,46.079998,71.21405,988.15295,
55.8_37.69,2023-10-12 08:00:00,8.15,2.401888,rain,0.2,0.0,30.85307,57.6,79.69068,983.8594,
55.8_37.7,2023-10-23 06:00:00,3.05,0.1290245,rain,0.5,0.0,8.699793,17.64,98.24547,988.636,
55.8_37.71,2023-12-19 17:00:00,1.4,-5.182713,snow,0.5,46.0,30.886656,51.839996,92.384026,980.72784,
55.8_37.71,2024-01-15 20:00:00,-2.2,-8.16877,snow,0.2,55.0,23.042812,37.8,90.798645,974.405,
55.8_37.71,2024-04-17 15:00:00,12.0,8.814795,none,0.0,0.0,9.9571085,24.48,51.65959,981.11664,
55.8_37.72,2023-12-03 16:00:00,-6.4,-12.327978,snow,1.3,30.000002,19.586117,33.48,89.4401,988.2247,
55.8_37.72,2024-01-15 07:00:00,-4.3,-10.549561,none,0.0,54.000004,23.0653,38.519997,88.26131,974.6243,
55.8_37.72,2024-02-07 13:00:00,-6.65,-13.334028,snow,0.6,56.0,24.312662,45.0,86.00855,968.43726,
55.8_37.73,2023-10-22 14:00:00,2.8,-1.3907554,none,0.0,0.0,13.493999,25.56,78.03568,1003.1686,
55.8_37.73,2023-12-08 13:00:00,-13.9,-20.185133,none,0.0,33.0,17.87718,31.68,78.692184,1021.2284,
55.8_37.73,2024-01-05 10:00:00,-22.9,-27.925856,none,0.0,41.0,7.24486,14.04,83.28468,993.62195,
55.8_37.73,2024-03-22 23:00:00,1.25,-4.145198,none,0.0,37.0,21.2522,35.28,84.031525,993.3399,
55.8_37.74,2023-11-13 22:00:00,4.3,-0.9622867,rain,0.5,0.0,24.75638,41.399998,89.97217,981.35205,
55.8_37.74,2023-12-13 16:00:00,-12.25,-19.110264,none,0.0,43.0,22.493519,38.16,80.60635,1004.6453,
55.8_37.74,2024-04-03 14:00:00,12.2,5.267645,none,0.0,1.0,36.918873,74.159996,54.72733,975.3049,
55.8_37.74,2024-04-09 01:00:00,10.2,8.850226,none,0.0,0.0,7.5599995,16.56,92.57378,999.404,
55.8_37.75,2023-10-24 10:00:00,2.0,-2.2057588,none,0.0,0.0,14.05845,27.0,85.35341,991.0777,
55.8_37.75,2023-10-27 18:00:00,-1.45,-6.0664783,snow,1.7,5.0,14.685176,27.359999,92.8953,985.44904,
55.8_37.75,2023-11-12 17:00:00,5.25,0.47129536,none,0.0,0.0,23.847115,42.12,95.57264,977.9091,
55.8_37.75,2023-11-21 21:00:00,-8.1,-14.181707,none,0.0,2.0,17.533146,32.399998,62.776737,996.2353,
55.8_37.75,2023-12-05 07:00:00,-11.1,-15.036831,none,0.0,33.0,3.396233,5.3999996,88.67283,998.8507,
55.8_37.75,2023-12-21 09:00:00,0.2,-4.1562724,snow,0.1,39.0,14.77755,24.84,95.044395,975.455,
55.8_37.75,2023-12-23 09:00:00,1.35,-3.399404,none,0.0,38.0,18.532135,31.68,94.06588,966.7152,
55.8_37.77,2023-11-21 21:00:00,-8.1,-14.181707,none,0.0,2.0,17.533146,32.399998,62.776737,995.8519,
55.8_37.77,2023-11-28 22:00:00,-6.85,-12.78412,none,0.0,20.0,18.792551,34.2,83.0125,990.5567,
55.8_37.78,2024-02-02 19:00:00,-4.55,-10.925245,none,0.0,54.000004,22.91026,40.68,80.16411,981.0317,
55.8_37.79,2023-12-20 18:00:00,1.25,-3.0165067,none,0.0,37.0,15.0038395,28.8,93.38346,979.6357,
55.8_37.79,2024-02-05 08:00:00,-5.05,-9.947336,none,0.0,55.0,13.441071,23.039999,89.89684,965.47784,
55.8_37.8,2023-10-08 19:00:00,2.3,-3.3301225,rain,0.2,0.0,25.071096,45.36,90.79144,965.4566,
55.8_37.8,2023-10-25 21:00:00,-2.6,-6.6907597,none,0.0,0.0,7.2805495,11.879999,69.565285,998.8287,
55.8_37.8,2023-12-12 09:00:00,-7.1,-13.693621,snow,0.1,41.0,23.4,38.16,85.62319,998.36523,
55.8_37.8,2024-01-28 17:00:00,-6.8,-10.8817005,none,0.0,58.0,6.379216,9.72,85.99202,1011.70496,
55.8_37.8,2024-02-01 08:00:00,0.35,-4.154298,none,0.0,55.0,15.844089,25.56,94.36129,989.36633,
55.8_37.8,2024-02-06 12:00:00,-3.55,-8.980522,none,0.0,55.0,17.238699,30.599998,81.55045,972.3465,
55.8_37.8,2024-02-10 03:00:00,-22.45,-27.602205,none,0.0,58.0,8.209263,10.799999,84.09769,990.5861,
55.8_37.8,2024-03-22 12:00:00,-0.4,-4.1067095,none,0.0,38.0,9.0,19.8,89.93044,998.27704,
55.8_37.8,2024-04-04 17:00:00,3.1,-2.1369524,none,0.0,0.0,18.03237,32.760002,61.909153,991.55023,
55.8_37.8,2024-05-08 16:00:00,5.1,-1.329397,none,0.0,0.0,25.455843,47.88,42.56106,993.9269,
55.8_37.81,2023-11-10 13:00:00,6.2,2.2970772,none,0.0,0.0,14.512064,28.08,74.75063,997.0952,
55.8_37.81,2023-11-17 15:00:00,-4.5,-8.622213,none,0.0,1.0,5.5887027,21.599998,61.928093,1000.65967,
55.8_37.81,2023-12-18 21:00:00,1.3,-3.3420389,none,0.0,50.0,17.418196,32.039997,92.044136,987.229,
55.8_37.81,2024-03-27 00:00:00,0.0,-3.5404487,none,0.0,25.0,7.628263,15.4800005,85.76003,992.5356,
55.8_37.82,2023-11-10 16:00:00,5.1,2.4337616,none,0.0,0.0,6.151683,21.24,81.24535,997.7954,
55.8_37.83,2023-11-27 08:00:00,-0.25,-5.5049853,snow,1.4,20.0,20.288164,41.760002,93.64633,965.055,
55.8_37.83,2024-02-22 09:00:00,-4.45,-9.858402,none,0.0,69.0,16.981165,32.399998,86.24783,998.8625,
55.8_37.84,2023-11-11 19:00:00,3.2,-0.65521455,none,0.0,0.0,14.241629,25.199999,92.49091,993.0526,
55.8_37.84,2024-02-14 20:00:00,-10.15,-16.812416,none,0.0,60.000004,21.313093,38.88,70.75175,1008.7239,
55.8_37.84,2024-03-19 20:00:00,0.25,-3.5808966,none,0.0,42.0,10.041354,17.28,87.05891,1001.50336,
55.91_37.38,2024-04-24 12:00:00,9.7,7.1669073,none,0.0,0.0,4.829907,20.519999,49.38657,999.16296,
55.91_37.39,2023-10-24 22:00:00,-1.05,-5.33282,none,0.0,1.0,9.19939,20.880001,66.507805,992.9563,
55.91_37.39,2024-01-17 10:00:00,-12.8,-19.500664,none,0.0,55.0,20.929596,39.6,75.66462,978.9694,
55.91_37.39,2024-04-19 21:00:00,3.35,-3.7205563,none,0.0,0.0,33.809345,62.639996,78.12264,975.33093,
55.91_37.42,2024-02-16 08:00:00,-10.35,-15.567363,none,0.0,70.0,12.475961,23.039999,88.03302,1010.03955,
55.91_37.53,2023-11-05 20:00:00,9.55,5.967004,rain,1.1,0.0,21.2522,37.44,90.981094,979.66345,
55.91_37.53,2024-01-30 22:00:00,-3.65,-7.752857,none,0.0,57.0,9.511088,10.799999,94.53155,1007.479,
55.91_37.54,2023-10-04 18:00:00,13.3,9.755806,none,0.0,0.0,25.40743,47.519997,83.148254,984.4671,
55.91_37.54,2023-10-30 09:00:00,-1.8,-6.0784144,snow,1.0,9.0,11.966954,20.519999,92.18833,991.3554,
55.91_37.54,2023-11-21 22:00:00,-8.15,-13.962772,none,0.0,2.0,15.937878,29.16,66.17543,991.9694,
55.91_37.54,2023-12-06 19:00:00,-14.8,-18.986431,none,0.0,33.0,3.6179552,4.68,87.590775,1008.56537,
55.91_37.54,2024-02-21 11:00:00,-8.1,-13.845549,none,0.0,72.0,16.766108,27.0,82.19295,1000.5838,
55.91_37.54,2024-03-17 01:00:00,-4.3,-8.393169,none,0.0,52.999996,8.350138,12.599999,88.93618,995.34607,
55.91_37.55,2023-11-07 22:00:00,5.55,2.0862703,none,0.0,0.0,14.759999,24.84,93.27697,985.0862,
55.91_37.55,2024-02-08 12:00:00,-16.55,-23.210165,none,0.0,61.0,19.386593,32.039997,71.48399,974.8803,
55.91_37.55,2024-03-11 01:00:00,-10.55,-15.476222,none,0.0,58.0,9.387651,15.4800005,72.727745,1000.7123,
55.91_37.56,2023-12-06 03:00:00,-11.4,-14.903853,none,0.0,33.0,0.35999998,2.8799999,89.72635,1004.6708,
55.91_37.56,2023-12-27 12:00:00,-2.6,-6.3433228,none,0.0,40.0,7.491114,12.24,91.1099,975.0819,
55.91_37.56,2024-02-14 20:00:00,-10.0,-16.901314,none,0.0,61.0,23.110205,36.719997,72.24562,1007.92285,
55.91_37.56,2024-03-15 22:00:00,-1.8,-6.0974226,none,0.0,54.000004,11.923557,19.8,90.82777,998.89825,
55.91_37.57,2023-10-27 09:00:00,-2.0,-7.7025795,none,0.0,2.0,20.326454,37.44,82.383804,985.6058,
55.91_37.57,2023-11-07 15:00:00,8.85,5.5483036,rain,0.1,0.0,15.941944,30.960001,82.88558,983.966,
55.91_37.58,2023-11-23 16:00:00,-7.95,-14.5145645,snow,0.5,3.0,21.647945,40.68,72.077194,974.9864,
55.91_37.58,2023-12-09 19:00:00,-14.2,-20.493395,snow,0.1,36.0,17.917007,29.519999,80.30772,1010.6344,
55.91_37.59,2023-10-01 09:00:00,12.9,11.214803,rain,1.9,0.0,14.84318,31.319998,91.50756,990.995,
55.91_37.59,2023-10-09 11:00:00,3.75,-1.9388921,none,0.0,0.0,25.476198,46.8,81.9395,978.7649,
55.91_37.59,2023-11-10 23:00:00,2.75,-1.0273468,none,0.0,0.0,12.879752,21.599998,90.823616,998.06506,
55.91_37.59,2024-02-05 19:00:00,-6.65,-11.257763,none,0.0,57.0,10.195057,15.4800005,87.35854,965.5754,
55.91_37.59,2024-04-12 16:00:00,13.35,8.893639,rain,0.2,0.0,23.936617,51.12,61.709408,992.0844,
55.92_37.37,2024-01-14 10:00:00,-17.7,-24.150902,none,0.0,54.000004,18.0,33.12,80.10011,983.91187,
55.92_37.39,2024-04-29 21:00:00,14.4,12.385675,none,0.0,0.0,4.3349743,5.04,50.335724,1010.0788,
55.92_37.4,2023-10-01 19:00:00,11.7,9.237318,none,0.0,0.0,10.8955765,19.44,70.68278,989.9128,
55.92_37.4,2024-04-22 09:00:00,15.1,12.323448,none,0.0,0.0,21.897945,44.28,78.300606,986.01227,
55.92_37.53,2024-02-09 10:00:00,-16.0,-22.408926,none,0.0,61.0,17.935081,27.359999,74.74262,980.9175,
55.92_37.54,2023-11-14 11:00:00,1.95,-1.5487385,snow,0.7,0.0,11.200571,25.56,97.52954,978.2118,
55.92_37.54,2023-12-03 08:00:00,-5.9,-11.018717,none,0.0,26.0,14.618837,24.48,92.28057,989.866,
55.92_37.54,2024-01-04 13:00:00,-25.7,-30.657253,none,0.0,43.0,6.12,12.599999,70.74891,987.0283,
55.92_37.54,2024-01-06 15:00:00,-16.25,-21.189245,none,0.0,47.0,8.049845,14.4,81.01551,989.8726,
55.92_37.54,2024-01-08 04:00:00,-26.05,-31.222982,none,0.0,48.0,7.653705,11.879999,76.17944,1006.1809,
55.92_37.54,2024-02-04 12:00:00,0.45,-5.941366,none,0.0,58.0,27.086262,43.56,82.401024,961.5354,
55.92_37.54,2024-03-27 13:00:00,5.15,1.7930112,none,0.0,26.0,8.647496,15.84,54.425926,994.3792,
55.92_37.55,2023-10-31 20:00:00,6.25,3.3532043,none,0.0,2.0,12.475961,20.519999,95.939095,990.4953,
55.93_37.36,2024-01-22 14:00:00,-10.8,-17.02978,none,0.0,58.999996,19.164717,38.16,87.283356,1007.88184,
55.93_37.38,2023-10-24 00:00:00,1.25,-3.2004178,snow,0.5,0.0,16.92383,29.88,97.515526,980.84814,
55.93_37.38,2023-11-30 13:00:00,-3.1,-8.7680645,snow,0.1,24.0,19.296133,40.32,82.54962,979.5464,
55.93_37.38,2024-01-25 19:00:00,-2.4,-7.1893673,snow,0.4,58.0,15.124284,27.359999,93.53585,979.9264,
55.93_37.38,2024-01-28 06:00:00,-6.2,-10.014931,none,0.0,58.0,5.4477882,10.799999,91.906906,1004.81946,
55.93_37.39,2023-11-27 14:00:00,2.05,-3.428921,rain,0.1,21.0,24.033876,45.0,92.422874,961.3933,
55.93_37.52,2023-10-27 17:00:00,-1.5,-6.2930665,snow,0.9,4.0,15.5843,31.319998,90.849525,980.17737,
55.93_37.54,2024-03-01 18:00:00,-0.25,-3.6098313,none,0.0,64.0,6.297428,6.8399997,86.688354,1006.21893,
55.93_37.55,2023-09-28 19:00:00,15.75,13.538641,none,0.0,0.0,14.118243,23.759998,65.9439,1001.74915,
55.93_37.55,2023-11-03 19:00:00,-0.6,-4.01863,none,0.0,0.0,6.6087217,10.799999,88.270164,995.00104,
55.93_37.55,2023-12-16 23:00:00,-5.95,-11.070787,none,0.0,52.0,14.241629,22.68,88.44798,996.77673,
55.93_37.55,2024-05-01 07:00:00,11.8,10.019889,none,0.0,0.0,8.714677,16.199999,77.7992,1001.9324,
55.93_37.55,2024-05-04 03:00:00,-0.25,-3.9327066,none,0.0,0.0,7.24486,12.24,77.8348,993.78766,
55.93_37.56,2024-01-15 20:00:00,-2.35,-8.160901,snow,0.2,56.0,21.96,37.079998,91.810684,969.72833,
55.94_37.35,2023-12-11 13:00:00,-7.3,-13.442628,none,0.0,38.0,20.364674,39.6,87.635216,999.0044,
55.94_37.36,2023-11-09 00:00:00,2.4,-0.31091523,none,0.0,0.0,6.0347,13.32,95.813255,987.5855,
55.94_37.36,2023-12-29 05:00:00,-6.65,-11.323725,none,0.0,39.0,10.829958,19.44,89.41892,984.14984,
55.94_37.37,2023-10-09 05:00:00,2.0,-3.5657172,none,0.0,0.0,24.798225,50.039997,93.75899,971.3624,
55.94_37.38,2024-03-27 08:00:00,1.45,-2.2721016,none,0.0,27.000002,8.557102,18.359999,75.27595,993.8921,
55.94_37.41,2024-03-02 22:00:00,-1.85,-6.1850715,none,0.0,61.0,12.181624,22.319998,91.16272,1007.7597,
55.94_37.54,2023-11-01 14:00:00,13.95,12.044294,none,0.0,0.0,15.716793,33.48,83.77963,983.2752,
55.94_37.54,2023-11-25 05:00:00,-7.85,-12.863975,none,0.0,9.0,12.4811535,22.68,89.667114,964.51276,
55.94_37.54,2024-01-16 04:00:00,-2.65,-8.35351,snow,0.1,57.0,20.60823,32.760002,88.74552,969.62787,
55.94_37.55,2023-12-22 14:00:00,-1.95,-7.8965945,none,0.0,38.0,22.682856,36.0,87.48944,967.4173,
55.94_37.55,2024-04-27 02:00:00,11.35,10.888441,none,0.0,0.0,5.815978,11.159999,99.34001,990.4099,
55.95_37.2,2023-10-21 17:00:00,2.0,-1.7650108,none,0.0,0.0,8.4963045,20.519999,70.25875,998.73956,
55.95_37.34,2023-11-22 12:00:00,-7.55,-13.323386,none,0.0,2.0,15.379206,31.68,59.67037,992.8139,
55.95_37.35,2023-12-01 20:00:00,-4.8,-9.029905,snow,0.2,25.0,9.504273,18.0,94.48004,978.8365,
55.95_37.35,2024-05-01 16:00:00,17.85,13.637224,none,0.0,0.0,17.429354,36.719997,34.451767,998.38806,
55.95_37.36,2024-03-25 17:00:00,5.4,2.256868,none,0.0,30.000002,2.9024127,7.92,49.07509,984.91595,
55.95_37.54,2023-12-10 19:00:00,-11.1,-17.620808,snow,0.1,38.0,20.87379,34.56,84.81574,1005.64435,
55.95_37.54,2023-12-14 14:00:00,-10.95,-17.055315,none,0.0,42.0,18.089775,29.519999,84.833855,1000.99866,
55.95_37.54,2024-03-22 22:00:00,0.45,-4.165945,none,0.0,39.0,15.0038395,23.759998,83.01156,989.75494,
55.95_37.54,2024-03-29 15:00:00,4.6,0.8064203,none,0.0,20.0,14.003029,26.64,84.72838,982.2271,
55.95_37.55,2023-10-18 10:00:00,4.25,-0.39942527,none,0.0,0.0,18.919704,34.92,82.00584,985.4809,
55.95_37.55,2023-11-09 07:00:00,1.4,-1.350841,none,0.0,0.0,5.495161,6.8399997,97.86965,986.2345,
55.95_37.55,2023-11-10 15:00:00,5.85,2.0010567,none,0.0,0.0,14.021525,27.72,76.03488,994.49615,
55.95_37.55,2023-11-16 22:00:00,-1.75,-6.4984365,none,0.0,1.0,13.324863,25.919998,77.297035,990.23254,
55.95_37.56,2024-02-02 20:00:00,-4.55,-10.547108,snow,0.2,55.0,20.545246,34.56,82.35572,976.1261,
55.96_37.2,2024-03-10 06:00:00,-11.0,-15.681402,none,0.0,57.0,8.049845,12.959999,80.794365,994.52704,
55.96_37.35,2024-02-07 04:00:00,-11.25,-15.16318,none,0.0,55.0,3.4152596,4.68,92.676575,972.87463,
55.97_37.15,2023-11-04 18:00:00,4.5,0.44133615,rain,0.3,0.0,17.873556,37.8,95.54635,987.3204,
55.97_37.15,2023-12-29 18:00:00,1.7,-2.8970795,none,0.0,40.0,17.057314,32.399998,89.12084,976.9212,
55.97_37.15,2024-02-21 13:00:00,-4.7,-10.40041,none,0.0,69.0,17.873554,35.64,77.09783,996.54877,
55.97_37.18,2023-10-13 14:00:00,11.1,5.480603,none,0.0,0.0,23.499481,52.199997,44.820877,985.27295,
55.97_37.18,2023-12-14 07:00:00,-11.6,-17.66776,snow,0.2,42.0,17.555307,33.12,84.755066,997.75745,
55.98_37.15,2023-10-07 13:00:00,4.5,-0.31845975,rain,2.0,0.0,22.682856,46.44,93.55068,966.7992,
55.98_37.15,2023-10-25 10:00:00,-1.2,-4.784963,none,0.0,1.0,4.379589,12.959999,66.98507,994.2013,
55.98_37.15,2023-11-21 16:00:00,-8.9,-14.844341,none,0.0,1.0,16.179985,34.2,61.300365,988.95416,
55.98_37.15,2024-01-18 17:00:00,-9.35,-17.427662,snow,1.2,56.0,32.20944,63.36,83.01061,974.71484,
55.98_37.15,2024-02-10 15:00:00,-13.65,-18.099358,none,0.0,58.0,5.1919937,13.679999,75.19087,992.35657,
55.98_37.15,2024-02-25 14:00:00,-0.9,-6.324785,snow,0.1,66.0,19.829433,38.519997,86.30048,1001.97046,
55.98_37.15,2024-04-30 06:00:00,10.6,7.4752026,none,0.0,0.0,13.891522,24.48,70.95806,1007.5123,
55.98_37.16,2023-09-30 14:00:00,21.2,18.53899,none,0.0,0.0,20.774214,44.639996,52.85468,991.6729,
55.98_37.16,2023-10-29 22:00:00,-1.3,-5.4337144,none,0.0,9.0,10.587917,21.599998,85.9373,988.5658,
55.98_37.16,2023-12-28 13:00:00,-4.05,-9.477548,none,0.0,39.0,17.287498,35.28,85.308914,987.9171,
55.98_37.16,2024-04-21 14:00:00,15.05,9.185806,rain,0.1,0.0,32.44996,67.32,52.483257,991.176,
55.98_37.17,2023-10-05 16:00:00,12.7,8.916837,none,0.0,0.0,19.011953,44.28,63.503345,986.4491,
55.98_37.17,2023-12-20 07:00:00,1.3,-3.2127442,snow,0.8,39.0,16.854767,29.88,94.06352,971.8546,
55.98_37.18,2024-01-19 00:00:00,-2.45,-6.2314463,snow,0.6,61.0,8.427383,19.44,95.64631,966.8264,
55.98_37.18,2024-04-17 07:00:00,7.5,4.9924784,rain,0.1,0.0,11.043261,20.16,93.057205,971.6375,
55.98_37.18,2024-04-28 20:00:00,10.95,7.2777348,none,0.0,0.0,12.57426,21.599998,53.05469,1002.11914,
55.98_37.19,2024-02-21 09:00:00,-10.0,-15.3498955,none,0.0,69.0,13.5515,24.119999,88.06682,996.2794,
55.99_37.15,2024-03-28 10:00:00,2.8,-0.6353278,none,0.0,29.0,5.8048253,14.759999,63.949654,990.4749,
55.99_37.17,2024-01-24 15:00:00,0.35,-4.902464,none,0.0,58.0,20.46941,40.32,90.982,983.478,
55.99_37.18,2023-12-27 10:00:00,-3.65,-7.1602926,none,0.0,39.0,5.4477882,10.08,94.53155,970.11554,
55.99_37.19,2023-10-11 20:00:00,5.4,-1.394124,none,0.0,0.0,28.712116,55.079998,52.696804,987.89484,
55.99_37.19,2023-11-17 15:00:00,-3.8,-8.581474,none,0.0,1.0,9.983106,23.4,57.60286,995.9716,
55.99_37.19,2024-02-15 13:00:00,-11.55,-17.998264,snow,0.2,68.0,19.862083,38.88,79.40116,1006.4623,
55.99_37.19,2024-03-19 11:00:00,1.05,-2.5318742,none,0.0,46.0,9.3669195,20.880001,88.74204,998.8686,
55.99_37.19,2024-04-19 11:00:00,11.95,8.8379965,none,0.0,0.0,21.746502,41.039997,88.74271,965.9713,
55.99_37.19,2024-04-26 19:00:00,14.05,13.9638405,rain,0.4,0.0,7.2359104,21.96,93.70093,984.67487,
55.99_37.21,2023-10-24 06:00:00,1.1,-2.814517,none,0.0,0.0,12.429127,24.84,93.37559,982.7678,
55.99_37.21,2023-12-19 13:00:00,1.65,-3.7610388,rain,0.2,45.0,23.34455,43.56,93.74165,975.9969,
55.99_37.21,2024-03-29 18:00:00,4.65,0.80839443,none,0.0,23.0,13.910169,24.119999,82.35218,977.4467,
55.99_37.23,2023-11-10 19:00:00,3.2,-0.37855577,none,0.0,0.0,12.224107,21.599998,91.8337,991.4878,
55.99_37.23,2023-11-21 06:00:00,-10.05,-15.894932,none,0.0,1.0,15.629972,30.239998,69.052925,987.70966,
55.99_37.24,2024-04-23 08:00:00,6.45,2.150362,none,0.0,0.0,14.917212,31.319998,63.403282,994.2193,
55.9_37.38,2023-09-29 07:00:00,12.05,11.005605,none,0.0,0.0,7.5685663,14.04,88.16021,1002.71295,
55.9_37.39,2023-10-07 03:00:00,1.5,-2.7344534,none,0.0,0.0,13.441071,30.239998,83.4494,986.2672,
55.9_37.4,2023-09-29 08:00:00,12.05,11.005605,none,0.0,0.0,7.5685663,14.04,88.16021,1001.8759,
55.9_37.4,2023-11-15 19:00:00,1.45,-1.7496719,none,0.0,0.0,7.42159,13.32,90.402016,981.6981,
55.9_37.4,2024-01-12 05:00:00,-12.9,-20.220768,none,0.0,54.000004,25.233404,44.639996,77.23661,982.01086,
55.9_37.4,2024-02-03 17:00:00,-2.65,-7.3965173,snow,0.1,54.000004,14.618837,25.56,93.522835,970.33844,
55.9_37.4,2024-04-17 14:00:00,12.15,8.709826,none,0.0,0.0,9.726665,25.199999,45.287342,975.4451,
55.9_37.42,2023-10-21 13:00:00,4.25,-0.08221817,none,0.0,0.0,14.264361,30.599998,69.43591,997.58624,
55.9_37.43,2024-03-22 14:00:00,2.8,-1.0550241,none,0.0,39.0,11.879999,15.4800005,76.06676,993.8758,
55.9_37.43,2024-05-02 06:00:00,6.9,3.1849203,none,0.0,0.0,13.044722,23.759998,70.47941,998.53076,
55.9_37.5,2023-10-19 21:00:00,3.75,1.7169151,none,0.0,0.0,3.319036,6.12,97.2215,987.0815,
55.9_37.52,2023-11-04 16:00:00,4.55,-0.119501114,rain,0.2,0.0,21.203358,36.36,90.95071,990.42645,
55.9_37.52,2024-04-14 11:00:00,12.55,8.935945,rain,0.1,0.0,18.161278,34.2,65.02231,985.7771,
55.9_37.52,2024-04-23 16:00:00,12.15,7.838146,none,0.0,0.0,16.263872,31.319998,46.947033,997.9664,
55.9_37.53,2024-02-27 19:00:00,-4.05,-9.532366,none,0.0,67.0,17.283749,27.72,81.793526,1006.37964,
55.9_37.54,2023-12-30 17:00:00,1.5,-2.4749355,none,0.0,42.0,13.004922,20.519999,91.72435,978.96204,
55.9_37.54,2024-01-13 10:00:00,-29.7,-35.957344,none,0.0,55.0,14.773164,16.56,81.5129,991.0169,
55.9_37.54,2024-04-25 08:00:00,10.95,6.517518,none,0.0,0.0,24.482647,44.28,74.53683,986.26117,
55.9_37.55,2024-01-06 17:00:00,-17.35,-21.94331,none,0.0,47.0,5.3517847,9.36,80.15553,991.0089,
55.9_37.57,2023-10-17 11:00:00,3.3,-2.948638,none,0.0,0.0,29.035288,51.12,83.069786,981.80426,
55.9_37.57,2024-04-05 14:00:00,2.55,-1.1290183,none,0.0,0.0,9.387651,24.48,55.37221,1001.15607,
55.9_37.57,2024-04-06 22:00:00,1.65,-1.8731825,none,0.0,0.0,9.746631,16.199999,89.76471,995.089,
55.9_37.57,2024-04-13 17:00:00,12.65,9.296576,none,0.0,0.0,10.685391,21.599998,48.281353,992.388,
55.9_37.58,2024-04-18 20:00:00,5.9,1.4105201,rain,0.4,0.0,21.794127,38.16,91.04432,985.2753,
55.9_37.58,2024-04-26 08:00:00,13.75,13.244976,none,0.0,0.0,7.289444,16.199999,88.01678,988.4284,
55.9_37.58,2024-04-30 20:00:00,17.45,14.984123,none,0.0,0.0,11.966953,25.56,50.988483,1004.1489,
55.9_37.59,2023-10-09 15:00:00,3.95,-1.7490339,none,0.0,0.0,25.772078,47.88,81.96608,979.79816,
55.9_37.59,2023-10-20 18:00:00,3.9,-0.15499496,rain,0.2,0.0,15.978484,27.72,89.94124,991.6118,
55.9_37.59,2024-01-05 00:00:00,-28.25,-33.705276,none,0.0,42.0,9.339208,15.119999,75.750916,989.27295,
55.9_37.59,2024-01-13 12:00:00,-24.0,-29.831593,none,0.0,54.000004,12.287555,16.56,68.864075,993.3101,
55.9_37.59,2024-01-14 20:00:00,-12.1,-18.16883,none,0.0,54.000004,17.298738,27.359999,83.661,978.1892,
55.9_37.59,2024-04-01 18:00:00,15.95,12.495802,none,0.0,4.0,19.416653,32.760002,57.636696,985.99426,
55.9_37.59,2024-05-07 21:00:00,2.35,-2.0492167,rain,0.1,0.0,14.973577,28.8,80.863594,988.8513,
55.9_37.6,2023-10-01 04:00:00,13.7,11.184681,none,0.0,0.0,16.299694,27.359999,75.51496,991.04987,
55.9_37.6,2023-12-25 18:00:00,-3.2,-8.079937,none,0.0,38.0,14.48972,22.68,88.36257,969.6551,
55.9_37.6,2024-01-25 19:00:00,-2.3,-7.184747,snow,0.4,58.999996,15.778516,25.199999,92.84679,983.2379,
55.9_37.6,2024-05-02 07:00:00,7.65,3.9792347,none,0.0,0.0,11.753876,24.48,63.000767,999.8467,
55.9_37.61,2023-10-03 22:00:00,12.4,8.199488,none,0.0,0.0,21.26744,38.16,62.996677,995.1809,
55.9_37.61,2023-10-10 17:00:00,3.25,-1.6993258,none,0.0,0.0,17.339897,36.0,68.21506,995.01434,
55.9_37.61,2023-11-20 19:00:00,-7.25,-12.9531975,none,0.0,1.0,15.2947035,29.16,62.99011,994.57385,
55.9_37.61,2023-11-22 02:00:00,-7.55,-13.239273,snow,0.1,2.0,15.646544,29.88,69.880585,996.84393,
55.9_37.61,2024-01-05 16:00:00,-21.15,-26.057888,none,0.0,42.0,6.6185193,11.879999,78.13592,992.1272,
55.9_37.61,2024-02-11 11:00:00,-12.35,-18.143353,none,0.0,60.000004,14.973577,25.919998,77.652855,1001.33453,
55.9_37.61,2024-04-24 18:00:00,12.05,8.740018,none,0.0,0.0,9.565437,16.919998,47.768642,998.29675,
55.9_37.62,2023-11-01 22:00:00,11.35,8.803507,none,0.0,0.0,14.408997,27.0,81.51884,984.14435,
55.9_37.62,2023-11-11 18:00:00,3.65,-0.15264606,none,0.0,0.0,14.003029,24.119999,90.24272,996.2193,
55.9_37.63,2023-12-11 11:00:00,-7.55,-13.909403,snow,0.1,38.0,21.650938,35.28,86.92632,1005.23376,
55.9_37.63,2024-02-05 17:00:00,-5.35,-9.582136,none,0.0,57.0,7.928178,12.24,82.24742,964.7696,
55.9_37.64,2023-12-14 17:00:00,-10.75,-17.203274,snow,0.1,43.0,20.497883,33.839996,83.834984,1001.98926,
55.9_37.66,2023-10-02 12:00:00,12.4,9.96283,none,0.0,0.0,13.570615,27.72,75.809746,994.7842,
55.9_37.66,2023-11-18 07:00:00,-8.3,-12.280765,none,0.0,1.0,5.1165614,7.2,89.27751,1003.73883,
55.9_37.66,2024-01-12 01:00:00,-15.05,-22.58573,none,0.0,54.000004,25.744402,47.16,70.888306,982.6222,
55.9_37.66,2024-04-22 13:00:00,15.95,11.484578,none,0.0,0.0,27.51116,52.56,56.08345,990.4172,
55.9_37.67,2023-10-03 18:00:00,13.25,9.757223,none,0.0,0.0,18.278645,33.839996,64.73137,997.55927,
55.9_37.67,2024-04-09 10:00:00,15.3,14.245333,none,0.0,0.0,7.145796,18.72,70.18817,999.4163,
55.9_37.68,2023-10-28 00:00:00,-1.2,-5.2068057,snow,0.1,7.0,10.823973,22.319998,93.59787,983.18256,
55.9_37.68,2024-02-29 19:00:00,0.25,-3.7215056,none,0.0,64.0,10.630672,18.359999,84.53204,1005.7875,
55.9_37.68,2024-03-13 11:00:00,-1.7,-5.6198683,none,0.0,56.0,7.5685663,15.119999,76.43204,1009.0629,
55.9_37.68,2024-04-29 21:00:00,8.85,6.241994,none,0.0,0.0,9.178235,9.72,75.474014,1014.40466,
56.01_37.19,2023-12-11 08:00:00,-8.7,-14.75374,snow,0.1,38.0,19.008545,35.28,87.84305,997.6458,
56.01_37.19,2024-05-02 10:00:00,9.6,5.349231,none,0.0,0.0,15.84,34.92,55.21639,993.8109,
56.01_37.2,2024-02-07 01:00:00,-12.3,-17.151945,none,0.0,54.000004,9.449572,10.799999,93.745255,970.2274,
56.01_37.21,2024-02-03 19:00:00,-2.7,-7.4085007,snow,0.1,52.999996,14.4,26.64,94.22128,966.02466,
56.02_37.2,2023-10-27 17:00:00,-1.85,-6.8343406,snow,0.9,4.0,16.676977,33.12,91.50243,976.0055,
56.0_37.16,2024-04-27 07:00:00,9.9,8.072097,rain,0.1,0.0,10.931203,22.68,94.768555,988.3136,
56.0_37.17,2024-04-20 21:00:00,5.05,1.4485235,none,0.0,0.0,9.659814,16.919998,67.60691,993.15076,
56.0_37.19,2023-12-30 17:00:00,1.75,-2.5369754,none,0.0,41.0,15.30741,28.08,91.08038,975.1106,
56.0_37.19,2024-04-09 06:00:00,8.7,6.842581,none,0.0,0.0,8.049845,14.04,91.233986,992.25885,
56.0_37.2,2023-11-02 11:00:00,6.95,3.107172,rain,0.3,0.0,19.0392,37.079998,91.74942,976.35077,
56.0_37.2,2024-03-14 16:00:00,2.85,-1.3886361,none,0.0,55.0,10.8955765,24.84,61.38681,995.42615,
56.0_37.21,2023-10-04 18:00:00,12.9,9.383013,none,0.0,0.0,23.83896,50.039997,81.44816,981.76685,
56.0_37.21,2023-10-10 08:00:00,0.75,-3.8569643,snow,0.4,0.0,15.459054,29.88,84.59055,983.14905,
56.0_37.21,2023-10-17 19:00:00,2.8,-2.214127,rain,0.2,0.0,21.188072,46.8,89.53366,978.1073,
56.0_37.21,2023-10-25 10:00:00,-0.6,-4.0407233,none,0.0,1.0,3.0547013,11.879999,61.698357,993.3719,
56.0_37.21,2023-12-28 14:00:00,-4.6,-9.943739,none,0.0,39.0,16.434305,34.56,86.231705,985.94885,
56.0_37.21,2024-02-01 18:00:00,-0.1,-4.7071757,none,0.0,52.999996,15.459054,29.16,89.95408,975.3995,
56.0_37.21,2024-04-12 15:00:00,13.55,7.971094,none,0.0,0.0,29.478264,58.32,55.080856,987.24445,
56.0_37.22,2024-04-27 05:00:00,11.0,10.43367,none,0.0,0.0,5.8048253,9.72,99.338196,987.0802,
56.0_37.22,2024-05-01 21:00:00,9.05,5.711912,none,0.0,0.0,13.276144,26.64,71.1528,995.2898,
56.0_37.23,2024-01-29 11:00:00,-4.05,-9.248463,none,0.0,56.0,15.646544,31.68,84.659935,1007.0762,
