cell_id,time_bucket,temp_c,feels_like_c,precipitation_type,precipitation_mm,snow_depth_cm,wind_speed_ms,wind_gust_ms,humidity_pct,pressure_hpa,visibility_m
55.21_36.97,2023-06-03 07:00:00,10.35,8.041655,none,0.0,0.0,12.864649,27.0,87.41591,985.87024,
55.22_36.98,2023-06-20 18:00:00,22.8,18.548096,none,0.0,0.0,21.980644,44.28,33.259914,987.5593,
55.22_36.99,2023-08-08 21:00:00,20.6,19.399143,none,0.0,0.0,12.9249525,24.48,58.583336,987.15155,
55.22_36.99,2023-08-28 13:00:00,20.75,20.830275,none,0.0,0.0,3.5455887,18.72,51.350876,988.08014,
55.25_37.08,2023-08-07 17:00:00,28.2,26.17689,none,0.0,0.0,24.248613,48.239998,43.446472,983.19214,
55.25_37.32,2023-08-12 22:00:00,19.1,19.941544,rain,0.8,0.0,13.755579,29.519999,92.46929,989.22034,
55.26_37.11,2023-07-03 18:00:00,22.2,18.930552,none,0.0,0.0,18.391735,38.16,39.434868,982.7527,
55.26_37.17,2023-06-17 18:00:00,25.3,23.18882,none,0.0,0.0,9.931042,27.72,32.060455,989.5053,
55.26_37.33,2023-07-16 09:00:00,19.0,18.361565,none,0.0,0.0,14.039999,36.0,74.18866,991.89087,
55.27_37.39,2023-04-30 12:00:00,10.65,5.9237385,none,0.0,1.0,18.218275,38.519997,48.940796,994.33435,
55.31_37.18,2023-06-21 23:00:00,13.35,11.248359,none,0.0,0.0,6.725354,10.08,58.79235,993.68896,
55.31_37.18,2023-07-31 19:00:00,21.35,21.718273,none,0.0,0.0,6.8777895,15.119999,63.741875,985.407,
55.31_37.35,2023-08-08 19:00:00,23.55,25.214264,none,0.0,0.0,4.6800003,16.199999,65.45844,991.5643,
55.32_37.35,2023-05-02 16:00:00,14.15,10.51328,none,0.0,0.0,8.669949,19.44,33.492878,999.82477,
55.32_37.37,2023-06-07 17:00:00,21.85,17.969961,none,0.0,0.0,18.391735,39.96,33.568245,996.55493,
55.33_37.17,2023-09-22 20:00:00,16.0,13.720488,none,0.0,0.0,12.397806,21.599998,59.846436,1002.3577,
55.35_37.15,2023-06-23 18:00:00,22.6,22.839676,rain,0.1,0.0,8.891343,21.24,60.805584,986.42926,
55.35_37.33,2023-09-03 12:00:00,20.3,19.929949,none,0.0,0.0,6.8777895,19.08,53.504383,998.8718,
55.37_37.19,2023-08-07 23:00:00,23.5,21.85014,none,0.0,0.0,21.461555,41.399998,57.028465,986.31134,
55.37_37.21,2023-09-22 06:00:00,11.65,10.934176,none,0.0,0.0,7.24486,10.799999,96.42559,1000.17145,
55.37_37.38,2023-05-07 23:00:00,-0.05,-3.9429774,none,0.0,0.0,7.386582,11.879999,67.75363,1006.61566,
55.37_37.38,2023-09-02 21:00:00,15.9,16.293324,rain,0.2,0.0,8.766573,18.0,94.393486,997.41724,
55.37_37.42,2023-05-07 20:00:00,3.5,-0.31224632,none,0.0,0.0,8.647496,11.5199995,62.237858,1006.8384,
55.38_37.21,2023-10-22 16:00:00,2.6,-1.527431,rain,0.1,1.0,13.891522,28.44,83.888435,994.2217,
55.38_37.36,2023-06-13 12:00:00,18.9,16.41499,none,0.0,0.0,17.935081,39.6,37.820934,1002.2735,
55.38_37.38,2023-05-24 10:00:00,17.9,18.276321,none,0.0,0.0,5.4833565,15.84,76.20083,992.08124,
55.38_37.39,2023-08-05 22:00:00,21.4,22.516027,none,0.0,0.0,5.1165614,8.28,69.09684,996.5313,
55.39_37.33,2023-08-13 18:00:00,18.45,18.305088,rain,0.4,0.0,15.137133,32.039997,85.64703,990.8616,
55.39_37.39,2023-05-07 16:00:00,7.65,3.2718134,none,0.0,0.0,9.826088,24.48,35.843945,1007.12384,
55.39_37.42,2023-05-01 12:00:00,10.85,7.0086737,none,0.0,0.0,15.986593,33.48,60.685272,991.9437,
55.3_37.2,2023-07-29 12:00:00,15.6,14.951509,rain,0.7,0.0,14.118243,29.88,91.973854,980.97296,
55.3_37.21,2023-04-27 15:00:00,19.05,15.719915,none,0.0,0.0,14.408997,33.839996,39.48423,986.55914,
55.41_37.18,2023-08-05 06:00:00,17.15,17.7602,none,0.0,0.0,7.145796,11.879999,86.90193,995.8054,
55.41_37.26,2023-06-04 17:00:00,13.8,9.768444,none,0.0,0.0,14.003029,29.519999,41.248146,998.79895,
55.41_37.47,2023-04-04 14:00:00,13.4,11.560125,none,0.0,0.0,1.609969,12.24,49.532845,998.7581,
55.42_36.84,2023-07-07 15:00:00,24.3,25.738728,rain,1.6,0.0,13.1041975,30.599998,72.09405,988.7797,
55.42_36.84,2023-07-08 13:00:00,21.25,21.232368,none,0.0,0.0,12.224107,27.0,68.625626,989.44666,
55.42_37.2,2023-06-02 10:00:00,19.7,19.484177,none,0.0,0.0,7.42159,20.16,50.2193,986.6484,
55.42_37.41,2023-07-21 19:00:00,18.05,16.572407,none,0.0,0.0,9.3669195,20.519999,57.573833,986.968,
55.42_37.41,2023-07-28 22:00:00,16.85,17.031563,rain,0.6,0.0,9.826088,19.8,88.000824,985.0583,
55.43_36.86,2023-08-28 19:00:00,17.15,16.412756,none,0.0,0.0,7.072878,11.5199995,66.90642,987.51666,
55.43_36.87,2023-08-03 08:00:00,22.85,24.949274,none,0.0,0.0,10.233123,23.4,81.16586,983.19336,
55.43_37.0,2023-05-11 00:00:00,8.35,6.0141764,none,0.0,0.0,4.379589,5.3999996,66.870186,1000.35913,
55.43_37.13,2023-08-01 10:00:00,23.65,24.968845,none,0.0,0.0,4.3349743,14.4,54.89368,991.4926,
55.43_37.34,2023-05-31 08:00:00,11.4,8.935749,rain,0.4,0.0,15.856354,33.12,87.51317,993.99915,
55.43_37.39,2023-09-12 17:00:00,18.35,17.368528,none,0.0,0.0,4.0249224,12.959999,52.6385,999.31915,
55.44_36.87,2023-07-27 23:00:00,18.9,19.211424,rain,3.9,0.0,17.698677,42.48,94.22115,974.8994,
55.44_37.15,2023-11-24 11:00:00,-4.85,-9.398843,snow,0.1,7.0,10.948973,22.68,87.53715,949.2416,
55.45_36.94,2023-06-08 11:00:00,20.55,20.013634,none,0.0,0.0,9.19939,27.72,45.445343,996.3112,
55.45_37.25,2023-07-27 14:00:00,23.85,24.57871,none,0.0,0.0,12.0694,27.359999,62.075928,984.3478,
55.45_37.53,2023-08-17 09:00:00,21.3,22.722681,none,0.0,0.0,3.8268526,12.24,70.86949,1005.0832,
55.46_36.94,2023-07-16 10:00:00,19.7,18.97099,none,0.0,0.0,14.658676,34.92,71.026924,992.4508,
55.47_36.93,2023-04-20 14:00:00,15.5,11.58105,none,0.0,0.0,12.096214,27.359999,34.260723,996.7204,
55.47_36.93,2023-07-08 10:00:00,20.25,20.497208,rain,1.2,0.0,12.303366,27.0,76.32872,989.7064,
55.47_36.93,2023-08-04 18:00:00,24.95,25.555454,none,0.0,0.0,11.503113,29.16,59.61724,987.2315,
55.47_36.93,2023-08-25 14:00:00,18.3,16.709257,none,0.0,0.0,4.829907,14.759999,46.067,993.5466,
55.47_36.93,2023-09-13 07:00:00,8.65,7.0143967,none,0.0,0.0,6.696387,10.799999,92.17026,998.3033,
55.47_37.29,2023-06-01 15:00:00,21.15,17.538528,none,0.0,0.0,16.992609,40.68,35.77586,986.36725,
55.47_37.3,2023-05-13 15:00:00,21.55,18.020676,none,0.0,0.0,14.512064,30.960001,27.383955,997.24963,
55.47_37.31,2023-05-06 23:00:00,-0.55,-4.7366753,none,0.0,0.0,8.404285,14.759999,63.148884,1002.62634,
55.47_37.35,2023-10-02 21:00:00,9.2,6.4190454,none,0.0,0.0,11.384198,21.24,77.3925,995.9938,
55.48_36.91,2023-08-04 13:00:00,26.4,25.947119,rain,0.2,0.0,21.650938,42.48,55.578842,986.96155,
55.48_37.27,2023-05-28 11:00:00,13.75,11.056599,rain,0.1,0.0,13.202726,30.599998,63.742287,995.6358,
55.48_37.3,2023-06-01 11:00:00,19.0,15.860907,none,0.0,0.0,21.67487,43.56,42.599686,988.9011,
55.48_37.3,2023-08-25 13:00:00,18.45,17.51173,none,0.0,0.0,1.1384199,10.440001,43.937847,993.09406,
55.48_37.3,2023-08-31 18:00:00,23.1,23.083359,none,0.0,0.0,9.885262,23.759998,57.859154,992.1355,
55.48_37.32,2023-04-24 23:00:00,8.65,5.6212635,none,0.0,0.0,7.6367526,13.679999,59.932144,991.9379,
55.48_37.32,2023-04-25 10:00:00,15.85,14.0847645,none,0.0,0.0,4.802999,17.28,50.731117,990.8425,
55.48_37.46,2023-09-02 14:00:00,19.2,20.670813,rain,2.1,0.0,0.71999997,10.08,75.42967,1000.0387,
55.48_37.53,2023-08-05 18:00:00,27.35,28.424866,none,0.0,0.0,5.634891,15.4800005,48.68927,998.63306,
55.49_36.92,2023-04-21 16:00:00,14.4,9.408152,none,0.0,0.0,18.345877,36.36,33.937748,988.95447,
55.49_37.3,2023-03-26 05:00:00,0.8,-1.5699847,none,0.0,13.0,2.5455842,2.8799999,100.0,980.7558,
55.49_37.3,2023-04-29 15:00:00,12.5,8.5402155,none,0.0,1.0,9.793058,33.839996,34.130135,997.2153,
55.49_37.3,2023-06-07 21:00:00,14.45,13.07555,none,0.0,0.0,6.193674,13.32,66.11034,997.0798,
55.49_37.3,2023-07-12 21:00:00,13.8,11.195626,none,0.0,0.0,12.429127,23.039999,63.101635,988.01904,
55.49_37.3,2023-07-20 09:00:00,17.3,14.921787,none,0.0,0.0,19.803272,45.36,69.419106,983.0145,
55.49_37.3,2023-07-30 17:00:00,22.6,20.990692,none,0.0,0.0,12.7279215,29.16,47.25508,987.32526,
55.49_37.3,2023-09-08 07:00:00,10.65,7.672682,none,0.0,0.0,14.8257065,29.88,77.08997,997.70276,
55.49_37.31,2023-05-16 07:00:00,14.0,12.229969,none,0.0,0.0,6.9527545,16.56,62.931633,1002.7733,
55.49_37.32,2023-03-25 23:00:00,4.0,1.2910166,none,0.0,13.0,8.217153,16.199999,96.88525,983.3806,
55.49_37.32,2023-05-07 21:00:00,3.25,-0.5201273,none,0.0,0.0,6.1094027,10.08,51.115456,1008.97217,
55.49_37.55,2023-07-22 02:00:00,12.45,11.035537,none,0.0,0.0,10.703569,17.64,87.609344,989.296,
55.49_37.57,2023-08-08 14:00:00,24.5,26.424992,rain,0.5,0.0,9.605998,23.039999,71.01363,989.84863,
55.49_37.58,2023-08-10 17:00:00,24.25,23.976295,none,0.0,0.0,5.2416787,15.84,45.10678,1002.74567,
55.4_37.43,2023-08-27 12:00:00,19.75,20.061264,none,0.0,0.0,4.802999,15.4800005,62.97305,990.3357,
55.4_37.44,2023-07-10 16:00:00,18.95,15.331203,none,0.0,0.0,22.19773,43.199997,50.871433,992.94507,
55.4_37.44,2023-07-27 23:00:00,21.15,23.0465,rain,10.2,0.0,7.5942073,32.760002,83.26905,983.55316,
55.4_37.44,2023-08-01 18:00:00,23.6,24.460855,none,0.0,0.0,8.217153,18.72,62.41694,992.0535,
55.4_37.44,2023-09-16 11:00:00,14.05,11.765755,none,0.0,0.0,12.964998,28.8,69.237526,1009.1635,
55.51_37.26,2023-08-05 23:00:00,20.7,21.402353,none,0.0,0.0,7.289445,11.5199995,70.984795,998.40894,
55.51_37.34,2023-09-24 11:00:00,20.85,18.459475,none,0.0,0.0,16.981165,35.28,50.696365,1003.0453,
55.51_37.54,2023-05-30 18:00:00,19.4,16.64083,none,0.0,0.0,11.525623,24.48,40.557644,995.2377,
55.51_37.54,2023-07-01 22:00:00,19.15,18.480865,none,0.0,0.0,11.928989,25.199999,69.10192,978.90936,
55.51_37.54,2023-08-24 14:00:00,16.1,14.814339,none,0.0,0.0,9.021574,18.359999,67.35845,993.0182,
55.51_37.54,2023-09-15 08:00:00,11.5,9.920853,none,0.0,0.0,8.311245,15.84,82.37067,999.25555,
55.51_37.55,2023-03-26 21:00:00,3.55,0.17093849,none,0.0,5.0,12.224107,20.880001,96.87403,977.31226,
55.51_37.55,2023-05-09 23:00:00,3.8,0.04812908,none,0.0,0.0,8.4963045,12.599999,62.310574,1007.13196,
55.51_37.55,2023-06-16 09:00:00,22.6,22.036705,none,0.0,0.0,6.489992,16.919998,48.68753,994.8089,
55.51_37.55,2023-08-29 17:00:00,16.9,16.32421,none,0.0,0.0,5.7599998,16.919998,67.52419,993.9177,
55.51_37.56,2023-03-24 19:00:00,6.0,2.9397597,none,0.0,17.0,10.365251,23.759998,83.110825,984.22784,
55.51_37.57,2023-04-01 13:00:00,6.55,2.5627017,none,0.0,1.0,13.53236,28.44,66.23798,984.7902,
55.51_37.57,2023-04-16 21:00:00,5.0,0.9909272,none,0.0,0.0,8.225035,12.959999,47.501183,1007.35895,
55.51_37.57,2023-05-30 14:00:00,20.95,18.75601,none,0.0,0.0,4.6800003,14.4,31.823418,995.6459,
55.51_37.57,2023-09-03 14:00:00,21.6,20.772343,none,0.0,0.0,7.127636,20.16,46.355488,999.87665,
55.51_37.58,2023-05-17 11:00:00,21.45,19.87132,none,0.0,0.0,11.928989,27.0,34.042004,1002.95154,
55.51_37.59,2023-08-24 16:00:00,16.5,15.048592,none,0.0,0.0,8.905908,20.519999,62.863934,992.11273,
55.52_37.21,2023-09-01 04:00:00,15.2,15.078703,none,0.0,0.0,9.511088,17.64,91.94997,995.5046,
55.52_37.35,2023-04-14 12:00:00,4.65,-1.2441318,none,0.0,0.0,24.696104,50.76,46.153442,1001.5841,
55.52_37.35,2023-05-20 16:00:00,11.65,8.065718,none,0.0,0.0,15.379206,31.68,61.091877,1007.30273,
55.52_37.37,2023-09-14 09:00:00,13.65,12.678066,none,0.0,0.0,6.193674,15.4800005,77.042885,1001.0677,
55.52_37.38,2023-04-10 19:00:00,7.85,5.840273,none,0.0,0.0,5.506941,7.5599995,82.47328,1006.4347,
55.52_37.38,2023-05-13 18:00:00,19.05,15.510632,none,0.0,0.0,15.84409,33.48,39.48423,1002.2787,
55.52_37.39,2023-09-21 12:00:00,18.0,18.068388,none,0.0,0.0,6.638072,16.919998,73.77636,1001.6821,
55.52_37.52,2023-11-04 19:00:00,5.3,1.1371613,rain,0.4,0.0,19.483284,35.64,94.57803,992.8359,
55.52_37.53,2023-06-10 17:00:00,15.0,9.869634,none,0.0,0.0,21.096123,41.399998,37.084267,1003.0915,
55.52_37.53,2023-08-10 09:00:00,19.6,19.486282,none,0.0,0.0,9.693296,23.4,70.09412,1001.0681,
55.52_37.53,2023-08-17 20:00:00,19.35,19.538557,none,0.0,0.0,9.0,10.799999,73.770676,1002.16534,
55.52_37.54,2023-04-09 19:00:00,10.85,8.277091,none,0.0,0.0,5.1544156,6.8399997,53.791294,1004.15784,
55.53_37.15,2023-05-04 13:00:00,13.15,11.414038,none,0.0,0.0,5.8603754,18.72,35.74264,1003.506,
55.53_37.22,2023-09-06 07:00:00,14.1,11.972147,none,0.0,0.0,14.799459,27.0,76.59995,993.2496,
55.53_37.39,2023-09-18 11:00:00,16.4,15.423325,none,0.0,0.0,11.177405,24.48,75.70956,1003.0016,
55.53_37.44,2023-08-28 21:00:00,13.95,12.718029,none,0.0,0.0,7.5942073,11.5199995,74.54918,993.0082,
55.53_37.45,2023-07-02 22:00:00,16.85,16.37276,none,0.0,0.0,7.8625183,12.24,73.81819,982.9433,
55.53_37.47,2023-03-30 13:00:00,4.75,1.1495924,none,0.0,0.0,11.901798,27.0,80.044266,992.1958,
55.53_37.5,2023-06-24 22:00:00,14.45,14.089916,none,0.0,0.0,6.9527545,11.159999,85.79348,993.5913,
55.53_37.5,2023-07-10 19:00:00,15.35,12.089436,none,0.0,0.0,24.482647,50.76,75.28651,990.98773,
55.53_37.51,2023-07-13 21:00:00,13.45,12.443148,rain,0.3,0.0,10.948973,18.72,90.34466,986.60156,
55.53_37.51,2023-08-02 14:00:00,25.1,25.487825,none,0.0,0.0,12.287555,22.68,58.154083,990.59503,
55.53_37.52,2023-07-15 14:00:00,16.95,15.836525,rain,0.3,0.0,17.555307,38.16,84.94229,990.4727,
55.53_37.52,2023-09-25 12:00:00,18.2,17.057688,none,0.0,0.0,10.685391,24.119999,64.305336,1007.06274,
55.53_37.53,2023-09-23 15:00:00,22.5,18.988426,none,0.0,0.0,17.057314,38.519997,34.10596,1004.49255,
55.54_37.15,2023-05-25 21:00:00,14.75,14.460432,none,0.0,0.0,8.39657,9.72,88.97278,992.5951,
55.54_37.19,2023-04-11 11:00:00,13.2,9.858055,rain,0.1,0.0,11.726277,27.0,42.736656,998.4585,
55.54_37.2,2023-08-19 07:00:00,19.7,21.253828,none,0.0,0.0,5.6002855,14.04,83.09951,1002.6945,
55.54_37.37,2023-08-04 09:00:00,24.0,26.464705,none,0.0,0.0,9.585739,22.68,78.35409,991.9175,
55.54_37.45,2023-06-20 19:00:00,20.4,17.026417,none,0.0,0.0,19.803272,39.96,45.249714,995.12256,
55.54_37.48,2023-03-28 19:00:00,5.35,0.9511299,none,0.0,1.0,15.596767,28.08,68.41215,987.7577,
55.54_37.49,2023-05-22 11:00:00,13.75,13.42268,rain,0.6,0.0,6.618519,14.759999,89.47873,1001.8817,
55.54_37.5,2023-06-01 13:00:00,19.2,14.80946,none,0.0,0.0,22.26477,45.36,40.22018,989.9404,
55.54_37.5,2023-06-17 06:00:00,18.3,18.060848,none,0.0,0.0,7.69592,16.919998,70.30221,992.9439,
55.54_37.5,2023-09-01 16:00:00,25.35,24.717175,none,0.0,0.0,8.78872,19.8,43.654934,993.9465,
55.54_37.51,2023-08-16 21:00:00,17.65,17.5441,none,0.0,0.0,8.669949,11.5199995,77.158676,1001.8523,
55.54_37.52,2023-08-18 21:00:00,20.4,22.76531,none,0.0,0.0,7.10031,13.679999,91.9657,1003.07135,
55.54_37.53,2023-08-22 17:00:00,18.85,18.746387,none,0.0,0.0,2.4149535,10.440001,59.528854,990.3721,
55.54_37.53,2023-09-13 13:00:00,18.9,17.523884,none,0.0,0.0,7.628263,19.44,50.514763,1000.8462,
55.54_37.54,2023-05-10 08:00:00,9.85,7.0746765,none,0.0,0.0,6.130579,14.4,56.080723,1005.6206,
55.54_37.54,2023-05-11 17:00:00,14.9,12.473618,none,0.0,0.0,8.654986,29.88,52.44315,1000.9296,
55.54_37.54,2023-06-07 18:00:00,21.35,17.990866,none,0.0,0.0,17.673029,40.68,39.327034,995.8816,
55.54_37.54,2023-08-18 00:00:00,18.75,19.23468,none,0.0,0.0,3.5455887,4.32,69.930534,1002.08594,
55.54_37.54,2023-09-24 19:00:00,18.45,15.6718235,none,0.0,0.0,15.725037,27.359999,51.083035,1001.4803,
55.54_37.55,2023-08-07 09:00:00,24.0,23.95488,none,0.0,0.0,18.59845,35.64,66.80789,993.4679,
55.54_37.55,2023-08-20 14:00:00,24.75,26.555513,rain,4.7,0.0,7.42159,33.12,65.91718,995.6747,
55.54_37.56,2023-04-19 18:00:00,14.1,10.459035,none,0.0,0.0,10.883676,27.359999,39.302773,1003.2573,
55.54_37.56,2023-06-27 16:00:00,19.3,16.632957,none,0.0,0.0,18.0,34.92,54.144817,988.7325,
55.54_37.56,2023-07-28 23:00:00,16.7,16.365334,rain,0.5,0.0,13.237038,23.4,88.55674,984.18585,
55.54_37.56,2023-09-20 08:00:00,14.15,11.884314,none,0.0,0.0,15.646544,31.319998,76.09736,995.13544,
55.54_37.57,2023-09-13 22:00:00,12.0,10.1426525,none,0.0,0.0,8.217153,13.32,73.70614,999.41486,
55.54_37.58,2023-04-24 19:00:00,13.25,9.814995,none,0.0,0.0,9.255571,23.039999,40.93895,993.2293,
55.54_37.58,2023-04-28 20:00:00,8.8,5.311468,none,0.0,0.0,16.08761,33.48,78.95853,992.14716,
55.54_37.58,2023-07-03 13:00:00,23.15,20.921524,none,0.0,0.0,22.148045,44.639996,42.32774,984.2314,
55.54_37.58,2023-08-30 08:00:00,15.55,15.389429,none,0.0,0.0,5.8048253,16.199999,80.459526,994.6683,
55.55_37.14,2023-04-23 16:00:00,17.65,13.935255,none,0.0,0.0,10.383987,25.919998,29.239971,992.02545,
55.55_37.33,2023-05-16 01:00:00,8.4,5.5226946,none,0.0,0.0,8.28,13.32,67.35732,1003.5294,
55.55_37.43,2023-04-01 19:00:00,4.25,0.5629988,none,0.0,1.0,12.849528,23.4,84.688416,987.456,
55.55_37.49,2023-06-23 19:00:00,19.1,21.101995,rain,0.1,0.0,2.0991426,14.759999,85.44126,989.6224,
55.55_37.49,2023-08-01 16:00:00,25.55,25.326918,none,0.0,0.0,7.7879906,17.28,45.46353,990.02356,
55.55_37.49,2023-09-09 05:00:00,6.3,3.5698328,none,0.0,0.0,11.183201,19.8,94.9489,999.554,
55.55_37.52,2023-08-12 19:00:00,21.9,21.05237,none,0.0,0.0,22.057161,39.96,72.57776,993.0435,
55.55_37.53,2023-06-20 22:00:00,16.0,13.761803,none,0.0,0.0,14.77755,27.72,65.99755,991.8508,
55.55_37.53,2023-08-11 16:00:00,25.2,25.17509,rain,0.2,0.0,17.414474,41.039997,60.821033,998.8424,
55.55_37.54,2023-08-20 10:00:00,24.8,26.373783,rain,0.1,0.0,11.367109,27.359999,68.88531,996.5307,
55.55_37.54,2023-08-22 20:00:00,14.55,14.25699,none,0.0,0.0,6.162207,10.08,84.40345,988.45294,
55.55_37.55,2023-04-30 20:00:00,6.55,2.7389355,rain,1.0,0.0,17.072504,30.239998,86.75078,988.7832,
55.55_37.55,2023-05-04 16:00:00,13.65,10.056567,none,0.0,0.0,7.2805495,17.28,31.660862,999.5903,
55.55_37.55,2023-05-29 12:00:00,18.45,17.295094,none,0.0,0.0,9.085988,22.319998,37.690693,997.65356,
55.55_37.55,2023-06-16 00:00:00,15.7,14.042837,none,0.0,0.0,9.387651,12.959999,63.96442,992.9034,
55.55_37.55,2023-09-04 11:00:00,20.55,19.950462,rain,0.1,0.0,8.913181,21.24,58.957664,1000.12695,
55.55_37.56,2023-04-25 13:00:00,17.2,14.196318,rain,0.1,0.0,13.830749,29.88,42.232597,990.6637,
55.55_37.56,2023-04-27 13:00:00,19.6,17.946453,none,0.0,0.0,11.770403,26.64,42.33127,989.1284,
55.55_37.56,2023-05-31 20:00:00,11.85,9.406209,none,0.0,0.0,9.904906,23.4,67.3837,989.53375,
55.55_37.56,2023-08-10 19:00:00,22.65,23.099537,none,0.0,0.0,4.8433046,10.08,56.63556,1000.62915,
55.55_37.56,2023-08-16 19:00:00,22.6,23.505554,none,0.0,0.0,5.6233797,13.679999,62.794846,1000.4298,
55.55_37.59,2023-04-01 19:00:00,4.9,1.2398419,none,0.0,1.0,12.429127,28.8,79.780235,984.0928,
55.55_37.59,2023-04-19 07:00:00,6.1,1.5297451,none,0.0,0.0,16.09969,27.0,61.952747,1002.99115,
55.55_37.59,2023-05-24 00:00:00,14.25,13.24301,none,0.0,0.0,10.948973,19.44,85.77294,992.8492,
55.55_37.59,2023-07-05 18:00:00,23.5,23.209585,none,0.0,0.0,9.793059,28.44,53.622543,996.53546,
55.55_37.59,2023-09-11 08:00:00,9.8,9.304461,none,0.0,0.0,1.609969,8.64,94.76453,995.39514,
55.56_37.24,2023-06-15 19:00:00,23.65,22.197218,none,0.0,0.0,7.42159,21.24,38.265106,996.1033,
55.56_37.33,2023-04-04 14:00:00,13.6,12.432026,none,0.0,0.0,1.2979984,15.4800005,56.062233,994.9267,
55.56_37.34,2023-05-05 22:00:00,2.4,-2.2028208,none,0.0,0.0,10.829958,18.72,48.57896,1001.68085,
55.56_37.35,2023-04-02 11:00:00,6.95,2.097505,none,0.0,1.0,22.33161,43.92,76.489456,990.7611,
55.56_37.44,2023-06-10 23:00:00,9.55,4.733633,none,0.0,0.0,18.35647,34.92,50.985634,1006.71674,
55.56_37.44,2023-08-08 21:00:00,21.35,22.066505,none,0.0,0.0,8.39657,12.959999,70.202156,990.5095,
55.56_37.49,2023-03-28 13:00:00,9.05,5.2096386,none,0.0,4.0,12.181624,27.359999,54.477074,986.7775,
55.56_37.49,2023-04-05 20:00:00,7.2,2.9458437,none,0.0,0.0,17.10284,29.88,70.539116,999.2428,
55.56_37.49,2023-07-03 18:00:00,22.7,19.282568,none,0.0,0.0,19.319628,36.719997,38.12454,987.53253,
55.56_37.49,2023-09-27 14:00:00,18.1,16.737808,none,0.0,0.0,8.766573,20.16,57.779716,1009.05347,
55.56_37.55,2023-09-18 17:00:00,15.05,14.293774,none,0.0,0.0,6.489992,18.0,74.73729,996.9547,
55.56_37.58,2023-07-09 20:00:00,19.0,16.984112,none,0.0,0.0,15.629972,27.0,59.170406,988.48615,
55.56_37.58,2023-07-27 09:00:00,19.9,21.142006,none,0.0,0.0,5.4833565,15.119999,77.99977,983.86145,
55.56_37.58,2023-08-17 20:00:00,20.25,20.927336,none,0.0,0.0,8.669949,10.08,75.11861,1000.4858,
55.56_37.59,2023-06-12 22:00:00,13.35,9.7041855,none,0.0,0.0,14.186923,27.0,50.224194,1005.0246,
55.56_37.59,2023-08-19 01:00:00,19.3,21.282665,none,0.0,0.0,8.435069,14.4,96.02542,1004.53265,
55.56_37.59,2023-09-17 14:00:00,16.3,14.207489,none,0.0,0.0,11.212135,24.84,58.315285,1006.3808,
55.56_37.6,2023-09-21 21:00:00,16.0,16.124115,none,0.0,0.0,6.379216,9.0,84.01492,1001.5012,
55.57_37.15,2023-05-14 16:00:00,17.1,13.278542,none,0.0,0.0,12.7279215,28.08,33.745026,1001.83215,
55.57_37.2,2023-06-03 11:00:00,9.15,5.556223,rain,0.5,0.0,19.296133,38.16,86.11569,989.58417,
55.57_37.3,2023-05-14 15:00:00,17.5,13.810101,none,0.0,0.0,12.397806,32.399998,34.10493,997.6491,
55.57_37.39,2023-04-11 19:00:00,11.9,9.124232,none,0.0,0.0,4.8433046,6.4799995,45.052197,998.279,
55.57_37.39,2023-07-03 23:00:00,16.05,14.013556,none,0.0,0.0,9.107359,16.919998,55.917473,991.4653,
55.57_37.44,2023-05-18 14:00:00,24.3,22.627333,none,0.0,0.0,8.905908,21.24,30.384829,999.5948,
55.57_37.46,2023-09-12 17:00:00,18.3,16.91735,none,0.0,0.0,5.634891,15.119999,50.524776,997.3158,
55.57_37.47,2023-06-21 14:00:00,20.2,17.941525,none,0.0,0.0,13.084402,33.48,33.80169,996.1232,
55.57_37.48,2023-04-14 14:00:00,7.15,0.5511594,none,0.0,0.0,26.260265,52.56,35.147366,999.19183,
55.57_37.48,2023-09-04 16:00:00,21.05,19.67792,none,0.0,0.0,9.504272,20.880001,49.247204,1000.5545,
55.57_37.48,2023-09-05 17:00:00,19.1,17.557497,none,0.0,0.0,8.049845,14.4,50.568504,999.1038,
55.57_37.48,2023-09-12 19:00:00,13.15,11.383631,none,0.0,0.0,9.504273,11.159999,73.66004,997.6664,
55.57_37.49,2023-08-24 20:00:00,12.85,11.557974,none,0.0,0.0,6.162207,11.5199995,74.86442,989.31506,
55.57_37.56,2023-04-12 19:00:00,11.85,8.544315,none,0.0,0.0,8.64,17.64,45.69357,990.64,
55.57_37.56,2023-04-28 21:00:00,7.5,3.8162918,rain,0.3,0.0,16.199999,30.960001,81.28509,991.2583,
55.57_37.56,2023-09-11 08:00:00,9.8,9.304461,none,0.0,0.0,1.609969,8.64,94.76453,995.5148,
55.57_37.57,2023-03-24 13:00:00,7.7,4.375991,none,0.0,26.0,15.256526,30.239998,86.264366,981.4835,
55.57_37.57,2023-05-04 15:00:00,13.85,10.636399,none,0.0,0.0,4.896529,16.199999,31.837343,1001.28094,
55.57_37.57,2023-07-04 14:00:00,24.95,22.201097,none,0.0,0.0,14.255272,27.359999,31.635138,995.17865,
55.57_37.57,2023-08-11 20:00:00,22.2,23.042826,none,0.0,0.0,11.043261,26.28,72.172226,999.5188,
55.57_37.58,2023-06-05 00:00:00,7.8,4.0558796,none,0.0,0.0,12.88981,22.319998,64.86986,999.85767,
55.57_37.58,2023-07-11 11:00:00,15.3,11.954765,none,0.0,0.0,21.611998,42.48,67.19159,988.5387,
55.57_37.59,2023-03-27 20:00:00,5.1,1.8313856,none,0.0,11.0,10.041354,21.96,80.09484,983.2177,
55.57_37.59,2023-05-06 21:00:00,1.75,-2.8342772,none,0.0,0.0,10.799999,19.08,51.474815,1006.5513,
55.57_37.59,2023-09-07 09:00:00,11.4,7.3255453,none,0.0,0.0,21.868332,42.839996,71.85065,1003.88794,
55.57_37.6,2023-04-03 00:00:00,5.8,3.2541656,none,0.0,1.0,7.6367526,14.759999,87.90289,993.8931,
55.57_37.6,2023-04-22 04:00:00,4.65,1.4441314,none,0.0,0.0,7.628263,14.04,72.87748,990.3761,
55.57_37.6,2023-06-04 19:00:00,13.15,10.012168,none,0.0,0.0,9.693296,27.0,48.078667,1001.39044,
55.57_37.6,2023-08-04 22:00:00,21.0,21.844395,none,0.0,0.0,8.759178,16.199999,73.81772,995.5473,
55.57_37.6,2023-08-12 16:00:00,22.0,20.76067,none,0.0,0.0,23.042812,54.36,69.43481,997.2775,
55.57_37.6,2023-09-09 22:00:00,14.0,11.847782,none,0.0,0.0,13.339445,23.759998,72.82381,1003.94183,
55.57_37.6,2023-09-15 19:00:00,14.6,13.160999,none,0.0,0.0,6.9899354,11.5199995,66.36708,1003.10284,
55.57_37.61,2023-06-16 16:00:00,26.65,23.622053,none,0.0,0.0,14.113653,26.28,27.072062,992.64484,
55.57_37.62,2023-04-10 01:00:00,3.3,-0.42947102,none,0.0,0.0,9.021574,14.759999,68.22577,1005.37787,
55.57_37.63,2023-04-27 00:00:00,7.2,4.9691715,none,0.0,0.0,6.87779,10.799999,85.61499,986.68787,
55.57_37.63,2023-07-25 22:00:00,17.55,18.305475,none,0.0,0.0,8.28,15.119999,89.196045,983.49194,
55.57_37.64,2023-03-27 17:00:00,7.55,3.2655873,rain,0.1,12.0,17.555305,33.12,69.85991,978.78174,
55.57_37.64,2023-08-24 19:00:00,14.9,13.954983,none,0.0,0.0,5.815978,14.4,70.58258,992.60364,
55.57_37.64,2023-09-20 01:00:00,14.15,11.709411,none,0.0,0.0,14.578888,24.84,70.200165,996.6668,
55.57_37.65,2023-07-14 02:00:00,13.55,12.469383,none,0.0,0.0,11.019764,19.08,88.58224,984.8344,
55.57_37.65,2023-09-17 12:00:00,16.0,14.376162,none,0.0,0.0,8.64,20.519999,58.63893,1005.9588,
55.57_37.66,2023-07-22 04:00:00,12.1,10.320774,none,0.0,0.0,12.904882,20.880001,88.75521,988.4257,
55.57_37.66,2023-07-30 17:00:00,22.25,20.641384,none,0.0,0.0,14.618837,27.0,51.236626,986.76514,
55.57_37.67,2023-03-26 03:00:00,3.8,1.6314836,none,0.0,22.0,4.510787,4.68,98.25602,983.2158,
55.57_37.67,2023-08-12 19:00:00,22.1,21.434948,none,0.0,0.0,21.09305,36.36,72.1543,995.31635,
55.57_37.68,2023-09-15 03:00:00,9.25,7.626398,none,0.0,0.0,7.208994,12.599999,90.65155,1000.407,
55.58_37.12,2023-04-01 15:00:00,9.3,5.204772,none,0.0,2.0,13.202726,32.399998,51.101692,982.6903,
55.58_37.16,2023-03-28 08:00:00,0.9,-2.1385748,none,0.0,6.0,6.3690495,12.959999,94.386,984.0909,
55.58_37.16,2023-09-04 15:00:00,21.15,19.907053,rain,0.1,0.0,8.913181,24.119999,49.43913,1002.24506,
55.58_37.17,2023-04-24 15:00:00,20.6,16.915556,none,0.0,0.0,11.298495,27.0,22.780233,994.7573,
55.58_37.24,2023-04-26 00:00:00,10.7,9.27434,rain,0.2,0.0,6.9899354,12.24,85.981705,985.03424,
55.58_37.25,2023-06-05 11:00:00,14.7,11.652792,rain,0.1,0.0,17.64,41.399998,62.8776,997.58093,
55.58_37.26,2023-09-18 01:00:00,10.1,7.683367,none,0.0,0.0,12.475961,21.599998,85.0467,999.4602,
55.58_37.46,2023-08-29 21:00:00,15.45,15.431669,none,0.0,0.0,5.0528407,6.4799995,81.51078,988.36835,
55.58_37.47,2023-07-05 08:00:00,20.25,21.343515,none,0.0,0.0,6.638072,15.84,76.5728,990.82935,
55.58_37.48,2023-09-25 03:00:00,15.15,14.479471,rain,0.4,0.0,10.661107,24.48,85.86503,997.3009,
55.58_37.56,2023-05-17 04:00:00,8.45,6.1101007,none,0.0,0.0,7.771331,12.599999,79.181335,1001.0461,
55.58_37.56,2023-08-25 12:00:00,18.3,17.059649,none,0.0,0.0,2.5455842,13.679999,42.84384,992.967,
55.58_37.57,2023-04-17 07:00:00,3.7,0.00034999847,none,0.0,0.0,8.4963045,15.4800005,64.63722,1007.0359,
55.58_37.57,2023-04-30 01:00:00,3.9,1.2061658,none,0.0,1.0,2.8799999,5.3999996,70.38601,997.6307,
55.58_37.57,2023-04-30 09:00:00,9.55,5.7221355,none,0.0,1.0,14.24163,29.519999,60.368633,996.5414,
55.58_37.57,2023-05-17 18:00:00,21.9,19.431364,none,0.0,0.0,10.1376915,24.84,35.74345,999.6189,
55.58_37.57,2023-06-15 21:00:00,18.05,16.455067,none,0.0,0.0,7.7879906,13.32,52.737984,994.0106,
55.58_37.57,2023-07-25 20:00:00,19.35,20.322105,none,0.0,0.0,6.924738,13.32,79.93941,983.31805,
55.58_37.58,2023-05-19 17:00:00,16.55,12.496786,none,0.0,0.0,15.124284,30.239998,36.74217,1003.7127,
55.58_37.58,2023-06-18 19:00:00,20.65,18.754194,none,0.0,0.0,10.739832,16.56,46.40545,995.3776,
55.58_37.58,2023-06-30 17:00:00,18.0,17.630314,none,0.0,0.0,7.5685663,20.880001,69.55644,978.3596,
55.58_37.58,2023-08-04 08:00:00,22.35,24.827223,none,0.0,0.0,9.339208,20.16,86.30375,989.5337,
55.58_37.58,2023-08-27 09:00:00,16.7,17.1556,none,0.0,0.0,4.1046314,14.759999,80.35295,990.4069,
55.58_37.59,2023-04-09 14:00:00,12.85,9.920738,none,0.0,0.0,6.8399997,19.44,45.001358,1004.4483,
55.58_37.59,2023-04-28 08:00:00,11.35,9.657577,none,0.0,0.0,9.178235,17.64,83.4739,988.0441,
55.58_37.59,2023-05-24 09:00:00,16.5,16.813229,none,0.0,0.0,6.162207,16.56,83.799,993.35236,
55.58_37.59,2023-07-04 07:00:00,18.95,18.334435,none,0.0,0.0,8.14587,18.72,63.41711,993.3367,
55.58_37.59,2023-07-22 15:00:00,22.65,19.697943,none,0.0,0.0,19.0392,39.6,37.593884,989.29517,
55.58_37.59,2023-07-28 08:00:00,22.25,23.856253,none,0.0,0.0,13.450708,28.08,83.91648,980.40314,
55.58_37.59,2023-07-28 15:00:00,22.35,22.4691,rain,1.1,0.0,15.281989,27.359999,70.39127,981.75085,
55.58_37.6,2023-04-02 00:00:00,4.2,0.5622196,none,0.0,2.0,13.679999,22.68,90.92619,986.60925,
55.58_37.6,2023-04-11 16:00:00,14.85,11.58791,none,0.0,0.0,5.634891,15.119999,30.854298,998.5198,
55.58_37.6,2023-04-11 20:00:00,6.9,3.7937298,none,0.0,0.0,8.225035,9.72,67.7594,995.62494,
55.58_37.6,2023-05-07 14:00:00,6.9,1.8839359,none,0.0,0.0,14.799459,29.88,40.258385,1006.5999,
55.58_37.6,2023-05-10 18:00:00,14.95,12.652941,none,0.0,0.0,2.2768397,11.879999,38.70848,1002.05536,
55.58_37.6,2023-06-12 14:00:00,18.25,14.016966,none,0.0,0.0,22.104116,46.079998,34.445152,1005.10706,
55.58_37.6,2023-06-21 22:00:00,16.85,15.314234,none,0.0,0.0,2.5455842,3.96,46.29922,996.488,
55.58_37.6,2023-07-05 14:00:00,20.75,20.57148,rain,0.5,0.0,15.496736,35.28,74.4848,996.24255,
55.58_37.6,2023-08-14 07:00:00,18.8,17.967205,rain,0.1,0.0,20.268991,35.64,84.597755,993.50366,
55.58_37.6,2023-09-12 12:00:00,16.8,15.809938,none,0.0,0.0,6.8777895,19.44,60.853115,999.6376,
55.58_37.61,2023-04-16 12:00:00,9.25,4.649843,none,0.0,0.0,12.738099,27.0,37.157803,1010.446,
55.58_37.61,2023-05-11 07:00:00,11.6,9.650328,none,0.0,0.0,6.439876,15.84,68.2685,1002.39685,
55.58_37.61,2023-07-18 02:00:00,18.8,17.85604,none,0.0,0.0,12.0694,23.4,67.24918,991.25055,
55.58_37.61,2023-07-28 12:00:00,24.1,25.618288,none,0.0,0.0,12.72283,29.16,73.19205,981.3308,
55.58_37.61,2023-09-06 00:00:00,14.75,12.8864,none,0.0,0.0,10.44,19.44,67.07619,997.6871,
55.58_37.64,2023-05-15 08:00:00,11.95,9.772093,none,0.0,0.0,7.928177,18.0,66.480125,1002.7046,
55.58_37.64,2023-05-29 17:00:00,19.7,16.266682,none,0.0,0.0,13.246826,25.56,34.498695,997.52014,
55.58_37.64,2023-09-02 10:00:00,18.55,19.005358,none,0.0,0.0,3.396233,13.32,70.12065,993.4411,
55.58_37.65,2023-07-27 17:00:00,24.45,24.879463,none,0.0,0.0,12.287555,20.519999,60.842117,984.2074,
55.58_37.65,2023-08-10 21:00:00,18.65,18.535297,none,0.0,0.0,7.42159,11.5199995,69.91123,1002.37286,
55.58_37.66,2023-05-12 17:00:00,19.5,17.083368,none,0.0,0.0,8.654986,18.359999,39.339592,1000.4787,
55.58_37.66,2023-08-19 17:00:00,26.0,27.206106,none,0.0,0.0,5.0142193,20.519999,53.056282,1002.5846,
55.58_37.67,2023-04-12 12:00:00,15.4,12.373331,none,0.0,0.0,10.948973,23.759998,35.62464,997.8719,
55.58_37.67,2023-07-27 19:00:00,22.65,22.993135,none,0.0,0.0,15.496736,25.56,71.79771,981.7189,
55.58_37.67,2023-08-08 22:00:00,20.5,21.443249,none,0.0,0.0,10.948973,17.64,81.11732,990.6642,
55.58_37.67,2023-08-13 17:00:00,19.2,17.980652,none,0.0,0.0,18.782204,46.079998,74.70347,994.102,
55.58_37.67,2023-09-07 18:00:00,13.75,10.201397,none,0.0,0.0,13.584932,30.239998,49.107098,1002.7624,
55.58_37.68,2023-03-23 19:00:00,5.95,1.2349501,none,0.0,34.0,17.555307,31.68,64.68167,990.17676,
55.58_37.68,2023-04-12 18:00:00,10.6,7.257823,none,0.0,0.0,11.720751,12.959999,58.9341,995.27747,
55.58_37.68,2023-05-22 12:00:00,14.25,13.945713,rain,0.4,0.0,7.127636,15.4800005,88.35029,1003.95825,
55.58_37.68,2023-07-11 20:00:00,13.4,11.030149,none,0.0,0.0,16.263872,27.72,79.62906,989.3043,
55.58_37.68,2023-07-17 16:00:00,26.55,26.087555,none,0.0,0.0,5.0528407,17.64,37.559887,994.72345,
55.58_37.68,2023-07-25 13:00:00,22.5,22.950768,rain,0.1,0.0,10.829958,26.28,58.8481,985.2233,
55.58_37.68,2023-09-14 19:00:00,14.8,13.133339,none,0.0,0.0,8.373386,13.32,65.074104,999.9715,
55.58_37.69,2023-05-26 19:00:00,19.5,19.794107,none,0.0,0.0,7.8954163,9.0,72.38105,994.38605,
55.58_37.69,2023-05-28 13:00:00,13.95,10.938549,rain,0.1,0.0,15.629971,30.960001,63.569733,997.36456,
55.58_37.69,2023-06-29 13:00:00,21.35,20.592958,none,0.0,0.0,13.324863,28.44,53.068996,982.8573,
55.58_37.69,2023-08-16 23:00:00,16.05,16.305794,none,0.0,0.0,6.193674,10.08,85.39925,1004.2932,
55.58_37.69,2023-08-27 11:00:00,18.1,18.329498,none,0.0,0.0,4.829907,15.4800005,71.89216,991.4069,
55.58_37.69,2023-09-02 14:00:00,18.35,19.55456,rain,0.4,0.0,2.0364676,11.5199995,78.52497,997.1842,
55.58_37.7,2023-06-11 05:00:00,6.55,3.0923367,none,0.0,0.0,11.885453,19.44,74.81214,1007.5033,
55.58_37.7,2023-09-01 08:00:00,19.1,18.74212,none,0.0,0.0,10.514218,21.96,70.68438,997.1271,
55.59_37.12,2023-06-22 20:00:00,19.2,18.301388,none,0.0,0.0,8.905908,10.440001,60.208,991.2188,
55.59_37.13,2023-09-17 11:00:00,15.0,13.352211,none,0.0,0.0,7.2359104,19.8,60.218975,1007.3661,
55.59_37.2,2023-06-05 20:00:00,11.85,9.989864,none,0.0,0.0,6.763786,10.799999,69.98676,996.9574,
55.59_37.21,2023-09-01 15:00:00,25.7,24.629911,none,0.0,0.0,10.163227,21.96,40.692017,993.2603,
55.59_37.29,2023-09-03 00:00:00,14.35,14.470858,none,0.0,0.0,7.729527,14.04,96.812706,993.9657,
55.59_37.3,2023-03-30 13:00:00,3.45,-0.5408938,none,0.0,1.0,14.05845,29.16,84.900986,984.0651,
55.59_37.3,2023-06-24 07:00:00,15.15,13.364792,none,0.0,0.0,17.057314,34.2,82.82292,985.6998,
55.59_37.37,2023-04-02 13:00:00,7.3,3.0974956,none,0.0,0.0,19.134262,41.760002,79.84656,989.6612,
55.59_37.4,2023-07-09 08:00:00,20.9,19.884405,none,0.0,0.0,11.542478,25.56,57.322582,988.4807,
55.59_37.43,2023-06-28 14:00:00,19.8,16.744585,none,0.0,0.0,19.803272,36.36,50.927055,986.1552,
55.59_37.46,2023-04-29 19:00:00,10.15,6.687806,none,0.0,1.0,8.707238,19.44,47.74703,993.81836,
55.59_37.52,2023-04-04 21:00:00,6.8,3.7842522,none,0.0,0.0,10.390226,17.28,80.05554,991.715,
55.59_37.52,2023-07-31 17:00:00,23.8,22.537645,none,0.0,0.0,11.384199,24.48,45.432014,985.0456,
55.59_37.53,2023-04-02 09:00:00,5.85,1.4119277,none,0.0,1.0,19.813087,38.16,83.97685,987.73987,
55.59_37.53,2023-05-20 21:00:00,10.4,8.485415,none,0.0,0.0,9.290511,15.4800005,84.215904,1003.94336,
55.59_37.53,2023-08-20 10:00:00,24.8,26.373783,rain,0.1,0.0,11.367109,27.359999,68.88531,996.18945,
55.59_37.54,2023-05-07 22:00:00,0.55,-3.4332926,none,0.0,0.0,7.8954163,11.159999,64.1408,1006.35956,
55.59_37.54,2023-06-24 19:00:00,18.55,17.28053,none,0.0,0.0,12.413477,29.88,64.595146,990.85205,
55.59_37.54,2023-09-08 13:00:00,14.4,10.022013,none,0.0,0.0,24.18707,48.6,59.663273,991.0634,
55.59_37.55,2023-06-11 05:00:00,6.5,2.992385,none,0.0,0.0,11.983188,20.519999,74.00894,1005.638,
55.59_37.56,2023-08-31 03:00:00,12.1,10.879273,none,0.0,0.0,10.1887,16.919998,92.06646,991.00525,
55.59_37.59,2023-09-15 15:00:00,20.25,17.943333,none,0.0,0.0,10.296251,21.24,41.793648,999.9814,
55.59_37.6,2023-04-24 17:00:00,19.45,14.570488,none,0.0,0.0,18.888851,30.960001,27.090734,991.02795,
55.59_37.6,2023-04-27 22:00:00,10.85,8.828584,none,0.0,0.0,9.511088,18.72,80.07685,988.14264,
55.59_37.6,2023-05-18 09:00:00,22.05,20.210106,none,0.0,0.0,12.864649,25.56,41.172657,999.08234,
55.59_37.6,2023-09-27 07:00:00,9.45,7.4014254,none,0.0,0.0,9.028754,15.84,85.55911,1008.49255,
55.59_37.61,2023-03-28 19:00:00,6.25,1.5920849,none,0.0,9.0,17.533146,29.519999,64.98531,986.7431,
55.59_37.61,2023-07-20 11:00:00,19.3,16.235031,rain,0.1,0.0,25.959969,48.6,57.881893,981.27423,
55.59_37.61,2023-07-21 13:00:00,20.7,18.529928,none,0.0,0.0,16.78156,32.039997,46.262745,983.4323,
55.59_37.64,2023-08-04 20:00:00,21.6,22.689274,none,0.0,0.0,7.92,14.04,72.52447,991.5868,
55.59_37.64,2023-08-26 22:00:00,13.1,12.93182,none,0.0,0.0,5.8603754,9.0,94.27359,991.3562,
55.59_37.64,2023-09-20 09:00:00,16.25,13.548666,none,0.0,0.0,19.523155,33.48,68.52325,995.346,
55.59_37.65,2023-06-11 20:00:00,12.5,8.619487,none,0.0,0.0,14.480773,27.359999,49.282738,1004.17096,
55.59_37.66,2023-06-16 20:00:00,19.2,17.819897,none,0.0,0.0,11.269782,16.56,58.43729,990.73615,
55.59_37.66,2023-09-19 15:00:00,20.1,19.495535,none,0.0,0.0,11.720751,29.16,65.56966,997.30884,
55.59_37.67,2023-06-05 02:00:00,6.9,3.1588993,none,0.0,0.0,13.104198,23.4,69.97778,999.1843,
55.59_37.67,2023-06-19 02:00:00,13.6,10.407299,none,0.0,0.0,13.0447235,22.68,54.7107,997.09357,
55.59_37.67,2023-06-26 03:00:00,13.15,12.371925,none,0.0,0.0,6.439876,10.799999,83.96578,994.08606,
55.59_37.67,2023-08-05 12:00:00,26.9,28.15181,none,0.0,0.0,10.44,21.96,49.83243,997.47186,
55.59_37.67,2023-09-14 22:00:00,12.45,10.437885,none,0.0,0.0,9.531505,16.56,72.29375,998.9401,
55.59_37.68,2023-05-06 20:00:00,3.1,-1.3661876,none,0.0,0.0,10.495713,25.919998,49.535717,1004.2027,
55.59_37.68,2023-05-24 18:00:00,20.65,20.9314,none,0.0,0.0,4.3498964,18.72,61.146362,994.3289,
55.59_37.71,2023-05-07 14:00:00,6.8,1.9240704,none,0.0,0.0,14.021525,29.519999,41.312656,1008.30585,
55.59_37.72,2023-04-27 07:00:00,8.2,6.0706787,none,0.0,0.0,6.989936,14.4,83.09223,989.86224,
55.59_37.72,2023-05-17 00:00:00,8.9,6.5104084,none,0.0,0.0,7.8954163,11.879999,76.01054,1001.7928,
55.59_37.72,2023-08-07 15:00:00,29.1,27.750145,none,0.0,0.0,22.66857,44.639996,40.838123,993.26355,
55.59_37.72,2023-08-14 10:00:00,20.5,19.380678,rain,0.2,0.0,22.366402,38.88,76.368164,996.44104,
55.59_37.73,2023-04-02 13:00:00,7.9,3.3933277,none,0.0,3.0,21.288757,41.399998,76.91503,991.1028,
55.59_37.73,2023-05-08 19:00:00,8.7,6.142541,none,0.0,0.0,3.563818,12.599999,56.59128,1010.1619,
55.59_37.73,2023-05-15 17:00:00,18.4,16.276684,none,0.0,0.0,1.1384199,11.5199995,31.204115,1001.685,
55.59_37.74,2023-06-20 19:00:00,19.0,16.681767,rain,1.5,0.0,18.430452,38.519997,60.56081,992.78687,
55.59_37.74,2023-06-26 16:00:00,24.05,21.507639,none,0.0,0.0,12.641076,25.56,34.19523,992.6329,
55.5_37.33,2023-06-17 19:00:00,22.6,20.370695,none,0.0,0.0,13.570615,24.84,42.03126,993.63214,
55.5_37.33,2023-09-02 13:00:00,17.4,18.454386,rain,2.0,0.0,5.95906,12.599999,89.470184,996.4213,
55.5_37.37,2023-08-15 07:00:00,17.4,18.589226,none,0.0,0.0,6.130579,13.679999,91.78693,998.9374,
55.5_37.53,2023-07-29 16:00:00,16.95,15.526287,rain,0.1,0.0,14.241629,28.08,73.1108,985.9199,
55.5_37.55,2023-05-16 20:00:00,13.45,11.014546,none,0.0,0.0,8.209263,13.32,56.219208,1002.0907,
55.5_37.57,2023-04-25 22:00:00,11.4,10.126054,rain,0.3,0.0,5.8603754,9.72,81.802124,987.18463,
55.5_37.57,2023-05-24 18:00:00,20.15,20.436289,none,0.0,0.0,6.2145634,13.679999,66.43891,995.31537,
55.5_37.57,2023-07-06 14:00:00,28.1,28.665401,none,0.0,0.0,7.9526596,20.880001,39.387814,999.25494,
55.5_37.57,2023-09-05 20:00:00,15.3,12.85346,none,0.0,0.0,11.183201,19.44,56.886005,1000.04114,
55.5_37.58,2023-04-12 13:00:00,16.4,13.575079,none,0.0,0.0,9.504273,22.68,32.93925,996.7423,
55.5_37.58,2023-04-16 18:00:00,11.1,7.191805,none,0.0,0.0,7.9932966,21.24,32.837708,1008.0559,
55.5_37.58,2023-06-13 09:00:00,15.95,12.599768,none,0.0,0.0,16.1198,32.760002,50.23375,1004.59546,
55.5_37.6,2023-09-23 11:00:00,20.7,19.039145,none,0.0,0.0,13.708391,28.08,54.144135,1005.02106,
55.61_37.2,2023-05-20 14:00:00,13.05,10.136358,rain,0.1,0.0,10.365251,36.0,54.56643,1002.7937,
55.61_37.23,2023-07-31 10:00:00,22.1,22.26747,none,0.0,0.0,7.771331,19.44,58.561703,986.89105,
55.61_37.25,2023-04-06 21:00:00,6.15,1.0686321,none,0.0,0.0,16.676977,30.599998,48.739704,1000.3839,
55.61_37.3,2023-08-19 21:00:00,20.5,22.030117,none,0.0,0.0,6.924738,7.92,81.11732,999.4541,
55.61_37.33,2023-08-04 14:00:00,26.95,26.260145,rain,0.1,0.0,19.107151,46.079998,51.464134,989.9727,
55.61_37.34,2023-08-26 18:00:00,16.5,16.33383,none,0.0,0.0,7.2,23.039999,78.76582,991.38135,
55.61_37.35,2023-03-24 10:00:00,4.6,1.1392498,rain,1.5,23.0,13.044722,25.919998,91.27585,978.9813,
55.61_37.37,2023-09-17 12:00:00,14.95,13.330627,none,0.0,0.0,7.208994,20.16,60.827045,1005.0838,
55.61_37.38,2023-07-25 21:00:00,18.45,19.1599,none,0.0,0.0,9.0,15.84,85.1018,980.7519,
55.61_37.39,2023-04-22 18:00:00,13.85,10.155749,none,0.0,0.0,9.693296,22.68,35.818275,990.4145,
55.61_37.49,2023-04-21 15:00:00,15.3,10.494542,none,0.0,0.0,16.171976,32.039997,29.86389,984.9563,
55.61_37.49,2023-05-16 10:00:00,17.0,14.4181385,none,0.0,0.0,13.392774,29.16,46.34132,994.22284,
55.61_37.49,2023-06-10 17:00:00,15.0,9.869634,none,0.0,0.0,21.096123,41.399998,37.084267,995.3097,
55.61_37.49,2023-07-02 14:00:00,23.4,20.980022,none,0.0,0.0,17.373497,36.36,43.692383,973.5936,
55.61_37.49,2023-07-20 21:00:00,15.65,13.555889,none,0.0,0.0,11.928989,21.599998,63.09483,976.237,
55.61_37.49,2023-08-09 18:00:00,23.5,21.939194,none,0.0,0.0,14.830076,28.44,48.289642,988.0288,
55.61_37.52,2023-08-27 21:00:00,15.8,15.359617,none,0.0,0.0,7.2805495,14.759999,78.147194,983.8997,
55.61_37.52,2023-09-13 20:00:00,13.85,11.969248,none,0.0,0.0,8.714677,14.04,66.2062,995.02313,
55.61_37.53,2023-06-11 11:00:00,13.9,9.800713,none,0.0,0.0,19.008545,39.6,43.714935,999.15546,
55.61_37.54,2023-03-26 20:00:00,4.85,2.004981,none,0.0,7.0,10.446206,19.8,97.58634,970.5837,
55.61_37.54,2023-07-13 19:00:00,13.6,13.266674,rain,2.7,0.0,6.439876,11.159999,89.762314,977.5656,
55.61_37.54,2023-08-20 15:00:00,24.75,26.555513,rain,4.7,0.0,7.42159,33.12,65.91718,991.02454,
55.61_37.54,2023-08-28 09:00:00,16.65,16.86838,none,0.0,0.0,4.1046314,12.959999,77.00321,984.53046,
55.61_37.55,2023-03-24 20:00:00,4.55,1.2378716,none,0.0,24.0,11.384199,18.72,88.41248,979.3263,
55.61_37.55,2023-05-20 21:00:00,10.4,8.485415,none,0.0,0.0,9.290511,15.4800005,84.215904,996.8666,
55.61_37.55,2023-09-27 13:00:00,18.1,16.737808,none,0.0,0.0,8.766573,20.16,57.779716,1001.6588,
55.61_37.59,2023-06-09 21:00:00,15.9,14.429087,none,0.0,0.0,10.587917,20.16,68.91137,995.0317,
55.61_37.6,2023-03-24 19:00:00,6.3,3.1565251,none,0.0,24.0,10.805999,25.56,80.83588,983.1936,
55.61_37.6,2023-03-29 17:00:00,6.9,1.9503727,rain,0.2,5.0,25.305208,45.719997,86.48341,983.7399,
55.61_37.6,2023-04-19 19:00:00,12.1,8.45523,none,0.0,0.0,11.019764,19.44,45.10986,1002.15173,
55.61_37.6,2023-05-13 22:00:00,14.05,10.992115,none,0.0,0.0,13.207634,20.880001,55.983234,998.9211,
55.61_37.6,2023-05-29 11:00:00,18.5,17.409601,none,0.0,0.0,9.021574,21.599998,38.373055,999.65643,
55.61_37.6,2023-06-25 05:00:00,13.5,13.564865,none,0.0,0.0,3.6,8.28,90.051056,994.0857,
55.61_37.6,2023-07-20 11:00:00,19.3,16.235031,rain,0.1,0.0,25.959969,48.6,57.881893,981.27423,
55.61_37.6,2023-08-06 22:00:00,23.55,23.888191,none,0.0,0.0,12.496718,21.599998,63.61147,994.4017,
55.61_37.6,2023-08-17 20:00:00,20.95,21.83181,none,0.0,0.0,8.225035,9.72,73.574066,1000.8852,
55.61_37.61,2023-03-25 13:00:00,9.5,5.8264112,rain,0.5,20.0,22.493519,45.36,93.47908,979.7619,
55.61_37.61,2023-04-23 18:00:00,16.65,13.376423,none,0.0,0.0,10.195057,24.48,37.433475,994.18,
55.61_37.61,2023-04-24 13:00:00,19.75,16.698301,none,0.0,0.0,12.413476,27.0,26.302855,994.4089,
55.61_37.61,2023-04-26 08:00:00,9.7,6.636841,rain,0.8,0.0,18.668005,32.039997,93.48907,979.94794,
55.61_37.61,2023-05-16 08:00:00,13.55,11.791128,none,0.0,0.0,8.049845,17.64,67.971146,1001.62933,
55.61_37.61,2023-06-20 13:00:00,22.75,18.45624,none,0.0,0.0,23.86341,43.92,34.177315,992.4655,
55.61_37.61,2023-08-04 22:00:00,20.7,21.781368,none,0.0,0.0,7.69592,13.32,76.15688,992.19086,
55.61_37.61,2023-08-11 09:00:00,20.65,20.452934,rain,0.3,0.0,19.06301,34.92,80.88074,1002.2837,
55.61_37.61,2023-09-22 18:00:00,19.2,17.637188,none,0.0,0.0,7.92,16.56,49.746723,1002.53235,
55.61_37.62,2023-05-08 07:00:00,4.75,1.6257687,none,0.0,0.0,6.489992,16.56,69.53917,1012.9177,
55.61_37.62,2023-07-21 05:00:00,13.3,11.218217,none,0.0,0.0,13.70839,23.039999,78.55456,986.7253,
55.61_37.62,2023-08-23 17:00:00,17.05,16.119265,rain,0.1,0.0,12.904882,37.8,77.065575,989.2857,
55.61_37.62,2023-09-02 05:00:00,14.8,14.420084,none,0.0,0.0,7.42159,12.24,84.70932,995.06573,
55.61_37.62,2023-09-18 14:00:00,17.0,15.562954,none,0.0,0.0,13.783817,28.44,71.68928,1000.45294,
55.61_37.65,2023-07-10 17:00:00,18.5,14.737057,none,0.0,0.0,25.420181,45.0,56.72735,991.37823,
55.61_37.66,2023-03-28 16:00:00,9.55,4.8228188,none,0.0,12.0,18.278645,33.839996,52.86591,990.74445,
55.61_37.66,2023-04-13 11:00:00,14.3,9.591847,none,0.0,0.0,21.99538,39.96,48.571297,996.15247,
55.61_37.66,2023-05-21 22:00:00,9.35,7.8854904,none,0.0,0.0,5.6920996,6.12,88.52269,1003.3637,
55.61_37.66,2023-05-30 17:00:00,20.1,18.054918,none,0.0,0.0,5.95906,12.599999,37.640484,995.7459,
55.61_37.66,2023-08-10 18:00:00,24.05,23.386868,none,0.0,0.0,6.439876,12.24,43.582783,1003.7331,
55.61_37.66,2023-09-08 08:00:00,11.95,8.070013,none,0.0,0.0,21.096123,38.16,70.97442,998.88605,
55.61_37.67,2023-04-21 21:00:00,10.85,6.193014,none,0.0,0.0,16.394829,28.8,43.938976,993.0941,
55.61_37.67,2023-05-20 00:00:00,8.8,6.0491295,none,0.0,0.0,8.311245,21.96,68.88687,1006.97644,
55.61_37.67,2023-05-25 15:00:00,20.55,20.75633,none,0.0,0.0,10.823973,23.4,71.87426,995.49774,
55.61_37.67,2023-05-27 23:00:00,12.8,7.949705,none,0.0,0.0,21.2522,36.719997,48.668884,997.24713,
55.61_37.7,2023-04-18 21:00:00,8.9,5.0440025,none,0.0,0.0,12.413476,20.519999,55.630787,1004.0347,
55.61_37.71,2023-03-27 18:00:00,6.9,3.042966,none,0.0,15.000001,14.934577,30.960001,74.3442,980.2277,
55.61_37.72,2023-04-08 14:00:00,11.4,8.05444,none,0.0,0.0,11.304229,27.0,45.564095,1006.3528,
55.61_37.72,2023-05-16 16:00:00,19.8,16.559292,none,0.0,0.0,14.689588,31.68,34.16485,1001.11865,
55.61_37.72,2023-06-11 12:00:00,14.9,10.668853,none,0.0,0.0,20.111729,39.239998,41.86608,1007.2956,
55.61_37.72,2023-06-18 15:00:00,24.0,22.66334,none,0.0,0.0,7.172949,18.359999,30.829876,995.6553,
55.61_37.72,2023-07-12 17:00:00,16.05,12.748423,none,0.0,0.0,15.629971,28.8,50.961235,986.82837,
55.61_37.72,2023-07-17 09:00:00,20.95,20.974457,none,0.0,0.0,12.738099,24.84,71.259254,995.1043,
55.61_37.72,2023-07-17 16:00:00,25.9,25.000223,none,0.0,0.0,9.346143,19.8,39.290363,993.3644,
55.61_37.72,2023-07-19 08:00:00,14.55,10.298899,rain,0.4,0.0,35.09954,63.0,88.95657,976.55347,
55.61_37.72,2023-07-20 13:00:00,20.2,17.954195,none,0.0,0.0,23.42491,46.8,57.719517,983.0986,
55.61_37.72,2023-07-25 11:00:00,20.45,20.28592,none,0.0,0.0,12.57426,33.12,70.93814,984.6994,
55.61_37.72,2023-07-30 17:00:00,22.25,20.641384,none,0.0,0.0,14.618837,27.0,51.236626,986.31036,
55.61_37.72,2023-08-07 19:00:00,26.4,24.903362,none,0.0,0.0,22.206486,38.519997,50.18229,989.70184,
55.61_37.72,2023-08-24 09:00:00,15.1,14.639896,rain,0.1,0.0,6.439876,15.119999,79.34325,991.346,
55.61_37.72,2023-09-05 08:00:00,13.9,13.552139,none,0.0,0.0,5.3517847,14.04,84.89067,1002.90686,
55.61_37.72,2023-09-06 16:00:00,20.6,15.744152,none,0.0,0.0,28.348713,50.039997,41.8931,994.4461,
55.61_37.73,2023-04-10 08:00:00,8.5,6.405302,none,0.0,0.0,3.8773184,13.32,70.54688,1005.2772,
55.61_37.73,2023-04-22 12:00:00,13.25,9.139695,none,0.0,0.0,13.779114,29.88,40.643623,991.4884,
55.61_37.73,2023-09-11 09:00:00,15.4,15.101473,none,0.0,0.0,4.379589,14.04,75.545006,997.9099,
55.61_37.74,2023-04-16 19:00:00,7.25,3.4343433,none,0.0,0.0,7.5942082,12.959999,43.529156,1007.7764,
55.61_37.74,2023-05-24 08:00:00,15.75,15.805042,none,0.0,0.0,7.0911775,16.199999,85.92592,995.8354,
55.61_37.74,2023-06-27 09:00:00,21.25,19.039862,none,0.0,0.0,14.003029,28.44,46.571133,992.6489,
55.61_37.74,2023-07-24 17:00:00,17.9,17.23409,none,0.0,0.0,13.608762,34.2,78.20522,985.7874,
55.61_37.74,2023-08-05 20:00:00,24.3,25.429245,none,0.0,0.0,4.6102495,10.440001,57.40743,998.00995,
55.61_37.74,2023-08-09 07:00:00,18.35,18.456684,none,0.0,0.0,10.464797,19.44,80.31699,992.3773,
55.61_37.74,2023-08-11 14:00:00,26.1,25.557524,rain,0.2,0.0,19.083395,34.2,55.328487,1001.21576,
55.61_37.75,2023-04-19 20:00:00,9.0,4.926321,none,0.0,0.0,11.525623,20.880001,46.554173,1004.47485,
55.61_37.75,2023-07-01 17:00:00,24.2,21.856,none,0.0,0.0,17.555307,32.760002,42.62172,978.22723,
55.61_37.75,2023-07-10 18:00:00,17.25,14.121141,none,0.0,0.0,24.098497,46.079998,67.82064,990.3517,
55.61_37.75,2023-09-22 13:00:00,23.65,21.694942,none,0.0,0.0,13.1041975,25.199999,41.484894,1005.14526,
55.61_37.75,2023-09-25 18:00:00,13.95,12.734425,none,0.0,0.0,6.638072,13.679999,72.325775,1012.6718,
55.61_37.76,2023-06-06 17:00:00,19.4,15.697079,none,0.0,0.0,16.394829,29.519999,37.569717,1001.97327,
55.61_37.77,2023-08-06 12:00:00,29.6,31.554054,none,0.0,0.0,14.186923,28.8,51.173836,1000.05554,
55.61_37.77,2023-08-10 18:00:00,23.9,23.705896,none,0.0,0.0,6.12,12.24,48.08049,1006.73645,
55.62_37.28,2023-04-15 14:00:00,6.05,0.5318942,none,0.0,0.0,18.089775,38.16,37.327724,1009.59607,
55.62_37.3,2023-08-13 17:00:00,18.3,17.724403,rain,0.4,0.0,15.273505,33.12,80.828964,993.3537,
55.62_37.33,2023-07-22 23:00:00,15.3,14.030334,none,0.0,0.0,8.913181,15.84,70.89621,987.1308,
55.62_37.39,2023-07-23 22:00:00,14.35,13.227781,none,0.0,0.0,10.661107,18.0,82.45206,988.31616,
55.62_37.39,2023-08-13 17:00:00,18.4,17.524105,rain,0.4,0.0,17.462784,35.28,80.58264,993.3067,
55.62_37.41,2023-05-05 14:00:00,8.25,4.2935057,none,0.0,0.0,18.089775,38.519997,49.15718,999.7356,
55.62_37.44,2023-06-22 13:00:00,23.25,22.385979,none,0.0,0.0,10.823973,25.199999,41.7913,993.69525,
55.62_37.48,2023-03-30 20:00:00,0.1,-4.2092977,none,0.0,1.0,12.313894,26.28,81.14291,985.0003,
55.62_37.48,2023-05-26 16:00:00,24.5,23.571655,none,0.0,0.0,7.5685663,16.919998,37.23135,986.85333,
55.62_37.48,2023-07-07 16:00:00,25.55,26.867504,rain,1.0,0.0,12.4811535,31.319998,65.05739,988.3985,
55.62_37.48,2023-08-01 18:00:00,24.4,24.163557,none,0.0,0.0,10.514218,20.519999,52.30612,984.2227,
55.62_37.48,2023-08-15 17:00:00,24.25,23.203806,none,0.0,0.0,14.021525,28.8,49.93936,994.83386,
55.62_37.49,2023-05-24 11:00:00,18.95,19.53831,none,0.0,0.0,3.5455887,15.4800005,70.426384,987.43915,
55.62_37.5,2023-03-27 19:00:00,5.7,2.1095676,none,0.0,4.0,12.429127,25.199999,77.65452,972.9183,
55.62_37.5,2023-05-28 00:00:00,12.25,7.5347395,none,0.0,0.0,20.326454,36.719997,50.45651,986.5137,
55.62_37.5,2023-08-28 15:00:00,19.7,18.375156,none,0.0,0.0,7.491114,16.919998,48.224133,981.51434,
55.62_37.51,2023-04-21 17:00:00,15.0,9.974631,none,0.0,0.0,17.771753,34.2,30.67084,982.5487,
55.62_37.51,2023-04-22 17:00:00,14.45,10.2299595,none,0.0,0.0,13.004921,27.359999,33.704487,981.63806,
55.62_37.51,2023-05-12 09:00:00,15.95,15.145298,none,0.0,0.0,3.9763298,14.4,59.026817,992.4867,
55.62_37.51,2023-06-23 17:00:00,19.85,20.589184,rain,0.2,0.0,7.172949,22.319998,75.05262,980.43085,
55.62_37.54,2023-05-06 21:00:00,1.75,-2.8342772,none,0.0,0.0,10.799999,19.08,51.474815,998.4898,
55.62_37.54,2023-06-10 11:00:00,15.6,12.699562,none,0.0,0.0,15.990646,36.719997,40.02602,996.506,
55.62_37.54,2023-08-01 23:00:00,17.8,19.111315,none,0.0,0.0,6.8399997,12.959999,92.69089,984.2983,
55.62_37.55,2023-05-20 15:00:00,13.05,9.612249,none,0.0,0.0,15.226764,30.599998,58.108353,1000.9863,
55.62_37.59,2023-04-06 06:00:00,1.8,-2.502774,none,0.0,0.0,15.30741,25.56,90.101875,1000.4094,
55.62_37.59,2023-04-16 10:00:00,7.9,3.4550323,none,0.0,0.0,12.313894,25.919998,43.233456,1007.8065,
55.62_37.6,2023-07-15 14:00:00,16.55,15.193211,rain,0.3,0.0,18.847641,37.44,86.28532,989.16644,
55.62_37.6,2023-08-29 18:00:00,17.0,16.315933,none,0.0,0.0,5.5887027,15.4800005,65.11739,991.9452,
55.62_37.61,2023-04-24 07:00:00,11.95,9.340465,none,0.0,0.0,9.6932955,18.359999,62.8925,996.43384,
55.62_37.61,2023-05-02 14:00:00,12.9,9.616402,none,0.0,0.0,6.87779,18.72,38.105244,1003.1433,
55.62_37.61,2023-06-23 01:00:00,14.65,12.12701,none,0.0,0.0,14.512064,25.56,66.377785,991.6255,
55.62_37.61,2023-06-24 23:00:00,13.2,12.508755,none,0.0,0.0,8.350138,10.799999,90.62537,993.32605,
55.62_37.61,2023-07-05 16:00:00,24.55,22.785734,none,0.0,0.0,17.786331,34.92,47.4723,996.6565,
55.62_37.61,2023-09-19 17:00:00,18.8,18.450855,none,0.0,0.0,9.028754,20.880001,69.25872,997.1411,
55.62_37.62,2023-04-17 14:00:00,12.1,7.785285,none,0.0,0.0,11.966954,25.56,34.265835,1008.02966,
55.62_37.62,2023-05-01 23:00:00,3.3,-0.5405998,none,0.0,0.0,12.303366,20.519999,81.8795,997.88293,
55.62_37.62,2023-05-02 16:00:00,14.1,11.037422,none,0.0,0.0,6.193674,15.4800005,33.97402,1002.5071,
55.62_37.62,2023-05-14 07:00:00,12.15,9.385411,none,0.0,0.0,12.7279215,25.919998,67.9131,1002.5896,
55.62_37.62,2023-06-16 02:00:00,13.4,11.8886795,none,0.0,0.0,8.759178,11.879999,75.21115,994.32007,
55.62_37.62,2023-08-14 18:00:00,22.4,22.578938,none,0.0,0.0,11.269782,28.44,64.59081,998.0485,
55.62_37.62,2023-08-30 22:00:00,14.45,13.748272,none,0.0,0.0,7.145796,12.959999,80.30891,995.1002,
55.62_37.62,2023-09-07 22:00:00,11.4,8.065427,none,0.0,0.0,12.979984,21.599998,59.97045,1000.8696,
55.62_37.65,2023-05-26 16:00:00,24.15,23.058132,none,0.0,0.0,6.6087217,14.4,39.454426,993.30994,
55.62_37.65,2023-06-30 15:00:00,18.45,18.075794,none,0.0,0.0,8.049845,21.599998,68.513016,978.6994,
55.62_37.66,2023-03-24 16:00:00,9.25,5.057148,none,0.0,29.0,20.188908,39.239998,73.98037,983.9221,
55.62_37.66,2023-04-02 06:00:00,3.55,-0.37431955,none,0.0,4.0,15.517629,25.919998,94.50285,992.0431,
55.62_37.66,2023-05-09 23:00:00,5.5,1.5983124,none,0.0,0.0,8.587338,14.759999,50.980877,1007.1587,
55.62_37.66,2023-05-17 08:00:00,17.45,15.551548,none,0.0,0.0,9.346143,20.519999,53.664455,1003.60004,
55.62_37.66,2023-08-04 05:00:00,19.55,21.049374,none,0.0,0.0,11.269782,18.0,93.66079,990.8684,
55.62_37.66,2023-08-15 19:00:00,21.35,21.05798,none,0.0,0.0,9.6932955,18.359999,60.910435,1002.0176,
55.62_37.66,2023-08-27 03:00:00,11.55,11.190431,none,0.0,0.0,5.1165614,12.24,98.0346,992.9043,
55.62_37.66,2023-09-08 21:00:00,9.6,6.3271837,none,0.0,0.0,14.241629,25.919998,73.52956,999.5608,
55.62_37.66,2023-09-25 20:00:00,11.8,10.619748,none,0.0,0.0,6.489992,10.440001,83.527405,1011.3105,
55.62_37.67,2023-06-27 17:00:00,18.25,16.0123,none,0.0,0.0,17.462784,32.760002,62.633835,991.7629,
55.62_37.67,2023-08-18 16:00:00,28.25,29.226124,none,0.0,0.0,7.9526596,17.64,48.0016,1006.6296,
55.62_37.67,2023-08-19 19:00:00,24.4,26.853052,none,0.0,0.0,3.7585104,8.28,68.37725,1005.85846,
55.62_37.67,2023-08-31 09:00:00,17.35,16.429731,none,0.0,0.0,12.599998,25.199999,75.12436,996.5486,
55.62_37.68,2023-07-17 18:00:00,24.0,25.66701,none,0.0,0.0,5.0911684,12.599999,64.31911,995.3626,
55.62_37.69,2023-04-19 17:00:00,14.15,10.684816,none,0.0,0.0,10.514218,24.48,41.350254,1004.47107,
55.62_37.69,2023-06-30 12:00:00,15.4,14.654646,rain,2.7,0.0,12.224107,28.8,87.018936,978.7746,
55.62_37.7,2023-06-13 20:00:00,17.85,15.339533,none,0.0,0.0,10.587918,20.519999,46.259106,999.0649,
55.62_37.7,2023-06-27 22:00:00,14.9,14.575268,rain,0.1,0.0,6.379216,10.799999,82.52026,990.3686,
55.62_37.71,2023-05-18 16:00:00,24.55,22.115164,none,0.0,0.0,9.220499,21.24,25.85397,1002.09674,
55.62_37.71,2023-05-26 17:00:00,24.0,23.033192,none,0.0,0.0,5.00128,12.959999,38.754333,993.83777,
55.62_37.71,2023-06-13 09:00:00,15.85,12.39749,none,0.0,0.0,17.114204,33.48,51.260593,1006.44293,
55.62_37.71,2023-06-18 21:00:00,18.7,16.073317,none,0.0,0.0,15.03835,31.68,50.97692,996.626,
55.62_37.71,2023-08-09 23:00:00,17.9,17.352657,none,0.0,0.0,10.041354,18.359999,72.564156,999.0091,
55.62_37.71,2023-09-11 09:00:00,13.1,12.754076,none,0.0,0.0,3.0758414,11.5199995,83.12416,1000.67096,
55.62_37.71,2023-09-14 11:00:00,17.7,16.446522,none,0.0,0.0,8.699793,20.16,60.657894,1000.9293,
55.62_37.72,2023-04-07 15:00:00,10.45,5.8572016,none,0.0,0.0,14.578888,28.08,40.561,1005.4617,
55.62_37.72,2023-06-16 11:00:00,24.8,25.058184,none,0.0,0.0,6.0347,19.08,38.33289,994.4313,
55.62_37.72,2023-08-02 21:00:00,20.6,22.186865,none,0.0,0.0,7.127636,11.879999,81.64465,988.646,
55.62_37.72,2023-08-11 22:00:00,21.2,23.236267,rain,0.3,0.0,5.8603754,17.28,81.72026,998.82764,
55.62_37.72,2023-09-05 13:00:00,21.25,19.76157,none,0.0,0.0,9.178235,21.24,43.09016,1002.876,
55.62_37.73,2023-04-15 13:00:00,6.65,1.213079,none,0.0,0.0,17.873556,35.64,34.86069,1010.35333,
55.62_37.73,2023-06-06 09:00:00,16.3,14.726654,none,0.0,0.0,10.182337,23.039999,53.179943,1001.0313,
55.62_37.73,2023-06-06 18:00:00,17.95,15.6034355,none,0.0,0.0,12.245294,21.96,51.64764,999.00336,
55.62_37.73,2023-09-19 16:00:00,20.65,19.708307,none,0.0,0.0,14.512064,26.64,64.210815,999.0721,
55.62_37.74,2023-04-27 17:00:00,18.3,16.488451,none,0.0,0.0,8.4042845,23.4,50.18198,991.562,
55.62_37.74,2023-04-27 22:00:00,12.0,10.191641,rain,0.2,0.0,8.049845,16.919998,74.210846,994.0065,
55.62_37.74,2023-06-23 10:00:00,18.25,18.744665,rain,1.1,0.0,9.255571,20.519999,83.72925,992.0301,
55.62_37.74,2023-06-24 14:00:00,17.2,15.066032,rain,0.1,0.0,21.38897,42.839996,76.83769,993.0368,
55.62_37.74,2023-07-30 13:00:00,21.7,20.121567,rain,0.1,0.0,18.0,33.12,56.58547,988.1435,
55.62_37.75,2023-04-29 17:00:00,11.85,8.392836,none,0.0,1.0,8.217153,20.16,41.275246,998.02356,
55.62_37.75,2023-06-18 17:00:00,23.0,20.712294,none,0.0,0.0,8.209263,23.039999,32.407585,997.48486,
55.62_37.76,2023-04-09 18:00:00,12.2,10.466541,none,0.0,0.0,3.396233,6.4799995,61.010624,1006.03406,
55.62_37.78,2023-04-28 14:00:00,14.9,12.435108,rain,0.6,0.0,16.62249,30.599998,71.53559,997.7184,
55.62_37.78,2023-05-24 04:00:00,13.15,12.366999,rain,0.2,0.0,7.289444,16.56,86.23035,1001.1395,
55.62_37.78,2023-07-20 23:00:00,13.75,12.248539,none,0.0,0.0,9.0645685,17.28,74.514755,989.7822,
55.62_37.78,2023-08-19 06:00:00,17.2,18.200138,none,0.0,0.0,7.289444,11.159999,92.65834,1010.9843,
55.62_37.79,2023-04-28 17:00:00,14.3,11.779739,none,0.0,0.0,15.034041,26.64,69.28751,998.91187,
55.62_37.79,2023-05-12 17:00:00,20.6,17.377932,none,0.0,0.0,9.9571085,18.72,29.445953,1005.16486,
55.62_37.79,2023-06-25 08:00:00,17.0,16.938635,none,0.0,0.0,4.0249224,12.599999,70.98335,1003.0823,
55.62_37.8,2023-07-29 02:00:00,14.95,14.313623,rain,0.1,0.0,12.43434,22.319998,91.934944,990.7082,
55.63_37.3,2023-04-17 09:00:00,6.1,3.529079,none,0.0,0.0,3.6,10.440001,67.34447,1005.0419,
55.63_37.3,2023-05-17 21:00:00,15.9,13.183151,none,0.0,0.0,11.165805,19.44,50.394447,997.4165,
55.63_37.31,2023-05-29 13:00:00,19.35,17.75869,none,0.0,0.0,11.592894,27.72,36.262714,996.22644,
55.63_37.31,2023-06-16 22:00:00,18.35,16.716366,none,0.0,0.0,8.766573,11.879999,53.17545,991.3087,
55.63_37.33,2023-06-18 00:00:00,16.85,14.334063,none,0.0,0.0,13.237039,24.48,54.987446,994.16113,
55.63_37.34,2023-07-07 19:00:00,22.6,24.02522,rain,0.7,0.0,12.24,32.760002,78.39565,993.28925,
55.63_37.35,2023-07-23 12:00:00,19.1,18.605938,rain,4.8,0.0,13.049689,39.96,73.727455,987.06635,
55.63_37.38,2023-04-12 20:00:00,7.55,3.8552818,none,0.0,0.0,11.252519,14.759999,60.747234,993.4353,
55.63_37.41,2023-04-25 11:00:00,16.95,14.02471,none,0.0,0.0,12.387348,27.359999,42.45762,991.1531,
55.63_37.42,2023-03-24 14:00:00,8.5,5.210183,none,0.0,21.0,15.937878,33.839996,85.163536,980.42004,
55.63_37.42,2023-06-13 11:00:00,17.95,14.803354,none,0.0,0.0,19.959719,40.32,40.00017,1001.5454,
55.63_37.42,2023-08-29 08:00:00,11.7,9.8415985,rain,0.6,0.0,9.957108,19.44,80.468346,990.9313,
55.63_37.44,2023-04-29 11:00:00,8.8,4.3253536,rain,0.1,1.0,17.551615,34.92,59.327682,993.5451,
55.63_37.44,2023-06-29 12:00:00,20.65,20.432686,none,0.0,0.0,11.440979,31.319998,56.510654,977.34973,
55.63_37.44,2023-09-27 20:00:00,11.55,10.221666,none,0.0,0.0,7.4128532,8.64,84.63189,1005.90765,
55.63_37.45,2023-08-09 21:00:00,18.55,17.75579,none,0.0,0.0,11.043261,22.319998,68.308876,992.9464,
55.63_37.46,2023-08-11 16:00:00,24.95,24.570633,rain,0.1,0.0,18.39878,41.399998,59.806995,996.873,
55.63_37.47,2023-03-24 06:00:00,5.55,0.82093334,rain,0.1,24.0,21.67786,38.519997,85.1362,977.1068,
55.63_37.47,2023-04-05 15:00:00,12.9,9.269344,none,0.0,0.0,15.281989,27.359999,55.10399,995.01166,
55.63_37.47,2023-04-18 23:00:00,7.4,3.2656674,none,0.0,0.0,12.959999,24.119999,56.046402,999.5022,
55.63_37.47,2023-05-29 19:00:00,18.1,15.992231,none,0.0,0.0,7.5942082,20.880001,45.0686,993.5251,
55.63_37.47,2023-06-13 23:00:00,12.7,10.586058,none,0.0,0.0,7.4128532,13.32,63.065903,994.6811,
55.63_37.47,2023-09-03 00:00:00,14.1,14.0149765,none,0.0,0.0,8.654986,14.759999,97.121826,993.80646,
55.63_37.48,2023-09-26 15:00:00,16.8,15.311031,none,0.0,0.0,3.9763298,10.799999,50.291485,1005.63196,
55.63_37.49,2023-08-28 23:00:00,13.1,10.525998,none,0.0,0.0,12.879752,22.68,67.87786,985.13617,
55.63_37.51,2023-07-18 20:00:00,18.1,18.874859,rain,1.4,0.0,12.261158,27.72,94.48505,971.2781,
55.63_37.52,2023-05-02 18:00:00,11.4,8.817964,none,0.0,0.0,6.130579,13.679999,54.7101,991.6713,
55.63_37.52,2023-05-11 10:00:00,16.25,14.016119,none,0.0,0.0,9.957108,23.759998,42.40557,993.27423,
55.63_37.52,2023-06-09 13:00:00,23.2,21.794918,none,0.0,0.0,14.039999,33.48,34.542118,986.9874,
55.63_37.52,2023-06-14 19:00:00,19.6,17.709005,none,0.0,0.0,9.290511,19.44,46.905537,989.46344,
55.63_37.52,2023-08-23 15:00:00,19.35,17.729397,rain,0.3,0.0,15.696165,34.92,63.09019,980.0267,
55.63_37.52,2023-08-25 15:00:00,18.3,16.073915,none,0.0,0.0,6.8399997,16.56,41.380325,986.9081,
55.63_37.54,2023-08-21 09:00:00,17.15,15.119301,none,0.0,0.0,15.124284,31.319998,65.150024,992.2928,
55.63_37.59,2023-08-02 16:00:00,24.85,25.257196,none,0.0,0.0,12.475961,26.64,59.404564,989.4939,
55.63_37.6,2023-06-05 18:00:00,15.9,13.906738,none,0.0,0.0,9.826088,25.199999,58.814194,995.5796,
55.63_37.6,2023-09-07 22:00:00,11.15,7.7435255,none,0.0,0.0,13.608762,23.039999,61.401333,1001.8757,
55.63_37.6,2023-09-09 01:00:00,7.2,4.390193,none,0.0,0.0,12.413476,22.68,92.08274,998.2796,
55.63_37.61,2023-06-05 19:00:00,14.05,13.007992,none,0.0,0.0,5.4477882,16.199999,71.858376,997.2041,
55.63_37.61,2023-07-16 15:00:00,22.05,21.436523,rain,0.1,0.0,14.003029,35.64,55.753284,992.6462,
55.63_37.61,2023-07-27 17:00:00,24.75,25.100145,none,0.0,0.0,13.397612,24.84,60.52524,982.9805,
55.63_37.61,2023-09-23 17:00:00,21.7,18.266891,none,0.0,0.0,15.546833,32.039997,34.232384,1003.2982,
55.63_37.62,2023-03-28 06:00:00,-2.65,-6.1376333,none,0.0,11.0,6.3690495,9.72,96.71327,985.70447,
55.63_37.62,2023-04-01 16:00:00,8.55,3.7811508,none,0.0,3.0,17.462784,31.319998,52.4018,985.0779,
55.63_37.62,2023-04-09 14:00:00,12.95,9.853124,none,0.0,0.0,7.5942073,20.880001,43.596832,1004.6731,
55.63_37.62,2023-05-12 16:00:00,20.3,16.469772,none,0.0,0.0,13.708391,24.84,29.256226,998.17737,
55.63_37.62,2023-06-06 12:00:00,18.1,15.320221,none,0.0,0.0,15.034041,29.88,45.694965,999.2368,
55.63_37.62,2023-06-10 05:00:00,8.85,5.9626074,none,0.0,0.0,12.413476,20.16,80.34662,1000.6268,
55.63_37.62,2023-07-25 10:00:00,19.45,18.855843,none,0.0,0.0,15.137133,29.519999,74.745346,983.84674,
55.63_37.62,2023-09-05 22:00:00,15.35,13.029737,none,0.0,0.0,11.983188,21.96,60.71509,998.8273,
55.63_37.62,2023-09-27 09:00:00,14.35,12.928478,none,0.0,0.0,8.049845,18.359999,70.47633,1010.2371,
55.63_37.65,2023-09-02 21:00:00,16.1,16.721922,rain,0.8,0.0,8.12197,13.32,95.3153,998.8799,
55.63_37.66,2023-04-21 15:00:00,15.4,10.557022,none,0.0,0.0,16.520823,31.319998,29.892845,992.6383,
55.63_37.66,2023-07-06 08:00:00,21.5,23.366943,none,0.0,0.0,5.3517847,14.4,77.49839,999.7302,
55.63_37.66,2023-07-11 07:00:00,13.95,10.5805855,none,0.0,0.0,22.346113,39.6,74.79991,991.0255,
55.63_37.66,2023-08-12 11:00:00,22.9,22.583334,none,0.0,0.0,14.799459,26.64,62.86173,997.2318,
55.63_37.66,2023-09-17 13:00:00,16.5,14.2138,none,0.0,0.0,11.901798,25.199999,56.41509,1007.1045,
55.63_37.67,2023-05-12 08:00:00,12.6,10.87359,none,0.0,0.0,6.4096174,15.84,68.24027,1002.705,
55.63_37.67,2023-08-13 20:00:00,17.55,17.504307,none,0.0,0.0,13.910169,26.64,89.481705,995.2864,
55.63_37.67,2023-09-16 15:00:00,14.4,11.1196165,none,0.0,0.0,13.363711,26.64,51.22441,1008.2346,
55.63_37.68,2023-09-11 19:00:00,14.4,13.170973,none,0.0,0.0,6.9153743,10.440001,70.72384,998.62933,
55.63_37.69,2023-06-18 14:00:00,23.3,22.352367,none,0.0,0.0,7.5685663,19.44,34.334095,1000.9134,
55.63_37.7,2023-04-01 22:00:00,4.45,0.9333744,none,0.0,4.0,12.287555,24.119999,86.54002,990.6988,
55.63_37.7,2023-06-11 02:00:00,8.1,4.0315,none,0.0,0.0,13.979872,25.919998,59.15236,1009.4953,
55.63_37.71,2023-08-31 20:00:00,19.6,18.978737,none,0.0,0.0,11.480557,18.72,66.97576,997.5505,
55.63_37.73,2023-08-20 14:00:00,24.7,27.079208,rain,1.4,0.0,6.489992,24.48,70.16937,1000.62506,
55.63_37.74,2023-07-01 14:00:00,23.05,22.621159,none,0.0,0.0,18.775303,38.88,57.660244,981.1966,
55.63_37.75,2023-03-30 21:00:00,0.1,-4.766062,none,0.0,8.0,16.08761,28.44,80.84241,996.42896,
55.63_37.75,2023-04-18 17:00:00,13.9,11.0949135,none,0.0,0.0,6.924738,14.4,44.50239,1009.3717,
55.63_37.75,2023-05-29 12:00:00,18.5,17.488876,none,0.0,0.0,8.854829,20.880001,39.051373,1004.90314,
55.63_37.76,2023-04-04 14:00:00,13.55,11.778585,none,0.0,1.0,3.7585104,14.759999,53.00204,1000.09595,
55.63_37.76,2023-04-23 17:00:00,16.55,13.31234,none,0.0,0.0,10.685391,24.48,39.31482,1000.6203,
55.63_37.77,2023-06-09 06:00:00,14.65,13.769379,none,0.0,0.0,11.304229,18.359999,86.66337,1001.35394,
55.63_37.8,2023-05-03 20:00:00,10.85,7.457653,none,0.0,0.0,16.563911,29.519999,72.49369,1002.1185,
55.63_37.8,2023-07-20 22:00:00,15.45,13.504211,none,0.0,0.0,12.015589,19.8,66.54817,987.36035,
55.63_37.8,2023-09-02 01:00:00,17.5,16.48205,none,0.0,0.0,11.457958,19.44,70.611664,998.7072,
55.63_37.81,2023-07-04 16:00:00,24.8,22.12838,none,0.0,0.0,14.113652,25.199999,33.48395,996.2238,
55.63_37.81,2023-07-11 13:00:00,16.45,13.642952,none,0.0,0.0,19.45333,36.36,65.873276,989.50635,
55.63_37.81,2023-08-19 20:00:00,21.0,21.92468,none,0.0,0.0,7.5170207,10.799999,72.64921,1003.1009,
55.64_37.32,2023-05-22 11:00:00,14.05,13.645359,rain,0.5,0.0,5.634891,18.359999,83.79122,1002.2599,
55.64_37.32,2023-09-25 14:00:00,18.8,17.20462,none,0.0,0.0,11.435313,25.919998,57.37464,1007.57544,
55.64_37.33,2023-04-25 09:00:00,15.85,13.93141,none,0.0,0.0,5.692099,16.919998,50.5557,992.69183,
55.64_37.33,2023-05-26 13:00:00,23.25,23.25291,none,0.0,0.0,9.531505,22.68,46.038776,994.39355,
55.64_37.33,2023-09-03 19:00:00,17.1,16.54102,none,0.0,0.0,7.653705,9.0,71.00225,998.6196,
55.64_37.34,2023-04-17 13:00:00,11.5,7.537203,none,0.0,0.0,9.726664,23.759998,36.183563,1006.8804,
55.64_37.34,2023-06-23 08:00:00,16.95,17.060246,rain,0.6,0.0,9.290511,19.08,85.2172,989.3223,
55.64_37.34,2023-08-10 19:00:00,22.6,23.258728,none,0.0,0.0,3.8939953,11.159999,57.55083,1001.2009,
55.64_37.34,2023-08-28 13:00:00,19.8,19.217743,none,0.0,0.0,7.42159,20.16,49.573353,990.5009,
55.64_37.35,2023-04-14 13:00:00,6.6,0.78300047,none,0.0,0.0,25.140787,51.839996,43.664913,999.63324,
55.64_37.35,2023-05-04 18:00:00,12.6,9.38649,none,0.0,0.0,5.815978,16.919998,37.188293,999.7964,
55.64_37.35,2023-05-05 15:00:00,7.45,2.9484825,none,0.0,0.0,16.870138,37.44,46.79685,1000.3817,
55.64_37.35,2023-05-20 13:00:00,13.5,9.760045,none,0.0,0.0,17.298738,37.44,56.428177,1004.7577,
55.64_37.35,2023-08-02 16:00:00,24.8,25.427286,rain,0.1,0.0,11.212135,26.28,59.96241,988.03705,
55.64_37.35,2023-08-05 10:00:00,26.2,26.835724,none,0.0,0.0,10.587918,24.48,49.96875,997.7489,
55.64_37.35,2023-08-21 11:00:00,18.15,16.25688,none,0.0,0.0,12.88981,30.960001,58.571762,996.09216,
55.64_37.36,2023-04-15 09:00:00,1.7,-4.1560707,none,0.0,0.0,17.64,36.0,40.2388,1009.1881,
55.64_37.36,2023-06-07 19:00:00,20.15,16.947397,none,0.0,0.0,16.766108,34.92,42.633263,995.1857,
55.64_37.36,2023-06-25 19:00:00,20.0,18.573881,none,0.0,0.0,9.585739,16.919998,52.01639,993.05597,
55.64_37.36,2023-07-03 15:00:00,23.3,19.808464,none,0.0,0.0,20.907913,43.92,35.65288,986.3215,
55.64_37.38,2023-05-14 17:00:00,15.75,11.874872,none,0.0,0.0,14.081477,27.0,39.081783,1001.8324,
55.64_37.38,2023-08-16 13:00:00,24.45,24.046526,none,0.0,0.0,13.849476,30.239998,46.980583,1003.5748,
55.64_37.38,2023-09-12 19:00:00,13.3,11.668401,none,0.0,0.0,8.669949,10.799999,73.19005,999.8133,
55.64_37.4,2023-08-04 18:00:00,26.7,26.321955,none,0.0,0.0,16.418526,40.32,51.563908,990.1801,
55.64_37.41,2023-05-18 18:00:00,20.25,17.394424,none,0.0,0.0,17.595861,38.88,48.049187,998.9565,
55.64_37.41,2023-07-09 14:00:00,23.85,21.457363,none,0.0,0.0,16.263872,30.599998,38.973763,988.61176,
55.64_37.45,2023-05-12 21:00:00,13.65,10.869862,none,0.0,0.0,7.9932966,12.24,48.561447,997.57294,
55.64_37.46,2023-07-13 14:00:00,14.5,11.726023,rain,0.2,0.0,20.12461,28.08,76.91976,982.114,
55.64_37.46,2023-07-22 23:00:00,15.6,14.146444,none,0.0,0.0,9.686609,16.56,68.391525,987.3873,
55.64_37.46,2023-08-11 00:00:00,17.35,17.247866,none,0.0,0.0,6.9899354,13.679999,75.12436,999.48816,
55.64_37.46,2023-09-25 18:00:00,13.15,11.877596,none,0.0,0.0,6.5693827,11.5199995,74.91561,1005.40466,
55.64_37.47,2023-03-30 02:00:00,4.55,1.4381256,none,0.0,1.0,10.137692,18.0,89.04109,982.1205,
55.64_37.47,2023-06-26 09:00:00,21.4,20.765541,none,0.0,0.0,10.105681,24.119999,53.61091,990.8308,
55.64_37.47,2023-09-24 13:00:00,22.45,19.703396,none,0.0,0.0,19.917469,37.8,46.74482,997.82623,
55.64_37.49,2023-06-19 14:00:00,21.35,20.199463,none,0.0,0.0,8.669949,23.4,30.187544,993.6297,
55.64_37.49,2023-06-22 21:00:00,22.2,21.958326,none,0.0,0.0,2.7416782,10.440001,47.461124,990.9767,
55.64_37.5,2023-04-21 06:00:00,5.15,0.8836341,none,0.0,0.0,12.429127,19.8,58.61908,991.8867,
55.64_37.5,2023-05-11 22:00:00,9.6,7.680209,none,0.0,0.0,7.172949,10.440001,81.28619,997.3112,
55.64_37.5,2023-06-17 07:00:00,20.85,20.535412,none,0.0,0.0,8.089993,18.359999,59.808254,988.97577,
55.64_37.51,2023-05-29 10:00:00,17.05,15.342924,none,0.0,0.0,6.763786,18.0,41.02056,991.91406,
55.64_37.51,2023-06-09 15:00:00,23.05,20.16032,none,0.0,0.0,16.923828,33.839996,33.910797,987.2796,
55.64_37.51,2023-07-04 07:00:00,19.4,18.428001,none,0.0,0.0,9.726664,19.8,60.056393,989.48566,
55.64_37.51,2023-08-29 16:00:00,16.9,16.32421,none,0.0,0.0,5.7599998,16.919998,67.52419,987.52856,
55.64_37.52,2023-04-07 16:00:00,10.15,5.3673887,none,0.0,0.0,15.39184,29.519999,39.72781,997.5811,
55.64_37.52,2023-04-30 13:00:00,11.15,6.3623085,none,0.0,1.0,19.022177,38.519997,48.553684,987.44525,
55.64_37.52,2023-06-27 15:00:00,21.95,19.519192,none,0.0,0.0,13.246826,28.44,41.004864,982.16785,
55.64_37.53,2023-04-14 19:00:00,4.9,-1.5312037,none,0.0,0.0,22.415602,44.639996,36.12186,994.2547,
55.64_37.53,2023-05-15 06:00:00,7.05,4.4099436,none,0.0,0.0,8.557102,15.119999,81.79572,995.8848,
55.64_37.53,2023-07-06 16:00:00,27.85,28.052185,none,0.0,0.0,7.8625183,18.72,39.83591,991.11816,
55.64_37.53,2023-09-12 08:00:00,9.55,8.597001,none,0.0,0.0,4.198285,12.24,94.43477,993.258,
55.64_37.53,2023-09-14 13:00:00,19.2,17.358965,none,0.0,0.0,12.768586,27.359999,52.50744,991.3071,
55.64_37.53,2023-09-23 22:00:00,15.55,12.003355,none,0.0,0.0,15.188415,26.28,47.570774,995.4238,
55.64_37.53,2023-09-25 00:00:00,18.85,15.906874,none,0.0,0.0,17.654688,29.88,51.363503,993.64764,
55.64_37.54,2023-03-28 15:00:00,9.6,5.3817472,none,0.0,3.0,14.84318,32.399998,52.879494,982.8495,
55.64_37.54,2023-04-15 13:00:00,5.35,0.12409687,none,0.0,0.0,17.518356,36.719997,37.114742,1002.80817,
55.64_37.54,2023-04-18 09:00:00,8.9,7.208765,none,0.0,0.0,2.1897945,10.440001,72.63597,998.94525,
55.64_37.54,2023-06-09 02:00:00,13.95,12.320328,none,0.0,0.0,10.703569,17.64,75.55656,990.71075,
55.64_37.54,2023-06-19 17:00:00,21.4,18.390759,none,0.0,0.0,8.4963045,19.08,28.033573,989.11383,
55.64_37.54,2023-06-23 09:00:00,17.55,17.98954,rain,1.1,0.0,8.707238,20.16,85.55485,983.7619,
55.64_37.54,2023-08-03 08:00:00,22.3,24.177671,none,0.0,0.0,11.923557,23.759998,84.18331,983.198,
55.64_37.59,2023-05-03 19:00:00,11.8,8.160613,none,0.0,0.0,18.335276,33.48,68.30987,999.06024,
55.64_37.59,2023-05-30 08:00:00,18.25,17.385708,none,0.0,0.0,1.484318,10.08,49.48892,996.3564,
55.64_37.59,2023-07-16 21:00:00,17.8,17.573149,none,0.0,0.0,8.427383,15.119999,74.22467,993.83356,
55.64_37.59,2023-08-07 16:00:00,28.6,26.242462,none,0.0,0.0,25.282152,44.639996,41.097424,990.0704,
55.64_37.59,2023-09-25 09:00:00,16.35,15.150028,none,0.0,0.0,13.37825,27.0,77.46334,1005.7893,
55.64_37.6,2023-06-26 09:00:00,20.15,19.707026,none,0.0,0.0,7.9526596,19.08,60.630836,995.1717,
55.64_37.6,2023-07-17 01:00:00,14.75,14.172852,none,0.0,0.0,9.449572,15.119999,86.67303,994.9056,
55.64_37.62,2023-04-06 21:00:00,5.9,0.66140795,none,0.0,0.0,17.673029,30.599998,49.21836,1005.4732,
55.64_37.62,2023-07-03 22:00:00,15.55,14.122398,none,0.0,0.0,8.0899935,11.879999,65.238335,991.60034,
55.64_37.62,2023-07-18 20:00:00,17.85,18.184212,rain,2.2,0.0,14.404499,32.399998,94.175804,981.6377,
55.64_37.62,2023-07-22 12:00:00,21.55,19.3124,none,0.0,0.0,21.602999,39.96,47.12532,991.88104,
55.64_37.62,2023-07-31 11:00:00,23.4,22.7308,none,0.0,0.0,12.10157,24.119999,48.262676,989.1066,
55.64_37.62,2023-08-03 22:00:00,21.3,22.587217,none,0.0,0.0,10.08,16.199999,79.700966,991.40753,
55.64_37.62,2023-08-21 07:00:00,14.95,13.578461,none,0.0,0.0,12.904882,24.48,80.643456,998.7256,
55.64_37.62,2023-09-01 06:00:00,15.65,14.976658,none,0.0,0.0,11.966954,19.44,86.19626,997.6312,
55.64_37.62,2023-09-21 21:00:00,16.35,16.785286,none,0.0,0.0,5.6920996,7.5599995,85.430534,1001.1323,
55.64_37.62,2023-09-24 00:00:00,15.0,11.247454,none,0.0,0.0,15.84409,26.28,47.41681,1002.58154,
55.64_37.63,2023-09-04 12:00:00,21.1,20.054342,rain,0.1,0.0,10.44,22.68,54.42624,1002.26855,
55.64_37.66,2023-05-28 18:00:00,15.75,11.44206,none,0.0,0.0,20.26899,38.88,46.638218,997.56104,
55.64_37.66,2023-06-06 00:00:00,10.0,7.5782976,none,0.0,0.0,9.220499,15.4800005,74.3708,1002.36224,
55.64_37.66,2023-09-23 11:00:00,22.2,20.026527,none,0.0,0.0,17.114204,32.039997,49.22895,1006.68396,
55.64_37.67,2023-08-04 13:00:00,26.65,26.638662,none,0.0,0.0,20.150354,36.719997,53.903145,993.1766,
55.64_37.67,2023-08-14 11:00:00,20.1,19.280478,rain,0.1,0.0,20.172853,42.48,78.02943,997.48456,
55.64_37.68,2023-03-28 06:00:00,-1.55,-4.2706947,none,0.0,14.0,2.1897945,7.2,97.458275,991.39075,
55.64_37.68,2023-08-11 16:00:00,25.55,25.672804,none,0.0,0.0,17.287498,37.8,60.709118,1002.36975,
55.64_37.69,2023-04-19 23:00:00,6.3,2.3581185,none,0.0,0.0,10.296251,17.28,54.53515,1006.3337,
55.64_37.69,2023-06-06 01:00:00,8.9,6.543765,none,0.0,0.0,9.227524,14.04,81.75511,1001.66705,
55.64_37.69,2023-07-06 19:00:00,26.8,27.134039,none,0.0,0.0,9.387651,16.919998,48.69955,1000.4362,
55.64_37.69,2023-08-26 00:00:00,12.25,11.680012,none,0.0,0.0,2.3051248,3.6,81.088875,997.9658,
55.64_37.7,2023-04-06 12:00:00,12.05,8.262205,none,0.0,0.0,19.694992,38.519997,58.06041,1005.6651,
55.64_37.7,2023-06-29 08:00:00,18.0,17.464794,none,0.0,0.0,11.252519,27.359999,74.744156,985.6283,
55.64_37.71,2023-08-01 22:00:00,18.2,19.413353,none,0.0,0.0,6.519877,10.440001,88.398506,993.0274,
55.64_37.72,2023-06-09 18:00:00,17.25,15.136324,none,0.0,0.0,14.113653,31.68,61.369343,999.3354,
55.64_37.73,2023-05-19 18:00:00,16.45,12.458233,none,0.0,0.0,15.119999,30.599998,37.912415,1009.9797,
55.64_37.73,2023-06-15 19:00:00,24.25,23.481873,none,0.0,0.0,5.3517847,18.72,40.55522,1001.20526,
55.64_37.73,2023-08-28 09:00:00,17.65,16.470034,none,0.0,0.0,7.9036193,19.44,60.241413,994.40704,
55.64_37.74,2023-04-25 12:00:00,16.85,14.140865,none,0.0,0.0,12.599998,25.56,46.78401,997.7443,
55.64_37.74,2023-05-27 18:00:00,19.05,14.264883,none,0.0,0.0,26.339111,43.56,43.205933,999.80176,
55.64_37.74,2023-07-10 20:00:00,15.7,12.8243065,none,0.0,0.0,22.682856,45.36,75.594536,995.029,
55.64_37.74,2023-08-17 20:00:00,21.45,21.902325,none,0.0,0.0,5.8048253,7.92,62.53705,1007.08875,
55.64_37.74,2023-09-19 16:00:00,20.1,19.519672,none,0.0,0.0,12.522619,26.64,67.297134,1002.51495,
55.64_37.75,2023-06-25 18:00:00,22.35,20.498198,none,0.0,0.0,8.161764,15.84,38.28531,1001.34924,
55.64_37.75,2023-08-18 22:00:00,20.4,22.884842,none,0.0,0.0,6.6087217,11.159999,92.54077,1009.8603,
55.64_37.75,2023-08-19 08:00:00,21.1,22.618973,none,0.0,0.0,7.145796,17.64,78.424644,1010.36926,
55.64_37.75,2023-08-24 09:00:00,14.95,14.485596,rain,0.1,0.0,6.792466,15.84,80.91011,996.8164,
55.64_37.75,2023-08-31 20:00:00,19.65,18.846132,none,0.0,0.0,12.261157,20.519999,65.902664,1000.34247,
55.64_37.75,2023-09-07 17:00:00,15.9,10.589684,none,0.0,0.0,23.686249,45.0,38.159355,1008.0994,
55.64_37.76,2023-03-24 09:00:00,5.55,1.6692171,rain,1.4,32.0,17.339897,28.8,91.98139,987.36707,
55.64_37.76,2023-04-02 15:00:00,10.05,5.8342457,none,0.0,4.0,18.35647,32.399998,63.336273,997.0947,
55.64_37.76,2023-04-09 14:00:00,13.2,10.088274,none,0.0,0.0,7.69592,19.44,42.890854,1012.3449,
55.64_37.76,2023-04-25 01:00:00,5.35,2.4261212,none,0.0,0.0,8.534353,11.879999,82.735825,1000.5086,
55.64_37.76,2023-06-04 22:00:00,8.4,4.951288,none,0.0,0.0,12.387348,19.8,68.07739,1006.3833,
55.64_37.76,2023-08-04 05:00:00,18.95,20.611324,none,0.0,0.0,8.905908,15.4800005,94.817215,995.5131,
55.64_37.76,2023-08-26 22:00:00,13.05,12.912716,none,0.0,0.0,5.7599998,9.0,94.89332,998.3546,
55.64_37.77,2023-08-25 18:00:00,17.9,16.081562,none,0.0,0.0,3.7585104,12.959999,41.845734,1001.3209,
55.64_37.77,2023-09-10 16:00:00,17.15,16.237719,none,0.0,0.0,4.5536795,12.599999,58.920105,1006.4071,
55.64_37.79,2023-07-03 19:00:00,20.05,18.852545,none,0.0,0.0,9.605998,19.08,54.700836,993.0117,
55.64_37.82,2023-03-23 12:00:00,6.9,2.862886,none,0.0,38.0,16.704155,28.8,73.29568,991.2475,
55.64_37.82,2023-05-07 14:00:00,8.25,3.4925137,none,0.0,0.0,13.246826,29.88,37.5634,1009.53564,
55.65_37.26,2023-07-15 05:00:00,13.45,13.07258,rain,0.2,0.0,7.072878,12.959999,91.54246,987.19635,
55.65_37.27,2023-05-14 11:00:00,16.25,13.583025,none,0.0,0.0,14.707222,32.760002,44.07841,1000.33734,
55.65_37.27,2023-08-27 21:00:00,14.6,14.12051,none,0.0,0.0,7.771331,14.4,84.96653,986.8195,
55.65_37.34,2023-07-02 21:00:00,16.6,16.086205,none,0.0,0.0,6.379216,10.08,71.14271,981.923,
55.65_37.37,2023-04-16 09:00:00,6.4,2.1242728,none,0.0,0.0,10.948973,24.119999,47.01787,1010.79755,
55.65_37.37,2023-06-02 19:00:00,18.85,17.298477,rain,0.3,0.0,15.782622,26.28,66.16567,988.6819,
55.65_37.38,2023-09-12 08:00:00,10.2,8.99482,none,0.0,0.0,6.1094027,14.759999,91.02532,1001.34125,
55.65_37.39,2023-06-05 21:00:00,11.3,9.252613,none,0.0,0.0,8.287822,10.440001,73.32897,996.8175,
55.65_37.39,2023-06-08 19:00:00,20.9,20.421429,none,0.0,0.0,2.0364676,5.04,47.423153,996.73804,
55.65_37.39,2023-09-03 09:00:00,16.1,16.302673,none,0.0,0.0,5.95906,15.84,83.753006,998.8614,
55.65_37.4,2023-04-17 18:00:00,9.45,6.5259323,none,0.0,0.0,6.4096174,10.440001,54.978466,1006.10376,
55.65_37.4,2023-05-30 20:00:00,17.5,14.973078,none,0.0,0.0,11.013882,18.359999,47.947216,993.4568,
55.65_37.4,2023-07-07 18:00:00,24.9,26.202774,rain,0.6,0.0,12.904882,32.399998,68.04839,993.52985,
55.65_37.4,2023-08-31 15:00:00,24.85,24.008785,none,0.0,0.0,12.768586,29.88,48.336094,994.87805,
55.65_37.41,2023-04-25 19:00:00,14.75,11.594161,none,0.0,0.0,10.1887,21.599998,44.2727,986.37256,
55.65_37.41,2023-06-12 17:00:00,17.95,13.102102,none,0.0,0.0,21.868332,42.839996,35.603153,1004.1067,
55.65_37.41,2023-06-17 19:00:00,22.2,19.75284,none,0.0,0.0,17.068707,32.399998,46.21083,991.8575,
55.65_37.41,2023-06-25 13:00:00,21.6,21.646568,none,0.0,0.0,7.9036193,22.319998,44.07336,992.5608,
55.65_37.41,2023-08-01 16:00:00,25.35,25.054094,none,0.0,0.0,8.404285,17.28,46.157696,989.02466,
55.65_37.41,2023-08-26 18:00:00,16.75,16.287222,none,0.0,0.0,8.435069,27.0,75.76678,991.768,
55.65_37.41,2023-09-07 08:00:00,10.1,6.113821,none,0.0,0.0,21.42227,38.519997,78.87967,1001.4891,
55.65_37.44,2023-09-06 14:00:00,20.2,17.12096,none,0.0,0.0,24.066206,47.519997,56.96132,991.9536,
55.65_37.47,2023-05-05 07:00:00,5.35,1.7738171,none,0.0,0.0,12.57426,23.759998,80.70336,995.3151,
55.65_37.47,2023-07-07 19:00:00,21.5,23.60176,rain,0.1,0.0,7.928178,23.759998,84.35835,993.22723,
55.65_37.47,2023-07-23 12:00:00,21.65,20.28466,rain,0.2,0.0,18.864824,37.8,57.318726,986.40344,
55.65_37.47,2023-08-02 22:00:00,19.8,21.281605,none,0.0,0.0,7.7043357,12.599999,85.513145,987.6402,
55.65_37.47,2023-08-13 18:00:00,18.4,17.524105,rain,0.4,0.0,17.462784,35.28,80.58264,992.8429,
55.65_37.48,2023-05-26 04:00:00,10.3,9.339281,none,0.0,0.0,6.2145634,10.440001,96.38804,990.8553,
55.65_37.48,2023-05-28 01:00:00,10.45,6.4068336,none,0.0,0.0,17.238699,32.760002,61.884937,994.3187,
55.65_37.48,2023-07-23 17:00:00,20.25,17.24177,rain,0.1,0.0,21.218632,42.839996,52.606808,986.644,
55.65_37.48,2023-07-31 23:00:00,15.9,15.832785,none,0.0,0.0,6.638072,11.879999,82.104614,987.4847,
55.65_37.48,2023-08-08 13:00:00,25.7,27.45125,rain,0.2,0.0,6.12,17.28,60.171085,987.42346,
55.65_37.49,2023-05-09 21:00:00,5.85,2.0571208,none,0.0,0.0,8.473393,12.24,52.625072,1002.5767,
55.65_37.49,2023-07-01 18:00:00,23.85,22.450144,none,0.0,0.0,13.397612,29.88,46.817337,974.2906,
55.65_37.49,2023-07-19 22:00:00,15.7,12.709806,none,0.0,0.0,19.083395,33.12,65.27106,978.14026,
55.65_37.5,2023-05-10 09:00:00,11.35,8.363521,none,0.0,0.0,8.049845,19.08,52.22289,1000.60895,
55.65_37.5,2023-05-16 08:00:00,15.95,13.126764,none,0.0,0.0,13.684735,26.64,54.380337,998.08203,
55.65_37.5,2023-05-18 12:00:00,24.2,22.408754,none,0.0,0.0,11.525623,24.48,30.886196,996.55365,
55.65_37.5,2023-07-06 09:00:00,23.2,24.755396,none,0.0,0.0,6.297428,16.56,68.14,995.56177,
55.65_37.5,2023-07-16 10:00:00,19.2,18.494024,rain,0.1,0.0,15.646544,32.760002,75.42967,989.8491,
55.65_37.5,2023-09-08 13:00:00,14.65,9.94869,none,0.0,0.0,26.807312,52.56,59.723984,990.69385,
55.65_37.51,2023-04-04 12:00:00,13.1,11.790268,none,0.0,5.0,2.968636,18.359999,57.117355,988.7442,
55.65_37.51,2023-04-13 21:00:00,8.5,1.9831109,none,0.0,0.0,27.908709,47.519997,46.753857,990.5795,
55.65_37.51,2023-07-13 20:00:00,13.6,12.4687195,rain,2.9,0.0,11.367109,18.359999,88.294586,980.0388,
55.65_37.51,2023-07-31 19:00:00,21.75,21.822567,none,0.0,0.0,8.654986,16.199999,61.79923,982.8269,
55.65_37.51,2023-09-04 15:00:00,21.25,19.640928,none,0.0,0.0,10.739832,21.96,47.999348,995.72595,
55.65_37.52,2023-04-20 07:00:00,7.9,4.8866873,none,0.0,0.0,8.473393,18.0,66.772514,995.11,
55.65_37.52,2023-05-18 14:00:00,24.45,22.076159,none,0.0,0.0,11.384199,24.84,30.321983,995.1752,
55.65_37.52,2023-06-15 12:00:00,23.9,22.527798,none,0.0,0.0,14.332341,32.399998,33.34321,990.4708,
55.65_37.52,2023-07-24 01:00:00,13.95,12.411245,none,0.0,0.0,12.57426,20.519999,82.12916,981.9484,
55.65_37.52,2023-07-24 23:00:00,14.3,14.098551,none,0.0,0.0,8.4963045,15.84,93.40777,978.7852,
55.65_37.52,2023-08-01 06:00:00,17.55,18.240715,none,0.0,0.0,4.68,10.440001,80.72922,983.7537,
55.65_37.52,2023-08-11 14:00:00,25.95,25.572666,rain,0.4,0.0,19.826164,35.64,58.172348,994.8498,
55.65_37.52,2023-09-22 08:00:00,15.15,14.935074,none,0.0,0.0,8.587338,15.4800005,88.42677,997.99,
55.65_37.52,2023-09-22 17:00:00,22.2,20.05293,none,0.0,0.0,10.440001,24.84,39.033817,996.98914,
55.65_37.53,2023-07-28 19:00:00,19.7,19.552301,rain,0.1,0.0,12.074766,24.84,73.59368,975.25287,
55.65_37.53,2023-08-17 16:00:00,26.7,27.093475,none,0.0,0.0,5.692099,15.119999,45.04057,996.76556,
55.65_37.53,2023-09-03 18:00:00,20.55,20.439932,none,0.0,0.0,3.7064266,12.24,55.74377,991.6384,
55.65_37.54,2023-08-22 16:00:00,18.85,18.701725,none,0.0,0.0,2.4149535,9.0,58.93784,984.16254,
55.65_37.55,2023-07-04 07:00:00,19.05,18.221954,none,0.0,0.0,9.931042,19.8,63.648746,990.3597,
55.65_37.56,2023-05-20 10:00:00,13.3,9.419426,rain,0.1,0.0,18.998314,38.88,59.18917,1000.0253,
55.65_37.56,2023-08-22 23:00:00,15.0,14.403259,none,0.0,0.0,9.47012,15.119999,85.00963,984.64496,
55.65_37.57,2023-08-04 15:00:00,27.2,26.358763,rain,0.1,0.0,20.421871,36.719997,51.038692,986.21356,
55.65_37.58,2023-04-15 18:00:00,7.35,2.168809,none,0.0,0.0,14.081478,30.960001,31.470543,1006.881,
55.65_37.58,2023-08-29 17:00:00,17.2,16.226673,none,0.0,0.0,6.87779,18.359999,62.812775,991.26324,
55.65_37.59,2023-03-28 07:00:00,-1.5,-4.226554,none,0.0,11.0,2.2768397,7.92,97.45932,985.5999,
55.65_37.59,2023-05-13 12:00:00,20.05,17.136675,none,0.0,0.0,19.386593,38.519997,35.833443,998.4601,
55.65_37.59,2023-08-18 22:00:00,20.4,22.86089,none,0.0,0.0,6.6087217,10.799999,92.25286,1001.09705,
55.65_37.59,2023-09-04 19:00:00,18.0,16.900808,none,0.0,0.0,9.449572,16.919998,63.203915,999.7511,
55.65_37.6,2023-09-21 19:00:00,17.65,17.597652,none,0.0,0.0,6.763786,13.679999,73.95692,997.633,
55.65_37.61,2023-04-14 21:00:00,2.45,-4.145793,none,0.0,0.0,22.206486,39.6,35.229015,1002.1447,
55.65_37.61,2023-05-11 12:00:00,14.7,11.7787285,rain,0.5,0.0,18.359999,34.56,52.75534,999.9769,
55.65_37.61,2023-06-17 12:00:00,25.3,23.593048,none,0.0,0.0,11.435313,26.64,37.583508,993.98883,
55.65_37.62,2023-06-04 19:00:00,13.25,10.210992,none,0.0,0.0,9.83268,27.0,50.01947,998.44794,
55.65_37.62,2023-06-04 21:00:00,8.45,5.5684423,none,0.0,0.0,8.435069,13.679999,67.60724,998.6295,
55.65_37.62,2023-06-28 15:00:00,20.8,17.508955,none,0.0,0.0,23.78453,45.36,49.67636,986.16156,
55.65_37.62,2023-08-18 02:00:00,17.0,16.989084,none,0.0,0.0,7.42159,8.64,79.095955,1001.68774,
55.65_37.62,2023-08-19 02:00:00,18.8,20.786245,none,0.0,0.0,6.989936,12.959999,96.31238,1004.1085,
55.65_37.62,2023-09-22 15:00:00,23.45,20.397331,none,0.0,0.0,13.75558,25.56,31.978065,1002.5864,
55.65_37.62,2023-09-24 00:00:00,15.0,11.247454,none,0.0,0.0,15.84409,26.28,47.41681,1001.3984,
55.65_37.63,2023-08-05 10:00:00,26.3,27.011898,none,0.0,0.0,10.514218,22.319998,50.317482,999.01935,
55.65_37.64,2023-06-13 06:00:00,12.15,9.070771,none,0.0,0.0,13.281023,25.199999,63.157764,1005.6271,
55.65_37.65,2023-04-07 16:00:00,10.2,5.39237,none,0.0,1.0,15.827721,29.88,40.486835,1005.30005,
55.65_37.65,2023-04-28 11:00:00,14.05,12.226059,rain,1.1,0.0,14.118243,27.72,80.52108,991.23145,
55.65_37.65,2023-07-16 16:00:00,22.0,20.41204,none,0.0,0.0,15.463244,28.44,53.58866,994.2625,
55.65_37.66,2023-05-07 21:00:00,1.75,-2.355104,none,0.0,0.0,10.144082,12.599999,67.38614,1008.4398,
55.65_37.66,2023-07-03 19:00:00,21.6,19.58541,none,0.0,0.0,13.039754,25.199999,46.20017,989.3327,
55.65_37.66,2023-07-06 20:00:00,23.15,23.515553,none,0.0,0.0,8.669949,13.679999,59.768257,998.3933,
55.65_37.66,2023-09-07 17:00:00,15.7,10.410997,none,0.0,0.0,23.83624,44.639996,39.347237,1002.9519,
55.65_37.66,2023-09-24 18:00:00,21.0,18.285456,none,0.0,0.0,16.171976,31.68,45.11091,1003.02924,
55.65_37.68,2023-07-23 09:00:00,19.15,18.797043,none,0.0,0.0,11.212135,21.96,71.85062,995.2271,
55.65_37.69,2023-09-05 18:00:00,20.0,18.417852,none,0.0,0.0,7.69592,11.879999,46.69835,1006.3101,
55.65_37.7,2023-03-25 16:00:00,7.95,5.1105824,none,0.0,23.0,13.004922,25.56,89.013306,985.9361,
55.65_37.71,2023-07-10 12:00:00,19.15,16.24384,none,0.0,0.0,25.455843,45.719997,60.79695,994.50226,
55.65_37.71,2023-09-03 00:00:00,15.05,15.157759,none,0.0,0.0,9.693296,15.119999,97.142715,1003.8767,
55.65_37.72,2023-04-19 18:00:00,14.6,10.612405,none,0.0,0.0,11.753876,25.199999,34.24615,1009.8236,
55.65_37.72,2023-04-30 20:00:00,6.55,2.6837215,rain,1.0,0.0,17.10284,30.239998,85.24633,997.00006,
55.65_37.72,2023-05-12 08:00:00,12.95,11.216474,none,0.0,0.0,7.2,16.56,68.7809,1007.29565,
55.65_37.72,2023-06-07 11:00:00,20.4,18.036203,none,0.0,0.0,19.164719,36.719997,48.090218,1004.2412,
55.65_37.72,2023-08-03 15:00:00,28.2,28.466957,none,0.0,0.0,11.304229,21.24,46.47962,994.15906,
55.65_37.72,2023-08-10 17:00:00,23.9,23.705896,none,0.0,0.0,6.12,12.24,48.08049,1008.4698,
55.65_37.73,2023-07-12 22:00:00,13.7,10.731636,none,0.0,0.0,16.343367,27.359999,67.31141,993.538,
55.65_37.73,2023-07-28 23:00:00,16.45,16.526373,rain,0.4,0.0,11.200571,22.68,91.72909,991.4841,
55.65_37.73,2023-08-05 14:00:00,27.75,28.051899,none,0.0,0.0,10.739832,22.68,45.61924,1004.6823,
55.65_37.73,2023-09-09 15:00:00,15.75,12.243864,none,0.0,0.0,21.2522,37.8,61.849583,1007.6194,
55.65_37.74,2023-04-22 13:00:00,13.8,9.926797,none,0.0,0.0,12.313893,26.28,39.642776,997.54565,
55.65_37.74,2023-04-27 18:00:00,15.9,14.830643,none,0.0,0.0,6.28713,13.679999,65.31463,996.622,
55.65_37.74,2023-05-02 15:00:00,14.1,11.144131,none,0.0,0.0,5.3999996,15.119999,34.098995,1008.4458,
55.65_37.74,2023-07-03 08:00:00,20.0,18.394775,rain,0.1,0.0,22.19773,41.760002,72.47084,989.1718,
55.65_37.74,2023-07-24 12:00:00,17.9,15.70237,rain,0.3,0.0,18.671474,39.96,67.06283,994.7446,
55.65_37.74,2023-08-14 13:00:00,22.25,21.37116,rain,0.3,0.0,21.129885,41.039997,69.2623,1002.1622,
55.65_37.74,2023-08-24 14:00:00,16.55,15.128229,none,0.0,0.0,9.178235,24.84,63.725307,998.4326,
55.65_37.75,2023-07-24 10:00:00,19.55,17.143364,none,0.0,0.0,20.316889,38.88,60.890526,994.41064,
55.65_37.75,2023-08-04 03:00:00,19.1,20.656336,none,0.0,0.0,9.47012,15.4800005,93.63964,995.4395,
55.65_37.75,2023-08-12 13:00:00,23.2,23.021862,none,0.0,0.0,16.039202,27.359999,64.96941,1002.88257,
55.65_37.75,2023-09-11 17:00:00,18.4,17.276089,none,0.0,0.0,5.0911684,14.04,52.651684,1004.218,
55.65_37.75,2023-09-13 08:00:00,10.8,9.779462,none,0.0,0.0,4.8433046,12.24,87.457726,1008.31177,
55.65_37.76,2023-05-12 08:00:00,12.95,11.216474,none,0.0,0.0,7.2,16.56,68.7809,1008.01575,
55.65_37.76,2023-06-08 17:00:00,22.2,20.756226,none,0.0,0.0,6.130579,17.64,39.839558,1003.29553,
55.65_37.76,2023-08-21 19:00:00,16.3,15.428633,none,0.0,0.0,7.7879906,9.0,70.14829,1000.5859,
55.65_37.76,2023-09-09 18:00:00,15.35,12.652868,none,0.0,0.0,16.981165,39.6,66.52693,1007.916,
55.65_37.77,2023-05-04 11:00:00,11.2,9.413911,none,0.0,0.0,4.829907,16.56,46.67601,1009.39417,
55.65_37.77,2023-05-17 21:00:00,14.95,13.231775,none,0.0,0.0,8.287822,12.24,63.364155,1006.8897,
55.65_37.77,2023-07-18 22:00:00,17.75,17.535242,none,0.0,0.0,16.595179,28.8,91.51637,984.3487,
55.65_37.77,2023-07-23 15:00:00,19.6,17.353773,rain,8.3,0.0,20.883102,37.079998,63.77082,994.293,
55.65_37.77,2023-08-02 18:00:00,23.6,26.020315,rain,0.1,0.0,5.0911684,17.64,73.33472,994.15753,
55.65_37.77,2023-08-20 13:00:00,25.6,27.292059,rain,0.3,0.0,10.390226,26.28,65.47636,1002.913,
55.65_37.78,2023-04-19 07:00:00,6.3,1.8571491,none,0.0,0.0,15.175612,23.4,60.881817,1011.6456,
55.65_37.83,2023-04-23 16:00:00,18.1,14.03583,none,0.0,0.0,13.246826,25.56,29.368671,998.3586,
55.65_37.83,2023-05-11 00:00:00,10.25,6.963217,none,0.0,0.0,9.178235,14.759999,53.055725,1004.50323,
55.65_37.83,2023-08-29 07:00:00,12.15,9.952918,none,0.0,0.0,10.799999,20.519999,73.73281,996.71436,
55.65_37.84,2023-08-28 20:00:00,15.3,13.6464405,none,0.0,0.0,10.105681,16.199999,67.41802,995.1304,
55.65_37.84,2023-09-04 00:00:00,13.2,12.455154,none,0.0,0.0,6.9247384,12.24,85.664406,1002.53516,
55.66_37.18,2023-06-20 19:00:00,17.7,16.524117,rain,0.1,0.0,10.495713,40.68,65.486046,990.4222,
55.66_37.34,2023-09-12 19:00:00,12.4,10.86447,none,0.0,0.0,7.653705,11.5199995,76.5846,1002.0906,
55.66_37.35,2023-08-26 14:00:00,17.25,15.3324795,rain,0.1,0.0,12.768586,24.84,61.369343,995.0574,
55.66_37.4,2023-09-04 12:00:00,20.6,19.66143,none,0.0,0.0,10.464797,23.4,57.43774,1000.9239,
55.66_37.41,2023-04-18 08:00:00,7.65,5.7271414,none,0.0,0.0,3.096837,9.72,76.33589,1004.406,
55.66_37.41,2023-05-10 19:00:00,13.85,11.710861,none,0.0,0.0,1.1384199,2.52,41.411484,1000.6521,
55.66_37.41,2023-06-05 21:00:00,11.3,9.252613,none,0.0,0.0,8.287822,10.440001,73.32897,997.7718,
55.66_37.41,2023-06-30 23:00:00,14.05,13.555145,none,0.0,0.0,9.0,15.119999,90.9822,977.49805,
55.66_37.41,2023-07-08 16:00:00,22.4,20.550772,none,0.0,0.0,13.363711,29.88,46.265892,990.95905,
55.66_37.42,2023-05-06 19:00:00,4.4,-0.8544874,none,0.0,0.0,15.629971,34.56,43.842304,1002.928,
55.66_37.42,2023-08-19 14:00:00,25.45,26.775555,none,0.0,0.0,7.5685663,18.72,59.168934,1003.1354,
55.66_37.42,2023-09-03 14:00:00,21.4,20.401436,none,0.0,0.0,7.42159,19.8,46.456165,998.8068,
55.66_37.43,2023-03-26 19:00:00,5.25,2.4425101,rain,0.1,19.0,10.829959,23.039999,97.93456,974.4649,
55.66_37.43,2023-05-21 01:00:00,10.15,7.5962105,none,0.0,0.0,11.440978,19.08,78.07779,1001.64465,
55.66_37.43,2023-09-19 20:00:00,16.35,14.650515,none,0.0,0.0,13.363711,22.319998,69.6933,993.8362,
55.66_37.44,2023-06-10 02:00:00,10.7,7.791189,none,0.0,0.0,12.261157,26.64,70.00025,997.5105,
55.66_37.44,2023-07-08 02:00:00,17.3,18.314417,none,0.0,0.0,9.1641035,18.359999,96.270515,991.87585,
55.66_37.45,2023-04-20 21:00:00,7.65,4.18316,none,0.0,0.0,8.534353,15.119999,55.704777,995.6512,
55.66_37.47,2023-03-31 21:00:00,0.95,-1.6554008,rain,0.2,17.0,4.1046314,14.4,98.57003,980.2887,
55.66_37.47,2023-04-07 15:00:00,10.0,5.41251,none,0.0,0.0,14.587776,29.519999,41.95328,1003.1135,
55.66_37.47,2023-05-10 12:00:00,14.9,12.157648,none,0.0,0.0,6.618519,18.0,31.675629,1002.46674,
55.66_37.47,2023-08-22 14:00:00,19.4,18.962885,rain,0.2,0.0,4.802999,11.879999,57.714367,988.70044,
55.66_37.48,2023-06-21 15:00:00,20.4,18.053364,none,0.0,0.0,11.570515,30.239998,30.890408,995.8713,
55.66_37.48,2023-08-04 16:00:00,27.4,26.47113,none,0.0,0.0,20.466246,36.36,49.804443,989.7242,
55.66_37.48,2023-08-13 22:00:00,17.05,16.888079,none,0.0,0.0,13.627795,22.68,90.019,992.2425,
55.66_37.48,2023-09-09 17:00:00,15.5,12.690561,none,0.0,0.0,17.015474,38.16,64.13594,1000.2829,
55.66_37.48,2023-09-14 14:00:00,19.25,16.981565,none,0.0,0.0,12.758432,28.08,49.59206,997.0668,
55.66_37.49,2023-05-06 12:00:00,5.0,-0.4925599,none,0.0,0.0,18.472595,38.519997,47.862247,999.9176,
55.66_37.49,2023-05-17 17:00:00,22.75,19.47705,none,0.0,0.0,13.722565,26.64,31.014025,997.1548,
55.66_37.49,2023-06-16 12:00:00,26.1,25.522537,none,0.0,0.0,6.4096174,18.0,29.851818,991.0767,
55.66_37.5,2023-04-12 20:00:00,10.45,7.300256,none,0.0,0.0,8.64,11.159999,53.684113,990.10443,
55.66_37.5,2023-07-19 22:00:00,15.2,12.281555,none,0.0,0.0,19.443333,32.039997,69.466576,977.426,
55.66_37.5,2023-08-30 10:00:00,18.2,17.811245,none,0.0,0.0,5.8603754,18.0,64.305336,990.0479,
55.66_37.5,2023-09-01 20:00:00,19.8,18.639652,none,0.0,0.0,12.984975,21.24,62.16305,990.39294,
55.66_37.51,2023-05-28 15:00:00,16.7,13.377241,none,0.0,0.0,14.799459,36.36,46.742023,993.9612,
55.66_37.51,2023-06-14 16:00:00,23.6,21.22462,none,0.0,0.0,12.783802,27.359999,29.770615,995.64484,
55.66_37.51,2023-06-17 16:00:00,26.55,24.17354,none,0.0,0.0,8.287822,20.16,25.586979,991.5508,
55.66_37.51,2023-06-28 08:00:00,14.9,14.284424,none,0.0,0.0,6.763786,12.24,78.53052,987.054,
55.66_37.51,2023-07-10 00:00:00,16.5,14.638029,none,0.0,0.0,17.581125,28.8,75.975235,984.7916,
55.66_37.51,2023-09-06 19:00:00,15.35,10.777449,none,0.0,0.0,21.94524,43.199997,47.514847,993.8948,
55.66_37.52,2023-03-25 21:00:00,4.95,1.8600183,none,0.0,34.0,11.503113,22.319998,93.90225,978.11584,
55.66_37.52,2023-04-25 18:00:00,15.0,12.601486,none,0.0,0.0,5.95906,17.28,45.93871,983.58234,
55.66_37.52,2023-05-19 14:00:00,16.7,12.881603,none,0.0,0.0,17.283749,34.92,39.49811,999.8054,
55.66_37.52,2023-08-11 01:00:00,16.6,16.40271,none,0.0,0.0,7.9932966,11.879999,79.55652,998.52765,
55.66_37.52,2023-08-18 20:00:00,20.5,23.092493,none,0.0,0.0,6.0347,11.5199995,92.25849,1000.60486,
55.66_37.53,2023-08-30 13:00:00,19.75,20.359003,none,0.0,0.0,3.319036,14.759999,60.139225,989.8878,
55.66_37.53,2023-08-31 17:00:00,24.45,23.124954,none,0.0,0.0,15.815435,28.08,49.18375,990.4883,
55.66_37.54,2023-04-25 10:00:00,15.55,13.609974,none,0.0,0.0,6.489992,18.0,52.98148,989.7314,
55.66_37.54,2023-08-09 21:00:00,18.7,17.956589,none,0.0,0.0,11.966953,22.68,70.14946,992.86096,
55.66_37.54,2023-09-23 10:00:00,19.0,16.637756,none,0.0,0.0,16.299694,29.88,55.910183,1001.43713,
55.66_37.55,2023-05-12 22:00:00,13.55,10.286891,none,0.0,0.0,10.799999,17.64,47.51203,996.16656,
55.66_37.55,2023-08-09 09:00:00,21.25,21.73153,none,0.0,0.0,11.525623,23.759998,73.158394,988.19855,
55.66_37.55,2023-08-24 20:00:00,13.4,11.938295,none,0.0,0.0,7.2359104,11.879999,71.980125,989.8305,
55.66_37.56,2023-04-24 17:00:00,19.45,14.570488,none,0.0,0.0,18.888851,30.960001,27.090734,992.4117,
55.66_37.56,2023-05-12 17:00:00,19.5,16.826641,none,0.0,0.0,9.904906,24.84,38.393467,997.2266,
55.66_37.56,2023-09-06 17:00:00,18.6,13.148352,none,0.0,0.0,28.528723,55.8,39.769104,992.04596,
55.66_37.57,2023-04-28 19:00:00,10.1,6.269334,none,0.0,0.0,19.95972,36.36,77.53446,989.67944,
55.66_37.57,2023-04-30 14:00:00,11.55,6.635743,none,0.0,1.0,19.453327,37.44,45.938553,991.55005,
55.66_37.57,2023-06-07 17:00:00,21.2,17.86346,none,0.0,0.0,18.94024,41.039997,42.063198,993.9333,
55.66_37.57,2023-06-14 15:00:00,23.05,21.26727,none,0.0,0.0,13.281023,29.519999,32.309692,996.3212,
55.66_37.57,2023-08-24 12:00:00,16.65,15.70842,none,0.0,0.0,8.891343,24.48,69.98371,989.19214,
55.66_37.58,2023-05-29 16:00:00,19.7,16.13572,none,0.0,0.0,14.277983,27.0,34.74239,998.5818,
55.66_37.58,2023-07-01 16:00:00,24.35,22.42402,none,0.0,0.0,17.727943,31.68,41.404476,976.6847,
55.66_37.58,2023-07-10 14:00:00,20.4,17.401165,rain,0.1,0.0,24.64094,46.44,53.175037,987.9287,
55.66_37.58,2023-08-26 12:00:00,18.6,15.878695,none,0.0,0.0,14.386494,27.0,48.746815,993.00745,
55.66_37.58,2023-09-27 09:00:00,11.95,10.598663,none,0.0,0.0,6.5693827,15.4800005,79.42103,1009.89606,
55.66_37.59,2023-05-17 19:00:00,20.7,19.053305,none,0.0,0.0,8.225035,19.44,44.874866,1000.8424,
55.66_37.59,2023-09-26 13:00:00,16.65,15.710962,none,0.0,0.0,2.5959969,13.679999,56.070328,1010.64276,
55.66_37.6,2023-03-23 08:00:00,3.5,-0.9549265,none,0.0,49.0,17.87718,31.319998,88.00407,991.48553,
55.66_37.6,2023-05-12 11:00:00,17.2,16.878012,none,0.0,0.0,4.896529,16.56,55.452713,1000.01984,
55.66_37.6,2023-05-14 17:00:00,16.45,12.589592,none,0.0,0.0,13.979872,28.08,37.375103,1000.4716,
55.66_37.6,2023-08-22 09:00:00,17.9,17.164818,none,0.0,0.0,5.937272,14.759999,61.520855,990.0216,
55.66_37.61,2023-03-31 11:00:00,3.65,-1.0846968,none,0.0,20.0,16.92383,32.039997,71.896614,984.0235,
55.66_37.61,2023-05-03 17:00:00,12.9,8.81332,none,0.0,0.0,20.188908,39.239998,60.126274,998.5882,
55.66_37.61,2023-05-25 10:00:00,18.8,20.526318,rain,0.2,0.0,3.563818,14.4,86.229706,993.8689,
55.66_37.61,2023-05-30 15:00:00,20.95,18.56366,none,0.0,0.0,5.4119864,12.959999,30.828629,994.02216,
55.66_37.61,2023-09-26 14:00:00,17.05,16.094612,none,0.0,0.0,1.609969,12.959999,52.294445,1011.13184,
55.66_37.61,2023-09-26 19:00:00,13.95,12.547756,none,0.0,0.0,4.1046314,4.68,62.276417,1010.19684,
55.66_37.62,2023-03-29 00:00:00,3.75,-1.2159023,none,0.0,28.0,19.483284,33.12,76.50503,986.42004,
55.66_37.62,2023-05-30 15:00:00,20.5,18.541191,none,0.0,0.0,2.5455842,10.799999,31.80696,994.3473,
55.66_37.62,2023-08-15 13:00:00,23.95,23.57967,rain,0.4,0.0,16.489416,31.319998,60.72712,999.3253,
55.66_37.62,2023-08-16 17:00:00,24.7,24.3277,none,0.0,0.0,8.699793,19.8,47.668545,1002.9882,
55.66_37.62,2023-08-26 00:00:00,11.2,9.857138,none,0.0,0.0,3.6179552,5.7599998,74.32486,995.7503,
55.66_37.63,2023-07-07 18:00:00,24.85,26.750492,rain,0.4,0.0,10.587918,24.84,70.63647,994.2229,
55.66_37.63,2023-07-20 12:00:00,19.75,16.694746,rain,0.1,0.0,25.929996,48.96,55.72707,983.75336,
55.66_37.63,2023-07-27 19:00:00,23.45,24.113937,none,0.0,0.0,13.441071,23.039999,68.62195,983.55786,
55.66_37.63,2023-08-30 20:00:00,15.85,15.117975,none,0.0,0.0,7.771331,14.759999,74.37891,994.43604,
55.66_37.64,2023-04-17 19:00:00,10.25,7.4163036,none,0.0,0.0,5.6233797,10.440001,51.549828,1005.6795,
55.66_37.64,2023-06-28 13:00:00,20.15,17.116634,none,0.0,0.0,20.316889,34.2,51.020367,986.9815,
55.66_37.64,2023-06-29 16:00:00,19.0,18.16755,rain,0.1,0.0,13.527572,42.12,70.66547,981.9555,
55.66_37.64,2023-07-02 03:00:00,15.45,14.311468,none,0.0,0.0,15.876775,26.28,89.02921,978.3273,
55.66_37.64,2023-07-10 18:00:00,16.05,12.355206,rain,0.1,0.0,28.19285,48.96,73.67847,990.6252,
55.66_37.64,2023-08-07 11:00:00,26.85,26.23431,none,0.0,0.0,24.86868,44.28,55.689724,993.1187,
55.66_37.64,2023-08-28 17:00:00,19.75,18.34203,none,0.0,0.0,6.151683,16.56,46.78784,990.62463,
55.66_37.64,2023-08-30 08:00:00,14.05,13.872808,none,0.0,0.0,5.5887027,14.759999,87.75384,994.16895,
55.66_37.65,2023-04-25 17:00:00,17.1,13.38773,none,0.0,0.0,13.202726,25.56,36.380455,989.717,
55.66_37.65,2023-07-02 00:00:00,17.5,16.726898,none,0.0,0.0,13.004921,21.599998,77.38692,979.8158,
55.66_37.65,2023-08-17 13:00:00,25.15,26.850042,none,0.0,0.0,5.8048253,17.28,53.180267,1003.27893,
55.66_37.65,2023-08-27 19:00:00,18.95,18.75274,none,0.0,0.0,5.937272,11.879999,64.682465,989.69867,
55.66_37.65,2023-09-04 07:00:00,12.6,11.258033,none,0.0,0.0,11.019764,17.28,89.09233,1000.0423,
55.66_37.65,2023-09-15 08:00:00,14.0,12.954138,none,0.0,0.0,6.9899354,16.199999,76.07289,1000.1839,
55.66_37.66,2023-04-19 23:00:00,5.85,2.018715,none,0.0,0.0,9.220499,14.4,54.818172,1005.5189,
55.66_37.71,2023-08-16 20:00:00,20.2,20.111332,none,0.0,0.0,9.028754,11.5199995,66.66549,1007.8051,
55.66_37.71,2023-08-20 13:00:00,24.5,26.077291,rain,1.0,0.0,10.233123,23.4,68.61167,1001.5152,
55.66_37.72,2023-05-17 21:00:00,14.55,12.638622,none,0.0,0.0,8.669949,12.599999,62.629124,1005.342,
55.66_37.72,2023-06-16 21:00:00,19.05,17.706919,none,0.0,0.0,8.825508,11.879999,54.810757,997.2218,
55.66_37.73,2023-04-08 12:00:00,9.85,6.553706,none,0.0,1.0,11.792404,25.56,53.7158,1012.2424,
55.66_37.73,2023-06-07 00:00:00,11.85,9.551347,none,0.0,0.0,10.661107,18.0,72.67827,1003.4336,
55.66_37.73,2023-06-08 14:00:00,21.8,21.377947,none,0.0,0.0,9.0,21.96,41.947502,1002.5244,
55.66_37.73,2023-06-23 06:00:00,13.7,12.738813,rain,0.4,0.0,6.4096174,14.4,77.56879,995.9832,
55.66_37.73,2023-08-17 20:00:00,21.45,22.109194,none,0.0,0.0,6.924738,7.92,66.70917,1006.50665,
55.66_37.73,2023-09-05 16:00:00,20.9,18.830359,none,0.0,0.0,6.5693827,16.56,36.582436,1006.7927,
55.66_37.74,2023-04-19 09:00:00,10.5,6.382921,none,0.0,0.0,15.042659,28.44,52.743504,1012.1852,
55.66_37.74,2023-06-05 23:00:00,9.75,7.6159773,none,0.0,0.0,8.404285,13.32,79.64622,1005.05023,
55.66_37.74,2023-06-26 03:00:00,12.7,12.054247,none,0.0,0.0,6.763786,9.0,89.99177,1000.6656,
55.66_37.74,2023-07-23 11:00:00,21.45,20.963198,none,0.0,0.0,15.530151,30.960001,59.949947,994.95984,
55.66_37.74,2023-07-25 10:00:00,19.3,18.754135,none,0.0,0.0,16.1198,33.839996,77.91038,989.46436,
55.66_37.74,2023-08-11 15:00:00,26.15,26.090694,rain,0.2,0.0,18.532135,31.68,58.58896,1005.6553,
55.66_37.74,2023-08-30 17:00:00,18.6,17.6911,none,0.0,0.0,8.350138,17.64,61.2752,1000.2283,
55.66_37.74,2023-09-07 12:00:00,14.8,10.005501,none,0.0,0.0,24.312662,45.0,51.33289,1008.5584,
55.66_37.75,2023-05-15 18:00:00,18.45,16.258152,none,0.0,0.0,3.8268526,10.440001,35.496166,1006.7306,
55.66_37.76,2023-05-04 23:00:00,8.4,4.35546,none,0.0,0.0,11.753877,24.119999,50.111324,1006.11676,
55.66_37.76,2023-05-17 06:00:00,9.9,7.709345,none,0.0,0.0,8.557102,12.24,78.03931,1008.5605,
55.66_37.76,2023-05-26 21:00:00,17.05,16.264992,none,0.0,0.0,8.557102,12.959999,69.83018,999.20374,
55.66_37.76,2023-06-19 15:00:00,21.7,19.348778,none,0.0,0.0,8.891344,23.4,26.749048,1001.8743,
55.66_37.77,2023-06-19 12:00:00,20.15,19.020731,none,0.0,0.0,8.942214,23.759998,33.197586,1003.4943,
55.66_37.77,2023-08-29 20:00:00,15.45,15.300018,none,0.0,0.0,5.3999996,7.2,80.1816,998.9901,
55.66_37.78,2023-05-19 20:00:00,12.7,8.763559,none,0.0,0.0,15.4800005,24.84,50.401367,1010.2603,
55.66_37.78,2023-09-13 07:00:00,8.6,6.975568,none,0.0,0.0,7.386582,10.440001,95.36249,1007.9008,
55.66_37.79,2023-08-27 09:00:00,14.05,14.570581,none,0.0,0.0,3.5455887,12.24,94.93202,996.57263,
55.66_37.81,2023-05-28 20:00:00,13.85,10.913361,none,0.0,0.0,12.599998,27.359999,57.307293,1000.13745,
55.66_37.82,2023-03-28 13:00:00,9.25,5.1280966,none,0.0,21.0,14.291592,28.44,54.530476,992.21497,
55.66_37.83,2023-04-09 18:00:00,9.85,7.2085543,none,0.0,0.0,7.2359104,8.64,63.066692,1006.864,
55.66_37.83,2023-04-22 06:00:00,4.1,0.8602009,none,0.0,0.0,8.4042845,13.32,78.52309,992.7675,
55.66_37.83,2023-04-25 19:00:00,14.6,12.765528,none,0.0,0.0,6.0347,11.159999,57.10123,990.31696,
55.66_37.83,2023-08-07 18:00:00,27.55,26.125122,none,0.0,0.0,21.9718,38.88,47.2058,992.2868,
55.66_37.84,2023-06-04 19:00:00,13.3,10.558977,none,0.0,0.0,8.707237,25.56,52.379982,1002.96985,
55.66_37.84,2023-06-16 12:00:00,25.75,24.121864,none,0.0,0.0,7.9932976,18.359999,32.96148,995.7179,
55.66_37.84,2023-06-27 21:00:00,15.55,15.49614,rain,0.2,0.0,3.9763298,10.799999,77.852325,993.31824,
55.67_37.42,2023-06-01 10:00:00,18.8,15.584139,none,0.0,0.0,22.691423,42.12,44.341263,989.2672,
55.67_37.43,2023-06-05 11:00:00,14.55,11.228586,rain,0.1,0.0,18.0036,40.32,61.779472,997.0978,
55.67_37.44,2023-04-05 14:00:00,12.9,9.269344,none,0.0,1.0,15.281989,27.359999,55.10399,997.38043,
55.67_37.45,2023-04-24 18:00:00,17.7,12.801794,none,0.0,0.0,18.448023,36.0,29.042019,993.6606,
55.67_37.45,2023-04-27 13:00:00,19.75,18.119108,none,0.0,0.0,11.631956,26.28,42.08354,988.3518,
55.67_37.45,2023-05-03 13:00:00,12.15,8.558593,rain,0.6,0.0,18.875126,36.0,69.32861,997.88947,
55.67_37.45,2023-08-30 21:00:00,15.1,14.13983,none,0.0,0.0,9.021574,15.119999,77.27005,994.128,
55.67_37.46,2023-04-17 19:00:00,9.45,6.5259323,none,0.0,0.0,6.4096174,10.440001,54.978466,1005.0141,
55.67_37.46,2023-09-08 08:00:00,10.7,7.286974,none,0.0,0.0,17.174677,31.68,74.750206,998.46765,
55.67_37.47,2023-04-19 13:00:00,15.05,11.175811,none,0.0,0.0,17.227419,36.719997,35.780525,1003.4356,
55.67_37.47,2023-09-13 00:00:00,9.3,7.5413465,none,0.0,0.0,7.289445,10.799999,87.317535,999.1698,
55.67_37.48,2023-05-10 11:00:00,14.55,12.729496,none,0.0,0.0,2.5455842,18.359999,30.426878,1003.87805,
55.67_37.48,2023-06-09 18:00:00,18.6,15.787443,none,0.0,0.0,17.581125,42.12,53.782246,995.0474,
55.67_37.48,2023-08-09 19:00:00,22.3,20.47481,none,0.0,0.0,19.137648,32.760002,55.815784,994.7727,
55.67_37.48,2023-09-11 08:00:00,9.5,9.1218405,none,0.0,0.0,0.8049845,7.5599995,96.69105,997.4086,
55.67_37.49,2023-04-17 09:00:00,6.55,3.6260567,none,0.0,0.0,6.130579,13.32,65.76191,1007.1354,
55.67_37.49,2023-04-25 16:00:00,17.2,13.417704,none,0.0,0.0,13.324863,26.64,35.384884,988.99225,
55.67_37.49,2023-09-25 07:00:00,14.3,13.402544,none,0.0,0.0,12.682018,22.68,91.89577,1005.8174,
55.67_37.5,2023-04-29 14:00:00,11.2,6.384103,none,0.0,1.0,18.043148,34.2,44.362934,993.2778,
55.67_37.5,2023-07-03 00:00:00,15.45,14.559305,none,0.0,0.0,9.178235,14.04,77.06917,979.9312,
55.67_37.51,2023-06-08 09:00:00,17.55,17.967644,none,0.0,0.0,1.835647,12.959999,70.853806,995.24585,
55.67_37.51,2023-08-20 15:00:00,25.1,26.389038,rain,4.0,0.0,7.10031,26.64,59.46318,993.2033,
55.67_37.51,2023-09-15 22:00:00,13.2,12.835266,rain,0.1,0.0,3.7064266,8.28,83.971535,997.9081,
55.67_37.52,2023-05-04 17:00:00,13.1,8.98047,none,0.0,0.0,10.041354,19.44,30.457203,997.572,
55.67_37.52,2023-05-29 15:00:00,20.4,18.465342,none,0.0,0.0,9.957108,26.28,31.000187,995.24365,
55.67_37.52,2023-06-15 18:00:00,25.2,22.509604,none,0.0,0.0,11.726277,23.759998,29.397547,993.09283,
55.67_37.52,2023-06-18 11:00:00,21.45,20.549047,none,0.0,0.0,8.647496,22.319998,37.250736,993.99445,
55.67_37.52,2023-07-18 22:00:00,17.6,17.356445,none,0.0,0.0,16.79314,30.239998,92.38557,974.074,
55.67_37.52,2023-07-25 18:00:00,22.6,22.495378,rain,0.1,0.0,10.365251,21.24,59.44629,979.828,
55.67_37.52,2023-08-11 18:00:00,24.35,24.643097,none,0.0,0.0,15.978484,25.919998,65.00793,995.73535,
55.67_37.53,2023-04-01 16:00:00,9.0,4.372175,none,0.0,16.0,16.394829,29.519999,50.46339,979.70496,
55.67_37.54,2023-04-10 18:00:00,10.2,8.17808,none,0.0,0.0,2.4149535,5.7599998,59.675426,999.2397,
55.67_37.54,2023-04-14 16:00:00,7.45,0.2133689,none,0.0,0.0,28.056913,49.68,30.772915,995.7853,
55.67_37.54,2023-05-03 08:00:00,8.35,4.061845,rain,2.0,0.0,19.586119,34.2,73.8192,992.04047,
55.67_37.54,2023-07-07 20:00:00,20.7,23.348185,none,0.0,0.0,4.0249224,14.4,88.32867,990.0365,
55.67_37.55,2023-03-31 13:00:00,3.85,-0.8206141,none,0.0,20.0,16.73516,32.039997,72.19828,980.6574,
55.67_37.55,2023-06-30 15:00:00,17.85,16.92564,rain,0.2,0.0,9.83268,20.519999,67.052414,973.41144,
55.67_37.55,2023-07-21 22:00:00,14.2,12.519032,none,0.0,0.0,12.429127,20.16,77.90532,984.0593,
55.67_37.55,2023-07-22 22:00:00,15.6,14.109236,none,0.0,0.0,10.233123,16.919998,69.08198,985.7792,
55.67_37.56,2023-07-17 21:00:00,20.35,20.829863,none,0.0,0.0,6.618519,7.5599995,68.668495,987.45416,
55.67_37.56,2023-08-06 12:00:00,29.75,31.444817,none,0.0,0.0,15.1884165,29.88,49.944504,995.4678,
55.67_37.56,2023-09-05 18:00:00,19.75,17.798046,none,0.0,0.0,9.449572,15.4800005,45.999043,996.27313,
55.67_37.58,2023-04-13 18:00:00,13.3,7.0151377,none,0.0,0.0,27.959743,47.88,38.502953,993.1551,
55.67_37.58,2023-08-01 18:00:00,24.4,24.73113,none,0.0,0.0,9.290511,17.28,55.97541,989.05707,
55.67_37.58,2023-09-16 20:00:00,9.6,7.281766,none,0.0,0.0,7.69592,10.440001,73.52956,1006.18134,
55.67_37.59,2023-08-26 19:00:00,13.95,13.832928,none,0.0,0.0,6.4096174,11.159999,91.57399,991.7532,
55.67_37.59,2023-09-10 01:00:00,12.2,10.60467,none,0.0,0.0,10.182337,18.0,83.85585,1002.02747,
55.67_37.59,2023-09-20 18:00:00,19.05,16.857264,none,0.0,0.0,15.629971,32.039997,56.675198,994.27844,
55.67_37.6,2023-04-09 20:00:00,11.25,8.375109,none,0.0,0.0,4.68,8.28,44.37745,1004.64594,
55.67_37.6,2023-08-07 20:00:00,25.35,23.312664,none,0.0,0.0,24.36325,41.399998,51.378983,990.76227,
55.67_37.61,2023-06-04 22:00:00,8.45,5.5684423,none,0.0,0.0,8.435069,13.679999,67.60724,1000.8038,
55.67_37.61,2023-08-31 14:00:00,24.55,24.383797,none,0.0,0.0,15.0038395,30.239998,55.47509,995.98016,
55.67_37.62,2023-05-15 08:00:00,11.95,9.772093,none,0.0,0.0,7.928177,18.0,66.480125,1003.90173,
55.67_37.62,2023-08-30 00:00:00,14.75,14.603878,none,0.0,0.0,4.6102495,7.2,81.9591,994.6117,
55.67_37.63,2023-03-30 08:00:00,3.7,0.35474682,none,0.0,23.0,10.805998,19.8,89.606,988.4908,
55.67_37.63,2023-05-02 16:00:00,14.1,11.037422,none,0.0,0.0,6.193674,15.4800005,33.97402,1002.5071,
55.67_37.63,2023-06-06 07:00:00,13.55,11.487127,none,0.0,0.0,10.739833,22.319998,69.60855,1000.99835,
55.67_37.63,2023-08-29 00:00:00,12.15,9.913805,none,0.0,0.0,10.315115,20.880001,71.50077,992.2512,
55.67_37.63,2023-09-16 13:00:00,16.15,13.099426,none,0.0,0.0,14.764389,31.319998,52.59493,1006.64355,
55.67_37.63,2023-09-20 16:00:00,22.2,19.294292,none,0.0,0.0,20.808498,40.68,47.145794,995.74634,
55.67_37.64,2023-04-29 15:00:00,11.6,7.4955378,none,0.0,1.0,11.27553,23.039999,37.71993,998.16,
55.67_37.65,2023-05-16 13:00:00,18.65,15.905594,none,0.0,0.0,19.453327,37.8,40.7659,1003.2638,
55.67_37.65,2023-06-19 10:00:00,18.4,16.128885,none,0.0,0.0,11.503113,26.28,39.850517,998.60364,
55.67_37.65,2023-08-09 16:00:00,24.55,24.163109,none,0.0,0.0,11.792404,21.96,52.17565,995.8228,
55.67_37.65,2023-08-12 19:00:00,22.2,21.169382,none,0.0,0.0,23.023117,38.16,70.811516,998.39215,
55.67_37.65,2023-09-04 06:00:00,12.6,11.258033,none,0.0,0.0,11.019764,17.28,89.09233,1001.592,
55.67_37.66,2023-04-02 16:00:00,9.95,5.5137043,none,0.0,17.0,19.803272,33.48,63.536915,990.9161,
55.67_37.66,2023-04-10 11:00:00,10.6,8.446056,none,0.0,0.0,4.3498964,14.4,61.485886,1006.0603,
55.67_37.66,2023-04-23 19:00:00,14.4,11.624675,none,0.0,0.0,8.217153,16.56,46.915794,998.24396,
55.67_37.66,2023-05-13 00:00:00,10.5,7.14779,none,0.0,0.0,10.086427,15.119999,53.697525,1000.3379,
55.67_37.66,2023-08-15 16:00:00,24.75,23.626852,none,0.0,0.0,15.617529,28.44,49.90918,1000.39276,
55.67_37.66,2023-08-19 16:00:00,26.75,27.195114,none,0.0,0.0,9.021574,19.08,49.315994,1007.4457,
55.67_37.72,2023-07-12 18:00:00,16.3,12.782429,none,0.0,0.0,17.49615,31.319998,51.028828,990.73804,
55.67_37.74,2023-04-12 11:00:00,14.55,11.70512,none,0.0,0.0,9.585739,20.880001,44.0585,1001.61847,
55.67_37.74,2023-07-14 08:00:00,15.35,14.278078,none,0.0,0.0,12.7279215,25.919998,83.11944,991.1951,
55.67_37.74,2023-07-20 11:00:00,19.3,16.340475,rain,0.1,0.0,25.6233,48.239998,58.461624,987.13306,
55.67_37.74,2023-09-25 09:00:00,15.5,14.377939,none,0.0,0.0,14.336861,27.359999,85.34157,1010.424,
55.67_37.75,2023-05-16 10:00:00,17.55,15.163628,none,0.0,0.0,14.480773,29.519999,42.48108,1007.2372,
55.67_37.75,2023-08-16 15:00:00,25.5,24.770172,none,0.0,0.0,10.587917,29.519999,41.5886,1007.2805,
55.67_37.76,2023-03-24 17:00:00,8.7,4.8679123,rain,0.2,35.0,18.0036,31.319998,77.85325,988.4677,
55.67_37.76,2023-06-14 17:00:00,23.15,20.24783,none,0.0,0.0,13.104198,25.56,32.902107,1002.0532,
55.67_37.76,2023-06-15 10:00:00,22.3,19.885157,none,0.0,0.0,15.716793,30.599998,36.605022,1003.5403,
55.67_37.76,2023-06-29 06:00:00,15.75,15.029465,none,0.0,0.0,13.009903,24.48,87.33524,986.7365,
55.67_37.76,2023-08-10 08:00:00,18.0,17.494585,none,0.0,0.0,12.261157,24.48,77.21271,1006.17645,
55.67_37.76,2023-08-19 21:00:00,21.0,21.92468,none,0.0,0.0,7.5170207,10.799999,72.64921,1006.9407,
55.67_37.76,2023-08-26 07:00:00,13.15,12.041307,none,0.0,0.0,7.42159,15.119999,80.39759,999.56744,
55.67_37.76,2023-09-13 22:00:00,10.95,9.3839855,none,0.0,0.0,7.42159,12.959999,82.86189,1005.5363,
55.67_37.77,2023-03-24 04:00:00,5.95,0.9034729,none,0.0,39.0,23.469128,40.32,81.07373,987.71594,
55.67_37.77,2023-06-20 18:00:00,20.75,17.769953,none,0.0,0.0,18.448023,45.0,46.59007,997.2726,
55.67_37.77,2023-08-14 23:00:00,18.05,18.771275,none,0.0,0.0,7.5685663,12.599999,84.51597,1003.8529,
55.67_37.77,2023-09-07 08:00:00,10.7,6.302517,none,0.0,0.0,24.162947,41.039997,75.52567,1007.06616,
55.67_37.77,2023-09-10 18:00:00,16.25,16.532177,none,0.0,0.0,2.5455842,10.799999,76.43616,1005.4939,
55.67_37.77,2023-09-16 11:00:00,14.3,11.564336,none,0.0,0.0,17.339897,33.839996,71.422676,1011.65845,
55.67_37.78,2023-03-27 04:00:00,1.25,-1.6706419,none,0.0,26.0,6.489992,10.799999,97.86706,982.19867,
55.67_37.78,2023-04-13 10:00:00,12.4,8.427358,none,0.0,0.0,17.287498,31.68,55.9485,998.84595,
55.67_37.78,2023-05-31 22:00:00,9.6,7.045971,none,0.0,0.0,9.605998,18.72,74.55895,996.4706,
55.67_37.78,2023-06-19 08:00:00,17.35,14.781065,none,0.0,0.0,10.390226,23.039999,45.800552,1003.0699,
55.67_37.8,2023-06-19 10:00:00,19.5,17.973919,none,0.0,0.0,9.726664,25.199999,35.926052,1001.0936,
55.67_37.84,2023-04-17 22:00:00,8.95,5.657028,none,0.0,0.0,7.342588,11.879999,51.004524,1008.69366,
55.68_37.42,2023-08-02 18:00:00,24.05,24.79483,none,0.0,0.0,11.269782,23.039999,63.923203,988.5447,
55.68_37.42,2023-08-20 23:00:00,18.05,18.097624,rain,0.1,0.0,14.654254,26.64,89.519875,996.33075,
55.68_37.45,2023-03-28 13:00:00,9.0,5.1878624,none,0.0,14.0,12.287555,27.0,55.057545,986.17883,
55.68_37.45,2023-05-22 11:00:00,13.85,13.426569,rain,0.8,0.0,6.297428,17.28,86.30019,1001.51196,
55.68_37.45,2023-07-02 14:00:00,23.45,20.800663,none,0.0,0.0,17.673029,38.16,41.707474,980.22107,
55.68_37.45,2023-07-11 08:00:00,13.85,10.663811,none,0.0,0.0,20.523155,41.039997,73.783806,988.5158,
55.68_37.46,2023-05-16 23:00:00,9.55,6.725174,none,0.0,0.0,10.594036,12.959999,71.748825,1001.9145,
55.68_37.47,2023-06-05 08:00:00,9.55,6.924673,none,0.0,0.0,11.304229,21.96,79.06998,998.46643,
55.68_37.47,2023-06-14 14:00:00,23.45,21.533176,none,0.0,0.0,13.217443,28.44,30.041035,998.6397,
55.68_37.48,2023-04-22 15:00:00,14.75,10.427074,none,0.0,0.0,12.682018,24.84,30.485094,990.51843,
55.68_37.48,2023-06-09 19:00:00,17.45,15.348469,none,0.0,0.0,13.5515,31.319998,59.59075,995.9394,
55.68_37.49,2023-04-15 11:00:00,3.15,-2.821127,none,0.0,0.0,18.806337,36.36,38.358757,1008.56146,
55.68_37.49,2023-05-13 11:00:00,19.0,15.697681,none,0.0,0.0,19.770523,36.719997,38.65232,1000.9652,
55.68_37.49,2023-07-04 16:00:00,25.2,22.385328,none,0.0,0.0,12.88981,24.84,29.805784,994.9323,
55.68_37.5,2023-07-10 10:00:00,19.1,16.020002,none,0.0,0.0,26.042212,47.519997,58.218987,985.48895,
55.68_37.5,2023-08-01 19:00:00,21.2,22.2406,none,0.0,0.0,7.4128532,15.84,72.91684,987.1043,
55.68_37.51,2023-05-25 11:00:00,19.55,20.893158,rain,0.2,0.0,4.379589,13.679999,78.95161,992.4393,
55.68_37.51,2023-08-30 17:00:00,19.4,18.453629,none,0.0,0.0,8.089993,18.72,57.33196,992.79175,
55.68_37.52,2023-04-22 19:00:00,11.8,8.832823,none,0.0,0.0,7.10031,15.84,48.214752,989.61115,
55.68_37.52,2023-04-28 17:00:00,11.35,7.6409855,none,0.0,0.0,19.681828,33.48,73.08663,991.00726,
55.68_37.52,2023-06-25 13:00:00,22.2,22.00279,none,0.0,0.0,8.854829,21.96,42.776493,994.3391,
55.68_37.52,2023-06-25 19:00:00,20.3,18.84204,none,0.0,0.0,8.942214,18.0,49.541588,993.42303,
55.68_37.52,2023-08-21 14:00:00,20.25,19.351164,none,0.0,0.0,10.703569,25.199999,50.70594,994.588,
55.68_37.53,2023-06-15 13:00:00,24.55,23.66,none,0.0,0.0,13.32,29.88,33.98802,994.1221,
55.68_37.53,2023-06-27 21:00:00,16.35,15.621664,none,0.0,0.0,5.495161,18.0,66.96178,987.01886,
55.68_37.53,2023-08-20 23:00:00,18.0,17.961788,none,0.0,0.0,13.584932,23.759998,86.42705,992.92004,
55.68_37.53,2023-08-24 09:00:00,14.75,14.349062,rain,0.1,0.0,6.0347,15.119999,81.15111,987.87085,
55.68_37.54,2023-04-09 20:00:00,9.8,6.6746025,none,0.0,0.0,6.193674,7.5599995,48.17147,1002.85,
55.68_37.54,2023-05-18 11:00:00,23.1,21.537634,none,0.0,0.0,11.620809,27.0,34.395187,998.8679,
55.68_37.54,2023-07-12 19:00:00,14.55,11.854433,none,0.0,0.0,14.386494,31.319998,63.489086,983.60046,
55.68_37.54,2023-09-07 08:00:00,10.35,6.247758,none,0.0,0.0,22.218153,37.079998,77.57368,998.4109,
55.68_37.55,2023-04-26 15:00:00,15.35,11.208846,none,0.0,0.0,22.322903,41.399998,55.54694,981.91626,
55.68_37.55,2023-07-14 20:00:00,16.35,16.801756,none,0.0,0.0,5.0911684,14.759999,84.328224,986.83527,
55.68_37.55,2023-08-07 23:00:00,23.45,21.088285,none,0.0,0.0,24.48,42.48,54.48836,986.9617,
55.68_37.55,2023-08-28 23:00:00,13.15,10.588157,none,0.0,0.0,12.879752,21.599998,67.888245,988.304,
55.68_37.55,2023-08-29 00:00:00,12.25,10.0138,none,0.0,0.0,10.315115,21.24,71.03218,992.02185,
55.68_37.56,2023-04-19 23:00:00,6.35,2.4037666,none,0.0,0.0,10.009036,18.0,52.958897,1002.7655,
55.68_37.56,2023-05-13 15:00:00,21.45,17.899464,none,0.0,0.0,15.273505,29.88,28.856789,998.0661,
55.68_37.56,2023-05-25 01:00:00,12.95,12.983015,none,0.0,0.0,5.1544156,6.12,97.09628,994.8511,
55.68_37.56,2023-07-10 18:00:00,16.05,12.355206,rain,0.1,0.0,28.19285,48.96,73.67847,989.34393,
55.68_37.56,2023-07-16 20:00:00,17.8,17.573149,none,0.0,0.0,8.427383,15.119999,74.22467,993.3685,
55.68_37.56,2023-07-21 19:00:00,19.6,17.884594,none,0.0,0.0,11.570515,25.56,53.322624,985.5388,
55.68_37.57,2023-04-26 12:00:00,11.1,8.06226,rain,0.3,0.0,18.584509,33.12,85.443695,979.6613,
55.68_37.57,2023-05-16 23:00:00,11.4,9.074088,none,0.0,0.0,7.172949,12.599999,63.4256,1000.63043,
55.68_37.57,2023-06-16 17:00:00,26.4,23.903618,none,0.0,0.0,11.177405,27.0,28.33864,990.8551,
55.68_37.57,2023-07-08 22:00:00,17.7,17.5671,none,0.0,0.0,7.2,10.799999,73.48363,991.83844,
55.68_37.57,2023-07-12 13:00:00,15.2,11.386478,none,0.0,0.0,18.837324,34.92,53.071964,986.909,
55.68_37.57,2023-07-18 11:00:00,24.95,26.473215,none,0.0,0.0,11.792404,25.919998,66.582504,985.42773,
55.68_37.57,2023-08-22 11:00:00,19.4,18.061264,none,0.0,0.0,8.891343,19.44,53.808987,988.78107,
55.68_37.58,2023-04-30 20:00:00,6.25,2.6899414,rain,0.5,0.0,15.141414,29.16,87.63677,989.9562,
55.68_37.58,2023-07-19 20:00:00,17.25,13.958683,none,0.0,0.0,20.316889,34.56,57.375156,980.0343,
55.68_37.59,2023-04-22 16:00:00,14.85,10.3749,none,0.0,0.0,14.044615,27.359999,31.082905,992.06757,
55.68_37.59,2023-04-25 15:00:00,17.75,13.990343,none,0.0,0.0,13.708391,27.72,35.292847,992.0258,
55.68_37.59,2023-07-28 07:00:00,21.4,23.96208,none,0.0,0.0,7.2359104,18.0,88.938095,981.42554,
55.68_37.6,2023-04-19 13:00:00,15.5,11.507502,none,0.0,0.0,17.555305,34.92,34.761673,1006.39575,
55.68_37.6,2023-04-21 18:00:00,12.7,8.056339,none,0.0,0.0,16.203999,32.399998,38.607273,992.37146,
55.68_37.6,2023-05-05 10:00:00,7.7,2.749463,none,0.0,0.0,22.545315,44.639996,58.83832,1000.73206,
55.68_37.6,2023-07-17 17:00:00,25.2,25.5278,none,0.0,0.0,9.178235,16.199999,53.193027,993.7953,
55.68_37.6,2023-07-31 08:00:00,19.95,20.272438,none,0.0,0.0,7.9526596,18.0,70.84451,987.98083,
55.68_37.6,2023-07-31 13:00:00,24.05,23.478718,none,0.0,0.0,10.948973,23.759998,45.200947,988.5669,
55.68_37.6,2023-08-29 12:00:00,14.7,13.2185135,rain,0.1,0.0,10.464797,19.44,73.93303,993.80457,
55.68_37.6,2023-09-21 03:00:00,14.2,13.098656,none,0.0,0.0,12.4811535,32.039997,88.34601,998.7171,
55.68_37.62,2023-03-25 20:00:00,6.5,2.8673787,none,0.0,38.0,17.673029,33.12,94.956795,984.1321,
55.68_37.62,2023-05-22 22:00:00,14.65,13.523947,none,0.0,0.0,8.225035,12.24,74.66911,1003.44965,
55.68_37.62,2023-06-27 03:00:00,14.2,12.98756,none,0.0,0.0,10.44,17.28,81.07813,994.3777,
55.68_37.62,2023-09-23 11:00:00,22.2,20.026527,none,0.0,0.0,17.114204,32.039997,49.22895,1007.6128,
55.68_37.63,2023-06-26 07:00:00,18.55,18.268772,none,0.0,0.0,7.072878,16.919998,67.41855,997.21954,
55.68_37.63,2023-07-15 22:00:00,14.9,14.417223,none,0.0,0.0,10.1887,19.8,89.27583,994.81537,
55.68_37.64,2023-05-01 21:00:00,3.4,0.58846235,none,0.0,0.0,7.145796,14.4,91.51987,998.9502,
55.68_37.64,2023-07-16 15:00:00,22.0,20.41204,none,0.0,0.0,15.463244,28.44,53.58866,996.4436,
55.68_37.64,2023-08-15 15:00:00,25.05,24.199926,none,0.0,0.0,15.844089,33.839996,49.988518,1003.7305,
55.68_37.64,2023-09-23 23:00:00,15.7,12.028439,none,0.0,0.0,15.905319,26.28,46.78764,1005.8071,
55.68_37.66,2023-04-26 15:00:00,15.2,10.8446,none,0.0,0.0,24.27265,41.039997,57.252438,989.2544,
55.68_37.66,2023-05-21 21:00:00,11.95,10.588647,none,0.0,0.0,6.638072,10.799999,79.42103,1007.1013,
55.68_37.66,2023-05-23 13:00:00,19.0,18.029966,rain,0.1,0.0,12.475961,25.56,66.85129,1003.18085,
55.68_37.66,2023-06-15 03:00:00,11.9,10.105204,none,0.0,0.0,7.7043357,12.24,73.94045,1002.9746,
55.68_37.66,2023-07-01 16:00:00,24.2,21.76295,none,0.0,0.0,18.193361,32.039997,42.62172,980.8069,
55.68_37.66,2023-09-17 11:00:00,14.1,12.4012985,none,0.0,0.0,7.6367526,18.359999,65.58688,1012.2972,
55.68_37.67,2023-04-03 07:00:00,5.1,2.5419645,none,0.0,16.0,7.5170207,13.32,91.30949,998.8269,
55.68_37.67,2023-04-21 13:00:00,14.7,11.268812,none,0.0,0.0,14.039999,28.44,32.561897,1000.0347,
55.68_37.67,2023-05-07 12:00:00,6.45,1.4912157,none,0.0,0.0,14.88242,29.88,42.158085,1013.5729,
55.68_37.67,2023-08-11 10:00:00,22.5,22.479465,rain,0.1,0.0,19.803272,35.28,75.24829,1005.6137,
55.68_37.68,2023-04-14 12:00:00,6.3,0.13503885,none,0.0,0.0,27.475807,47.519997,42.11318,1005.7896,
55.68_37.68,2023-04-20 20:00:00,7.9,4.4193993,none,0.0,0.0,8.427383,14.759999,53.971115,1003.17554,
55.68_37.68,2023-05-18 17:00:00,24.75,21.421438,none,0.0,0.0,11.928989,22.68,24.57485,1004.1236,
55.68_37.68,2023-06-19 09:00:00,17.25,14.571695,none,0.0,0.0,10.948973,23.039999,45.77242,1002.7119,
55.68_37.68,2023-08-06 10:00:00,26.4,28.490845,none,0.0,0.0,12.475961,23.759998,68.34336,1002.9306,
55.68_37.68,2023-09-11 16:00:00,18.55,17.199581,none,0.0,0.0,6.28713,13.679999,51.457577,1002.4862,
55.68_37.68,2023-09-17 14:00:00,17.4,14.641689,none,0.0,0.0,12.758432,25.919998,48.584194,1010.6158,
55.68_37.69,2023-05-03 17:00:00,13.25,8.974175,none,0.0,0.0,21.485697,37.8,58.767597,1004.2297,
55.68_37.69,2023-05-26 23:00:00,14.6,13.899582,none,0.0,0.0,6.6185193,10.799999,78.22568,996.97705,
55.68_37.69,2023-07-10 18:00:00,16.1,12.6443615,none,0.0,0.0,27.086262,46.079998,74.66804,995.43994,
55.68_37.69,2023-07-20 08:00:00,16.35,13.060787,none,0.0,0.0,26.052162,43.199997,73.73097,987.1266,
55.68_37.69,2023-09-01 08:00:00,17.0,16.395971,none,0.0,0.0,11.966954,20.880001,80.13271,1000.4113,
55.68_37.69,2023-09-18 15:00:00,15.45,13.971973,none,0.0,0.0,10.44,26.64,70.45244,1006.6157,
55.68_37.7,2023-05-15 22:00:00,10.45,8.123993,none,0.0,0.0,7.24486,10.440001,67.7924,1006.6496,
55.68_37.7,2023-08-27 15:00:00,20.95,19.606873,none,0.0,0.0,10.805998,22.68,52.092644,995.5593,
55.68_37.7,2023-09-01 18:00:00,24.5,24.204067,none,0.0,0.0,9.826088,19.08,50.49628,999.773,
55.68_37.72,2023-04-11 10:00:00,10.6,7.8291044,none,0.0,0.0,10.799999,21.599998,68.77496,1007.2037,
55.68_37.72,2023-06-10 17:00:00,14.4,9.5954075,none,0.0,0.0,19.813087,36.719997,40.979935,1009.8342,
55.68_37.74,2023-04-04 07:00:00,6.15,3.8159285,none,0.0,12.0,7.729527,13.679999,92.66138,997.8182,
55.68_37.74,2023-05-23 16:00:00,18.25,17.553286,none,0.0,0.0,10.948973,27.0,70.75414,1002.5732,
55.68_37.74,2023-08-16 13:00:00,24.5,23.793581,none,0.0,0.0,14.934577,29.519999,45.77476,1007.17633,
55.68_37.74,2023-08-31 20:00:00,19.7,18.896109,none,0.0,0.0,12.261157,19.8,65.698456,999.0833,
55.68_37.75,2023-03-27 17:00:00,7.8,3.4336529,none,0.0,23.0,17.811815,30.960001,67.46846,983.8148,
55.68_37.75,2023-05-09 19:00:00,7.65,4.123829,none,0.0,0.0,8.64,11.159999,54.498123,1010.6179,
55.68_37.75,2023-05-11 18:00:00,15.7,13.859848,none,0.0,0.0,5.1544156,27.72,51.042984,1004.4744,
55.68_37.75,2023-05-18 16:00:00,24.35,21.514637,none,0.0,0.0,9.605998,18.0,26.62923,1004.2994,
55.68_37.75,2023-08-02 15:00:00,25.15,25.794573,none,0.0,0.0,12.261157,22.68,58.35147,992.97565,
55.68_37.75,2023-08-11 21:00:00,21.65,23.848713,none,0.0,0.0,5.0528407,16.919998,80.000114,1002.4409,
55.68_37.76,2023-04-06 17:00:00,12.75,8.010892,none,0.0,1.0,19.08,33.48,44.81125,1006.3936,
55.68_37.76,2023-04-09 10:00:00,11.2,8.513055,none,0.0,0.0,8.4042845,19.44,60.344395,1009.88245,
55.68_37.76,2023-04-13 23:00:00,7.0,0.66644096,none,0.0,0.0,25.809765,44.28,48.259483,1001.1374,
55.68_37.76,2023-05-09 15:00:00,13.05,9.730757,none,0.0,0.0,4.5536795,14.04,30.556814,1011.66675,
55.68_37.76,2023-05-27 16:00:00,20.5,16.910837,none,0.0,0.0,18.388212,33.48,34.97299,998.0023,
55.68_37.76,2023-05-28 15:00:00,16.4,13.49556,rain,0.1,0.0,15.815435,38.519997,49.152386,1001.1099,
55.68_37.76,2023-06-24 22:00:00,14.1,13.691765,none,0.0,0.0,7.172949,10.440001,87.469986,996.633,
55.68_37.76,2023-07-04 10:00:00,23.0,21.138569,none,0.0,0.0,14.512064,28.44,39.261383,998.02606,
55.68_37.76,2023-07-23 11:00:00,21.6,20.702023,none,0.0,0.0,18.11841,35.28,59.79033,992.5219,
55.68_37.77,2023-05-13 04:00:00,8.7,5.399225,none,0.0,0.0,11.246759,19.8,66.238075,1004.9404,
55.68_37.77,2023-06-14 13:00:00,22.3,21.246048,none,0.0,0.0,13.281023,28.08,36.85709,1003.55273,
55.68_37.78,2023-04-23 08:00:00,13.1,11.200585,none,0.0,0.0,5.1165614,14.04,59.139935,999.0526,
55.68_37.78,2023-05-06 16:00:00,6.5,0.80078316,none,0.0,0.0,19.09358,36.0,37.75333,1008.7762,
55.68_37.78,2023-08-03 12:00:00,26.65,29.198883,none,0.0,0.0,12.72283,27.0,64.48206,993.6914,
55.68_37.78,2023-08-15 16:00:00,24.7,23.78916,none,0.0,0.0,15.137133,29.519999,51.375755,1003.9571,
55.68_37.83,2023-04-21 11:00:00,14.3,10.854896,none,0.0,0.0,13.397612,28.8,33.169296,998.86786,
55.68_37.83,2023-05-03 07:00:00,8.2,4.2799225,none,0.0,0.0,14.81259,30.960001,65.89311,1001.8677,
55.68_37.83,2023-08-22 19:00:00,15.75,15.452703,none,0.0,0.0,6.4096174,9.0,78.65598,993.5038,
55.68_37.84,2023-05-26 16:00:00,24.2,23.686964,none,0.0,0.0,5.5887027,17.28,39.072826,997.1406,
55.68_37.84,2023-06-18 16:00:00,23.15,20.557495,none,0.0,0.0,10.829959,23.4,32.902107,999.6418,
55.68_37.84,2023-08-19 17:00:00,26.45,27.313866,none,0.0,0.0,6.9527545,18.0,51.170517,1006.90546,
55.68_37.84,2023-08-26 18:00:00,17.15,15.782473,none,0.0,0.0,13.089354,29.16,70.54485,997.72797,
55.68_37.84,2023-09-14 19:00:00,15.0,13.419764,none,0.0,0.0,8.587338,13.679999,66.228386,1002.33057,
55.68_37.85,2023-05-12 18:00:00,19.65,17.10368,none,0.0,0.0,9.178235,19.08,38.3032,1003.186,
55.68_37.86,2023-03-27 18:00:00,6.9,3.1535726,rain,0.1,11.0,14.618837,28.8,76.21113,984.9278,
55.68_37.86,2023-04-09 20:00:00,8.95,6.389903,none,0.0,0.0,4.829907,7.92,60.221386,1008.58264,
55.68_37.86,2023-05-14 16:00:00,16.3,12.498417,none,0.0,0.0,14.05845,27.0,38.8255,1006.5765,
55.68_37.86,2023-06-02 19:00:00,20.1,18.991634,none,0.0,0.0,11.304229,25.919998,58.655582,990.40625,
55.68_37.86,2023-07-03 11:00:00,21.8,19.923544,none,0.0,0.0,22.782625,43.56,55.873524,988.1864,
55.68_37.86,2023-07-06 13:00:00,26.5,28.428997,none,0.0,0.0,7.172949,20.519999,50.36987,1003.1686,
55.68_37.86,2023-09-14 14:00:00,19.7,17.31218,none,0.0,0.0,12.783802,25.919998,46.774002,1003.1087,
55.68_37.93,2023-06-05 18:00:00,16.1,13.852322,none,0.0,0.0,10.805998,24.48,56.31367,1001.8235,
55.68_37.93,2023-08-12 15:00:00,23.8,22.230394,none,0.0,0.0,26.282463,31.68,63.666145,1000.7918,
55.69_37.14,2023-07-18 20:00:00,18.1,17.664501,rain,0.3,0.0,18.532133,32.399998,90.3822,975.6109,
55.69_37.27,2023-07-17 14:00:00,25.55,25.162552,none,0.0,0.0,8.654987,19.8,41.055874,990.5386,
55.69_37.27,2023-08-27 16:00:00,20.85,20.17664,none,0.0,0.0,7.145796,18.359999,54.003403,985.95245,
55.69_37.41,2023-06-01 12:00:00,19.35,14.89386,none,0.0,0.0,22.493519,43.92,39.433285,989.75464,
55.69_37.41,2023-06-09 15:00:00,22.0,17.347446,none,0.0,0.0,25.501621,45.0,36.143932,994.9321,
55.69_37.41,2023-06-25 01:00:00,11.9,11.059261,none,0.0,0.0,6.5693827,9.36,90.23249,994.5896,
55.69_37.42,2023-05-09 22:00:00,3.75,-0.54774237,none,0.0,0.0,11.384198,14.4,58.040947,1007.00464,
55.69_37.43,2023-04-21 15:00:00,15.6,11.18055,none,0.0,0.0,13.570615,30.239998,29.4034,994.5887,
55.69_37.43,2023-07-14 01:00:00,13.55,12.228737,none,0.0,0.0,12.24,21.96,87.41954,986.68713,
55.69_37.43,2023-08-05 09:00:00,24.2,25.694168,none,0.0,0.0,6.1305785,14.759999,63.35033,998.6233,
55.69_37.44,2023-04-20 07:00:00,7.9,4.8353376,none,0.0,0.0,8.825508,19.8,66.772514,1002.8465,
55.69_37.44,2023-07-01 21:00:00,19.25,18.55205,none,0.0,0.0,12.245294,26.64,68.89688,979.486,
55.69_37.46,2023-08-29 23:00:00,14.5,14.362181,none,0.0,0.0,4.5536795,7.5599995,83.29182,993.8104,
55.69_37.47,2023-05-07 20:00:00,3.75,-0.05948782,none,0.0,0.0,8.891343,14.4,62.530037,1008.8661,
55.69_37.47,2023-07-24 09:00:00,17.65,16.195475,none,0.0,0.0,13.684735,26.28,68.35211,989.25525,
55.69_37.47,2023-08-12 12:00:00,23.2,22.675482,none,0.0,0.0,17.581125,29.88,63.737953,996.5809,
55.69_37.47,2023-08-15 15:00:00,25.0,24.245907,none,0.0,0.0,15.175612,34.2,49.330204,1001.0786,
55.69_37.47,2023-09-06 19:00:00,14.35,9.929651,none,0.0,0.0,20.696087,36.719997,50.14589,997.9748,
55.69_37.48,2023-08-21 09:00:00,16.25,14.70369,none,0.0,0.0,13.779114,26.64,73.470245,999.2995,
55.69_37.49,2023-04-14 22:00:00,2.4,-4.16316,none,0.0,0.0,22.007162,38.16,35.49583,1004.964,
55.69_37.49,2023-08-09 05:00:00,17.1,16.870062,none,0.0,0.0,11.119281,17.28,83.326904,990.98016,
55.69_37.49,2023-09-17 10:00:00,12.55,11.233924,none,0.0,0.0,5.0142193,15.119999,72.55899,1007.88477,
55.69_37.5,2023-06-22 12:00:00,23.6,22.731892,none,0.0,0.0,11.5199995,25.919998,39.29879,995.20355,
55.69_37.52,2023-04-17 20:00:00,8.35,5.218745,none,0.0,0.0,6.696387,9.72,54.88468,1004.9791,
55.69_37.53,2023-04-14 08:00:00,0.75,-6.543734,none,0.0,0.0,28.503725,49.68,49.620674,996.8276,
55.69_37.53,2023-09-14 11:00:00,17.75,16.135756,none,0.0,0.0,10.495713,23.039999,59.065823,997.0955,
55.69_37.54,2023-04-06 16:00:00,12.65,7.7734146,none,0.0,1.0,19.576189,34.2,43.824932,1000.2726,
55.69_37.54,2023-05-30 16:00:00,21.0,18.64225,none,0.0,0.0,4.3349743,12.599999,29.245842,992.5492,
55.69_37.54,2023-06-01 18:00:00,19.05,17.449272,none,0.0,0.0,9.085988,18.0,51.94004,986.0755,
55.69_37.54,2023-07-07 14:00:00,27.65,29.549149,none,0.0,0.0,10.739832,30.239998,60.055046,992.8176,
55.69_37.54,2023-08-02 16:00:00,24.95,24.943722,rain,0.2,0.0,13.755579,27.359999,56.833824,986.68036,
55.69_37.55,2023-04-06 19:00:00,7.2,2.0223246,none,0.0,1.0,17.713316,29.16,46.89891,1001.49426,
55.69_37.55,2023-04-21 12:00:00,14.05,10.445109,none,0.0,0.0,14.182355,29.519999,33.09579,993.1481,
55.69_37.55,2023-05-04 10:00:00,10.25,7.7949877,none,0.0,0.0,4.2136917,15.119999,47.08505,1002.6073,
55.69_37.55,2023-05-11 14:00:00,16.85,12.530048,none,0.0,0.0,20.774214,23.039999,40.81867,999.7201,
55.69_37.55,2023-05-12 15:00:00,20.75,17.264671,none,0.0,0.0,10.587917,23.759998,27.160753,998.58405,
55.69_37.55,2023-05-18 10:00:00,22.3,20.218111,none,0.0,0.0,13.1041975,26.28,38.533222,999.2335,
55.69_37.55,2023-06-13 13:00:00,20.05,17.5113,none,0.0,0.0,18.709612,38.16,36.592262,1000.3912,
55.69_37.55,2023-07-15 16:00:00,18.75,17.07497,none,0.0,0.0,15.629971,32.039997,64.63883,989.0087,
55.69_37.55,2023-07-31 22:00:00,17.35,17.196436,none,0.0,0.0,8.161764,13.679999,76.86119,988.55756,
55.69_37.55,2023-09-19 13:00:00,18.75,17.824293,none,0.0,0.0,14.408997,29.88,72.2456,996.69275,
55.69_37.56,2023-08-23 15:00:00,19.6,17.731411,rain,0.1,0.0,17.174677,32.760002,61.70996,988.0852,
55.69_37.56,2023-09-20 08:00:00,16.5,13.886602,none,0.0,0.0,18.919704,32.760002,67.44146,994.2331,
55.69_37.57,2023-05-03 13:00:00,12.15,8.392883,rain,0.1,0.0,19.376562,37.8,67.446976,996.5603,
55.69_37.57,2023-06-26 03:00:00,13.35,12.536968,none,0.0,0.0,7.289444,10.440001,84.549225,993.60815,
55.69_37.58,2023-05-11 18:00:00,14.55,13.474916,none,0.0,0.0,3.6179552,12.599999,64.35945,999.7009,
55.69_37.58,2023-05-23 12:00:00,18.55,17.348999,none,0.0,0.0,12.599998,28.08,65.88504,998.5027,
55.69_37.58,2023-07-10 18:00:00,16.05,12.355206,rain,0.1,0.0,28.19285,48.96,73.67847,991.0916,
55.69_37.58,2023-07-22 12:00:00,21.55,19.3124,none,0.0,0.0,21.602999,39.96,47.12532,991.1936,
55.69_37.58,2023-08-17 06:00:00,17.1,18.077032,none,0.0,0.0,5.154415,10.440001,88.30582,1002.90936,
55.69_37.58,2023-08-30 13:00:00,19.75,20.353477,none,0.0,0.0,3.396233,14.759999,60.139225,994.38116,
55.69_37.58,2023-08-31 12:00:00,22.8,22.42431,none,0.0,0.0,15.1884165,30.960001,59.685963,994.88715,
55.69_37.59,2023-07-04 19:00:00,23.3,23.36412,none,0.0,0.0,5.4833565,21.599998,51.512547,994.13776,
55.69_37.59,2023-08-03 16:00:00,27.9,27.89418,none,0.0,0.0,12.371645,23.039999,46.398884,988.0915,
55.69_37.59,2023-09-03 19:00:00,18.8,18.179924,none,0.0,0.0,6.162207,7.5599995,60.113228,998.75854,
55.69_37.6,2023-04-01 01:00:00,0.4,-2.1878743,snow,0.6,20.0,3.5455887,7.5599995,99.63918,982.8276,
55.69_37.61,2023-05-28 22:00:00,10.15,7.6104364,none,0.0,0.0,8.14587,18.359999,67.25702,999.7933,
55.69_37.61,2023-06-28 14:00:00,20.8,17.508955,none,0.0,0.0,23.78453,45.36,49.67636,989.47833,
55.69_37.61,2023-07-10 22:00:00,14.95,11.8046,none,0.0,0.0,21.288757,37.079998,71.30572,992.83527,
55.69_37.61,2023-08-29 06:00:00,10.4,7.9394608,none,0.0,0.0,11.525623,19.8,79.195274,995.5754,
55.69_37.61,2023-09-15 16:00:00,19.2,17.506607,none,0.0,0.0,7.42159,18.359999,47.114918,1003.0367,
55.69_37.62,2023-04-02 04:00:00,3.5,-0.09536028,none,0.0,17.0,13.324863,23.759998,95.17312,993.96893,
55.69_37.62,2023-04-03 17:00:00,12.2,9.913971,none,0.0,9.0,6.1305785,19.8,57.89487,997.742,
55.69_37.62,2023-05-18 16:00:00,24.5,21.569572,none,0.0,0.0,10.805999,21.599998,26.391125,1004.1924,
55.69_37.62,2023-06-18 16:00:00,24.15,22.633839,none,0.0,0.0,7.6367526,18.359999,29.71798,1000.0235,
55.69_37.62,2023-06-22 00:00:00,12.05,9.741158,none,0.0,0.0,7.7043357,9.0,62.697357,1001.55426,
55.69_37.62,2023-06-28 13:00:00,18.65,16.236319,none,0.0,0.0,16.071491,29.88,56.00922,992.1359,
55.69_37.62,2023-07-30 12:00:00,21.05,19.469831,rain,0.2,0.0,19.171478,36.0,59.660217,990.5075,
55.69_37.62,2023-08-28 16:00:00,19.95,18.548557,none,0.0,0.0,6.193674,20.16,46.368656,995.4022,
55.69_37.62,2023-09-04 15:00:00,21.35,19.717737,none,0.0,0.0,10.514218,21.96,47.070442,1006.0449,
55.69_37.62,2023-09-11 11:00:00,17.85,18.003756,none,0.0,0.0,1.2979984,14.04,63.170105,1001.3368,
55.69_37.63,2023-04-29 17:00:00,12.2,8.333736,none,0.0,1.0,10.483357,20.880001,38.742775,1002.86536,
55.69_37.63,2023-05-12 10:00:00,17.2,16.878012,none,0.0,0.0,4.896529,16.56,55.452713,1007.1983,
55.69_37.66,2023-07-27 14:00:00,23.3,24.353113,none,0.0,0.0,10.829959,22.319998,64.78416,991.8231,
55.69_37.66,2023-08-23 11:00:00,18.5,17.070913,rain,0.1,0.0,18.1041,34.2,73.86292,994.3893,
55.69_37.67,2023-04-21 19:00:00,12.75,8.309801,none,0.0,0.0,15.158522,28.8,39.477547,998.4211,
55.69_37.67,2023-04-22 13:00:00,13.85,9.73947,none,0.0,0.0,13.358861,26.28,37.969574,996.81805,
55.69_37.69,2023-08-23 15:00:00,19.45,17.782549,rain,0.1,0.0,15.575981,32.760002,61.87895,993.93823,
55.69_37.71,2023-06-13 18:00:00,20.7,17.020771,none,0.0,0.0,14.471821,28.08,31.640057,1006.0124,
55.69_37.72,2023-04-08 18:00:00,8.0,4.6428213,none,0.0,1.0,8.350138,11.879999,56.613747,1009.9949,
55.69_37.72,2023-04-20 17:00:00,15.2,10.131916,none,0.0,0.0,17.174677,33.12,28.115723,1004.2785,
55.69_37.72,2023-05-12 08:00:00,14.3,12.847862,none,0.0,0.0,5.8603754,16.56,64.523094,1007.36566,
55.69_37.72,2023-09-12 18:00:00,17.1,16.487717,none,0.0,0.0,4.8965297,12.959999,64.2761,1006.34534,
55.69_37.72,2023-09-27 14:00:00,18.45,16.602093,none,0.0,0.0,10.966713,23.759998,54.28972,1015.48126,
55.69_37.73,2023-09-04 17:00:00,21.1,19.404675,none,0.0,0.0,11.525623,20.519999,48.768734,1006.24646,
55.69_37.74,2023-05-29 16:00:00,20.25,16.699974,none,0.0,0.0,13.979872,24.84,33.226334,1003.39996,
55.69_37.74,2023-07-23 16:00:00,20.1,17.195433,none,0.0,0.0,22.238562,38.16,56.186874,992.8852,
55.69_37.74,2023-08-24 07:00:00,13.0,12.908731,none,0.0,0.0,6.12,13.679999,97.097404,995.88477,
55.69_37.75,2023-03-31 21:00:00,0.8,-2.0758796,snow,0.3,10.0,5.95906,11.5199995,99.64036,986.5055,
55.69_37.79,2023-04-29 14:00:00,10.5,5.7773514,rain,0.1,1.0,18.35647,34.2,49.970898,1000.35065,
55.69_37.82,2023-04-17 11:00:00,11.95,8.382151,none,0.0,0.0,9.227524,21.24,41.759132,1012.41486,
55.69_37.83,2023-05-03 08:00:00,8.95,4.7318573,rain,1.8,0.0,18.971008,34.2,70.387955,1001.186,
55.69_37.83,2023-06-19 18:00:00,20.75,18.08744,none,0.0,0.0,7.69592,15.4800005,31.878496,998.87286,
55.69_37.83,2023-07-31 16:00:00,24.25,23.198648,none,0.0,0.0,10.829959,21.599998,44.809654,992.0793,
55.69_37.85,2023-04-17 09:00:00,7.0,4.0463905,none,0.0,0.0,5.634891,14.4,60.832394,1011.6835,
55.69_37.85,2023-06-20 18:00:00,20.75,18.284847,none,0.0,0.0,15.941944,43.56,48.347954,996.1174,
55.69_37.85,2023-07-17 16:00:00,25.85,25.311466,none,0.0,0.0,9.3669195,21.599998,41.139732,997.55493,
55.69_37.86,2023-07-31 16:00:00,24.25,23.198648,none,0.0,0.0,10.829959,21.599998,44.809654,992.19305,
55.69_37.86,2023-09-12 08:00:00,12.25,11.317835,none,0.0,0.0,5.634891,15.119999,83.580666,1004.3881,
55.69_37.92,2023-04-12 13:00:00,16.2,13.490934,none,0.0,0.0,8.942214,21.96,33.970974,1002.27875,
55.69_37.92,2023-09-25 19:00:00,14.2,12.8681755,none,0.0,0.0,7.342588,12.959999,70.92412,1015.8128,
55.69_37.95,2023-09-19 07:00:00,8.75,6.5652447,none,0.0,0.0,10.630672,17.28,92.17624,1007.11456,
55.6_37.11,2023-04-17 20:00:00,8.25,4.912958,none,0.0,0.0,7.145796,12.24,51.559563,1004.1951,
55.6_37.12,2023-05-26 18:00:00,23.45,21.95283,none,0.0,0.0,8.64,18.72,40.058826,991.13275,
55.6_37.19,2023-06-06 14:00:00,17.75,14.536741,none,0.0,0.0,14.869351,30.960001,45.43924,997.32544,
55.6_37.2,2023-09-03 23:00:00,13.25,12.57114,none,0.0,0.0,5.8603754,9.72,83.69812,998.9491,
55.6_37.21,2023-07-06 10:00:00,24.4,25.427511,none,0.0,0.0,8.217153,21.24,57.064518,999.7488,
55.6_37.29,2023-05-27 08:00:00,16.15,13.992931,none,0.0,0.0,10.948973,24.119999,57.883186,989.74677,
55.6_37.29,2023-08-17 12:00:00,25.75,27.169697,none,0.0,0.0,6.489992,19.08,49.85018,999.11786,
55.6_37.3,2023-07-23 22:00:00,15.15,14.223814,none,0.0,0.0,9.422101,19.08,78.56753,986.04443,
55.6_37.32,2023-06-10 23:00:00,9.35,4.641202,none,0.0,0.0,17.566378,34.2,51.4882,1007.14124,
55.6_37.32,2023-06-11 05:00:00,7.45,4.346961,none,0.0,0.0,10.464797,21.24,74.441795,1007.81647,
55.6_37.32,2023-08-16 05:00:00,14.3,13.867622,none,0.0,0.0,9.726664,16.56,92.49796,1002.9429,
55.6_37.32,2023-08-31 17:00:00,24.2,23.505072,none,0.0,0.0,11.966954,26.28,50.581814,992.75275,
55.6_37.33,2023-06-03 10:00:00,10.15,7.385294,rain,0.1,0.0,14.77755,29.519999,84.47465,989.8039,
55.6_37.33,2023-06-04 15:00:00,13.95,9.808472,none,0.0,0.0,15.03835,33.48,41.58987,1001.3411,
55.6_37.35,2023-05-26 16:00:00,23.95,22.62387,none,0.0,0.0,7.2805495,19.08,38.609802,990.7815,
55.6_37.35,2023-05-30 22:00:00,12.9,10.495209,none,0.0,0.0,8.435069,12.599999,59.502975,990.2985,
55.6_37.35,2023-06-15 18:00:00,24.4,22.291096,none,0.0,0.0,10.00256,23.039999,33.945503,993.1463,
55.6_37.35,2023-07-03 20:00:00,20.1,18.677313,none,0.0,0.0,7.8625183,22.68,48.66077,986.4497,
55.6_37.35,2023-09-24 19:00:00,19.2,16.79481,none,0.0,0.0,14.145756,25.919998,50.59535,1000.7747,
55.6_37.36,2023-03-30 19:00:00,0.2,-4.2517576,none,0.0,1.0,13.246826,28.44,80.25898,989.31116,
55.6_37.36,2023-05-06 06:00:00,-1.15,-5.670199,none,0.0,0.0,12.496718,27.0,79.461494,1001.04846,
55.6_37.36,2023-07-02 22:00:00,16.15,15.470171,none,0.0,0.0,7.4128532,13.32,72.968025,980.2942,
55.6_37.48,2023-09-12 16:00:00,18.75,17.160913,none,0.0,0.0,6.792466,16.56,48.621952,996.0928,
55.6_37.5,2023-04-17 12:00:00,12.15,8.096061,none,0.0,0.0,10.883676,24.48,36.242584,1001.185,
55.6_37.51,2023-04-03 01:00:00,5.0,2.5534368,none,0.0,0.0,6.6185193,11.159999,91.30278,987.4915,
55.6_37.51,2023-04-26 01:00:00,10.45,8.563939,rain,0.7,0.0,11.609651,20.519999,92.276924,980.5029,
55.6_37.51,2023-08-27 11:00:00,18.25,18.635324,none,0.0,0.0,3.8773184,14.4,71.45145,986.5853,
55.6_37.52,2023-03-31 09:00:00,1.6,-3.3196151,none,0.0,1.0,16.904673,33.48,75.302376,980.4084,
55.6_37.53,2023-04-01 13:00:00,6.75,2.6917248,none,0.0,2.0,13.854155,30.599998,64.63076,980.4306,
55.6_37.53,2023-04-17 16:00:00,13.2,9.255656,none,0.0,0.0,7.8954163,20.16,27.645376,1002.94855,
55.6_37.53,2023-05-17 21:00:00,16.05,13.981285,none,0.0,0.0,8.350138,14.04,53.664474,996.94025,
55.6_37.54,2023-03-28 07:00:00,-1.7,-4.4824677,none,0.0,4.0,2.52,6.4799995,97.81515,982.8707,
55.6_37.54,2023-04-09 21:00:00,4.4,0.9488554,none,0.0,0.0,10.1887,11.5199995,78.56943,998.048,
55.6_37.54,2023-06-20 17:00:00,21.25,17.425787,none,0.0,0.0,21.605999,43.92,40.80609,985.05634,
55.6_37.54,2023-09-24 17:00:00,22.35,19.67408,none,0.0,0.0,17.193533,35.64,43.54529,996.2923,
55.6_37.59,2023-04-06 08:00:00,5.6,1.2279873,none,0.0,0.0,17.429354,32.760002,76.537834,1000.62897,
55.6_37.59,2023-04-22 12:00:00,13.2,8.918316,none,0.0,0.0,14.689589,30.960001,40.04394,989.5819,
55.6_37.59,2023-05-11 09:00:00,13.75,11.883486,none,0.0,0.0,6.489992,16.919998,60.958733,1000.1222,
55.6_37.59,2023-06-13 12:00:00,18.8,15.995911,none,0.0,0.0,20.478907,40.32,39.688126,1002.0743,
55.6_37.59,2023-06-14 10:00:00,19.75,18.42597,none,0.0,0.0,11.165805,24.48,47.750145,997.4593,
55.6_37.59,2023-07-30 10:00:00,19.35,18.36165,none,0.0,0.0,16.563911,30.960001,72.82357,984.2444,
55.6_37.59,2023-08-20 13:00:00,25.55,27.297226,rain,0.3,0.0,9.6932955,25.919998,65.26135,995.0389,
55.6_37.59,2023-09-01 10:00:00,21.15,20.824923,none,0.0,0.0,11.384198,24.48,64.11198,994.9689,
55.6_37.6,2023-04-13 06:00:00,5.8,1.8435383,none,0.0,0.0,12.72283,20.519999,67.036354,993.34894,
55.6_37.6,2023-05-04 17:00:00,13.0,9.289292,none,0.0,0.0,8.350138,16.199999,33.774372,1001.3658,
55.6_37.6,2023-06-17 17:00:00,26.15,24.134483,none,0.0,0.0,7.172949,20.880001,27.882639,993.31305,
55.6_37.6,2023-08-09 15:00:00,24.35,24.545893,rain,0.1,0.0,9.957108,24.84,55.78327,992.67267,
55.6_37.6,2023-09-07 14:00:00,16.15,10.496837,none,0.0,0.0,27.691935,49.32,41.341602,1000.8808,
55.6_37.6,2023-09-13 16:00:00,19.3,17.470491,none,0.0,0.0,7.5170207,17.28,45.250553,1000.63666,
55.6_37.6,2023-09-25 09:00:00,15.2,14.212412,none,0.0,0.0,13.53236,25.199999,87.284645,1006.3173,
55.6_37.61,2023-03-31 17:00:00,4.9,0.6862774,none,0.0,3.0,13.755579,27.359999,67.82115,982.54346,
55.6_37.61,2023-07-09 12:00:00,23.35,22.80511,none,0.0,0.0,13.75558,27.359999,47.302704,991.1319,
55.6_37.61,2023-07-18 19:00:00,17.85,18.184212,rain,2.2,0.0,14.404499,32.399998,94.175804,979.0007,
55.6_37.61,2023-08-23 14:00:00,19.65,17.872862,none,0.0,0.0,17.10284,37.8,62.538506,987.7138,
55.6_37.61,2023-09-04 08:00:00,16.8,16.708187,none,0.0,0.0,7.386582,17.64,78.809555,1001.33984,
55.6_37.61,2023-09-05 11:00:00,20.2,18.942139,none,0.0,0.0,9.449572,21.599998,50.692585,1003.33875,
55.6_37.61,2023-09-14 07:00:00,11.2,9.629549,none,0.0,0.0,8.161764,15.84,83.73893,999.61475,
55.6_37.62,2023-03-30 17:00:00,2.2,-2.517488,none,0.0,3.0,16.363178,30.239998,77.0878,990.6268,
55.6_37.62,2023-05-06 12:00:00,6.1,1.2721815,snow,0.2,0.0,18.875126,37.8,41.73414,1002.99,
55.6_37.62,2023-06-07 13:00:00,21.55,18.589897,none,0.0,0.0,23.535301,45.36,42.162193,997.1861,
55.6_37.63,2023-04-12 11:00:00,14.35,11.352408,none,0.0,0.0,10.383987,22.68,44.157883,997.1108,
55.6_37.63,2023-05-18 12:00:00,23.5,22.619476,none,0.0,0.0,9.6932955,24.119999,33.229626,1001.8813,
55.6_37.63,2023-05-30 21:00:00,15.95,12.826332,none,0.0,0.0,12.287555,21.96,46.36915,994.3396,
55.6_37.64,2023-06-20 06:00:00,14.35,11.9667225,none,0.0,0.0,12.245293,20.16,64.31479,993.8782,
55.6_37.66,2023-05-07 18:00:00,7.35,2.5078945,none,0.0,0.0,12.904882,24.84,36.167156,1008.59155,
55.6_37.66,2023-05-31 00:00:00,12.45,10.087245,none,0.0,0.0,8.891344,13.679999,63.44614,993.06354,
55.6_37.67,2023-03-28 11:00:00,7.55,4.1444654,none,0.0,14.0,10.685391,23.039999,66.45827,990.5044,
55.6_37.67,2023-04-10 03:00:00,2.0,-1.5633004,none,0.0,0.0,7.7879906,12.24,74.2694,1006.17706,
55.6_37.67,2023-05-17 08:00:00,15.15,13.722265,none,0.0,0.0,5.6920996,14.759999,61.08238,1005.29785,
55.6_37.67,2023-06-15 13:00:00,24.65,23.741488,none,0.0,0.0,13.608762,29.519999,35.192276,997.8349,
55.6_37.67,2023-07-08 13:00:00,21.65,21.93945,rain,0.1,0.0,14.986553,29.519999,74.8721,995.63464,
55.6_37.71,2023-08-29 18:00:00,16.05,16.194624,none,0.0,0.0,3.6,10.08,77.672264,992.26135,
55.6_37.72,2023-04-19 12:00:00,15.2,11.426741,none,0.0,0.0,16.965895,34.92,36.346878,1004.77106,
55.6_37.72,2023-05-08 15:00:00,10.05,6.048956,none,0.0,0.0,8.905908,19.8,36.156174,1010.0699,
55.6_37.72,2023-05-20 11:00:00,13.75,9.809099,none,0.0,0.0,18.532133,37.44,55.13294,1004.74225,
55.6_37.72,2023-06-09 18:00:00,18.6,15.879477,none,0.0,0.0,17.698677,44.639996,55.2497,994.9676,
55.6_37.72,2023-06-30 15:00:00,17.9,17.290672,rain,0.3,0.0,8.654986,21.24,68.8543,977.17694,
55.6_37.72,2023-07-03 15:00:00,24.05,21.353323,none,0.0,0.0,21.897945,41.760002,36.728577,986.2226,
55.6_37.72,2023-09-21 21:00:00,16.05,16.156837,none,0.0,0.0,6.379216,9.72,83.474686,1000.32684,
55.6_37.73,2023-04-18 10:00:00,12.2,10.490976,none,0.0,0.0,3.319036,14.04,55.309284,1004.432,
55.6_37.73,2023-04-26 08:00:00,9.75,6.9070272,rain,0.7,0.0,17.339897,30.599998,93.807884,980.77716,
55.6_37.73,2023-06-26 16:00:00,24.05,21.507639,none,0.0,0.0,12.641076,25.56,34.19523,992.29175,
55.6_37.73,2023-07-17 06:00:00,17.25,17.64718,none,0.0,0.0,8.217153,16.199999,85.523895,995.17883,
55.6_37.73,2023-07-29 21:00:00,14.3,14.11717,none,0.0,0.0,6.519877,12.24,88.645004,985.9775,
55.6_37.73,2023-08-17 16:00:00,26.2,26.666815,none,0.0,0.0,5.1919937,13.679999,46.388653,1002.8577,
55.6_37.73,2023-08-24 11:00:00,15.7,15.011654,rain,0.2,0.0,8.435069,18.72,77.36313,991.4681,
55.6_37.73,2023-09-19 13:00:00,18.75,17.70207,none,0.0,0.0,14.408997,27.0,70.6181,997.8183,
55.6_37.74,2023-04-21 07:00:00,7.25,3.634304,none,0.0,0.0,9.504273,19.8,57.03856,996.8269,
55.6_37.74,2023-06-05 14:00:00,15.5,12.384768,rain,0.4,0.0,16.923828,35.64,58.916767,998.7796,
55.6_37.74,2023-07-06 19:00:00,24.8,25.614847,none,0.0,0.0,7.7043357,16.199999,56.979256,997.92664,
55.6_37.75,2023-04-18 10:00:00,10.8,8.97977,none,0.0,0.0,2.5959969,11.159999,62.405006,1003.4181,
55.6_37.76,2023-05-27 09:00:00,17.85,15.966383,none,0.0,0.0,13.513193,26.64,61.10005,993.55457,
55.71_37.09,2023-04-18 18:00:00,11.4,8.178732,none,0.0,0.0,9.659814,16.919998,52.050373,1005.1948,
55.71_37.1,2023-08-16 12:00:00,24.25,24.145264,none,0.0,0.0,12.371645,27.359999,49.776638,1006.0745,
55.71_37.27,2023-06-20 10:00:00,21.4,17.914183,none,0.0,0.0,17.581125,36.36,37.623325,992.7164,
55.71_37.38,2023-07-30 13:00:00,21.65,20.64535,rain,0.1,0.0,16.992609,35.28,55.836014,986.9523,
55.71_37.39,2023-03-25 20:00:00,6.35,2.9492006,none,0.0,21.0,15.484185,31.319998,93.31865,982.5873,
55.71_37.39,2023-04-16 16:00:00,12.05,7.255743,none,0.0,0.0,12.475961,28.08,26.086939,1009.5324,
55.71_37.39,2023-04-24 08:00:00,14.55,11.77783,none,0.0,0.0,9.531505,20.519999,49.85035,997.06854,
55.71_37.39,2023-05-18 04:00:00,10.95,8.615642,none,0.0,0.0,10.823973,18.0,76.87406,1001.58966,
55.71_37.39,2023-05-24 17:00:00,20.2,19.653427,none,0.0,0.0,9.0,19.8,61.041958,995.99426,
55.71_37.39,2023-08-29 13:00:00,14.15,12.927725,none,0.0,0.0,9.585739,19.08,78.94323,993.90405,
55.71_37.39,2023-09-01 19:00:00,21.5,21.46489,none,0.0,0.0,7.10031,11.5199995,58.992245,995.0505,
55.71_37.39,2023-09-14 13:00:00,19.45,17.118084,none,0.0,0.0,13.1041975,28.08,48.81317,999.7704,
55.71_37.39,2023-09-14 17:00:00,18.75,16.3751,none,0.0,0.0,11.841756,25.199999,47.963364,999.23376,
55.71_37.4,2023-04-05 14:00:00,13.75,10.718271,none,0.0,1.0,12.7279215,27.72,54.55934,1000.56866,
55.71_37.4,2023-04-22 23:00:00,5.75,2.1942644,none,0.0,0.0,8.891343,10.440001,62.321968,992.79895,
55.71_37.41,2023-05-23 08:00:00,16.5,14.956312,none,0.0,0.0,11.384199,21.599998,66.993195,1001.0428,
55.71_37.41,2023-05-26 18:00:00,21.85,21.80153,none,0.0,0.0,5.8048253,12.959999,55.52091,995.1741,
55.71_37.41,2023-06-29 14:00:00,20.3,17.705519,rain,0.4,0.0,19.8,47.519997,54.94682,983.7508,
55.71_37.41,2023-07-27 18:00:00,24.1,24.806458,none,0.0,0.0,10.390226,26.64,62.132133,986.4305,
55.71_37.46,2023-05-29 21:00:00,14.25,11.54374,none,0.0,0.0,10.137692,16.199999,53.56058,1000.37195,
55.71_37.46,2023-07-03 19:00:00,21.65,19.128267,none,0.0,0.0,15.119999,32.399998,43.79072,990.9369,
55.71_37.46,2023-07-15 13:00:00,16.0,14.870411,rain,0.4,0.0,16.79314,38.519997,88.21204,991.4755,
55.71_37.47,2023-04-13 17:00:00,13.25,7.1163483,none,0.0,0.0,27.07669,45.719997,39.052837,995.8294,
55.71_37.47,2023-08-18 09:00:00,23.85,25.139475,none,0.0,0.0,5.00128,13.679999,61.09328,1005.1495,
55.71_37.48,2023-04-22 13:00:00,13.85,9.927821,none,0.0,0.0,12.224107,27.0,38.385456,992.43256,
55.71_37.48,2023-05-22 13:00:00,16.25,15.813059,none,0.0,0.0,8.942214,20.16,79.76776,1003.7173,
55.71_37.48,2023-08-06 22:00:00,23.8,24.102789,none,0.0,0.0,12.738099,21.96,62.661034,996.7176,
55.71_37.49,2023-06-14 18:00:00,23.0,19.712727,none,0.0,0.0,13.891522,27.0,30.654585,999.8921,
55.71_37.49,2023-07-19 06:00:00,14.85,12.094194,rain,4.0,0.0,27.210379,52.92,93.13203,976.5751,
55.71_37.5,2023-04-01 17:00:00,7.1,2.075369,none,0.0,16.0,19.523155,33.839996,59.11485,989.23364,
55.71_37.5,2023-05-16 18:00:00,18.05,14.899145,none,0.0,0.0,12.682018,28.44,41.02113,1005.197,
55.71_37.5,2023-07-05 11:00:00,24.3,23.135077,none,0.0,0.0,14.021525,25.56,48.663944,1000.4429,
55.71_37.51,2023-04-22 13:00:00,13.85,9.927821,none,0.0,0.0,12.224107,27.0,38.385456,993.72797,
55.71_37.51,2023-05-17 18:00:00,22.2,19.133877,none,0.0,0.0,13.324863,25.56,33.66829,1001.3871,
55.71_37.51,2023-06-06 06:00:00,11.45,9.337189,none,0.0,0.0,10.1376915,19.8,76.95408,1000.3075,
55.71_37.51,2023-08-10 19:00:00,20.1,19.750082,none,0.0,0.0,8.913181,10.08,63.67301,1002.29706,
55.71_37.51,2023-08-20 15:00:00,25.1,26.389038,rain,4.0,0.0,7.10031,26.64,59.46318,995.92615,
55.71_37.51,2023-08-29 12:00:00,14.45,13.081865,rain,0.2,0.0,10.383987,19.08,76.91187,992.27936,
55.71_37.51,2023-09-25 16:00:00,17.6,15.5349655,none,0.0,0.0,11.726277,22.68,55.74307,1010.90894,
55.71_37.52,2023-04-06 18:00:00,11.2,6.6249924,none,0.0,1.0,17.786331,33.48,49.09537,1000.95135,
55.71_37.52,2023-04-28 18:00:00,9.7,5.9333563,none,0.0,0.0,18.899143,34.92,77.47153,991.1522,
55.71_37.52,2023-08-30 20:00:00,15.9,15.158115,none,0.0,0.0,7.628263,16.199999,73.65214,993.85443,
55.71_37.53,2023-05-16 21:00:00,13.6,11.044274,none,0.0,0.0,9.178235,14.4,56.062233,1000.8144,
55.71_37.53,2023-08-16 13:00:00,25.15,24.427067,none,0.0,0.0,13.979871,29.519999,44.17764,1003.0987,
55.71_37.54,2023-04-15 14:00:00,6.4,0.7450471,none,0.0,0.0,19.559633,37.44,35.879204,1007.85376,
55.71_37.56,2023-04-21 23:00:00,7.7,3.996767,none,0.0,0.0,10.514218,23.4,56.948067,991.8401,
55.71_37.56,2023-04-23 14:00:00,17.7,14.005903,none,0.0,0.0,11.966953,24.119999,32.724728,1000.7197,
55.71_37.56,2023-07-11 14:00:00,17.0,14.22463,none,0.0,0.0,18.36353,36.36,61.7239,988.7924,
55.71_37.58,2023-04-27 19:00:00,14.15,12.019669,none,0.0,0.0,9.178235,14.04,61.68558,992.31445,
55.71_37.58,2023-06-22 15:00:00,24.4,24.03854,none,0.0,0.0,7.342588,28.08,35.60168,997.3549,
55.71_37.58,2023-07-11 19:00:00,14.2,11.067184,rain,0.2,0.0,20.06334,36.0,71.88634,991.64996,
55.71_37.58,2023-07-17 16:00:00,26.35,25.495872,none,0.0,0.0,5.4477882,17.64,35.198177,995.05054,
55.71_37.58,2023-07-21 15:00:00,20.85,18.132149,none,0.0,0.0,16.418526,32.760002,43.714367,988.1061,
55.71_37.58,2023-07-21 17:00:00,20.85,18.237833,none,0.0,0.0,15.111424,30.239998,44.916756,988.4333,
55.71_37.58,2023-08-01 23:00:00,18.0,19.069633,none,0.0,0.0,7.928178,13.32,90.37516,992.9799,
55.71_37.58,2023-08-02 22:00:00,19.7,21.249933,none,0.0,0.0,6.792466,11.879999,85.23288,991.3129,
55.71_37.58,2023-09-03 05:00:00,12.8,12.273331,none,0.0,0.0,8.766573,14.759999,97.41222,1001.40234,
55.71_37.59,2023-04-14 15:00:00,7.55,0.69481754,none,0.0,0.0,27.362368,47.88,31.653381,1003.7204,
55.71_37.59,2023-04-17 01:00:00,2.85,-1.1468265,none,0.0,0.0,8.4042845,14.04,56.725994,1009.35724,
55.71_37.59,2023-05-27 11:00:00,20.1,18.002195,none,0.0,0.0,17.581125,34.2,41.750973,996.3305,
55.71_37.59,2023-06-06 19:00:00,18.55,15.778109,none,0.0,0.0,12.849528,27.0,45.195255,999.7794,
55.71_37.59,2023-06-19 18:00:00,21.4,18.390759,none,0.0,0.0,8.4963045,19.08,28.033573,997.4891,
55.71_37.59,2023-07-06 11:00:00,25.6,26.956612,none,0.0,0.0,8.766573,23.039999,53.12435,1002.1262,
55.71_37.59,2023-07-24 08:00:00,15.95,14.770304,none,0.0,0.0,12.24,23.039999,77.14725,990.7004,
55.71_37.59,2023-08-25 18:00:00,17.9,16.223246,none,0.0,0.0,1.1384199,10.440001,38.469433,997.46204,
55.71_37.59,2023-09-02 22:00:00,15.85,16.233421,rain,0.5,0.0,9.360001,14.759999,95.92083,1000.64935,
55.71_37.59,2023-09-07 11:00:00,13.95,9.236755,none,0.0,0.0,24.633049,44.28,56.543205,1004.632,
55.71_37.6,2023-05-17 13:00:00,22.3,20.762932,none,0.0,0.0,12.605142,28.8,33.93116,1004.3681,
55.71_37.6,2023-06-04 12:00:00,13.45,9.890677,none,0.0,0.0,16.954432,32.760002,49.197475,1002.02637,
55.71_37.6,2023-06-14 12:00:00,22.1,20.864044,none,0.0,0.0,13.891522,29.519999,36.422348,1001.23016,
55.71_37.6,2023-07-14 15:00:00,18.2,17.871319,none,0.0,0.0,9.007196,19.8,72.14569,991.5006,
55.71_37.6,2023-08-10 11:00:00,23.1,23.076931,none,0.0,0.0,9.0,23.039999,53.171864,1004.5665,
55.71_37.61,2023-09-20 08:00:00,14.35,11.641577,none,0.0,0.0,18.58451,32.760002,74.867966,999.0856,
55.71_37.62,2023-04-11 17:00:00,13.8,12.304268,none,0.0,0.0,3.096837,8.28,58.497616,1001.2773,
55.71_37.62,2023-04-26 15:00:00,14.75,10.401398,rain,0.2,0.0,24.798225,32.760002,60.365074,987.53357,
55.71_37.62,2023-04-26 21:00:00,10.55,8.544572,none,0.0,0.0,7.208994,11.5199995,74.4671,990.3973,
55.71_37.62,2023-05-09 13:00:00,11.95,8.832601,none,0.0,0.0,4.1046314,14.4,35.65047,1014.527,
55.71_37.62,2023-05-12 17:00:00,19.9,16.757677,none,0.0,0.0,11.384199,24.48,34.31422,1003.415,
55.71_37.62,2023-05-12 22:00:00,13.25,10.1556635,none,0.0,0.0,9.957108,15.4800005,49.316284,1004.2229,
55.71_37.62,2023-05-20 10:00:00,13.0,8.851875,rain,0.1,0.0,20.907913,36.0,60.569096,1010.01483,
55.71_37.62,2023-05-23 23:00:00,14.95,13.89189,none,0.0,0.0,11.298495,17.64,81.98453,1000.38165,
55.71_37.62,2023-06-15 19:00:00,24.5,22.42503,none,0.0,0.0,8.534353,20.16,32.054386,1000.1702,
55.71_37.62,2023-06-17 02:00:00,14.5,14.223551,none,0.0,0.0,6.489992,12.24,85.7986,996.9121,
55.71_37.62,2023-06-26 16:00:00,23.85,21.388664,none,0.0,0.0,13.276144,24.119999,36.299965,996.5788,
55.71_37.62,2023-06-30 11:00:00,15.3,14.418516,rain,3.0,0.0,13.276144,28.08,87.86501,982.45404,
55.71_37.62,2023-07-27 09:00:00,19.85,21.39935,none,0.0,0.0,4.3498964,12.599999,80.007904,990.5092,
55.71_37.62,2023-09-06 13:00:00,20.55,17.063509,none,0.0,0.0,27.609911,46.8,57.04794,997.5652,
55.71_37.62,2023-09-14 02:00:00,8.55,6.7320175,none,0.0,0.0,7.69592,10.440001,91.84991,1005.42395,
55.71_37.62,2023-09-14 11:00:00,17.65,16.18853,none,0.0,0.0,10.028439,21.24,60.646095,1004.4478,
55.71_37.63,2023-09-02 02:00:00,16.8,15.876192,none,0.0,0.0,10.703569,18.0,73.56701,998.55286,
55.71_37.65,2023-04-04 13:00:00,13.55,11.981659,none,0.0,9.0,2.6208394,13.679999,53.37476,998.5525,
55.71_37.65,2023-07-13 20:00:00,13.65,12.49913,rain,2.0,0.0,11.609651,18.0,88.2989,989.99585,
55.71_37.65,2023-07-16 22:00:00,16.45,16.222517,none,0.0,0.0,8.435069,12.599999,80.84497,999.655,
55.71_37.65,2023-08-02 08:00:00,20.7,21.833559,none,0.0,0.0,11.592894,23.4,83.479095,995.90753,
55.71_37.66,2023-04-29 09:00:00,4.5,-0.42333722,rain,0.2,2.0,22.057161,36.0,86.85315,998.3318,
55.71_37.66,2023-08-11 19:00:00,24.25,24.89749,none,0.0,0.0,13.104198,24.48,64.78154,1003.1453,
55.71_37.67,2023-04-22 23:00:00,7.3,4.3855457,none,0.0,0.0,6.28713,11.5199995,63.373375,996.97235,
55.71_37.67,2023-05-19 14:00:00,16.75,12.81954,none,0.0,0.0,18.416384,34.2,39.65277,1008.0793,
55.71_37.67,2023-05-26 20:00:00,20.45,20.03422,none,0.0,0.0,6.989936,9.72,58.162796,997.33356,
55.71_37.67,2023-07-09 18:00:00,22.5,20.899445,none,0.0,0.0,13.708391,24.119999,49.14658,992.0173,
55.71_37.67,2023-07-23 12:00:00,21.65,20.536226,none,0.0,0.0,18.671474,34.2,58.836002,991.8693,
55.71_37.67,2023-08-23 08:00:00,15.2,14.562006,none,0.0,0.0,11.252519,21.24,87.56999,993.0749,
55.71_37.67,2023-08-25 13:00:00,18.75,16.913357,none,0.0,0.0,4.0249224,13.32,39.95135,999.175,
55.71_37.68,2023-04-03 10:00:00,7.95,5.762126,none,0.0,16.0,6.439876,14.759999,80.78096,997.828,
55.71_37.69,2023-08-20 18:00:00,20.9,22.807169,rain,0.2,0.0,6.28713,14.759999,82.458015,1000.6759,
55.71_37.69,2023-09-23 10:00:00,20.85,18.748587,none,0.0,0.0,16.520823,29.519999,53.29181,1010.1844,
55.71_37.7,2023-08-21 07:00:00,14.9,13.763592,none,0.0,0.0,11.726277,22.319998,81.978195,1002.50775,
55.71_37.71,2023-07-18 16:00:00,22.6,23.825447,none,0.0,0.0,12.031756,23.759998,75.977196,987.7845,
55.71_37.72,2023-05-04 23:00:00,6.7,2.4521446,none,0.0,0.0,14.404499,24.119999,61.648193,1005.6354,
55.71_37.72,2023-06-23 14:00:00,19.15,20.274027,rain,2.7,0.0,6.849467,20.16,82.770294,994.5836,
55.71_37.72,2023-08-23 10:00:00,17.4,16.442137,rain,0.1,0.0,15.119999,28.08,79.66899,994.14655,
55.71_37.73,2023-04-06 03:00:00,2.6,-1.3689761,none,0.0,4.0,13.513193,21.24,87.92124,1007.8414,
55.71_37.73,2023-05-19 16:00:00,17.1,13.148775,none,0.0,0.0,16.039202,29.88,34.23356,1008.5909,
55.71_37.73,2023-06-08 17:00:00,22.25,20.151937,none,0.0,0.0,10.1887,18.0,39.048065,1002.3083,
55.71_37.73,2023-07-04 19:00:00,21.25,21.749195,none,0.0,0.0,6.6087217,11.879999,65.17915,999.0328,
55.71_37.73,2023-07-17 09:00:00,21.0,21.098555,none,0.0,0.0,13.044722,24.48,72.41749,999.72565,
55.71_37.73,2023-09-14 11:00:00,17.65,16.18853,none,0.0,0.0,10.028439,21.24,60.646095,1004.33014,
55.71_37.73,2023-09-18 22:00:00,8.65,6.5884504,none,0.0,0.0,9.449572,11.879999,91.54291,1003.8743,
55.71_37.74,2023-04-17 15:00:00,13.85,9.471384,none,0.0,0.0,9.726664,24.84,23.459667,1011.08044,
55.71_37.75,2023-04-24 15:00:00,19.9,15.910137,none,0.0,0.0,12.287555,25.56,22.26189,999.23773,
55.71_37.75,2023-05-16 14:00:00,18.85,15.967056,none,0.0,0.0,19.61587,36.0,39.70252,1005.3656,
55.71_37.75,2023-05-26 17:00:00,24.55,23.107548,none,0.0,0.0,6.28713,13.679999,34.807438,997.1079,
55.71_37.75,2023-07-09 08:00:00,20.5,20.343746,none,0.0,0.0,10.853866,20.880001,67.816246,995.8257,
55.71_37.75,2023-07-31 10:00:00,22.8,22.612036,none,0.0,0.0,11.620809,22.319998,52.921036,992.51917,
55.71_37.75,2023-08-17 09:00:00,21.1,22.643957,none,0.0,0.0,3.5455887,11.879999,72.66698,1008.43066,
55.71_37.75,2023-08-29 11:00:00,14.65,12.943657,none,0.0,0.0,10.00256,21.24,69.124016,997.3734,
55.71_37.76,2023-03-29 23:00:00,6.35,2.963058,rain,0.5,13.0,15.463246,30.960001,93.6431,991.04614,
55.71_37.76,2023-04-07 09:00:00,6.15,1.7706547,none,0.0,1.0,14.689589,29.16,61.290707,1008.50903,
55.71_37.76,2023-05-07 01:00:00,-1.15,-5.648232,none,0.0,0.0,10.990322,18.72,69.34011,1008.7361,
55.71_37.76,2023-06-12 11:00:00,16.8,13.356998,none,0.0,0.0,22.238562,42.12,40.660545,1009.8688,
55.71_37.76,2023-07-12 01:00:00,12.5,10.20784,none,0.0,0.0,14.021525,25.919998,79.50029,992.3112,
55.71_37.76,2023-09-07 22:00:00,10.9,7.501626,none,0.0,0.0,13.896187,23.4,63.532497,1004.3067,
55.71_37.76,2023-09-14 19:00:00,14.05,12.187578,none,0.0,0.0,9.983106,16.199999,69.00351,1002.13586,
55.71_37.76,2023-09-24 05:00:00,13.0,9.823154,none,0.0,0.0,14.77755,23.4,62.05441,1006.51917,
55.71_37.77,2023-06-29 14:00:00,19.85,17.49301,rain,0.2,0.0,20.633371,34.2,60.960503,984.4761,
55.71_37.77,2023-07-12 10:00:00,13.9,10.367718,none,0.0,0.0,20.12461,41.760002,66.21697,990.8997,
55.71_37.77,2023-07-28 02:00:00,19.3,20.669731,rain,0.8,0.0,10.44,22.319998,91.90084,984.6241,
55.71_37.77,2023-08-02 08:00:00,18.8,20.179703,none,0.0,0.0,8.854829,17.64,91.871086,993.51917,
55.71_37.78,2023-03-29 17:00:00,7.45,2.3031225,none,0.0,15.000001,26.729847,48.239998,83.580315,987.3684,
55.71_37.78,2023-09-10 13:00:00,18.55,16.917295,none,0.0,0.0,10.239453,23.039999,55.42288,1003.6239,
55.71_37.79,2023-05-15 07:00:00,9.45,7.532277,none,0.0,0.0,5.991594,14.04,77.96979,1006.52026,
55.71_37.79,2023-05-30 13:00:00,21.0,20.92755,none,0.0,0.0,3.671294,14.4,35.239223,997.85284,
55.71_37.79,2023-07-18 13:00:00,25.9,28.012897,none,0.0,0.0,10.495713,25.919998,64.32204,985.55225,
55.71_37.8,2023-06-24 08:00:00,15.75,13.76618,none,0.0,0.0,19.09358,36.36,81.28277,992.3659,
55.71_37.8,2023-08-08 14:00:00,25.65,27.18658,none,0.0,0.0,4.829907,20.519999,56.823147,991.81213,
55.71_37.8,2023-09-27 22:00:00,9.55,7.808155,none,0.0,0.0,8.891343,11.879999,91.91177,1011.596,
55.71_37.81,2023-08-10 16:00:00,24.15,23.954191,none,0.0,0.0,6.130579,14.759999,47.36397,1004.94,
55.71_37.81,2023-08-14 21:00:00,18.55,19.548721,none,0.0,0.0,6.6087217,12.24,83.76355,1001.04565,
55.71_37.82,2023-06-12 16:00:00,18.2,13.653954,none,0.0,0.0,20.523157,40.68,36.830303,1007.98413,
55.71_37.82,2023-07-06 15:00:00,28.0,28.91515,none,0.0,0.0,7.628263,17.28,40.1388,1002.62805,
55.71_37.82,2023-07-08 12:00:00,21.7,21.977139,rain,0.2,0.0,14.48972,29.519999,73.70314,997.3806,
55.71_37.82,2023-07-14 06:00:00,13.9,12.857401,none,0.0,0.0,11.966954,21.24,89.78503,989.99603,
55.71_37.82,2023-08-30 17:00:00,18.4,17.728863,none,0.0,0.0,7.5599995,16.199999,63.714237,998.4489,
55.71_37.82,2023-09-08 16:00:00,12.55,8.076986,none,0.0,0.0,21.542923,46.44,57.780575,998.95764,
55.71_37.83,2023-06-19 12:00:00,20.05,18.993818,none,0.0,0.0,8.669949,23.4,33.639835,1000.9101,
55.71_37.83,2023-07-24 10:00:00,19.65,17.624634,none,0.0,0.0,18.359999,38.519997,61.72148,991.4291,
55.71_37.84,2023-04-22 10:00:00,12.95,9.094982,none,0.0,0.0,12.904882,27.0,43.91179,994.6372,
55.71_37.84,2023-08-01 10:00:00,22.55,24.018768,none,0.0,0.0,4.39436,14.04,66.086395,994.4764,
55.71_37.84,2023-08-26 00:00:00,12.35,11.649984,none,0.0,0.0,1.835647,7.5599995,76.576546,999.73804,
55.71_37.85,2023-06-02 14:00:00,22.5,20.515661,none,0.0,0.0,14.404499,32.399998,42.860764,991.3765,
55.71_37.86,2023-05-12 08:00:00,12.95,11.257982,none,0.0,0.0,6.9153743,16.919998,68.7809,1004.66125,
55.71_37.86,2023-05-16 16:00:00,19.7,16.336594,none,0.0,0.0,13.237039,27.359999,35.358288,1004.1788,
55.71_37.86,2023-07-27 19:00:00,23.25,24.234533,none,0.0,0.0,11.542478,20.16,69.89544,987.3482,
55.71_37.86,2023-08-18 11:00:00,27.1,29.402458,none,0.0,0.0,6.297428,16.56,55.225647,1007.05786,
55.71_37.87,2023-08-27 18:00:00,20.1,19.660727,none,0.0,0.0,7.7043357,20.519999,60.420193,992.9126,
55.71_37.88,2023-05-13 11:00:00,19.5,16.788544,none,0.0,0.0,18.359999,36.719997,38.393467,1004.2228,
55.71_37.88,2023-05-23 09:00:00,17.5,15.922012,none,0.0,0.0,13.0447235,24.119999,65.87876,1002.1408,
55.71_37.88,2023-05-24 15:00:00,21.9,21.49709,none,0.0,0.0,7.5599995,17.64,54.272255,998.6535,
55.71_37.88,2023-09-24 16:00:00,22.8,19.863617,none,0.0,0.0,17.418196,35.28,40.00994,1005.6531,
55.71_37.9,2023-05-05 11:00:00,8.15,3.4667406,rain,0.1,0.0,21.53089,42.48,59.164917,1003.6236,
55.71_37.9,2023-07-25 08:00:00,16.2,16.50061,rain,0.6,0.0,8.4963045,15.119999,90.539024,988.1566,
55.71_37.9,2023-08-04 13:00:00,26.45,27.223793,none,0.0,0.0,18.59845,36.36,59.966057,994.1816,
55.71_37.9,2023-08-17 10:00:00,23.8,25.232336,none,0.0,0.0,4.8433046,15.119999,58.967636,1006.97504,
55.71_37.9,2023-09-01 08:00:00,18.7,18.311409,none,0.0,0.0,11.457958,23.759998,73.897415,999.04474,
55.71_37.92,2023-04-19 12:00:00,15.5,11.789801,none,0.0,0.0,15.978486,33.839996,34.136494,1009.5026,
55.71_37.92,2023-08-08 10:00:00,24.4,24.775501,none,0.0,0.0,12.096214,27.0,60.252174,992.7842,
55.71_37.92,2023-08-10 15:00:00,24.65,24.851734,none,0.0,0.0,5.4119864,20.880001,46.117958,1006.72614,
55.71_37.93,2023-06-09 11:00:00,23.05,21.271238,none,0.0,0.0,17.114204,37.079998,36.072144,998.94727,
55.71_37.93,2023-06-14 16:00:00,23.15,20.385805,none,0.0,0.0,12.313894,24.84,33.130135,1001.70795,
55.71_37.94,2023-05-26 08:00:00,18.2,19.000574,none,0.0,0.0,4.6800003,14.04,79.01185,998.54755,
55.72_37.08,2023-09-12 13:00:00,18.4,17.447947,none,0.0,0.0,5.1165614,17.28,54.09408,1004.1787,
55.72_37.14,2023-07-19 21:00:00,16.3,13.450478,none,0.0,0.0,17.654688,34.56,61.768803,981.97217,
55.72_37.15,2023-05-07 22:00:00,1.35,-2.6174881,none,0.0,0.0,7.7879906,12.959999,60.55283,1008.59436,
55.72_37.15,2023-05-20 07:00:00,10.2,6.7785645,none,0.0,0.0,14.685176,29.519999,68.69272,1007.9045,
55.72_37.18,2023-04-16 14:00:00,11.0,7.0967064,none,0.0,0.0,12.88981,29.16,33.93867,1009.9796,
55.72_37.27,2023-05-12 21:00:00,14.45,11.359785,none,0.0,0.0,9.0,14.4,43.252865,1000.35443,
55.72_37.38,2023-05-03 14:00:00,14.1,9.693384,rain,0.1,0.0,20.808498,38.88,51.5025,999.5867,
55.72_37.38,2023-08-02 09:00:00,21.6,23.050278,none,0.0,0.0,10.495713,24.119999,80.750725,991.3767,
55.72_37.38,2023-08-15 10:00:00,22.45,23.455494,none,0.0,0.0,10.365251,24.48,71.76149,1000.61884,
55.72_37.38,2023-08-25 07:00:00,12.5,11.983486,none,0.0,0.0,2.8799999,11.5199995,82.49626,995.5548,
55.72_37.38,2023-08-27 19:00:00,18.6,18.153774,none,0.0,0.0,9.0,15.4800005,68.767845,989.8889,
55.72_37.38,2023-09-02 07:00:00,15.65,15.606821,none,0.0,0.0,7.172949,14.04,85.07929,994.3408,
55.72_37.38,2023-09-08 19:00:00,10.65,7.421961,none,0.0,0.0,14.007655,27.359999,68.78523,997.0389,
55.72_37.38,2023-09-10 13:00:00,17.45,16.241087,none,0.0,0.0,9.3876505,23.039999,63.713787,1002.38367,
55.72_37.38,2023-09-23 19:00:00,17.3,13.909067,none,0.0,0.0,15.192682,25.56,44.84269,1004.2172,
55.72_37.39,2023-04-23 17:00:00,17.65,13.763113,none,0.0,0.0,11.770403,23.4,29.66857,994.2881,
55.72_37.39,2023-06-12 20:00:00,16.65,12.550482,none,0.0,0.0,16.595179,35.64,39.065796,1004.26776,
55.72_37.39,2023-08-21 08:00:00,16.1,14.904293,none,0.0,0.0,12.24,25.919998,76.16084,996.92175,
55.72_37.4,2023-05-30 09:00:00,19.6,18.35222,none,0.0,0.0,3.7585104,14.4,35.329403,996.64136,
55.72_37.4,2023-07-10 18:00:00,17.05,13.735853,none,0.0,0.0,24.74329,47.88,67.331276,988.93494,
55.72_37.4,2023-08-24 17:00:00,16.6,14.930599,none,0.0,0.0,9.47012,20.880001,60.397022,991.5003,
55.72_37.4,2023-09-20 18:00:00,20.75,17.792843,none,0.0,0.0,20.570463,39.239998,50.50067,993.5648,
55.72_37.41,2023-03-24 13:00:00,9.25,5.6143293,none,0.0,29.0,17.771753,33.48,79.0255,983.8532,
55.72_37.41,2023-06-29 14:00:00,19.3,16.533344,rain,0.4,0.0,23.686249,42.48,61.844494,983.2825,
55.72_37.41,2023-08-11 03:00:00,15.35,14.884632,none,0.0,0.0,11.019764,19.08,89.02119,1002.1172,
55.72_37.42,2023-04-12 03:00:00,3.9,0.9710026,none,0.0,0.0,4.8433046,7.2,72.20789,999.42535,
55.72_37.42,2023-04-14 09:00:00,1.3,-5.654524,none,0.0,0.0,26.089447,50.76,47.141716,1000.04254,
55.72_37.42,2023-05-01 13:00:00,9.35,4.5128717,rain,0.1,0.0,22.682856,42.48,66.61473,992.1523,
55.72_37.42,2023-06-16 15:00:00,27.8,24.726252,none,0.0,0.0,12.413477,26.64,23.044464,995.50287,
55.72_37.42,2023-07-27 21:00:00,20.05,20.56008,rain,9.5,0.0,14.81259,33.12,85.000626,982.6446,
55.72_37.42,2023-08-09 10:00:00,22.35,23.287653,none,0.0,0.0,9.957108,22.68,70.83945,993.59937,
55.72_37.42,2023-09-17 12:00:00,15.9,14.119551,none,0.0,0.0,9.36,22.319998,58.415154,1007.0794,
55.72_37.43,2023-05-17 09:00:00,17.95,15.5989895,none,0.0,0.0,10.931203,24.119999,48.90252,1003.79016,
55.72_37.43,2023-07-25 19:00:00,21.7,22.106983,none,0.0,0.0,9.178235,16.56,66.54677,984.12396,
55.72_37.44,2023-05-02 11:00:00,11.35,8.622817,none,0.0,0.0,8.473393,20.880001,41.127995,1002.9759,
55.72_37.44,2023-05-13 13:00:00,20.75,17.947613,none,0.0,0.0,18.35647,36.0,35.53693,1001.9073,
55.72_37.44,2023-06-29 11:00:00,19.8,18.667845,rain,0.2,0.0,12.429127,25.919998,54.6369,982.1409,
55.72_37.44,2023-08-14 12:00:00,22.3,21.362347,none,0.0,0.0,20.418695,38.16,67.31297,995.4883,
55.72_37.45,2023-03-24 22:00:00,1.7,-1.8931999,none,0.0,38.0,10.495713,16.199999,91.076904,985.71716,
55.72_37.45,2023-04-12 09:00:00,10.55,8.428069,none,0.0,0.0,5.3517847,14.04,65.71545,997.9888,
55.72_37.45,2023-04-13 19:00:00,11.5,5.0041313,none,0.0,0.0,28.660158,47.519997,41.02162,994.5964,
55.72_37.45,2023-04-25 07:00:00,10.9,8.722177,none,0.0,0.0,6.9527545,16.199999,68.12315,994.07104,
55.72_37.45,2023-05-29 00:00:00,8.75,5.9668827,none,0.0,0.0,9.885262,15.4800005,74.149994,998.3069,
55.72_37.45,2023-06-23 11:00:00,18.8,19.445826,rain,0.3,0.0,8.217153,21.96,80.89506,989.8041,
55.72_37.45,2023-07-21 13:00:00,20.65,18.353653,rain,0.1,0.0,16.981165,32.760002,46.562458,986.50885,
55.72_37.45,2023-08-28 08:00:00,16.15,16.064949,none,0.0,0.0,4.8433046,14.04,76.42019,991.7848,
55.72_37.45,2023-09-05 07:00:00,11.8,10.7378845,none,0.0,0.0,8.287822,13.32,91.43714,1004.40424,
55.72_37.45,2023-09-05 19:00:00,17.55,15.768141,none,0.0,0.0,8.287822,14.04,52.785416,999.7074,
55.72_37.46,2023-04-17 23:00:00,7.75,4.4660444,none,0.0,0.0,6.489992,12.24,52.181747,1008.1979,
55.72_37.46,2023-05-11 09:00:00,15.65,13.348009,none,0.0,0.0,9.422101,21.24,47.26713,1005.07587,
55.72_37.47,2023-05-03 19:00:00,12.2,8.74384,none,0.0,0.0,16.92383,30.960001,66.07636,1001.42,
55.72_37.5,2023-06-19 23:00:00,14.3,11.798918,none,0.0,0.0,10.296251,11.879999,57.420753,998.8095,
55.72_37.5,2023-06-27 12:00:00,21.5,17.98424,none,0.0,0.0,20.082708,36.0,41.156612,994.4028,
55.72_37.5,2023-07-04 21:00:00,19.0,17.711748,none,0.0,0.0,8.161764,12.599999,54.431557,999.75323,
55.72_37.5,2023-07-28 22:00:00,17.15,16.953367,rain,0.2,0.0,12.031756,20.16,85.51357,989.1659,
55.72_37.5,2023-08-14 13:00:00,23.55,22.188093,rain,0.1,0.0,21.829777,39.239998,60.247353,999.5816,
55.72_37.51,2023-03-27 11:00:00,7.05,3.0861607,none,0.0,31.0,17.429354,31.319998,80.939575,977.9799,
55.72_37.51,2023-05-04 09:00:00,9.05,6.609976,none,0.0,0.0,3.6,15.119999,58.335327,1007.947,
55.72_37.51,2023-06-04 07:00:00,7.55,4.3498487,none,0.0,0.0,12.261158,23.759998,78.49509,1002.53357,
55.72_37.52,2023-03-25 20:00:00,5.45,2.1183548,none,0.0,34.0,13.854155,27.0,93.92605,985.90186,
55.72_37.52,2023-04-25 11:00:00,17.05,14.063936,rain,0.1,0.0,13.684735,28.44,42.486332,994.2854,
55.72_37.52,2023-05-26 13:00:00,23.25,23.200577,none,0.0,0.0,9.605998,21.599998,45.280388,994.7363,
55.72_37.52,2023-09-24 09:00:00,16.7,13.694992,none,0.0,0.0,17.283749,29.88,57.043976,1004.86554,
55.72_37.52,2023-09-26 08:00:00,10.15,9.510673,none,0.0,0.0,2.5959969,10.799999,92.570946,1014.7407,
55.72_37.54,2023-05-11 15:00:00,17.15,13.104006,none,0.0,0.0,17.25373,38.16,40.050274,1000.62177,
55.72_37.54,2023-06-06 17:00:00,19.5,15.67408,none,0.0,0.0,16.75064,32.039997,36.433525,997.46204,
55.72_37.54,2023-09-23 12:00:00,23.2,20.309309,none,0.0,0.0,20.008356,36.0,43.345905,1010.5247,
55.72_37.54,2023-09-26 21:00:00,10.1,8.192256,none,0.0,0.0,8.14587,10.08,82.192635,1010.2461,
55.72_37.55,2023-07-12 17:00:00,16.35,12.562504,none,0.0,0.0,17.477621,32.399998,46.643913,992.10406,
55.72_37.55,2023-08-02 17:00:00,24.8,25.25209,none,0.0,0.0,12.413477,25.56,59.96241,993.63043,
55.72_37.56,2023-06-30 17:00:00,17.9,17.535442,rain,0.2,0.0,7.42159,21.24,69.76574,982.6788,
55.72_37.56,2023-07-16 19:00:00,20.95,20.458912,none,0.0,0.0,10.464798,26.64,61.415714,999.3169,
55.72_37.56,2023-09-08 00:00:00,11.15,7.8961897,none,0.0,0.0,13.18308,20.880001,63.368023,1005.3728,
55.72_37.57,2023-05-22 11:00:00,13.9,13.295858,rain,0.5,0.0,7.968939,20.16,87.16381,1007.8657,
55.72_37.57,2023-06-02 17:00:00,21.9,18.32152,rain,0.1,0.0,21.734581,38.16,42.11817,991.7643,
55.72_37.57,2023-07-09 17:00:00,22.75,20.6742,none,0.0,0.0,14.618837,24.84,44.841633,993.5169,
55.72_37.57,2023-08-08 06:00:00,20.75,19.475595,none,0.0,0.0,16.79314,28.44,63.816597,992.6087,
55.72_37.57,2023-08-08 19:00:00,23.85,24.927044,none,0.0,0.0,9.72,15.84,65.72941,994.80237,
55.72_37.57,2023-09-01 10:00:00,22.8,22.582792,none,0.0,0.0,12.538134,24.84,60.85183,1000.5281,
55.72_37.57,2023-09-09 16:00:00,15.85,12.293121,none,0.0,0.0,21.599998,37.079998,61.4554,1007.1873,
55.72_37.57,2023-09-17 02:00:00,7.95,6.334033,none,0.0,0.0,4.6938252,2.8799999,89.32056,1014.07495,
55.72_37.57,2023-09-17 15:00:00,17.45,14.402378,none,0.0,0.0,14.039999,25.56,46.95159,1009.6142,
55.72_37.58,2023-05-05 07:00:00,6.55,2.2349677,rain,0.1,0.0,16.862455,29.519999,70.91529,1004.1321,
55.72_37.58,2023-06-07 09:00:00,18.45,16.632313,none,0.0,0.0,13.358861,25.199999,59.432884,1003.9154,
55.72_37.58,2023-08-12 23:00:00,19.8,20.90944,rain,0.5,0.0,11.457958,27.72,87.69912,999.1872,
55.72_37.6,2023-05-12 15:00:00,20.95,17.395653,none,0.0,0.0,10.446206,22.319998,25.787003,1003.8133,
55.72_37.6,2023-09-27 11:00:00,15.7,14.258495,none,0.0,0.0,9.028754,19.8,66.60119,1013.93365,
55.72_37.61,2023-04-06 21:00:00,5.7,0.72527504,none,0.0,1.0,15.986593,25.919998,50.467804,1007.96606,
55.72_37.61,2023-06-02 11:00:00,17.6,16.36251,none,0.0,0.0,4.2136917,19.44,51.90705,993.3143,
55.72_37.61,2023-06-21 11:00:00,18.75,15.797033,none,0.0,0.0,13.441071,26.64,37.91027,1000.62115,
55.72_37.62,2023-04-18 20:00:00,9.45,5.2956676,none,0.0,0.0,13.556282,20.880001,50.40534,1008.4161,
55.72_37.62,2023-06-27 10:00:00,21.1,18.205221,none,0.0,0.0,17.31746,29.88,44.68333,994.70996,
55.72_37.62,2023-07-03 15:00:00,23.4,20.466938,none,0.0,0.0,23.40277,41.399998,38.453754,991.0585,
55.72_37.63,2023-07-22 12:00:00,21.3,19.4402,none,0.0,0.0,21.288757,37.8,52.184444,994.75397,
55.72_37.63,2023-09-27 08:00:00,11.5,10.142872,none,0.0,0.0,6.519877,14.759999,81.53859,1015.0689,
55.72_37.65,2023-03-29 14:00:00,7.45,2.2487369,rain,0.2,29.0,27.757378,44.639996,86.23881,989.8428,
55.72_37.65,2023-06-08 09:00:00,18.8,19.071602,none,0.0,0.0,2.5455842,12.24,57.18331,1004.304,
55.72_37.65,2023-08-11 06:00:00,16.0,15.826372,none,0.0,0.0,11.620809,18.0,91.40613,1007.98334,
55.72_37.65,2023-09-01 19:00:00,22.1,21.648249,none,0.0,0.0,10.30883,15.84,57.428867,999.54126,
55.72_37.66,2023-07-27 12:00:00,22.15,23.458317,none,0.0,0.0,10.00256,21.599998,68.14767,989.9924,
55.72_37.66,2023-08-19 00:00:00,19.6,21.766932,none,0.0,0.0,7.491114,11.5199995,94.84221,1007.84845,
55.72_37.67,2023-04-12 11:00:00,15.4,11.915865,none,0.0,0.0,12.88981,25.199999,33.370182,999.71765,
55.72_37.67,2023-08-10 15:00:00,24.4,24.326307,none,0.0,0.0,5.04,20.880001,45.297253,1006.3503,
55.72_37.67,2023-08-25 08:00:00,12.5,11.924795,none,0.0,0.0,2.9024127,10.799999,81.395485,998.1891,
55.72_37.68,2023-05-14 16:00:00,16.65,12.614918,none,0.0,0.0,14.88242,26.28,36.24917,1005.5324,
55.72_37.68,2023-05-31 12:00:00,10.25,7.8249435,rain,1.0,0.0,14.565548,24.48,91.02872,994.52814,
55.72_37.68,2023-09-11 12:00:00,17.7,17.869398,none,0.0,0.0,1.08,13.679999,64.40857,1001.66077,
55.72_37.69,2023-05-09 22:00:00,5.85,1.9356141,none,0.0,0.0,9.220499,13.32,52.23481,1010.43256,
55.72_37.69,2023-05-15 00:00:00,7.75,5.0089684,none,0.0,0.0,8.707237,11.5199995,75.817566,1007.15717,
55.72_37.69,2023-07-18 20:00:00,18.2,18.244558,rain,2.6,0.0,16.09969,28.8,91.54434,983.38196,
55.72_37.7,2023-04-07 15:00:00,10.5,5.765299,none,0.0,1.0,15.542662,33.12,38.237682,1008.66003,
55.72_37.7,2023-05-16 23:00:00,11.5,9.018689,none,0.0,0.0,9.107359,12.24,65.69537,1004.71423,
55.72_37.7,2023-05-23 08:00:00,17.0,15.214554,none,0.0,0.0,13.849477,22.68,66.653046,1002.48413,
55.72_37.7,2023-06-09 18:00:00,18.65,15.641584,none,0.0,0.0,19.296133,40.68,54.34137,999.49005,
55.72_37.7,2023-06-17 07:00:00,20.7,20.503895,none,0.0,0.0,8.089993,17.64,61.760185,997.1455,
55.72_37.71,2023-05-11 07:00:00,11.75,9.880133,none,0.0,0.0,5.815978,14.4,67.36258,1006.4881,
55.72_37.71,2023-05-21 11:00:00,13.3,10.797903,rain,0.2,0.0,12.303366,24.84,66.76932,1007.2846,
55.72_37.71,2023-06-03 23:00:00,7.5,3.9488926,none,0.0,0.0,13.797913,21.599998,75.24297,1000.51874,
55.72_37.71,2023-06-09 15:00:00,22.75,17.781322,none,0.0,0.0,27.511158,42.48,34.29538,999.7205,
55.72_37.71,2023-08-04 11:00:00,25.7,26.983086,rain,0.1,0.0,17.057314,32.760002,67.572464,995.9106,
55.72_37.71,2023-08-23 12:00:00,18.5,17.070913,rain,0.1,0.0,18.1041,34.2,73.86292,993.57666,
55.72_37.72,2023-04-13 08:00:00,8.2,4.288418,none,0.0,0.0,13.979872,22.319998,62.90436,998.4245,
55.72_37.72,2023-04-20 12:00:00,15.15,11.630692,none,0.0,0.0,10.97262,24.48,35.551254,1005.3338,
55.72_37.72,2023-08-07 15:00:00,29.1,26.872307,none,0.0,0.0,25.20257,41.399998,40.313423,995.4745,
55.72_37.73,2023-05-25 15:00:00,20.1,20.094706,rain,0.7,0.0,12.144331,23.759998,73.662895,998.89014,
55.72_37.74,2023-07-11 12:00:00,15.55,12.14551,none,0.0,0.0,22.68,38.519997,67.696846,992.42914,
55.72_37.76,2023-08-14 17:00:00,22.9,22.629028,none,0.0,0.0,15.844089,34.56,64.90536,999.8378,
55.72_37.77,2023-04-18 13:00:00,13.85,11.498917,rain,0.1,0.0,6.924738,18.72,45.44962,1007.0878,
55.72_37.77,2023-04-24 02:00:00,6.5,3.3644238,none,0.0,0.0,7.6367526,13.32,66.22691,998.68744,
55.72_37.77,2023-05-01 07:00:00,6.1,3.2555385,none,0.0,0.0,10.514218,20.16,89.79534,989.1362,
55.72_37.77,2023-05-15 13:00:00,18.2,17.130133,none,0.0,0.0,9.3669195,23.039999,40.778645,1005.99915,
55.72_37.77,2023-07-13 21:00:00,13.3,12.254793,rain,0.9,0.0,11.212135,20.880001,91.23189,987.7429,
55.72_37.77,2023-09-18 14:00:00,16.95,15.573265,none,0.0,0.0,13.044722,26.28,71.20858,1002.7016,
55.72_37.78,2023-04-17 22:00:00,8.25,5.137456,none,0.0,0.0,6.725354,11.159999,55.863113,1008.8919,
55.72_37.78,2023-05-01 08:00:00,7.3,4.6909933,none,0.0,0.0,9.255571,20.16,84.147255,990.3376,
55.72_37.78,2023-05-08 23:00:00,4.8,2.0634518,none,0.0,0.0,1.9386592,5.7599998,60.065395,1013.96606,
55.72_37.78,2023-05-26 19:00:00,20.45,19.696898,none,0.0,0.0,7.172949,10.799999,54.440346,995.7154,
55.72_37.79,2023-03-25 19:00:00,7.25,3.6363406,none,0.0,29.0,18.391737,31.319998,93.68734,983.1773,
55.72_37.79,2023-05-27 20:00:00,14.9,10.458692,none,0.0,0.0,19.255793,34.92,44.472935,997.62384,
55.72_37.79,2023-07-06 20:00:00,24.6,26.07421,none,0.0,0.0,6.4096174,10.440001,62.04723,999.5125,
55.72_37.79,2023-08-07 20:00:00,25.2,23.546124,none,0.0,0.0,21.862406,38.16,52.00709,992.51855,
55.72_37.79,2023-08-14 00:00:00,16.3,16.216446,none,0.0,0.0,12.429127,20.880001,92.907196,996.65125,
55.72_37.79,2023-09-12 17:00:00,16.7,16.24025,none,0.0,0.0,5.692099,12.959999,69.993416,1002.66644,
55.72_37.8,2023-07-15 06:00:00,14.75,14.260128,rain,0.1,0.0,10.948973,19.44,91.92293,990.4316,
55.72_37.8,2023-08-29 22:00:00,15.45,15.484301,none,0.0,0.0,5.4833565,6.12,83.404236,995.1868,
55.72_37.81,2023-04-07 10:00:00,6.25,1.8706656,none,0.0,1.0,14.689589,29.88,60.869526,1007.263,
55.72_37.81,2023-05-31 11:00:00,10.5,8.677198,rain,2.4,0.0,11.457958,24.48,92.90247,993.3931,
55.72_37.81,2023-09-06 11:00:00,20.45,17.704931,none,0.0,0.0,25.922499,48.6,63.336197,994.82153,
55.72_37.82,2023-04-02 13:00:00,8.3,3.9933405,none,0.0,8.0,19.917469,38.519997,74.85364,994.52594,
55.72_37.82,2023-05-20 18:00:00,11.8,9.549315,rain,0.1,0.0,10.086427,19.8,72.17289,1008.7937,
55.72_37.82,2023-08-30 09:00:00,15.6,15.453934,none,0.0,0.0,5.4833565,15.4800005,79.676445,996.432,
55.72_37.82,2023-09-27 16:00:00,18.55,17.291075,none,0.0,0.0,6.28713,15.119999,52.691185,1011.8967,
55.72_37.84,2023-05-21 19:00:00,15.25,13.305664,none,0.0,0.0,8.311245,22.319998,58.45424,1005.5662,
55.72_37.84,2023-08-18 16:00:00,27.7,29.110344,none,0.0,0.0,9.346143,19.08,54.50914,1006.02997,
55.72_37.84,2023-09-03 09:00:00,16.55,16.861073,none,0.0,0.0,7.7879906,18.359999,87.126396,1002.45984,
55.72_37.85,2023-09-12 21:00:00,11.95,10.214529,none,0.0,0.0,8.759178,14.4,78.08681,1004.2286,
55.72_37.89,2023-04-05 17:00:00,12.45,8.844944,none,0.0,0.0,14.565548,29.519999,55.180096,1002.8058,
55.72_37.9,2023-05-11 21:00:00,9.35,7.6632853,none,0.0,0.0,5.495161,9.72,82.37911,1005.6112,
55.72_37.9,2023-05-17 17:00:00,22.75,20.072752,none,0.0,0.0,11.720751,23.039999,34.177315,1004.5045,
55.72_37.9,2023-06-19 10:00:00,18.6,16.433825,none,0.0,0.0,10.464797,24.84,38.401978,1001.4174,
55.72_37.93,2023-04-09 02:00:00,1.45,-1.93535,none,0.0,0.0,8.12197,11.159999,86.86083,1011.0139,
55.72_37.93,2023-06-20 12:00:00,22.1,18.080944,none,0.0,0.0,21.599998,42.12,36.04823,995.9766,
55.72_37.94,2023-03-25 09:00:00,7.6,3.4207597,rain,0.2,25.0,21.42227,38.16,88.065865,983.7111,
55.72_37.94,2023-05-18 14:00:00,24.1,23.186033,none,0.0,0.0,8.707237,22.319998,32.272896,1004.6967,
55.72_37.94,2023-08-10 13:00:00,23.4,23.93721,none,0.0,0.0,8.0899935,21.599998,55.187813,1006.06793,
55.72_37.94,2023-09-25 23:00:00,10.45,9.071195,none,0.0,0.0,7.208994,13.32,89.21756,1015.2097,
55.73_37.05,2023-08-23 09:00:00,16.1,15.524006,rain,0.5,0.0,11.298495,25.56,83.753006,989.3362,
55.73_37.21,2023-06-21 15:00:00,21.0,19.169254,none,0.0,0.0,9.746631,27.72,29.66439,998.47046,
55.73_37.21,2023-07-03 10:00:00,20.7,18.545881,rain,0.1,0.0,22.505037,45.0,59.18759,985.3328,
55.73_37.21,2023-07-28 21:00:00,17.15,17.20646,rain,0.8,0.0,10.296251,23.759998,85.51357,985.6634,
55.73_37.22,2023-07-11 15:00:00,18.0,15.004501,none,0.0,0.0,16.267857,37.44,50.61616,988.3814,
55.73_37.28,2023-07-10 17:00:00,17.0,13.722322,none,0.0,0.0,23.675303,46.8,65.77166,993.81555,
55.73_37.38,2023-04-29 00:00:00,6.3,2.8120089,rain,0.9,0.0,15.281989,27.72,90.12465,991.04565,
55.73_37.38,2023-04-29 20:00:00,4.8,1.1888018,none,0.0,1.0,10.195057,12.959999,71.08106,997.7029,
55.73_37.38,2023-05-14 06:00:00,9.55,6.621292,none,0.0,0.0,12.10157,20.519999,74.55021,1001.81586,
55.73_37.38,2023-05-30 12:00:00,21.05,20.96048,none,0.0,0.0,3.2599385,15.119999,32.87516,996.0565,
55.73_37.38,2023-08-31 22:00:00,17.8,17.089186,none,0.0,0.0,12.218805,21.599998,75.19913,994.27997,
55.73_37.39,2023-06-02 09:00:00,16.65,14.843393,none,0.0,0.0,8.373386,20.16,55.689907,988.97784,
55.73_37.39,2023-06-09 11:00:00,22.5,20.120893,none,0.0,0.0,17.399586,38.519997,34.81972,993.9837,
55.73_37.39,2023-07-31 13:00:00,24.05,23.519838,none,0.0,0.0,10.931203,24.119999,45.350643,987.4507,
55.73_37.4,2023-04-06 13:00:00,12.55,8.495908,none,0.0,0.0,19.486609,38.88,52.547802,1001.68567,
55.73_37.4,2023-06-28 17:00:00,19.45,16.610935,rain,0.1,0.0,21.479664,41.760002,57.91866,985.853,
55.73_37.4,2023-08-01 19:00:00,23.25,23.544655,none,0.0,0.0,10.739832,19.8,61.74244,988.7815,
55.73_37.41,2023-04-13 08:00:00,9.8,6.185568,none,0.0,0.0,13.779114,27.0,62.832474,993.38654,
55.73_37.41,2023-09-07 11:00:00,13.8,9.341514,none,0.0,0.0,23.18579,44.639996,57.893387,1001.96246,
55.73_37.42,2023-05-19 22:00:00,11.85,7.7566233,none,0.0,0.0,16.93531,30.960001,54.44211,1004.5134,
55.73_37.42,2023-05-21 09:00:00,10.95,8.982327,rain,0.1,0.0,10.440001,21.96,83.70952,1001.73956,
55.73_37.42,2023-05-24 18:00:00,20.05,20.609922,none,0.0,0.0,3.9763298,13.32,66.20233,994.5001,
55.73_37.42,2023-08-17 16:00:00,26.55,27.097431,none,0.0,0.0,5.6233797,14.4,46.63418,1001.4172,
55.73_37.42,2023-09-09 15:00:00,15.15,11.9615135,none,0.0,0.0,18.72,42.839996,63.40956,1001.6537,
55.73_37.43,2023-04-25 08:00:00,11.15,9.2506895,none,0.0,0.0,5.1165614,13.679999,67.23543,993.7524,
55.73_37.43,2023-05-11 04:00:00,6.75,4.684045,none,0.0,0.0,3.8773184,8.64,80.330765,1002.4253,
55.73_37.43,2023-05-13 13:00:00,21.0,18.381643,none,0.0,0.0,16.87398,36.0,34.15074,1000.97833,
55.73_37.44,2023-04-19 19:00:00,10.1,5.95,none,0.0,0.0,12.819235,21.599998,45.85468,1004.26776,
55.73_37.44,2023-07-12 14:00:00,16.05,12.297401,none,0.0,0.0,17.238699,33.12,47.544415,987.2749,
55.73_37.44,2023-09-08 07:00:00,10.0,6.2848616,none,0.0,0.0,18.089775,29.519999,74.3708,997.99243,
55.73_37.44,2023-09-08 16:00:00,13.1,7.9843197,none,0.0,0.0,25.671307,47.88,54.963387,996.2622,
55.73_37.45,2023-04-11 10:00:00,12.25,8.801822,none,0.0,0.0,13.570615,27.359999,54.164043,1003.083,
55.73_37.45,2023-07-31 15:00:00,24.35,23.082003,none,0.0,0.0,10.483357,22.319998,42.663593,989.575,
55.73_37.45,2023-08-01 22:00:00,18.65,19.640436,none,0.0,0.0,7.628263,11.879999,85.122925,991.6824,
55.73_37.45,2023-08-02 18:00:00,23.35,25.179295,rain,0.3,0.0,7.42159,19.08,71.92394,990.04333,
55.73_37.45,2023-08-02 23:00:00,18.95,20.391308,none,0.0,0.0,7.10031,13.32,88.46108,989.78485,
55.73_37.45,2023-08-03 19:00:00,25.45,27.479166,none,0.0,0.0,7.92,14.759999,65.85593,989.25226,
55.73_37.45,2023-08-21 11:00:00,18.6,16.631992,none,0.0,0.0,13.783817,29.519999,57.325077,999.2672,
55.73_37.45,2023-09-16 13:00:00,15.85,13.035494,none,0.0,0.0,14.77755,31.319998,55.105732,1009.21326,
55.73_37.46,2023-07-15 00:00:00,14.4,14.82242,rain,0.1,0.0,4.6938252,7.92,94.02319,990.11676,
55.73_37.46,2023-07-19 17:00:00,18.9,14.083298,none,0.0,0.0,29.96662,58.32,50.17353,983.1432,
55.73_37.46,2023-08-02 21:00:00,19.7,21.463192,none,0.0,0.0,7.127636,11.159999,88.52318,989.701,
55.73_37.46,2023-08-24 01:00:00,12.85,12.356699,none,0.0,0.0,8.089993,14.04,95.82655,989.0684,
55.73_37.46,2023-09-13 00:00:00,9.65,8.027728,none,0.0,0.0,7.2,11.5199995,88.247574,1001.36414,
55.73_37.47,2023-04-18 20:00:00,9.55,5.9724293,none,0.0,0.0,11.457958,17.64,56.608467,1004.12915,
55.73_37.47,2023-07-31 19:00:00,21.75,21.822567,none,0.0,0.0,8.654986,16.199999,61.79923,989.8814,
55.73_37.47,2023-08-11 13:00:00,25.4,25.854221,none,0.0,0.0,18.720001,36.719997,66.05193,1000.4839,
55.73_37.47,2023-08-22 01:00:00,15.75,15.279032,none,0.0,0.0,3.2399998,4.32,68.422,994.6965,
55.73_37.48,2023-06-06 18:00:00,18.8,15.6733055,none,0.0,0.0,15.281989,28.8,44.49413,999.6786,
55.73_37.49,2023-04-01 12:00:00,7.2,3.142364,none,0.0,18.0,12.738099,26.28,58.074276,985.8917,
55.73_37.49,2023-04-14 15:00:00,7.45,0.2133689,none,0.0,0.0,28.056913,49.68,30.772915,1003.6626,
55.73_37.49,2023-05-04 10:00:00,10.25,7.7949877,none,0.0,0.0,4.2136917,15.119999,47.08505,1005.37994,
55.73_37.49,2023-05-17 00:00:00,10.2,7.631345,none,0.0,0.0,8.766573,11.5199995,68.45338,1004.6123,
55.73_37.49,2023-06-07 11:00:00,21.15,18.331882,none,0.0,0.0,22.7057,41.399998,44.245964,1000.0395,
55.73_37.49,2023-06-22 03:00:00,8.5,6.4151993,none,0.0,0.0,7.289445,7.5599995,83.705956,999.83563,
55.73_37.49,2023-08-19 17:00:00,26.85,28.161922,none,0.0,0.0,2.16,10.08,47.93577,1004.4947,
55.73_37.51,2023-06-04 06:00:00,5.8,2.4427366,none,0.0,0.0,11.885453,20.880001,81.91887,1002.3955,
55.73_37.54,2023-04-24 15:00:00,20.05,16.258524,none,0.0,0.0,11.5199995,25.56,22.384256,998.9329,
55.73_37.54,2023-05-16 09:00:00,17.1,14.1418495,none,0.0,0.0,15.9134655,31.319998,46.369366,1007.35077,
55.73_37.54,2023-06-20 13:00:00,23.0,18.898708,none,0.0,0.0,24.162947,44.28,33.896538,994.5375,
55.73_37.54,2023-07-13 16:00:00,13.9,10.95553,rain,1.0,0.0,22.007162,40.68,81.85047,988.83856,
55.73_37.54,2023-07-14 17:00:00,18.35,17.833645,none,0.0,0.0,9.3669195,18.72,69.624794,994.2761,
55.73_37.54,2023-08-17 20:00:00,22.6,23.758587,none,0.0,0.0,5.495161,5.7599998,65.25735,1007.72864,
55.73_37.55,2023-05-22 19:00:00,18.55,19.177916,none,0.0,0.0,3.8773184,19.08,73.39325,1005.37915,
55.73_37.55,2023-09-17 12:00:00,16.0,14.044006,none,0.0,0.0,10.08,23.039999,56.867992,1012.4163,
55.73_37.56,2023-09-25 17:00:00,17.2,14.881737,none,0.0,0.0,12.661564,23.039999,55.452713,1016.24835,
55.73_37.57,2023-04-22 15:00:00,15.05,10.771471,none,0.0,0.0,12.287555,23.4,29.681372,994.52576,
55.73_37.57,2023-04-26 15:00:00,14.75,10.536619,rain,0.2,0.0,24.20314,32.399998,61.196278,986.2494,
55.73_37.57,2023-06-20 14:00:00,24.45,19.666164,none,0.0,0.0,24.651457,44.28,27.127882,995.4813,
55.73_37.57,2023-07-15 23:00:00,13.5,13.27533,none,0.0,0.0,7.491114,11.5199995,95.222046,996.00806,
55.73_37.57,2023-08-31 11:00:00,21.25,20.338531,none,0.0,0.0,15.778516,29.88,64.34171,999.5715,
55.73_37.57,2023-09-13 19:00:00,14.35,12.752123,none,0.0,0.0,8.891343,10.799999,69.53187,1004.9323,
55.73_37.58,2023-04-25 09:00:00,15.4,13.385252,none,0.0,0.0,6.696387,18.0,52.758907,996.7286,
55.73_37.58,2023-06-09 08:00:00,18.75,17.792133,none,0.0,0.0,13.32,24.48,69.70267,998.8072,
55.73_37.58,2023-09-04 12:00:00,21.25,20.48746,none,0.0,0.0,10.703569,22.68,57.59709,1005.2967,
55.73_37.59,2023-07-06 15:00:00,28.2,28.012733,none,0.0,0.0,9.565437,20.16,37.40361,1002.85645,
55.73_37.59,2023-07-24 09:00:00,17.45,16.186502,none,0.0,0.0,13.363711,24.84,71.30232,992.16156,
55.73_37.59,2023-08-13 01:00:00,18.9,19.693068,none,0.0,0.0,13.479583,22.319998,92.458206,998.14496,
55.73_37.61,2023-03-29 15:00:00,7.85,2.2867098,rain,0.5,26.0,29.088802,43.56,79.36926,988.481,
55.73_37.61,2023-04-03 23:00:00,6.45,4.476942,rain,0.2,9.0,5.3999996,8.28,91.39937,999.0345,
55.73_37.61,2023-04-07 16:00:00,10.4,5.626137,none,0.0,1.0,15.158522,27.359999,38.49344,1009.98724,
55.73_37.61,2023-05-11 08:00:00,11.85,10.000504,none,0.0,0.0,5.4477882,14.04,66.22904,1006.9754,
55.73_37.61,2023-05-13 13:00:00,21.0,18.096653,none,0.0,0.0,18.782204,34.56,34.510223,1005.2923,
55.73_37.61,2023-06-11 14:00:00,17.0,12.769726,none,0.0,0.0,19.453327,37.8,30.688503,1011.5382,
55.73_37.61,2023-06-27 09:00:00,21.55,20.056553,none,0.0,0.0,14.241629,26.64,49.546745,994.3725,
55.73_37.61,2023-07-17 17:00:00,26.35,25.495872,none,0.0,0.0,5.4477882,17.64,35.198177,998.5647,
55.73_37.61,2023-07-27 16:00:00,23.95,24.02104,none,0.0,0.0,10.685391,19.44,56.95471,988.9303,
55.73_37.61,2023-08-23 10:00:00,17.15,16.068771,rain,0.1,0.0,15.4800005,28.8,79.89324,992.9497,
55.73_37.61,2023-08-25 19:00:00,16.25,14.604021,none,0.0,0.0,4.8965297,8.64,51.72374,1000.1175,
55.73_37.62,2023-03-24 23:00:00,0.45,-3.1751785,none,0.0,41.0,9.511088,14.4,91.65572,989.5795,
55.73_37.62,2023-05-02 16:00:00,14.05,10.392954,none,0.0,0.0,9.0,16.919998,34.209652,1006.2571,
55.73_37.62,2023-05-04 19:00:00,12.2,9.361716,none,0.0,0.0,1.8,5.04,33.914646,1004.416,
55.73_37.62,2023-06-20 16:00:00,23.0,18.105854,none,0.0,0.0,26.081993,45.0,32.407585,995.8283,
55.73_37.62,2023-06-23 09:00:00,17.2,17.356846,rain,0.4,0.0,8.217153,16.919998,82.267044,993.7942,
55.73_37.62,2023-07-14 14:00:00,16.8,16.58854,rain,0.4,0.0,8.0899935,27.0,78.55265,993.3602,
55.73_37.62,2023-08-01 17:00:00,25.4,25.045906,none,0.0,0.0,9.387651,16.56,46.77819,994.10126,
55.73_37.62,2023-08-08 18:00:00,24.75,26.020187,none,0.0,0.0,7.9526596,16.56,61.688717,993.9992,
55.73_37.62,2023-08-17 12:00:00,25.15,27.072433,none,0.0,0.0,4.829907,15.119999,53.868664,1007.4267,
55.73_37.62,2023-09-18 11:00:00,16.7,14.470448,none,0.0,0.0,18.25026,32.399998,70.92655,1004.47424,
55.73_37.62,2023-09-19 22:00:00,14.75,12.403137,none,0.0,0.0,15.716793,24.48,71.98855,1000.8426,
55.73_37.63,2023-05-21 17:00:00,15.5,12.564589,none,0.0,0.0,13.661038,28.8,54.076263,1007.0263,
55.73_37.63,2023-05-29 10:00:00,17.9,16.34787,none,0.0,0.0,8.707238,20.519999,37.66399,1004.24567,
55.73_37.63,2023-06-13 15:00:00,21.05,17.737473,none,0.0,0.0,16.09969,30.960001,30.316368,1005.59033,
55.73_37.63,2023-07-06 10:00:00,25.0,26.11946,none,0.0,0.0,10.703569,22.68,55.76523,1004.6942,
55.73_37.63,2023-08-17 16:00:00,26.45,27.332653,none,0.0,0.0,3.8268526,11.879999,47.52072,1007.32904,
55.73_37.63,2023-09-05 15:00:00,21.3,19.180742,none,0.0,0.0,7.208994,16.919998,36.193077,1006.1585,
55.73_37.64,2023-04-28 09:00:00,13.05,11.172158,none,0.0,0.0,11.928989,22.68,78.78155,996.3035,
55.73_37.64,2023-05-17 14:00:00,22.45,20.687794,none,0.0,0.0,13.324863,28.08,33.16015,1007.85486,
55.73_37.64,2023-06-19 10:00:00,19.35,17.861797,none,0.0,0.0,9.585739,24.48,36.51803,1003.16766,
55.73_37.64,2023-08-31 19:00:00,21.25,20.522182,none,0.0,0.0,12.682018,21.599998,61.284985,999.3323,
55.73_37.64,2023-09-01 20:00:00,20.6,19.698645,none,0.0,0.0,11.885453,18.72,60.33949,999.0847,
55.73_37.64,2023-09-25 17:00:00,16.15,14.708149,none,0.0,0.0,7.6367526,21.599998,61.525684,1015.37933,
55.73_37.65,2023-04-23 11:00:00,17.05,13.531374,none,0.0,0.0,11.165805,23.759998,34.96354,1000.9635,
55.73_37.65,2023-08-06 19:00:00,25.65,26.458447,none,0.0,0.0,12.287555,21.24,59.969765,1001.4726,
55.73_37.66,2023-04-28 08:00:00,13.05,11.172158,none,0.0,0.0,11.928989,22.68,78.78155,996.54083,
55.73_37.66,2023-06-29 14:00:00,20.3,17.408966,rain,0.3,0.0,23.419376,40.32,57.744022,986.36426,
55.73_37.67,2023-04-24 14:00:00,19.9,16.772305,none,0.0,0.0,12.864649,25.919998,26.632557,999.0507,
55.73_37.67,2023-05-11 20:00:00,11.05,9.468513,none,0.0,0.0,5.991594,11.159999,77.41787,1005.59375,
55.73_37.67,2023-05-16 17:00:00,19.8,15.9357395,none,0.0,0.0,15.807239,30.599998,33.56782,1004.4181,
55.73_37.67,2023-08-03 22:00:00,21.35,22.666656,none,0.0,0.0,9.726665,14.759999,79.207016,993.36096,
55.73_37.67,2023-08-29 10:00:00,13.65,11.745569,none,0.0,0.0,10.630672,21.599998,71.78361,997.3571,
55.73_37.67,2023-09-06 19:00:00,15.55,11.067636,none,0.0,0.0,21.67487,42.48,47.737373,999.47144,
55.73_37.68,2023-06-12 15:00:00,18.55,14.291319,none,0.0,0.0,21.749483,43.199997,32.97085,1008.77094,
55.73_37.68,2023-06-16 16:00:00,27.05,23.899115,none,0.0,0.0,14.417988,26.64,25.811003,995.7298,
55.73_37.68,2023-06-24 14:00:00,17.35,15.2851925,rain,0.1,0.0,21.26744,40.32,76.86119,994.5423,
55.73_37.68,2023-07-03 18:00:00,21.6,19.868103,none,0.0,0.0,12.661564,27.359999,48.741215,991.63715,
55.73_37.68,2023-08-11 09:00:00,22.5,22.479465,rain,0.1,0.0,19.803272,35.28,75.24829,1004.80316,
55.73_37.69,2023-09-21 16:00:00,19.7,18.80165,none,0.0,0.0,11.753876,21.599998,63.58427,1002.8207,
55.73_37.7,2023-04-24 18:00:00,16.45,11.992052,none,0.0,0.0,16.267857,36.36,33.31372,997.45483,
55.73_37.7,2023-06-01 20:00:00,17.7,16.399836,none,0.0,0.0,8.534353,18.359999,59.650833,993.2131,
55.73_37.7,2023-06-27 15:00:00,23.7,20.20742,none,0.0,0.0,16.92383,33.12,31.718494,993.7476,
55.73_37.7,2023-08-02 08:00:00,20.7,21.833559,none,0.0,0.0,11.592894,23.4,83.479095,994.63824,
55.73_37.7,2023-08-10 13:00:00,24.1,24.139643,none,0.0,0.0,9.504273,20.880001,50.226578,1006.6657,
55.73_37.71,2023-04-24 15:00:00,19.9,15.910137,none,0.0,0.0,12.287555,25.56,22.26189,999.0054,
55.73_37.71,2023-05-18 09:00:00,20.35,19.082354,none,0.0,0.0,10.086427,20.880001,53.69575,1005.2111,
55.73_37.71,2023-05-20 21:00:00,11.1,9.249271,none,0.0,0.0,9.726664,16.56,83.161804,1009.22565,
55.73_37.71,2023-05-21 23:00:00,10.0,8.649756,none,0.0,0.0,5.506941,6.4799995,86.79107,1006.4069,
55.73_37.71,2023-05-24 16:00:00,20.95,20.003819,none,0.0,0.0,11.177405,20.16,57.334858,999.1616,
55.73_37.71,2023-05-28 20:00:00,12.1,9.335191,none,0.0,0.0,10.182337,18.0,60.562645,1000.7069,
55.73_37.71,2023-06-06 15:00:00,18.4,15.055288,none,0.0,0.0,14.081478,30.239998,40.270332,1003.2516,
55.73_37.71,2023-06-09 03:00:00,13.25,11.76289,none,0.0,0.0,9.726664,14.759999,79.07582,999.2211,
55.73_37.71,2023-06-16 12:00:00,25.85,25.567759,none,0.0,0.0,6.297428,17.28,31.243004,997.7213,
55.73_37.71,2023-08-20 11:00:00,24.85,26.441471,rain,0.1,0.0,11.928989,27.72,69.54358,1002.02924,
55.73_37.71,2023-09-02 10:00:00,18.6,18.679016,none,0.0,0.0,5.8603754,13.32,69.67349,998.8351,
55.73_37.72,2023-09-24 11:00:00,21.5,18.614859,none,0.0,0.0,20.172853,35.28,48.38985,1007.2523,
55.73_37.73,2023-06-08 17:00:00,22.25,20.151937,none,0.0,0.0,10.1887,18.0,39.048065,1000.80676,
55.73_37.73,2023-07-03 12:00:00,22.4,20.56908,none,0.0,0.0,23.441502,41.399998,50.437084,988.79346,
55.73_37.74,2023-04-12 12:00:00,15.4,12.214191,none,0.0,0.0,11.720751,25.199999,35.36765,1000.54376,
55.73_37.74,2023-07-07 10:00:00,25.55,27.145233,rain,0.1,0.0,15.192682,34.56,70.985405,998.8551,
55.73_37.74,2023-07-19 10:00:00,15.3,11.500128,rain,0.2,0.0,31.09575,55.44,82.56962,982.96375,
55.73_37.74,2023-08-03 08:00:00,20.7,22.421028,none,0.0,0.0,9.585739,19.8,86.95739,992.2751,
55.73_37.74,2023-08-17 16:00:00,26.25,27.323046,none,0.0,0.0,2.9024127,10.08,48.553226,1005.961,
55.73_37.75,2023-04-13 12:00:00,15.45,10.320883,none,0.0,0.0,24.033876,44.639996,38.71585,996.2841,
55.73_37.75,2023-07-11 22:00:00,13.15,10.860918,none,0.0,0.0,14.654254,26.28,78.006294,991.8773,
55.73_37.76,2023-06-29 17:00:00,18.4,16.321798,rain,2.0,0.0,21.120682,36.719997,71.4793,983.8334,
55.73_37.76,2023-08-12 17:00:00,22.85,21.152525,none,0.0,0.0,26.459387,51.12,66.36006,998.1811,
55.73_37.76,2023-08-13 11:00:00,20.3,18.822899,none,0.0,0.0,21.9718,42.12,72.29195,995.68945,
55.73_37.77,2023-05-23 19:00:00,15.75,15.953674,none,0.0,0.0,4.896529,9.36,83.16718,999.013,
55.73_37.77,2023-08-24 19:00:00,15.85,14.61459,none,0.0,0.0,5.8603754,19.08,61.872864,994.52277,
55.73_37.78,2023-07-01 20:00:00,20.1,19.025003,none,0.0,0.0,14.471821,30.239998,64.72065,978.5125,
55.73_37.78,2023-09-27 10:00:00,13.55,12.38028,none,0.0,0.0,7.072878,17.64,76.255104,1011.5209,
55.73_37.82,2023-07-19 19:00:00,17.35,14.540913,none,0.0,0.0,17.283749,34.56,57.594105,984.0047,
55.73_37.83,2023-06-13 18:00:00,20.55,17.234972,none,0.0,0.0,13.039754,27.72,33.783684,1003.7906,
55.73_37.84,2023-04-15 20:00:00,4.55,-0.17742157,none,0.0,0.0,11.367109,20.16,40.165096,1012.5547,
55.73_37.84,2023-05-31 00:00:00,11.6,9.127147,none,0.0,0.0,9.346143,12.24,66.1748,995.1446,
55.73_37.84,2023-06-03 17:00:00,8.05,3.3233423,none,0.0,0.0,21.533897,44.639996,71.2091,997.01953,
55.73_37.84,2023-07-08 21:00:00,20.6,21.151012,none,0.0,0.0,0.35999998,5.04,57.62729,996.75867,
55.73_37.85,2023-08-06 14:00:00,29.55,31.475338,none,0.0,0.0,13.246826,27.72,51.48251,1000.88306,
55.73_37.86,2023-07-18 13:00:00,24.95,26.91964,rain,0.1,0.0,10.440001,26.64,69.12986,987.52057,
55.74_37.18,2023-07-11 09:00:00,13.95,10.958645,none,0.0,0.0,19.09358,38.16,73.06032,993.43823,
55.74_37.23,2023-05-05 16:00:00,7.45,2.3192024,none,0.0,0.0,15.021105,33.12,36.475708,1000.79236,
55.74_37.23,2023-07-15 13:00:00,16.4,15.844101,rain,0.5,0.0,14.113652,33.48,88.818054,990.76575,
55.74_37.24,2023-08-26 20:00:00,12.65,12.153259,none,0.0,0.0,7.342588,9.72,94.87774,992.6013,
55.74_37.24,2023-08-29 07:00:00,11.6,9.904032,rain,0.5,0.0,8.225035,15.119999,79.10133,994.12573,
55.74_37.28,2023-07-08 20:00:00,21.2,19.710945,none,0.0,0.0,11.298495,20.16,50.45233,997.35297,
55.74_37.37,2023-04-26 21:00:00,10.05,7.8992844,none,0.0,0.0,8.049845,10.799999,76.46477,983.2538,
55.74_37.37,2023-05-03 00:00:00,7.45,2.788208,none,0.0,0.0,15.937878,28.08,53.26019,995.8813,
55.74_37.37,2023-05-13 22:00:00,13.15,9.746611,none,0.0,0.0,14.48972,30.599998,56.338455,999.13904,
55.74_37.37,2023-07-07 21:00:00,20.65,23.183088,none,0.0,0.0,4.3349743,16.56,87.77352,992.67206,
55.74_37.37,2023-07-13 01:00:00,12.3,9.7104,none,0.0,0.0,15.876775,28.44,80.00965,984.6428,
55.74_37.37,2023-07-13 19:00:00,13.5,12.590595,rain,1.9,0.0,10.390226,18.0,90.34823,983.52386,
55.74_37.37,2023-08-12 20:00:00,21.0,20.488415,rain,0.3,0.0,19.469976,34.56,76.20438,992.60016,
55.74_37.4,2023-04-16 21:00:00,5.0,1.3736401,none,0.0,0.0,7.24486,12.959999,55.408222,1006.52216,
55.74_37.4,2023-07-15 19:00:00,17.8,16.837563,none,0.0,0.0,13.237038,30.599998,73.741646,990.53,
55.74_37.41,2023-04-07 15:00:00,10.15,5.644556,none,0.0,0.0,13.75558,28.44,40.622303,1005.515,
55.74_37.41,2023-05-08 18:00:00,9.1,5.690236,none,0.0,0.0,6.1094027,17.64,43.105286,1009.9481,
55.74_37.42,2023-07-25 18:00:00,22.65,22.72913,none,0.0,0.0,8.854829,19.44,58.883915,983.8145,
55.74_37.42,2023-08-09 11:00:00,22.75,23.59715,rain,0.1,0.0,10.144082,23.4,68.484184,991.89484,
55.74_37.43,2023-07-25 20:00:00,20.5,20.891125,none,0.0,0.0,9.9571085,17.28,72.79324,983.1029,
55.74_37.44,2023-08-26 16:00:00,17.75,16.393257,none,0.0,0.0,12.475961,24.84,66.81043,993.67053,
55.74_37.46,2023-07-04 18:00:00,24.2,21.533218,none,0.0,0.0,16.65754,27.72,38.291874,996.6078,
55.74_37.47,2023-06-14 22:00:00,16.2,14.257284,none,0.0,0.0,8.714677,13.679999,55.955746,999.92535,
55.74_37.48,2023-06-15 10:00:00,23.25,21.090855,none,0.0,0.0,16.167967,34.2,33.044373,1001.3179,
55.74_37.48,2023-06-21 17:00:00,21.7,17.744503,none,0.0,0.0,12.496719,20.880001,23.496965,998.468,
55.74_37.48,2023-08-29 08:00:00,12.1,10.1251,rain,0.3,0.0,11.753876,20.880001,81.34261,992.3251,
55.74_37.49,2023-04-12 19:00:00,10.45,7.300256,none,0.0,0.0,8.64,11.159999,53.684113,997.6167,
55.74_37.49,2023-06-14 18:00:00,23.0,19.712727,none,0.0,0.0,13.891522,27.0,30.654585,1001.04236,
55.74_37.49,2023-08-10 16:00:00,24.65,24.246567,none,0.0,0.0,4.5536795,15.119999,41.904476,1005.3625,
55.74_37.49,2023-08-30 20:00:00,15.1,14.352577,none,0.0,0.0,8.0899935,12.959999,78.56013,998.0095,
55.74_37.5,2023-04-24 20:00:00,12.2,8.646967,none,0.0,0.0,9.904906,22.319998,43.379055,998.4359,
55.74_37.5,2023-05-19 08:00:00,11.35,8.410238,rain,0.1,0.0,18.0036,32.399998,84.32438,1006.92145,
55.74_37.5,2023-08-02 19:00:00,21.65,23.920794,none,0.0,0.0,5.495161,12.24,81.520805,991.6239,
55.74_37.51,2023-06-22 00:00:00,15.25,13.970047,none,0.0,0.0,0.71999997,2.8799999,51.098297,999.8655,
55.74_37.51,2023-07-04 13:00:00,23.75,21.42195,none,0.0,0.0,13.513193,26.64,38.164253,998.4291,
55.74_37.51,2023-09-15 13:00:00,19.55,17.04877,none,0.0,0.0,11.631956,25.919998,43.64614,1003.24835,
55.74_37.52,2023-05-06 22:00:00,0.95,-3.384086,none,0.0,0.0,9.726664,18.72,58.635418,1007.0109,
55.74_37.52,2023-05-27 17:00:00,21.05,16.563913,none,0.0,0.0,19.681828,32.039997,30.42384,996.3533,
55.74_37.52,2023-06-28 10:00:00,17.0,15.406612,none,0.0,0.0,10.739833,20.880001,62.767204,990.66797,
55.74_37.52,2023-07-07 15:00:00,25.3,25.773018,rain,0.2,0.0,15.7908325,32.399998,62.795055,996.5598,
55.74_37.52,2023-07-21 11:00:00,19.95,18.135038,rain,0.1,0.0,15.978486,30.960001,50.455853,988.16693,
55.74_37.52,2023-08-10 09:00:00,19.7,19.473785,none,0.0,0.0,10.587918,23.759998,69.8865,1004.70734,
55.74_37.53,2023-04-08 13:00:00,10.55,7.04467,none,0.0,0.0,13.53236,28.44,49.446163,1009.68176,
55.74_37.53,2023-05-15 18:00:00,18.1,16.101,none,0.0,0.0,2.1897945,13.679999,35.646736,1007.4987,
55.74_37.53,2023-06-14 08:00:00,18.7,17.004759,none,0.0,0.0,9.339208,21.24,51.84723,1002.58966,
55.74_37.53,2023-06-28 12:00:00,18.95,16.365356,none,0.0,0.0,16.766108,31.319998,54.054398,989.13226,
55.74_37.53,2023-07-08 17:00:00,22.5,20.683178,none,0.0,0.0,13.441071,28.44,46.44798,1000.0218,
55.74_37.54,2023-04-14 17:00:00,7.05,-0.20027208,none,0.0,0.0,27.859905,46.44,30.413946,1006.0809,
55.74_37.54,2023-05-02 11:00:00,12.1,9.062577,none,0.0,0.0,8.209263,21.24,39.141796,1006.7931,
55.74_37.54,2023-05-09 15:00:00,12.6,9.833602,none,0.0,0.0,0.8049845,12.959999,27.787392,1012.2202,
55.74_37.54,2023-05-23 23:00:00,14.9,13.862581,none,0.0,0.0,11.4862,18.0,83.0655,1000.24054,
55.74_37.54,2023-06-01 23:00:00,13.15,11.3116865,none,0.0,0.0,8.766573,12.959999,70.24272,993.3533,
55.74_37.54,2023-07-03 18:00:00,22.65,19.516285,none,0.0,0.0,18.86139,35.28,40.51245,991.204,
55.74_37.54,2023-08-07 15:00:00,29.15,27.356724,none,0.0,0.0,24.735432,48.239998,39.808537,996.6289,
55.74_37.54,2023-09-25 20:00:00,12.1,10.80321,none,0.0,0.0,7.5685663,10.440001,82.72413,1013.5745,
55.74_37.55,2023-05-06 22:00:00,0.95,-3.384086,none,0.0,0.0,9.726664,18.72,58.635418,1008.76324,
55.74_37.55,2023-05-11 13:00:00,16.8,15.578758,none,0.0,0.0,5.6920996,24.48,46.12457,1006.23096,
55.74_37.55,2023-08-13 00:00:00,19.45,20.188513,none,0.0,0.0,14.003028,23.4,89.62572,998.3902,
55.74_37.56,2023-05-11 17:00:00,16.55,13.407953,none,0.0,0.0,10.990322,28.44,41.45721,1006.2975,
55.74_37.56,2023-06-07 10:00:00,20.8,18.429262,none,0.0,0.0,20.892412,38.16,47.07757,1003.0169,
55.74_37.56,2023-06-25 01:00:00,13.6,13.391422,none,0.0,0.0,5.04,7.2,88.294586,999.444,
55.74_37.56,2023-07-02 21:00:00,16.75,16.151793,none,0.0,0.0,7.491114,11.159999,71.642876,986.5744,
55.74_37.56,2023-07-20 10:00:00,18.3,15.027462,rain,0.1,0.0,25.2924,43.56,63.903145,986.6694,
55.74_37.57,2023-04-06 18:00:00,11.25,6.735588,none,0.0,2.0,17.148247,32.760002,48.232975,1006.8204,
55.74_37.57,2023-07-12 20:00:00,13.9,11.215155,none,0.0,0.0,14.917212,24.119999,67.81275,990.83997,
55.74_37.57,2023-09-09 20:00:00,14.3,12.252573,none,0.0,0.0,12.620554,19.8,71.422676,1008.75146,
55.74_37.57,2023-09-18 17:00:00,15.35,14.607651,none,0.0,0.0,5.6920996,19.08,71.619865,1006.79065,
55.74_37.57,2023-09-22 12:00:00,23.65,21.606325,none,0.0,0.0,14.003029,26.28,41.903706,1007.7198,
55.74_37.58,2023-04-19 18:00:00,14.3,10.346575,none,0.0,0.0,12.229406,25.919998,36.74465,1008.3309,
55.74_37.58,2023-05-23 20:00:00,15.75,16.166843,rain,0.1,0.0,4.6102495,9.72,85.92592,999.71985,
55.74_37.58,2023-06-05 01:00:00,8.55,4.7015104,none,0.0,0.0,14.20062,21.96,63.89172,1002.80994,
55.74_37.58,2023-06-30 08:00:00,16.5,16.128265,none,0.0,0.0,10.495713,21.24,82.98595,982.6011,
55.74_37.58,2023-07-21 18:00:00,19.4,17.553923,none,0.0,0.0,12.661564,25.56,54.35222,989.5464,
55.74_37.58,2023-07-24 16:00:00,18.35,15.327444,none,0.0,0.0,26.552288,47.88,69.624794,989.0417,
55.74_37.58,2023-09-02 01:00:00,16.85,15.874327,none,0.0,0.0,10.948973,18.359999,73.09301,997.16785,
55.74_37.59,2023-04-19 13:00:00,15.75,11.827023,none,0.0,0.0,16.62249,30.960001,33.230045,1008.52856,
55.74_37.59,2023-04-21 22:00:00,8.4,4.236328,none,0.0,0.0,13.363711,25.56,53.13005,995.23206,
55.74_37.59,2023-05-16 16:00:00,19.8,15.744843,none,0.0,0.0,16.79314,32.760002,32.980045,1005.37115,
55.74_37.59,2023-05-24 15:00:00,21.55,20.844185,rain,0.1,0.0,8.647496,15.119999,53.82679,998.50183,
55.74_37.59,2023-06-13 06:00:00,12.55,9.235664,none,0.0,0.0,14.021525,24.48,59.00415,1009.21277,
55.74_37.59,2023-06-17 00:00:00,18.85,17.48027,none,0.0,0.0,10.086427,23.039999,57.57888,996.38916,
55.74_37.59,2023-06-24 14:00:00,18.45,16.256346,rain,0.1,0.0,18.0,34.56,63.514923,996.7884,
55.74_37.59,2023-07-10 00:00:00,16.5,14.663481,none,0.0,0.0,17.518356,28.08,76.22527,992.22485,
55.74_37.59,2023-08-15 09:00:00,22.5,23.39635,none,0.0,0.0,10.966713,23.759998,71.31768,1003.6227,
55.74_37.59,2023-09-17 22:00:00,11.05,8.940633,none,0.0,0.0,10.97262,16.919998,81.75658,1006.7642,
55.74_37.6,2023-04-08 11:00:00,8.45,5.053912,none,0.0,1.0,10.239453,21.96,58.81524,1011.3314,
55.74_37.6,2023-05-05 08:00:00,6.55,2.2349677,rain,0.1,0.0,16.862455,29.519999,70.91529,1003.6431,
55.74_37.6,2023-05-21 01:00:00,10.35,7.89839,none,0.0,0.0,10.661107,17.28,76.777504,1008.1979,
55.74_37.6,2023-06-19 13:00:00,20.95,19.817478,none,0.0,0.0,9.1641035,22.68,30.719814,1001.86066,
55.74_37.6,2023-07-13 18:00:00,13.55,12.598965,rain,3.0,0.0,10.239453,20.880001,88.87502,989.40247,
55.74_37.6,2023-08-09 16:00:00,24.65,24.793446,none,0.0,0.0,10.315115,22.319998,54.79071,998.613,
55.74_37.6,2023-08-12 09:00:00,21.65,20.88011,none,0.0,0.0,16.203999,26.64,65.05471,1000.8086,
55.74_37.61,2023-06-28 21:00:00,16.95,15.406771,rain,0.2,0.0,14.512064,22.68,71.91675,990.62225,
55.74_37.61,2023-07-03 22:00:00,16.8,14.999762,none,0.0,0.0,8.587338,19.8,55.728214,994.8483,
55.74_37.61,2023-07-06 08:00:00,23.05,24.871447,none,0.0,0.0,5.8048253,15.4800005,70.74567,1004.62787,
55.74_37.62,2023-05-24 15:00:00,21.55,20.844185,rain,0.1,0.0,8.647496,15.119999,53.82679,1000.00305,
55.74_37.62,2023-06-05 11:00:00,14.4,10.830914,rain,0.1,0.0,19.45333,37.8,61.744305,1003.857,
55.74_37.62,2023-06-06 19:00:00,16.65,14.693344,none,0.0,0.0,9.746631,21.599998,56.45305,1002.18884,
55.74_37.62,2023-06-20 16:00:00,23.0,18.105854,none,0.0,0.0,26.081993,45.0,32.407585,997.31866,
55.74_37.62,2023-06-26 00:00:00,14.75,13.600353,none,0.0,0.0,8.287822,10.440001,73.941765,1000.3731,
55.74_37.62,2023-07-13 11:00:00,15.2,12.718212,none,0.0,0.0,19.66536,32.399998,77.285614,990.8809,
55.74_37.62,2023-08-22 12:00:00,17.95,16.740583,none,0.0,0.0,10.308831,20.16,63.61381,994.97156,
55.74_37.62,2023-09-26 18:00:00,14.2,12.649845,none,0.0,0.0,5.6920996,9.36,62.762592,1016.26135,
55.74_37.63,2023-05-31 09:00:00,11.45,8.255203,rain,2.3,0.0,20.304129,33.839996,85.48083,996.8874,
55.74_37.63,2023-06-07 18:00:00,21.35,17.5906,none,0.0,0.0,21.077686,39.239998,40.41841,1001.209,
55.74_37.64,2023-04-29 12:00:00,8.5,3.748639,rain,0.1,1.0,19.855558,34.92,62.080902,1001.83997,
55.74_37.64,2023-08-12 12:00:00,23.4,22.863216,none,0.0,0.0,18.079027,29.519999,63.578613,1001.6252,
55.74_37.64,2023-09-06 16:00:00,18.75,13.369051,none,0.0,0.0,28.257132,53.28,39.812317,999.8566,
55.74_37.65,2023-06-21 19:00:00,19.95,16.541826,none,0.0,0.0,12.10157,28.8,32.21555,1002.9918,
55.74_37.65,2023-08-02 15:00:00,25.4,25.871237,none,0.0,0.0,13.276144,23.4,56.762268,992.21094,
55.74_37.65,2023-09-12 10:00:00,15.85,14.573738,none,0.0,0.0,7.8954163,19.44,65.96537,1006.97235,
55.74_37.65,2023-09-12 14:00:00,18.9,17.148664,none,0.0,0.0,8.161764,15.84,48.663002,1003.5235,
55.74_37.66,2023-04-04 10:00:00,11.2,9.396192,none,0.0,11.0,5.904439,17.28,71.56588,996.889,
55.74_37.66,2023-04-06 11:00:00,9.55,5.3980293,none,0.0,4.0,17.873556,32.760002,64.348305,1006.41644,
55.74_37.66,2023-04-23 15:00:00,18.35,14.341915,none,0.0,0.0,11.841756,22.319998,26.880236,997.8264,
55.74_37.66,2023-05-02 20:00:00,9.1,5.8924217,none,0.0,0.0,9.3876505,14.04,60.04331,1004.3935,
55.74_37.66,2023-05-22 17:00:00,21.25,19.893028,none,0.0,0.0,13.441071,24.84,55.3699,1004.2685,
55.74_37.66,2023-05-31 18:00:00,13.15,9.608717,none,0.0,0.0,16.375053,34.2,58.947227,995.04224,
55.74_37.66,2023-08-30 18:00:00,18.65,17.599903,none,0.0,0.0,9.422101,16.199999,61.286854,996.8506,
55.74_37.67,2023-04-04 14:00:00,13.55,11.981659,none,0.0,9.0,2.6208394,13.679999,53.37476,996.6567,
55.74_37.67,2023-05-27 00:00:00,14.05,13.168264,none,0.0,0.0,7.8625183,11.879999,81.05816,995.54834,
55.74_37.67,2023-06-18 15:00:00,23.35,21.350391,none,0.0,0.0,5.8603754,18.72,31.183773,999.2424,
55.74_37.67,2023-09-16 22:00:00,7.05,4.5281754,none,0.0,0.0,9.605998,11.159999,89.55776,1011.29315,
55.74_37.68,2023-05-05 13:00:00,7.65,2.9901595,none,0.0,0.0,20.46941,39.96,54.299282,1003.71857,
55.74_37.68,2023-06-05 13:00:00,14.8,11.442709,none,0.0,0.0,18.584509,37.8,61.627403,1001.66583,
55.74_37.68,2023-09-07 18:00:00,14.9,10.712172,none,0.0,0.0,18.03237,38.88,45.748646,1004.71796,
55.74_37.69,2023-08-28 20:00:00,15.35,13.900646,none,0.0,0.0,9.178235,14.04,68.340675,995.1332,
55.74_37.7,2023-04-09 01:00:00,2.4,-1.1424108,none,0.0,1.0,8.647496,12.599999,77.97212,1008.405,
55.74_37.7,2023-06-15 18:00:00,24.5,22.42503,none,0.0,0.0,8.534353,20.16,32.054386,997.42737,
55.74_37.7,2023-08-26 14:00:00,18.1,15.4758415,none,0.0,0.0,15.379206,27.0,53.652107,997.7752,
55.74_37.71,2023-08-15 21:00:00,19.8,20.142672,none,0.0,0.0,6.439876,14.4,69.00551,1005.2604,
55.74_37.72,2023-08-30 17:00:00,18.65,17.599903,none,0.0,0.0,9.422101,16.199999,61.286854,996.8506,
55.74_37.73,2023-09-12 21:00:00,12.15,10.328445,none,0.0,0.0,9.085988,12.959999,76.28481,1004.68677,
55.74_37.75,2023-03-29 01:00:00,3.75,-1.1235566,none,0.0,18.0,18.692286,32.399998,75.67683,990.06757,
55.74_37.75,2023-05-20 23:00:00,11.15,8.785624,none,0.0,0.0,10.703569,18.359999,74.82786,1006.75256,
55.74_37.75,2023-06-06 10:00:00,16.6,14.647062,none,0.0,0.0,12.287555,26.28,53.076935,1002.032,
55.74_37.75,2023-09-17 23:00:00,10.75,8.565741,none,0.0,0.0,11.4862,20.16,83.40217,1003.7997,
55.74_37.77,2023-04-04 21:00:00,6.95,3.9430199,none,0.0,3.0,10.799999,19.08,81.21048,997.0417,
55.74_37.77,2023-09-10 15:00:00,17.4,16.440681,none,0.0,0.0,5.154415,14.4,58.585304,1002.5349,
55.74_37.78,2023-05-02 16:00:00,13.95,10.689789,none,0.0,0.0,6.6185193,16.199999,35.327156,1003.03455,
55.74_37.78,2023-06-06 16:00:00,19.5,15.835163,none,0.0,0.0,16.203999,29.519999,37.467518,999.8208,
55.74_37.78,2023-07-10 07:00:00,16.05,13.42038,none,0.0,0.0,23.749088,45.0,80.26414,989.9826,
55.74_37.79,2023-03-24 19:00:00,5.95,2.0962954,none,0.0,34.0,14.973576,30.960001,79.65011,985.349,
55.74_37.82,2023-04-27 08:00:00,11.45,10.271022,none,0.0,0.0,4.68,12.959999,79.88955,992.18353,
55.74_37.82,2023-08-01 23:00:00,18.05,19.09342,none,0.0,0.0,6.9899354,11.5199995,87.82374,993.0991,
55.74_37.82,2023-08-25 13:00:00,18.85,17.0326,none,0.0,0.0,3.396233,12.24,38.744236,996.8528,
55.74_37.82,2023-08-25 14:00:00,18.85,17.0326,none,0.0,0.0,3.396233,12.24,38.744236,996.7366,
55.74_37.83,2023-04-21 20:00:00,11.65,7.372286,none,0.0,0.0,14.044615,24.119999,42.438656,995.46344,
55.74_37.83,2023-06-15 12:00:00,24.45,23.90262,none,0.0,0.0,12.55879,28.08,36.224407,999.259,
55.74_37.83,2023-07-05 20:00:00,21.75,22.920307,none,0.0,0.0,5.692099,15.4800005,69.165115,997.8779,
55.74_37.83,2023-08-02 10:00:00,21.6,23.151558,none,0.0,0.0,9.957108,23.4,81.00461,992.85004,
55.74_37.83,2023-08-06 20:00:00,25.5,26.483223,none,0.0,0.0,11.090103,19.8,60.50618,998.1434,
55.74_37.84,2023-06-18 10:00:00,20.55,19.620216,none,0.0,0.0,5.771239,17.64,40.190228,999.0836,
55.74_37.84,2023-07-30 19:00:00,18.8,18.807627,none,0.0,0.0,7.289445,14.759999,70.6276,988.6662,
55.74_37.84,2023-09-22 01:00:00,14.6,14.921949,none,0.0,0.0,4.5536795,9.72,90.72239,1002.763,
55.74_37.85,2023-06-28 13:00:00,19.7,17.364357,none,0.0,0.0,15.629971,28.8,52.638752,990.7912,
55.74_37.86,2023-09-12 16:00:00,18.65,17.364357,none,0.0,0.0,5.315336,14.759999,50.106033,1002.4554,
55.74_37.87,2023-05-02 09:00:00,8.5,5.4447327,none,0.0,0.0,8.049845,19.44,61.417828,1005.574,
55.74_37.87,2023-06-29 22:00:00,14.9,14.834026,rain,0.1,0.0,8.161764,18.0,91.33578,983.0128,
55.74_37.87,2023-07-21 19:00:00,19.35,18.03847,none,0.0,0.0,10.390226,23.759998,57.12919,988.5243,
55.75_37.18,2023-08-29 23:00:00,14.2,14.399916,none,0.0,0.0,4.6938252,5.3999996,91.29054,996.99255,
55.75_37.33,2023-06-26 07:00:00,19.0,18.47655,none,0.0,0.0,7.9526596,18.72,64.05808,995.98724,
55.75_37.37,2023-04-29 11:00:00,8.0,3.5701284,rain,0.1,1.0,17.709658,35.64,64.45276,991.98566,
55.75_37.37,2023-07-27 00:00:00,17.2,18.065784,none,0.0,0.0,9.47012,22.319998,95.35396,978.9897,
55.75_37.37,2023-08-04 02:00:00,19.65,21.59045,none,0.0,0.0,7.928178,16.199999,92.49966,986.1691,
55.75_37.37,2023-08-27 23:00:00,14.3,14.43379,none,0.0,0.0,4.802999,10.440001,89.815186,986.4668,
55.75_37.37,2023-09-19 09:00:00,11.95,10.089496,none,0.0,0.0,12.096214,24.48,85.53363,996.0318,
55.75_37.4,2023-05-05 12:00:00,7.35,2.9755712,none,0.0,0.0,17.072504,38.16,51.12048,996.57,
55.75_37.41,2023-04-19 17:00:00,13.9,10.084996,none,0.0,0.0,11.753876,25.919998,38.960953,1002.7039,
55.75_37.41,2023-06-18 11:00:00,21.9,21.05786,none,0.0,0.0,7.69592,22.319998,35.252907,994.7343,
55.75_37.41,2023-07-25 17:00:00,23.1,22.72002,none,0.0,0.0,9.931042,21.24,54.22279,982.5267,
55.75_37.41,2023-08-25 15:00:00,18.25,16.611391,none,0.0,0.0,2.8116899,11.879999,41.51031,993.5862,
55.75_37.42,2023-04-25 22:00:00,11.3,9.996217,rain,0.2,0.0,5.6233797,12.24,80.96095,984.6631,
55.75_37.42,2023-09-03 17:00:00,21.25,20.344978,none,0.0,0.0,5.6233797,13.32,47.51904,997.7578,
55.75_37.43,2023-07-01 23:00:00,17.3,16.627728,none,0.0,0.0,13.039754,22.319998,79.914055,983.1396,
55.75_37.43,2023-07-19 20:00:00,17.4,14.391964,none,0.0,0.0,18.374111,35.28,56.833916,985.6064,
55.75_37.43,2023-07-27 10:00:00,20.8,22.22091,none,0.0,0.0,3.8773184,14.04,72.38169,990.80536,
55.75_37.44,2023-09-11 17:00:00,18.75,17.729788,none,0.0,0.0,5.0142193,11.5199995,52.743763,1002.7677,
55.75_37.45,2023-03-25 19:00:00,7.05,3.350574,none,0.0,30.000002,18.668005,31.319998,93.67754,986.0148,
55.75_37.49,2023-05-18 15:00:00,24.95,22.059345,none,0.0,0.0,10.086427,23.759998,25.511208,1003.05347,
55.75_37.49,2023-08-01 19:00:00,23.2,23.78148,none,0.0,0.0,9.585739,19.08,63.12996,992.4031,
55.75_37.5,2023-06-17 14:00:00,26.4,25.046097,none,0.0,0.0,9.0,24.119999,28.63215,998.4768,
55.75_37.5,2023-08-24 18:00:00,15.7,14.556282,none,0.0,0.0,5.0528407,20.16,62.04774,996.6258,
55.75_37.51,2023-04-18 15:00:00,14.75,11.805708,none,0.0,0.0,5.00128,14.759999,34.921387,1008.7357,
55.75_37.51,2023-05-20 12:00:00,13.75,9.774969,none,0.0,0.0,19.201874,36.36,56.296158,1009.5564,
55.75_37.51,2023-06-21 10:00:00,17.7,15.096064,none,0.0,0.0,10.829958,23.759998,43.271126,1002.4181,
55.75_37.52,2023-09-11 19:00:00,15.1,13.6558,none,0.0,0.0,7.928177,12.599999,66.47376,1001.53094,
55.75_37.53,2023-04-02 21:00:00,6.35,3.2644815,none,0.0,8.0,11.542478,20.880001,85.523834,995.9392,
55.75_37.53,2023-04-19 16:00:00,15.35,10.681708,none,0.0,0.0,14.693999,28.08,28.474312,1008.4327,
55.75_37.53,2023-04-29 10:00:00,6.05,1.3997221,none,0.0,1.0,20.12461,37.8,77.71009,998.701,
55.75_37.53,2023-08-03 07:00:00,20.7,22.060001,none,0.0,0.0,12.538134,23.4,87.77789,992.4069,
55.75_37.53,2023-09-05 16:00:00,21.45,19.4738,none,0.0,0.0,6.379216,17.28,36.111015,1005.2363,
55.75_37.53,2023-09-19 08:00:00,12.05,10.003499,none,0.0,0.0,13.276144,24.48,84.687485,1003.175,
55.75_37.53,2023-09-20 16:00:00,23.15,19.639046,none,0.0,0.0,24.066206,41.039997,43.187218,999.62573,
55.75_37.54,2023-05-10 20:00:00,12.25,9.837827,none,0.0,0.0,6.519877,8.64,56.30427,1005.5559,
55.75_37.54,2023-08-09 11:00:00,22.9,23.592106,rain,0.1,0.0,10.636766,23.759998,67.007164,997.28143,
55.75_37.55,2023-05-18 18:00:00,23.65,20.60476,none,0.0,0.0,14.24163,20.880001,32.368126,1005.31683,
55.75_37.55,2023-07-09 00:00:00,15.65,14.877434,none,0.0,0.0,7.42159,13.679999,73.852936,997.25183,
55.75_37.55,2023-09-05 22:00:00,16.0,13.287685,none,0.0,0.0,13.493999,21.599998,55.523422,1004.53534,
55.75_37.56,2023-04-03 13:00:00,10.15,8.175121,none,0.0,11.0,4.5536795,14.04,68.204346,998.63525,
55.75_37.56,2023-04-22 09:00:00,10.75,8.01836,none,0.0,0.0,8.311245,18.72,60.8752,996.68805,
55.75_37.56,2023-05-12 20:00:00,15.2,12.795095,none,0.0,0.0,9.178235,11.159999,53.071964,1003.7997,
55.75_37.56,2023-05-25 11:00:00,20.55,22.080694,rain,0.3,0.0,2.2768397,11.879999,72.80212,999.0298,
55.75_37.56,2023-06-22 22:00:00,15.65,13.11496,none,0.0,0.0,16.62249,31.319998,67.03936,997.29004,
55.75_37.56,2023-07-25 22:00:00,18.9,19.493496,none,0.0,0.0,9.114471,14.04,81.427986,988.1635,
55.75_37.56,2023-08-23 14:00:00,19.9,18.217514,rain,0.2,0.0,15.459054,32.399998,59.779392,994.094,
55.75_37.57,2023-04-06 16:00:00,13.55,8.77774,none,0.0,2.0,18.971008,32.399998,41.622932,1007.93176,
55.75_37.57,2023-04-27 14:00:00,19.45,15.548002,rain,0.3,0.0,18.043148,35.64,37.979767,995.64764,
55.75_37.57,2023-06-11 23:00:00,11.1,7.662838,none,0.0,0.0,11.440979,18.0,54.050385,1013.0805,
55.75_37.57,2023-06-27 00:00:00,16.45,15.03162,none,0.0,0.0,9.931042,15.119999,65.873276,995.8199,
55.75_37.57,2023-07-06 11:00:00,25.7,26.71045,none,0.0,0.0,10.661107,23.759998,52.13624,1004.53326,
55.75_37.57,2023-09-08 14:00:00,14.45,9.787951,none,0.0,0.0,25.346148,45.0,57.45849,999.68616,
55.75_37.58,2023-04-12 18:00:00,14.9,13.001949,none,0.0,0.0,4.379589,16.919998,50.82584,997.54535,
55.75_37.58,2023-05-05 15:00:00,7.05,2.038055,none,0.0,0.0,19.881649,36.36,46.160122,1007.744,
55.75_37.58,2023-05-20 22:00:00,11.25,8.767051,none,0.0,0.0,10.483357,16.56,71.083725,1008.2823,
55.75_37.58,2023-05-31 15:00:00,11.4,6.739971,rain,0.4,0.0,24.195107,37.44,66.59206,996.00214,
55.75_37.58,2023-07-25 20:00:00,20.5,21.103058,none,0.0,0.0,9.178235,14.04,73.96816,986.85504,
55.75_37.58,2023-08-01 10:00:00,22.7,23.853985,none,0.0,0.0,5.634891,14.759999,64.24288,994.38635,
55.75_37.58,2023-08-09 10:00:00,22.6,23.687315,rain,0.2,0.0,10.24578,21.96,71.788666,996.46277,
55.75_37.58,2023-08-25 13:00:00,18.5,16.630753,none,0.0,0.0,4.6102495,14.4,41.293823,998.67664,
55.75_37.58,2023-09-14 17:00:00,17.85,16.006794,none,0.0,0.0,9.227524,22.68,52.86449,1001.98346,
55.75_37.58,2023-09-19 21:00:00,15.65,13.8279,none,0.0,0.0,13.797912,21.24,71.91493,998.8294,
55.75_37.58,2023-09-23 23:00:00,15.2,11.597105,none,0.0,0.0,15.158522,24.48,47.63959,1009.149,
55.75_37.6,2023-05-19 03:00:00,12.35,9.651923,rain,0.4,0.0,17.935081,30.960001,83.59246,1005.9018,
55.75_37.6,2023-06-21 18:00:00,20.6,17.37959,none,0.0,0.0,9.885262,27.72,29.341211,999.6732,
55.75_37.6,2023-06-22 18:00:00,24.85,23.149626,none,0.0,0.0,9.659814,21.96,36.337822,996.25903,
55.75_37.6,2023-08-05 02:00:00,17.1,18.11303,none,0.0,0.0,6.379216,10.08,91.47565,998.93335,
55.75_37.6,2023-08-08 05:00:00,20.75,19.475595,none,0.0,0.0,16.79314,28.44,63.816597,990.7699,
55.75_37.6,2023-08-23 20:00:00,15.15,15.110184,none,0.0,0.0,7.386582,20.519999,88.42677,993.29156,
55.75_37.6,2023-08-31 21:00:00,18.15,17.33866,none,0.0,0.0,11.966954,19.8,71.66677,997.7783,
55.75_37.6,2023-09-15 11:00:00,19.5,17.003489,none,0.0,0.0,12.758432,25.199999,45.92941,1003.811,
55.75_37.61,2023-05-19 16:00:00,17.15,13.271067,none,0.0,0.0,15.629972,29.16,34.12541,1007.3911,
55.75_37.61,2023-07-31 10:00:00,21.6,21.593021,none,0.0,0.0,9.028754,19.08,61.16666,990.6389,
55.75_37.61,2023-07-31 14:00:00,24.3,23.143677,none,0.0,0.0,11.874544,22.68,43.220047,991.4615,
55.75_37.61,2023-08-22 12:00:00,17.95,16.740583,none,0.0,0.0,10.308831,20.16,63.61381,993.4594,
55.75_37.61,2023-08-28 21:00:00,14.45,12.460529,none,0.0,0.0,10.853866,18.359999,67.24037,995.1205,
55.75_37.61,2023-09-15 17:00:00,18.1,16.954487,none,0.0,0.0,5.6920996,12.599999,54.566628,1003.1053,
55.75_37.62,2023-04-02 14:00:00,9.8,5.3681765,none,0.0,11.0,19.64228,36.36,63.72692,994.2696,
55.75_37.63,2023-05-12 12:00:00,18.85,18.205584,none,0.0,0.0,5.937272,20.880001,44.661545,1002.8044,
55.75_37.63,2023-06-02 15:00:00,23.95,20.456064,none,0.0,0.0,19.083395,33.48,34.283855,991.9285,
55.75_37.63,2023-06-05 16:00:00,17.95,14.218872,none,0.0,0.0,18.0,32.760002,39.1667,999.2179,
55.75_37.63,2023-08-19 22:00:00,19.8,20.536797,none,0.0,0.0,9.085988,10.440001,78.73568,1007.0152,
55.75_37.63,2023-08-23 09:00:00,16.4,15.773087,none,0.0,0.0,11.885453,22.68,82.704315,994.483,
55.75_37.63,2023-09-23 12:00:00,22.35,20.173151,none,0.0,0.0,17.555305,30.960001,49.43276,1010.29614,
55.75_37.64,2023-03-28 11:00:00,7.25,3.9128408,none,0.0,25.0,11.183201,21.96,71.81467,993.4732,
55.75_37.64,2023-06-18 20:00:00,18.75,16.476053,none,0.0,0.0,13.246826,31.68,52.0361,1002.09045,
55.75_37.64,2023-07-05 19:00:00,23.85,23.806501,none,0.0,0.0,9.565437,26.64,54.589413,1002.5511,
55.75_37.64,2023-07-23 00:00:00,15.0,13.659668,none,0.0,0.0,9.793059,15.4800005,73.24854,994.81305,
55.75_37.64,2023-08-04 14:00:00,27.35,27.281446,none,0.0,0.0,20.633371,37.079998,50.75331,995.93634,
55.75_37.64,2023-08-17 17:00:00,26.0,27.072395,none,0.0,0.0,2.2768397,10.08,48.48656,1007.1253,
55.75_37.65,2023-04-26 12:00:00,11.35,8.40192,rain,0.3,0.0,18.335276,29.88,85.18249,984.6542,
55.75_37.65,2023-05-11 11:00:00,14.15,11.4527,rain,1.5,0.0,17.309973,32.760002,59.602432,1008.33636,
55.75_37.65,2023-05-15 22:00:00,11.9,9.623698,none,0.0,0.0,6.4799995,11.5199995,60.303085,1006.3656,
55.75_37.65,2023-06-03 11:00:00,10.65,7.2499275,rain,0.6,0.0,19.562946,32.399998,83.10708,994.3409,
55.75_37.65,2023-07-27 10:00:00,19.85,21.39935,none,0.0,0.0,4.3498964,12.599999,80.007904,991.5463,
55.75_37.65,2023-09-25 03:00:00,15.45,15.02206,none,0.0,0.0,11.246759,20.880001,89.60968,1008.997,
55.75_37.66,2023-04-10 14:00:00,12.25,9.759288,none,0.0,0.0,5.692099,18.359999,52.28119,1010.6636,
55.75_37.66,2023-05-09 18:00:00,12.55,9.034445,none,0.0,0.0,4.510787,10.440001,27.56263,1009.90875,
55.75_37.66,2023-05-23 16:00:00,17.85,17.36171,none,0.0,0.0,9.290511,25.199999,72.08185,1002.7252,
55.75_37.66,2023-05-25 10:00:00,19.25,20.827755,rain,0.4,0.0,3.8773184,14.04,82.51894,999.7221,
55.75_37.66,2023-08-02 09:00:00,20.7,21.833559,none,0.0,0.0,11.592894,23.4,83.479095,995.09973,
55.75_37.66,2023-09-04 10:00:00,20.25,19.940742,none,0.0,0.0,9.220499,20.16,64.12319,1005.9972,
55.75_37.67,2023-04-18 15:00:00,15.0,12.069635,none,0.0,0.0,4.5536795,13.679999,33.497013,1007.6772,
55.75_37.67,2023-04-30 23:00:00,6.25,2.9196405,rain,0.5,0.0,14.05845,23.4,89.807,993.8694,
55.75_37.67,2023-06-13 13:00:00,19.65,17.069311,none,0.0,0.0,19.70815,37.8,37.77331,1007.4865,
55.75_37.68,2023-03-30 07:00:00,3.7,0.40428114,none,0.0,27.000002,10.587918,16.199999,90.24648,992.09235,
55.75_37.68,2023-04-11 20:00:00,7.85,4.564824,none,0.0,0.0,10.703569,11.879999,68.44647,1001.021,
55.75_37.69,2023-04-05 13:00:00,14.2,11.016517,none,0.0,1.0,13.044722,26.28,51.71022,1002.4192,
55.75_37.69,2023-05-10 10:00:00,13.2,10.6278,none,0.0,0.0,7.6367526,18.72,47.922054,1008.1593,
55.75_37.69,2023-06-21 19:00:00,18.4,17.70832,none,0.0,0.0,4.5536795,18.359999,57.467636,1000.44135,
55.75_37.7,2023-04-14 15:00:00,7.55,0.5631552,none,0.0,0.0,27.859905,48.6,31.164846,1004.2311,
55.75_37.7,2023-04-24 09:00:00,16.8,13.787239,none,0.0,0.0,11.090103,22.319998,42.713306,999.09656,
55.75_37.7,2023-05-17 02:00:00,8.9,6.841941,none,0.0,0.0,6.8777895,11.159999,80.63222,1003.75226,
55.75_37.7,2023-05-25 14:00:00,18.2,18.937374,rain,1.2,0.0,9.504273,14.759999,87.83685,995.9105,
55.75_37.7,2023-07-01 14:00:00,23.05,22.550213,none,0.0,0.0,19.469976,37.44,57.660244,979.50574,
55.75_37.7,2023-08-05 23:00:00,19.9,20.702347,none,0.0,0.0,8.913181,10.08,78.75011,1000.34674,
55.75_37.7,2023-09-02 10:00:00,18.6,18.679016,none,0.0,0.0,5.8603754,13.32,69.67349,997.20447,
55.75_37.7,2023-09-03 13:00:00,21.35,20.392706,none,0.0,0.0,8.435069,20.880001,49.32811,1001.24774,
55.75_37.71,2023-03-30 05:00:00,4.2,1.899292,none,0.0,6.0,5.3517847,8.28,95.19978,990.12134,
55.75_37.71,2023-04-02 21:00:00,6.5,3.6628046,rain,0.1,16.0,10.464798,19.08,87.354355,994.47144,
55.75_37.71,2023-04-18 15:00:00,15.0,12.069635,none,0.0,0.0,4.5536795,13.679999,33.497013,1006.84393,
55.75_37.71,2023-04-24 08:00:00,14.85,12.346777,none,0.0,0.0,9.255571,18.72,52.795326,999.2127,
55.75_37.71,2023-05-24 16:00:00,21.65,20.907545,rain,0.1,0.0,9.007196,18.0,53.675266,997.58527,
55.75_37.71,2023-06-04 19:00:00,12.45,9.971098,none,0.0,0.0,7.729527,16.199999,57.755367,1002.1021,
55.75_37.71,2023-06-25 14:00:00,22.5,22.072668,none,0.0,0.0,7.145796,19.8,39.38616,997.0298,
55.75_37.72,2023-03-31 00:00:00,-0.9,-5.2347226,none,0.0,5.0,11.966953,22.68,83.45821,992.15015,
55.75_37.72,2023-04-21 00:00:00,6.35,2.161724,none,0.0,0.0,10.1887,19.8,46.476757,1000.4486,
55.75_37.72,2023-05-27 08:00:00,18.05,16.168577,none,0.0,0.0,13.004922,27.0,59.336636,995.6793,
55.75_37.72,2023-07-13 17:00:00,13.4,11.642575,rain,2.7,0.0,15.124284,34.56,87.98599,988.0437,
55.75_37.72,2023-08-09 13:00:00,23.6,25.633621,none,0.0,0.0,6.9527545,20.16,72.194916,994.36017,
55.75_37.72,2023-08-29 22:00:00,15.45,15.448427,none,0.0,0.0,3.6179552,6.4799995,78.35284,996.3806,
55.75_37.72,2023-09-05 18:00:00,17.55,15.550678,none,0.0,0.0,9.693296,15.4800005,52.606003,1001.69904,
55.75_37.73,2023-09-26 08:00:00,10.2,9.785647,none,0.0,0.0,1.8,10.799999,94.780624,1015.8659,
55.75_37.74,2023-08-30 07:00:00,12.75,12.24209,none,0.0,0.0,6.87779,14.04,92.71592,997.1348,
55.75_37.74,2023-09-26 20:00:00,10.45,8.80138,none,0.0,0.0,6.3690495,9.72,80.294525,1013.9166,
55.75_37.76,2023-05-19 14:00:00,16.75,13.153915,none,0.0,0.0,16.65754,35.28,39.65277,1005.59564,
55.75_37.76,2023-09-01 02:00:00,16.1,15.343403,none,0.0,0.0,11.480557,20.16,81.32853,996.42596,
55.75_37.76,2023-09-26 11:00:00,15.1,14.648853,none,0.0,0.0,2.6208394,12.24,70.149254,1015.113,
55.75_37.77,2023-04-10 14:00:00,12.6,9.904896,none,0.0,0.0,9.449572,22.319998,55.21928,1006.49744,
55.75_37.77,2023-06-26 10:00:00,21.85,21.578787,none,0.0,0.0,7.928178,22.319998,51.983685,996.3509,
55.75_37.78,2023-04-07 08:00:00,4.4,-0.12176514,none,0.0,0.0,14.689589,29.519999,64.32396,1006.3414,
55.75_37.78,2023-06-01 18:00:00,19.75,18.066273,none,0.0,0.0,9.47012,24.84,49.392845,990.1476,
55.75_37.78,2023-07-01 01:00:00,13.75,13.079773,rain,0.6,0.0,10.661107,19.8,93.99375,977.7903,
55.75_37.78,2023-08-08 11:00:00,24.5,24.793638,none,0.0,0.0,12.10157,27.0,59.133293,990.52045,
55.75_37.78,2023-08-28 13:00:00,19.9,18.697401,none,0.0,0.0,7.42159,19.08,48.11586,992.4483,
55.75_37.78,2023-09-01 14:00:00,26.4,25.463833,none,0.0,0.0,10.315115,28.08,40.35248,996.2707,
55.75_37.78,2023-09-23 22:00:00,16.6,12.992491,none,0.0,0.0,15.815435,26.28,44.957245,1004.89764,
55.75_37.79,2023-07-04 12:00:00,23.1,20.81477,none,0.0,0.0,13.584932,31.319998,40.23055,996.67285,
55.75_37.79,2023-07-17 18:00:00,23.55,25.181278,none,0.0,0.0,4.3349743,14.759999,64.63183,993.88525,
55.75_37.79,2023-09-05 16:00:00,21.0,19.451466,none,0.0,0.0,4.6938257,15.84,39.226982,1001.9501,
55.75_37.79,2023-09-22 08:00:00,17.15,17.57957,none,0.0,0.0,7.10031,16.199999,84.144775,1005.1692,
55.75_37.8,2023-04-06 12:00:00,12.2,8.323042,none,0.0,0.0,19.164717,37.8,54.342373,1004.6281,
55.75_37.8,2023-09-06 20:00:00,14.5,10.521868,none,0.0,0.0,18.218275,34.56,51.072758,998.16345,
55.75_37.81,2023-04-14 19:00:00,5.0,-1.3641746,none,0.0,0.0,21.897945,43.199997,35.591827,1004.03577,
55.75_37.81,2023-05-21 22:00:00,10.9,9.376927,none,0.0,0.0,6.519877,10.799999,81.182655,1002.58575,
55.75_37.81,2023-05-27 19:00:00,18.0,13.87652,none,0.0,0.0,20.288164,39.96,43.0565,996.02094,
55.75_37.81,2023-07-05 19:00:00,21.75,22.920307,none,0.0,0.0,5.692099,15.4800005,69.165115,998.1085,
55.75_37.81,2023-08-06 18:00:00,27.3,28.487946,none,0.0,0.0,12.10157,22.319998,57.222267,997.4887,
55.75_37.81,2023-09-27 19:00:00,12.75,11.672627,none,0.0,0.0,5.506941,6.4799995,77.682816,1009.60266,
55.75_37.82,2023-04-08 13:00:00,11.7,8.184541,none,0.0,0.0,11.709688,26.28,42.76382,1008.51953,
55.75_37.82,2023-04-08 19:00:00,7.3,3.969613,none,0.0,0.0,8.699793,11.5199995,61.570263,1006.7714,
55.75_37.82,2023-05-28 19:00:00,13.85,11.004144,none,0.0,0.0,11.753876,26.28,56.71417,997.90625,
55.75_37.82,2023-06-13 22:00:00,13.75,11.7525425,none,0.0,0.0,7.7043357,11.879999,61.803547,1000.904,
55.75_37.82,2023-07-01 17:00:00,23.65,22.355968,none,0.0,0.0,13.441071,30.960001,48.48934,978.31915,
55.75_37.82,2023-07-19 08:00:00,14.55,10.310749,rain,1.7,0.0,35.364388,64.799995,89.833954,977.40466,
55.75_37.82,2023-08-28 08:00:00,16.15,15.8913,none,0.0,0.0,4.8433046,13.679999,73.695984,992.3681,
55.75_37.82,2023-09-01 16:00:00,25.8,24.916666,none,0.0,0.0,10.948973,21.24,43.06677,995.81067,
55.75_37.82,2023-09-12 16:00:00,19.05,17.465004,none,0.0,0.0,6.763786,16.919998,47.719772,1002.032,
55.75_37.82,2023-09-26 21:00:00,10.35,8.646928,none,0.0,0.0,7.4128532,10.440001,83.07045,1012.572,
55.75_37.83,2023-06-29 18:00:00,16.75,16.394625,rain,0.1,0.0,10.990322,35.64,83.0159,982.1693,
55.75_37.84,2023-08-05 00:00:00,18.55,19.819944,none,0.0,0.0,6.130579,11.159999,86.48029,995.33344,
55.75_37.84,2023-08-28 03:00:00,10.65,10.155089,none,0.0,0.0,4.198285,5.04,98.020744,992.0227,
55.75_37.84,2023-09-08 12:00:00,14.2,9.82111,rain,0.1,0.0,25.759504,53.28,64.50082,996.3018,
55.75_37.86,2023-08-17 18:00:00,23.55,26.005138,none,0.0,0.0,4.6938252,5.7599998,73.32614,1003.76965,
55.75_37.86,2023-09-03 12:00:00,20.3,19.434483,none,0.0,0.0,9.793059,22.319998,57.36396,1000.8972,
55.75_37.86,2023-09-10 18:00:00,16.1,16.285583,none,0.0,0.0,3.319036,10.440001,77.424866,1002.0588,
55.75_37.87,2023-08-04 10:00:00,25.4,27.889683,rain,0.1,0.0,11.681987,25.919998,75.01754,992.22906,
55.75_37.87,2023-08-16 01:00:00,15.95,15.700619,none,0.0,0.0,9.178235,15.119999,84.83458,1003.7579,
55.75_37.87,2023-09-10 18:00:00,15.9,15.087872,none,0.0,0.0,4.3349743,5.7599998,64.87689,1001.8495,
55.75_37.88,2023-04-13 19:00:00,11.5,5.2672663,none,0.0,0.0,26.758923,46.44,40.7219,996.81665,
55.75_37.88,2023-06-04 11:00:00,13.4,10.232474,rain,0.1,0.0,16.299694,32.760002,51.6749,1001.92505,
55.75_37.88,2023-08-12 13:00:00,23.5,23.405087,none,0.0,0.0,16.171976,29.16,64.82692,998.5139,
55.76_37.24,2023-06-11 23:00:00,10.6,7.4339314,none,0.0,0.0,9.826088,18.0,56.677773,1010.0192,
55.76_37.24,2023-07-27 17:00:00,24.0,23.68089,none,0.0,0.0,14.145756,28.8,57.889996,988.3725,
55.76_37.35,2023-09-19 13:00:00,17.4,16.28049,rain,0.5,0.0,15.141414,29.88,77.37157,999.1248,
55.76_37.35,2023-09-26 20:00:00,11.5,9.922287,none,0.0,0.0,6.638072,10.799999,77.22486,1011.1976,
55.76_37.37,2023-04-15 16:00:00,7.65,1.9941854,none,0.0,0.0,16.563911,32.760002,27.739168,1007.22314,
55.76_37.37,2023-04-27 20:00:00,14.5,12.144991,none,0.0,0.0,10.315115,16.919998,59.27903,988.27527,
55.76_37.37,2023-05-19 14:00:00,17.05,13.619205,none,0.0,0.0,15.137133,34.2,38.22259,1002.6509,
55.76_37.37,2023-08-01 05:00:00,13.45,13.182678,none,0.0,0.0,7.10031,10.799999,93.67232,987.2359,
55.76_37.37,2023-08-06 18:00:00,29.0,29.981182,none,0.0,0.0,13.661038,28.8,51.99072,994.8146,
55.76_37.37,2023-08-22 15:00:00,18.85,18.396683,rain,0.1,0.0,6.924738,16.56,63.604206,992.4522,
55.76_37.38,2023-04-25 07:00:00,11.15,9.2506895,none,0.0,0.0,5.1165614,13.679999,67.23543,991.25824,
55.76_37.39,2023-04-30 01:00:00,3.25,0.10694361,none,0.0,1.0,6.87779,9.72,78.676056,996.66864,
55.76_37.41,2023-03-28 08:00:00,0.95,-1.7406423,none,0.0,9.0,3.8773184,9.36,93.3677,986.14844,
55.76_37.41,2023-04-11 13:00:00,13.4,9.899279,none,0.0,0.0,10.587917,27.0,42.948936,999.5062,
55.76_37.41,2023-04-14 22:00:00,1.8,-4.5826874,none,0.0,0.0,20.696085,38.16,36.605816,1002.9943,
55.76_37.41,2023-06-19 00:00:00,15.45,12.692532,none,0.0,0.0,14.386494,25.199999,58.904522,995.662,
55.76_37.41,2023-09-15 16:00:00,19.7,17.609306,none,0.0,0.0,8.654987,20.880001,42.94581,999.9609,
55.76_37.42,2023-04-24 15:00:00,20.05,16.21416,none,0.0,0.0,10.365251,21.96,23.65389,992.71405,
55.76_37.46,2023-06-29 11:00:00,19.8,18.667845,rain,0.2,0.0,12.429127,25.919998,54.6369,987.2908,
55.76_37.47,2023-09-08 08:00:00,10.95,7.263521,none,0.0,0.0,18.971008,32.039997,73.26568,1002.7254,
55.76_37.49,2023-09-27 20:00:00,12.3,11.196193,none,0.0,0.0,6.151683,8.64,81.36908,1013.19104,
55.76_37.5,2023-06-04 21:00:00,9.0,5.977951,none,0.0,0.0,8.654987,13.679999,62.4219,1005.1015,
55.76_37.51,2023-04-16 15:00:00,12.2,7.083845,none,0.0,0.0,14.003028,27.72,23.821312,1013.74554,
55.76_37.51,2023-05-06 18:00:00,4.5,-0.9241071,none,0.0,0.0,16.79314,34.56,43.536766,1007.61865,
55.76_37.51,2023-05-17 18:00:00,22.2,19.133877,none,0.0,0.0,13.324863,25.56,33.66829,1005.8998,
55.76_37.51,2023-07-20 14:00:00,20.65,17.73146,none,0.0,0.0,23.469128,45.0,52.71138,986.6989,
55.76_37.51,2023-09-12 19:00:00,12.65,10.959723,none,0.0,0.0,8.714677,11.879999,75.33914,1003.66016,
55.76_37.52,2023-03-28 18:00:00,8.0,3.4137955,none,0.0,21.0,17.58481,34.56,59.77086,993.1992,
55.76_37.52,2023-04-19 18:00:00,12.1,8.384388,none,0.0,0.0,11.019764,19.44,43.66533,1007.86383,
55.76_37.52,2023-05-22 20:00:00,17.35,17.369942,none,0.0,0.0,5.6920996,7.92,74.14748,1004.6473,
55.76_37.52,2023-05-29 19:00:00,16.15,14.272209,none,0.0,0.0,7.771331,14.04,54.994602,1001.6888,
55.76_37.52,2023-07-29 13:00:00,16.15,15.465059,rain,1.1,0.0,14.24163,26.64,88.51088,988.0101,
55.76_37.52,2023-08-17 15:00:00,26.5,27.451284,none,0.0,0.0,4.510787,17.64,45.42669,1006.85754,
55.76_37.53,2023-04-24 18:00:00,16.4,11.749957,none,0.0,0.0,16.645864,38.16,31.304945,997.35364,
55.76_37.53,2023-04-29 02:00:00,3.85,-0.23600006,rain,1.5,0.0,16.563911,33.12,92.201454,997.3087,
55.76_37.53,2023-05-11 18:00:00,15.3,14.112972,none,0.0,0.0,3.6179552,19.8,59.47404,1005.5968,
55.76_37.53,2023-06-28 08:00:00,14.9,14.284424,none,0.0,0.0,6.763786,12.24,78.53052,993.48987,
55.76_37.53,2023-07-07 04:00:00,20.4,21.080774,none,0.0,0.0,13.0447235,21.599998,82.13726,999.7393,
55.76_37.53,2023-07-10 21:00:00,15.45,12.447617,none,0.0,0.0,21.288757,36.0,71.39993,995.84106,
55.76_37.54,2023-04-28 20:00:00,8.8,5.1378374,none,0.0,0.0,17.057314,31.68,78.14,998.0338,
55.76_37.54,2023-07-11 11:00:00,15.1,11.783501,none,0.0,0.0,21.602999,39.239998,68.51974,993.656,
55.76_37.54,2023-08-10 22:00:00,18.5,18.11872,none,0.0,0.0,8.669949,12.959999,69.42653,1007.6223,
55.76_37.54,2023-09-10 18:00:00,16.5,16.054213,none,0.0,0.0,2.968636,9.36,65.00834,1004.3448,
55.76_37.54,2023-09-23 14:00:00,23.9,19.191484,none,0.0,0.0,22.862125,43.199997,27.939896,1007.9304,
55.76_37.55,2023-05-15 17:00:00,18.4,16.228516,none,0.0,0.0,2.16,12.959999,32.576206,1004.106,
55.76_37.56,2023-04-17 11:00:00,9.75,6.8223715,none,0.0,0.0,6.489992,15.84,54.076942,1012.7522,
55.76_37.56,2023-07-20 00:00:00,14.3,11.503616,none,0.0,0.0,18.416384,30.239998,73.12327,982.93884,
55.76_37.56,2023-08-04 17:00:00,27.1,26.054691,none,0.0,0.0,20.991426,36.0,50.365566,993.38434,
55.76_37.56,2023-08-05 07:00:00,19.3,20.62162,none,0.0,0.0,6.763786,12.959999,84.38347,1000.8419,
55.76_37.56,2023-08-22 20:00:00,15.25,14.760075,none,0.0,0.0,7.9526596,12.24,81.7533,992.2836,
55.76_37.56,2023-08-30 18:00:00,18.85,17.86716,none,0.0,0.0,9.0645685,15.84,60.726574,997.2116,
55.76_37.56,2023-08-31 17:00:00,24.25,22.902502,none,0.0,0.0,16.08761,28.08,49.93936,997.0514,
55.76_37.57,2023-08-16 11:00:00,23.2,22.65024,none,0.0,0.0,13.450708,26.28,53.720623,1006.37573,
55.76_37.57,2023-09-25 13:00:00,18.85,17.088133,none,0.0,0.0,13.479583,26.64,58.93784,1010.34283,
55.76_37.58,2023-04-21 12:00:00,14.1,10.568185,none,0.0,0.0,13.905509,27.72,33.60152,998.3428,
55.76_37.58,2023-04-28 16:00:00,14.2,11.578552,none,0.0,0.0,15.546833,32.039997,69.26753,995.2034,
55.76_37.58,2023-05-04 14:00:00,13.65,9.924874,none,0.0,0.0,6.1305785,16.919998,26.144314,1004.7951,
55.76_37.58,2023-05-05 09:00:00,6.6,1.1568627,rain,0.1,0.0,23.132626,39.96,64.36335,1003.065,
55.76_37.58,2023-07-20 09:00:00,18.3,15.027462,rain,0.1,0.0,25.2924,43.56,63.903145,986.2082,
55.76_37.58,2023-07-27 01:00:00,16.8,17.565273,none,0.0,0.0,9.178235,15.4800005,95.64459,984.9609,
55.76_37.58,2023-08-16 17:00:00,25.45,24.612701,none,0.0,0.0,10.08,20.519999,43.253628,1006.8843,
55.76_37.58,2023-09-17 14:00:00,17.5,14.585522,none,0.0,0.0,13.358861,26.64,47.29077,1009.33936,
55.76_37.59,2023-05-22 16:00:00,20.55,20.359312,none,0.0,0.0,9.339208,25.199999,62.333668,1003.7702,
55.76_37.59,2023-06-13 16:00:00,21.4,18.141384,none,0.0,0.0,15.517629,30.239998,29.254988,1003.1522,
55.76_37.59,2023-06-21 09:00:00,17.8,15.125248,none,0.0,0.0,11.043261,23.039999,42.85005,999.04504,
55.76_37.59,2023-09-15 12:00:00,19.5,17.003489,none,0.0,0.0,12.758432,25.199999,45.92941,1002.17694,
55.76_37.6,2023-04-21 16:00:00,14.65,9.529344,none,0.0,0.0,18.94024,32.039997,32.667072,994.79974,
55.76_37.6,2023-04-23 21:00:00,10.3,6.5580482,none,0.0,0.0,11.200571,17.64,49.197483,997.00116,
55.76_37.6,2023-05-17 13:00:00,22.15,20.001633,none,0.0,0.0,15.517629,29.88,32.05376,1004.8048,
55.76_37.6,2023-07-03 10:00:00,21.1,19.00108,none,0.0,0.0,24.29133,41.760002,61.650654,984.9334,
55.76_37.6,2023-07-08 07:00:00,19.95,20.502764,none,0.0,0.0,11.183201,23.4,79.513725,996.6971,
55.76_37.6,2023-07-20 18:00:00,19.0,16.733406,none,0.0,0.0,16.23596,31.68,57.04229,985.17834,
55.76_37.6,2023-08-01 14:00:00,24.8,26.221148,none,0.0,0.0,7.2,18.72,52.749138,991.8832,
55.76_37.6,2023-08-06 00:00:00,19.3,19.994343,none,0.0,0.0,8.557102,11.159999,79.67726,999.44086,
55.76_37.6,2023-08-26 19:00:00,16.9,16.628536,none,0.0,0.0,7.2359104,21.599998,75.2959,994.20166,
55.76_37.6,2023-09-01 19:00:00,22.3,21.737667,none,0.0,0.0,10.829958,16.56,56.364994,996.44476,
55.76_37.6,2023-09-23 16:00:00,22.1,18.641424,none,0.0,0.0,15.941944,33.48,33.756676,1005.3123,
55.76_37.6,2023-09-26 18:00:00,14.2,12.649845,none,0.0,0.0,5.6920996,9.36,62.762592,1012.17523,
55.76_37.61,2023-03-28 16:00:00,9.3,4.33904,none,0.0,23.0,19.881649,33.12,53.76163,991.00964,
55.76_37.62,2023-05-12 15:00:00,21.0,17.210133,none,0.0,0.0,14.494192,25.56,26.081299,1002.59204,
55.76_37.62,2023-05-14 15:00:00,17.2,13.268925,none,0.0,0.0,14.168641,30.239998,35.00725,1005.6639,
55.76_37.62,2023-07-02 15:00:00,23.25,20.057554,none,0.0,0.0,20.172853,37.44,40.408985,982.6034,
55.76_37.62,2023-07-02 19:00:00,20.4,19.831656,none,0.0,0.0,8.699793,16.56,59.50574,984.78436,
55.76_37.62,2023-07-11 10:00:00,14.8,11.20133,none,0.0,0.0,23.444265,39.239998,69.621,992.31006,
55.76_37.62,2023-08-03 14:00:00,28.5,28.406754,none,0.0,0.0,12.7279215,29.519999,43.809692,991.27167,
55.76_37.62,2023-08-21 08:00:00,14.8,13.705219,none,0.0,0.0,11.440978,21.96,82.5079,1000.1138,
55.76_37.62,2023-08-23 14:00:00,19.9,18.217514,rain,0.2,0.0,15.459054,32.399998,59.779392,992.0165,
55.76_37.62,2023-09-07 17:00:00,15.55,10.545405,none,0.0,0.0,22.553934,40.68,41.314358,1005.90283,
55.76_37.63,2023-03-30 09:00:00,4.25,0.8154144,none,0.0,18.0,11.298495,20.519999,85.599724,991.71857,
55.76_37.63,2023-04-20 13:00:00,15.5,12.255447,none,0.0,0.0,11.983188,24.84,36.042557,1003.0442,
55.76_37.63,2023-05-12 21:00:00,14.15,11.4088955,none,0.0,0.0,8.707237,12.24,49.5656,1000.84875,
55.76_37.63,2023-08-05 01:00:00,17.4,18.360031,none,0.0,0.0,6.87779,11.5199995,90.04451,997.3276,
55.76_37.63,2023-08-11 13:00:00,25.85,25.977522,none,0.0,0.0,19.694992,39.6,62.71921,1001.19666,
55.76_37.63,2023-08-12 02:00:00,21.2,21.668077,none,0.0,0.0,13.910169,21.599998,77.20836,999.8178,
55.76_37.63,2023-08-13 01:00:00,18.45,19.510757,none,0.0,0.0,11.043261,21.96,93.90495,996.9913,
55.76_37.63,2023-09-27 23:00:00,9.85,8.496532,none,0.0,0.0,6.763786,10.440001,91.93019,1009.7628,
55.76_37.64,2023-04-25 22:00:00,11.45,10.084233,rain,0.2,0.0,6.489992,10.08,81.532,987.9968,
55.76_37.64,2023-06-07 19:00:00,18.65,16.435888,none,0.0,0.0,11.681987,29.88,50.106033,997.69446,
55.76_37.64,2023-06-18 11:00:00,21.5,20.847414,none,0.0,0.0,7.2805495,20.16,37.393642,999.5239,
55.76_37.64,2023-08-03 19:00:00,23.4,25.14807,none,0.0,0.0,8.287822,15.119999,72.15927,990.52167,
55.76_37.64,2023-08-10 17:00:00,24.0,23.529932,none,0.0,0.0,6.162207,13.32,45.18716,1003.95996,
55.76_37.65,2023-06-16 20:00:00,23.3,22.20537,none,0.0,0.0,7.5942082,22.319998,42.94101,992.79285,
55.76_37.65,2023-07-27 10:00:00,19.85,21.39935,none,0.0,0.0,4.3498964,12.599999,80.007904,987.2914,
55.76_37.65,2023-07-29 14:00:00,16.2,15.311951,rain,1.2,0.0,15.509274,30.960001,87.94413,986.4048,
55.76_37.65,2023-08-10 18:00:00,24.0,23.529932,none,0.0,0.0,6.162207,13.32,45.18716,1004.19006,
55.76_37.66,2023-04-03 21:00:00,7.6,5.671424,rain,0.1,2.0,4.0249224,13.679999,80.16987,996.6353,
55.76_37.66,2023-04-07 19:00:00,7.05,2.3601723,none,0.0,0.0,14.241629,23.4,46.855377,1008.4936,
55.76_37.66,2023-05-03 21:00:00,10.25,7.0909204,none,0.0,0.0,9.114471,18.72,55.785046,1002.2628,
55.76_37.66,2023-06-27 17:00:00,18.9,16.849453,none,0.0,0.0,16.595179,34.2,60.93995,991.6064,
55.76_37.66,2023-07-06 18:00:00,26.8,27.799324,none,0.0,0.0,7.386582,14.4,51.754665,999.98193,
55.76_37.66,2023-07-11 08:00:00,14.2,10.704218,none,0.0,0.0,23.499481,38.519997,74.34247,990.7473,
55.76_37.66,2023-08-12 22:00:00,20.65,20.529167,rain,0.1,0.0,18.837324,31.319998,81.393524,996.25995,
55.76_37.66,2023-08-28 05:00:00,10.05,9.647765,none,0.0,0.0,2.968636,7.5599995,100.0,993.406,
55.76_37.66,2023-09-05 22:00:00,15.45,13.145042,none,0.0,0.0,11.792404,21.599998,60.1219,1001.8037,
55.76_37.67,2023-04-08 12:00:00,9.75,6.2504673,none,0.0,0.0,12.661564,25.199999,52.920235,1011.5056,
55.76_37.68,2023-06-07 17:00:00,22.1,17.687124,none,0.0,0.0,23.469128,40.68,35.31017,999.8791,
55.76_37.68,2023-07-25 18:00:00,21.9,22.746773,none,0.0,0.0,7.6367526,14.4,68.09775,988.8877,
55.76_37.69,2023-03-27 17:00:00,7.4,3.126544,rain,0.1,13.0,17.727943,29.16,71.58891,983.79095,
55.76_37.69,2023-05-15 18:00:00,18.4,16.213173,none,0.0,0.0,2.6208394,10.08,33.282074,1006.94434,
55.76_37.69,2023-06-12 17:00:00,18.05,13.265745,none,0.0,0.0,21.288757,38.519997,35.758896,1009.0954,
55.76_37.69,2023-08-01 11:00:00,23.5,24.80321,none,0.0,0.0,6.792466,16.919998,59.08608,993.7297,
55.76_37.7,2023-06-08 18:00:00,21.5,20.124899,none,0.0,0.0,8.654987,18.0,46.483723,999.679,
55.76_37.71,2023-06-03 22:00:00,7.75,4.6151514,none,0.0,0.0,11.609651,17.28,76.62118,997.8159,
55.76_37.71,2023-06-13 08:00:00,14.3,11.020609,none,0.0,0.0,15.175612,29.88,56.241833,1008.20404,
55.76_37.71,2023-07-19 16:00:00,18.7,14.3218155,none,0.0,0.0,27.766712,63.0,52.375683,982.8527,
55.76_37.72,2023-05-03 18:00:00,12.95,9.205801,rain,0.1,0.0,18.668005,37.44,62.25752,1001.17316,
55.76_37.72,2023-06-01 13:00:00,19.6,15.046612,none,0.0,0.0,23.233252,45.719997,38.960396,991.9605,
55.76_37.73,2023-09-07 06:00:00,9.15,5.701601,none,0.0,0.0,17.654688,29.88,83.78304,1002.9052,
55.76_37.74,2023-04-29 00:00:00,6.2,2.2283425,rain,1.6,0.0,18.59845,32.399998,90.74802,995.046,
55.76_37.75,2023-04-28 08:00:00,11.0,9.249044,rain,0.1,0.0,9.220499,17.64,84.284546,993.33356,
55.76_37.75,2023-08-11 09:00:00,20.95,21.114727,rain,0.2,0.0,17.026896,32.760002,80.157455,1003.89276,
55.76_37.75,2023-09-01 18:00:00,23.95,23.67232,none,0.0,0.0,10.30883,19.8,53.044544,996.86914,
55.76_37.76,2023-04-08 15:00:00,12.15,8.562277,none,0.0,0.0,8.669949,20.16,39.156586,1008.1475,
55.76_37.76,2023-05-02 19:00:00,11.5,8.480572,none,0.0,0.0,8.759178,16.919998,53.20278,1002.64075,
55.76_37.76,2023-08-13 01:00:00,19.05,19.662642,none,0.0,0.0,14.113652,25.919998,90.44858,996.39246,
55.76_37.76,2023-09-01 07:00:00,16.9,16.47619,none,0.0,0.0,10.97262,21.599998,81.16833,997.4551,
55.76_37.76,2023-09-12 13:00:00,17.65,16.851795,none,0.0,0.0,5.8048253,19.08,57.66849,1002.6488,
55.76_37.76,2023-09-26 05:00:00,6.05,4.3474827,none,0.0,0.0,4.896529,5.7599998,100.0,1014.1184,
55.76_37.77,2023-05-17 08:00:00,17.45,15.704674,none,0.0,0.0,8.557102,20.16,54.214287,1004.8742,
55.76_37.78,2023-04-14 13:00:00,6.1,0.22093773,none,0.0,0.0,25.683926,49.32,43.35151,1003.4021,
55.76_37.78,2023-08-19 00:00:00,19.65,21.577984,none,0.0,0.0,9.290511,15.119999,94.84413,1006.21173,
55.76_37.79,2023-04-08 21:00:00,5.95,2.3139315,none,0.0,0.0,9.0,14.4,59.474415,1006.4073,
55.76_37.79,2023-04-26 11:00:00,11.2,8.778395,rain,0.2,0.0,15.1884165,30.239998,87.494736,982.01575,
55.76_37.79,2023-07-07 16:00:00,25.25,27.436634,none,0.0,0.0,7.968939,31.319998,68.117546,995.27057,
55.76_37.79,2023-08-01 19:00:00,23.3,24.512499,none,0.0,0.0,6.9247384,16.56,65.197914,990.81464,
55.76_37.79,2023-09-09 23:00:00,13.35,11.741235,none,0.0,0.0,10.464798,18.0,78.29897,1003.8986,
55.76_37.79,2023-09-14 12:00:00,19.5,17.682291,none,0.0,0.0,12.72283,27.359999,51.536465,1000.6932,
55.76_37.8,2023-04-13 17:00:00,14.75,9.065506,none,0.0,0.0,23.893261,43.56,35.176716,994.8861,
55.76_37.82,2023-04-07 16:00:00,10.25,5.5943584,none,0.0,0.0,14.830076,29.16,40.501675,1005.86194,
55.76_37.82,2023-04-29 20:00:00,5.3,1.8720255,none,0.0,1.0,9.585739,14.4,71.69541,1000.3554,
55.76_37.83,2023-07-05 23:00:00,17.4,17.915369,none,0.0,0.0,6.638072,10.799999,83.093414,999.1627,
55.76_37.83,2023-07-22 05:00:00,12.5,10.865566,none,0.0,0.0,12.413476,20.880001,87.90625,990.43933,
55.76_37.84,2023-03-27 12:00:00,8.6,4.809963,rain,0.1,12.0,16.375053,31.68,73.34809,978.7996,
55.76_37.84,2023-05-27 22:00:00,13.9,9.683853,none,0.0,0.0,16.78156,33.839996,44.980877,996.92847,
55.76_37.84,2023-05-28 22:00:00,11.25,8.392604,none,0.0,0.0,10.464797,18.359999,62.94946,998.6563,
55.76_37.84,2023-06-08 19:00:00,19.2,18.32816,none,0.0,0.0,7.172949,14.04,57.282475,997.6684,
55.76_37.84,2023-08-01 20:00:00,18.65,19.405306,none,0.0,0.0,8.825508,10.440001,84.31186,991.43353,
55.77_37.25,2023-06-05 20:00:00,14.4,13.113483,none,0.0,0.0,5.1544156,15.84,65.20745,1001.86487,
55.77_37.25,2023-06-23 17:00:00,22.5,23.722755,none,0.0,0.0,1.1384199,20.16,59.615242,993.4558,
55.77_37.25,2023-08-11 21:00:00,20.9,21.894604,rain,0.3,0.0,10.009036,24.84,78.14759,1003.7031,
55.77_37.25,2023-08-17 17:00:00,25.8,27.299093,none,0.0,0.0,4.1046314,12.959999,55.078148,1006.558,
55.77_37.25,2023-09-25 11:00:00,17.0,16.071365,none,0.0,0.0,10.1887,24.119999,71.45328,1011.1008,
55.77_37.37,2023-05-15 00:00:00,8.05,5.620167,none,0.0,0.0,6.439876,11.5199995,73.76515,1005.3241,
55.77_37.37,2023-05-20 14:00:00,14.45,10.35869,rain,0.1,0.0,19.562946,38.16,52.68857,1007.78467,
55.77_37.37,2023-06-20 19:00:00,18.75,16.369623,rain,0.2,0.0,17.518356,46.44,58.913647,994.9185,
55.77_37.38,2023-06-16 22:00:00,19.8,18.235691,none,0.0,0.0,8.287822,12.24,48.579014,994.1974,
55.77_37.38,2023-07-05 19:00:00,23.85,23.039848,none,0.0,0.0,12.287555,29.519999,50.986694,998.74774,
55.77_37.38,2023-08-04 19:00:00,23.4,24.385544,none,0.0,0.0,8.905908,22.68,65.42679,993.54974,
55.77_37.4,2023-05-23 17:00:00,18.5,17.425587,none,0.0,0.0,12.287555,34.92,67.18721,1000.6733,
55.77_37.4,2023-06-22 20:00:00,23.9,23.836319,none,0.0,0.0,4.452954,15.4800005,46.98558,994.51135,
55.77_37.41,2023-05-15 21:00:00,11.9,9.421829,none,0.0,0.0,7.5170207,9.36,59.25689,1002.44965,
55.77_37.41,2023-09-01 19:00:00,21.8,21.690912,none,0.0,0.0,8.557102,14.04,59.44962,996.6789,
55.77_37.42,2023-04-30 17:00:00,10.15,6.352669,none,0.0,0.0,12.397806,22.319998,52.459274,996.09393,
55.77_37.42,2023-05-11 17:00:00,17.1,13.29821,none,0.0,0.0,15.1884165,32.760002,39.33533,1005.46094,
55.77_37.42,2023-06-08 17:00:00,22.7,20.435379,none,0.0,0.0,10.24578,22.319998,36.344078,1000.9464,
55.77_37.42,2023-08-16 12:00:00,23.95,23.538807,none,0.0,0.0,13.493999,28.08,49.211166,1006.76575,
55.77_37.44,2023-08-04 22:00:00,19.0,20.383657,none,0.0,0.0,5.771239,11.5199995,84.88919,999.50354,
55.77_37.47,2023-06-11 19:00:00,14.95,10.126774,none,0.0,0.0,19.319628,36.36,38.017963,1008.42706,
55.77_37.48,2023-03-27 21:00:00,4.15,0.47277164,none,0.0,24.0,12.72283,20.519999,84.97999,985.97296,
55.77_37.48,2023-04-13 12:00:00,15.35,9.997169,none,0.0,0.0,25.862436,45.36,40.38345,997.37537,
55.77_37.48,2023-05-05 18:00:00,7.05,1.7623777,none,0.0,0.0,16.199999,31.319998,37.91984,1003.1218,
55.77_37.48,2023-07-10 09:00:00,16.45,13.311075,none,0.0,0.0,25.346148,45.0,73.99212,990.96454,
55.77_37.48,2023-08-12 10:00:00,22.5,22.379223,none,0.0,0.0,12.661564,24.84,63.17735,999.83386,
55.77_37.48,2023-08-27 22:00:00,12.95,12.148357,none,0.0,0.0,9.107359,10.799999,92.11705,992.8483,
55.77_37.48,2023-09-05 07:00:00,13.8,13.415777,none,0.0,0.0,5.495161,13.679999,85.16123,1006.2354,
55.77_37.49,2023-04-26 11:00:00,11.1,8.152708,rain,0.1,0.0,17.873556,33.12,85.155464,983.10754,
55.77_37.49,2023-06-08 19:00:00,21.3,20.035757,none,0.0,0.0,7.8954163,18.359999,47.05672,997.935,
55.77_37.49,2023-08-08 09:00:00,21.35,21.470171,rain,1.4,0.0,14.003028,28.08,72.71127,990.08453,
55.77_37.49,2023-09-03 02:00:00,14.0,13.916378,none,0.0,0.0,8.4042845,15.119999,97.11963,1000.86755,
55.77_37.5,2023-09-04 18:00:00,19.95,18.749832,none,0.0,0.0,9.726664,20.16,55.223965,1004.96124,
55.77_37.51,2023-03-29 11:00:00,6.45,1.1013627,rain,0.3,20.0,27.475807,46.44,86.74086,988.18896,
55.77_37.51,2023-06-14 17:00:00,23.45,20.220444,none,0.0,0.0,13.684735,27.0,29.72849,1001.49414,
55.77_37.52,2023-05-02 08:00:00,5.8,3.0363264,none,0.0,0.0,6.519877,15.4800005,76.02644,1005.90826,
55.77_37.52,2023-05-07 15:00:00,8.3,3.3800683,none,0.0,0.0,13.783817,28.08,35.224873,1011.73956,
55.77_37.52,2023-06-29 14:00:00,19.1,16.194906,rain,0.3,0.0,25.376808,42.48,60.78523,985.51416,
55.77_37.52,2023-07-10 08:00:00,15.85,13.003067,none,0.0,0.0,24.448214,42.12,79.450264,991.5482,
55.77_37.52,2023-07-13 14:00:00,16.6,14.235878,rain,0.5,0.0,19.493261,35.64,72.090034,989.40424,
55.77_37.52,2023-09-22 23:00:00,14.9,12.44574,none,0.0,0.0,12.224107,20.880001,60.815163,1006.6262,
55.77_37.53,2023-04-23 20:00:00,12.3,8.937487,none,0.0,0.0,9.983106,15.119999,47.158535,997.3026,
55.77_37.53,2023-04-26 08:00:00,10.45,7.214943,rain,0.1,0.0,19.486609,33.12,87.721725,983.086,
55.77_37.53,2023-05-05 19:00:00,4.4,0.3593216,none,0.0,0.0,7.7879906,19.44,46.25598,1003.85223,
55.77_37.53,2023-05-06 13:00:00,6.15,0.86659956,snow,0.1,0.0,20.304129,36.36,42.068237,1006.5689,
55.77_37.53,2023-05-16 17:00:00,19.8,15.744843,none,0.0,0.0,16.79314,32.760002,32.980045,1003.9697,
55.77_37.53,2023-05-22 17:00:00,21.2,20.419928,none,0.0,0.0,10.823973,24.84,57.773994,1004.4979,
55.77_37.53,2023-05-26 18:00:00,23.6,22.213337,none,0.0,0.0,10.587917,16.199999,43.602566,994.3632,
55.77_37.54,2023-03-29 19:00:00,6.65,1.9360151,rain,0.9,17.0,23.617756,40.32,87.67395,988.1677,
55.77_37.54,2023-05-15 17:00:00,18.4,16.228516,none,0.0,0.0,2.16,12.959999,32.576206,1003.6371,
55.77_37.54,2023-05-29 18:00:00,19.85,16.261873,none,0.0,0.0,13.783817,24.119999,33.228447,1000.83484,
55.77_37.54,2023-08-16 18:00:00,24.85,24.603136,none,0.0,0.0,8.891343,18.0,48.652344,1004.9476,
55.77_37.54,2023-09-21 20:00:00,17.35,17.868372,none,0.0,0.0,4.510787,9.36,78.889336,1003.3141,
55.77_37.54,2023-09-25 16:00:00,17.7,15.591839,none,0.0,0.0,11.841756,21.96,55.01936,1012.23816,
55.77_37.55,2023-04-06 23:00:00,3.65,-1.018568,none,0.0,1.0,14.693999,23.759998,62.505913,1006.9656,
55.77_37.56,2023-07-25 12:00:00,21.65,21.654215,rain,0.1,0.0,14.471821,29.519999,62.17811,986.8605,
55.77_37.56,2023-07-29 14:00:00,17.3,15.808954,rain,1.2,0.0,16.167967,24.84,74.62606,987.5271,
55.77_37.56,2023-09-13 16:00:00,19.75,17.597628,none,0.0,0.0,9.565437,19.8,43.702625,1003.30975,
55.77_37.57,2023-08-27 00:00:00,12.3,11.976522,none,0.0,0.0,5.937272,9.36,96.44346,994.14,
55.77_37.57,2023-09-07 17:00:00,14.9,10.883351,none,0.0,0.0,16.923828,36.719997,45.910366,1004.1039,
55.77_37.58,2023-04-21 16:00:00,14.65,9.529344,none,0.0,0.0,18.94024,32.039997,32.667072,994.4468,
55.77_37.58,2023-06-30 21:00:00,14.65,14.987799,none,0.0,0.0,4.68,7.2,91.022316,979.5072,
55.77_37.58,2023-07-15 16:00:00,19.05,17.572556,rain,0.1,0.0,14.494192,29.16,63.85863,993.0887,
55.77_37.58,2023-08-01 08:00:00,21.4,22.786148,none,0.0,0.0,4.2136917,12.599999,70.66202,992.5102,
55.77_37.59,2023-03-27 04:00:00,0.95,-2.0329316,none,0.0,29.0,6.638072,10.440001,98.215385,978.6734,
55.77_37.59,2023-05-03 23:00:00,9.25,4.16195,none,0.0,0.0,17.974781,27.72,43.955738,1003.02594,
55.77_37.59,2023-05-12 23:00:00,10.85,7.7126102,none,0.0,0.0,8.78872,12.599999,53.027702,1000.9619,
55.77_37.59,2023-06-19 08:00:00,17.55,14.637377,none,0.0,0.0,11.212135,23.759998,42.185383,999.91296,
55.77_37.59,2023-07-05 23:00:00,16.95,17.121466,none,0.0,0.0,7.9932966,9.36,83.309265,999.7383,
55.77_37.59,2023-07-06 18:00:00,26.9,27.24362,none,0.0,0.0,8.669949,19.08,47.641438,999.5338,
55.77_37.59,2023-07-17 18:00:00,25.35,25.971813,none,0.0,0.0,1.08,7.92,44.817406,994.07666,
55.77_37.59,2023-08-22 21:00:00,15.25,14.760075,none,0.0,0.0,7.9526596,12.24,81.7533,990.76245,
55.77_37.59,2023-08-31 10:00:00,19.4,18.493105,none,0.0,0.0,14.76439,28.08,70.28354,997.47644,
55.77_37.6,2023-04-01 16:00:00,7.9,2.6091404,none,0.0,14.0,20.991426,33.48,54.565212,986.4541,
55.77_37.6,2023-04-04 19:00:00,11.3,9.406723,none,0.0,4.0,3.096837,3.2399998,60.368725,996.6898,
55.77_37.6,2023-04-09 00:00:00,1.95,-1.8933434,none,0.0,0.0,10.661107,12.959999,80.21819,1006.4069,
55.77_37.6,2023-06-08 17:00:00,22.75,20.147753,none,0.0,0.0,12.074766,20.880001,35.49598,997.1891,
55.77_37.6,2023-06-23 17:00:00,20.7,21.4314,none,0.0,0.0,5.3999996,15.119999,68.07601,990.9928,
55.77_37.6,2023-06-26 02:00:00,14.0,12.952295,none,0.0,0.0,7.491114,10.799999,77.35617,994.73627,
55.77_37.6,2023-07-02 19:00:00,21.5,20.563686,none,0.0,0.0,10.446206,22.319998,54.348904,982.3607,
55.77_37.6,2023-07-08 19:00:00,21.7,22.10844,none,0.0,0.0,0.35999998,4.32,52.289066,994.6372,
55.77_37.6,2023-07-24 09:00:00,17.45,16.186502,none,0.0,0.0,13.363711,24.84,71.30232,989.3758,
55.77_37.6,2023-07-25 13:00:00,22.15,22.173632,rain,0.1,0.0,12.6462,28.44,60.505154,985.5571,
55.77_37.6,2023-08-11 00:00:00,16.55,16.135942,none,0.0,0.0,8.669949,12.599999,78.00348,1004.38385,
55.77_37.6,2023-09-09 16:00:00,15.8,12.271431,none,0.0,0.0,21.67487,36.719997,62.281284,1002.66437,
55.77_37.6,2023-09-23 22:00:00,15.85,12.259386,none,0.0,0.0,15.629972,24.84,46.993702,1004.5544,
55.77_37.61,2023-04-09 12:00:00,12.5,8.868467,none,0.0,0.0,11.885453,24.48,46.710564,1007.18787,
55.77_37.61,2023-05-11 11:00:00,15.8,12.940496,rain,0.2,0.0,15.141414,28.44,45.522198,1003.99976,
55.77_37.61,2023-05-15 10:00:00,16.1,14.610981,none,0.0,0.0,7.928178,20.16,44.346,1005.7108,
55.77_37.61,2023-06-16 22:00:00,19.5,17.988783,none,0.0,0.0,8.287822,12.24,50.165493,993.3872,
55.77_37.61,2023-08-12 14:00:00,22.15,21.593555,rain,0.4,0.0,18.919704,32.039997,69.685326,997.82263,
55.77_37.61,2023-08-22 07:00:00,15.5,15.682156,none,0.0,0.0,2.9024127,9.72,79.40042,992.1106,
55.77_37.61,2023-09-13 17:00:00,19.35,17.206669,none,0.0,0.0,9.178235,19.08,44.19222,1001.9216,
55.77_37.61,2023-09-24 01:00:00,14.75,11.080919,none,0.0,0.0,15.137133,24.48,47.848896,1004.6008,
55.77_37.62,2023-04-10 19:00:00,8.55,5.9421673,none,0.0,0.0,7.5942082,8.28,71.055565,1006.7232,
55.77_37.62,2023-04-15 11:00:00,4.35,-1.3552575,none,0.0,0.0,18.129137,34.56,36.80939,1013.0001,
55.77_37.62,2023-04-27 00:00:00,6.7,4.3479166,none,0.0,0.0,7.6367526,12.24,88.29192,990.5311,
55.77_37.62,2023-05-09 20:00:00,8.35,4.794194,none,0.0,0.0,7.7879906,11.5199995,47.933834,1010.6851,
55.77_37.62,2023-05-11 10:00:00,15.95,13.416367,none,0.0,0.0,10.009036,21.24,43.838184,1005.6867,
55.77_37.62,2023-05-26 21:00:00,16.2,15.209066,none,0.0,0.0,7.8954163,12.959999,68.971405,996.2075,
55.77_37.62,2023-06-09 23:00:00,13.0,11.318397,none,0.0,0.0,8.654986,15.119999,73.63341,1001.8203,
55.77_37.62,2023-06-25 15:00:00,22.8,22.123814,none,0.0,0.0,8.4963045,21.24,38.544407,997.96594,
55.77_37.62,2023-06-28 08:00:00,16.0,14.9739,none,0.0,0.0,7.6367526,12.959999,68.7017,992.7498,
55.77_37.62,2023-07-21 23:00:00,13.45,11.8139305,none,0.0,0.0,13.138765,20.519999,84.56034,990.73706,
55.77_37.62,2023-08-14 08:00:00,18.85,17.869568,rain,0.9,0.0,22.55106,35.64,86.7845,997.50653,
55.77_37.62,2023-08-16 08:00:00,20.6,20.833511,none,0.0,0.0,11.440979,22.319998,73.044495,1006.38226,
55.77_37.62,2023-08-16 22:00:00,17.75,17.457893,none,0.0,0.0,9.826088,12.959999,76.42506,1006.2261,
55.77_37.62,2023-08-25 22:00:00,12.45,10.849713,none,0.0,0.0,7.5685663,10.08,74.795944,999.5267,
55.77_37.62,2023-09-16 18:00:00,13.35,11.030406,none,0.0,0.0,7.2,18.359999,55.997875,1010.39636,
55.77_37.63,2023-06-30 14:00:00,18.45,17.372606,rain,0.4,0.0,10.028439,19.44,62.8873,979.0422,
55.77_37.63,2023-07-25 19:00:00,21.8,22.506922,none,0.0,0.0,7.92,15.84,67.42685,985.2514,
55.77_37.63,2023-07-27 21:00:00,20.35,20.437395,rain,7.1,0.0,16.965895,32.039997,82.13105,983.7379,
55.77_37.63,2023-08-31 20:00:00,18.95,18.008944,none,0.0,0.0,12.738099,20.16,67.94367,996.931,
55.77_37.64,2023-06-27 09:00:00,21.55,20.056553,none,0.0,0.0,14.241629,26.64,49.546745,992.8798,
55.77_37.65,2023-04-10 13:00:00,12.25,9.759288,none,0.0,0.0,5.692099,18.359999,52.28119,1007.4126,
55.77_37.65,2023-05-23 21:00:00,15.3,15.2204075,none,0.0,0.0,6.6087217,10.08,85.04185,999.5347,
55.77_37.65,2023-05-31 08:00:00,12.05,9.410575,rain,2.4,0.0,17.057314,28.8,83.83838,994.2223,
55.77_37.65,2023-08-07 18:00:00,26.45,24.8544,none,0.0,0.0,22.884789,37.8,50.034473,991.49133,
55.77_37.65,2023-08-27 17:00:00,20.45,19.889664,none,0.0,0.0,7.653705,18.72,57.590523,991.20685,
55.77_37.65,2023-09-16 14:00:00,16.3,13.279049,none,0.0,0.0,14.799459,29.88,52.634792,1009.1433,
55.77_37.66,2023-05-15 20:00:00,12.4,9.785074,none,0.0,0.0,8.942214,11.159999,58.761395,1003.20026,
55.77_37.66,2023-08-19 17:00:00,26.85,27.75367,none,0.0,0.0,4.829907,18.359999,47.78169,1005.8988,
55.77_37.66,2023-09-23 08:00:00,16.95,14.734701,none,0.0,0.0,14.618837,24.48,62.12783,1007.23944,
55.77_37.67,2023-06-20 07:00:00,19.05,16.74053,none,0.0,0.0,13.854155,24.84,51.765106,997.52734,
55.77_37.67,2023-06-30 16:00:00,18.25,18.30255,none,0.0,0.0,5.3517847,19.08,69.83374,981.6802,
55.77_37.68,2023-04-05 16:00:00,13.1,9.062902,none,0.0,1.0,16.870138,28.8,51.049904,1002.78894,
55.77_37.68,2023-04-15 12:00:00,4.4,-1.3206725,none,0.0,0.0,18.175545,34.2,37.259293,1013.6512,
55.77_37.68,2023-04-17 18:00:00,12.65,8.917356,none,0.0,0.0,7.6367526,16.199999,32.078888,1008.7589,
55.77_37.68,2023-04-21 21:00:00,10.5,5.6819544,none,0.0,0.0,17.106628,26.28,43.676422,995.5342,
55.77_37.68,2023-04-23 20:00:00,10.8,7.3316193,none,0.0,0.0,10.086427,15.84,50.05453,998.77454,
55.77_37.68,2023-05-02 19:00:00,11.75,8.7203455,none,0.0,0.0,8.707238,17.28,51.960247,1004.45654,
55.77_37.68,2023-07-10 09:00:00,17.6,14.212469,none,0.0,0.0,27.595823,48.239998,69.937126,992.8139,
55.77_37.68,2023-09-16 08:00:00,12.55,9.842378,none,0.0,0.0,18.289274,31.319998,83.33641,1008.56757,
55.77_37.69,2023-06-03 09:00:00,10.8,7.873501,none,0.0,0.0,16.75064,29.16,83.69182,993.33856,
55.77_37.69,2023-06-20 18:00:00,21.1,18.119637,none,0.0,0.0,18.175545,42.839996,45.138767,995.90576,
55.77_37.69,2023-08-28 14:00:00,20.25,19.214142,none,0.0,0.0,7.42159,18.72,47.564957,994.92615,
55.77_37.7,2023-08-23 19:00:00,15.65,15.365145,none,0.0,0.0,9.422101,19.08,86.47749,992.3835,
55.77_37.7,2023-09-23 16:00:00,21.9,18.84265,none,0.0,0.0,14.799459,32.760002,36.742653,1009.2342,
55.77_37.71,2023-06-20 15:00:00,23.65,19.539307,none,0.0,0.0,22.7057,45.36,31.26856,994.41077,
55.77_37.71,2023-08-21 18:00:00,20.25,19.405626,none,0.0,0.0,4.452954,11.879999,49.19601,997.33954,
55.77_37.71,2023-09-09 09:00:00,11.1,8.852085,none,0.0,0.0,10.8955765,23.759998,78.22315,1003.87006,
55.77_37.72,2023-07-13 23:00:00,13.4,12.160614,none,0.0,0.0,12.43434,22.319998,90.34107,988.27844,
55.77_37.73,2023-04-28 07:00:00,11.0,9.249044,rain,0.1,0.0,9.220499,17.64,84.284546,992.3822,
55.77_37.73,2023-07-16 14:00:00,21.2,20.76586,rain,0.2,0.0,17.551615,34.92,64.748436,995.58984,
55.77_37.73,2023-08-17 18:00:00,25.95,27.37392,none,0.0,0.0,1.5273507,8.28,50.713108,1004.2764,
55.77_37.73,2023-08-22 14:00:00,19.15,18.301235,rain,0.2,0.0,8.669949,16.919998,60.59611,992.4705,
55.77_37.75,2023-04-26 09:00:00,10.4,7.6712008,rain,0.1,0.0,16.92383,32.399998,91.038864,982.8863,
55.77_37.75,2023-07-20 08:00:00,17.2,14.527782,none,0.0,0.0,22.253124,48.96,70.78744,984.5293,
55.77_37.75,2023-07-29 22:00:00,14.1,13.740799,none,0.0,0.0,7.2805495,11.5199995,88.628296,987.8533,
55.77_37.75,2023-08-11 21:00:00,21.9,23.363224,none,0.0,0.0,7.968939,15.119999,75.388306,1001.8072,
55.77_37.77,2023-04-10 17:00:00,12.75,10.384637,none,0.0,0.0,3.319036,11.5199995,46.281998,1003.9714,
55.77_37.77,2023-08-20 05:00:00,17.7,18.556944,none,0.0,0.0,9.387651,15.4800005,92.0977,999.8537,
55.77_37.79,2023-06-30 15:00:00,18.4,17.580175,rain,1.2,0.0,9.114471,21.24,64.77589,978.46765,
55.77_37.8,2023-06-10 07:00:00,10.65,7.5599117,none,0.0,0.0,14.336861,28.08,72.95893,1001.7082,
55.77_37.8,2023-06-22 08:00:00,18.3,17.050655,none,0.0,0.0,5.1544156,15.4800005,51.390842,997.7756,
55.77_37.81,2023-07-15 15:00:00,18.75,17.79377,rain,0.3,0.0,12.496719,27.359999,68.12576,991.566,
55.77_37.81,2023-08-08 22:00:00,19.95,20.955225,none,0.0,0.0,10.086427,21.599998,83.12891,992.28503,
55.77_37.82,2023-04-01 00:00:00,0.45,-1.9490676,snow,0.6,2.0,2.3051248,5.7599998,99.63932,982.19586,
55.77_37.82,2023-05-05 22:00:00,2.0,-2.5279303,none,0.0,0.0,10.883676,19.44,53.35619,1003.33984,
55.77_37.82,2023-05-26 08:00:00,20.15,20.65612,none,0.0,0.0,5.937272,16.199999,68.62884,996.58246,
55.77_37.82,2023-06-09 22:00:00,12.9,11.092065,none,0.0,0.0,9.255571,17.64,73.366425,1000.0276,
55.77_37.82,2023-08-04 21:00:00,20.95,21.762573,none,0.0,0.0,8.699793,15.119999,73.574066,993.7363,
55.77_37.82,2023-08-11 16:00:00,25.8,25.956648,none,0.0,0.0,16.904673,39.96,59.626797,1003.29865,
55.77_37.82,2023-08-17 09:00:00,22.85,24.257359,none,0.0,0.0,4.198285,13.679999,64.894646,1005.67847,
55.77_37.83,2023-04-29 17:00:00,11.8,8.502447,none,0.0,1.0,7.072878,20.16,41.260536,998.9533,
55.77_37.83,2023-06-07 17:00:00,21.85,17.959488,none,0.0,0.0,20.991426,41.399998,37.62281,997.7901,
55.77_37.84,2023-09-19 05:00:00,8.85,6.702285,none,0.0,0.0,9.9571085,17.28,90.006134,1002.705,
55.78_37.36,2023-07-27 19:00:00,21.7,22.171837,rain,3.6,0.0,14.917212,34.2,76.556145,984.4442,
55.78_37.37,2023-05-14 03:00:00,9.4,6.5871506,none,0.0,0.0,9.47012,19.08,68.7684,1002.5373,
55.78_37.4,2023-04-17 22:00:00,7.8,4.7283955,none,0.0,0.0,6.28713,11.5199995,56.974045,1007.0067,
55.78_37.4,2023-04-23 21:00:00,11.05,7.1868305,none,0.0,0.0,12.031756,22.319998,46.802364,996.5746,
55.78_37.4,2023-09-20 02:00:00,14.2,11.467552,none,0.0,0.0,16.854767,29.16,70.68534,996.12225,
55.78_37.41,2023-05-13 12:00:00,19.8,16.754637,none,0.0,0.0,18.998316,38.519997,35.387157,1005.2359,
55.78_37.44,2023-05-01 11:00:00,9.5,5.829048,none,0.0,0.0,15.696165,31.319998,69.51634,992.72955,
55.78_37.44,2023-05-10 10:00:00,13.8,11.379815,none,0.0,0.0,5.506941,19.8,40.365486,1010.4714,
55.78_37.44,2023-07-02 15:00:00,23.2,20.069824,none,0.0,0.0,19.469976,41.039997,40.123253,984.9597,
55.78_37.45,2023-07-21 04:00:00,11.75,10.378066,none,0.0,0.0,9.227524,17.64,88.13394,988.1777,
55.78_37.45,2023-09-12 16:00:00,18.85,17.394955,none,0.0,0.0,6.9153743,16.919998,50.330418,1003.9092,
55.78_37.46,2023-05-02 20:00:00,10.15,6.309758,none,0.0,0.0,11.874544,20.16,49.692787,1003.899,
55.78_37.46,2023-05-03 16:00:00,13.85,9.538981,none,0.0,0.0,19.878391,39.6,51.615456,1001.4886,
55.78_37.46,2023-07-03 20:00:00,19.95,18.395706,none,0.0,0.0,10.464797,19.44,52.177692,991.6565,
55.78_37.46,2023-08-11 18:00:00,24.1,24.72323,none,0.0,0.0,15.379206,27.0,68.31812,1001.66077,
55.78_37.46,2023-09-14 19:00:00,14.2,12.247496,none,0.0,0.0,10.24578,17.64,67.41619,1001.3547,
55.78_37.47,2023-04-02 06:00:00,3.45,-0.21620798,none,0.0,11.0,13.684735,22.68,94.834335,991.7662,
55.78_37.47,2023-05-21 18:00:00,15.95,12.342833,none,0.0,0.0,16.75064,31.319998,49.028496,1004.9384,
55.78_37.47,2023-05-24 21:00:00,17.5,18.069874,none,0.0,0.0,3.319036,4.32,76.385284,997.3994,
55.78_37.47,2023-06-06 19:00:00,17.1,14.323952,none,0.0,0.0,12.72283,20.16,49.174797,1000.80396,
55.78_37.47,2023-06-09 20:00:00,16.65,15.022579,rain,0.1,0.0,11.659777,23.759998,65.69644,999.18524,
55.78_37.47,2023-06-23 17:00:00,20.95,21.540619,rain,0.2,0.0,6.8777895,14.759999,67.90708,990.84546,
55.78_37.47,2023-08-04 09:00:00,24.25,26.771755,none,0.0,0.0,9.885262,20.880001,78.14823,991.7363,
55.78_37.47,2023-09-04 14:00:00,21.5,19.897871,none,0.0,0.0,10.691453,25.919998,47.269737,1004.27466,
55.78_37.48,2023-03-27 12:00:00,8.1,4.0311527,rain,0.1,26.0,18.218275,33.48,75.61086,979.83203,
55.78_37.48,2023-03-27 18:00:00,6.65,2.9390078,none,0.0,24.0,14.05845,28.8,76.169334,983.0957,
55.78_37.48,2023-05-22 10:00:00,14.5,13.1725025,rain,0.2,0.0,9.904906,20.880001,76.1543,1004.88434,
55.78_37.48,2023-05-31 09:00:00,10.45,7.453411,rain,1.0,0.0,18.668005,34.2,90.4304,994.23846,
55.78_37.48,2023-06-16 17:00:00,27.1,24.377228,none,0.0,0.0,10.009036,25.919998,24.008509,995.2118,
55.78_37.48,2023-07-04 12:00:00,22.85,20.205362,none,0.0,0.0,14.973577,30.960001,39.218777,997.5585,
55.78_37.48,2023-08-11 23:00:00,21.35,22.733,none,0.0,0.0,9.726665,19.44,79.95931,1000.676,
55.78_37.48,2023-09-27 08:00:00,8.75,6.904787,none,0.0,0.0,8.049845,14.04,91.237335,1012.0946,
55.78_37.49,2023-08-14 14:00:00,23.55,22.188093,rain,0.1,0.0,21.829777,39.239998,60.247353,998.89343,
55.78_37.49,2023-08-23 12:00:00,19.2,17.512598,none,0.0,0.0,18.792551,36.719997,68.66286,989.801,
55.78_37.49,2023-09-01 16:00:00,26.4,24.809504,none,0.0,0.0,12.074766,23.4,37.021576,996.4437,
55.78_37.5,2023-04-15 10:00:00,1.85,-4.1979394,none,0.0,0.0,18.72346,36.36,38.414135,1012.64874,
55.78_37.5,2023-05-29 20:00:00,16.15,14.272209,none,0.0,0.0,7.771331,14.04,54.994602,1000.0398,
55.78_37.5,2023-05-30 16:00:00,21.0,18.64225,none,0.0,0.0,4.3349743,12.599999,29.245842,997.0377,
55.78_37.5,2023-06-04 15:00:00,14.35,9.791512,none,0.0,0.0,17.727943,32.760002,40.09158,1002.8332,
55.78_37.5,2023-08-03 15:00:00,28.3,28.230156,none,0.0,0.0,12.964998,29.88,44.179707,990.25366,
55.78_37.5,2023-08-07 14:00:00,29.15,27.356724,none,0.0,0.0,24.735432,48.239998,39.808537,994.1619,
55.78_37.5,2023-09-09 12:00:00,14.0,11.063494,none,0.0,0.0,16.039202,32.760002,65.78887,1004.08765,
55.78_37.5,2023-09-23 20:00:00,16.9,13.406099,none,0.0,0.0,15.39184,25.199999,44.885563,1006.19586,
55.78_37.51,2023-08-15 14:00:00,24.45,24.068867,none,0.0,0.0,17.906157,32.760002,55.987762,1003.27075,
55.78_37.51,2023-09-26 14:00:00,16.95,15.594683,none,0.0,0.0,2.9024127,15.119999,49.473503,1015.1249,
55.78_37.52,2023-04-18 21:00:00,8.8,4.850711,none,0.0,0.0,11.792404,19.44,51.33604,1006.77167,
55.78_37.52,2023-05-23 20:00:00,15.3,15.229315,none,0.0,0.0,7.24486,11.159999,86.726,999.6529,
55.78_37.52,2023-06-04 21:00:00,9.5,6.637763,none,0.0,0.0,8.557102,13.679999,63.883457,1002.2498,
55.78_37.52,2023-06-15 23:00:00,16.8,14.762127,none,0.0,0.0,11.631956,12.959999,58.834793,997.211,
55.78_37.52,2023-08-01 13:00:00,24.8,26.221148,none,0.0,0.0,7.2,18.72,52.749138,992.5635,
55.78_37.52,2023-08-08 09:00:00,23.25,23.333197,none,0.0,0.0,13.276144,25.919998,63.343063,990.81805,
55.78_37.52,2023-08-19 21:00:00,21.05,21.95372,none,0.0,0.0,7.386582,9.72,71.96503,1003.4522,
55.78_37.52,2023-09-04 18:00:00,17.95,17.182484,none,0.0,0.0,8.435069,15.84,65.97475,1004.88416,
55.78_37.53,2023-05-17 21:00:00,16.5,14.310427,none,0.0,0.0,9.178235,14.04,52.147964,1002.98785,
55.78_37.53,2023-07-08 08:00:00,19.95,20.502764,none,0.0,0.0,11.183201,23.4,79.513725,996.4656,
55.78_37.53,2023-09-06 17:00:00,16.85,11.998758,none,0.0,0.0,24.627789,44.639996,44.871384,998.50995,
55.78_37.54,2023-05-14 01:00:00,9.45,6.5546656,none,0.0,0.0,10.308831,15.84,69.50622,1003.9681,
55.78_37.54,2023-05-27 01:00:00,13.55,12.835197,none,0.0,0.0,6.924738,10.440001,84.29119,994.6706,
55.78_37.54,2023-06-15 09:00:00,22.85,20.031944,none,0.0,0.0,17.208603,31.68,33.970783,1000.78394,
55.78_37.54,2023-06-28 10:00:00,17.35,15.8161335,none,0.0,0.0,10.041354,19.08,60.77862,990.9041,
55.78_37.54,2023-07-08 19:00:00,22.65,22.50763,none,0.0,0.0,2.16,13.32,46.33462,995.8432,
55.78_37.55,2023-05-12 11:00:00,17.65,17.365347,none,0.0,0.0,4.198285,15.119999,52.63243,1003.2378,
55.78_37.55,2023-05-20 03:00:00,8.65,5.8422947,none,0.0,0.0,8.766573,10.08,69.83452,1008.2577,
55.78_37.55,2023-08-01 13:00:00,24.5,25.920168,none,0.0,0.0,8.0899935,18.72,53.877296,992.04626,
55.78_37.55,2023-09-08 10:00:00,13.25,9.114839,none,0.0,0.0,24.344624,43.56,69.31246,997.8499,
55.78_37.55,2023-09-13 14:00:00,19.8,17.740929,none,0.0,0.0,9.255571,21.24,44.167717,1003.4907,
55.78_37.56,2023-04-04 14:00:00,13.55,12.336872,none,0.0,4.0,1.2979984,16.56,55.66017,995.5919,
55.78_37.56,2023-07-23 06:00:00,15.55,15.4960785,none,0.0,0.0,5.8603754,13.679999,82.33005,991.14734,
55.78_37.56,2023-07-25 08:00:00,16.0,15.717007,rain,0.2,0.0,10.495713,17.64,87.07517,985.1608,
55.78_37.56,2023-07-31 13:00:00,24.3,23.143677,none,0.0,0.0,11.874544,22.68,43.220047,989.42114,
55.78_37.56,2023-08-16 10:00:00,22.2,21.951078,none,0.0,0.0,12.758432,24.48,63.110786,1005.568,
55.78_37.56,2023-08-17 11:00:00,24.7,26.514017,none,0.0,0.0,4.198285,14.4,54.803257,1004.26514,
55.78_37.56,2023-09-04 13:00:00,21.25,20.48746,none,0.0,0.0,10.703569,22.68,57.59709,1002.3942,
55.78_37.56,2023-09-06 22:00:00,12.45,9.019857,none,0.0,0.0,14.113652,23.039999,57.352375,999.7949,
55.78_37.56,2023-09-07 15:00:00,16.4,11.391217,none,0.0,0.0,22.7057,46.079998,39.41092,1003.39154,
55.78_37.56,2023-09-09 23:00:00,13.2,11.380966,none,0.0,0.0,11.525623,18.72,78.013916,1003.6075,
55.78_37.57,2023-04-22 05:00:00,3.1,-0.1054821,none,0.0,0.0,7.5170207,10.799999,80.676056,992.6989,
55.78_37.57,2023-06-11 21:00:00,11.75,8.396018,none,0.0,0.0,10.931203,19.8,51.960247,1008.6655,
55.78_37.57,2023-07-18 22:00:00,17.45,16.925219,none,0.0,0.0,18.440998,29.519999,92.67192,978.9955,
55.78_37.57,2023-08-23 18:00:00,17.45,16.56058,rain,0.1,0.0,13.089354,34.92,76.12863,990.62463,
55.78_37.57,2023-08-24 21:00:00,14.85,13.707092,none,0.0,0.0,5.5887027,8.28,66.87095,994.3625,
55.78_37.57,2023-08-30 13:00:00,20.2,21.00213,none,0.0,0.0,2.0364676,13.679999,59.458042,995.4057,
55.78_37.57,2023-09-20 09:00:00,18.4,15.58157,none,0.0,0.0,20.929594,36.0,61.025387,997.5919,
55.78_37.57,2023-09-23 13:00:00,23.7,19.223896,none,0.0,0.0,25.325686,43.199997,34.09577,1006.4001,
55.78_37.58,2023-04-10 19:00:00,9.4,6.7605762,none,0.0,0.0,5.315336,9.72,58.215233,1005.6857,
55.78_37.58,2023-04-14 22:00:00,1.65,-4.675456,none,0.0,0.0,19.9954,32.399998,35.12278,1005.2188,
55.78_37.58,2023-04-25 20:00:00,13.2,10.666779,none,0.0,0.0,8.311245,8.64,55.56953,989.3086,
55.78_37.58,2023-05-17 11:00:00,21.5,19.415516,none,0.0,0.0,14.440443,28.8,33.11947,1004.6943,
55.78_37.58,2023-05-21 00:00:00,10.35,7.89839,none,0.0,0.0,10.661107,17.28,76.777504,1006.26215,
55.78_37.58,2023-05-22 19:00:00,17.55,17.499817,none,0.0,0.0,6.28713,8.28,73.45733,1002.05347,
55.78_37.58,2023-05-29 12:00:00,18.6,17.064518,none,0.0,0.0,10.787993,23.759998,36.4292,1001.88214,
55.78_37.58,2023-06-11 22:00:00,11.75,8.396018,none,0.0,0.0,10.931203,19.8,51.960247,1008.54504,
55.78_37.58,2023-06-28 22:00:00,16.95,15.406771,rain,0.2,0.0,14.512064,22.68,71.91675,987.48773,
55.78_37.58,2023-07-06 11:00:00,25.7,26.71045,none,0.0,0.0,10.661107,23.759998,52.13624,1002.0179,
55.78_37.58,2023-07-18 20:00:00,18.4,18.368366,rain,0.4,0.0,16.766108,25.56,90.69042,980.5105,
55.78_37.58,2023-08-05 23:00:00,19.8,20.530762,none,0.0,0.0,8.714677,10.08,77.98491,999.7595,
55.78_37.58,2023-08-24 13:00:00,16.8,15.102673,none,0.0,0.0,12.738099,24.84,66.38939,992.65546,
55.78_37.58,2023-08-28 16:00:00,19.7,18.346241,none,0.0,0.0,6.1305785,18.72,47.574802,993.30756,
55.78_37.58,2023-09-14 08:00:00,11.2,9.6357355,none,0.0,0.0,8.209263,15.84,84.022705,1001.89044,
55.78_37.58,2023-09-15 01:00:00,10.1,8.220547,none,0.0,0.0,8.707238,13.32,84.75741,1000.5531,
55.78_37.59,2023-03-26 03:00:00,2.8,0.36492443,none,0.0,32.0,5.1165614,5.7599998,98.59133,983.65356,
55.78_37.59,2023-04-29 19:00:00,10.35,7.0662346,none,0.0,1.0,7.9526596,19.08,48.67946,998.9772,
55.78_37.59,2023-07-16 06:00:00,14.9,13.945391,none,0.0,0.0,14.255272,22.68,91.33578,995.4444,
55.78_37.59,2023-09-12 21:00:00,12.15,10.363702,none,0.0,0.0,8.669949,11.879999,75.768265,1002.172,
55.78_37.6,2023-04-16 11:00:00,9.1,4.3514576,none,0.0,0.0,13.755579,27.0,37.535027,1011.1425,
55.78_37.6,2023-07-08 15:00:00,22.0,21.120428,none,0.0,0.0,12.074766,26.64,55.92349,995.53955,
55.78_37.6,2023-08-19 18:00:00,24.85,27.355282,none,0.0,0.0,4.0249224,7.92,67.40223,1003.8334,
55.78_37.6,2023-09-21 15:00:00,19.8,18.96198,none,0.0,0.0,12.261157,22.68,64.867134,1000.4001,
55.78_37.61,2023-03-28 10:00:00,7.1,3.8085213,none,0.0,25.0,11.119281,21.599998,73.59302,990.0908,
55.78_37.61,2023-05-03 17:00:00,13.6,9.221412,none,0.0,0.0,21.67786,37.8,56.062233,1000.7189,
55.78_37.61,2023-05-19 09:00:00,11.35,8.554993,rain,0.1,0.0,16.919998,30.239998,84.04003,1004.75494,
55.78_37.61,2023-06-07 15:00:00,22.4,18.15459,none,0.0,0.0,24.72495,46.079998,32.01321,998.03485,
55.78_37.62,2023-04-30 21:00:00,6.5,3.1727567,rain,0.5,0.0,13.684735,22.68,86.74581,993.3091,
55.78_37.62,2023-07-06 13:00:00,26.45,28.069756,none,0.0,0.0,9.107359,22.68,50.034473,1000.7899,
55.78_37.62,2023-08-13 12:00:00,19.9,18.333935,none,0.0,0.0,21.41319,38.88,71.98743,996.22687,
55.78_37.62,2023-08-18 17:00:00,25.1,26.476034,none,0.0,0.0,14.512064,24.48,70.02605,1007.2246,
55.78_37.62,2023-09-01 16:00:00,26.45,24.887747,none,0.0,0.0,12.594856,22.68,37.781986,997.46655,
55.78_37.63,2023-04-13 14:00:00,16.65,10.762244,none,0.0,0.0,24.1388,45.719997,26.697153,994.4471,
55.78_37.63,2023-04-25 19:00:00,15.35,14.220886,none,0.0,0.0,4.3349743,13.32,61.966354,988.49506,
55.78_37.63,2023-05-07 14:00:00,7.4,2.397027,none,0.0,0.0,14.529915,28.8,38.170784,1009.2315,
55.78_37.63,2023-06-16 00:00:00,16.1,14.448782,none,0.0,0.0,8.891343,13.32,61.306393,995.5073,
55.78_37.63,2023-07-10 15:00:00,18.65,15.115484,none,0.0,0.0,23.565567,41.039997,55.634735,990.67676,
55.78_37.63,2023-07-15 23:00:00,13.5,13.27533,none,0.0,0.0,7.491114,11.5199995,95.222046,993.4089,
55.78_37.63,2023-08-09 21:00:00,18.75,18.113754,none,0.0,0.0,12.303366,22.319998,72.01111,997.541,
55.78_37.64,2023-07-31 17:00:00,23.95,22.593485,none,0.0,0.0,11.609651,22.68,44.431286,990.14716,
55.78_37.64,2023-08-22 13:00:00,17.55,16.95219,rain,0.2,0.0,7.5942082,17.28,68.331924,990.76404,
55.78_37.65,2023-04-11 17:00:00,14.95,11.876446,none,0.0,0.0,4.0249224,13.32,29.872934,999.86523,
55.78_37.65,2023-05-10 17:00:00,15.7,12.319294,none,0.0,0.0,6.725354,16.199999,29.869473,1003.918,
55.78_37.65,2023-07-22 15:00:00,22.5,19.155252,none,0.0,0.0,19.493261,34.2,39.52022,992.21606,
55.78_37.65,2023-07-24 17:00:00,18.25,16.796902,rain,0.2,0.0,17.906157,37.44,74.30154,986.99725,
55.78_37.66,2023-04-06 16:00:00,12.25,7.489766,none,0.0,0.0,18.723461,34.92,44.82854,1004.71844,
55.78_37.66,2023-09-20 14:00:00,23.5,20.610851,none,0.0,0.0,21.09305,44.28,44.159332,996.4203,
55.78_37.67,2023-04-13 08:00:00,8.2,4.288418,none,0.0,0.0,13.979872,22.319998,62.90436,996.01105,
55.78_37.67,2023-05-16 15:00:00,19.85,16.154371,none,0.0,0.0,17.0763,33.12,33.11126,1003.54913,
55.78_37.67,2023-05-18 18:00:00,24.35,21.807268,none,0.0,0.0,8.287822,21.24,27.578804,1002.167,
55.78_37.67,2023-05-26 21:00:00,16.9,15.9537735,none,0.0,0.0,7.386582,16.56,65.53137,996.1502,
55.78_37.67,2023-06-10 18:00:00,13.9,9.1905,none,0.0,0.0,19.161337,33.12,42.328556,1006.1782,
55.78_37.67,2023-07-20 17:00:00,20.2,16.412504,none,0.0,0.0,23.803596,43.56,47.873608,985.66095,
55.78_37.67,2023-08-19 08:00:00,21.0,22.520262,none,0.0,0.0,6.989936,16.56,78.6586,1007.3271,
55.78_37.68,2023-04-29 05:00:00,2.5,-1.7405005,snow,2.1,0.0,17.309975,29.16,99.64531,997.44617,
55.78_37.68,2023-06-06 13:00:00,18.05,14.543697,none,0.0,0.0,16.954432,32.399998,44.744164,1002.72125,
55.78_37.68,2023-08-01 11:00:00,23.5,24.80321,none,0.0,0.0,6.792466,16.919998,59.08608,994.0721,
55.78_37.68,2023-08-14 02:00:00,15.95,15.773474,none,0.0,0.0,12.413476,21.24,93.48885,997.9214,
55.78_37.68,2023-08-24 16:00:00,17.15,15.6239605,none,0.0,0.0,8.669949,20.16,58.72183,996.473,
55.78_37.68,2023-09-03 17:00:00,21.55,20.547419,none,0.0,0.0,5.815978,14.04,45.87707,1002.76514,
55.78_37.69,2023-05-20 12:00:00,14.3,10.340129,none,0.0,0.0,18.733839,36.36,53.387608,1008.71674,
55.78_37.69,2023-08-17 12:00:00,25.15,27.072433,none,0.0,0.0,4.829907,15.119999,53.868664,1005.93225,
55.78_37.69,2023-09-01 16:00:00,25.8,24.660883,none,0.0,0.0,11.709688,21.599998,41.80995,997.02167,
55.78_37.7,2023-06-13 21:00:00,13.85,11.870262,none,0.0,0.0,8.14587,12.959999,62.89712,1002.9104,
55.78_37.7,2023-08-03 17:00:00,27.75,28.188137,none,0.0,0.0,11.090103,21.24,48.795177,993.3368,
55.78_37.7,2023-09-05 08:00:00,16.1,16.06395,none,0.0,0.0,5.6233797,15.119999,79.22554,1008.5766,
55.78_37.71,2023-05-22 12:00:00,14.35,14.16555,rain,0.7,0.0,6.193674,13.32,87.492805,1006.5214,
55.78_37.71,2023-07-13 19:00:00,13.4,12.222395,rain,1.8,0.0,11.901798,20.16,90.04368,989.4129,
55.78_37.71,2023-07-15 02:00:00,14.35,14.948076,rain,0.4,0.0,4.3349743,9.72,96.498924,993.42096,
55.78_37.71,2023-08-23 17:00:00,17.2,16.659142,rain,0.7,0.0,10.464797,35.28,76.83769,993.7502,
55.78_37.71,2023-08-30 18:00:00,18.5,17.705702,none,0.0,0.0,8.4042845,15.84,63.31633,998.4543,
55.78_37.71,2023-09-13 17:00:00,19.1,17.255583,none,0.0,0.0,8.287822,18.359999,47.087242,1005.2769,
55.78_37.72,2023-04-20 12:00:00,15.65,12.841833,none,0.0,0.0,10.00256,23.4,37.409046,1003.9016,
55.78_37.72,2023-05-11 19:00:00,14.75,13.872343,rain,0.1,0.0,3.319036,18.72,66.174805,1004.6148,
55.78_37.73,2023-04-05 16:00:00,12.3,8.546018,none,0.0,0.0,15.124284,30.239998,54.368805,1002.65607,
55.78_37.73,2023-04-29 17:00:00,12.3,8.240744,none,0.0,1.0,10.829958,22.68,35.622364,999.7992,
55.78_37.73,2023-05-03 15:00:00,14.25,10.269579,rain,0.2,0.0,18.947083,42.12,53.747406,1002.54114,
55.78_37.73,2023-06-23 20:00:00,19.05,20.331688,rain,0.2,0.0,4.802999,16.919998,81.44726,992.4245,
55.78_37.73,2023-07-04 10:00:00,22.2,20.637094,none,0.0,0.0,13.708391,27.72,44.24098,998.6705,
55.78_37.73,2023-08-14 22:00:00,18.3,19.213137,none,0.0,0.0,6.924738,11.159999,84.543304,1000.8578,
55.78_37.74,2023-08-17 21:00:00,18.85,19.414661,none,0.0,0.0,8.373386,10.08,79.870544,1004.85913,
55.78_37.75,2023-05-13 15:00:00,22.1,19.089771,none,0.0,0.0,12.397806,29.16,27.8321,1001.7383,
55.78_37.75,2023-05-24 21:00:00,15.8,15.855413,none,0.0,0.0,6.379216,9.72,83.99219,999.17145,
55.78_37.77,2023-06-08 06:00:00,12.3,11.895618,none,0.0,0.0,4.6938257,12.24,91.16603,999.6309,
55.78_37.83,2023-04-10 17:00:00,11.1,9.004633,none,0.0,0.0,2.5455842,16.199999,55.020817,1006.3791,
55.78_37.84,2023-03-30 08:00:00,3.9,1.0861335,none,0.0,2.0,7.9036193,16.199999,92.2045,989.7678,
55.78_37.84,2023-04-18 21:00:00,7.95,4.2199354,none,0.0,0.0,10.390226,18.72,54.7779,1005.69293,
55.78_37.84,2023-04-30 03:00:00,0.55,-2.590105,none,0.0,1.0,6.489992,6.12,93.00756,1001.52527,
55.78_37.84,2023-06-18 17:00:00,23.05,21.221981,none,0.0,0.0,6.130579,21.24,33.910797,997.73376,
55.78_37.84,2023-07-29 06:00:00,14.45,13.642231,rain,2.3,0.0,13.009903,24.119999,93.41519,986.6415,
55.78_37.84,2023-09-05 12:00:00,20.2,19.320387,none,0.0,0.0,8.587338,20.880001,54.73914,1005.2217,
55.79_37.36,2023-05-02 03:00:00,1.35,-2.1857212,none,0.0,0.0,9.255571,19.44,88.12489,1003.40643,
55.79_37.36,2023-09-27 13:00:00,18.4,16.91083,none,0.0,0.0,9.255571,23.039999,55.946037,1013.3452,
55.79_37.37,2023-07-27 03:00:00,15.55,16.263983,none,0.0,0.0,6.830519,16.56,97.153595,987.71576,
55.79_37.37,2023-07-29 12:00:00,16.1,15.313343,rain,0.4,0.0,14.689589,28.8,88.220604,987.2474,
55.79_37.37,2023-08-26 14:00:00,17.5,15.477102,none,0.0,0.0,13.202726,28.08,59.803158,997.8754,
55.79_37.38,2023-04-11 14:00:00,13.95,10.516075,none,0.0,0.0,9.904906,23.039999,40.84856,1001.5886,
55.79_37.38,2023-05-11 10:00:00,15.9,13.439756,none,0.0,0.0,9.504272,22.319998,44.288948,1004.0266,
55.79_37.38,2023-05-17 14:00:00,23.25,20.991215,none,0.0,0.0,12.224107,31.68,28.152786,1003.73785,
55.79_37.38,2023-08-01 01:00:00,15.1,15.210524,none,0.0,0.0,6.12,11.159999,88.13451,990.828,
55.79_37.38,2023-08-16 16:00:00,25.6,25.15903,none,0.0,0.0,8.707238,18.72,44.593037,1005.4669,
55.79_37.39,2023-04-16 19:00:00,8.6,4.9026785,none,0.0,0.0,7.9932966,18.359999,44.25538,1009.72675,
55.79_37.39,2023-05-07 19:00:00,3.85,0.18333626,none,0.0,0.0,8.0899935,15.4800005,63.01936,1011.8534,
55.79_37.39,2023-09-07 18:00:00,14.6,10.808399,none,0.0,0.0,16.179987,36.36,48.825928,1005.7078,
55.79_37.4,2023-04-25 09:00:00,13.65,11.864288,none,0.0,0.0,5.6233797,15.84,60.51615,995.99506,
55.79_37.4,2023-06-06 00:00:00,10.4,8.176284,none,0.0,0.0,8.089993,13.679999,73.16581,1001.76276,
55.79_37.41,2023-05-27 22:00:00,12.35,8.034569,none,0.0,0.0,17.10284,29.16,48.716476,1000.82654,
55.79_37.45,2023-05-26 14:00:00,24.0,23.428604,none,0.0,0.0,10.661107,23.759998,41.58323,997.1137,
55.79_37.45,2023-05-29 17:00:00,19.65,16.323727,none,0.0,0.0,11.988594,25.199999,33.643246,1001.65607,
55.79_37.45,2023-06-24 22:00:00,14.3,14.180515,none,0.0,0.0,5.8603754,10.799999,88.06496,996.2317,
55.79_37.45,2023-09-11 07:00:00,8.9,8.519944,none,0.0,0.0,0.35999998,7.2,98.99222,1001.5613,
55.79_37.46,2023-04-11 20:00:00,8.35,5.2337437,none,0.0,0.0,7.8954163,8.64,59.857807,998.89716,
55.79_37.46,2023-04-22 17:00:00,14.55,10.366787,none,0.0,0.0,12.849528,24.84,33.733883,992.83105,
55.79_37.46,2023-05-09 20:00:00,6.8,2.8432317,none,0.0,0.0,8.209263,15.119999,43.395638,1008.30676,
55.79_37.46,2023-06-26 15:00:00,24.35,22.462252,rain,0.1,0.0,11.966953,32.399998,32.01203,994.96265,
55.79_37.46,2023-07-11 15:00:00,16.95,13.606092,none,0.0,0.0,19.694992,34.92,56.33738,990.745,
55.79_37.47,2023-07-30 02:00:00,12.05,11.643992,none,0.0,0.0,6.28713,12.599999,97.39716,987.70337,
55.79_37.47,2023-09-12 17:00:00,18.5,16.821562,none,0.0,0.0,7.491114,15.84,49.55691,1002.46497,
55.79_37.48,2023-04-24 15:00:00,20.1,16.3348,none,0.0,0.0,10.483357,25.919998,22.898066,996.5203,
55.79_37.48,2023-05-04 09:00:00,10.55,8.030622,none,0.0,0.0,4.2136917,15.119999,44.98886,1005.1816,
55.79_37.48,2023-05-24 18:00:00,20.25,20.83167,none,0.0,0.0,3.7064266,10.440001,65.176155,997.0556,
55.79_37.48,2023-06-15 22:00:00,17.2,15.14344,none,0.0,0.0,10.086427,15.4800005,53.78194,996.39856,
55.79_37.48,2023-06-16 17:00:00,27.25,23.95657,none,0.0,0.0,13.70839,26.28,23.55037,993.58734,
55.79_37.48,2023-07-10 07:00:00,15.5,12.698053,none,0.0,0.0,23.584808,41.399998,79.92504,989.85443,
55.79_37.48,2023-08-30 02:00:00,14.75,15.132614,none,0.0,0.0,3.671294,5.7599998,88.6824,996.1415,
55.79_37.48,2023-09-02 00:00:00,17.8,16.775972,none,0.0,0.0,11.720751,19.08,69.746254,995.14294,
55.79_37.48,2023-09-20 20:00:00,18.05,15.947105,none,0.0,0.0,14.917212,27.0,60.135265,997.1341,
55.79_37.48,2023-09-21 10:00:00,16.7,16.19906,none,0.0,0.0,11.988594,22.68,83.279816,999.64526,
55.79_37.48,2023-09-22 09:00:00,16.15,16.7958,none,0.0,0.0,5.1165614,12.959999,88.51088,1005.45953,
55.79_37.49,2023-04-20 19:00:00,10.9,8.222082,none,0.0,0.0,7.42159,15.84,58.593296,999.494,
55.79_37.49,2023-06-02 21:00:00,14.75,14.488638,none,0.0,0.0,6.6087217,11.159999,84.98271,987.4929,
55.79_37.49,2023-06-14 18:00:00,23.6,20.405415,none,0.0,0.0,13.18308,26.28,29.460882,1000.04266,
55.79_37.49,2023-06-14 20:00:00,21.25,18.722656,none,0.0,0.0,10.464797,24.48,37.065197,999.4679,
55.79_37.49,2023-07-20 12:00:00,19.7,17.275394,none,0.0,0.0,23.0653,46.8,59.73181,984.7142,
55.79_37.49,2023-07-20 16:00:00,20.05,16.452648,none,0.0,0.0,22.682856,42.839996,48.64716,984.88354,
55.79_37.49,2023-08-09 11:00:00,22.6,23.808157,rain,0.1,0.0,9.565437,20.880001,72.01591,993.5986,
55.79_37.49,2023-08-28 00:00:00,14.3,14.401974,none,0.0,0.0,4.6800003,9.0,88.93628,991.40247,
55.79_37.49,2023-09-08 19:00:00,11.65,8.205504,none,0.0,0.0,14.84318,30.960001,62.38608,998.3121,
55.79_37.51,2023-06-20 18:00:00,21.5,18.45385,none,0.0,0.0,17.81909,41.399998,42.724014,994.31757,
55.79_37.51,2023-08-25 17:00:00,18.5,16.600065,none,0.0,0.0,3.5455887,9.0,38.77879,997.4385,
55.79_37.51,2023-09-15 15:00:00,19.8,17.54014,none,0.0,0.0,9.178235,20.519999,41.522327,1002.8584,
55.79_37.52,2023-08-20 15:00:00,25.2,26.755129,rain,2.1,0.0,6.28713,28.08,60.43712,997.99554,
55.79_37.53,2023-06-08 13:00:00,21.5,21.678072,none,0.0,0.0,6.9527545,20.16,41.016678,1000.6217,
55.79_37.53,2023-08-25 14:00:00,18.5,16.630753,none,0.0,0.0,4.6102495,14.4,41.293823,996.6966,
55.79_37.53,2023-09-01 14:00:00,26.15,25.136444,none,0.0,0.0,14.759999,27.72,43.163647,996.92017,
55.79_37.54,2023-03-24 16:00:00,6.8,3.0836945,none,0.0,35.0,14.799459,24.48,78.38007,984.54626,
55.79_37.54,2023-04-28 16:00:00,14.2,11.578552,none,0.0,0.0,15.546833,32.039997,69.26753,992.8481,
55.79_37.54,2023-05-22 12:00:00,14.2,13.908966,rain,1.1,0.0,6.9247384,14.759999,88.34601,1004.24945,
55.79_37.54,2023-05-28 17:00:00,16.65,12.188004,none,0.0,0.0,21.533897,37.8,44.502605,997.5219,
55.79_37.54,2023-06-09 22:00:00,14.4,12.711901,none,0.0,0.0,9.693296,18.72,69.7768,999.1601,
55.79_37.54,2023-06-22 08:00:00,16.3,14.779886,none,0.0,0.0,5.154415,13.679999,54.099632,999.2445,
55.79_37.54,2023-07-08 19:00:00,21.7,22.10844,none,0.0,0.0,0.35999998,4.32,52.289066,995.4414,
55.79_37.54,2023-07-26 00:00:00,16.9,17.340044,none,0.0,0.0,10.308831,15.84,92.641975,984.2626,
55.79_37.54,2023-07-28 19:00:00,19.9,20.01756,rain,0.1,0.0,11.435313,22.319998,74.82045,985.1849,
55.79_37.54,2023-08-10 09:00:00,19.75,19.614614,none,0.0,0.0,10.587918,23.039999,70.80693,1002.39557,
55.79_37.54,2023-08-16 11:00:00,24.05,23.297607,none,0.0,0.0,14.618837,28.08,47.336857,1005.29,
55.79_37.55,2023-05-21 04:00:00,8.6,7.0184402,rain,1.4,0.0,5.991594,10.08,91.22732,1003.7266,
55.79_37.55,2023-07-07 23:00:00,18.95,21.003813,none,0.0,0.0,6.2145634,9.0,94.817215,995.90375,
55.79_37.55,2023-07-13 11:00:00,15.2,12.718212,none,0.0,0.0,19.66536,32.399998,77.285614,986.5608,
55.79_37.55,2023-09-09 08:00:00,10.95,8.526939,none,0.0,0.0,11.928989,23.039999,78.46795,1002.5161,
55.79_37.55,2023-09-10 07:00:00,10.95,9.18857,none,0.0,0.0,9.83268,18.359999,86.29847,1003.6487,
55.79_37.56,2023-04-24 10:00:00,17.05,13.9821205,none,0.0,0.0,11.090103,21.96,41.31008,997.7442,
55.79_37.56,2023-04-28 22:00:00,7.1,3.3235245,rain,0.4,0.0,16.418526,28.8,81.80234,994.9407,
55.79_37.56,2023-06-05 15:00:00,17.45,14.291666,rain,0.3,0.0,16.923828,38.16,42.156685,999.94794,
55.79_37.56,2023-06-05 22:00:00,11.8,9.860668,none,0.0,0.0,7.386582,11.879999,70.459694,999.8707,
55.79_37.56,2023-06-15 19:00:00,24.8,22.337662,none,0.0,0.0,10.086427,22.319998,30.003347,995.9647,
55.79_37.56,2023-06-15 20:00:00,23.05,23.018604,none,0.0,0.0,4.896529,16.56,50.443306,995.5251,
55.79_37.56,2023-07-25 19:00:00,21.8,22.506922,none,0.0,0.0,7.92,15.84,67.42685,984.3421,
55.79_37.56,2023-08-16 11:00:00,23.2,22.65024,none,0.0,0.0,13.450708,26.28,53.720623,1005.22046,
55.79_37.56,2023-08-17 17:00:00,26.45,26.989262,none,0.0,0.0,4.6938257,13.32,45.709015,1004.1442,
55.79_37.56,2023-09-13 14:00:00,19.25,17.43433,none,0.0,0.0,9.693296,21.24,47.937565,1002.97046,
55.79_37.56,2023-09-15 19:00:00,15.35,13.695757,none,0.0,0.0,8.913181,12.599999,64.31957,1002.0253,
55.79_37.57,2023-04-16 18:00:00,8.85,4.7634287,none,0.0,0.0,9.693296,18.0,39.934788,1007.5285,
55.79_37.57,2023-04-19 06:00:00,5.15,0.8068876,none,0.0,0.0,12.864649,19.44,58.187233,1005.90686,
55.79_37.57,2023-04-21 19:00:00,10.45,6.402446,none,0.0,0.0,12.979984,20.16,47.65905,994.0344,
55.79_37.57,2023-05-11 05:00:00,6.55,4.345645,none,0.0,0.0,4.6938257,7.5599995,80.87054,1002.6543,
55.79_37.57,2023-06-18 19:00:00,20.4,17.505589,none,0.0,0.0,16.870138,35.28,45.86781,996.4456,
55.79_37.57,2023-06-24 10:00:00,15.95,13.6347885,none,0.0,0.0,21.252197,34.56,79.98767,991.0983,
55.79_37.57,2023-07-31 19:00:00,20.1,20.077168,none,0.0,0.0,8.699793,14.4,67.297134,990.4332,
55.79_37.57,2023-08-22 10:00:00,18.95,18.192608,none,0.0,0.0,6.489992,15.4800005,58.376385,991.9783,
55.79_37.57,2023-09-23 05:00:00,12.7,10.356987,none,0.0,0.0,12.313893,19.44,72.586555,1005.1639,
55.79_37.57,2023-09-23 21:00:00,16.7,13.1339245,none,0.0,0.0,15.815435,24.84,45.30053,1003.8824,
55.79_37.58,2023-03-31 17:00:00,5.35,1.1084976,none,0.0,15.000001,13.493999,24.48,63.60753,983.99725,
55.79_37.58,2023-04-04 10:00:00,9.05,7.130664,none,0.0,6.0,6.696387,16.919998,82.6252,994.55054,
55.79_37.58,2023-04-07 08:00:00,2.55,-1.9975951,none,0.0,1.0,14.039999,23.759998,68.57125,1005.48444,
55.79_37.58,2023-04-09 13:00:00,12.5,8.868467,none,0.0,0.0,11.885453,24.48,46.710564,1006.7078,
55.79_37.58,2023-07-12 19:00:00,14.9,11.665569,rain,0.1,0.0,17.826363,31.68,61.441,988.208,
55.79_37.58,2023-07-25 14:00:00,23.2,23.048018,rain,0.1,0.0,9.220499,21.599998,51.82465,984.7628,
55.79_37.58,2023-08-03 08:00:00,22.5,24.179005,none,0.0,0.0,12.783802,24.119999,82.3938,989.4569,
55.79_37.58,2023-08-26 15:00:00,18.0,16.357178,none,0.0,0.0,12.261157,27.0,61.339314,995.0284,
55.79_37.58,2023-09-20 16:00:00,23.3,19.64534,none,0.0,0.0,24.567198,41.039997,42.08677,996.19507,
55.79_37.59,2023-03-23 16:00:00,6.25,1.8444791,none,0.0,42.0,16.904673,28.08,69.8461,989.91095,
55.79_37.59,2023-03-26 03:00:00,3.2,1.211967,none,0.0,32.0,2.6208394,6.12,98.94525,981.69305,
55.79_37.59,2023-03-31 10:00:00,2.55,-2.101661,none,0.0,16.0,15.484185,29.88,72.74629,987.6632,
55.79_37.59,2023-05-20 00:00:00,10.2,7.210085,none,0.0,0.0,9.885262,27.72,62.483707,1006.25055,
55.79_37.59,2023-05-20 02:00:00,8.35,5.8017845,none,0.0,0.0,7.928178,10.440001,74.86234,1006.0189,
55.79_37.59,2023-06-30 17:00:00,18.35,17.98332,rain,0.1,0.0,6.9899354,20.519999,66.935616,978.3501,
55.79_37.59,2023-07-01 06:00:00,16.0,13.852428,rain,0.1,0.0,22.915916,37.8,86.23097,976.62415,
55.79_37.59,2023-07-24 08:00:00,17.45,16.186502,none,0.0,0.0,13.363711,24.84,71.30232,988.7965,
55.79_37.59,2023-07-28 10:00:00,23.8,25.177372,rain,0.1,0.0,14.182355,35.28,75.22373,982.08417,
55.79_37.59,2023-08-30 01:00:00,14.65,14.726006,none,0.0,0.0,4.072935,5.7599998,84.97193,994.48724,
55.79_37.59,2023-09-03 17:00:00,21.7,20.365114,none,0.0,0.0,6.439876,14.4,42.780365,999.8656,
55.79_37.59,2023-09-22 13:00:00,24.05,21.003775,none,0.0,0.0,17.026896,30.239998,35.502274,1005.1882,
55.79_37.6,2023-04-22 18:00:00,12.15,8.644514,none,0.0,0.0,9.793059,16.199999,44.15671,992.61395,
55.79_37.6,2023-05-08 10:00:00,8.3,4.745454,none,0.0,0.0,8.669949,20.519999,46.523533,1012.7511,
55.79_37.6,2023-05-14 16:00:00,17.1,13.111137,none,0.0,0.0,14.33234,27.359999,34.728348,1003.5566,
55.79_37.6,2023-05-16 11:00:00,18.05,15.369917,none,0.0,0.0,15.696165,30.599998,39.889065,1003.89294,
55.79_37.6,2023-05-27 14:00:00,20.85,17.53024,none,0.0,0.0,18.193361,36.36,32.817852,995.3502,
55.79_37.6,2023-09-10 23:00:00,9.4,7.651908,none,0.0,0.0,8.669949,10.08,91.902534,999.7784,
55.79_37.6,2023-09-17 05:00:00,4.9,3.2691512,none,0.0,0.0,2.5455842,3.6,99.30533,1009.12164,
55.79_37.61,2023-04-30 22:00:00,6.3,3.02733,rain,0.5,0.0,13.450708,21.96,88.56545,990.94006,
55.79_37.61,2023-05-23 22:00:00,15.05,14.751263,none,0.0,0.0,7.653705,14.04,85.29414,997.84845,
55.79_37.61,2023-07-04 19:00:00,21.5,20.821901,none,0.0,0.0,7.386582,23.039999,52.236786,996.1638,
55.79_37.61,2023-07-14 12:00:00,17.75,17.349009,rain,0.1,0.0,9.504272,19.8,74.21611,988.789,
55.79_37.61,2023-07-25 21:00:00,18.9,19.493496,none,0.0,0.0,9.114471,14.04,81.427986,984.3688,
55.79_37.61,2023-08-03 08:00:00,22.5,24.179005,none,0.0,0.0,12.783802,24.119999,82.3938,989.9124,
55.79_37.61,2023-09-16 14:00:00,16.2,13.188417,none,0.0,0.0,14.417988,29.519999,52.24742,1007.93005,
55.79_37.61,2023-09-22 20:00:00,15.15,13.052723,none,0.0,0.0,10.028439,14.759999,60.460922,1004.5041,
55.79_37.62,2023-05-10 09:00:00,13.65,11.108216,none,0.0,0.0,7.2805495,19.08,44.43053,1005.5568,
55.79_37.62,2023-05-25 10:00:00,19.75,21.378942,rain,0.2,0.0,2.968636,12.959999,78.980194,995.4566,
55.79_37.62,2023-06-23 23:00:00,16.1,16.899576,none,0.0,0.0,6.638072,9.36,94.70549,989.3729,
55.79_37.62,2023-06-26 11:00:00,22.65,21.720219,none,0.0,0.0,12.371645,24.84,45.873703,995.107,
55.79_37.62,2023-07-17 13:00:00,25.25,25.7867,none,0.0,0.0,7.42159,17.64,44.350765,994.68774,
55.79_37.62,2023-08-15 20:00:00,19.25,19.55554,none,0.0,0.0,6.696387,12.599999,71.40445,1002.42395,
55.79_37.62,2023-08-17 13:00:00,25.25,27.099,none,0.0,0.0,5.2416787,15.84,53.548904,1004.65985,
55.79_37.62,2023-08-30 10:00:00,16.8,16.630695,none,0.0,0.0,5.0911684,15.4800005,72.604034,996.00336,
55.79_37.63,2023-04-02 16:00:00,9.9,5.4025364,none,0.0,11.0,20.288164,34.2,63.97519,991.7677,
55.79_37.63,2023-04-04 09:00:00,6.9,4.718194,none,0.0,6.0,7.2,15.4800005,90.16974,995.221,
55.79_37.63,2023-05-30 12:00:00,20.6,20.293495,none,0.0,0.0,5.0528407,16.199999,35.49377,998.1856,
55.79_37.63,2023-06-21 10:00:00,18.75,15.797033,none,0.0,0.0,13.441071,26.64,37.91027,998.9882,
55.79_37.63,2023-07-12 17:00:00,16.25,12.65896,none,0.0,0.0,18.0,32.399998,51.19161,988.38873,
55.79_37.63,2023-08-02 19:00:00,23.5,25.163837,none,0.0,0.0,7.6367526,16.919998,69.94292,990.2796,
55.79_37.63,2023-08-19 00:00:00,19.6,21.629272,none,0.0,0.0,8.435069,13.32,94.84221,1006.073,
55.79_37.63,2023-08-24 06:00:00,13.1,12.95463,none,0.0,0.0,6.151683,12.24,95.520546,992.69714,
55.79_37.63,2023-09-09 15:00:00,15.25,11.782013,none,0.0,0.0,20.5484,41.399998,62.790188,1003.2191,
55.79_37.64,2023-05-10 23:00:00,10.25,8.166319,none,0.0,0.0,4.3349743,4.68,64.50711,1003.1768,
55.79_37.64,2023-07-25 19:00:00,21.8,22.506922,none,0.0,0.0,7.92,15.84,67.42685,984.68286,
55.79_37.64,2023-09-05 16:00:00,21.5,19.51598,none,0.0,0.0,6.1305785,14.4,35.505592,1002.2315,
55.79_37.65,2023-07-22 05:00:00,13.35,11.613647,none,0.0,0.0,14.241629,24.119999,86.25035,991.65405,
55.79_37.65,2023-08-18 17:00:00,25.9,27.53879,none,0.0,0.0,11.720751,23.039999,65.539055,1006.17255,
55.79_37.65,2023-08-25 22:00:00,12.2,10.515564,none,0.0,0.0,7.2,7.92,73.24058,997.8645,
55.79_37.65,2023-09-25 04:00:00,13.95,13.327532,none,0.0,0.0,9.085988,21.24,89.49427,1006.71484,
55.79_37.66,2023-03-29 21:00:00,6.5,2.5939407,rain,0.4,6.0,18.875126,33.12,92.03998,988.8546,
55.79_37.66,2023-05-07 11:00:00,6.15,1.5228333,none,0.0,0.0,14.81259,31.68,41.749146,1010.61975,
55.79_37.66,2023-06-06 08:00:00,15.5,13.153185,none,0.0,0.0,11.570515,25.56,58.71604,1002.43463,
55.79_37.66,2023-06-09 22:00:00,14.2,12.38818,none,0.0,0.0,9.904906,21.599998,69.03369,999.8577,
55.79_37.66,2023-08-08 11:00:00,24.6,24.877356,none,0.0,0.0,12.074766,26.64,58.59324,990.9798,
55.79_37.67,2023-07-12 00:00:00,12.35,10.186767,none,0.0,0.0,12.496718,22.68,78.41234,990.2929,
55.79_37.67,2023-08-01 17:00:00,25.7,25.805065,none,0.0,0.0,6.12,13.32,45.802593,991.5301,
55.79_37.68,2023-04-11 19:00:00,8.0,4.9999094,none,0.0,0.0,7.7879906,11.159999,63.993282,999.8184,
55.79_37.68,2023-04-29 16:00:00,11.95,7.876377,none,0.0,1.0,10.883676,23.039999,36.31743,1000.59216,
55.79_37.68,2023-05-05 12:00:00,6.95,2.1863928,none,0.0,0.0,18.25026,39.239998,53.713673,1003.7485,
55.79_37.68,2023-09-08 07:00:00,10.0,6.4731693,none,0.0,0.0,16.87398,29.16,74.62873,1001.18286,
55.79_37.69,2023-04-03 17:00:00,11.4,9.398474,none,0.0,2.0,5.0911684,16.56,63.869633,996.9155,
55.79_37.69,2023-08-10 12:00:00,23.55,23.993603,rain,0.1,0.0,8.0899935,21.24,53.287502,1005.3834,
55.79_37.7,2023-07-11 17:00:00,16.75,13.262472,none,0.0,0.0,20.945072,39.239998,57.63993,992.49744,
55.79_37.7,2023-08-16 06:00:00,15.3,15.07037,none,0.0,0.0,10.009036,16.919998,90.77035,1007.38416,
55.79_37.7,2023-09-17 08:00:00,6.2,4.777075,none,0.0,0.0,2.9024127,10.08,98.62925,1012.5437,
55.79_37.7,2023-09-27 16:00:00,18.6,17.507984,none,0.0,0.0,5.506941,14.759999,53.240875,1012.86487,
55.79_37.71,2023-08-22 17:00:00,18.85,18.411087,none,0.0,0.0,5.8603754,15.119999,61.740845,993.726,
55.79_37.71,2023-08-28 10:00:00,17.6,16.483074,none,0.0,0.0,7.5685663,19.08,60.634274,994.6367,
55.79_37.72,2023-04-05 09:00:00,7.85,5.0761223,none,0.0,1.0,10.315115,21.24,80.76714,1003.47314,
55.79_37.72,2023-06-04 10:00:00,12.9,9.969759,rain,0.2,0.0,15.4800005,32.039997,53.955345,1002.6506,
55.79_37.73,2023-04-14 16:00:00,6.9,-0.17295456,none,0.0,0.0,26.758923,49.32,31.213001,1004.9716,
55.79_37.73,2023-06-06 12:00:00,17.7,14.822458,none,0.0,0.0,14.205182,28.44,47.673424,1003.01855,
55.79_37.73,2023-06-17 15:00:00,26.75,25.548023,none,0.0,0.0,7.172949,20.880001,28.144089,996.2589,
55.79_37.73,2023-07-22 17:00:00,22.3,19.225985,none,0.0,0.0,18.36353,34.92,41.243423,993.8711,
55.79_37.73,2023-09-26 15:00:00,17.0,15.767952,none,0.0,0.0,3.2599385,15.84,51.924442,1015.247,
55.79_37.74,2023-04-07 20:00:00,5.25,0.70292664,none,0.0,0.0,12.768586,21.24,50.719696,1009.03955,
55.79_37.74,2023-05-14 08:00:00,13.9,11.36798,none,0.0,0.0,11.609651,25.56,61.838776,1006.05273,
55.79_37.74,2023-06-02 13:00:00,22.45,20.391039,none,0.0,0.0,16.199999,35.28,44.014397,990.9328,
55.79_37.74,2023-08-07 14:00:00,29.25,28.046936,none,0.0,0.0,21.461555,45.719997,40.35494,994.9243,
55.79_37.74,2023-09-11 19:00:00,13.55,12.155243,none,0.0,0.0,8.14587,12.959999,74.98362,1000.529,
55.79_37.74,2023-09-24 13:00:00,22.4,19.685995,none,0.0,0.0,19.493261,37.079998,46.575592,1005.46204,
55.79_37.76,2023-04-17 06:00:00,1.15,-2.2984815,none,0.0,0.0,6.193674,11.5199995,73.83924,1010.36456,
55.79_37.76,2023-08-22 15:00:00,18.7,18.20176,rain,0.1,0.0,6.4799995,18.72,62.736034,993.38727,
55.79_37.77,2023-05-01 14:00:00,8.5,3.5343852,rain,0.2,0.0,22.104116,45.0,65.02805,994.1237,
55.79_37.77,2023-08-16 23:00:00,16.4,16.964954,none,0.0,0.0,4.072935,9.72,83.515564,1005.6156,
55.79_37.77,2023-08-30 13:00:00,20.2,21.099463,none,0.0,0.0,2.0364676,13.679999,60.642532,997.60315,
55.79_37.78,2023-04-18 18:00:00,13.7,10.928232,none,0.0,0.0,6.696387,16.199999,45.084114,1005.99036,
55.79_37.79,2023-04-20 11:00:00,15.1,11.795309,none,0.0,0.0,10.514218,24.84,37.92518,1002.12976,
55.79_37.79,2023-04-23 15:00:00,18.3,14.525558,none,0.0,0.0,10.538843,25.199999,27.56218,996.2547,
55.79_37.79,2023-05-18 12:00:00,23.6,22.501617,none,0.0,0.0,10.703569,26.64,33.258034,1002.23267,
55.79_37.8,2023-05-27 20:00:00,16.25,12.130535,none,0.0,0.0,19.826164,36.0,47.10573,996.12476,
55.79_37.8,2023-05-28 22:00:00,11.25,8.352031,none,0.0,0.0,10.464797,19.44,62.07442,998.157,
55.79_37.8,2023-07-20 17:00:00,20.0,16.37477,none,0.0,0.0,22.691425,47.519997,48.469604,984.6517,
55.79_37.8,2023-08-04 11:00:00,25.5,26.598558,rain,0.4,0.0,17.581125,34.2,67.5325,991.8659,
55.79_37.8,2023-08-31 19:00:00,21.05,20.32376,none,0.0,0.0,12.313894,21.96,61.438744,995.8409,
55.79_37.81,2023-04-10 11:00:00,10.75,8.584427,none,0.0,0.0,4.8965297,14.759999,62.39324,1006.0711,
55.79_37.81,2023-04-25 08:00:00,10.6,8.615589,none,0.0,0.0,6.297428,15.84,71.69926,994.1268,
55.79_37.81,2023-05-18 17:00:00,24.35,21.489792,none,0.0,0.0,10.464798,23.039999,27.578804,1000.75885,
55.79_37.84,2023-08-15 23:00:00,17.3,17.178934,none,0.0,0.0,8.534353,14.759999,78.37057,1001.0437,
55.7_37.13,2023-06-26 21:00:00,19.05,18.261284,none,0.0,0.0,5.4119864,17.28,55.54994,989.7264,
55.7_37.23,2023-06-05 12:00:00,14.4,11.107937,none,0.0,0.0,16.343367,39.96,58.646183,996.20337,
55.7_37.27,2023-03-28 19:00:00,6.35,1.8162651,none,0.0,4.0,16.73516,30.239998,64.77321,983.22174,
55.7_37.27,2023-04-16 21:00:00,5.5,1.6676908,none,0.0,0.0,7.628263,12.599999,48.73582,1003.7655,
55.7_37.39,2023-08-04 18:00:00,26.7,26.321955,none,0.0,0.0,16.418526,40.32,51.563908,994.2353,
55.7_37.4,2023-03-31 13:00:00,4.55,0.09282637,none,0.0,8.0,15.629971,30.239998,70.51706,987.68445,
55.7_37.4,2023-04-20 12:00:00,14.85,11.460922,none,0.0,0.0,11.457958,27.0,37.579556,1004.0103,
55.7_37.4,2023-05-16 16:00:00,19.45,15.8725395,none,0.0,0.0,16.78156,34.56,34.548164,1002.3946,
55.7_37.4,2023-05-30 04:00:00,8.75,6.854824,none,0.0,0.0,5.0142193,10.440001,78.6773,998.37427,
55.7_37.4,2023-07-08 01:00:00,18.5,19.987728,none,0.0,0.0,9.021574,15.119999,95.39901,995.4101,
55.7_37.4,2023-07-17 05:00:00,15.0,14.641081,none,0.0,0.0,9.339208,15.84,88.703094,998.6327,
55.7_37.41,2023-04-18 17:00:00,13.65,11.279382,none,0.0,0.0,4.6800003,12.959999,47.204037,1005.0745,
55.7_37.41,2023-05-04 08:00:00,7.2,4.658597,none,0.0,0.0,5.1165614,14.759999,69.54062,1005.9537,
55.7_37.41,2023-07-30 21:00:00,15.8,15.001474,none,0.0,0.0,8.12197,12.959999,74.37033,989.4389,
55.7_37.41,2023-08-10 05:00:00,14.2,13.363781,none,0.0,0.0,11.113451,20.880001,89.51363,1001.2238,
55.7_37.42,2023-07-04 14:00:00,23.6,21.257885,none,0.0,0.0,12.984975,28.08,37.60857,996.116,
55.7_37.42,2023-08-08 08:00:00,20.75,21.151848,rain,5.6,0.0,13.783817,29.16,78.37368,989.21313,
55.7_37.45,2023-07-03 18:00:00,22.65,19.516285,none,0.0,0.0,18.86139,35.28,40.51245,989.1526,
55.7_37.46,2023-04-17 08:00:00,5.65,3.0448227,snow,0.5,0.0,2.8799999,14.759999,65.08483,1008.7401,
55.7_37.46,2023-07-13 21:00:00,13.5,12.624727,rain,2.7,0.0,9.72,19.44,89.16467,986.3298,
55.7_37.46,2023-07-27 23:00:00,19.65,20.530138,rain,13.4,0.0,13.18308,32.760002,88.798325,983.3379,
55.7_37.46,2023-08-01 17:00:00,25.45,25.113762,none,0.0,0.0,8.913181,16.56,46.18493,991.2889,
55.7_37.46,2023-08-16 20:00:00,20.3,20.409979,none,0.0,0.0,8.404285,11.159999,67.55663,1004.0562,
55.7_37.46,2023-09-24 03:00:00,13.9,10.27774,none,0.0,0.0,16.563911,27.0,55.17196,1003.5924,
55.7_37.47,2023-04-04 21:00:00,6.2,3.411819,none,0.0,4.0,9.3669195,16.199999,85.80834,996.7228,
55.7_37.47,2023-05-19 19:00:00,15.9,12.395254,none,0.0,0.0,11.901798,27.72,39.54622,1004.92676,
55.7_37.47,2023-07-21 14:00:00,20.65,18.353653,rain,0.1,0.0,16.981165,32.760002,46.562458,985.8235,
55.7_37.48,2023-04-15 21:00:00,3.55,-1.2347026,none,0.0,0.0,11.885453,20.16,43.756264,1010.19666,
55.7_37.48,2023-09-08 16:00:00,13.1,7.9843197,none,0.0,0.0,25.671307,47.88,54.963387,996.97296,
55.7_37.48,2023-09-24 18:00:00,21.15,18.47628,none,0.0,0.0,16.62249,32.039997,45.920803,1002.7088,
55.7_37.49,2023-04-08 14:00:00,11.45,7.762373,none,0.0,0.0,12.229406,28.44,43.1604,1005.1543,
55.7_37.49,2023-08-31 12:00:00,23.9,23.839054,none,0.0,0.0,15.141414,30.599998,57.86591,995.2384,
55.7_37.5,2023-03-27 19:00:00,5.45,2.1700616,none,0.0,29.0,10.239453,19.08,78.73051,981.4652,
55.7_37.5,2023-04-13 16:00:00,14.9,9.053264,none,0.0,0.0,24.651457,43.199997,33.960503,992.7234,
55.7_37.5,2023-04-17 13:00:00,12.4,7.9603443,none,0.0,0.0,12.738099,24.84,33.34744,1006.87244,
55.7_37.5,2023-05-10 16:00:00,15.25,11.990065,none,0.0,0.0,6.763786,16.199999,32.84283,1001.62024,
55.7_37.5,2023-05-16 14:00:00,19.7,16.286081,none,0.0,0.0,18.440998,38.519997,32.951256,1000.3591,
55.7_37.5,2023-06-26 17:00:00,22.9,20.167316,none,0.0,0.0,15.226764,27.359999,38.572865,992.36127,
55.7_37.5,2023-08-07 07:00:00,21.35,21.725697,none,0.0,0.0,14.689589,28.44,76.744095,993.82074,
55.7_37.5,2023-08-21 15:00:00,20.65,19.526136,none,0.0,0.0,6.638072,24.119999,43.65811,995.55634,
55.7_37.5,2023-09-08 10:00:00,13.8,8.917759,rain,0.3,0.0,28.62396,49.68,64.632195,994.58026,
55.7_37.52,2023-08-21 18:00:00,20.25,18.68218,none,0.0,0.0,7.072878,15.119999,45.054417,993.85706,
55.7_37.53,2023-04-03 08:00:00,6.4,4.284172,none,0.0,10.0,5.5887027,14.04,88.26536,990.0839,
55.7_37.53,2023-07-14 23:00:00,14.6,15.074921,none,0.0,0.0,4.6938252,7.5599995,93.72697,986.04126,
55.7_37.53,2023-08-16 19:00:00,23.35,23.845575,none,0.0,0.0,6.8777895,14.04,57.732964,999.453,
55.7_37.54,2023-08-01 12:00:00,24.05,25.14654,none,0.0,0.0,7.7043357,18.72,54.287567,988.1183,
55.7_37.54,2023-09-16 14:00:00,14.6,11.323132,none,0.0,0.0,13.339445,29.519999,50.567013,1004.73395,
55.7_37.55,2023-04-21 20:00:00,9.6,5.091263,none,0.0,0.0,15.328561,24.84,47.59006,989.3665,
55.7_37.55,2023-08-08 09:00:00,21.35,21.470171,rain,1.4,0.0,14.003028,28.08,72.71127,985.6323,
55.7_37.55,2023-08-17 20:00:00,20.8,21.88114,none,0.0,0.0,6.0347,9.36,72.84632,999.966,
55.7_37.56,2023-06-21 16:00:00,20.45,17.857994,none,0.0,0.0,10.661107,25.199999,30.468979,995.64417,
55.7_37.56,2023-08-23 12:00:00,19.2,17.512598,none,0.0,0.0,18.792551,36.719997,68.66286,989.801,
55.7_37.57,2023-05-30 12:00:00,20.2,20.379677,none,0.0,0.0,3.319036,14.4,37.408436,995.73157,
55.7_37.57,2023-09-08 15:00:00,14.7,9.39174,none,0.0,0.0,27.059933,49.32,49.717262,994.52985,
55.7_37.58,2023-04-12 17:00:00,16.0,12.107161,none,0.0,0.0,11.252519,22.319998,31.648085,994.9912,
55.7_37.58,2023-05-20 23:00:00,10.6,8.064863,none,0.0,0.0,11.874544,20.16,77.6128,1005.26855,
55.7_37.58,2023-05-23 11:00:00,18.0,16.305767,none,0.0,0.0,15.0038395,29.519999,66.203766,999.02966,
55.7_37.58,2023-07-02 15:00:00,23.15,20.551695,none,0.0,0.0,18.0036,36.719997,43.477116,981.43976,
55.7_37.59,2023-07-06 18:00:00,26.7,27.44645,none,0.0,0.0,8.161764,15.84,50.908752,1000.7717,
55.7_37.6,2023-04-21 16:00:00,15.05,9.775929,none,0.0,0.0,19.523155,34.92,30.685389,995.509,
55.7_37.6,2023-06-27 23:00:00,14.85,14.408134,rain,0.1,0.0,6.638072,11.159999,81.4327,994.1184,
55.7_37.6,2023-06-29 19:00:00,16.5,15.828037,rain,0.1,0.0,12.313894,31.319998,82.44778,984.3834,
55.7_37.6,2023-09-03 22:00:00,14.85,13.8294525,none,0.0,0.0,8.404285,13.679999,75.95789,1002.61395,
55.7_37.61,2023-04-08 13:00:00,11.3,7.6990614,none,0.0,1.0,11.988594,28.44,44.070026,1012.0223,
55.7_37.61,2023-05-13 15:00:00,21.4,18.365599,none,0.0,0.0,14.458382,36.0,28.638514,1004.5076,
55.7_37.61,2023-06-17 21:00:00,18.95,16.373314,none,0.0,0.0,15.778518,26.64,52.26506,997.86115,
55.7_37.61,2023-08-30 17:00:00,19.3,18.236805,none,0.0,0.0,8.891344,20.16,57.689777,998.81146,
55.7_37.61,2023-09-21 09:00:00,15.85,15.864101,none,0.0,0.0,7.491114,18.0,85.65676,1002.5176,
55.7_37.62,2023-04-22 20:00:00,9.75,6.128195,none,0.0,0.0,8.759178,14.4,45.418873,995.8914,
55.7_37.62,2023-04-30 14:00:00,11.55,6.635743,none,0.0,1.0,19.453327,37.44,45.938553,1000.2413,
55.7_37.62,2023-05-02 20:00:00,9.15,5.9214525,none,0.0,0.0,9.0645685,15.119999,58.1518,1005.94995,
55.7_37.62,2023-05-31 10:00:00,10.25,7.7179604,rain,1.6,0.0,16.039202,36.719997,93.51643,995.08325,
55.7_37.62,2023-06-14 11:00:00,20.8,19.190321,none,0.0,0.0,13.570615,28.44,39.712368,1003.93024,
55.7_37.62,2023-06-19 12:00:00,19.95,19.009966,none,0.0,0.0,8.669949,24.48,35.43044,1001.25336,
55.7_37.63,2023-06-08 19:00:00,19.5,19.334717,none,0.0,0.0,5.495161,13.679999,62.094517,1001.75903,
55.7_37.64,2023-08-21 08:00:00,14.9,13.763592,none,0.0,0.0,11.726277,22.319998,81.978195,1000.2582,
55.7_37.64,2023-09-03 14:00:00,21.65,20.423702,none,0.0,0.0,7.729527,19.08,46.21398,1004.4574,
55.7_37.64,2023-09-21 02:00:00,15.7,12.979771,none,0.0,0.0,19.453327,33.839996,70.500626,1001.3679,
55.7_37.64,2023-09-22 22:00:00,15.55,13.007368,none,0.0,0.0,12.413476,19.08,57.340324,1009.0228,
55.7_37.65,2023-04-25 03:00:00,6.8,4.210227,none,0.0,0.0,6.12,10.440001,74.3264,998.07086,
55.7_37.65,2023-05-19 05:00:00,11.5,9.064671,rain,0.7,0.0,17.106628,27.359999,91.41779,1007.4915,
55.7_37.65,2023-09-05 11:00:00,20.15,19.060415,none,0.0,0.0,9.290511,20.880001,52.75657,1007.5371,
55.7_37.66,2023-04-14 00:00:00,5.6,-0.9265528,none,0.0,0.0,26.302181,41.760002,49.317314,1002.27924,
55.7_37.66,2023-05-12 10:00:00,16.0,15.162758,none,0.0,0.0,4.6938257,16.199999,59.643673,1006.38495,
55.7_37.66,2023-07-31 21:00:00,17.4,17.29143,none,0.0,0.0,8.209263,14.04,77.37157,994.1365,
55.7_37.66,2023-09-19 23:00:00,14.75,12.403137,none,0.0,0.0,15.716793,24.48,71.98855,1001.198,
55.7_37.67,2023-03-23 14:00:00,7.5,3.0318098,none,0.0,49.0,19.586119,29.519999,69.35448,993.8013,
55.7_37.67,2023-04-08 11:00:00,9.75,6.2504673,none,0.0,1.0,12.661564,25.199999,52.920235,1011.2621,
55.7_37.67,2023-05-17 16:00:00,22.95,19.900602,none,0.0,0.0,12.620554,23.039999,31.28772,1006.2504,
55.7_37.67,2023-09-21 15:00:00,19.6,18.968266,none,0.0,0.0,10.383987,21.24,64.82379,1003.7303,
55.7_37.69,2023-07-11 16:00:00,17.0,13.288116,none,0.0,0.0,22.218153,37.44,56.159184,994.37756,
55.7_37.69,2023-09-05 19:00:00,17.55,15.550678,none,0.0,0.0,9.693296,15.4800005,52.606003,1004.9904,
55.7_37.71,2023-08-21 19:00:00,18.7,18.632034,none,0.0,0.0,4.6102495,10.440001,64.841194,999.86475,
55.7_37.73,2023-03-29 20:00:00,6.7,2.4050913,none,0.0,28.0,21.175837,37.8,89.21904,989.9637,
55.7_37.73,2023-05-26 08:00:00,20.05,20.439281,none,0.0,0.0,6.489992,15.84,68.60897,998.41266,
55.7_37.73,2023-06-23 16:00:00,19.7,20.419163,rain,0.1,0.0,6.130579,16.199999,73.59368,994.2592,
55.7_37.73,2023-06-28 17:00:00,19.9,16.942856,none,0.0,0.0,22.288042,38.88,56.32346,991.28265,
55.7_37.74,2023-05-31 23:00:00,8.4,5.8599834,none,0.0,0.0,8.854829,13.679999,78.350876,994.59845,
55.7_37.75,2023-04-07 10:00:00,6.15,1.7706547,none,0.0,1.0,14.689589,29.16,61.290707,1009.24695,
55.7_37.75,2023-05-13 12:00:00,19.7,16.513384,none,0.0,0.0,20.608229,36.36,36.747375,1003.9822,
55.7_37.75,2023-06-22 21:00:00,18.55,16.086405,none,0.0,0.0,18.59845,27.359999,60.656055,995.83594,
55.7_37.75,2023-09-11 21:00:00,10.9,9.633362,none,0.0,0.0,6.989936,11.5199995,88.356384,1001.41254,
55.7_37.77,2023-04-16 13:00:00,10.2,5.4548807,none,0.0,0.0,13.237038,27.0,33.06785,1013.13837,
55.7_37.77,2023-04-26 17:00:00,15.5,11.699184,none,0.0,0.0,20.46941,46.44,56.16099,986.8283,
55.7_37.77,2023-05-18 20:00:00,18.7,16.290161,none,0.0,0.0,15.379206,41.760002,54.537354,1002.92664,
55.7_37.77,2023-07-18 21:00:00,18.45,18.437244,rain,0.1,0.0,16.78156,27.359999,90.69379,982.2815,
55.7_37.78,2023-04-15 19:00:00,6.0,1.6439557,none,0.0,0.0,9.47012,21.24,39.227497,1012.40497,
55.7_37.78,2023-04-19 22:00:00,7.0,3.1000624,none,0.0,0.0,10.009036,18.72,51.97434,1007.43243,
55.7_37.78,2023-07-30 21:00:00,17.25,16.6214,none,0.0,0.0,8.78872,14.04,71.73556,990.684,
55.7_37.79,2023-04-09 01:00:00,2.9,-0.6278653,none,0.0,0.0,8.647496,13.679999,75.80633,1008.78595,
55.7_37.79,2023-05-05 17:00:00,7.15,1.8713722,none,0.0,0.0,17.826363,36.36,44.658672,1004.1543,
55.7_37.79,2023-05-12 12:00:00,19.2,17.921173,none,0.0,0.0,9.0645685,21.96,44.606815,1004.40204,
55.7_37.79,2023-05-14 14:00:00,17.0,13.15456,none,0.0,0.0,14.480773,29.88,37.40225,1006.7543,
55.7_37.79,2023-05-22 21:00:00,14.65,13.66968,none,0.0,0.0,8.435069,10.799999,77.715034,1002.7374,
55.7_37.79,2023-07-04 09:00:00,22.3,20.793772,none,0.0,0.0,13.37825,26.28,43.972538,998.6594,
55.7_37.79,2023-08-18 12:00:00,27.05,29.203926,none,0.0,0.0,5.692099,15.84,53.32309,1007.5123,
55.7_37.8,2023-04-07 02:00:00,1.35,-2.8988202,none,0.0,1.0,11.681987,20.519999,72.78679,1007.93207,
55.7_37.8,2023-05-10 13:00:00,15.15,11.891603,none,0.0,0.0,7.729527,18.359999,33.418777,1007.07556,
55.7_37.8,2023-05-27 08:00:00,17.85,15.966383,none,0.0,0.0,13.513193,26.64,61.10005,997.28094,
55.7_37.8,2023-07-03 10:00:00,21.35,19.43072,rain,0.1,0.0,22.782625,42.12,60.712494,987.7685,
55.7_37.81,2023-05-19 04:00:00,13.3,10.527591,none,0.0,0.0,19.914217,33.48,82.59582,1006.8615,
55.7_37.81,2023-08-14 19:00:00,22.1,22.557217,none,0.0,0.0,11.269782,27.0,68.793144,1001.62024,
55.7_37.82,2023-09-05 09:00:00,16.05,16.087875,none,0.0,0.0,5.1165614,14.759999,79.47869,1007.74274,
55.7_37.83,2023-06-02 23:00:00,12.75,12.109844,none,0.0,0.0,6.725354,11.5199995,89.6976,989.69147,
55.7_37.83,2023-07-06 19:00:00,26.55,27.863438,none,0.0,0.0,6.638072,12.599999,54.22166,1002.0001,
55.7_37.83,2023-09-10 13:00:00,18.5,17.105673,none,0.0,0.0,9.178235,21.96,56.72735,1005.1454,
55.7_37.84,2023-04-12 13:00:00,16.2,13.490934,none,0.0,0.0,8.942214,21.96,33.970974,999.9215,
55.7_37.84,2023-04-25 19:00:00,13.8,10.877817,none,0.0,0.0,13.493999,22.68,60.136246,992.2883,
55.7_37.84,2023-06-30 19:00:00,16.65,16.401081,rain,0.1,0.0,6.519877,17.64,75.2544,981.3949,
55.7_37.84,2023-08-24 08:00:00,14.75,14.241995,rain,0.1,0.0,7.2,16.919998,82.229996,995.4901,
55.7_37.84,2023-08-30 20:00:00,14.4,13.932737,none,0.0,0.0,6.489992,10.799999,83.00526,998.7952,
55.7_37.85,2023-06-26 13:00:00,23.5,22.673897,none,0.0,0.0,12.783802,29.16,44.159332,997.61066,
55.7_37.85,2023-08-28 23:00:00,11.85,9.76172,none,0.0,0.0,8.891344,19.44,71.68915,996.10675,
55.7_37.86,2023-06-24 20:00:00,17.85,17.63531,none,0.0,0.0,6.618519,21.24,70.44671,996.4759,
55.7_37.86,2023-08-09 19:00:00,21.15,19.848776,none,0.0,0.0,16.854767,30.239998,62.06462,998.06836,
55.7_37.87,2023-05-26 22:00:00,16.6,15.817858,none,0.0,0.0,7.072878,10.799999,68.59388,996.36694,
55.7_37.91,2023-06-06 19:00:00,16.5,14.603355,none,0.0,0.0,9.422101,21.96,57.187855,1002.9073,
55.7_37.92,2023-05-17 19:00:00,20.5,20.35064,none,0.0,0.0,4.510787,16.199999,56.847595,1005.71466,
55.7_37.92,2023-06-14 17:00:00,22.65,19.759733,none,0.0,0.0,13.104198,24.48,34.266846,1002.7529,
55.7_37.93,2023-03-30 17:00:00,3.05,-1.2973447,none,0.0,2.0,14.618837,27.72,76.94645,995.4145,
55.7_37.93,2023-04-30 23:00:00,6.2,2.8347187,rain,1.9,0.0,14.440443,24.84,90.74802,992.29956,
55.7_37.93,2023-05-29 18:00:00,19.25,16.07699,none,0.0,0.0,13.044722,24.119999,38.45532,1003.7971,
55.7_37.93,2023-06-03 17:00:00,8.05,3.3233423,none,0.0,0.0,21.533897,44.639996,71.2091,999.3161,
55.7_37.93,2023-06-14 17:00:00,23.15,20.385805,none,0.0,0.0,12.313894,24.84,33.130135,1002.74457,
55.7_37.93,2023-07-21 01:00:00,13.15,11.494381,none,0.0,0.0,10.028439,16.919998,77.22327,990.1036,
55.7_37.94,2023-07-24 01:00:00,14.05,13.128384,none,0.0,0.0,9.605998,16.919998,84.906975,994.7398,
55.7_37.94,2023-09-12 13:00:00,18.25,17.313274,none,0.0,0.0,5.0911684,16.919998,55.72028,1006.5807,
55.7_37.95,2023-06-24 19:00:00,17.65,17.186785,none,0.0,0.0,7.653705,23.039999,69.94683,999.03577,
55.7_37.95,2023-08-10 00:00:00,17.6,17.110886,none,0.0,0.0,11.177405,19.44,77.15092,1003.25415,
55.81_37.38,2023-07-01 00:00:00,13.45,12.945833,none,0.0,0.0,9.0645685,16.199999,94.59838,978.94037,
55.81_37.39,2023-03-31 08:00:00,-0.25,-4.6875687,none,0.0,3.0,12.758432,27.0,80.193115,989.00385,
55.81_37.39,2023-04-12 05:00:00,3.5,0.8295903,none,0.0,0.0,2.968636,6.4799995,73.729256,998.2435,
55.81_37.39,2023-04-14 18:00:00,6.1,-0.48117876,none,0.0,0.0,23.893261,49.32,35.2371,1004.08887,
55.81_37.39,2023-04-17 15:00:00,13.5,9.588885,none,0.0,0.0,8.209263,19.8,28.580273,1008.2471,
55.81_37.39,2023-04-29 05:00:00,3.45,-0.6289644,rain,1.9,0.0,16.704155,32.760002,95.848145,995.6904,
55.81_37.39,2023-07-10 04:00:00,14.3,12.273033,none,0.0,0.0,18.94024,33.839996,88.06496,990.615,
55.81_37.39,2023-09-18 19:00:00,12.55,11.315046,none,0.0,0.0,8.287822,9.72,83.61603,1001.52496,
55.81_37.39,2023-09-19 03:00:00,9.3,7.277768,none,0.0,0.0,10.028439,17.28,90.65507,1002.4932,
55.81_37.4,2023-05-26 21:00:00,15.75,14.857265,none,0.0,0.0,7.628263,13.32,71.933426,994.4021,
55.81_37.4,2023-06-09 11:00:00,23.2,21.298065,none,0.0,0.0,16.267857,35.64,33.37378,996.4336,
55.81_37.4,2023-09-10 15:00:00,17.75,17.348309,none,0.0,0.0,1.8,10.799999,58.278008,1001.9899,
55.81_37.41,2023-04-27 09:00:00,14.5,13.286629,none,0.0,0.0,5.00128,15.119999,65.67389,992.86273,
55.81_37.41,2023-04-29 00:00:00,6.3,2.8120089,rain,0.9,0.0,15.281989,27.72,90.12465,996.97644,
55.81_37.41,2023-05-21 18:00:00,15.0,12.135281,none,0.0,0.0,13.570615,32.039997,56.810116,1005.5716,
55.81_37.44,2023-07-09 15:00:00,23.75,21.654194,none,0.0,0.0,13.684735,25.56,40.686516,994.61597,
55.81_37.44,2023-07-11 14:00:00,17.05,14.133415,none,0.0,0.0,19.813087,37.44,62.568768,993.68024,
55.81_37.45,2023-05-24 10:00:00,17.55,17.774069,rain,1.6,0.0,6.28713,17.64,77.3946,997.70544,
55.81_37.45,2023-08-28 06:00:00,11.3,10.914105,none,0.0,0.0,5.1919937,11.5199995,99.33974,993.88495,
55.81_37.46,2023-03-30 12:00:00,5.85,2.4834948,rain,0.1,15.000001,10.182337,23.4,73.62739,991.1965,
55.81_37.46,2023-04-05 08:00:00,4.8,1.8530054,none,0.0,3.0,9.983106,20.880001,92.25888,1001.1298,
55.81_37.46,2023-04-07 18:00:00,6.55,2.7420268,none,0.0,0.0,9.47012,19.44,54.001915,1007.2103,
55.81_37.46,2023-04-23 12:00:00,17.2,14.1310005,none,0.0,0.0,11.620809,25.199999,35.258606,996.3239,
55.81_37.46,2023-05-18 16:00:00,24.5,21.404947,none,0.0,0.0,12.074766,20.880001,27.332205,1000.458,
55.81_37.46,2023-05-28 18:00:00,16.1,11.583204,none,0.0,0.0,21.980644,38.519997,46.249527,997.9363,
55.81_37.46,2023-06-19 20:00:00,17.05,14.535267,none,0.0,0.0,8.534353,11.879999,44.152023,995.4544,
55.81_37.46,2023-06-28 20:00:00,18.0,17.157352,none,0.0,0.0,10.587918,24.119999,69.100945,987.9463,
55.81_37.47,2023-04-07 20:00:00,4.25,-0.4635234,none,0.0,0.0,13.32,21.599998,51.398415,1008.005,
55.81_37.47,2023-08-15 21:00:00,17.3,17.43412,none,0.0,0.0,7.145796,11.159999,79.139,1002.7647,
55.81_37.47,2023-09-07 19:00:00,13.15,10.010778,none,0.0,0.0,11.304229,25.919998,52.524124,1002.7003,
55.81_37.47,2023-09-23 11:00:00,20.7,18.711704,none,0.0,0.0,15.745627,28.8,53.78608,1004.9781,
55.81_37.48,2023-04-20 15:00:00,15.75,10.8393955,none,0.0,0.0,15.546833,30.960001,25.85647,1000.0529,
55.81_37.48,2023-04-21 14:00:00,14.85,10.940566,none,0.0,0.0,13.661038,28.08,34.57087,994.7167,
55.81_37.48,2023-06-01 08:00:00,13.7,11.355694,none,0.0,0.0,11.304229,22.68,65.27617,991.1674,
55.81_37.48,2023-06-21 16:00:00,22.35,18.459997,none,0.0,0.0,11.27553,23.039999,21.384405,998.2951,
55.81_37.48,2023-07-02 21:00:00,18.45,17.57957,none,0.0,0.0,8.714677,17.64,63.095894,982.1485,
55.81_37.48,2023-09-18 09:00:00,15.05,13.53002,none,0.0,0.0,13.493999,24.119999,79.07421,1001.1049,
55.81_37.49,2023-04-03 18:00:00,11.35,9.482234,none,0.0,5.0,4.6800003,15.4800005,65.662415,994.88654,
55.81_37.49,2023-07-13 13:00:00,16.35,13.955761,rain,0.2,0.0,19.48661,35.64,72.76283,986.9852,
55.81_37.49,2023-09-12 09:00:00,12.2,11.5192175,none,0.0,0.0,4.198285,12.599999,84.70411,1001.4369,
55.81_37.5,2023-04-08 16:00:00,11.95,8.21249,none,0.0,0.0,9.220499,20.16,38.244236,1006.6911,
55.81_37.5,2023-04-25 18:00:00,16.95,14.045734,none,0.0,0.0,8.587338,21.599998,38.739193,989.4851,
55.81_37.5,2023-06-15 22:00:00,19.95,17.696077,none,0.0,0.0,9.693296,16.919998,42.140427,995.7466,
55.81_37.5,2023-07-09 13:00:00,23.2,21.853437,none,0.0,0.0,13.441071,25.919998,46.79467,991.2674,
55.81_37.5,2023-08-08 17:00:00,24.8,25.85301,rain,0.1,0.0,8.435069,17.64,60.153324,990.26025,
55.81_37.5,2023-08-17 22:00:00,19.45,20.213264,none,0.0,0.0,8.905908,10.440001,80.46537,1002.7924,
55.81_37.51,2023-04-24 14:00:00,19.85,16.288261,none,0.0,0.0,12.879752,25.919998,26.426348,996.76404,
55.81_37.51,2023-04-26 13:00:00,11.25,8.650042,rain,0.2,0.0,15.856354,28.8,85.45962,983.70593,
55.81_37.51,2023-05-03 22:00:00,8.75,3.8360453,none,0.0,0.0,16.645864,29.88,44.96105,1002.9465,
55.81_37.51,2023-05-11 23:00:00,8.6,6.19785,none,0.0,0.0,9.085988,10.440001,81.7156,1003.4501,
55.81_37.51,2023-05-12 21:00:00,12.0,8.901571,none,0.0,0.0,8.404285,13.679999,48.792694,1001.01843,
55.81_37.51,2023-06-18 23:00:00,16.15,13.985704,none,0.0,0.0,12.229406,19.44,60.69921,998.27423,
55.81_37.51,2023-08-25 19:00:00,17.1,16.952814,none,0.0,0.0,3.7585104,4.68,68.69438,996.80347,
55.81_37.51,2023-08-31 16:00:00,24.35,23.315228,none,0.0,0.0,14.773164,26.28,50.786358,996.5029,
55.81_37.51,2023-09-19 19:00:00,16.7,16.11608,none,0.0,0.0,9.605998,14.759999,76.75907,997.79736,
55.81_37.52,2023-04-19 08:00:00,10.4,6.176036,none,0.0,0.0,15.379206,27.359999,51.777115,1007.18567,
55.81_37.52,2023-06-28 19:00:00,18.55,17.056252,none,0.0,0.0,14.277983,30.599998,65.23729,987.993,
55.81_37.52,2023-08-24 11:00:00,15.6,14.49365,rain,0.2,0.0,10.233123,20.16,75.32816,992.72815,
55.81_37.53,2023-05-29 15:00:00,20.65,18.084097,none,0.0,0.0,10.691453,21.599998,31.071552,999.1451,
55.81_37.53,2023-06-18 15:00:00,23.75,21.625654,none,0.0,0.0,6.1305785,18.0,29.605865,997.43353,
55.81_37.57,2023-03-30 16:00:00,2.1,-2.6998632,none,0.0,16.0,16.831684,28.44,77.07131,990.49677,
55.81_37.57,2023-04-01 19:00:00,5.35,1.5201812,none,0.0,14.0,13.358861,28.44,76.22287,986.3416,
55.81_37.57,2023-07-09 23:00:00,17.15,15.458443,none,0.0,0.0,16.299694,26.28,72.667145,988.8384,
55.81_37.57,2023-08-29 12:00:00,14.7,13.242796,rain,0.2,0.0,10.495713,19.08,74.42871,994.0396,
55.81_37.57,2023-09-20 19:00:00,19.5,17.054718,none,0.0,0.0,16.575644,34.2,53.654915,995.75244,
55.81_37.58,2023-04-11 21:00:00,6.85,3.5592127,none,0.0,0.0,9.957108,12.24,69.96769,996.8546,
55.81_37.58,2023-05-14 11:00:00,15.45,11.967152,none,0.0,0.0,15.725037,30.960001,48.044277,1004.1116,
55.81_37.58,2023-05-15 22:00:00,11.3,8.697436,none,0.0,0.0,8.647496,11.5199995,62.52231,1001.28705,
55.81_37.58,2023-06-01 17:00:00,20.85,17.621725,none,0.0,0.0,14.291592,32.039997,36.315155,989.25116,
55.81_37.58,2023-07-06 17:00:00,27.7,27.023794,none,0.0,0.0,10.883676,20.519999,40.055294,997.8707,
55.81_37.58,2023-07-16 06:00:00,14.9,13.945391,none,0.0,0.0,14.255272,22.68,91.33578,993.09454,
55.81_37.58,2023-07-21 23:00:00,14.05,12.507469,none,0.0,0.0,12.496719,19.44,81.32788,988.1536,
55.81_37.58,2023-07-22 01:00:00,13.1,11.50072,none,0.0,0.0,12.783802,20.880001,86.22533,988.79333,
55.81_37.58,2023-09-14 20:00:00,14.05,12.165247,none,0.0,0.0,9.693296,14.759999,67.843834,999.1912,
55.81_37.58,2023-09-15 18:00:00,16.15,14.659706,none,0.0,0.0,7.968939,11.879999,61.525684,1001.452,
55.81_37.58,2023-09-21 19:00:00,18.15,18.36454,none,0.0,0.0,5.991594,12.599999,73.802376,1000.2579,
55.81_37.58,2023-09-27 10:00:00,13.6,12.222351,none,0.0,0.0,8.12197,18.0,74.992096,1010.5643,
55.81_37.59,2023-05-31 05:00:00,9.9,7.7259617,none,0.0,0.0,13.397612,20.16,95.08829,992.68384,
55.81_37.59,2023-06-13 15:00:00,21.25,18.444557,none,0.0,0.0,15.84409,34.2,29.212637,1002.20715,
55.81_37.59,2023-08-01 10:00:00,22.7,23.853985,none,0.0,0.0,5.634891,14.759999,64.24288,991.6437,
55.81_37.59,2023-08-06 14:00:00,30.0,31.585892,none,0.0,0.0,15.629971,28.8,50.48129,998.5778,
55.81_37.59,2023-09-08 07:00:00,10.05,6.345867,none,0.0,0.0,18.089775,28.44,74.37956,998.25775,
55.81_37.59,2023-09-18 12:00:00,16.35,14.939697,none,0.0,0.0,13.276144,28.44,73.97477,1000.7797,
55.81_37.6,2023-06-21 03:00:00,10.3,9.522603,none,0.0,0.0,2.1897945,9.72,87.11532,997.25195,
55.81_37.61,2023-08-23 11:00:00,18.9,17.41982,rain,0.1,0.0,18.331741,34.92,71.80482,989.5509,
55.81_37.62,2023-06-07 12:00:00,21.35,18.546146,none,0.0,0.0,23.411074,41.399998,43.85475,999.95355,
55.81_37.63,2023-04-18 22:00:00,7.1,3.183267,none,0.0,0.0,11.874544,20.16,58.90023,1006.95245,
55.81_37.63,2023-08-08 18:00:00,24.75,26.22828,none,0.0,0.0,5.8048253,14.4,60.717796,990.5966,
55.81_37.63,2023-09-04 15:00:00,21.55,20.06271,none,0.0,0.0,10.195057,26.28,47.601078,1003.5996,
55.81_37.64,2023-04-14 17:00:00,6.75,-0.19797707,none,0.0,0.0,25.959969,48.96,31.783377,1003.47266,
55.81_37.64,2023-06-04 17:00:00,14.1,9.478167,none,0.0,0.0,17.555305,34.56,39.161015,1001.90826,
55.81_37.64,2023-07-31 11:00:00,23.4,22.94873,none,0.0,0.0,12.015589,25.199999,48.74207,989.2509,
55.81_37.64,2023-08-21 19:00:00,18.45,18.568092,none,0.0,0.0,4.3349743,9.36,67.84204,995.6576,
55.81_37.64,2023-08-28 23:00:00,12.6,10.022297,none,0.0,0.0,12.57426,21.24,69.18181,993.64514,
55.81_37.64,2023-08-29 00:00:00,11.7,9.445901,none,0.0,0.0,10.028439,21.24,72.40209,993.4819,
55.81_37.64,2023-09-04 17:00:00,19.75,18.852852,none,0.0,0.0,9.0,20.16,58.377377,1003.8007,
55.81_37.65,2023-06-07 08:00:00,18.3,16.712816,none,0.0,0.0,12.181625,25.56,60.799255,1000.99817,
55.81_37.65,2023-08-06 16:00:00,29.6,30.231289,none,0.0,0.0,13.324863,27.359999,47.451397,999.70575,
55.81_37.65,2023-09-26 17:00:00,14.05,12.82918,none,0.0,0.0,5.0528407,7.5599995,67.613976,1013.60583,
55.81_37.66,2023-09-14 14:00:00,19.6,17.257994,none,0.0,0.0,13.441071,28.44,48.85404,1002.3048,
55.81_37.7,2023-07-12 20:00:00,14.3,11.886318,none,0.0,0.0,13.32,29.519999,66.75452,992.17474,
55.81_37.7,2023-07-23 01:00:00,14.1,12.983717,none,0.0,0.0,8.557102,16.199999,78.41145,994.5672,
55.81_37.71,2023-06-13 11:00:00,18.25,15.213976,none,0.0,0.0,19.559633,39.6,39.94677,1006.7885,
55.81_37.72,2023-03-31 14:00:00,5.3,1.1402555,none,0.0,4.0,13.18308,28.44,65.00505,987.6488,
55.81_37.72,2023-04-07 16:00:00,9.7,5.0293846,none,0.0,0.0,14.799459,28.8,41.555275,1008.85315,
55.81_37.72,2023-06-12 17:00:00,18.25,13.594978,none,0.0,0.0,20.948164,40.68,36.071526,1007.61456,
55.81_37.72,2023-06-23 08:00:00,14.5,13.672434,rain,0.2,0.0,8.534353,16.199999,81.38695,992.7261,
55.81_37.73,2023-04-12 15:00:00,16.65,13.17911,none,0.0,0.0,8.209263,18.0,30.033892,997.90485,
55.81_37.73,2023-04-25 16:00:00,17.3,14.056055,none,0.0,0.0,11.298495,24.48,38.70384,993.2794,
55.81_37.73,2023-07-11 20:00:00,13.85,11.843945,rain,0.1,0.0,14.658676,30.599998,79.693,992.8823,
55.81_37.74,2023-05-30 17:00:00,20.55,18.752928,none,0.0,0.0,3.8939953,11.159999,35.977497,997.658,
55.81_37.76,2023-04-18 19:00:00,11.3,8.446736,none,0.0,0.0,7.928177,12.24,54.878254,1007.2131,
55.81_37.76,2023-04-29 18:00:00,12.0,8.4651985,none,0.0,1.0,8.4042845,20.880001,39.836006,998.74896,
55.81_37.76,2023-06-12 13:00:00,17.4,14.3792,none,0.0,0.0,20.774214,41.760002,39.701134,1009.43024,
55.81_37.76,2023-09-21 15:00:00,19.8,19.29136,none,0.0,0.0,10.00256,23.039999,64.867134,1002.7097,
55.81_37.77,2023-05-01 14:00:00,10.55,6.1430197,rain,0.1,0.0,20.46941,38.16,63.898983,991.07074,
55.81_37.77,2023-05-21 01:00:00,10.1,7.654722,none,0.0,0.0,11.177405,19.08,79.97064,1005.5433,
55.81_37.78,2023-04-30 19:00:00,6.65,3.1177025,rain,0.9,0.0,15.021105,28.8,85.556114,992.6995,
55.81_37.78,2023-05-24 10:00:00,17.95,18.692783,none,0.0,0.0,4.072935,15.119999,78.21262,996.8331,
55.81_37.78,2023-06-01 17:00:00,20.35,17.41832,none,0.0,0.0,13.783817,33.839996,40.133034,990.6763,
55.81_37.78,2023-07-01 08:00:00,16.9,15.508888,rain,0.1,0.0,17.84816,41.760002,81.69754,976.9305,
55.81_37.79,2023-05-10 04:00:00,3.0,-0.5430317,none,0.0,0.0,7.42159,11.5199995,67.909966,1006.45905,
55.81_37.79,2023-05-14 10:00:00,15.05,12.191689,none,0.0,0.0,14.986553,31.319998,52.848614,1004.0274,
55.81_37.79,2023-06-02 19:00:00,17.55,17.282232,rain,0.1,0.0,7.208994,30.960001,72.26365,987.609,
55.81_37.8,2023-04-15 21:00:00,3.85,-1.2448692,none,0.0,0.0,13.339445,23.759998,39.333923,1010.9116,
55.81_37.8,2023-05-01 12:00:00,10.8,6.916445,none,0.0,0.0,16.676977,32.399998,62.186153,990.1227,
55.81_37.8,2023-05-15 07:00:00,12.5,10.468378,none,0.0,0.0,6.696387,16.56,63.457592,1004.42126,
55.81_37.8,2023-06-07 21:00:00,16.0,14.954178,none,0.0,0.0,5.937272,20.880001,64.46388,997.7351,
55.81_37.8,2023-06-09 19:00:00,17.4,15.328312,none,0.0,0.0,14.408997,32.039997,62.02381,995.72125,
55.81_37.8,2023-07-03 16:00:00,23.15,19.745981,none,0.0,0.0,19.829433,39.6,37.993744,988.43475,
55.81_37.8,2023-07-17 17:00:00,25.25,25.370872,none,0.0,0.0,5.315336,15.84,46.13045,992.9071,
55.81_37.8,2023-07-20 07:00:00,16.2,13.142744,none,0.0,0.0,24.569832,45.719997,74.68501,982.74976,
55.81_37.8,2023-08-02 23:00:00,18.85,20.58081,none,0.0,0.0,6.297428,10.799999,91.29588,989.53046,
55.81_37.8,2023-08-20 16:00:00,22.05,24.04306,rain,0.9,0.0,4.3349743,19.08,74.70175,996.9805,
55.81_37.8,2023-09-14 08:00:00,11.25,9.885766,none,0.0,0.0,7.2,15.119999,84.884605,1001.0332,
55.81_37.81,2023-05-07 21:00:00,2.65,-0.9436581,none,0.0,0.0,6.638072,11.159999,63.202126,1008.9083,
55.81_37.81,2023-07-09 17:00:00,22.65,21.177883,none,0.0,0.0,11.177405,27.359999,46.180527,990.6249,
55.81_37.81,2023-09-05 12:00:00,20.05,19.128315,none,0.0,0.0,8.217153,20.880001,53.618168,1004.29785,
55.81_37.82,2023-04-08 15:00:00,12.05,8.656513,none,0.0,0.0,7.386582,19.08,39.559853,1008.0208,
55.81_37.82,2023-04-14 08:00:00,1.05,-5.6716576,none,0.0,0.0,24.20314,50.399998,46.15532,1001.9835,
55.81_37.82,2023-05-19 00:00:00,14.2,13.115513,none,0.0,0.0,10.829958,21.24,84.3643,1003.1548,
55.81_37.82,2023-06-09 15:00:00,21.1,18.31082,rain,0.3,0.0,19.61587,41.399998,43.636375,996.433,
55.81_37.83,2023-04-01 04:00:00,0.0,-2.5650277,snow,0.1,3.0,2.5455842,5.3999996,96.78346,983.01874,
55.81_37.83,2023-06-03 11:00:00,9.65,6.297118,rain,0.8,0.0,18.556595,39.239998,86.46139,990.6933,
55.81_37.83,2023-06-05 13:00:00,15.65,12.808834,none,0.0,0.0,17.811815,40.32,57.365402,1000.1253,
55.81_37.83,2023-06-08 13:00:00,21.4,22.062387,none,0.0,0.0,4.39436,18.72,42.986435,999.61005,
55.81_37.84,2023-05-22 06:00:00,10.4,8.5629015,none,0.0,0.0,8.759178,16.199999,84.215904,1003.97186,
55.81_37.84,2023-08-03 07:00:00,19.25,20.870403,none,0.0,0.0,7.653705,19.8,90.177734,990.21375,
55.82_37.39,2023-04-13 00:00:00,6.2,2.8812685,none,0.0,0.0,8.350138,14.04,65.20972,996.559,
55.82_37.39,2023-04-13 21:00:00,7.45,1.3882813,none,0.0,0.0,24.696104,47.519997,49.84356,998.6915,
55.82_37.39,2023-05-25 22:00:00,15.05,15.213732,none,0.0,0.0,6.1094027,9.72,89.28764,998.2807,
55.82_37.39,2023-06-19 19:00:00,19.95,17.162436,none,0.0,0.0,7.10031,19.8,30.871601,997.1706,
55.82_37.39,2023-06-28 14:00:00,19.95,17.300299,none,0.0,0.0,17.399586,33.839996,51.13848,990.05054,
55.82_37.39,2023-08-24 14:00:00,16.25,14.94055,none,0.0,0.0,8.891344,27.359999,66.0511,997.65607,
55.82_37.4,2023-06-26 19:00:00,21.3,19.704638,none,0.0,0.0,9.693296,27.0,46.27271,995.78467,
55.82_37.43,2023-03-28 08:00:00,0.2,-2.3448246,none,0.0,9.0,2.3051248,7.5599995,94.6989,992.6151,
55.82_37.43,2023-04-04 10:00:00,10.7,9.091741,none,0.0,0.0,5.1165614,17.64,75.78573,999.1121,
55.82_37.43,2023-05-31 09:00:00,10.15,7.424576,rain,1.4,0.0,16.80857,35.64,92.25929,997.4084,
55.82_37.45,2023-09-13 16:00:00,19.55,17.469612,none,0.0,0.0,9.904906,19.08,45.786945,1005.4188,
55.82_37.46,2023-04-19 18:00:00,11.7,7.9999666,none,0.0,0.0,11.019764,18.72,45.157673,1007.1933,
55.82_37.46,2023-07-03 17:00:00,22.75,18.940283,none,0.0,0.0,23.051247,40.32,39.591248,991.0128,
55.82_37.46,2023-07-09 19:00:00,19.85,18.28577,none,0.0,0.0,13.679999,22.68,58.20882,991.92865,
55.82_37.46,2023-07-16 20:00:00,19.2,19.514072,none,0.0,0.0,6.638072,17.28,71.62714,997.69684,
55.82_37.46,2023-07-22 10:00:00,19.75,18.77771,none,0.0,0.0,16.87398,35.28,64.22311,993.08923,
55.82_37.46,2023-09-15 10:00:00,15.95,15.28961,none,0.0,0.0,6.0347,14.759999,71.019806,1002.79694,
55.82_37.47,2023-06-03 22:00:00,7.35,3.8486319,none,0.0,0.0,11.5199995,18.72,68.09807,997.25946,
55.82_37.49,2023-05-29 13:00:00,19.65,17.934992,none,0.0,0.0,12.10157,27.0,35.343857,999.7474,
55.82_37.49,2023-06-18 21:00:00,19.1,16.782848,none,0.0,0.0,12.738099,24.119999,49.38366,996.6168,
55.82_37.49,2023-07-22 22:00:00,16.0,14.804289,none,0.0,0.0,8.209263,17.28,67.337654,989.5862,
55.82_37.49,2023-08-03 07:00:00,20.55,22.51933,none,0.0,0.0,9.1641035,18.72,89.98844,989.41187,
55.82_37.5,2023-04-06 11:00:00,9.35,5.3223076,none,0.0,1.0,17.148247,33.12,65.913536,1004.1774,
55.82_37.5,2023-04-12 22:00:00,6.65,3.3725185,none,0.0,0.0,9.0,12.599999,67.22095,994.7259,
55.82_37.5,2023-04-19 07:00:00,7.85,3.8694496,none,0.0,0.0,13.1041975,24.119999,59.089523,1005.935,
55.82_37.5,2023-04-25 09:00:00,13.25,11.344273,none,0.0,0.0,6.3690495,16.56,61.899082,994.05835,
55.82_37.5,2023-05-17 17:00:00,23.1,19.636375,none,0.0,0.0,13.849476,27.72,28.60954,1001.5609,
55.82_37.5,2023-06-09 10:00:00,22.6,20.041506,none,0.0,0.0,18.193361,38.16,34.134506,995.4953,
55.82_37.5,2023-07-02 19:00:00,20.3,19.321466,none,0.0,0.0,10.739832,17.28,58.510815,982.0562,
55.82_37.5,2023-07-06 18:00:00,27.55,26.940285,none,0.0,0.0,11.246759,20.16,41.34238,998.5391,
55.82_37.5,2023-08-06 20:00:00,24.45,24.91673,none,0.0,0.0,12.599998,20.880001,61.620872,995.8633,
55.82_37.5,2023-09-07 12:00:00,15.55,10.545165,none,0.0,0.0,25.11758,45.0,47.404697,1003.2562,
55.82_37.51,2023-06-09 13:00:00,23.5,21.468857,none,0.0,0.0,15.509274,35.28,32.325596,995.3584,
55.82_37.51,2023-08-30 22:00:00,13.5,12.844437,none,0.0,0.0,7.5685663,12.24,87.41495,994.8171,
55.82_37.52,2023-04-07 12:00:00,9.4,5.1394215,none,0.0,0.0,16.981165,34.92,46.66956,1006.2909,
55.82_37.52,2023-04-30 03:00:00,2.35,-0.27155733,none,0.0,1.0,4.5536795,5.7599998,91.12208,999.7443,
55.82_37.52,2023-05-10 15:00:00,16.05,12.328503,none,0.0,0.0,8.557102,18.359999,28.046488,1003.2299,
55.82_37.53,2023-04-10 14:00:00,12.15,9.831434,none,0.0,0.0,1.4399999,20.519999,43.52193,1005.2673,
55.82_37.53,2023-06-09 20:00:00,16.0,14.119646,none,0.0,0.0,11.659777,20.519999,64.46388,997.59937,
55.82_37.56,2023-05-18 18:00:00,23.65,20.60476,none,0.0,0.0,14.24163,20.880001,32.368126,1000.25494,
55.82_37.56,2023-06-05 14:00:00,16.3,13.119358,rain,0.1,0.0,20.523155,37.8,54.285248,998.91376,
55.82_37.58,2023-05-21 15:00:00,16.95,14.113125,rain,0.1,0.0,12.594856,24.84,48.29307,1003.4287,
55.82_37.58,2023-06-05 14:00:00,17.45,14.291666,rain,0.3,0.0,16.923828,38.16,42.156685,999.4795,
55.82_37.58,2023-07-13 18:00:00,13.55,12.121201,rain,2.7,0.0,13.084402,28.44,87.70895,986.27606,
55.82_37.58,2023-07-17 13:00:00,25.25,25.7867,none,0.0,0.0,7.42159,17.64,44.350765,994.68774,
55.82_37.58,2023-08-15 10:00:00,22.5,23.39635,none,0.0,0.0,10.966713,23.759998,71.31768,1000.3917,
55.82_37.59,2023-04-17 14:00:00,13.85,9.611943,none,0.0,0.0,9.178235,25.199999,24.561481,1007.7492,
55.82_37.6,2023-06-18 00:00:00,16.8,13.969807,none,0.0,0.0,13.570615,22.319998,51.16368,995.7355,
55.82_37.6,2023-08-26 08:00:00,13.5,12.35029,none,0.0,0.0,7.4128532,14.4,77.798294,995.60077,
55.82_37.62,2023-08-17 14:00:00,26.3,27.52216,none,0.0,0.0,2.968636,15.4800005,46.415768,1004.5597,
55.82_37.62,2023-08-23 09:00:00,16.4,15.945488,none,0.0,0.0,10.464798,22.319998,82.16735,990.29913,
55.82_37.62,2023-09-15 17:00:00,17.55,16.799355,none,0.0,0.0,5.154415,10.08,61.029713,1002.2498,
55.82_37.63,2023-03-23 19:00:00,4.5,-0.27001262,none,0.0,42.0,19.008547,33.48,76.90663,989.67896,
55.82_37.63,2023-07-23 20:00:00,17.55,16.42633,none,0.0,0.0,12.964998,29.88,72.02698,989.783,
55.82_37.63,2023-09-10 20:00:00,13.95,13.029146,none,0.0,0.0,3.9763298,6.4799995,70.63712,1001.03125,
55.82_37.63,2023-09-17 19:00:00,11.9,9.920967,none,0.0,0.0,9.904906,16.919998,76.76439,1005.20807,
55.82_37.64,2023-04-30 21:00:00,6.3,2.9949498,rain,0.6,0.0,13.53236,26.28,87.94848,993.4175,
55.82_37.64,2023-05-12 20:00:00,14.8,11.563784,none,0.0,0.0,10.739832,17.28,44.130276,1002.5703,
55.82_37.64,2023-07-02 19:00:00,21.25,20.327019,none,0.0,0.0,10.1376915,24.48,54.825104,984.17957,
55.82_37.64,2023-07-11 01:00:00,13.95,11.413207,none,0.0,0.0,16.923828,31.319998,75.55656,993.30194,
55.82_37.64,2023-07-22 17:00:00,21.3,19.312637,none,0.0,0.0,13.722565,37.079998,48.49751,992.3416,
55.82_37.64,2023-07-25 00:00:00,13.25,12.88723,none,0.0,0.0,8.209263,13.679999,96.15387,988.07056,
55.82_37.64,2023-07-25 17:00:00,23.0,22.5153,none,0.0,0.0,9.826088,23.4,53.320065,987.37256,
55.82_37.64,2023-08-10 18:00:00,23.9,23.87898,none,0.0,0.0,4.379589,11.5199995,47.296146,1005.56586,
55.82_37.64,2023-08-11 00:00:00,16.8,16.256279,none,0.0,0.0,9.673221,15.4800005,77.02663,1005.2261,
55.82_37.64,2023-08-15 13:00:00,24.0,23.74215,none,0.0,0.0,16.489416,33.12,59.015045,1003.01544,
55.82_37.64,2023-09-05 22:00:00,15.25,13.214657,none,0.0,0.0,10.636766,21.96,62.57745,1001.45685,
55.82_37.64,2023-09-12 21:00:00,11.8,10.26644,none,0.0,0.0,6.763786,11.5199995,77.009865,1003.68445,
55.82_37.64,2023-09-25 08:00:00,14.2,13.220127,none,0.0,0.0,12.783802,23.039999,91.29054,1009.7708,
55.82_37.65,2023-06-09 15:00:00,19.5,15.139729,none,0.0,0.0,29.035288,55.079998,52.41001,998.58105,
55.82_37.65,2023-09-01 20:00:00,20.85,19.613337,none,0.0,0.0,13.281023,21.96,57.87843,997.2476,
55.82_37.66,2023-06-01 14:00:00,19.95,15.474035,none,0.0,0.0,22.26477,44.639996,37.33642,993.5491,
55.82_37.66,2023-06-25 07:00:00,17.15,16.974556,none,0.0,0.0,5.2416787,14.759999,71.24614,999.81757,
55.82_37.66,2023-08-23 22:00:00,14.0,13.822468,none,0.0,0.0,7.8625183,14.04,94.005104,993.3234,
55.82_37.67,2023-08-10 10:00:00,22.35,22.570171,none,0.0,0.0,10.041354,23.4,58.621723,1004.9043,
55.82_37.68,2023-08-22 21:00:00,15.1,14.682329,none,0.0,0.0,7.5685663,12.599999,82.816826,993.34894,
55.82_37.69,2023-05-11 04:00:00,6.35,3.985588,none,0.0,0.0,5.0142193,9.0,78.5885,1005.7214,
55.82_37.73,2023-06-04 02:00:00,3.8,0.50519276,none,0.0,0.0,9.746631,21.96,85.24527,999.54126,
55.82_37.73,2023-08-02 16:00:00,25.35,25.885405,none,0.0,0.0,12.599998,26.28,58.771225,991.6868,
55.82_37.73,2023-09-17 11:00:00,14.1,12.464993,none,0.0,0.0,7.2,18.72,65.58688,1010.6184,
55.82_37.74,2023-04-19 13:00:00,15.65,12.006983,none,0.0,0.0,15.141414,31.68,34.30468,1007.31415,
55.82_37.74,2023-07-20 14:00:00,20.6,16.873375,rain,0.3,0.0,24.693481,43.92,45.45925,985.6513,
55.82_37.75,2023-03-28 15:00:00,9.7,5.177084,none,0.0,10.0,17.31746,34.56,53.869186,991.79944,
55.82_37.75,2023-04-08 19:00:00,7.3,3.9976635,none,0.0,0.0,8.891344,11.159999,63.14546,1005.67255,
55.82_37.75,2023-04-15 14:00:00,7.95,2.2950363,none,0.0,0.0,16.263872,37.44,26.023327,1010.5944,
55.82_37.75,2023-08-17 11:00:00,23.95,25.43406,none,0.0,0.0,4.3349743,14.4,58.25092,1005.2537,
55.82_37.76,2023-07-23 20:00:00,17.6,16.595022,none,0.0,0.0,12.605142,28.8,72.74802,989.65283,
55.82_37.76,2023-08-05 18:00:00,25.55,27.13866,none,0.0,0.0,7.2359104,19.08,60.709118,1000.5318,
55.82_37.77,2023-07-06 09:00:00,23.0,24.93415,none,0.0,0.0,5.4833565,15.84,71.63475,1002.8938,
55.82_37.77,2023-08-16 07:00:00,16.85,16.94009,none,0.0,0.0,10.195057,17.28,87.435616,1007.2167,
55.82_37.78,2023-08-01 21:00:00,19.55,20.512484,none,0.0,0.0,6.9899354,12.24,78.95161,992.43146,
55.82_37.79,2023-07-11 14:00:00,16.3,13.382442,rain,0.2,0.0,20.211363,38.88,66.50525,991.09033,
55.82_37.79,2023-09-05 10:00:00,18.05,18.063717,none,0.0,0.0,6.193674,16.919998,71.882996,1006.32513,
55.82_37.8,2023-04-10 13:00:00,12.6,9.904896,none,0.0,0.0,9.449572,22.319998,55.21928,1006.97723,
55.82_37.8,2023-04-12 21:00:00,7.55,4.3814974,none,0.0,0.0,9.178235,12.599999,66.93505,995.779,
55.82_37.8,2023-04-18 17:00:00,14.2,11.006353,none,0.0,0.0,7.386582,17.64,37.93489,1006.81506,
55.82_37.8,2023-05-19 20:00:00,12.9,9.171134,none,0.0,0.0,13.684735,27.359999,48.69686,1006.02716,
55.82_37.8,2023-06-07 12:00:00,21.05,18.562977,none,0.0,0.0,21.647945,42.48,46.515965,999.70374,
55.82_37.8,2023-08-22 12:00:00,17.95,16.850826,rain,0.1,0.0,9.449572,18.72,63.40292,992.682,
55.82_37.8,2023-08-24 10:00:00,15.05,14.249296,rain,0.1,0.0,7.928177,18.359999,77.51886,992.7101,
55.82_37.8,2023-09-01 07:00:00,15.3,14.729105,none,0.0,0.0,11.384198,19.8,88.43944,997.806,
55.82_37.8,2023-09-12 16:00:00,18.45,17.009,none,0.0,0.0,6.0347,16.56,50.051937,1002.3259,
55.82_37.81,2023-06-08 15:00:00,21.85,21.85618,none,0.0,0.0,4.829907,16.919998,40.148434,999.0322,
55.82_37.81,2023-06-10 15:00:00,15.3,10.671499,none,0.0,0.0,17.873554,38.519997,36.90525,1005.463,
55.82_37.81,2023-06-18 22:00:00,15.6,12.831177,none,0.0,0.0,13.392774,24.48,55.802376,998.8072,
55.82_37.82,2023-04-25 16:00:00,17.4,14.167303,none,0.0,0.0,10.587918,23.759998,37.121536,991.79095,
55.82_37.82,2023-06-06 21:00:00,14.15,11.843456,none,0.0,0.0,9.983106,23.759998,60.636105,1000.40295,
55.82_37.82,2023-09-14 21:00:00,13.25,11.27125,none,0.0,0.0,10.163227,17.28,70.98218,1000.5411,
55.82_37.83,2023-08-04 20:00:00,22.15,22.87054,none,0.0,0.0,10.163227,16.56,69.685326,993.83215,
55.82_37.84,2023-09-13 06:00:00,7.45,5.7641706,none,0.0,0.0,6.1305785,10.08,96.306854,1002.74005,
55.82_37.87,2023-05-18 13:00:00,23.9,22.313404,none,0.0,0.0,10.105681,24.48,31.995012,1001.1389,
55.82_37.87,2023-06-07 16:00:00,21.85,17.33732,none,0.0,0.0,23.469128,47.16,34.75401,995.7709,
55.82_37.87,2023-08-07 20:00:00,24.35,22.592165,none,0.0,0.0,21.194187,38.88,52.804115,990.1858,
55.83_37.35,2023-05-16 08:00:00,16.5,13.864424,none,0.0,0.0,11.681987,25.199999,50.90717,1002.16187,
55.83_37.35,2023-09-25 17:00:00,14.85,13.974827,none,0.0,0.0,5.2416787,19.08,70.57292,1010.02203,
55.83_37.37,2023-08-30 19:00:00,17.4,16.679068,none,0.0,0.0,8.654986,15.4800005,69.438774,999.0161,
55.83_37.38,2023-04-21 07:00:00,7.6,4.0718775,none,0.0,0.0,9.107359,19.08,56.509243,1000.05194,
55.83_37.38,2023-06-09 23:00:00,13.15,11.380974,none,0.0,0.0,9.793058,17.28,74.41113,1002.16583,
55.83_37.39,2023-04-09 09:00:00,6.45,3.8942537,none,0.0,0.0,5.1544156,13.679999,72.95202,1011.3075,
55.83_37.39,2023-05-06 01:00:00,0.35,-4.3908887,none,0.0,0.0,13.276144,23.039999,66.31937,1007.3717,
55.83_37.39,2023-07-02 02:00:00,16.3,15.759678,none,0.0,0.0,12.015589,20.880001,84.87244,980.2001,
55.83_37.39,2023-07-16 18:00:00,21.55,20.372019,none,0.0,0.0,13.324863,28.8,56.17857,998.65497,
55.83_37.39,2023-09-10 17:00:00,17.65,17.220417,none,0.0,0.0,2.2768397,9.0,59.24009,1001.7489,
55.83_37.4,2023-06-12 17:00:00,18.7,13.749695,none,0.0,0.0,21.629978,43.199997,32.199593,1006.4865,
55.83_37.41,2023-04-13 16:00:00,15.9,10.163391,none,0.0,0.0,23.068108,42.839996,29.927294,997.38586,
55.83_37.41,2023-07-11 12:00:00,15.65,12.515974,none,0.0,0.0,20.163212,39.239998,65.70101,992.84717,
55.83_37.41,2023-09-10 00:00:00,12.75,10.903467,none,0.0,0.0,11.525623,21.24,79.8041,1006.3076,
55.83_37.41,2023-09-12 08:00:00,12.45,11.893642,none,0.0,0.0,4.0249224,12.599999,85.30051,1004.5628,
55.83_37.41,2023-09-26 22:00:00,9.3,7.49438,none,0.0,0.0,7.8625183,11.159999,88.21683,1014.4049,
55.83_37.42,2023-05-08 14:00:00,10.9,6.7086983,none,0.0,0.0,9.779817,23.039999,32.77823,1014.59955,
55.83_37.43,2023-04-27 16:00:00,19.3,15.8305,none,0.0,0.0,15.509274,33.48,39.145626,993.50885,
55.83_37.43,2023-05-07 14:00:00,7.65,2.8545113,none,0.0,0.0,14.05845,29.88,35.981445,1011.4784,
55.83_37.45,2023-04-14 19:00:00,4.05,-2.356681,none,0.0,0.0,21.603,36.719997,35.023872,1005.9605,
55.83_37.45,2023-05-15 15:00:00,18.85,16.193068,none,0.0,0.0,6.4096174,19.8,30.998508,1004.9195,
55.83_37.45,2023-06-07 16:00:00,22.25,17.47817,none,0.0,0.0,24.216522,44.639996,32.306644,998.81696,
55.83_37.45,2023-07-05 23:00:00,18.0,18.29071,none,0.0,0.0,7.42159,11.5199995,78.47368,998.6375,
55.83_37.45,2023-08-21 12:00:00,18.95,17.883278,none,0.0,0.0,11.525623,26.28,56.839737,998.50995,
55.83_37.47,2023-08-27 16:00:00,20.8,19.838404,none,0.0,0.0,9.227524,20.880001,54.349552,990.868,
55.83_37.48,2023-09-22 21:00:00,14.7,12.798206,none,0.0,0.0,9.028754,13.32,63.09212,1003.7816,
55.83_37.49,2023-05-12 10:00:00,16.65,15.844601,none,0.0,0.0,3.8268526,14.759999,55.311764,1002.1925,
55.83_37.49,2023-05-28 18:00:00,16.1,11.583204,none,0.0,0.0,21.980644,38.519997,46.249527,996.5281,
55.83_37.49,2023-06-27 16:00:00,23.15,19.85117,none,0.0,0.0,15.596767,27.359999,32.78861,989.54974,
55.83_37.49,2023-07-27 17:00:00,24.05,23.841335,rain,0.2,0.0,14.186923,24.48,58.83811,985.39136,
55.83_37.49,2023-07-27 18:00:00,22.95,23.5965,none,0.0,0.0,12.24,20.16,68.74123,983.5099,
55.83_37.5,2023-05-18 14:00:00,25.45,22.421982,none,0.0,0.0,10.587917,22.68,24.5032,1000.7152,
55.83_37.5,2023-06-19 09:00:00,18.0,14.925301,none,0.0,0.0,10.853866,25.199999,38.09382,999.1233,
55.83_37.5,2023-06-24 21:00:00,16.65,16.579174,none,0.0,0.0,5.634891,16.199999,75.999565,994.1108,
55.83_37.51,2023-06-12 13:00:00,18.15,14.71697,none,0.0,0.0,21.578989,42.12,34.171787,1006.76556,
55.83_37.51,2023-07-28 16:00:00,21.35,20.554289,none,0.0,0.0,17.294992,30.599998,67.7695,983.94073,
55.83_37.51,2023-07-31 08:00:00,17.5,17.737238,none,0.0,0.0,6.924738,15.4800005,79.167625,988.22925,
55.83_37.52,2023-04-19 18:00:00,11.7,7.9999666,none,0.0,0.0,11.019764,18.72,45.157673,1004.429,
55.83_37.52,2023-04-24 09:00:00,14.9,12.840818,none,0.0,0.0,7.342588,16.56,55.430992,996.9944,
55.83_37.53,2023-04-29 13:00:00,11.1,6.2885256,none,0.0,1.0,18.218275,32.399998,45.643093,996.8422,
55.83_37.53,2023-06-02 12:00:00,18.65,16.990099,none,0.0,0.0,7.968939,18.72,50.27651,989.8748,
55.83_37.53,2023-08-07 19:00:00,26.25,24.879467,none,0.0,0.0,22.007162,38.88,51.447426,990.24036,
55.83_37.53,2023-08-26 15:00:00,17.75,16.271046,none,0.0,0.0,12.261157,27.359999,64.63377,995.14624,
55.83_37.55,2023-04-06 10:00:00,9.6,5.460017,none,0.0,1.0,17.786331,32.399998,64.35968,1003.7346,
55.83_37.57,2023-03-26 13:00:00,5.25,3.4632545,rain,0.9,31.0,3.7585104,15.119999,97.594025,976.7084,
55.83_37.57,2023-04-12 14:00:00,16.05,13.127859,none,0.0,0.0,9.793059,24.119999,32.956738,997.444,
55.83_37.57,2023-04-20 08:00:00,8.1,5.16963,none,0.0,0.0,8.209263,17.28,67.05409,1002.10944,
55.83_37.57,2023-04-23 22:00:00,9.05,5.508726,none,0.0,0.0,9.931042,16.919998,53.889015,996.57745,
55.83_37.57,2023-07-19 06:00:00,14.95,12.291208,rain,3.3,0.0,26.544964,43.92,92.53436,975.2667,
55.83_37.57,2023-08-31 17:00:00,24.25,22.902502,none,0.0,0.0,16.08761,28.08,49.93936,995.79694,
55.83_37.57,2023-09-13 20:00:00,13.3,11.783031,none,0.0,0.0,7.7043357,11.159999,72.69642,1001.73016,
55.83_37.58,2023-06-15 18:00:00,24.8,22.337662,none,0.0,0.0,10.086427,22.319998,30.003347,996.4201,
55.83_37.58,2023-07-28 08:00:00,22.55,23.901941,rain,0.1,0.0,15.192682,27.0,82.39984,982.118,
55.83_37.59,2023-06-08 17:00:00,22.85,20.552748,none,0.0,0.0,9.983106,21.599998,35.28148,997.6211,
55.83_37.59,2023-08-20 14:00:00,24.2,25.876352,rain,0.3,0.0,10.1887,24.119999,70.736755,997.1353,
55.83_37.59,2023-08-28 18:00:00,19.15,18.168047,none,0.0,0.0,3.319036,11.879999,48.73133,991.9671,
55.83_37.6,2023-08-17 18:00:00,26.15,26.961494,none,0.0,0.0,3.319036,11.5199995,47.13365,1002.6901,
55.83_37.61,2023-08-19 17:00:00,25.9,27.202414,none,0.0,0.0,6.151683,11.879999,55.63208,1004.4214,
55.83_37.62,2023-07-02 20:00:00,20.3,19.462055,none,0.0,0.0,9.885262,18.0,58.703903,984.3376,
55.83_37.62,2023-08-03 14:00:00,27.1,28.910633,none,0.0,0.0,14.003029,30.239998,61.253006,991.37726,
55.83_37.64,2023-04-16 16:00:00,12.0,7.0738773,none,0.0,0.0,13.246826,27.0,25.77375,1011.87476,
55.83_37.64,2023-06-22 13:00:00,24.05,23.516956,none,0.0,0.0,10.464798,25.56,35.98839,998.70856,
55.83_37.65,2023-04-22 16:00:00,14.85,10.701095,none,0.0,0.0,12.324414,25.199999,32.36732,994.41583,
55.83_37.65,2023-07-12 13:00:00,14.3,10.767082,none,0.0,0.0,18.472595,34.92,60.256893,990.82513,
55.83_37.65,2023-08-15 19:00:00,21.35,21.259527,none,0.0,0.0,8.311245,19.8,60.910435,1005.848,
55.83_37.65,2023-09-01 18:00:00,22.0,21.21814,none,0.0,0.0,12.10157,19.8,57.030987,998.0211,
55.83_37.66,2023-07-15 19:00:00,17.25,16.851046,none,0.0,0.0,10.44,20.880001,78.618645,995.32294,
55.83_37.66,2023-08-15 00:00:00,17.5,18.016493,none,0.0,0.0,8.311245,14.04,86.10139,1002.98224,
55.83_37.69,2023-03-25 10:00:00,7.25,3.0783215,rain,0.8,24.0,22.218153,38.88,93.68734,980.142,
55.83_37.7,2023-07-11 08:00:00,13.65,10.517386,none,0.0,0.0,20.532627,38.16,75.76079,992.1442,
55.83_37.7,2023-07-31 14:00:00,24.15,23.118073,none,0.0,0.0,12.287555,26.28,43.90089,991.1126,
55.83_37.71,2023-06-15 12:00:00,24.85,24.143505,none,0.0,0.0,12.57426,28.8,34.189007,999.9523,
55.83_37.71,2023-09-04 19:00:00,17.75,17.078226,none,0.0,0.0,7.9932966,16.199999,67.25344,1004.8913,
55.83_37.82,2023-07-10 15:00:00,19.05,16.5117,rain,0.1,0.0,20.393293,43.199997,56.486267,991.4306,
55.83_37.82,2023-09-06 14:00:00,19.85,16.8933,rain,0.2,0.0,24.967499,48.6,61.362804,994.6679,
55.83_37.83,2023-04-04 16:00:00,13.0,10.795267,none,0.0,0.0,4.829907,12.959999,52.85477,996.73346,
55.83_37.83,2023-08-20 14:00:00,24.65,26.629772,rain,0.3,0.0,8.905908,25.56,69.9412,998.1082,
55.84_37.34,2023-09-03 20:00:00,16.1,15.196085,none,0.0,0.0,7.7043357,11.5199995,70.343124,999.09644,
55.84_37.35,2023-07-03 16:00:00,22.9,19.476372,none,0.0,0.0,22.91026,41.760002,38.311565,987.2471,
55.84_37.35,2023-09-04 15:00:00,20.9,19.477867,none,0.0,0.0,10.44,20.880001,50.709694,1001.2386,
55.84_37.36,2023-04-09 23:00:00,2.7,-0.40457392,none,0.0,0.0,6.87779,11.879999,83.29524,1005.58093,
55.84_37.36,2023-06-12 00:00:00,10.7,7.300811,none,0.0,0.0,11.609651,20.519999,56.905407,1007.72675,
55.84_37.36,2023-08-18 21:00:00,20.45,22.864445,none,0.0,0.0,7.0911775,11.5199995,92.25565,1004.82043,
55.84_37.36,2023-09-18 10:00:00,15.15,13.732481,none,0.0,0.0,13.004921,25.199999,79.08869,1001.0916,
55.84_37.37,2023-05-02 13:00:00,13.0,10.050538,none,0.0,0.0,7.5685663,20.880001,37.034245,1004.80084,
55.84_37.37,2023-05-02 18:00:00,12.05,8.751198,none,0.0,0.0,9.72,16.199999,48.45849,1002.3829,
55.84_37.37,2023-06-08 18:00:00,22.4,19.914692,none,0.0,0.0,11.841756,23.039999,37.13926,996.4772,
55.84_37.37,2023-07-08 13:00:00,21.35,21.415657,rain,0.1,0.0,11.91812,24.48,68.64539,993.8409,
55.84_37.37,2023-08-29 09:00:00,12.0,10.321986,rain,0.2,0.0,10.464797,19.8,84.11484,993.28613,
55.84_37.37,2023-09-10 19:00:00,14.1,13.183945,none,0.0,0.0,6.489992,11.159999,76.59995,1001.3974,
55.84_37.38,2023-04-07 17:00:00,9.7,5.2244434,none,0.0,0.0,13.684735,27.72,42.332382,1005.7245,
55.84_37.38,2023-04-12 17:00:00,15.8,12.434006,none,0.0,0.0,9.605998,20.880001,36.654427,995.0755,
55.84_37.38,2023-05-24 11:00:00,18.1,18.956547,none,0.0,0.0,2.1897945,16.56,75.248764,996.0091,
55.84_37.38,2023-05-27 19:00:00,17.55,13.453899,none,0.0,0.0,19.881649,42.839996,43.83451,996.13214,
55.84_37.38,2023-06-23 03:00:00,13.8,12.0806465,none,0.0,0.0,8.913181,20.16,69.89459,991.99774,
55.84_37.38,2023-07-18 17:00:00,22.4,23.118708,rain,0.3,0.0,10.883676,21.24,69.733246,982.0255,
55.84_37.38,2023-07-19 21:00:00,16.45,13.326698,none,0.0,0.0,19.44,35.28,60.975777,981.342,
55.84_37.38,2023-07-20 10:00:00,18.25,15.057333,none,0.0,0.0,24.162945,46.079998,62.426273,983.7716,
55.84_37.38,2023-08-24 11:00:00,15.4,14.461651,rain,0.5,0.0,9.826088,20.519999,78.08709,993.085,
55.84_37.39,2023-09-18 19:00:00,12.55,11.315046,none,0.0,0.0,8.287822,9.72,83.61603,1000.6902,
55.84_37.4,2023-08-16 17:00:00,24.8,25.610453,none,0.0,0.0,5.3517847,15.84,53.779892,1003.46954,
55.84_37.42,2023-04-11 11:00:00,13.1,9.771712,none,0.0,0.0,13.363711,27.359999,45.72331,1002.789,
55.84_37.42,2023-05-07 08:00:00,2.6,-1.6856728,none,0.0,0.0,11.720751,24.119999,65.34859,1012.54974,
55.84_37.42,2023-05-18 18:00:00,20.05,17.63544,none,0.0,0.0,14.480773,41.399998,48.483257,1001.7099,
55.84_37.42,2023-06-09 16:00:00,19.25,15.772654,none,0.0,0.0,21.407139,48.96,50.267838,998.92395,
55.84_37.42,2023-06-14 20:00:00,18.55,16.306105,none,0.0,0.0,9.387651,17.28,45.50723,1000.9897,
55.84_37.43,2023-05-08 01:00:00,-0.8,-4.5130663,none,0.0,0.0,7.7043357,11.5199995,82.85095,1009.33264,
55.84_37.43,2023-06-04 09:00:00,11.2,7.6479816,rain,0.1,0.0,14.440443,29.16,60.556847,999.57074,
55.84_37.43,2023-06-14 17:00:00,23.6,20.405415,none,0.0,0.0,13.18308,26.28,29.460882,998.8962,
55.84_37.43,2023-06-24 11:00:00,16.35,13.89369,rain,0.1,0.0,21.434364,37.8,76.20114,991.2836,
55.84_37.43,2023-07-17 10:00:00,23.35,23.98359,none,0.0,0.0,8.089993,22.319998,54.818142,995.4306,
55.84_37.44,2023-05-10 08:00:00,12.05,9.173799,none,0.0,0.0,7.5942073,18.72,50.761845,1004.7802,
55.84_37.44,2023-07-10 13:00:00,19.45,16.391924,none,0.0,0.0,22.26477,42.12,56.58632,989.4034,
55.84_37.44,2023-09-24 21:00:00,18.65,15.848341,none,0.0,0.0,16.595179,28.08,51.83396,1002.211,
55.84_37.45,2023-03-24 09:00:00,4.3,0.8260536,rain,0.8,38.0,13.004922,24.119999,92.55517,981.0132,
55.84_37.45,2023-05-16 18:00:00,19.35,15.202055,none,0.0,0.0,17.238699,33.12,33.55669,1001.37585,
55.84_37.45,2023-06-09 10:00:00,22.6,20.041506,none,0.0,0.0,18.193361,38.16,34.134506,995.6099,
55.84_37.45,2023-06-30 09:00:00,17.25,17.061865,rain,0.1,0.0,9.114471,22.319998,78.87486,978.5206,
55.84_37.46,2023-06-16 23:00:00,20.4,18.418863,none,0.0,0.0,13.584932,23.039999,51.08689,992.45514,
55.84_37.46,2023-07-27 11:00:00,22.35,24.052141,none,0.0,0.0,8.534353,20.16,66.256195,985.9209,
55.84_37.46,2023-09-15 16:00:00,19.8,17.54014,none,0.0,0.0,9.178235,20.519999,41.522327,1000.76324,
55.84_37.48,2023-07-29 00:00:00,16.0,15.633478,rain,1.0,0.0,11.808878,20.519999,88.78536,986.38184,
55.84_37.48,2023-07-30 18:00:00,21.9,21.000505,none,0.0,0.0,11.753876,24.119999,55.533466,986.85516,
55.84_37.48,2023-08-27 12:00:00,19.7,19.670622,rain,0.1,0.0,7.42159,17.28,66.5613,990.1532,
55.84_37.49,2023-05-13 19:00:00,18.9,15.222643,none,0.0,0.0,16.93531,30.960001,40.133976,1000.8132,
55.84_37.49,2023-05-14 17:00:00,16.4,12.453066,none,0.0,0.0,14.336861,28.08,36.961956,1002.97833,
55.84_37.49,2023-08-03 19:00:00,23.3,25.332397,none,0.0,0.0,7.5942073,11.879999,74.440445,989.3943,
55.84_37.49,2023-09-05 14:00:00,21.15,19.18943,none,0.0,0.0,7.2805495,20.16,38.46841,1002.0755,
55.84_37.49,2023-09-12 17:00:00,18.5,16.821562,none,0.0,0.0,7.491114,15.84,49.55691,1000.94507,
55.84_37.5,2023-05-29 07:00:00,11.25,8.955329,none,0.0,0.0,8.049845,18.359999,67.490395,999.2589,
55.84_37.5,2023-06-01 23:00:00,12.85,11.154137,none,0.0,0.0,8.311245,12.599999,73.108925,990.26654,
55.84_37.5,2023-09-26 14:00:00,16.9,15.635021,none,0.0,0.0,5.3517847,15.4800005,56.324734,1012.9021,
55.84_37.53,2023-05-13 12:00:00,20.55,17.845339,none,0.0,0.0,17.902534,36.0,34.743656,1000.9481,
55.84_37.53,2023-08-16 15:00:00,25.4,24.976355,none,0.0,0.0,8.350138,25.56,44.39211,1003.91656,
55.84_37.53,2023-09-12 20:00:00,12.3,10.228475,none,0.0,0.0,10.799999,13.32,75.53628,1000.65094,
55.84_37.53,2023-09-27 10:00:00,15.5,14.261911,none,0.0,0.0,8.209263,19.08,68.83105,1010.93677,
55.84_37.54,2023-04-11 14:00:00,15.25,11.789621,none,0.0,0.0,7.4128532,21.96,31.084938,999.6072,
55.84_37.54,2023-04-24 13:00:00,19.75,16.876347,none,0.0,0.0,12.144331,25.919998,26.590712,996.68677,
55.84_37.54,2023-06-09 11:00:00,23.3,21.199139,none,0.0,0.0,18.03237,35.28,33.63308,996.32556,
55.84_37.54,2023-07-20 12:00:00,19.7,17.144382,rain,0.1,0.0,25.6233,48.239998,58.947495,982.7703,
55.84_37.54,2023-09-14 17:00:00,18.95,16.754818,none,0.0,0.0,11.726277,25.919998,49.510708,998.7996,
55.84_37.55,2023-03-28 08:00:00,0.7,-2.0516915,none,0.0,26.0,3.8268526,8.64,92.00645,988.31055,
55.84_37.55,2023-07-24 14:00:00,16.35,15.013393,rain,0.3,0.0,16.394829,27.0,82.16107,989.0381,
55.84_37.55,2023-08-02 11:00:00,22.4,23.717667,none,0.0,0.0,11.090103,22.68,76.424385,992.5868,
55.84_37.55,2023-08-08 10:00:00,24.45,24.790598,none,0.0,0.0,11.91812,25.199999,59.5001,990.631,
55.84_37.55,2023-08-19 10:00:00,22.45,24.176577,none,0.0,0.0,6.6087217,17.28,73.59878,1006.1018,
55.84_37.55,2023-08-24 20:00:00,14.5,13.353889,none,0.0,0.0,6.439876,8.64,70.505356,994.8494,
55.84_37.56,2023-05-11 12:00:00,15.85,13.818123,rain,0.1,0.0,7.5942082,29.519999,48.8308,1004.4186,
55.84_37.56,2023-07-07 07:00:00,21.5,22.905039,none,0.0,0.0,14.336861,26.28,87.03112,997.7726,
55.84_37.57,2023-06-07 04:00:00,8.6,6.701048,none,0.0,0.0,7.92,11.5199995,90.295845,999.90924,
55.84_37.57,2023-07-30 18:00:00,20.95,20.355406,none,0.0,0.0,10.587918,20.16,60.42157,988.35895,
55.84_37.57,2023-08-19 19:00:00,24.85,27.355282,none,0.0,0.0,4.0249224,7.92,67.40223,1003.2601,
55.84_37.58,2023-05-09 17:00:00,12.75,8.97542,none,0.0,0.0,6.2145634,13.679999,26.997631,1008.3818,
55.84_37.58,2023-06-05 21:00:00,11.8,9.860668,none,0.0,0.0,7.386582,11.879999,70.459694,998.67694,
55.84_37.58,2023-08-16 09:00:00,22.2,21.951078,none,0.0,0.0,12.758432,24.48,63.110786,1004.75714,
55.84_37.58,2023-09-23 08:00:00,14.95,12.165421,none,0.0,0.0,16.394829,25.199999,65.327835,1006.0857,
55.84_37.59,2023-04-18 20:00:00,8.8,4.850711,none,0.0,0.0,11.792404,19.44,51.33604,1005.193,
55.84_37.59,2023-06-08 19:00:00,20.15,18.841228,none,0.0,0.0,8.587338,19.44,51.191685,997.0525,
55.84_37.59,2023-07-05 00:00:00,15.5,14.1830635,none,0.0,0.0,8.557102,13.679999,68.3712,997.11334,
55.84_37.59,2023-08-20 12:00:00,25.1,27.01653,rain,0.4,0.0,9.659814,24.84,68.51448,997.962,
55.84_37.59,2023-08-26 13:00:00,19.0,16.179964,none,0.0,0.0,15.575981,27.72,48.525047,994.90765,
55.84_37.63,2023-05-12 08:00:00,14.5,13.255102,none,0.0,0.0,4.6102495,15.119999,64.12967,1005.728,
55.84_37.63,2023-08-03 18:00:00,26.65,27.88161,none,0.0,0.0,9.826088,20.16,57.065598,992.60583,
55.84_37.63,2023-08-15 14:00:00,24.2,24.12697,none,0.0,0.0,16.79314,34.2,57.938175,1002.91205,
55.84_37.64,2023-04-13 22:00:00,7.3,1.1718912,none,0.0,0.0,24.881702,46.44,49.25079,1001.3056,
55.84_37.64,2023-05-25 11:00:00,20.5,21.614752,rain,0.4,0.0,4.198285,14.04,71.40501,998.33246,
55.84_37.64,2023-06-14 19:00:00,22.25,19.623219,none,0.0,0.0,11.298495,24.84,35.110046,1000.2737,
55.84_37.66,2023-04-17 08:00:00,5.25,2.4056406,snow,0.3,0.0,4.2136917,12.959999,65.46962,1009.67334,
55.84_37.66,2023-05-21 23:00:00,11.2,9.945776,none,0.0,0.0,4.3349743,9.36,78.50563,1005.15314,
55.84_37.66,2023-05-26 09:00:00,20.2,20.723122,none,0.0,0.0,5.4477882,15.84,67.75549,996.70087,
55.84_37.66,2023-05-27 14:00:00,20.7,17.416014,none,0.0,0.0,17.709658,39.6,33.006073,997.8806,
55.84_37.66,2023-06-23 08:00:00,16.8,16.396446,rain,0.1,0.0,9.290511,20.16,78.29647,993.3239,
55.84_37.66,2023-07-18 15:00:00,24.55,26.113398,rain,3.5,0.0,3.671294,35.28,59.334087,986.50024,
55.84_37.66,2023-07-19 14:00:00,18.9,14.591246,none,0.0,0.0,31.786186,57.6,57.208134,982.73364,
55.84_37.66,2023-08-17 11:00:00,24.7,26.562845,none,0.0,0.0,3.8939953,14.4,54.803257,1006.10333,
55.84_37.66,2023-09-23 14:00:00,23.35,19.093401,none,0.0,0.0,24.648829,45.719997,36.03446,1007.76685,
55.84_37.67,2023-04-06 16:00:00,13.1,8.518371,none,0.0,0.0,18.0,34.2,43.79747,1005.4906,
55.84_37.67,2023-06-22 05:00:00,9.35,7.6854753,none,0.0,0.0,5.904439,9.36,84.38374,1000.63806,
55.84_37.8,2023-06-18 14:00:00,23.7,21.551853,none,0.0,0.0,8.089993,19.8,32.270813,996.7445,
55.85_37.35,2023-04-05 11:00:00,11.0,7.870596,none,0.0,0.0,13.551501,29.519999,67.907776,998.64276,
55.85_37.35,2023-04-08 14:00:00,10.9,7.455722,none,0.0,0.0,11.304229,28.44,46.421307,1006.293,
55.85_37.35,2023-04-17 08:00:00,5.8,3.5582533,none,0.0,0.0,1.0182338,11.159999,67.27952,1007.10394,
55.85_37.35,2023-04-29 21:00:00,5.45,2.0745502,none,0.0,1.0,6.924738,12.24,60.227932,997.8752,
55.85_37.35,2023-05-23 22:00:00,14.85,14.640362,none,0.0,0.0,8.78872,15.4800005,90.73955,996.3033,
55.85_37.35,2023-06-02 14:00:00,22.3,20.814934,none,0.0,0.0,14.759999,41.039997,43.972538,987.6819,
55.85_37.35,2023-07-14 10:00:00,17.25,16.57396,rain,0.2,0.0,10.464797,21.96,74.61758,987.1885,
55.85_37.35,2023-07-19 19:00:00,18.3,15.143391,none,0.0,0.0,18.94024,39.239998,52.80381,980.27356,
55.85_37.35,2023-07-20 12:00:00,19.45,16.458277,rain,0.1,0.0,24.57511,49.68,51.8711,982.9985,
55.85_37.35,2023-07-27 18:00:00,23.65,24.089773,none,0.0,0.0,11.659777,25.56,63.028214,983.7911,
55.85_37.35,2023-09-06 17:00:00,18.05,13.363033,none,0.0,0.0,24.522314,49.32,43.672756,995.3141,
55.85_37.35,2023-09-17 18:00:00,14.8,12.456623,none,0.0,0.0,11.631956,24.48,61.627403,1003.1956,
55.85_37.36,2023-04-29 15:00:00,12.7,8.582863,none,0.0,1.0,10.315115,21.599998,32.093636,996.63605,
55.85_37.36,2023-05-15 18:00:00,18.2,15.880133,none,0.0,0.0,4.8965297,15.4800005,36.441837,1001.2823,
55.85_37.36,2023-05-18 13:00:00,24.8,22.296204,none,0.0,0.0,9.3876505,23.759998,28.683332,999.4493,
55.85_37.36,2023-05-31 04:00:00,9.9,7.7910156,none,0.0,0.0,13.0447235,25.199999,95.40899,992.0448,
55.85_37.36,2023-06-19 09:00:00,18.75,16.712645,none,0.0,0.0,9.107359,24.84,37.12003,997.7939,
55.85_37.36,2023-07-13 21:00:00,13.5,12.876827,rain,2.3,0.0,8.647496,18.359999,90.94519,985.49133,
55.85_37.36,2023-08-27 21:00:00,14.0,13.534088,none,0.0,0.0,7.5685663,11.159999,88.03871,989.5625,
55.85_37.36,2023-09-08 13:00:00,14.65,10.18668,none,0.0,0.0,25.338476,52.92,60.13475,994.3304,
55.85_37.37,2023-04-08 11:00:00,9.25,5.905466,none,0.0,0.0,10.703569,25.199999,54.727623,1007.65607,
55.85_37.37,2023-07-16 23:00:00,15.4,15.110718,none,0.0,0.0,8.161764,14.04,84.77487,995.04956,
55.85_37.37,2023-07-30 22:00:00,15.95,15.470175,none,0.0,0.0,7.771331,12.959999,77.91296,987.7214,
55.85_37.37,2023-09-01 20:00:00,20.5,19.65643,none,0.0,0.0,12.413477,20.880001,62.32231,994.14514,
55.85_37.38,2023-08-04 20:00:00,23.4,24.385544,none,0.0,0.0,8.905908,22.68,65.42679,994.34863,
55.85_37.38,2023-08-12 23:00:00,19.3,20.395231,rain,2.3,0.0,11.709688,30.239998,90.75133,995.7925,
55.85_37.39,2023-07-02 14:00:00,22.45,20.309225,none,0.0,0.0,20.957443,40.68,44.908474,984.1716,
55.85_37.4,2023-05-25 07:00:00,18.05,19.705418,none,0.0,0.0,1.835647,10.799999,85.880646,995.0017,
55.85_37.4,2023-08-29 00:00:00,11.7,9.732109,none,0.0,0.0,8.891344,18.359999,74.92232,991.4871,
55.85_37.41,2023-08-11 00:00:00,16.65,16.776453,none,0.0,0.0,7.2,11.159999,82.46627,1002.8187,
55.85_37.41,2023-09-27 07:00:00,8.75,6.904787,none,0.0,0.0,8.049845,14.04,91.237335,1009.4102,
55.85_37.42,2023-04-05 13:00:00,13.3,10.357893,none,0.0,0.0,13.237038,28.08,56.180664,998.8549,
55.85_37.42,2023-05-26 14:00:00,24.1,23.583775,none,0.0,0.0,10.948973,23.039999,42.31101,993.25977,
55.85_37.42,2023-06-21 16:00:00,22.35,18.459997,none,0.0,0.0,11.27553,23.039999,21.384405,996.1131,
55.85_37.42,2023-07-17 13:00:00,24.95,26.448267,none,0.0,0.0,6.618519,16.919998,48.520775,994.2965,
55.85_37.42,2023-07-28 16:00:00,21.6,21.210642,none,0.0,0.0,15.978486,30.960001,69.13586,983.0127,
55.85_37.43,2023-04-22 17:00:00,13.8,10.402227,none,0.0,0.0,9.0,23.759998,39.499615,989.47186,
55.85_37.43,2023-09-25 21:00:00,11.55,9.975409,none,0.0,0.0,8.28,12.959999,82.09888,1009.8957,
55.85_37.44,2023-04-13 17:00:00,12.9,6.9178658,none,0.0,0.0,26.089443,44.28,40.10131,993.7135,
55.85_37.44,2023-05-08 14:00:00,10.9,6.7086983,none,0.0,0.0,9.779817,23.039999,32.77823,1010.1111,
55.85_37.44,2023-05-25 18:00:00,20.4,20.410189,none,0.0,0.0,8.350138,18.359999,65.84699,993.597,
55.85_37.44,2023-06-01 11:00:00,19.9,15.983599,none,0.0,0.0,24.122686,44.28,38.91155,989.1194,
55.85_37.44,2023-06-11 14:00:00,16.25,12.417341,none,0.0,0.0,18.089775,37.44,35.10754,1008.0064,
55.85_37.44,2023-07-10 21:00:00,15.3,12.369308,none,0.0,0.0,20.598795,35.28,71.61052,990.053,
55.85_37.44,2023-07-19 16:00:00,19.1,14.149715,none,0.0,0.0,31.796375,59.039997,50.739803,980.2801,
55.85_37.44,2023-09-13 22:00:00,10.95,8.83918,none,0.0,0.0,10.8955765,13.679999,82.021866,998.28,
55.85_37.45,2023-04-25 15:00:00,17.75,13.998339,none,0.0,0.0,13.53236,26.64,35.042267,990.42975,
55.85_37.45,2023-04-28 20:00:00,8.55,4.934762,none,0.0,0.0,16.299694,31.68,77.829834,993.18494,
55.85_37.45,2023-05-26 20:00:00,20.25,19.10045,none,0.0,0.0,8.473393,18.359999,52.606808,992.5895,
55.85_37.45,2023-08-25 07:00:00,12.7,12.0864315,none,0.0,0.0,3.2599385,11.5199995,80.60583,994.9764,
55.85_37.45,2023-09-12 18:00:00,16.75,16.131077,none,0.0,0.0,4.8433046,13.32,65.49896,1000.4547,
55.85_37.45,2023-09-18 21:00:00,8.75,6.8264027,none,0.0,0.0,8.587338,11.5199995,91.237335,1000.0093,
55.85_37.45,2023-09-21 14:00:00,20.35,20.010023,none,0.0,0.0,11.988594,23.759998,68.22594,998.60846,
55.85_37.47,2023-04-09 18:00:00,11.9,9.447578,none,0.0,0.0,5.2416787,7.92,52.933167,1004.5954,
55.85_37.47,2023-08-04 15:00:00,25.9,26.344149,rain,0.1,0.0,13.32,39.239998,57.246094,991.10065,
55.85_37.48,2023-05-31 13:00:00,11.3,8.072884,rain,0.3,0.0,19.164717,34.56,82.06685,991.8807,
55.85_37.48,2023-09-10 21:00:00,10.5,9.003082,none,0.0,0.0,7.928177,9.36,88.62077,999.956,
55.85_37.49,2023-04-04 18:00:00,12.25,10.670151,none,0.0,0.0,2.4149535,6.4799995,61.0226,996.10504,
55.85_37.49,2023-04-19 16:00:00,15.55,10.825353,none,0.0,0.0,15.124284,27.72,28.216087,1004.46594,
55.85_37.49,2023-07-04 16:00:00,25.15,23.496483,none,0.0,0.0,10.495713,23.039999,32.347984,995.8066,
55.85_37.49,2023-07-06 18:00:00,26.5,26.958607,none,0.0,0.0,8.404285,19.8,49.408535,997.12897,
55.85_37.49,2023-08-15 20:00:00,18.4,18.623255,none,0.0,0.0,7.386582,10.799999,75.542854,1001.7642,
55.85_37.5,2023-04-05 20:00:00,7.3,3.5774379,none,0.0,0.0,13.276144,22.319998,69.313484,1002.361,
55.85_37.5,2023-07-04 09:00:00,22.0,20.297638,none,0.0,0.0,14.973577,28.44,46.155716,997.5245,
55.85_37.5,2023-07-17 09:00:00,21.35,21.541273,none,0.0,0.0,11.457958,22.68,69.30883,995.1319,
55.85_37.51,2023-08-06 18:00:00,27.25,28.365711,none,0.0,0.0,13.37825,22.319998,58.297707,996.72437,
55.85_37.51,2023-08-23 16:00:00,19.5,17.990389,rain,0.1,0.0,15.94601,31.319998,64.3789,989.3599,
55.85_37.51,2023-09-07 08:00:00,10.4,6.272149,none,0.0,0.0,22.553934,37.079998,77.848434,1003.602,
55.85_37.51,2023-09-14 09:00:00,13.45,12.590893,none,0.0,0.0,5.904439,14.759999,79.37018,1001.7257,
55.85_37.52,2023-05-19 18:00:00,16.8,12.609709,none,0.0,0.0,15.484185,29.519999,34.89062,1006.1879,
55.85_37.52,2023-05-25 00:00:00,14.85,15.050539,rain,0.1,0.0,6.2145634,16.56,91.332535,997.5417,
55.85_37.52,2023-05-27 22:00:00,13.25,9.386511,none,0.0,0.0,13.708391,29.88,45.11624,996.09314,
55.85_37.52,2023-08-18 22:00:00,20.3,22.619804,none,0.0,0.0,7.4128532,11.5199995,92.5353,1004.7919,
55.85_37.52,2023-09-07 12:00:00,15.55,10.545165,none,0.0,0.0,25.11758,45.0,47.404697,1003.2562,
55.85_37.54,2023-05-30 15:00:00,21.05,18.315739,none,0.0,0.0,7.289445,15.119999,29.784027,997.0409,
55.85_37.54,2023-08-08 17:00:00,25.15,26.412746,rain,0.1,0.0,6.5693827,14.4,58.35147,991.881,
55.85_37.54,2023-09-06 14:00:00,19.5,16.431944,rain,0.3,0.0,26.405453,50.399998,63.958138,995.4029,
55.85_37.54,2023-09-24 12:00:00,21.6,18.7243,none,0.0,0.0,19.813087,35.28,47.61473,1003.4604,
55.85_37.55,2023-04-29 16:00:00,12.2,8.057466,none,0.0,1.0,11.090103,22.319998,34.93875,999.19684,
55.85_37.56,2023-08-02 10:00:00,21.65,23.059086,none,0.0,0.0,11.090103,23.4,81.01112,993.09875,
55.85_37.56,2023-09-06 15:00:00,21.2,16.382072,rain,0.1,0.0,28.757215,48.96,41.4939,996.4605,
55.85_37.57,2023-04-21 11:00:00,13.5,9.54841,none,0.0,0.0,13.891522,27.0,33.54846,997.6326,
55.85_37.57,2023-05-10 10:00:00,13.65,11.108216,none,0.0,0.0,7.2805495,19.08,44.43053,1007.82733,
55.85_37.57,2023-08-06 14:00:00,30.0,31.585892,none,0.0,0.0,15.629971,28.8,50.48129,999.8122,
55.85_37.57,2023-09-19 23:00:00,14.9,12.542574,none,0.0,0.0,15.596767,24.48,70.81977,997.9374,
55.85_37.57,2023-09-25 09:00:00,16.4,15.23031,none,0.0,0.0,12.72283,25.199999,76.2092,1008.8711,
55.85_37.58,2023-04-09 14:00:00,12.75,9.498107,none,0.0,0.0,8.825508,23.4,44.65042,1007.5103,
55.85_37.58,2023-06-04 05:00:00,5.8,2.524047,none,0.0,0.0,11.5199995,19.44,82.792816,1000.8306,
55.85_37.58,2023-06-29 12:00:00,21.1,19.75517,rain,0.2,0.0,14.4,27.359999,49.757023,984.07745,
55.85_37.58,2023-08-03 10:00:00,24.2,26.223255,none,0.0,0.0,12.783802,24.84,77.659035,990.9413,
55.85_37.59,2023-05-07 21:00:00,1.15,-2.7681556,none,0.0,0.0,8.654987,11.879999,69.04303,1011.0953,
55.85_37.59,2023-09-22 08:00:00,16.75,17.298967,none,0.0,0.0,5.904439,14.4,85.47213,1005.73395,
55.85_37.6,2023-04-14 13:00:00,5.95,0.12779808,none,0.0,0.0,25.189713,49.68,43.471603,1005.0579,
55.85_37.6,2023-05-30 14:00:00,21.25,19.571545,none,0.0,0.0,6.849467,19.08,33.396484,998.7967,
55.85_37.6,2023-09-06 18:00:00,16.65,12.157898,none,0.0,0.0,22.45315,46.079998,46.08237,997.24634,
55.85_37.61,2023-04-03 12:00:00,10.5,8.661338,none,0.0,1.0,4.5536795,14.759999,69.71774,996.06433,
55.85_37.61,2023-04-18 18:00:00,13.3,10.457753,none,0.0,0.0,7.42159,18.359999,46.937706,1007.4987,
55.85_37.61,2023-05-10 11:00:00,14.7,12.594982,none,0.0,0.0,3.396233,17.64,31.384838,1007.4775,
55.85_37.61,2023-07-05 16:00:00,25.45,23.5137,none,0.0,0.0,18.0,33.839996,43.253628,999.4958,
55.85_37.61,2023-07-22 11:00:00,20.2,19.005653,rain,0.1,0.0,17.731598,37.8,60.443684,993.46106,
55.85_37.61,2023-09-25 12:00:00,18.25,16.75394,none,0.0,0.0,12.4811535,26.64,62.842007,1009.8935,
55.85_37.62,2023-05-16 20:00:00,16.3,13.388756,none,0.0,0.0,10.483357,22.68,44.558895,1003.9587,
55.85_37.62,2023-07-08 10:00:00,20.8,21.172808,rain,0.8,0.0,12.413477,25.919998,75.4489,996.7529,
55.85_37.62,2023-07-17 07:00:00,19.5,20.002531,none,0.0,0.0,10.144082,20.880001,79.19726,998.0986,
55.85_37.62,2023-07-27 22:00:00,20.5,20.417439,rain,0.9,0.0,17.106628,33.12,79.59031,984.30133,
55.85_37.62,2023-08-18 13:00:00,23.05,25.750206,rain,0.6,0.0,8.4963045,22.319998,83.74608,1006.67285,
55.85_37.62,2023-09-10 14:00:00,17.15,16.283121,none,0.0,0.0,4.3349743,22.68,59.11898,1004.1078,
55.85_37.63,2023-05-27 18:00:00,17.75,13.795731,none,0.0,0.0,19.201874,40.32,43.89136,999.2371,
55.85_37.63,2023-07-21 00:00:00,13.45,11.70628,none,0.0,0.0,10.538843,18.0,75.47326,988.15906,
55.85_37.63,2023-07-31 12:00:00,23.4,22.94873,none,0.0,0.0,12.015589,25.199999,48.74207,991.1836,
55.85_37.63,2023-08-07 09:00:00,25.7,25.492249,none,0.0,0.0,20.60823,38.88,61.514065,997.3265,
55.85_37.64,2023-04-02 18:00:00,9.0,5.22031,none,0.0,1.0,15.629972,33.12,68.928055,993.89355,
55.85_37.64,2023-04-11 17:00:00,14.45,12.0435295,none,0.0,0.0,3.6,13.679999,41.437634,1001.3933,
55.85_37.64,2023-04-14 15:00:00,7.3,0.80310965,none,0.0,0.0,25.264202,50.399998,32.702232,1004.1436,
55.85_37.64,2023-06-11 15:00:00,16.8,12.884439,none,0.0,0.0,18.35647,39.96,31.535284,1009.96356,
55.85_37.64,2023-08-08 13:00:00,25.45,26.851212,none,0.0,0.0,7.928177,19.44,60.303707,991.49084,
55.85_37.64,2023-09-13 07:00:00,10.9,9.83788,none,0.0,0.0,5.495161,12.599999,88.059044,1005.6605,
55.85_37.65,2023-03-25 15:00:00,9.45,6.269101,none,0.0,21.0,17.377226,31.319998,87.630196,982.80914,
55.85_37.65,2023-08-03 10:00:00,24.15,26.16501,none,0.0,0.0,11.983188,25.199999,76.695366,991.2787,
55.85_37.65,2023-08-11 18:00:00,24.3,24.714584,none,0.0,0.0,14.113652,25.919998,63.775173,1002.9019,
55.85_37.65,2023-08-30 09:00:00,15.35,15.36281,none,0.0,0.0,4.39436,14.04,80.96349,997.4553,
55.85_37.65,2023-09-03 16:00:00,21.55,20.547419,none,0.0,0.0,5.815978,14.04,45.87707,1001.72284,
55.85_37.65,2023-09-07 18:00:00,14.55,10.779802,none,0.0,0.0,15.629971,36.719997,47.961452,1005.1721,
55.85_37.66,2023-07-17 20:00:00,22.2,23.55496,none,0.0,0.0,6.379216,7.92,70.363,993.9175,
55.85_37.66,2023-07-24 17:00:00,17.35,15.791531,rain,0.1,0.0,17.208603,51.48,75.617035,988.4742,
55.85_37.66,2023-08-04 15:00:00,27.25,26.414734,none,0.0,0.0,20.380579,37.44,50.88925,992.8874,
55.85_37.66,2023-09-02 13:00:00,18.5,19.450937,rain,0.4,0.0,2.52,10.440001,75.31477,998.9415,
55.85_37.67,2023-05-12 11:00:00,19.05,18.223879,none,0.0,0.0,5.771239,20.519999,42.761253,1003.888,
55.85_37.67,2023-05-16 10:00:00,17.3,14.418066,none,0.0,0.0,14.512064,30.960001,43.763355,1005.218,
55.85_37.67,2023-06-08 19:00:00,21.6,21.022326,none,0.0,0.0,4.3498964,13.32,48.09467,999.14154,
55.85_37.67,2023-06-12 06:00:00,11.3,8.389021,none,0.0,0.0,10.97262,22.68,63.18149,1010.584,
55.85_37.67,2023-06-27 18:00:00,18.55,16.775682,none,0.0,0.0,15.124284,34.56,63.11844,992.2444,
55.85_37.68,2023-03-28 17:00:00,9.0,4.4761114,none,0.0,9.0,17.10284,34.56,55.657112,989.7745,
55.85_37.68,2023-08-11 10:00:00,23.65,23.8468,none,0.0,0.0,18.0,36.36,69.75147,1003.0408,
55.85_37.78,2023-08-28 00:00:00,13.5,13.295197,none,0.0,0.0,5.0142193,6.12,88.870926,991.2516,
55.85_37.8,2023-05-19 21:00:00,12.9,9.171134,none,0.0,0.0,13.684735,27.359999,48.69686,1005.0697,
55.86_37.34,2023-09-19 16:00:00,20.15,20.033321,none,0.0,0.0,11.090103,25.199999,70.199326,995.76306,
55.86_37.35,2023-03-30 23:00:00,-0.8,-5.220394,none,0.0,3.0,12.768586,23.4,84.408134,989.4027,
55.86_37.35,2023-04-19 08:00:00,10.1,6.2255955,none,0.0,0.0,13.207634,27.359999,53.590076,1005.3059,
55.86_37.35,2023-04-20 17:00:00,14.55,10.573382,none,0.0,0.0,11.384198,31.319998,33.6105,997.80817,
55.86_37.35,2023-05-02 17:00:00,13.25,9.638534,none,0.0,0.0,10.041354,21.96,39.768948,1000.418,
55.86_37.35,2023-05-05 10:00:00,5.75,0.62763596,none,0.0,0.0,19.386593,41.039997,61.19285,1000.101,
55.86_37.35,2023-06-08 14:00:00,22.45,21.875912,none,0.0,0.0,7.072878,21.24,36.397354,996.8056,
55.86_37.35,2023-07-15 10:00:00,15.15,14.226912,rain,1.0,0.0,14.4,27.359999,90.7601,989.91833,
55.86_37.35,2023-08-02 20:00:00,21.75,23.699623,none,0.0,0.0,5.991594,11.159999,78.27211,987.40356,
55.86_37.35,2023-08-13 03:00:00,18.25,19.09884,none,0.0,0.0,10.296251,17.64,90.6802,992.96606,
55.86_37.35,2023-09-17 07:00:00,6.6,5.2230988,none,0.0,0.0,2.7416782,9.36,96.61497,1007.4321,
55.86_37.36,2023-04-01 20:00:00,3.95,0.3005581,rain,0.1,4.0,12.413476,22.68,85.56723,987.4051,
55.86_37.37,2023-04-17 18:00:00,11.85,8.924737,none,0.0,0.0,5.6002855,16.56,44.39032,1008.85065,
55.86_37.37,2023-05-28 01:00:00,9.3,5.358329,none,0.0,0.0,16.87398,30.239998,68.02645,999.5134,
55.86_37.37,2023-07-31 12:00:00,23.9,23.491116,none,0.0,0.0,11.440978,26.64,45.45953,991.1966,
55.86_37.4,2023-04-05 11:00:00,11.25,8.0655155,none,0.0,0.0,14.003028,28.08,67.02363,998.1836,
55.86_37.4,2023-04-17 21:00:00,7.75,4.7012253,none,0.0,0.0,6.87779,12.599999,60.141575,1005.68616,
55.86_37.4,2023-09-01 11:00:00,22.4,22.493326,none,0.0,0.0,11.457958,23.4,63.97207,995.6783,
55.86_37.41,2023-06-05 19:00:00,16.7,13.949791,none,0.0,0.0,10.799999,27.359999,46.579876,999.1932,
55.86_37.42,2023-05-25 10:00:00,19.65,21.384043,rain,0.1,0.0,1.835647,15.84,78.71403,995.4326,
55.86_37.42,2023-07-17 22:00:00,21.25,21.940287,none,0.0,0.0,3.319036,3.96,61.885887,992.8902,
55.86_37.42,2023-08-25 19:00:00,17.1,16.952814,none,0.0,0.0,3.7585104,4.68,68.69438,996.1025,
55.86_37.43,2023-07-24 18:00:00,17.45,16.518661,rain,0.1,0.0,14.693999,35.28,78.903824,985.0364,
55.86_37.43,2023-09-15 16:00:00,19.8,17.54014,none,0.0,0.0,9.178235,20.519999,41.522327,1000.29816,
55.86_37.44,2023-06-24 17:00:00,19.5,17.40349,none,0.0,0.0,16.595179,35.64,58.123447,992.0762,
55.86_37.44,2023-08-12 14:00:00,22.25,21.887846,rain,0.4,0.0,17.727943,30.960001,69.48307,996.79456,
55.86_37.44,2023-09-16 16:00:00,14.4,11.57894,none,0.0,0.0,10.495713,23.759998,51.945335,1006.9019,
55.86_37.44,2023-09-21 14:00:00,20.35,20.010023,none,0.0,0.0,11.988594,23.759998,68.22594,998.26117,
55.86_37.45,2023-05-04 16:00:00,14.0,9.550087,none,0.0,0.0,11.983188,24.119999,27.875687,1000.9417,
55.86_37.45,2023-09-12 07:00:00,9.75,8.769759,none,0.0,0.0,4.0249224,12.599999,91.924065,1000.18164,
55.86_37.46,2023-04-10 12:00:00,10.9,8.5617,none,0.0,0.0,5.3517847,14.759999,59.427055,1006.0065,
55.86_37.46,2023-04-20 15:00:00,15.75,10.8393955,none,0.0,0.0,15.546833,30.960001,25.85647,999.4642,
55.86_37.46,2023-07-24 01:00:00,12.95,11.915199,none,0.0,0.0,9.9571085,16.56,90.010345,989.4884,
55.86_37.46,2023-08-31 19:00:00,20.95,20.332548,none,0.0,0.0,12.287555,21.599998,63.036297,994.8319,
55.86_37.47,2023-03-23 08:00:00,3.25,-0.9142506,none,0.0,42.0,15.077082,24.119999,85.184166,991.1967,
55.86_37.47,2023-07-09 00:00:00,15.35,14.684132,none,0.0,0.0,7.6367526,11.879999,77.56503,993.24207,
55.86_37.47,2023-08-25 19:00:00,17.1,16.952814,none,0.0,0.0,3.7585104,4.68,68.69438,995.5184,
55.86_37.48,2023-04-17 19:00:00,6.5,2.7708454,none,0.0,0.0,10.587917,12.599999,61.376072,1006.6922,
55.86_37.48,2023-07-11 22:00:00,13.0,10.586985,none,0.0,0.0,15.315873,25.56,78.246216,989.90314,
55.86_37.48,2023-07-16 13:00:00,20.8,20.487137,rain,0.1,0.0,15.778518,30.239998,68.09609,994.57465,
55.86_37.48,2023-08-31 20:00:00,19.55,18.74618,none,0.0,0.0,12.261157,19.8,66.31318,995.265,
55.86_37.5,2023-05-12 18:00:00,20.15,17.082867,none,0.0,0.0,9.826088,21.599998,31.932163,999.12897,
55.86_37.5,2023-05-26 15:00:00,24.7,23.849617,none,0.0,0.0,7.771331,24.119999,34.731842,993.08844,
55.86_37.5,2023-07-07 12:00:00,26.3,27.761833,none,0.0,0.0,13.584932,30.960001,64.81025,994.68036,
55.86_37.5,2023-07-21 11:00:00,18.85,16.944773,none,0.0,0.0,14.05845,27.0,58.157867,985.25964,
55.86_37.5,2023-07-27 13:00:00,22.9,24.556808,none,0.0,0.0,8.534353,20.880001,64.90536,986.6225,
55.86_37.5,2023-08-05 20:00:00,23.35,24.999773,none,0.0,0.0,7.2805495,10.440001,69.91442,997.40704,
55.86_37.5,2023-09-18 08:00:00,12.05,10.276179,none,0.0,0.0,11.983188,21.96,86.40846,998.9507,
55.86_37.51,2023-03-27 15:00:00,7.75,3.9859123,rain,0.1,21.0,13.441071,30.960001,66.739876,979.2264,
55.86_37.51,2023-04-12 17:00:00,16.15,12.659788,none,0.0,0.0,9.0,18.0,32.509975,995.9193,
55.86_37.51,2023-05-15 13:00:00,18.9,16.820572,none,0.0,0.0,7.69592,23.039999,35.00303,1004.49536,
55.86_37.51,2023-05-21 20:00:00,13.0,11.537849,none,0.0,0.0,5.7599998,13.32,69.73639,1004.3102,
55.86_37.51,2023-06-28 09:00:00,17.0,15.703032,none,0.0,0.0,8.707238,16.919998,62.767204,989.8188,
55.86_37.51,2023-07-05 23:00:00,18.0,18.29071,none,0.0,0.0,7.42159,11.5199995,78.47368,999.80554,
55.86_37.52,2023-03-25 13:00:00,8.25,5.255539,rain,0.2,28.0,15.349684,28.8,92.14626,979.51917,
55.86_37.53,2023-08-18 23:00:00,19.6,21.531876,none,0.0,0.0,8.942214,14.759999,94.54621,1006.6579,
55.86_37.53,2023-08-24 15:00:00,16.95,15.347847,none,0.0,0.0,9.47012,20.16,60.07445,994.3217,
55.86_37.54,2023-04-14 13:00:00,5.8,0.07848644,none,0.0,0.0,24.696104,47.16,45.106255,1002.1831,
55.86_37.54,2023-05-17 10:00:00,20.7,18.20272,none,0.0,0.0,14.404499,30.239998,33.59047,1003.21326,
55.86_37.54,2023-05-30 21:00:00,14.85,12.523788,none,0.0,0.0,8.714677,17.28,54.468452,994.81305,
55.86_37.54,2023-09-01 09:00:00,18.4,18.356865,none,0.0,0.0,10.464797,21.599998,78.026955,997.89825,
55.86_37.56,2023-04-07 16:00:00,10.1,5.730152,none,0.0,0.0,13.004921,25.919998,41.36652,1006.4327,
55.86_37.56,2023-04-19 07:00:00,7.75,3.8864603,none,0.0,0.0,12.57426,23.759998,60.577316,1007.3671,
55.86_37.56,2023-09-23 15:00:00,22.6,19.138075,none,0.0,0.0,17.651016,37.44,35.331432,1006.50214,
55.86_37.57,2023-03-27 14:00:00,7.05,3.9544315,none,0.0,16.0,10.028439,22.68,74.89965,980.48566,
55.86_37.57,2023-05-13 13:00:00,21.1,18.37278,none,0.0,0.0,17.163355,34.92,33.470394,1002.41095,
55.86_37.57,2023-07-09 13:00:00,22.9,21.600668,none,0.0,0.0,12.979984,26.64,47.651745,992.14435,
55.86_37.57,2023-08-06 14:00:00,30.3,31.56081,none,0.0,0.0,14.003028,28.8,47.33824,997.9797,
55.86_37.57,2023-09-07 15:00:00,15.9,11.27078,none,0.0,0.0,20.799152,43.92,42.304726,1003.5941,
55.86_37.57,2023-09-23 09:00:00,18.45,16.793447,none,0.0,0.0,12.758432,24.119999,60.43108,1006.54767,
55.86_37.58,2023-05-18 12:00:00,23.8,22.571583,none,0.0,0.0,11.440978,27.72,32.859985,1002.6234,
55.86_37.58,2023-05-26 23:00:00,15.0,14.17247,none,0.0,0.0,6.8777895,11.5199995,74.728775,994.60736,
55.86_37.58,2023-05-28 00:00:00,11.75,7.360016,none,0.0,0.0,19.161337,34.56,55.387047,997.9473,
55.86_37.58,2023-06-08 12:00:00,21.15,21.649086,none,0.0,0.0,4.8433046,17.28,42.91598,1000.1202,
55.86_37.58,2023-06-16 09:00:00,23.35,22.808178,none,0.0,0.0,4.8965297,15.119999,44.412624,996.9163,
55.86_37.58,2023-07-04 01:00:00,12.9,11.810453,none,0.0,0.0,6.6185193,9.72,79.82534,992.82214,
55.86_37.58,2023-09-21 22:00:00,16.55,17.319668,none,0.0,0.0,4.8965297,6.4799995,87.69115,1003.40356,
55.86_37.59,2023-05-19 09:00:00,13.0,9.468477,none,0.0,0.0,16.981165,34.56,61.41395,1006.1197,
55.86_37.59,2023-06-08 17:00:00,22.75,20.813131,none,0.0,0.0,6.87779,20.16,34.532585,999.91296,
55.86_37.59,2023-08-07 20:00:00,25.15,23.458956,none,0.0,0.0,21.862406,38.519997,51.82664,992.06256,
55.86_37.6,2023-07-10 17:00:00,17.6,14.19776,none,0.0,0.0,25.346148,47.16,65.031425,993.01,
55.86_37.6,2023-09-08 16:00:00,12.55,7.963702,none,0.0,0.0,22.180206,47.16,57.377743,998.202,
55.86_37.61,2023-05-05 12:00:00,6.5,1.4061289,none,0.0,0.0,19.191748,45.0,58.10677,1003.4272,
55.86_37.61,2023-05-11 08:00:00,11.95,10.09606,none,0.0,0.0,5.937272,14.759999,67.172585,1005.7793,
55.86_37.61,2023-07-29 23:00:00,14.1,13.848574,none,0.0,0.0,6.87779,11.159999,89.50589,988.6734,
55.86_37.61,2023-09-10 14:00:00,17.15,16.283121,none,0.0,0.0,4.3349743,22.68,59.11898,1003.8723,
55.86_37.61,2023-09-22 14:00:00,23.8,20.98197,none,0.0,0.0,16.071491,30.960001,36.907234,1006.78674,
55.86_37.62,2023-06-19 09:00:00,17.55,14.731447,none,0.0,0.0,10.538843,24.48,42.038216,1001.0657,
55.86_37.62,2023-06-26 07:00:00,18.85,18.734375,none,0.0,0.0,6.162207,15.4800005,66.6013,997.58673,
55.86_37.62,2023-08-11 14:00:00,25.7,26.089182,none,0.0,0.0,18.214718,39.96,63.677643,1002.99805,
55.86_37.63,2023-06-04 18:00:00,13.95,9.484065,none,0.0,0.0,16.595179,34.92,39.830395,1003.2477,
55.86_37.64,2023-07-08 08:00:00,19.85,20.467024,none,0.0,0.0,10.883676,24.48,80.26306,997.98364,
55.86_37.64,2023-07-14 13:00:00,18.15,17.71779,rain,0.1,0.0,10.1887,21.599998,73.32302,991.6911,
55.86_37.65,2023-05-01 23:00:00,3.0,-1.0489578,none,0.0,0.0,13.089354,21.96,80.078804,1000.69055,
55.86_37.65,2023-05-20 13:00:00,14.15,10.041219,none,0.0,0.0,20.192118,39.96,55.045357,1008.6227,
55.86_37.65,2023-05-22 18:00:00,19.35,18.890932,none,0.0,0.0,6.638072,24.119999,61.045033,1003.18097,
55.86_37.65,2023-05-25 21:00:00,15.25,15.561609,none,0.0,0.0,5.692099,10.440001,89.59439,995.7209,
55.86_37.65,2023-05-29 09:00:00,15.45,13.941999,none,0.0,0.0,5.1544156,16.199999,57.315235,1002.157,
55.86_37.65,2023-05-30 08:00:00,18.0,17.102602,none,0.0,0.0,2.7416782,12.24,52.368065,1000.30615,
55.86_37.66,2023-03-28 00:00:00,3.15,-0.41166615,none,0.0,12.0,11.928989,22.319998,91.1772,987.5464,
55.86_37.66,2023-04-20 19:00:00,11.2,8.521085,none,0.0,0.0,6.6087217,17.64,54.85189,1001.4307,
55.86_37.66,2023-05-25 19:00:00,19.6,19.963156,none,0.0,0.0,7.42159,17.64,71.932785,996.5222,
55.86_37.66,2023-07-11 16:00:00,16.55,13.179825,rain,0.1,0.0,20.140705,38.519997,58.376846,991.8849,
55.86_37.66,2023-07-28 23:00:00,16.6,16.428627,rain,0.2,0.0,11.988594,20.16,88.83432,988.3852,
55.86_37.67,2023-04-06 07:00:00,4.0,-0.37857413,none,0.0,0.0,16.831684,30.960001,82.267494,1004.8491,
55.86_37.67,2023-06-10 02:00:00,10.45,7.195924,none,0.0,0.0,13.608762,27.72,67.7924,1001.6557,
55.86_37.67,2023-08-16 18:00:00,24.3,24.470886,none,0.0,0.0,7.968939,18.72,52.962578,1004.91534,
55.86_37.68,2023-04-23 19:00:00,12.5,9.04304,none,0.0,0.0,10.630672,17.64,46.543396,995.7714,
55.86_37.68,2023-07-09 11:00:00,22.45,22.094355,none,0.0,0.0,11.183201,25.56,50.28402,992.0199,
55.86_37.69,2023-04-15 13:00:00,6.65,1.2816749,none,0.0,0.0,17.414476,35.64,34.86069,1010.8935,
55.86_37.69,2023-06-08 22:00:00,16.1,15.469265,none,0.0,0.0,4.3349743,5.04,66.909325,997.2513,
55.86_37.69,2023-09-18 07:00:00,12.0,10.192631,none,0.0,0.0,11.923557,23.4,85.82624,1001.45355,
55.86_37.7,2023-03-28 12:00:00,8.85,4.758088,none,0.0,10.0,13.493999,28.8,53.83515,990.1566,
55.86_37.77,2023-07-30 10:00:00,19.65,18.878952,none,0.0,0.0,15.072783,31.319998,71.47845,987.88605,
55.87_37.41,2023-05-30 14:00:00,21.5,19.930777,none,0.0,0.0,5.0911684,15.84,32.205467,995.1419,
55.87_37.41,2023-06-22 08:00:00,19.25,17.571838,none,0.0,0.0,5.506941,16.56,43.561287,995.09247,
55.87_37.41,2023-07-20 08:00:00,16.2,13.235088,none,0.0,0.0,23.936617,42.12,74.68501,981.4794,
55.87_37.41,2023-08-25 18:00:00,18.5,16.882994,none,0.0,0.0,2.3051248,5.7599998,40.15876,995.1128,
55.87_37.41,2023-09-10 22:00:00,10.5,9.003082,none,0.0,0.0,7.928177,9.36,88.62077,999.4761,
55.87_37.41,2023-09-11 01:00:00,10.0,9.161191,none,0.0,0.0,4.3349743,6.4799995,94.77258,998.5137,
55.87_37.41,2023-09-22 01:00:00,13.35,13.020624,none,0.0,0.0,8.209263,9.36,96.15681,1001.4887,
55.87_37.42,2023-08-29 17:00:00,17.05,16.533695,none,0.0,0.0,5.3517847,15.119999,66.8855,993.1126,
55.87_37.44,2023-05-14 12:00:00,16.25,12.676691,none,0.0,0.0,16.179985,32.399998,42.10753,1002.4362,
55.87_37.44,2023-07-02 04:00:00,15.4,14.666044,none,0.0,0.0,14.081478,22.68,91.664474,977.7471,
55.87_37.44,2023-07-10 12:00:00,18.9,15.662077,none,0.0,0.0,23.499481,45.719997,58.55888,988.98627,
55.87_37.44,2023-08-16 08:00:00,20.5,20.930763,none,0.0,0.0,10.495713,21.24,74.205154,1003.7947,
55.87_37.44,2023-08-27 10:00:00,15.8,16.02538,none,0.0,0.0,6.162207,16.199999,86.211136,991.1396,
55.87_37.45,2023-04-18 20:00:00,9.15,5.435154,none,0.0,0.0,11.720751,19.08,55.696583,1003.9323,
55.87_37.45,2023-09-01 17:00:00,25.3,24.971476,none,0.0,0.0,9.686609,21.24,47.67473,994.268,
55.87_37.46,2023-04-03 16:00:00,13.05,9.9733925,none,0.0,1.0,9.028754,20.519999,47.709682,994.41327,
55.87_37.46,2023-06-19 23:00:00,15.75,13.825754,none,0.0,0.0,6.1094027,10.440001,51.768097,994.5268,
55.87_37.46,2023-07-18 11:00:00,25.45,27.210241,none,0.0,0.0,10.587917,23.759998,65.65015,985.8594,
55.87_37.46,2023-09-27 15:00:00,18.85,17.705416,none,0.0,0.0,5.4119864,20.16,51.53749,1009.14667,
55.87_37.47,2023-04-17 19:00:00,9.05,5.945031,none,0.0,0.0,8.217153,9.72,58.544937,1005.61224,
55.87_37.48,2023-06-14 19:00:00,22.85,19.624924,none,0.0,0.0,13.608762,25.56,31.150696,997.7985,
55.87_37.48,2023-07-28 12:00:00,23.55,25.149565,none,0.0,0.0,11.681987,23.039999,74.948845,980.88434,
55.87_37.48,2023-08-07 19:00:00,25.1,23.433445,none,0.0,0.0,22.206486,37.079998,52.656193,989.26306,
55.87_37.49,2023-03-26 11:00:00,3.35,0.6517544,rain,1.7,26.0,7.491114,12.959999,97.90291,977.63806,
55.87_37.49,2023-05-30 20:00:00,17.85,15.75069,none,0.0,0.0,8.557102,13.679999,47.879192,993.53625,
55.87_37.49,2023-08-08 11:00:00,24.45,25.182076,none,0.0,0.0,10.495713,24.48,61.23041,988.4353,
55.87_37.5,2023-04-07 15:00:00,10.3,5.77359,none,0.0,0.0,13.722565,26.64,39.62508,1006.8322,
55.87_37.5,2023-04-24 08:00:00,11.7,9.696079,none,0.0,0.0,6.130579,13.32,65.73924,996.8154,
55.87_37.5,2023-05-23 23:00:00,14.6,14.266115,none,0.0,0.0,7.8954163,13.679999,87.802925,997.8581,
55.87_37.5,2023-06-23 19:00:00,20.7,21.631933,rain,0.2,0.0,4.0249224,21.96,68.07601,988.84784,
55.87_37.5,2023-07-28 19:00:00,18.5,17.67543,rain,0.2,0.0,15.192682,25.199999,76.296585,984.81647,
55.87_37.5,2023-09-11 10:00:00,15.15,15.621574,none,0.0,0.0,1.1384199,11.159999,81.74048,999.3262,
55.87_37.5,2023-09-13 16:00:00,19.55,17.469612,none,0.0,0.0,9.904906,19.08,45.786945,1002.3827,
55.87_37.51,2023-04-05 20:00:00,7.3,3.5774379,none,0.0,0.0,13.276144,22.319998,69.313484,1002.11774,
55.87_37.51,2023-04-29 17:00:00,12.95,8.387829,none,0.0,1.0,12.594856,23.039999,29.40212,998.23804,
55.87_37.51,2023-07-21 21:00:00,14.3,12.849499,none,0.0,0.0,10.948973,26.64,77.6613,987.1946,
55.87_37.52,2023-04-28 07:00:00,10.4,8.499598,none,0.0,0.0,9.021574,16.919998,83.644516,991.5924,
55.87_37.52,2023-08-23 07:00:00,14.95,14.274355,none,0.0,0.0,11.159999,21.24,88.12151,988.7473,
55.87_37.53,2023-05-26 13:00:00,23.5,23.410818,none,0.0,0.0,9.826088,21.96,44.454227,994.2136,
55.87_37.53,2023-06-30 17:00:00,16.4,16.28069,rain,0.4,0.0,6.193674,26.64,77.7256,978.0876,
55.87_37.53,2023-09-22 22:00:00,14.75,12.505306,none,0.0,0.0,10.703569,17.28,61.196278,1003.64594,
55.87_37.54,2023-05-05 20:00:00,3.25,-1.269309,none,0.0,0.0,10.587918,17.64,47.533375,1002.19214,
55.87_37.54,2023-05-22 10:00:00,14.4,13.6508465,rain,2.5,0.0,8.209263,20.16,82.45829,1003.1103,
55.87_37.54,2023-05-23 20:00:00,15.75,16.201721,rain,0.2,0.0,4.6102495,9.72,86.487236,997.9151,
55.87_37.54,2023-06-27 10:00:00,21.35,19.971384,none,0.0,0.0,12.371645,25.199999,50.998665,990.90234,
55.87_37.54,2023-07-16 16:00:00,21.6,20.28498,none,0.0,0.0,14.264361,27.0,56.006985,994.8748,
55.87_37.55,2023-05-03 15:00:00,13.95,9.251434,none,0.0,0.0,20.767975,39.96,46.62305,998.59216,
55.87_37.55,2023-05-05 13:00:00,6.65,1.5910935,none,0.0,0.0,18.057508,36.719997,51.87718,1000.14734,
55.87_37.55,2023-06-13 21:00:00,16.2,13.872276,none,0.0,0.0,7.9036193,15.84,48.085308,999.8088,
55.87_37.55,2023-06-20 13:00:00,22.7,19.627304,none,0.0,0.0,20.969807,44.639996,40.11722,992.0379,
55.87_37.55,2023-09-01 07:00:00,16.65,16.555584,none,0.0,0.0,9.693296,18.72,84.635475,994.65094,
55.87_37.55,2023-09-27 23:00:00,9.1,7.2945366,none,0.0,0.0,8.714677,9.72,92.51118,1006.697,
55.87_37.56,2023-03-26 21:00:00,1.4,-2.0284243,none,0.0,19.0,10.028439,16.919998,97.16853,976.10944,
55.87_37.56,2023-04-18 20:00:00,6.4,3.2174716,none,0.0,0.0,7.9036193,15.119999,66.44412,1005.1172,
55.87_37.56,2023-05-19 19:00:00,16.05,11.957117,none,0.0,0.0,14.759999,28.08,36.464825,1004.9368,
55.87_37.56,2023-09-02 12:00:00,18.5,19.277918,rain,0.4,0.0,3.7064266,11.879999,75.31477,996.74695,
55.87_37.56,2023-09-13 01:00:00,9.4,7.7080135,none,0.0,0.0,7.42159,11.5199995,88.82928,1001.7378,
55.87_37.56,2023-09-20 14:00:00,23.15,20.4196,none,0.0,0.0,20.929594,42.12,46.471786,995.2705,
55.87_37.57,2023-04-14 15:00:00,7.2,0.79863167,none,0.0,0.0,24.962307,47.16,33.83147,1002.3842,
55.87_37.57,2023-06-20 03:00:00,10.1,8.4083,none,0.0,0.0,6.830519,11.159999,82.75659,994.6029,
55.87_37.58,2023-06-17 16:00:00,25.95,23.089832,none,0.0,0.0,11.753877,23.039999,26.694859,995.3065,
55.87_37.59,2023-05-05 20:00:00,3.35,-1.187748,none,0.0,0.0,10.883676,18.0,48.112858,1002.5951,
55.87_37.59,2023-08-15 18:00:00,23.05,22.719402,none,0.0,0.0,11.043261,24.119999,56.550423,1002.4961,
55.87_37.6,2023-04-17 13:00:00,12.35,8.881382,none,0.0,0.0,8.699793,20.16,41.121727,1009.2497,
55.87_37.6,2023-07-03 19:00:00,21.45,19.01926,none,0.0,0.0,14.044615,37.079998,43.58693,989.8131,
55.87_37.6,2023-07-08 13:00:00,21.15,21.26885,rain,0.2,0.0,12.904882,25.919998,71.75352,996.2779,
55.87_37.61,2023-06-24 14:00:00,17.75,16.101562,rain,0.1,0.0,18.175545,41.039997,74.45873,993.75085,
55.87_37.61,2023-07-06 09:00:00,22.95,24.947784,none,0.0,0.0,4.896529,15.4800005,71.62567,1002.891,
55.87_37.61,2023-07-14 18:00:00,16.95,17.011562,none,0.0,0.0,6.924738,18.72,79.34693,991.5048,
55.87_37.61,2023-08-03 07:00:00,19.1,20.8314,none,0.0,0.0,7.653705,19.44,92.46929,991.474,
55.87_37.62,2023-07-23 12:00:00,21.75,20.701937,none,0.0,0.0,16.610792,34.56,56.597843,991.1216,
55.87_37.63,2023-05-15 07:00:00,12.75,10.664383,none,0.0,0.0,6.9153743,16.919998,61.995712,1007.79364,
55.87_37.63,2023-05-26 12:00:00,22.8,23.06307,none,0.0,0.0,7.6367526,20.880001,48.25999,996.5237,
55.87_37.63,2023-06-09 09:00:00,21.6,18.57392,none,0.0,0.0,20.393293,39.96,40.07728,997.5349,
55.87_37.63,2023-08-30 10:00:00,18.2,17.77688,none,0.0,0.0,6.28713,17.64,65.37726,996.8922,
55.87_37.64,2023-04-06 12:00:00,11.0,7.1467314,none,0.0,0.0,18.374111,36.719997,59.242447,1005.9259,
55.87_37.64,2023-05-10 15:00:00,15.85,12.234615,none,0.0,0.0,8.287822,18.359999,29.475533,1005.22687,
55.87_37.64,2023-05-19 18:00:00,16.5,12.399189,none,0.0,0.0,15.158522,30.239998,36.20535,1006.87897,
55.87_37.64,2023-06-16 18:00:00,25.4,23.459229,none,0.0,0.0,10.315115,26.64,33.882523,994.49585,
55.87_37.64,2023-07-31 18:00:00,21.7,21.827105,none,0.0,0.0,8.654986,18.0,62.5933,991.16864,
55.87_37.65,2023-04-14 19:00:00,3.95,-2.5319867,none,0.0,0.0,21.933426,38.88,34.308353,1006.94257,
55.87_37.65,2023-08-31 19:00:00,21.0,20.232063,none,0.0,0.0,12.599998,22.68,61.62774,997.9148,
55.87_37.65,2023-09-01 12:00:00,25.1,25.146765,none,0.0,0.0,13.32,27.72,52.31774,998.5199,
55.87_37.65,2023-09-27 15:00:00,18.7,17.641933,none,0.0,0.0,5.0911684,14.04,52.552895,1012.75244,
55.87_37.66,2023-05-24 09:00:00,16.3,16.275408,rain,0.5,0.0,7.5170207,19.44,82.69214,998.1001,
55.87_37.66,2023-06-21 11:00:00,18.7,15.99515,none,0.0,0.0,13.202726,29.16,37.630753,1000.50134,
55.87_37.66,2023-06-26 17:00:00,23.65,21.190695,none,0.0,0.0,12.661564,25.56,35.87463,995.01636,
55.87_37.66,2023-08-19 10:00:00,23.5,25.65202,none,0.0,0.0,5.495161,18.359999,69.94292,1008.5796,
55.87_37.67,2023-06-15 12:00:00,24.85,24.143505,none,0.0,0.0,12.57426,28.8,34.189007,1000.06665,
55.87_37.67,2023-07-28 09:00:00,22.45,24.04382,rain,0.1,0.0,14.205182,32.039997,83.93878,983.9229,
55.87_37.68,2023-04-12 21:00:00,7.75,4.7088566,none,0.0,0.0,7.9526596,12.599999,64.62669,996.39624,
55.87_37.68,2023-04-27 07:00:00,8.35,6.633174,none,0.0,0.0,5.8603754,12.599999,88.74091,991.8334,
55.87_37.68,2023-06-12 17:00:00,18.45,13.641399,none,0.0,0.0,21.194187,41.760002,33.8951,1007.86194,
55.87_37.68,2023-06-13 17:00:00,20.7,17.41492,none,0.0,0.0,13.039754,27.359999,33.826786,1002.86884,
55.87_37.68,2023-07-29 16:00:00,16.75,15.55718,none,0.0,0.0,13.441071,29.16,75.76678,987.6443,
55.87_37.68,2023-08-18 11:00:00,26.25,27.597645,rain,0.1,0.0,13.896187,26.64,60.10858,1006.81494,
55.87_37.69,2023-06-07 00:00:00,11.8,9.476181,none,0.0,0.0,10.587917,19.08,72.17289,1000.5788,
55.87_37.69,2023-08-14 19:00:00,20.1,20.935785,none,0.0,0.0,7.9932966,19.44,76.5493,999.3498,
55.87_37.69,2023-09-13 22:00:00,11.8,10.048544,none,0.0,0.0,7.491114,11.879999,74.68411,1002.5295,
55.87_37.7,2023-04-18 19:00:00,9.4,5.522732,none,0.0,0.0,12.181624,20.880001,52.444042,1005.5012,
55.87_37.7,2023-06-16 07:00:00,21.6,21.607012,none,0.0,0.0,3.219938,11.159999,52.78391,995.7604,
55.87_37.71,2023-05-08 13:00:00,9.95,5.9911957,none,0.0,0.0,10.538843,24.84,40.56292,1011.7911,
55.87_37.71,2023-05-29 18:00:00,18.5,16.40903,none,0.0,0.0,7.7879906,20.16,44.562862,999.6413,
55.87_37.71,2023-07-21 15:00:00,20.45,17.952501,none,0.0,0.0,14.685176,31.68,46.6647,986.54486,
55.87_37.71,2023-07-29 23:00:00,14.1,13.848574,none,0.0,0.0,6.87779,11.159999,89.50589,986.80035,
55.87_37.71,2023-09-18 07:00:00,11.0,8.762996,none,0.0,0.0,13.5515,23.759998,87.47626,1000.6451,
55.87_37.72,2023-05-02 17:00:00,13.15,9.836306,none,0.0,0.0,8.64,20.880001,41.807182,1002.1331,
55.87_37.72,2023-08-08 21:00:00,20.2,21.164965,none,0.0,0.0,10.948973,19.08,82.89571,992.00653,
55.87_37.74,2023-09-21 09:00:00,16.65,16.225536,none,0.0,0.0,11.709688,23.759998,84.08852,999.9941,
55.87_37.76,2023-04-12 14:00:00,15.75,13.140463,none,0.0,0.0,8.209263,22.319998,35.47027,999.1691,
55.88_37.41,2023-09-21 16:00:00,19.1,18.622154,none,0.0,0.0,11.457958,23.039999,70.91448,998.39417,
55.88_37.42,2023-06-20 10:00:00,21.9,17.904284,none,0.0,0.0,20.150354,37.8,35.00988,991.75433,
55.88_37.43,2023-04-28 08:00:00,12.15,10.609047,rain,0.7,0.0,9.904906,19.44,84.41489,990.9204,
55.88_37.43,2023-05-19 17:00:00,17.2,13.025597,none,0.0,0.0,15.546833,29.519999,34.3858,1003.85706,
55.88_37.43,2023-06-22 21:00:00,15.55,13.36219,none,0.0,0.0,14.241629,30.599998,67.47002,992.59174,
55.88_37.43,2023-09-06 12:00:00,19.25,16.352283,rain,0.1,0.0,27.210379,47.88,68.67282,993.20605,
55.88_37.45,2023-04-08 05:00:00,-1.25,-5.1496654,none,0.0,0.0,7.172949,11.5199995,72.0099,1006.3744,
55.88_37.45,2023-05-14 22:00:00,10.2,7.3439903,none,0.0,0.0,8.707237,20.880001,61.60742,1003.055,
55.88_37.45,2023-06-26 15:00:00,24.55,22.449959,none,0.0,0.0,12.413476,30.960001,30.87811,992.5728,
55.88_37.45,2023-07-02 18:00:00,21.85,20.18539,none,0.0,0.0,14.044615,34.92,50.961994,981.1675,
55.88_37.45,2023-07-13 08:00:00,13.2,11.058966,rain,0.1,0.0,16.808569,28.44,86.52207,985.39124,
55.88_37.45,2023-08-14 10:00:00,19.0,18.110004,rain,0.2,0.0,22.505037,37.079998,87.07447,994.7919,
55.88_37.45,2023-09-10 13:00:00,17.9,16.73175,none,0.0,0.0,9.007196,21.599998,61.726288,1000.7334,
55.88_37.45,2023-09-21 08:00:00,14.9,14.644852,none,0.0,0.0,9.339208,16.199999,91.03896,997.65955,
55.88_37.46,2023-09-04 07:00:00,14.4,14.275467,none,0.0,0.0,6.12,14.4,88.0737,999.08636,
55.88_37.47,2023-04-18 10:00:00,11.55,8.809078,none,0.0,0.0,8.707238,18.72,58.755775,1003.37964,
55.88_37.47,2023-08-28 15:00:00,19.6,18.343496,none,0.0,0.0,7.289445,15.84,48.85404,989.153,
55.88_37.48,2023-04-09 12:00:00,12.05,9.141905,none,0.0,0.0,10.8955765,23.759998,53.5396,1004.87616,
55.88_37.48,2023-04-24 20:00:00,14.5,9.880753,none,0.0,0.0,15.7908325,28.8,33.719185,993.04626,
55.88_37.48,2023-05-31 22:00:00,8.3,5.686224,none,0.0,0.0,7.5685663,12.959999,72.0151,989.9347,
55.88_37.48,2023-07-03 13:00:00,23.0,20.675156,none,0.0,0.0,24.503809,44.639996,44.6123,985.51086,
55.88_37.48,2023-08-06 08:00:00,24.35,26.683266,none,0.0,0.0,9.290511,19.44,75.0792,998.2103,
55.88_37.49,2023-03-28 14:00:00,9.2,4.61763,none,0.0,17.0,17.339897,33.48,54.320587,988.7066,
55.88_37.49,2023-04-16 16:00:00,12.05,6.9991837,none,0.0,0.0,14.003028,27.359999,25.394173,1007.6827,
55.88_37.49,2023-06-19 17:00:00,22.25,18.581495,none,0.0,0.0,10.739833,24.119999,23.053644,994.73444,
55.88_37.5,2023-09-24 00:00:00,15.05,11.705931,none,0.0,0.0,14.081478,23.4,49.813503,1003.5735,
55.88_37.52,2023-03-25 12:00:00,7.95,4.695635,rain,0.2,29.0,16.323528,31.319998,90.87087,976.81616,
55.88_37.52,2023-04-14 17:00:00,5.85,-0.5536516,none,0.0,0.0,22.768396,45.719997,36.270615,1000.8199,
55.88_37.52,2023-04-25 10:00:00,15.2,13.19639,none,0.0,0.0,6.696387,18.359999,53.62565,991.6517,
55.88_37.52,2023-05-15 18:00:00,18.4,16.0199,none,0.0,0.0,3.8268526,11.879999,33.045296,1000.8481,
55.88_37.52,2023-05-22 18:00:00,19.5,18.733591,none,0.0,0.0,7.7879906,21.599998,58.70445,1000.8589,
55.88_37.52,2023-05-24 16:00:00,21.35,20.69828,none,0.0,0.0,7.9526596,20.16,53.953266,995.0507,
55.88_37.52,2023-09-01 16:00:00,24.85,24.88277,none,0.0,0.0,8.913181,20.880001,51.248634,994.2229,
55.88_37.53,2023-06-02 13:00:00,20.45,19.546537,none,0.0,0.0,13.493999,27.359999,48.42895,988.7341,
55.88_37.53,2023-07-15 12:00:00,15.55,14.085064,rain,0.5,0.0,17.873556,33.48,87.88706,989.5964,
55.88_37.54,2023-04-11 19:00:00,7.35,4.0166006,none,0.0,0.0,10.30883,11.5199995,67.85525,996.1668,
55.88_37.54,2023-04-17 10:00:00,6.45,3.456275,none,0.0,0.0,7.5685663,15.4800005,70.38953,1007.2256,
55.88_37.54,2023-07-20 17:00:00,19.8,16.26551,none,0.0,0.0,21.349546,41.760002,47.76388,983.05505,
55.88_37.54,2023-08-22 15:00:00,19.1,18.276844,rain,0.1,0.0,7.968939,15.4800005,59.78666,990.52167,
55.88_37.54,2023-09-22 11:00:00,22.05,21.872057,none,0.0,0.0,10.495713,22.319998,60.87496,1003.5366,
55.88_37.54,2023-09-27 18:00:00,17.35,16.850332,none,0.0,0.0,2.1897945,3.96,59.16747,1007.6857,
55.88_37.55,2023-04-22 20:00:00,10.55,7.655525,none,0.0,0.0,4.6102495,10.08,45.81726,991.7643,
55.88_37.55,2023-04-24 13:00:00,19.85,16.448751,none,0.0,0.0,12.641076,25.919998,27.89879,995.02856,
55.88_37.55,2023-04-27 17:00:00,18.6,15.520676,none,0.0,0.0,13.797913,28.8,42.78098,989.8646,
55.88_37.55,2023-07-31 15:00:00,24.45,23.152527,none,0.0,0.0,10.787993,23.4,42.549965,987.9152,
55.88_37.56,2023-03-30 18:00:00,0.85,-3.6970427,none,0.0,3.0,14.76439,28.44,82.15066,989.1947,
55.88_37.56,2023-06-23 12:00:00,18.8,19.053064,rain,0.9,0.0,9.72,22.319998,78.5907,988.66815,
55.88_37.56,2023-09-08 13:00:00,14.55,9.819265,none,0.0,0.0,26.208395,49.32,58.080677,993.7942,
55.88_37.57,2023-06-18 21:00:00,18.55,16.557285,none,0.0,0.0,10.691453,23.759998,51.457577,996.9097,
55.88_37.57,2023-07-22 21:00:00,16.5,15.283617,none,0.0,0.0,8.350138,14.4,65.22629,990.30084,
55.88_37.58,2023-08-24 17:00:00,16.7,14.673693,none,0.0,0.0,10.1376915,21.24,56.083027,991.8571,
55.88_37.59,2023-04-18 18:00:00,13.05,10.416402,none,0.0,0.0,6.6087217,15.84,49.435745,1004.35126,
55.88_37.59,2023-04-24 16:00:00,19.8,15.802057,none,0.0,0.0,11.525623,22.68,24.11128,994.6231,
55.88_37.59,2023-05-13 13:00:00,20.35,17.733343,none,0.0,0.0,17.555305,36.0,35.545742,1000.9346,
55.88_37.59,2023-05-18 18:00:00,21.2,17.51493,none,0.0,0.0,23.557316,39.96,45.78012,1000.4839,
55.88_37.59,2023-05-24 19:00:00,20.3,20.697142,none,0.0,0.0,3.096837,9.72,61.66843,995.4409,
55.88_37.59,2023-08-30 22:00:00,13.3,12.5385475,none,0.0,0.0,7.24486,11.879999,85.6748,995.03925,
55.88_37.6,2023-05-19 17:00:00,17.0,12.847218,none,0.0,0.0,15.226764,30.239998,34.451023,1005.02106,
55.88_37.6,2023-06-21 08:00:00,16.8,14.585417,none,0.0,0.0,8.14587,20.16,48.2516,998.8263,
55.88_37.61,2023-09-20 21:00:00,17.8,15.339205,none,0.0,0.0,17.076298,29.16,60.47899,997.352,
55.88_37.63,2023-09-22 16:00:00,22.2,20.086998,none,0.0,0.0,10.805999,23.759998,39.97526,1004.8455,
55.88_37.64,2023-06-06 12:00:00,18.2,14.790594,none,0.0,0.0,15.986595,32.039997,43.715355,1001.7735,
55.88_37.64,2023-06-13 19:00:00,18.2,16.369755,none,0.0,0.0,6.9527545,20.16,47.322372,1002.1894,
55.88_37.64,2023-07-11 13:00:00,16.55,13.60384,none,0.0,0.0,20.211363,39.96,65.01927,991.20386,
55.88_37.64,2023-07-20 08:00:00,16.1,13.186422,none,0.0,0.0,23.584808,44.28,75.16274,984.38116,
55.88_37.67,2023-03-28 12:00:00,7.95,4.3055325,none,0.0,11.0,12.031756,25.56,63.525078,991.7318,
55.88_37.67,2023-04-06 18:00:00,10.8,6.3237095,none,0.0,0.0,16.831684,33.48,49.516197,1005.5429,
55.88_37.69,2023-07-16 18:00:00,21.3,20.119373,none,0.0,0.0,13.797912,28.08,57.7984,996.4665,
55.88_37.7,2023-05-11 17:00:00,16.1,13.537764,rain,0.2,0.0,9.220499,29.519999,47.72423,1003.90686,
55.88_37.71,2023-07-04 10:00:00,22.6,20.715784,none,0.0,0.0,15.617529,32.039997,42.74483,997.21564,
55.88_37.72,2023-04-17 19:00:00,8.55,5.469413,none,0.0,0.0,9.178235,10.440001,64.80835,1008.64056,
55.88_37.72,2023-05-10 10:00:00,13.55,11.576414,none,0.0,0.0,5.2416787,16.56,47.85039,1007.02637,
55.88_37.72,2023-06-17 15:00:00,26.55,24.833202,none,0.0,0.0,10.233123,22.68,28.772041,996.5723,
55.88_37.72,2023-08-08 11:00:00,24.25,24.87063,none,0.0,0.0,11.119281,26.28,61.77176,991.5794,
55.88_37.72,2023-08-20 17:00:00,21.75,23.104626,rain,1.2,0.0,8.12197,23.759998,75.12593,998.9026,
55.88_37.73,2023-05-21 17:00:00,16.6,13.596334,none,0.0,0.0,12.538134,26.28,46.87669,1005.17505,
55.88_37.73,2023-06-02 12:00:00,18.55,17.393309,none,0.0,0.0,4.6938257,16.199999,50.936733,991.81647,
55.88_37.73,2023-06-19 12:00:00,20.0,19.024448,none,0.0,0.0,7.928177,22.68,33.271626,1000.0757,
55.89_37.38,2023-08-28 22:00:00,13.4,11.195943,none,0.0,0.0,11.620809,20.16,70.05327,989.4987,
55.89_37.39,2023-08-01 14:00:00,24.6,25.898916,none,0.0,0.0,7.729527,20.519999,53.55595,988.2499,
55.89_37.39,2023-09-22 15:00:00,23.85,21.189365,none,0.0,0.0,13.039754,31.319998,34.02173,1001.5647,
55.89_37.39,2023-09-23 11:00:00,20.15,18.398401,none,0.0,0.0,14.332341,29.16,56.01339,1002.2816,
55.89_37.43,2023-07-29 01:00:00,15.65,15.596996,rain,0.9,0.0,9.659814,19.08,90.79419,985.14233,
55.89_37.44,2023-06-29 06:00:00,14.45,13.776964,none,0.0,0.0,11.966954,20.519999,93.1114,981.7882,
55.89_37.44,2023-09-06 05:00:00,12.4,10.424368,none,0.0,0.0,12.599998,20.880001,82.20717,995.20197,
55.89_37.44,2023-09-08 02:00:00,9.7,6.4046154,none,0.0,0.0,14.689588,25.56,74.06044,998.8162,
55.89_37.44,2023-09-19 05:00:00,8.85,6.6880035,none,0.0,0.0,10.390226,16.919998,91.24398,999.82794,
55.89_37.44,2023-09-23 21:00:00,16.55,13.2332325,none,0.0,0.0,14.685176,23.759998,47.02589,1001.90906,
55.89_37.48,2023-05-21 23:00:00,9.0,7.342099,none,0.0,0.0,6.849467,8.28,90.01743,1000.8994,
55.89_37.48,2023-06-21 06:00:00,13.85,12.674883,none,0.0,0.0,3.7064266,11.879999,65.75629,996.08905,
55.89_37.48,2023-07-17 16:00:00,26.1,25.800749,none,0.0,0.0,5.1919937,17.64,38.57109,992.7152,
55.89_37.48,2023-09-05 07:00:00,12.05,11.139305,none,0.0,0.0,7.653705,11.159999,91.149445,1003.12616,
55.89_37.49,2023-07-22 03:00:00,12.4,10.873632,none,0.0,0.0,12.181625,19.08,89.96939,987.5076,
55.89_37.49,2023-08-08 14:00:00,25.45,26.878397,rain,0.1,0.0,4.452954,19.8,56.055,989.3159,
55.89_37.5,2023-06-13 18:00:00,21.1,17.544922,none,0.0,0.0,13.684735,28.44,30.980516,999.9965,
55.89_37.5,2023-09-10 04:00:00,8.8,6.86954,none,0.0,0.0,9.83268,16.199999,95.36969,1001.82733,
55.89_37.51,2023-05-17 07:00:00,12.7,10.929093,none,0.0,0.0,6.8777895,15.119999,68.260895,1003.0311,
55.89_37.51,2023-07-13 12:00:00,16.3,13.608364,rain,0.2,0.0,20.892412,38.88,71.55911,985.3946,
55.89_37.51,2023-08-12 03:00:00,19.3,20.977545,none,0.0,0.0,6.2145634,24.84,87.93264,997.53827,
55.89_37.51,2023-08-25 19:00:00,13.3,11.582997,none,0.0,0.0,9.255571,10.799999,73.19005,995.78595,
55.89_37.53,2023-04-04 13:00:00,12.6,11.379741,none,0.0,1.0,2.4149535,17.64,60.68322,993.5159,
55.89_37.53,2023-04-16 11:00:00,7.6,3.208187,none,0.0,0.0,12.031756,25.199999,44.457367,1010.4222,
55.89_37.53,2023-05-24 18:00:00,20.3,20.697142,none,0.0,0.0,3.096837,9.72,61.66843,995.0944,
55.89_37.53,2023-06-02 14:00:00,23.3,20.913645,none,0.0,0.0,16.65754,35.28,38.165665,987.21234,
55.89_37.54,2023-06-02 22:00:00,15.0,14.964735,none,0.0,0.0,5.506941,11.5199995,84.73121,985.33325,
55.89_37.54,2023-06-13 17:00:00,20.8,17.262821,none,0.0,0.0,13.627795,28.08,31.668644,998.45447,
55.89_37.54,2023-07-25 17:00:00,22.35,22.696667,none,0.0,0.0,7.9036193,24.119999,61.33918,981.62964,
55.89_37.54,2023-08-22 10:00:00,18.55,18.232407,none,0.0,0.0,5.2416787,13.679999,63.32756,988.71796,
55.89_37.54,2023-09-03 21:00:00,15.2,14.269255,none,0.0,0.0,7.7879906,12.599999,74.26704,997.26587,
55.89_37.54,2023-09-12 17:00:00,16.45,15.8890705,none,0.0,0.0,5.3517847,12.24,68.79214,999.47424,
55.89_37.54,2023-09-25 16:00:00,16.7,14.7354145,none,0.0,0.0,10.948973,24.119999,58.810364,1008.82874,
55.89_37.55,2023-07-24 17:00:00,16.8,15.801538,rain,0.1,0.0,15.277749,38.16,82.484726,983.7139,
55.89_37.56,2023-04-10 00:00:00,4.6,1.1797905,none,0.0,0.0,8.161764,14.4,68.502464,1003.99756,
55.89_37.56,2023-07-31 13:00:00,24.0,23.62483,none,0.0,0.0,12.496719,25.56,46.55039,988.028,
55.89_37.56,2023-09-20 01:00:00,13.9,11.683679,none,0.0,0.0,13.779114,23.759998,73.29768,995.1371,
55.89_37.58,2023-07-23 21:00:00,14.75,13.719547,none,0.0,0.0,10.1376915,17.64,80.616356,988.43945,
55.89_37.58,2023-08-21 07:00:00,13.4,12.160833,none,0.0,0.0,11.570515,20.880001,87.98599,997.161,
55.89_37.59,2023-04-01 15:00:00,8.6,4.914316,none,0.0,3.0,10.239453,32.039997,52.991287,985.01154,
55.89_37.59,2023-04-02 15:00:00,9.4,5.1388063,none,0.0,1.0,18.998316,39.6,67.33319,991.0378,
55.89_37.59,2023-04-18 10:00:00,11.55,8.791831,none,0.0,0.0,8.825508,19.08,58.755775,1005.90094,
55.89_37.59,2023-04-19 19:00:00,9.7,5.580058,none,0.0,0.0,12.031756,19.8,45.071934,1005.5224,
55.89_37.59,2023-07-16 18:00:00,21.3,20.324461,none,0.0,0.0,12.620554,26.28,58.17819,995.1831,
55.89_37.59,2023-07-18 15:00:00,23.15,25.158066,none,0.0,0.0,2.9024127,23.759998,67.91449,984.1263,
55.89_37.6,2023-03-24 16:00:00,7.0,3.4588685,none,0.0,29.0,13.339445,23.759998,76.22781,982.9941,
55.89_37.6,2023-04-10 17:00:00,10.85,8.799531,rain,0.1,0.0,3.7064266,14.04,60.685272,1005.3981,
55.89_37.6,2023-05-04 20:00:00,11.75,8.60992,none,0.0,0.0,3.8268526,7.92,34.805027,1000.9153,
55.89_37.6,2023-05-10 07:00:00,6.9,3.9169827,none,0.0,0.0,6.9247384,14.759999,65.840034,1006.1335,
55.89_37.6,2023-05-26 14:00:00,23.75,23.483223,none,0.0,0.0,10.182337,23.4,45.11824,994.1476,
55.89_37.6,2023-09-02 20:00:00,16.2,17.304024,rain,1.0,0.0,5.3517847,11.879999,95.93164,999.1412,
55.89_37.6,2023-09-03 17:00:00,21.55,20.547419,none,0.0,0.0,5.815978,14.04,45.87707,1000.1043,
55.89_37.61,2023-04-04 08:00:00,6.95,4.8205423,none,0.0,0.0,6.989936,16.199999,90.48674,994.4993,
55.89_37.61,2023-06-04 18:00:00,13.95,9.484065,none,0.0,0.0,16.595179,34.92,39.830395,1000.87146,
55.89_37.61,2023-06-15 12:00:00,24.2,23.377602,none,0.0,0.0,12.522619,29.88,35.30401,999.1466,
55.89_37.61,2023-08-19 20:00:00,21.95,22.978321,none,0.0,0.0,6.12,10.799999,67.45728,1003.45557,
55.89_37.62,2023-03-27 19:00:00,4.95,1.550056,none,0.0,14.0,11.304229,21.24,82.68495,983.99646,
55.89_37.62,2023-09-14 11:00:00,18.6,16.905367,none,0.0,0.0,11.384199,25.199999,55.06435,1001.76495,
55.89_37.63,2023-09-15 14:00:00,19.4,17.105753,none,0.0,0.0,11.119281,26.28,45.74509,1002.07245,
55.89_37.64,2023-04-26 19:00:00,13.9,11.593951,none,0.0,0.0,10.464797,29.88,62.908638,985.88165,
55.89_37.65,2023-05-21 15:00:00,17.1,14.624527,none,0.0,0.0,10.990322,28.08,46.853916,1003.20355,
55.89_37.65,2023-06-19 15:00:00,22.05,19.698246,none,0.0,0.0,8.891344,21.96,26.371445,996.4735,
55.89_37.65,2023-06-25 19:00:00,21.65,21.519112,none,0.0,0.0,2.9024127,11.879999,50.572224,995.35425,
55.89_37.65,2023-08-17 16:00:00,26.25,27.133732,none,0.0,0.0,3.319036,11.159999,47.466995,1003.56134,
55.89_37.65,2023-09-09 16:00:00,15.65,12.234283,none,0.0,0.0,20.991426,40.32,63.09483,1002.77246,
55.89_37.66,2023-04-01 13:00:00,7.95,3.7706528,none,0.0,3.0,13.779114,28.44,55.987217,984.5658,
55.89_37.66,2023-04-12 22:00:00,7.6,4.1309605,none,0.0,0.0,9.0645685,15.84,57.96584,994.67395,
55.89_37.66,2023-07-18 11:00:00,24.9,27.528528,none,0.0,0.0,9.449572,24.84,70.64576,987.4515,
55.89_37.66,2023-08-04 23:00:00,18.6,19.665009,none,0.0,0.0,6.8399997,10.799999,84.84644,995.45264,
55.89_37.66,2023-08-31 11:00:00,20.9,20.09103,none,0.0,0.0,15.077082,31.319998,65.739555,998.1471,
55.89_37.66,2023-09-01 19:00:00,22.0,21.21814,none,0.0,0.0,12.10157,19.8,57.030987,995.49133,
55.89_37.67,2023-04-04 08:00:00,5.75,3.2322664,none,0.0,0.0,8.699793,15.84,93.940254,996.43146,
55.89_37.67,2023-05-21 17:00:00,16.75,13.464111,none,0.0,0.0,14.4,29.16,46.271137,1005.06604,
55.89_37.67,2023-07-08 04:00:00,16.85,17.93248,none,0.0,0.0,7.42159,14.759999,96.2578,997.0363,
55.89_37.67,2023-07-18 17:00:00,22.85,25.444551,none,0.0,0.0,0.8049845,13.679999,72.06081,983.8714,
55.89_37.67,2023-07-29 10:00:00,15.65,14.462677,rain,0.5,0.0,17.313717,33.12,90.50063,987.1215,
55.89_37.67,2023-08-04 11:00:00,25.6,26.83312,rain,0.1,0.0,16.800856,36.0,66.923676,993.8941,
55.89_37.67,2023-08-12 22:00:00,20.25,20.34734,rain,1.6,0.0,16.75064,32.399998,82.37895,996.68024,
55.89_37.67,2023-08-18 17:00:00,25.9,27.53879,none,0.0,0.0,11.720751,23.039999,65.539055,1004.7988,
55.89_37.67,2023-08-21 01:00:00,17.4,17.137098,none,0.0,0.0,12.229406,24.119999,83.63158,998.6084,
55.89_37.67,2023-09-04 12:00:00,21.2,20.542517,none,0.0,0.0,10.44,23.4,58.536053,1003.8994,
55.89_37.67,2023-09-20 07:00:00,14.55,12.215879,none,0.0,0.0,16.311613,29.16,74.65202,996.20593,
55.89_37.68,2023-06-22 18:00:00,25.55,22.628635,none,0.0,0.0,14.658676,31.319998,30.52549,996.6754,
55.89_37.68,2023-07-15 14:00:00,16.6,15.203804,rain,0.3,0.0,18.25026,34.92,84.08286,993.3804,
55.89_37.68,2023-08-02 21:00:00,19.8,21.509598,none,0.0,0.0,7.342588,12.24,87.69912,991.5324,
55.89_37.69,2023-08-02 09:00:00,21.35,23.259804,none,0.0,0.0,8.287822,19.8,83.55359,993.9834,
55.89_37.7,2023-04-04 03:00:00,4.85,2.1126013,none,0.0,0.0,9.360001,16.56,95.89399,996.8124,
55.89_37.71,2023-06-11 19:00:00,14.85,10.794513,none,0.0,0.0,15.141414,34.56,40.9643,1009.5712,
55.89_37.71,2023-08-21 02:00:00,16.4,16.507236,none,0.0,0.0,8.435069,20.519999,86.27053,999.13184,
55.89_37.72,2023-05-14 11:00:00,15.15,12.114834,none,0.0,0.0,13.797913,31.319998,49.149807,1005.396,
55.8_37.29,2023-07-28 19:00:00,18.15,17.466055,rain,0.4,0.0,13.979872,24.119999,77.48637,984.6618,
55.8_37.31,2023-04-04 11:00:00,11.8,10.24991,none,0.0,0.0,3.319036,15.119999,66.2182,996.30963,
55.8_37.31,2023-07-24 12:00:00,16.85,14.94434,rain,0.4,0.0,16.563911,33.839996,71.42527,990.20374,
55.8_37.31,2023-09-02 17:00:00,17.1,17.405699,rain,0.7,0.0,8.587338,22.319998,85.784584,999.4505,
55.8_37.32,2023-03-24 11:00:00,6.35,2.688096,rain,0.2,23.0,16.1198,27.359999,88.26094,985.1471,
55.8_37.32,2023-07-09 04:00:00,13.4,12.767048,none,0.0,0.0,6.9899354,10.799999,86.82887,996.4555,
55.8_37.33,2023-09-18 20:00:00,11.25,10.015436,none,0.0,0.0,7.2359104,11.879999,87.79421,1006.10114,
55.8_37.35,2023-07-07 16:00:00,26.1,26.211708,rain,0.1,0.0,16.766108,32.760002,58.02432,998.69653,
55.8_37.35,2023-08-27 09:00:00,13.5,13.748503,none,0.0,0.0,5.4119864,14.759999,98.38442,995.6758,
55.8_37.38,2023-06-03 13:00:00,8.1,4.59593,rain,1.1,0.0,17.87718,41.039997,89.332634,993.2565,
55.8_37.38,2023-06-24 04:00:00,14.6,13.064318,none,0.0,0.0,17.174677,30.239998,90.42665,991.02673,
55.8_37.38,2023-07-22 12:00:00,20.75,18.834593,none,0.0,0.0,19.829433,39.6,51.694477,992.29114,
55.8_37.38,2023-07-30 15:00:00,22.8,21.393421,rain,0.1,0.0,14.529915,34.2,49.064766,989.675,
55.8_37.38,2023-08-17 23:00:00,18.1,18.79818,none,0.0,0.0,6.4096174,9.36,81.587,1004.9912,
55.8_37.38,2023-08-31 10:00:00,21.25,20.631449,none,0.0,0.0,14.4,29.88,65.390015,997.7575,
55.8_37.38,2023-08-31 18:00:00,23.0,22.487751,none,0.0,0.0,12.783802,26.28,57.46176,997.7151,
55.8_37.39,2023-05-16 12:00:00,18.9,16.375696,none,0.0,0.0,17.373497,36.719997,38.220337,1003.378,
55.8_37.4,2023-04-11 20:00:00,7.15,4.283351,none,0.0,0.0,6.989936,9.72,68.29959,998.8386,
55.8_37.4,2023-04-16 16:00:00,12.05,7.102392,none,0.0,0.0,13.493999,28.08,25.986954,1009.9921,
55.8_37.4,2023-06-22 12:00:00,23.15,21.50076,none,0.0,0.0,10.495713,25.199999,36.973473,998.21454,
55.8_37.4,2023-07-05 12:00:00,23.25,22.649977,none,0.0,0.0,12.88981,27.72,55.870792,998.7768,
55.8_37.4,2023-07-12 22:00:00,13.1,10.255173,none,0.0,0.0,15.496736,27.359999,69.99422,989.1059,
55.8_37.4,2023-07-30 17:00:00,22.35,20.706558,none,0.0,0.0,14.003028,28.8,49.596725,988.9182,
55.8_37.4,2023-09-27 09:00:00,11.0,9.67849,none,0.0,0.0,6.725354,15.84,85.72234,1011.7617,
55.8_37.41,2023-04-21 18:00:00,11.95,8.22498,none,0.0,0.0,11.901798,25.56,46.55378,994.7272,
55.8_37.41,2023-05-02 08:00:00,8.75,5.697278,none,0.0,0.0,7.2359104,18.72,57.426468,1005.7121,
55.8_37.41,2023-05-04 06:00:00,4.8,2.129325,none,0.0,0.0,5.3517847,14.04,78.9133,1005.8155,
55.8_37.41,2023-08-08 14:00:00,25.75,27.463398,rain,0.1,0.0,6.379216,18.72,59.99294,991.5523,
55.8_37.42,2023-04-12 20:00:00,9.95,6.7236423,none,0.0,0.0,8.707238,12.599999,53.93626,998.6675,
55.8_37.42,2023-06-18 20:00:00,20.4,17.606794,none,0.0,0.0,16.08761,39.239998,45.712593,1001.06165,
55.8_37.42,2023-07-03 12:00:00,22.1,20.098064,none,0.0,0.0,23.491207,45.719997,49.03895,989.00543,
55.8_37.43,2023-05-22 15:00:00,18.4,17.901442,none,0.0,0.0,7.127636,21.599998,65.20489,1007.2616,
55.8_37.46,2023-03-27 08:00:00,1.65,-1.4833579,none,0.0,27.000002,8.404285,15.4800005,97.87397,978.67584,
55.8_37.46,2023-06-21 13:00:00,20.3,17.121096,none,0.0,0.0,14.917212,31.68,31.19219,999.35284,
55.8_37.46,2023-08-15 18:00:00,22.3,22.153864,none,0.0,0.0,10.028439,19.44,59.56802,1001.8033,
55.8_37.47,2023-07-24 17:00:00,17.45,16.121313,rain,0.1,0.0,16.575644,42.839996,77.12768,986.8776,
55.8_37.47,2023-09-10 15:00:00,17.35,16.647099,none,0.0,0.0,3.396233,20.16,58.770615,1002.8262,
55.8_37.47,2023-09-14 10:00:00,15.85,14.859598,none,0.0,0.0,7.9932966,18.359999,70.76481,1002.6528,
55.8_37.48,2023-04-13 20:00:00,9.8,3.6093273,none,0.0,0.0,25.809765,45.719997,43.3113,997.6755,
55.8_37.48,2023-04-26 05:00:00,9.5,7.0401316,rain,0.7,0.0,14.081477,23.759998,93.16312,983.11786,
55.8_37.48,2023-06-08 14:00:00,22.25,21.991526,none,0.0,0.0,7.289444,20.16,36.969395,998.4311,
55.8_37.48,2023-07-05 18:00:00,23.9,23.110765,none,0.0,0.0,12.261158,27.0,50.99983,998.30927,
55.8_37.48,2023-07-16 14:00:00,21.25,20.789513,rain,0.1,0.0,17.388409,32.399998,64.133835,995.1968,
55.8_37.49,2023-09-21 13:00:00,19.4,19.323942,none,0.0,0.0,10.182337,21.24,72.36305,999.2405,
55.8_37.5,2023-08-10 19:00:00,20.1,20.202196,none,0.0,0.0,8.707237,10.08,68.84139,1003.69385,
55.8_37.51,2023-03-23 22:00:00,4.7,-0.2640159,none,0.0,40.0,21.2522,32.039997,80.324036,988.0309,
55.8_37.51,2023-03-29 20:00:00,6.55,2.264,none,0.0,17.0,20.969807,37.8,89.51803,986.9911,
55.8_37.51,2023-04-08 14:00:00,11.4,7.8425207,none,0.0,0.0,11.457958,26.64,42.988697,1007.41394,
55.8_37.51,2023-05-16 13:00:00,18.95,15.938889,none,0.0,0.0,20.150354,37.079998,39.18123,1004.10175,
55.8_37.51,2023-08-17 17:00:00,26.25,27.074963,none,0.0,0.0,4.3498964,12.599999,48.240665,1004.1319,
55.8_37.51,2023-08-31 20:00:00,18.65,17.85226,none,0.0,0.0,11.988594,19.8,69.683235,995.30396,
55.8_37.51,2023-09-07 09:00:00,11.75,7.606161,none,0.0,0.0,22.26477,39.96,69.96695,1003.8132,
55.8_37.52,2023-03-27 01:00:00,1.85,-1.3743739,none,0.0,27.000002,9.028754,15.84,96.484604,979.0072,
55.8_37.52,2023-05-19 18:00:00,16.85,12.60339,none,0.0,0.0,16.215992,28.8,35.536568,1005.50256,
55.8_37.52,2023-06-06 17:00:00,19.75,15.760931,none,0.0,0.0,17.731598,29.519999,35.62177,999.488,
55.8_37.52,2023-08-24 15:00:00,16.6,15.060534,none,0.0,0.0,9.227524,25.919998,61.838562,994.29913,
55.8_37.52,2023-08-29 09:00:00,12.35,10.11878,none,0.0,0.0,11.720751,20.519999,74.778786,993.7634,
55.8_37.52,2023-09-14 08:00:00,13.8,12.7660885,none,0.0,0.0,6.618519,15.4800005,76.29566,1001.4136,
55.8_37.52,2023-09-14 21:00:00,13.2,11.158001,none,0.0,0.0,10.163227,15.119999,70.013916,999.60754,
55.8_37.53,2023-05-12 22:00:00,12.45,9.46145,none,0.0,0.0,8.669949,13.32,50.332417,1000.83154,
55.8_37.53,2023-05-14 01:00:00,9.45,6.5546656,none,0.0,0.0,10.308831,15.84,69.50622,1002.3973,
55.8_37.53,2023-05-24 17:00:00,20.6,20.219215,none,0.0,0.0,7.6367526,18.72,59.163654,996.3841,
55.8_37.53,2023-06-16 21:00:00,20.7,19.11067,none,0.0,0.0,10.799999,12.599999,49.9831,992.43115,
55.8_37.53,2023-08-28 18:00:00,17.1,16.52282,none,0.0,0.0,6.28713,7.2,67.78991,992.43024,
55.8_37.53,2023-09-04 05:00:00,10.5,9.57666,none,0.0,0.0,6.151683,9.36,95.75042,1000.6978,
55.8_37.53,2023-09-17 01:00:00,8.65,7.119528,none,0.0,0.0,3.2599385,6.8399997,82.005516,1008.9776,
55.8_37.53,2023-09-27 13:00:00,18.1,16.200577,none,0.0,0.0,12.0694,24.119999,57.009056,1011.0398,
55.8_37.54,2023-04-20 22:00:00,7.95,3.807002,none,0.0,0.0,11.269782,16.56,47.115982,999.298,
55.8_37.54,2023-06-24 22:00:00,13.45,12.877737,none,0.0,0.0,7.968939,9.72,90.34466,994.288,
55.8_37.54,2023-07-22 12:00:00,20.65,18.839582,none,0.0,0.0,19.8,34.92,54.49151,991.186,
55.8_37.54,2023-08-26 07:00:00,13.5,12.35029,none,0.0,0.0,7.4128532,14.4,77.798294,996.66516,
55.8_37.54,2023-09-01 12:00:00,25.5,25.138678,none,0.0,0.0,14.345898,27.359999,48.82594,995.71515,
55.8_37.55,2023-04-05 10:00:00,9.7,6.7296267,none,0.0,3.0,12.313894,23.759998,73.547615,999.1012,
55.8_37.55,2023-06-23 08:00:00,15.7,15.6666355,rain,0.1,0.0,6.638072,14.4,83.70683,989.5837,
55.8_37.55,2023-08-16 19:00:00,23.1,23.521555,none,0.0,0.0,7.386582,14.4,58.611637,1002.88293,
55.8_37.55,2023-08-23 13:00:00,19.4,17.763496,rain,0.1,0.0,18.919704,36.0,68.70266,987.8923,
55.8_37.55,2023-08-30 17:00:00,18.85,17.86716,none,0.0,0.0,9.0645685,15.84,60.726574,994.0776,
55.8_37.55,2023-09-03 15:00:00,21.75,20.60609,none,0.0,0.0,6.1305785,18.359999,44.26428,999.719,
55.8_37.55,2023-09-14 08:00:00,13.8,12.7660885,none,0.0,0.0,6.618519,15.4800005,76.29566,1000.345,
55.8_37.56,2023-04-12 22:00:00,6.85,3.4884262,none,0.0,0.0,9.746631,12.599999,67.023056,993.7737,
55.8_37.56,2023-05-23 14:00:00,19.4,17.419191,rain,0.2,0.0,18.837322,27.359999,64.14623,997.99866,
55.8_37.56,2023-06-17 08:00:00,21.0,20.686579,none,0.0,0.0,8.427383,18.0,59.84374,993.114,
55.8_37.56,2023-08-04 09:00:00,24.1,26.778582,none,0.0,0.0,9.511088,19.44,79.834816,989.8141,
55.8_37.57,2023-04-23 16:00:00,18.4,14.361885,none,0.0,0.0,11.609651,23.039999,25.926842,994.45636,
55.8_37.57,2023-05-17 18:00:00,22.6,19.309433,none,0.0,0.0,14.05845,24.84,31.626598,1000.7219,
55.8_37.57,2023-05-29 15:00:00,20.5,18.568153,none,0.0,0.0,9.686609,24.48,30.375143,999.06415,
55.8_37.57,2023-05-29 19:00:00,18.9,16.376688,none,0.0,0.0,9.387651,23.4,40.83767,998.83307,
55.8_37.57,2023-06-02 15:00:00,23.95,20.456064,none,0.0,0.0,19.083395,33.48,34.283855,986.48663,
55.8_37.57,2023-06-06 07:00:00,11.5,9.448101,none,0.0,0.0,9.72,18.72,76.700066,1001.0507,
55.8_37.57,2023-08-02 08:00:00,20.9,22.271568,none,0.0,0.0,10.883676,22.319998,84.02845,990.3973,
55.8_37.58,2023-04-05 01:00:00,3.15,0.35424328,none,0.0,4.0,7.342588,11.5199995,94.82204,996.7213,
55.8_37.58,2023-05-19 12:00:00,16.6,13.335131,none,0.0,0.0,18.014393,34.56,41.18017,1004.69995,
55.8_37.58,2023-07-04 16:00:00,25.25,23.26238,none,0.0,0.0,11.304229,22.319998,31.503315,995.81287,
55.8_37.58,2023-08-15 13:00:00,24.45,24.068867,none,0.0,0.0,17.906157,32.760002,55.987762,1000.2914,
55.8_37.58,2023-09-27 14:00:00,18.85,17.551533,none,0.0,0.0,6.28713,21.24,51.19003,1009.97015,
55.8_37.59,2023-06-17 16:00:00,26.6,23.981825,none,0.0,0.0,10.315115,19.44,25.958279,994.3729,
55.8_37.59,2023-07-22 19:00:00,19.3,17.533962,none,0.0,0.0,12.015589,18.72,54.508694,989.84937,
55.8_37.59,2023-08-04 01:00:00,19.9,21.536943,none,0.0,0.0,8.759178,14.04,88.81845,991.15546,
55.8_37.6,2023-03-31 10:00:00,2.55,-2.101661,none,0.0,16.0,15.484185,29.88,72.74629,987.05396,
55.8_37.61,2023-06-21 00:00:00,13.05,10.728371,none,0.0,0.0,8.913181,20.519999,61.85204,996.28314,
55.8_37.61,2023-08-04 07:00:00,22.5,25.13963,none,0.0,0.0,8.39657,17.28,85.78564,990.94415,
55.8_37.61,2023-08-25 10:00:00,16.3,15.155609,none,0.0,0.0,2.4149535,11.879999,53.730087,996.1854,
55.8_37.62,2023-03-29 10:00:00,6.6,1.1107326,rain,0.3,21.0,28.162954,45.0,84.65674,984.91345,
55.8_37.62,2023-03-31 11:00:00,2.55,-2.101661,none,0.0,16.0,15.484185,29.88,72.74629,986.567,
55.8_37.62,2023-05-25 15:00:00,19.85,19.961102,rain,0.9,0.0,10.041354,22.319998,72.443954,995.6142,
55.8_37.62,2023-05-29 16:00:00,20.5,17.111887,none,0.0,0.0,12.475961,22.68,32.03246,998.90356,
55.8_37.62,2023-07-16 16:00:00,22.3,20.756721,none,0.0,0.0,14.934577,27.0,52.273224,995.06805,
55.8_37.62,2023-08-15 01:00:00,16.75,17.390547,none,0.0,0.0,7.2,11.879999,89.708176,999.6483,
55.8_37.62,2023-08-27 18:00:00,18.7,18.33749,none,0.0,0.0,7.968939,12.599999,67.44936,990.2593,
55.8_37.63,2023-03-31 20:00:00,1.75,-1.4706368,rain,0.2,15.000001,8.049845,19.44,91.40995,983.95557,
55.8_37.64,2023-04-16 21:00:00,6.05,1.7906694,none,0.0,0.0,9.793059,17.64,43.501385,1008.9145,
55.8_37.64,2023-06-09 18:00:00,17.35,14.670975,none,0.0,0.0,16.946787,41.760002,58.770615,996.941,
55.8_37.64,2023-06-26 18:00:00,23.3,20.978903,none,0.0,0.0,11.885453,25.199999,36.890385,993.0873,
55.8_37.64,2023-08-04 20:00:00,23.4,24.366764,none,0.0,0.0,10.041354,17.28,66.896736,993.43567,
55.8_37.69,2023-08-07 17:00:00,27.4,25.97577,none,0.0,0.0,22.101183,42.839996,47.77515,993.95154,
55.8_37.7,2023-07-09 13:00:00,23.2,22.186663,none,0.0,0.0,12.245294,25.199999,47.733192,994.4774,
55.8_37.7,2023-07-12 17:00:00,16.0,12.883179,none,0.0,0.0,15.778516,32.039997,54.393364,990.2546,
55.8_37.71,2023-07-06 21:00:00,22.15,22.22253,none,0.0,0.0,10.296251,16.919998,62.896683,1000.387,
55.8_37.71,2023-07-10 17:00:00,17.35,14.333481,none,0.0,0.0,22.805367,45.719997,66.28536,993.1295,
55.8_37.71,2023-08-10 15:00:00,24.45,24.510551,none,0.0,0.0,5.7599998,20.880001,46.367287,1006.3529,
55.8_37.71,2023-08-21 12:00:00,19.15,17.77377,none,0.0,0.0,11.753876,27.72,55.204735,999.8393,
55.8_37.71,2023-08-31 19:00:00,21.05,20.32376,none,0.0,0.0,12.313894,21.96,61.438744,997.6866,
55.8_37.72,2023-04-18 13:00:00,13.85,11.498917,rain,0.1,0.0,6.924738,18.72,45.44962,1006.252,
55.8_37.72,2023-08-02 19:00:00,23.3,25.456882,none,0.0,0.0,6.1094027,15.84,73.513214,990.36597,
55.8_37.72,2023-08-03 15:00:00,28.45,28.79205,none,0.0,0.0,11.542478,29.519999,45.66219,991.7034,
55.8_37.72,2023-08-19 18:00:00,24.0,25.015783,none,0.0,0.0,7.5685663,12.959999,61.518787,1005.49023,
55.8_37.72,2023-08-28 16:00:00,19.35,18.17746,none,0.0,0.0,5.154415,16.919998,49.117702,994.2748,
55.8_37.72,2023-09-01 18:00:00,23.95,23.67232,none,0.0,0.0,10.30883,19.8,53.044544,997.55493,
55.8_37.73,2023-04-15 23:00:00,2.75,-2.1818008,none,0.0,0.0,12.429127,21.24,43.68513,1014.3739,
55.8_37.73,2023-06-01 08:00:00,15.9,13.493597,none,0.0,0.0,13.979872,28.44,61.884518,995.0817,
55.8_37.74,2023-08-01 17:00:00,25.4,25.379986,none,0.0,0.0,8.049845,15.84,48.013027,993.09607,
55.8_37.75,2023-04-02 10:00:00,7.65,3.205408,none,0.0,4.0,20.523155,38.16,76.87446,993.7973,
55.8_37.75,2023-05-04 20:00:00,11.85,8.7357645,none,0.0,0.0,4.3498964,7.5599995,36.69318,1003.6542,
55.8_37.75,2023-05-31 16:00:00,11.7,7.488385,rain,0.1,0.0,20.898613,41.039997,64.60827,995.1094,
55.8_37.75,2023-06-02 07:00:00,13.15,12.334673,none,0.0,0.0,3.6179552,12.24,75.42309,993.54834,
55.8_37.75,2023-07-01 23:00:00,17.2,16.538668,none,0.0,0.0,12.964998,21.96,80.420906,981.20984,
55.8_37.75,2023-07-24 10:00:00,18.8,17.117506,none,0.0,0.0,15.7908325,34.56,64.649765,991.8088,
55.8_37.75,2023-08-01 15:00:00,26.1,26.716589,none,0.0,0.0,5.8603754,16.919998,42.867794,992.3002,
55.8_37.77,2023-04-23 14:00:00,17.5,14.01416,none,0.0,0.0,11.770403,24.119999,35.72602,996.1474,
55.8_37.77,2023-04-27 16:00:00,18.65,15.786118,none,0.0,0.0,13.009903,28.08,43.99449,993.8833,
55.8_37.78,2023-03-31 15:00:00,5.35,1.1966977,none,0.0,1.0,13.392774,26.28,65.97107,986.3384,
55.8_37.78,2023-05-11 10:00:00,16.0,13.568142,none,0.0,0.0,9.585739,21.96,44.007004,1003.9352,
55.8_37.78,2023-08-15 18:00:00,23.55,23.06685,none,0.0,0.0,11.841756,27.0,54.51367,1002.44556,
55.8_37.78,2023-08-28 10:00:00,18.45,17.850168,none,0.0,0.0,4.829907,19.08,56.14687,993.4447,
55.8_37.78,2023-09-05 12:00:00,20.2,19.237745,none,0.0,0.0,8.707237,21.599998,53.300476,1005.6885,
55.8_37.78,2023-09-27 20:00:00,10.8,9.162618,none,0.0,0.0,8.891344,9.72,86.86879,1010.657,
55.8_37.79,2023-04-05 10:00:00,10.05,7.137781,none,0.0,0.0,11.988594,24.84,72.09392,1001.67377,
55.8_37.79,2023-04-27 20:00:00,13.95,12.092466,none,0.0,0.0,8.217153,12.599999,64.88671,992.1643,
55.8_37.79,2023-09-01 17:00:00,25.25,24.621742,none,0.0,0.0,10.799999,23.039999,46.58508,994.8163,
55.8_37.8,2023-04-03 21:00:00,7.1,5.2123165,rain,0.3,0.0,4.0249224,6.4799995,84.12391,994.5236,
55.8_37.8,2023-06-09 09:00:00,21.55,18.72827,none,0.0,0.0,20.620806,39.96,42.883167,995.6899,
55.8_37.8,2023-06-14 21:00:00,15.8,13.877197,none,0.0,0.0,9.085988,14.4,58.589787,998.36957,
55.8_37.8,2023-06-22 13:00:00,23.75,23.23466,none,0.0,0.0,10.8955765,25.199999,37.65119,996.3716,
55.8_37.8,2023-06-22 18:00:00,24.95,22.183578,none,0.0,0.0,15.277749,29.16,33.870285,993.8837,
55.8_37.8,2023-09-07 00:00:00,11.0,7.3609066,none,0.0,0.0,15.546833,27.359999,63.112034,998.96857,
55.8_37.8,2023-09-13 11:00:00,17.15,15.735514,none,0.0,0.0,8.0899935,20.519999,59.11898,1003.14813,
55.8_37.81,2023-03-27 13:00:00,8.75,5.0938063,rain,0.1,12.0,15.941944,34.92,74.409775,978.53345,
55.8_37.81,2023-05-03 21:00:00,10.1,6.9328737,none,0.0,0.0,8.759178,17.64,54.95317,1000.95135,
55.8_37.81,2023-05-14 13:00:00,16.05,12.442621,none,0.0,0.0,14.512064,30.960001,43.559235,1003.0916,
55.8_37.81,2023-07-05 17:00:00,24.45,22.880674,none,0.0,0.0,16.45007,35.28,47.75724,996.5996,
55.8_37.81,2023-09-23 14:00:00,23.25,19.431814,none,0.0,0.0,22.065973,43.199997,36.87614,1004.606,
55.8_37.82,2023-04-08 16:00:00,12.05,8.656513,none,0.0,0.0,7.386582,19.08,39.559853,1006.4579,
55.8_37.82,2023-04-24 15:00:00,19.05,15.232979,none,0.0,0.0,10.829959,26.64,26.299248,994.8489,
55.8_37.82,2023-05-10 12:00:00,15.15,11.924479,none,0.0,0.0,7.289445,19.08,34.911877,1004.4833,
55.8_37.82,2023-05-19 13:00:00,16.7,13.693237,none,0.0,0.0,17.015474,35.28,41.94109,1004.1567,
55.8_37.82,2023-07-30 15:00:00,22.6,21.057182,rain,0.1,0.0,14.05845,34.2,49.992798,986.28326,
55.8_37.82,2023-09-03 15:00:00,21.55,20.726646,none,0.0,0.0,6.0347,18.0,48.242012,1000.0693,
55.91_37.4,2023-06-30 06:00:00,13.85,13.625359,none,0.0,0.0,7.9526596,16.199999,94.30607,977.8912,
55.91_37.41,2023-05-18 04:00:00,9.1,7.0845366,none,0.0,0.0,8.473393,12.599999,86.406235,998.88324,
55.91_37.53,2023-04-29 02:00:00,3.7,-0.17608643,rain,1.5,0.0,15.124284,34.92,93.17911,992.91956,
55.91_37.53,2023-05-26 21:00:00,15.85,14.769493,none,0.0,0.0,8.209263,11.5199995,69.82758,992.80853,
55.91_37.53,2023-07-03 00:00:00,14.9,14.239775,none,0.0,0.0,7.2805495,11.159999,79.05247,980.73663,
55.91_37.54,2023-08-12 16:00:00,22.6,21.105173,none,0.0,0.0,25.071098,45.719997,67.37387,994.80743,
55.91_37.55,2023-05-18 13:00:00,24.85,23.237772,none,0.0,0.0,11.165805,26.28,28.997225,998.68744,
55.91_37.55,2023-06-25 16:00:00,23.15,22.058037,none,0.0,0.0,8.049845,18.72,38.12301,992.54663,
55.91_37.55,2023-09-22 09:00:00,18.7,19.471123,none,0.0,0.0,7.0911775,16.919998,80.88184,1001.56506,
55.91_37.56,2023-05-29 19:00:00,16.75,14.331362,none,0.0,0.0,9.346143,16.919998,48.237755,996.5023,
55.91_37.59,2023-05-30 17:00:00,20.8,17.96741,none,0.0,0.0,8.089993,16.199999,30.460539,995.5603,
55.92_37.38,2023-05-28 15:00:00,17.15,13.556162,none,0.0,0.0,15.580141,37.8,43.114086,995.1994,
55.92_37.39,2023-06-27 18:00:00,18.8,17.10074,none,0.0,0.0,12.6462,33.48,58.339806,987.56287,
55.92_37.54,2023-05-13 13:00:00,20.35,17.733343,none,0.0,0.0,17.555305,36.0,35.545742,999.54297,
55.92_37.54,2023-06-27 21:00:00,15.95,15.51721,none,0.0,0.0,5.0911684,11.5199995,72.44987,989.04285,
55.92_37.54,2023-07-06 10:00:00,24.25,25.602373,none,0.0,0.0,8.350138,20.16,60.40976,998.8238,
55.92_37.54,2023-07-27 01:00:00,16.65,17.380789,none,0.0,0.0,9.0,15.84,95.63966,982.52527,
55.92_37.54,2023-08-20 23:00:00,18.0,17.83282,none,0.0,0.0,13.527572,23.039999,84.51048,994.99207,
55.92_37.55,2023-09-06 09:00:00,16.55,14.547209,none,0.0,0.0,17.555307,32.039997,73.523094,992.4564,
55.93_37.35,2023-06-26 14:00:00,23.75,22.36881,none,0.0,0.0,13.084402,31.68,40.686516,991.8395,
55.93_37.38,2023-04-01 16:00:00,8.3,3.7316785,none,0.0,4.0,15.986595,32.399998,52.909466,983.492,
55.93_37.38,2023-09-24 10:00:00,17.85,15.530098,none,0.0,0.0,14.764389,29.88,57.52427,1001.02783,
55.93_37.55,2023-04-17 17:00:00,13.05,9.384543,none,0.0,0.0,7.386582,16.919998,31.838943,1004.35565,
55.93_37.55,2023-06-07 23:00:00,13.65,12.337738,none,0.0,0.0,7.208994,11.159999,73.50037,995.251,
55.93_37.55,2023-08-21 10:00:00,17.25,15.626766,none,0.0,0.0,13.044722,26.64,66.26415,995.3875,
55.93_37.55,2023-08-30 07:00:00,12.0,11.568296,none,0.0,0.0,6.0347,11.879999,96.43523,992.7917,
55.94_37.34,2023-08-06 15:00:00,29.8,30.305061,none,0.0,0.0,15.072783,30.599998,47.35476,995.3172,
55.94_37.36,2023-05-03 06:00:00,6.4,2.392209,rain,0.3,0.0,14.007655,26.64,68.38674,994.4676,
55.94_37.36,2023-05-21 18:00:00,16.05,12.548384,none,0.0,0.0,15.807239,30.960001,48.211094,1000.12756,
55.94_37.36,2023-07-15 12:00:00,15.55,14.242624,rain,0.5,0.0,16.79314,34.2,87.88706,988.0631,
55.94_37.36,2023-07-21 07:00:00,13.8,12.52594,none,0.0,0.0,10.24578,20.880001,81.56588,983.1748,
55.94_37.36,2023-08-14 14:00:00,21.9,21.105854,rain,0.1,0.0,20.833395,40.32,71.20733,995.59204,
55.94_37.53,2023-09-15 20:00:00,14.65,12.366009,none,0.0,0.0,13.779114,23.039999,68.65946,1000.04285,
55.94_37.55,2023-05-04 08:00:00,7.55,5.2054825,none,0.0,0.0,3.8268526,12.959999,68.1403,1001.30396,
55.95_37.34,2023-05-14 15:00:00,16.15,12.443411,none,0.0,0.0,13.0447235,28.44,38.369064,1000.81976,
55.95_37.35,2023-06-09 06:00:00,14.0,12.876513,none,0.0,0.0,10.990322,18.359999,85.1826,992.753,
55.95_37.35,2023-07-31 19:00:00,19.9,19.966043,none,0.0,0.0,7.968939,14.759999,67.91477,986.51825,
55.95_37.36,2023-04-27 11:00:00,17.95,16.683928,none,0.0,0.0,9.360001,23.039999,52.354828,988.87726,
55.95_37.41,2023-08-18 01:00:00,17.7,18.128878,none,0.0,0.0,6.725354,10.440001,80.48852,1001.38727,
55.96_37.34,2023-07-10 10:00:00,17.4,14.109304,none,0.0,0.0,24.29133,48.96,64.772095,987.72473,
55.97_37.15,2023-04-26 18:00:00,14.9,11.744673,none,0.0,0.0,14.4,38.16,54.293373,979.65356,
55.97_37.15,2023-04-29 15:00:00,12.45,8.320065,none,0.0,0.0,10.195057,33.839996,32.019875,992.2774,
55.97_37.17,2023-04-05 18:00:00,10.45,6.9063854,none,0.0,0.0,12.599998,29.88,57.860775,995.9147,
55.97_37.17,2023-06-06 12:00:00,17.4,14.323238,none,0.0,0.0,14.471821,31.319998,47.59026,995.43243,
55.97_37.17,2023-07-22 18:00:00,20.0,18.197699,none,0.0,0.0,11.304229,28.8,50.469246,986.37537,
55.97_37.17,2023-08-15 08:00:00,19.2,20.553738,rain,0.1,0.0,6.830519,15.84,85.45156,996.66675,
55.97_37.18,2023-06-03 16:00:00,7.35,2.5185595,rain,0.1,0.0,21.868332,45.0,73.11881,989.47534,
55.97_37.18,2023-08-30 20:00:00,15.35,14.633591,none,0.0,0.0,8.089993,14.04,77.82191,990.09106,
55.97_37.19,2023-07-21 10:00:00,18.05,16.543814,rain,0.1,0.0,11.525623,25.919998,61.555695,981.8087,
55.98_37.15,2023-03-30 21:00:00,-0.8,-4.7876115,none,0.0,6.0,9.931042,20.519999,85.354866,986.97565,
55.98_37.15,2023-05-02 08:00:00,6.7,4.012742,none,0.0,0.0,4.896529,14.04,66.74992,998.67993,
55.98_37.15,2023-05-13 20:00:00,16.65,14.362921,none,0.0,0.0,7.771331,27.72,47.05385,996.03394,
55.98_37.15,2023-07-05 15:00:00,24.8,22.934704,none,0.0,0.0,19.171478,39.6,43.64654,993.31287,
55.98_37.15,2023-08-23 21:00:00,13.95,13.732492,none,0.0,0.0,7.9036193,14.04,93.69616,986.107,
55.98_37.15,2023-09-05 23:00:00,14.15,12.667318,none,0.0,0.0,8.654987,14.4,71.87702,994.06616,
55.98_37.16,2023-04-10 16:00:00,10.85,8.319411,none,0.0,0.0,4.39436,11.5199995,52.273724,1000.0463,
55.98_37.16,2023-05-15 19:00:00,13.75,11.839203,none,0.0,0.0,7.754637,9.0,63.524254,996.5071,
55.98_37.16,2023-05-17 22:00:00,16.1,13.325298,none,0.0,0.0,10.8955765,20.880001,48.22496,995.36334,
55.98_37.16,2023-09-07 14:00:00,15.45,10.384464,none,0.0,0.0,24.312662,49.32,44.787685,998.7451,
55.98_37.16,2023-09-27 13:00:00,17.9,16.264065,none,0.0,0.0,9.793058,23.759998,56.76774,1004.56805,
55.98_37.17,2023-07-07 18:00:00,21.4,22.959585,rain,0.1,0.0,11.165805,29.16,84.08401,990.2256,
55.98_37.17,2023-07-14 15:00:00,17.8,17.298208,none,0.0,0.0,8.587338,18.359999,70.668785,984.6589,
55.98_37.17,2023-09-20 16:00:00,22.35,19.12342,none,0.0,0.0,21.924562,45.0,45.031303,990.61255,
55.98_37.18,2023-04-01 11:00:00,5.35,1.9448199,none,0.0,6.0,8.942214,21.96,69.15992,978.4189,
55.98_37.18,2023-06-12 20:00:00,15.95,12.233963,none,0.0,0.0,14.408997,34.92,41.8726,999.6774,
55.98_37.18,2023-07-07 22:00:00,18.95,21.115519,none,0.0,0.0,5.7599998,9.72,95.41445,989.79285,
55.98_37.18,2023-07-29 12:00:00,16.8,15.789524,rain,0.2,0.0,13.1041975,27.72,77.53237,980.67316,
55.98_37.18,2023-08-05 12:00:00,26.75,27.634193,none,0.0,0.0,11.298495,25.919998,48.529938,992.8643,
55.98_37.19,2023-05-28 02:00:00,8.15,4.3436203,none,0.0,0.0,16.418526,30.960001,75.35459,990.4494,
55.98_37.19,2023-06-13 17:00:00,20.7,17.411043,none,0.0,0.0,12.758432,28.8,32.77484,995.1813,
55.98_37.19,2023-07-06 18:00:00,27.15,26.755276,none,0.0,0.0,8.4963045,18.72,40.828445,991.87744,
55.98_37.19,2023-07-09 20:00:00,19.5,17.863152,none,0.0,0.0,12.620554,26.28,56.598804,984.48706,
55.98_37.21,2023-03-24 20:00:00,4.55,0.7239084,none,0.0,30.000002,13.684735,26.28,82.339195,980.9989,
55.98_37.21,2023-04-20 21:00:00,8.9,4.6385736,none,0.0,0.0,9.957108,25.199999,36.35827,995.18555,
55.98_37.21,2023-09-13 12:00:00,18.15,16.724058,none,0.0,0.0,9.659814,23.759998,55.134724,997.9912,
55.98_37.22,2023-06-05 19:00:00,14.25,12.307779,none,0.0,0.0,6.618519,19.08,58.005886,994.88086,
55.98_37.27,2023-05-02 23:00:00,7.3,2.7945313,none,0.0,0.0,14.345898,25.56,51.67519,995.77594,
55.99_37.15,2023-04-22 15:00:00,14.6,10.886488,none,0.0,0.0,9.531505,23.759998,33.379616,986.6514,
55.99_37.15,2023-08-14 11:00:00,19.5,19.201653,rain,0.2,0.0,18.014393,42.12,83.60547,991.99347,
55.99_37.16,2023-04-08 19:00:00,7.1,4.060425,none,0.0,0.0,6.489992,9.72,61.52184,999.8405,
55.99_37.17,2023-06-22 21:00:00,18.6,16.652502,none,0.0,0.0,12.303366,20.16,55.06435,989.2575,
55.99_37.17,2023-07-12 18:00:00,15.1,11.376878,none,0.0,0.0,19.61587,39.6,56.83543,982.9078,
55.99_37.19,2023-04-24 17:00:00,19.55,16.841774,none,0.0,0.0,4.32,21.96,27.514309,989.4594,
55.99_37.19,2023-07-24 14:00:00,17.3,14.614973,rain,0.5,0.0,23.000591,39.6,71.74482,981.5585,
55.99_37.19,2023-08-25 07:00:00,12.45,11.725741,none,0.0,0.0,2.9024127,12.959999,78.69262,991.40924,
55.99_37.21,2023-04-24 14:00:00,19.15,15.476685,none,0.0,0.0,13.049689,28.8,29.561975,991.1842,
55.99_37.22,2023-05-17 10:00:00,20.4,17.919014,none,0.0,0.0,14.081478,32.039997,33.978306,998.12683,
55.99_37.22,2023-05-22 02:00:00,8.25,6.472677,none,0.0,0.0,6.8399997,11.159999,91.51708,997.70026,
55.99_37.22,2023-06-08 12:00:00,20.1,20.062128,none,0.0,0.0,6.151683,18.72,44.252098,994.909,
55.99_37.22,2023-07-07 11:00:00,25.2,26.630602,none,0.0,0.0,13.479583,34.56,68.74809,990.68207,
55.99_37.22,2023-09-04 22:00:00,13.2,11.876963,none,0.0,0.0,8.891343,14.759999,80.135704,998.76526,
55.99_37.23,2023-04-27 08:00:00,12.0,10.701241,none,0.0,0.0,5.5887027,14.759999,77.30367,986.16064,
55.99_37.25,2023-06-27 15:00:00,22.7,19.589388,none,0.0,0.0,14.154915,33.12,33.462196,986.2764,
55.9_37.39,2023-04-25 20:00:00,12.65,9.6472025,none,0.0,0.0,11.183201,16.56,56.605145,985.0613,
55.9_37.39,2023-08-15 18:00:00,23.05,22.485434,none,0.0,0.0,11.435313,26.28,54.742462,999.4887,
55.9_37.4,2023-08-12 14:00:00,22.3,22.03408,rain,0.3,0.0,16.645864,32.399998,68.6135,994.7171,
55.9_37.4,2023-08-27 12:00:00,18.65,18.905323,rain,0.1,0.0,5.00128,14.4,70.13987,989.0083,
55.9_37.42,2023-04-28 09:00:00,11.6,10.211173,rain,0.1,0.0,8.766573,21.96,87.23829,989.4612,
55.9_37.42,2023-06-07 07:00:00,13.75,12.48296,none,0.0,0.0,8.217153,16.919998,76.54382,997.9815,
55.9_37.42,2023-07-24 14:00:00,16.05,14.189171,rain,0.2,0.0,17.462782,35.28,77.928085,985.7225,
55.9_37.43,2023-03-30 16:00:00,2.45,-2.0784054,none,0.0,6.0,15.408671,28.44,77.69545,988.93506,
55.9_37.52,2023-04-05 08:00:00,4.55,1.5088425,none,0.0,0.0,10.495713,21.24,93.224335,997.9283,
55.9_37.52,2023-07-14 07:00:00,13.45,12.454512,none,0.0,0.0,11.200571,18.72,91.24171,984.32367,
55.9_37.52,2023-09-18 05:00:00,9.15,6.830429,none,0.0,0.0,12.24,20.519999,92.2001,999.8207,
55.9_37.54,2023-03-27 19:00:00,3.35,0.1980257,none,0.0,20.0,8.766573,16.919998,87.990326,979.65924,
55.9_37.54,2023-04-26 09:00:00,10.55,7.732212,none,0.0,0.0,17.076298,35.28,88.62501,979.30615,
55.9_37.54,2023-09-20 18:00:00,20.45,17.747547,none,0.0,0.0,19.022177,36.36,51.78794,993.3304,
55.9_37.55,2023-04-05 15:00:00,12.4,8.674401,none,0.0,0.0,15.192682,26.28,54.779915,999.1174,
55.9_37.55,2023-05-13 18:00:00,20.0,16.106771,none,0.0,0.0,17.698677,32.760002,36.196667,998.4048,
55.9_37.55,2023-05-16 15:00:00,19.9,16.02107,none,0.0,0.0,17.595861,36.36,31.522915,1000.5445,
55.9_37.55,2023-06-09 09:00:00,21.55,18.424202,none,0.0,0.0,19.813087,38.519997,38.187668,993.50757,
55.9_37.55,2023-09-13 21:00:00,11.05,8.846952,none,0.0,0.0,10.587917,14.04,78.48303,999.2443,
55.9_37.55,2023-09-27 19:00:00,15.15,14.536547,none,0.0,0.0,2.8799999,3.2399998,67.84198,1007.64264,
55.9_37.56,2023-06-11 13:00:00,15.3,10.968306,none,0.0,0.0,18.089775,36.719997,37.03857,1006.4099,
55.9_37.56,2023-08-10 07:00:00,16.4,15.979774,none,0.0,0.0,10.587918,19.8,82.97395,999.7644,
55.9_37.56,2023-08-20 12:00:00,24.4,26.369705,rain,0.1,0.0,8.654986,26.28,70.55293,996.14246,
55.9_37.56,2023-09-01 19:00:00,20.3,19.372805,none,0.0,0.0,11.609651,18.72,60.66594,993.4057,
55.9_37.56,2023-09-16 00:00:00,13.05,12.612785,none,0.0,0.0,4.6102495,7.5599995,85.93414,1000.3676,
55.9_37.57,2023-03-25 17:00:00,6.3,3.2207775,none,0.0,22.0,12.984975,21.599998,92.34831,978.2165,
55.9_37.57,2023-06-02 18:00:00,19.4,18.477245,none,0.0,0.0,10.799999,17.64,62.68772,985.84955,
55.9_37.57,2023-09-15 08:00:00,11.2,9.893064,none,0.0,0.0,6.989936,12.599999,85.74321,1000.0277,
55.9_37.58,2023-07-10 17:00:00,17.25,13.939795,none,0.0,0.0,24.923338,45.0,66.927315,990.04736,
55.9_37.58,2023-07-11 17:00:00,15.5,12.101929,rain,0.1,0.0,20.780453,37.44,63.488827,988.88873,
55.9_37.58,2023-08-01 22:00:00,18.05,18.848476,none,0.0,0.0,7.172949,12.599999,84.78738,989.7914,
55.9_37.58,2023-08-29 15:00:00,16.6,15.709061,none,0.0,0.0,7.208994,16.199999,67.237816,993.21576,
55.9_37.59,2023-05-30 21:00:00,14.85,12.523788,none,0.0,0.0,8.714677,17.28,54.468452,993.0513,
55.9_37.59,2023-06-11 09:00:00,12.8,8.905506,none,0.0,0.0,14.693999,29.88,47.30025,1008.5791,
55.9_37.59,2023-06-28 03:00:00,13.65,13.460461,rain,0.1,0.0,4.6938257,7.2,87.42875,989.5767,
55.9_37.59,2023-07-02 17:00:00,21.8,19.945925,none,0.0,0.0,13.698934,35.64,48.47123,981.16406,
55.9_37.59,2023-07-07 17:00:00,22.9,24.507698,rain,2.0,0.0,13.1041975,28.44,80.16885,994.1753,
55.9_37.59,2023-08-06 17:00:00,29.45,30.403568,none,0.0,0.0,12.768586,25.919998,49.553623,996.553,
55.9_37.59,2023-08-16 02:00:00,15.85,15.665419,none,0.0,0.0,8.4963045,14.04,84.823746,1002.0576,
55.9_37.59,2023-08-29 12:00:00,14.4,13.008593,rain,0.1,0.0,10.144082,19.08,76.13806,993.31335,
55.9_37.6,2023-07-27 15:00:00,24.35,25.021225,none,0.0,0.0,9.085988,21.96,55.0693,987.1967,
55.9_37.61,2023-04-01 14:00:00,8.25,3.8063745,none,0.0,3.0,16.171976,32.760002,57.090748,986.8662,
55.9_37.61,2023-04-19 17:00:00,14.85,10.493155,none,0.0,0.0,13.513193,28.08,31.777771,1005.3868,
55.9_37.61,2023-04-27 09:00:00,14.05,12.791943,none,0.0,0.0,6.379216,16.56,70.41817,991.5228,
55.9_37.61,2023-05-02 10:00:00,10.0,6.9393206,none,0.0,0.0,7.9932976,20.519999,49.291687,1005.40845,
55.9_37.61,2023-05-17 11:00:00,21.35,19.507174,none,0.0,0.0,13.684735,30.599998,34.73127,1004.5689,
55.9_37.61,2023-07-07 20:00:00,19.7,21.983934,none,0.0,0.0,6.849467,12.24,94.55025,996.299,
55.9_37.61,2023-08-11 15:00:00,25.55,25.827415,rain,0.1,0.0,16.676977,37.44,61.286606,1002.84503,
55.9_37.62,2023-04-08 13:00:00,10.4,7.0179462,none,0.0,0.0,12.24,27.359999,50.487076,1008.1956,
55.9_37.62,2023-05-20 11:00:00,13.95,10.060982,rain,0.1,0.0,19.011953,38.519997,54.99329,1007.2188,
55.9_37.62,2023-06-25 18:00:00,22.5,20.954075,none,0.0,0.0,5.3999996,19.08,36.914234,996.75146,
55.9_37.62,2023-07-03 20:00:00,20.0,18.548647,none,0.0,0.0,9.565437,25.199999,51.66901,990.2952,
55.9_37.62,2023-07-06 19:00:00,26.6,27.2566,none,0.0,0.0,6.9153743,18.0,48.96048,999.3877,
55.9_37.62,2023-09-19 19:00:00,15.9,14.804678,none,0.0,0.0,12.661564,20.880001,79.71869,998.1587,
55.9_37.62,2023-09-27 17:00:00,17.8,18.022503,none,0.0,0.0,2.6208394,11.879999,68.60803,1010.6299,
55.9_37.63,2023-07-07 08:00:00,21.15,22.474722,none,0.0,0.0,13.905509,28.08,87.270905,996.59827,
55.9_37.63,2023-08-30 22:00:00,13.4,12.560753,none,0.0,0.0,8.089993,12.959999,85.96986,996.3267,
55.9_37.65,2023-06-02 17:00:00,21.7,19.652027,none,0.0,0.0,13.363711,43.56,46.072937,987.00323,
55.9_37.67,2023-08-07 10:00:00,26.9,26.110254,none,0.0,0.0,24.490585,45.719997,53.795105,994.8822,
55.9_37.68,2023-09-12 19:00:00,12.25,10.335007,none,0.0,0.0,9.726664,11.159999,75.784874,1003.7339,
56.01_37.2,2023-07-01 20:00:00,19.75,18.789955,none,0.0,0.0,14.4,28.08,67.44434,973.14777,
56.01_37.2,2023-08-15 09:00:00,20.7,22.081562,none,0.0,0.0,8.0899935,19.08,80.377464,995.30475,
56.01_37.21,2023-04-26 12:00:00,10.55,8.098363,rain,0.2,0.0,14.565548,30.599998,88.62501,976.5311,
56.0_37.16,2023-03-23 08:00:00,2.2,-2.592049,none,0.0,41.0,18.079027,33.839996,84.14521,986.54816,
56.0_37.16,2023-07-12 17:00:00,14.15,10.776981,none,0.0,0.0,18.947083,40.68,64.93092,983.02277,
56.0_37.19,2023-03-31 15:00:00,4.45,0.5409112,none,0.0,5.0,10.630672,23.4,64.81028,979.3547,
56.0_37.19,2023-04-25 06:00:00,6.05,3.045508,none,0.0,0.0,7.9932966,13.32,73.92772,988.02936,
56.0_37.19,2023-05-25 13:00:00,17.55,18.586395,rain,0.3,0.0,2.8116899,22.68,81.78035,990.1989,
56.0_37.19,2023-06-15 18:00:00,23.65,21.285751,none,0.0,0.0,11.090103,23.759998,34.5518,990.8488,
56.0_37.2,2023-08-02 20:00:00,21.35,22.91282,none,0.0,0.0,6.696387,13.679999,76.98732,982.8087,
56.0_37.21,2023-05-18 13:00:00,24.25,21.392998,none,0.0,0.0,11.885453,28.08,29.745983,995.0936,
56.0_37.21,2023-05-26 12:00:00,23.4,22.750973,none,0.0,0.0,10.661107,24.84,41.41455,989.3146,
56.0_37.21,2023-06-23 16:00:00,20.85,21.305067,rain,0.2,0.0,6.4096174,23.759998,65.942,985.2202,
56.0_37.21,2023-07-10 17:00:00,16.3,13.176931,none,0.0,0.0,23.023119,46.44,69.6835,986.3865,
56.0_37.22,2023-04-26 16:00:00,14.65,10.6370325,none,0.0,0.0,20.972897,42.12,56.917324,976.90656,
56.0_37.22,2023-09-26 17:00:00,15.65,14.687231,none,0.0,0.0,3.5455887,12.24,61.617065,1006.40405,
56.0_37.24,2023-05-28 12:00:00,15.5,12.475128,rain,0.1,0.0,16.311613,36.36,50.988792,992.65704,
56.0_37.24,2023-06-28 15:00:00,20.35,17.36465,none,0.0,0.0,18.947083,42.839996,48.564995,983.7649,
56.0_37.24,2023-06-29 19:00:00,16.45,16.723934,rain,3.4,0.0,5.5887027,29.88,82.173584,977.6772,
